customer_id,customer_number,first_name,last_name,full_name,gender,date_of_birth,email,phone_number,street_address,city,state_province,postal_code,country_code,country_name,region,preferred_language,customer_segment,loyalty_tier,registration_date,acquisition_year,customer_type,is_active,source_system,created_at,updated_at
46a13579-545e-42d3-97ee-5f8849d48b67,CUST-2019-CN-000486,飞,张,飞 张,Male,1964-04-17,user645.apple@icloud.com,15383756301,贵阳路J座,淑英县,哈尔滨市,972818,CN,China,GREATER_CHINA,Chinese,Consumer,Silver,2019-09-16,2019,RETURNING,True,MDM,2019-09-16,2026-04-17 15:58:36.667348
0fd85268-a7c7-478a-9a45-cd7f36fd80e1,CUST-2020-CN-000849,丹丹,李,丹丹 李,Male,1976-04-12,user513.apple@icloud.com,15367452647,成都街L座,合山县,宁县,146353,CN,China,GREATER_CHINA,Chinese,Consumer,None,2020-04-11,2020,RETURNING,True,MDM,2020-04-11 00:00:00,2026-04-17 15:58:36.667361
32820777-4eed-4f30-bee5-5177ece8f351,CUST-2019-CN-000380,琴,林,琴 林,Female,1961-10-02,user173.apple@yahoo.com,15512098950,张街T座,重庆县,秀荣市,395780,CN,China,GREATER_CHINA,Chinese,Consumer,Gold,2019-09-04,2019,RETURNING,True,MDM,2019-09-04,2026-04-17 15:58:36.667363
1d901306-d43c-4af3-bd06-c7efbf3276dd,CUST-2020-CN-000810,芳,罗,芳 罗,Male,1990-06-21,user962.apple@live.com,13203609010,宁德街D座,宜都县,旭县,864189,CN,China,GREATER_CHINA,Chinese,Consumer,None,2020-05-18,2020,RETURNING,True,MDM,2020-05-18 00:00:00,2026-04-17 15:58:36.667367
6ca4e12d-80a6-4ec3-977e-4d98923e0922,CUST-2019-CN-001805,晨,宋,晨 宋,Male,1976-02-18,user589.apple306@protonmail.com,18835551293,六盘水街h座,桂芝市,莉县,684589,CN,China,GREATER_CHINA,Chinese,Consumer,Gold,2019-08-26,2019,RETURNING,True,MDM,2019-08-26,2026-04-17 15:58:36.667368
3369d09b-5a34-4d63-a61f-a0885ce5d3f4,CUST-2019-CN-002696,坤,张,坤 张,Female,2007-11-28,user481.apple@zoho.com,18535678127,雷街W座,勇市,林县,878715,CN,China,GREATER_CHINA,Chinese,Consumer,None,2019-12-11,2019,RETURNING,True,MDM,2019-12-11,2026-04-17 15:58:36.667371
f86b8e29-6f81-449b-8990-96eabfd4fa50,CUST-2019-CN-002285,金凤,张,金凤 张,Male,1978-01-18,user609.apple@zoho.com,14547540545,合山路S座,柳县,关岭县,952338,CN,China,GREATER_CHINA,Chinese,Consumer,None,2019-09-30,2019,RETURNING,True,MDM,2019-09-30,2026-04-17 15:58:36.667373
3c049728-a33b-4953-ad28-9e9ab42d0fed,CUST-2020-CN-001080,浩,李,浩 李,Female,1986-12-01,user367.apple@live.com,18570061046,通辽街a座,西安县,广州市,758325,CN,China,GREATER_CHINA,Chinese,Consumer,Silver,2020-04-26,2020,RETURNING,True,MDM,2020-04-26 00:00:00,2026-04-17 15:58:36.667375
c7002ac4-d930-4c82-aa20-786a0f175803,CUST-2019-CN-000701,秀华,张,秀华 张,Male,1987-12-09,user312.apple@gmx.com,18997422377,六盘水街e座,红市,岩县,655381,CN,China,GREATER_CHINA,Chinese,Business,None,2019-12-04,2019,RETURNING,True,MDM,2019-12-04,2026-04-17 15:58:36.667377
92c83d5b-6dea-4619-ad34-4f902ba3373a,CUST-2020-CN-000541,欣,邓,欣 邓,Male,1954-08-03,user487.apple@yahoo.com,15610049149,上海路Y座,建国县,澳门县,298249,CN,China,GREATER_CHINA,Chinese,Consumer,Gold,2020-10-15,2020,RETURNING,True,MDM,2020-10-15 00:00:00,2026-04-17 15:58:36.667379
b8c8d15b-ee4e-4087-ad8d-01ceaa89c3cf,CUST-2020-CN-000487,佳,李,佳 李,Male,1993-10-06,user472.apple631@gmail.com,13075342610,潜江街b座,桂荣县,桂兰市,953803,CN,China,GREATER_CHINA,Chinese,Consumer,None,2020-01-10,2020,RETURNING,True,MDM,2020-01-10 00:00:00,2026-04-17 15:58:36.667381
d1e17e7f-7673-4898-9aeb-dbbac9479a91,CUST-2020-CN-001036,桂花,刘,桂花 刘,Male,2007-12-22,user346.apple583@yahoo.com,14562189704,姜路C座,永安市,哈尔滨县,901157,CN,China,GREATER_CHINA,Chinese,Consumer,Platinum,2020-11-19,2020,RETURNING,True,MDM,2020-11-19 00:00:00,2026-04-17 15:58:36.667382
10ae5bed-602e-4173-9f91-57fbe71948a4,CUST-2019-CN-002155,亮,马,亮 马,Female,1982-07-07,user497.apple708@gmx.com,13519571732,永安路K座,马鞍山市,淑珍市,107931,CN,China,GREATER_CHINA,Chinese,Education,Silver,2019-11-13,2019,RETURNING,True,MDM,2019-11-13,2026-04-17 15:58:36.667385
f1a85a14-48bb-4110-a318-d4cafff12415,CUST-2020-CN-000223,晶,陈,晶 陈,Female,1984-05-03,user516.apple513@hotmail.com,14770893424,颜路d座,桂兰市,澳门县,379332,CN,China,GREATER_CHINA,Chinese,Consumer,Silver,2020-12-13,2020,RETURNING,True,MDM,2020-12-13 00:00:00,2026-04-17 15:58:36.667386
8d566507-ffbe-4b87-bffa-2a045b43b915,CUST-2019-CN-002182,艳,乔,艳 乔,Male,2007-11-08,user312.apple969@mail.com,14579585722,韦路e座,哈尔滨市,莉县,514229,CN,China,GREATER_CHINA,Chinese,Consumer,None,2019-11-04,2019,RETURNING,True,MDM,2019-11-04,2026-04-17 15:58:36.667388
d3141121-d68c-4aa0-9c46-c2302eff2fca,CUST-2019-CN-000789,旭,陈,旭 陈,Female,1987-07-22,user679.apple@protonmail.com,15536730053,贺街x座,玉梅市,波县,983018,CN,China,GREATER_CHINA,Chinese,Consumer,None,2019-12-11,2019,RETURNING,True,MDM,2019-12-11,2026-04-17 15:58:36.667390
82f3ead3-d833-4d3c-b0dd-4e9346a04c52,CUST-2019-CN-000528,瑞,黄,瑞 黄,Male,1970-08-21,user323.apple@live.com,18193716280,荆门街E座,北镇市,丽丽市,450802,CN,China,GREATER_CHINA,Chinese,Business,Silver,2019-02-24,2019,RETURNING,True,MDM,2019-02-24,2026-04-17 15:58:36.667392
87bfaffa-98f3-4a1c-84f4-bbd0df080966,CUST-2019-CN-001613,玉兰,朱,玉兰 朱,Male,1957-08-03,user416.apple@gmail.com,18629924283,海门街i座,海燕县,龙市,391267,CN,China,GREATER_CHINA,Chinese,Consumer,Gold,2019-05-08,2019,RETURNING,True,MDM,2019-05-08,2026-04-17 15:58:36.667394
6f2706ed-4486-4cfc-bcd8-8d656ec25027,CUST-2019-CN-002980,波,赵,波 赵,Female,2002-03-27,user531.apple694@gmx.com,15974783533,北镇路l座,桂珍市,勇市,619666,CN,China,GREATER_CHINA,Chinese,Consumer,Platinum,2019-07-17,2019,RETURNING,True,MDM,2019-07-17,2026-04-17 15:58:36.667395
c5c21c08-9a1f-43de-95a8-df9d274182f7,CUST-2019-CN-002450,凤英,阎,凤英 阎,Male,1987-04-26,user959.apple@msn.com,15579727845,张街T座,云县,兴安盟市,934365,CN,China,GREATER_CHINA,Chinese,Consumer,Platinum,2019-11-18,2019,RETURNING,True,MDM,2019-11-18,2026-04-17 15:58:36.667397
2b096667-99a5-4540-ac85-bcdc81606f59,CUST-2019-CN-002144,建平,蔡,建平 蔡,Female,1977-03-15,user249.apple@gmx.com,18170176970,沈阳街M座,通辽市,巢湖市,392278,CN,China,GREATER_CHINA,Chinese,Consumer,Gold,2019-05-29,2019,RETURNING,True,MDM,2019-05-29,2026-04-17 15:58:36.667398
86b3ea21-00d2-41e3-a2bf-dd614ab5b529,CUST-2019-CN-000660,静,冯,静 冯,Male,1964-08-29,user650.apple@hotmail.com,18125465092,柳州街S座,梅县,建国县,274850,CN,China,GREATER_CHINA,Chinese,Business,Silver,2019-11-11,2019,RETURNING,True,MDM,2019-11-11,2026-04-17 15:58:36.667400
c70df782-6281-43f5-b3cd-73aa14d8b8c3,CUST-2019-CN-000390,岩,黄,岩 黄,Female,1957-08-09,user724.apple@gmail.com,15881943188,石家庄街w座,龙市,桂荣县,329204,CN,China,GREATER_CHINA,Chinese,Business,None,2019-07-20,2019,RETURNING,True,MDM,2019-07-20,2026-04-17 15:58:36.667402
e13fb00c-e450-49dd-b5a6-a5a396aba2b4,CUST-2019-CN-000461,建,张,建 张,Female,1986-08-29,user180.apple@outlook.com,18503866993,南昌街W座,福州县,敏市,987527,CN,China,GREATER_CHINA,Chinese,Consumer,Platinum,2019-11-21,2019,RETURNING,True,MDM,2019-11-21,2026-04-17 15:58:36.667403
1c983214-46ef-4b4c-8076-9da4bb5a5b21,CUST-2019-CN-000210,娜,龙,娜 龙,Male,1979-03-02,user142.apple694@hotmail.com,15708878253,六安路J座,斌市,雪县,418636,CN,China,GREATER_CHINA,Chinese,Consumer,Gold,2019-09-20,2019,RETURNING,True,MDM,2019-09-20,2026-04-17 15:58:36.667406
c3734b95-7f9d-48c5-8230-96ae3ff1244e,CUST-2019-CN-002402,龙,左,龙 左,Female,1988-05-10,user326.apple963@msn.com,18700542299,杨路J座,辛集市,璐县,301720,CN,China,GREATER_CHINA,Chinese,Consumer,None,2019-01-01,2019,RETURNING,True,MDM,2019-01-01,2026-04-17 15:58:36.667408
e04a8a71-88e5-4381-b719-9a431c02f537,CUST-2020-CN-000915,艳,王,艳 王,Female,1962-04-26,user435.apple884@hotmail.com,13655490145,姚街s座,淑英市,军县,819363,CN,China,GREATER_CHINA,Chinese,Consumer,Silver,2020-11-30,2020,RETURNING,True,MDM,2020-11-30 00:00:00,2026-04-17 15:58:36.667410
bb0522d1-42dd-4378-be5d-4228b2dc6487,CUST-2019-CN-002641,莹,萧,莹 萧,Female,1975-12-17,user139.apple@hotmail.com,15828866915,重庆路M座,晨市,梧州市,183943,CN,China,GREATER_CHINA,Chinese,Consumer,None,2019-09-27,2019,RETURNING,True,MDM,2019-09-27,2026-04-17 15:58:36.667412
3637a22a-58c2-4d9c-afae-45774b1e4957,CUST-2020-CN-000624,建国,郭,建国 郭,Male,2003-08-05,user432.apple@aol.com,13131063472,贾街J座,潮州县,慧市,457747,CN,China,GREATER_CHINA,Chinese,Education,None,2020-03-20,2020,RETURNING,True,MDM,2020-03-20 00:00:00,2026-04-17 15:58:36.667414
8444604e-e3e2-4384-ae51-73f88e5ce4b6,CUST-2019-CN-002401,秀珍,夏,秀珍 夏,Female,1988-10-23,user501.apple@live.com,15773160946,郑州路G座,建华市,岩市,232877,CN,China,GREATER_CHINA,Chinese,Business,Gold,2019-09-13,2019,RETURNING,True,MDM,2019-09-13,2026-04-17 15:58:36.667416
40135f8e-b222-4a4c-82d7-4881be205e1d,CUST-2019-CN-000028,秀兰,张,秀兰 张,Male,1961-03-08,user572.apple@protonmail.com,15832105290,陈路G座,璐市,秀珍市,608555,CN,China,GREATER_CHINA,Chinese,Consumer,Silver,2019-12-07,2019,RETURNING,True,MDM,2019-12-07,2026-04-17 15:58:36.667417
65e374b2-7fc3-4544-aa45-68d6b46cc1ef,CUST-2019-CN-001799,凯,徐,凯 徐,Male,1974-12-11,user890.apple@protonmail.com,13479652820,六盘水路M座,石家庄市,辉县,743351,CN,China,GREATER_CHINA,Chinese,Consumer,Platinum,2019-04-25,2019,RETURNING,True,MDM,2019-04-25,2026-04-17 15:58:36.667423
13e76a2a-c94c-4e8e-bfbf-b5369fef575a,CUST-2019-CN-001672,雪,王,雪 王,Female,1978-08-26,user392.apple@gmx.com,13933969591,西安路p座,贵阳市,台北市,800535,CN,China,GREATER_CHINA,Chinese,Consumer,None,2019-12-13,2019,RETURNING,True,MDM,2019-12-13,2026-04-17 15:58:36.667425
d41ae583-e2fe-4f0c-a752-b94c3f0bbfd9,CUST-2020-CN-000615,玉梅,孙,玉梅 孙,Female,1982-03-08,user209.apple@aol.com,18808449439,长沙路Y座,艳县,昆明县,633715,CN,China,GREATER_CHINA,Chinese,Consumer,None,2020-11-03,2020,RETURNING,True,MDM,2020-11-03 00:00:00,2026-04-17 15:58:36.667427
ab5739b2-c329-41c1-822b-b3d70844e6cc,CUST-2019-CN-002580,春梅,金,春梅 金,Male,2008-03-07,user694.apple@mail.com,15567897967,佛山路F座,红梅市,明市,403142,CN,China,GREATER_CHINA,Chinese,Consumer,Platinum,2019-01-24,2019,RETURNING,True,MDM,2019-01-24,2026-04-17 15:58:36.667429
f667b031-c60b-47fe-a77e-761ff4880f1a,CUST-2020-CN-000843,成,刘,成 刘,Female,2002-08-25,user315.apple453@gmail.com,18121089942,长春街P座,阜新县,芳县,708999,CN,China,GREATER_CHINA,Chinese,Consumer,None,2020-09-28,2020,RETURNING,True,MDM,2020-09-28 00:00:00,2026-04-17 15:58:36.667431
9d809cd0-1d3d-4fad-8a37-e863d18118c1,CUST-2019-CN-000086,建,王,建 王,Female,1999-07-24,user706.apple700@gmail.com,18764974164,段路F座,建市,呼和浩特县,975846,CN,China,GREATER_CHINA,Chinese,Consumer,None,2019-09-30,2019,RETURNING,True,MDM,2019-09-30,2026-04-17 15:58:36.667433
1583583e-1f4e-475c-9d1c-39454060ee0b,CUST-2019-CN-001876,红,胡,红 胡,Male,1966-08-18,user742.apple@live.com,15277954963,兰州路O座,峰县,丽丽市,194811,CN,China,GREATER_CHINA,Chinese,Consumer,None,2019-06-13,2019,RETURNING,True,MDM,2019-06-13,2026-04-17 15:58:36.667435
6b998c5f-496b-40d8-98ea-2769407138e6,CUST-2020-CN-000407,勇,钱,勇 钱,Female,1995-01-27,user946.apple@gmx.com,14570140375,曹路U座,艳县,澳门市,162496,CN,China,GREATER_CHINA,Chinese,Education,Gold,2020-04-14,2020,RETURNING,True,MDM,2020-04-14 00:00:00,2026-04-17 15:58:36.667437
958760b5-1d51-49c6-95c9-ba0336bfffc7,CUST-2019-CN-002671,旭,朱,旭 朱,Male,1962-07-30,user978.apple988@mail.com,18802131238,东莞路s座,红县,南昌县,746890,CN,China,GREATER_CHINA,Chinese,Consumer,Silver,2019-05-26,2019,RETURNING,True,MDM,2019-05-26,2026-04-17 15:58:36.667438
5cf876fe-da6c-4009-88cb-39c0bc1d5f73,CUST-2019-CN-001111,志强,商,志强 商,Female,1986-02-19,user895.apple@gmx.com,13029445498,曹路r座,南宁县,马鞍山县,169634,CN,China,GREATER_CHINA,Chinese,Business,Platinum,2019-01-31,2019,RETURNING,True,MDM,2019-01-31,2026-04-17 15:58:36.667440
3f441136-ab97-40e9-8cd3-15807c84282c,CUST-2019-CN-001151,桂英,谭,桂英 谭,Female,1956-01-12,user215.apple@yahoo.com,14588242357,银川路e座,太原市,太原县,901532,CN,China,GREATER_CHINA,Chinese,Consumer,Gold,2019-02-05,2019,RETURNING,True,MDM,2019-02-05,2026-04-17 15:58:36.667442
872e6764-bc96-477e-92e3-5c1fd94d3145,CUST-2020-CN-000910,文,解,文 解,Male,1997-04-17,user633.apple870@gmx.com,13037223666,王街L座,贵阳县,丽县,394088,CN,China,GREATER_CHINA,Chinese,Consumer,Silver,2020-09-01,2020,RETURNING,True,MDM,2020-09-01 00:00:00,2026-04-17 15:58:36.667443
6ff9270f-f4b0-4958-b89f-6b010994a19b,CUST-2019-CN-001376,华,吴,华 吴,Male,1987-02-08,user532.apple@mail.com,15653066124,大冶路i座,淑兰市,桂芳市,541280,CN,China,GREATER_CHINA,Chinese,Consumer,Platinum,2019-05-02,2019,RETURNING,True,MDM,2019-05-02,2026-04-17 15:58:36.667445
d97d81c2-3b68-44fe-87b6-f17adf8fd1c9,CUST-2019-CN-000612,璐,曹,璐 曹,Male,1974-10-20,user708.apple535@live.com,14585098982,海门路c座,东莞县,秀英市,472053,CN,China,GREATER_CHINA,Chinese,Education,None,2019-01-24,2019,RETURNING,True,MDM,2019-01-24,2026-04-17 15:58:36.667447
4013bb40-8bde-42b5-bc74-219797769341,CUST-2019-CN-001222,秀英,邓,秀英 邓,Male,1958-06-11,user260.apple75@gmx.com,15952001146,成都街O座,武汉市,哈尔滨县,516155,CN,China,GREATER_CHINA,Chinese,Consumer,Gold,2019-02-19,2019,RETURNING,True,MDM,2019-02-19,2026-04-17 15:58:36.667449
2e550a7f-f998-4723-b6b8-6060e4c10d59,CUST-2020-CN-000160,凤兰,李,凤兰 李,Female,1983-01-01,user366.apple@yahoo.com,13923277710,蒙路S座,重庆市,琳县,126004,CN,China,GREATER_CHINA,Chinese,Consumer,Platinum,2020-03-08,2020,RETURNING,True,MDM,2020-03-08 00:00:00,2026-04-17 15:58:36.667451
fcba08ee-1e57-404c-b237-092384e1e673,CUST-2019-CN-001139,玉英,陈,玉英 陈,Female,1980-04-27,user911.apple871@hotmail.com,13875443728,宁德街A座,北镇市,丽华市,155101,CN,China,GREATER_CHINA,Chinese,Consumer,Silver,2019-03-08,2019,RETURNING,True,MDM,2019-03-08,2026-04-17 15:58:36.667453
1cec7748-8c0b-4115-bfd4-e04ac2c4015a,CUST-2019-CN-002515,旭,耿,旭 耿,Male,1985-10-14,user464.apple@live.com,13197045230,深圳路N座,秀兰市,南京县,990989,CN,China,GREATER_CHINA,Chinese,Business,None,2019-01-02,2019,RETURNING,True,MDM,2019-01-02,2026-04-17 15:58:36.667455
62e9db40-3d03-4deb-823a-4d120841d0c7,CUST-2019-CN-000036,畅,秦,畅 秦,Male,1967-10-07,user371.apple637@yahoo.com,14571855560,吴街C座,伟市,海口市,138242,CN,China,GREATER_CHINA,Chinese,Consumer,Gold,2019-10-09,2019,RETURNING,True,MDM,2019-10-09,2026-04-17 15:58:36.667456
14e2ecb7-8d59-4665-a35f-7ad5d4c76c6c,CUST-2019-CN-000269,雷,许,雷 许,Male,1983-02-16,user237.apple@gmx.com,14527616751,齐齐哈尔街A座,晶市,成县,427123,CN,China,GREATER_CHINA,Chinese,Education,None,2019-10-31,2019,RETURNING,True,MDM,2019-10-31,2026-04-17 15:58:36.667458
25d7ea40-4ee6-42cd-8187-2bc7d3f0bba6,CUST-2019-CN-002481,辉,方,辉 方,Female,1950-12-11,user927.apple@outlook.com,18867098464,兰州街q座,金凤县,长沙市,407865,CN,China,GREATER_CHINA,Chinese,Consumer,Gold,2019-07-10,2019,RETURNING,True,MDM,2019-07-10,2026-04-17 15:58:36.667460
01c6e65f-7685-4aaa-8b71-8efe3e8a8bd2,CUST-2019-CN-002096,红霞,杨,红霞 杨,Female,2006-04-22,user200.apple@hotmail.com,13742486895,巢湖街k座,重庆市,六盘水县,267073,CN,China,GREATER_CHINA,Chinese,Business,Gold,2019-12-02,2019,RETURNING,True,MDM,2019-12-02,2026-04-17 15:58:36.667461
62339532-4ec0-42a6-8c62-e4669bb2149a,CUST-2020-CN-000014,俊,陈,俊 陈,Female,1954-03-03,user692.apple@mail.com,13530433950,淮安街M座,峰县,上海县,572939,CN,China,GREATER_CHINA,Chinese,Consumer,Gold,2020-01-04,2020,RETURNING,True,MDM,2020-01-04 00:00:00,2026-04-17 15:58:36.667463
7cd90f1f-790c-44a2-a27b-b526112bf662,CUST-2019-CN-002837,丽丽,曹,丽丽 曹,Female,1958-09-14,user993.apple@protonmail.com,18120500000,昆明路s座,巢湖县,帆市,228077,CN,China,GREATER_CHINA,Chinese,Consumer,Silver,2019-08-31,2019,RETURNING,True,MDM,2019-08-31,2026-04-17 15:58:36.667469
cb148db1-0dfd-4e04-b3f0-02f918225391,CUST-2020-CN-000534,红霞,李,红霞 李,Female,1978-12-15,user665.apple698@outlook.com,15568760855,章路W座,杭州县,敏市,629493,CN,China,GREATER_CHINA,Chinese,Consumer,None,2020-02-28,2020,RETURNING,True,MDM,2020-02-28 00:00:00,2026-04-17 15:58:36.667471
92ca8afe-98e0-431a-a208-4c727cb35d5d,CUST-2019-CN-000631,洋,鲁,洋 鲁,Female,1961-01-26,user554.apple193@mail.com,14548121900,梧州路y座,哈尔滨县,林市,298955,CN,China,GREATER_CHINA,Chinese,Consumer,None,2019-01-06,2019,RETURNING,True,MDM,2019-01-06,2026-04-17 15:58:36.667472
38b1bc01-847b-4b91-b3d7-332a3140753b,CUST-2019-CN-002040,帅,林,帅 林,Male,1989-01-06,user573.apple@mail.com,18984729556,周路n座,璐县,沈阳市,958675,CN,China,GREATER_CHINA,Chinese,Consumer,None,2019-12-17,2019,RETURNING,True,MDM,2019-12-17,2026-04-17 15:58:36.667474
eff67032-ddc6-42fc-beaa-220eac0ac387,CUST-2019-CN-000962,峰,范,峰 范,Female,1956-04-11,user111.apple@yahoo.com,13495842312,李路Q座,海燕县,金凤市,919979,CN,China,GREATER_CHINA,Chinese,Consumer,Silver,2019-07-15,2019,RETURNING,True,MDM,2019-07-15,2026-04-17 15:58:36.667476
7cf32a9f-6e40-46be-a404-038c37f360c6,CUST-2019-CN-000468,平,李,平 李,Male,1998-01-05,user635.apple@aol.com,18055124942,西安路e座,郑州县,永安市,182276,CN,China,GREATER_CHINA,Chinese,Consumer,Gold,2019-03-15,2019,RETURNING,False,MDM,2019-03-15,2026-04-17 15:58:36.667477
716c50ef-c8f3-4fc7-8ac7-8d39d264cc13,CUST-2020-CN-000928,桂兰,莫,桂兰 莫,Male,1981-06-02,user371.apple738@msn.com,15785410365,诸路y座,汕尾县,南昌市,500548,CN,China,GREATER_CHINA,Chinese,Consumer,Silver,2020-04-12,2020,RETURNING,True,MDM,2020-04-12 00:00:00,2026-04-17 15:58:36.667493
47afa0f2-2d6b-4fac-bd9a-1a0499028f8b,CUST-2019-CN-001584,兰英,林,兰英 林,Female,1958-09-30,user543.apple335@outlook.com,15944482447,荆门街k座,刚市,宁市,210798,CN,China,GREATER_CHINA,Chinese,Consumer,None,2019-12-01,2019,RETURNING,True,MDM,2019-12-01,2026-04-17 15:58:36.667498
593771ac-5dc1-4928-ad1f-679d46257113,CUST-2019-CN-002322,婷婷,任,婷婷 任,Male,1993-03-30,user705.apple972@gmx.com,18196487859,呼和浩特街o座,丽丽县,柳州县,129733,CN,China,GREATER_CHINA,Chinese,Consumer,Gold,2019-11-16,2019,RETURNING,True,MDM,2019-11-16,2026-04-17 15:58:36.667501
0665d3e6-6979-4482-b436-7f9b7c742eb7,CUST-2020-CN-000102,淑珍,张,淑珍 张,Male,2005-02-13,user107.apple@zoho.com,18246227172,钟街v座,台北市,婷婷市,243607,CN,China,GREATER_CHINA,Chinese,Consumer,None,2020-06-08,2020,RETURNING,True,MDM,2020-06-08 00:00:00,2026-04-17 15:58:36.667503
48965fc3-5969-41fb-b37f-801ae5db4797,CUST-2020-CN-000497,柳,董,柳 董,Female,1997-03-17,user157.apple@aol.com,15954083147,关岭路H座,柳市,天津县,510752,CN,China,GREATER_CHINA,Chinese,Consumer,Gold,2020-06-10,2020,RETURNING,True,MDM,2020-06-10 00:00:00,2026-04-17 15:58:36.667505
2b239902-2de1-438f-a1b2-682831d1c0c9,CUST-2019-CN-000925,桂兰,雷,桂兰 雷,Female,2006-06-08,user299.apple119@aol.com,14523502446,哈尔滨路u座,宜都市,重庆市,258325,CN,China,GREATER_CHINA,Chinese,Consumer,Gold,2019-08-04,2019,RETURNING,True,MDM,2019-08-04,2026-04-17 15:58:36.667507
6e820b2a-3266-47dc-9fb5-cc9558f922de,CUST-2020-CN-001075,慧,张,慧 张,Male,1981-10-24,user272.apple508@gmx.com,13772750251,潜江路y座,梅市,淑兰县,169719,CN,China,GREATER_CHINA,Chinese,Consumer,None,2020-07-30,2020,RETURNING,True,MDM,2020-07-30 00:00:00,2026-04-17 15:58:36.667510
a200131b-bc01-43c9-b1cc-8dcd20abff8e,CUST-2019-CN-001981,慧,卢,慧 卢,Male,1955-07-03,user340.apple@icloud.com,13772088416,王街s座,合肥市,合肥市,293913,CN,China,GREATER_CHINA,Chinese,Consumer,None,2019-01-06,2019,RETURNING,True,MDM,2019-01-06,2026-04-17 15:58:36.667516
68893a74-8814-4ecf-85cf-2417c6a2009a,CUST-2019-CN-001191,超,彭,超 彭,Male,1965-08-14,user773.apple217@protonmail.com,15116728965,苏路X座,博市,瑞市,364197,CN,China,GREATER_CHINA,Chinese,Consumer,Silver,2019-11-02,2019,RETURNING,True,MDM,2019-11-02,2026-04-17 15:58:36.667517
4fb18aed-745b-4d91-b3ec-9e727e27491f,CUST-2019-CN-002488,建军,黄,建军 黄,Female,1983-02-17,user113.apple@icloud.com,18153657527,张家港街x座,晶县,南宁市,855521,CN,China,GREATER_CHINA,Chinese,Consumer,Silver,2019-12-23,2019,RETURNING,True,MDM,2019-12-23,2026-04-17 15:58:36.667519
bc95c130-c814-48da-a818-878c215e3b4e,CUST-2019-CN-000349,文,刘,文 刘,Male,1989-07-12,user952.apple977@gmx.com,15268870138,银川路E座,建国县,小红县,341303,CN,China,GREATER_CHINA,Chinese,Consumer,None,2019-07-27,2019,RETURNING,True,MDM,2019-07-27,2026-04-17 15:58:36.667521
5a530925-841e-4cd9-91bb-14818bb744ee,CUST-2019-CN-002067,利,刘,利 刘,Female,1972-05-23,user849.apple@protonmail.com,13903025115,谢路h座,婷县,天津市,997979,CN,China,GREATER_CHINA,Chinese,Consumer,None,2019-09-28,2019,RETURNING,False,MDM,2019-09-28,2026-04-17 15:58:36.667523
650bffdd-5782-4852-96da-77d120b6e9e2,CUST-2019-CN-002164,帅,张,帅 张,Male,1993-02-11,user924.apple@gmail.com,18003642209,惠州路s座,通辽县,上海县,901283,CN,China,GREATER_CHINA,Chinese,Consumer,Gold,2019-08-11,2019,RETURNING,True,MDM,2019-08-11,2026-04-17 15:58:36.667525
79aeec3e-54da-4f43-b3d5-c56219360147,CUST-2019-CN-002123,坤,王,坤 王,Male,1987-02-13,user465.apple@gmx.com,13725211596,何路Z座,六盘水市,东莞县,671978,CN,China,GREATER_CHINA,Chinese,Consumer,Gold,2019-08-26,2019,RETURNING,True,MDM,2019-08-26,2026-04-17 15:58:36.667526
70257f46-469e-4547-b7ff-bea7f361013e,CUST-2020-CN-000900,淑珍,王,淑珍 王,Male,1999-02-04,user388.apple85@aol.com,13858038579,冯街u座,北镇县,广州县,515617,CN,China,GREATER_CHINA,Chinese,Consumer,Gold,2020-02-03,2020,RETURNING,True,MDM,2020-02-03 00:00:00,2026-04-17 15:58:36.667528
03b0e7b1-2291-48df-ba11-7dbd977bfc84,CUST-2020-CN-000904,秀兰,冉,秀兰 冉,Female,1979-04-04,user586.apple@mail.com,15728715556,嘉禾街O座,瑜县,婷县,460600,CN,China,GREATER_CHINA,Chinese,Consumer,Silver,2020-06-22,2020,RETURNING,True,MDM,2020-06-22 00:00:00,2026-04-17 15:58:36.667534
1d26dced-d78e-490d-a1c1-bf5e50ce421b,CUST-2020-CN-000411,玉华,苏,玉华 苏,Male,1969-09-26,user836.apple398@gmx.com,13146154515,孙街s座,惠州市,红霞县,335853,CN,China,GREATER_CHINA,Chinese,Consumer,None,2020-09-23,2020,RETURNING,True,MDM,2020-09-23 00:00:00,2026-04-17 15:58:36.667536
54d0639b-ce8b-41e2-953f-390477cd16f6,CUST-2019-CN-002508,强,韩,强 韩,Female,2000-10-24,user270.apple871@mail.com,13545586896,成都街f座,晨市,冬梅市,425352,CN,China,GREATER_CHINA,Chinese,Consumer,None,2019-10-18,2019,RETURNING,True,MDM,2019-10-18,2026-04-17 15:58:36.667539
2d40e58b-5906-467e-8c75-823c53e9815e,CUST-2019-CN-002437,红,廖,红 廖,Male,2001-03-23,user235.apple@zoho.com,15130460002,昆明街j座,六盘水市,雪梅县,273609,CN,China,GREATER_CHINA,Chinese,Consumer,Gold,2019-03-08,2019,RETURNING,True,MDM,2019-03-08,2026-04-17 15:58:36.667541
eec1337d-fca7-41ec-98fc-701ffc426747,CUST-2020-CN-000551,想,陈,想 陈,Male,2001-03-05,user767.apple175@hotmail.com,18696298428,嘉禾路U座,武汉县,兴城县,371722,CN,China,GREATER_CHINA,Chinese,Consumer,Silver,2020-02-27,2020,RETURNING,True,MDM,2020-02-27 00:00:00,2026-04-17 15:58:36.667543
b49cdda9-d9cd-4467-9232-3a2d27870ceb,CUST-2020-CN-000867,文,蔡,文 蔡,Female,1981-05-23,user848.apple@gmail.com,18817026896,天津街T座,兰州县,呼和浩特市,957435,CN,China,GREATER_CHINA,Chinese,Consumer,Platinum,2020-05-17,2020,RETURNING,True,MDM,2020-05-17 00:00:00,2026-04-17 15:58:36.667544
9912ef0b-6b32-4439-adff-171bad161c8d,CUST-2019-CN-000113,瑜,朱,瑜 朱,Male,1981-02-11,user911.apple@outlook.com,18028176380,孟路R座,太原县,潮州市,114444,CN,China,GREATER_CHINA,Chinese,Education,Silver,2019-03-19,2019,RETURNING,True,MDM,2019-03-19,2026-04-17 15:58:36.667546
34c3aae2-4296-46e9-8f19-2a1d404f2faf,CUST-2019-CN-002859,想,薛,想 薛,Male,1969-05-28,user774.apple@gmail.com,13074660066,昆明街B座,璐县,海门县,433411,CN,China,GREATER_CHINA,Chinese,Consumer,Silver,2019-09-29,2019,RETURNING,True,MDM,2019-09-29,2026-04-17 15:58:36.667551
7da18fdb-9c42-42a5-8f3c-780e08194f7b,CUST-2019-CN-000551,丽丽,顾,丽丽 顾,Female,1996-04-23,user475.apple@icloud.com,14588834973,六安街m座,淑珍县,银川市,689919,CN,China,GREATER_CHINA,Chinese,Consumer,None,2019-01-28,2019,RETURNING,True,MDM,2019-01-28,2026-04-17 15:58:36.667553
aead2ce4-990b-44e6-a3b3-aef7b33b2751,CUST-2019-CN-001140,玉梅,刘,玉梅 刘,Female,1970-05-02,user673.apple751@hotmail.com,15605829194,郑街o座,福州县,明市,467603,CN,China,GREATER_CHINA,Chinese,Consumer,Silver,2019-04-13,2019,RETURNING,True,MDM,2019-04-13,2026-04-17 15:58:36.667555
0d36e635-2dfc-49d2-93c8-36682ca161e0,CUST-2020-CN-000506,柳,魏,柳 魏,Male,2005-10-17,user701.apple@mail.com,15668699270,拉萨路C座,乌鲁木齐市,台北县,890295,CN,China,GREATER_CHINA,Chinese,Consumer,Silver,2020-11-20,2020,RETURNING,True,MDM,2020-11-20 00:00:00,2026-04-17 15:58:36.667557
102e7d38-fc97-496f-b7c5-146542c60098,CUST-2019-CN-000081,岩,叶,岩 叶,Female,2005-09-09,user425.apple@gmx.com,18094484534,许街M座,婷市,秀珍市,635258,CN,China,GREATER_CHINA,Chinese,Consumer,None,2019-12-31,2019,RETURNING,True,MDM,2019-12-31,2026-04-17 15:58:36.667558
ed29e15c-ae30-4c73-815c-c20e039887b2,CUST-2019-CN-001665,莉,梁,莉 梁,Male,1968-11-16,user410.apple@hotmail.com,15633670863,海口街g座,乌鲁木齐市,巢湖县,274103,CN,China,GREATER_CHINA,Chinese,Consumer,None,2019-08-15,2019,RETURNING,True,MDM,2019-08-15,2026-04-17 15:58:36.667561
1961929d-8da1-4a43-be6b-efa1f22a1488,CUST-2019-CN-002146,欣,韩,欣 韩,Female,1971-05-17,user300.apple840@hotmail.com,13216264148,陈路e座,桂香县,娟县,817419,CN,China,GREATER_CHINA,Chinese,Business,None,2019-01-04,2019,RETURNING,True,MDM,2019-01-04,2026-04-17 15:58:36.667563
bc109168-f320-4fdc-a40d-17b51c3d595b,CUST-2020-CN-000673,玲,龚,玲 龚,Female,1991-11-28,user262.apple286@icloud.com,14569457048,周街g座,桂珍市,畅县,293119,CN,China,GREATER_CHINA,Chinese,Consumer,Silver,2020-02-22,2020,RETURNING,True,MDM,2020-02-22 00:00:00,2026-04-17 15:58:36.667565
5dbb044b-e444-4961-a2ed-9d6ead8a9d95,CUST-2019-CN-001136,萍,饶,萍 饶,Male,2008-04-16,user986.apple@outlook.com,13392176044,东莞路i座,银川市,合肥县,946213,CN,China,GREATER_CHINA,Chinese,Consumer,None,2019-02-25,2019,RETURNING,True,MDM,2019-02-25,2026-04-17 15:58:36.667571
edf87098-69ef-4624-ac93-b19a84752bd0,CUST-2019-CN-001501,艳,李,艳 李,Male,1995-01-10,user396.apple997@protonmail.com,13652016858,重庆路y座,关岭县,丽娟县,384016,CN,China,GREATER_CHINA,Chinese,Education,None,2019-09-07,2019,RETURNING,True,MDM,2019-09-07,2026-04-17 15:58:36.667573
c9f99d68-80da-4424-819d-e229f3ce7d4f,CUST-2019-CN-000133,桂芳,郭,桂芳 郭,Male,2002-10-07,user837.apple@hotmail.com,18000894096,齐齐哈尔路H座,贵阳市,刚县,767255,CN,China,GREATER_CHINA,Chinese,Education,Silver,2019-05-13,2019,RETURNING,True,MDM,2019-05-13,2026-04-17 15:58:36.667574
2421436f-1106-4b42-b774-4116f866baea,CUST-2020-CN-000283,秀云,刘,秀云 刘,Male,1987-12-22,user134.apple@protonmail.com,14730021810,台北街z座,嘉禾县,兴安盟县,894145,CN,China,GREATER_CHINA,Chinese,Consumer,Silver,2020-04-24,2020,RETURNING,True,MDM,2020-04-24 00:00:00,2026-04-17 15:58:36.667576
a1f674b2-cb6e-4225-9144-ca684f70d78d,CUST-2019-CN-002847,莉,安,莉 安,Female,2003-08-02,user663.apple@yahoo.com,18537804875,范街k座,嘉禾县,丽丽县,374176,CN,China,GREATER_CHINA,Chinese,Consumer,Gold,2019-05-25,2019,RETURNING,True,MDM,2019-05-25,2026-04-17 15:58:36.667578
2dae3da2-6cd6-4383-a168-a67025341d3d,CUST-2019-CN-001383,琳,李,琳 李,Male,1975-06-29,user895.apple@zoho.com,13226113401,齐齐哈尔街n座,东莞市,宜都县,903751,CN,China,GREATER_CHINA,Chinese,Consumer,None,2019-06-08,2019,RETURNING,True,MDM,2019-06-08,2026-04-17 15:58:36.667580
d337dde1-6b5b-4b7d-91c6-c77e48e47384,CUST-2020-CN-000917,成,萧,成 萧,Female,1969-07-11,user851.apple@mail.com,18217247250,李街A座,沈阳县,秀兰县,749322,CN,China,GREATER_CHINA,Chinese,Education,Silver,2020-09-11,2020,RETURNING,True,MDM,2020-09-11 00:00:00,2026-04-17 15:58:36.667581
382c85c1-5d77-4f2c-be28-621b6c39b069,CUST-2019-CN-001823,淑华,张,淑华 张,Female,1992-03-27,user820.apple@aol.com,18783594575,哈尔滨街v座,帆县,重庆市,892087,CN,China,GREATER_CHINA,Chinese,Business,Silver,2019-01-31,2019,RETURNING,True,MDM,2019-01-31,2026-04-17 15:58:36.667583
9e904e78-a013-4022-a444-f6e500c0eb6d,CUST-2019-CN-000764,亮,刘,亮 刘,Male,1955-10-04,user484.apple@live.com,18522372411,吴街P座,林县,博县,215234,CN,China,GREATER_CHINA,Chinese,Consumer,Platinum,2019-05-31,2019,RETURNING,True,MDM,2019-05-31,2026-04-17 15:58:36.667584
333b3aee-88e1-4abb-b5bf-120231cd101a,CUST-2020-CN-000786,刚,李,刚 李,Male,1991-10-18,user407.apple@zoho.com,18546964869,北京街X座,六安县,潜江县,670172,CN,China,GREATER_CHINA,Chinese,Consumer,None,2020-07-18,2020,RETURNING,True,MDM,2020-07-18 00:00:00,2026-04-17 15:58:36.667586
1729095e-e82c-4938-b071-bf513f67a02b,CUST-2019-CN-002998,红霞,杨,红霞 杨,Female,1951-09-24,user141.apple@live.com,13716913404,吴街X座,宜都县,波县,300509,CN,China,GREATER_CHINA,Chinese,Education,None,2019-12-16,2019,RETURNING,True,MDM,2019-12-16,2026-04-17 15:58:36.667588
07534b48-6f30-4d7a-8e38-c333bb85a267,CUST-2020-CN-000898,璐,丁,璐 丁,Female,1986-02-03,user369.apple@icloud.com,18972324607,张路t座,阜新市,丽市,974750,CN,China,GREATER_CHINA,Chinese,Consumer,None,2020-02-23,2020,RETURNING,True,MDM,2020-02-23 00:00:00,2026-04-17 15:58:36.667590
838df2ec-d26f-462d-a74d-7962e70489f1,CUST-2020-CN-000365,淑珍,陶,淑珍 陶,Female,1951-07-12,user542.apple780@protonmail.com,15103786051,萧路G座,乌鲁木齐县,超市,714179,CN,China,GREATER_CHINA,Chinese,Consumer,Gold,2020-06-11,2020,RETURNING,True,MDM,2020-06-11 00:00:00,2026-04-17 15:58:36.667591
97f94af2-3a11-4860-a0c5-c0df568c93a2,CUST-2020-CN-000861,洋,刘,洋 刘,Female,1994-03-16,user153.apple16@gmx.com,18562891194,丛路j座,嘉禾市,秀芳市,276221,CN,China,GREATER_CHINA,Chinese,Consumer,None,2020-12-25,2020,RETURNING,True,MDM,2020-12-25 00:00:00,2026-04-17 15:58:36.667594
2b07adde-8deb-4362-8dc9-a6afc074d8a2,CUST-2019-CN-002395,超,王,超 王,Male,1972-11-25,user978.apple@gmail.com,18013852159,鲍路M座,呼和浩特市,荣县,908687,CN,China,GREATER_CHINA,Chinese,Consumer,None,2019-10-05,2019,RETURNING,True,MDM,2019-10-05,2026-04-17 15:58:36.667595
b0e7cc6f-11f7-4416-acf1-84ebf23860d4,CUST-2019-CN-002185,璐,李,璐 李,Female,1974-01-01,user240.apple@outlook.com,13684897958,黄路e座,佳县,博县,422726,CN,China,GREATER_CHINA,Chinese,Education,None,2019-03-23,2019,RETURNING,True,MDM,2019-03-23,2026-04-17 15:58:36.667597
08b3540f-d28f-401c-89a8-701babdc96b3,CUST-2019-CN-000338,华,周,华 周,Female,1974-08-28,user285.apple@live.com,14727624728,澳门街e座,台北县,红市,478341,CN,China,GREATER_CHINA,Chinese,Education,Silver,2019-05-24,2019,RETURNING,True,MDM,2019-05-24,2026-04-17 15:58:36.667599
25360f64-b603-4c01-b557-9dc7df3ac759,CUST-2020-CN-000038,玉兰,董,玉兰 董,Male,1983-04-29,user918.apple@outlook.com,13527919652,澳门路t座,阜新市,马鞍山市,464525,CN,China,GREATER_CHINA,Chinese,Education,Silver,2020-03-04,2020,RETURNING,True,MDM,2020-03-04 00:00:00,2026-04-17 15:58:36.667600
b3b60e04-182c-4798-9fc8-d6e169126eb7,CUST-2020-CN-000906,鹏,孙,鹏 孙,Female,1962-02-16,user529.apple160@msn.com,14778221986,深圳街k座,荣县,南昌市,635360,CN,China,GREATER_CHINA,Chinese,Consumer,Gold,2020-09-27,2020,RETURNING,True,MDM,2020-09-27 00:00:00,2026-04-17 15:58:36.667602
0bb69134-55b9-4f55-a152-a4af6f90e793,CUST-2019-CN-001974,辉,陈,辉 陈,Male,1954-06-02,user395.apple@mail.com,14539236385,庞路J座,台北市,天津县,379706,CN,China,GREATER_CHINA,Chinese,Consumer,Gold,2019-10-11,2019,RETURNING,True,MDM,2019-10-11,2026-04-17 15:58:36.667604
6eeaa689-883c-4c1b-840c-d893160df099,CUST-2019-CN-001955,洁,杨,洁 杨,Male,1988-05-18,user100.apple@hotmail.com,18543356226,邝路e座,汕尾市,广州市,333336,CN,China,GREATER_CHINA,Chinese,Business,None,2019-02-10,2019,RETURNING,True,MDM,2019-02-10,2026-04-17 15:58:36.667609
255f5230-359d-4204-a119-ebbb70decedd,CUST-2019-CN-001442,华,盘,华 盘,Female,1954-10-06,user256.apple@gmx.com,13831693916,赵街B座,海口市,长沙市,637242,CN,China,GREATER_CHINA,Chinese,Consumer,None,2019-06-18,2019,RETURNING,True,MDM,2019-06-18,2026-04-17 15:58:36.667611
326e85d5-78b5-4726-aff7-faef1facc68b,CUST-2019-CN-000116,洋,张,洋 张,Male,1963-05-20,user725.apple@gmx.com,15667094240,庄路N座,深圳县,张家港市,323913,CN,China,GREATER_CHINA,Chinese,Education,None,2019-12-07,2019,RETURNING,True,MDM,2019-12-07,2026-04-17 15:58:36.667613
aaeaccaf-0f9b-4722-b301-161258f35307,CUST-2020-CN-000434,建华,谭,建华 谭,Female,2004-02-29,user373.apple543@gmx.com,15309525000,李路h座,敏县,秀珍县,957724,CN,China,GREATER_CHINA,Chinese,Consumer,None,2020-01-18,2020,RETURNING,True,MDM,2020-01-18 00:00:00,2026-04-17 15:58:36.667615
d5cecc42-50dc-4c98-b93e-82c87873f6a9,CUST-2019-CN-002387,飞,王,飞 王,Male,2004-06-29,user633.apple@live.com,18922950204,东莞路Z座,六盘水市,丹县,643555,CN,China,GREATER_CHINA,Chinese,Consumer,None,2019-01-07,2019,RETURNING,True,MDM,2019-01-07,2026-04-17 15:58:36.667617
63af45a2-0bad-461a-81f5-21044607e1e4,CUST-2020-CN-000968,燕,李,燕 李,Male,1986-11-27,user327.apple@mail.com,18534374696,李街a座,天津县,婷婷县,585075,CN,China,GREATER_CHINA,Chinese,Consumer,Platinum,2020-12-20,2020,RETURNING,False,MDM,2020-12-20 00:00:00,2026-04-17 15:58:36.667618
fc9958c4-0aea-40e3-accd-1f6509738736,CUST-2020-CN-000379,金凤,李,金凤 李,Female,1975-08-14,user711.apple@msn.com,18213831132,宁德街I座,银川县,彬县,653850,CN,China,GREATER_CHINA,Chinese,Consumer,None,2020-12-16,2020,RETURNING,True,MDM,2020-12-16 00:00:00,2026-04-17 15:58:36.667620
19d3e005-0d69-4291-9843-616adf6021b6,CUST-2019-CN-001568,涛,蔡,涛 蔡,Male,1968-10-01,user214.apple@zoho.com,13183383541,萧街E座,天津市,昆明县,193547,CN,China,GREATER_CHINA,Chinese,Consumer,None,2019-05-25,2019,RETURNING,True,MDM,2019-05-25,2026-04-17 15:58:36.667622
cafa4fd3-32fe-41b6-8390-82a92999281d,CUST-2019-CN-001827,兵,孙,兵 孙,Male,1990-03-25,user454.apple@gmail.com,15630681232,成都街r座,淑英市,莹市,992669,CN,China,GREATER_CHINA,Chinese,Business,None,2019-04-10,2019,RETURNING,False,MDM,2019-04-10,2026-04-17 15:58:36.667627
6dab4297-778c-4ab3-96af-47750f10f2d0,CUST-2020-CN-000974,静,周,静 周,Female,1997-03-27,user482.apple@aol.com,13757767312,邓路F座,南昌市,嘉禾市,697819,CN,China,GREATER_CHINA,Chinese,Consumer,Silver,2020-03-27,2020,RETURNING,True,MDM,2020-03-27 00:00:00,2026-04-17 15:58:36.667628
fd892764-9b89-40a0-aeb4-6d9948c425c7,CUST-2019-CN-002539,峰,江,峰 江,Male,1998-06-15,user975.apple47@zoho.com,14577452476,六安街S座,成都市,长沙县,326950,CN,China,GREATER_CHINA,Chinese,Consumer,None,2019-09-11,2019,RETURNING,True,MDM,2019-09-11,2026-04-17 15:58:36.667630
a1a14251-56db-41ca-8f62-41649f056d93,CUST-2020-CN-000109,亮,王,亮 王,Male,1985-01-18,user712.apple629@icloud.com,13195161814,嘉禾街O座,西宁市,峰县,342905,CN,China,GREATER_CHINA,Chinese,Consumer,Gold,2020-10-11,2020,RETURNING,True,MDM,2020-10-11 00:00:00,2026-04-17 15:58:36.667632
efa70a83-7bc4-48bd-adc9-57bb975ea707,CUST-2019-CN-002446,玉梅,李,玉梅 李,Female,1974-07-12,user467.apple510@hotmail.com,13996421326,太原街s座,佛山县,成都市,170858,CN,China,GREATER_CHINA,Chinese,Consumer,None,2019-06-20,2019,RETURNING,True,MDM,2019-06-20,2026-04-17 15:58:36.667634
c702b717-d256-4564-babb-d3ca8c6b000e,CUST-2020-CN-000559,凤英,韩,凤英 韩,Female,1994-03-22,user395.apple153@msn.com,15946663218,哈尔滨街I座,宜都县,琳市,713033,CN,China,GREATER_CHINA,Chinese,Consumer,None,2020-03-25,2020,RETURNING,True,MDM,2020-03-25 00:00:00,2026-04-17 15:58:36.667636
865d02fd-71bc-44da-8328-0676575261dc,CUST-2019-CN-000235,秀华,胡,秀华 胡,Female,2005-05-31,user742.apple@live.com,13241895890,张家港街m座,帆市,伟市,680444,CN,China,GREATER_CHINA,Chinese,Consumer,None,2019-09-20,2019,RETURNING,True,MDM,2019-09-20,2026-04-17 15:58:36.667638
0016a004-304a-44f3-9c1c-fb317409cf45,CUST-2020-CN-000680,莉,余,莉 余,Female,1987-03-22,user115.apple847@icloud.com,13533507735,丁街J座,北京县,郑州市,726063,CN,China,GREATER_CHINA,Chinese,Business,None,2020-04-05,2020,RETURNING,True,MDM,2020-04-05 00:00:00,2026-04-17 15:58:36.667639
d66ff103-e915-4cd2-879a-8230366ad645,CUST-2019-CN-002675,冬梅,金,冬梅 金,Female,2007-03-25,user162.apple266@gmail.com,14760145411,殷街X座,鑫市,丽丽县,401699,CN,China,GREATER_CHINA,Chinese,Consumer,Silver,2019-09-04,2019,RETURNING,True,MDM,2019-09-04,2026-04-17 15:58:36.667641
47e716b0-9e16-4d5f-9989-bb382e17d2da,CUST-2019-CN-000557,冬梅,陈,冬梅 陈,Female,2000-04-22,user554.apple@gmx.com,15971698713,张家港街G座,建军市,银川市,601119,CN,China,GREATER_CHINA,Chinese,Consumer,None,2019-07-08,2019,RETURNING,True,MDM,2019-07-08,2026-04-17 15:58:36.667643
519500ea-dbe4-4ffd-bd7f-ba5d64dfb5f0,CUST-2020-CN-000571,建军,夏,建军 夏,Male,1964-09-14,user883.apple173@icloud.com,13766156598,济南街G座,桂花县,汕尾县,524464,CN,China,GREATER_CHINA,Chinese,Business,None,2020-09-13,2020,RETURNING,True,MDM,2020-09-13 00:00:00,2026-04-17 15:58:36.667644
44b5fcd1-b63b-4dc8-908f-f3d6de9ea092,CUST-2020-CN-000505,丽华,邓,丽华 邓,Male,1971-09-09,user855.apple@icloud.com,14599804643,呼和浩特路V座,超县,峰县,723288,CN,China,GREATER_CHINA,Chinese,Consumer,Gold,2020-07-20,2020,RETURNING,False,MDM,2020-07-20 00:00:00,2026-04-17 15:58:36.667647
6ed2fae5-1d75-4490-b340-7b4472136fdc,CUST-2020-CN-000625,雪,廖,雪 廖,Female,1986-05-27,user267.apple578@hotmail.com,13904171178,银川路A座,红县,凤英市,161755,CN,China,GREATER_CHINA,Chinese,Education,Silver,2020-07-03,2020,RETURNING,True,MDM,2020-07-03 00:00:00,2026-04-17 15:58:36.667648
1094d3ae-abb0-4ef9-b0f9-b27d0ec6edbb,CUST-2020-CN-000331,瑜,周,瑜 周,Female,1951-02-05,user249.apple@mail.com,13423319538,荆门路T座,佛山县,玉华市,334633,CN,China,GREATER_CHINA,Chinese,Consumer,None,2020-09-03,2020,RETURNING,True,MDM,2020-09-03 00:00:00,2026-04-17 15:58:36.667651
de3ba949-58e4-4aef-b3d7-a7f9862fa3ba,CUST-2019-CN-000149,小红,傅,小红 傅,Male,1987-04-30,user730.apple432@outlook.com,13523712029,萧路g座,斌县,香港县,207611,CN,China,GREATER_CHINA,Chinese,Consumer,Gold,2019-07-22,2019,RETURNING,True,MDM,2019-07-22,2026-04-17 15:58:36.667652
42b0587c-f0f0-439b-9dbf-c894adaa8c08,CUST-2019-CN-000206,琴,王,琴 王,Female,1985-04-07,user619.apple@msn.com,15691259286,南昌路I座,荆门市,鑫县,408837,CN,China,GREATER_CHINA,Chinese,Consumer,None,2019-11-19,2019,RETURNING,True,MDM,2019-11-19,2026-04-17 15:58:36.667654
d2a5bac4-0346-4819-87d3-9a722a78d417,CUST-2020-CN-000397,宇,刘,宇 刘,Female,1964-07-22,user757.apple@protonmail.com,13649367773,武汉街C座,潮州县,潮州市,275043,CN,China,GREATER_CHINA,Chinese,Consumer,Gold,2020-02-04,2020,RETURNING,True,MDM,2020-02-04 00:00:00,2026-04-17 15:58:36.667656
86d13a25-d164-42a6-aa64-c1a1f5dfed47,CUST-2019-CN-000408,峰,张,峰 张,Male,1968-07-04,user241.apple@yahoo.com,15284876495,张街Y座,军市,深圳县,564629,CN,China,GREATER_CHINA,Chinese,Consumer,None,2019-01-20,2019,RETURNING,True,MDM,2019-01-20,2026-04-17 15:58:36.667658
1fca4354-4fd4-4010-954a-f8ad21e2499e,CUST-2020-CN-000476,桂英,蒋,桂英 蒋,Male,1990-10-04,user503.apple468@icloud.com,15167625507,重庆路n座,瑞县,拉萨县,902414,CN,China,GREATER_CHINA,Chinese,Consumer,None,2020-10-27,2020,RETURNING,True,MDM,2020-10-27 00:00:00,2026-04-17 15:58:36.667659
2e3e811f-cbfd-404b-8eba-b694e64294b5,CUST-2019-CN-000182,敏,翟,敏 翟,Female,1965-03-12,user516.apple165@zoho.com,18179327683,六盘水街D座,六安县,银川市,739643,CN,China,GREATER_CHINA,Chinese,Consumer,Silver,2019-07-28,2019,RETURNING,True,MDM,2019-07-28,2026-04-17 15:58:36.667661
2037c1f1-092f-4d05-bf97-986d5905ff7d,CUST-2019-CN-002306,刚,王,刚 王,Female,1975-12-25,user304.apple@live.com,13732653721,北京路d座,潮州市,娟市,637753,CN,China,GREATER_CHINA,Chinese,Consumer,None,2019-10-13,2019,RETURNING,True,MDM,2019-10-13,2026-04-17 15:58:36.667663
83d663dd-5514-42a9-bfbe-286426129a36,CUST-2020-CN-000148,洋,郭,洋 郭,Female,2003-05-05,user870.apple998@mail.com,15069376535,郑州街v座,英县,汕尾县,817477,CN,China,GREATER_CHINA,Chinese,Consumer,Silver,2020-09-25,2020,RETURNING,True,MDM,2020-09-25 00:00:00,2026-04-17 15:58:36.667664
f209e3a6-8f9a-419f-90db-063e5d45923a,CUST-2019-CN-001736,雪,朱,雪 朱,Male,1962-03-03,user360.apple@icloud.com,15088035553,哈尔滨街H座,东莞市,玉珍县,330409,CN,China,GREATER_CHINA,Chinese,Consumer,Silver,2019-07-01,2019,RETURNING,True,MDM,2019-07-01,2026-04-17 15:58:36.667666
22b4c743-a1af-4077-a525-71867bc0982b,CUST-2019-CN-001772,建平,朱,建平 朱,Female,1997-10-05,user980.apple126@yahoo.com,14526655286,秦街n座,银川市,亮市,995119,CN,China,GREATER_CHINA,Chinese,Consumer,None,2019-06-08,2019,RETURNING,True,MDM,2019-06-08,2026-04-17 15:58:36.667670
31a88443-2df8-46a4-a4a8-c6aac6063341,CUST-2019-CN-001345,颖,冼,颖 冼,Female,1976-08-28,user887.apple@zoho.com,18779965632,胥街N座,丽县,太原县,160677,CN,China,GREATER_CHINA,Chinese,Consumer,None,2019-03-07,2019,RETURNING,True,MDM,2019-03-07,2026-04-17 15:58:36.667672
97d45b66-fd98-49f1-aee1-5e37296953a7,CUST-2020-CN-000969,倩,李,倩 李,Male,1955-07-15,user353.apple@icloud.com,13718904860,福州路M座,金凤市,银川市,484849,CN,China,GREATER_CHINA,Chinese,Education,Platinum,2020-01-05,2020,RETURNING,True,MDM,2020-01-05 00:00:00,2026-04-17 15:58:36.667673
f7cd26c1-3818-4967-8304-0f2c7acb06ec,CUST-2020-CN-000337,文,文,文 文,Female,1971-05-20,user563.apple490@icloud.com,13377781526,辛集路J座,阳县,小红县,983273,CN,China,GREATER_CHINA,Chinese,Business,Silver,2020-11-14,2020,RETURNING,True,MDM,2020-11-14 00:00:00,2026-04-17 15:58:36.667675
aa1301b6-6b27-4586-9a50-af5986649508,CUST-2019-CN-002479,兵,马,兵 马,Female,1961-12-31,user633.apple153@live.com,18538967591,秦路o座,丽娟县,兰州市,824953,CN,China,GREATER_CHINA,Chinese,Consumer,Gold,2019-08-07,2019,RETURNING,True,MDM,2019-08-07,2026-04-17 15:58:36.667677
e7e1d540-09fa-44f2-8a60-00a704a6cb32,CUST-2019-CN-001371,艳,马,艳 马,Female,1991-04-17,user791.apple975@hotmail.com,18192072461,太原街F座,广州县,郑州市,647069,CN,China,GREATER_CHINA,Chinese,Consumer,Platinum,2019-09-10,2019,RETURNING,True,MDM,2019-09-10,2026-04-17 15:58:36.667678
269fef90-3ab6-45b1-9543-bdeeb9cd9b73,CUST-2020-CN-000859,雷,李,雷 李,Male,1969-08-05,user355.apple@aol.com,13081442529,梁路b座,彬县,东市,149984,CN,China,GREATER_CHINA,Chinese,Consumer,Silver,2020-04-06,2020,RETURNING,True,MDM,2020-04-06 00:00:00,2026-04-17 15:58:36.667680
c7661e75-0d8c-420c-a426-caa1e34c32ee,CUST-2020-CN-000152,玉兰,李,玉兰 李,Male,1993-04-17,user540.apple@mail.com,13645476094,夏街Z座,巢湖市,婷婷县,742617,CN,China,GREATER_CHINA,Chinese,Business,None,2020-06-09,2020,RETURNING,False,MDM,2020-06-09 00:00:00,2026-04-17 15:58:36.667682
df3ed654-68b4-4aa8-a003-cf73c67dcec1,CUST-2019-CN-001163,秀兰,夏,秀兰 夏,Male,1982-10-11,user882.apple@msn.com,14751179323,梧州路F座,张家港县,通辽县,739095,CN,China,GREATER_CHINA,Chinese,Consumer,Gold,2019-05-07,2019,RETURNING,True,MDM,2019-05-07,2026-04-17 15:58:36.667687
84f24c85-c42e-4b02-8280-280149f30f3a,CUST-2019-CN-001229,强,袁,强 袁,Male,1958-04-17,user155.apple238@icloud.com,15550672698,乌鲁木齐路v座,凯市,洋市,404386,CN,China,GREATER_CHINA,Chinese,Consumer,None,2019-10-26,2019,RETURNING,True,MDM,2019-10-26,2026-04-17 15:58:36.667690
1afe9a82-05b1-4c50-8595-4fa3b0e1d9f2,CUST-2019-CN-001789,桂花,殷,桂花 殷,Female,1989-02-04,user851.apple@gmx.com,15527690193,金路g座,东市,秀荣市,592762,CN,China,GREATER_CHINA,Chinese,Education,None,2019-03-19,2019,RETURNING,True,MDM,2019-03-19,2026-04-17 15:58:36.667691
6c1c29c2-c431-463b-8870-a3d61ab11d44,CUST-2019-CN-001765,金凤,钱,金凤 钱,Female,2002-07-26,user368.apple@protonmail.com,15366869590,王路M座,杭州市,琴市,842325,CN,China,GREATER_CHINA,Chinese,Consumer,None,2019-01-04,2019,RETURNING,True,MDM,2019-01-04,2026-04-17 15:58:36.667693
b750b516-6d2e-4efd-a7df-cd40f9dc910d,CUST-2019-CN-000711,俊,马,俊 马,Male,1975-07-08,user482.apple861@gmx.com,13558191290,齐齐哈尔街l座,桂兰市,桂芝县,771534,CN,China,GREATER_CHINA,Chinese,Consumer,None,2019-06-06,2019,RETURNING,True,MDM,2019-06-06,2026-04-17 15:58:36.667695
4ab509ec-994a-4dc2-ac16-94e007aeba8b,CUST-2019-CN-001215,艳,李,艳 李,Male,1980-01-18,user324.apple@protonmail.com,15814704744,张路n座,志强市,广州市,877260,CN,China,GREATER_CHINA,Chinese,Consumer,Silver,2019-01-07,2019,RETURNING,True,MDM,2019-01-07,2026-04-17 15:58:36.667697
e4226445-d01a-4e68-8348-6fdcee87870f,CUST-2020-CN-000351,林,米,林 米,Female,1986-11-14,user627.apple@yahoo.com,14797743604,海门街c座,齐齐哈尔县,南昌县,869476,CN,China,GREATER_CHINA,Chinese,Consumer,None,2020-04-29,2020,RETURNING,True,MDM,2020-04-29 00:00:00,2026-04-17 15:58:36.667698
279f9c4e-7211-4a90-a721-739e7bb54fad,CUST-2019-CN-001642,佳,童,佳 童,Female,1966-12-16,user429.apple@icloud.com,18833282188,王路p座,荆门县,慧市,152718,CN,China,GREATER_CHINA,Chinese,Consumer,Gold,2019-07-10,2019,RETURNING,True,MDM,2019-07-10,2026-04-17 15:58:36.667700
69ba9151-d15f-4175-8ccf-ba049deabfa9,CUST-2019-CN-001958,敏,吕,敏 吕,Male,1963-06-23,user882.apple@yahoo.com,13877843858,梁路c座,淑珍县,莉市,704586,CN,China,GREATER_CHINA,Chinese,Consumer,None,2019-07-14,2019,RETURNING,True,MDM,2019-07-14,2026-04-17 15:58:36.667702
559f9a96-1647-42ac-bf5c-fb6fc912252d,CUST-2019-CN-000566,桂芝,梁,桂芝 梁,Female,2001-07-22,user615.apple660@gmail.com,15528396318,王街p座,宜都县,晶县,854821,CN,China,GREATER_CHINA,Chinese,Business,None,2019-06-08,2019,RETURNING,True,MDM,2019-06-08,2026-04-17 15:58:36.667703
98553efb-fc1a-4a42-99fd-db04672c5a6e,CUST-2019-CN-001576,桂芳,张,桂芳 张,Male,1993-08-16,user350.apple@live.com,13038590810,乌鲁木齐路Q座,福州县,辽阳市,145020,CN,China,GREATER_CHINA,Chinese,Consumer,None,2019-03-03,2019,RETURNING,True,MDM,2019-03-03,2026-04-17 15:58:36.667705
0c5007e8-5c86-41b8-8663-a67f8848ff00,CUST-2019-CN-002302,洋,黄,洋 黄,Female,2007-03-17,user328.apple243@live.com,13184726222,东莞街E座,玉珍县,荆门市,436645,CN,China,GREATER_CHINA,Chinese,Consumer,Silver,2019-12-28,2019,RETURNING,True,MDM,2019-12-28,2026-04-17 15:58:36.667707
696900d2-21f4-42d9-8b17-ee26f91ebfa7,CUST-2020-CN-000090,霞,张,霞 张,Female,1963-01-22,user164.apple@zoho.com,15612463957,颜路i座,重庆县,瑞市,205969,CN,China,GREATER_CHINA,Chinese,Education,Gold,2020-01-07,2020,RETURNING,True,MDM,2020-01-07 00:00:00,2026-04-17 15:58:36.667708
1e5430db-5f97-48e8-b614-f198c4c6dc3f,CUST-2020-CN-000412,莉,杨,莉 杨,Female,1976-01-08,user360.apple@msn.com,15183195784,冯路q座,宁县,艳县,195706,CN,China,GREATER_CHINA,Chinese,Business,None,2020-09-16,2020,RETURNING,True,MDM,2020-09-16 00:00:00,2026-04-17 15:58:36.667710
f1cfce7c-415d-44e7-86a7-29bfd14cad30,CUST-2019-CN-000184,莉,黄,莉 黄,Female,1967-03-10,user502.apple@gmx.com,13175141545,衣街g座,平县,涛市,797280,CN,China,GREATER_CHINA,Chinese,Consumer,Gold,2019-11-18,2019,RETURNING,True,MDM,2019-11-18,2026-04-17 15:58:36.667711
57d7a852-ddc8-4f8f-a80d-a6159229c6c6,CUST-2019-CN-000755,玉珍,崔,玉珍 崔,Female,1980-10-17,user243.apple517@msn.com,15744939702,张家港街a座,香港县,关岭市,474596,CN,China,GREATER_CHINA,Chinese,Business,Platinum,2019-08-14,2019,RETURNING,True,MDM,2019-08-14,2026-04-17 15:58:36.667717
46c04ea7-66a5-4d73-ab0b-a222bca8e2b4,CUST-2019-CN-001848,丹丹,张,丹丹 张,Male,1995-09-07,user703.apple@aol.com,18578859713,张路t座,北京市,齐齐哈尔县,559574,CN,China,GREATER_CHINA,Chinese,Consumer,None,2019-10-03,2019,RETURNING,True,MDM,2019-10-03,2026-04-17 15:58:36.667719
32dcee93-6067-4ebe-b063-6907732e30e9,CUST-2019-CN-001737,丹丹,刘,丹丹 刘,Female,1978-08-24,user945.apple793@outlook.com,18676702888,马街R座,莉市,桂英市,573843,CN,China,GREATER_CHINA,Chinese,Consumer,Silver,2019-06-11,2019,RETURNING,True,MDM,2019-06-11,2026-04-17 15:58:36.667720
ad5a6d95-13b3-4409-811a-af19487f8d1b,CUST-2019-CN-001092,建军,李,建军 李,Female,1965-08-29,user849.apple@aol.com,14756589096,东莞街M座,丹县,瑜市,904079,CN,China,GREATER_CHINA,Chinese,Consumer,Silver,2019-02-27,2019,RETURNING,True,MDM,2019-02-27,2026-04-17 15:58:36.667722
9ac02025-370e-4eb0-a8d4-981152cc7c26,CUST-2019-CN-001705,强,张,强 张,Male,1985-04-19,user695.apple@yahoo.com,15962387022,石家庄路a座,建国市,天津市,851763,CN,China,GREATER_CHINA,Chinese,Consumer,None,2019-11-26,2019,RETURNING,False,MDM,2019-11-26,2026-04-17 15:58:36.667723
d7afce8a-5127-4c85-973e-fbbd91cfd07c,CUST-2020-CN-001005,凤兰,杨,凤兰 杨,Male,1977-11-29,user794.apple@msn.com,13636400329,张路G座,西安市,福州县,527317,CN,China,GREATER_CHINA,Chinese,Consumer,None,2020-01-01,2020,RETURNING,True,MDM,2020-01-01 00:00:00,2026-04-17 15:58:36.667725
44ddb452-d3f8-4ee0-be3d-9a9af9c0deb8,CUST-2019-CN-001718,勇,梁,勇 梁,Male,1975-01-09,user190.apple226@icloud.com,18087600940,兰州路L座,台北县,海口县,576393,CN,China,GREATER_CHINA,Chinese,Consumer,None,2019-08-26,2019,RETURNING,True,MDM,2019-08-26,2026-04-17 15:58:36.667727
2c688f59-474a-45ba-9b85-207f1e31c66a,CUST-2019-CN-002710,凯,王,凯 王,Male,1975-12-24,user795.apple@gmx.com,13373276167,上海街C座,兴城市,澳门市,698590,CN,China,GREATER_CHINA,Chinese,Business,Silver,2019-06-22,2019,RETURNING,True,MDM,2019-06-22,2026-04-17 15:58:36.667729
02499db6-250e-41f5-b404-e74f89c0f998,CUST-2020-CN-000650,玉英,郭,玉英 郭,Male,2002-12-01,user790.apple@icloud.com,15076812286,吕路x座,倩市,大冶县,414638,CN,China,GREATER_CHINA,Chinese,Consumer,Platinum,2020-10-20,2020,RETURNING,True,MDM,2020-10-20 00:00:00,2026-04-17 15:58:36.667734
9e2a151a-ad66-4442-b026-6678c8d356f8,CUST-2020-CN-000823,桂兰,练,桂兰 练,Male,1958-11-24,user668.apple@hotmail.com,13876174516,邵街l座,东莞县,深圳市,166980,CN,China,GREATER_CHINA,Chinese,Consumer,Silver,2020-02-21,2020,RETURNING,True,MDM,2020-02-21 00:00:00,2026-04-17 15:58:36.667736
6800610d-b7e3-4053-ab28-2df3cd0bea68,CUST-2019-CN-000593,宇,李,宇 李,Female,1999-05-24,user443.apple@outlook.com,14722892768,孙路G座,南宁市,帅县,119793,CN,China,GREATER_CHINA,Chinese,Consumer,None,2019-08-30,2019,RETURNING,True,MDM,2019-08-30,2026-04-17 15:58:36.667738
a4f49af0-cc40-46ec-a4d8-8d200ad592d5,CUST-2019-CN-000821,宁,何,宁 何,Female,1992-04-30,user970.apple834@outlook.com,13686651380,王路P座,拉萨市,斌县,653720,CN,China,GREATER_CHINA,Chinese,Education,None,2019-11-13,2019,RETURNING,True,MDM,2019-11-13,2026-04-17 15:58:36.667740
a5931e69-f3f0-474f-a654-7b0ee0f0555c,CUST-2019-CN-000283,丹,周,丹 周,Female,1990-01-24,user152.apple580@msn.com,18025844512,哈尔滨路L座,涛市,佛山市,906097,CN,China,GREATER_CHINA,Chinese,Consumer,Gold,2019-11-29,2019,RETURNING,True,MDM,2019-11-29,2026-04-17 15:58:36.667741
b626916b-c3e0-4aa6-9484-26a8912d93c0,CUST-2019-CN-002288,东,魏,东 魏,Female,1955-10-19,user583.apple@gmx.com,15504844152,武汉街O座,福州市,平县,548876,CN,China,GREATER_CHINA,Chinese,Consumer,None,2019-09-08,2019,RETURNING,False,MDM,2019-09-08,2026-04-17 15:58:36.667743
7a45310c-c4af-4d46-89e7-314f9f4f3aa1,CUST-2020-CN-000123,红霞,钟,红霞 钟,Male,1972-06-12,user448.apple@outlook.com,13175349605,张街O座,哈尔滨县,秀华县,599549,CN,China,GREATER_CHINA,Chinese,Education,None,2020-06-23,2020,RETURNING,True,MDM,2020-06-23 00:00:00,2026-04-17 15:58:36.667745
ff281781-5bbd-4769-8918-7d27983c1680,CUST-2019-CN-001900,强,张,强 张,Female,1961-12-01,user936.apple@aol.com,13521547481,成都街v座,桂花县,宁德市,187776,CN,China,GREATER_CHINA,Chinese,Business,Silver,2019-09-29,2019,RETURNING,True,MDM,2019-09-29,2026-04-17 15:58:36.667746
ef0077b0-bc4b-4756-830c-176c1d7c8188,CUST-2019-CN-002796,玉,杜,玉 杜,Female,2006-07-20,user612.apple@protonmail.com,18729761812,柳州路w座,英市,秀兰县,446129,CN,China,GREATER_CHINA,Chinese,Business,None,2019-07-05,2019,RETURNING,True,MDM,2019-07-05,2026-04-17 15:58:36.667752
f0f16d21-c640-4639-9e00-4f51736b172a,CUST-2019-CN-002605,龙,伍,龙 伍,Male,1957-07-24,user970.apple786@icloud.com,15846884904,关岭路e座,金凤市,晨市,355571,CN,China,GREATER_CHINA,Chinese,Consumer,None,2019-12-09,2019,RETURNING,True,MDM,2019-12-09,2026-04-17 15:58:36.667754
78362386-7506-4fd7-ab79-127519b29431,CUST-2020-CN-000062,帅,胡,帅 胡,Female,1985-10-03,user238.apple@icloud.com,13442436677,黄路R座,上海市,北京市,365621,CN,China,GREATER_CHINA,Chinese,Consumer,Silver,2020-05-25,2020,RETURNING,True,MDM,2020-05-25 00:00:00,2026-04-17 15:58:36.667755
9f7ca324-1d19-4c26-91f1-b542efc63cf0,CUST-2020-CN-000494,鹏,唐,鹏 唐,Female,1998-04-20,user304.apple@live.com,18573194167,六安街C座,娟市,娜县,708298,CN,China,GREATER_CHINA,Chinese,Consumer,None,2020-01-15,2020,RETURNING,True,MDM,2020-01-15 00:00:00,2026-04-17 15:58:36.667757
da558621-b1ef-40f4-b4dc-6cd01791d224,CUST-2019-CN-002952,玲,黄,玲 黄,Male,1981-04-16,user991.apple372@gmail.com,15038256880,林街A座,琳县,霞县,713281,CN,China,GREATER_CHINA,Chinese,Consumer,None,2019-11-30,2019,RETURNING,True,MDM,2019-11-30,2026-04-17 15:58:36.667759
9f580fff-98bd-4fb9-97cc-627ea8655f89,CUST-2020-CN-000433,荣,龚,荣 龚,Male,1959-08-24,user231.apple946@live.com,15793753105,田路h座,兴城县,巢湖县,196018,CN,China,GREATER_CHINA,Chinese,Consumer,None,2020-07-08,2020,RETURNING,True,MDM,2020-07-08 00:00:00,2026-04-17 15:58:36.667761
a4522570-e55d-459f-92d0-2c1b562bc4c5,CUST-2019-CN-001658,淑英,饶,淑英 饶,Female,2001-01-26,user481.apple467@protonmail.com,18685147320,上海路J座,荆门市,西安市,483255,CN,China,GREATER_CHINA,Chinese,Education,Gold,2019-02-03,2019,RETURNING,True,MDM,2019-02-03,2026-04-17 15:58:36.667762
8da350e6-a673-487a-8e00-e61a1a3eec92,CUST-2019-CN-000327,畅,赵,畅 赵,Male,1958-01-13,user548.apple@gmail.com,18206130403,六盘水路X座,雪县,哈尔滨县,885021,CN,China,GREATER_CHINA,Chinese,Business,Platinum,2019-08-22,2019,RETURNING,True,MDM,2019-08-22,2026-04-17 15:58:36.667764
cc796316-a3d5-43d0-bb66-4bd87d4302e2,CUST-2020-CN-000919,玉兰,冯,玉兰 冯,Male,2004-03-20,user851.apple986@msn.com,15220666281,南京街d座,兰州县,帆县,113357,CN,China,GREATER_CHINA,Chinese,Business,Silver,2020-03-27,2020,RETURNING,False,MDM,2020-03-27 00:00:00,2026-04-17 15:58:36.667770
16aafb28-38a4-4565-ac89-082af31c0f08,CUST-2020-CN-000926,宇,邓,宇 邓,Female,1977-04-25,user647.apple@gmail.com,13443513861,包路X座,荣县,勇县,345373,CN,China,GREATER_CHINA,Chinese,Consumer,Gold,2020-06-30,2020,RETURNING,True,MDM,2020-06-30 00:00:00,2026-04-17 15:58:36.667771
8dceaed6-caf4-4e3d-876f-62bf9f9044c7,CUST-2020-CN-000980,洁,石,洁 石,Female,1954-07-11,user774.apple501@icloud.com,18781772378,王街l座,华县,大冶县,918759,CN,China,GREATER_CHINA,Chinese,Consumer,Platinum,2020-04-27,2020,RETURNING,True,MDM,2020-04-27 00:00:00,2026-04-17 15:58:36.667773
623b7471-e440-41fa-93c3-0a9e63dae805,CUST-2019-CN-000894,丽丽,黄,丽丽 黄,Male,2000-05-28,user563.apple180@outlook.com,13975345352,赵街V座,军市,云市,233292,CN,China,GREATER_CHINA,Chinese,Consumer,None,2019-12-17,2019,RETURNING,True,MDM,2019-12-17,2026-04-17 15:58:36.667775
33f9c97e-46ed-4319-a7ae-0dacf1f6fb96,CUST-2020-CN-000271,桂兰,高,桂兰 高,Female,1985-01-22,user518.apple@aol.com,15573587024,潜江路i座,辉县,郑州县,871560,CN,China,GREATER_CHINA,Chinese,Consumer,None,2020-08-24,2020,RETURNING,True,MDM,2020-08-24 00:00:00,2026-04-17 15:58:36.667777
45fdfeec-0599-4c18-9117-bf2c0a1a80b3,CUST-2019-CN-002631,平,薛,平 薛,Male,1992-07-06,user490.apple730@gmail.com,18934329454,哈尔滨街M座,红霞县,淮安县,124406,CN,China,GREATER_CHINA,Chinese,Consumer,None,2019-04-07,2019,RETURNING,True,MDM,2019-04-07,2026-04-17 15:58:36.667779
eb3d4ab5-e198-45ee-9079-d1d4cebc7212,CUST-2019-CN-002783,玉,蒲,玉 蒲,Male,1950-05-04,user980.apple404@yahoo.com,14711140592,石街d座,芳市,阜新县,903738,CN,China,GREATER_CHINA,Chinese,Education,Silver,2019-09-08,2019,RETURNING,True,MDM,2019-09-08,2026-04-17 15:58:36.667780
3e3a7383-330b-4fe8-9f93-e18a3d332272,CUST-2020-CN-000258,佳,黄,佳 黄,Female,1953-03-26,user631.apple@icloud.com,18871863108,北镇街q座,南京县,沈阳市,177842,CN,China,GREATER_CHINA,Chinese,Consumer,Gold,2020-05-16,2020,RETURNING,True,MDM,2020-05-16 00:00:00,2026-04-17 15:58:36.667782
d3fbde2e-32dd-4652-98a2-a3814799665f,CUST-2019-CN-002989,健,连,健 连,Female,1999-12-09,user740.apple@icloud.com,14782381285,惠州街m座,春梅市,杭州县,341274,CN,China,GREATER_CHINA,Chinese,Business,None,2019-05-21,2019,RETURNING,True,MDM,2019-05-21,2026-04-17 15:58:36.667788
7694e51c-0dfb-461a-bdf0-417ce62a54c7,CUST-2019-CN-001221,佳,彭,佳 彭,Male,1966-06-02,user293.apple942@mail.com,15830202673,韦街y座,南京市,成县,208956,CN,China,GREATER_CHINA,Chinese,Consumer,Gold,2019-10-01,2019,RETURNING,True,MDM,2019-10-01,2026-04-17 15:58:36.667789
0b51e5da-d7b7-4bc9-bc1c-c55505acd13c,CUST-2020-CN-000367,玉华,高,玉华 高,Male,1967-11-25,user322.apple@msn.com,15683694368,哈尔滨路X座,桂香市,东莞县,227523,CN,China,GREATER_CHINA,Chinese,Education,None,2020-12-18,2020,RETURNING,True,MDM,2020-12-18 00:00:00,2026-04-17 15:58:36.667792
41a4c854-7156-49fe-a9dd-b7860bed4c86,CUST-2019-CN-000766,晶,张,晶 张,Male,1985-10-29,user111.apple@gmx.com,13631561547,巢湖路h座,宁德县,丽丽县,848492,CN,China,GREATER_CHINA,Chinese,Consumer,None,2019-02-15,2019,RETURNING,True,MDM,2019-02-15,2026-04-17 15:58:36.667793
c7de48fb-71b8-454f-b3dd-789243f05ced,CUST-2020-CN-000921,婷,曾,婷 曾,Female,2000-01-31,user482.apple@yahoo.com,15570399051,阜新路O座,建平县,淑珍县,978428,CN,China,GREATER_CHINA,Chinese,Consumer,Gold,2020-01-29,2020,RETURNING,True,MDM,2020-01-29 00:00:00,2026-04-17 15:58:36.667795
ab3faf8d-8461-4c25-aad4-6a78645f4f7b,CUST-2019-CN-000730,淑英,傅,淑英 傅,Male,1956-05-18,user948.apple@gmx.com,13190597594,伍路a座,六安市,张家港县,307365,CN,China,GREATER_CHINA,Chinese,Consumer,None,2019-10-16,2019,RETURNING,True,MDM,2019-10-16,2026-04-17 15:58:36.667797
ec297599-f51a-435e-9529-cae5c93f997f,CUST-2020-CN-000232,英,陈,英 陈,Male,1976-10-29,user827.apple@hotmail.com,15044587110,沈阳街g座,杨县,澳门县,682628,CN,China,GREATER_CHINA,Chinese,Consumer,None,2020-09-17,2020,RETURNING,True,MDM,2020-09-17 00:00:00,2026-04-17 15:58:36.667799
aac676e3-429c-4a6d-8fc3-11b61e61fb21,CUST-2019-CN-002275,桂荣,李,桂荣 李,Female,1977-05-11,user782.apple@aol.com,13778103399,周街y座,荆门县,英县,923405,CN,China,GREATER_CHINA,Chinese,Consumer,None,2019-01-31,2019,RETURNING,True,MDM,2019-01-31,2026-04-17 15:58:36.667801
8f9a98d9-ac65-40fb-8720-a3922988a057,CUST-2019-CN-000917,桂英,牟,桂英 牟,Female,1958-02-09,user401.apple@gmx.com,15944158012,胡路U座,香港县,丽娟市,625175,CN,China,GREATER_CHINA,Chinese,Consumer,Platinum,2019-08-04,2019,RETURNING,True,MDM,2019-08-04,2026-04-17 15:58:36.667805
2869aa91-c9e9-4bcf-9f2d-d324f0495fb5,CUST-2019-CN-001232,秀芳,徐,秀芳 徐,Male,2007-10-17,user386.apple@protonmail.com,18943002641,汕尾街H座,明县,强县,905530,CN,China,GREATER_CHINA,Chinese,Consumer,Silver,2019-07-18,2019,RETURNING,True,MDM,2019-07-18,2026-04-17 15:58:36.667807
52b63da2-0cde-4162-9db1-5832f86f8244,CUST-2020-CN-000282,春梅,余,春梅 余,Female,1995-08-30,user283.apple743@outlook.com,14508290637,侯路C座,秀芳县,晨县,739152,CN,China,GREATER_CHINA,Chinese,Consumer,Gold,2020-12-26,2020,RETURNING,True,MDM,2020-12-26 00:00:00,2026-04-17 15:58:36.667808
8261b6be-adc8-4d25-afd3-47dc187f5147,CUST-2019-CN-002234,彬,王,彬 王,Female,1973-05-15,user104.apple@mail.com,18134329912,北镇路d座,梅市,海燕市,198516,CN,China,GREATER_CHINA,Chinese,Consumer,Platinum,2019-09-10,2019,RETURNING,True,MDM,2019-09-10,2026-04-17 15:58:36.667809
fe2172a2-176f-430e-93b3-8e35290ed2a3,CUST-2019-CN-001714,芳,吴,芳 吴,Male,2000-08-06,user874.apple@live.com,15208312525,福州街Y座,帅县,昆明县,979460,CN,China,GREATER_CHINA,Chinese,Consumer,None,2019-03-16,2019,RETURNING,True,MDM,2019-03-16,2026-04-17 15:58:36.667811
f92bd275-cb02-4ca0-b1d5-220c853d1e75,CUST-2019-CN-002558,云,黎,云 黎,Female,1996-11-23,user966.apple@gmx.com,13083781765,赵街U座,淮安县,武汉县,869406,CN,China,GREATER_CHINA,Chinese,Consumer,Silver,2019-07-11,2019,RETURNING,True,MDM,2019-07-11,2026-04-17 15:58:36.667813
d9754205-d401-4734-b918-66dc003c9b94,CUST-2020-CN-000835,亮,陈,亮 陈,Male,1987-09-28,user420.apple484@msn.com,15992196904,张街g座,兴城市,秀云市,585485,CN,China,GREATER_CHINA,Chinese,Consumer,Platinum,2020-12-17,2020,RETURNING,True,MDM,2020-12-17 00:00:00,2026-04-17 15:58:36.667814
6737060d-aef2-4c59-a4e8-3c6ae050dea3,CUST-2019-CN-000428,红,吴,红 吴,Female,1968-03-16,user499.apple507@aol.com,18103663649,李街w座,辛集市,荆门县,491471,CN,China,GREATER_CHINA,Chinese,Consumer,Platinum,2019-05-26,2019,RETURNING,True,MDM,2019-05-26,2026-04-17 15:58:36.667815
9c0c5a11-5791-41aa-b6f6-75a6428ad22a,CUST-2019-CN-002125,晶,刘,晶 刘,Female,1988-10-18,user608.apple@mail.com,13358809329,黄街T座,凯市,利市,444073,CN,China,GREATER_CHINA,Chinese,Consumer,None,2019-03-22,2019,RETURNING,True,MDM,2019-03-22,2026-04-17 15:58:36.667817
644ee9ed-9f11-44d8-8da8-a37dbe639a2b,CUST-2019-CN-001074,荣,周,荣 周,Male,1988-12-10,user465.apple@mail.com,15530381164,周街G座,伟市,雪县,406804,CN,China,GREATER_CHINA,Chinese,Consumer,None,2019-06-22,2019,RETURNING,False,MDM,2019-06-22,2026-04-17 15:58:36.667819
177943bf-765f-41ac-84dd-85f340f2510f,CUST-2019-CN-002127,晨,钱,晨 钱,Female,1999-03-15,user432.apple@mail.com,15189264352,高路Q座,广州县,拉萨市,582492,CN,China,GREATER_CHINA,Chinese,Consumer,Gold,2019-09-23,2019,RETURNING,True,MDM,2019-09-23,2026-04-17 15:58:36.667824
94179827-bab8-40fb-954d-1177d5f53d09,CUST-2020-CN-000573,淑华,麦,淑华 麦,Male,1954-03-29,user218.apple@zoho.com,15567326412,陈街N座,西安市,贵阳市,630867,CN,China,GREATER_CHINA,Chinese,Consumer,Silver,2020-05-12,2020,RETURNING,True,MDM,2020-05-12 00:00:00,2026-04-17 15:58:36.667826
42f8901d-c8ca-4f62-be49-56ce20ff180f,CUST-2020-CN-000737,成,杨,成 杨,Female,1992-02-16,user669.apple@protonmail.com,18808213649,成都街C座,兰州县,海门县,246037,CN,China,GREATER_CHINA,Chinese,Consumer,Silver,2020-09-15,2020,RETURNING,True,MDM,2020-09-15 00:00:00,2026-04-17 15:58:36.667827
980ea20a-763a-4046-a5bd-aac7ef081952,CUST-2019-CN-002207,桂英,彭,桂英 彭,Male,1994-12-12,user885.apple@aol.com,18644691486,王街k座,文市,玉珍市,673162,CN,China,GREATER_CHINA,Chinese,Consumer,Platinum,2019-02-21,2019,RETURNING,True,MDM,2019-02-21,2026-04-17 15:58:36.667828
7485ba47-557d-4d5a-b35b-2c2358cc4c02,CUST-2020-CN-000942,磊,周,磊 周,Male,1980-09-16,user390.apple@icloud.com,15830206760,王路C座,岩市,通辽市,121294,CN,China,GREATER_CHINA,Chinese,Consumer,None,2020-11-27,2020,RETURNING,True,MDM,2020-11-27 00:00:00,2026-04-17 15:58:36.667830
9cb35b1a-c927-437b-ac70-74c474d16b0d,CUST-2019-CN-002269,玉英,李,玉英 李,Male,1982-05-27,user424.apple@msn.com,15354966526,马街m座,涛县,济南县,982725,CN,China,GREATER_CHINA,Chinese,Business,Silver,2019-02-18,2019,RETURNING,True,MDM,2019-02-18,2026-04-17 15:58:36.667832
69238cd4-5396-48b5-9107-3fbf68b8cc70,CUST-2019-CN-000022,欢,王,欢 王,Female,1988-05-05,user660.apple654@gmail.com,18826118649,西宁路P座,淑华县,桂英市,878782,CN,China,GREATER_CHINA,Chinese,Consumer,None,2019-03-16,2019,RETURNING,True,MDM,2019-03-16,2026-04-17 15:58:36.667834
403050b2-5f91-4e2f-9912-5443850ca248,CUST-2019-CN-000959,红,叶,红 叶,Female,1976-09-25,user649.apple@icloud.com,14537748593,成都路b座,兵县,拉萨县,764282,CN,China,GREATER_CHINA,Chinese,Consumer,None,2019-07-05,2019,RETURNING,True,MDM,2019-07-05,2026-04-17 15:58:36.667836
a078ea14-ffb5-42c0-ab58-d5fb8e4713b8,CUST-2020-CN-000705,芳,王,芳 王,Male,1986-04-07,user549.apple@gmail.com,14789598859,西安路Q座,冬梅县,合肥市,907838,CN,China,GREATER_CHINA,Chinese,Consumer,None,2020-10-22,2020,RETURNING,True,MDM,2020-10-22 00:00:00,2026-04-17 15:58:36.667838
81436ac5-6d66-450e-866f-724f86d3e612,CUST-2020-CN-000727,志强,高,志强 高,Male,1964-07-26,user834.apple510@msn.com,18964437033,李路P座,辽阳县,雪县,617623,CN,China,GREATER_CHINA,Chinese,Consumer,None,2020-08-06,2020,RETURNING,True,MDM,2020-08-06 00:00:00,2026-04-17 15:58:36.667839
639c73ce-161f-42c6-bbef-2b6b8eb75376,CUST-2019-CN-001649,玉珍,姜,玉珍 姜,Male,2005-01-15,user747.apple@msn.com,18685292868,边街R座,太原市,宜都县,699288,CN,China,GREATER_CHINA,Chinese,Business,None,2019-05-19,2019,RETURNING,True,MDM,2019-05-19,2026-04-17 15:58:36.667842
b4b93609-149b-4ed0-b1fe-5ec912478257,CUST-2019-CN-002328,凤英,姚,凤英 姚,Female,1982-08-01,user150.apple@yahoo.com,13860262369,银川街f座,波市,长沙县,524180,CN,China,GREATER_CHINA,Chinese,Business,Platinum,2019-06-20,2019,RETURNING,True,MDM,2019-06-20,2026-04-17 15:58:36.667844
bee30368-de6c-4d06-84ef-6f21a286a896,CUST-2020-CN-000265,燕,蒋,燕 蒋,Female,1975-04-05,user385.apple383@gmx.com,13601956299,常街q座,南宁市,浩县,379921,CN,China,GREATER_CHINA,Chinese,Consumer,Platinum,2020-11-28,2020,RETURNING,True,MDM,2020-11-28 00:00:00,2026-04-17 15:58:36.667845
66b5d404-96ad-438c-9154-410c7049d119,CUST-2019-CN-001567,波,李,波 李,Female,1969-10-19,user120.apple998@outlook.com,13022786397,宋路s座,哈尔滨县,艳市,587690,CN,China,GREATER_CHINA,Chinese,Consumer,None,2019-08-30,2019,RETURNING,True,MDM,2019-08-30,2026-04-17 15:58:36.667847
18549d8f-c6c6-4f0c-8cfc-3293fc6ffb16,CUST-2019-CN-002357,想,傅,想 傅,Female,1982-01-09,user671.apple@hotmail.com,15600181732,李路x座,建平市,太原市,968673,CN,China,GREATER_CHINA,Chinese,Business,None,2019-09-02,2019,RETURNING,True,MDM,2019-09-02,2026-04-17 15:58:36.667849
d5aabd73-463b-4b19-a4f1-82d236719bd3,CUST-2019-CN-000409,莉,庞,莉 庞,Male,1950-10-07,user157.apple437@aol.com,13164767808,北镇街m座,兴安盟市,亮市,415916,CN,China,GREATER_CHINA,Chinese,Consumer,Silver,2019-09-27,2019,RETURNING,True,MDM,2019-09-27,2026-04-17 15:58:36.667851
c066ad75-cc91-4b3f-9fc0-ec28a99998ce,CUST-2019-CN-001397,秀荣,李,秀荣 李,Male,1997-02-16,user815.apple@zoho.com,13394890462,西宁路x座,柳州县,辛集市,654195,CN,China,GREATER_CHINA,Chinese,Consumer,None,2019-12-12,2019,RETURNING,True,MDM,2019-12-12,2026-04-17 15:58:36.667853
e16b93fc-b0a6-47d1-b85d-eb7e26d326f5,CUST-2019-CN-002502,淑珍,王,淑珍 王,Male,1969-10-18,user317.apple@outlook.com,18708695088,柳州路v座,杰县,涛县,825367,CN,China,GREATER_CHINA,Chinese,Business,None,2019-05-11,2019,RETURNING,True,MDM,2019-05-11,2026-04-17 15:58:36.667855
9a80eef6-f3b3-46bb-b897-a173bc822149,CUST-2019-CN-002359,龙,张,龙 张,Male,1982-06-22,user138.apple27@aol.com,15782682158,邵路H座,伟市,秀珍县,604513,CN,China,GREATER_CHINA,Chinese,Consumer,None,2019-05-17,2019,RETURNING,True,MDM,2019-05-17,2026-04-17 15:58:36.667857
24d4a3e8-fec6-4a9b-ab90-ee544656d0de,CUST-2019-CN-002375,波,陈,波 陈,Female,1968-06-06,user288.apple165@outlook.com,15115546431,徐街S座,福州县,南宁县,709954,CN,China,GREATER_CHINA,Chinese,Consumer,None,2019-01-26,2019,RETURNING,True,MDM,2019-01-26,2026-04-17 15:58:36.667863
dd63af05-6a31-4072-be9f-c371ac596adb,CUST-2019-CN-001946,桂荣,邱,桂荣 邱,Male,1954-07-04,user120.apple@zoho.com,13654614765,齐齐哈尔街E座,洋市,瑜县,811086,CN,China,GREATER_CHINA,Chinese,Business,Gold,2019-10-05,2019,RETURNING,True,MDM,2019-10-05,2026-04-17 15:58:36.667865
e355adf2-f0f0-4212-aa42-13813cd53c5c,CUST-2019-CN-001278,华,王,华 王,Male,2004-02-21,user490.apple@icloud.com,15110706545,刘路h座,秀兰县,哈尔滨县,338585,CN,China,GREATER_CHINA,Chinese,Consumer,Platinum,2019-07-26,2019,RETURNING,True,MDM,2019-07-26,2026-04-17 15:58:36.667867
9d5f1dc1-ea65-4922-bf43-e617b2108579,CUST-2019-CN-001374,淑兰,鲍,淑兰 鲍,Female,1967-01-16,user889.apple@aol.com,15694969237,苑街E座,帅市,巢湖县,892998,CN,China,GREATER_CHINA,Chinese,Consumer,None,2019-12-21,2019,RETURNING,True,MDM,2019-12-21,2026-04-17 15:58:36.667869
bec13b89-875e-4e6a-9730-deb3e55d4fdb,CUST-2019-CN-000121,桂兰,姜,桂兰 姜,Female,2001-01-16,user923.apple@mail.com,13087966668,武汉路p座,兰州市,杭州县,850984,CN,China,GREATER_CHINA,Chinese,Business,Platinum,2019-07-26,2019,RETURNING,True,MDM,2019-07-26,2026-04-17 15:58:36.667870
381893a3-57df-4698-8c18-d538da5b7703,CUST-2019-CN-001907,秀珍,龚,秀珍 龚,Female,1954-08-06,user500.apple@protonmail.com,18761926778,沈阳路D座,畅市,旭县,428141,CN,China,GREATER_CHINA,Chinese,Business,None,2019-03-16,2019,RETURNING,True,MDM,2019-03-16,2026-04-17 15:58:36.667872
98a3f3a7-f8ba-414c-a65e-b64dbb0b8a68,CUST-2020-CN-000796,淑华,王,淑华 王,Male,1993-05-29,user670.apple@hotmail.com,13782914281,陶路F座,辽阳市,潜江县,740220,CN,China,GREATER_CHINA,Chinese,Consumer,Platinum,2020-11-18,2020,RETURNING,False,MDM,2020-11-18 00:00:00,2026-04-17 15:58:36.667874
b76a4f85-fffa-4c59-8890-05309d7f83b9,CUST-2020-CN-000647,凤兰,刘,凤兰 刘,Female,2004-10-07,user908.apple@gmail.com,15865024091,郑州街r座,哈尔滨县,杨县,926057,CN,China,GREATER_CHINA,Chinese,Consumer,None,2020-03-04,2020,RETURNING,True,MDM,2020-03-04 00:00:00,2026-04-17 15:58:36.667876
3301c3a5-e678-4632-a9df-af88b2b4da10,CUST-2019-CN-000475,云,姜,云 姜,Female,1958-06-27,user292.apple@hotmail.com,15573057525,赵路B座,武汉市,潮州县,817048,CN,China,GREATER_CHINA,Chinese,Consumer,Silver,2019-12-09,2019,RETURNING,True,MDM,2019-12-09,2026-04-17 15:58:36.667877
3ec9ca72-08bf-4683-bc48-f204dd8837e2,CUST-2019-CN-001871,鑫,聂,鑫 聂,Male,1953-06-30,user467.apple@aol.com,18899523495,孙街A座,瑞市,重庆县,658343,CN,China,GREATER_CHINA,Chinese,Business,None,2019-03-02,2019,RETURNING,True,MDM,2019-03-02,2026-04-17 15:58:36.667879
43ffed45-c539-438d-9c16-5d29c089d805,CUST-2019-CN-001767,莹,张,莹 张,Female,1962-01-19,user555.apple@zoho.com,14596831888,乌鲁木齐路S座,长沙县,南宁市,869558,CN,China,GREATER_CHINA,Chinese,Education,Platinum,2019-01-17,2019,RETURNING,True,MDM,2019-01-17,2026-04-17 15:58:36.667884
40545529-f93a-4baf-b8d7-cd4d950d9665,CUST-2020-CN-000697,军,贾,军 贾,Female,1955-12-13,user902.apple865@protonmail.com,18131228761,梁路e座,玲县,南宁县,285058,CN,China,GREATER_CHINA,Chinese,Consumer,Silver,2020-05-21,2020,RETURNING,True,MDM,2020-05-21 00:00:00,2026-04-17 15:58:36.667885
b58ac0cb-dc82-43d6-b05e-4665e165229c,CUST-2019-CN-000135,楠,马,楠 马,Male,1989-01-20,user938.apple@icloud.com,18142528990,杨路b座,秀珍市,桂英县,913378,CN,China,GREATER_CHINA,Chinese,Education,None,2019-09-15,2019,RETURNING,True,MDM,2019-09-15,2026-04-17 15:58:36.667888
3801b0ff-e953-4310-bf0f-ea30820c5ed0,CUST-2020-CN-000563,波,李,波 李,Male,1989-10-19,user646.apple@zoho.com,18107569967,黄路I座,志强县,济南市,556625,CN,China,GREATER_CHINA,Chinese,Business,Gold,2020-12-06,2020,RETURNING,True,MDM,2020-12-06 00:00:00,2026-04-17 15:58:36.667889
26c3e8b7-ed50-4dfe-a4bb-09477ee8a5d3,CUST-2019-CN-003000,瑞,金,瑞 金,Male,2006-05-09,user216.apple@hotmail.com,15938743287,东莞路F座,鑫县,阳县,669165,CN,China,GREATER_CHINA,Chinese,Consumer,Gold,2019-02-27,2019,RETURNING,False,MDM,2019-02-27,2026-04-17 15:58:36.667891
98bfa829-bbff-490a-8b13-6e63540c3ca1,CUST-2020-CN-000820,桂芳,苏,桂芳 苏,Female,1958-08-31,user294.apple633@yahoo.com,14580611943,荆门街M座,天津县,北京市,313680,CN,China,GREATER_CHINA,Chinese,Consumer,Silver,2020-07-26,2020,RETURNING,True,MDM,2020-07-26 00:00:00,2026-04-17 15:58:36.667892
8044f73f-ba0e-4278-8eaf-2b47eb2958ca,CUST-2020-CN-000197,健,甘,健 甘,Female,1992-09-01,user985.apple@aol.com,15720346646,郑州街c座,超市,静县,796857,CN,China,GREATER_CHINA,Chinese,Consumer,None,2020-03-03,2020,RETURNING,True,MDM,2020-03-03 00:00:00,2026-04-17 15:58:36.667894
dcbd0e1d-ff30-4e51-b8bb-89f664a5ca35,CUST-2020-CN-000943,英,唐,英 唐,Male,1995-08-03,user807.apple@zoho.com,15509592467,齐齐哈尔街w座,岩县,宜都市,162107,CN,China,GREATER_CHINA,Chinese,Consumer,Gold,2020-04-28,2020,RETURNING,True,MDM,2020-04-28 00:00:00,2026-04-17 15:58:36.667895
d57c7b93-3642-4c92-a1f3-8784f2beb95c,CUST-2019-CN-000866,英,罗,英 罗,Male,2004-04-06,user585.apple@yahoo.com,15347742112,澳门街B座,淑珍县,长春市,290586,CN,China,GREATER_CHINA,Chinese,Consumer,Silver,2019-04-27,2019,RETURNING,True,MDM,2019-04-27,2026-04-17 15:58:36.667901
d7b672b6-4c69-45e4-9e9b-ad76adcd7d6f,CUST-2019-CN-001561,秀英,陈,秀英 陈,Male,1961-04-07,user974.apple913@aol.com,13162467382,邯郸路u座,贵阳县,呼和浩特市,193778,CN,China,GREATER_CHINA,Chinese,Consumer,None,2019-03-20,2019,RETURNING,True,MDM,2019-03-20,2026-04-17 15:58:36.667903
116536f3-abd2-4ccc-b149-8cd426263560,CUST-2019-CN-000425,佳,陶,佳 陶,Female,1974-08-26,user131.apple854@mail.com,15773153616,郑州街n座,楠县,玉珍市,130200,CN,China,GREATER_CHINA,Chinese,Consumer,None,2019-07-31,2019,RETURNING,False,MDM,2019-07-31,2026-04-17 15:58:36.667905
ffc9cd90-40a3-4bfd-835a-14634a991983,CUST-2019-CN-001920,龙,胡,龙 胡,Female,1985-08-18,user951.apple202@hotmail.com,15674250488,刘街r座,帆县,长沙市,321544,CN,China,GREATER_CHINA,Chinese,Consumer,Gold,2019-12-29,2019,RETURNING,True,MDM,2019-12-29,2026-04-17 15:58:36.667906
e3479329-db6b-491e-ab70-3b007ff586f3,CUST-2020-CN-000432,波,周,波 周,Female,1961-04-08,user485.apple3@live.com,15646681891,重庆街V座,飞市,汕尾县,401637,CN,China,GREATER_CHINA,Chinese,Consumer,Platinum,2020-05-07,2020,RETURNING,True,MDM,2020-05-07 00:00:00,2026-04-17 15:58:36.667908
4329f758-2781-441a-9da1-a5c9803ff98d,CUST-2019-CN-000479,亮,柏,亮 柏,Male,1998-03-26,user577.apple@live.com,15868870408,黄路m座,文市,梧州市,729579,CN,China,GREATER_CHINA,Chinese,Consumer,None,2019-06-19,2019,RETURNING,True,MDM,2019-06-19,2026-04-17 15:58:36.667910
7402dd37-bb8b-4d13-b666-d72c38081c42,CUST-2019-CN-002779,成,韩,成 韩,Female,1972-01-06,user743.apple@msn.com,15236213658,贾街J座,武汉市,阜新县,314702,CN,China,GREATER_CHINA,Chinese,Consumer,Silver,2019-06-13,2019,RETURNING,True,MDM,2019-06-13,2026-04-17 15:58:36.667911
83b379f2-3a6a-44c9-a48c-bf0501fcb83a,CUST-2020-CN-000222,鑫,王,鑫 王,Male,1990-03-16,user229.apple@live.com,18586870498,六盘水街B座,红市,太原县,638808,CN,China,GREATER_CHINA,Chinese,Consumer,None,2020-08-18,2020,RETURNING,True,MDM,2020-08-18 00:00:00,2026-04-17 15:58:36.667913
a0974aed-35b6-48b4-9176-913222d54475,CUST-2020-CN-000206,杰,刘,杰 刘,Male,1951-04-29,user944.apple@gmx.com,15687424597,李街r座,海口市,辛集市,648814,CN,China,GREATER_CHINA,Chinese,Education,None,2020-07-02,2020,RETURNING,True,MDM,2020-07-02 00:00:00,2026-04-17 15:58:36.667915
5ca3d868-bbbe-4a2c-9f51-1f6beacd22cc,CUST-2019-CN-000636,佳,顾,佳 顾,Female,1952-05-16,user327.apple@hotmail.com,13932898909,梧州路g座,广州市,长沙县,693558,CN,China,GREATER_CHINA,Chinese,Consumer,Platinum,2019-07-01,2019,RETURNING,True,MDM,2019-07-01,2026-04-17 15:58:36.667919
1c4eabf5-1b35-4936-8d5a-31da161fb7d9,CUST-2020-CN-000178,亮,陈,亮 陈,Female,1998-07-21,user288.apple@gmail.com,18242246344,胡街y座,海口市,超市,497928,CN,China,GREATER_CHINA,Chinese,Consumer,Platinum,2020-04-09,2020,RETURNING,False,MDM,2020-04-09 00:00:00,2026-04-17 15:58:36.667920
b86738e7-e9d1-4bf2-a874-c6ae98e318d8,CUST-2019-CN-001834,霞,陈,霞 陈,Female,1979-05-12,user758.apple@mail.com,15212055211,北镇街G座,芳县,东莞县,438844,CN,China,GREATER_CHINA,Chinese,Consumer,None,2019-11-21,2019,RETURNING,True,MDM,2019-11-21,2026-04-17 15:58:36.667922
2439c2c6-8d21-42b9-acd3-9c18172927f4,CUST-2020-CN-000556,峰,杨,峰 杨,Male,1993-04-13,user346.apple@aol.com,13254614987,乌鲁木齐街C座,马鞍山市,丹县,277888,CN,China,GREATER_CHINA,Chinese,Business,None,2020-10-28,2020,RETURNING,True,MDM,2020-10-28 00:00:00,2026-04-17 15:58:36.667924
69331b21-62cd-4db4-9480-e246fba38e1d,CUST-2019-CN-002203,玉华,余,玉华 余,Female,2007-09-22,user380.apple@yahoo.com,15308557699,陈街l座,淮安市,雪梅市,132262,CN,China,GREATER_CHINA,Chinese,Education,None,2019-12-15,2019,RETURNING,True,MDM,2019-12-15,2026-04-17 15:58:36.667926
edde0b5e-56d2-4bab-9f9b-f7d52a0ae768,CUST-2019-CN-001243,琳,王,琳 王,Female,1986-10-05,user940.apple@gmx.com,15993361251,程路t座,欢县,浩县,199567,CN,China,GREATER_CHINA,Chinese,Consumer,Gold,2019-12-04,2019,RETURNING,True,MDM,2019-12-04,2026-04-17 15:58:36.667927
38667997-d180-4af1-a2dd-5a4e7ba02604,CUST-2019-CN-001109,超,张,超 张,Male,1969-04-13,user389.apple@outlook.com,13582000690,长沙路Y座,石家庄市,阜新县,280496,CN,China,GREATER_CHINA,Chinese,Consumer,None,2019-08-10,2019,RETURNING,True,MDM,2019-08-10,2026-04-17 15:58:36.667929
e703b388-c2ed-4be3-8921-9d828407503f,CUST-2019-CN-000540,杨,王,杨 王,Female,1990-02-15,user772.apple@msn.com,15564935046,淮安街n座,太原市,慧县,361945,CN,China,GREATER_CHINA,Chinese,Consumer,Gold,2019-05-20,2019,RETURNING,False,MDM,2019-05-20,2026-04-17 15:58:36.667930
ca56c3fe-a0c7-4be4-bc9c-9ca195fd5e91,CUST-2019-CN-002130,凤英,周,凤英 周,Female,1950-09-14,user401.apple@yahoo.com,13771219078,西安街J座,桂珍县,大冶市,728465,CN,China,GREATER_CHINA,Chinese,Consumer,None,2019-06-04,2019,RETURNING,False,MDM,2019-06-04,2026-04-17 15:58:36.667936
8852e5ba-a052-41bc-8dd3-6a6d41f8ec6d,CUST-2019-CN-000038,淑兰,王,淑兰 王,Female,1980-11-12,user616.apple219@live.com,18202868538,沈阳街h座,汕尾县,六盘水县,424283,CN,China,GREATER_CHINA,Chinese,Consumer,None,2019-03-14,2019,RETURNING,True,MDM,2019-03-14,2026-04-17 15:58:36.667938
51840880-9e4c-4987-9449-d98de50b535c,CUST-2020-CN-000457,雪梅,郭,雪梅 郭,Male,1957-07-20,user560.apple@protonmail.com,13274947206,徐街f座,洁县,娜市,681754,CN,China,GREATER_CHINA,Chinese,Education,Silver,2020-03-15,2020,RETURNING,True,MDM,2020-03-15 00:00:00,2026-04-17 15:58:36.667940
d1b855b9-c20f-4f8d-913f-171f81cd2854,CUST-2019-CN-000323,瑜,李,瑜 李,Female,1989-10-16,user675.apple@gmail.com,13870578165,郑州街Z座,福州市,建县,385619,CN,China,GREATER_CHINA,Chinese,Education,None,2019-08-28,2019,RETURNING,True,MDM,2019-08-28,2026-04-17 15:58:36.667942
85d6aca6-a4df-48d6-950a-a70544a69c4b,CUST-2019-CN-002472,丽,罗,丽 罗,Female,2003-03-12,user586.apple@zoho.com,13600486200,曹路b座,兰英市,嘉禾市,581739,CN,China,GREATER_CHINA,Chinese,Education,None,2019-08-26,2019,RETURNING,False,MDM,2019-08-26,2026-04-17 15:58:36.667944
ddbb97f8-1e0b-4c2e-a29b-be551901c6f3,CUST-2019-CN-000424,柳,蔡,柳 蔡,Female,1963-01-04,user635.apple@aol.com,18726616084,郑州街g座,台北市,萍市,976453,CN,China,GREATER_CHINA,Chinese,Consumer,Silver,2019-08-26,2019,RETURNING,True,MDM,2019-08-26,2026-04-17 15:58:36.667945
fd8b52a5-9542-4ab3-b0cc-6ecac7c0a871,CUST-2019-CN-002145,建国,陈,建国 陈,Male,1995-01-08,user232.apple@mail.com,13774998518,王街R座,合山县,沈阳市,263688,CN,China,GREATER_CHINA,Chinese,Business,None,2019-02-17,2019,RETURNING,True,MDM,2019-02-17,2026-04-17 15:58:36.667947
14ce5239-1191-4202-8c00-245e439175d0,CUST-2020-CN-000278,婷,谢,婷 谢,Male,1967-08-13,user680.apple731@aol.com,14714303560,曾街e座,莉市,潮州市,630563,CN,China,GREATER_CHINA,Chinese,Consumer,None,2020-05-13,2020,RETURNING,True,MDM,2020-05-13 00:00:00,2026-04-17 15:58:36.667949
4726265f-1e62-48fe-bd7a-f8ab2c875d42,CUST-2019-CN-001065,玲,李,玲 李,Male,1982-02-07,user612.apple@protonmail.com,13680181845,彭路X座,福州市,晶市,690435,CN,China,GREATER_CHINA,Chinese,Consumer,None,2019-11-26,2019,RETURNING,True,MDM,2019-11-26,2026-04-17 15:58:36.667951
c167e5cf-d38e-4dbd-8d54-a1bc3b106977,CUST-2019-CN-000986,春梅,何,春梅 何,Female,1968-12-03,user450.apple@aol.com,14746352678,陈街r座,马鞍山县,宜都县,750875,CN,China,GREATER_CHINA,Chinese,Consumer,None,2019-10-08,2019,RETURNING,True,MDM,2019-10-08,2026-04-17 15:58:36.667953
821c0a70-85a3-4ffd-8e2c-756f3597f8c1,CUST-2019-CN-000388,桂芝,黄,桂芝 黄,Male,1969-05-31,user552.apple@mail.com,13024594094,汕尾街p座,东莞市,婷婷市,878488,CN,China,GREATER_CHINA,Chinese,Consumer,None,2019-07-13,2019,RETURNING,True,MDM,2019-07-13,2026-04-17 15:58:36.667955
809567e2-54b7-4d52-8548-05f8fbbe3f69,CUST-2020-CN-000893,桂珍,王,桂珍 王,Female,1994-01-25,user611.apple109@aol.com,13820384865,合肥街a座,英市,楠市,589578,CN,China,GREATER_CHINA,Chinese,Consumer,None,2020-03-03,2020,RETURNING,True,MDM,2020-03-03 00:00:00,2026-04-17 15:58:36.667957
48ade60d-8857-4811-9f20-28d9ed0d2e36,CUST-2019-CN-002064,萍,王,萍 王,Male,1976-05-27,user542.apple387@msn.com,18922621989,成都街I座,婷市,秀珍市,545316,CN,China,GREATER_CHINA,Chinese,Consumer,None,2019-09-17,2019,RETURNING,True,MDM,2019-09-17,2026-04-17 15:58:36.667959
3b5cc80b-9baa-4a90-bc3f-f585e6fbef68,CUST-2019-CN-001616,杨,吕,杨 吕,Male,1997-03-25,user949.apple@mail.com,18171157798,贵阳街e座,鹏县,秀云县,232124,CN,China,GREATER_CHINA,Chinese,Education,None,2019-07-19,2019,RETURNING,True,MDM,2019-07-19,2026-04-17 15:58:36.667961
7c24f4e3-8191-49bc-88a2-8c9daae65871,CUST-2019-CN-002704,倩,王,倩 王,Male,2003-10-17,user657.apple@mail.com,13120727958,陈路i座,乌鲁木齐市,宁德县,177493,CN,China,GREATER_CHINA,Chinese,Education,Gold,2019-07-03,2019,RETURNING,True,MDM,2019-07-03,2026-04-17 15:58:36.667966
343f4038-bd1b-465e-9f59-2f3b82e17300,CUST-2019-CN-001904,敏,游,敏 游,Female,2007-04-10,user621.apple@msn.com,15912412672,蓝街F座,宜都市,林县,759972,CN,China,GREATER_CHINA,Chinese,Consumer,None,2019-05-12,2019,RETURNING,True,MDM,2019-05-12,2026-04-17 15:58:36.667968
1f7850ea-888a-458f-b71c-675fa56904e1,CUST-2019-CN-002466,倩,张,倩 张,Male,1970-07-24,user359.apple@aol.com,15843855726,马鞍山街a座,旭市,秀荣市,137413,CN,China,GREATER_CHINA,Chinese,Consumer,None,2019-06-19,2019,RETURNING,True,MDM,2019-06-19,2026-04-17 15:58:36.667970
53039f9d-d1c8-4741-a9f3-2381e35e5d50,CUST-2019-CN-002834,燕,孙,燕 孙,Female,1981-06-28,user952.apple@outlook.com,15157406418,嘉禾街O座,辽阳市,利县,730071,CN,China,GREATER_CHINA,Chinese,Consumer,Silver,2019-06-08,2019,RETURNING,True,MDM,2019-06-08,2026-04-17 15:58:36.667971
1cf19d84-6325-4f35-abda-acbb15369aae,CUST-2019-CN-001607,峰,董,峰 董,Female,1954-10-14,user701.apple@gmail.com,13501240181,深圳路J座,佛山市,六安市,180128,CN,China,GREATER_CHINA,Chinese,Education,None,2019-02-09,2019,RETURNING,True,MDM,2019-02-09,2026-04-17 15:58:36.667973
af6665e2-a634-4ffb-8cae-a7c677c5cfa5,CUST-2020-CN-000949,健,韩,健 韩,Female,1968-12-31,user636.apple415@msn.com,15783533277,海街q座,长沙县,北京市,882627,CN,China,GREATER_CHINA,Chinese,Consumer,Platinum,2020-08-18,2020,RETURNING,False,MDM,2020-08-18 00:00:00,2026-04-17 15:58:36.667974
65f2be46-a304-4b67-86d3-2ff23272aa08,CUST-2020-CN-000544,雪,戴,雪 戴,Male,1985-12-08,user930.apple@mail.com,13799575390,荆门路j座,芳县,浩县,476546,CN,China,GREATER_CHINA,Chinese,Consumer,Gold,2020-02-05,2020,RETURNING,True,MDM,2020-02-05 00:00:00,2026-04-17 15:58:36.667976
4a135563-aa0e-4add-8ce3-eb92de20339d,CUST-2019-CN-001785,欣,张,欣 张,Female,1989-06-25,user513.apple@msn.com,13374360842,佛山路f座,南宁县,杭州县,870861,CN,China,GREATER_CHINA,Chinese,Consumer,Gold,2019-02-10,2019,RETURNING,True,MDM,2019-02-10,2026-04-17 15:58:36.667978
833b2b8b-932c-4aa3-a736-aa11312d6f2c,CUST-2019-CN-002677,莹,温,莹 温,Male,2007-08-02,user932.apple984@hotmail.com,15875046456,福州街R座,俊县,秀华市,144319,CN,China,GREATER_CHINA,Chinese,Consumer,Silver,2019-12-03,2019,RETURNING,True,MDM,2019-12-03,2026-04-17 15:58:36.667983
35f90990-bf84-4ba3-b722-25de06b7811b,CUST-2019-CN-002035,雷,路,雷 路,Male,1985-01-22,user136.apple@mail.com,15817667563,银川街e座,通辽县,兴城市,358888,CN,China,GREATER_CHINA,Chinese,Education,Silver,2019-02-24,2019,RETURNING,True,MDM,2019-02-24,2026-04-17 15:58:36.667985
fd313e37-35ff-40ac-84ae-ba9e54fa4003,CUST-2020-CN-001048,敏,刘,敏 刘,Female,1973-06-27,user332.apple@gmail.com,13092187813,武汉路X座,柳州县,玉县,671772,CN,China,GREATER_CHINA,Chinese,Business,Silver,2020-02-10,2020,RETURNING,True,MDM,2020-02-10 00:00:00,2026-04-17 15:58:36.667986
2860b917-4468-4f01-9318-1340f5bd41b9,CUST-2019-CN-001601,想,杨,想 杨,Female,1998-12-05,user936.apple@gmail.com,13588392381,宁德路a座,柳州县,乌鲁木齐县,555299,CN,China,GREATER_CHINA,Chinese,Consumer,Platinum,2019-07-19,2019,RETURNING,True,MDM,2019-07-19,2026-04-17 15:58:36.667988
91d8b8e1-f9d2-46c3-b1d5-10dc730df3e7,CUST-2020-CN-000237,楠,李,楠 李,Female,1962-08-29,user144.apple329@zoho.com,13377883032,银川街L座,桂英市,北京市,416842,CN,China,GREATER_CHINA,Chinese,Consumer,None,2020-02-11,2020,RETURNING,True,MDM,2020-02-11 00:00:00,2026-04-17 15:58:36.667990
5a804ea8-0856-4c7e-8b9e-3aa5edfdc271,CUST-2019-CN-002056,瑜,田,瑜 田,Male,1989-02-07,user139.apple@outlook.com,18991589721,兰州街U座,梧州市,瑜县,972396,CN,China,GREATER_CHINA,Chinese,Business,None,2019-08-22,2019,RETURNING,True,MDM,2019-08-22,2026-04-17 15:58:36.667992
94abe73e-fab7-4f59-942e-b24129febaa0,CUST-2019-CN-002963,辉,覃,辉 覃,Male,2007-03-12,user248.apple561@live.com,18812128199,夏街Y座,雪梅市,上海市,687420,CN,China,GREATER_CHINA,Chinese,Consumer,Platinum,2019-05-02,2019,RETURNING,True,MDM,2019-05-02,2026-04-17 15:58:36.667993
dc9e716b-8583-4094-895d-ada27a5fe73e,CUST-2019-CN-000526,敏,孙,敏 孙,Female,1985-05-19,user858.apple@icloud.com,18721625929,叶街c座,强县,桂荣市,568487,CN,China,GREATER_CHINA,Chinese,Education,None,2019-07-31,2019,RETURNING,True,MDM,2019-07-31,2026-04-17 15:58:36.667995
c9bb9ddd-5920-42cb-8c16-87eda05065fa,CUST-2019-CN-002091,雪梅,王,雪梅 王,Female,1959-01-30,user900.apple851@icloud.com,15686966145,魏街V座,昆明市,琴市,583389,CN,China,GREATER_CHINA,Chinese,Consumer,None,2019-10-25,2019,RETURNING,True,MDM,2019-10-25,2026-04-17 15:58:36.667997
8a2bca5b-ac83-45b3-84ac-236ad4161918,CUST-2020-CN-000342,宁,罗,宁 罗,Male,1990-06-17,user417.apple@outlook.com,18080362995,吴路H座,嘉禾县,伟县,768993,CN,China,GREATER_CHINA,Chinese,Business,None,2020-07-12,2020,RETURNING,True,MDM,2020-07-12 00:00:00,2026-04-17 15:58:36.668002
880d489e-620b-4dd7-978d-c05f54953876,CUST-2020-CN-000519,玉英,蔡,玉英 蔡,Female,1963-12-16,user649.apple@outlook.com,15688781876,戈街M座,兴城县,海门市,787659,CN,China,GREATER_CHINA,Chinese,Consumer,None,2020-08-25,2020,RETURNING,True,MDM,2020-08-25 00:00:00,2026-04-17 15:58:36.668003
b1b51bae-79f6-4135-bd4a-68c688747957,CUST-2020-CN-000542,琳,宋,琳 宋,Male,1989-08-02,user968.apple375@aol.com,18504161104,合肥路q座,兴城县,莉县,572416,CN,China,GREATER_CHINA,Chinese,Consumer,Platinum,2020-02-02,2020,RETURNING,True,MDM,2020-02-02 00:00:00,2026-04-17 15:58:36.668005
2fb5d162-8ced-49de-98df-4a933c844231,CUST-2019-CN-000721,燕,郭,燕 郭,Male,1957-06-26,user426.apple886@zoho.com,13668047005,永安街B座,潜江县,深圳市,352374,CN,China,GREATER_CHINA,Chinese,Consumer,Platinum,2019-03-07,2019,RETURNING,True,MDM,2019-03-07,2026-04-17 15:58:36.668006
6b9a6908-808d-4f77-91f8-f736812a290c,CUST-2020-CN-000783,玉兰,李,玉兰 李,Male,1951-08-16,user617.apple@protonmail.com,14790145967,韩路y座,娜县,雪县,696753,CN,China,GREATER_CHINA,Chinese,Education,Gold,2020-01-27,2020,RETURNING,True,MDM,2020-01-27 00:00:00,2026-04-17 15:58:36.668008
4cb65d63-1172-4cb2-9c83-c504505e540b,CUST-2019-CN-001259,兰英,何,兰英 何,Male,1984-09-05,user727.apple@hotmail.com,15712408820,辛集路f座,哈尔滨县,天津县,273034,CN,China,GREATER_CHINA,Chinese,Consumer,None,2019-03-27,2019,RETURNING,True,MDM,2019-03-27,2026-04-17 15:58:36.668010
814fd935-5926-4e17-9036-533dc6f279cb,CUST-2019-CN-000067,桂芳,张,桂芳 张,Male,2002-12-20,user776.apple@live.com,18513156304,唐街R座,郑州市,郑州县,678652,CN,China,GREATER_CHINA,Chinese,Consumer,None,2019-12-10,2019,RETURNING,True,MDM,2019-12-10,2026-04-17 15:58:36.668011
254ec76e-3763-437d-be22-e9a673e06eff,CUST-2019-CN-002994,瑞,徐,瑞 徐,Male,1956-11-06,user105.apple135@aol.com,13925565726,张路F座,金凤县,哈尔滨市,639725,CN,China,GREATER_CHINA,Chinese,Education,Silver,2019-07-08,2019,RETURNING,True,MDM,2019-07-08,2026-04-17 15:58:36.668013
ed672b64-1259-4916-af83-043988aca7ec,CUST-2020-CN-000744,刚,白,刚 白,Female,1967-02-15,user992.apple63@yahoo.com,14792151018,福州街y座,璐县,关岭市,336884,CN,China,GREATER_CHINA,Chinese,Consumer,Silver,2020-10-22,2020,RETURNING,True,MDM,2020-10-22 00:00:00,2026-04-17 15:58:36.668019
83e3f9d0-d9ea-4ced-b9a4-41ee2446bbb1,CUST-2019-CN-001872,淑英,王,淑英 王,Male,1951-03-21,user274.apple@gmail.com,15687663051,黄街O座,艳市,台北县,879017,CN,China,GREATER_CHINA,Chinese,Business,None,2019-06-17,2019,RETURNING,True,MDM,2019-06-17,2026-04-17 15:58:36.668021
69330e26-0d63-45a0-801c-fc2012a6a464,CUST-2019-CN-000513,鑫,刘,鑫 刘,Female,1964-11-01,user434.apple@aol.com,13465709477,长沙街s座,太原市,英县,781967,CN,China,GREATER_CHINA,Chinese,Consumer,Silver,2019-12-10,2019,RETURNING,True,MDM,2019-12-10,2026-04-17 15:58:36.668023
fd93b861-0859-441e-8655-6959d68a4ccb,CUST-2019-CN-002448,丽丽,张,丽丽 张,Female,1991-01-21,user663.apple@outlook.com,14562132281,谢街Q座,拉萨市,西安市,844742,CN,China,GREATER_CHINA,Chinese,Business,Platinum,2019-08-25,2019,RETURNING,True,MDM,2019-08-25,2026-04-17 15:58:36.668025
2fccf5e6-10ea-437c-a4d0-2a185ba238d7,CUST-2019-CN-000436,阳,陈,阳 陈,Male,1973-11-13,user812.apple@gmx.com,13038861048,张街f座,强县,贵阳县,120815,CN,China,GREATER_CHINA,Chinese,Consumer,None,2019-10-14,2019,RETURNING,True,MDM,2019-10-14,2026-04-17 15:58:36.668026
5b960a76-51f0-4bff-b863-449e6068f80e,CUST-2019-CN-001939,洋,吴,洋 吴,Female,2003-02-25,user811.apple@gmail.com,13474856653,萧街V座,斌市,金凤县,502211,CN,China,GREATER_CHINA,Chinese,Consumer,None,2019-07-06,2019,RETURNING,True,MDM,2019-07-06,2026-04-17 15:58:36.668028
1995af6b-ffe0-4cbc-932f-46332dec04f4,CUST-2019-CN-000997,畅,杨,畅 杨,Male,1985-10-08,user221.apple381@live.com,15377610562,佛山街n座,海门市,辽阳市,610614,CN,China,GREATER_CHINA,Chinese,Consumer,None,2019-12-05,2019,RETURNING,True,MDM,2019-12-05,2026-04-17 15:58:36.668030
5a39e335-a700-4c76-bd09-65872d425435,CUST-2020-CN-000267,秀华,张,秀华 张,Female,1958-08-26,user139.apple@zoho.com,18755806561,郑街Z座,宁德市,哈尔滨市,822459,CN,China,GREATER_CHINA,Chinese,Consumer,None,2020-04-09,2020,RETURNING,True,MDM,2020-04-09 00:00:00,2026-04-17 15:58:36.668032
3c67f69e-7b86-4547-a9c2-89dd4cbbbbb5,CUST-2019-CN-001744,阳,董,阳 董,Female,1988-05-21,user783.apple484@outlook.com,15675732354,西安路h座,杭州县,建华县,120278,CN,China,GREATER_CHINA,Chinese,Consumer,None,2019-01-02,2019,RETURNING,True,MDM,2019-01-02,2026-04-17 15:58:36.668034
08ce4c84-cb09-41f8-9ba6-77649e85f862,CUST-2019-CN-001112,坤,陈,坤 陈,Male,1992-09-26,user648.apple@msn.com,15221571232,济南路u座,建军县,柳州县,563338,CN,China,GREATER_CHINA,Chinese,Consumer,Silver,2019-08-24,2019,RETURNING,True,MDM,2019-08-24,2026-04-17 15:58:36.668035
8814e8c4-506d-41cf-9ce4-924845ea8cb8,CUST-2019-CN-000718,建军,梁,建军 梁,Male,1995-12-23,user841.apple@gmx.com,14538900892,马街H座,瑜县,佛山市,155035,CN,China,GREATER_CHINA,Chinese,Business,None,2019-10-12,2019,RETURNING,True,MDM,2019-10-12,2026-04-17 15:58:36.668037
3df8cdbc-5058-4850-9e77-9b13b6215241,CUST-2020-CN-000708,琳,马,琳 马,Male,1993-08-27,user887.apple@outlook.com,18010768070,南宁路i座,丽华市,健市,699585,CN,China,GREATER_CHINA,Chinese,Education,None,2020-04-16,2020,RETURNING,True,MDM,2020-04-16 00:00:00,2026-04-17 15:58:36.668039
385cdebd-efe8-4a7b-a590-f851a55d02c3,CUST-2019-CN-001272,帅,孙,帅 孙,Female,1997-05-02,user778.apple@icloud.com,18772393211,六盘水路T座,潜江市,广州县,578385,CN,China,GREATER_CHINA,Chinese,Consumer,Gold,2019-02-20,2019,RETURNING,True,MDM,2019-02-20,2026-04-17 15:58:36.668041
c6e89e46-4d46-4418-a91f-f068c4ec91f1,CUST-2020-CN-000295,杨,刘,杨 刘,Female,1967-07-23,user814.apple663@protonmail.com,18065994867,张街J座,齐齐哈尔市,阜新市,874820,CN,China,GREATER_CHINA,Chinese,Consumer,None,2020-08-31,2020,RETURNING,False,MDM,2020-08-31 00:00:00,2026-04-17 15:58:36.668043
f60f7ee5-6345-400e-a202-d41d268b953b,CUST-2019-CN-000255,博,林,博 林,Male,1989-09-23,user757.apple@mail.com,18833154586,马街l座,潮州县,丹市,501866,CN,China,GREATER_CHINA,Chinese,Consumer,Gold,2019-04-02,2019,RETURNING,True,MDM,2019-04-02,2026-04-17 15:58:36.668044
fcd2039d-a9e5-41f4-a5e2-27033e6b1311,CUST-2019-CN-002906,英,王,英 王,Female,1968-07-23,user873.apple724@zoho.com,15824503648,阙街a座,桂芝县,呼和浩特县,999961,CN,China,GREATER_CHINA,Chinese,Consumer,Platinum,2019-04-29,2019,RETURNING,True,MDM,2019-04-29,2026-04-17 15:58:36.668045
39a9895b-15b4-409a-842f-c66238f38f4c,CUST-2019-CN-002107,雪,周,雪 周,Male,1986-08-29,user759.apple@gmail.com,13422447339,西安路Z座,涛市,建军市,817698,CN,China,GREATER_CHINA,Chinese,Consumer,None,2019-11-18,2019,RETURNING,True,MDM,2019-11-18,2026-04-17 15:58:36.668047
0b1b584d-92d1-4a51-9f17-e98d6d2d286a,CUST-2019-CN-000903,岩,高,岩 高,Female,1987-08-14,user168.apple@icloud.com,13464266228,齐齐哈尔街J座,荆门县,晨市,536407,CN,China,GREATER_CHINA,Chinese,Consumer,Silver,2019-11-17,2019,RETURNING,True,MDM,2019-11-17,2026-04-17 15:58:36.668049
7b219bed-1eb3-4045-af52-c7bac082a7f9,CUST-2020-CN-001057,成,王,成 王,Female,1961-12-07,user726.apple@protonmail.com,13080535921,曲路q座,北京市,金凤县,568862,CN,China,GREATER_CHINA,Chinese,Consumer,None,2020-10-12,2020,RETURNING,True,MDM,2020-10-12 00:00:00,2026-04-17 15:58:36.668050
a4a608a0-5cbc-4f08-9918-070ea9561c7e,CUST-2019-CN-000263,桂香,孙,桂香 孙,Male,2001-04-09,user537.apple@gmail.com,15656332012,陈路T座,秀芳市,澳门市,459393,CN,China,GREATER_CHINA,Chinese,Consumer,Gold,2019-10-17,2019,RETURNING,True,MDM,2019-10-17,2026-04-17 15:58:36.668052
a65ba3c2-4238-4b25-8496-74553d181dd1,CUST-2019-CN-000162,丹,史,丹 史,Male,1995-11-20,user224.apple@mail.com,18940336615,呼和浩特街t座,娜市,北镇县,835424,CN,China,GREATER_CHINA,Chinese,Education,Platinum,2019-05-30,2019,RETURNING,True,MDM,2019-05-30,2026-04-17 15:58:36.668053
59d52e21-7936-41e4-9e7f-179925741770,CUST-2019-CN-002283,春梅,张,春梅 张,Male,1981-12-29,user306.apple@icloud.com,18282474253,谢街N座,晨县,飞县,784096,CN,China,GREATER_CHINA,Chinese,Consumer,None,2019-01-31,2019,RETURNING,True,MDM,2019-01-31,2026-04-17 15:58:36.668055
f4927533-ffe6-43b1-b262-b921a2bb1ec5,CUST-2019-CN-002147,飞,赵,飞 赵,Male,1967-05-05,user664.apple68@icloud.com,14549769450,杜路k座,深圳市,南宁县,356148,CN,China,GREATER_CHINA,Chinese,Education,None,2019-06-27,2019,RETURNING,True,MDM,2019-06-27,2026-04-17 15:58:36.668057
35b949a7-fd20-467d-8fe9-faee065ae55a,CUST-2019-CN-000578,兵,毛,兵 毛,Male,1989-10-17,user306.apple@live.com,13697770385,潮州街K座,建国县,雪梅县,513180,CN,China,GREATER_CHINA,Chinese,Consumer,None,2019-12-19,2019,RETURNING,True,MDM,2019-12-19,2026-04-17 15:58:36.668059
6f747651-2995-42a1-8e32-b6e3ffce1c82,CUST-2019-CN-000648,欢,谢,欢 谢,Female,1978-05-14,user338.apple@msn.com,14562032153,郑街y座,淮安县,昆明县,637797,CN,China,GREATER_CHINA,Chinese,Education,None,2019-12-20,2019,RETURNING,True,MDM,2019-12-20,2026-04-17 15:58:36.668060
66ac903e-fd86-4a81-9fa3-ee19e7a8a865,CUST-2019-CN-001076,颖,费,颖 费,Male,1972-03-09,user777.apple@yahoo.com,15559993832,太原路b座,北镇县,昆明县,400003,CN,China,GREATER_CHINA,Chinese,Consumer,Silver,2019-07-12,2019,RETURNING,True,MDM,2019-07-12,2026-04-17 15:58:36.668062
36a7375b-1224-421c-82b0-db609e0b8cf3,CUST-2019-CN-002916,楠,邓,楠 邓,Female,1972-11-04,user909.apple869@live.com,14564376336,宜都街q座,瑞市,龙市,915806,CN,China,GREATER_CHINA,Chinese,Education,Platinum,2019-12-21,2019,RETURNING,True,MDM,2019-12-21,2026-04-17 15:58:36.668063
3299a331-8b85-49be-aecb-2adfbb7c067c,CUST-2019-CN-002060,婷婷,王,婷婷 王,Male,1956-06-10,user932.apple800@icloud.com,18533366580,深圳路A座,潜江县,张家港县,663558,CN,China,GREATER_CHINA,Chinese,Education,Gold,2019-08-25,2019,RETURNING,False,MDM,2019-08-25,2026-04-17 15:58:36.668065
fcf4690c-1ead-410f-9469-27c56d6e0055,CUST-2020-CN-000203,婷婷,钱,婷婷 钱,Male,1950-06-05,user344.apple@gmail.com,15004908203,白路A座,雷市,龙市,725393,CN,China,GREATER_CHINA,Chinese,Consumer,Platinum,2020-10-31,2020,RETURNING,False,MDM,2020-10-31 00:00:00,2026-04-17 15:58:36.668066
bbe9d492-bb9f-4a23-ba99-be70db8d9be8,CUST-2019-CN-002822,楠,吴,楠 吴,Male,1993-10-12,user708.apple@protonmail.com,15159405092,广州路U座,淮安市,杭州市,774394,CN,China,GREATER_CHINA,Chinese,Consumer,Silver,2019-12-21,2019,RETURNING,True,MDM,2019-12-21,2026-04-17 15:58:36.668068
d2af38d7-6b6c-41ac-8250-c0091fb5eeae,CUST-2019-CN-001778,建平,张,建平 张,Female,1978-01-01,user517.apple722@icloud.com,13189398412,广州街t座,帆县,建军县,109964,CN,China,GREATER_CHINA,Chinese,Consumer,Gold,2019-08-10,2019,RETURNING,True,MDM,2019-08-10,2026-04-17 15:58:36.668069
7aee89f9-870b-466e-a48e-ba725ca9e40c,CUST-2019-CN-002982,秀兰,李,秀兰 李,Female,1969-05-06,user387.apple891@yahoo.com,15099054043,大冶路C座,柳州市,婷婷县,702687,CN,China,GREATER_CHINA,Chinese,Business,None,2019-11-25,2019,RETURNING,True,MDM,2019-11-25,2026-04-17 15:58:36.668071
17b704c9-97e3-4dd2-91c0-5e9a2196846b,CUST-2020-CN-000414,凤英,韦,凤英 韦,Male,1977-03-27,user924.apple@protonmail.com,14794289584,韦路x座,梧州县,巢湖县,679710,CN,China,GREATER_CHINA,Chinese,Education,None,2020-06-10,2020,RETURNING,True,MDM,2020-06-10 00:00:00,2026-04-17 15:58:36.668074
fd608072-ced2-47f9-8702-af592007f37b,CUST-2019-CN-002680,玉华,王,玉华 王,Male,1968-03-15,user982.apple@aol.com,13976178800,苏路s座,广州县,宁市,222174,CN,China,GREATER_CHINA,Chinese,Education,None,2019-11-20,2019,RETURNING,True,MDM,2019-11-20,2026-04-17 15:58:36.668076
aac8ce25-b1c3-4219-9cb7-c6fafca6f95c,CUST-2020-CN-000094,敏,傅,敏 傅,Male,1969-11-26,user957.apple@yahoo.com,18502303028,合山街l座,斌市,丽市,699261,CN,China,GREATER_CHINA,Chinese,Consumer,Platinum,2020-01-27,2020,RETURNING,True,MDM,2020-01-27 00:00:00,2026-04-17 15:58:36.668077
3fced1ae-6172-417d-b5cc-22710a8022c8,CUST-2020-CN-000946,健,梁,健 梁,Male,1953-08-17,user811.apple3@icloud.com,13260881201,邓路m座,海门市,彬市,843194,CN,China,GREATER_CHINA,Chinese,Business,None,2020-06-02,2020,RETURNING,True,MDM,2020-06-02 00:00:00,2026-04-17 15:58:36.668079
17d18942-ba11-465b-8ff3-00c326ba30b9,CUST-2019-CN-002836,晶,周,晶 周,Male,1969-07-13,user941.apple@msn.com,15898831460,贾路E座,柳州市,畅县,641037,CN,China,GREATER_CHINA,Chinese,Consumer,None,2019-12-08,2019,RETURNING,True,MDM,2019-12-08,2026-04-17 15:58:36.668081
d2015adf-8290-48e6-ae98-cf05db482156,CUST-2019-CN-002645,玉兰,周,玉兰 周,Female,1971-01-27,user557.apple@outlook.com,18071023396,南昌街S座,欣市,春梅市,552393,CN,China,GREATER_CHINA,Chinese,Consumer,Platinum,2019-08-02,2019,RETURNING,True,MDM,2019-08-02,2026-04-17 15:58:36.668082
820c06e4-4de0-4ea9-944d-983c94f2784a,CUST-2019-CN-001556,柳,张,柳 张,Male,1959-04-05,user872.apple@aol.com,14562527907,李路i座,张家港市,贵阳县,555578,CN,China,GREATER_CHINA,Chinese,Education,Platinum,2019-10-12,2019,RETURNING,True,MDM,2019-10-12,2026-04-17 15:58:36.668088
bbc8fdb9-a436-485f-8ac9-ab59b4f7a9b5,CUST-2019-CN-001868,桂兰,王,桂兰 王,Male,1970-09-03,user923.apple@outlook.com,14755239478,香港路W座,太原县,拉萨县,604520,CN,China,GREATER_CHINA,Chinese,Consumer,None,2019-06-22,2019,RETURNING,True,MDM,2019-06-22,2026-04-17 15:58:36.668090
e82927ab-a3b7-446b-a5a7-30a185e7fd29,CUST-2019-CN-000249,凤兰,曾,凤兰 曾,Female,2002-03-04,user283.apple@icloud.com,15829227734,李路I座,六安县,郑州县,606109,CN,China,GREATER_CHINA,Chinese,Consumer,None,2019-12-01,2019,RETURNING,False,MDM,2019-12-01,2026-04-17 15:58:36.668091
9cc94497-34f6-4d1b-86be-d6eb43ca8e63,CUST-2019-CN-001825,帆,曾,帆 曾,Female,1992-05-18,user320.apple@outlook.com,15837015680,合肥路o座,南京县,丹县,731997,CN,China,GREATER_CHINA,Chinese,Consumer,None,2019-07-01,2019,RETURNING,True,MDM,2019-07-01,2026-04-17 15:58:36.668093
e05fbc53-d309-4fd8-96d5-015ed3989517,CUST-2020-CN-000834,丽丽,唐,丽丽 唐,Male,1996-11-02,user243.apple@outlook.com,13730258953,张街t座,雷市,东县,414844,CN,China,GREATER_CHINA,Chinese,Consumer,None,2020-01-13,2020,RETURNING,True,MDM,2020-01-13 00:00:00,2026-04-17 15:58:36.668095
096c1fd2-5e34-4f5f-ba1b-9a026b767089,CUST-2019-CN-000266,玉梅,潘,玉梅 潘,Male,1970-09-16,user127.apple369@mail.com,14525728557,王街Y座,海燕市,大冶县,498061,CN,China,GREATER_CHINA,Chinese,Consumer,Platinum,2019-04-27,2019,RETURNING,True,MDM,2019-04-27,2026-04-17 15:58:36.668096
cb7fa394-cb85-4bb5-85d3-0dbdd27f91be,CUST-2019-CN-001875,俊,洪,俊 洪,Male,2000-10-24,user594.apple@protonmail.com,15754949640,张家港路W座,佳县,马鞍山县,782291,CN,China,GREATER_CHINA,Chinese,Consumer,Platinum,2019-03-25,2019,RETURNING,True,MDM,2019-03-25,2026-04-17 15:58:36.668098
40286f1c-2fe4-4d94-b702-21d988e3d1c4,CUST-2019-CN-000472,军,杨,军 杨,Male,1969-08-31,user903.apple@gmx.com,15933218754,合山街b座,杨县,璐县,203086,CN,China,GREATER_CHINA,Chinese,Consumer,Silver,2019-03-21,2019,RETURNING,True,MDM,2019-03-21,2026-04-17 15:58:36.668099
e0f90804-b0f3-44b0-9675-78b1c561e501,CUST-2019-CN-002520,琳,孙,琳 孙,Female,1989-03-10,user497.apple@gmx.com,15581581437,六安街M座,冬梅县,通辽县,378811,CN,China,GREATER_CHINA,Chinese,Consumer,None,2019-05-04,2019,RETURNING,True,MDM,2019-05-04,2026-04-17 15:58:36.668106
48c971fe-2ebe-42c3-8da2-4f6ce0f05954,CUST-2019-CN-000610,建军,刘,建军 刘,Male,1958-03-10,user199.apple@mail.com,18821262717,济南街F座,潮州县,涛市,625944,CN,China,GREATER_CHINA,Chinese,Consumer,Silver,2019-07-21,2019,RETURNING,True,MDM,2019-07-21,2026-04-17 15:58:36.668108
19563f95-16fd-4693-9810-a2650bf412e2,CUST-2019-CN-002781,飞,周,飞 周,Female,1999-03-19,user694.apple@msn.com,14593244992,郑路B座,辛集县,英县,357825,CN,China,GREATER_CHINA,Chinese,Consumer,Platinum,2019-09-27,2019,RETURNING,True,MDM,2019-09-27,2026-04-17 15:58:36.668109
2e444072-304c-4b6d-85b8-3d59fcc336ab,CUST-2020-CN-000587,凤英,李,凤英 李,Male,1984-04-24,user423.apple533@live.com,15992790100,吴路o座,西安市,六安市,561055,CN,China,GREATER_CHINA,Chinese,Consumer,Gold,2020-02-10,2020,RETURNING,True,MDM,2020-02-10 00:00:00,2026-04-17 15:58:36.668111
a2b34f6e-f781-491d-8b38-627660bf6720,CUST-2020-CN-000009,丹丹,李,丹丹 李,Male,1989-03-03,user520.apple960@zoho.com,15740708511,银川路z座,马鞍山县,昆明市,937867,CN,China,GREATER_CHINA,Chinese,Consumer,None,2020-04-27,2020,RETURNING,True,MDM,2020-04-27 00:00:00,2026-04-17 15:58:36.668112
4d093a4d-6477-41c4-89c0-ab4e02292a3e,CUST-2019-CN-000826,帆,汤,帆 汤,Female,1993-02-06,user713.apple835@outlook.com,18168975653,贵阳街A座,玉英县,太原市,433297,CN,China,GREATER_CHINA,Chinese,Consumer,Silver,2019-12-12,2019,RETURNING,True,MDM,2019-12-12,2026-04-17 15:58:36.668114
7f05cd9c-a2be-4ef0-8a0f-413a5e1bec2e,CUST-2019-CN-001851,东,孙,东 孙,Female,1978-11-07,user287.apple@yahoo.com,14794993506,潜江街w座,南京县,上海市,983067,CN,China,GREATER_CHINA,Chinese,Consumer,None,2019-12-04,2019,RETURNING,True,MDM,2019-12-04,2026-04-17 15:58:36.668116
37bbd921-486f-4491-9f9a-fe364ccd59f3,CUST-2020-CN-000241,建国,高,建国 高,Male,1979-01-11,user115.apple@outlook.com,18918156565,陈街m座,宜都县,桂荣市,936933,CN,China,GREATER_CHINA,Chinese,Education,Gold,2020-03-04,2020,RETURNING,True,MDM,2020-03-04 00:00:00,2026-04-17 15:58:36.668117
d26b7063-836f-403a-a5cd-53d319df4ee1,CUST-2019-CN-000227,玉华,刘,玉华 刘,Female,1987-06-27,user305.apple@live.com,13670014730,薛路N座,龙县,淑英县,110807,CN,China,GREATER_CHINA,Chinese,Consumer,Silver,2019-09-30,2019,RETURNING,False,MDM,2019-09-30,2026-04-17 15:58:36.668123
1ee029a7-0b8e-46c9-9281-ff462d47befc,CUST-2019-CN-000745,海燕,郑,海燕 郑,Female,1954-09-02,user208.apple529@outlook.com,15393995450,胡路d座,乌鲁木齐县,西宁县,590488,CN,China,GREATER_CHINA,Chinese,Consumer,Gold,2019-11-16,2019,RETURNING,True,MDM,2019-11-16,2026-04-17 15:58:36.668125
f798b8ee-ac77-4ad6-a402-fe3d2086b29c,CUST-2019-CN-000996,淑英,魏,淑英 魏,Female,2002-09-24,user492.apple@yahoo.com,15643753185,潜江街z座,艳市,乌鲁木齐县,169025,CN,China,GREATER_CHINA,Chinese,Consumer,None,2019-03-03,2019,RETURNING,True,MDM,2019-03-03,2026-04-17 15:58:36.668126
7d43ddb7-7f7d-4cdc-b97d-194ebada1e40,CUST-2019-CN-000142,梅,池,梅 池,Female,1963-01-09,user411.apple@live.com,15202099282,沈阳街l座,重庆市,贵阳市,696367,CN,China,GREATER_CHINA,Chinese,Business,None,2019-12-31,2019,RETURNING,True,MDM,2019-12-31,2026-04-17 15:58:36.668128
a50caa57-6cd3-4dac-99c9-d701ee582714,CUST-2019-CN-000802,婷婷,石,婷婷 石,Female,2001-10-21,user493.apple@icloud.com,13785144807,谢路S座,银川市,东莞县,175580,CN,China,GREATER_CHINA,Chinese,Consumer,None,2019-07-12,2019,RETURNING,True,MDM,2019-07-12,2026-04-17 15:58:36.668130
e3e0bb6b-7b4c-4cb0-8e18-da72a7e3ab9d,CUST-2020-CN-000500,静,傅,静 傅,Male,1993-08-16,user673.apple@mail.com,13894335422,黄街a座,邯郸县,邯郸县,111687,CN,China,GREATER_CHINA,Chinese,Business,Gold,2020-01-11,2020,RETURNING,True,MDM,2020-01-11 00:00:00,2026-04-17 15:58:36.668131
e978313d-ed11-4b14-9882-518a1c6a80b5,CUST-2019-CN-000613,帆,林,帆 林,Female,1976-05-10,user561.apple@outlook.com,13658247761,杨路t座,南宁县,昆明市,147179,CN,China,GREATER_CHINA,Chinese,Business,Gold,2019-03-02,2019,RETURNING,True,MDM,2019-03-02,2026-04-17 15:58:36.668133
17c55258-2c30-46be-be12-4a0bf23ee5a5,CUST-2020-CN-000971,雷,马,雷 马,Male,1989-03-20,user625.apple363@hotmail.com,13601350315,澳门街J座,桂兰市,潮州县,227982,CN,China,GREATER_CHINA,Chinese,Consumer,None,2020-12-04,2020,RETURNING,True,MDM,2020-12-04 00:00:00,2026-04-17 15:58:36.668135
e0901492-f01e-420a-b66b-c09c334fa1f7,CUST-2020-CN-000147,琳,焦,琳 焦,Female,1954-06-18,user622.apple@outlook.com,15004935474,巢湖街x座,荆门县,呼和浩特市,798447,CN,China,GREATER_CHINA,Chinese,Consumer,None,2020-09-27,2020,RETURNING,True,MDM,2020-09-27 00:00:00,2026-04-17 15:58:36.668141
3b7477d6-fb61-4f36-b97c-ac4de6daca6b,CUST-2019-CN-000384,建军,颜,建军 颜,Male,1978-01-04,user226.apple@hotmail.com,15580129474,柳州街f座,南京市,深圳县,830228,CN,China,GREATER_CHINA,Chinese,Consumer,None,2019-06-08,2019,RETURNING,True,MDM,2019-06-08,2026-04-17 15:58:36.668143
b75e8612-4f93-43d2-94d3-06243250015f,CUST-2019-CN-000879,洁,杜,洁 杜,Female,1956-07-28,user765.apple@aol.com,13941609134,阎街k座,上海县,金凤市,109788,CN,China,GREATER_CHINA,Chinese,Consumer,None,2019-05-09,2019,RETURNING,True,MDM,2019-05-09,2026-04-17 15:58:36.668145
e983af86-fc52-4dec-b82a-ef32c4b56ea5,CUST-2019-CN-002658,超,高,超 高,Female,2005-08-22,user592.apple@zoho.com,13253803165,北京街l座,丹丹市,龙县,965316,CN,China,GREATER_CHINA,Chinese,Consumer,Gold,2019-11-30,2019,RETURNING,True,MDM,2019-11-30,2026-04-17 15:58:36.668146
c005406a-146d-4391-84b5-a198afe76e7c,CUST-2019-CN-001494,建军,潘,建军 潘,Female,1969-01-18,user503.apple@gmail.com,18619045986,马街Z座,重庆市,倩市,877430,CN,China,GREATER_CHINA,Chinese,Consumer,None,2019-12-22,2019,RETURNING,True,MDM,2019-12-22,2026-04-17 15:58:36.668148
46c3841d-1ce7-4171-849f-343a4c693c10,CUST-2020-CN-000555,斌,刘,斌 刘,Male,1965-12-12,user493.apple@protonmail.com,13050508506,蒋路O座,六盘水县,荣县,454895,CN,China,GREATER_CHINA,Chinese,Consumer,None,2020-11-04,2020,RETURNING,True,MDM,2020-11-04 00:00:00,2026-04-17 15:58:36.668150
756c557a-5cdf-4e60-866f-0d10de5e0f7d,CUST-2019-CN-000318,琴,武,琴 武,Male,1951-05-22,user780.apple@gmx.com,15869709459,殷路w座,北镇市,哈尔滨县,317793,CN,China,GREATER_CHINA,Chinese,Consumer,Silver,2019-07-28,2019,RETURNING,True,MDM,2019-07-28,2026-04-17 15:58:36.668151
cc356615-f002-4c4d-8fde-2d309b7f8368,CUST-2019-CN-001839,霞,马,霞 马,Male,1989-10-15,user625.apple718@hotmail.com,13017422824,宁德街L座,丹县,建平县,521132,CN,China,GREATER_CHINA,Chinese,Consumer,None,2019-11-29,2019,RETURNING,True,MDM,2019-11-29,2026-04-17 15:58:36.668153
07e3945e-75ce-4054-ad72-b3d33832b491,CUST-2020-CN-001023,雷,王,雷 王,Female,1978-04-11,user324.apple@gmx.com,15748227654,澳门街w座,玉兰市,健县,472597,CN,China,GREATER_CHINA,Chinese,Education,Gold,2020-05-11,2020,RETURNING,True,MDM,2020-05-11 00:00:00,2026-04-17 15:58:36.668154
74431ce6-e430-4091-96db-824f47f9cb09,CUST-2020-CN-000459,凤英,宋,凤英 宋,Female,1959-07-05,user231.apple618@yahoo.com,18116095845,钟路N座,广州市,通辽市,958906,CN,China,GREATER_CHINA,Chinese,Business,None,2020-11-25,2020,RETURNING,True,MDM,2020-11-25 00:00:00,2026-04-17 15:58:36.668156
e58b5416-497d-4b61-9fde-77c7b7592c0a,CUST-2019-CN-002487,帆,袁,帆 袁,Male,1996-02-01,user545.apple@zoho.com,13702530368,吴街g座,东莞市,东莞县,177577,CN,China,GREATER_CHINA,Chinese,Education,Silver,2019-05-24,2019,RETURNING,True,MDM,2019-05-24,2026-04-17 15:58:36.668158
6014973f-306f-4db0-86cb-47f2957c7a54,CUST-2019-CN-001725,瑜,谢,瑜 谢,Female,1978-03-04,user730.apple@aol.com,13917998670,胡路L座,岩县,玉兰县,709004,CN,China,GREATER_CHINA,Chinese,Consumer,Platinum,2019-05-13,2019,RETURNING,True,MDM,2019-05-13,2026-04-17 15:58:36.668159
30c0f2b5-71ff-4861-aac3-841e19121798,CUST-2020-CN-000037,桂芳,王,桂芳 王,Male,1952-05-22,user876.apple@icloud.com,18566168494,辽阳街v座,秀云县,邯郸市,203670,CN,China,GREATER_CHINA,Chinese,Education,Silver,2020-08-25,2020,RETURNING,True,MDM,2020-08-25 00:00:00,2026-04-17 15:58:36.668162
5090bd08-8abd-47aa-9e8d-4be69d86e089,CUST-2020-CN-000218,莉,许,莉 许,Female,1996-11-12,user325.apple@hotmail.com,15223176043,刘路D座,华市,呼和浩特市,994597,CN,China,GREATER_CHINA,Chinese,Consumer,Silver,2020-04-27,2020,RETURNING,True,MDM,2020-04-27 00:00:00,2026-04-17 15:58:36.668163
2dd20a37-10cb-4524-8946-31431fd3a6e7,CUST-2019-CN-002108,刚,李,刚 李,Male,1987-08-06,user835.apple937@aol.com,15153067120,嘉禾路e座,东县,丽市,925588,CN,China,GREATER_CHINA,Chinese,Consumer,None,2019-03-20,2019,RETURNING,True,MDM,2019-03-20,2026-04-17 15:58:36.668165
fa2e961e-2e59-48eb-9f80-b3ffbc2d9875,CUST-2019-CN-002654,萍,史,萍 史,Male,1992-01-27,user603.apple@yahoo.com,18534903317,广州路q座,邯郸县,武汉县,979843,CN,China,GREATER_CHINA,Chinese,Business,Platinum,2019-03-03,2019,RETURNING,True,MDM,2019-03-03,2026-04-17 15:58:36.668167
5c5c0cbe-64e2-4089-9d75-1bb88d2d081a,CUST-2019-CN-002171,晨,孙,晨 孙,Female,1971-01-10,user724.apple@gmail.com,13952294584,庞路K座,燕县,银川县,733476,CN,China,GREATER_CHINA,Chinese,Consumer,None,2019-07-11,2019,RETURNING,True,MDM,2019-07-11,2026-04-17 15:58:36.668168
99d01a96-283f-4490-9c16-779817e1362d,CUST-2019-CN-001727,金凤,胡,金凤 胡,Male,1969-03-08,user516.apple@zoho.com,18213405154,蔡街g座,兰州县,兴安盟市,926128,CN,China,GREATER_CHINA,Chinese,Consumer,Silver,2019-04-25,2019,RETURNING,True,MDM,2019-04-25,2026-04-17 15:58:36.668170
0401ef25-bef4-4cbd-a46b-9f200169cb65,CUST-2019-CN-002517,想,夏,想 夏,Female,2006-01-30,user134.apple@hotmail.com,13545807806,昆明街v座,海口县,梧州市,205267,CN,China,GREATER_CHINA,Chinese,Consumer,Gold,2019-10-01,2019,RETURNING,True,MDM,2019-10-01,2026-04-17 15:58:36.668175
18c774d0-f4ff-4ad4-94a7-9c24e47512e2,CUST-2019-CN-001480,莉,王,莉 王,Female,1974-06-19,user499.apple@gmx.com,15785849995,俞路N座,想市,嘉禾市,254791,CN,China,GREATER_CHINA,Chinese,Consumer,Gold,2019-02-04,2019,RETURNING,True,MDM,2019-02-04,2026-04-17 15:58:36.668177
6c386b5e-fff8-49bf-a5d4-1a08faebb661,CUST-2020-CN-000119,建平,邵,建平 邵,Female,1965-08-27,user457.apple981@protonmail.com,15661437429,冯路a座,军县,南京市,909601,CN,China,GREATER_CHINA,Chinese,Consumer,None,2020-08-02,2020,RETURNING,True,MDM,2020-08-02 00:00:00,2026-04-17 15:58:36.668179
34b39dfc-df53-4562-bc21-63316e091863,CUST-2020-CN-000956,辉,包,辉 包,Male,1981-09-13,user189.apple@aol.com,14746737646,赵路Q座,东县,晶市,935446,CN,China,GREATER_CHINA,Chinese,Education,Platinum,2020-12-10,2020,RETURNING,True,MDM,2020-12-10 00:00:00,2026-04-17 15:58:36.668180
ef652221-7c51-4978-b5fc-0415cb3dd0d4,CUST-2020-CN-001032,楠,张,楠 张,Male,1960-08-13,user898.apple@gmail.com,18173359044,银川路F座,拉萨县,天津县,683640,CN,China,GREATER_CHINA,Chinese,Business,Gold,2020-10-22,2020,RETURNING,True,MDM,2020-10-22 00:00:00,2026-04-17 15:58:36.668182
f6ec60c5-d347-4775-9c59-f9782ff097d8,CUST-2019-CN-002105,桂香,牟,桂香 牟,Male,2004-08-27,user193.apple@gmx.com,15107710390,刘路Q座,佛山县,健市,535232,CN,China,GREATER_CHINA,Chinese,Consumer,None,2019-05-03,2019,RETURNING,True,MDM,2019-05-03,2026-04-17 15:58:36.668183
74ce85a5-aa57-462f-868c-c46756ab914c,CUST-2019-CN-001570,倩,黄,倩 黄,Female,1990-01-03,user649.apple@protonmail.com,14512019874,李路G座,沈阳县,杰市,975456,CN,China,GREATER_CHINA,Chinese,Consumer,None,2019-10-15,2019,RETURNING,True,MDM,2019-10-15,2026-04-17 15:58:36.668185
e2330f38-26de-4100-8f24-e699730102f1,CUST-2020-CN-000167,玉,姚,玉 姚,Male,1953-05-18,user836.apple759@live.com,13241968713,台北路l座,佳县,呼和浩特县,392653,CN,China,GREATER_CHINA,Chinese,Consumer,Gold,2020-10-13,2020,RETURNING,True,MDM,2020-10-13 00:00:00,2026-04-17 15:58:36.668187
bb9b814a-27bb-4164-9607-26f341a5f52b,CUST-2019-CN-002908,秀荣,万,秀荣 万,Female,1981-12-25,user992.apple595@icloud.com,14579191441,合山路N座,合肥县,台北县,501163,CN,China,GREATER_CHINA,Chinese,Consumer,Gold,2019-04-12,2019,RETURNING,True,MDM,2019-04-12,2026-04-17 15:58:36.668188
0e71ab6e-ddf4-43a9-b124-77f00b661b5b,CUST-2019-CN-002385,峰,吕,峰 吕,Female,1987-08-18,user922.apple@yahoo.com,14730390233,东莞街Q座,博市,欢县,388291,CN,China,GREATER_CHINA,Chinese,Consumer,None,2019-09-26,2019,RETURNING,True,MDM,2019-09-26,2026-04-17 15:58:36.668190
44435db2-614a-4f6f-9027-dc037b0baf60,CUST-2019-CN-002178,玉英,高,玉英 高,Male,1950-10-11,user272.apple@icloud.com,18218615892,周街D座,海门县,深圳县,928141,CN,China,GREATER_CHINA,Chinese,Consumer,None,2019-11-07,2019,RETURNING,True,MDM,2019-11-07,2026-04-17 15:58:36.668192
2cd147db-fc3b-434d-94b2-0f2fded73cf9,CUST-2020-CN-000590,冬梅,覃,冬梅 覃,Female,1955-06-17,user697.apple271@msn.com,13193706037,柳路s座,呼和浩特市,柳州县,399058,CN,China,GREATER_CHINA,Chinese,Consumer,Gold,2020-05-06,2020,RETURNING,True,MDM,2020-05-06 00:00:00,2026-04-17 15:58:36.668193
13257a02-8b90-4859-9e8c-266d6ab32c78,CUST-2019-CN-000742,桂香,王,桂香 王,Male,1990-07-01,user441.apple226@gmail.com,15138211454,彭路T座,桂英市,西安市,158416,CN,China,GREATER_CHINA,Chinese,Consumer,None,2019-12-05,2019,RETURNING,True,MDM,2019-12-05,2026-04-17 15:58:36.668195
2f1628ee-f669-4458-bed3-c88a57a34edc,CUST-2019-CN-001183,秀兰,赵,秀兰 赵,Male,1971-03-21,user526.apple@outlook.com,15550144528,韩路A座,长沙县,西宁市,520430,CN,China,GREATER_CHINA,Chinese,Consumer,Silver,2019-07-21,2019,RETURNING,True,MDM,2019-07-21,2026-04-17 15:58:36.668196
464e77fe-5592-41f7-b4ad-8343005094d8,CUST-2019-CN-002554,艳,李,艳 李,Male,1958-09-24,user360.apple498@outlook.com,13548391638,潜江街d座,潜江县,芳县,546307,CN,China,GREATER_CHINA,Chinese,Consumer,None,2019-10-02,2019,RETURNING,True,MDM,2019-10-02,2026-04-17 15:58:36.668199
6aede306-56ea-45b5-a0a3-29e1b2532756,CUST-2019-CN-002683,阳,张,阳 张,Female,1978-08-04,user467.apple@gmx.com,15644902096,熊路B座,兰州市,广州市,235057,CN,China,GREATER_CHINA,Chinese,Consumer,None,2019-03-15,2019,RETURNING,True,MDM,2019-03-15,2026-04-17 15:58:36.668205
9381e63c-f59c-433e-8e97-a164b90768fa,CUST-2019-CN-001239,秀珍,张,秀珍 张,Female,1962-09-06,user632.apple@icloud.com,18567364636,胡路y座,桂兰县,郑州市,791938,CN,China,GREATER_CHINA,Chinese,Consumer,None,2019-02-16,2019,RETURNING,True,MDM,2019-02-16,2026-04-17 15:58:36.668207
2cdd4a8b-870a-4e8a-950d-e9086219350b,CUST-2019-CN-000421,丹丹,曾,丹丹 曾,Female,1992-03-19,user427.apple@live.com,18620751103,马街c座,兰州县,峰市,575825,CN,China,GREATER_CHINA,Chinese,Consumer,None,2019-07-05,2019,RETURNING,True,MDM,2019-07-05,2026-04-17 15:58:36.668209
b241926e-d92c-4468-87d9-4f00239af25d,CUST-2019-CN-001196,秀芳,杨,秀芳 杨,Male,1960-09-25,user996.apple@mail.com,13788817885,袁路k座,超县,冬梅市,997418,CN,China,GREATER_CHINA,Chinese,Consumer,None,2019-08-07,2019,RETURNING,True,MDM,2019-08-07,2026-04-17 15:58:36.668211
744b1bef-9488-4eed-ad08-02a776194711,CUST-2020-CN-000524,博,陈,博 陈,Female,1959-04-15,user568.apple@mail.com,15707625506,何路J座,成市,雪县,480567,CN,China,GREATER_CHINA,Chinese,Consumer,None,2020-06-12,2020,RETURNING,True,MDM,2020-06-12 00:00:00,2026-04-17 15:58:36.668213
aad83584-ded0-4536-b826-71ad40f03ad0,CUST-2019-CN-002629,柳,段,柳 段,Male,1999-05-29,user368.apple510@icloud.com,18528588762,武汉街s座,勇市,超市,830119,CN,China,GREATER_CHINA,Chinese,Consumer,None,2019-11-24,2019,RETURNING,True,MDM,2019-11-24,2026-04-17 15:58:36.668215
c23d1702-114c-40ce-ad47-716d97b62249,CUST-2019-CN-001214,刚,张,刚 张,Male,1981-11-02,user647.apple@msn.com,15975180663,太原街S座,惠州市,建华县,401765,CN,China,GREATER_CHINA,Chinese,Consumer,Platinum,2019-02-19,2019,RETURNING,True,MDM,2019-02-19,2026-04-17 15:58:36.668216
53c7a24f-4aaa-4c78-b574-33b1fae17a6f,CUST-2020-CN-000486,晨,王,晨 王,Female,2000-12-29,user230.apple@msn.com,14704750215,张街v座,桂兰市,太原县,629560,CN,China,GREATER_CHINA,Chinese,Consumer,Platinum,2020-10-11,2020,RETURNING,True,MDM,2020-10-11 00:00:00,2026-04-17 15:58:36.668217
9e5765b6-3424-4a02-802c-429ac4f20cde,CUST-2019-CN-002115,冬梅,罗,冬梅 罗,Female,2003-10-30,user790.apple@protonmail.com,14582546464,张路Q座,杭州县,利县,681214,CN,China,GREATER_CHINA,Chinese,Business,None,2019-04-15,2019,RETURNING,True,MDM,2019-04-15,2026-04-17 15:58:36.668219
67b77795-6250-47aa-b45a-4709a979e274,CUST-2020-CN-000804,桂香,田,桂香 田,Male,1956-03-22,user561.apple@protonmail.com,15715433039,齐路c座,阳县,红市,636505,CN,China,GREATER_CHINA,Chinese,Consumer,None,2020-10-12,2020,RETURNING,True,MDM,2020-10-12 00:00:00,2026-04-17 15:58:36.668223
2e513369-8597-424e-ad65-44c2277ab881,CUST-2019-CN-002300,宁,薛,宁 薛,Male,1963-12-22,user427.apple496@gmail.com,18652077159,楼街j座,齐齐哈尔市,汕尾市,610226,CN,China,GREATER_CHINA,Chinese,Consumer,None,2019-01-21,2019,RETURNING,True,MDM,2019-01-21,2026-04-17 15:58:36.668225
d8c72e4e-35e8-4773-a8bb-0c66824d9748,CUST-2019-CN-000720,秀荣,杨,秀荣 杨,Male,1961-03-11,user356.apple@live.com,13296203369,佛山街Z座,宇县,梧州县,959693,CN,China,GREATER_CHINA,Chinese,Consumer,Platinum,2019-03-09,2019,RETURNING,True,MDM,2019-03-09,2026-04-17 15:58:36.668226
fb802521-2275-43b5-b4f8-2374177956d7,CUST-2019-CN-002613,燕,马,燕 马,Female,1982-03-13,user663.apple@protonmail.com,15311828674,沈阳路J座,哈尔滨市,玉兰市,250079,CN,China,GREATER_CHINA,Chinese,Education,Silver,2019-12-12,2019,RETURNING,True,MDM,2019-12-12,2026-04-17 15:58:36.668228
a2be93f2-7229-4c51-9321-97b9b9a52d14,CUST-2019-CN-000471,阳,梁,阳 梁,Female,1984-02-02,user609.apple@yahoo.com,15755616660,陆路B座,长沙县,马鞍山县,715043,CN,China,GREATER_CHINA,Chinese,Education,Silver,2019-01-05,2019,RETURNING,True,MDM,2019-01-05,2026-04-17 15:58:36.668229
47abc86d-9769-4806-b30f-c7e2ac7c07cd,CUST-2019-CN-000642,鹏,席,鹏 席,Female,1985-10-26,user865.apple@hotmail.com,18959420256,林路C座,合肥市,辛集市,920048,CN,China,GREATER_CHINA,Chinese,Education,Silver,2019-12-23,2019,RETURNING,True,MDM,2019-12-23,2026-04-17 15:58:36.668230
3e5fbeb9-59c2-42d3-9a2c-e427811d05ed,CUST-2019-CN-002181,云,向,云 向,Female,1971-05-20,user784.apple@gmail.com,15704481935,贵阳路H座,杭州县,秀珍市,723453,CN,China,GREATER_CHINA,Chinese,Consumer,Silver,2019-05-05,2019,RETURNING,True,MDM,2019-05-05,2026-04-17 15:58:36.668232
e8030284-3dec-4571-bb47-0f2ad437ad8b,CUST-2019-CN-001287,桂珍,邓,桂珍 邓,Male,1991-07-02,user402.apple@zoho.com,15865987577,梧州街K座,霞县,红梅县,328827,CN,China,GREATER_CHINA,Chinese,Education,None,2019-04-30,2019,RETURNING,True,MDM,2019-04-30,2026-04-17 15:58:36.668233
4cb72a79-614a-43e0-b24a-8dc7de1bc999,CUST-2020-CN-000984,霞,田,霞 田,Female,2001-11-26,user834.apple510@zoho.com,14559491217,梧州路R座,上海县,斌县,808625,CN,China,GREATER_CHINA,Chinese,Consumer,None,2020-09-17,2020,RETURNING,True,MDM,2020-09-17 00:00:00,2026-04-17 15:58:36.668235
526d60ed-7826-4093-970a-da8f35979522,CUST-2019-CN-000029,鑫,伍,鑫 伍,Male,1960-02-23,user173.apple@live.com,13196212008,赵街r座,婷婷县,阳县,711612,CN,China,GREATER_CHINA,Chinese,Consumer,None,2019-10-07,2019,RETURNING,True,MDM,2019-10-07,2026-04-17 15:58:36.668237
3410b8ad-979a-47e4-bbe0-ea1aa0004412,CUST-2020-CN-000592,桂芳,顾,桂芳 顾,Female,2000-03-21,user486.apple262@gmail.com,18811868718,西安路W座,武汉县,东莞市,947007,CN,China,GREATER_CHINA,Chinese,Business,None,2020-07-15,2020,RETURNING,True,MDM,2020-07-15 00:00:00,2026-04-17 15:58:36.668241
5fe86f15-a5ca-45bf-9930-258d0a13151d,CUST-2019-CN-002454,雪,甘,雪 甘,Female,1996-06-22,user604.apple425@hotmail.com,15864524440,董街h座,六盘水县,巢湖市,270135,CN,China,GREATER_CHINA,Chinese,Education,Silver,2019-02-22,2019,RETURNING,True,MDM,2019-02-22,2026-04-17 15:58:36.668242
ddec23e5-588c-4bee-a302-2466c1888d53,CUST-2019-CN-001880,鹏,李,鹏 李,Female,1959-08-02,user855.apple@icloud.com,13118359276,蒋路m座,齐齐哈尔市,西安市,822172,CN,China,GREATER_CHINA,Chinese,Consumer,None,2019-08-21,2019,RETURNING,True,MDM,2019-08-21,2026-04-17 15:58:36.668244
9c12c7da-c0c5-42df-b1eb-d5dc2849d250,CUST-2019-CN-002386,岩,李,岩 李,Male,1982-01-30,user552.apple@gmail.com,13226805671,张街z座,桂芳市,霞县,589282,CN,China,GREATER_CHINA,Chinese,Consumer,Gold,2019-08-28,2019,RETURNING,True,MDM,2019-08-28,2026-04-17 15:58:36.668246
124884c9-bbeb-4354-87c5-e85a0cf80f30,CUST-2019-CN-001007,霞,王,霞 王,Female,1981-01-28,user836.apple@mail.com,13479365270,西安街F座,强县,玉英县,325062,CN,China,GREATER_CHINA,Chinese,Consumer,None,2019-01-17,2019,RETURNING,True,MDM,2019-01-17,2026-04-17 15:58:36.668248
fce73ba9-d728-4ec9-b6ed-17109fdaf45a,CUST-2019-CN-001779,秀英,母,秀英 母,Female,1993-08-25,user218.apple@gmail.com,15587189665,吴路Q座,兰州县,海燕市,331516,CN,China,GREATER_CHINA,Chinese,Education,Silver,2019-01-26,2019,RETURNING,True,MDM,2019-01-26,2026-04-17 15:58:36.668249
c95446a0-cfe5-4be9-b145-d69be81c9f85,CUST-2019-CN-002805,婷,杨,婷 杨,Female,1961-05-17,user931.apple@icloud.com,15980834818,宋路j座,阜新市,梅县,879892,CN,China,GREATER_CHINA,Chinese,Consumer,None,2019-03-14,2019,RETURNING,True,MDM,2019-03-14,2026-04-17 15:58:36.668251
aa9ad2ce-9b63-431e-b1ea-fdfaa5bb2761,CUST-2019-CN-001102,倩,覃,倩 覃,Female,1987-05-27,user288.apple@gmail.com,13859418526,刘街r座,南京县,永安市,464214,CN,China,GREATER_CHINA,Chinese,Consumer,Gold,2019-01-21,2019,RETURNING,True,MDM,2019-01-21,2026-04-17 15:58:36.668252
1aafe45e-e4fe-4e43-ac4c-cbf7f176c49d,CUST-2019-CN-002532,凤兰,燕,凤兰 燕,Male,1988-04-03,user308.apple@icloud.com,15231975687,聂街o座,沈阳县,辽阳县,983964,CN,China,GREATER_CHINA,Chinese,Consumer,None,2019-04-05,2019,RETURNING,True,MDM,2019-04-05,2026-04-17 15:58:36.668254
83e4ba93-7f00-4811-8475-04fa550bd66f,CUST-2020-CN-000611,琴,李,琴 李,Female,1970-10-19,user324.apple@zoho.com,13316407763,兰州街Z座,潮州县,琴市,433824,CN,China,GREATER_CHINA,Chinese,Consumer,Platinum,2020-04-17,2020,RETURNING,True,MDM,2020-04-17 00:00:00,2026-04-17 15:58:36.668255
85176cc0-7b65-4320-810b-063221fb84dc,CUST-2019-CN-000964,鹏,康,鹏 康,Female,2000-09-21,user509.apple62@msn.com,13656966400,海口路v座,飞县,凤兰县,601241,CN,China,GREATER_CHINA,Chinese,Education,None,2019-07-18,2019,RETURNING,True,MDM,2019-07-18,2026-04-17 15:58:36.668257
4fd87989-e713-4353-88e0-ece0e23e8bb6,CUST-2020-CN-000784,秀云,姚,秀云 姚,Female,1958-10-01,user627.apple@zoho.com,18548958073,陈街k座,西安市,建华市,821687,CN,China,GREATER_CHINA,Chinese,Business,None,2020-02-03,2020,RETURNING,True,MDM,2020-02-03 00:00:00,2026-04-17 15:58:36.668258
a6a373d2-b447-4349-a2b3-542cf418d97c,CUST-2020-CN-000707,红霞,王,红霞 王,Female,2004-01-25,user980.apple@yahoo.com,15740998291,成都街e座,兰英县,浩县,968938,CN,China,GREATER_CHINA,Chinese,Consumer,Gold,2020-04-18,2020,RETURNING,True,MDM,2020-04-18 00:00:00,2026-04-17 15:58:36.668263
3477f485-920a-412d-a984-e4a6437dea91,CUST-2019-CN-001563,丽娟,江,丽娟 江,Male,2006-05-13,user130.apple@live.com,13466365444,陈路N座,凯县,宜都县,673641,CN,China,GREATER_CHINA,Chinese,Consumer,None,2019-05-23,2019,RETURNING,False,MDM,2019-05-23,2026-04-17 15:58:36.668265
bb788595-1f76-4d06-9f10-2cca6c7a29d4,CUST-2020-CN-000087,杰,蒋,杰 蒋,Female,2001-04-07,user163.apple@live.com,15065411823,唐路R座,嘉禾县,兴城市,960287,CN,China,GREATER_CHINA,Chinese,Consumer,None,2020-01-22,2020,RETURNING,False,MDM,2020-01-22 00:00:00,2026-04-17 15:58:36.668267
7f6660c6-6d32-417c-b78c-f6678b4f6001,CUST-2019-CN-001317,俊,张,俊 张,Male,1977-02-16,user439.apple@yahoo.com,15549510123,南昌街n座,重庆县,雪梅县,164980,CN,China,GREATER_CHINA,Chinese,Consumer,Silver,2019-03-08,2019,RETURNING,True,MDM,2019-03-08,2026-04-17 15:58:36.668268
61960054-ba57-4302-949f-e18921ecdfc9,CUST-2019-CN-000092,芳,王,芳 王,Male,1973-04-16,user434.apple@mail.com,15169587929,潜江街W座,旭县,嘉禾县,275808,CN,China,GREATER_CHINA,Chinese,Consumer,None,2019-10-07,2019,RETURNING,True,MDM,2019-10-07,2026-04-17 15:58:36.668270
09e0b29e-4675-4d79-b372-40fad02aaeed,CUST-2019-CN-001162,颖,安,颖 安,Male,1974-07-08,user547.apple@hotmail.com,14515579664,呼和浩特路Z座,兴城县,娟市,322221,CN,China,GREATER_CHINA,Chinese,Consumer,None,2019-08-06,2019,RETURNING,True,MDM,2019-08-06,2026-04-17 15:58:36.668272
97e9f2e1-5175-4595-ae5e-5a97663ad15e,CUST-2019-CN-002801,文,王,文 王,Male,1976-07-03,user348.apple140@aol.com,15863101967,北镇街j座,荣市,静市,799163,CN,China,GREATER_CHINA,Chinese,Business,None,2019-09-19,2019,RETURNING,True,MDM,2019-09-19,2026-04-17 15:58:36.668274
cb30174d-f7c5-4f6c-b90d-bbf2c2f701c4,CUST-2020-CN-000801,建军,陈,建军 陈,Male,1966-05-08,user240.apple@protonmail.com,15068260468,周路n座,桂花市,雪市,201949,CN,China,GREATER_CHINA,Chinese,Consumer,Gold,2020-04-17,2020,RETURNING,True,MDM,2020-04-17 00:00:00,2026-04-17 15:58:36.668275
a731821e-c6ba-42f9-a85d-a4f767c95980,CUST-2019-CN-001486,冬梅,战,冬梅 战,Male,1989-01-21,user595.apple@hotmail.com,18249703341,澳门街Y座,关岭市,龙县,139764,CN,China,GREATER_CHINA,Chinese,Consumer,None,2019-05-18,2019,RETURNING,True,MDM,2019-05-18,2026-04-17 15:58:36.668277
d81a6029-cfa7-4aaf-ad37-85a248f27fc9,CUST-2020-CN-000719,佳,胡,佳 胡,Male,1989-03-22,user686.apple@gmx.com,13772212060,李街o座,济南县,荣市,293560,CN,China,GREATER_CHINA,Chinese,Consumer,Platinum,2020-09-24,2020,RETURNING,True,MDM,2020-09-24 00:00:00,2026-04-17 15:58:36.668278
262193b6-41ea-49ba-b8a3-ee926e32e069,CUST-2019-CN-002072,玲,徐,玲 徐,Male,1966-11-15,user417.apple@outlook.com,13297873245,张街I座,想市,秀荣市,750883,CN,China,GREATER_CHINA,Chinese,Consumer,None,2019-06-25,2019,RETURNING,True,MDM,2019-06-25,2026-04-17 15:58:36.668280
efe3339e-824f-4508-b031-f3e30687876e,CUST-2019-CN-000767,俊,李,俊 李,Male,1999-07-19,user545.apple55@msn.com,13327329704,福州路b座,辉市,宜都市,282644,CN,China,GREATER_CHINA,Chinese,Consumer,None,2019-09-28,2019,RETURNING,True,MDM,2019-09-28,2026-04-17 15:58:36.668285
736d62fb-f3fb-43e9-97e5-2289ea29ba8e,CUST-2020-CN-000787,建军,向,建军 向,Female,1992-08-14,user281.apple@live.com,15641055187,苏路q座,建华县,兰州县,962030,CN,China,GREATER_CHINA,Chinese,Consumer,Gold,2020-06-11,2020,RETURNING,True,MDM,2020-06-11 00:00:00,2026-04-17 15:58:36.668286
b8759ac2-fe33-4796-8e49-d1c1380db513,CUST-2020-CN-000402,玉英,林,玉英 林,Female,1980-12-15,user831.apple177@msn.com,15866963656,兴安盟路G座,斌县,桂香市,719186,CN,China,GREATER_CHINA,Chinese,Consumer,Silver,2020-03-22,2020,RETURNING,True,MDM,2020-03-22 00:00:00,2026-04-17 15:58:36.668288
388b49ab-05db-4162-a3db-09d6cde87dbf,CUST-2019-CN-001265,桂芳,李,桂芳 李,Female,2001-10-10,user725.apple@live.com,18240757770,齐齐哈尔街i座,广州市,桂芳市,480610,CN,China,GREATER_CHINA,Chinese,Consumer,Gold,2019-12-25,2019,RETURNING,True,MDM,2019-12-25,2026-04-17 15:58:36.668289
0c2664f4-b223-4f36-bdd9-7585244ab80d,CUST-2019-CN-000052,玉兰,王,玉兰 王,Male,1989-06-03,user849.apple519@gmx.com,15210982935,哈尔滨街C座,合肥市,荆门县,862423,CN,China,GREATER_CHINA,Chinese,Consumer,Silver,2019-05-23,2019,RETURNING,True,MDM,2019-05-23,2026-04-17 15:58:36.668291
f9f4c344-03d7-47cb-9320-9b0f70fa56d3,CUST-2019-CN-000050,峰,张,峰 张,Male,1995-03-24,user479.apple@zoho.com,15514466793,夏路n座,哈尔滨县,佛山市,691844,CN,China,GREATER_CHINA,Chinese,Consumer,Silver,2019-11-19,2019,RETURNING,True,MDM,2019-11-19,2026-04-17 15:58:36.668292
1d9fd61f-d426-434c-bb09-014d39675dff,CUST-2019-CN-000117,莹,范,莹 范,Male,1996-03-27,user960.apple@protonmail.com,15095023941,余路L座,北京市,关岭市,636530,CN,China,GREATER_CHINA,Chinese,Consumer,Silver,2019-06-19,2019,RETURNING,False,MDM,2019-06-19,2026-04-17 15:58:36.668294
66225805-0c67-41fe-85fc-2feab1b4e325,CUST-2019-CN-000705,艳,殷,艳 殷,Male,1980-10-01,user549.apple558@live.com,13772689404,兰州街k座,斌县,柳县,775320,CN,China,GREATER_CHINA,Chinese,Consumer,Silver,2019-07-26,2019,RETURNING,True,MDM,2019-07-26,2026-04-17 15:58:36.668295
df953852-9b9d-4cd2-b834-84239035e318,CUST-2019-CN-000189,辉,尹,辉 尹,Female,1979-09-08,user822.apple@hotmail.com,13999941738,惠州街x座,超市,宜都县,801629,CN,China,GREATER_CHINA,Chinese,Business,Platinum,2019-11-20,2019,RETURNING,True,MDM,2019-11-20,2026-04-17 15:58:36.668296
7463662e-79f7-4ff3-b329-85ab8159971d,CUST-2020-CN-000672,淑兰,冯,淑兰 冯,Female,1964-11-02,user980.apple859@mail.com,14737162097,齐齐哈尔路F座,西安县,磊县,401607,CN,China,GREATER_CHINA,Chinese,Business,None,2020-03-21,2020,RETURNING,True,MDM,2020-03-21 00:00:00,2026-04-17 15:58:36.668298
135670f3-2a80-4a25-8531-e29805b55537,CUST-2020-CN-000111,秀云,夏,秀云 夏,Female,2000-07-01,user489.apple645@zoho.com,15515705184,王路p座,昆明市,佛山县,473289,CN,China,GREATER_CHINA,Chinese,Consumer,None,2020-07-16,2020,RETURNING,True,MDM,2020-07-16 00:00:00,2026-04-17 15:58:36.668300
eef91778-76e2-464d-a63f-63c2364d6014,CUST-2019-CN-002290,璐,李,璐 李,Female,1970-06-05,user112.apple@msn.com,13103947880,符路h座,柳州县,重庆县,681524,CN,China,GREATER_CHINA,Chinese,Consumer,Silver,2019-09-20,2019,RETURNING,True,MDM,2019-09-20,2026-04-17 15:58:36.668301
101549ca-73cf-4852-a3d7-bf9903627110,CUST-2019-CN-001969,晶,杨,晶 杨,Male,2004-08-03,user274.apple108@gmx.com,13218083999,林街v座,淑华县,浩市,234878,CN,China,GREATER_CHINA,Chinese,Consumer,None,2019-03-31,2019,RETURNING,True,MDM,2019-03-31,2026-04-17 15:58:36.668303
30b4dc80-f649-4ad7-949c-b62185a6cf59,CUST-2019-CN-000794,想,陈,想 陈,Female,1968-02-24,user843.apple@outlook.com,13207522881,阜新街F座,彬市,强市,984808,CN,China,GREATER_CHINA,Chinese,Consumer,Silver,2019-08-13,2019,RETURNING,True,MDM,2019-08-13,2026-04-17 15:58:36.668305
e9cabfe7-40a8-448c-a071-f86627d82d18,CUST-2020-CN-000422,欣,周,欣 周,Female,1994-08-02,user404.apple@gmail.com,15547146034,宁德路s座,长春县,宁县,537379,CN,China,GREATER_CHINA,Chinese,Consumer,Silver,2020-10-12,2020,RETURNING,True,MDM,2020-10-12 00:00:00,2026-04-17 15:58:36.668307
3fc05b2d-8f41-4790-9e8b-ad8e6ca7a84a,CUST-2020-CN-000653,飞,阳,飞 阳,Male,1963-01-22,user249.apple@live.com,13045723246,澳门路o座,雪梅市,合山市,868795,CN,China,GREATER_CHINA,Chinese,Consumer,None,2020-05-22,2020,RETURNING,True,MDM,2020-05-22 00:00:00,2026-04-17 15:58:36.668309
69530bfd-0f7f-48b2-8a47-5e40c375e799,CUST-2020-CN-000215,波,杨,波 杨,Female,1979-06-12,user512.apple@zoho.com,18218497059,香港路m座,淑珍市,辉县,486671,CN,China,GREATER_CHINA,Chinese,Consumer,None,2020-03-15,2020,RETURNING,True,MDM,2020-03-15 00:00:00,2026-04-17 15:58:36.668311
ae1d8417-2171-4ddd-ac6b-4e80e0a52b9e,CUST-2019-CN-000944,兰英,张,兰英 张,Male,2000-01-23,user349.apple177@msn.com,18140286921,毛街f座,沈阳市,辽阳县,736186,CN,China,GREATER_CHINA,Chinese,Consumer,None,2019-02-16,2019,RETURNING,True,MDM,2019-02-16,2026-04-17 15:58:36.668312
8f6a613d-718a-4075-b45a-3e7e20fc7811,CUST-2019-CN-001427,英,彭,英 彭,Female,1965-12-05,user368.apple@icloud.com,18533726068,济南路x座,潮州县,婷县,627797,CN,China,GREATER_CHINA,Chinese,Consumer,Platinum,2019-05-25,2019,RETURNING,True,MDM,2019-05-25,2026-04-17 15:58:36.668314
1dd54b85-6fd7-4395-8ff7-f0e29fa333fe,CUST-2020-CN-000526,亮,李,亮 李,Female,1975-03-04,user671.apple336@gmail.com,15096754055,张路D座,沈阳市,莉县,486414,CN,China,GREATER_CHINA,Chinese,Consumer,None,2020-02-29,2020,RETURNING,True,MDM,2020-02-29 00:00:00,2026-04-17 15:58:36.668316
f965406b-085e-4c96-ba52-55910192c58e,CUST-2020-CN-000304,秀云,李,秀云 李,Male,1961-03-24,user148.apple258@gmail.com,15175039973,张街b座,想市,桂香市,394981,CN,China,GREATER_CHINA,Chinese,Business,None,2020-10-24,2020,RETURNING,False,MDM,2020-10-24 00:00:00,2026-04-17 15:58:36.668318
2522f5dd-f691-4e0e-beaa-192b175718ee,CUST-2019-CN-002988,玉华,卿,玉华 卿,Female,1972-12-02,user927.apple741@zoho.com,13828870549,哈尔滨街e座,洁县,飞市,328316,CN,China,GREATER_CHINA,Chinese,Consumer,None,2019-02-01,2019,RETURNING,True,MDM,2019-02-01,2026-04-17 15:58:36.668320
73bf7b93-28b3-46f9-b9ac-ab9e451957df,CUST-2019-CN-002046,静,黄,静 黄,Male,1956-07-17,user739.apple946@yahoo.com,14529901559,福州街L座,秀英县,宇市,770084,CN,China,GREATER_CHINA,Chinese,Consumer,Gold,2019-01-04,2019,RETURNING,True,MDM,2019-01-04,2026-04-17 15:58:36.668321
72dd7fd5-80fa-4aba-bd7b-ee6786db366d,CUST-2019-CN-000185,阳,张,阳 张,Female,1986-05-02,user712.apple@aol.com,13057061427,重庆路k座,坤市,娟县,807768,CN,China,GREATER_CHINA,Chinese,Business,Silver,2019-10-01,2019,RETURNING,True,MDM,2019-10-01,2026-04-17 15:58:36.668323
597908ec-9f46-4771-a992-56a24a006796,CUST-2019-CN-001996,雪梅,徐,雪梅 徐,Female,1985-09-29,user758.apple@mail.com,13270884050,重庆路B座,静市,杭州县,599683,CN,China,GREATER_CHINA,Chinese,Consumer,Gold,2019-09-05,2019,RETURNING,True,MDM,2019-09-05,2026-04-17 15:58:36.668325
8cbb02e7-f166-4b56-b03f-bd15b04288ef,CUST-2020-CN-000664,勇,王,勇 王,Female,1974-01-21,user799.apple@hotmail.com,13882162881,重庆街O座,丽华县,秀兰县,554156,CN,China,GREATER_CHINA,Chinese,Consumer,None,2020-10-22,2020,RETURNING,False,MDM,2020-10-22 00:00:00,2026-04-17 15:58:36.668327
7b127193-2000-4c60-b9bd-47adaa2ae882,CUST-2019-CN-001891,欣,李,欣 李,Female,1993-04-24,user965.apple956@zoho.com,13660639882,沈阳街s座,台北县,丽市,852865,CN,China,GREATER_CHINA,Chinese,Consumer,Platinum,2019-12-07,2019,RETURNING,True,MDM,2019-12-07,2026-04-17 15:58:36.668328
6a16830d-7af6-4586-81c6-b7a006bf9bfe,CUST-2019-CN-002485,娟,朱,娟 朱,Female,1960-06-06,user363.apple654@aol.com,18903455693,太原街o座,惠州市,丽县,960753,CN,China,GREATER_CHINA,Chinese,Consumer,Gold,2019-04-30,2019,RETURNING,True,MDM,2019-04-30,2026-04-17 15:58:36.668330
2873b1a5-2460-4a53-91a4-13d4aca272ad,CUST-2019-CN-001137,兵,李,兵 李,Male,2008-02-13,user872.apple@mail.com,13561889328,西宁路i座,秀云市,杰市,885460,CN,China,GREATER_CHINA,Chinese,Education,Platinum,2019-02-04,2019,RETURNING,True,MDM,2019-02-04,2026-04-17 15:58:36.668331
814c3d42-f060-41d6-b164-0637a9aed6bb,CUST-2019-CN-002442,刚,刘,刚 刘,Male,2005-07-29,user874.apple@protonmail.com,13380242318,吴路n座,杭州县,齐齐哈尔县,273337,CN,China,GREATER_CHINA,Chinese,Consumer,None,2019-11-13,2019,RETURNING,True,MDM,2019-11-13,2026-04-17 15:58:36.668337
e8f68680-6564-4647-b535-e88d9ca85eb1,CUST-2019-CN-001070,婷,朱,婷 朱,Female,1986-04-19,user942.apple@outlook.com,13903583641,重庆路Z座,长春县,玉梅市,307513,CN,China,GREATER_CHINA,Chinese,Business,None,2019-09-07,2019,RETURNING,True,MDM,2019-09-07,2026-04-17 15:58:36.668339
3fe9826c-1cbe-4df9-ace6-20a97a9de9ec,CUST-2020-CN-001019,桂香,张,桂香 张,Female,1981-07-14,user947.apple@outlook.com,18222823275,东莞路y座,斌市,梅市,575162,CN,China,GREATER_CHINA,Chinese,Consumer,None,2020-03-20,2020,RETURNING,True,MDM,2020-03-20 00:00:00,2026-04-17 15:58:36.668341
bb73a72c-7844-436e-a110-bdaaabc16db7,CUST-2019-CN-001574,萍,柳,萍 柳,Male,1976-03-29,user605.apple76@outlook.com,15806348835,永安路a座,太原县,兵县,957503,CN,China,GREATER_CHINA,Chinese,Consumer,Silver,2019-05-03,2019,RETURNING,True,MDM,2019-05-03,2026-04-17 15:58:36.668342
a6841daa-59d2-42b9-870e-93ad81b45d2a,CUST-2019-CN-000929,桂兰,赵,桂兰 赵,Male,1986-10-24,user308.apple@protonmail.com,18892584149,谢街E座,娟县,东莞市,151779,CN,China,GREATER_CHINA,Chinese,Consumer,Gold,2019-08-10,2019,RETURNING,True,MDM,2019-08-10,2026-04-17 15:58:36.668344
bc0b2870-478a-4e96-acc6-6f508ec4399d,CUST-2019-CN-001147,玉,白,玉 白,Female,1981-09-28,user982.apple@hotmail.com,18291877606,曹路a座,嘉禾县,南昌市,369990,CN,China,GREATER_CHINA,Chinese,Education,Gold,2019-01-27,2019,RETURNING,True,MDM,2019-01-27,2026-04-17 15:58:36.668346
5af0c82b-4881-4e4b-ae7f-0ef9fcc93281,CUST-2019-CN-002736,春梅,盛,春梅 盛,Female,1973-09-13,user881.apple@protonmail.com,18896508509,王路j座,楠县,海门市,527321,CN,China,GREATER_CHINA,Chinese,Consumer,Gold,2019-09-01,2019,RETURNING,True,MDM,2019-09-01,2026-04-17 15:58:36.668347
9745ad0f-5605-47ce-a682-9a42007b50d5,CUST-2019-CN-001947,宇,冯,宇 冯,Male,2002-10-18,user752.apple@gmx.com,13384331299,广州路N座,阜新县,广州县,915599,CN,China,GREATER_CHINA,Chinese,Business,None,2019-03-25,2019,RETURNING,True,MDM,2019-03-25,2026-04-17 15:58:36.668349
8d08833c-6530-4980-9d49-59719adeccea,CUST-2019-CN-000024,秀华,黄,秀华 黄,Male,1992-03-15,user747.apple@live.com,13419209824,沈阳路L座,淑英市,银川县,918020,CN,China,GREATER_CHINA,Chinese,Consumer,Platinum,2019-10-28,2019,RETURNING,True,MDM,2019-10-28,2026-04-17 15:58:36.668354
59bdfaa6-daf9-4f83-b6e8-27160c26b67f,CUST-2020-CN-000899,玉华,张,玉华 张,Male,2007-05-01,user387.apple@outlook.com,13183970909,宁德路m座,玉英市,兰州县,607799,CN,China,GREATER_CHINA,Chinese,Consumer,None,2020-10-19,2020,RETURNING,True,MDM,2020-10-19 00:00:00,2026-04-17 15:58:36.668357
8433f751-7dd1-4071-bc27-af2520e30352,CUST-2019-CN-001433,雪,丁,雪 丁,Female,1963-05-10,user717.apple@gmail.com,15501491767,刘路C座,北镇县,淑珍市,672220,CN,China,GREATER_CHINA,Chinese,Consumer,Silver,2019-06-07,2019,RETURNING,True,MDM,2019-06-07,2026-04-17 15:58:36.668358
888e9814-8c04-4158-a38d-dc62cba670c8,CUST-2019-CN-001084,建华,吴,建华 吴,Female,1987-06-19,user685.apple353@mail.com,18956565731,深圳路E座,建军县,超县,682524,CN,China,GREATER_CHINA,Chinese,Consumer,Platinum,2019-04-22,2019,RETURNING,True,MDM,2019-04-22,2026-04-17 15:58:36.668359
ca25a41b-af0c-4b68-8b31-73cb5d4eef83,CUST-2019-CN-000120,亮,郝,亮 郝,Female,1953-10-21,user910.apple@mail.com,15754099050,吴街I座,淑珍县,秀芳县,329503,CN,China,GREATER_CHINA,Chinese,Consumer,None,2019-09-19,2019,RETURNING,True,MDM,2019-09-19,2026-04-17 15:58:36.668361
b63128bb-578d-4283-ba18-743064c1e801,CUST-2019-CN-000293,建华,王,建华 王,Female,1956-10-08,user782.apple@gmail.com,18993843292,南昌街W座,红霞县,银川市,892348,CN,China,GREATER_CHINA,Chinese,Consumer,None,2019-10-05,2019,RETURNING,True,MDM,2019-10-05,2026-04-17 15:58:36.668364
d431f250-964d-4def-bc49-5c06a9198791,CUST-2019-CN-002632,霞,林,霞 林,Male,1976-10-18,user445.apple878@mail.com,13525903871,关岭路j座,凤兰县,成都市,149721,CN,China,GREATER_CHINA,Chinese,Consumer,Gold,2019-11-24,2019,RETURNING,True,MDM,2019-11-24,2026-04-17 15:58:36.668365
3e602de4-0c00-42ff-981f-322670244ba9,CUST-2019-CN-001149,斌,申,斌 申,Female,1986-04-12,user291.apple@outlook.com,15830212460,六盘水街H座,浩县,杨县,614965,CN,China,GREATER_CHINA,Chinese,Consumer,Platinum,2019-06-28,2019,RETURNING,True,MDM,2019-06-28,2026-04-17 15:58:36.668367
ee770145-4412-4a43-a352-bd0275b2c7ab,CUST-2020-CN-000048,军,朱,军 朱,Female,1979-09-22,user929.apple@protonmail.com,15598660605,石家庄街e座,林市,萍市,880199,CN,China,GREATER_CHINA,Chinese,Consumer,None,2020-06-04,2020,RETURNING,True,MDM,2020-06-04 00:00:00,2026-04-17 15:58:36.668369
e7ec1d61-09f5-42e6-9953-8278bcf8bffe,CUST-2020-CN-000865,淑珍,李,淑珍 李,Male,2001-03-06,user267.apple@yahoo.com,13983991121,刘街i座,惠州县,合肥市,134544,CN,China,GREATER_CHINA,Chinese,Consumer,Silver,2020-01-28,2020,RETURNING,True,MDM,2020-01-28 00:00:00,2026-04-17 15:58:36.668372
a7a4ce26-1759-4227-974f-aa861aed047a,CUST-2019-CN-002278,晶,赵,晶 赵,Male,1991-03-05,user495.apple15@gmx.com,15025037755,拉萨街M座,贵阳县,利市,321794,CN,China,GREATER_CHINA,Chinese,Consumer,None,2019-03-13,2019,RETURNING,True,MDM,2019-03-13,2026-04-17 15:58:36.668374
1969b07a-d57f-4189-90ab-cb7e3ca9012a,CUST-2019-CN-002778,璐,沈,璐 沈,Female,1959-07-14,user146.apple@aol.com,13051006430,沈阳街x座,宁市,六盘水市,104344,CN,China,GREATER_CHINA,Chinese,Consumer,Silver,2019-12-20,2019,RETURNING,True,MDM,2019-12-20,2026-04-17 15:58:36.668376
9d2b45f6-5a9f-486d-b015-75a08f760bb2,CUST-2019-CN-002843,春梅,谭,春梅 谭,Female,1962-02-16,user296.apple165@aol.com,13051015404,海门街T座,淑英市,合山市,928006,CN,China,GREATER_CHINA,Chinese,Business,None,2019-08-20,2019,RETURNING,False,MDM,2019-08-20,2026-04-17 15:58:36.668378
b89a432e-5d86-4037-b120-9bfaa08534c4,CUST-2020-CN-000030,淑华,侯,淑华 侯,Female,1994-09-03,user117.apple908@hotmail.com,13150580100,郑街z座,桂香县,浩市,487385,CN,China,GREATER_CHINA,Chinese,Consumer,Silver,2020-06-23,2020,RETURNING,False,MDM,2020-06-23 00:00:00,2026-04-17 15:58:36.668379
a7603e75-d6c0-4f67-96ec-14a291957ebd,CUST-2019-CN-002946,金凤,颜,金凤 颜,Female,1956-03-15,user683.apple880@yahoo.com,18141951395,梧州路k座,天津市,凤兰县,843133,CN,China,GREATER_CHINA,Chinese,Consumer,Gold,2019-12-06,2019,RETURNING,True,MDM,2019-12-06,2026-04-17 15:58:36.668381
0adfe344-cbe7-4c5d-bf43-37742963445e,CUST-2020-CN-000741,芳,陈,芳 陈,Male,1993-10-11,user620.apple981@live.com,13577161942,柳州街a座,淑兰县,香港县,788602,CN,China,GREATER_CHINA,Chinese,Consumer,None,2020-05-18,2020,RETURNING,False,MDM,2020-05-18 00:00:00,2026-04-17 15:58:36.668383
39a72e5f-7f79-414e-b9ba-5f1e5741f50c,CUST-2019-CN-000160,金凤,李,金凤 李,Male,1974-04-26,user195.apple@live.com,14788270277,关岭街D座,福州市,太原县,227617,CN,China,GREATER_CHINA,Chinese,Consumer,None,2019-09-27,2019,RETURNING,True,MDM,2019-09-27,2026-04-17 15:58:36.668385
bab2f831-08af-49ba-8c04-f4df28409d6a,CUST-2019-CN-002186,东,农,东 农,Male,1969-09-18,user449.apple@yahoo.com,18047695508,余路q座,通辽县,晶县,574777,CN,China,GREATER_CHINA,Chinese,Education,None,2019-02-28,2019,RETURNING,True,MDM,2019-02-28,2026-04-17 15:58:36.668390
7c45c061-73f1-4aec-814e-6acc6876bbfe,CUST-2019-CN-000304,志强,黄,志强 黄,Female,2001-03-20,user619.apple@icloud.com,15800012317,深圳路M座,健市,澳门市,257492,CN,China,GREATER_CHINA,Chinese,Consumer,None,2019-11-25,2019,RETURNING,True,MDM,2019-11-25,2026-04-17 15:58:36.668392
24b12b5a-0f61-4760-8f7b-acbf5e537c7c,CUST-2019-CN-000404,刚,杨,刚 杨,Female,1986-08-28,user509.apple@zoho.com,13844265659,合山路Z座,柳市,明县,167964,CN,China,GREATER_CHINA,Chinese,Consumer,Platinum,2019-08-24,2019,RETURNING,True,MDM,2019-08-24,2026-04-17 15:58:36.668393
27ee02b0-f344-4933-ad34-822870592853,CUST-2019-CN-002973,倩,谭,倩 谭,Female,2001-09-21,user419.apple@msn.com,14712794392,哈尔滨街q座,东莞县,潮州县,186390,CN,China,GREATER_CHINA,Chinese,Consumer,Gold,2019-06-07,2019,RETURNING,True,MDM,2019-06-07,2026-04-17 15:58:36.668395
b467a9d4-205d-4e0b-9274-b741d582c3d1,CUST-2019-CN-000544,莹,郭,莹 郭,Female,1961-06-28,user427.apple@aol.com,13885162129,长春路B座,梧州县,台北县,563907,CN,China,GREATER_CHINA,Chinese,Education,Platinum,2019-02-27,2019,RETURNING,True,MDM,2019-02-27,2026-04-17 15:58:36.668396
a445eb37-67e4-4f31-8449-ab6513d12d71,CUST-2019-CN-000910,丹丹,温,丹丹 温,Male,2005-02-04,user968.apple@hotmail.com,13904056279,邹路f座,雪梅县,淑兰市,603890,CN,China,GREATER_CHINA,Chinese,Consumer,None,2019-09-13,2019,RETURNING,True,MDM,2019-09-13,2026-04-17 15:58:36.668399
c711a8da-4cff-4912-ab49-1151d63b5d09,CUST-2020-CN-000302,雪,吴,雪 吴,Female,1999-06-20,user751.apple@gmail.com,18822824800,楚街Z座,成市,淮安县,798274,CN,China,GREATER_CHINA,Chinese,Consumer,Silver,2020-02-28,2020,RETURNING,True,MDM,2020-02-28 00:00:00,2026-04-17 15:58:36.668400
bedc77fa-d5a1-4b07-b84e-f7021d1248f0,CUST-2019-CN-000656,玉,刘,玉 刘,Female,1983-03-06,user353.apple@outlook.com,13003456267,太原街K座,淮安县,重庆市,387137,CN,China,GREATER_CHINA,Chinese,Business,None,2019-09-14,2019,RETURNING,True,MDM,2019-09-14,2026-04-17 15:58:36.668402
32e059d6-c11b-4b22-b0a4-89a05c858bc9,CUST-2019-CN-002659,欣,林,欣 林,Male,1983-12-05,user350.apple622@icloud.com,15309313623,杨路M座,金凤县,涛县,682062,CN,China,GREATER_CHINA,Chinese,Consumer,Platinum,2019-04-21,2019,RETURNING,False,MDM,2019-04-21,2026-04-17 15:58:36.668407
6f222696-debf-445b-8324-a74fa147ba83,CUST-2020-CN-000420,琳,余,琳 余,Female,2006-01-23,user763.apple862@gmx.com,15202626144,董路L座,慧县,天津县,464337,CN,China,GREATER_CHINA,Chinese,Consumer,None,2020-01-14,2020,RETURNING,True,MDM,2020-01-14 00:00:00,2026-04-17 15:58:36.668410
45faa2fc-fbad-457f-bdf7-5ce701ce6596,CUST-2020-CN-000316,丽娟,彭,丽娟 彭,Female,1972-12-06,user710.apple@aol.com,18950455311,宜都路j座,贵阳市,沈阳市,627507,CN,China,GREATER_CHINA,Chinese,Business,Gold,2020-01-11,2020,RETURNING,True,MDM,2020-01-11 00:00:00,2026-04-17 15:58:36.668411
fa072a15-9fe5-4574-beb3-bb33b7390b0c,CUST-2019-CN-002935,建,王,建 王,Male,1962-06-01,user499.apple@aol.com,13667990143,海门路R座,淑英县,平县,812776,CN,China,GREATER_CHINA,Chinese,Education,None,2019-11-30,2019,RETURNING,True,MDM,2019-11-30,2026-04-17 15:58:36.668413
8737d758-4c06-49f8-b11b-e4cfefebf15d,CUST-2019-CN-002431,雪梅,张,雪梅 张,Male,1953-02-21,user190.apple@msn.com,18561296806,李路H座,兴安盟县,哈尔滨市,551400,CN,China,GREATER_CHINA,Chinese,Education,None,2019-11-06,2019,RETURNING,True,MDM,2019-11-06,2026-04-17 15:58:36.668415
6c7b4aca-deae-463b-8bfb-4c2bf2f9f96b,CUST-2019-CN-000061,娟,储,娟 储,Male,1982-10-04,user556.apple@icloud.com,18028564474,哈尔滨街W座,宁德县,鹏县,665889,CN,China,GREATER_CHINA,Chinese,Consumer,Gold,2019-02-08,2019,RETURNING,True,MDM,2019-02-08,2026-04-17 15:58:36.668417
69328e80-1623-4a00-b5e1-673a68c91220,CUST-2020-CN-000485,桂兰,张,桂兰 张,Female,1966-08-02,user208.apple@hotmail.com,13524481957,六盘水街A座,西宁县,太原县,518633,CN,China,GREATER_CHINA,Chinese,Consumer,Silver,2020-02-01,2020,RETURNING,True,MDM,2020-02-01 00:00:00,2026-04-17 15:58:36.668418
e3c416da-c220-429f-afe7-9cd8141f7de6,CUST-2019-CN-001883,春梅,陈,春梅 陈,Male,1981-04-09,user243.apple@protonmail.com,14538257381,左路v座,林县,沈阳县,926581,CN,China,GREATER_CHINA,Chinese,Education,None,2019-04-19,2019,RETURNING,True,MDM,2019-04-19,2026-04-17 15:58:36.668420
b8e52c6d-9150-4f41-a92e-27886101dcca,CUST-2019-CN-001963,红,贾,红 贾,Female,2005-12-24,user742.apple@mail.com,18021210554,石家庄路V座,潮州县,洋市,701091,CN,China,GREATER_CHINA,Chinese,Education,Silver,2019-04-03,2019,RETURNING,True,MDM,2019-04-03,2026-04-17 15:58:36.668425
7bd8a166-6962-436b-b51f-6876725c13f7,CUST-2019-CN-002440,林,齐,林 齐,Male,2003-07-24,user161.apple919@live.com,13568128263,昆明街R座,丽娟县,淑兰市,920185,CN,China,GREATER_CHINA,Chinese,Consumer,Silver,2019-01-09,2019,RETURNING,True,MDM,2019-01-09,2026-04-17 15:58:36.668427
a33f8501-9494-4a55-9f44-559788ba23c1,CUST-2019-CN-000191,璐,韩,璐 韩,Male,1980-02-05,user488.apple@live.com,13033512295,高路l座,东莞县,巢湖县,789135,CN,China,GREATER_CHINA,Chinese,Consumer,None,2019-09-21,2019,RETURNING,True,MDM,2019-09-21,2026-04-17 15:58:36.668429
a1aa33df-1b30-447a-a9f9-e1a7ba8e825a,CUST-2020-CN-000279,玉华,孙,玉华 孙,Male,1978-12-08,user240.apple@mail.com,13056141008,成都路k座,辛集市,健市,482473,CN,China,GREATER_CHINA,Chinese,Consumer,Silver,2020-08-07,2020,RETURNING,True,MDM,2020-08-07 00:00:00,2026-04-17 15:58:36.668430
9c00f6f2-4913-4984-88a0-5359430a8f3e,CUST-2019-CN-001324,英,蒙,英 蒙,Male,2006-10-25,user826.apple@gmail.com,15544473235,汕尾街C座,哈尔滨县,重庆县,446806,CN,China,GREATER_CHINA,Chinese,Consumer,None,2019-05-28,2019,RETURNING,True,MDM,2019-05-28,2026-04-17 15:58:36.668432
908a3987-adad-4a28-91a9-4932025dc335,CUST-2019-CN-000620,浩,周,浩 周,Male,1957-10-31,user255.apple@gmx.com,18080470722,王街B座,丽丽市,云县,910113,CN,China,GREATER_CHINA,Chinese,Consumer,Platinum,2019-01-02,2019,RETURNING,True,MDM,2019-01-02,2026-04-17 15:58:36.668433
e3b3d4fc-8fe6-4662-b07b-ad92fd54a335,CUST-2019-CN-000063,红霞,马,红霞 马,Female,2005-06-10,user413.apple549@aol.com,13935162248,张路H座,萍县,南昌市,796703,CN,China,GREATER_CHINA,Chinese,Consumer,None,2019-11-16,2019,RETURNING,True,MDM,2019-11-16,2026-04-17 15:58:36.668435
ef48ece2-5f40-42d9-9d00-e5b4292d2b11,CUST-2019-CN-002612,敏,刘,敏 刘,Male,1993-03-31,user211.apple194@gmail.com,15914100978,秦街J座,淮安市,梅市,396642,CN,China,GREATER_CHINA,Chinese,Consumer,None,2019-10-25,2019,RETURNING,True,MDM,2019-10-25,2026-04-17 15:58:36.668437
2a1b49d6-6616-4263-a1fc-17723d2f6c2a,CUST-2020-CN-000818,帅,徐,帅 徐,Female,2007-01-19,user114.apple@icloud.com,13034401096,东莞路K座,辽阳县,华县,559324,CN,China,GREATER_CHINA,Chinese,Business,None,2020-11-04,2020,RETURNING,True,MDM,2020-11-04 00:00:00,2026-04-17 15:58:36.668439
12629e88-ee48-450e-adc9-fdb8786d1e23,CUST-2020-CN-000491,云,林,云 林,Male,2005-08-11,user950.apple@hotmail.com,15108756430,潘街q座,桂荣市,晶市,557688,CN,China,GREATER_CHINA,Chinese,Consumer,Gold,2020-01-08,2020,RETURNING,True,MDM,2020-01-08 00:00:00,2026-04-17 15:58:36.668443
bf488e46-3fdf-462a-b970-cb602db14fd9,CUST-2020-CN-000656,帆,黄,帆 黄,Female,1965-09-05,user628.apple399@outlook.com,13277713204,姜路S座,北京县,银川县,772656,CN,China,GREATER_CHINA,Chinese,Consumer,None,2020-12-24,2020,RETURNING,True,MDM,2020-12-24 00:00:00,2026-04-17 15:58:36.668445
82e6d2eb-2d28-454d-a0b5-6f40924dc127,CUST-2019-CN-000731,海燕,冯,海燕 冯,Male,1971-08-23,user738.apple@msn.com,18818106724,钱路m座,桂香市,林县,394434,CN,China,GREATER_CHINA,Chinese,Consumer,None,2019-03-26,2019,RETURNING,False,MDM,2019-03-26,2026-04-17 15:58:36.668447
3cb62017-950f-40e4-9810-b7250f9e0aac,CUST-2019-CN-002370,雪梅,郎,雪梅 郎,Female,1961-07-27,user823.apple223@gmx.com,14545526742,胡街d座,成市,阜新市,850018,CN,China,GREATER_CHINA,Chinese,Consumer,Platinum,2019-04-17,2019,RETURNING,True,MDM,2019-04-17,2026-04-17 15:58:36.668449
6a53aa16-3f7a-4478-af23-58e431a69f2b,CUST-2019-CN-000450,桂芳,李,桂芳 李,Male,1956-09-12,user357.apple471@icloud.com,13926463365,周路d座,丽华县,冬梅县,729981,CN,China,GREATER_CHINA,Chinese,Consumer,None,2019-02-13,2019,RETURNING,True,MDM,2019-02-13,2026-04-17 15:58:36.668451
953927db-19a0-484c-99ae-2a5c8d04bbe1,CUST-2019-CN-002308,玲,王,玲 王,Male,1976-04-27,user947.apple@gmail.com,18548682660,万路O座,明县,长沙县,294362,CN,China,GREATER_CHINA,Chinese,Consumer,Platinum,2019-10-25,2019,RETURNING,True,MDM,2019-10-25,2026-04-17 15:58:36.668453
86bec6cc-9c94-45cc-a6e0-d85ff70b251b,CUST-2019-CN-001388,林,邵,林 邵,Male,1982-05-25,user372.apple572@live.com,18515294382,阜新街z座,通辽市,玉兰县,727818,CN,China,GREATER_CHINA,Chinese,Consumer,Silver,2019-11-12,2019,RETURNING,True,MDM,2019-11-12,2026-04-17 15:58:36.668454
f0bb1cb4-d720-4a3f-91e5-295c49be9c74,CUST-2020-CN-000970,秀芳,张,秀芳 张,Male,1981-02-20,user320.apple@live.com,15018228374,拉萨路S座,大冶县,哈尔滨县,389409,CN,China,GREATER_CHINA,Chinese,Consumer,Platinum,2020-07-12,2020,RETURNING,True,MDM,2020-07-12 00:00:00,2026-04-17 15:58:36.668456
05370deb-7a78-419c-8e44-8738b001c962,CUST-2020-CN-000797,璐,郭,璐 郭,Male,1950-05-21,user824.apple@outlook.com,15017761356,柳州路K座,玉市,哈尔滨市,659386,CN,China,GREATER_CHINA,Chinese,Consumer,Silver,2020-07-25,2020,RETURNING,True,MDM,2020-07-25 00:00:00,2026-04-17 15:58:36.668461
ee44452b-c9e7-4720-b027-5da38c87980a,CUST-2019-CN-000005,飞,陈,飞 陈,Male,1951-02-14,user220.apple@icloud.com,15820775664,李街E座,想县,亮市,112672,CN,China,GREATER_CHINA,Chinese,Consumer,None,2019-10-12,2019,RETURNING,True,MDM,2019-10-12,2026-04-17 15:58:36.668463
a175c09f-00b6-40a4-bdfa-0415ed7f97cc,CUST-2019-CN-002656,辉,吴,辉 吴,Female,1952-05-13,user838.apple320@icloud.com,15869189521,孙路F座,琳县,香港市,964050,CN,China,GREATER_CHINA,Chinese,Consumer,None,2019-11-08,2019,RETURNING,True,MDM,2019-11-08,2026-04-17 15:58:36.668465
ebbcd39e-77cf-48ae-9f87-d1f5ac4ad277,CUST-2019-CN-001247,明,邓,明 邓,Female,1967-10-03,user562.apple296@gmx.com,18824378880,张路A座,沈阳县,宇市,971087,CN,China,GREATER_CHINA,Chinese,Consumer,Silver,2019-06-20,2019,RETURNING,True,MDM,2019-06-20,2026-04-17 15:58:36.668466
30db3195-4d9a-4897-ab38-f0095a1047e4,CUST-2019-CN-001025,丹,聂,丹 聂,Female,1959-03-25,user151.apple@yahoo.com,15927671846,福州街v座,凤兰市,琳市,294571,CN,China,GREATER_CHINA,Chinese,Consumer,None,2019-12-28,2019,RETURNING,True,MDM,2019-12-28,2026-04-17 15:58:36.668468
1f8c8531-3899-417c-a984-2ac0bb33e7c2,CUST-2019-CN-001491,桂花,潘,桂花 潘,Female,1951-04-20,user323.apple@icloud.com,15538325645,阜新路l座,霞县,凯市,102176,CN,China,GREATER_CHINA,Chinese,Consumer,Gold,2019-06-25,2019,RETURNING,True,MDM,2019-06-25,2026-04-17 15:58:36.668469
a838660b-0f71-4728-b30d-a451acc4fa95,CUST-2019-CN-001067,宇,张,宇 张,Male,1988-09-16,user752.apple804@zoho.com,13504662547,西宁街A座,秀梅县,惠州县,128954,CN,China,GREATER_CHINA,Chinese,Business,Silver,2019-02-06,2019,RETURNING,True,MDM,2019-02-06,2026-04-17 15:58:36.668471
80b09df3-6737-48cf-9fcc-156680272b0d,CUST-2019-CN-002250,冬梅,万,冬梅 万,Male,1999-03-12,user343.apple@msn.com,18063388155,段街e座,辽阳县,波市,111944,CN,China,GREATER_CHINA,Chinese,Consumer,None,2019-01-02,2019,RETURNING,True,MDM,2019-01-02,2026-04-17 15:58:36.668473
305e818e-1635-4ef3-8963-d0c5bed4fd81,CUST-2019-CN-002798,桂英,蒋,桂英 蒋,Female,1955-10-28,user923.apple@protonmail.com,15733442587,兰州街Y座,凤兰县,宜都县,910132,CN,China,GREATER_CHINA,Chinese,Consumer,Gold,2019-01-19,2019,RETURNING,True,MDM,2019-01-19,2026-04-17 15:58:36.668478
5e6bdcaf-cb1d-48a6-814d-0a87c81f93da,CUST-2019-CN-002799,岩,张,岩 张,Male,1965-05-06,user397.apple946@msn.com,13751201872,石家庄路S座,凯市,玉县,324989,CN,China,GREATER_CHINA,Chinese,Consumer,Gold,2019-08-16,2019,RETURNING,True,MDM,2019-08-16,2026-04-17 15:58:36.668480
41b237f5-0954-4f67-9d4f-6b5dc3da0485,CUST-2019-CN-001578,琳,吴,琳 吴,Male,1970-04-21,user494.apple@outlook.com,15824955749,通辽街x座,深圳县,瑜县,709264,CN,China,GREATER_CHINA,Chinese,Consumer,None,2019-08-06,2019,RETURNING,True,MDM,2019-08-06,2026-04-17 15:58:36.668482
d29e4184-e7fe-4147-97dc-4aa5ecc11afd,CUST-2020-CN-000340,颖,周,颖 周,Female,1957-06-14,user895.apple@gmail.com,15125369464,黄街K座,辽阳市,丽华县,474333,CN,China,GREATER_CHINA,Chinese,Consumer,None,2020-09-15,2020,RETURNING,True,MDM,2020-09-15 00:00:00,2026-04-17 15:58:36.668484
93bdb60b-33c4-457d-87fa-45e19ce7a72a,CUST-2020-CN-000421,雪,陈,雪 陈,Female,1973-03-21,user155.apple@yahoo.com,18908277688,张路A座,杰县,辉市,290128,CN,China,GREATER_CHINA,Chinese,Consumer,None,2020-11-24,2020,RETURNING,True,MDM,2020-11-24 00:00:00,2026-04-17 15:58:36.668486
7dc8b57f-36f8-47b2-8b5e-c624574e6663,CUST-2020-CN-000830,桂香,谢,桂香 谢,Male,1979-02-11,user471.apple@zoho.com,13587148169,兴城街h座,通辽县,六安市,373249,CN,China,GREATER_CHINA,Chinese,Consumer,Silver,2020-11-08,2020,RETURNING,True,MDM,2020-11-08 00:00:00,2026-04-17 15:58:36.668487
c2abaeda-559a-4d5d-b675-7a2fe7b1d443,CUST-2020-CN-000044,兰英,张,兰英 张,Female,1962-09-02,user705.apple@msn.com,13235646394,昆明街F座,颖市,张家港县,755666,CN,China,GREATER_CHINA,Chinese,Consumer,None,2020-04-07,2020,RETURNING,True,MDM,2020-04-07 00:00:00,2026-04-17 15:58:36.668489
05fe9359-9ab9-46ef-b976-f17abe95f493,CUST-2020-CN-001056,云,桂,云 桂,Male,1992-04-09,user886.apple@mail.com,14585527167,北京街w座,坤县,斌市,918822,CN,China,GREATER_CHINA,Chinese,Consumer,Silver,2020-12-11,2020,RETURNING,True,MDM,2020-12-11 00:00:00,2026-04-17 15:58:36.668490
64d8bbd5-f020-4e31-b188-a9d2eada50d4,CUST-2020-CN-000871,伟,程,伟 程,Female,1982-06-03,user965.apple@gmail.com,15861614010,兴城路m座,宁德市,佛山市,686512,CN,China,GREATER_CHINA,Chinese,Business,None,2020-05-10,2020,RETURNING,True,MDM,2020-05-10 00:00:00,2026-04-17 15:58:36.668492
c3474e61-acd0-4772-bb73-22970abc1ade,CUST-2019-CN-002307,瑜,谢,瑜 谢,Female,1976-04-16,user913.apple@protonmail.com,14527234490,呼和浩特街S座,辛集市,兰州县,947161,CN,China,GREATER_CHINA,Chinese,Consumer,Gold,2019-11-28,2019,RETURNING,True,MDM,2019-11-28,2026-04-17 15:58:36.668494
f143ce21-1464-42f1-8563-201352b82141,CUST-2019-CN-002828,红,王,红 王,Female,1997-04-12,user469.apple845@msn.com,15818845547,王街h座,玉兰县,鹏县,647307,CN,China,GREATER_CHINA,Chinese,Consumer,None,2019-10-22,2019,RETURNING,True,MDM,2019-10-22,2026-04-17 15:58:36.668496
d63359ff-6704-4392-8ee5-2beb7d8a9ce9,CUST-2019-CN-000059,秀珍,徐,秀珍 徐,Female,1968-02-03,user726.apple@zoho.com,18180628022,长沙街a座,静市,宜都市,313273,CN,China,GREATER_CHINA,Chinese,Consumer,None,2019-11-30,2019,RETURNING,True,MDM,2019-11-30,2026-04-17 15:58:36.668497
0d2d1413-4884-4003-8f48-b8d6e4937b4e,CUST-2019-CN-000411,秀珍,赵,秀珍 赵,Male,1994-11-28,user423.apple@msn.com,15589535081,刘街m座,亮县,北京市,232187,CN,China,GREATER_CHINA,Chinese,Consumer,None,2019-05-22,2019,RETURNING,True,MDM,2019-05-22,2026-04-17 15:58:36.668501
adda14a1-d5b4-44e0-bcc9-cf130217305b,CUST-2019-CN-001503,旭,李,旭 李,Female,2000-05-22,user846.apple@live.com,13229990448,齐齐哈尔路g座,欢市,博市,170274,CN,China,GREATER_CHINA,Chinese,Consumer,None,2019-12-17,2019,RETURNING,True,MDM,2019-12-17,2026-04-17 15:58:36.668503
986eba1e-612a-4c37-8a41-e5bef9baa42a,CUST-2019-CN-002148,成,李,成 李,Female,1960-05-27,user774.apple@zoho.com,18251431004,张家港路p座,欣县,明市,221590,CN,China,GREATER_CHINA,Chinese,Business,None,2019-01-28,2019,RETURNING,False,MDM,2019-01-28,2026-04-17 15:58:36.668505
7f23e9ac-89f8-495a-9dd7-4181d2f54ae0,CUST-2019-CN-000895,杨,黄,杨 黄,Female,1987-01-09,user492.apple@yahoo.com,13628127867,方街I座,峰县,婷市,777961,CN,China,GREATER_CHINA,Chinese,Consumer,None,2019-07-16,2019,RETURNING,True,MDM,2019-07-16,2026-04-17 15:58:36.668507
ec27487f-53c2-41e9-a7a7-f360f2517455,CUST-2019-CN-001631,军,吴,军 吴,Male,1998-05-26,user206.apple@zoho.com,15842897237,呼和浩特路f座,玉英县,汕尾市,119695,CN,China,GREATER_CHINA,Chinese,Consumer,None,2019-08-30,2019,RETURNING,True,MDM,2019-08-30,2026-04-17 15:58:36.668508
305e93c4-d313-4950-b5b8-a8234d289363,CUST-2020-CN-000069,桂芝,黄,桂芝 黄,Male,2001-06-09,user636.apple585@aol.com,14713704342,兴安盟街r座,健县,柳县,388771,CN,China,GREATER_CHINA,Chinese,Business,None,2020-08-25,2020,RETURNING,True,MDM,2020-08-25 00:00:00,2026-04-17 15:58:36.668510
b4e90ba9-acad-4787-ab32-947701101100,CUST-2019-CN-002772,英,梁,英 梁,Female,1996-05-02,user437.apple@icloud.com,13407597383,张路M座,六安县,玉华县,366996,CN,China,GREATER_CHINA,Chinese,Business,Silver,2019-06-14,2019,RETURNING,True,MDM,2019-06-14,2026-04-17 15:58:36.668512
9e99e7f5-9626-4afa-9f31-f0e6e691ebf0,CUST-2020-CN-000999,兵,刘,兵 刘,Female,1956-07-03,user178.apple@zoho.com,15124448009,吴路c座,秀珍县,伟县,895438,CN,China,GREATER_CHINA,Chinese,Education,Platinum,2020-05-02,2020,RETURNING,True,MDM,2020-05-02 00:00:00,2026-04-17 15:58:36.668513
7d48cab7-a795-4da8-a436-6d4838b30d8a,CUST-2019-CN-001152,玲,陈,玲 陈,Female,1971-05-29,user709.apple@hotmail.com,14525680256,广州街D座,荣市,强县,942275,CN,China,GREATER_CHINA,Chinese,Education,Silver,2019-01-27,2019,RETURNING,True,MDM,2019-01-27,2026-04-17 15:58:36.668515
ec870b7a-4b54-46a3-9026-a9d2196b33d2,CUST-2019-CN-000667,杰,张,杰 张,Male,1955-07-16,user322.apple@msn.com,13717464848,裴路q座,齐齐哈尔县,郑州市,149847,CN,China,GREATER_CHINA,Chinese,Business,Silver,2019-07-12,2019,RETURNING,True,MDM,2019-07-12,2026-04-17 15:58:36.668516
87a35ac3-13d6-4614-b1dc-0e766e2e7e36,CUST-2020-CN-000518,莹,吴,莹 吴,Female,1992-06-06,user374.apple@live.com,15187927487,哈尔滨街C座,贵阳县,巢湖市,931328,CN,China,GREATER_CHINA,Chinese,Consumer,Gold,2020-10-12,2020,RETURNING,True,MDM,2020-10-12 00:00:00,2026-04-17 15:58:36.668517
3c3d8eef-1391-4fb0-bd7a-5b767956d502,CUST-2019-CN-000241,桂芝,林,桂芝 林,Female,1972-05-10,user269.apple@protonmail.com,13352715449,李街y座,秀荣县,飞市,834037,CN,China,GREATER_CHINA,Chinese,Consumer,Silver,2019-03-05,2019,RETURNING,True,MDM,2019-03-05,2026-04-17 15:58:36.668519
52bf526d-06b7-4652-b7bc-c8c23f85f398,CUST-2019-CN-001512,楠,朱,楠 朱,Male,1985-06-23,user819.apple629@hotmail.com,18161064914,向街p座,梧州县,桂荣市,615350,CN,China,GREATER_CHINA,Chinese,Consumer,Gold,2019-05-14,2019,RETURNING,True,MDM,2019-05-14,2026-04-17 15:58:36.668520
c928a46d-8027-47c6-954d-bdb89df5afae,CUST-2020-CN-000781,晨,马,晨 马,Female,1986-11-09,user418.apple@gmx.com,15172817205,杨路P座,丹丹县,宜都县,102500,CN,China,GREATER_CHINA,Chinese,Consumer,None,2020-05-15,2020,RETURNING,True,MDM,2020-05-15 00:00:00,2026-04-17 15:58:36.668522
96eb7802-b7c3-4c14-acd7-20e1332a581a,CUST-2019-CN-000609,秀兰,罗,秀兰 罗,Male,1969-12-07,user286.apple@protonmail.com,15171647386,胡路r座,兴城县,西安市,264437,CN,China,GREATER_CHINA,Chinese,Consumer,None,2019-05-26,2019,RETURNING,True,MDM,2019-05-26,2026-04-17 15:58:36.668524
c3118a0f-46eb-4a75-aa1c-17f4a425cf4c,CUST-2019-CN-001845,磊,崔,磊 崔,Male,1957-12-28,user698.apple@outlook.com,15181686685,赖路Q座,桂英市,岩市,597618,CN,China,GREATER_CHINA,Chinese,Education,Silver,2019-03-31,2019,RETURNING,True,MDM,2019-03-31,2026-04-17 15:58:36.668525
cfea9a43-2459-4360-9ad5-de7dcccaf7f8,CUST-2019-CN-002501,旭,傅,旭 傅,Male,1978-10-11,user286.apple@aol.com,14556783205,海口路V座,荆门市,乌鲁木齐市,317865,CN,China,GREATER_CHINA,Chinese,Consumer,None,2019-11-07,2019,RETURNING,True,MDM,2019-11-07,2026-04-17 15:58:36.668527
97df985b-1df7-4ea1-8793-a3bddf505ffd,CUST-2020-CN-000176,玉梅,贺,玉梅 贺,Female,2000-06-15,user456.apple@zoho.com,13474371663,拉萨街P座,阜新市,涛县,773270,CN,China,GREATER_CHINA,Chinese,Business,Silver,2020-05-14,2020,RETURNING,True,MDM,2020-05-14 00:00:00,2026-04-17 15:58:36.668532
7a6e03ab-3382-4bea-ab38-b0f6d9605104,CUST-2019-CN-002111,阳,李,阳 李,Male,2006-05-20,user581.apple@protonmail.com,18078838279,何路r座,沈阳县,银川市,222647,CN,China,GREATER_CHINA,Chinese,Consumer,None,2019-02-03,2019,RETURNING,True,MDM,2019-02-03,2026-04-17 15:58:36.668534
739f8e0b-b5f4-4c44-954a-593b407542fd,CUST-2019-CN-002474,军,胡,军 胡,Male,1985-01-21,user854.apple603@aol.com,13354184042,宁德街d座,西宁市,六盘水县,278438,CN,China,GREATER_CHINA,Chinese,Consumer,None,2019-12-08,2019,RETURNING,True,MDM,2019-12-08,2026-04-17 15:58:36.668536
e2385ea0-7c01-4d92-b7c2-2aac259bbad1,CUST-2019-CN-001097,杨,徐,杨 徐,Male,1993-06-20,user564.apple@msn.com,13924435669,苏街k座,昆明县,秀梅县,158022,CN,China,GREATER_CHINA,Chinese,Education,Gold,2019-09-12,2019,RETURNING,True,MDM,2019-09-12,2026-04-17 15:58:36.668537
aa3345ce-c79c-4fd0-ac1f-80eb55b517a5,CUST-2019-CN-002763,涛,张,涛 张,Male,1977-06-27,user513.apple@hotmail.com,18238260003,齐齐哈尔街H座,六盘水县,天津县,739569,CN,China,GREATER_CHINA,Chinese,Education,None,2019-06-04,2019,RETURNING,True,MDM,2019-06-04,2026-04-17 15:58:36.668539
2d854cae-0408-4c03-bcd8-bab710bc873f,CUST-2019-CN-002213,慧,王,慧 王,Male,1986-11-09,user684.apple@gmx.com,15090507408,邯郸街r座,丽华县,哈尔滨县,563378,CN,China,GREATER_CHINA,Chinese,Consumer,Gold,2019-04-11,2019,RETURNING,True,MDM,2019-04-11,2026-04-17 15:58:36.668540
583a1a93-5aae-4dc0-af20-3bb1a79b894b,CUST-2020-CN-000757,海燕,刘,海燕 刘,Female,1974-07-10,user229.apple@aol.com,14571531702,柯路V座,桂荣市,瑞县,872871,CN,China,GREATER_CHINA,Chinese,Consumer,None,2020-08-03,2020,RETURNING,True,MDM,2020-08-03 00:00:00,2026-04-17 15:58:36.668542
1306b9a9-3735-4fa8-99e6-9ac30666cff6,CUST-2019-CN-001893,梅,黎,梅 黎,Male,2005-10-28,user374.apple@gmail.com,15084432099,陈街m座,秀英县,欣县,372639,CN,China,GREATER_CHINA,Chinese,Consumer,Platinum,2019-04-03,2019,RETURNING,True,MDM,2019-04-03,2026-04-17 15:58:36.668544
fb2e4f3f-a809-466e-ae6d-7974566927f0,CUST-2019-CN-002845,莹,梁,莹 梁,Male,2003-06-16,user212.apple@hotmail.com,15193097808,王路A座,平县,军市,949726,CN,China,GREATER_CHINA,Chinese,Consumer,Platinum,2019-02-01,2019,RETURNING,True,MDM,2019-02-01,2026-04-17 15:58:36.668549
f841a2ac-cddf-468f-affc-fdbe470c5309,CUST-2020-CN-000074,龙,夏,龙 夏,Male,2005-05-15,user583.apple@hotmail.com,18786080207,哈尔滨街D座,宁县,强县,660550,CN,China,GREATER_CHINA,Chinese,Consumer,None,2020-09-23,2020,RETURNING,True,MDM,2020-09-23 00:00:00,2026-04-17 15:58:36.668551
8ef58889-6411-49ec-8b30-7210787ba23a,CUST-2020-CN-000773,刚,李,刚 李,Male,1955-12-17,user206.apple@hotmail.com,15009799776,兰州路y座,太原市,亮县,694335,CN,China,GREATER_CHINA,Chinese,Business,None,2020-07-15,2020,RETURNING,True,MDM,2020-07-15 00:00:00,2026-04-17 15:58:36.668553
0f936045-3ed3-45d5-852e-fbe60ebcc15b,CUST-2019-CN-002592,丽华,阳,丽华 阳,Male,1966-12-02,user906.apple@outlook.com,13745746173,昆明街b座,巢湖县,南昌县,690711,CN,China,GREATER_CHINA,Chinese,Consumer,Platinum,2019-01-25,2019,RETURNING,True,MDM,2019-01-25,2026-04-17 15:58:36.668555
657d8aa0-a932-49da-b657-bdfca36e9096,CUST-2019-CN-000573,玉珍,赵,玉珍 赵,Female,1988-03-14,user579.apple@gmail.com,18982295151,黄路a座,哈尔滨县,巢湖市,626154,CN,China,GREATER_CHINA,Chinese,Consumer,None,2019-08-06,2019,RETURNING,True,MDM,2019-08-06,2026-04-17 15:58:36.668557
4278e470-b722-4441-9d4d-29f5109710c5,CUST-2019-CN-001141,峰,杜,峰 杜,Male,1990-05-09,user808.apple@aol.com,13348133652,广州街f座,浩市,帅县,577278,CN,China,GREATER_CHINA,Chinese,Consumer,Gold,2019-01-29,2019,RETURNING,True,MDM,2019-01-29,2026-04-17 15:58:36.668558
d70b0a90-a1c6-4aa0-9ce0-44149013842a,CUST-2020-CN-000417,玉英,韦,玉英 韦,Female,1982-05-31,user227.apple@hotmail.com,13862969694,张街w座,雷县,红县,156416,CN,China,GREATER_CHINA,Chinese,Education,None,2020-11-27,2020,RETURNING,True,MDM,2020-11-27 00:00:00,2026-04-17 15:58:36.668560
39e2ca4a-b9b7-49bc-94f5-0785e2991336,CUST-2019-CN-002639,婷,杨,婷 杨,Male,1976-06-14,user375.apple@outlook.com,18008028205,罗路P座,秀珍县,北京县,760717,CN,China,GREATER_CHINA,Chinese,Consumer,None,2019-04-03,2019,RETURNING,False,MDM,2019-04-03,2026-04-17 15:58:36.668562
a13e41ad-158f-4b0f-ad5a-57cf652dc456,CUST-2019-CN-001464,丽娟,陈,丽娟 陈,Female,2004-02-05,user226.apple@yahoo.com,13378236518,辽阳街s座,玉英市,志强县,967084,CN,China,GREATER_CHINA,Chinese,Business,Gold,2019-11-22,2019,RETURNING,True,MDM,2019-11-22,2026-04-17 15:58:36.668567
c2137f21-cd1f-4d65-b9f2-84be54bddbbd,CUST-2020-CN-000734,桂兰,邵,桂兰 邵,Female,1980-09-25,user449.apple891@outlook.com,15938492517,陈路g座,雪梅市,宁德县,222734,CN,China,GREATER_CHINA,Chinese,Consumer,Gold,2020-03-10,2020,RETURNING,True,MDM,2020-03-10 00:00:00,2026-04-17 15:58:36.668568
8ab7a6bb-00f2-4987-8492-ea05bed1db1b,CUST-2019-CN-001037,丽,王,丽 王,Male,1973-06-07,user222.apple691@icloud.com,15587114875,张家港路c座,海燕县,建华市,386798,CN,China,GREATER_CHINA,Chinese,Business,None,2019-04-22,2019,RETURNING,True,MDM,2019-04-22,2026-04-17 15:58:36.668570
18d541cf-cdd5-4fd6-98e3-c2fbf65b5a7c,CUST-2019-CN-002424,晨,李,晨 李,Male,1985-03-05,user793.apple@aol.com,13982040092,辽阳街L座,杭州市,长沙县,430234,CN,China,GREATER_CHINA,Chinese,Consumer,Platinum,2019-06-12,2019,RETURNING,True,MDM,2019-06-12,2026-04-17 15:58:36.668572
4a42f09b-49e8-4255-a841-3cddf51f8b71,CUST-2020-CN-000657,强,马,强 马,Female,1955-03-15,user717.apple@gmail.com,18050599972,陈路c座,邯郸市,建县,965480,CN,China,GREATER_CHINA,Chinese,Business,Gold,2020-06-18,2020,RETURNING,True,MDM,2020-06-18 00:00:00,2026-04-17 15:58:36.668573
4f3002bc-6cb3-44dc-b640-5d803ffe2e81,CUST-2019-CN-001931,雷,谭,雷 谭,Male,1965-12-09,user813.apple529@gmail.com,13343441211,王街p座,南宁县,澳门县,400527,CN,China,GREATER_CHINA,Chinese,Consumer,None,2019-01-07,2019,RETURNING,True,MDM,2019-01-07,2026-04-17 15:58:36.668575
453aec4e-7666-4f9a-87dc-bbf4dec202e6,CUST-2019-CN-002349,伟,游,伟 游,Male,1976-12-03,user170.apple@zoho.com,13790246601,修路v座,玉梅县,张家港市,824780,CN,China,GREATER_CHINA,Chinese,Consumer,None,2019-05-04,2019,RETURNING,True,MDM,2019-05-04,2026-04-17 15:58:36.668577
266aee86-b938-4a4e-ad97-c1f6283b0b61,CUST-2019-CN-002951,想,陈,想 陈,Female,1972-10-22,user639.apple@outlook.com,14795954468,宁德路N座,成县,凯县,178574,CN,China,GREATER_CHINA,Chinese,Consumer,Silver,2019-01-03,2019,RETURNING,False,MDM,2019-01-03,2026-04-17 15:58:36.668579
579ff15f-020c-4a4b-b144-5c675c13e277,CUST-2020-CN-000742,华,张,华 张,Male,2002-08-12,user834.apple@yahoo.com,18556595389,梁路d座,佛山县,秀华县,525437,CN,China,GREATER_CHINA,Chinese,Consumer,Platinum,2020-07-15,2020,RETURNING,True,MDM,2020-07-15 00:00:00,2026-04-17 15:58:36.668580
20f956b2-0202-4580-95d6-275d7102d7f6,CUST-2020-CN-000564,畅,潘,畅 潘,Female,1964-02-27,user808.apple@hotmail.com,13152039162,纪街x座,英市,瑜市,246397,CN,China,GREATER_CHINA,Chinese,Consumer,None,2020-06-29,2020,RETURNING,True,MDM,2020-06-29 00:00:00,2026-04-17 15:58:36.668585
5ff688e7-72c3-40ef-a991-9de8ad3c5ceb,CUST-2019-CN-000238,超,刘,超 刘,Female,1980-12-02,user311.apple@mail.com,13950036676,巢湖路Q座,兵县,丽华县,499800,CN,China,GREATER_CHINA,Chinese,Consumer,Silver,2019-11-26,2019,RETURNING,True,MDM,2019-11-26,2026-04-17 15:58:36.668586
d5d6fd58-064c-4bd7-8640-e50b45c6073f,CUST-2019-CN-002808,刚,邹,刚 邹,Female,1994-11-03,user366.apple50@gmail.com,15961989475,东莞路w座,洁市,桂香市,643079,CN,China,GREATER_CHINA,Chinese,Consumer,Gold,2019-04-19,2019,RETURNING,True,MDM,2019-04-19,2026-04-17 15:58:36.668588
fb493169-33e0-4360-8561-cedf20d8f93c,CUST-2019-CN-001895,兰英,陈,兰英 陈,Male,1965-11-11,user530.apple271@icloud.com,15361237237,济南街H座,东县,秀兰市,496337,CN,China,GREATER_CHINA,Chinese,Consumer,Platinum,2019-03-13,2019,RETURNING,True,MDM,2019-03-13,2026-04-17 15:58:36.668589
2c393294-b40f-45c9-9440-089913c9a71b,CUST-2019-CN-000916,婷,廖,婷 廖,Female,2007-10-26,user992.apple@icloud.com,15211781854,王街g座,玉兰县,健县,226147,CN,China,GREATER_CHINA,Chinese,Consumer,Platinum,2019-12-16,2019,RETURNING,True,MDM,2019-12-16,2026-04-17 15:58:36.668591
56951baf-9bb3-4158-a563-bae577057d2c,CUST-2020-CN-001020,博,马,博 马,Male,1960-07-22,user163.apple@yahoo.com,15360055726,李街n座,佳市,帆市,383798,CN,China,GREATER_CHINA,Chinese,Consumer,None,2020-11-12,2020,RETURNING,True,MDM,2020-11-12 00:00:00,2026-04-17 15:58:36.668592
9f9adf34-d80e-4fc7-aeff-82e122fc7b86,CUST-2019-CN-002866,帅,徐,帅 徐,Male,1972-12-28,user473.apple@yahoo.com,18213930088,程路l座,红霞市,昆明市,249555,CN,China,GREATER_CHINA,Chinese,Education,None,2019-08-28,2019,RETURNING,True,MDM,2019-08-28,2026-04-17 15:58:36.668594
c687b865-e558-4555-9dc7-8c3310c51ab5,CUST-2020-CN-000678,明,魏,明 魏,Female,1993-07-07,user882.apple408@live.com,13456430781,曹街b座,澳门县,石家庄市,514241,CN,China,GREATER_CHINA,Chinese,Business,None,2020-08-05,2020,RETURNING,True,MDM,2020-08-05 00:00:00,2026-04-17 15:58:36.668596
e9b0a710-0b84-45b3-a0be-7318c8fd0c84,CUST-2020-CN-001016,燕,严,燕 严,Male,1953-08-11,user461.apple@msn.com,15626817291,袁街Y座,玉梅县,潜江县,526742,CN,China,GREATER_CHINA,Chinese,Consumer,None,2020-10-13,2020,RETURNING,True,MDM,2020-10-13 00:00:00,2026-04-17 15:58:36.668598
c25929a3-43ad-4349-a5f9-6658b4e885cb,CUST-2019-CN-002767,冬梅,刘,冬梅 刘,Male,2002-02-15,user843.apple@gmx.com,13995845354,任路u座,倩市,波市,628161,CN,China,GREATER_CHINA,Chinese,Education,None,2019-06-26,2019,RETURNING,True,MDM,2019-06-26,2026-04-17 15:58:36.668599
2d9aa4f6-df8b-4a86-8130-894d14bb526d,CUST-2019-CN-000214,磊,刘,磊 刘,Female,2001-03-28,user484.apple@aol.com,18995824073,辛集路s座,大冶市,北镇县,207993,CN,China,GREATER_CHINA,Chinese,Business,None,2019-03-02,2019,RETURNING,True,MDM,2019-03-02,2026-04-17 15:58:36.668604
3a3e92ea-34a7-46da-becf-f07a71706852,CUST-2019-CN-002598,晨,段,晨 段,Male,1987-07-07,user743.apple737@aol.com,15913663856,福州路V座,荆门县,淑珍县,536669,CN,China,GREATER_CHINA,Chinese,Consumer,Platinum,2019-05-08,2019,RETURNING,True,MDM,2019-05-08,2026-04-17 15:58:36.668605
849a16dc-0428-4bd6-92e3-4861eac09d28,CUST-2020-CN-000350,鑫,姚,鑫 姚,Male,1998-11-26,user244.apple@yahoo.com,15337574098,宋街e座,佳市,琳市,470017,CN,China,GREATER_CHINA,Chinese,Consumer,Silver,2020-02-05,2020,RETURNING,True,MDM,2020-02-05 00:00:00,2026-04-17 15:58:36.668607
fe338b44-5847-4624-a67f-992093fdac66,CUST-2019-CN-000790,娜,耿,娜 耿,Female,1975-09-16,user107.apple@aol.com,14782050636,黄街R座,秀珍县,倩市,121131,CN,China,GREATER_CHINA,Chinese,Education,None,2019-10-11,2019,RETURNING,True,MDM,2019-10-11,2026-04-17 15:58:36.668608
9b3c0e23-9596-4f5f-90ed-23a3f766f724,CUST-2019-CN-001292,秀荣,吴,秀荣 吴,Male,1951-10-22,user780.apple87@yahoo.com,15561659870,西安路i座,长春市,岩市,677419,CN,China,GREATER_CHINA,Chinese,Consumer,Gold,2019-09-18,2019,RETURNING,True,MDM,2019-09-18,2026-04-17 15:58:36.668610
454ba278-63c1-4a27-9a38-e9821e6b974d,CUST-2019-CN-000948,荣,庄,荣 庄,Female,1955-09-05,user726.apple@aol.com,15151267437,巴路t座,辽阳县,杭州市,621878,CN,China,GREATER_CHINA,Chinese,Consumer,None,2019-07-31,2019,RETURNING,True,MDM,2019-07-31,2026-04-17 15:58:36.668612
9a735d63-a0d6-4bde-9867-71fd3106d9be,CUST-2019-CN-002992,超,刘,超 刘,Female,1985-02-04,user681.apple643@aol.com,15584192438,解路L座,东莞县,荆门市,466521,CN,China,GREATER_CHINA,Chinese,Consumer,None,2019-08-31,2019,RETURNING,True,MDM,2019-08-31,2026-04-17 15:58:36.668613
f7183d01-bb41-46a1-951a-ef908909667f,CUST-2019-CN-000141,辉,董,辉 董,Male,2003-12-16,user937.apple133@yahoo.com,13838171253,海口街p座,建华县,磊市,138651,CN,China,GREATER_CHINA,Chinese,Consumer,None,2019-12-08,2019,RETURNING,True,MDM,2019-12-08,2026-04-17 15:58:36.668615
d2919ced-23a5-41ef-93ec-cb7ca0e6d248,CUST-2019-CN-002333,丽娟,宋,丽娟 宋,Female,1999-11-11,user465.apple@outlook.com,18284718699,六盘水路a座,西安市,大冶市,401871,CN,China,GREATER_CHINA,Chinese,Business,None,2019-01-23,2019,RETURNING,True,MDM,2019-01-23,2026-04-17 15:58:36.668617
491610ce-a515-4486-a14e-13029ba59f4d,CUST-2019-CN-001056,秀云,赵,秀云 赵,Female,1994-04-19,user204.apple@hotmail.com,14560000463,郑路b座,长春市,平市,425715,CN,China,GREATER_CHINA,Chinese,Business,None,2019-08-02,2019,RETURNING,True,MDM,2019-08-02,2026-04-17 15:58:36.668618
709e92a0-cbb8-45ba-b908-0eb2fbd3f1b6,CUST-2019-CN-000397,成,向,成 向,Female,1978-03-14,user529.apple@outlook.com,18836810606,关岭路d座,北镇县,雪市,531212,CN,China,GREATER_CHINA,Chinese,Consumer,None,2019-10-25,2019,RETURNING,True,MDM,2019-10-25,2026-04-17 15:58:36.668620
0b910044-2878-424a-8d16-9d1a542bbf41,CUST-2019-CN-000814,海燕,简,海燕 简,Female,1965-08-08,user100.apple@hotmail.com,15338108666,陈路M座,南宁县,沈阳县,608854,CN,China,GREATER_CHINA,Chinese,Education,None,2019-03-21,2019,RETURNING,True,MDM,2019-03-21,2026-04-17 15:58:36.668624
d3a080e6-ab32-4f4b-a29c-9b9cbba2cd51,CUST-2019-CN-001302,红,原,红 原,Female,1970-09-25,user810.apple@gmail.com,18601842151,福州街F座,张家港县,宇市,469198,CN,China,GREATER_CHINA,Chinese,Consumer,None,2019-09-29,2019,RETURNING,True,MDM,2019-09-29,2026-04-17 15:58:36.668625
3543a54c-6c91-4cae-8e7d-62c955a142c9,CUST-2019-CN-001197,超,徐,超 徐,Male,1967-08-21,user526.apple252@zoho.com,15777616796,通辽街L座,合山县,北镇县,246242,CN,China,GREATER_CHINA,Chinese,Consumer,Gold,2019-12-27,2019,RETURNING,True,MDM,2019-12-27,2026-04-17 15:58:36.668627
980212b9-b30d-4d95-8619-f3f9b9e24b0d,CUST-2019-CN-000960,丹,张,丹 张,Female,1967-10-31,user623.apple@gmail.com,15778333881,苏街I座,倩县,林县,388628,CN,China,GREATER_CHINA,Chinese,Business,Platinum,2019-11-17,2019,RETURNING,True,MDM,2019-11-17,2026-04-17 15:58:36.668628
d8994324-99ae-4f93-9232-04e73c19c2ac,CUST-2020-CN-000958,丽丽,林,丽丽 林,Male,1996-08-10,user885.apple@mail.com,13193268525,天津路J座,合肥市,汕尾县,654513,CN,China,GREATER_CHINA,Chinese,Consumer,Gold,2020-08-12,2020,RETURNING,True,MDM,2020-08-12 00:00:00,2026-04-17 15:58:36.668630
e6e2332f-5560-4357-9cb4-7a117bb359cc,CUST-2019-CN-000312,淑兰,赵,淑兰 赵,Female,1996-02-06,user776.apple@hotmail.com,18264085358,申路i座,柳市,重庆市,290008,CN,China,GREATER_CHINA,Chinese,Consumer,None,2019-02-20,2019,RETURNING,True,MDM,2019-02-20,2026-04-17 15:58:36.668632
eed20555-6a19-4f28-b3d7-577d33ba1cf1,CUST-2020-CN-000775,玉华,甘,玉华 甘,Female,1972-11-02,user173.apple@aol.com,13493332341,李街g座,沈阳县,太原市,659298,CN,China,GREATER_CHINA,Chinese,Consumer,Gold,2020-01-08,2020,RETURNING,True,MDM,2020-01-08 00:00:00,2026-04-17 15:58:36.668633
d710165f-b8f0-4eed-b77d-a5a83780943a,CUST-2019-CN-001361,华,彭,华 彭,Female,1951-09-16,user984.apple@hotmail.com,13338952106,朱路T座,拉萨市,凯县,449692,CN,China,GREATER_CHINA,Chinese,Consumer,None,2019-09-11,2019,RETURNING,True,MDM,2019-09-11,2026-04-17 15:58:36.668635
79a6e789-e358-441f-9ee8-88c5cf11fe56,CUST-2019-CN-000585,颖,张,颖 张,Male,1955-12-21,user577.apple716@msn.com,14789486699,吕路d座,贵阳县,艳县,150092,CN,China,GREATER_CHINA,Chinese,Business,None,2019-07-17,2019,RETURNING,True,MDM,2019-07-17,2026-04-17 15:58:36.668640
50040a15-b552-4b8b-96bf-257a05decacb,CUST-2020-CN-000813,伟,胡,伟 胡,Male,1957-06-01,user821.apple398@outlook.com,18644238430,王街Q座,济南市,南宁县,825051,CN,China,GREATER_CHINA,Chinese,Consumer,Silver,2020-11-05,2020,RETURNING,True,MDM,2020-11-05 00:00:00,2026-04-17 15:58:36.668642
96e270ee-3383-4431-9914-ff078153ba2c,CUST-2019-CN-002242,雷,陈,雷 陈,Male,1971-09-13,user764.apple@outlook.com,13649944707,贾路I座,马鞍山县,萍市,363305,CN,China,GREATER_CHINA,Chinese,Education,None,2019-12-19,2019,RETURNING,True,MDM,2019-12-19,2026-04-17 15:58:36.668644
4a429232-6a1a-4b85-92df-d77953a5bee5,CUST-2019-CN-000333,志强,季,志强 季,Female,2005-04-26,user527.apple@yahoo.com,18967037860,陆路l座,丹县,宁县,354025,CN,China,GREATER_CHINA,Chinese,Consumer,Platinum,2019-08-17,2019,RETURNING,True,MDM,2019-08-17,2026-04-17 15:58:36.668645
29aed5af-0afb-414e-bb80-2857a425be80,CUST-2019-CN-000799,淑兰,庄,淑兰 庄,Male,1972-02-27,user961.apple83@gmail.com,18048270299,成街u座,燕县,宁德市,709198,CN,China,GREATER_CHINA,Chinese,Consumer,Silver,2019-07-20,2019,RETURNING,True,MDM,2019-07-20,2026-04-17 15:58:36.668647
78966f74-9dd1-4bcc-972d-d8a3e5f1ee88,CUST-2020-CN-000169,建华,袁,建华 袁,Male,2006-07-02,user826.apple@hotmail.com,18205664558,上海街b座,涛市,呼和浩特市,671935,CN,China,GREATER_CHINA,Chinese,Consumer,Silver,2020-10-06,2020,RETURNING,True,MDM,2020-10-06 00:00:00,2026-04-17 15:58:36.668648
758bfbbd-d1f1-4575-a2c3-1c0492497f6f,CUST-2019-CN-002197,淑英,赵,淑英 赵,Female,1981-01-18,user349.apple@aol.com,13952069465,太原街X座,嘉禾市,志强县,899497,CN,China,GREATER_CHINA,Chinese,Consumer,Gold,2019-05-23,2019,RETURNING,True,MDM,2019-05-23,2026-04-17 15:58:36.668650
e5498ea2-6e04-462f-82fb-afc65079a074,CUST-2020-CN-000667,瑞,萧,瑞 萧,Female,2007-05-18,user261.apple@mail.com,13406215490,文路q座,成都市,合山县,259582,CN,China,GREATER_CHINA,Chinese,Consumer,None,2020-12-07,2020,RETURNING,True,MDM,2020-12-07 00:00:00,2026-04-17 15:58:36.668651
6147592c-b68f-4e93-ae2c-a557ecc92af5,CUST-2020-CN-000284,琴,夏,琴 夏,Female,1966-04-14,user389.apple175@zoho.com,18698947472,尹路C座,台北市,佳县,603351,CN,China,GREATER_CHINA,Chinese,Business,Silver,2020-06-29,2020,RETURNING,True,MDM,2020-06-29 00:00:00,2026-04-17 15:58:36.668653
898874ed-5a0d-49d5-a6c8-ae044d24ae5f,CUST-2020-CN-000722,龙,王,龙 王,Female,1983-01-02,user810.apple49@live.com,13105330082,济南路y座,潜江县,关岭县,304079,CN,China,GREATER_CHINA,Chinese,Consumer,Gold,2020-05-11,2020,RETURNING,True,MDM,2020-05-11 00:00:00,2026-04-17 15:58:36.668654
cd56d5f5-ee01-4249-9b66-073b6c061479,CUST-2019-CN-001366,建,杨,建 杨,Female,1973-02-19,user946.apple@outlook.com,15724633028,合肥路Q座,银川市,天津市,252033,CN,China,GREATER_CHINA,Chinese,Consumer,Platinum,2019-05-12,2019,RETURNING,True,MDM,2019-05-12,2026-04-17 15:58:36.668656
395b3ca9-dfde-404c-b1a5-7c5da2aa88e0,CUST-2020-CN-000914,春梅,潘,春梅 潘,Male,2007-10-03,user986.apple337@hotmail.com,15934314289,高街x座,想市,淮安县,909555,CN,China,GREATER_CHINA,Chinese,Consumer,Silver,2020-07-20,2020,RETURNING,True,MDM,2020-07-20 00:00:00,2026-04-17 15:58:36.668657
d990be9c-fdb0-4e54-80d7-256ee8e91ea5,CUST-2019-CN-000665,建平,叶,建平 叶,Male,1955-01-20,user396.apple@icloud.com,13096818529,钟路N座,飞县,娜县,393014,CN,China,GREATER_CHINA,Chinese,Consumer,Silver,2019-08-18,2019,RETURNING,True,MDM,2019-08-18,2026-04-17 15:58:36.668659
81bc491d-3dd1-43f7-997e-a25609d72bef,CUST-2019-CN-000634,凤英,梁,凤英 梁,Male,1981-05-16,user398.apple216@gmail.com,18005852371,隋路T座,秀英县,桂芝市,521870,CN,China,GREATER_CHINA,Chinese,Consumer,Platinum,2019-07-05,2019,RETURNING,True,MDM,2019-07-05,2026-04-17 15:58:36.668660
d0070b6e-c580-467b-9247-4aa73dae27b2,CUST-2019-CN-000386,婷,马,婷 马,Male,1978-02-15,user907.apple@aol.com,15829411200,兴城街M座,博县,洋县,356403,CN,China,GREATER_CHINA,Chinese,Consumer,Platinum,2019-10-16,2019,RETURNING,True,MDM,2019-10-16,2026-04-17 15:58:36.668662
a6e65b4e-e038-444a-8d29-caf8a09f23e6,CUST-2020-CN-000825,秀云,何,秀云 何,Female,1951-08-28,user456.apple@mail.com,18606287535,荆门街g座,雷县,宁德县,563911,CN,China,GREATER_CHINA,Chinese,Consumer,Gold,2020-10-03,2020,RETURNING,True,MDM,2020-10-03 00:00:00,2026-04-17 15:58:36.668663
f2c9ee1a-6c40-441a-9514-5f1035f48095,CUST-2019-CN-000868,桂香,严,桂香 严,Male,1986-11-24,user110.apple@outlook.com,18856637977,香港街R座,丹县,广州市,988196,CN,China,GREATER_CHINA,Chinese,Consumer,Silver,2019-12-22,2019,RETURNING,True,MDM,2019-12-22,2026-04-17 15:58:36.668665
1b5c0f0e-5d5a-4b72-a254-3d7ae7203f14,CUST-2020-CN-000047,淑兰,凌,淑兰 凌,Female,1979-08-14,user521.apple29@msn.com,15200395521,合肥路d座,飞市,玉县,655110,CN,China,GREATER_CHINA,Chinese,Consumer,None,2020-06-22,2020,RETURNING,True,MDM,2020-06-22 00:00:00,2026-04-17 15:58:36.668666
30377990-e36d-45da-839c-449ee01fceb4,CUST-2019-CN-002367,冬梅,张,冬梅 张,Female,1985-07-31,user540.apple@gmail.com,14569107684,张街a座,文县,桂兰市,864888,CN,China,GREATER_CHINA,Chinese,Consumer,None,2019-02-26,2019,RETURNING,True,MDM,2019-02-26,2026-04-17 15:58:36.668668
65a83d0e-916e-427f-97e9-88f7dbea8412,CUST-2020-CN-000837,林,赖,林 赖,Female,2001-01-11,user933.apple@outlook.com,18749751929,任路B座,英市,芳市,864121,CN,China,GREATER_CHINA,Chinese,Consumer,Platinum,2020-06-27,2020,RETURNING,True,MDM,2020-06-27 00:00:00,2026-04-17 15:58:36.668670
24aa1768-d73f-42a1-8f4e-8a2e549a9063,CUST-2020-CN-000099,冬梅,王,冬梅 王,Female,1971-03-27,user546.apple@outlook.com,18142625133,佛山街m座,北镇市,桂芝县,318152,CN,China,GREATER_CHINA,Chinese,Consumer,Platinum,2020-01-26,2020,RETURNING,True,MDM,2020-01-26 00:00:00,2026-04-17 15:58:36.668671
6dfb2b36-0835-470b-9ded-a002fcd377b6,CUST-2019-CN-000763,慧,蓝,慧 蓝,Male,1952-06-18,user881.apple@gmail.com,15709767121,石家庄路K座,芳县,阜新县,128740,CN,China,GREATER_CHINA,Chinese,Consumer,None,2019-09-01,2019,RETURNING,True,MDM,2019-09-01,2026-04-17 15:58:36.668673
4d168007-8788-41ce-9d5b-93d115293999,CUST-2019-CN-001978,楠,彭,楠 彭,Male,1951-08-24,user219.apple@zoho.com,18637513200,覃街q座,文市,兴安盟市,138063,CN,China,GREATER_CHINA,Chinese,Consumer,None,2019-11-09,2019,RETURNING,True,MDM,2019-11-09,2026-04-17 15:58:36.668675
66410a66-05ba-4b56-bc8c-04f1946eeea3,CUST-2020-CN-001041,淑华,毛,淑华 毛,Male,1958-05-30,user196.apple@hotmail.com,13278912112,陈路E座,太原县,宇县,587003,CN,China,GREATER_CHINA,Chinese,Consumer,Silver,2020-11-24,2020,RETURNING,True,MDM,2020-11-24 00:00:00,2026-04-17 15:58:36.668676
acddd427-c4e3-4bc6-9927-bf7e85ae1802,CUST-2019-CN-001254,娜,任,娜 任,Female,1993-11-25,user332.apple@yahoo.com,18884184140,兴城街d座,太原市,宜都市,269762,CN,China,GREATER_CHINA,Chinese,Education,None,2019-11-01,2019,RETURNING,True,MDM,2019-11-01,2026-04-17 15:58:36.668678
7ca1c5e9-490a-446a-a16c-811cb42976cd,CUST-2020-CN-000046,红霞,刘,红霞 刘,Male,1979-03-10,user451.apple@aol.com,18053834249,柳州路G座,北京县,宜都县,423085,CN,China,GREATER_CHINA,Chinese,Consumer,Silver,2020-11-04,2020,RETURNING,True,MDM,2020-11-04 00:00:00,2026-04-17 15:58:36.668680
020bfda1-ea02-458c-bf0c-48d0d89860ea,CUST-2020-CN-000613,秀珍,周,秀珍 周,Female,2007-10-18,user614.apple@msn.com,13423964209,辛集路R座,红市,瑞县,286811,CN,China,GREATER_CHINA,Chinese,Consumer,None,2020-06-14,2020,RETURNING,True,MDM,2020-06-14 00:00:00,2026-04-17 15:58:36.668681
26537ad3-3613-479f-8274-146315d477fc,CUST-2020-CN-000583,慧,马,慧 马,Female,1963-05-26,user238.apple778@live.com,14572894709,李路e座,成都县,斌市,741274,CN,China,GREATER_CHINA,Chinese,Consumer,Gold,2020-06-02,2020,RETURNING,True,MDM,2020-06-02 00:00:00,2026-04-17 15:58:36.668683
3adc6828-0ed5-4047-85e9-e6bf02cb50cc,CUST-2019-CN-002174,芳,车,芳 车,Female,1987-04-14,user404.apple@zoho.com,15593278335,彭路m座,南宁县,宇市,208979,CN,China,GREATER_CHINA,Chinese,Consumer,None,2019-04-18,2019,RETURNING,True,MDM,2019-04-18,2026-04-17 15:58:36.668685
931f7897-5625-441c-8660-43c049baf1ee,CUST-2020-CN-000380,建国,黄,建国 黄,Male,1965-11-29,user885.apple970@mail.com,15830572931,程路h座,琴县,北镇县,921026,CN,China,GREATER_CHINA,Chinese,Consumer,None,2020-01-11,2020,RETURNING,True,MDM,2020-01-11 00:00:00,2026-04-17 15:58:36.668686
34ecab53-0c31-4e8a-b46a-6eea2d608a55,CUST-2019-CN-001685,萍,张,萍 张,Female,2004-05-16,user489.apple@icloud.com,18941013456,辛集路Z座,佛山县,荣县,950625,CN,China,GREATER_CHINA,Chinese,Consumer,None,2019-08-04,2019,RETURNING,True,MDM,2019-08-04,2026-04-17 15:58:36.668688
4bb9590c-a673-477f-88e3-2c44f9716e7b,CUST-2019-CN-000419,玉梅,王,玉梅 王,Female,1980-09-03,user155.apple79@icloud.com,18589880231,王街T座,邯郸县,石家庄市,180853,CN,China,GREATER_CHINA,Chinese,Consumer,None,2019-06-18,2019,RETURNING,True,MDM,2019-06-18,2026-04-17 15:58:36.668690
7266ccd7-1065-4791-82ab-b60d78a639cf,CUST-2019-CN-002483,玲,梁,玲 梁,Female,2004-09-25,user739.apple475@msn.com,18237938285,兰州街G座,东莞市,雪梅市,342378,CN,China,GREATER_CHINA,Chinese,Consumer,Gold,2019-06-05,2019,RETURNING,True,MDM,2019-06-05,2026-04-17 15:58:36.668692
ce83d94f-546e-43fb-9081-1d52ce084837,CUST-2019-CN-002644,文,周,文 周,Male,1997-12-24,user351.apple429@protonmail.com,13127322610,王街i座,秀英市,巢湖市,147850,CN,China,GREATER_CHINA,Chinese,Consumer,Silver,2019-06-05,2019,RETURNING,True,MDM,2019-06-05,2026-04-17 15:58:36.668693
dec5e2b5-e497-428c-9678-a4322e51b1ac,CUST-2019-CN-002133,桂芳,周,桂芳 周,Female,2000-10-20,user109.apple@yahoo.com,15001134187,沈阳街j座,淑英市,合肥市,808313,CN,China,GREATER_CHINA,Chinese,Consumer,Silver,2019-06-26,2019,RETURNING,False,MDM,2019-06-26,2026-04-17 15:58:36.668694
ed52c98c-b691-4394-8d43-1792450f109b,CUST-2020-CN-000828,淑华,吴,淑华 吴,Female,1983-03-27,user366.apple280@gmail.com,15365903424,任路g座,兴安盟市,东莞县,502983,CN,China,GREATER_CHINA,Chinese,Consumer,Silver,2020-08-15,2020,RETURNING,True,MDM,2020-08-15 00:00:00,2026-04-17 15:58:36.668696
c013d991-ca8f-4e66-aec5-aa556a7618b1,CUST-2019-CN-002408,鹏,唐,鹏 唐,Male,2006-01-06,user942.apple@aol.com,15668585825,辽阳路K座,桂兰市,太原县,704468,CN,China,GREATER_CHINA,Chinese,Consumer,None,2019-11-13,2019,RETURNING,True,MDM,2019-11-13,2026-04-17 15:58:36.668697
7dd7ca53-ec94-4b32-9923-b9ea217f98a2,CUST-2019-CN-000082,彬,骆,彬 骆,Male,1992-01-17,user921.apple@yahoo.com,18797074333,张路W座,合山市,六安市,385620,CN,China,GREATER_CHINA,Chinese,Consumer,Platinum,2019-07-02,2019,RETURNING,True,MDM,2019-07-02,2026-04-17 15:58:36.668699
c7068f39-4a46-4b31-a73c-cb885963ec6b,CUST-2019-CN-001942,杰,黄,杰 黄,Female,1952-05-16,user164.apple@gmx.com,13983650290,杨路T座,凯县,通辽县,220723,CN,China,GREATER_CHINA,Chinese,Business,Silver,2019-09-03,2019,RETURNING,True,MDM,2019-09-03,2026-04-17 15:58:36.668700
9fb50e6a-4c5e-47e0-9783-e3742ce21576,CUST-2020-CN-000418,玉英,李,玉英 李,Male,1964-08-21,user175.apple@outlook.com,14775266080,合肥路z座,上海县,伟市,311636,CN,China,GREATER_CHINA,Chinese,Consumer,Silver,2020-04-18,2020,RETURNING,True,MDM,2020-04-18 00:00:00,2026-04-17 15:58:36.668702
ff4c437c-e0a9-4b48-bf99-e2bffc4e3f9d,CUST-2019-CN-001820,玉华,鲍,玉华 鲍,Male,1968-12-09,user405.apple534@yahoo.com,13229206491,杜路a座,华市,南宁市,931900,CN,China,GREATER_CHINA,Chinese,Education,None,2019-01-13,2019,RETURNING,False,MDM,2019-01-13,2026-04-17 15:58:36.668704
f23285cb-8a6c-4004-95c3-dd558622fa6b,CUST-2019-CN-000291,红霞,马,红霞 马,Female,1998-05-19,user156.apple@outlook.com,18619028669,王街M座,齐齐哈尔市,齐齐哈尔县,180641,CN,China,GREATER_CHINA,Chinese,Consumer,Silver,2019-09-12,2019,RETURNING,True,MDM,2019-09-12,2026-04-17 15:58:36.668705
376e2e3d-4f48-426b-82a9-e630011726c9,CUST-2019-CN-000491,旭,赵,旭 赵,Male,1956-07-29,user542.apple441@yahoo.com,13407141760,阜新路a座,瑜市,伟县,102769,CN,China,GREATER_CHINA,Chinese,Consumer,None,2019-09-20,2019,RETURNING,True,MDM,2019-09-20,2026-04-17 15:58:36.668707
be7c2bed-c3bb-43c5-be01-438ed0655954,CUST-2019-CN-000957,慧,李,慧 李,Female,1988-01-29,user704.apple@gmx.com,18546402330,唐路V座,俊市,东莞县,397463,CN,China,GREATER_CHINA,Chinese,Business,None,2019-01-21,2019,RETURNING,True,MDM,2019-01-21,2026-04-17 15:58:36.668708
1a53a1a4-66d1-48d9-88c3-d48a8bf6be9d,CUST-2020-CN-000117,小红,刘,小红 刘,Female,2000-03-06,user446.apple@hotmail.com,15125915027,高路Z座,岩市,宁德县,606515,CN,China,GREATER_CHINA,Chinese,Education,Gold,2020-07-03,2020,RETURNING,True,MDM,2020-07-03 00:00:00,2026-04-17 15:58:36.668710
4b86125a-a116-42e4-b806-fda31743bd96,CUST-2019-CN-000611,娟,顾,娟 顾,Male,2002-08-10,user857.apple@icloud.com,13029043152,六盘水街B座,宁德市,沈阳县,577868,CN,China,GREATER_CHINA,Chinese,Consumer,Silver,2019-12-24,2019,RETURNING,True,MDM,2019-12-24,2026-04-17 15:58:36.668711
d6f2c9a6-ea3f-4cd0-8763-652ed76fe7ab,CUST-2019-CN-001212,红,唐,红 唐,Female,1971-11-19,user320.apple@gmail.com,13689830006,周路j座,长沙市,建军市,961174,CN,China,GREATER_CHINA,Chinese,Consumer,None,2019-04-20,2019,RETURNING,True,MDM,2019-04-20,2026-04-17 15:58:36.668713
fc16d5ee-4f01-45af-9a44-1ff5176c341d,CUST-2020-CN-000996,艳,孔,艳 孔,Male,1979-01-07,user373.apple@protonmail.com,18739595323,郑州街a座,涛市,阳县,761160,CN,China,GREATER_CHINA,Chinese,Consumer,Platinum,2020-04-14,2020,RETURNING,True,MDM,2020-04-14 00:00:00,2026-04-17 15:58:36.668714
922b7580-176d-4eb1-8b67-4c07c52eb9f2,CUST-2019-CN-000415,桂花,余,桂花 余,Male,1982-12-22,user598.apple@protonmail.com,14576108007,合肥街V座,佳县,玉华县,912271,CN,China,GREATER_CHINA,Chinese,Consumer,Silver,2019-09-28,2019,RETURNING,True,MDM,2019-09-28,2026-04-17 15:58:36.668716
881189cc-782c-45d4-a434-40346a6319e4,CUST-2020-CN-000829,帆,张,帆 张,Male,1995-07-29,user365.apple@zoho.com,15236106276,潮州街t座,倩市,佳市,151189,CN,China,GREATER_CHINA,Chinese,Consumer,Platinum,2020-03-07,2020,RETURNING,True,MDM,2020-03-07 00:00:00,2026-04-17 15:58:36.668717
9f8a1c21-ffa7-4154-87a0-0c5b6b16f1f9,CUST-2019-CN-001623,兰英,魏,兰英 魏,Female,1977-06-12,user226.apple@aol.com,13863725241,徐路m座,西安县,北镇市,553895,CN,China,GREATER_CHINA,Chinese,Consumer,None,2019-08-09,2019,RETURNING,True,MDM,2019-08-09,2026-04-17 15:58:36.668721
14019fff-438f-4c26-8662-f55b050edf79,CUST-2019-CN-002240,勇,金,勇 金,Male,2007-02-09,user593.apple695@outlook.com,14546820937,邯郸街W座,潜江县,春梅市,122586,CN,China,GREATER_CHINA,Chinese,Consumer,None,2019-02-19,2019,RETURNING,True,MDM,2019-02-19,2026-04-17 15:58:36.668723
8153d259-1571-4526-b5d5-3de4be034f27,CUST-2019-CN-002296,刚,苏,刚 苏,Female,1988-03-27,user565.apple435@aol.com,18096105787,胡路Q座,雪梅县,深圳县,917517,CN,China,GREATER_CHINA,Chinese,Consumer,None,2019-04-15,2019,RETURNING,True,MDM,2019-04-15,2026-04-17 15:58:36.668725
25cad67d-9be8-4543-88e0-cb9c54af8d42,CUST-2020-CN-001049,英,裘,英 裘,Male,2002-06-06,user850.apple@zoho.com,13204419380,佛山路c座,利县,平市,214833,CN,China,GREATER_CHINA,Chinese,Education,None,2020-02-29,2020,RETURNING,True,MDM,2020-02-29 00:00:00,2026-04-17 15:58:36.668727
d30f536d-99b1-407f-9814-9200cd8409d6,CUST-2019-CN-000278,桂芳,邓,桂芳 邓,Female,2005-10-07,user489.apple@protonmail.com,14595225078,六安街F座,海口县,合山市,940156,CN,China,GREATER_CHINA,Chinese,Business,None,2019-08-12,2019,RETURNING,True,MDM,2019-08-12,2026-04-17 15:58:36.668729
cb229e0e-8f83-42db-83db-d65dae987824,CUST-2019-CN-001410,云,邱,云 邱,Female,1972-04-16,user398.apple@icloud.com,15584863081,王街j座,成县,杭州县,678112,CN,China,GREATER_CHINA,Chinese,Consumer,Gold,2019-12-05,2019,RETURNING,True,MDM,2019-12-05,2026-04-17 15:58:36.668730
34e88401-b65a-428a-b4a7-72659519b045,CUST-2020-CN-000192,秀云,李,秀云 李,Female,1977-01-24,user114.apple900@protonmail.com,13092538360,刘街J座,海口县,香港市,873639,CN,China,GREATER_CHINA,Chinese,Business,None,2020-02-01,2020,RETURNING,True,MDM,2020-02-01 00:00:00,2026-04-17 15:58:36.668732
865fae73-2075-46c7-bf7d-c6b81617d014,CUST-2019-CN-000218,桂珍,田,桂珍 田,Male,1994-04-19,user288.apple295@gmail.com,14553812941,罗路B座,嘉禾市,淑华市,137518,CN,China,GREATER_CHINA,Chinese,Consumer,None,2019-01-30,2019,RETURNING,True,MDM,2019-01-30,2026-04-17 15:58:36.668734
2f5953d0-da44-439e-985b-bdfdb5fb5f49,CUST-2019-CN-000406,波,钟,波 钟,Male,1981-11-21,user935.apple@yahoo.com,18678102679,张街X座,兰英市,岩县,772300,CN,China,GREATER_CHINA,Chinese,Consumer,Silver,2019-07-18,2019,RETURNING,True,MDM,2019-07-18,2026-04-17 15:58:36.668735
f6da2fac-4814-484a-afd0-ff5812cfe610,CUST-2019-CN-002897,鑫,李,鑫 李,Female,1989-01-15,user531.apple@protonmail.com,15747742728,香港街W座,英县,齐齐哈尔市,166672,CN,China,GREATER_CHINA,Chinese,Consumer,None,2019-04-15,2019,RETURNING,True,MDM,2019-04-15,2026-04-17 15:58:36.668737
62556934-540e-4fad-8add-f054cf16337f,CUST-2019-CN-002875,桂芳,周,桂芳 周,Male,1966-04-16,user245.apple@yahoo.com,18988782595,陈街W座,璐市,倩市,159666,CN,China,GREATER_CHINA,Chinese,Consumer,Silver,2019-06-12,2019,RETURNING,True,MDM,2019-06-12,2026-04-17 15:58:36.668738
68755a18-81b6-464c-a0e3-5fede3f3e54c,CUST-2019-CN-002981,岩,林,岩 林,Female,1951-11-26,user627.apple@aol.com,15649404507,刘路B座,巢湖市,莹县,149390,CN,China,GREATER_CHINA,Chinese,Consumer,Platinum,2019-01-22,2019,RETURNING,True,MDM,2019-01-22,2026-04-17 15:58:36.668740
db247c56-13f4-4f91-baa1-f3876ce5889a,CUST-2019-CN-002824,玲,谢,玲 谢,Female,1950-07-27,user162.apple@aol.com,14543778168,周路m座,梧州县,玉县,493243,CN,China,GREATER_CHINA,Chinese,Education,Gold,2019-03-20,2019,RETURNING,True,MDM,2019-03-20,2026-04-17 15:58:36.668741
3ce29ccc-d00a-4b5e-af64-0c35a8278b6e,CUST-2020-CN-001037,春梅,张,春梅 张,Male,1978-02-27,user551.apple@protonmail.com,13172246535,郭街t座,阜新县,伟县,677425,CN,China,GREATER_CHINA,Chinese,Business,Silver,2020-12-16,2020,RETURNING,True,MDM,2020-12-16 00:00:00,2026-04-17 15:58:36.668742
1f9b7f08-1a93-4b8a-ac57-9c19a7c13bbc,CUST-2019-CN-002942,秀珍,梁,秀珍 梁,Female,1989-03-09,user656.apple@msn.com,18598507688,彭街C座,淑珍市,通辽市,118982,CN,China,GREATER_CHINA,Chinese,Business,None,2019-11-07,2019,RETURNING,True,MDM,2019-11-07,2026-04-17 15:58:36.668744
759d307d-2a98-456c-b21c-400b5fa346b9,CUST-2020-CN-000927,帅,李,帅 李,Female,2007-08-21,user738.apple@protonmail.com,15567290801,巢湖街u座,桂芳市,佛山市,473305,CN,China,GREATER_CHINA,Chinese,Consumer,Silver,2020-07-28,2020,RETURNING,True,MDM,2020-07-28 00:00:00,2026-04-17 15:58:36.668746
3dd30b35-7660-4259-81d2-f2b68aec57fd,CUST-2020-CN-000101,欢,周,欢 周,Female,1980-10-17,user330.apple@live.com,13364328123,武汉街L座,浩县,北镇市,102338,CN,China,GREATER_CHINA,Chinese,Consumer,Silver,2020-04-30,2020,RETURNING,True,MDM,2020-04-30 00:00:00,2026-04-17 15:58:36.668747
1a9f5c96-29f5-4d64-a8be-5e3e0f655a59,CUST-2020-CN-000443,刚,王,刚 王,Female,1986-03-01,user472.apple@zoho.com,13952606099,周街V座,哈尔滨市,梅市,220985,CN,China,GREATER_CHINA,Chinese,Consumer,Silver,2020-05-08,2020,RETURNING,True,MDM,2020-05-08 00:00:00,2026-04-17 15:58:36.668749
9e934230-cfa4-455f-a6a9-db3a8d7edfc8,CUST-2019-CN-002995,秀华,施,秀华 施,Male,1997-08-03,user176.apple@aol.com,13420689753,马路q座,杭州市,霞市,459227,CN,China,GREATER_CHINA,Chinese,Consumer,None,2019-04-09,2019,RETURNING,True,MDM,2019-04-09,2026-04-17 15:58:36.668753
ed83006c-df35-4d0f-8b32-092900f100d0,CUST-2019-CN-001253,冬梅,斯,冬梅 斯,Female,1966-10-19,user918.apple@gmail.com,15888695939,丁路R座,济南县,长沙市,573348,CN,China,GREATER_CHINA,Chinese,Consumer,None,2019-12-17,2019,RETURNING,True,MDM,2019-12-17,2026-04-17 15:58:36.668755
107e874e-ab06-4c46-be48-06b7fa033376,CUST-2020-CN-000390,桂芝,李,桂芝 李,Female,1997-03-15,user493.apple688@aol.com,14769662360,福州路Z座,贵阳市,乌鲁木齐县,266379,CN,China,GREATER_CHINA,Chinese,Education,None,2020-03-01,2020,RETURNING,True,MDM,2020-03-01 00:00:00,2026-04-17 15:58:36.668757
5fd89427-27fb-4d5a-a1ed-32972752c22f,CUST-2019-CN-001053,静,谭,静 谭,Male,1982-04-25,user606.apple181@icloud.com,15834369555,昆明路V座,邯郸县,玲市,456911,CN,China,GREATER_CHINA,Chinese,Consumer,Silver,2019-04-18,2019,RETURNING,True,MDM,2019-04-18,2026-04-17 15:58:36.668758
536d787b-96e2-43b6-8c9e-816707aa6539,CUST-2019-CN-001913,超,任,超 任,Male,2001-02-01,user613.apple@aol.com,18274194308,郭路v座,潮州县,大冶县,992341,CN,China,GREATER_CHINA,Chinese,Business,None,2019-08-16,2019,RETURNING,True,MDM,2019-08-16,2026-04-17 15:58:36.668760
099a419a-1df5-4004-a2c2-a809c38cc254,CUST-2019-CN-002477,明,王,明 王,Male,1957-11-02,user791.apple@icloud.com,18277500238,孙路U座,嘉禾市,郑州县,424030,CN,China,GREATER_CHINA,Chinese,Consumer,Platinum,2019-01-24,2019,RETURNING,True,MDM,2019-01-24,2026-04-17 15:58:36.668766
2ad3c99a-c16e-4272-8043-aa2a98f73854,CUST-2020-CN-000011,燕,张,燕 张,Female,1958-03-11,user103.apple@yahoo.com,18917506561,成都街k座,大冶市,建国市,732791,CN,China,GREATER_CHINA,Chinese,Consumer,None,2020-10-13,2020,RETURNING,False,MDM,2020-10-13 00:00:00,2026-04-17 15:58:36.668771
76a8d22d-09e1-41a5-9afb-ece4039e1606,CUST-2020-CN-000325,勇,董,勇 董,Female,1954-07-24,user704.apple@yahoo.com,18119976992,范路V座,兰州市,辛集县,743824,CN,China,GREATER_CHINA,Chinese,Consumer,Silver,2020-08-05,2020,RETURNING,True,MDM,2020-08-05 00:00:00,2026-04-17 15:58:36.668773
aa3d64a2-62ce-4299-bd81-de9808d83255,CUST-2019-CN-000344,平,黄,平 黄,Female,1954-01-14,user554.apple300@zoho.com,13020076662,合肥街Z座,北镇县,超县,181422,CN,China,GREATER_CHINA,Chinese,Consumer,None,2019-08-22,2019,RETURNING,True,MDM,2019-08-22,2026-04-17 15:58:36.668775
820457c1-f5ee-4af2-86e3-f7b50ddccdbb,CUST-2019-CN-000505,伟,盛,伟 盛,Female,1998-02-14,user128.apple89@protonmail.com,13237365139,高街o座,玉英市,张家港县,737734,CN,China,GREATER_CHINA,Chinese,Education,None,2019-01-25,2019,RETURNING,True,MDM,2019-01-25,2026-04-17 15:58:36.668777
7176d3c5-d71d-445c-8d42-37afe09c93f3,CUST-2019-CN-002655,利,彭,利 彭,Male,1986-11-06,user662.apple@icloud.com,15259438410,李街M座,阳县,潮州市,284060,CN,China,GREATER_CHINA,Chinese,Consumer,Silver,2019-12-24,2019,RETURNING,True,MDM,2019-12-24,2026-04-17 15:58:36.668778
16c30bc2-f450-4f29-bec6-9de89403b995,CUST-2019-CN-000971,华,李,华 李,Female,1982-09-10,user933.apple@gmx.com,18875766814,李街G座,丽市,海口县,508778,CN,China,GREATER_CHINA,Chinese,Consumer,None,2019-07-17,2019,RETURNING,True,MDM,2019-07-17,2026-04-17 15:58:36.668780
3ea9dd07-1c2b-4a93-8b19-900951d711dc,CUST-2019-CN-002947,淑华,李,淑华 李,Male,1955-11-14,user450.apple@gmx.com,15908248752,西宁街y座,凯市,莉市,861981,CN,China,GREATER_CHINA,Chinese,Consumer,Platinum,2019-08-17,2019,RETURNING,True,MDM,2019-08-17,2026-04-17 15:58:36.668781
6401ed1a-fd3a-4085-9fd0-7477831c0911,CUST-2020-CN-001052,芳,吴,芳 吴,Male,1982-05-25,user535.apple@gmx.com,15557598521,袁路V座,重庆县,雷县,602918,CN,China,GREATER_CHINA,Chinese,Consumer,None,2020-08-17,2020,RETURNING,True,MDM,2020-08-17 00:00:00,2026-04-17 15:58:36.668783
2878e08b-8e8d-4087-9099-8d4b860f9e37,CUST-2019-CN-001405,华,潘,华 潘,Female,1966-06-15,user913.apple946@mail.com,18674365361,合肥路x座,丽娟县,建平县,411851,CN,China,GREATER_CHINA,Chinese,Consumer,Platinum,2019-05-03,2019,RETURNING,True,MDM,2019-05-03,2026-04-17 15:58:36.668788
460a7c30-86d0-4c8d-90bf-feefecd88cca,CUST-2020-CN-000469,岩,韩,岩 韩,Male,1964-02-23,user797.apple948@mail.com,13289026514,梧州街u座,桂花市,鹏市,458876,CN,China,GREATER_CHINA,Chinese,Education,None,2020-12-05,2020,RETURNING,True,MDM,2020-12-05 00:00:00,2026-04-17 15:58:36.668790
91dee29e-b825-4086-87b0-2b010c818e1b,CUST-2019-CN-000927,晨,南,晨 南,Male,1959-04-12,user886.apple@outlook.com,15840706623,柳州街i座,香港县,拉萨县,621794,CN,China,GREATER_CHINA,Chinese,Consumer,None,2019-07-24,2019,RETURNING,True,MDM,2019-07-24,2026-04-17 15:58:36.668792
35497a2e-7dde-467e-ad2d-0d1bfb5445c6,CUST-2019-CN-001910,瑞,陶,瑞 陶,Female,1953-12-27,user515.apple@gmail.com,13498006192,柳州路w座,荣县,六盘水市,866082,CN,China,GREATER_CHINA,Chinese,Consumer,Platinum,2019-11-06,2019,RETURNING,True,MDM,2019-11-06,2026-04-17 15:58:36.668794
7439ca24-5a6b-4000-925a-c6f3e5333348,CUST-2020-CN-000740,艳,宗,艳 宗,Male,1976-01-07,user939.apple@msn.com,13602731462,贵阳街B座,凤英市,雪县,128738,CN,China,GREATER_CHINA,Chinese,Consumer,None,2020-11-20,2020,RETURNING,True,MDM,2020-11-20 00:00:00,2026-04-17 15:58:36.668795
c7edd0a4-5a6a-4cd8-9036-84d6d2222a2c,CUST-2019-CN-002318,梅,韩,梅 韩,Female,1970-10-16,user614.apple923@live.com,15895195549,毛街e座,南京县,丽丽市,773475,CN,China,GREATER_CHINA,Chinese,Business,Platinum,2019-06-22,2019,RETURNING,True,MDM,2019-06-22,2026-04-17 15:58:36.668797
80647535-e70d-461e-9dc2-5071c1c485ad,CUST-2019-CN-001027,晨,张,晨 张,Male,1951-01-30,user421.apple@zoho.com,14580458673,昆明街a座,斌市,长沙县,777240,CN,China,GREATER_CHINA,Chinese,Business,Silver,2019-11-26,2019,RETURNING,True,MDM,2019-11-26,2026-04-17 15:58:36.668798
e71b5a00-e50a-4bc9-bfaf-1a478afb2be0,CUST-2019-CN-002109,刚,胡,刚 胡,Female,2000-03-12,user131.apple@gmx.com,13717708845,汕尾路S座,南宁县,哈尔滨县,217200,CN,China,GREATER_CHINA,Chinese,Business,None,2019-06-06,2019,RETURNING,True,MDM,2019-06-06,2026-04-17 15:58:36.668800
6123fce0-668f-4a29-80ee-0efba35648bf,CUST-2019-CN-000681,想,高,想 高,Female,1987-09-08,user100.apple@hotmail.com,15277055945,哈尔滨路R座,杭州县,兴城县,715527,CN,China,GREATER_CHINA,Chinese,Business,Platinum,2019-02-15,2019,RETURNING,True,MDM,2019-02-15,2026-04-17 15:58:36.668801
e31291fd-d48e-4369-a9a2-816d4e499cd5,CUST-2019-CN-002512,晨,赵,晨 赵,Male,1992-11-27,user529.apple@msn.com,14702260532,兰州街V座,楠县,马鞍山县,769969,CN,China,GREATER_CHINA,Chinese,Consumer,Silver,2019-08-24,2019,RETURNING,True,MDM,2019-08-24,2026-04-17 15:58:36.668806
157595ba-858a-4d83-9133-0b6686192c06,CUST-2020-CN-000704,明,王,明 王,Male,1974-10-19,user799.apple260@yahoo.com,18260392659,林路X座,宁德县,乌鲁木齐市,324432,CN,China,GREATER_CHINA,Chinese,Consumer,None,2020-08-17,2020,RETURNING,True,MDM,2020-08-17 00:00:00,2026-04-17 15:58:36.668808
cc5a7237-e473-488a-9729-500f6237fc2b,CUST-2020-CN-000763,帅,白,帅 白,Female,1950-11-13,user311.apple886@gmail.com,18938770975,杨街t座,淑兰市,彬县,246678,CN,China,GREATER_CHINA,Chinese,Consumer,Platinum,2020-09-08,2020,RETURNING,True,MDM,2020-09-08 00:00:00,2026-04-17 15:58:36.668809
e120904c-b5f0-4b56-ac0a-3f64c2c67511,CUST-2019-CN-000591,杰,方,杰 方,Female,1972-03-10,user829.apple@live.com,18551855662,刘路h座,兵市,天津市,584801,CN,China,GREATER_CHINA,Chinese,Education,None,2019-06-08,2019,RETURNING,True,MDM,2019-06-08,2026-04-17 15:58:36.668811
00fefb2f-2dac-4225-bb24-cca5bc410877,CUST-2020-CN-000985,秀兰,叶,秀兰 叶,Male,1974-12-11,user659.apple249@gmx.com,13115524806,黄路q座,丽丽县,济南市,976144,CN,China,GREATER_CHINA,Chinese,Consumer,Silver,2020-04-17,2020,RETURNING,True,MDM,2020-04-17 00:00:00,2026-04-17 15:58:36.668813
dbff410d-e5e6-4df2-a7ab-608f9f8c4334,CUST-2019-CN-001144,建,魏,建 魏,Male,1960-06-11,user769.apple@zoho.com,15008322694,蒋街J座,峰县,沈阳市,178995,CN,China,GREATER_CHINA,Chinese,Consumer,Gold,2019-01-11,2019,RETURNING,True,MDM,2019-01-11,2026-04-17 15:58:36.668814
1cfd0607-2113-40b3-9e7c-ba8432b38315,CUST-2020-CN-000743,伟,彭,伟 彭,Female,1966-11-30,user494.apple601@msn.com,13643702038,永安街r座,潜江县,玉珍县,371938,CN,China,GREATER_CHINA,Chinese,Consumer,Gold,2020-08-05,2020,RETURNING,True,MDM,2020-08-05 00:00:00,2026-04-17 15:58:36.668816
1078002e-c653-408b-a0b2-5d0f61a44d69,CUST-2019-CN-001496,梅,曾,梅 曾,Female,1962-07-09,user726.apple@outlook.com,14566814801,南昌路n座,阜新县,通辽县,699148,CN,China,GREATER_CHINA,Chinese,Consumer,Gold,2019-02-23,2019,RETURNING,True,MDM,2019-02-23,2026-04-17 15:58:36.668818
785d4981-d924-474f-b9fc-bfbbc3cdd048,CUST-2019-CN-002576,玉梅,范,玉梅 范,Female,1957-01-16,user726.apple@mail.com,18695175596,东莞街d座,瑞市,柳州市,265791,CN,China,GREATER_CHINA,Chinese,Consumer,None,2019-04-27,2019,RETURNING,True,MDM,2019-04-27,2026-04-17 15:58:36.668823
7f5d0d4a-bbf6-47b2-b4ad-54c023f26b09,CUST-2020-CN-000256,平,孙,平 孙,Male,1969-03-27,user197.apple@zoho.com,13960855330,时街L座,长春县,贵阳市,745266,CN,China,GREATER_CHINA,Chinese,Consumer,Gold,2020-07-06,2020,RETURNING,True,MDM,2020-07-06 00:00:00,2026-04-17 15:58:36.668825
afd9003a-a07c-4229-bc3f-30f6bd09fca9,CUST-2019-CN-001096,丽华,罗,丽华 罗,Male,2000-01-29,user246.apple@gmx.com,14556884092,香港街u座,沈阳县,凤英市,484596,CN,China,GREATER_CHINA,Chinese,Consumer,Platinum,2019-04-16,2019,RETURNING,True,MDM,2019-04-16,2026-04-17 15:58:36.668826
c9c48845-96e4-4c64-9040-8ac3543c0fe7,CUST-2020-CN-000637,玉梅,陈,玉梅 陈,Male,1963-01-12,user816.apple@gmx.com,14596617126,兴城路b座,霞市,丹县,866352,CN,China,GREATER_CHINA,Chinese,Consumer,None,2020-06-29,2020,RETURNING,True,MDM,2020-06-29 00:00:00,2026-04-17 15:58:36.668828
c1845da3-747d-4acf-9b18-f8cc377729b1,CUST-2020-CN-000939,霞,吴,霞 吴,Female,1963-07-14,user558.apple@gmx.com,14714414632,陈路a座,鹏县,桂花市,999676,CN,China,GREATER_CHINA,Chinese,Consumer,Gold,2020-06-26,2020,RETURNING,True,MDM,2020-06-26 00:00:00,2026-04-17 15:58:36.668829
482147e3-78cc-40bd-98c9-cc927a26c87a,CUST-2019-CN-000772,涛,龚,涛 龚,Male,1999-05-25,user436.apple@msn.com,13542352758,刘街T座,荆门市,阜新市,978251,CN,China,GREATER_CHINA,Chinese,Consumer,None,2019-10-28,2019,RETURNING,True,MDM,2019-10-28,2026-04-17 15:58:36.668831
e1c7b9c4-4806-4bff-b0f0-5afce68843c2,CUST-2020-CN-000948,桂兰,孟,桂兰 孟,Female,1977-09-16,user805.apple@zoho.com,18045236639,杨路O座,潜江市,永安县,217222,CN,China,GREATER_CHINA,Chinese,Consumer,Platinum,2020-04-01,2020,RETURNING,True,MDM,2020-04-01 00:00:00,2026-04-17 15:58:36.668833
84870180-98a6-43c4-a276-5722efb652ee,CUST-2020-CN-000163,英,王,英 王,Male,1985-05-21,user694.apple@outlook.com,13146537754,拉萨街E座,深圳县,海燕县,278974,CN,China,GREATER_CHINA,Chinese,Consumer,Gold,2020-11-22,2020,RETURNING,True,MDM,2020-11-22 00:00:00,2026-04-17 15:58:36.668834
b8c5f409-4f97-429f-a317-69d062cc2bb6,CUST-2019-CN-000967,红梅,陈,红梅 陈,Male,1987-04-23,user639.apple@zoho.com,13766439131,通辽街j座,玉华县,淑兰市,514751,CN,China,GREATER_CHINA,Chinese,Consumer,None,2019-04-22,2019,RETURNING,True,MDM,2019-04-22,2026-04-17 15:58:36.668836
fa8dab3c-2935-46fd-afbb-532027c5a59d,CUST-2019-CN-002062,丹,李,丹 李,Female,1995-10-01,user118.apple@outlook.com,13305749926,吴路I座,邯郸市,西宁市,898020,CN,China,GREATER_CHINA,Chinese,Consumer,None,2019-09-25,2019,RETURNING,True,MDM,2019-09-25,2026-04-17 15:58:36.668838
32f5dd79-ebe6-4fdc-a5db-6547fbbe2392,CUST-2019-CN-002867,强,杨,强 杨,Male,1981-05-19,user585.apple511@gmx.com,15925851643,关岭路w座,长春市,桂兰市,812887,CN,China,GREATER_CHINA,Chinese,Business,Silver,2019-03-21,2019,RETURNING,True,MDM,2019-03-21,2026-04-17 15:58:36.668840
45b9d58a-38db-4982-983e-4fef6f1f2d70,CUST-2019-CN-000883,玉英,张,玉英 张,Female,1960-09-25,user920.apple234@protonmail.com,13317286896,杨街B座,凤英县,婷市,228821,CN,China,GREATER_CHINA,Chinese,Consumer,None,2019-05-22,2019,RETURNING,True,MDM,2019-05-22,2026-04-17 15:58:36.668841
01ae2de4-c134-477b-b2d2-481b9b844c0a,CUST-2019-CN-002925,玉英,梁,玉英 梁,Female,2002-01-23,user851.apple@aol.com,15355011805,康路N座,广州县,秀珍县,876226,CN,China,GREATER_CHINA,Chinese,Consumer,None,2019-09-01,2019,RETURNING,True,MDM,2019-09-01,2026-04-17 15:58:36.668843
e7346717-99c3-4ea1-8615-db11f1be8ca2,CUST-2019-CN-000437,秀荣,鲁,秀荣 鲁,Female,1967-04-28,user726.apple@protonmail.com,15100830771,袁街D座,杰市,北镇市,758554,CN,China,GREATER_CHINA,Chinese,Consumer,Silver,2019-01-05,2019,RETURNING,True,MDM,2019-01-05,2026-04-17 15:58:36.668844
a3a0f7be-4810-420c-9b51-23d629bcb14c,CUST-2019-CN-000105,成,郑,成 郑,Female,1998-11-05,user338.apple@msn.com,13287159940,兴安盟路c座,秀华市,红梅市,636427,CN,China,GREATER_CHINA,Chinese,Consumer,Gold,2019-08-26,2019,RETURNING,True,MDM,2019-08-26,2026-04-17 15:58:36.668846
e28d1f7d-2334-44f2-9239-9acec9309ded,CUST-2019-CN-001466,斌,杨,斌 杨,Female,1980-12-05,user853.apple@msn.com,18673791946,李街e座,兴城县,石家庄市,533622,CN,China,GREATER_CHINA,Chinese,Education,Silver,2019-06-15,2019,RETURNING,True,MDM,2019-06-15,2026-04-17 15:58:36.668847
a36ab9a0-a2e9-4537-98e4-c1c0492649d5,CUST-2020-CN-001033,强,徐,强 徐,Female,1962-02-16,user264.apple232@gmail.com,15579523106,邹街y座,丽丽市,贵阳市,800695,CN,China,GREATER_CHINA,Chinese,Consumer,None,2020-11-11,2020,RETURNING,True,MDM,2020-11-11 00:00:00,2026-04-17 15:58:36.668849
ffd166cc-387b-42ce-a0e5-d1ad9189d8b0,CUST-2019-CN-001437,丹丹,钱,丹丹 钱,Female,1955-07-16,user768.apple@aol.com,18524454738,王路Q座,琴县,太原县,504271,CN,China,GREATER_CHINA,Chinese,Consumer,Platinum,2019-07-22,2019,RETURNING,True,MDM,2019-07-22,2026-04-17 15:58:36.668851
2b2c4063-a74b-4238-97fa-043eda8c8495,CUST-2019-CN-002965,婷婷,谢,婷婷 谢,Male,1984-02-12,user541.apple732@yahoo.com,15256256810,董路O座,瑜县,济南市,602472,CN,China,GREATER_CHINA,Chinese,Consumer,Silver,2019-09-03,2019,RETURNING,True,MDM,2019-09-03,2026-04-17 15:58:36.668852
ba50bdcc-174c-408a-952b-586123364f02,CUST-2019-CN-002787,霞,阳,霞 阳,Female,1985-04-11,user518.apple@live.com,15228557037,兴城路E座,阜新市,建国县,469742,CN,China,GREATER_CHINA,Chinese,Consumer,Platinum,2019-03-31,2019,RETURNING,True,MDM,2019-03-31,2026-04-17 15:58:36.668857
ea2c326a-a9af-4f97-8045-cbe7527e14d9,CUST-2019-CN-000550,凤兰,李,凤兰 李,Female,1957-10-25,user866.apple@yahoo.com,18504053613,郑街S座,杭州市,婷婷县,391319,CN,China,GREATER_CHINA,Chinese,Business,Silver,2019-10-31,2019,RETURNING,True,MDM,2019-10-31,2026-04-17 15:58:36.668858
10ffaa74-c7af-4cb2-8b99-52547ef6ca59,CUST-2020-CN-000856,秀英,孙,秀英 孙,Female,1973-01-03,user666.apple@protonmail.com,18169793715,赵街V座,龙市,上海县,704917,CN,China,GREATER_CHINA,Chinese,Business,Platinum,2020-09-30,2020,RETURNING,True,MDM,2020-09-30 00:00:00,2026-04-17 15:58:36.668860
8b56ae7e-4953-45f1-911b-4c28751bee74,CUST-2019-CN-000454,桂珍,刘,桂珍 刘,Male,2003-09-11,user157.apple@msn.com,15021919378,关岭路r座,北镇县,深圳市,352626,CN,China,GREATER_CHINA,Chinese,Consumer,Silver,2019-06-04,2019,RETURNING,True,MDM,2019-06-04,2026-04-17 15:58:36.668862
7538c473-81f8-4e9f-b674-a85c27450994,CUST-2019-CN-000231,凤兰,刘,凤兰 刘,Male,1981-01-10,user952.apple@mail.com,13118947433,佛山街V座,凯市,关岭县,938838,CN,China,GREATER_CHINA,Chinese,Consumer,None,2019-12-04,2019,RETURNING,True,MDM,2019-12-04,2026-04-17 15:58:36.668864
89d3644e-ff8d-4314-8c83-4fd80a014aab,CUST-2019-CN-001766,超,马,超 马,Male,1997-04-01,user314.apple@gmx.com,18904126305,汪街r座,英市,小红县,648536,CN,China,GREATER_CHINA,Chinese,Consumer,None,2019-01-21,2019,RETURNING,True,MDM,2019-01-21,2026-04-17 15:58:36.668865
bdc1081c-08c5-4f12-8f87-8d323b012d02,CUST-2019-CN-001855,丽华,罗,丽华 罗,Male,1987-10-13,user663.apple@msn.com,18171286141,郑州街C座,梧州市,太原市,426323,CN,China,GREATER_CHINA,Chinese,Consumer,None,2019-08-12,2019,RETURNING,True,MDM,2019-08-12,2026-04-17 15:58:36.668867
7e2a9376-af12-43d8-8da6-1deb096a7957,CUST-2019-CN-001460,小红,黄,小红 黄,Female,1979-03-19,user590.apple@live.com,15564095475,兰州街R座,郑州市,海口市,375227,CN,China,GREATER_CHINA,Chinese,Consumer,None,2019-12-05,2019,RETURNING,True,MDM,2019-12-05,2026-04-17 15:58:36.668869
f82f1268-5dd2-4128-ac5e-f8a32425ea9a,CUST-2020-CN-000375,英,胡,英 胡,Male,1957-05-05,user742.apple@live.com,13726035684,唐路a座,长春市,哈尔滨县,417484,CN,China,GREATER_CHINA,Chinese,Business,Silver,2020-12-12,2020,RETURNING,True,MDM,2020-12-12 00:00:00,2026-04-17 15:58:36.668870
54149d0c-67bc-41c7-a6b9-5870a532ae20,CUST-2020-CN-000778,旭,杨,旭 杨,Male,1973-06-09,user385.apple468@hotmail.com,18781114356,尹街z座,霞县,六盘水市,991489,CN,China,GREATER_CHINA,Chinese,Consumer,None,2020-07-21,2020,RETURNING,True,MDM,2020-07-21 00:00:00,2026-04-17 15:58:36.668874
b0ddf201-673f-484f-97fd-402ed20a32be,CUST-2019-CN-000545,鑫,杨,鑫 杨,Male,1992-11-22,user946.apple643@icloud.com,15697717058,潜江街X座,颖市,桂香县,688763,CN,China,GREATER_CHINA,Chinese,Consumer,Gold,2019-03-17,2019,RETURNING,True,MDM,2019-03-17,2026-04-17 15:58:36.668875
32449b1e-aa97-4705-8cf2-3cd26960817f,CUST-2020-CN-000002,秀英,乔,秀英 乔,Male,1967-07-10,user345.apple@zoho.com,13012634421,大冶路H座,玉英县,刚市,431333,CN,China,GREATER_CHINA,Chinese,Consumer,Gold,2020-04-20,2020,RETURNING,True,MDM,2020-04-20 00:00:00,2026-04-17 15:58:36.668877
a7dc268d-2275-4d68-956d-5e50f4621c10,CUST-2019-CN-000174,雪梅,王,雪梅 王,Female,1978-01-04,user606.apple@zoho.com,15995465681,贵阳街g座,丽娟市,沈阳市,207601,CN,China,GREATER_CHINA,Chinese,Consumer,Gold,2019-11-13,2019,RETURNING,True,MDM,2019-11-13,2026-04-17 15:58:36.668878
642a9011-869a-4363-930c-9b236d65e9c3,CUST-2019-CN-000161,丽丽,王,丽丽 王,Female,1992-08-19,user981.apple@aol.com,15374819660,通辽路h座,武汉县,济南市,960344,CN,China,GREATER_CHINA,Chinese,Consumer,Silver,2019-01-22,2019,RETURNING,True,MDM,2019-01-22,2026-04-17 15:58:36.668879
f1fa3bdc-f0d0-4694-9808-1a309dff920b,CUST-2019-CN-000496,帅,李,帅 李,Female,1977-07-28,user804.apple@msn.com,18014505644,澳门街p座,燕市,龙县,163867,CN,China,GREATER_CHINA,Chinese,Consumer,Silver,2019-08-10,2019,RETURNING,True,MDM,2019-08-10,2026-04-17 15:58:36.668881
2ddd8bd9-3714-4f21-88e2-1611e98f62f2,CUST-2019-CN-000635,欣,张,欣 张,Female,1956-05-03,user898.apple121@zoho.com,15506636570,辛集街T座,合肥市,柳州县,389465,CN,China,GREATER_CHINA,Chinese,Consumer,None,2019-11-06,2019,RETURNING,False,MDM,2019-11-06,2026-04-17 15:58:36.668883
5d57f7c4-3d41-453b-9719-68a9d2681fcf,CUST-2019-CN-000296,磊,刘,磊 刘,Male,1994-07-17,user713.apple135@protonmail.com,15363131786,南昌路q座,东莞市,海门市,680834,CN,China,GREATER_CHINA,Chinese,Business,None,2019-07-06,2019,RETURNING,False,MDM,2019-07-06,2026-04-17 15:58:36.668884
e1e2b4d8-5a46-448e-8e96-4a7ef7b955b0,CUST-2019-CN-002092,淑华,曲,淑华 曲,Female,2001-06-11,user397.apple@protonmail.com,13031490950,张路I座,玉县,通辽县,829629,CN,China,GREATER_CHINA,Chinese,Consumer,Silver,2019-11-07,2019,RETURNING,True,MDM,2019-11-07,2026-04-17 15:58:36.668886
eccf1a93-8e15-4ba2-a05a-893c71837da6,CUST-2019-CN-001906,雷,黄,雷 黄,Male,1979-09-16,user160.apple@hotmail.com,14752417095,惠州路g座,荆门市,飞市,972495,CN,China,GREATER_CHINA,Chinese,Consumer,Gold,2019-05-22,2019,RETURNING,False,MDM,2019-05-22,2026-04-17 15:58:36.668887
cc68e9a6-e805-4911-a033-b5b8b8112e2e,CUST-2020-CN-000374,佳,何,佳 何,Female,1999-11-03,user297.apple@protonmail.com,13404718123,济南路l座,北京县,桂英县,365059,CN,China,GREATER_CHINA,Chinese,Consumer,Platinum,2020-08-07,2020,RETURNING,True,MDM,2020-08-07 00:00:00,2026-04-17 15:58:36.668889
d14e4bf5-ae10-4446-8dee-3507d46ed47c,CUST-2019-CN-002224,红,黄,红 黄,Male,1975-06-23,user591.apple@outlook.com,14588644495,毕路Y座,玉珍市,沈阳市,111463,CN,China,GREATER_CHINA,Chinese,Business,Platinum,2019-05-01,2019,RETURNING,True,MDM,2019-05-01,2026-04-17 15:58:36.668890
1a2b7e64-2dd1-45c3-9d8f-eaa5a48bfd7f,CUST-2020-CN-000112,娜,王,娜 王,Male,1960-10-18,user941.apple@gmx.com,15568483459,王街B座,天津县,南京县,767536,CN,China,GREATER_CHINA,Chinese,Consumer,None,2020-12-25,2020,RETURNING,True,MDM,2020-12-25 00:00:00,2026-04-17 15:58:36.668895
0ede0376-8b32-4fe7-a556-ac070fe1062b,CUST-2020-CN-000644,博,李,博 李,Male,1984-02-14,user751.apple@gmx.com,18906772119,马鞍山路X座,六盘水市,广州县,652701,CN,China,GREATER_CHINA,Chinese,Education,Silver,2020-10-23,2020,RETURNING,True,MDM,2020-10-23 00:00:00,2026-04-17 15:58:36.668897
27bf3717-6b82-4eb8-8a8b-ce3cdc22fd37,CUST-2019-CN-001423,艳,张,艳 张,Male,1953-04-03,user392.apple@protonmail.com,18034705480,关岭路p座,雪梅市,兴安盟县,568798,CN,China,GREATER_CHINA,Chinese,Consumer,Silver,2019-01-18,2019,RETURNING,True,MDM,2019-01-18,2026-04-17 15:58:36.668898
5da1a527-453b-4de5-a0e5-358bb1faa813,CUST-2020-CN-000132,鹏,戴,鹏 戴,Female,1951-01-04,user602.apple@hotmail.com,13127015332,佛山街l座,南京县,峰市,512393,CN,China,GREATER_CHINA,Chinese,Consumer,Silver,2020-11-25,2020,RETURNING,True,MDM,2020-11-25 00:00:00,2026-04-17 15:58:36.668900
dfceca11-a016-4002-832d-0877f6e605f1,CUST-2019-CN-000069,岩,王,岩 王,Female,1976-11-10,user698.apple@gmail.com,18260669791,高路D座,马鞍山市,佛山县,138489,CN,China,GREATER_CHINA,Chinese,Consumer,Platinum,2019-10-09,2019,RETURNING,True,MDM,2019-10-09,2026-04-17 15:58:36.668901
7b579eb3-5870-42d2-ade2-d77d5ada7ae2,CUST-2019-CN-001521,婷婷,吴,婷婷 吴,Male,1976-12-15,user682.apple@gmx.com,15623413051,宁德路x座,六盘水市,南宁市,212742,CN,China,GREATER_CHINA,Chinese,Consumer,None,2019-02-17,2019,RETURNING,True,MDM,2019-02-17,2026-04-17 15:58:36.668903
834f4935-4b1b-4124-8ae0-54bbb6dcdce4,CUST-2020-CN-000121,旭,辛,旭 辛,Female,2001-08-06,user402.apple@icloud.com,18552366788,北京街r座,琴市,玉市,913491,CN,China,GREATER_CHINA,Chinese,Consumer,None,2020-04-12,2020,RETURNING,True,MDM,2020-04-12 00:00:00,2026-04-17 15:58:36.668905
edffeb5d-c482-4dfc-aa53-1592c976a234,CUST-2020-CN-000370,玲,梁,玲 梁,Female,1993-06-11,user476.apple990@gmx.com,13138532044,袁街o座,英县,六安县,229639,CN,China,GREATER_CHINA,Chinese,Consumer,None,2020-09-25,2020,RETURNING,True,MDM,2020-09-25 00:00:00,2026-04-17 15:58:36.668907
c32b76ed-1279-4e67-94de-7d06f6569a3b,CUST-2019-CN-001754,东,范,东 范,Female,1959-12-15,user883.apple@hotmail.com,15546135709,拉萨路C座,汕尾市,潮州县,647324,CN,China,GREATER_CHINA,Chinese,Consumer,None,2019-05-13,2019,RETURNING,False,MDM,2019-05-13,2026-04-17 15:58:36.668909
87e74a1e-6c56-41e8-b322-c881f0cc2451,CUST-2020-CN-000488,鑫,周,鑫 周,Male,2003-07-10,user122.apple466@mail.com,14511228308,香港路r座,重庆市,石家庄市,403905,CN,China,GREATER_CHINA,Chinese,Consumer,Silver,2020-10-19,2020,RETURNING,True,MDM,2020-10-19 00:00:00,2026-04-17 15:58:36.668913
219d55ca-eaff-4414-abc6-47de5601df3f,CUST-2020-CN-000771,博,陈,博 陈,Female,2001-06-22,user841.apple@live.com,15229886965,胡街a座,强县,辉县,299549,CN,China,GREATER_CHINA,Chinese,Consumer,None,2020-02-12,2020,RETURNING,True,MDM,2020-02-12 00:00:00,2026-04-17 15:58:36.668915
e8e88740-ce64-461d-a202-3ae846036356,CUST-2019-CN-000563,瑜,徐,瑜 徐,Male,1964-02-28,user176.apple@zoho.com,15747368938,东莞街J座,成都县,成都市,245517,CN,China,GREATER_CHINA,Chinese,Consumer,None,2019-09-17,2019,RETURNING,True,MDM,2019-09-17,2026-04-17 15:58:36.668916
45176412-014f-4fb8-8f6b-e85723bc041b,CUST-2019-CN-000385,佳,杨,佳 杨,Female,1994-11-27,user439.apple@gmx.com,15743146145,刘街U座,岩县,辉县,916016,CN,China,GREATER_CHINA,Chinese,Business,Silver,2019-06-08,2019,RETURNING,True,MDM,2019-06-08,2026-04-17 15:58:36.668918
25a4afed-830c-4287-a9f2-53e8aca1f97f,CUST-2020-CN-000128,桂荣,巴,桂荣 巴,Male,1971-10-09,user495.apple651@outlook.com,18566320971,东莞路J座,彬市,文市,507831,CN,China,GREATER_CHINA,Chinese,Consumer,None,2020-08-29,2020,RETURNING,True,MDM,2020-08-29 00:00:00,2026-04-17 15:58:36.668920
8c72a70c-be1e-4bc5-b0fe-b22cab6b877e,CUST-2020-CN-000736,辉,赵,辉 赵,Male,1956-12-22,user492.apple@yahoo.com,15193637187,佛山街I座,惠州县,海口市,367079,CN,China,GREATER_CHINA,Chinese,Consumer,Platinum,2020-02-10,2020,RETURNING,True,MDM,2020-02-10 00:00:00,2026-04-17 15:58:36.668921
730eb3ad-ff45-4e46-86ee-0178b4a89a55,CUST-2020-CN-001050,文,谢,文 谢,Female,1974-02-21,user792.apple@mail.com,13210920756,张街q座,丹丹县,秀梅县,304199,CN,China,GREATER_CHINA,Chinese,Consumer,None,2020-01-13,2020,RETURNING,False,MDM,2020-01-13 00:00:00,2026-04-17 15:58:36.668923
5a3e2acf-331b-4268-9bb6-f413a6155de7,CUST-2020-CN-000873,鑫,廖,鑫 廖,Female,2004-07-11,user570.apple@msn.com,15114602736,周路B座,太原县,军县,791857,CN,China,GREATER_CHINA,Chinese,Consumer,Gold,2020-10-21,2020,RETURNING,True,MDM,2020-10-21 00:00:00,2026-04-17 15:58:36.668925
e9fd3fed-9655-4c5f-9871-3d27e87a47eb,CUST-2019-CN-000389,岩,朱,岩 朱,Female,1963-12-05,user673.apple@live.com,13769762669,六盘水街X座,海口县,阳市,731580,CN,China,GREATER_CHINA,Chinese,Education,None,2019-08-01,2019,RETURNING,True,MDM,2019-08-01,2026-04-17 15:58:36.668926
2205ce11-aad4-40a1-ada8-f669e3331699,CUST-2019-CN-001386,勇,谭,勇 谭,Female,1994-05-22,user829.apple@aol.com,13506720303,吕路M座,贵阳县,玉兰市,721753,CN,China,GREATER_CHINA,Chinese,Consumer,None,2019-06-27,2019,RETURNING,True,MDM,2019-06-27,2026-04-17 15:58:36.668928
f0eb3ba6-9faa-466d-a6bb-d9cf486621e6,CUST-2020-CN-000670,兰英,张,兰英 张,Male,2005-04-03,user239.apple@protonmail.com,18995073657,六盘水路Z座,济南县,兴城县,821970,CN,China,GREATER_CHINA,Chinese,Consumer,None,2020-08-02,2020,RETURNING,True,MDM,2020-08-02 00:00:00,2026-04-17 15:58:36.668930
9c99882f-b5e0-4c9d-ad3e-4aef99c4691e,CUST-2019-CN-002355,燕,芦,燕 芦,Female,1997-05-25,user110.apple@hotmail.com,18259707849,易街O座,莹市,红市,255284,CN,China,GREATER_CHINA,Chinese,Consumer,None,2019-02-12,2019,RETURNING,True,MDM,2019-02-12,2026-04-17 15:58:36.668932
359b8c3b-be8d-49d9-8795-fddd6560a7b4,CUST-2019-CN-001742,红霞,陶,红霞 陶,Female,1953-07-04,user555.apple@live.com,13548334925,潜江街y座,鹏市,平县,748156,CN,China,GREATER_CHINA,Chinese,Consumer,None,2019-12-06,2019,RETURNING,True,MDM,2019-12-06,2026-04-17 15:58:36.668934
e5fd9dfe-ffc8-4c08-8b57-7ee81b69d2c8,CUST-2019-CN-001856,博,李,博 李,Female,1957-06-25,user719.apple@hotmail.com,15756308157,合肥街Y座,巢湖县,海门县,594505,CN,China,GREATER_CHINA,Chinese,Consumer,None,2019-06-07,2019,RETURNING,True,MDM,2019-06-07,2026-04-17 15:58:36.668936
2c85ba8e-1cd6-4b49-96fc-5df6ac0e6d8e,CUST-2019-CN-000845,欣,王,欣 王,Female,1986-01-07,user455.apple811@live.com,18285628829,银川路I座,秀英市,坤县,466729,CN,China,GREATER_CHINA,Chinese,Consumer,Platinum,2019-01-28,2019,RETURNING,True,MDM,2019-01-28,2026-04-17 15:58:36.668938
042c3121-257a-4354-a17e-752f508b3cfa,CUST-2020-CN-001061,文,董,文 董,Female,1987-12-18,user510.apple@gmx.com,13967943810,杨街C座,磊市,潜江市,843528,CN,China,GREATER_CHINA,Chinese,Consumer,Silver,2020-02-28,2020,RETURNING,True,MDM,2020-02-28 00:00:00,2026-04-17 15:58:36.668939
fd87d6f7-a9b9-4607-baad-cefef977cc62,CUST-2020-CN-000523,凤英,韦,凤英 韦,Male,1978-11-29,user186.apple@gmail.com,14752610993,沈阳路P座,建国市,帆县,132127,CN,China,GREATER_CHINA,Chinese,Business,None,2020-05-28,2020,RETURNING,True,MDM,2020-05-28 00:00:00,2026-04-17 15:58:36.668941
28116e0f-7067-4cff-917d-222a1e52dcc8,CUST-2019-CN-001061,桂芝,陆,桂芝 陆,Female,1981-12-11,user335.apple942@gmx.com,18184246637,乌鲁木齐路a座,嘉禾市,呼和浩特县,356069,CN,China,GREATER_CHINA,Chinese,Education,Silver,2019-04-27,2019,RETURNING,True,MDM,2019-04-27,2026-04-17 15:58:36.668942
404fc553-112b-48fa-8731-19e49a59e82d,CUST-2019-CN-000999,坤,金,坤 金,Female,1998-04-23,user321.apple@yahoo.com,13129067358,六盘水路H座,西安县,深圳市,248027,CN,China,GREATER_CHINA,Chinese,Business,Silver,2019-04-25,2019,RETURNING,True,MDM,2019-04-25,2026-04-17 15:58:36.668944
85744f46-eee2-4d03-bc2c-99fec47db0ab,CUST-2019-CN-000236,红梅,林,红梅 林,Female,2000-12-06,user508.apple128@gmail.com,18785840651,余街G座,斌县,福州市,810859,CN,China,GREATER_CHINA,Chinese,Education,Gold,2019-07-04,2019,RETURNING,True,MDM,2019-07-04,2026-04-17 15:58:36.668947
ae2a1f15-70f8-4a50-9dbd-a9e1b8fef863,CUST-2019-CN-001818,秀荣,姚,秀荣 姚,Female,1968-06-26,user342.apple@outlook.com,18864767411,王路P座,沈阳县,太原县,843080,CN,China,GREATER_CHINA,Chinese,Consumer,None,2019-10-29,2019,RETURNING,True,MDM,2019-10-29,2026-04-17 15:58:36.668949
03f904f6-fa87-4310-b4f8-a85e5fddb735,CUST-2019-CN-002051,成,苗,成 苗,Male,1952-04-10,user463.apple@hotmail.com,13824947635,深圳街u座,建军县,燕市,363966,CN,China,GREATER_CHINA,Chinese,Consumer,None,2019-10-26,2019,RETURNING,True,MDM,2019-10-26,2026-04-17 15:58:36.668951
6f018617-96af-4cfc-8ff6-028de3794270,CUST-2019-CN-001808,帅,刘,帅 刘,Male,1963-05-10,user323.apple608@protonmail.com,18263288741,六盘水路F座,兰州县,哈尔滨县,401877,CN,China,GREATER_CHINA,Chinese,Consumer,None,2019-11-12,2019,RETURNING,True,MDM,2019-11-12,2026-04-17 15:58:36.668953
6be3f8b0-eb8f-487e-857f-5f9b52d2faea,CUST-2019-CN-002792,琳,李,琳 李,Male,1955-07-13,user791.apple@aol.com,15781692066,黄路j座,辉市,宁德市,723246,CN,China,GREATER_CHINA,Chinese,Consumer,Silver,2019-03-19,2019,RETURNING,True,MDM,2019-03-19,2026-04-17 15:58:36.668954
aefe1fa2-84e2-4343-951f-84c0cb35b455,CUST-2019-CN-000951,洁,刘,洁 刘,Female,2003-02-18,user280.apple@outlook.com,14785454214,孙街n座,杭州县,畅市,769546,CN,China,GREATER_CHINA,Chinese,Consumer,Silver,2019-09-29,2019,RETURNING,True,MDM,2019-09-29,2026-04-17 15:58:36.668956
74fb8a72-736d-4e6c-99c7-14e5579e9222,CUST-2019-CN-002245,雪,宋,雪 宋,Female,1958-11-22,user471.apple@gmail.com,15570989076,兴城路R座,辽阳县,郑州县,703527,CN,China,GREATER_CHINA,Chinese,Business,None,2019-12-07,2019,RETURNING,False,MDM,2019-12-07,2026-04-17 15:58:36.668957
2f3cd5b5-2bb4-4d7c-87a3-507bf85bec87,CUST-2019-CN-001159,桂芳,高,桂芳 高,Female,1950-07-06,user974.apple@gmail.com,18865122011,上海路h座,秀荣市,南宁县,305534,CN,China,GREATER_CHINA,Chinese,Consumer,None,2019-03-04,2019,RETURNING,False,MDM,2019-03-04,2026-04-17 15:58:36.668959
3e92e192-a101-4918-ab4b-c57d4f6a4a74,CUST-2020-CN-000207,建,孙,建 孙,Male,1969-01-08,user159.apple@live.com,18709559940,兰州街Y座,婷婷市,想县,468841,CN,China,GREATER_CHINA,Chinese,Consumer,None,2020-01-09,2020,RETURNING,True,MDM,2020-01-09 00:00:00,2026-04-17 15:58:36.668961
687b4066-4562-4d1c-bcf9-64f6bd245c24,CUST-2019-CN-000736,杰,韩,杰 韩,Female,1981-09-06,user429.apple353@icloud.com,18896519899,昆明街v座,鑫市,银川市,967873,CN,China,GREATER_CHINA,Chinese,Business,Silver,2019-06-01,2019,RETURNING,True,MDM,2019-06-01,2026-04-17 15:58:36.668965
3a698f5a-7558-45e3-af04-aaba9784fedd,CUST-2019-CN-001457,畅,夏,畅 夏,Male,1980-10-14,user768.apple256@live.com,13458250998,萧街h座,丽县,济南市,836499,CN,China,GREATER_CHINA,Chinese,Business,None,2019-01-22,2019,RETURNING,True,MDM,2019-01-22,2026-04-17 15:58:36.668967
a2c65e36-1250-4f05-ac1a-a6b3a3757c4c,CUST-2020-CN-000068,玲,温,玲 温,Female,1975-06-20,user365.apple@msn.com,13425750975,济南路o座,桂英县,合山县,118421,CN,China,GREATER_CHINA,Chinese,Consumer,None,2020-01-23,2020,RETURNING,True,MDM,2020-01-23 00:00:00,2026-04-17 15:58:36.668969
3aebd2f3-a750-44bf-8a88-43a14c7d0bb7,CUST-2019-CN-000930,倩,李,倩 李,Male,1993-02-04,user418.apple@gmail.com,13401763656,沈阳路P座,兴城市,林县,810560,CN,China,GREATER_CHINA,Chinese,Consumer,Platinum,2019-09-02,2019,RETURNING,True,MDM,2019-09-02,2026-04-17 15:58:36.668971
72fef442-1b94-4e61-b014-3920f3967780,CUST-2020-CN-000149,雪梅,袁,雪梅 袁,Female,1964-01-01,user388.apple560@hotmail.com,14787071839,范路V座,辽阳市,明县,158238,CN,China,GREATER_CHINA,Chinese,Consumer,Silver,2020-08-16,2020,RETURNING,True,MDM,2020-08-16 00:00:00,2026-04-17 15:58:36.668972
82e3384b-aea4-4351-8dc1-3321c37fdf11,CUST-2019-CN-001615,桂荣,金,桂荣 金,Male,1998-10-23,user484.apple@zoho.com,13205435544,上海路r座,婷婷县,辛集县,461671,CN,China,GREATER_CHINA,Chinese,Business,Silver,2019-08-03,2019,RETURNING,True,MDM,2019-08-03,2026-04-17 15:58:36.668974
ed56904d-a646-4143-a1c4-f49860e2b31c,CUST-2019-CN-001008,琴,李,琴 李,Female,1957-12-26,user649.apple269@msn.com,14564821125,惠州街S座,燕市,林市,429880,CN,China,GREATER_CHINA,Chinese,Consumer,Silver,2019-06-24,2019,RETURNING,True,MDM,2019-06-24,2026-04-17 15:58:36.668975
ea431a39-ce22-4243-90f4-5de9ef311bcc,CUST-2020-CN-000235,玉梅,文,玉梅 文,Female,1953-11-01,user883.apple@msn.com,13121784804,关岭街T座,玉梅县,马鞍山市,663709,CN,China,GREATER_CHINA,Chinese,Education,Silver,2020-03-16,2020,RETURNING,True,MDM,2020-03-16 00:00:00,2026-04-17 15:58:36.668977
3e26546e-52e0-4499-883b-82ba87ecb285,CUST-2019-CN-002013,秀兰,龙,秀兰 龙,Female,1969-05-31,user337.apple@gmx.com,13616338390,谢街P座,武汉县,璐市,778620,CN,China,GREATER_CHINA,Chinese,Consumer,Platinum,2019-09-20,2019,RETURNING,True,MDM,2019-09-20,2026-04-17 15:58:36.668978
04d0fab4-15c4-4167-a985-d032d0d834f1,CUST-2020-CN-000750,旭,刘,旭 刘,Male,2007-04-09,user129.apple@hotmail.com,18862799223,太原路F座,英市,昆明市,150172,CN,China,GREATER_CHINA,Chinese,Education,None,2020-07-02,2020,RETURNING,True,MDM,2020-07-02 00:00:00,2026-04-17 15:58:36.668980
7e8ac595-54f9-48ea-91cf-f7d1a08b4821,CUST-2019-CN-000870,红霞,陆,红霞 陆,Male,1994-12-11,user167.apple@live.com,15379487395,南京路X座,兰英县,健县,374566,CN,China,GREATER_CHINA,Chinese,Business,None,2019-09-22,2019,RETURNING,True,MDM,2019-09-22,2026-04-17 15:58:36.668982
ceeb6977-69ef-476d-818f-0db5d09dd34b,CUST-2019-CN-000387,娜,尹,娜 尹,Male,1970-11-16,user966.apple@aol.com,15185935502,广州街b座,凯县,大冶县,537166,CN,China,GREATER_CHINA,Chinese,Consumer,None,2019-11-25,2019,RETURNING,True,MDM,2019-11-25,2026-04-17 15:58:36.668984
43a0609c-7671-4e40-b1ee-a5405907a9b1,CUST-2019-CN-001323,淑珍,李,淑珍 李,Male,1990-01-04,user876.apple375@gmx.com,14591906671,严路b座,岩市,阳市,419181,CN,China,GREATER_CHINA,Chinese,Consumer,None,2019-05-05,2019,RETURNING,True,MDM,2019-05-05,2026-04-17 15:58:36.668985
ce7f989d-0ae0-4567-a50d-7dec2653dba2,CUST-2020-CN-000908,艳,常,艳 常,Male,1961-06-18,user978.apple@zoho.com,18061172567,董路H座,梧州县,玉梅县,953915,CN,China,GREATER_CHINA,Chinese,Consumer,Gold,2020-05-12,2020,RETURNING,True,MDM,2020-05-12 00:00:00,2026-04-17 15:58:36.668987
3c471b3b-c10d-4dd7-a78b-d10d9a372d3f,CUST-2019-CN-000311,淑兰,王,淑兰 王,Male,1965-03-22,user282.apple@live.com,13558137300,魏路n座,婷婷市,飞县,662909,CN,China,GREATER_CHINA,Chinese,Consumer,Silver,2019-12-07,2019,RETURNING,True,MDM,2019-12-07,2026-04-17 15:58:36.668988
370c7d80-0806-46cd-9370-5353d911ff52,CUST-2019-CN-001720,兰英,黄,兰英 黄,Male,1967-12-05,user175.apple615@hotmail.com,13055688775,马鞍山路n座,成都市,淑兰县,190410,CN,China,GREATER_CHINA,Chinese,Education,Silver,2019-02-25,2019,RETURNING,True,MDM,2019-02-25,2026-04-17 15:58:36.668990
9bbccc18-5c65-4792-bb52-745da5bed697,CUST-2019-CN-002637,丹丹,周,丹丹 周,Female,1990-06-24,user461.apple882@live.com,13812318124,卢路E座,欣市,兴城市,381151,CN,China,GREATER_CHINA,Chinese,Consumer,None,2019-04-18,2019,RETURNING,True,MDM,2019-04-18,2026-04-17 15:58:36.668992
03d2d472-ae20-429f-b762-bf12b85cc7c2,CUST-2020-CN-000010,秀云,郭,秀云 郭,Male,1972-02-05,user298.apple919@protonmail.com,13895419443,关岭街U座,秀荣县,长沙县,771491,CN,China,GREATER_CHINA,Chinese,Education,Platinum,2020-01-19,2020,RETURNING,True,MDM,2020-01-19 00:00:00,2026-04-17 15:58:36.668996
a193b381-f86a-4ce7-af51-e8b7023b0aa9,CUST-2020-CN-000015,勇,许,勇 许,Female,1990-11-24,user292.apple@icloud.com,15195148794,刘街l座,英县,辛集市,901312,CN,China,GREATER_CHINA,Chinese,Consumer,Silver,2020-09-22,2020,RETURNING,True,MDM,2020-09-22 00:00:00,2026-04-17 15:58:36.668997
626d7df3-d7e1-432a-b63e-118bcbfbf85f,CUST-2020-CN-000157,秀梅,徐,秀梅 徐,Male,1969-12-27,user800.apple@aol.com,15583171458,范路M座,西宁县,桂香县,245068,CN,China,GREATER_CHINA,Chinese,Consumer,Silver,2020-05-27,2020,RETURNING,True,MDM,2020-05-27 00:00:00,2026-04-17 15:58:36.668999
0ef2cf02-e821-41d2-a510-95081cb2203a,CUST-2020-CN-000441,慧,钟,慧 钟,Male,1973-04-04,user125.apple@icloud.com,15753376248,胡街M座,旭市,兰英市,260513,CN,China,GREATER_CHINA,Chinese,Consumer,None,2020-07-19,2020,RETURNING,True,MDM,2020-07-19 00:00:00,2026-04-17 15:58:36.669000
75a1dbfb-a45a-4dba-9aec-53914f230252,CUST-2019-CN-001505,凤兰,陈,凤兰 陈,Female,1973-07-11,user346.apple@yahoo.com,13094564825,罗路Y座,东县,淮安县,936205,CN,China,GREATER_CHINA,Chinese,Consumer,Gold,2019-11-12,2019,RETURNING,True,MDM,2019-11-12,2026-04-17 15:58:36.669002
4faba6fc-61ab-424e-bda0-60d11b31f334,CUST-2019-CN-000420,璐,翁,璐 翁,Female,1959-06-21,user399.apple@msn.com,18720913095,王路G座,艳市,莹县,665406,CN,China,GREATER_CHINA,Chinese,Consumer,None,2019-09-23,2019,RETURNING,True,MDM,2019-09-23,2026-04-17 15:58:36.669003
b6f39fac-e54e-429a-8865-8f89dc18ea58,CUST-2019-CN-001252,洁,郭,洁 郭,Male,1977-04-07,user138.apple526@icloud.com,13402035839,吴路Q座,沈阳县,大冶县,669459,CN,China,GREATER_CHINA,Chinese,Business,Gold,2019-11-12,2019,RETURNING,True,MDM,2019-11-12,2026-04-17 15:58:36.669005
63f1be9b-4a7e-4668-a8a4-411b889211d7,CUST-2019-CN-002311,颖,卓,颖 卓,Female,1984-07-27,user648.apple577@live.com,18859910452,陈街V座,深圳县,淮安市,551932,CN,China,GREATER_CHINA,Chinese,Consumer,Silver,2019-07-13,2019,RETURNING,True,MDM,2019-07-13,2026-04-17 15:58:36.669007
c488b63b-2761-4440-9ca0-2e30fee00b27,CUST-2020-CN-000188,雷,王,雷 王,Female,1977-05-14,user580.apple39@zoho.com,13126923757,刘街i座,坤县,海门市,595026,CN,China,GREATER_CHINA,Chinese,Education,Silver,2020-04-28,2020,RETURNING,True,MDM,2020-04-28 00:00:00,2026-04-17 15:58:36.669008
8178a967-2bbc-4a04-bc7d-751da002fff3,CUST-2020-CN-000348,想,赵,想 赵,Male,1983-04-12,user918.apple@gmail.com,13445081224,关岭街Z座,天津县,辛集县,151936,CN,China,GREATER_CHINA,Chinese,Consumer,Silver,2020-01-28,2020,RETURNING,True,MDM,2020-01-28 00:00:00,2026-04-17 15:58:36.669010
bafd2fe5-4895-4b53-a370-e771fb82ba35,CUST-2019-CN-000571,刚,杨,刚 杨,Female,2005-10-04,user220.apple844@live.com,18181777062,陈路z座,荆门县,南京市,838072,CN,China,GREATER_CHINA,Chinese,Consumer,None,2019-03-08,2019,RETURNING,True,MDM,2019-03-08,2026-04-17 15:58:36.669012
cf7f8da4-4d3e-438a-a702-da8a4d6077fa,CUST-2019-CN-001280,洁,宣,洁 宣,Male,1971-11-06,user146.apple@protonmail.com,13998420933,张路C座,巢湖市,海口县,872555,CN,China,GREATER_CHINA,Chinese,Education,None,2019-07-24,2019,RETURNING,True,MDM,2019-07-24,2026-04-17 15:58:36.669014
7e2a6c3e-e8ae-445f-90c8-72c5ec0388d9,CUST-2020-CN-000406,莉,孙,莉 孙,Female,1951-02-20,user530.apple448@outlook.com,14713166826,陈路A座,柳州市,沈阳县,936057,CN,China,GREATER_CHINA,Chinese,Consumer,Silver,2020-09-21,2020,RETURNING,True,MDM,2020-09-21 00:00:00,2026-04-17 15:58:36.669015
6cfef171-6f3e-44a2-8830-3269773f30b2,CUST-2019-CN-001814,亮,刘,亮 刘,Male,1983-09-18,user810.apple@msn.com,15726764060,唐街m座,杨市,利市,432173,CN,China,GREATER_CHINA,Chinese,Consumer,Platinum,2019-07-13,2019,RETURNING,True,MDM,2019-07-13,2026-04-17 15:58:36.669016
374aeecf-9332-4653-80c4-7bef0d376800,CUST-2019-CN-000989,娜,苏,娜 苏,Male,2000-03-15,user729.apple@outlook.com,13312589523,马鞍山路w座,辽阳县,秀英市,751674,CN,China,GREATER_CHINA,Chinese,Consumer,None,2019-03-20,2019,RETURNING,True,MDM,2019-03-20,2026-04-17 15:58:36.669018
1872a5ea-a4b1-458c-9e4e-fa0c584fe765,CUST-2019-CN-001862,小红,赵,小红 赵,Female,1980-03-28,user896.apple@msn.com,13513498854,东莞路E座,斌市,合肥县,212127,CN,China,GREATER_CHINA,Chinese,Consumer,None,2019-06-11,2019,RETURNING,True,MDM,2019-06-11,2026-04-17 15:58:36.669020
becb3b92-8f21-456f-918a-3924ceb08c57,CUST-2019-CN-000553,伟,杨,伟 杨,Female,1991-08-15,user308.apple725@icloud.com,14744862900,重庆街X座,成市,玉英市,534819,CN,China,GREATER_CHINA,Chinese,Consumer,Silver,2019-08-31,2019,RETURNING,True,MDM,2019-08-31,2026-04-17 15:58:36.669022
a5d4ee1f-114e-4333-ba34-d801021056fe,CUST-2019-CN-000136,秀梅,董,秀梅 董,Female,2002-03-12,user130.apple@gmx.com,15326040122,邹街O座,建国市,广州市,558230,CN,China,GREATER_CHINA,Chinese,Consumer,Platinum,2019-05-17,2019,RETURNING,True,MDM,2019-05-17,2026-04-17 15:58:36.669023
2dc75d73-61a8-4942-a3e0-d4e6bf39111b,CUST-2020-CN-000199,金凤,侯,金凤 侯,Female,1975-10-25,user362.apple@live.com,13162762659,重庆路H座,玉华县,宁德市,529045,CN,China,GREATER_CHINA,Chinese,Consumer,Gold,2020-07-14,2020,RETURNING,True,MDM,2020-07-14 00:00:00,2026-04-17 15:58:36.669025
31d1032f-5965-4371-8f24-496b031d5759,CUST-2020-CN-000746,超,隆,超 隆,Female,1985-06-12,user904.apple716@gmail.com,18046484891,李路c座,辉县,玉市,483227,CN,China,GREATER_CHINA,Chinese,Consumer,Platinum,2020-11-02,2020,RETURNING,True,MDM,2020-11-02 00:00:00,2026-04-17 15:58:36.669026
68be0c98-4187-4e41-9f67-70a7f29e9181,CUST-2019-CN-001572,芳,陈,芳 陈,Male,1966-06-01,user871.apple@icloud.com,13452251009,北镇路c座,玉华县,慧市,474960,CN,China,GREATER_CHINA,Chinese,Consumer,None,2019-06-18,2019,RETURNING,True,MDM,2019-06-18,2026-04-17 15:58:36.669028
0128e8ba-8f23-4d76-a2a6-8218e69c6818,CUST-2019-CN-002482,慧,苏,慧 苏,Female,2007-03-05,user348.apple@icloud.com,15146480858,东莞路m座,嘉禾市,慧县,832862,CN,China,GREATER_CHINA,Chinese,Consumer,Silver,2019-01-01,2019,RETURNING,True,MDM,2019-01-01,2026-04-17 15:58:36.669029
a9e525dd-499c-40a8-90dd-4023f62e8e8f,CUST-2019-CN-000286,荣,庞,荣 庞,Female,1961-08-18,user978.apple@yahoo.com,18225338625,张街Q座,强县,红市,838586,CN,China,GREATER_CHINA,Chinese,Consumer,None,2019-06-23,2019,RETURNING,True,MDM,2019-06-23,2026-04-17 15:58:36.669031
d70eeb3c-2815-4c44-8852-c901653710f8,CUST-2020-CN-000187,秀荣,张,秀荣 张,Female,1953-06-01,user335.apple@aol.com,15197483144,杭州路v座,成都市,沈阳县,121164,CN,China,GREATER_CHINA,Chinese,Consumer,None,2020-07-20,2020,RETURNING,True,MDM,2020-07-20 00:00:00,2026-04-17 15:58:36.669033
7fa60e5a-4e34-40d9-a4ae-f25bc866de8e,CUST-2019-CN-001595,淑英,吴,淑英 吴,Female,1952-06-03,user199.apple@hotmail.com,15724571125,六盘水路X座,石家庄县,澳门县,531981,CN,China,GREATER_CHINA,Chinese,Consumer,Silver,2019-02-10,2019,RETURNING,True,MDM,2019-02-10,2026-04-17 15:58:36.669034
b47dccc0-e294-4120-a7a4-ad4f7ef421ae,CUST-2019-CN-002126,帆,张,帆 张,Male,1957-06-11,user439.apple@aol.com,13998451395,福州路D座,海口市,畅县,117699,CN,China,GREATER_CHINA,Chinese,Consumer,None,2019-05-17,2019,RETURNING,True,MDM,2019-05-17,2026-04-17 15:58:36.669036
81b7c6c4-2a03-425c-a4ba-829e13ee46f2,CUST-2019-CN-000313,荣,杨,荣 杨,Female,1960-07-03,user168.apple480@mail.com,13651304862,合山街H座,洋县,石家庄市,734205,CN,China,GREATER_CHINA,Chinese,Consumer,None,2019-09-26,2019,RETURNING,True,MDM,2019-09-26,2026-04-17 15:58:36.669038
df4bf06f-606d-413e-a119-d4c1ea779af4,CUST-2019-CN-001398,畅,郭,畅 郭,Female,1970-03-18,user772.apple@gmail.com,15631533534,梁路w座,洁县,澳门市,729409,CN,China,GREATER_CHINA,Chinese,Consumer,None,2019-11-25,2019,RETURNING,True,MDM,2019-11-25,2026-04-17 15:58:36.669040
e75f8388-eda8-4670-b629-bf1a1b988125,CUST-2019-CN-002137,颖,卢,颖 卢,Female,2001-12-24,user361.apple@protonmail.com,14770442860,曹街J座,红梅市,澳门县,565506,CN,China,GREATER_CHINA,Chinese,Consumer,None,2019-02-27,2019,RETURNING,True,MDM,2019-02-27,2026-04-17 15:58:36.669043
fedc4714-e4f0-4bcb-a50a-90d8cd3f3857,CUST-2020-CN-000097,小红,邹,小红 邹,Female,1975-06-03,user637.apple980@zoho.com,18163933429,刘街t座,宇市,惠州县,187583,CN,China,GREATER_CHINA,Chinese,Consumer,Silver,2020-12-25,2020,RETURNING,True,MDM,2020-12-25 00:00:00,2026-04-17 15:58:36.669044
2d61270d-7a1f-4b09-bf8e-0ee77199a231,CUST-2020-CN-000394,丽华,曹,丽华 曹,Female,2008-04-07,user846.apple752@live.com,15342135224,大冶街o座,广州市,成都市,185931,CN,China,GREATER_CHINA,Chinese,Education,None,2020-05-10,2020,RETURNING,True,MDM,2020-05-10 00:00:00,2026-04-17 15:58:36.669046
c05bbb34-347f-4ee9-b1f6-570df02fa00f,CUST-2019-CN-002827,秀云,阎,秀云 阎,Male,1967-12-25,user633.apple617@aol.com,18199794573,韩路s座,建军市,沈阳县,282822,CN,China,GREATER_CHINA,Chinese,Consumer,Silver,2019-05-01,2019,RETURNING,True,MDM,2019-05-01,2026-04-17 15:58:36.669048
ea522e13-72e2-44f3-8b24-91d98d2512be,CUST-2019-CN-001461,欢,何,欢 何,Female,1963-05-13,user908.apple@gmx.com,15579836099,汤街A座,澳门市,大冶市,303882,CN,China,GREATER_CHINA,Chinese,Business,None,2019-04-03,2019,RETURNING,True,MDM,2019-04-03,2026-04-17 15:58:36.669050
d7fe5a6c-5b79-4439-a574-8df4e94a8c52,CUST-2020-CN-000575,燕,陈,燕 陈,Male,1979-01-16,user127.apple491@mail.com,15061645859,魏路V座,成县,宇县,248526,CN,China,GREATER_CHINA,Chinese,Consumer,None,2020-06-16,2020,RETURNING,True,MDM,2020-06-16 00:00:00,2026-04-17 15:58:36.669052
851bca46-2076-4c63-98f9-f3b6a8440426,CUST-2019-CN-000138,强,王,强 王,Male,1988-07-18,user194.apple@gmail.com,15550805347,罗路Y座,琴市,桂英县,958469,CN,China,GREATER_CHINA,Chinese,Business,None,2019-08-22,2019,RETURNING,False,MDM,2019-08-22,2026-04-17 15:58:36.669053
6287da46-de5e-40d4-9be9-664a3732f103,CUST-2019-CN-002034,飞,陈,飞 陈,Female,2008-03-11,user899.apple@outlook.com,13050325185,成都路C座,深圳市,嘉禾市,384213,CN,China,GREATER_CHINA,Chinese,Consumer,None,2019-06-18,2019,RETURNING,True,MDM,2019-06-18,2026-04-17 15:58:36.669055
aceaae19-5bc5-4fc4-bde6-5a4cdf08f312,CUST-2020-CN-000139,杨,李,杨 李,Male,1955-09-13,user397.apple401@hotmail.com,18054549754,合山路K座,淑珍县,海口市,448677,CN,China,GREATER_CHINA,Chinese,Consumer,None,2020-09-24,2020,RETURNING,True,MDM,2020-09-24 00:00:00,2026-04-17 15:58:36.669057
33337c12-c633-4cf4-b59b-b4872335a785,CUST-2019-CN-000178,建平,王,建平 王,Female,1987-08-30,user313.apple223@live.com,13502021922,周街X座,淑兰市,西宁市,974998,CN,China,GREATER_CHINA,Chinese,Consumer,Platinum,2019-02-24,2019,RETURNING,True,MDM,2019-02-24,2026-04-17 15:58:36.669061
69b8b47c-f54d-48e1-ae08-1cc05b3b5634,CUST-2019-CN-001134,晶,蔡,晶 蔡,Female,1996-09-30,user694.apple217@icloud.com,13841344492,潮州路g座,拉萨市,潮州市,481120,CN,China,GREATER_CHINA,Chinese,Consumer,None,2019-06-13,2019,RETURNING,True,MDM,2019-06-13,2026-04-17 15:58:36.669063
48343b2a-972d-40b8-9c4d-c497ab36996d,CUST-2019-CN-002071,红梅,李,红梅 李,Male,1957-09-19,user878.apple336@mail.com,18823297879,刘路b座,晶县,东市,274187,CN,China,GREATER_CHINA,Chinese,Consumer,Platinum,2019-07-04,2019,RETURNING,True,MDM,2019-07-04,2026-04-17 15:58:36.669065
520b5e71-5651-4566-a32d-826d99296fad,CUST-2019-CN-001654,涛,郑,涛 郑,Male,1977-09-13,user871.apple@protonmail.com,15323720362,长春路V座,乌鲁木齐市,六安县,168571,CN,China,GREATER_CHINA,Chinese,Consumer,Silver,2019-03-18,2019,RETURNING,True,MDM,2019-03-18,2026-04-17 15:58:36.669066
809a7afb-20e6-4192-87e0-2f8e3c7c6b2f,CUST-2020-CN-000291,梅,金,梅 金,Male,2000-08-13,user642.apple@outlook.com,13509473778,石家庄街F座,冬梅县,雪梅县,305898,CN,China,GREATER_CHINA,Chinese,Consumer,Silver,2020-12-21,2020,RETURNING,True,MDM,2020-12-21 00:00:00,2026-04-17 15:58:36.669068
2ea8a613-21da-4126-b824-e9d53a7f8030,CUST-2019-CN-001659,佳,陈,佳 陈,Male,1976-03-07,user874.apple@live.com,15950851783,乌鲁木齐路M座,永安县,潜江县,122969,CN,China,GREATER_CHINA,Chinese,Consumer,Gold,2019-09-15,2019,RETURNING,False,MDM,2019-09-15,2026-04-17 15:58:36.669069
d3fe7f43-6b6e-4c16-a680-3089da36c427,CUST-2020-CN-000107,帆,林,帆 林,Male,1961-12-22,user812.apple244@gmail.com,15396084634,长沙街b座,秀梅县,马鞍山市,810199,CN,China,GREATER_CHINA,Chinese,Consumer,Gold,2020-03-02,2020,RETURNING,True,MDM,2020-03-02 00:00:00,2026-04-17 15:58:36.669071
49ae3a84-76e3-4d70-8bae-fba22c2c9057,CUST-2019-CN-002914,晨,魏,晨 魏,Male,1974-12-22,user590.apple@hotmail.com,13238199561,彭路C座,六盘水市,太原县,668801,CN,China,GREATER_CHINA,Chinese,Consumer,Silver,2019-12-03,2019,RETURNING,True,MDM,2019-12-03,2026-04-17 15:58:36.669072
3d3d0552-a122-4d03-83e3-1006741d06b0,CUST-2020-CN-000334,小红,杨,小红 杨,Male,1955-10-21,user436.apple@aol.com,15903158451,贺路O座,长沙县,潜江县,788762,CN,China,GREATER_CHINA,Chinese,Consumer,Silver,2020-10-08,2020,RETURNING,True,MDM,2020-10-08 00:00:00,2026-04-17 15:58:36.669074
1f8670fd-0ef0-4ab4-923a-86339b805394,CUST-2019-CN-000889,娟,胡,娟 胡,Female,1990-03-06,user726.apple493@gmx.com,15848474332,左路I座,建平市,红霞县,795359,CN,China,GREATER_CHINA,Chinese,Business,Platinum,2019-09-13,2019,RETURNING,True,MDM,2019-09-13,2026-04-17 15:58:36.669080
8bd17c33-2baf-4f3f-97a0-c00b3526a8f1,CUST-2019-CN-000319,娜,张,娜 张,Male,1961-10-27,user655.apple@outlook.com,13475805388,潘路T座,嘉禾市,深圳市,890317,CN,China,GREATER_CHINA,Chinese,Consumer,Gold,2019-06-21,2019,RETURNING,True,MDM,2019-06-21,2026-04-17 15:58:36.669081
5c5ae517-9143-4876-8adf-212569947d0f,CUST-2020-CN-001001,桂香,冯,桂香 冯,Male,1993-09-14,user379.apple@protonmail.com,15962039864,柳街Y座,杭州市,秀英市,559322,CN,China,GREATER_CHINA,Chinese,Consumer,None,2020-04-29,2020,RETURNING,True,MDM,2020-04-29 00:00:00,2026-04-17 15:58:36.669083
bbc33654-7120-4887-b1be-6e7a79e65002,CUST-2019-CN-000258,柳,韩,柳 韩,Male,1967-02-02,user106.apple@hotmail.com,18293640120,李街M座,汕尾市,东莞市,828566,CN,China,GREATER_CHINA,Chinese,Consumer,Silver,2019-09-25,2019,RETURNING,True,MDM,2019-09-25,2026-04-17 15:58:36.669085
16ac5040-04b7-4254-9d1b-f384cf12be5b,CUST-2020-CN-000937,欢,朱,欢 朱,Female,1971-10-13,user643.apple@icloud.com,15258407797,曾路R座,南宁县,俊县,515267,CN,China,GREATER_CHINA,Chinese,Consumer,None,2020-04-13,2020,RETURNING,True,MDM,2020-04-13 00:00:00,2026-04-17 15:58:36.669087
9a5cc8a1-06f4-4010-9511-edff00ba8981,CUST-2019-CN-002544,金凤,沈,金凤 沈,Female,1973-04-13,user345.apple439@hotmail.com,15901741718,东莞街e座,佛山县,倩市,716601,CN,China,GREATER_CHINA,Chinese,Consumer,None,2019-04-07,2019,RETURNING,True,MDM,2019-04-07,2026-04-17 15:58:36.669089
2ce4b301-6ef6-41e8-b703-405dc887d628,CUST-2019-CN-000753,小红,张,小红 张,Male,1982-09-21,user995.apple@icloud.com,18910040867,深圳街P座,婷婷市,红霞市,115034,CN,China,GREATER_CHINA,Chinese,Consumer,Gold,2019-04-02,2019,RETURNING,True,MDM,2019-04-02,2026-04-17 15:58:36.669091
c0d4f400-c722-4acd-a604-0381d6c00184,CUST-2019-CN-002319,娟,魏,娟 魏,Male,1970-03-28,user154.apple293@zoho.com,13510216552,辛集街f座,艳市,宇县,727748,CN,China,GREATER_CHINA,Chinese,Business,None,2019-02-11,2019,RETURNING,True,MDM,2019-02-11,2026-04-17 15:58:36.669093
4338c6ca-6795-4d30-9a63-b057999b0724,CUST-2020-CN-000772,桂香,熊,桂香 熊,Male,1951-01-16,user568.apple543@gmx.com,14515210739,荆门街H座,成都县,南京市,752915,CN,China,GREATER_CHINA,Chinese,Consumer,None,2020-09-09,2020,RETURNING,True,MDM,2020-09-09 00:00:00,2026-04-17 15:58:36.669097
a48902fb-928d-4b1b-a48a-86d4b90ea317,CUST-2019-CN-002600,畅,黄,畅 黄,Male,1999-09-17,user108.apple@gmx.com,13597335205,范路z座,六安县,合山市,228097,CN,China,GREATER_CHINA,Chinese,Consumer,Gold,2019-12-22,2019,RETURNING,True,MDM,2019-12-22,2026-04-17 15:58:36.669098
647e0cba-dac4-4284-a6d4-24b8524c00a0,CUST-2019-CN-000473,英,魏,英 魏,Female,1990-12-19,user423.apple986@protonmail.com,14549315782,管路K座,长春市,博县,122870,CN,China,GREATER_CHINA,Chinese,Consumer,None,2019-07-11,2019,RETURNING,True,MDM,2019-07-11,2026-04-17 15:58:36.669100
0ab98742-a4cb-431c-83cd-86476f9b5dd5,CUST-2020-CN-000201,鑫,田,鑫 田,Female,1956-07-22,user648.apple@protonmail.com,18977563592,六安街l座,佳市,哈尔滨县,776735,CN,China,GREATER_CHINA,Chinese,Consumer,None,2020-06-20,2020,RETURNING,True,MDM,2020-06-20 00:00:00,2026-04-17 15:58:36.669102
6823421e-41b7-4c85-9edb-3511605b3429,CUST-2019-CN-002075,瑜,梁,瑜 梁,Male,1988-04-20,user483.apple@hotmail.com,18505358495,哈尔滨街u座,西宁县,张家港县,805688,CN,China,GREATER_CHINA,Chinese,Consumer,Gold,2019-08-16,2019,RETURNING,True,MDM,2019-08-16,2026-04-17 15:58:36.669104
8c1d834a-3cfc-4294-ba40-008c4d63eff2,CUST-2019-CN-000173,阳,黄,阳 黄,Male,1958-01-22,user669.apple@protonmail.com,13973022218,六安街Y座,六盘水市,海门县,370547,CN,China,GREATER_CHINA,Chinese,Consumer,Gold,2019-11-28,2019,RETURNING,True,MDM,2019-11-28,2026-04-17 15:58:36.669105
39203e41-196d-4be8-820d-501e38dbd511,CUST-2019-CN-001352,楠,陈,楠 陈,Female,1971-04-23,user946.apple@outlook.com,13625497312,黄街W座,梧州县,沈阳市,381863,CN,China,GREATER_CHINA,Chinese,Business,Platinum,2019-12-04,2019,RETURNING,True,MDM,2019-12-04,2026-04-17 15:58:36.669107
43930719-5243-4db3-9408-ff3e87b365bb,CUST-2019-CN-000284,秀荣,王,秀荣 王,Female,1980-09-04,user666.apple@live.com,15098545383,银川路T座,哈尔滨市,亮县,966307,CN,China,GREATER_CHINA,Chinese,Consumer,None,2019-07-21,2019,RETURNING,True,MDM,2019-07-21,2026-04-17 15:58:36.669109
bb336aa1-1279-4cf4-8fde-cb65781b5506,CUST-2019-CN-000405,桂香,孙,桂香 孙,Male,1960-01-24,user624.apple765@live.com,15533476698,汤街D座,呼和浩特市,红霞市,351778,CN,China,GREATER_CHINA,Chinese,Consumer,Silver,2019-12-18,2019,RETURNING,True,MDM,2019-12-18,2026-04-17 15:58:36.669110
60db5081-4b26-428a-b48b-a18f669b6ee5,CUST-2019-CN-002876,飞,罗,飞 罗,Female,1984-12-22,user669.apple@gmail.com,18009687472,郑路J座,哈尔滨市,荣市,357505,CN,China,GREATER_CHINA,Chinese,Consumer,None,2019-12-19,2019,RETURNING,True,MDM,2019-12-19,2026-04-17 15:58:36.669112
4c9cb4fd-9329-4d80-a2df-f792c30732e3,CUST-2019-CN-001982,丽,朱,丽 朱,Male,2001-02-21,user724.apple@mail.com,18033836701,齐齐哈尔路B座,上海市,浩市,523361,CN,China,GREATER_CHINA,Chinese,Consumer,Silver,2019-06-10,2019,RETURNING,True,MDM,2019-06-10,2026-04-17 15:58:36.669114
f7c199d4-452e-4187-b91d-9c270a086d80,CUST-2019-CN-000114,辉,叶,辉 叶,Female,1984-08-21,user726.apple636@outlook.com,13292791287,邬路k座,萍县,晶市,161855,CN,China,GREATER_CHINA,Chinese,Consumer,Silver,2019-01-15,2019,RETURNING,False,MDM,2019-01-15,2026-04-17 15:58:36.669115
ffead603-c685-4c39-8743-805778ea051b,CUST-2019-CN-000100,建华,欧阳,建华 欧阳,Female,1959-05-09,user387.apple23@aol.com,15168822745,王路I座,台北县,海门县,925158,CN,China,GREATER_CHINA,Chinese,Education,None,2019-10-22,2019,RETURNING,True,MDM,2019-10-22,2026-04-17 15:58:36.669117
4a779887-9edf-4f51-9c76-73b1a6ba72ad,CUST-2020-CN-001059,云,孙,云 孙,Female,1972-08-14,user828.apple@outlook.com,15088873360,农路V座,军市,雪县,913382,CN,China,GREATER_CHINA,Chinese,Education,Silver,2020-12-13,2020,RETURNING,True,MDM,2020-12-13 00:00:00,2026-04-17 15:58:36.669119
a9a5b950-cbae-429b-ab99-64f28f9def08,CUST-2019-CN-000875,飞,赵,飞 赵,Male,1967-07-17,user499.apple737@msn.com,15111377744,通辽街D座,华市,太原县,435506,CN,China,GREATER_CHINA,Chinese,Consumer,Platinum,2019-10-06,2019,RETURNING,True,MDM,2019-10-06,2026-04-17 15:58:36.669121
eae7c434-0d71-4061-bb69-0720c8e9a433,CUST-2020-CN-000601,建华,张,建华 张,Female,1995-03-24,user508.apple27@zoho.com,13154980098,谢路W座,敏县,六安县,366773,CN,China,GREATER_CHINA,Chinese,Consumer,None,2020-02-23,2020,RETURNING,True,MDM,2020-02-23 00:00:00,2026-04-17 15:58:36.669122
7e48baa4-e58c-4d33-a426-d76dc7e95641,CUST-2020-CN-000531,磊,李,磊 李,Male,2007-07-07,user822.apple@aol.com,15147023297,嘉禾街X座,哈尔滨市,欢县,219323,CN,China,GREATER_CHINA,Chinese,Consumer,Silver,2020-02-20,2020,RETURNING,True,MDM,2020-02-20 00:00:00,2026-04-17 15:58:36.669124
9ad0438a-61d6-4fc7-b32a-b3465e3b8f76,CUST-2019-CN-002774,小红,陈,小红 陈,Female,1987-02-01,user661.apple162@hotmail.com,13550115070,谭路i座,红梅县,济南县,203520,CN,China,GREATER_CHINA,Chinese,Consumer,Platinum,2019-01-08,2019,RETURNING,True,MDM,2019-01-08,2026-04-17 15:58:36.669126
f4efa1cd-6bf5-41c5-b4b6-16df45bf4270,CUST-2019-CN-002176,慧,朱,慧 朱,Male,2003-02-13,user762.apple@icloud.com,15790416770,北镇街R座,敏县,石家庄县,275818,CN,China,GREATER_CHINA,Chinese,Business,None,2019-11-04,2019,RETURNING,True,MDM,2019-11-04,2026-04-17 15:58:36.669128
977d36dd-61c8-4c67-b43d-ba7f863b0753,CUST-2020-CN-000538,凤英,陈,凤英 陈,Male,1990-11-05,user466.apple@live.com,15037167331,徐街H座,兵市,福州县,493061,CN,China,GREATER_CHINA,Chinese,Education,Platinum,2020-12-18,2020,RETURNING,True,MDM,2020-12-18 00:00:00,2026-04-17 15:58:36.669129
8621e63b-611c-46e4-9af3-3a4d2c2fb674,CUST-2019-CN-000197,淑英,张,淑英 张,Male,1963-05-22,user720.apple@outlook.com,18625611801,陈街T座,香港市,凯市,548720,CN,China,GREATER_CHINA,Chinese,Business,None,2019-11-15,2019,RETURNING,True,MDM,2019-11-15,2026-04-17 15:58:36.669131
b19aeae6-5979-43f8-bc22-0c4d4e627428,CUST-2019-CN-000924,冬梅,寇,冬梅 寇,Female,1968-05-25,user534.apple516@protonmail.com,15059648493,田路S座,邯郸市,玉梅市,921670,CN,China,GREATER_CHINA,Chinese,Consumer,Gold,2019-09-18,2019,RETURNING,True,MDM,2019-09-18,2026-04-17 15:58:36.669133
ff024c1a-1206-4a1f-945e-8fd3a85870f0,CUST-2019-CN-000995,军,李,军 李,Female,1982-04-02,user672.apple440@aol.com,15083092522,周街T座,淑英县,凤兰市,867150,CN,China,GREATER_CHINA,Chinese,Consumer,None,2019-02-12,2019,RETURNING,True,MDM,2019-02-12,2026-04-17 15:58:36.669135
73172a1a-5faf-4ba9-8f28-f41850085afd,CUST-2019-CN-000328,芳,韩,芳 韩,Male,2004-07-02,user756.apple@zoho.com,13648808036,邯郸街V座,凤英市,玉梅市,923786,CN,China,GREATER_CHINA,Chinese,Business,Silver,2019-04-11,2019,RETURNING,True,MDM,2019-04-11,2026-04-17 15:58:36.669136
85edf356-08a7-4650-ba9b-3b368566fd57,CUST-2020-CN-000599,鹏,范,鹏 范,Male,1975-11-07,user882.apple102@icloud.com,18681446306,曹路G座,梅市,西安市,184596,CN,China,GREATER_CHINA,Chinese,Consumer,Silver,2020-02-21,2020,RETURNING,True,MDM,2020-02-21 00:00:00,2026-04-17 15:58:36.669138
0c33848e-b00d-4e05-9004-19081594e50c,CUST-2020-CN-000854,瑜,楚,瑜 楚,Female,1968-05-16,user502.apple384@mail.com,13316598895,福州街I座,琳县,兰州县,466954,CN,China,GREATER_CHINA,Chinese,Consumer,Platinum,2020-09-15,2020,RETURNING,True,MDM,2020-09-15 00:00:00,2026-04-17 15:58:36.669139
82ff2326-8bb4-49a2-b92a-62a7bbf0e429,CUST-2020-CN-000442,俊,张,俊 张,Female,1996-07-06,user819.apple@live.com,15248969672,孔街t座,宜都市,玉兰县,655661,CN,China,GREATER_CHINA,Chinese,Consumer,Platinum,2020-12-13,2020,RETURNING,True,MDM,2020-12-13 00:00:00,2026-04-17 15:58:36.669141
a3cd3dc2-e143-475e-94ca-e9a909ca940d,CUST-2020-CN-000353,春梅,王,春梅 王,Female,1993-04-15,user458.apple@zoho.com,13445835847,邱路R座,磊县,石家庄市,684963,CN,China,GREATER_CHINA,Chinese,Consumer,Gold,2020-12-05,2020,RETURNING,True,MDM,2020-12-05 00:00:00,2026-04-17 15:58:36.669142
bb1d22e4-3494-4b7f-8b17-33034af1f917,CUST-2019-CN-001357,凯,李,凯 李,Female,1950-06-26,user448.apple@aol.com,14782684171,张家港街k座,飞县,兵县,119605,CN,China,GREATER_CHINA,Chinese,Consumer,None,2019-12-01,2019,RETURNING,True,MDM,2019-12-01,2026-04-17 15:58:36.669144
faa32f8d-2fd2-436e-9d07-df2db1877055,CUST-2019-CN-001275,秀荣,王,秀荣 王,Male,1988-01-21,user392.apple934@mail.com,14731877603,合肥路J座,静县,香港市,210566,CN,China,GREATER_CHINA,Chinese,Consumer,Silver,2019-07-27,2019,RETURNING,True,MDM,2019-07-27,2026-04-17 15:58:36.669146
4cc934d3-80cc-40a6-a63f-ca0f71c417b5,CUST-2019-CN-002341,志强,常,志强 常,Male,1999-04-30,user187.apple@gmx.com,13165393790,沈路G座,娟市,天津县,956069,CN,China,GREATER_CHINA,Chinese,Consumer,Silver,2019-03-10,2019,RETURNING,True,MDM,2019-03-10,2026-04-17 15:58:36.669147
ba949211-424d-4c2e-bf7d-0b2430891511,CUST-2020-CN-000231,春梅,黄,春梅 黄,Male,1984-04-24,user503.apple@hotmail.com,13971414880,洪街X座,涛县,岩县,466692,CN,China,GREATER_CHINA,Chinese,Consumer,Platinum,2020-03-17,2020,RETURNING,True,MDM,2020-03-17 00:00:00,2026-04-17 15:58:36.669149
dae3c0e5-9d19-43b2-a101-ac25a3e142a4,CUST-2019-CN-001518,桂香,王,桂香 王,Female,1953-08-30,user766.apple@protonmail.com,15053321635,陈街u座,石家庄市,惠州市,819174,CN,China,GREATER_CHINA,Chinese,Consumer,None,2019-02-11,2019,RETURNING,True,MDM,2019-02-11,2026-04-17 15:58:36.669151
778462aa-5af3-45ad-a95d-3e3b2ca517e0,CUST-2020-CN-000159,莉,唐,莉 唐,Male,1950-07-04,user515.apple656@msn.com,18179313071,宋路B座,斌县,淮安县,713874,CN,China,GREATER_CHINA,Chinese,Consumer,Platinum,2020-01-25,2020,RETURNING,True,MDM,2020-01-25 00:00:00,2026-04-17 15:58:36.669152
c5be53b5-53f9-4ed6-b920-de92b824ce94,CUST-2020-CN-000055,荣,张,荣 张,Female,1954-07-14,user628.apple@zoho.com,13488524083,通辽路O座,澳门县,杭州县,353089,CN,China,GREATER_CHINA,Chinese,Consumer,Gold,2020-09-08,2020,RETURNING,True,MDM,2020-09-08 00:00:00,2026-04-17 15:58:36.669154
9da914dd-2659-4820-bdb0-4e848c27cce1,CUST-2019-CN-001600,超,柳,超 柳,Female,2005-02-10,user832.apple@aol.com,18124868918,西安街E座,济南县,桂荣县,385250,CN,China,GREATER_CHINA,Chinese,Consumer,None,2019-01-30,2019,RETURNING,True,MDM,2019-01-30,2026-04-17 15:58:36.669155
80a06cf1-5241-406b-bb1a-e7ac7f5c8c2d,CUST-2019-CN-000881,雷,程,雷 程,Male,1952-07-07,user176.apple@mail.com,15862610309,刘路P座,大冶县,六盘水县,307875,CN,China,GREATER_CHINA,Chinese,Business,Platinum,2019-06-16,2019,RETURNING,False,MDM,2019-06-16,2026-04-17 15:58:36.669157
bd7fd3b4-dfec-4736-83cc-0f44aea305ba,CUST-2020-CN-000118,晶,唐,晶 唐,Female,2006-05-30,user412.apple@live.com,13848921775,香港路X座,想市,东市,101964,CN,China,GREATER_CHINA,Chinese,Consumer,Silver,2020-04-24,2020,RETURNING,True,MDM,2020-04-24 00:00:00,2026-04-17 15:58:36.669159
38e6b9d4-686e-46bd-9ba6-100ab7bda69d,CUST-2019-CN-002011,建国,杨,建国 杨,Female,1963-03-21,user655.apple752@gmail.com,15754055114,武汉街K座,小红市,武汉市,909879,CN,China,GREATER_CHINA,Chinese,Consumer,None,2019-05-15,2019,RETURNING,True,MDM,2019-05-15,2026-04-17 15:58:36.669164
aeeabc2a-e21a-441c-bb0c-9d61ba27c47f,CUST-2019-CN-002159,华,王,华 王,Female,1992-02-22,user112.apple881@mail.com,13150180637,永安街J座,太原县,哈尔滨市,547781,CN,China,GREATER_CHINA,Chinese,Consumer,Gold,2019-07-29,2019,RETURNING,True,MDM,2019-07-29,2026-04-17 15:58:36.669165
302ea1c0-070a-4423-af8a-041135a0e76e,CUST-2019-CN-001884,佳,陈,佳 陈,Female,1995-02-05,user595.apple@gmx.com,15980035667,曹街j座,重庆县,南昌市,547621,CN,China,GREATER_CHINA,Chinese,Consumer,None,2019-09-17,2019,RETURNING,True,MDM,2019-09-17,2026-04-17 15:58:36.669167
f7bab0dc-626d-4ec9-9918-c046694364ed,CUST-2020-CN-000735,秀珍,张,秀珍 张,Male,2002-12-12,user809.apple747@zoho.com,18689105228,拉萨路c座,昆明县,东莞市,505400,CN,China,GREATER_CHINA,Chinese,Consumer,None,2020-12-14,2020,RETURNING,True,MDM,2020-12-14 00:00:00,2026-04-17 15:58:36.669169
e5e8268e-1966-4f4e-8091-0b536939b3fe,CUST-2019-CN-002449,秀云,李,秀云 李,Male,1970-06-26,user354.apple@live.com,18113526921,昆明路s座,潜江县,广州县,244350,CN,China,GREATER_CHINA,Chinese,Education,None,2019-10-07,2019,RETURNING,True,MDM,2019-10-07,2026-04-17 15:58:36.669171
59642ec5-8675-499f-997f-8dcfdc4765d2,CUST-2019-CN-000495,瑞,徐,瑞 徐,Female,2004-09-19,user473.apple@gmx.com,14597958911,南昌街F座,凤兰县,太原市,467495,CN,China,GREATER_CHINA,Chinese,Business,Silver,2019-11-27,2019,RETURNING,True,MDM,2019-11-27,2026-04-17 15:58:36.669173
8c8bc848-bea2-47ca-8082-6e6d41bf1dd7,CUST-2020-CN-000293,欣,刘,欣 刘,Male,1971-04-29,user574.apple@live.com,15319645141,刘路W座,合山县,瑜市,934098,CN,China,GREATER_CHINA,Chinese,Consumer,None,2020-11-11,2020,RETURNING,True,MDM,2020-11-11 00:00:00,2026-04-17 15:58:36.669175
306fded7-7eae-4ca3-bf5f-9cb973f5aea8,CUST-2020-CN-000088,鑫,黄,鑫 黄,Female,1956-12-16,user364.apple@gmail.com,18925859063,济南街w座,南昌市,婷市,703007,CN,China,GREATER_CHINA,Chinese,Consumer,None,2020-11-28,2020,RETURNING,True,MDM,2020-11-28 00:00:00,2026-04-17 15:58:36.669176
dfb3298a-5d13-4a70-a2f1-dd6512d6c287,CUST-2019-CN-002829,红霞,杨,红霞 杨,Male,1996-12-06,user495.apple837@mail.com,18536095709,谭街B座,林县,阜新县,669131,CN,China,GREATER_CHINA,Chinese,Consumer,Silver,2019-04-30,2019,RETURNING,True,MDM,2019-04-30,2026-04-17 15:58:36.669178
a6b7cc3e-813c-40ef-963f-3e8330a99686,CUST-2019-CN-001455,桂荣,林,桂荣 林,Male,1962-08-29,user924.apple597@yahoo.com,13906058001,佛山街d座,鹏市,雷县,892271,CN,China,GREATER_CHINA,Chinese,Consumer,Silver,2019-01-08,2019,RETURNING,True,MDM,2019-01-08,2026-04-17 15:58:36.669180
9c649283-abf1-4054-835c-b7c4403a1b4b,CUST-2020-CN-000533,波,邓,波 邓,Female,1972-03-19,user712.apple@live.com,14587172398,梁街g座,红梅市,兴安盟市,938737,CN,China,GREATER_CHINA,Chinese,Consumer,Silver,2020-06-20,2020,RETURNING,True,MDM,2020-06-20 00:00:00,2026-04-17 15:58:36.669181
92e368f9-b6ec-4d9e-b3ba-980470a6a882,CUST-2019-CN-002381,华,冯,华 冯,Female,1967-04-25,user625.apple@protonmail.com,18602945051,秦街i座,永安市,丹市,853689,CN,China,GREATER_CHINA,Chinese,Consumer,Gold,2019-01-17,2019,RETURNING,True,MDM,2019-01-17,2026-04-17 15:58:36.669183
b32a4a84-6f67-4b39-8646-f98f46e6d675,CUST-2019-CN-000969,建平,何,建平 何,Female,1976-02-15,user126.apple@protonmail.com,13325883266,长春街j座,桂芝县,婷市,799835,CN,China,GREATER_CHINA,Chinese,Consumer,None,2019-08-26,2019,RETURNING,True,MDM,2019-08-26,2026-04-17 15:58:36.669187
86bd78b6-1bd4-444e-9fd4-7172aadabe55,CUST-2020-CN-000216,明,高,明 高,Female,1983-07-18,user540.apple778@live.com,13021752895,陈街G座,长沙市,晶县,926826,CN,China,GREATER_CHINA,Chinese,Consumer,None,2020-12-12,2020,RETURNING,False,MDM,2020-12-12 00:00:00,2026-04-17 15:58:36.669189
995c4ede-20b8-45bc-b898-c96923f70e6e,CUST-2019-CN-001504,淑华,柴,淑华 柴,Female,1963-12-07,user382.apple340@gmx.com,13821720261,潘路o座,秀英市,潮州县,982220,CN,China,GREATER_CHINA,Chinese,Consumer,None,2019-04-27,2019,RETURNING,True,MDM,2019-04-27,2026-04-17 15:58:36.669191
6d6375c9-af6a-4e39-beb5-93b2008a099c,CUST-2020-CN-000142,琳,刘,琳 刘,Female,1997-01-11,user165.apple472@aol.com,15554300120,陆街h座,东市,颖市,641657,CN,China,GREATER_CHINA,Chinese,Consumer,None,2020-11-07,2020,RETURNING,True,MDM,2020-11-07 00:00:00,2026-04-17 15:58:36.669193
e509e204-bf71-4bca-856c-5404e03b30d2,CUST-2019-CN-000426,丽,张,丽 张,Male,2004-10-30,user474.apple@aol.com,13579761200,薛路Z座,嘉禾县,郑州市,558620,CN,China,GREATER_CHINA,Chinese,Consumer,None,2019-05-10,2019,RETURNING,True,MDM,2019-05-10,2026-04-17 15:58:36.669195
f34fe33b-efb6-4575-9f97-93e04a457041,CUST-2019-CN-000806,小红,陈,小红 陈,Female,1960-09-03,user653.apple@icloud.com,18624689246,王街h座,梅县,汕尾县,486256,CN,China,GREATER_CHINA,Chinese,Consumer,Silver,2019-10-06,2019,RETURNING,True,MDM,2019-10-06,2026-04-17 15:58:36.669196
c18f39f7-26d6-4f76-ab00-b6a1c93db400,CUST-2019-CN-001047,飞,李,飞 李,Male,1993-12-16,user220.apple@live.com,18723670864,重庆路k座,荆门县,惠州市,378048,CN,China,GREATER_CHINA,Chinese,Consumer,None,2019-11-27,2019,RETURNING,True,MDM,2019-11-27,2026-04-17 15:58:36.669198
841e5b1e-60b3-4f68-ae96-2148719bc939,CUST-2019-CN-001347,利,朱,利 朱,Female,1970-03-10,user901.apple@protonmail.com,13851539040,李路l座,建平县,银川县,571680,CN,China,GREATER_CHINA,Chinese,Consumer,None,2019-04-27,2019,RETURNING,True,MDM,2019-04-27,2026-04-17 15:58:36.669200
922ae84e-d910-4b73-9375-47cda863a7ad,CUST-2020-CN-000507,刚,陈,刚 陈,Female,2007-09-18,user913.apple@mail.com,15242791534,阜新路d座,杰市,彬市,259321,CN,China,GREATER_CHINA,Chinese,Business,Gold,2020-05-31,2020,RETURNING,True,MDM,2020-05-31 00:00:00,2026-04-17 15:58:36.669202
317fc2a2-d836-4a22-bf1b-6657711a0ac5,CUST-2019-CN-002765,桂英,李,桂英 李,Female,1958-04-19,user530.apple@gmx.com,18132622315,苏街c座,南宁市,海燕市,287391,CN,China,GREATER_CHINA,Chinese,Consumer,None,2019-03-24,2019,RETURNING,True,MDM,2019-03-24,2026-04-17 15:58:36.669203
00541340-328f-4db2-bb51-bb461cd74522,CUST-2020-CN-000333,斌,谭,斌 谭,Female,1994-11-30,user924.apple@msn.com,13159935062,邯郸街n座,荆门市,沈阳市,496685,CN,China,GREATER_CHINA,Chinese,Consumer,Platinum,2020-07-05,2020,RETURNING,True,MDM,2020-07-05 00:00:00,2026-04-17 15:58:36.669205
59e55175-2ad1-4dad-9d0e-6f9e01a836fb,CUST-2019-CN-000810,丹,王,丹 王,Female,2000-03-25,user428.apple300@yahoo.com,18619887302,王街M座,济南县,桂芝市,342817,CN,China,GREATER_CHINA,Chinese,Consumer,None,2019-01-26,2019,RETURNING,True,MDM,2019-01-26,2026-04-17 15:58:36.669207
fbfab1b6-6cd5-4c43-8418-e062631a62a2,CUST-2020-CN-000104,志强,吴,志强 吴,Male,1968-05-11,user887.apple534@yahoo.com,18732394285,沈阳街x座,春梅市,兴城市,888846,CN,China,GREATER_CHINA,Chinese,Consumer,Silver,2020-11-12,2020,RETURNING,True,MDM,2020-11-12 00:00:00,2026-04-17 15:58:36.669209
b05b6c4e-aefb-403f-9de5-87d820dc7722,CUST-2019-CN-000942,帅,李,帅 李,Female,1970-03-18,user279.apple428@zoho.com,15292295809,王路O座,杭州县,杰县,413363,CN,China,GREATER_CHINA,Chinese,Consumer,None,2019-02-24,2019,RETURNING,True,MDM,2019-02-24,2026-04-17 15:58:36.669211
77eccfa2-bdf8-4923-8429-a1bf43f8d9db,CUST-2019-CN-002727,欢,方,欢 方,Male,1964-12-09,user484.apple575@msn.com,13039463561,朱路Z座,建平市,婷县,697212,CN,China,GREATER_CHINA,Chinese,Education,Platinum,2019-11-09,2019,RETURNING,True,MDM,2019-11-09,2026-04-17 15:58:36.669212
557c8100-f76d-45ab-a2c4-1e2cb5c977e1,CUST-2019-CN-000600,涛,张,涛 张,Female,1950-04-25,user277.apple@gmail.com,13281632971,汕尾街e座,建华县,西安县,422492,CN,China,GREATER_CHINA,Chinese,Business,None,2019-08-28,2019,RETURNING,True,MDM,2019-08-28,2026-04-17 15:58:36.669218
46287e6a-59cd-4423-9bfe-c6e7c3f7eca6,CUST-2019-CN-000399,玲,刘,玲 刘,Male,1965-02-09,user938.apple@zoho.com,13187477872,关岭街U座,晨县,天津县,986898,CN,China,GREATER_CHINA,Chinese,Consumer,None,2019-08-28,2019,RETURNING,True,MDM,2019-08-28,2026-04-17 15:58:36.669220
dde593b4-a577-42cf-8ef5-7807e246b5a3,CUST-2019-CN-002228,丹,王,丹 王,Female,1981-11-18,user691.apple934@outlook.com,15713161979,潮州路R座,西宁市,桂珍县,187682,CN,China,GREATER_CHINA,Chinese,Consumer,Silver,2019-04-14,2019,RETURNING,True,MDM,2019-04-14,2026-04-17 15:58:36.669222
32d92748-903c-4c16-9f12-e09aed3c2ce3,CUST-2019-CN-001421,超,张,超 张,Female,1951-07-05,user481.apple922@zoho.com,15964088163,太原路F座,北镇市,强县,428670,CN,China,GREATER_CHINA,Chinese,Consumer,Gold,2019-07-28,2019,RETURNING,True,MDM,2019-07-28,2026-04-17 15:58:36.669224
652ce309-58b4-4e43-9417-581809b7d228,CUST-2019-CN-002022,秀云,魏,秀云 魏,Male,1970-09-16,user931.apple202@outlook.com,18554058381,王路a座,淮安县,秀芳市,694687,CN,China,GREATER_CHINA,Chinese,Business,Silver,2019-05-25,2019,RETURNING,True,MDM,2019-05-25,2026-04-17 15:58:36.669225
cd5a6077-2370-4209-9e27-dde90e8c4cb6,CUST-2019-CN-001029,桂荣,刘,桂荣 刘,Male,1992-02-05,user285.apple@gmail.com,14515633803,淮安路w座,玉珍市,鹏县,678022,CN,China,GREATER_CHINA,Chinese,Business,None,2019-12-06,2019,RETURNING,True,MDM,2019-12-06,2026-04-17 15:58:36.669227
46f5b963-582d-4325-8f0c-ba95d943bc5e,CUST-2019-CN-001304,华,王,华 王,Male,1967-08-23,user161.apple@aol.com,13858936263,徐路T座,东莞市,小红县,749658,CN,China,GREATER_CHINA,Chinese,Consumer,Platinum,2019-06-07,2019,RETURNING,True,MDM,2019-06-07,2026-04-17 15:58:36.669259
3b904a70-5dd9-49b4-8289-d1d3e019e16e,CUST-2020-CN-000464,秀兰,姚,秀兰 姚,Female,1987-12-28,user402.apple133@yahoo.com,14561468530,高路I座,关岭市,柳市,777971,CN,China,GREATER_CHINA,Chinese,Consumer,None,2020-11-21,2020,RETURNING,True,MDM,2020-11-21 00:00:00,2026-04-17 15:58:36.669268
00b9306f-3618-46aa-9636-571a9bde81a2,CUST-2020-CN-000266,淑珍,戴,淑珍 戴,Male,1975-02-25,user112.apple@gmx.com,15969614005,成都路b座,玉市,桂花市,828993,CN,China,GREATER_CHINA,Chinese,Business,None,2020-03-26,2020,RETURNING,True,MDM,2020-03-26 00:00:00,2026-04-17 15:58:36.669271
ec296cc5-4872-4e70-9075-be2ccc14fe22,CUST-2019-CN-002611,欣,阎,欣 阎,Female,1991-04-19,user353.apple@live.com,15019047204,南京路N座,亮市,秀荣市,977348,CN,China,GREATER_CHINA,Chinese,Consumer,Platinum,2019-12-27,2019,RETURNING,True,MDM,2019-12-27,2026-04-17 15:58:36.669272
2ec09267-6021-4168-9894-dcf43e50ce12,CUST-2020-CN-000070,建华,刘,建华 刘,Male,1989-10-04,user794.apple@hotmail.com,13328505293,廖路U座,辉县,海燕县,262522,CN,China,GREATER_CHINA,Chinese,Consumer,Silver,2020-10-26,2020,RETURNING,True,MDM,2020-10-26 00:00:00,2026-04-17 15:58:36.669274
fa63c303-a363-47d5-b873-b2a1f89a7c7f,CUST-2019-CN-001334,桂香,冉,桂香 冉,Female,1979-05-20,user185.apple@yahoo.com,15075121047,王路t座,桂香市,华市,920192,CN,China,GREATER_CHINA,Chinese,Consumer,Silver,2019-07-20,2019,RETURNING,True,MDM,2019-07-20,2026-04-17 15:58:36.669276
db0017db-4c0a-41e5-9e2d-248eff637160,CUST-2019-CN-002321,坤,彭,坤 彭,Male,1951-05-20,user904.apple232@icloud.com,13954831797,海门路y座,淮安市,海口县,755578,CN,China,GREATER_CHINA,Chinese,Consumer,Platinum,2019-07-01,2019,RETURNING,True,MDM,2019-07-01,2026-04-17 15:58:36.669278
4bb2e558-54b7-4d06-85fa-4aa55061af64,CUST-2019-CN-001365,涛,梁,涛 梁,Female,1955-09-07,user853.apple@icloud.com,15640365564,陈街T座,博市,贵阳县,620456,CN,China,GREATER_CHINA,Chinese,Consumer,None,2019-12-16,2019,RETURNING,True,MDM,2019-12-16,2026-04-17 15:58:36.669280
e4992cde-9c3c-47c7-96fb-8305c1d7a287,CUST-2020-CN-000794,健,徐,健 徐,Female,1970-06-08,user742.apple815@hotmail.com,18646547709,刘街A座,凤英市,潮州县,552396,CN,China,GREATER_CHINA,Chinese,Education,None,2020-03-26,2020,RETURNING,True,MDM,2020-03-26 00:00:00,2026-04-17 15:58:36.669284
21c799d9-7758-488c-9563-3ab53c693d67,CUST-2019-CN-002716,超,王,超 王,Male,2005-03-12,user825.apple184@gmx.com,14540437551,林街p座,玉英县,南昌县,305617,CN,China,GREATER_CHINA,Chinese,Business,Gold,2019-02-25,2019,RETURNING,True,MDM,2019-02-25,2026-04-17 15:58:36.669285
d2993c33-66f3-4c72-8cc5-04ece57d33b5,CUST-2019-CN-000016,璐,崔,璐 崔,Male,1975-01-16,user954.apple@gmail.com,18579892514,长春街G座,乌鲁木齐县,兴城县,764241,CN,China,GREATER_CHINA,Chinese,Consumer,None,2019-09-08,2019,RETURNING,True,MDM,2019-09-08,2026-04-17 15:58:36.669287
e42704de-79cc-43ee-b1a3-caf6833d7298,CUST-2019-CN-001051,颖,黄,颖 黄,Male,1995-07-09,user353.apple@icloud.com,14537743110,长沙路X座,亮县,贵阳县,866087,CN,China,GREATER_CHINA,Chinese,Consumer,None,2019-07-14,2019,RETURNING,True,MDM,2019-07-14,2026-04-17 15:58:36.669289
a6e0f668-b9b5-49f0-85fc-6ebdc6a18bf6,CUST-2019-CN-001164,帆,刘,帆 刘,Male,2008-03-13,user339.apple896@outlook.com,13190896519,侯街X座,瑜县,英市,645567,CN,China,GREATER_CHINA,Chinese,Consumer,Silver,2019-09-25,2019,RETURNING,True,MDM,2019-09-25,2026-04-17 15:58:36.669290
b828f25c-30ed-4bdd-9c7a-2b30ab4563a9,CUST-2019-CN-002714,飞,郭,飞 郭,Male,1951-05-07,user742.apple@aol.com,18184898524,赵街K座,春梅县,雪梅市,629140,CN,China,GREATER_CHINA,Chinese,Consumer,Gold,2019-08-02,2019,RETURNING,True,MDM,2019-08-02,2026-04-17 15:58:36.669292
ba55160e-1df5-4df0-a8e4-4212bb0e3ce9,CUST-2019-CN-001764,伟,欧阳,伟 欧阳,Male,2005-03-21,user585.apple@yahoo.com,15389905506,平路z座,秀梅市,桂芳县,218188,CN,China,GREATER_CHINA,Chinese,Consumer,None,2019-09-03,2019,RETURNING,True,MDM,2019-09-03,2026-04-17 15:58:36.669294
ee554135-6cbc-4577-aa0a-a8ba3a42fbad,CUST-2019-CN-000926,建平,杨,建平 杨,Female,1971-07-16,user233.apple603@protonmail.com,15975521902,李街S座,阳市,兵市,733248,CN,China,GREATER_CHINA,Chinese,Consumer,Gold,2019-01-09,2019,RETURNING,True,MDM,2019-01-09,2026-04-17 15:58:36.669295
53d2dd2e-fd7b-4498-9ba9-e190df7b3da0,CUST-2019-CN-000290,文,李,文 李,Female,1988-03-07,user663.apple@mail.com,18225516277,永安街c座,哈尔滨县,伟县,462506,CN,China,GREATER_CHINA,Chinese,Consumer,None,2019-08-14,2019,RETURNING,True,MDM,2019-08-14,2026-04-17 15:58:36.669297
47befe71-f530-4204-86e1-00361cd2cb84,CUST-2019-CN-002975,荣,李,荣 李,Male,1960-08-13,user128.apple787@icloud.com,18109263720,关岭街v座,涛市,天津市,625088,CN,China,GREATER_CHINA,Chinese,Consumer,None,2019-09-21,2019,RETURNING,True,MDM,2019-09-21,2026-04-17 15:58:36.669299
913d948b-dfce-4fa3-88ad-694b99baf83b,CUST-2019-CN-000950,红,张,红 张,Male,2006-04-23,user506.apple@yahoo.com,15582368090,沈阳路f座,昆明市,乌鲁木齐县,686578,CN,China,GREATER_CHINA,Chinese,Consumer,Gold,2019-10-18,2019,RETURNING,True,MDM,2019-10-18,2026-04-17 15:58:36.669301
e3d7f87b-a465-4cae-b569-b5697526aa2e,CUST-2019-CN-001873,婷,刘,婷 刘,Male,2004-11-27,user144.apple482@live.com,15271447318,太原街O座,深圳县,淑兰市,285503,CN,China,GREATER_CHINA,Chinese,Consumer,Gold,2019-11-06,2019,RETURNING,True,MDM,2019-11-06,2026-04-17 15:58:36.669302
83c38d3c-1b2a-442c-87a4-a670432378ef,CUST-2019-CN-000090,丽华,林,丽华 林,Male,1990-10-31,user103.apple461@outlook.com,13667869360,巢湖街w座,利县,太原县,936464,CN,China,GREATER_CHINA,Chinese,Consumer,Platinum,2019-07-26,2019,RETURNING,True,MDM,2019-07-26,2026-04-17 15:58:36.669304
0a288518-389e-470b-9518-5872800f0cf0,CUST-2020-CN-000299,军,王,军 王,Male,1998-05-20,user371.apple@mail.com,15359727227,萧路C座,佛山市,淑华市,369979,CN,China,GREATER_CHINA,Chinese,Consumer,None,2020-08-17,2020,RETURNING,True,MDM,2020-08-17 00:00:00,2026-04-17 15:58:36.669306
908503bb-c174-486a-bfbf-97ab48fbc9b8,CUST-2020-CN-000230,柳,张,柳 张,Male,1972-09-12,user127.apple@outlook.com,13252971456,段街j座,阜新市,淮安市,247689,CN,China,GREATER_CHINA,Chinese,Consumer,Silver,2020-02-18,2020,RETURNING,True,MDM,2020-02-18 00:00:00,2026-04-17 15:58:36.669307
7af6545b-b602-4612-8b71-47e712ad4739,CUST-2019-CN-000931,萍,李,萍 李,Female,1985-07-26,user905.apple@zoho.com,13184872078,王路q座,宇县,淑珍县,380505,CN,China,GREATER_CHINA,Chinese,Consumer,None,2019-10-22,2019,RETURNING,False,MDM,2019-10-22,2026-04-17 15:58:36.669309
9d58982d-e6ae-439a-9f3d-bf9b20391309,CUST-2019-CN-001835,波,徐,波 徐,Male,1997-08-11,user856.apple301@aol.com,15809304560,柳州街l座,永安市,桂英县,573439,CN,China,GREATER_CHINA,Chinese,Education,None,2019-01-31,2019,RETURNING,True,MDM,2019-01-31,2026-04-17 15:58:36.669311
6d6ffbad-4a32-4a2a-a394-be6262fd503b,CUST-2020-CN-000336,浩,林,浩 林,Female,1952-08-08,user511.apple@aol.com,14709603787,福州路G座,畅县,洁市,936937,CN,China,GREATER_CHINA,Chinese,Business,None,2020-11-11,2020,RETURNING,True,MDM,2020-11-11 00:00:00,2026-04-17 15:58:36.669313
413b52bb-eb0b-454b-b245-96cca827c688,CUST-2020-CN-000962,勇,黄,勇 黄,Female,1970-05-13,user966.apple@protonmail.com,18612587014,周路t座,建国市,梅县,358711,CN,China,GREATER_CHINA,Chinese,Consumer,Platinum,2020-04-19,2020,RETURNING,True,MDM,2020-04-19 00:00:00,2026-04-17 15:58:36.669314
efc5532d-fb37-4ab9-80a5-3ada7a4a730a,CUST-2020-CN-000040,辉,马,辉 马,Female,1954-11-26,user249.apple@mail.com,18711484102,高街N座,梧州县,艳市,392365,CN,China,GREATER_CHINA,Chinese,Consumer,None,2020-12-21,2020,RETURNING,True,MDM,2020-12-21 00:00:00,2026-04-17 15:58:36.669316
53e2c149-c1b0-48db-b6b1-6e6e628ad8a3,CUST-2019-CN-002030,瑜,马,瑜 马,Female,1976-04-10,user699.apple573@gmx.com,14534822378,田街M座,潜江市,志强市,614478,CN,China,GREATER_CHINA,Chinese,Consumer,None,2019-02-02,2019,RETURNING,True,MDM,2019-02-02,2026-04-17 15:58:36.669318
18d5bbed-e643-46f3-80f4-10c1b816172e,CUST-2020-CN-000785,兰英,杨,兰英 杨,Female,2003-11-16,user763.apple348@hotmail.com,15367186457,张路Z座,合肥市,桂芝县,353450,CN,China,GREATER_CHINA,Chinese,Consumer,None,2020-05-19,2020,RETURNING,False,MDM,2020-05-19 00:00:00,2026-04-17 15:58:36.669320
940d20e5-aace-4256-9ec3-79b04c5e0bf9,CUST-2019-CN-001293,明,李,明 李,Female,1968-01-21,user475.apple713@zoho.com,14568011093,哈尔滨路D座,嘉禾市,秀芳市,320950,CN,China,GREATER_CHINA,Chinese,Consumer,None,2019-02-18,2019,RETURNING,True,MDM,2019-02-18,2026-04-17 15:58:36.669322
cf9040a0-f205-470a-91fc-b7c7dc19671b,CUST-2020-CN-001078,丽娟,张,丽娟 张,Female,1981-11-10,user854.apple@hotmail.com,13378427084,吴街M座,兴城县,海门县,815816,CN,China,GREATER_CHINA,Chinese,Consumer,Silver,2020-03-25,2020,RETURNING,True,MDM,2020-03-25 00:00:00,2026-04-17 15:58:36.669324
fa3597ed-7441-4f06-89b2-d578c59afb5a,CUST-2019-CN-002087,健,张,健 张,Male,2003-03-30,user650.apple@yahoo.com,13865534558,沈阳路V座,永安县,丽娟市,442592,CN,China,GREATER_CHINA,Chinese,Consumer,None,2019-12-04,2019,RETURNING,True,MDM,2019-12-04,2026-04-17 15:58:36.669325
5c388660-1e0a-4096-b26d-aa7db80619a0,CUST-2020-CN-000767,玉兰,罗,玉兰 罗,Male,1978-11-17,user768.apple698@mail.com,15929240650,佛山街c座,金凤市,上海县,412558,CN,China,GREATER_CHINA,Chinese,Consumer,Silver,2020-05-23,2020,RETURNING,True,MDM,2020-05-23 00:00:00,2026-04-17 15:58:36.669329
13bb2851-c36e-4562-82e1-01169457d2ca,CUST-2019-CN-000668,建,周,建 周,Male,1975-05-21,user551.apple@hotmail.com,13704631894,王路P座,澳门市,璐市,892992,CN,China,GREATER_CHINA,Chinese,Education,Silver,2019-10-02,2019,RETURNING,False,MDM,2019-10-02,2026-04-17 15:58:36.669330
37c3c0dd-9656-4118-b780-fce3e02e26e4,CUST-2019-CN-000716,辉,宋,辉 宋,Female,1964-09-19,user600.apple452@protonmail.com,15179795200,江街K座,杨县,莉县,816893,CN,China,GREATER_CHINA,Chinese,Education,Platinum,2019-05-31,2019,RETURNING,True,MDM,2019-05-31,2026-04-17 15:58:36.669332
ab5d5641-a368-4ae9-bfff-9ab82118c20b,CUST-2020-CN-000960,玉兰,廖,玉兰 廖,Male,1967-10-12,user316.apple@gmail.com,18806263615,孔路Q座,红梅市,坤市,730731,CN,China,GREATER_CHINA,Chinese,Consumer,Silver,2020-03-16,2020,RETURNING,True,MDM,2020-03-16 00:00:00,2026-04-17 15:58:36.669333
a992c31b-138d-4d61-8195-5c67d0333670,CUST-2019-CN-002100,桂荣,周,桂荣 周,Male,1992-03-09,user838.apple@outlook.com,18604243313,拉萨街I座,昆明县,雷市,153575,CN,China,GREATER_CHINA,Chinese,Consumer,None,2019-01-16,2019,RETURNING,True,MDM,2019-01-16,2026-04-17 15:58:36.669335
d92d3e1e-4182-4ee3-9973-948b2d5dccd8,CUST-2019-CN-001890,志强,程,志强 程,Male,1979-08-29,user494.apple@hotmail.com,18114965284,汪街y座,通辽市,惠州市,768939,CN,China,GREATER_CHINA,Chinese,Consumer,Platinum,2019-03-08,2019,RETURNING,True,MDM,2019-03-08,2026-04-17 15:58:36.669337
9fa3ef66-3c42-4520-9f8b-7d313688741a,CUST-2019-CN-000102,丽,姜,丽 姜,Female,1962-02-24,user813.apple@outlook.com,15024574261,佛山街z座,石家庄县,石家庄市,858212,CN,China,GREATER_CHINA,Chinese,Consumer,None,2019-07-29,2019,RETURNING,True,MDM,2019-07-29,2026-04-17 15:58:36.669338
86597e5e-3d6f-4f6d-a893-f196bc996261,CUST-2020-CN-000640,建华,姜,建华 姜,Female,1992-03-30,user364.apple53@gmail.com,13605045599,荆门街d座,拉萨市,嘉禾县,269726,CN,China,GREATER_CHINA,Chinese,Consumer,Silver,2020-10-03,2020,RETURNING,True,MDM,2020-10-03 00:00:00,2026-04-17 15:58:36.669340
c94698e9-d12f-48e4-a305-8a8864c320f6,CUST-2019-CN-000584,桂芝,曹,桂芝 曹,Male,1989-06-19,user675.apple@icloud.com,18183675922,王街d座,秀兰县,旭县,932742,CN,China,GREATER_CHINA,Chinese,Consumer,Gold,2019-12-06,2019,RETURNING,True,MDM,2019-12-06,2026-04-17 15:58:36.669342
c1423303-e06f-4a35-9f30-f7fbb3ccde27,CUST-2019-CN-001269,小红,邹,小红 邹,Male,1956-06-27,user528.apple@msn.com,13837226800,梧州路v座,畅县,南昌县,618629,CN,China,GREATER_CHINA,Chinese,Consumer,None,2019-04-03,2019,RETURNING,True,MDM,2019-04-03,2026-04-17 15:58:36.669343
352ffc28-a3a5-4ab1-833a-87bb89fddd86,CUST-2019-CN-000621,晨,陈,晨 陈,Male,1975-11-10,user783.apple@msn.com,15855961741,马鞍山街m座,广州县,玉县,333594,CN,China,GREATER_CHINA,Chinese,Consumer,Gold,2019-08-15,2019,RETURNING,True,MDM,2019-08-15,2026-04-17 15:58:36.669345
89e011ab-7c6e-4e30-a26f-8a5a7b173243,CUST-2019-CN-002934,雪梅,胥,雪梅 胥,Male,1963-10-07,user553.apple762@live.com,13237608872,东莞路r座,旭市,军县,729514,CN,China,GREATER_CHINA,Chinese,Education,Silver,2019-05-04,2019,RETURNING,True,MDM,2019-05-04,2026-04-17 15:58:36.669346
31ceed10-c411-4c49-a212-f7a7d0c141f3,CUST-2019-CN-001390,秀荣,张,秀荣 张,Male,1960-08-22,user840.apple@icloud.com,15172090324,巢湖路U座,张家港市,旭市,555370,CN,China,GREATER_CHINA,Chinese,Consumer,Gold,2019-08-28,2019,RETURNING,True,MDM,2019-08-28,2026-04-17 15:58:36.669348
773f96cf-b213-4b42-a3c8-ab41f9cd372e,CUST-2019-CN-002773,秀荣,吴,秀荣 吴,Female,1989-09-23,user655.apple883@gmx.com,18199173733,方路K座,香港市,通辽县,589970,CN,China,GREATER_CHINA,Chinese,Education,None,2019-11-08,2019,RETURNING,True,MDM,2019-11-08,2026-04-17 15:58:36.669350
747ef146-d1a7-495d-a851-d3e8c37baf2d,CUST-2019-CN-000046,敏,冯,敏 冯,Male,1980-01-31,user609.apple772@outlook.com,13395272100,海口路m座,桂英县,玉珍市,484501,CN,China,GREATER_CHINA,Chinese,Education,Platinum,2019-02-26,2019,RETURNING,True,MDM,2019-02-26,2026-04-17 15:58:36.669351
3b717fa3-9db4-45df-973b-410f89cfdad9,CUST-2020-CN-000726,梅,黄,梅 黄,Female,1981-06-17,user620.apple@protonmail.com,18874226847,刘街v座,秀英县,石家庄市,582252,CN,China,GREATER_CHINA,Chinese,Consumer,None,2020-05-15,2020,RETURNING,True,MDM,2020-05-15 00:00:00,2026-04-17 15:58:36.669353
58a3c33a-6a67-4c29-a406-2e4e0f669301,CUST-2020-CN-000839,兰英,但,兰英 但,Female,1990-10-14,user579.apple@hotmail.com,13600294357,孙街F座,兴安盟县,琳市,165554,CN,China,GREATER_CHINA,Chinese,Business,Platinum,2020-04-22,2020,RETURNING,True,MDM,2020-04-22 00:00:00,2026-04-17 15:58:36.669354
b5a74c90-65c5-41b8-b563-17820b07c26a,CUST-2020-CN-000731,杨,闵,杨 闵,Male,1986-09-17,user572.apple@gmx.com,13110167846,哈尔滨街h座,深圳县,凤英市,338946,CN,China,GREATER_CHINA,Chinese,Business,None,2020-06-23,2020,RETURNING,True,MDM,2020-06-23 00:00:00,2026-04-17 15:58:36.669357
63e13cb3-95e9-460f-85cf-b5a36016c036,CUST-2019-CN-000783,凤兰,黄,凤兰 黄,Female,1979-06-27,user439.apple@icloud.com,15085193809,欧街i座,丽娟县,玲市,355977,CN,China,GREATER_CHINA,Chinese,Consumer,None,2019-12-01,2019,RETURNING,True,MDM,2019-12-01,2026-04-17 15:58:36.669358
fe6451c6-247b-47da-9aaa-ba58f1a0e2f7,CUST-2020-CN-001028,军,萧,军 萧,Female,1964-12-17,user222.apple@icloud.com,13792439147,庄路v座,丽娟市,雪县,868743,CN,China,GREATER_CHINA,Chinese,Business,Silver,2020-04-28,2020,RETURNING,False,MDM,2020-04-28 00:00:00,2026-04-17 15:58:36.669360
3c6014bc-0018-46d8-a751-69efd673e814,CUST-2019-CN-001951,淑英,谭,淑英 谭,Female,1981-02-06,user419.apple417@msn.com,15291430221,慕街r座,沈阳市,梧州县,998905,CN,China,GREATER_CHINA,Chinese,Consumer,None,2019-09-25,2019,RETURNING,True,MDM,2019-09-25,2026-04-17 15:58:36.669362
1bd63b57-3d59-4873-8c74-bdf06cfcb1f1,CUST-2019-CN-001412,欢,陈,欢 陈,Female,1983-07-26,user528.apple@protonmail.com,18603913097,田路h座,石家庄县,倩市,920730,CN,China,GREATER_CHINA,Chinese,Education,None,2019-05-02,2019,RETURNING,True,MDM,2019-05-02,2026-04-17 15:58:36.669363
7c391f7f-244a-417a-8838-e9252ecc460c,CUST-2019-CN-002955,小红,仲,小红 仲,Female,1971-01-20,user858.apple@aol.com,15773689649,齐齐哈尔街E座,太原市,辽阳市,249677,CN,China,GREATER_CHINA,Chinese,Consumer,None,2019-07-11,2019,RETURNING,True,MDM,2019-07-11,2026-04-17 15:58:36.669365
4588313f-4f68-4d1f-9d90-659ff6eea353,CUST-2019-CN-002362,海燕,赵,海燕 赵,Female,1983-07-07,user343.apple@zoho.com,18279715053,许路X座,哈尔滨县,冬梅县,156496,CN,China,GREATER_CHINA,Chinese,Consumer,None,2019-05-31,2019,RETURNING,True,MDM,2019-05-31,2026-04-17 15:58:36.669367
3b7faf06-b6c5-4fbb-8287-66f6d738e7d8,CUST-2020-CN-001064,洁,向,洁 向,Male,1992-02-24,user616.apple642@yahoo.com,14550530431,邓街W座,南宁县,梧州县,765472,CN,China,GREATER_CHINA,Chinese,Consumer,None,2020-03-18,2020,RETURNING,True,MDM,2020-03-18 00:00:00,2026-04-17 15:58:36.669369
8e289ece-190b-4b41-9bdf-683a33848962,CUST-2019-CN-000042,雷,陈,雷 陈,Female,1976-12-16,user834.apple@gmx.com,18769657030,惠州街g座,志强市,六安县,585214,CN,China,GREATER_CHINA,Chinese,Consumer,Platinum,2019-04-08,2019,RETURNING,True,MDM,2019-04-08,2026-04-17 15:58:36.669370
d47fa16d-9e0b-46c0-919e-adbfd5ec2f74,CUST-2019-CN-001188,成,毕,成 毕,Male,1973-02-22,user756.apple@hotmail.com,18051705694,宁德街h座,佳县,杰县,294924,CN,China,GREATER_CHINA,Chinese,Consumer,None,2019-10-18,2019,RETURNING,True,MDM,2019-10-18,2026-04-17 15:58:36.669372
1ef8320d-5173-41f6-bd59-b55b84357edf,CUST-2019-CN-000725,娟,李,娟 李,Female,1999-09-02,user924.apple@live.com,13254604471,齐齐哈尔街G座,建华市,宜都县,839031,CN,China,GREATER_CHINA,Chinese,Consumer,None,2019-01-07,2019,RETURNING,False,MDM,2019-01-07,2026-04-17 15:58:36.669374
619de5df-f918-4c8f-84b7-3cfac5cbf50b,CUST-2020-CN-000887,玉华,陈,玉华 陈,Male,2001-01-15,user115.apple@icloud.com,14531231322,香港路p座,潜江市,东县,833503,CN,China,GREATER_CHINA,Chinese,Consumer,None,2020-09-16,2020,RETURNING,True,MDM,2020-09-16 00:00:00,2026-04-17 15:58:36.669375
990576c4-31d7-4193-b435-73e5abb25dc5,CUST-2020-CN-000546,玉兰,蔡,玉兰 蔡,Female,2008-02-08,user468.apple@live.com,15075827291,邓路a座,永安市,西宁市,618132,CN,China,GREATER_CHINA,Chinese,Business,Gold,2020-06-30,2020,RETURNING,True,MDM,2020-06-30 00:00:00,2026-04-17 15:58:36.669377
7b9684d3-f07e-4877-b0ac-b05a602c179a,CUST-2019-CN-002052,玉华,唐,玉华 唐,Female,1960-03-10,user310.apple676@gmail.com,13632552006,哈尔滨路R座,昆明市,丽华市,220571,CN,China,GREATER_CHINA,Chinese,Consumer,None,2019-09-30,2019,RETURNING,True,MDM,2019-09-30,2026-04-17 15:58:36.669379
1ef3fc5a-2f5d-4186-aa89-117f205afb42,CUST-2020-CN-000383,桂英,孔,桂英 孔,Male,1971-09-30,user371.apple982@zoho.com,13550327287,张路L座,柳市,天津市,259776,CN,China,GREATER_CHINA,Chinese,Consumer,None,2020-02-29,2020,RETURNING,True,MDM,2020-02-29 00:00:00,2026-04-17 15:58:36.669380
9ceb4d92-6502-4951-afd9-6776452b5334,CUST-2020-CN-000643,瑜,杜,瑜 杜,Male,1951-09-29,user489.apple@mail.com,13032562293,李街W座,瑞县,杭州县,959998,CN,China,GREATER_CHINA,Chinese,Business,Gold,2020-09-02,2020,RETURNING,True,MDM,2020-09-02 00:00:00,2026-04-17 15:58:36.669382
512cf97e-a2f9-45ae-99d3-2b1d44a9c8dc,CUST-2020-CN-000031,梅,张,梅 张,Male,2005-05-12,user601.apple@yahoo.com,13157627539,刘街C座,荆门县,阜新县,700639,CN,China,GREATER_CHINA,Chinese,Business,None,2020-07-24,2020,RETURNING,True,MDM,2020-07-24 00:00:00,2026-04-17 15:58:36.669384
82aedb98-9dc8-4074-acef-494cef1cbebb,CUST-2019-CN-000712,磊,桑,磊 桑,Female,1978-02-05,user486.apple@live.com,15341014142,王路G座,大冶市,婷县,862707,CN,China,GREATER_CHINA,Chinese,Consumer,None,2019-10-23,2019,RETURNING,True,MDM,2019-10-23,2026-04-17 15:58:36.669386
8f3eedb6-7ab8-4b3b-b330-7f6aa83cea4b,CUST-2020-CN-000501,慧,郭,慧 郭,Male,1962-03-15,user734.apple@live.com,13579747535,赵街R座,明县,婷婷县,485516,CN,China,GREATER_CHINA,Chinese,Business,Platinum,2020-04-21,2020,RETURNING,True,MDM,2020-04-21 00:00:00,2026-04-17 15:58:36.669387
d37fd570-e313-4b01-bde0-0a6893bea705,CUST-2020-CN-000020,萍,吕,萍 吕,Male,1967-11-01,user410.apple@zoho.com,14799503698,淮安路Y座,秀兰市,辛集市,317063,CN,China,GREATER_CHINA,Chinese,Education,None,2020-07-17,2020,RETURNING,True,MDM,2020-07-17 00:00:00,2026-04-17 15:58:36.669389
85560e93-ec58-434c-9b23-89fcce979bba,CUST-2020-CN-000608,刚,邱,刚 邱,Male,1957-08-23,user227.apple@gmx.com,14525374870,哈尔滨路d座,欢市,呼和浩特县,928289,CN,China,GREATER_CHINA,Chinese,Consumer,None,2020-05-31,2020,RETURNING,True,MDM,2020-05-31 00:00:00,2026-04-17 15:58:36.669391
8809e195-a6fc-4f69-b866-b9bdaabe4523,CUST-2020-CN-000126,浩,郝,浩 郝,Female,1960-04-30,user269.apple@icloud.com,15634765265,李路y座,梧州县,北京市,969709,CN,China,GREATER_CHINA,Chinese,Consumer,Gold,2020-09-26,2020,RETURNING,True,MDM,2020-09-26 00:00:00,2026-04-17 15:58:36.669392
f819fee2-dcdf-4e9f-878f-88f6f2079ea8,CUST-2019-CN-000832,萍,谢,萍 谢,Female,1979-01-03,user184.apple@protonmail.com,15074820072,阎街P座,深圳市,玲县,986356,CN,China,GREATER_CHINA,Chinese,Consumer,None,2019-11-19,2019,RETURNING,True,MDM,2019-11-19,2026-04-17 15:58:36.669394
6f48ef88-6e22-40be-a6bd-95aa1d20d465,CUST-2019-CN-000188,欢,李,欢 李,Female,2006-10-13,user238.apple@protonmail.com,15035149438,武路H座,关岭县,红县,909823,CN,China,GREATER_CHINA,Chinese,Business,Gold,2019-08-13,2019,RETURNING,True,MDM,2019-08-13,2026-04-17 15:58:36.669396
6747d2d2-6486-4209-920a-7fbaad204810,CUST-2019-CN-002028,琴,杨,琴 杨,Female,1970-10-22,user281.apple395@hotmail.com,13445081998,汕尾路g座,潮州市,大冶县,607364,CN,China,GREATER_CHINA,Chinese,Consumer,None,2019-05-07,2019,RETURNING,True,MDM,2019-05-07,2026-04-17 15:58:36.669398
444ae86c-c3cd-4c76-922f-16008a698c0f,CUST-2019-CN-002627,桂兰,聂,桂兰 聂,Female,1957-10-02,user595.apple@yahoo.com,13026175603,姜路k座,桂芝县,玉兰县,353043,CN,China,GREATER_CHINA,Chinese,Business,Platinum,2019-03-06,2019,RETURNING,True,MDM,2019-03-06,2026-04-17 15:58:36.669399
7866f625-888c-4502-b4f1-ae8450f68602,CUST-2019-CN-002496,文,朱,文 朱,Female,1981-12-24,user706.apple@hotmail.com,18243224196,上海路B座,佛山县,武汉市,433000,CN,China,GREATER_CHINA,Chinese,Consumer,Gold,2019-03-07,2019,RETURNING,True,MDM,2019-03-07,2026-04-17 15:58:36.669400
58828929-b4cc-4b80-89b0-9e62adb67f59,CUST-2020-CN-000868,海燕,胡,海燕 胡,Male,2003-11-16,user333.apple@hotmail.com,15580761852,深圳街W座,惠州县,桂香市,898590,CN,China,GREATER_CHINA,Chinese,Consumer,Gold,2020-10-28,2020,RETURNING,True,MDM,2020-10-28 00:00:00,2026-04-17 15:58:36.669402
80940909-fc13-4456-ae6f-2a394e83d069,CUST-2019-CN-000788,玉梅,邹,玉梅 邹,Male,2004-07-01,user167.apple@yahoo.com,18248775524,李路Q座,银川市,亮县,824748,CN,China,GREATER_CHINA,Chinese,Business,None,2019-01-12,2019,RETURNING,True,MDM,2019-01-12,2026-04-17 15:58:36.669404
a58a2118-ae93-4147-bc58-075e5a38fc65,CUST-2019-CN-002812,丹,周,丹 周,Male,1969-04-21,user665.apple@zoho.com,15321244124,关岭路S座,福州市,哈尔滨市,382950,CN,China,GREATER_CHINA,Chinese,Education,None,2019-08-23,2019,RETURNING,True,MDM,2019-08-23,2026-04-17 15:58:36.669405
1a62c3e6-408a-4064-a297-5cd5b3f75ab0,CUST-2019-CN-001158,芳,蔡,芳 蔡,Male,1998-09-27,user244.apple717@protonmail.com,15856185763,龙路n座,帆市,淑兰市,354279,CN,China,GREATER_CHINA,Chinese,Business,Gold,2019-09-20,2019,RETURNING,True,MDM,2019-09-20,2026-04-17 15:58:36.669407
0a814b47-24bc-4cd1-b6dc-7677b5d04d9a,CUST-2019-CN-002276,楠,李,楠 李,Female,2003-05-30,user369.apple642@aol.com,13998107258,长沙街z座,广州县,桂兰市,798362,CN,China,GREATER_CHINA,Chinese,Consumer,Silver,2019-04-12,2019,RETURNING,True,MDM,2019-04-12,2026-04-17 15:58:36.669408
07836854-1375-493e-ba0a-51ab8b6e0f52,CUST-2019-CN-000552,文,张,文 张,Female,1980-03-24,user290.apple@outlook.com,14579843488,张路v座,南宁市,福州县,562047,CN,China,GREATER_CHINA,Chinese,Consumer,Gold,2019-10-22,2019,RETURNING,True,MDM,2019-10-22,2026-04-17 15:58:36.669410
f149bba9-816c-43bd-a5f7-9403ddcc4f30,CUST-2019-CN-001230,洋,向,洋 向,Male,1953-08-27,user374.apple@msn.com,13428185446,程路g座,合肥市,香港县,118291,CN,China,GREATER_CHINA,Chinese,Consumer,None,2019-11-09,2019,RETURNING,True,MDM,2019-11-09,2026-04-17 15:58:36.669412
3456b373-7317-4637-b19b-bcd54726ca03,CUST-2020-CN-000320,雪,陈,雪 陈,Female,1988-05-04,user595.apple@gmail.com,18808412846,张路i座,合肥县,博市,669156,CN,China,GREATER_CHINA,Chinese,Consumer,Silver,2020-01-12,2020,RETURNING,True,MDM,2020-01-12 00:00:00,2026-04-17 15:58:36.669413
70e81f65-2032-4eff-b0d7-63ec6602c482,CUST-2019-CN-000723,霞,杨,霞 杨,Female,1970-02-06,user821.apple@aol.com,13715882978,合肥街N座,哈尔滨市,婷婷市,703038,CN,China,GREATER_CHINA,Chinese,Business,Silver,2019-01-10,2019,RETURNING,True,MDM,2019-01-10,2026-04-17 15:58:36.669415
91c5adf3-abb3-4b23-9133-11d1cc98bcca,CUST-2020-CN-000965,莹,蔡,莹 蔡,Male,1980-10-14,user380.apple@mail.com,13515334808,阜新街o座,淑华县,重庆县,751603,CN,China,GREATER_CHINA,Chinese,Consumer,Silver,2020-05-02,2020,RETURNING,True,MDM,2020-05-02 00:00:00,2026-04-17 15:58:36.669416
bfd91758-f9f6-4df3-af9d-94e9c75d2d83,CUST-2019-CN-001693,平,蒋,平 蒋,Male,1951-10-12,user575.apple784@mail.com,14561437823,朱街W座,杰市,哈尔滨县,737806,CN,China,GREATER_CHINA,Chinese,Consumer,Platinum,2019-01-02,2019,RETURNING,True,MDM,2019-01-02,2026-04-17 15:58:36.669418
847ef943-ac5a-4e7a-bd31-b56a7b68b4d6,CUST-2020-CN-000083,柳,庄,柳 庄,Male,1961-07-03,user299.apple@aol.com,13185170196,陈路B座,北镇市,拉萨市,257085,CN,China,GREATER_CHINA,Chinese,Consumer,Platinum,2020-09-08,2020,RETURNING,True,MDM,2020-09-08 00:00:00,2026-04-17 15:58:36.669419
c29532c3-2fec-4870-8259-da7d2c60238c,CUST-2020-CN-000410,宇,陈,宇 陈,Male,1984-06-09,user815.apple@aol.com,13128879530,古街l座,澳门市,华县,734965,CN,China,GREATER_CHINA,Chinese,Consumer,None,2020-04-22,2020,RETURNING,True,MDM,2020-04-22 00:00:00,2026-04-17 15:58:36.669421
66a4c398-0745-4bb8-a49e-3ddfa54ae8b9,CUST-2019-CN-000869,成,刘,成 刘,Male,1996-08-14,user865.apple903@live.com,15954781155,拉萨街H座,岩市,慧市,929605,CN,China,GREATER_CHINA,Chinese,Consumer,None,2019-07-10,2019,RETURNING,True,MDM,2019-07-10,2026-04-17 15:58:36.669423
89b57927-95e3-47b5-b913-c8c166fb9e06,CUST-2019-CN-001533,丽华,张,丽华 张,Female,1990-12-30,user981.apple@gmail.com,13787515935,刘路y座,强市,桂荣市,529109,CN,China,GREATER_CHINA,Chinese,Consumer,Platinum,2019-02-15,2019,RETURNING,True,MDM,2019-02-15,2026-04-17 15:58:36.669424
1e07bdd3-a3d1-47cb-813a-dbd239e3e351,CUST-2019-CN-000844,桂花,王,桂花 王,Female,1950-07-04,user948.apple972@live.com,15771574227,西宁街Z座,军市,岩县,747851,CN,China,GREATER_CHINA,Chinese,Consumer,Platinum,2019-04-04,2019,RETURNING,True,MDM,2019-04-04,2026-04-17 15:58:36.669426
3863cddf-7f22-402c-ac67-e78736182a9a,CUST-2020-CN-000652,瑜,赵,瑜 赵,Male,1970-10-06,user810.apple@hotmail.com,18529833418,刘街K座,平市,关岭市,496339,CN,China,GREATER_CHINA,Chinese,Business,None,2020-05-25,2020,RETURNING,True,MDM,2020-05-25 00:00:00,2026-04-17 15:58:36.669428
d99d37a8-a134-4a2d-b4d6-831841478533,CUST-2019-CN-001657,飞,庄,飞 庄,Female,1960-11-20,user539.apple@live.com,15684089838,韩街Q座,玉梅县,杭州市,204804,CN,China,GREATER_CHINA,Chinese,Consumer,Gold,2019-02-16,2019,RETURNING,True,MDM,2019-02-16,2026-04-17 15:58:36.669429
a34d498b-a191-4c65-8a98-331acc3028c4,CUST-2020-CN-000058,兵,薛,兵 薛,Female,2005-12-27,user757.apple@gmx.com,13626491244,潘街q座,红梅市,宜都县,598510,CN,China,GREATER_CHINA,Chinese,Education,None,2020-08-19,2020,RETURNING,True,MDM,2020-08-19 00:00:00,2026-04-17 15:58:36.669431
1fda6c85-4429-40e8-9a34-f1e23f9b40d4,CUST-2019-CN-001072,玉兰,冯,玉兰 冯,Male,2006-05-28,user446.apple701@hotmail.com,14712412485,北镇路e座,桂香市,洋市,800299,CN,China,GREATER_CHINA,Chinese,Consumer,None,2019-11-01,2019,RETURNING,True,MDM,2019-11-01,2026-04-17 15:58:36.669433
6a5012ef-3824-491f-b3a7-c74edb99035d,CUST-2019-CN-001959,辉,王,辉 王,Male,1996-11-07,user319.apple@gmail.com,14526941668,海口路g座,淑珍县,澳门市,968166,CN,China,GREATER_CHINA,Chinese,Consumer,None,2019-09-20,2019,RETURNING,True,MDM,2019-09-20,2026-04-17 15:58:36.669435
a794b5eb-e2d0-4755-b809-f0722fdeda67,CUST-2020-CN-000467,斌,陈,斌 陈,Male,1958-03-27,user594.apple539@yahoo.com,15794132277,王路U座,海燕县,萍县,657889,CN,China,GREATER_CHINA,Chinese,Consumer,None,2020-09-09,2020,RETURNING,True,MDM,2020-09-09 00:00:00,2026-04-17 15:58:36.669437
9fb16d19-60cb-4b3b-afad-a64890c9887c,CUST-2019-CN-002870,成,陈,成 陈,Male,1950-11-17,user869.apple@outlook.com,14508112533,张路m座,玉珍县,英市,410799,CN,China,GREATER_CHINA,Chinese,Consumer,Gold,2019-11-19,2019,RETURNING,False,MDM,2019-11-19,2026-04-17 15:58:36.669438
8402a581-6759-4e06-ba53-1d54d00164ea,CUST-2019-CN-002943,帅,丁,帅 丁,Male,2006-12-17,user295.apple@icloud.com,18740700475,西安街K座,成都市,峰县,412903,CN,China,GREATER_CHINA,Chinese,Consumer,Gold,2019-11-19,2019,RETURNING,True,MDM,2019-11-19,2026-04-17 15:58:36.669440
aac71dce-ea86-4714-8c9a-e5c3bd7c40dd,CUST-2019-CN-000909,欢,王,欢 王,Male,1958-03-29,user635.apple@zoho.com,18044481222,辛集街f座,重庆市,武汉县,912822,CN,China,GREATER_CHINA,Chinese,Education,None,2019-02-03,2019,RETURNING,True,MDM,2019-02-03,2026-04-17 15:58:36.669441
398e98cc-c2a3-472a-8f8a-3eadb55b69fd,CUST-2019-CN-000485,雪梅,张,雪梅 张,Male,1977-02-01,user606.apple@yahoo.com,13212657452,深圳街Q座,佛山县,澳门县,897762,CN,China,GREATER_CHINA,Chinese,Consumer,None,2019-06-20,2019,RETURNING,True,MDM,2019-06-20,2026-04-17 15:58:36.669443
6fe8e193-ead7-4353-8f83-6e7287fe42cd,CUST-2019-CN-002177,波,曾,波 曾,Female,1954-11-20,user995.apple@aol.com,15772652981,贺街V座,沈阳市,通辽县,504911,CN,China,GREATER_CHINA,Chinese,Consumer,Silver,2019-08-28,2019,RETURNING,True,MDM,2019-08-28,2026-04-17 15:58:36.669445
a724fd93-1e90-4407-9606-50941990de7d,CUST-2019-CN-000034,龙,秦,龙 秦,Female,1992-11-18,user297.apple@gmail.com,13497472787,柳州街W座,玲县,秀兰市,927310,CN,China,GREATER_CHINA,Chinese,Consumer,Gold,2019-03-24,2019,RETURNING,True,MDM,2019-03-24,2026-04-17 15:58:36.669446
9d47c460-66a2-40f0-84d2-beef940b1edc,CUST-2019-CN-000232,波,宋,波 宋,Male,1980-01-17,user269.apple155@live.com,18042369988,东莞路r座,杨县,大冶县,639156,CN,China,GREATER_CHINA,Chinese,Consumer,Gold,2019-01-20,2019,RETURNING,True,MDM,2019-01-20,2026-04-17 15:58:36.669448
20263d4d-10a3-4d9a-9af0-f95924dcf747,CUST-2019-CN-000589,淑兰,江,淑兰 江,Female,1968-07-27,user711.apple@gmail.com,18909391968,张路q座,梧州市,柳州市,378756,CN,China,GREATER_CHINA,Chinese,Consumer,None,2019-03-28,2019,RETURNING,True,MDM,2019-03-28,2026-04-17 15:58:36.669449
4ca9db57-70f6-4bf8-9eab-b084524ab286,CUST-2020-CN-000066,倩,周,倩 周,Male,1966-04-13,user515.apple@msn.com,14715885711,澳门街N座,深圳县,沈阳县,533240,CN,China,GREATER_CHINA,Chinese,Business,Silver,2020-03-06,2020,RETURNING,True,MDM,2020-03-06 00:00:00,2026-04-17 15:58:36.669451
33d8911f-58db-4096-b986-48086aee5678,CUST-2019-CN-001506,凯,刘,凯 刘,Female,1976-02-10,user133.apple@live.com,18232998979,王路V座,波县,桂兰市,566286,CN,China,GREATER_CHINA,Chinese,Business,None,2019-11-21,2019,RETURNING,True,MDM,2019-11-21,2026-04-17 15:58:36.669453
603a24d0-bdd3-4a03-9d82-9bf0df90f436,CUST-2019-CN-001666,颖,匡,颖 匡,Female,2006-03-09,user119.apple568@mail.com,13321432730,黄街r座,梅市,春梅市,391204,CN,China,GREATER_CHINA,Chinese,Consumer,Silver,2019-10-03,2019,RETURNING,True,MDM,2019-10-03,2026-04-17 15:58:36.669454
8e435105-1ef1-49d2-8e75-9e3d216e6f08,CUST-2019-CN-000850,博,巴,博 巴,Male,1970-11-01,user179.apple764@aol.com,18932472472,佛山街t座,晶市,玲县,381351,CN,China,GREATER_CHINA,Chinese,Consumer,None,2019-09-13,2019,RETURNING,True,MDM,2019-09-13,2026-04-17 15:58:36.669456
3220f165-c84e-4dd1-bff5-966b17e5ee36,CUST-2019-CN-000748,帆,陈,帆 陈,Female,1991-08-03,user644.apple@icloud.com,18843484885,朱街y座,澳门县,广州市,266444,CN,China,GREATER_CHINA,Chinese,Consumer,Platinum,2019-12-06,2019,RETURNING,True,MDM,2019-12-06,2026-04-17 15:58:36.669457
68948e4d-37b0-44db-9ef2-590d6d822a58,CUST-2020-CN-000373,伟,冯,伟 冯,Female,2004-07-08,user294.apple@live.com,18855011584,海门街z座,长春县,哈尔滨县,773354,CN,China,GREATER_CHINA,Chinese,Business,None,2020-07-08,2020,RETURNING,True,MDM,2020-07-08 00:00:00,2026-04-17 15:58:36.669459
d221adb3-6ee3-430f-bdf0-4e74aad33fed,CUST-2019-CN-002789,超,胡,超 胡,Female,2006-04-16,user521.apple@gmail.com,15748759264,韩路U座,哈尔滨市,合肥市,458291,CN,China,GREATER_CHINA,Chinese,Consumer,None,2019-07-01,2019,RETURNING,True,MDM,2019-07-01,2026-04-17 15:58:36.669461
a83cdda4-111d-4a96-bb27-edf8c540d3e8,CUST-2019-CN-001770,涛,张,涛 张,Male,1959-12-25,user191.apple@msn.com,15562868076,曹街m座,楠市,平市,439365,CN,China,GREATER_CHINA,Chinese,Consumer,Silver,2019-01-21,2019,RETURNING,True,MDM,2019-01-21,2026-04-17 15:58:36.669463
c22c5f6a-1471-420c-9c81-a5487ffce07d,CUST-2019-CN-002336,淑华,朱,淑华 朱,Male,1979-11-24,user418.apple37@gmx.com,13779280327,沈阳街O座,兰英县,玉珍县,295365,CN,China,GREATER_CHINA,Chinese,Consumer,Platinum,2019-01-31,2019,RETURNING,True,MDM,2019-01-31,2026-04-17 15:58:36.669464
8cd28816-42eb-4086-8a0d-4a3516b8fecb,CUST-2020-CN-001014,成,张,成 张,Male,1989-08-26,user541.apple@yahoo.com,14528615949,阜新街U座,彬市,淑珍县,479239,CN,China,GREATER_CHINA,Chinese,Consumer,Silver,2020-10-26,2020,RETURNING,True,MDM,2020-10-26 00:00:00,2026-04-17 15:58:36.669466
8f7c21bb-d70c-443a-82e5-96d2774722f4,CUST-2019-CN-001826,玲,裴,玲 裴,Male,1966-12-28,user559.apple878@gmx.com,18806365779,兴安盟街U座,岩县,昆明市,784693,CN,China,GREATER_CHINA,Chinese,Consumer,Silver,2019-01-03,2019,RETURNING,True,MDM,2019-01-03,2026-04-17 15:58:36.669467
4348c123-945a-49c5-a650-68333b95acaf,CUST-2019-CN-001193,梅,郭,梅 郭,Male,1977-12-18,user936.apple@yahoo.com,14533254714,张家港街g座,台北市,建平县,897909,CN,China,GREATER_CHINA,Chinese,Consumer,Silver,2019-02-15,2019,RETURNING,False,MDM,2019-02-15,2026-04-17 15:58:36.669469
0bea07c5-1aa2-4033-b86f-e21740248766,CUST-2020-CN-000595,玉,陈,玉 陈,Male,1954-09-21,user682.apple44@hotmail.com,18546167279,崔路m座,超市,北镇市,613623,CN,China,GREATER_CHINA,Chinese,Consumer,None,2020-09-29,2020,RETURNING,False,MDM,2020-09-29 00:00:00,2026-04-17 15:58:36.669470
b25fb797-743e-4ab7-8345-a753928be312,CUST-2019-CN-000622,兵,陈,兵 陈,Female,2001-06-10,user634.apple867@protonmail.com,18831780073,吴街G座,西安市,香港市,188971,CN,China,GREATER_CHINA,Chinese,Consumer,None,2019-11-26,2019,RETURNING,True,MDM,2019-11-26,2026-04-17 15:58:36.669472
0c81d3e5-1b90-4736-8bfd-99492938be70,CUST-2020-CN-000831,莹,陆,莹 陆,Female,1976-01-30,user945.apple@outlook.com,13088190672,贾街P座,昆明县,玉华市,605436,CN,China,GREATER_CHINA,Chinese,Consumer,Gold,2020-12-31,2020,RETURNING,True,MDM,2020-12-31 00:00:00,2026-04-17 15:58:36.669474
74db416d-3c12-4bdb-adb4-a028b77d03f2,CUST-2019-CN-002358,彬,高,彬 高,Female,1990-12-20,user632.apple@outlook.com,13220904619,许街y座,成市,六盘水县,103389,CN,China,GREATER_CHINA,Chinese,Consumer,Silver,2019-12-12,2019,RETURNING,True,MDM,2019-12-12,2026-04-17 15:58:36.669475
817cfeb7-fca5-4a36-b8bd-b44093232916,CUST-2019-CN-000183,淑英,赵,淑英 赵,Female,1996-06-01,user344.apple@gmail.com,13640516774,郭街J座,太原市,柳州县,395657,CN,China,GREATER_CHINA,Chinese,Consumer,None,2019-03-31,2019,RETURNING,True,MDM,2019-03-31,2026-04-17 15:58:36.669477
caaadb47-2fdd-4d51-9eda-644234a96d80,CUST-2020-CN-000095,红霞,刘,红霞 刘,Female,1968-03-11,user972.apple@gmx.com,15048350818,淮安路p座,辛集县,丹市,932295,CN,China,GREATER_CHINA,Chinese,Consumer,None,2020-08-12,2020,RETURNING,True,MDM,2020-08-12 00:00:00,2026-04-17 15:58:36.669479
35aecf27-7f09-44b2-9103-6727b5e32a9d,CUST-2020-CN-001021,刚,游,刚 游,Male,1964-10-14,user638.apple@aol.com,18784033261,长沙路r座,旭县,六盘水市,708827,CN,China,GREATER_CHINA,Chinese,Consumer,Silver,2020-04-27,2020,RETURNING,True,MDM,2020-04-27 00:00:00,2026-04-17 15:58:36.669480
74461e84-23f6-47dd-b3f1-75070c65555f,CUST-2019-CN-001202,伟,周,伟 周,Male,1977-02-09,user557.apple@mail.com,13187885233,武汉路D座,杰县,海口市,834973,CN,China,GREATER_CHINA,Chinese,Consumer,None,2019-07-05,2019,RETURNING,True,MDM,2019-07-05,2026-04-17 15:58:36.669482
f93a22cb-df3d-499d-bb3d-f2aba83fd232,CUST-2019-CN-001973,梅,林,梅 林,Male,1966-03-15,user698.apple@icloud.com,14564793602,大冶路I座,广州市,斌县,236078,CN,China,GREATER_CHINA,Chinese,Consumer,Platinum,2019-08-28,2019,RETURNING,True,MDM,2019-08-28,2026-04-17 15:58:36.669483
d989eddb-adbb-4f7b-8d07-f203a2479e89,CUST-2020-CN-000623,婷婷,郭,婷婷 郭,Female,2002-10-16,user306.apple@protonmail.com,18267673940,谭街p座,通辽市,桂芝市,870029,CN,China,GREATER_CHINA,Chinese,Consumer,Platinum,2020-09-10,2020,RETURNING,True,MDM,2020-09-10 00:00:00,2026-04-17 15:58:36.669485
54e7d3cb-fbf4-46f7-a73e-55aadc0af92f,CUST-2019-CN-001492,坤,窦,坤 窦,Female,1953-05-17,user324.apple235@mail.com,15991788898,长沙路z座,深圳县,邯郸县,843040,CN,China,GREATER_CHINA,Chinese,Consumer,None,2019-07-08,2019,RETURNING,True,MDM,2019-07-08,2026-04-17 15:58:36.669486
928bc3c3-6065-4086-ad37-6595f2c3f68b,CUST-2019-CN-000987,秀云,张,秀云 张,Female,1991-01-11,user472.apple@zoho.com,15912485103,汤街t座,小红县,桂荣市,858291,CN,China,GREATER_CHINA,Chinese,Consumer,Silver,2019-01-02,2019,RETURNING,True,MDM,2019-01-02,2026-04-17 15:58:36.669488
af1f0f32-e596-4428-bcb9-aa84098fc38f,CUST-2020-CN-000514,丽,易,丽 易,Male,1974-10-31,user797.apple@aol.com,18167597110,淮安路V座,波县,丽县,407829,CN,China,GREATER_CHINA,Chinese,Education,Gold,2020-05-28,2020,RETURNING,False,MDM,2020-05-28 00:00:00,2026-04-17 15:58:36.669489
ca780b6d-db02-4006-a494-92f0d91e0820,CUST-2019-CN-002616,博,程,博 程,Female,1953-11-19,user294.apple@msn.com,15288603311,广州路u座,丽华市,云县,359958,CN,China,GREATER_CHINA,Chinese,Consumer,Gold,2019-01-06,2019,RETURNING,True,MDM,2019-01-06,2026-04-17 15:58:36.669491
c1508570-ee22-44ee-87fa-1de83c106c4c,CUST-2020-CN-000933,彬,杜,彬 杜,Male,1990-04-17,user152.apple506@gmx.com,15190593681,张街P座,澳门市,济南市,707874,CN,China,GREATER_CHINA,Chinese,Consumer,Platinum,2020-07-17,2020,RETURNING,True,MDM,2020-07-17 00:00:00,2026-04-17 15:58:36.669492
f6393552-0843-4e44-b286-86288c9da276,CUST-2019-CN-001128,建,冯,建 冯,Male,1979-01-19,user777.apple539@mail.com,18245476460,尹路v座,颖县,天津县,667022,CN,China,GREATER_CHINA,Chinese,Consumer,None,2019-01-24,2019,RETURNING,True,MDM,2019-01-24,2026-04-17 15:58:36.669494
89be0215-bbbe-4337-9fd1-3cfbbc4038e8,CUST-2020-CN-000499,金凤,黄,金凤 黄,Male,1951-01-19,user398.apple@yahoo.com,13562864369,张路O座,沈阳县,长春市,143314,CN,China,GREATER_CHINA,Chinese,Business,None,2020-06-09,2020,RETURNING,True,MDM,2020-06-09 00:00:00,2026-04-17 15:58:36.669496
2aa77ea6-3569-441d-986b-b2e54625c11a,CUST-2019-CN-001538,小红,左,小红 左,Female,1987-06-09,user185.apple@hotmail.com,13162857036,南京路r座,南昌市,宜都市,397467,CN,China,GREATER_CHINA,Chinese,Education,None,2019-02-20,2019,RETURNING,True,MDM,2019-02-20,2026-04-17 15:58:36.669498
395d1b1b-20a7-436d-89f8-66f1b7560829,CUST-2020-CN-000718,静,龙,静 龙,Male,2002-06-11,user712.apple@aol.com,13608013759,华路B座,福州县,秀芳市,511545,CN,China,GREATER_CHINA,Chinese,Consumer,None,2020-02-10,2020,RETURNING,True,MDM,2020-02-10 00:00:00,2026-04-17 15:58:36.669500
fe1195e1-0a06-4b5a-a65b-eb00e6a78806,CUST-2019-CN-000204,伟,王,伟 王,Male,1979-09-08,user165.apple@protonmail.com,18937864377,贵阳路T座,东莞县,强县,792813,CN,China,GREATER_CHINA,Chinese,Consumer,None,2019-08-28,2019,RETURNING,True,MDM,2019-08-28,2026-04-17 15:58:36.669502
dfbe984f-0777-4f26-8a8a-1b81983eaf0d,CUST-2020-CN-000821,秀珍,廖,秀珍 廖,Male,1970-12-01,user457.apple@aol.com,13500682065,武汉街s座,佛山市,西宁市,656043,CN,China,GREATER_CHINA,Chinese,Consumer,None,2020-05-23,2020,RETURNING,True,MDM,2020-05-23 00:00:00,2026-04-17 15:58:36.669503
e3617562-213e-42dc-bfad-1984653311fe,CUST-2019-CN-002006,丹丹,林,丹丹 林,Female,1971-04-06,user957.apple@aol.com,14520996048,太原路x座,冬梅市,东县,115715,CN,China,GREATER_CHINA,Chinese,Business,Platinum,2019-06-16,2019,RETURNING,False,MDM,2019-06-16,2026-04-17 15:58:36.669505
3d266502-4d68-4445-a0f3-6a7202ef8223,CUST-2020-CN-000957,宇,兰,宇 兰,Female,1995-05-01,user887.apple@icloud.com,15819724207,六安街W座,上海市,惠州县,706718,CN,China,GREATER_CHINA,Chinese,Consumer,Platinum,2020-05-21,2020,RETURNING,True,MDM,2020-05-21 00:00:00,2026-04-17 15:58:36.669506
3f371ff6-6e2c-4c09-b768-eda367af5be2,CUST-2020-CN-001024,桂英,李,桂英 李,Female,1998-12-03,user835.apple@zoho.com,13345631067,贵阳街O座,宜都县,南昌市,829019,CN,China,GREATER_CHINA,Chinese,Consumer,Silver,2020-09-29,2020,RETURNING,True,MDM,2020-09-29 00:00:00,2026-04-17 15:58:36.669508
2198e6f4-27b3-4727-8149-3edd47f7737f,CUST-2019-CN-002841,宁,郝,宁 郝,Male,1960-06-17,user183.apple@protonmail.com,15250661373,郭路r座,兴安盟县,昆明市,296809,CN,China,GREATER_CHINA,Chinese,Education,None,2019-11-07,2019,RETURNING,True,MDM,2019-11-07,2026-04-17 15:58:36.669509
2f87e7ff-9a51-447e-95a3-48b686ca13a7,CUST-2019-CN-001776,丽华,李,丽华 李,Male,1989-01-09,user224.apple@aol.com,14547435109,北镇路S座,英市,琴县,763479,CN,China,GREATER_CHINA,Chinese,Consumer,None,2019-02-26,2019,RETURNING,True,MDM,2019-02-26,2026-04-17 15:58:36.669511
f70680da-99c6-48b1-a5a0-52c0b215ba17,CUST-2020-CN-000493,杨,曹,杨 曹,Female,2007-12-03,user163.apple@outlook.com,15718661761,华街I座,梧州市,东莞县,359061,CN,China,GREATER_CHINA,Chinese,Consumer,Silver,2020-12-14,2020,RETURNING,True,MDM,2020-12-14 00:00:00,2026-04-17 15:58:36.669513
869ef4e0-2769-4a4f-b72a-3e77a36564f2,CUST-2020-CN-001004,淑珍,任,淑珍 任,Male,1981-07-03,user314.apple357@mail.com,15190544413,北镇路j座,飞市,帆县,627110,CN,China,GREATER_CHINA,Chinese,Consumer,None,2020-04-20,2020,RETURNING,True,MDM,2020-04-20 00:00:00,2026-04-17 15:58:36.669514
a2ccdb9e-7610-4e32-9e5e-007ac57e9e7e,CUST-2019-CN-000208,静,邓,静 邓,Female,1996-03-11,user226.apple@gmx.com,15566827164,海门街s座,秀芳市,张家港市,199080,CN,China,GREATER_CHINA,Chinese,Consumer,None,2019-05-13,2019,RETURNING,True,MDM,2019-05-13,2026-04-17 15:58:36.669516
070531bc-cb58-43ad-a585-929d2f9d831b,CUST-2020-CN-000347,建华,阎,建华 阎,Female,1979-02-25,user254.apple@icloud.com,18540020952,银川路S座,呼和浩特市,丽华市,756950,CN,China,GREATER_CHINA,Chinese,Consumer,Silver,2020-04-21,2020,RETURNING,True,MDM,2020-04-21 00:00:00,2026-04-17 15:58:36.669518
e6bb3fe9-9f58-402c-a74a-f561bee24aaa,CUST-2019-CN-000456,涛,王,涛 王,Female,1990-05-02,user323.apple@outlook.com,13885115351,马街e座,澳门市,辉县,508916,CN,China,GREATER_CHINA,Chinese,Business,None,2019-12-30,2019,RETURNING,False,MDM,2019-12-30,2026-04-17 15:58:36.669519
cefae741-92a0-403e-a61b-1543abeccd25,CUST-2019-CN-000027,晨,甘,晨 甘,Female,1967-05-07,user910.apple@mail.com,15156153855,吕路g座,重庆县,长春市,158294,CN,China,GREATER_CHINA,Chinese,Consumer,None,2019-05-27,2019,RETURNING,True,MDM,2019-05-27,2026-04-17 15:58:36.669521
aafc3e88-3d8a-4fd2-b327-15b4919bf23f,CUST-2020-CN-000504,晶,龙,晶 龙,Female,1995-02-11,user535.apple553@zoho.com,13184408368,南京街X座,淑兰县,坤县,483925,CN,China,GREATER_CHINA,Chinese,Consumer,Silver,2020-12-05,2020,RETURNING,True,MDM,2020-12-05 00:00:00,2026-04-17 15:58:36.669523
1bf12f6d-fb18-4846-8f05-0d425ea843b8,CUST-2019-CN-000448,飞,文,飞 文,Male,1961-08-12,user199.apple@mail.com,15248904060,王路o座,太原市,郑州县,989428,CN,China,GREATER_CHINA,Chinese,Consumer,Silver,2019-03-07,2019,RETURNING,True,MDM,2019-03-07,2026-04-17 15:58:36.669524
2cbe9615-203f-42ac-9224-4a5c2f29a1ec,CUST-2019-CN-000221,倩,袁,倩 袁,Male,1960-11-17,user148.apple@aol.com,15860025395,蒋街x座,桂珍市,洁县,610133,CN,China,GREATER_CHINA,Chinese,Education,None,2019-10-15,2019,RETURNING,True,MDM,2019-10-15,2026-04-17 15:58:36.669526
16a1f6bb-343a-437a-9f36-2be28763ba64,CUST-2019-CN-001314,玉英,方,玉英 方,Male,1996-02-03,user989.apple783@gmail.com,14599534881,上海街R座,婷婷市,北镇县,738692,CN,China,GREATER_CHINA,Chinese,Consumer,Gold,2019-09-30,2019,RETURNING,True,MDM,2019-09-30,2026-04-17 15:58:36.669527
11f6d3d1-f301-48ea-a899-6392a3b28c77,CUST-2020-CN-000897,健,鞠,健 鞠,Female,1979-12-21,user841.apple@gmx.com,14522280711,黄街I座,南宁县,萍县,550934,CN,China,GREATER_CHINA,Chinese,Consumer,None,2020-03-12,2020,RETURNING,True,MDM,2020-03-12 00:00:00,2026-04-17 15:58:36.669530
c1151c04-5fa2-4a10-bb84-1ddd2fa90b7f,CUST-2019-CN-000181,淑英,聂,淑英 聂,Female,1985-02-04,user768.apple@aol.com,18815145085,吴路h座,文市,柳州市,573611,CN,China,GREATER_CHINA,Chinese,Education,Platinum,2019-08-29,2019,RETURNING,True,MDM,2019-08-29,2026-04-17 15:58:36.669531
c1f65447-5c3b-4529-a424-3d1d6857d520,CUST-2019-CN-001849,欢,郭,欢 郭,Female,1998-10-13,user929.apple512@zoho.com,18166148576,盘街N座,静县,天津市,339079,CN,China,GREATER_CHINA,Chinese,Consumer,Silver,2019-03-21,2019,RETURNING,True,MDM,2019-03-21,2026-04-17 15:58:36.669533
a1ae4006-87c8-4ecb-822c-27b74a759a57,CUST-2020-CN-000779,玉梅,张,玉梅 张,Female,1984-04-17,user358.apple@yahoo.com,13502016850,任路Y座,惠州县,荣县,437975,CN,China,GREATER_CHINA,Chinese,Consumer,Silver,2020-04-21,2020,RETURNING,True,MDM,2020-04-21 00:00:00,2026-04-17 15:58:36.669534
023211df-0717-4182-8405-be43d5894193,CUST-2020-CN-000862,博,李,博 李,Female,1992-09-08,user706.apple@msn.com,15746560629,李街e座,岩县,澳门市,368285,CN,China,GREATER_CHINA,Chinese,Consumer,Platinum,2020-06-01,2020,RETURNING,True,MDM,2020-06-01 00:00:00,2026-04-17 15:58:36.669535
fa241d3c-9d53-4411-8d84-feb8754b86e0,CUST-2020-CN-000798,桂芝,周,桂芝 周,Male,1952-06-30,user233.apple215@hotmail.com,18927569221,南京街i座,欣市,贵阳市,284066,CN,China,GREATER_CHINA,Chinese,Consumer,Platinum,2020-09-19,2020,RETURNING,True,MDM,2020-09-19 00:00:00,2026-04-17 15:58:36.669537
848c8824-d4e9-4ce2-aebc-7b5dc64b045f,CUST-2019-CN-000575,娟,刘,娟 刘,Female,2001-12-21,user656.apple@gmx.com,18848554353,贵阳路s座,佛山市,北镇县,207736,CN,China,GREATER_CHINA,Chinese,Consumer,None,2019-03-06,2019,RETURNING,True,MDM,2019-03-06,2026-04-17 15:58:36.669539
42c7b0af-64b0-4dbc-980e-896b0a09e806,CUST-2020-CN-000896,淑兰,靳,淑兰 靳,Female,1979-12-23,user329.apple@live.com,14582467232,贵阳街d座,婷县,芳县,125151,CN,China,GREATER_CHINA,Chinese,Consumer,None,2020-11-27,2020,RETURNING,True,MDM,2020-11-27 00:00:00,2026-04-17 15:58:36.669541
8eae722b-0474-4180-a26a-97dc1ecf65d0,CUST-2020-CN-000753,旭,窦,旭 窦,Female,1972-05-10,user457.apple@icloud.com,13818918759,台北路k座,宁德县,桂荣市,848535,CN,China,GREATER_CHINA,Chinese,Consumer,None,2020-01-13,2020,RETURNING,True,MDM,2020-01-13 00:00:00,2026-04-17 15:58:36.669542
44c7b411-3519-4608-bc46-5ccb5b738bf1,CUST-2019-CN-002214,刚,黄,刚 黄,Male,1994-03-23,user691.apple@live.com,18000212084,李路b座,晶县,兴安盟市,762058,CN,China,GREATER_CHINA,Chinese,Education,None,2019-10-03,2019,RETURNING,True,MDM,2019-10-03,2026-04-17 15:58:36.669544
365df792-8839-4a39-95b1-995785db1089,CUST-2019-CN-001545,丹丹,涂,丹丹 涂,Female,1961-10-22,user936.apple326@mail.com,18646345985,南昌路P座,海门县,玉梅县,190824,CN,China,GREATER_CHINA,Chinese,Consumer,Gold,2019-01-31,2019,RETURNING,True,MDM,2019-01-31,2026-04-17 15:58:36.669546
68d80fd0-d786-4d4e-b193-f3b0cefe9cf5,CUST-2020-CN-000860,建,孟,建 孟,Female,1986-06-18,user735.apple291@gmx.com,18539636624,廖路j座,玲县,洁市,904155,CN,China,GREATER_CHINA,Chinese,Education,Silver,2020-12-21,2020,RETURNING,True,MDM,2020-12-21 00:00:00,2026-04-17 15:58:36.669547
346c02ab-38c0-4af2-8417-6677995abd4b,CUST-2019-CN-001733,建国,曹,建国 曹,Male,1976-04-16,user962.apple384@gmx.com,15588696553,南京街u座,济南市,北京县,662460,CN,China,GREATER_CHINA,Chinese,Consumer,None,2019-06-14,2019,RETURNING,True,MDM,2019-06-14,2026-04-17 15:58:36.669549
3cec87e8-9163-4d7b-b542-f3226c046b6b,CUST-2019-CN-002165,娜,胡,娜 胡,Female,1975-12-22,user119.apple@icloud.com,13253547256,沈阳街D座,丹丹县,拉萨市,620847,CN,China,GREATER_CHINA,Chinese,Consumer,Platinum,2019-10-14,2019,RETURNING,True,MDM,2019-10-14,2026-04-17 15:58:36.669550
992e507a-6e03-435b-834a-aa203b20a785,CUST-2019-CN-000970,勇,黄,勇 黄,Male,1958-01-20,user686.apple@zoho.com,18789585535,邯郸路C座,东莞县,浩市,939334,CN,China,GREATER_CHINA,Chinese,Consumer,Gold,2019-11-18,2019,RETURNING,True,MDM,2019-11-18,2026-04-17 15:58:36.669552
4aa738bc-b66b-4ef2-a310-48a920e0d900,CUST-2019-CN-001853,敏,刘,敏 刘,Female,1964-06-10,user168.apple514@live.com,14736905169,郭街e座,桂芝市,南京县,292472,CN,China,GREATER_CHINA,Chinese,Business,None,2019-10-13,2019,RETURNING,True,MDM,2019-10-13,2026-04-17 15:58:36.669554
4d95e87e-8e3e-4207-b1c8-ff22acea5a13,CUST-2019-CN-002958,雪,鄢,雪 鄢,Female,1950-05-20,user590.apple@outlook.com,15047164676,高路a座,燕市,娜市,685996,CN,China,GREATER_CHINA,Chinese,Consumer,None,2019-09-01,2019,RETURNING,False,MDM,2019-09-01,2026-04-17 15:58:36.669555
69f7c116-1838-42d9-a9df-eec7af92a11e,CUST-2019-CN-001330,静,高,静 高,Female,1988-05-06,user996.apple@zoho.com,18938085100,梧州街T座,宜都县,勇县,978756,CN,China,GREATER_CHINA,Chinese,Consumer,None,2019-07-09,2019,RETURNING,True,MDM,2019-07-09,2026-04-17 15:58:36.669557
5ea097de-452c-44a6-a2f2-879172e16ba3,CUST-2019-CN-000728,琴,朱,琴 朱,Female,1977-08-11,user175.apple@zoho.com,15122711221,乌鲁木齐街P座,成都市,宁德市,830645,CN,China,GREATER_CHINA,Chinese,Consumer,None,2019-04-05,2019,RETURNING,True,MDM,2019-04-05,2026-04-17 15:58:36.669559
772b5f70-6b09-4b9f-bfff-66fbc353d48d,CUST-2019-CN-000797,玉兰,林,玉兰 林,Male,1959-11-20,user358.apple@hotmail.com,13844255204,南京街Z座,军县,马鞍山市,501136,CN,China,GREATER_CHINA,Chinese,Consumer,None,2019-09-05,2019,RETURNING,True,MDM,2019-09-05,2026-04-17 15:58:36.669561
19c7bfea-b89a-4d27-b8ac-15fcd16a7fbe,CUST-2020-CN-001073,春梅,罗,春梅 罗,Male,1981-07-15,user507.apple@msn.com,18250157121,亢街U座,畅县,欢县,939910,CN,China,GREATER_CHINA,Chinese,Consumer,None,2020-10-27,2020,RETURNING,True,MDM,2020-10-27 00:00:00,2026-04-17 15:58:36.669563
7bf97d0d-7577-45ce-851f-b23830a43489,CUST-2019-CN-000007,秀珍,向,秀珍 向,Female,1993-09-25,user653.apple@live.com,15282217026,兰州路H座,太原县,合肥市,283919,CN,China,GREATER_CHINA,Chinese,Consumer,Platinum,2019-09-05,2019,RETURNING,True,MDM,2019-09-05,2026-04-17 15:58:36.669564
0a51d105-ae6c-41f2-b102-f672b178a0f9,CUST-2019-CN-000122,鑫,方,鑫 方,Female,1990-11-19,user788.apple@gmail.com,13319661995,潘路x座,芳市,俊市,727095,CN,China,GREATER_CHINA,Chinese,Business,None,2019-03-09,2019,RETURNING,True,MDM,2019-03-09,2026-04-17 15:58:36.669566
f14ee55d-73e6-4f7d-a8ef-fb8ca24cf422,CUST-2019-CN-002281,倩,梅,倩 梅,Male,1957-01-21,user312.apple@protonmail.com,15346704818,银川路q座,宁德县,六安市,190185,CN,China,GREATER_CHINA,Chinese,Consumer,None,2019-03-10,2019,RETURNING,True,MDM,2019-03-10,2026-04-17 15:58:36.669568
2e870b2d-330e-41b9-9a49-4fbcd5caff94,CUST-2019-CN-001231,淑英,高,淑英 高,Female,1953-07-28,user539.apple@outlook.com,15859727028,长沙路V座,成县,凤兰县,703999,CN,China,GREATER_CHINA,Chinese,Business,None,2019-03-15,2019,RETURNING,True,MDM,2019-03-15,2026-04-17 15:58:36.669570
7e592a29-fca1-4c32-b15e-f791ba302ed7,CUST-2020-CN-000709,海燕,徐,海燕 徐,Female,1993-01-25,user975.apple@yahoo.com,13600584574,银川街U座,深圳县,济南县,784300,CN,China,GREATER_CHINA,Chinese,Consumer,None,2020-02-04,2020,RETURNING,True,MDM,2020-02-04 00:00:00,2026-04-17 15:58:36.669572
958525a6-1e01-4812-b776-c92e35441598,CUST-2020-CN-000988,瑜,张,瑜 张,Female,1957-05-07,user840.apple983@zoho.com,15374413346,广州路E座,拉萨市,成都县,691573,CN,China,GREATER_CHINA,Chinese,Consumer,Silver,2020-10-24,2020,RETURNING,True,MDM,2020-10-24 00:00:00,2026-04-17 15:58:36.669573
e3fb3f20-18b8-4646-bc9b-880c3bb61645,CUST-2019-CN-001043,文,赵,文 赵,Female,1990-04-25,user364.apple@gmail.com,13862417713,大冶路s座,小红县,涛市,394820,CN,China,GREATER_CHINA,Chinese,Education,None,2019-08-26,2019,RETURNING,True,MDM,2019-08-26,2026-04-17 15:58:36.669575
73ebe9af-c0d8-4f43-930c-122846f30e3c,CUST-2019-CN-002170,彬,梁,彬 梁,Male,2004-04-19,user121.apple@gmail.com,13240188067,周路K座,马鞍山市,兴城市,736680,CN,China,GREATER_CHINA,Chinese,Consumer,Gold,2019-09-14,2019,RETURNING,False,MDM,2019-09-14,2026-04-17 15:58:36.669577
6261f0a5-150b-41ec-b30f-179194913341,CUST-2019-CN-001443,玉华,鞠,玉华 鞠,Male,1974-01-07,user432.apple611@aol.com,13389330216,王街T座,莉市,六安市,166982,CN,China,GREATER_CHINA,Chinese,Consumer,None,2019-12-11,2019,RETURNING,True,MDM,2019-12-11,2026-04-17 15:58:36.669579
65e3d71a-5b1d-4a60-a51c-691d9fdb3d0f,CUST-2020-CN-000636,金凤,郭,金凤 郭,Male,2001-03-06,user826.apple@gmx.com,18154529911,石家庄路g座,长春县,金凤县,866454,CN,China,GREATER_CHINA,Chinese,Education,Silver,2020-05-29,2020,RETURNING,True,MDM,2020-05-29 00:00:00,2026-04-17 15:58:36.669580
abc2f60d-df9b-4352-9b98-6689566a9df4,CUST-2019-CN-002396,桂香,张,桂香 张,Female,1986-05-10,user893.apple@icloud.com,13198077471,张路M座,辛集县,兴安盟市,824146,CN,China,GREATER_CHINA,Chinese,Education,Silver,2019-11-02,2019,RETURNING,True,MDM,2019-11-02,2026-04-17 15:58:36.669581
b2b76c74-d02c-4060-8d2a-ff0914f50290,CUST-2020-CN-000208,超,张,超 张,Male,1959-02-15,user123.apple@outlook.com,13939601329,潜江街A座,桂芝市,拉萨市,619420,CN,China,GREATER_CHINA,Chinese,Consumer,Silver,2020-06-08,2020,RETURNING,True,MDM,2020-06-08 00:00:00,2026-04-17 15:58:36.669583
f0a770cc-8680-44c5-b3f6-17f094a5acc6,CUST-2019-CN-002226,宇,张,宇 张,Female,1976-02-05,user473.apple@live.com,15123593306,银川街S座,合山市,长沙市,727656,CN,China,GREATER_CHINA,Chinese,Consumer,None,2019-08-10,2019,RETURNING,True,MDM,2019-08-10,2026-04-17 15:58:36.669585
dcc35ee9-afdd-4995-b5d2-e5771578f871,CUST-2019-CN-001792,丹,许,丹 许,Male,1977-09-24,user772.apple@aol.com,15724382405,张街A座,荆门市,超县,849908,CN,China,GREATER_CHINA,Chinese,Consumer,Gold,2019-03-15,2019,RETURNING,True,MDM,2019-03-15,2026-04-17 15:58:36.669586
dcabef14-c13b-4f97-b0b7-e6a457f9da83,CUST-2019-CN-001153,丽丽,韩,丽丽 韩,Male,1971-06-11,user211.apple@mail.com,14722203149,苏街v座,合肥县,南宁市,175430,CN,China,GREATER_CHINA,Chinese,Consumer,Gold,2019-05-15,2019,RETURNING,True,MDM,2019-05-15,2026-04-17 15:58:36.669587
7c97ccd0-c042-459a-9479-1f02f32769d1,CUST-2019-CN-001712,平,黎,平 黎,Female,1961-07-13,user963.apple54@live.com,13358676162,上海街y座,合山县,南昌市,304352,CN,China,GREATER_CHINA,Chinese,Consumer,None,2019-06-04,2019,RETURNING,True,MDM,2019-06-04,2026-04-17 15:58:36.669589
07c1caf8-ba55-40b8-8dcb-fd37cf104cb2,CUST-2019-CN-002858,秀华,王,秀华 王,Female,1985-12-26,user963.apple@gmx.com,18585306717,李路w座,建县,军县,304130,CN,China,GREATER_CHINA,Chinese,Business,None,2019-09-01,2019,RETURNING,True,MDM,2019-09-01,2026-04-17 15:58:36.669591
a51cca0e-89fa-4051-98e1-e5a111a17aa9,CUST-2019-CN-001581,瑞,易,瑞 易,Female,1969-06-20,user718.apple270@msn.com,18016166939,颜街T座,贵阳市,燕市,612189,CN,China,GREATER_CHINA,Chinese,Education,None,2019-09-16,2019,RETURNING,True,MDM,2019-09-16,2026-04-17 15:58:36.669593
ad2aad53-fb7c-44f2-8d4b-3631b0486c40,CUST-2019-CN-000205,杰,李,杰 李,Male,1977-05-26,user350.apple@aol.com,13159036051,六盘水街o座,桂花县,磊市,255870,CN,China,GREATER_CHINA,Chinese,Consumer,Gold,2019-06-09,2019,RETURNING,True,MDM,2019-06-09,2026-04-17 15:58:36.669594
047ceb79-3417-44fa-a2fb-c5921b6ce80f,CUST-2019-CN-002642,阳,黄,阳 黄,Female,1964-04-01,user111.apple774@mail.com,13122340621,宋街a座,艳市,西安县,785924,CN,China,GREATER_CHINA,Chinese,Consumer,None,2019-12-01,2019,RETURNING,True,MDM,2019-12-01,2026-04-17 15:58:36.669596
e321286d-e097-4f44-b500-d985dbc564d1,CUST-2020-CN-000903,建,吴,建 吴,Male,1995-04-12,user997.apple@gmx.com,18765520633,徐路i座,贵阳市,凯市,211165,CN,China,GREATER_CHINA,Chinese,Consumer,Platinum,2020-03-06,2020,RETURNING,True,MDM,2020-03-06 00:00:00,2026-04-17 15:58:36.669598
d55cd40f-b15b-47a4-a7a1-226c3ede11d4,CUST-2019-CN-001484,秀兰,李,秀兰 李,Male,1984-05-16,user883.apple835@mail.com,13551384770,西宁路a座,阳县,海燕县,168327,CN,China,GREATER_CHINA,Chinese,Education,None,2019-07-05,2019,RETURNING,True,MDM,2019-07-05,2026-04-17 15:58:36.669600
f23eb0be-aa65-4e83-b00d-eb36c3cfd8dd,CUST-2020-CN-000733,桂花,李,桂花 李,Male,1999-03-26,user195.apple120@live.com,14573808199,顾路e座,梧州县,静市,404332,CN,China,GREATER_CHINA,Chinese,Consumer,Silver,2020-12-22,2020,RETURNING,True,MDM,2020-12-22 00:00:00,2026-04-17 15:58:36.669601
e019cf6d-d752-44af-9169-f8da4828309e,CUST-2019-CN-001306,玉兰,陈,玉兰 陈,Female,1977-08-13,user137.apple1@gmail.com,13017941666,合山路L座,长沙市,红梅县,226622,CN,China,GREATER_CHINA,Chinese,Consumer,None,2019-02-19,2019,RETURNING,True,MDM,2019-02-19,2026-04-17 15:58:36.669607
2dc53265-d534-440b-84be-8e1c176b545b,CUST-2019-CN-000477,娜,贺,娜 贺,Male,2005-06-10,user335.apple@mail.com,13042576363,贵阳街J座,小红市,玉英市,250102,CN,China,GREATER_CHINA,Chinese,Consumer,Gold,2019-09-03,2019,RETURNING,True,MDM,2019-09-03,2026-04-17 15:58:36.669609
8b5dbaa6-a1cb-4a3b-b9de-f266f0964afb,CUST-2020-CN-000405,成,杨,成 杨,Female,1984-01-27,user616.apple@icloud.com,15032120071,长春路j座,哈尔滨市,关岭市,535163,CN,China,GREATER_CHINA,Chinese,Consumer,None,2020-10-23,2020,RETURNING,True,MDM,2020-10-23 00:00:00,2026-04-17 15:58:36.669611
372da65f-0a88-46d7-bb93-aae9d3be8619,CUST-2019-CN-000035,建国,刘,建国 刘,Female,2001-09-17,user656.apple271@live.com,18031826275,林街X座,萍市,潮州市,776322,CN,China,GREATER_CHINA,Chinese,Consumer,None,2019-02-08,2019,RETURNING,True,MDM,2019-02-08,2026-04-17 15:58:36.669613
45a5267d-9c23-42af-b43a-0c6264298b1f,CUST-2019-CN-000329,丽,张,丽 张,Female,1967-08-18,user501.apple@msn.com,15662544621,刘街B座,长沙市,嘉禾县,696938,CN,China,GREATER_CHINA,Chinese,Consumer,None,2019-07-18,2019,RETURNING,True,MDM,2019-07-18,2026-04-17 15:58:36.669615
c5f94aa6-240c-4886-af4f-dc3d94ff5d49,CUST-2020-CN-000468,秀珍,盛,秀珍 盛,Male,1959-08-22,user111.apple@protonmail.com,15781795187,朱路E座,丹县,静县,328604,CN,China,GREATER_CHINA,Chinese,Consumer,Gold,2020-05-30,2020,RETURNING,True,MDM,2020-05-30 00:00:00,2026-04-17 15:58:36.669616
48e904b8-e8f0-4623-9ccd-d519aa2fd308,CUST-2020-CN-000268,华,石,华 石,Female,1990-06-23,user838.apple@yahoo.com,18509603852,太原路V座,哈尔滨市,桂芝县,531111,CN,China,GREATER_CHINA,Chinese,Consumer,None,2020-10-22,2020,RETURNING,True,MDM,2020-10-22 00:00:00,2026-04-17 15:58:36.669618
23416bb7-cd16-4b2c-8104-686bb86c8cce,CUST-2019-CN-000524,玉梅,毛,玉梅 毛,Male,1989-08-09,user226.apple636@protonmail.com,13075355467,蒋路x座,琳市,强市,318319,CN,China,GREATER_CHINA,Chinese,Consumer,Gold,2019-11-06,2019,RETURNING,True,MDM,2019-11-06,2026-04-17 15:58:36.669619
e6231872-70e9-4861-96cf-966f633a12fe,CUST-2020-CN-000063,岩,高,岩 高,Female,1959-04-16,user447.apple866@outlook.com,15673394621,拉萨街S座,萍县,淮安县,770570,CN,China,GREATER_CHINA,Chinese,Consumer,Silver,2020-03-27,2020,RETURNING,True,MDM,2020-03-27 00:00:00,2026-04-17 15:58:36.669621
d9ecfb91-02f5-4e1e-99eb-cca00ecf5d43,CUST-2019-CN-002037,莉,刘,莉 刘,Male,1970-09-19,user237.apple@outlook.com,18006299785,杨路j座,合肥市,瑞市,949834,CN,China,GREATER_CHINA,Chinese,Education,None,2019-06-08,2019,RETURNING,True,MDM,2019-06-08,2026-04-17 15:58:36.669623
95bdea17-ccea-4ca2-84ce-e0517465ea3a,CUST-2019-CN-000228,瑞,张,瑞 张,Female,1981-11-06,user688.apple@msn.com,15707921249,福州街f座,志强市,磊市,491593,CN,China,GREATER_CHINA,Chinese,Education,None,2019-12-01,2019,RETURNING,True,MDM,2019-12-01,2026-04-17 15:58:36.669624
f8fdcce7-a370-458d-916f-237081e93d6c,CUST-2020-CN-000423,建,周,建 周,Male,1975-08-20,user770.apple211@protonmail.com,13335659563,李路w座,晨县,拉萨市,732145,CN,China,GREATER_CHINA,Chinese,Consumer,Silver,2020-02-15,2020,RETURNING,True,MDM,2020-02-15 00:00:00,2026-04-17 15:58:36.669629
3265754b-0db1-4dd3-bef3-925617606cfe,CUST-2019-CN-002309,杨,徐,杨 徐,Male,2004-07-31,user148.apple577@live.com,18008691507,南京路v座,健市,北镇市,944466,CN,China,GREATER_CHINA,Chinese,Consumer,None,2019-09-01,2019,RETURNING,True,MDM,2019-09-01,2026-04-17 15:58:36.669631
b7040b96-71e8-4add-a79b-20b1b86a8b2a,CUST-2020-CN-000049,建华,赵,建华 赵,Female,2006-07-23,user288.apple73@yahoo.com,15525962557,武街x座,柳州市,秀梅市,516531,CN,China,GREATER_CHINA,Chinese,Consumer,Silver,2020-05-31,2020,RETURNING,True,MDM,2020-05-31 00:00:00,2026-04-17 15:58:36.669633
4913f5c7-73c3-46a5-8f9d-05a022b812ec,CUST-2020-CN-000171,玉珍,秦,玉珍 秦,Male,1951-01-14,user255.apple@live.com,13549306125,济南街v座,杰市,强县,879873,CN,China,GREATER_CHINA,Chinese,Consumer,None,2020-01-29,2020,RETURNING,True,MDM,2020-01-29 00:00:00,2026-04-17 15:58:36.669635
d8674b73-1e6c-4a12-82c8-3d18eff96298,CUST-2019-CN-002868,欢,梁,欢 梁,Female,1959-01-16,user515.apple@gmx.com,18599761329,李路D座,畅市,惠州市,792466,CN,China,GREATER_CHINA,Chinese,Consumer,Gold,2019-12-06,2019,RETURNING,True,MDM,2019-12-06,2026-04-17 15:58:36.669636
67b12d5c-f4af-45b7-aa7c-491bd0a1e639,CUST-2020-CN-000013,倩,余,倩 余,Male,1964-12-25,user355.apple@zoho.com,13413743211,张家港路y座,成都县,武汉市,286835,CN,China,GREATER_CHINA,Chinese,Consumer,Platinum,2020-12-26,2020,RETURNING,True,MDM,2020-12-26 00:00:00,2026-04-17 15:58:36.669638
08f126c9-1613-48b5-85ba-04f667703acc,CUST-2020-CN-000233,欢,张,欢 张,Male,2004-06-06,user183.apple@live.com,18063297089,辽阳路B座,兴安盟县,汕尾县,486329,CN,China,GREATER_CHINA,Chinese,Consumer,Platinum,2020-12-08,2020,RETURNING,True,MDM,2020-12-08 00:00:00,2026-04-17 15:58:36.669639
31ff1920-1e8e-45e5-af70-dbce9e57aad3,CUST-2019-CN-000567,红霞,张,红霞 张,Female,1998-01-05,user198.apple@outlook.com,15120321696,邓街s座,梧州县,凯县,171387,CN,China,GREATER_CHINA,Chinese,Consumer,Platinum,2019-02-16,2019,RETURNING,True,MDM,2019-02-16,2026-04-17 15:58:36.669641
08228c35-ba9f-43a3-9f13-51d9befed165,CUST-2019-CN-001967,倩,耿,倩 耿,Female,1995-04-13,user673.apple@live.com,15806130706,陈街X座,拉萨县,郑州县,931860,CN,China,GREATER_CHINA,Chinese,Consumer,Silver,2019-03-19,2019,RETURNING,True,MDM,2019-03-19,2026-04-17 15:58:36.669642
42d7bae2-f3c3-4ea2-bd42-c4f1e0efbd00,CUST-2019-CN-001878,海燕,刘,海燕 刘,Male,2002-01-17,user356.apple@yahoo.com,15244660670,陆街P座,帅县,郑州县,115473,CN,China,GREATER_CHINA,Chinese,Business,None,2019-07-22,2019,RETURNING,True,MDM,2019-07-22,2026-04-17 15:58:36.669648
ae0446ef-9a00-4f70-b47b-296e39564d81,CUST-2019-CN-002460,利,陈,利 陈,Female,1984-03-18,user610.apple@yahoo.com,15891172306,陈路Z座,海燕县,成县,487212,CN,China,GREATER_CHINA,Chinese,Consumer,None,2019-01-04,2019,RETURNING,True,MDM,2019-01-04,2026-04-17 15:58:36.669650
c01be319-fdc1-4687-b7a2-950b1deb0217,CUST-2019-CN-002134,建平,万,建平 万,Female,1965-03-07,user812.apple677@gmail.com,15921556504,郭街v座,海口县,马鞍山市,939565,CN,China,GREATER_CHINA,Chinese,Consumer,Platinum,2019-08-17,2019,RETURNING,True,MDM,2019-08-17,2026-04-17 15:58:36.669652
82ba9d88-f509-41be-9bea-c931e1dd8678,CUST-2019-CN-002886,旭,马,旭 马,Female,1956-07-01,user705.apple@mail.com,15321123457,太原街P座,长春县,惠州市,259726,CN,China,GREATER_CHINA,Chinese,Consumer,None,2019-03-08,2019,RETURNING,True,MDM,2019-03-08,2026-04-17 15:58:36.669654
1b90c61a-652b-45c0-bf41-53048fe84c6c,CUST-2020-CN-000681,鑫,魏,鑫 魏,Male,1985-10-12,user556.apple236@zoho.com,18849444281,马鞍山路v座,莉县,丽娟县,634233,CN,China,GREATER_CHINA,Chinese,Business,None,2020-11-19,2020,RETURNING,True,MDM,2020-11-19 00:00:00,2026-04-17 15:58:36.669655
24804be1-1434-4a5c-9249-c7641a0f306a,CUST-2020-CN-000473,霞,钟,霞 钟,Male,1999-01-19,user154.apple649@msn.com,13998487231,刘街c座,辽阳县,林县,312313,CN,China,GREATER_CHINA,Chinese,Consumer,None,2020-11-04,2020,RETURNING,True,MDM,2020-11-04 00:00:00,2026-04-17 15:58:36.669657
e38161fe-6ba6-4f1c-b956-631c5d71f6c6,CUST-2019-CN-002119,帆,窦,帆 窦,Female,1972-09-15,user807.apple@gmail.com,13736460254,兴城路N座,齐齐哈尔县,武汉县,285458,CN,China,GREATER_CHINA,Chinese,Consumer,Platinum,2019-07-23,2019,RETURNING,True,MDM,2019-07-23,2026-04-17 15:58:36.669659
d190226e-ca5c-49a6-8848-556d17468849,CUST-2019-CN-000972,淑珍,吕,淑珍 吕,Male,2005-06-23,user633.apple@zoho.com,18102285367,昆明街S座,广州县,石家庄县,618790,CN,China,GREATER_CHINA,Chinese,Consumer,Silver,2019-12-19,2019,RETURNING,True,MDM,2019-12-19,2026-04-17 15:58:36.669660
1dd64272-aecd-4b70-8394-33887da084f0,CUST-2020-CN-000140,阳,李,阳 李,Male,1963-05-22,user596.apple@gmail.com,14572887471,曹街M座,长沙市,倩县,296158,CN,China,GREATER_CHINA,Chinese,Consumer,None,2020-07-15,2020,RETURNING,True,MDM,2020-07-15 00:00:00,2026-04-17 15:58:36.669662
b85d2ec3-95a5-4ecd-bccd-c564a5761b11,CUST-2019-CN-000709,刚,景,刚 景,Male,1951-08-31,user130.apple@mail.com,13537346046,惠州路Y座,想县,郑州市,949512,CN,China,GREATER_CHINA,Chinese,Education,Platinum,2019-03-13,2019,RETURNING,True,MDM,2019-03-13,2026-04-17 15:58:36.669663
75f1c739-59e8-48d3-afc9-ee61e87c8efa,CUST-2019-CN-002256,斌,牛,斌 牛,Male,1979-10-19,user768.apple@aol.com,15109830487,澳门街L座,英县,六安市,451514,CN,China,GREATER_CHINA,Chinese,Consumer,Silver,2019-12-13,2019,RETURNING,True,MDM,2019-12-13,2026-04-17 15:58:36.669665
42640aa9-bee2-4d4c-9e4b-4099000391b9,CUST-2020-CN-000242,秀英,张,秀英 张,Female,1971-11-12,user472.apple@gmx.com,18885112710,谭路T座,伟县,秀兰市,326518,CN,China,GREATER_CHINA,Chinese,Consumer,Platinum,2020-04-02,2020,RETURNING,True,MDM,2020-04-02 00:00:00,2026-04-17 15:58:36.669666
3dad94aa-5e5c-43ce-93a7-4566b813cf9d,CUST-2020-CN-000039,云,刘,云 刘,Female,1982-01-22,user947.apple971@outlook.com,15551756968,季路j座,婷婷县,秀兰市,578959,CN,China,GREATER_CHINA,Chinese,Business,None,2020-01-11,2020,RETURNING,True,MDM,2020-01-11 00:00:00,2026-04-17 15:58:36.669668
0740183b-b2a2-44ef-82af-592778231166,CUST-2020-CN-000419,小红,詹,小红 詹,Male,1995-11-27,user595.apple@hotmail.com,15763798131,梧州街E座,丽华县,强市,974673,CN,China,GREATER_CHINA,Chinese,Consumer,None,2020-10-31,2020,RETURNING,True,MDM,2020-10-31 00:00:00,2026-04-17 15:58:36.669670
5cbb26fc-5d8e-4eba-a598-3d0c0f304feb,CUST-2019-CN-000546,平,赵,平 赵,Male,1952-06-27,user448.apple@icloud.com,18528135208,刘路E座,龙县,沈阳市,286521,CN,China,GREATER_CHINA,Chinese,Consumer,Silver,2019-01-13,2019,RETURNING,True,MDM,2019-01-13,2026-04-17 15:58:36.669671
51117931-0b38-4165-a34b-7f0905ca1f37,CUST-2019-CN-002499,燕,徐,燕 徐,Female,1963-05-04,user288.apple251@zoho.com,18768422039,刘路m座,齐齐哈尔市,杭州县,406071,CN,China,GREATER_CHINA,Chinese,Consumer,None,2019-03-12,2019,RETURNING,True,MDM,2019-03-12,2026-04-17 15:58:36.669673
93ad6bf9-539a-4e99-968e-69518828d156,CUST-2019-CN-001539,帅,王,帅 王,Female,1966-10-31,user874.apple@zoho.com,13777233694,顾街j座,南昌县,伟市,640317,CN,China,GREATER_CHINA,Chinese,Consumer,None,2019-11-10,2019,RETURNING,True,MDM,2019-11-10,2026-04-17 15:58:36.669674
aba3afa5-b268-446b-b05b-b5441dda946f,CUST-2019-CN-002243,杰,张,杰 张,Female,1970-05-26,user899.apple@live.com,13889727459,南京街d座,雪梅市,秀荣市,763638,CN,China,GREATER_CHINA,Chinese,Consumer,Silver,2019-01-09,2019,RETURNING,True,MDM,2019-01-09,2026-04-17 15:58:36.669676
c6de2dc3-6b9b-4e8d-99ec-694c50df50ef,CUST-2019-CN-000452,强,颜,强 颜,Female,1999-08-12,user578.apple295@outlook.com,15694717870,巢湖街J座,沈阳市,成都县,545291,CN,China,GREATER_CHINA,Chinese,Consumer,None,2019-04-01,2019,RETURNING,True,MDM,2019-04-01,2026-04-17 15:58:36.669678
3684448a-66ee-4c4d-9045-e6ce86e76132,CUST-2019-CN-001819,淑英,覃,淑英 覃,Male,1993-10-03,user765.apple@gmx.com,15650980203,陶路e座,通辽市,杰市,591613,CN,China,GREATER_CHINA,Chinese,Consumer,None,2019-11-18,2019,RETURNING,False,MDM,2019-11-18,2026-04-17 15:58:36.669679
0aec31cc-6019-45fc-aff3-b8b4673f94e5,CUST-2020-CN-001071,琳,刘,琳 刘,Female,1987-05-07,user970.apple575@live.com,13751536510,兰州街f座,红梅市,华县,600020,CN,China,GREATER_CHINA,Chinese,Business,Platinum,2020-10-21,2020,RETURNING,True,MDM,2020-10-21 00:00:00,2026-04-17 15:58:36.669681
6133e9b4-0ed7-4353-83f3-898580b086b7,CUST-2019-CN-002154,建华,刘,建华 刘,Female,1982-08-15,user495.apple@gmx.com,14780477968,萧街a座,宜都市,海燕市,944222,CN,China,GREATER_CHINA,Chinese,Consumer,None,2019-06-17,2019,RETURNING,True,MDM,2019-06-17,2026-04-17 15:58:36.669688
842dedef-4a13-46e8-9ae7-7d31d6a9dd7a,CUST-2019-CN-001650,秀英,张,秀英 张,Female,1991-07-05,user961.apple@aol.com,13503164901,海门路R座,丽华市,桂英市,562033,CN,China,GREATER_CHINA,Chinese,Consumer,None,2019-12-03,2019,RETURNING,True,MDM,2019-12-03,2026-04-17 15:58:36.669690
c9fa7cab-c0bf-4b7b-8309-19af0956f9b4,CUST-2019-CN-002384,莉,周,莉 周,Female,1976-07-22,user477.apple@zoho.com,14772463303,罗路w座,南京县,婷婷市,434373,CN,China,GREATER_CHINA,Chinese,Consumer,Platinum,2019-09-01,2019,RETURNING,True,MDM,2019-09-01,2026-04-17 15:58:36.669691
f4143d1c-e53d-40d6-90fd-5347a78ff025,CUST-2020-CN-000429,楠,高,楠 高,Male,1973-12-18,user275.apple@icloud.com,13075735731,王街S座,汕尾市,建平市,991271,CN,China,GREATER_CHINA,Chinese,Consumer,None,2020-05-18,2020,RETURNING,True,MDM,2020-05-18 00:00:00,2026-04-17 15:58:36.669693
e0179342-4cbe-4b19-96d2-d5e32b5382af,CUST-2019-CN-002232,淑珍,梁,淑珍 梁,Male,2002-12-14,user320.apple389@msn.com,18278360055,武汉街v座,沈阳市,沈阳县,279040,CN,China,GREATER_CHINA,Chinese,Consumer,Platinum,2019-05-08,2019,RETURNING,True,MDM,2019-05-08,2026-04-17 15:58:36.669695
d0c07d9d-333a-4f76-a666-4f6beaf59191,CUST-2019-CN-000758,建军,江,建军 江,Female,1957-07-25,user336.apple@mail.com,13256131153,淮安路n座,丽县,宜都市,149292,CN,China,GREATER_CHINA,Chinese,Consumer,None,2019-09-22,2019,RETURNING,True,MDM,2019-09-22,2026-04-17 15:58:36.669696
fc7268ae-28bf-4655-a61f-3381b85b2ef9,CUST-2019-CN-002728,亮,赵,亮 赵,Female,1995-11-18,user994.apple957@mail.com,13414042847,马鞍山路r座,辽阳县,峰市,877556,CN,China,GREATER_CHINA,Chinese,Education,Platinum,2019-02-28,2019,RETURNING,False,MDM,2019-02-28,2026-04-17 15:58:36.669698
d471a66c-d76b-4e25-bd0f-910f2c05c93f,CUST-2020-CN-000630,兵,米,兵 米,Female,1953-08-02,user331.apple@mail.com,13609978347,淮安路I座,秀兰市,深圳县,116155,CN,China,GREATER_CHINA,Chinese,Consumer,None,2020-02-01,2020,RETURNING,True,MDM,2020-02-01 00:00:00,2026-04-17 15:58:36.669700
10e7ae3b-fdb0-496d-abb5-d03982e194c6,CUST-2019-CN-002582,宇,张,宇 张,Female,1964-01-18,user305.apple32@live.com,13240147745,王路R座,柳县,燕市,192524,CN,China,GREATER_CHINA,Chinese,Consumer,None,2019-05-10,2019,RETURNING,True,MDM,2019-05-10,2026-04-17 15:58:36.669702
7db31943-2b1e-4b01-8855-a2efddccbc55,CUST-2019-CN-002662,军,李,军 李,Female,1989-08-19,user578.apple405@msn.com,13431307333,秦街e座,宇县,平市,944637,CN,China,GREATER_CHINA,Chinese,Consumer,Silver,2019-11-15,2019,RETURNING,True,MDM,2019-11-15,2026-04-17 15:58:36.669703
599f9b9d-6d08-42ab-afee-781cfca9f7be,CUST-2020-CN-000134,桂芳,邵,桂芳 邵,Male,1953-03-19,user364.apple421@aol.com,15650982081,汪街j座,丹丹县,台北市,169713,CN,China,GREATER_CHINA,Chinese,Consumer,Silver,2020-11-08,2020,RETURNING,True,MDM,2020-11-08 00:00:00,2026-04-17 15:58:36.669705
7f72e4dc-f397-4727-a782-49cd339fccac,CUST-2020-CN-001055,凤英,林,凤英 林,Female,1982-07-18,user362.apple@hotmail.com,13779469471,东莞路e座,莹市,潜江县,903227,CN,China,GREATER_CHINA,Chinese,Consumer,None,2020-06-20,2020,RETURNING,True,MDM,2020-06-20 00:00:00,2026-04-17 15:58:36.669710
18dc8e44-896d-4e94-97eb-485fc49372b3,CUST-2020-CN-000513,玉兰,向,玉兰 向,Female,1958-09-13,user471.apple789@outlook.com,13467837410,郑州街K座,凤英市,邯郸县,651487,CN,China,GREATER_CHINA,Chinese,Consumer,None,2020-02-01,2020,RETURNING,True,MDM,2020-02-01 00:00:00,2026-04-17 15:58:36.669712
a1c79b6b-28f1-416f-b2bd-07c72358cb0d,CUST-2019-CN-001456,晶,吴,晶 吴,Male,1995-11-13,user978.apple@live.com,13700315092,任路q座,兰州市,莉县,942798,CN,China,GREATER_CHINA,Chinese,Education,Gold,2019-03-23,2019,RETURNING,True,MDM,2019-03-23,2026-04-17 15:58:36.669714
cf2552ea-e943-4586-9262-4e3dad00ea02,CUST-2019-CN-000902,凤兰,苏,凤兰 苏,Female,1987-09-27,user345.apple164@msn.com,18653389996,重庆路U座,鑫市,六盘水县,879483,CN,China,GREATER_CHINA,Chinese,Consumer,Platinum,2019-10-19,2019,RETURNING,True,MDM,2019-10-19,2026-04-17 15:58:36.669716
86b190d3-3156-48c7-9863-8b3c7e57e76b,CUST-2019-CN-001198,瑜,农,瑜 农,Female,2001-12-03,user738.apple@msn.com,18526663613,陈街l座,淮安市,伟市,426926,CN,China,GREATER_CHINA,Chinese,Business,Silver,2019-04-11,2019,RETURNING,True,MDM,2019-04-11,2026-04-17 15:58:36.669717
d490a9a8-b1d5-451a-ae44-622a15a4e0a6,CUST-2019-CN-001318,磊,严,磊 严,Female,1967-04-23,user751.apple187@gmx.com,15356494907,哈尔滨路R座,丹市,福州市,228370,CN,China,GREATER_CHINA,Chinese,Consumer,Platinum,2019-02-16,2019,RETURNING,True,MDM,2019-02-16,2026-04-17 15:58:36.669718
e21fd7b6-1d29-48cb-8000-486aca4bb51f,CUST-2019-CN-001343,辉,李,辉 李,Male,1966-12-31,user143.apple@outlook.com,15872688606,张街N座,坤市,文市,689870,CN,China,GREATER_CHINA,Chinese,Education,Gold,2019-01-24,2019,RETURNING,True,MDM,2019-01-24,2026-04-17 15:58:36.669720
6a31ed69-82a6-4184-b65a-e410f9c3fe2e,CUST-2019-CN-002456,鹏,许,鹏 许,Female,1955-04-19,user455.apple@protonmail.com,15728053121,陈街H座,勇县,张家港县,535923,CN,China,GREATER_CHINA,Chinese,Consumer,None,2019-06-11,2019,RETURNING,True,MDM,2019-06-11,2026-04-17 15:58:36.669722
b0bf80bd-92c6-45fe-b184-82ca3d98c46a,CUST-2019-CN-000678,婷婷,吴,婷婷 吴,Female,2003-11-29,user292.apple884@icloud.com,13375575349,张家港路v座,潮州县,萍市,176393,CN,China,GREATER_CHINA,Chinese,Consumer,Platinum,2019-09-21,2019,RETURNING,True,MDM,2019-09-21,2026-04-17 15:58:36.669727
ad20562b-fffa-4966-8933-6b15badecbab,CUST-2019-CN-001663,红霞,张,红霞 张,Female,1967-01-20,user304.apple@icloud.com,13092291338,陈路K座,齐齐哈尔市,丽县,605536,CN,China,GREATER_CHINA,Chinese,Business,Silver,2019-06-19,2019,RETURNING,True,MDM,2019-06-19,2026-04-17 15:58:36.669729
90134929-5491-48b8-9af3-f22dd2c9e30d,CUST-2019-CN-002007,健,韩,健 韩,Female,2001-12-11,user661.apple142@zoho.com,18064093474,呼和浩特街K座,梧州县,亮市,373580,CN,China,GREATER_CHINA,Chinese,Business,None,2019-02-05,2019,RETURNING,True,MDM,2019-02-05,2026-04-17 15:58:36.669731
855b4707-a0a3-454e-920e-ad6385284801,CUST-2019-CN-002970,晨,张,晨 张,Male,1969-11-07,user855.apple@aol.com,18637832136,邯郸路L座,呼和浩特市,帅市,321410,CN,China,GREATER_CHINA,Chinese,Consumer,None,2019-05-21,2019,RETURNING,False,MDM,2019-05-21,2026-04-17 15:58:36.669733
691d5b00-97c7-4e94-8b73-fc1d2d378865,CUST-2020-CN-000019,玉华,陈,玉华 陈,Male,2000-01-10,user417.apple@gmail.com,13145809850,哈尔滨路P座,长沙市,建军县,788619,CN,China,GREATER_CHINA,Chinese,Education,None,2020-07-29,2020,RETURNING,True,MDM,2020-07-29 00:00:00,2026-04-17 15:58:36.669735
b24ba69f-ee90-4e4d-965d-12cf09a170ff,CUST-2019-CN-000224,勇,郑,勇 郑,Male,2006-07-07,user996.apple@aol.com,13169849602,石街f座,建军县,桂荣县,861181,CN,China,GREATER_CHINA,Chinese,Education,Gold,2019-04-20,2019,RETURNING,True,MDM,2019-04-20,2026-04-17 15:58:36.669736
16c849f7-e8eb-4fa4-adca-e99bb2a3221d,CUST-2019-CN-002527,帆,焦,帆 焦,Male,1986-07-16,user143.apple@hotmail.com,13908117459,廖街a座,阳市,秀芳市,657357,CN,China,GREATER_CHINA,Chinese,Consumer,Silver,2019-04-04,2019,RETURNING,True,MDM,2019-04-04,2026-04-17 15:58:36.669738
7c29c638-2d16-4081-b67b-70ec8e62de36,CUST-2019-CN-000756,欢,邓,欢 邓,Male,1964-08-16,user926.apple@gmail.com,18779513070,黄街v座,红梅县,红市,124612,CN,China,GREATER_CHINA,Chinese,Education,None,2019-09-03,2019,RETURNING,True,MDM,2019-09-03,2026-04-17 15:58:36.669740
1b413d86-5afe-4eab-b32d-368bac6d77a7,CUST-2019-CN-000407,文,田,文 田,Female,1966-07-18,user544.apple521@msn.com,14501043967,傅路U座,春梅县,沈阳市,277793,CN,China,GREATER_CHINA,Chinese,Education,None,2019-12-25,2019,RETURNING,True,MDM,2019-12-25,2026-04-17 15:58:36.669746
5c23dc53-dc12-499e-bd06-13f51bf23f90,CUST-2019-CN-002184,鹏,蒋,鹏 蒋,Female,1974-09-12,user261.apple172@hotmail.com,13647517210,康街C座,宜都县,丽华县,116453,CN,China,GREATER_CHINA,Chinese,Education,None,2019-04-04,2019,RETURNING,True,MDM,2019-04-04,2026-04-17 15:58:36.669747
78ea7cc6-062c-46bc-9d7e-22c00d33e223,CUST-2020-CN-000882,志强,杨,志强 杨,Male,2004-10-13,user820.apple222@outlook.com,15358944649,武汉街y座,璐县,台北县,348608,CN,China,GREATER_CHINA,Chinese,Consumer,Silver,2020-09-01,2020,RETURNING,False,MDM,2020-09-01 00:00:00,2026-04-17 15:58:36.669749
3b1a424a-aa9f-43ef-a193-c73ec9d04878,CUST-2020-CN-000686,萍,王,萍 王,Female,1980-01-03,user297.apple@mail.com,14551327642,狄街U座,合肥市,旭市,296586,CN,China,GREATER_CHINA,Chinese,Education,None,2020-02-14,2020,RETURNING,True,MDM,2020-02-14 00:00:00,2026-04-17 15:58:36.669751
0c80745f-2e6f-44a7-80da-26d0b01b3d81,CUST-2020-CN-000803,兰英,何,兰英 何,Female,1968-02-10,user141.apple@msn.com,15792868329,余街w座,济南县,沈阳县,914000,CN,China,GREATER_CHINA,Chinese,Business,Gold,2020-01-25,2020,RETURNING,True,MDM,2020-01-25 00:00:00,2026-04-17 15:58:36.669753
154cb03f-2d77-4446-9c3e-d0700291201b,CUST-2019-CN-002881,桂芝,李,桂芝 李,Male,1971-03-31,user818.apple@mail.com,15954416241,北京街r座,红梅县,秀芳县,458126,CN,China,GREATER_CHINA,Chinese,Consumer,None,2019-05-21,2019,RETURNING,True,MDM,2019-05-21,2026-04-17 15:58:36.669754
a22fe6db-a61d-426b-b416-d8ff0f18c7e7,CUST-2019-CN-001459,丹,王,丹 王,Male,1952-10-23,user743.apple@zoho.com,13779422581,马路b座,深圳市,宁德市,680500,CN,China,GREATER_CHINA,Chinese,Consumer,None,2019-11-05,2019,RETURNING,True,MDM,2019-11-05,2026-04-17 15:58:36.669756
2ec0bcac-db89-4241-bd35-faf1005486c0,CUST-2019-CN-000044,志强,李,志强 李,Male,1963-05-09,user845.apple@hotmail.com,15611563689,台北路K座,重庆县,龙县,729695,CN,China,GREATER_CHINA,Chinese,Consumer,Silver,2019-04-16,2019,RETURNING,True,MDM,2019-04-16,2026-04-17 15:58:36.669758
2e99d936-aa6c-46a9-8b28-a1cf6ff835ac,CUST-2019-CN-001321,龙,李,龙 李,Male,2006-06-12,user759.apple670@hotmail.com,18688995002,王路b座,淑珍县,哈尔滨县,666973,CN,China,GREATER_CHINA,Chinese,Consumer,None,2019-12-25,2019,RETURNING,True,MDM,2019-12-25,2026-04-17 15:58:36.669763
331c8a9f-d337-49ce-8e0b-1deb81fc6502,CUST-2020-CN-000387,娜,刘,娜 刘,Female,1983-10-15,user522.apple@gmail.com,18810479637,巢湖街J座,勇市,荣市,614153,CN,China,GREATER_CHINA,Chinese,Consumer,None,2020-01-05,2020,RETURNING,True,MDM,2020-01-05 00:00:00,2026-04-17 15:58:36.669765
ff9f50fc-6ac4-4181-8832-281c458c2385,CUST-2019-CN-002497,倩,张,倩 张,Female,1976-09-23,user364.apple@outlook.com,13031811329,林街q座,福州市,成都县,278446,CN,China,GREATER_CHINA,Chinese,Business,None,2019-02-05,2019,RETURNING,True,MDM,2019-02-05,2026-04-17 15:58:36.669767
8dffeb26-8e26-4a62-aea3-e577a725eb12,CUST-2019-CN-000194,坤,徐,坤 徐,Female,2007-05-25,user517.apple@aol.com,13527673564,西宁街u座,颖县,关岭市,577163,CN,China,GREATER_CHINA,Chinese,Business,Platinum,2019-06-05,2019,RETURNING,True,MDM,2019-06-05,2026-04-17 15:58:36.669769
d3e3ff43-9c21-45f7-830e-6465a5f78cbf,CUST-2019-CN-000209,玉珍,李,玉珍 李,Male,1994-09-12,user342.apple@yahoo.com,13622312182,南京街H座,秀珍市,想县,412527,CN,China,GREATER_CHINA,Chinese,Consumer,None,2019-09-21,2019,RETURNING,True,MDM,2019-09-21,2026-04-17 15:58:36.669770
31d0b42c-0113-47a2-997c-ebbdd5748965,CUST-2019-CN-001603,建华,王,建华 王,Male,1983-02-25,user182.apple990@live.com,15641426691,蔡街f座,婷市,春梅市,815377,CN,China,GREATER_CHINA,Chinese,Consumer,None,2019-10-20,2019,RETURNING,True,MDM,2019-10-20,2026-04-17 15:58:36.669772
94b7a84e-8232-4c18-8810-f501f8cda337,CUST-2019-CN-002883,玉华,关,玉华 关,Male,1987-03-27,user371.apple562@live.com,18076148643,六盘水街t座,柳州县,秀华县,568992,CN,China,GREATER_CHINA,Chinese,Education,None,2019-05-31,2019,RETURNING,True,MDM,2019-05-31,2026-04-17 15:58:36.669774
1ad5f06f-4fef-45f4-8e8e-fd1ef20c8853,CUST-2019-CN-000431,文,陆,文 陆,Male,1958-05-14,user219.apple@icloud.com,15542100473,南京路w座,荣市,拉萨市,906596,CN,China,GREATER_CHINA,Chinese,Consumer,Silver,2019-07-23,2019,RETURNING,True,MDM,2019-07-23,2026-04-17 15:58:36.669776
9a0f9e5f-7794-486f-9414-69741b28eaf1,CUST-2019-CN-002208,畅,陈,畅 陈,Male,2004-10-14,user151.apple@hotmail.com,18561120923,王路j座,嘉禾县,拉萨县,704106,CN,China,GREATER_CHINA,Chinese,Business,None,2019-01-08,2019,RETURNING,True,MDM,2019-01-08,2026-04-17 15:58:36.669777
f0f8045b-b861-461e-97e1-bfe6e7cf7eb4,CUST-2019-CN-000440,杨,张,杨 张,Male,1962-04-04,user791.apple@zoho.com,18814272803,南京路q座,南昌县,合肥市,206513,CN,China,GREATER_CHINA,Chinese,Consumer,Platinum,2019-03-05,2019,RETURNING,True,MDM,2019-03-05,2026-04-17 15:58:36.669779
128a800c-ca41-4ab0-8ae8-e34aa781420a,CUST-2019-CN-001404,杨,蓝,杨 蓝,Female,1957-09-06,user222.apple@msn.com,14593149680,陈路w座,永安市,雪梅县,837580,CN,China,GREATER_CHINA,Chinese,Consumer,None,2019-06-24,2019,RETURNING,True,MDM,2019-06-24,2026-04-17 15:58:36.669781
b3c58324-5d8f-4084-8d67-23d33290c75d,CUST-2019-CN-000103,桂芝,黄,桂芝 黄,Female,1994-11-18,user814.apple@zoho.com,13097722324,南宁路w座,欢市,淮安县,624076,CN,China,GREATER_CHINA,Chinese,Education,None,2019-05-10,2019,RETURNING,True,MDM,2019-05-10,2026-04-17 15:58:36.669782
fe688119-1077-4a36-8275-d5cbb891aec8,CUST-2020-CN-000220,琴,曾,琴 曾,Female,1959-05-16,user935.apple@hotmail.com,14780123036,南昌街x座,兰英县,海口市,721271,CN,China,GREATER_CHINA,Chinese,Consumer,None,2020-09-23,2020,RETURNING,True,MDM,2020-09-23 00:00:00,2026-04-17 15:58:36.669784
f66d910f-571c-4386-bc3b-4d2f2b330557,CUST-2019-CN-001608,畅,王,畅 王,Male,1991-08-03,user991.apple15@live.com,14529855900,桂路j座,福州县,利县,487115,CN,China,GREATER_CHINA,Chinese,Consumer,Gold,2019-09-16,2019,RETURNING,True,MDM,2019-09-16,2026-04-17 15:58:36.669786
417b2d3e-e01b-4c98-9ebe-172fae554a68,CUST-2020-CN-000158,辉,徐,辉 徐,Female,1996-03-30,user281.apple@aol.com,15147843474,香港街R座,静县,平市,956153,CN,China,GREATER_CHINA,Chinese,Consumer,Silver,2020-07-01,2020,RETURNING,True,MDM,2020-07-01 00:00:00,2026-04-17 15:58:36.669787
db9da082-24ea-4a5e-8004-df8b959f94c9,CUST-2020-CN-000301,华,赵,华 赵,Male,1958-01-28,user900.apple@live.com,18978019755,王路A座,红县,婷婷市,633186,CN,China,GREATER_CHINA,Chinese,Consumer,None,2020-04-21,2020,RETURNING,True,MDM,2020-04-21 00:00:00,2026-04-17 15:58:36.669789
c83e6e28-7f60-40f4-9dcd-933f90bc5c92,CUST-2020-CN-000145,桂芳,张,桂芳 张,Female,1996-10-04,user158.apple@aol.com,13000574075,汕尾街e座,梧州县,敏市,868773,CN,China,GREATER_CHINA,Chinese,Consumer,Gold,2020-09-09,2020,RETURNING,True,MDM,2020-09-09 00:00:00,2026-04-17 15:58:36.669791
8c3e0017-e48a-406f-b209-56fc2a8440cd,CUST-2019-CN-001628,斌,周,斌 周,Male,2004-07-06,user173.apple@live.com,13571902369,关岭路s座,拉萨市,西宁县,676222,CN,China,GREATER_CHINA,Chinese,Consumer,Silver,2019-09-28,2019,RETURNING,False,MDM,2019-09-28,2026-04-17 15:58:36.669792
f7f5140a-7f53-47aa-b10c-ae558428b4a8,CUST-2020-CN-000658,淑兰,朱,淑兰 朱,Male,1959-02-14,user992.apple@gmail.com,18032002864,太原路M座,通辽县,昆明市,516879,CN,China,GREATER_CHINA,Chinese,Consumer,Platinum,2020-03-04,2020,RETURNING,True,MDM,2020-03-04 00:00:00,2026-04-17 15:58:36.669794
ca95eb55-f766-4489-a5ae-d939b4aef1b2,CUST-2020-CN-000992,颖,王,颖 王,Male,2002-03-31,user819.apple750@msn.com,15867174538,邱路o座,倩县,志强县,252823,CN,China,GREATER_CHINA,Chinese,Consumer,Gold,2020-11-29,2020,RETURNING,True,MDM,2020-11-29 00:00:00,2026-04-17 15:58:36.669795
d4fc4ed9-0086-469c-825e-99012688a98b,CUST-2019-CN-000805,淑兰,高,淑兰 高,Male,1975-09-26,user904.apple@gmail.com,13507634469,游街K座,兴城县,琳市,833746,CN,China,GREATER_CHINA,Chinese,Consumer,Platinum,2019-11-22,2019,RETURNING,True,MDM,2019-11-22,2026-04-17 15:58:36.669797
30cda0cc-442f-44dc-ae24-c6670a0de62c,CUST-2020-CN-000135,坤,徐,坤 徐,Male,1986-05-04,user617.apple15@icloud.com,14597271234,韦街b座,平市,长沙县,671174,CN,China,GREATER_CHINA,Chinese,Consumer,Platinum,2020-04-20,2020,RETURNING,True,MDM,2020-04-20 00:00:00,2026-04-17 15:58:36.669798
f4f6cf31-835e-4bb4-af2b-f74f1fe3e3e4,CUST-2019-CN-002848,晨,黎,晨 黎,Male,1988-08-31,user621.apple212@protonmail.com,18805997621,马鞍山路M座,瑞县,琳市,294382,CN,China,GREATER_CHINA,Chinese,Consumer,Silver,2019-04-15,2019,RETURNING,True,MDM,2019-04-15,2026-04-17 15:58:36.669799
6fd67e8d-95ab-494e-acf7-f895cc3d4cad,CUST-2019-CN-001579,帆,刘,帆 刘,Male,1986-12-20,user416.apple@outlook.com,14508270214,兴安盟街R座,强市,雪县,489558,CN,China,GREATER_CHINA,Chinese,Consumer,None,2019-01-02,2019,RETURNING,False,MDM,2019-01-02,2026-04-17 15:58:36.669801
e255ace6-2f97-4268-ab26-078e715bafb5,CUST-2019-CN-001735,莉,谢,莉 谢,Female,2004-04-15,user222.apple@gmail.com,14589888497,北京街Z座,广州市,霞县,488932,CN,China,GREATER_CHINA,Chinese,Business,None,2019-06-29,2019,RETURNING,True,MDM,2019-06-29,2026-04-17 15:58:36.669803
58dd59a4-896e-44cd-ab6f-d1d74b8d1b72,CUST-2019-CN-000919,帅,杨,帅 杨,Female,1960-02-21,user636.apple@mail.com,18672441483,宋街o座,六盘水县,波县,945229,CN,China,GREATER_CHINA,Chinese,Business,None,2019-03-29,2019,RETURNING,False,MDM,2019-03-29,2026-04-17 15:58:36.669805
a767ed4e-fc5f-4b61-b2f9-df77bbd99168,CUST-2019-CN-002095,林,白,林 白,Female,1997-09-12,user199.apple@outlook.com,13364834364,王路F座,成都县,巢湖市,920811,CN,China,GREATER_CHINA,Chinese,Consumer,Silver,2019-06-21,2019,RETURNING,True,MDM,2019-06-21,2026-04-17 15:58:36.669806
3e3485de-8abd-4ed7-8cc6-b680136541ea,CUST-2019-CN-001640,文,张,文 张,Female,1978-04-09,user536.apple@live.com,15320753876,淮安街W座,呼和浩特市,红梅市,730441,CN,China,GREATER_CHINA,Chinese,Business,None,2019-10-26,2019,RETURNING,True,MDM,2019-10-26,2026-04-17 15:58:36.669809
fe08a1d1-67f8-4dec-acc3-3f47d2f1b46f,CUST-2020-CN-000005,红,胡,红 胡,Male,1956-08-23,user150.apple@icloud.com,13473780001,广州路J座,西宁县,淑兰县,112322,CN,China,GREATER_CHINA,Chinese,Consumer,None,2020-10-02,2020,RETURNING,True,MDM,2020-10-02 00:00:00,2026-04-17 15:58:36.669810
c8aa9368-fb3c-4c11-8b7f-c872c6d43919,CUST-2020-CN-000444,玲,张,玲 张,Female,2003-10-21,user621.apple@gmail.com,13787883765,张路o座,杭州市,昆明县,639716,CN,China,GREATER_CHINA,Chinese,Consumer,None,2020-05-20,2020,RETURNING,True,MDM,2020-05-20 00:00:00,2026-04-17 15:58:36.669812
594087f0-84ad-4657-b20f-9ad22e5485ee,CUST-2020-CN-000694,超,彭,超 彭,Male,1993-11-07,user313.apple@live.com,15245097658,刘街O座,哈尔滨县,健县,788693,CN,China,GREATER_CHINA,Chinese,Consumer,None,2020-08-06,2020,RETURNING,True,MDM,2020-08-06 00:00:00,2026-04-17 15:58:36.669815
e5794e85-8f2b-42f1-9ef3-a984d1d3187d,CUST-2020-CN-000217,建国,高,建国 高,Female,1950-10-12,user241.apple@zoho.com,15033841438,黄街c座,艳市,沈阳市,457461,CN,China,GREATER_CHINA,Chinese,Business,Silver,2020-02-27,2020,RETURNING,True,MDM,2020-02-27 00:00:00,2026-04-17 15:58:36.669817
5040f092-3393-4341-b43a-76f47aabb5b0,CUST-2019-CN-001774,兰英,张,兰英 张,Female,2001-01-15,user811.apple@mail.com,15978376204,刘路W座,香港市,杨市,575449,CN,China,GREATER_CHINA,Chinese,Consumer,None,2019-12-25,2019,RETURNING,True,MDM,2019-12-25,2026-04-17 15:58:36.669818
89668f4f-e9fb-4023-8326-a85c1f783035,CUST-2019-CN-001971,莉,江,莉 江,Female,1957-05-25,user328.apple@mail.com,15304409531,北京街K座,健县,想县,626330,CN,China,GREATER_CHINA,Chinese,Consumer,None,2019-11-18,2019,RETURNING,True,MDM,2019-11-18,2026-04-17 15:58:36.669820
fe3656c1-7047-42dc-a797-8cdd6fd50a38,CUST-2019-CN-002878,帅,杨,帅 杨,Male,1973-11-05,user541.apple@hotmail.com,14589936759,杭州路A座,婷县,健县,563488,CN,China,GREATER_CHINA,Chinese,Consumer,None,2019-01-20,2019,RETURNING,True,MDM,2019-01-20,2026-04-17 15:58:36.669822
ca5bafbd-b817-4da2-aab4-ba1b61d61778,CUST-2020-CN-000976,秀英,齐,秀英 齐,Female,1990-07-23,user410.apple889@zoho.com,14565753553,刘路w座,深圳县,楠市,452491,CN,China,GREATER_CHINA,Chinese,Consumer,None,2020-09-02,2020,RETURNING,True,MDM,2020-09-02 00:00:00,2026-04-17 15:58:36.669824
bb4e1d4d-6c8e-4bce-90d5-a4dce5222d12,CUST-2019-CN-002356,丽华,张,丽华 张,Male,1964-09-17,user372.apple309@gmx.com,18993538829,李路E座,桂芳市,天津县,959390,CN,China,GREATER_CHINA,Chinese,Consumer,None,2019-11-11,2019,RETURNING,True,MDM,2019-11-11,2026-04-17 15:58:36.669826
82328208-fd21-4021-8352-630a41d05cfa,CUST-2019-CN-000523,彬,张,彬 张,Male,2003-08-02,user134.apple616@yahoo.com,15693613770,刘路n座,沈阳市,大冶县,497488,CN,China,GREATER_CHINA,Chinese,Education,None,2019-10-20,2019,RETURNING,True,MDM,2019-10-20,2026-04-17 15:58:36.669827
eb83f77b-0507-42d8-97bb-e4261d85b43c,CUST-2019-CN-002518,旭,邹,旭 邹,Female,2001-12-22,user604.apple@gmx.com,15733830224,潜江路E座,桂香市,齐齐哈尔市,490444,CN,China,GREATER_CHINA,Chinese,Consumer,None,2019-03-23,2019,RETURNING,True,MDM,2019-03-23,2026-04-17 15:58:36.669829
541ca5c6-724f-4cb1-a4b7-5c6d5b1b005e,CUST-2019-CN-000973,萍,余,萍 余,Female,1991-02-03,user572.apple312@outlook.com,18671529833,刘街q座,玉梅市,南京市,979807,CN,China,GREATER_CHINA,Chinese,Consumer,None,2019-03-13,2019,RETURNING,True,MDM,2019-03-13,2026-04-17 15:58:36.669831
93fc68b3-ada3-49aa-a227-bb0484d24697,CUST-2020-CN-000646,平,王,平 王,Male,1951-07-05,user751.apple@yahoo.com,18650178989,香港街Q座,欢县,玉华市,614641,CN,China,GREATER_CHINA,Chinese,Consumer,None,2020-09-28,2020,RETURNING,True,MDM,2020-09-28 00:00:00,2026-04-17 15:58:36.669833
04cac9b7-5cb2-4d55-a07b-36358bc064b4,CUST-2020-CN-000923,军,陈,军 陈,Female,1953-11-21,user796.apple@yahoo.com,13745837120,宁德街y座,合肥县,关岭市,272292,CN,China,GREATER_CHINA,Chinese,Consumer,None,2020-01-01,2020,RETURNING,True,MDM,2020-01-01 00:00:00,2026-04-17 15:58:36.669834
3127e3c5-f977-4b5c-a853-edd6cc8f5e0d,CUST-2020-CN-000770,鹏,孔,鹏 孔,Female,1959-04-06,user538.apple@live.com,18725170375,李街S座,西安县,林市,464827,CN,China,GREATER_CHINA,Chinese,Consumer,None,2020-12-26,2020,RETURNING,True,MDM,2020-12-26 00:00:00,2026-04-17 15:58:36.669836
e463e26b-3266-4769-9b34-ac9704498d09,CUST-2019-CN-002097,桂芝,冯,桂芝 冯,Female,2004-03-03,user541.apple@protonmail.com,15722238588,张路z座,丽娟市,博市,848941,CN,China,GREATER_CHINA,Chinese,Consumer,Gold,2019-06-20,2019,RETURNING,True,MDM,2019-06-20,2026-04-17 15:58:36.669838
7c3756dd-5a7e-44e8-a677-3e0d7d2ba774,CUST-2019-CN-000703,畅,陈,畅 陈,Female,1984-08-08,user802.apple@gmail.com,15104456060,赵路Q座,岩市,上海县,791301,CN,China,GREATER_CHINA,Chinese,Consumer,None,2019-04-16,2019,RETURNING,True,MDM,2019-04-16,2026-04-17 15:58:36.669840
d4957ad2-0546-4d40-99fb-e14e2ff7927b,CUST-2020-CN-000884,璐,龚,璐 龚,Male,1979-02-13,user851.apple569@yahoo.com,18880934018,张街A座,秀珍县,武汉县,386395,CN,China,GREATER_CHINA,Chinese,Consumer,None,2020-07-18,2020,RETURNING,True,MDM,2020-07-18 00:00:00,2026-04-17 15:58:36.669841
f9220ff3-f1ce-4dd9-92d2-e6151fb97541,CUST-2020-CN-000558,晶,赵,晶 赵,Female,1969-10-02,user865.apple@icloud.com,14731826719,宋街Z座,佳县,倩县,749253,CN,China,GREATER_CHINA,Chinese,Consumer,None,2020-12-08,2020,RETURNING,True,MDM,2020-12-08 00:00:00,2026-04-17 15:58:36.669843
78297b15-b36e-49e6-bb3f-c14faee513b4,CUST-2019-CN-002811,利,张,利 张,Female,2004-02-28,user101.apple510@live.com,18055362364,王街H座,台北县,东莞市,929740,CN,China,GREATER_CHINA,Chinese,Consumer,None,2019-02-10,2019,RETURNING,True,MDM,2019-02-10,2026-04-17 15:58:36.669845
69c35e7c-5c44-4126-9f38-4f36d4ecd9be,CUST-2020-CN-000752,志强,田,志强 田,Male,1987-06-24,user642.apple669@aol.com,18105169523,李街w座,华市,西安县,593920,CN,China,GREATER_CHINA,Chinese,Consumer,Silver,2020-09-10,2020,RETURNING,True,MDM,2020-09-10 00:00:00,2026-04-17 15:58:36.669847
8cb4e4d9-4f3b-46d8-8285-371a777187a3,CUST-2020-CN-000714,想,吴,想 吴,Female,1968-06-23,user308.apple@gmail.com,18586203550,李路b座,秀英县,南昌市,726747,CN,China,GREATER_CHINA,Chinese,Consumer,Silver,2020-04-12,2020,RETURNING,True,MDM,2020-04-12 00:00:00,2026-04-17 15:58:36.669848
ea7cc08f-5d38-4db9-90ef-ef57cdb7331d,CUST-2019-CN-000193,明,闵,明 闵,Male,1971-09-22,user480.apple@aol.com,18068049823,台北路y座,太原市,海口县,435175,CN,China,GREATER_CHINA,Chinese,Consumer,Silver,2019-10-20,2019,RETURNING,True,MDM,2019-10-20,2026-04-17 15:58:36.669850
782d8108-8a17-42c6-bc9a-e0f3a074aac5,CUST-2019-CN-000446,洁,刘,洁 刘,Male,1959-07-13,user242.apple@zoho.com,13018309152,李路Z座,玉兰市,桂香县,546086,CN,China,GREATER_CHINA,Chinese,Consumer,Platinum,2019-02-21,2019,RETURNING,True,MDM,2019-02-21,2026-04-17 15:58:36.669851
a540ba4b-0ac7-4f5c-ae4e-6815ac30f5ce,CUST-2019-CN-001341,婷,曾,婷 曾,Female,1982-02-07,user211.apple@zoho.com,14551017248,辛集路f座,成都县,长沙市,499691,CN,China,GREATER_CHINA,Chinese,Consumer,None,2019-08-20,2019,RETURNING,True,MDM,2019-08-20,2026-04-17 15:58:36.669853
8859e171-b52f-4ef0-98cc-72b56cbe761c,CUST-2019-CN-002143,利,李,利 李,Male,1958-07-19,user901.apple@yahoo.com,13167971457,齐路Y座,杰市,哈尔滨市,440666,CN,China,GREATER_CHINA,Chinese,Consumer,None,2019-03-30,2019,RETURNING,True,MDM,2019-03-30,2026-04-17 15:58:36.669855
317a1d61-90f1-457a-bc7d-caca3b0afd31,CUST-2019-CN-000886,淑珍,石,淑珍 石,Female,2007-07-07,user197.apple@msn.com,13822122243,柳州街i座,春梅县,颖县,307284,CN,China,GREATER_CHINA,Chinese,Consumer,Silver,2019-03-24,2019,RETURNING,True,MDM,2019-03-24,2026-04-17 15:58:36.669857
cf050091-8978-4902-a2b0-639c7f0f62a0,CUST-2019-CN-001174,磊,陈,磊 陈,Male,1969-12-09,user653.apple@live.com,14553036723,福州路H座,阜新县,福州县,733012,CN,China,GREATER_CHINA,Chinese,Consumer,None,2019-09-01,2019,RETURNING,True,MDM,2019-09-01,2026-04-17 15:58:36.669859
a2fdcb85-618a-47e6-8e12-bef3d21f708f,CUST-2019-CN-001961,瑜,张,瑜 张,Male,1988-10-18,user785.apple903@gmx.com,15587126186,乌鲁木齐路V座,辛集县,沈阳市,429934,CN,China,GREATER_CHINA,Chinese,Consumer,None,2019-11-21,2019,RETURNING,True,MDM,2019-11-21,2026-04-17 15:58:36.669860
efd548d9-f080-488a-8c17-1bac3ff5200e,CUST-2019-CN-000361,健,王,健 王,Male,1953-11-01,user753.apple@aol.com,15797149704,天津街x座,丹丹县,郑州市,253916,CN,China,GREATER_CHINA,Chinese,Business,None,2019-07-15,2019,RETURNING,True,MDM,2019-07-15,2026-04-17 15:58:36.669862
78e1ad7f-c997-40cf-8855-afcc2c0e843b,CUST-2019-CN-000190,玲,唐,玲 唐,Female,1974-01-11,user220.apple@mail.com,18765892405,银川街c座,太原县,龙市,948146,CN,China,GREATER_CHINA,Chinese,Consumer,None,2019-08-06,2019,RETURNING,True,MDM,2019-08-06,2026-04-17 15:58:36.669867
78827f53-75c6-4499-b936-a18d0e4fbb19,CUST-2020-CN-000902,俊,杨,俊 杨,Female,1961-05-07,user951.apple478@gmx.com,15201211238,昆明街m座,郑州市,荣市,939932,CN,China,GREATER_CHINA,Chinese,Consumer,None,2020-10-24,2020,RETURNING,False,MDM,2020-10-24 00:00:00,2026-04-17 15:58:36.669869
12fb7009-62d4-4c6a-90d2-a938050ed620,CUST-2020-CN-000395,霞,黄,霞 黄,Female,1967-11-13,user635.apple@outlook.com,13236478788,华路J座,璐县,林县,745008,CN,China,GREATER_CHINA,Chinese,Consumer,None,2020-10-09,2020,RETURNING,True,MDM,2020-10-09 00:00:00,2026-04-17 15:58:36.669871
8135a308-fef2-4766-8983-abd3afe304ab,CUST-2019-CN-000347,倩,李,倩 李,Female,1997-10-16,user350.apple@gmail.com,15781241392,杨街b座,秀梅县,乌鲁木齐市,726107,CN,China,GREATER_CHINA,Chinese,Consumer,None,2019-08-01,2019,RETURNING,True,MDM,2019-08-01,2026-04-17 15:58:36.669873
08be5501-afef-4554-a5d2-142ff7a3927c,CUST-2019-CN-001841,凤英,蒋,凤英 蒋,Male,2001-02-03,user228.apple@zoho.com,13872080604,合山街L座,莹市,婷市,873168,CN,China,GREATER_CHINA,Chinese,Consumer,None,2019-03-30,2019,RETURNING,True,MDM,2019-03-30,2026-04-17 15:58:36.669875
165caa61-94af-4818-a8cc-68cf3e97abb3,CUST-2020-CN-000425,华,张,华 张,Female,1998-10-06,user887.apple@gmail.com,18812743933,石家庄路D座,伟县,邯郸市,629598,CN,China,GREATER_CHINA,Chinese,Consumer,None,2020-12-16,2020,RETURNING,True,MDM,2020-12-16 00:00:00,2026-04-17 15:58:36.669876
b07cd630-d3f8-4f03-b320-33cc8ebd101f,CUST-2019-CN-002225,丽娟,罗,丽娟 罗,Female,1979-07-18,user524.apple@zoho.com,15937661513,兴安盟街v座,金凤县,秀英市,244849,CN,China,GREATER_CHINA,Chinese,Consumer,None,2019-04-15,2019,RETURNING,True,MDM,2019-04-15,2026-04-17 15:58:36.669878
8c9191f3-8c50-47eb-b918-b913520a1dcd,CUST-2020-CN-000875,丽华,袁,丽华 袁,Male,1996-05-13,user420.apple@icloud.com,15926410868,宁德路P座,想市,楠县,209620,CN,China,GREATER_CHINA,Chinese,Consumer,Gold,2020-01-26,2020,RETURNING,False,MDM,2020-01-26 00:00:00,2026-04-17 15:58:36.669879
f276509c-53f6-4a22-aef9-9db91030c7bc,CUST-2019-CN-000442,秀芳,吴,秀芳 吴,Female,1999-09-24,user599.apple@live.com,13057513030,余街U座,云县,桂芝县,855243,CN,China,GREATER_CHINA,Chinese,Consumer,None,2019-12-31,2019,RETURNING,True,MDM,2019-12-31,2026-04-17 15:58:36.669881
f4396632-7713-4dd8-ab80-8a240452b059,CUST-2019-CN-000644,春梅,康,春梅 康,Male,1964-08-20,user373.apple@gmail.com,18944212594,合肥路v座,淮安县,建平市,629691,CN,China,GREATER_CHINA,Chinese,Consumer,Gold,2019-05-28,2019,RETURNING,True,MDM,2019-05-28,2026-04-17 15:58:36.669883
bacc353c-1fe5-4f3d-852d-0693ba9b9b93,CUST-2019-CN-001283,帅,李,帅 李,Male,1957-06-26,user982.apple@yahoo.com,18670458201,陈街F座,琴市,辛集市,644006,CN,China,GREATER_CHINA,Chinese,Education,Gold,2019-12-17,2019,RETURNING,True,MDM,2019-12-17,2026-04-17 15:58:36.669884
6bf5e1df-6ca9-474b-af67-7803829c451e,CUST-2019-CN-000899,欣,朱,欣 朱,Female,1984-06-17,user972.apple544@gmx.com,15335104396,莫街A座,福州市,六安县,365825,CN,China,GREATER_CHINA,Chinese,Consumer,None,2019-09-11,2019,RETURNING,True,MDM,2019-09-11,2026-04-17 15:58:36.669886
66eba380-02db-4521-87a7-35225ab5b226,CUST-2019-CN-001322,晶,赵,晶 赵,Male,1974-06-22,user742.apple@msn.com,18965658074,昆明街x座,汕尾县,畅市,323254,CN,China,GREATER_CHINA,Chinese,Business,None,2019-02-26,2019,RETURNING,True,MDM,2019-02-26,2026-04-17 15:58:36.669888
9429ead9-0baf-41e3-a76e-185e4a968c2a,CUST-2020-CN-001067,洋,陈,洋 陈,Male,1952-03-14,user700.apple@aol.com,18987754524,石家庄路J座,秀云县,秀珍县,446230,CN,China,GREATER_CHINA,Chinese,Consumer,None,2020-05-15,2020,RETURNING,True,MDM,2020-05-15 00:00:00,2026-04-17 15:58:36.669890
9d501cbf-87fd-417e-aa7c-c25f5b18046d,CUST-2019-CN-002478,建,郑,建 郑,Female,1997-03-07,user933.apple855@protonmail.com,14548543462,福州路F座,春梅市,淑兰县,320573,CN,China,GREATER_CHINA,Chinese,Education,None,2019-01-21,2019,RETURNING,True,MDM,2019-01-21,2026-04-17 15:58:36.669892
5492f8d4-b279-413c-a4ad-c66bbf64d5a8,CUST-2019-CN-001487,帆,张,帆 张,Male,1999-10-07,user673.apple@outlook.com,13190492626,惠州街j座,雷县,飞市,935991,CN,China,GREATER_CHINA,Chinese,Business,None,2019-02-28,2019,RETURNING,True,MDM,2019-02-28,2026-04-17 15:58:36.669893
b41fa066-ae20-4270-b510-aff8fcc6f013,CUST-2019-CN-002447,冬梅,高,冬梅 高,Male,1983-08-06,user790.apple282@zoho.com,15884431924,重庆路Y座,婷婷县,深圳市,875350,CN,China,GREATER_CHINA,Chinese,Consumer,Gold,2019-06-23,2019,RETURNING,True,MDM,2019-06-23,2026-04-17 15:58:36.669895
3ce4f77e-2f9e-4b8b-aa2d-7c9bd4e3ab50,CUST-2019-CN-002231,丹,石,丹 石,Male,1964-09-04,user889.apple@gmail.com,13957179590,王街d座,合肥市,哈尔滨市,928745,CN,China,GREATER_CHINA,Chinese,Consumer,Silver,2019-01-24,2019,RETURNING,True,MDM,2019-01-24,2026-04-17 15:58:36.669896
fb6325d9-da5b-4b69-8960-717da6516010,CUST-2019-CN-001127,建华,朱,建华 朱,Female,1994-06-20,user802.apple@outlook.com,15814369877,合肥路Y座,桂芝市,长沙市,621337,CN,China,GREATER_CHINA,Chinese,Consumer,Platinum,2019-02-09,2019,RETURNING,True,MDM,2019-02-09,2026-04-17 15:58:36.669898
45fdd1d0-0eea-44da-8b94-86af15d117c8,CUST-2020-CN-000073,畅,李,畅 李,Male,1959-03-13,user797.apple527@msn.com,13925687195,徐街f座,淮安县,秀云市,228431,CN,China,GREATER_CHINA,Chinese,Consumer,None,2020-08-12,2020,RETURNING,True,MDM,2020-08-12 00:00:00,2026-04-17 15:58:36.669899
1202dc93-e129-48e2-9fef-241a5151e16c,CUST-2020-CN-000059,强,葛,强 葛,Male,1978-05-14,user304.apple618@hotmail.com,15077051271,黄街h座,北京县,广州县,362202,CN,China,GREATER_CHINA,Chinese,Consumer,None,2020-09-17,2020,RETURNING,True,MDM,2020-09-17 00:00:00,2026-04-17 15:58:36.669901
26793a20-5943-4d5d-80ce-6428face3344,CUST-2019-CN-000693,丽娟,李,丽娟 李,Female,1992-09-11,user533.apple@hotmail.com,13305295534,殷街x座,楠县,淑珍市,281267,CN,China,GREATER_CHINA,Chinese,Consumer,None,2019-10-04,2019,RETURNING,True,MDM,2019-10-04,2026-04-17 15:58:36.669903
89bf35ed-2965-4d1c-ba23-25b1d446ffed,CUST-2020-CN-000850,鑫,欧阳,鑫 欧阳,Male,1954-05-31,user319.apple950@msn.com,15243939295,张家港街j座,玉梅县,玉英县,647782,CN,China,GREATER_CHINA,Chinese,Consumer,Silver,2020-07-28,2020,RETURNING,True,MDM,2020-07-28 00:00:00,2026-04-17 15:58:36.669904
627ca2b2-591b-47c3-95db-4ba88de0ae80,CUST-2019-CN-000396,桂香,吴,桂香 吴,Female,1955-02-02,user358.apple@outlook.com,15929196916,石街K座,坤县,郑州市,621975,CN,China,GREATER_CHINA,Chinese,Consumer,Silver,2019-09-02,2019,RETURNING,True,MDM,2019-09-02,2026-04-17 15:58:36.669910
1ff81e25-769f-44a3-8e29-1f577b90a7ee,CUST-2020-CN-000597,伟,潘,伟 潘,Female,2003-01-13,user616.apple269@aol.com,13523874707,沈阳街Z座,张家港县,西安县,208901,CN,China,GREATER_CHINA,Chinese,Business,None,2020-05-31,2020,RETURNING,True,MDM,2020-05-31 00:00:00,2026-04-17 15:58:36.669911
26a6ea33-ceda-4fb9-a093-8071566273f6,CUST-2019-CN-002686,博,陈,博 陈,Male,1984-05-28,user523.apple@icloud.com,18693520355,太原街j座,超县,金凤市,888283,CN,China,GREATER_CHINA,Chinese,Consumer,Silver,2019-11-25,2019,RETURNING,True,MDM,2019-11-25,2026-04-17 15:58:36.669913
191cc1b7-7747-459f-bdfb-467e18e3f04f,CUST-2019-CN-001402,颖,刘,颖 刘,Male,1991-09-14,user285.apple@msn.com,13024649884,惠州路B座,邯郸市,静市,714690,CN,China,GREATER_CHINA,Chinese,Consumer,Gold,2019-06-20,2019,RETURNING,True,MDM,2019-06-20,2026-04-17 15:58:36.669915
d4f1c331-8435-49b2-ac69-781ee99123b3,CUST-2019-CN-002857,峰,曾,峰 曾,Female,1954-09-18,user563.apple@outlook.com,18879434615,西宁街v座,淑英县,志强市,116864,CN,China,GREATER_CHINA,Chinese,Consumer,None,2019-01-17,2019,RETURNING,True,MDM,2019-01-17,2026-04-17 15:58:36.669917
92fa7f41-aeaa-4d7d-b99c-c8831f9e67b4,CUST-2019-CN-002888,峰,牛,峰 牛,Male,1981-11-18,user704.apple@mail.com,14594550890,陈路J座,兰州县,秀芳县,745764,CN,China,GREATER_CHINA,Chinese,Consumer,None,2019-07-19,2019,RETURNING,True,MDM,2019-07-19,2026-04-17 15:58:36.669918
527d3353-1480-409a-8d67-442d01f46cc9,CUST-2020-CN-000372,淑英,杨,淑英 杨,Male,1974-11-03,user575.apple@live.com,14533399461,哈尔滨街w座,建国县,坤县,557649,CN,China,GREATER_CHINA,Chinese,Business,None,2020-11-11,2020,RETURNING,True,MDM,2020-11-11 00:00:00,2026-04-17 15:58:36.669920
e0a45704-a870-45b0-9885-ad639155bd92,CUST-2020-CN-000622,冬梅,杨,冬梅 杨,Female,1974-10-08,user864.apple@protonmail.com,18721463347,柳州街M座,沈阳县,张家港县,767367,CN,China,GREATER_CHINA,Chinese,Consumer,Platinum,2020-08-12,2020,RETURNING,True,MDM,2020-08-12 00:00:00,2026-04-17 15:58:36.669921
c63280af-f49b-4411-bb2c-896f840c9191,CUST-2019-CN-001558,桂珍,张,桂珍 张,Male,1963-06-17,user436.apple783@yahoo.com,13200857699,潮州街A座,海燕县,桂兰县,114732,CN,China,GREATER_CHINA,Chinese,Consumer,Silver,2019-10-30,2019,RETURNING,True,MDM,2019-10-30,2026-04-17 15:58:36.669923
8ee899d0-ccec-4644-a622-0ec48ed31b52,CUST-2020-CN-000404,鑫,程,鑫 程,Female,1962-01-07,user950.apple@hotmail.com,18592476164,长春路W座,亮县,西安县,153137,CN,China,GREATER_CHINA,Chinese,Consumer,Silver,2020-05-05,2020,RETURNING,False,MDM,2020-05-05 00:00:00,2026-04-17 15:58:36.669925
eefd6df2-d5e3-48fb-9e16-62e19c078701,CUST-2019-CN-002489,燕,刘,燕 刘,Female,2003-02-18,user248.apple@icloud.com,18812577514,太原街B座,淮安市,武汉县,743318,CN,China,GREATER_CHINA,Chinese,Consumer,Silver,2019-02-03,2019,RETURNING,True,MDM,2019-02-03,2026-04-17 15:58:36.669927
7ab21c0c-9bee-4d7c-8d91-1af8878a1a32,CUST-2019-CN-002000,刚,唐,刚 唐,Female,1971-08-25,user531.apple203@zoho.com,15340934650,李街P座,利县,玉华县,653096,CN,China,GREATER_CHINA,Chinese,Consumer,None,2019-09-13,2019,RETURNING,True,MDM,2019-09-13,2026-04-17 15:58:36.669929
eacd959e-2fbd-4e4e-81eb-c2a4c5c8ae79,CUST-2020-CN-000696,秀荣,孔,秀荣 孔,Male,1975-10-24,user374.apple@msn.com,15833031293,杜街g座,长春市,坤县,127339,CN,China,GREATER_CHINA,Chinese,Consumer,None,2020-02-23,2020,RETURNING,True,MDM,2020-02-23 00:00:00,2026-04-17 15:58:36.669930
400a3cc2-2306-4e3f-8c55-4b3989cf6025,CUST-2019-CN-001303,芳,李,芳 李,Female,1972-02-06,user558.apple@gmail.com,18659237212,聂街k座,合肥市,桂芝县,163264,CN,China,GREATER_CHINA,Chinese,Education,None,2019-02-23,2019,RETURNING,True,MDM,2019-02-23,2026-04-17 15:58:36.669932
bd4e08f6-4347-4eee-8df3-34b7f013f951,CUST-2019-CN-002379,玉梅,洪,玉梅 洪,Female,1997-03-04,user636.apple674@outlook.com,13971442578,贵阳路P座,太原县,太原市,445325,CN,China,GREATER_CHINA,Chinese,Education,Gold,2019-08-24,2019,RETURNING,True,MDM,2019-08-24,2026-04-17 15:58:36.669934
3929f66f-6c68-455a-ba5c-096a6cf42abe,CUST-2019-CN-000200,丽丽,石,丽丽 石,Male,2004-12-26,user955.apple@gmx.com,15348468252,李路r座,兴城市,南宁市,920787,CN,China,GREATER_CHINA,Chinese,Consumer,Gold,2019-01-01,2019,RETURNING,True,MDM,2019-01-01,2026-04-17 15:58:36.669935
a33251ca-282a-4e08-92cc-d442f9f36a59,CUST-2019-CN-002926,婷,莫,婷 莫,Male,1984-08-17,user593.apple@outlook.com,18997286967,南宁街V座,秀英县,齐齐哈尔市,622376,CN,China,GREATER_CHINA,Chinese,Consumer,None,2019-07-17,2019,RETURNING,True,MDM,2019-07-17,2026-04-17 15:58:36.669937
9621388a-65e3-4038-aab5-6d01d37e1cde,CUST-2019-CN-002194,霞,成,霞 成,Female,1962-10-27,user570.apple@outlook.com,15080589531,邵路P座,林县,阜新市,949882,CN,China,GREATER_CHINA,Chinese,Consumer,None,2019-01-13,2019,RETURNING,True,MDM,2019-01-13,2026-04-17 15:58:36.669939
2b664cf5-89f6-4827-87bc-4296fb142961,CUST-2019-CN-002494,彬,刘,彬 刘,Male,1950-07-28,user943.apple199@aol.com,13955613549,曾街v座,兴安盟市,洋县,494074,CN,China,GREATER_CHINA,Chinese,Consumer,Silver,2019-10-23,2019,RETURNING,True,MDM,2019-10-23,2026-04-17 15:58:36.669940
7fbb128b-e81e-4d33-a268-8fec85315800,CUST-2019-CN-002041,艳,杨,艳 杨,Female,1969-05-04,user381.apple@mail.com,13655094212,王街h座,婷婷市,淑兰县,434823,CN,China,GREATER_CHINA,Chinese,Business,Platinum,2019-07-08,2019,RETURNING,True,MDM,2019-07-08,2026-04-17 15:58:36.669941
ff9e7562-9f82-4e38-8af6-fecb40f6988a,CUST-2019-CN-000464,莹,王,莹 王,Female,1975-09-16,user370.apple350@aol.com,18886967995,长春街Q座,潮州市,燕县,823708,CN,China,GREATER_CHINA,Chinese,Consumer,None,2019-06-04,2019,RETURNING,False,MDM,2019-06-04,2026-04-17 15:58:36.669943
1bad0640-4108-48f8-a6f8-d5627b398d35,CUST-2019-CN-001648,红,朱,红 朱,Female,1975-01-16,user555.apple@mail.com,15986520658,兴城街C座,沈阳县,长沙市,734695,CN,China,GREATER_CHINA,Chinese,Consumer,Silver,2019-04-16,2019,RETURNING,True,MDM,2019-04-16,2026-04-17 15:58:36.669945
7cb1044a-729e-44f7-bcbf-49c9906801ff,CUST-2020-CN-000935,静,邵,静 邵,Male,1950-11-05,user748.apple@outlook.com,15144520516,长春街e座,杭州市,太原市,669723,CN,China,GREATER_CHINA,Chinese,Consumer,Silver,2020-11-07,2020,RETURNING,True,MDM,2020-11-07 00:00:00,2026-04-17 15:58:36.669946
4fe41460-7d57-49f0-b2e1-4d37ad133e8a,CUST-2020-CN-000076,浩,罗,浩 罗,Female,1963-10-11,user919.apple@aol.com,13649281576,康街m座,坤市,柳州市,514134,CN,China,GREATER_CHINA,Chinese,Consumer,Silver,2020-08-28,2020,RETURNING,True,MDM,2020-08-28 00:00:00,2026-04-17 15:58:36.669947
b8154b93-f24b-40fc-985e-5b2aeb139404,CUST-2019-CN-001143,明,王,明 王,Male,1962-07-09,user417.apple@yahoo.com,18798239036,西安路C座,丹县,玉珍市,821224,CN,China,GREATER_CHINA,Chinese,Consumer,None,2019-04-27,2019,RETURNING,True,MDM,2019-04-27,2026-04-17 15:58:36.669949
84838500-a6c2-47be-a8cc-ad1ec515d4df,CUST-2019-CN-001199,晨,胡,晨 胡,Female,1964-08-23,user784.apple752@outlook.com,18036842590,梧州路f座,天津市,秀梅市,979187,CN,China,GREATER_CHINA,Chinese,Consumer,None,2019-07-14,2019,RETURNING,True,MDM,2019-07-14,2026-04-17 15:58:36.669951
91b026b2-c269-46af-8ca8-e39f08a26eff,CUST-2019-CN-001264,鹏,刘,鹏 刘,Male,1983-06-22,user661.apple@zoho.com,18551808140,阜新街x座,桂芳县,福州市,394117,CN,China,GREATER_CHINA,Chinese,Consumer,None,2019-10-14,2019,RETURNING,True,MDM,2019-10-14,2026-04-17 15:58:36.669953
0aba10bc-5057-4208-b0ce-4dbad3fadbb8,CUST-2019-CN-002530,博,耿,博 耿,Male,1994-06-06,user522.apple@outlook.com,13265880283,沈阳街e座,秀芳县,马鞍山县,754804,CN,China,GREATER_CHINA,Chinese,Consumer,Silver,2019-02-16,2019,RETURNING,True,MDM,2019-02-16,2026-04-17 15:58:36.669954
2cef7fdc-e0e0-4ff5-843c-d9518ce34b2d,CUST-2019-CN-000015,雪,熊,雪 熊,Male,1959-10-10,user804.apple@zoho.com,13965531367,沈阳路Q座,香港市,淑华市,996367,CN,China,GREATER_CHINA,Chinese,Consumer,Platinum,2019-10-13,2019,RETURNING,True,MDM,2019-10-13,2026-04-17 15:58:36.669956
3d5c5a29-8416-40fe-af4b-16c62473ceb9,CUST-2019-CN-000696,娟,罗,娟 罗,Male,1997-03-19,user746.apple@gmx.com,13871693699,永安路v座,呼和浩特县,华市,703822,CN,China,GREATER_CHINA,Chinese,Business,Platinum,2019-11-14,2019,RETURNING,True,MDM,2019-11-14,2026-04-17 15:58:36.669958
d6a4b347-74ab-42a5-969c-2701a4ac341c,CUST-2019-CN-002649,晨,曹,晨 曹,Female,1952-04-19,user717.apple@zoho.com,18841189130,辛集路T座,红霞市,琳县,396594,CN,China,GREATER_CHINA,Chinese,Consumer,Silver,2019-08-19,2019,RETURNING,True,MDM,2019-08-19,2026-04-17 15:58:36.669959
8247a71a-f7fb-4a36-9929-56e694122a3d,CUST-2019-CN-000588,帆,雍,帆 雍,Female,1955-03-23,user857.apple848@zoho.com,18246763942,通辽路h座,阳市,丽市,144913,CN,China,GREATER_CHINA,Chinese,Consumer,Silver,2019-08-26,2019,RETURNING,True,MDM,2019-08-26,2026-04-17 15:58:36.669961
ee73c4e6-7783-48fe-ad89-87029d5c8f2f,CUST-2019-CN-001356,秀梅,谭,秀梅 谭,Female,1991-03-09,user241.apple@hotmail.com,13703088108,北京路q座,太原县,杰市,749518,CN,China,GREATER_CHINA,Chinese,Consumer,None,2019-02-08,2019,RETURNING,True,MDM,2019-02-08,2026-04-17 15:58:36.669963
cc958ee9-3247-4449-bf2e-3e65221126a4,CUST-2020-CN-001040,宁,柳,宁 柳,Male,1958-06-24,user328.apple@aol.com,13240375639,陈路a座,巢湖市,南昌市,840467,CN,China,GREATER_CHINA,Chinese,Consumer,None,2020-11-12,2020,RETURNING,True,MDM,2020-11-12 00:00:00,2026-04-17 15:58:36.669965
6d9f9a26-4898-4ac9-9aa5-7eb4598afa82,CUST-2019-CN-000856,敏,柳,敏 柳,Male,1966-05-11,user184.apple@outlook.com,13401655123,李街R座,云市,澳门县,589891,CN,China,GREATER_CHINA,Chinese,Business,Gold,2019-09-25,2019,RETURNING,True,MDM,2019-09-25,2026-04-17 15:58:36.669966
6492c6c5-7e3e-4cfe-923f-aceebf3aab26,CUST-2019-CN-001279,小红,丁,小红 丁,Female,1988-12-08,user617.apple288@live.com,18736601667,南昌路M座,淑华县,哈尔滨市,503127,CN,China,GREATER_CHINA,Chinese,Consumer,Silver,2019-10-24,2019,RETURNING,True,MDM,2019-10-24,2026-04-17 15:58:36.669968
0938d786-3848-4b66-9aca-0a39027067a5,CUST-2019-CN-000023,波,刘,波 刘,Male,2002-04-13,user243.apple@gmail.com,18598153841,淮安路d座,博市,帅市,898135,CN,China,GREATER_CHINA,Chinese,Consumer,None,2019-06-17,2019,RETURNING,True,MDM,2019-06-17,2026-04-17 15:58:36.669969
2790666e-5cbf-45e1-a03f-67c55b8ca0d5,CUST-2019-CN-002667,桂荣,胡,桂荣 胡,Female,1957-01-08,user874.apple@aol.com,15314686370,杨路J座,西宁市,琴县,932954,CN,China,GREATER_CHINA,Chinese,Consumer,Silver,2019-09-14,2019,RETURNING,True,MDM,2019-09-14,2026-04-17 15:58:36.669971
e7a47820-157b-4e85-8fab-b9dbc28d7e79,CUST-2019-CN-000800,鹏,杜,鹏 杜,Male,2003-07-08,user687.apple@zoho.com,13071864782,贾街V座,重庆市,萍市,629236,CN,China,GREATER_CHINA,Chinese,Business,None,2019-12-22,2019,RETURNING,True,MDM,2019-12-22,2026-04-17 15:58:36.669972
9b34c721-ae49-4a74-8f87-ba8b4c7b7276,CUST-2020-CN-000913,浩,李,浩 李,Female,1978-12-15,user464.apple406@gmx.com,18630449283,薛路W座,昆明市,欣县,113242,CN,China,GREATER_CHINA,Chinese,Consumer,Silver,2020-10-28,2020,RETURNING,True,MDM,2020-10-28 00:00:00,2026-04-17 15:58:36.669974
8c1b082a-168e-4850-8894-a2bf6867c4f7,CUST-2019-CN-001726,彬,何,彬 何,Male,1958-09-12,user643.apple533@mail.com,18179570779,东莞街e座,红县,琳市,610805,CN,China,GREATER_CHINA,Chinese,Business,None,2019-03-31,2019,RETURNING,True,MDM,2019-03-31,2026-04-17 15:58:36.669976
261c50fe-312d-429f-94fc-1ed60f82b603,CUST-2019-CN-002652,淑英,黄,淑英 黄,Male,1980-04-04,user220.apple552@protonmail.com,15725780264,福州路H座,拉萨县,东莞市,354513,CN,China,GREATER_CHINA,Chinese,Consumer,None,2019-11-18,2019,RETURNING,True,MDM,2019-11-18,2026-04-17 15:58:36.669978
37f2da83-de65-40d5-af31-898fc6ecd578,CUST-2019-CN-002930,慧,丁,慧 丁,Female,1962-09-15,user480.apple278@live.com,13075623389,莫街D座,俊县,超市,974699,CN,China,GREATER_CHINA,Chinese,Consumer,Platinum,2019-04-05,2019,RETURNING,True,MDM,2019-04-05,2026-04-17 15:58:36.669979
38943eab-5afb-4691-9c66-b728fe7a855e,CUST-2019-CN-002669,燕,李,燕 李,Female,1963-10-26,user265.apple@icloud.com,15627221974,深圳街b座,福州县,秀芳县,895000,CN,China,GREATER_CHINA,Chinese,Consumer,Gold,2019-08-01,2019,RETURNING,True,MDM,2019-08-01,2026-04-17 15:58:36.669981
7f7b4c51-7c05-41d3-9529-12f4484fadf2,CUST-2019-CN-001643,博,郑,博 郑,Male,1996-06-16,user355.apple@hotmail.com,15922430343,沈阳路R座,红市,鹏县,591785,CN,China,GREATER_CHINA,Chinese,Business,None,2019-09-19,2019,RETURNING,True,MDM,2019-09-19,2026-04-17 15:58:36.669983
9f701734-e650-4bd6-ac8e-1a1158be3fb1,CUST-2019-CN-001952,兰英,薛,兰英 薛,Female,1986-08-28,user562.apple@hotmail.com,18916507111,孙路m座,宁县,张家港县,815534,CN,China,GREATER_CHINA,Chinese,Consumer,None,2019-12-18,2019,RETURNING,True,MDM,2019-12-18,2026-04-17 15:58:36.669984
178f7fbb-6777-45e2-a83b-80cf3ce7d641,CUST-2019-CN-001255,莹,王,莹 王,Male,1971-12-11,user490.apple@gmx.com,15092975871,潘路s座,西安市,涛县,358852,CN,China,GREATER_CHINA,Chinese,Consumer,None,2019-07-28,2019,RETURNING,True,MDM,2019-07-28,2026-04-17 15:58:36.669986
84743c91-8b60-4031-b7d7-3122e1d0c293,CUST-2020-CN-000503,秀云,孙,秀云 孙,Female,1986-06-18,user257.apple@zoho.com,15759147254,长沙路S座,建平县,秀云县,928417,CN,China,GREATER_CHINA,Chinese,Consumer,Silver,2020-08-16,2020,RETURNING,True,MDM,2020-08-16 00:00:00,2026-04-17 15:58:36.669988
dd588d7f-0e04-414b-9a3d-70ba8f1c5885,CUST-2019-CN-001502,芳,孙,芳 孙,Female,1950-04-29,user929.apple352@zoho.com,18272087683,孙路H座,梧州市,银川县,723971,CN,China,GREATER_CHINA,Chinese,Education,Platinum,2019-08-29,2019,RETURNING,True,MDM,2019-08-29,2026-04-17 15:58:36.669989
7cad2ef6-72ef-460d-b2ce-d395c752f2c7,CUST-2019-CN-002061,岩,洪,岩 洪,Female,2003-03-30,user647.apple@icloud.com,14790273189,朱路v座,军市,琳县,167627,CN,China,GREATER_CHINA,Chinese,Business,None,2019-05-10,2019,RETURNING,True,MDM,2019-05-10,2026-04-17 15:58:36.669991
83cb735b-96ef-41e9-8faf-e0dae6a0bd9a,CUST-2019-CN-001966,瑜,张,瑜 张,Female,1994-06-23,user385.apple@icloud.com,18587629917,王街o座,嘉禾市,合肥市,648598,CN,China,GREATER_CHINA,Chinese,Consumer,None,2019-08-25,2019,RETURNING,True,MDM,2019-08-25,2026-04-17 15:58:36.669993
11de065f-5f43-4721-9579-e596b8f52834,CUST-2019-CN-001313,洋,陈,洋 陈,Male,1991-03-24,user701.apple@gmx.com,15112605600,李路Y座,婷婷市,东莞市,707081,CN,China,GREATER_CHINA,Chinese,Consumer,Silver,2019-01-29,2019,RETURNING,True,MDM,2019-01-29,2026-04-17 15:58:36.669994
035cdd0e-d746-4e71-b101-e949631f9678,CUST-2020-CN-000345,瑞,王,瑞 王,Female,1992-01-19,user716.apple@msn.com,14766336879,沈阳街b座,西安市,凯县,337168,CN,China,GREATER_CHINA,Chinese,Consumer,Silver,2020-12-23,2020,RETURNING,True,MDM,2020-12-23 00:00:00,2026-04-17 15:58:36.669996
6c8b71b3-f0f1-4da9-a06d-4102ea550743,CUST-2020-CN-000654,秀荣,曾,秀荣 曾,Male,1978-08-22,user784.apple@live.com,14542369111,李街H座,建国县,福州市,897539,CN,China,GREATER_CHINA,Chinese,Consumer,None,2020-02-11,2020,RETURNING,True,MDM,2020-02-11 00:00:00,2026-04-17 15:58:36.669998
bad06b98-c8b8-4915-bbb1-09057708319b,CUST-2020-CN-000516,鹏,向,鹏 向,Female,2003-11-13,user818.apple@aol.com,13605950175,刘路F座,林市,玉兰市,775229,CN,China,GREATER_CHINA,Chinese,Consumer,Platinum,2020-02-13,2020,RETURNING,True,MDM,2020-02-13 00:00:00,2026-04-17 15:58:36.669999
600fcb94-a97f-4ac0-8eaf-4775da2af1f7,CUST-2019-CN-002313,飞,游,飞 游,Female,1982-11-28,user243.apple@gmail.com,15067489464,王路N座,汕尾市,宜都市,353708,CN,China,GREATER_CHINA,Chinese,Consumer,Silver,2019-03-09,2019,RETURNING,True,MDM,2019-03-09,2026-04-17 15:58:36.670001
db80ae24-f936-411b-81fc-4fd546077f6b,CUST-2019-CN-000099,琴,许,琴 许,Female,1986-12-23,user933.apple521@mail.com,18078000225,丁街J座,成市,合肥县,607482,CN,China,GREATER_CHINA,Chinese,Consumer,None,2019-04-06,2019,RETURNING,True,MDM,2019-04-06,2026-04-17 15:58:36.670002
05a869e8-f36e-4b7e-a137-29cb946dc68a,CUST-2019-CN-000574,桂花,郭,桂花 郭,Male,1961-06-20,user635.apple383@msn.com,14539355684,潮州街h座,秀华市,宇县,241087,CN,China,GREATER_CHINA,Chinese,Consumer,None,2019-10-02,2019,RETURNING,True,MDM,2019-10-02,2026-04-17 15:58:36.670004
81087431-97fc-4bf8-b1a8-73eeb57dae15,CUST-2020-CN-000193,春梅,劳,春梅 劳,Male,1982-03-18,user439.apple@yahoo.com,15545804054,刘路f座,秀云市,淑英市,263724,CN,China,GREATER_CHINA,Chinese,Consumer,None,2020-08-11,2020,RETURNING,True,MDM,2020-08-11 00:00:00,2026-04-17 15:58:36.670006
1bb57ea1-245e-4ceb-b50b-5584ed89aef4,CUST-2020-CN-000221,欣,李,欣 李,Male,1977-11-21,user135.apple@gmx.com,18047721577,太原街u座,济南县,嘉禾县,820811,CN,China,GREATER_CHINA,Chinese,Education,None,2020-03-09,2020,RETURNING,True,MDM,2020-03-09 00:00:00,2026-04-17 15:58:36.670008
5bec7906-c381-4031-8ece-af84716b31c4,CUST-2019-CN-000637,梅,沈,梅 沈,Male,1964-04-15,user801.apple123@aol.com,15115486557,黄路a座,淮安市,桂兰县,129505,CN,China,GREATER_CHINA,Chinese,Education,Silver,2019-04-26,2019,RETURNING,True,MDM,2019-04-26,2026-04-17 15:58:36.670014
6b723d35-4ece-422b-bfa0-1dabc14bdd13,CUST-2019-CN-002279,洁,黄,洁 黄,Female,1991-11-20,user533.apple@msn.com,18072041104,通辽路O座,磊市,玉兰县,231379,CN,China,GREATER_CHINA,Chinese,Education,Silver,2019-09-05,2019,RETURNING,True,MDM,2019-09-05,2026-04-17 15:58:36.670015
ea4eaec0-a0b4-48c9-8e8d-075a83bf699b,CUST-2019-CN-000836,秀荣,林,秀荣 林,Male,2002-10-21,user353.apple@msn.com,13429255241,潜江街m座,福州市,伟市,341388,CN,China,GREATER_CHINA,Chinese,Business,None,2019-06-27,2019,RETURNING,True,MDM,2019-06-27,2026-04-17 15:58:36.670017
bbdef0d2-ab1a-466a-97d2-b29f0db97c65,CUST-2019-CN-000123,洁,高,洁 高,Female,2003-11-12,user794.apple@aol.com,13828285831,邯郸街Z座,鹏市,济南县,698032,CN,China,GREATER_CHINA,Chinese,Consumer,None,2019-11-21,2019,RETURNING,True,MDM,2019-11-21,2026-04-17 15:58:36.670019
d91f0950-b1c8-4502-90cd-09408457378f,CUST-2019-CN-002249,健,岳,健 岳,Male,1954-07-22,user621.apple59@zoho.com,13976243747,许路j座,龙县,云市,147090,CN,China,GREATER_CHINA,Chinese,Consumer,Platinum,2019-03-25,2019,RETURNING,True,MDM,2019-03-25,2026-04-17 15:58:36.670020
6ace7ee0-1cd7-4318-8572-21945c94e82e,CUST-2019-CN-000066,瑜,吕,瑜 吕,Male,2006-11-18,user379.apple@aol.com,13268970850,张路c座,荣县,通辽县,534471,CN,China,GREATER_CHINA,Chinese,Consumer,Silver,2019-04-29,2019,RETURNING,True,MDM,2019-04-29,2026-04-17 15:58:36.670022
dc038c86-be91-42ae-806f-deeca45755d1,CUST-2020-CN-000811,娜,方,娜 方,Female,1973-07-18,user788.apple417@hotmail.com,13435470560,淮安街T座,楠县,浩市,700884,CN,China,GREATER_CHINA,Chinese,Consumer,Gold,2020-03-06,2020,RETURNING,True,MDM,2020-03-06 00:00:00,2026-04-17 15:58:36.670023
57ec8a2a-d228-4322-8174-cfffe17a46c1,CUST-2019-CN-000688,兰英,何,兰英 何,Male,1954-10-17,user257.apple@outlook.com,13749875810,刘路e座,北京县,玉珍市,602336,CN,China,GREATER_CHINA,Chinese,Consumer,None,2019-05-15,2019,RETURNING,True,MDM,2019-05-15,2026-04-17 15:58:36.670025
24f0f992-0df8-4923-b473-140fbbee205d,CUST-2019-CN-001860,丽,傅,丽 傅,Female,1993-12-18,user282.apple@protonmail.com,18716498905,李街O座,颖县,春梅县,602782,CN,China,GREATER_CHINA,Chinese,Business,None,2019-02-12,2019,RETURNING,True,MDM,2019-02-12,2026-04-17 15:58:36.670027
6790049c-e227-4f7a-8059-b65d1e7594dd,CUST-2020-CN-000600,桂英,谈,桂英 谈,Male,1956-02-19,user977.apple688@outlook.com,13220352630,贾街q座,莉市,南昌县,936591,CN,China,GREATER_CHINA,Chinese,Consumer,None,2020-09-26,2020,RETURNING,True,MDM,2020-09-26 00:00:00,2026-04-17 15:58:36.670033
75c15f50-cc25-4485-ac83-17e2a9cdd6ba,CUST-2019-CN-000719,兰英,杨,兰英 杨,Female,1968-10-28,user654.apple596@live.com,14580483485,贵阳路j座,合肥县,昆明县,178542,CN,China,GREATER_CHINA,Chinese,Consumer,None,2019-09-05,2019,RETURNING,True,MDM,2019-09-05,2026-04-17 15:58:36.670034
9249a0a0-7f9f-418b-8e4b-ec61f0b2d9fc,CUST-2019-CN-001030,红霞,何,红霞 何,Female,1961-12-21,user291.apple@aol.com,13379659515,乌鲁木齐路m座,武汉市,拉萨县,338821,CN,China,GREATER_CHINA,Chinese,Consumer,None,2019-06-24,2019,RETURNING,True,MDM,2019-06-24,2026-04-17 15:58:36.670036
33f4f30b-23cd-4e0f-a425-b704ac7616b0,CUST-2019-CN-002948,彬,王,彬 王,Female,1960-05-28,user911.apple@hotmail.com,15047952461,合山街n座,燕县,玉华市,748755,CN,China,GREATER_CHINA,Chinese,Consumer,Platinum,2019-07-20,2019,RETURNING,False,MDM,2019-07-20,2026-04-17 15:58:36.670038
dea6dd8d-6745-418d-938b-11e84db3945f,CUST-2019-CN-001926,磊,施,磊 施,Male,1964-02-09,user134.apple@gmail.com,18561248910,巢湖街o座,合肥县,乌鲁木齐市,747838,CN,China,GREATER_CHINA,Chinese,Education,Gold,2019-05-27,2019,RETURNING,True,MDM,2019-05-27,2026-04-17 15:58:36.670040
f1d64aab-e7a1-4aed-9c4b-642a09ed5e51,CUST-2020-CN-000649,杰,李,杰 李,Male,1989-09-10,user148.apple@live.com,13496222875,太原路F座,桂芳市,深圳市,958354,CN,China,GREATER_CHINA,Chinese,Business,Gold,2020-09-04,2020,RETURNING,True,MDM,2020-09-04 00:00:00,2026-04-17 15:58:36.670041
c93d50f4-405c-4565-8505-ff7b57f22b0e,CUST-2019-CN-001695,燕,左,燕 左,Male,1954-08-07,user512.apple@aol.com,18242948694,香港街H座,齐齐哈尔市,马鞍山市,960204,CN,China,GREATER_CHINA,Chinese,Consumer,Silver,2019-11-12,2019,RETURNING,True,MDM,2019-11-12,2026-04-17 15:58:36.670042
01cccb81-56c2-4f92-879d-0176915c1e09,CUST-2020-CN-000330,洁,谢,洁 谢,Female,1955-11-07,user567.apple@gmail.com,13352053445,宋街v座,张家港县,西安县,514414,CN,China,GREATER_CHINA,Chinese,Consumer,Silver,2020-10-11,2020,RETURNING,True,MDM,2020-10-11 00:00:00,2026-04-17 15:58:36.670044
ae451009-e680-452f-90b7-498d5fc3ca27,CUST-2019-CN-001417,楠,林,楠 林,Female,1960-06-15,user896.apple196@gmail.com,13179721389,林街W座,哈尔滨县,齐齐哈尔县,746281,CN,China,GREATER_CHINA,Chinese,Education,None,2019-07-27,2019,RETURNING,True,MDM,2019-07-27,2026-04-17 15:58:36.670046
fec99cfc-8ab8-45db-a394-c79dc12e82e3,CUST-2020-CN-000214,敏,孔,敏 孔,Male,1981-01-07,user402.apple@zoho.com,13354467393,张街w座,洋市,凯县,441295,CN,China,GREATER_CHINA,Chinese,Consumer,Platinum,2020-11-08,2020,RETURNING,True,MDM,2020-11-08 00:00:00,2026-04-17 15:58:36.670047
dd749acb-2ce4-48e9-8552-b83cb8cd0205,CUST-2019-CN-000531,芳,李,芳 李,Male,1960-02-12,user222.apple@hotmail.com,13479223909,李路D座,红霞县,巢湖市,668207,CN,China,GREATER_CHINA,Chinese,Consumer,None,2019-11-24,2019,RETURNING,True,MDM,2019-11-24,2026-04-17 15:58:36.670049
69355852-77b6-497f-8986-20567bc4849f,CUST-2020-CN-000964,超,陈,超 陈,Male,1999-08-22,user460.apple@mail.com,18931133069,乌鲁木齐路r座,桂香县,合山市,683080,CN,China,GREATER_CHINA,Chinese,Education,Gold,2020-02-12,2020,RETURNING,True,MDM,2020-02-12 00:00:00,2026-04-17 15:58:36.670051
361f6508-d144-4d4f-aef2-a3584ec2f40e,CUST-2019-CN-002618,雪,张,雪 张,Female,1956-09-12,user953.apple@live.com,15283557785,西宁路a座,婷市,兴城县,724896,CN,China,GREATER_CHINA,Chinese,Business,None,2019-05-01,2019,RETURNING,True,MDM,2019-05-01,2026-04-17 15:58:36.670053
dd2e5080-eb68-4868-a21e-d8a57720290d,CUST-2020-CN-000863,丹,冯,丹 冯,Female,1954-04-13,user713.apple347@protonmail.com,13541779881,淮安街R座,长春县,辽阳县,602160,CN,China,GREATER_CHINA,Chinese,Consumer,None,2020-02-14,2020,RETURNING,True,MDM,2020-02-14 00:00:00,2026-04-17 15:58:36.670054
d64000b3-e0d1-4c10-b66c-8d762a72fd2b,CUST-2020-CN-001070,帆,李,帆 李,Male,1976-09-25,user994.apple@live.com,15898255342,王街I座,武汉市,想县,915452,CN,China,GREATER_CHINA,Chinese,Education,Silver,2020-11-11,2020,RETURNING,True,MDM,2020-11-11 00:00:00,2026-04-17 15:58:36.670056
62ae7a99-a54b-4b0d-a5a4-117f57ddc0ff,CUST-2020-CN-000846,楠,金,楠 金,Female,2007-03-22,user566.apple66@hotmail.com,13755036096,王街S座,柳州县,济南市,515948,CN,China,GREATER_CHINA,Chinese,Consumer,None,2020-06-02,2020,RETURNING,True,MDM,2020-06-02 00:00:00,2026-04-17 15:58:36.670057
256a4851-e22a-4b9a-b929-16fe3463d522,CUST-2019-CN-001022,凤英,任,凤英 任,Male,1976-06-09,user838.apple@gmx.com,15387839074,杭州路C座,澳门市,璐市,281120,CN,China,GREATER_CHINA,Chinese,Consumer,None,2019-05-15,2019,RETURNING,True,MDM,2019-05-15,2026-04-17 15:58:36.670059
da8d87df-a524-446a-987b-952ab0f98eb5,CUST-2019-CN-000429,玉梅,赵,玉梅 赵,Female,1980-08-08,user301.apple@mail.com,13759941148,柳州街B座,柳州县,阜新县,598638,CN,China,GREATER_CHINA,Chinese,Consumer,None,2019-12-26,2019,RETURNING,True,MDM,2019-12-26,2026-04-17 15:58:36.670061
e5daea8b-90c4-4e82-9bc8-89b55a8eb65a,CUST-2019-CN-001524,平,黄,平 黄,Female,1955-08-15,user752.apple@live.com,13470907609,赵街H座,通辽市,丽市,421522,CN,China,GREATER_CHINA,Chinese,Consumer,Platinum,2019-12-17,2019,RETURNING,True,MDM,2019-12-17,2026-04-17 15:58:36.670063
79b99e7e-d0a5-44e7-b9a1-70c63aa81144,CUST-2019-CN-002896,岩,赵,岩 赵,Female,2001-09-25,user999.apple66@live.com,18853516084,西安街b座,海燕市,潜江市,145103,CN,China,GREATER_CHINA,Chinese,Consumer,Gold,2019-12-14,2019,RETURNING,True,MDM,2019-12-14,2026-04-17 15:58:36.670064
0bea6208-3e46-4998-b4b6-ea3cf692d506,CUST-2019-CN-001219,丽,窦,丽 窦,Female,1980-04-21,user382.apple855@icloud.com,13019122292,陈街S座,六盘水市,马鞍山市,130973,CN,China,GREATER_CHINA,Chinese,Consumer,None,2019-05-05,2019,RETURNING,True,MDM,2019-05-05,2026-04-17 15:58:36.670066
648f17cf-d817-4600-b785-6e195024de41,CUST-2019-CN-000257,金凤,夏,金凤 夏,Female,1990-07-06,user857.apple@mail.com,18658492778,杨路m座,合山市,齐齐哈尔县,392410,CN,China,GREATER_CHINA,Chinese,Consumer,Silver,2019-02-10,2019,RETURNING,False,MDM,2019-02-10,2026-04-17 15:58:36.670071
d60a956b-d1d3-4021-a383-eb7f50a6b219,CUST-2020-CN-000567,辉,蔡,辉 蔡,Female,1969-12-01,user122.apple79@live.com,18064665982,邵街M座,南宁市,雪市,406101,CN,China,GREATER_CHINA,Chinese,Business,None,2020-11-26,2020,RETURNING,True,MDM,2020-11-26 00:00:00,2026-04-17 15:58:36.670073
3c4ac4f0-0d63-4170-8800-47d61cc290be,CUST-2019-CN-000134,倩,戴,倩 戴,Female,1978-09-08,user377.apple974@gmx.com,13276505109,嘉禾街Q座,飞县,太原市,592144,CN,China,GREATER_CHINA,Chinese,Consumer,None,2019-06-05,2019,RETURNING,True,MDM,2019-06-05,2026-04-17 15:58:36.670075
2d7e16c6-fbb2-48a0-841c-56430ceabbfd,CUST-2020-CN-000847,秀兰,李,秀兰 李,Female,1966-07-10,user433.apple717@yahoo.com,15106519447,田街y座,深圳市,柳市,276689,CN,China,GREATER_CHINA,Chinese,Consumer,None,2020-09-05,2020,RETURNING,True,MDM,2020-09-05 00:00:00,2026-04-17 15:58:36.670077
9eaebb02-eeeb-4b1e-8144-95b96c2c149e,CUST-2019-CN-000251,秀华,蒋,秀华 蒋,Male,1982-04-24,user256.apple@zoho.com,15518217755,乌鲁木齐路k座,欢市,张家港市,508585,CN,China,GREATER_CHINA,Chinese,Business,None,2019-12-01,2019,RETURNING,True,MDM,2019-12-01,2026-04-17 15:58:36.670079
6aa85e95-d60b-449b-9366-f14a3392a7b2,CUST-2019-CN-001059,淑兰,张,淑兰 张,Male,1992-06-03,user969.apple@protonmail.com,15341074028,天津路a座,香港市,芳县,389056,CN,China,GREATER_CHINA,Chinese,Consumer,None,2019-10-02,2019,RETURNING,True,MDM,2019-10-02,2026-04-17 15:58:36.670081
12b3c805-b4f7-4e81-a4ed-514e68e9f92a,CUST-2020-CN-000352,健,刘,健 刘,Male,2003-08-27,user802.apple@msn.com,13896626011,南京路Q座,大冶县,丹县,180835,CN,China,GREATER_CHINA,Chinese,Consumer,Silver,2020-02-21,2020,RETURNING,False,MDM,2020-02-21 00:00:00,2026-04-17 15:58:36.670083
c76329c0-b6cf-4359-87fb-771e64c9a769,CUST-2019-CN-000006,小红,韦,小红 韦,Male,2004-08-24,user613.apple@aol.com,13263029252,长春街U座,关岭县,秀华县,592923,CN,China,GREATER_CHINA,Chinese,Consumer,None,2019-05-03,2019,RETURNING,True,MDM,2019-05-03,2026-04-17 15:58:36.670086
9c92775f-9719-4d17-9623-fc36b56e5b09,CUST-2020-CN-000848,秀芳,罗,秀芳 罗,Female,1965-05-28,user895.apple327@zoho.com,15962865662,梧州路j座,荆门市,武汉县,788971,CN,China,GREATER_CHINA,Chinese,Consumer,None,2020-09-13,2020,RETURNING,True,MDM,2020-09-13 00:00:00,2026-04-17 15:58:36.670088
daf7aea7-53db-4143-875d-f4fc066fe90c,CUST-2019-CN-001984,帆,林,帆 林,Male,1966-01-23,user284.apple@aol.com,18218752015,陈街U座,关岭县,金凤县,533854,CN,China,GREATER_CHINA,Chinese,Business,Silver,2019-03-17,2019,RETURNING,True,MDM,2019-03-17,2026-04-17 15:58:36.670089
08dfb9f9-51c5-4f67-8ae8-553412f5469c,CUST-2019-CN-001439,林,李,林 李,Female,1954-12-21,user213.apple@outlook.com,15192981208,广州街h座,南昌县,海口市,940586,CN,China,GREATER_CHINA,Chinese,Consumer,Silver,2019-06-15,2019,RETURNING,True,MDM,2019-06-15,2026-04-17 15:58:36.670091
a44197e1-8b2e-4ef8-9303-67b186c5b98b,CUST-2020-CN-000792,明,鲍,明 鲍,Female,1958-07-22,user665.apple17@icloud.com,13583770823,兰州街G座,瑜市,莹县,977864,CN,China,GREATER_CHINA,Chinese,Business,None,2020-10-17,2020,RETURNING,True,MDM,2020-10-17 00:00:00,2026-04-17 15:58:36.670092
12e3e207-c6d2-4ffe-833b-0fb5880664a7,CUST-2019-CN-001569,健,索,健 索,Male,1980-11-12,user118.apple@protonmail.com,13411626254,贵阳路B座,济南市,通辽县,803055,CN,China,GREATER_CHINA,Chinese,Business,Platinum,2019-04-07,2019,RETURNING,True,MDM,2019-04-07,2026-04-17 15:58:36.670094
b6b82ddd-5009-4f14-b3f8-9aedb798a3aa,CUST-2019-CN-000014,凤英,史,凤英 史,Male,1996-03-11,user861.apple@outlook.com,18500172954,施街W座,张家港市,秀华县,105102,CN,China,GREATER_CHINA,Chinese,Education,None,2019-02-14,2019,RETURNING,True,MDM,2019-02-14,2026-04-17 15:58:36.670096
000851da-1ba6-4f86-9131-7c3bbde3d740,CUST-2019-CN-002647,楠,吴,楠 吴,Female,1993-06-29,user248.apple@gmail.com,15215817971,邯郸路D座,济南市,兴安盟市,484995,CN,China,GREATER_CHINA,Chinese,Consumer,Silver,2019-07-12,2019,RETURNING,True,MDM,2019-07-12,2026-04-17 15:58:36.670097
88040019-acc4-44ec-870a-f78f73c3986a,CUST-2020-CN-000768,小红,周,小红 周,Male,1990-06-29,user478.apple@hotmail.com,14593165201,赵路B座,太原市,巢湖市,599132,CN,China,GREATER_CHINA,Chinese,Consumer,None,2020-04-10,2020,RETURNING,True,MDM,2020-04-10 00:00:00,2026-04-17 15:58:36.670099
96641c5d-8e1a-475e-859c-ff4e118e42d0,CUST-2019-CN-000976,桂珍,单,桂珍 单,Female,1951-10-07,user872.apple@mail.com,15611738592,刘街W座,六安市,秀珍县,378421,CN,China,GREATER_CHINA,Chinese,Education,None,2019-12-31,2019,RETURNING,True,MDM,2019-12-31,2026-04-17 15:58:36.670104
cbe7c8a4-0ba2-4ef0-9f6e-ef03b0797e0b,CUST-2019-CN-001216,秀华,郑,秀华 郑,Female,2006-03-18,user320.apple@mail.com,15382102255,石家庄街C座,想市,柳州县,692923,CN,China,GREATER_CHINA,Chinese,Business,Platinum,2019-09-16,2019,RETURNING,True,MDM,2019-09-16,2026-04-17 15:58:36.670106
26985ada-a7b1-4b25-a717-f61b948fb4a5,CUST-2020-CN-000461,冬梅,黄,冬梅 黄,Male,1954-03-15,user825.apple@hotmail.com,13686879319,陶路t座,台北市,文县,667493,CN,China,GREATER_CHINA,Chinese,Consumer,Silver,2020-04-05,2020,RETURNING,True,MDM,2020-04-05 00:00:00,2026-04-17 15:58:36.670107
116ab11a-7b51-4466-b106-feeed098cd58,CUST-2019-CN-000004,红,吴,红 吴,Male,1979-10-07,user476.apple@gmail.com,15952416633,周路E座,海燕市,洁市,532107,CN,China,GREATER_CHINA,Chinese,Consumer,Silver,2019-08-07,2019,RETURNING,True,MDM,2019-08-07,2026-04-17 15:58:36.670110
1f7166b5-fbbb-48d8-b4f1-f52a30a9dc26,CUST-2019-CN-001960,建,王,建 王,Female,1960-10-04,user786.apple@hotmail.com,15607166498,杨街w座,张家港县,西安县,624187,CN,China,GREATER_CHINA,Chinese,Consumer,Gold,2019-05-20,2019,RETURNING,True,MDM,2019-05-20,2026-04-17 15:58:36.670111
2b0ea799-bb57-42df-b0ee-a22a5f29143d,CUST-2019-CN-000153,琴,吴,琴 吴,Male,1974-05-09,user759.apple@live.com,13489024073,王路b座,丽娟市,惠州市,154026,CN,China,GREATER_CHINA,Chinese,Consumer,None,2019-01-18,2019,RETURNING,True,MDM,2019-01-18,2026-04-17 15:58:36.670113
6f020241-a3ff-4c49-b745-cf4cee09c668,CUST-2020-CN-001076,佳,王,佳 王,Male,2004-02-23,user143.apple@mail.com,13304529572,佛山路u座,关岭县,桂芳县,877528,CN,China,GREATER_CHINA,Chinese,Consumer,None,2020-01-04,2020,RETURNING,True,MDM,2020-01-04 00:00:00,2026-04-17 15:58:36.670115
e5336d70-bbbe-49c2-a440-7ce863f05486,CUST-2019-CN-001745,萍,郑,萍 郑,Female,1998-02-11,user755.apple@msn.com,18738938698,荆门路C座,瑜县,拉萨县,852196,CN,China,GREATER_CHINA,Chinese,Consumer,Silver,2019-02-19,2019,RETURNING,True,MDM,2019-02-19,2026-04-17 15:58:36.670116
70019419-fe2c-41cb-8995-70445d8d17f3,CUST-2019-CN-002830,雪,郭,雪 郭,Female,1965-08-30,user176.apple403@protonmail.com,13533049537,钟路R座,长沙市,辛集县,102811,CN,China,GREATER_CHINA,Chinese,Consumer,Silver,2019-09-21,2019,RETURNING,True,MDM,2019-09-21,2026-04-17 15:58:36.670118
3a74f617-e5aa-4c15-85c7-44867f18c062,CUST-2019-CN-002584,林,袁,林 袁,Male,1996-08-10,user986.apple@zoho.com,18049111641,西宁路q座,秀英县,红县,238982,CN,China,GREATER_CHINA,Chinese,Education,Platinum,2019-12-27,2019,RETURNING,True,MDM,2019-12-27,2026-04-17 15:58:36.670119
92cdff2c-ec14-4671-ad00-8d1f7cd9a708,CUST-2019-CN-001146,平,李,平 李,Male,1957-12-01,user974.apple742@mail.com,13552390964,黄街d座,西安县,南宁县,579754,CN,China,GREATER_CHINA,Chinese,Business,None,2019-08-11,2019,RETURNING,True,MDM,2019-08-11,2026-04-17 15:58:36.670125
4c127d16-10a2-4c8a-9f1d-1bc17fe066bb,CUST-2019-CN-001914,小红,李,小红 李,Male,1957-06-29,user511.apple@msn.com,18827944574,成都路r座,长沙市,建平市,409176,CN,China,GREATER_CHINA,Chinese,Consumer,None,2019-11-14,2019,RETURNING,True,MDM,2019-11-14,2026-04-17 15:58:36.670127
13bc7e6d-424e-4d7c-a990-10248fbef5bd,CUST-2019-CN-000132,荣,凌,荣 凌,Female,1966-12-17,user676.apple@aol.com,18748520264,王街Y座,东莞市,沈阳县,701822,CN,China,GREATER_CHINA,Chinese,Consumer,None,2019-04-02,2019,RETURNING,True,MDM,2019-04-02,2026-04-17 15:58:36.670129
65d79dcf-bbe3-4f9c-9068-fc77259fc93a,CUST-2019-CN-002813,华,赵,华 赵,Male,1992-02-26,user121.apple@protonmail.com,13906868994,成路Q座,坤市,洁县,528998,CN,China,GREATER_CHINA,Chinese,Consumer,None,2019-07-24,2019,RETURNING,True,MDM,2019-07-24,2026-04-17 15:58:36.670130
d555f711-2df9-48e0-9bc6-cde712181ece,CUST-2020-CN-000382,淑兰,滕,淑兰 滕,Female,1959-09-19,user802.apple658@hotmail.com,15339645366,许街h座,坤市,宜都市,858155,CN,China,GREATER_CHINA,Chinese,Consumer,Platinum,2020-12-09,2020,RETURNING,True,MDM,2020-12-09 00:00:00,2026-04-17 15:58:36.670132
652a021c-9c81-4746-935e-c1d12d7754d3,CUST-2020-CN-001013,桂芳,罗,桂芳 罗,Female,1973-07-19,user983.apple@hotmail.com,18851704209,大冶街n座,淑英市,潮州市,987934,CN,China,GREATER_CHINA,Chinese,Education,None,2020-05-13,2020,RETURNING,True,MDM,2020-05-13 00:00:00,2026-04-17 15:58:36.670134
9d8c4649-f496-4ba0-93d9-e9724e78eb2e,CUST-2020-CN-000683,建国,吴,建国 吴,Male,1994-09-24,user555.apple@msn.com,18582208977,李路A座,合肥市,俊县,356862,CN,China,GREATER_CHINA,Chinese,Consumer,None,2020-10-31,2020,RETURNING,True,MDM,2020-10-31 00:00:00,2026-04-17 15:58:36.670135
48e67d36-f8c3-4fe9-8b10-a4962fb3775a,CUST-2020-CN-000204,欣,李,欣 李,Male,1955-06-22,user812.apple@protonmail.com,13337419475,邯郸街c座,丽娟县,长春市,391754,CN,China,GREATER_CHINA,Chinese,Consumer,Platinum,2020-07-23,2020,RETURNING,True,MDM,2020-07-23 00:00:00,2026-04-17 15:58:36.670137
2d8ba16e-1d2b-44a1-ad9b-a53508ee3095,CUST-2020-CN-000175,杰,蒋,杰 蒋,Female,1959-04-20,user166.apple@outlook.com,15585805126,傅街H座,福州市,娟县,636665,CN,China,GREATER_CHINA,Chinese,Consumer,None,2020-08-07,2020,RETURNING,True,MDM,2020-08-07 00:00:00,2026-04-17 15:58:36.670139
28c2517a-c84d-4e42-860f-757bd8b77494,CUST-2020-CN-000273,玉珍,叶,玉珍 叶,Female,1956-06-25,user769.apple@gmail.com,18716161952,王路v座,利市,丽娟市,948611,CN,China,GREATER_CHINA,Chinese,Business,None,2020-10-17,2020,RETURNING,False,MDM,2020-10-17 00:00:00,2026-04-17 15:58:36.670141
92cf8bee-f393-4de2-b84f-fc1833a4b86b,CUST-2019-CN-001528,瑜,徐,瑜 徐,Female,1956-09-24,user652.apple@aol.com,18849692592,六安街O座,利县,建县,742560,CN,China,GREATER_CHINA,Chinese,Consumer,None,2019-10-27,2019,RETURNING,True,MDM,2019-10-27,2026-04-17 15:58:36.670142
c4257f06-c8db-4516-8563-9f575f998f25,CUST-2019-CN-000784,晶,区,晶 区,Male,1992-08-18,user415.apple@msn.com,13156642060,李街s座,秀英县,深圳市,215270,CN,China,GREATER_CHINA,Chinese,Consumer,Silver,2019-10-14,2019,RETURNING,True,MDM,2019-10-14,2026-04-17 15:58:36.670144
512ec312-a365-44fb-b83f-86867687d9c0,CUST-2020-CN-000648,俊,罗,俊 罗,Male,1998-01-20,user351.apple@live.com,18538000274,贵阳街T座,长春市,长春市,399458,CN,China,GREATER_CHINA,Chinese,Consumer,Silver,2020-06-10,2020,RETURNING,False,MDM,2020-06-10 00:00:00,2026-04-17 15:58:36.670145
c902a1ba-f8ac-47a9-b231-d979ee16f4b2,CUST-2019-CN-002301,明,胡,明 胡,Female,1981-05-15,user398.apple@hotmail.com,13009640680,荆门路Z座,阳县,伟县,409271,CN,China,GREATER_CHINA,Chinese,Consumer,Gold,2019-05-15,2019,RETURNING,True,MDM,2019-05-15,2026-04-17 15:58:36.670147
0985fd29-bf81-452b-a47b-b6340015445f,CUST-2019-CN-001957,雷,王,雷 王,Male,1959-09-09,user875.apple@icloud.com,15070089192,宋路R座,合山县,龙县,165949,CN,China,GREATER_CHINA,Chinese,Business,Silver,2019-01-31,2019,RETURNING,True,MDM,2019-01-31,2026-04-17 15:58:36.670148
ca4cd63c-e0ab-4b20-bed4-1362f94c7912,CUST-2019-CN-002282,超,韩,超 韩,Male,1995-02-10,user220.apple@protonmail.com,18813055564,游街x座,南昌县,杨县,293598,CN,China,GREATER_CHINA,Chinese,Consumer,Gold,2019-01-06,2019,RETURNING,True,MDM,2019-01-06,2026-04-17 15:58:36.670150
771b934c-6ed0-478f-b0af-8c3219232d3e,CUST-2019-CN-000012,秀兰,王,秀兰 王,Female,1966-04-16,user958.apple@outlook.com,14527789787,陈路U座,秀英市,惠州县,886951,CN,China,GREATER_CHINA,Chinese,Business,Gold,2019-11-06,2019,RETURNING,True,MDM,2019-11-06,2026-04-17 15:58:36.670151
6e3708fb-91b9-41be-82cc-5c3768180fde,CUST-2019-CN-001732,桂香,张,桂香 张,Male,2004-01-07,user420.apple711@mail.com,13081384879,南宁街l座,石家庄县,秀荣县,365533,CN,China,GREATER_CHINA,Chinese,Education,None,2019-10-17,2019,RETURNING,True,MDM,2019-10-17,2026-04-17 15:58:36.670157
b2ba2918-0eee-4426-9ab9-0f6807c84ad4,CUST-2019-CN-002720,秀兰,宋,秀兰 宋,Male,1978-12-11,user610.apple@hotmail.com,15872766941,田街d座,澳门市,柳州县,268369,CN,China,GREATER_CHINA,Chinese,Consumer,Platinum,2019-09-04,2019,RETURNING,True,MDM,2019-09-04,2026-04-17 15:58:36.670158
7882c236-6ceb-40b9-8107-a0ac225839a4,CUST-2019-CN-002575,晨,曹,晨 曹,Female,1967-05-10,user332.apple@yahoo.com,13686911755,北镇路y座,红霞市,长春县,766400,CN,China,GREATER_CHINA,Chinese,Consumer,Silver,2019-01-08,2019,RETURNING,True,MDM,2019-01-08,2026-04-17 15:58:36.670160
eb33e47b-7a66-453a-b924-e3bcd449866d,CUST-2020-CN-000924,成,沈,成 沈,Male,1992-07-03,user713.apple@gmail.com,15993887695,郑州街q座,潜江市,重庆市,790383,CN,China,GREATER_CHINA,Chinese,Business,Silver,2020-09-25,2020,RETURNING,True,MDM,2020-09-25 00:00:00,2026-04-17 15:58:36.670162
9ba98aaf-c7a5-4e30-9b92-ca5cef47fc50,CUST-2020-CN-000234,雷,陈,雷 陈,Female,1980-06-04,user840.apple@mail.com,13494390649,卢街W座,台北县,梅县,255874,CN,China,GREATER_CHINA,Chinese,Business,Silver,2020-08-18,2020,RETURNING,True,MDM,2020-08-18 00:00:00,2026-04-17 15:58:36.670163
69b603fe-fe50-413e-bd07-066bceac2498,CUST-2020-CN-000036,东,陈,东 陈,Male,1960-03-20,user481.apple386@gmx.com,15792912770,赵街Q座,丽市,波县,569427,CN,China,GREATER_CHINA,Chinese,Business,None,2020-03-18,2020,RETURNING,True,MDM,2020-03-18 00:00:00,2026-04-17 15:58:36.670165
107bee5c-d7d6-41fc-8bc2-29bbccc2c461,CUST-2019-CN-001041,凤兰,纪,凤兰 纪,Male,1976-01-16,user722.apple356@mail.com,13816954659,武汉街B座,婷婷市,海门市,984222,CN,China,GREATER_CHINA,Chinese,Consumer,None,2019-03-27,2019,RETURNING,False,MDM,2019-03-27,2026-04-17 15:58:36.670167
32a809e5-a51f-4b03-9473-9bf9291068de,CUST-2019-CN-002277,红霞,张,红霞 张,Female,1966-10-06,user200.apple@mail.com,15053500177,上海街h座,齐齐哈尔市,俊市,526493,CN,China,GREATER_CHINA,Chinese,Consumer,None,2019-10-06,2019,RETURNING,True,MDM,2019-10-06,2026-04-17 15:58:36.670169
0d33c2bd-b468-4ebe-adc6-08d7db283b8b,CUST-2019-CN-001063,桂兰,张,桂兰 张,Male,1998-11-09,user574.apple@gmx.com,18029232555,林街i座,林市,济南市,205618,CN,China,GREATER_CHINA,Chinese,Consumer,None,2019-01-30,2019,RETURNING,True,MDM,2019-01-30,2026-04-17 15:58:36.670174
07e3defc-0654-42cf-902b-c73019445af1,CUST-2019-CN-002928,辉,黄,辉 黄,Male,1963-01-20,user756.apple380@hotmail.com,15282939333,马鞍山路g座,芳县,雷县,967065,CN,China,GREATER_CHINA,Chinese,Consumer,None,2019-10-09,2019,RETURNING,True,MDM,2019-10-09,2026-04-17 15:58:36.670176
b7350040-5216-4431-8968-cf048351965f,CUST-2020-CN-000535,帆,赖,帆 赖,Male,1982-10-25,user493.apple@zoho.com,13098161447,李街f座,福州市,明市,253596,CN,China,GREATER_CHINA,Chinese,Consumer,None,2020-07-16,2020,RETURNING,True,MDM,2020-07-16 00:00:00,2026-04-17 15:58:36.670178
3c9cb5c9-5ada-4d57-88aa-d4e930d422b9,CUST-2019-CN-002331,桂芳,刘,桂芳 刘,Female,1981-01-04,user692.apple@yahoo.com,13625754170,张路A座,兵市,宜都县,860468,CN,China,GREATER_CHINA,Chinese,Consumer,None,2019-02-20,2019,RETURNING,False,MDM,2019-02-20,2026-04-17 15:58:36.670180
f21ebc72-1bd8-4aa6-b975-10c3ffc5b150,CUST-2020-CN-000354,莉,傅,莉 傅,Female,1975-04-30,user590.apple@protonmail.com,15304783488,门路j座,潜江市,宜都市,703017,CN,China,GREATER_CHINA,Chinese,Consumer,None,2020-07-23,2020,RETURNING,True,MDM,2020-07-23 00:00:00,2026-04-17 15:58:36.670181
32718637-836b-4d61-88d9-3caec3eb9dcf,CUST-2020-CN-000840,刚,方,刚 方,Female,1983-10-22,user454.apple482@hotmail.com,15873222997,佛山路x座,六盘水县,杭州市,813295,CN,China,GREATER_CHINA,Chinese,Consumer,None,2020-09-18,2020,RETURNING,True,MDM,2020-09-18 00:00:00,2026-04-17 15:58:36.670183
6baaee8e-9d96-4975-adef-b280b7fad9cc,CUST-2020-CN-001025,波,潘,波 潘,Male,1963-02-17,user324.apple@gmail.com,18008513987,成都街i座,兰英市,小红市,717104,CN,China,GREATER_CHINA,Chinese,Consumer,None,2020-10-28,2020,RETURNING,True,MDM,2020-10-28 00:00:00,2026-04-17 15:58:36.670185
2808da02-3ff8-4a24-a5b5-9dc46ffbb4d8,CUST-2020-CN-000808,琳,芦,琳 芦,Female,2005-11-03,user560.apple@zoho.com,15183004692,蔡路I座,阜新县,呼和浩特市,109098,CN,China,GREATER_CHINA,Chinese,Consumer,Silver,2020-11-28,2020,RETURNING,True,MDM,2020-11-28 00:00:00,2026-04-17 15:58:36.670186
f7abacae-b8cd-42c4-a775-92d49088eea7,CUST-2019-CN-000084,丹,朱,丹 朱,Female,1990-08-17,user421.apple@zoho.com,15167878978,巢湖街p座,勇县,哈尔滨市,130277,CN,China,GREATER_CHINA,Chinese,Consumer,Platinum,2019-02-01,2019,RETURNING,True,MDM,2019-02-01,2026-04-17 15:58:36.670192
9669e33f-3e99-46f0-95f2-832097b89387,CUST-2019-CN-002682,丹,张,丹 张,Male,2006-07-24,user399.apple@gmail.com,15105090095,辛集街k座,敏市,晶市,594510,CN,China,GREATER_CHINA,Chinese,Business,None,2019-02-16,2019,RETURNING,True,MDM,2019-02-16,2026-04-17 15:58:36.670193
ae3b515f-e05b-4c23-b020-78ae1306d2dd,CUST-2019-CN-000614,小红,王,小红 王,Male,1984-10-29,user452.apple905@outlook.com,14509618850,成都街v座,银川县,马鞍山县,682322,CN,China,GREATER_CHINA,Chinese,Consumer,None,2019-11-16,2019,RETURNING,True,MDM,2019-11-16,2026-04-17 15:58:36.670195
6f0f9e0b-87e7-4c28-8079-d442932ba998,CUST-2020-CN-000628,瑜,唐,瑜 唐,Male,1968-12-24,user519.apple@gmx.com,18833792622,兰州路T座,西安市,红霞市,472575,CN,China,GREATER_CHINA,Chinese,Consumer,Silver,2020-06-11,2020,RETURNING,True,MDM,2020-06-11 00:00:00,2026-04-17 15:58:36.670197
f179b260-1603-49d0-8638-ee4e0e50e9aa,CUST-2019-CN-001416,东,黄,东 黄,Female,1955-05-19,user653.apple@zoho.com,13108825567,陈街c座,潮州县,辽阳县,562157,CN,China,GREATER_CHINA,Chinese,Consumer,None,2019-08-09,2019,RETURNING,True,MDM,2019-08-09,2026-04-17 15:58:36.670199
8be4873c-3a2f-4765-b4ec-1febdda6c9c3,CUST-2019-CN-001644,波,何,波 何,Female,1951-09-11,user789.apple840@aol.com,13178623675,石家庄街c座,丽县,秀兰市,398352,CN,China,GREATER_CHINA,Chinese,Consumer,Gold,2019-06-08,2019,RETURNING,True,MDM,2019-06-08,2026-04-17 15:58:36.670200
dc519085-761e-4d17-8d0d-53e3e4ae4a60,CUST-2019-CN-001530,雷,胡,雷 胡,Female,1957-01-13,user407.apple@msn.com,15230702660,张家港街I座,柳州县,凤兰县,246045,CN,China,GREATER_CHINA,Chinese,Consumer,None,2019-10-17,2019,RETURNING,True,MDM,2019-10-17,2026-04-17 15:58:36.670202
89a53981-71d7-400e-bd7c-fb0b91747b41,CUST-2019-CN-001062,桂荣,冯,桂荣 冯,Male,1998-03-19,user133.apple@aol.com,18728109034,孔街k座,潜江县,沈阳县,957111,CN,China,GREATER_CHINA,Chinese,Consumer,Platinum,2019-05-19,2019,RETURNING,True,MDM,2019-05-19,2026-04-17 15:58:36.670204
408ec331-5086-44af-9a75-b824b1e0c1e9,CUST-2020-CN-000605,亮,张,亮 张,Male,1989-06-27,user126.apple@yahoo.com,13361553889,南昌街Y座,马鞍山市,柳市,638035,CN,China,GREATER_CHINA,Chinese,Consumer,None,2020-04-28,2020,RETURNING,True,MDM,2020-04-28 00:00:00,2026-04-17 15:58:36.670210
fb500535-2cdf-4100-9698-ed4b5247b5ea,CUST-2019-CN-001944,荣,薛,荣 薛,Female,1986-09-09,user373.apple98@live.com,14732928841,李街Y座,南京县,澳门县,407427,CN,China,GREATER_CHINA,Chinese,Consumer,None,2019-09-17,2019,RETURNING,True,MDM,2019-09-17,2026-04-17 15:58:36.670211
e238e91b-3eb4-46c0-ac87-099a50414c32,CUST-2019-CN-001403,淑华,尧,淑华 尧,Female,1972-03-10,user208.apple@yahoo.com,15513424785,陈街F座,莉市,莹市,500600,CN,China,GREATER_CHINA,Chinese,Consumer,Gold,2019-05-09,2019,RETURNING,True,MDM,2019-05-09,2026-04-17 15:58:36.670213
dd13b723-ba8a-46d2-9edc-12d2c254870a,CUST-2020-CN-000329,建,薛,建 薛,Male,1973-05-19,user891.apple@msn.com,14791963264,梁街a座,澳门县,哈尔滨县,111284,CN,China,GREATER_CHINA,Chinese,Consumer,None,2020-12-27,2020,RETURNING,True,MDM,2020-12-27 00:00:00,2026-04-17 15:58:36.670215
9862f4e8-86e3-4720-b82d-35732a40e4fa,CUST-2019-CN-002651,秀荣,陈,秀荣 陈,Male,1975-09-03,user913.apple638@gmx.com,15548307867,张路x座,勇市,广州市,669489,CN,China,GREATER_CHINA,Chinese,Business,Silver,2019-07-06,2019,RETURNING,True,MDM,2019-07-06,2026-04-17 15:58:36.670216
c6ce08b6-4697-43de-8f38-4644a00561ee,CUST-2019-CN-002839,彬,韦,彬 韦,Male,1962-05-27,user366.apple996@gmx.com,13920039515,李路h座,兰州县,丹丹市,801648,CN,China,GREATER_CHINA,Chinese,Consumer,None,2019-08-04,2019,RETURNING,True,MDM,2019-08-04,2026-04-17 15:58:36.670218
36810f9b-2f9b-4b8f-9cbf-4dfa099daee8,CUST-2019-CN-001743,瑞,陈,瑞 陈,Female,1956-07-29,user429.apple308@yahoo.com,18130046667,武汉路g座,丽市,敏市,238650,CN,China,GREATER_CHINA,Chinese,Consumer,None,2019-02-01,2019,RETURNING,True,MDM,2019-02-01,2026-04-17 15:58:36.670220
db4f6518-a4ff-4423-aa16-b527e9a62822,CUST-2019-CN-000685,畅,杨,畅 杨,Female,1976-11-06,user515.apple@hotmail.com,13846051533,柳州街y座,大冶市,秀兰县,668413,CN,China,GREATER_CHINA,Chinese,Consumer,Gold,2019-08-23,2019,RETURNING,True,MDM,2019-08-23,2026-04-17 15:58:36.670221
47930718-fb5d-47b9-8b92-e9d22430d676,CUST-2020-CN-000243,淑珍,刘,淑珍 刘,Female,2007-07-17,user346.apple@mail.com,13541202063,海口街P座,娟县,辽阳市,546782,CN,China,GREATER_CHINA,Chinese,Consumer,Platinum,2020-11-21,2020,RETURNING,True,MDM,2020-11-21 00:00:00,2026-04-17 15:58:36.670227
ce01bbd5-657b-4c92-bbc5-516257ec3720,CUST-2019-CN-002048,秀英,刘,秀英 刘,Female,1968-04-17,user797.apple@aol.com,18196797953,雷路v座,勇市,昆明市,117860,CN,China,GREATER_CHINA,Chinese,Consumer,Platinum,2019-05-29,2019,RETURNING,True,MDM,2019-05-29,2026-04-17 15:58:36.670228
1fec2fe4-5320-4346-b306-6f432e3d73e8,CUST-2019-CN-000279,晨,边,晨 边,Male,1989-06-09,user633.apple@gmx.com,15315671005,兰州街Q座,成县,澳门市,350826,CN,China,GREATER_CHINA,Chinese,Consumer,Platinum,2019-09-25,2019,RETURNING,True,MDM,2019-09-25,2026-04-17 15:58:36.670230
2fbabdd3-8761-4f37-870e-8c5d05494e74,CUST-2019-CN-001042,桂芳,徐,桂芳 徐,Female,1955-05-20,user329.apple@live.com,13198470984,大冶街l座,石家庄市,桂芳市,567789,CN,China,GREATER_CHINA,Chinese,Consumer,None,2019-03-27,2019,RETURNING,True,MDM,2019-03-27,2026-04-17 15:58:36.670232
366514ca-7869-4755-b4b1-9ea73c542c35,CUST-2020-CN-000616,桂英,李,桂英 李,Male,1984-10-20,user226.apple385@zoho.com,18845669717,张路a座,沈阳市,沈阳县,801950,CN,China,GREATER_CHINA,Chinese,Consumer,None,2020-12-15,2020,RETURNING,True,MDM,2020-12-15 00:00:00,2026-04-17 15:58:36.670233
7db33c0a-5e5b-456a-8309-0a6e855c1732,CUST-2019-CN-000905,莉,翟,莉 翟,Male,1959-05-10,user345.apple442@aol.com,14707796345,张路M座,永安县,梧州市,206217,CN,China,GREATER_CHINA,Chinese,Education,None,2019-05-21,2019,RETURNING,True,MDM,2019-05-21,2026-04-17 15:58:36.670235
a7176dc5-e6a0-4a25-b5c6-2b3dc2c1229e,CUST-2019-CN-001010,宁,彭,宁 彭,Female,1978-10-28,user289.apple765@protonmail.com,14599519839,石家庄路f座,潜江县,太原县,443674,CN,China,GREATER_CHINA,Chinese,Consumer,Silver,2019-10-04,2019,RETURNING,True,MDM,2019-10-04,2026-04-17 15:58:36.670237
2c11f88b-931e-4551-8acd-67f6c7278d39,CUST-2020-CN-000306,娜,赵,娜 赵,Female,1976-02-01,user449.apple@icloud.com,15676449637,深圳街F座,红梅县,洋县,930426,CN,China,GREATER_CHINA,Chinese,Consumer,None,2020-08-07,2020,RETURNING,True,MDM,2020-08-07 00:00:00,2026-04-17 15:58:36.670238
7b49b26d-97bb-4b22-a1a7-9269d50d9aaf,CUST-2020-CN-000399,杰,任,杰 任,Female,1958-09-23,user330.apple29@hotmail.com,15555925287,孙路C座,波县,大冶县,552525,CN,China,GREATER_CHINA,Chinese,Consumer,None,2020-10-12,2020,RETURNING,True,MDM,2020-10-12 00:00:00,2026-04-17 15:58:36.670244
b0d7fcba-89ed-4665-b295-efeb72c30fba,CUST-2020-CN-000766,志强,崔,志强 崔,Female,1975-12-26,user393.apple@yahoo.com,18248460971,鲁路Q座,红霞市,沈阳县,616547,CN,China,GREATER_CHINA,Chinese,Consumer,Platinum,2020-02-19,2020,RETURNING,True,MDM,2020-02-19 00:00:00,2026-04-17 15:58:36.670246
243b9c76-26dc-41f9-9a1c-41ac3f5a377c,CUST-2019-CN-002432,莹,张,莹 张,Male,1969-11-28,user651.apple@outlook.com,15610298009,陈街X座,杰市,林市,651573,CN,China,GREATER_CHINA,Chinese,Consumer,Silver,2019-11-15,2019,RETURNING,True,MDM,2019-11-15,2026-04-17 15:58:36.670247
014c9489-9754-41ed-9f8b-412dd8400f7c,CUST-2019-CN-000694,兰英,吴,兰英 吴,Male,1962-07-13,user562.apple419@mail.com,13214860139,胡路g座,建平县,秀云市,563861,CN,China,GREATER_CHINA,Chinese,Consumer,None,2019-03-18,2019,RETURNING,True,MDM,2019-03-18,2026-04-17 15:58:36.670249
a597245d-4bac-4819-b987-cb33032475e3,CUST-2019-CN-000626,兵,张,兵 张,Female,1993-04-14,user617.apple804@protonmail.com,13575445713,合山街J座,郑州县,成都县,498104,CN,China,GREATER_CHINA,Chinese,Consumer,Silver,2019-09-30,2019,RETURNING,False,MDM,2019-09-30,2026-04-17 15:58:36.670251
403ed6bb-0057-44d1-b868-7caf0b0dd5e7,CUST-2019-CN-000984,浩,彭,浩 彭,Female,1972-03-05,user737.apple@yahoo.com,13551486979,西安街y座,贵阳市,丽华县,520910,CN,China,GREATER_CHINA,Chinese,Consumer,Gold,2019-02-18,2019,RETURNING,True,MDM,2019-02-18,2026-04-17 15:58:36.670253
a11d6a24-060d-4805-ac18-6142feef2fce,CUST-2020-CN-000016,磊,王,磊 王,Female,2006-07-26,user592.apple@zoho.com,18261548243,梧州路q座,武汉市,阜新市,988536,CN,China,GREATER_CHINA,Chinese,Consumer,Platinum,2020-03-19,2020,RETURNING,True,MDM,2020-03-19 00:00:00,2026-04-17 15:58:36.670254
3315e8a4-d52f-4cee-b5e2-ecb00fa26e41,CUST-2020-CN-001074,建平,刘,建平 刘,Male,1965-06-03,user400.apple321@live.com,18249591174,向街K座,丽娟市,秀英县,680020,CN,China,GREATER_CHINA,Chinese,Consumer,None,2020-06-28,2020,RETURNING,True,MDM,2020-06-28 00:00:00,2026-04-17 15:58:36.670256
2ecfccc2-0efd-430a-b036-1c0002858637,CUST-2019-CN-002672,金凤,张,金凤 张,Female,1994-04-08,user774.apple@mail.com,15080954326,六安路S座,沈阳市,广州县,144760,CN,China,GREATER_CHINA,Chinese,Consumer,Platinum,2019-07-23,2019,RETURNING,True,MDM,2019-07-23,2026-04-17 15:58:36.670261
160b59cb-4a81-4e1e-867e-9a35cfdc20fc,CUST-2020-CN-000321,建,李,建 李,Female,2004-09-24,user186.apple844@zoho.com,14719551724,辽阳路S座,石家庄县,桂芳市,640571,CN,China,GREATER_CHINA,Chinese,Consumer,None,2020-11-02,2020,RETURNING,True,MDM,2020-11-02 00:00:00,2026-04-17 15:58:36.670263
67998d04-014f-4f69-889e-c2cb6d20d4ab,CUST-2019-CN-002023,桂兰,刘,桂兰 刘,Female,1961-03-11,user110.apple453@icloud.com,18778358171,荆门路t座,北京县,淑珍市,664905,CN,China,GREATER_CHINA,Chinese,Consumer,None,2019-11-19,2019,RETURNING,True,MDM,2019-11-19,2026-04-17 15:58:36.670265
5b087516-1fcc-484c-8aa2-2d50aab12046,CUST-2019-CN-000248,想,苏,想 苏,Male,1967-12-05,user381.apple@zoho.com,15290299758,贵阳街O座,秀英市,丽娟市,580793,CN,China,GREATER_CHINA,Chinese,Consumer,None,2019-08-15,2019,RETURNING,True,MDM,2019-08-15,2026-04-17 15:58:36.670267
ff4a1e25-a8e4-4e00-b2b6-2346a0d994b5,CUST-2019-CN-001761,玉英,郑,玉英 郑,Male,1971-03-04,user752.apple@outlook.com,15806453086,王路Q座,东县,太原市,825788,CN,China,GREATER_CHINA,Chinese,Education,None,2019-12-06,2019,RETURNING,True,MDM,2019-12-06,2026-04-17 15:58:36.670268
1e0f8bcb-5b94-44eb-b66f-3ed9ac832741,CUST-2019-CN-001104,冬梅,朱,冬梅 朱,Female,1975-11-03,user548.apple418@outlook.com,15877075893,合肥街n座,英县,建国县,171349,CN,China,GREATER_CHINA,Chinese,Consumer,Platinum,2019-08-25,2019,RETURNING,True,MDM,2019-08-25,2026-04-17 15:58:36.670270
c7d2a066-734e-4261-8134-3308200f0637,CUST-2019-CN-001932,兵,王,兵 王,Female,1999-09-23,user345.apple@msn.com,13992691847,张路J座,伟市,凤英市,148718,CN,China,GREATER_CHINA,Chinese,Education,Gold,2019-04-23,2019,RETURNING,True,MDM,2019-04-23,2026-04-17 15:58:36.670271
e1beed52-da70-4753-a996-5a4416fbc18f,CUST-2019-CN-002453,冬梅,孙,冬梅 孙,Female,1999-04-21,user542.apple@msn.com,18799326215,陈路k座,健县,慧市,722685,CN,China,GREATER_CHINA,Chinese,Consumer,None,2019-10-14,2019,RETURNING,True,MDM,2019-10-14,2026-04-17 15:58:36.670273
bc43e9ba-c979-4d76-a70b-e2497aad297d,CUST-2020-CN-000393,桂花,田,桂花 田,Female,1981-01-30,user456.apple158@yahoo.com,15617506987,贵阳街w座,洁市,武汉市,383314,CN,China,GREATER_CHINA,Chinese,Consumer,None,2020-02-10,2020,RETURNING,True,MDM,2020-02-10 00:00:00,2026-04-17 15:58:36.670279
a50b6956-de11-4dfd-a46d-6315528e9679,CUST-2019-CN-001852,桂香,王,桂香 王,Male,1964-10-27,user264.apple@gmail.com,18988394144,太原街T座,梅县,宇县,815531,CN,China,GREATER_CHINA,Chinese,Consumer,None,2019-08-29,2019,RETURNING,False,MDM,2019-08-29,2026-04-17 15:58:36.670281
5818b14d-a30e-4bff-bfe9-6d2c71d00721,CUST-2020-CN-000130,伟,况,伟 况,Male,1983-12-20,user229.apple@hotmail.com,18185553133,六安路l座,云市,合肥市,821626,CN,China,GREATER_CHINA,Chinese,Business,Silver,2020-12-19,2020,RETURNING,True,MDM,2020-12-19 00:00:00,2026-04-17 15:58:36.670282
54556c08-c1d5-47d6-9821-5e6279eff380,CUST-2019-CN-000538,柳,江,柳 江,Male,1955-11-19,user159.apple@outlook.com,15542143337,郝街E座,杰县,西安县,613340,CN,China,GREATER_CHINA,Chinese,Consumer,None,2019-04-10,2019,RETURNING,True,MDM,2019-04-10,2026-04-17 15:58:36.670284
0684e6da-1a3c-40f3-aa8f-cfd1328009f9,CUST-2020-CN-000880,琳,王,琳 王,Male,1999-09-25,user396.apple@gmail.com,15699593218,许街z座,玉市,玲市,650062,CN,China,GREATER_CHINA,Chinese,Consumer,Platinum,2020-09-26,2020,RETURNING,True,MDM,2020-09-26 00:00:00,2026-04-17 15:58:36.670286
44df5f1d-b493-4fb3-85d2-96abb6b5930a,CUST-2019-CN-001683,楠,刘,楠 刘,Female,1994-06-29,user513.apple@yahoo.com,18204027817,香港路t座,桂英市,桂兰县,558825,CN,China,GREATER_CHINA,Chinese,Consumer,None,2019-01-01,2019,RETURNING,True,MDM,2019-01-01,2026-04-17 15:58:36.670287
81ebf563-946e-4e67-98e1-017091194c58,CUST-2019-CN-000220,瑜,毛,瑜 毛,Female,2005-10-25,user680.apple870@zoho.com,13987459804,海口路F座,兵市,桂芝县,599720,CN,China,GREATER_CHINA,Chinese,Consumer,Gold,2019-06-12,2019,RETURNING,False,MDM,2019-06-12,2026-04-17 15:58:36.670289
d80cc65a-6044-4c84-8f41-9b1949be4c6f,CUST-2019-CN-001220,淑兰,梁,淑兰 梁,Male,1998-02-20,user271.apple753@msn.com,13606933442,阜新路F座,玉兰市,明市,184424,CN,China,GREATER_CHINA,Chinese,Consumer,None,2019-03-16,2019,RETURNING,True,MDM,2019-03-16,2026-04-17 15:58:36.670291
c8cdf4bb-23f5-4a79-821e-77ef529a0a1c,CUST-2019-CN-001854,娟,张,娟 张,Female,1952-10-28,user350.apple@protonmail.com,18910426003,巫街H座,梧州县,英县,811339,CN,China,GREATER_CHINA,Chinese,Consumer,Silver,2019-07-31,2019,RETURNING,True,MDM,2019-07-31,2026-04-17 15:58:36.670296
7d29dee1-26b1-4853-9045-26af769d3f8a,CUST-2019-CN-000669,丽,李,丽 李,Male,1957-08-31,user323.apple@live.com,13622898663,陈路j座,莉县,婷市,411981,CN,China,GREATER_CHINA,Chinese,Consumer,None,2019-09-07,2019,RETURNING,True,MDM,2019-09-07,2026-04-17 15:58:36.670298
d3665e07-0414-44e9-b841-438b0445d0ca,CUST-2019-CN-002953,婷,邹,婷 邹,Male,2002-12-16,user729.apple@yahoo.com,13960917636,深圳街d座,东市,金凤县,973408,CN,China,GREATER_CHINA,Chinese,Consumer,None,2019-06-19,2019,RETURNING,True,MDM,2019-06-19,2026-04-17 15:58:36.670300
67ab1133-a75b-4770-88d5-dda861cfb0bd,CUST-2020-CN-000296,红霞,王,红霞 王,Male,1989-08-25,user855.apple@live.com,14576468704,胡街R座,兰州市,海门县,990103,CN,China,GREATER_CHINA,Chinese,Consumer,None,2020-08-21,2020,RETURNING,True,MDM,2020-08-21 00:00:00,2026-04-17 15:58:36.670302
97f8122b-644f-4922-b6c9-b6e06c575d22,CUST-2019-CN-000280,建,何,建 何,Male,1986-09-06,user474.apple@live.com,15519747659,况路u座,秀荣市,张家港市,212221,CN,China,GREATER_CHINA,Chinese,Consumer,None,2019-06-25,2019,RETURNING,True,MDM,2019-06-25,2026-04-17 15:58:36.670304
932ecf47-c817-439c-a27e-6929fa902976,CUST-2019-CN-002026,瑜,蒋,瑜 蒋,Male,1991-10-03,user175.apple468@protonmail.com,13298021820,玉街r座,北镇市,磊县,452967,CN,China,GREATER_CHINA,Chinese,Business,Gold,2019-11-29,2019,RETURNING,True,MDM,2019-11-29,2026-04-17 15:58:36.670305
3659edec-50b9-469f-ad49-bd60b2f2fc55,CUST-2019-CN-002084,娟,陈,娟 陈,Male,1952-10-10,user339.apple@live.com,18152821617,范路Q座,建县,淑华市,445305,CN,China,GREATER_CHINA,Chinese,Consumer,None,2019-07-05,2019,RETURNING,True,MDM,2019-07-05,2026-04-17 15:58:36.670307
877cf9cf-d990-4fcd-9281-aa5b9cacfc62,CUST-2020-CN-000889,阳,刘,阳 刘,Female,2000-03-11,user126.apple@gmx.com,15329577388,六盘水路t座,静县,波县,507830,CN,China,GREATER_CHINA,Chinese,Consumer,Gold,2020-01-27,2020,RETURNING,True,MDM,2020-01-27 00:00:00,2026-04-17 15:58:36.670308
7d997b84-64d5-41c7-bfac-109fbc2a2d87,CUST-2019-CN-000298,丽,贺,丽 贺,Male,2006-01-16,user793.apple@aol.com,13304904310,刘街u座,成都市,关岭县,776927,CN,China,GREATER_CHINA,Chinese,Consumer,None,2019-07-31,2019,RETURNING,True,MDM,2019-07-31,2026-04-17 15:58:36.670310
53af18df-90fc-47b9-aa75-91fbecf10029,CUST-2020-CN-000591,磊,张,磊 张,Male,1962-08-03,user736.apple@yahoo.com,18037402623,海门街f座,敏市,佛山县,652293,CN,China,GREATER_CHINA,Chinese,Education,None,2020-09-29,2020,RETURNING,True,MDM,2020-09-29 00:00:00,2026-04-17 15:58:36.670312
e0f4c655-f5ae-4ee2-8b57-c716b0bb640a,CUST-2019-CN-002469,英,张,英 张,Female,1975-04-09,user619.apple122@hotmail.com,13518745568,六安路O座,琴县,重庆县,208728,CN,China,GREATER_CHINA,Chinese,Consumer,Gold,2019-02-01,2019,RETURNING,True,MDM,2019-02-01,2026-04-17 15:58:36.670313
6edc9ae2-2674-4e02-a776-fc80788b9361,CUST-2019-CN-002019,阳,刘,阳 刘,Male,2008-01-18,user501.apple@mail.com,15543770967,潮州路H座,南宁市,桂芳市,548633,CN,China,GREATER_CHINA,Chinese,Consumer,Silver,2019-11-23,2019,RETURNING,True,MDM,2019-11-23,2026-04-17 15:58:36.670315
3f930340-6414-4d38-bef4-b33b9145651d,CUST-2019-CN-001598,桂兰,张,桂兰 张,Female,1991-06-12,user600.apple@outlook.com,18142539815,佛山路A座,超市,石家庄县,450745,CN,China,GREATER_CHINA,Chinese,Business,Silver,2019-10-29,2019,RETURNING,True,MDM,2019-10-29,2026-04-17 15:58:36.670316
a60564e6-9939-4aa0-a4c6-da178389af93,CUST-2019-CN-000560,玉英,梁,玉英 梁,Female,1978-05-13,user337.apple@yahoo.com,13316794884,成都街r座,宁德县,大冶市,690069,CN,China,GREATER_CHINA,Chinese,Consumer,Silver,2019-04-04,2019,RETURNING,True,MDM,2019-04-04,2026-04-17 15:58:36.670318
0fb04fd3-ac7a-4c2d-887e-2b9bdeff19ec,CUST-2020-CN-000349,桂荣,金,桂荣 金,Male,1968-09-24,user139.apple556@yahoo.com,18765782891,黄街S座,邯郸县,南京市,652270,CN,China,GREATER_CHINA,Chinese,Consumer,None,2020-01-12,2020,RETURNING,True,MDM,2020-01-12 00:00:00,2026-04-17 15:58:36.670319
8ff134a1-205b-498a-9412-1c3f8fdb142c,CUST-2020-CN-000577,鑫,阙,鑫 阙,Female,1963-09-22,user197.apple@msn.com,18647258930,六盘水路E座,玉兰县,天津县,322582,CN,China,GREATER_CHINA,Chinese,Business,Gold,2020-03-30,2020,RETURNING,True,MDM,2020-03-30 00:00:00,2026-04-17 15:58:36.670321
0a8441f5-08b2-40d5-b66d-013cf6cf1716,CUST-2019-CN-002633,峰,乔,峰 乔,Female,1994-09-24,user182.apple@protonmail.com,13153187809,荆门路n座,玉兰市,建平县,114973,CN,China,GREATER_CHINA,Chinese,Consumer,None,2019-07-23,2019,RETURNING,True,MDM,2019-07-23,2026-04-17 15:58:36.670322
be902cec-103a-472b-8121-43e472a7e7f5,CUST-2020-CN-000213,芳,张,芳 张,Male,1950-09-11,user329.apple697@zoho.com,13697194175,宁德路u座,济南县,重庆县,188050,CN,China,GREATER_CHINA,Chinese,Consumer,None,2020-11-02,2020,RETURNING,True,MDM,2020-11-02 00:00:00,2026-04-17 15:58:36.670324
6437d076-5750-4240-8bc2-c0c6ff9fbda7,CUST-2019-CN-000045,秀芳,萧,秀芳 萧,Male,1957-06-10,user909.apple@protonmail.com,14530411798,潜江路U座,呼和浩特市,济南市,452893,CN,China,GREATER_CHINA,Chinese,Education,Platinum,2019-05-24,2019,RETURNING,True,MDM,2019-05-24,2026-04-17 15:58:36.670326
7237f5f2-ec06-48d5-82a9-c1a16eb9012c,CUST-2020-CN-000186,瑞,黄,瑞 黄,Male,1998-03-25,user411.apple@live.com,13514448847,谭路g座,淑兰市,桂芝市,997285,CN,China,GREATER_CHINA,Chinese,Business,None,2020-09-09,2020,RETURNING,True,MDM,2020-09-09 00:00:00,2026-04-17 15:58:36.670331
7201c309-2efe-443c-9704-222c8c4ddb96,CUST-2020-CN-001034,琴,徐,琴 徐,Male,1984-10-19,user614.apple@outlook.com,14575940198,龙路G座,成县,昆明县,746393,CN,China,GREATER_CHINA,Chinese,Consumer,Silver,2020-03-26,2020,RETURNING,True,MDM,2020-03-26 00:00:00,2026-04-17 15:58:36.670333
e03c971b-0528-433a-b73d-4052e936b16d,CUST-2019-CN-002347,刚,鞠,刚 鞠,Female,1986-05-21,user120.apple@icloud.com,13770675986,陈路m座,柳州县,海口市,132252,CN,China,GREATER_CHINA,Chinese,Consumer,None,2019-06-13,2019,RETURNING,True,MDM,2019-06-13,2026-04-17 15:58:36.670335
6e35b1ba-73c2-491b-ae59-00c00f70c42e,CUST-2019-CN-002316,伟,杨,伟 杨,Male,1954-07-02,user305.apple@yahoo.com,13729419096,杨街y座,帆县,巢湖县,767046,CN,China,GREATER_CHINA,Chinese,Consumer,None,2019-06-06,2019,RETURNING,True,MDM,2019-06-06,2026-04-17 15:58:36.670337
617410f8-87f5-461e-9ac9-1801d711c428,CUST-2019-CN-001830,桂珍,徐,桂珍 徐,Male,1977-10-02,user916.apple755@protonmail.com,14526295945,沈阳街j座,梧州市,佛山市,275427,CN,China,GREATER_CHINA,Chinese,Education,None,2019-02-25,2019,RETURNING,True,MDM,2019-02-25,2026-04-17 15:58:36.670339
5249420e-ab87-4507-b45d-3348e5464c6a,CUST-2019-CN-002444,鑫,宋,鑫 宋,Male,1978-11-07,user336.apple@aol.com,15534836045,汕尾街R座,上海县,芳市,162012,CN,China,GREATER_CHINA,Chinese,Education,Silver,2019-12-23,2019,RETURNING,True,MDM,2019-12-23,2026-04-17 15:58:36.670340
66745183-7762-48f9-b748-06ed3fbd8f3d,CUST-2019-CN-002354,楠,袁,楠 袁,Male,1952-04-06,user702.apple@hotmail.com,13758011003,六盘水街o座,桂兰市,阜新市,451812,CN,China,GREATER_CHINA,Chinese,Consumer,None,2019-02-06,2019,RETURNING,True,MDM,2019-02-06,2026-04-17 15:58:36.670342
2b82ee1c-6e16-4284-bd68-765c5ab013b9,CUST-2019-CN-002129,桂兰,黄,桂兰 黄,Female,1969-12-12,user645.apple973@gmx.com,15880003467,林街v座,柳州县,杭州县,867214,CN,China,GREATER_CHINA,Chinese,Consumer,Silver,2019-02-08,2019,RETURNING,True,MDM,2019-02-08,2026-04-17 15:58:36.670343
b7e0532e-342e-4c6f-8408-475685b7705a,CUST-2019-CN-000414,帅,廖,帅 廖,Male,1956-11-01,user220.apple710@msn.com,13687368893,樊路e座,丹丹市,凯县,439323,CN,China,GREATER_CHINA,Chinese,Consumer,Platinum,2019-11-26,2019,RETURNING,True,MDM,2019-11-26,2026-04-17 15:58:36.670345
08ae8275-0890-4324-b485-e83a2286a462,CUST-2020-CN-000477,坤,刘,坤 刘,Female,1985-06-13,user506.apple@protonmail.com,15098454772,汕尾路J座,惠州县,西宁县,298012,CN,China,GREATER_CHINA,Chinese,Consumer,None,2020-11-22,2020,RETURNING,True,MDM,2020-11-22 00:00:00,2026-04-17 15:58:36.670350
b2e952c9-605e-4ab0-b57a-3af2f3895870,CUST-2020-CN-000409,辉,刘,辉 刘,Male,1976-10-25,user439.apple889@hotmail.com,14732108856,王街y座,乌鲁木齐县,坤县,788531,CN,China,GREATER_CHINA,Chinese,Business,None,2020-07-10,2020,RETURNING,True,MDM,2020-07-10 00:00:00,2026-04-17 15:58:36.670352
1227af6b-06ad-4c95-9107-a946faacd3e1,CUST-2019-CN-001182,建平,郭,建平 郭,Male,1971-07-30,user561.apple@aol.com,18562347952,张街t座,巢湖市,丽县,634472,CN,China,GREATER_CHINA,Chinese,Consumer,None,2019-11-18,2019,RETURNING,True,MDM,2019-11-18,2026-04-17 15:58:36.670354
b3f9cbd6-cd0b-4b64-9c66-49d6ad0f6fb5,CUST-2020-CN-001054,辉,周,辉 周,Male,1988-07-21,user462.apple@zoho.com,18213646076,张街k座,淑华市,琳市,652864,CN,China,GREATER_CHINA,Chinese,Business,Silver,2020-12-07,2020,RETURNING,True,MDM,2020-12-07 00:00:00,2026-04-17 15:58:36.670356
ee077d85-1768-4446-b16a-dba4e2f33b24,CUST-2019-CN-000292,阳,解,阳 解,Male,2004-09-28,user341.apple@live.com,18156195432,成都街h座,巢湖县,台北县,102788,CN,China,GREATER_CHINA,Chinese,Consumer,Platinum,2019-02-10,2019,RETURNING,True,MDM,2019-02-10,2026-04-17 15:58:36.670357
343772ad-404a-4d82-ba38-58e109a78da6,CUST-2019-CN-001507,红,司,红 司,Female,1969-03-28,user460.apple@aol.com,15102556900,季街o座,平县,雪市,158835,CN,China,GREATER_CHINA,Chinese,Consumer,None,2019-02-12,2019,RETURNING,True,MDM,2019-02-12,2026-04-17 15:58:36.670359
3b7a4fbe-81ca-434d-bec2-5d01ec49c702,CUST-2019-CN-001723,秀荣,吕,秀荣 吕,Male,1979-07-01,user738.apple@mail.com,18534343473,长沙路W座,敏县,彬县,647442,CN,China,GREATER_CHINA,Chinese,Consumer,Silver,2019-12-21,2019,RETURNING,True,MDM,2019-12-21,2026-04-17 15:58:36.670360
45d9e458-4071-4d61-b8c1-a0c40ed8b83d,CUST-2020-CN-000378,倩,方,倩 方,Male,1978-09-10,user206.apple457@mail.com,15143489571,香港路C座,刚市,想市,214999,CN,China,GREATER_CHINA,Chinese,Consumer,Silver,2020-10-29,2020,RETURNING,True,MDM,2020-10-29 00:00:00,2026-04-17 15:58:36.670362
3a3c7dd2-de2c-40fb-bd06-87afca76adb4,CUST-2020-CN-000789,秀兰,卢,秀兰 卢,Female,1964-02-03,user730.apple@yahoo.com,13291465363,方路X座,倩市,海口市,836737,CN,China,GREATER_CHINA,Chinese,Consumer,None,2020-11-18,2020,RETURNING,True,MDM,2020-11-18 00:00:00,2026-04-17 15:58:36.670363
5d5504dd-80c7-46e8-af59-c28642099c84,CUST-2019-CN-001135,丽,赵,丽 赵,Male,1966-10-03,user204.apple@mail.com,15354475074,惠州路Y座,拉萨市,英市,473786,CN,China,GREATER_CHINA,Chinese,Consumer,None,2019-05-23,2019,RETURNING,True,MDM,2019-05-23,2026-04-17 15:58:36.670369
9bd390b3-3772-49ac-a726-3b6b923d67d9,CUST-2019-CN-000213,燕,周,燕 周,Female,1975-09-19,user877.apple994@msn.com,18685829924,广州路L座,宜都市,旭县,221188,CN,China,GREATER_CHINA,Chinese,Consumer,Gold,2019-03-21,2019,RETURNING,True,MDM,2019-03-21,2026-04-17 15:58:36.670371
009a07d1-524f-48d7-ae4e-342db34b44ae,CUST-2019-CN-000410,勇,段,勇 段,Female,1954-09-30,user852.apple@hotmail.com,18636756423,王街O座,杰县,健县,366578,CN,China,GREATER_CHINA,Chinese,Consumer,None,2019-09-03,2019,RETURNING,True,MDM,2019-09-03,2026-04-17 15:58:36.670372
832063a9-199f-4992-a030-aa37d6c7e1fb,CUST-2019-CN-001203,淑珍,高,淑珍 高,Female,1950-12-30,user685.apple@icloud.com,13506070139,辛集路i座,秀梅县,海燕县,293816,CN,China,GREATER_CHINA,Chinese,Consumer,None,2019-06-23,2019,RETURNING,True,MDM,2019-06-23,2026-04-17 15:58:36.670374
ccfa6af1-89a4-4a8c-bbb3-4333ff1d71e0,CUST-2019-CN-000350,霞,胡,霞 胡,Female,1976-10-18,user948.apple481@gmx.com,18553633819,萧路i座,雪梅县,坤市,241566,CN,China,GREATER_CHINA,Chinese,Consumer,Silver,2019-04-03,2019,RETURNING,True,MDM,2019-04-03,2026-04-17 15:58:36.670376
b2880c50-9833-404d-9621-45a588a8c0c5,CUST-2020-CN-000474,淑珍,萧,淑珍 萧,Female,1989-12-02,user444.apple@outlook.com,18725142679,杨街u座,汕尾县,深圳市,595678,CN,China,GREATER_CHINA,Chinese,Business,None,2020-11-13,2020,RETURNING,True,MDM,2020-11-13 00:00:00,2026-04-17 15:58:36.670377
0976bdcc-04ab-4c06-b108-eb87d9c8d2a6,CUST-2019-CN-002945,建军,洪,建军 洪,Male,2008-03-06,user619.apple310@hotmail.com,18613552919,西安街C座,香港市,飞县,591436,CN,China,GREATER_CHINA,Chinese,Business,None,2019-02-14,2019,RETURNING,True,MDM,2019-02-14,2026-04-17 15:58:36.670380
56821a21-07d3-4727-bf65-5155dbb1938b,CUST-2019-CN-000867,洋,赵,洋 赵,Female,1964-01-15,user254.apple@msn.com,18830016172,张街A座,琴县,北京市,873804,CN,China,GREATER_CHINA,Chinese,Consumer,None,2019-08-05,2019,RETURNING,True,MDM,2019-08-05,2026-04-17 15:58:36.670381
7ab7f624-874a-4251-b774-5a278c9a4bce,CUST-2020-CN-000164,阳,张,阳 张,Male,1952-02-02,user871.apple@yahoo.com,15531248786,通辽街E座,乌鲁木齐县,南宁县,968686,CN,China,GREATER_CHINA,Chinese,Consumer,Gold,2020-09-22,2020,RETURNING,True,MDM,2020-09-22 00:00:00,2026-04-17 15:58:36.670383
b028c72d-5f6f-44ff-a332-30e5d28a8339,CUST-2019-CN-000129,伟,张,伟 张,Female,1973-02-13,user233.apple860@mail.com,13206977211,吴街O座,济南市,辛集县,776886,CN,China,GREATER_CHINA,Chinese,Consumer,Platinum,2019-10-14,2019,RETURNING,True,MDM,2019-10-14,2026-04-17 15:58:36.670388
6d67cc33-b304-4313-a529-ce732d0c0277,CUST-2019-CN-002073,瑜,孙,瑜 孙,Female,1999-04-12,user706.apple607@protonmail.com,15109286649,成都街Z座,云县,合山市,630077,CN,China,GREATER_CHINA,Chinese,Consumer,None,2019-10-28,2019,RETURNING,True,MDM,2019-10-28,2026-04-17 15:58:36.670390
fa712e65-04c5-45bb-b07c-ebcbee50d0aa,CUST-2019-CN-000111,凤英,杨,凤英 杨,Female,1957-05-11,user459.apple@mail.com,18099725806,重庆街x座,惠州市,涛市,872031,CN,China,GREATER_CHINA,Chinese,Consumer,None,2019-12-17,2019,RETURNING,True,MDM,2019-12-17,2026-04-17 15:58:36.670392
a078960c-c56e-4ad4-8d53-e47bc7e7ab95,CUST-2019-CN-001426,婷婷,陶,婷婷 陶,Male,1974-07-13,user555.apple@zoho.com,15841471913,陶路K座,勇县,金凤市,852911,CN,China,GREATER_CHINA,Chinese,Consumer,None,2019-10-21,2019,RETURNING,True,MDM,2019-10-21,2026-04-17 15:58:36.670394
1aae8229-1100-40e4-8a4a-f17aa4877895,CUST-2019-CN-002748,淑兰,李,淑兰 李,Female,1978-07-16,user352.apple@hotmail.com,18737757495,北京街B座,惠州市,波市,760356,CN,China,GREATER_CHINA,Chinese,Education,None,2019-05-03,2019,RETURNING,True,MDM,2019-05-03,2026-04-17 15:58:36.670396
e0d972bc-11cd-4c42-a020-fb588c3c8a6c,CUST-2020-CN-000793,欣,余,欣 余,Female,1980-01-06,user345.apple@gmx.com,15732779167,梁街i座,郑州县,宜都县,288318,CN,China,GREATER_CHINA,Chinese,Consumer,Gold,2020-02-23,2020,RETURNING,True,MDM,2020-02-23 00:00:00,2026-04-17 15:58:36.670397
edc5884b-1b0d-496d-9c33-9db4093cd560,CUST-2019-CN-002755,军,陈,军 陈,Female,1953-06-12,user579.apple@msn.com,13281815421,郭路m座,桂兰市,澳门市,614615,CN,China,GREATER_CHINA,Chinese,Consumer,None,2019-06-13,2019,RETURNING,True,MDM,2019-06-13,2026-04-17 15:58:36.670399
ebe9833a-c06c-4b2b-8adf-098f694acfc0,CUST-2020-CN-000817,超,董,超 董,Female,1989-03-04,user367.apple@protonmail.com,15791428065,兴安盟街S座,金凤县,勇市,627257,CN,China,GREATER_CHINA,Chinese,Business,None,2020-08-18,2020,RETURNING,True,MDM,2020-08-18 00:00:00,2026-04-17 15:58:36.670401
bcb28d21-8898-4713-b7fa-44be28e45484,CUST-2019-CN-001453,飞,张,飞 张,Male,1967-09-10,user971.apple@live.com,15065608534,兴城街B座,六安县,兴安盟市,522196,CN,China,GREATER_CHINA,Chinese,Consumer,Platinum,2019-11-13,2019,RETURNING,True,MDM,2019-11-13,2026-04-17 15:58:36.670402
bfeb3c6e-1932-40b0-96b8-f90b3afcfe13,CUST-2019-CN-002274,秀梅,魏,秀梅 魏,Male,1950-08-31,user132.apple@aol.com,13550984302,西宁街t座,小红市,荆门市,626006,CN,China,GREATER_CHINA,Chinese,Education,Gold,2019-02-07,2019,RETURNING,True,MDM,2019-02-07,2026-04-17 15:58:36.670407
14d49b72-e6c9-4bb6-a4c0-3db1f772306b,CUST-2020-CN-000543,荣,连,荣 连,Female,1988-05-08,user717.apple@gmx.com,15787019878,赵路f座,东县,巢湖市,604288,CN,China,GREATER_CHINA,Chinese,Consumer,Gold,2020-04-25,2020,RETURNING,True,MDM,2020-04-25 00:00:00,2026-04-17 15:58:36.670409
50e5ed0a-2391-4e71-b398-c0ab216adf53,CUST-2019-CN-000379,强,刘,强 刘,Male,1990-09-22,user958.apple76@mail.com,14568753678,张街W座,丽丽县,海口市,696304,CN,China,GREATER_CHINA,Chinese,Consumer,Silver,2019-01-21,2019,RETURNING,True,MDM,2019-01-21,2026-04-17 15:58:36.670410
348e3fe7-7928-4141-9e54-0cd6b961305d,CUST-2019-CN-002514,淑珍,徐,淑珍 徐,Female,1986-09-03,user650.apple@msn.com,13448252021,乔路T座,太原市,佛山县,587476,CN,China,GREATER_CHINA,Chinese,Consumer,None,2019-10-28,2019,RETURNING,True,MDM,2019-10-28,2026-04-17 15:58:36.670412
eddf844b-682f-4166-b1b9-3c1f28dd8838,CUST-2019-CN-002149,飞,张,飞 张,Female,1987-11-10,user568.apple@hotmail.com,18625569797,涂路j座,淮安市,洁市,355192,CN,China,GREATER_CHINA,Chinese,Consumer,Silver,2019-09-07,2019,RETURNING,True,MDM,2019-09-07,2026-04-17 15:58:36.670414
fcb94922-b45e-43b4-b41c-1e4684ce69f5,CUST-2019-CN-002268,红霞,时,红霞 时,Male,1988-08-26,user317.apple@yahoo.com,13391549047,柳州街D座,俊县,雪梅市,347775,CN,China,GREATER_CHINA,Chinese,Education,None,2019-09-13,2019,RETURNING,True,MDM,2019-09-13,2026-04-17 15:58:36.670416
dbb39ada-1dea-41b8-b6f7-b26f9512fbfb,CUST-2020-CN-000264,军,杨,军 杨,Female,1974-07-19,user996.apple@gmail.com,18533207901,李街e座,凤兰县,鑫县,624417,CN,China,GREATER_CHINA,Chinese,Consumer,None,2020-05-31,2020,RETURNING,True,MDM,2020-05-31 00:00:00,2026-04-17 15:58:36.670418
07619d2d-3aec-4a8f-a61a-964dd738a855,CUST-2019-CN-000740,梅,康,梅 康,Male,1951-12-12,user588.apple@zoho.com,15981065523,合山路w座,广州市,辽阳县,989290,CN,China,GREATER_CHINA,Chinese,Consumer,None,2019-12-30,2019,RETURNING,True,MDM,2019-12-30,2026-04-17 15:58:36.670419
212cce53-6359-4e1a-b9d7-d1a521b094f9,CUST-2019-CN-000270,红梅,吕,红梅 吕,Male,1961-12-31,user407.apple@aol.com,15153060009,李路o座,张家港市,重庆县,762728,CN,China,GREATER_CHINA,Chinese,Consumer,Silver,2019-06-22,2019,RETURNING,True,MDM,2019-06-22,2026-04-17 15:58:36.670421
5bd063a8-7522-4420-96d1-ada63f9af624,CUST-2020-CN-000687,想,李,想 李,Female,1970-10-07,user268.apple@msn.com,18299231707,孟街m座,淑华县,南宁市,216840,CN,China,GREATER_CHINA,Chinese,Education,None,2020-09-06,2020,RETURNING,True,MDM,2020-09-06 00:00:00,2026-04-17 15:58:36.670427
f847bf37-c490-4e07-8837-fc2ce19e9088,CUST-2020-CN-000006,晶,章,晶 章,Female,1957-03-06,user536.apple@gmx.com,18133938652,林路d座,六盘水市,梧州市,654557,CN,China,GREATER_CHINA,Chinese,Business,None,2020-09-17,2020,RETURNING,True,MDM,2020-09-17 00:00:00,2026-04-17 15:58:36.670429
977fc2d9-dbbb-47ff-b49f-0160efb561e4,CUST-2019-CN-001261,雷,郭,雷 郭,Female,1960-05-07,user293.apple@zoho.com,14536096698,宜都街O座,建华市,瑜县,340007,CN,China,GREATER_CHINA,Chinese,Consumer,Silver,2019-05-28,2019,RETURNING,True,MDM,2019-05-28,2026-04-17 15:58:36.670431
6fe7b323-ec38-446d-a8f6-8d3d223044db,CUST-2019-CN-002089,彬,田,彬 田,Male,1985-10-10,user469.apple689@icloud.com,13130747808,北京街x座,潮州市,合山县,968522,CN,China,GREATER_CHINA,Chinese,Business,None,2019-01-16,2019,RETURNING,True,MDM,2019-01-16,2026-04-17 15:58:36.670432
86f842a2-b34e-4bdc-9646-c67e3003c638,CUST-2019-CN-002519,勇,郭,勇 郭,Male,1975-09-04,user239.apple@outlook.com,13359929631,屈街Q座,拉萨县,宁德市,967955,CN,China,GREATER_CHINA,Chinese,Consumer,None,2019-03-14,2019,RETURNING,True,MDM,2019-03-14,2026-04-17 15:58:36.670434
bb3d4ed2-cf14-4a05-8833-6adc907ad360,CUST-2019-CN-001395,成,何,成 何,Male,1958-01-12,user170.apple@gmx.com,18546824613,巢湖路x座,潮州县,强县,695849,CN,China,GREATER_CHINA,Chinese,Consumer,Platinum,2019-12-10,2019,RETURNING,True,MDM,2019-12-10,2026-04-17 15:58:36.670436
507b5a96-cd78-437d-8fd8-bcf6b7c9ee18,CUST-2019-CN-000998,丽丽,陈,丽丽 陈,Male,1975-10-21,user651.apple750@zoho.com,18279121327,哈尔滨路i座,倩市,岩市,812390,CN,China,GREATER_CHINA,Chinese,Consumer,Silver,2019-05-18,2019,RETURNING,True,MDM,2019-05-18,2026-04-17 15:58:36.670437
169ea82e-afe8-4909-b630-a63816aa8a24,CUST-2020-CN-000987,伟,谢,伟 谢,Male,2001-05-25,user255.apple@gmail.com,14581881669,沈阳路M座,嘉禾市,广州县,688507,CN,China,GREATER_CHINA,Chinese,Consumer,Silver,2020-02-11,2020,RETURNING,True,MDM,2020-02-11 00:00:00,2026-04-17 15:58:36.670439
0d7f91cf-9145-441b-8beb-afe6b3cb82cf,CUST-2019-CN-001680,艳,毕,艳 毕,Female,1972-03-19,user696.apple@icloud.com,15647561766,吴街Q座,楠县,淑珍县,728868,CN,China,GREATER_CHINA,Chinese,Consumer,Gold,2019-03-14,2019,RETURNING,True,MDM,2019-03-14,2026-04-17 15:58:36.670444
157bb8fc-d010-416c-b946-a42f5e3831ee,CUST-2019-CN-001452,丽华,王,丽华 王,Female,1970-10-04,user216.apple483@hotmail.com,13559119458,李路a座,玉市,邯郸县,195516,CN,China,GREATER_CHINA,Chinese,Consumer,None,2019-07-01,2019,RETURNING,True,MDM,2019-07-01,2026-04-17 15:58:36.670446
cdcf33fc-1706-4bc2-8a67-573d64df670b,CUST-2020-CN-000762,淑华,凌,淑华 凌,Female,1961-09-09,user164.apple@aol.com,13404761561,钱路P座,欣县,太原市,908545,CN,China,GREATER_CHINA,Chinese,Consumer,None,2020-04-07,2020,RETURNING,True,MDM,2020-04-07 00:00:00,2026-04-17 15:58:36.670448
c7530523-3366-4410-ade0-cc1e1567bb1f,CUST-2019-CN-000570,璐,陈,璐 陈,Male,1981-10-25,user835.apple496@msn.com,18778532321,陈街H座,建县,南宁县,725745,CN,China,GREATER_CHINA,Chinese,Business,Gold,2019-01-14,2019,RETURNING,True,MDM,2019-01-14,2026-04-17 15:58:36.670449
02d1a2a8-4a0d-4349-8282-69ed18b088fe,CUST-2020-CN-000155,秀英,谢,秀英 谢,Female,1996-01-23,user821.apple340@zoho.com,15695646726,史路n座,杭州市,雷市,237373,CN,China,GREATER_CHINA,Chinese,Consumer,None,2020-09-29,2020,RETURNING,True,MDM,2020-09-29 00:00:00,2026-04-17 15:58:36.670451
c1ad6d27-de47-4483-841d-f700349d5cd0,CUST-2020-CN-000071,东,傅,东 傅,Male,1993-09-07,user789.apple@live.com,18170095197,丁路Z座,齐齐哈尔县,杨市,696029,CN,China,GREATER_CHINA,Chinese,Consumer,Platinum,2020-01-29,2020,RETURNING,True,MDM,2020-01-29 00:00:00,2026-04-17 15:58:36.670452
6746e6dc-9e77-4448-a9b6-0df16308a445,CUST-2019-CN-002931,晨,谭,晨 谭,Female,1976-06-09,user470.apple407@hotmail.com,15713294656,顾路k座,萍市,兰州市,575818,CN,China,GREATER_CHINA,Chinese,Consumer,Gold,2019-08-17,2019,RETURNING,True,MDM,2019-08-17,2026-04-17 15:58:36.670454
8dd3969d-cc33-4d14-9275-29c99e071eec,CUST-2020-CN-000335,文,何,文 何,Male,1999-12-14,user368.apple823@icloud.com,15911968252,郭路w座,天津县,静县,297071,CN,China,GREATER_CHINA,Chinese,Consumer,None,2020-06-07,2020,RETURNING,True,MDM,2020-06-07 00:00:00,2026-04-17 15:58:36.670456
d5c80e13-13cb-4e31-971d-7dc85daac454,CUST-2019-CN-000941,杰,刘,杰 刘,Male,1973-01-04,user717.apple@msn.com,18766501156,林街R座,宇县,秀梅市,893247,CN,China,GREATER_CHINA,Chinese,Consumer,None,2019-12-14,2019,RETURNING,True,MDM,2019-12-14,2026-04-17 15:58:36.670458
2083d2f8-81c1-4242-b3e6-9a10efbaa63c,CUST-2019-CN-002238,芳,许,芳 许,Female,1995-04-24,user662.apple@mail.com,14702891413,齐齐哈尔路s座,琴县,太原县,398519,CN,China,GREATER_CHINA,Chinese,Consumer,None,2019-01-31,2019,RETURNING,True,MDM,2019-01-31,2026-04-17 15:58:36.670460
414cc982-f86c-4e7d-bdd1-12586fe110c2,CUST-2020-CN-000131,帆,卢,帆 卢,Female,2005-10-20,user462.apple392@gmail.com,13858551452,张家港路I座,佛山县,帅县,151365,CN,China,GREATER_CHINA,Chinese,Consumer,None,2020-09-02,2020,RETURNING,True,MDM,2020-09-02 00:00:00,2026-04-17 15:58:36.670462
f1b25438-0595-4513-a1f7-efa1793488f4,CUST-2019-CN-000308,帆,张,帆 张,Male,2005-11-02,user667.apple@mail.com,14589072917,合肥街U座,浩县,佳市,697795,CN,China,GREATER_CHINA,Chinese,Consumer,Gold,2019-05-15,2019,RETURNING,True,MDM,2019-05-15,2026-04-17 15:58:36.670467
5c8d6aa3-ac7c-4b44-8783-bcc10b23a5c5,CUST-2019-CN-001028,晶,王,晶 王,Female,1952-04-29,user689.apple540@hotmail.com,15092416016,重庆街j座,长沙市,伟县,259609,CN,China,GREATER_CHINA,Chinese,Consumer,Gold,2019-04-30,2019,RETURNING,True,MDM,2019-04-30,2026-04-17 15:58:36.670468
4b0d84d0-b5a3-4dba-9fb2-6bac32ba8473,CUST-2019-CN-001003,秀兰,吕,秀兰 吕,Female,1963-06-19,user112.apple@live.com,15962888293,许路G座,济南县,莉市,139271,CN,China,GREATER_CHINA,Chinese,Consumer,None,2019-01-28,2019,RETURNING,True,MDM,2019-01-28,2026-04-17 15:58:36.670471
4b398f19-38ac-4f8b-b19e-6d603c02fce2,CUST-2019-CN-002257,金凤,张,金凤 张,Male,1986-09-07,user981.apple@msn.com,13416750963,六盘水路u座,瑞县,云市,382802,CN,China,GREATER_CHINA,Chinese,Education,Silver,2019-11-30,2019,RETURNING,True,MDM,2019-11-30,2026-04-17 15:58:36.670472
3414f50f-93fc-4eb6-a85a-73171bb79bf7,CUST-2020-CN-000025,建平,李,建平 李,Female,1990-08-09,user398.apple2@mail.com,18166252356,潜江街g座,淑兰市,英市,596896,CN,China,GREATER_CHINA,Chinese,Business,Platinum,2020-12-26,2020,RETURNING,True,MDM,2020-12-26 00:00:00,2026-04-17 15:58:36.670474
2d8a1202-121a-4bd2-b47a-f06c78d3da19,CUST-2019-CN-002646,阳,申,阳 申,Male,1964-07-14,user785.apple@protonmail.com,13717674083,太原路H座,哈尔滨市,亮市,673148,CN,China,GREATER_CHINA,Chinese,Business,Gold,2019-03-16,2019,RETURNING,True,MDM,2019-03-16,2026-04-17 15:58:36.670475
9dbdaf42-92a5-4a44-9205-cd821ab597e2,CUST-2019-CN-002264,玉英,黄,玉英 黄,Male,1995-12-05,user891.apple@live.com,13062368465,周路E座,宁德县,海口市,480192,CN,China,GREATER_CHINA,Chinese,Education,Gold,2019-12-12,2019,RETURNING,True,MDM,2019-12-12,2026-04-17 15:58:36.670477
fe4cf693-eefd-4f01-8d2b-57842dc8848e,CUST-2020-CN-000809,丹,聂,丹 聂,Male,1953-06-24,user854.apple@yahoo.com,18917765699,辽阳街d座,天津市,兴安盟市,598693,CN,China,GREATER_CHINA,Chinese,Education,None,2020-09-15,2020,RETURNING,True,MDM,2020-09-15 00:00:00,2026-04-17 15:58:36.670479
cedafe8f-1162-46c9-b45b-1e6fda0e2b88,CUST-2020-CN-000021,红,王,红 王,Female,1981-12-09,user812.apple@gmail.com,13830660642,合山街l座,云县,丹丹县,211777,CN,China,GREATER_CHINA,Chinese,Consumer,Silver,2020-01-09,2020,RETURNING,True,MDM,2020-01-09 00:00:00,2026-04-17 15:58:36.670480
54f56b86-32d2-4dfc-b03c-20268e770263,CUST-2019-CN-000534,健,刘,健 刘,Male,1981-08-04,user768.apple@zoho.com,18872735649,南京路I座,敏县,成市,913459,CN,China,GREATER_CHINA,Chinese,Consumer,None,2019-05-05,2019,RETURNING,True,MDM,2019-05-05,2026-04-17 15:58:36.670486
4810819b-0fd6-4612-810b-4d1757257797,CUST-2019-CN-001508,建,张,建 张,Female,1954-04-22,user459.apple@mail.com,18939889016,李路D座,台北市,潮州市,826700,CN,China,GREATER_CHINA,Chinese,Consumer,Platinum,2019-04-25,2019,RETURNING,True,MDM,2019-04-25,2026-04-17 15:58:36.670488
9b3e5477-171e-4583-8cad-de428c765d18,CUST-2019-CN-001180,桂芝,林,桂芝 林,Female,1953-03-29,user112.apple393@mail.com,15799171840,柳州街n座,台北市,兵市,513315,CN,China,GREATER_CHINA,Chinese,Education,None,2019-10-08,2019,RETURNING,True,MDM,2019-10-08,2026-04-17 15:58:36.670490
bd3f6d68-73db-4786-8620-7e66ff3998b8,CUST-2020-CN-000720,明,陈,明 陈,Male,1984-09-26,user603.apple@protonmail.com,18897658881,海门路o座,春梅县,上海市,551926,CN,China,GREATER_CHINA,Chinese,Education,Platinum,2020-10-08,2020,RETURNING,False,MDM,2020-10-08 00:00:00,2026-04-17 15:58:36.670491
0ad5b975-ac70-4bb9-8436-0e462e5c72da,CUST-2020-CN-000621,欢,葛,欢 葛,Female,1971-06-30,user615.apple@zoho.com,13071177819,兴安盟街P座,阜新市,马鞍山市,812717,CN,China,GREATER_CHINA,Chinese,Consumer,Platinum,2020-04-02,2020,RETURNING,True,MDM,2020-04-02 00:00:00,2026-04-17 15:58:36.670493
467a293f-1568-475f-a399-b171dbf9fcd2,CUST-2020-CN-000386,军,纪,军 纪,Female,1957-05-01,user334.apple@live.com,15340072458,孟路R座,玉市,桂花县,550671,CN,China,GREATER_CHINA,Chinese,Consumer,Silver,2020-01-21,2020,RETURNING,True,MDM,2020-01-21 00:00:00,2026-04-17 15:58:36.670494
6a592f43-11dd-41db-881e-9bbfeebd6c8a,CUST-2020-CN-000990,岩,曾,岩 曾,Male,1986-11-13,user308.apple@icloud.com,13121976058,沈路R座,永安市,桂芳县,342709,CN,China,GREATER_CHINA,Chinese,Consumer,Platinum,2020-09-04,2020,RETURNING,True,MDM,2020-09-04 00:00:00,2026-04-17 15:58:36.670495
c01bc280-d247-4c33-abb6-efed906b3166,CUST-2019-CN-000032,林,王,林 王,Male,1969-07-06,user640.apple252@live.com,13872931139,梁街p座,秀云县,通辽市,721232,CN,China,GREATER_CHINA,Chinese,Business,None,2019-02-13,2019,RETURNING,True,MDM,2019-02-13,2026-04-17 15:58:36.670497
b0dcfe2c-4f1d-456a-8ac7-e90c194837ed,CUST-2019-CN-002663,玲,吴,玲 吴,Female,1958-12-11,user186.apple760@zoho.com,13300524428,兴城街l座,济南县,哈尔滨县,276781,CN,China,GREATER_CHINA,Chinese,Consumer,None,2019-06-13,2019,RETURNING,True,MDM,2019-06-13,2026-04-17 15:58:36.670499
60439668-e26c-4cca-a135-68000e9857e1,CUST-2019-CN-002098,玉英,洪,玉英 洪,Female,2005-05-11,user566.apple@hotmail.com,18121974182,周街C座,南京县,柳州县,300288,CN,China,GREATER_CHINA,Chinese,Consumer,None,2019-10-02,2019,RETURNING,True,MDM,2019-10-02,2026-04-17 15:58:36.670501
67be5342-4c36-4d4d-b96c-38025a32bd1d,CUST-2020-CN-000408,畅,侯,畅 侯,Male,1996-07-05,user556.apple42@outlook.com,15537153823,赵路E座,永安市,璐县,935548,CN,China,GREATER_CHINA,Chinese,Consumer,Gold,2020-04-26,2020,RETURNING,True,MDM,2020-04-26 00:00:00,2026-04-17 15:58:36.670502
31d7691c-eb1b-47d0-add6-74269a104c83,CUST-2020-CN-000115,勇,赵,勇 赵,Female,1970-09-22,user868.apple@mail.com,15263704632,许路e座,桂荣市,淑兰县,674056,CN,China,GREATER_CHINA,Chinese,Consumer,Silver,2020-01-14,2020,RETURNING,True,MDM,2020-01-14 00:00:00,2026-04-17 15:58:36.670504
9fbff824-c38b-4669-a1a3-2b4313d5fa74,CUST-2019-CN-000542,强,张,强 张,Female,1982-07-28,user411.apple@hotmail.com,13489314255,张家港路A座,兰州县,红霞县,448822,CN,China,GREATER_CHINA,Chinese,Consumer,Silver,2019-03-18,2019,RETURNING,True,MDM,2019-03-18,2026-04-17 15:58:36.670505
096b886b-e66f-41b1-86f5-ae126d75c410,CUST-2019-CN-002768,涛,高,涛 高,Female,1956-01-24,user512.apple@outlook.com,15280837164,永安路c座,建国市,秀芳市,795063,CN,China,GREATER_CHINA,Chinese,Business,Silver,2019-08-13,2019,RETURNING,True,MDM,2019-08-13,2026-04-17 15:58:36.670507
01b36263-df9e-4004-8b56-a98b779f249a,CUST-2020-CN-000669,明,郑,明 郑,Male,1987-09-24,user189.apple@outlook.com,15250994239,石家庄路D座,北镇县,天津市,623596,CN,China,GREATER_CHINA,Chinese,Consumer,Platinum,2020-08-08,2020,RETURNING,True,MDM,2020-08-08 00:00:00,2026-04-17 15:58:36.670509
9992dcf8-f08d-48b4-b1c0-cc33c5c3ab81,CUST-2019-CN-002956,玉珍,余,玉珍 余,Male,1989-06-29,user942.apple565@msn.com,15051877028,侯街V座,成都市,济南县,522517,CN,China,GREATER_CHINA,Chinese,Business,Silver,2019-10-12,2019,RETURNING,True,MDM,2019-10-12,2026-04-17 15:58:36.670510
7fa38862-8093-4e5a-bf54-dba77a2a85d6,CUST-2020-CN-000447,云,余,云 余,Female,1953-08-08,user926.apple521@mail.com,18268523507,合肥街F座,倩市,北京县,111955,CN,China,GREATER_CHINA,Chinese,Business,Platinum,2020-01-20,2020,RETURNING,True,MDM,2020-01-20 00:00:00,2026-04-17 15:58:36.670512
17b1583d-1309-45e7-89d1-e52dd23a7c7c,CUST-2019-CN-001226,秀梅,许,秀梅 许,Female,2005-11-11,user584.apple@hotmail.com,14516917797,郑州街k座,柳县,太原市,242269,CN,China,GREATER_CHINA,Chinese,Consumer,Platinum,2019-06-21,2019,RETURNING,True,MDM,2019-06-21,2026-04-17 15:58:36.670513
088526c0-6e43-4ec0-bbb5-ad8ce31f9599,CUST-2019-CN-000302,秀兰,彭,秀兰 彭,Female,1955-01-10,user799.apple@yahoo.com,18712536048,杨路w座,宁德县,梧州市,418805,CN,China,GREATER_CHINA,Chinese,Business,None,2019-05-10,2019,RETURNING,True,MDM,2019-05-10,2026-04-17 15:58:36.670515
e6e581b9-c4a6-4e84-b653-51bc4c1f76d9,CUST-2020-CN-000760,丽华,杜,丽华 杜,Male,1954-05-30,user500.apple@gmx.com,18276883487,东莞街U座,澳门市,宜都市,880815,CN,China,GREATER_CHINA,Chinese,Consumer,Silver,2020-02-06,2020,RETURNING,True,MDM,2020-02-06 00:00:00,2026-04-17 15:58:36.670521
5f7348f9-0cb7-42d1-9587-896e06ca2b67,CUST-2019-CN-001446,丹,徐,丹 徐,Male,2007-11-14,user255.apple@protonmail.com,15231327402,米路g座,昆明市,建平市,639661,CN,China,GREATER_CHINA,Chinese,Consumer,Silver,2019-09-18,2019,RETURNING,True,MDM,2019-09-18,2026-04-17 15:58:36.670522
2be75b05-2b00-49a2-9329-b753ab8e5bdc,CUST-2019-CN-000245,洁,黄,洁 黄,Male,1988-02-03,user250.apple@hotmail.com,13212416415,沈阳路a座,玲县,杭州市,131879,CN,China,GREATER_CHINA,Chinese,Consumer,Platinum,2019-01-06,2019,RETURNING,True,MDM,2019-01-06,2026-04-17 15:58:36.670524
755e4c0c-3f32-4f30-b7d8-2c332a5dd299,CUST-2020-CN-000568,瑜,赵,瑜 赵,Male,1962-09-29,user672.apple908@outlook.com,15509960520,重庆街w座,南宁市,利县,975177,CN,China,GREATER_CHINA,Chinese,Consumer,Silver,2020-03-20,2020,RETURNING,True,MDM,2020-03-20 00:00:00,2026-04-17 15:58:36.670525
fb07cf64-42bb-4a84-9f88-fa6a6079d97f,CUST-2020-CN-000174,秀云,王,秀云 王,Male,1988-02-26,user795.apple@gmail.com,15373485889,邯郸路E座,辽阳市,俊市,676020,CN,China,GREATER_CHINA,Chinese,Consumer,Platinum,2020-05-04,2020,RETURNING,False,MDM,2020-05-04 00:00:00,2026-04-17 15:58:36.670527
f20ca1c4-6d39-4d61-ab44-884511cd5863,CUST-2019-CN-001009,建国,陈,建国 陈,Male,1969-12-30,user589.apple@gmail.com,15994143618,武汉路T座,秀荣市,欣县,659998,CN,China,GREATER_CHINA,Chinese,Consumer,Gold,2019-10-09,2019,RETURNING,True,MDM,2019-10-09,2026-04-17 15:58:36.670528
77b488e5-ee7a-4358-9300-1f6af546d89a,CUST-2020-CN-000540,华,段,华 段,Female,2001-01-03,user671.apple310@live.com,14755696919,邱路u座,丽华县,荣市,525354,CN,China,GREATER_CHINA,Chinese,Consumer,Gold,2020-11-12,2020,RETURNING,True,MDM,2020-11-12 00:00:00,2026-04-17 15:58:36.670530
e106155f-c051-40a5-bbcd-c92e8fb99ff3,CUST-2019-CN-000762,建华,兰,建华 兰,Female,1982-04-09,user442.apple@aol.com,13253974029,刘街r座,石家庄县,畅县,443647,CN,China,GREATER_CHINA,Chinese,Consumer,Gold,2019-02-27,2019,RETURNING,True,MDM,2019-02-27,2026-04-17 15:58:36.670531
3289eb76-6305-4a60-9bc7-a350c6636b4e,CUST-2019-CN-002911,淑珍,韦,淑珍 韦,Female,1999-07-26,user519.apple426@gmx.com,18880783763,东莞街H座,红霞县,龙市,596169,CN,China,GREATER_CHINA,Chinese,Consumer,Platinum,2019-12-15,2019,RETURNING,True,MDM,2019-12-15,2026-04-17 15:58:36.670533
1e33899c-ecb6-4fda-b7a0-493831feea9c,CUST-2019-CN-002199,勇,常,勇 常,Female,1977-03-08,user782.apple@gmx.com,18178467875,上海街L座,张家港县,红霞县,466461,CN,China,GREATER_CHINA,Chinese,Consumer,None,2019-01-29,2019,RETURNING,True,MDM,2019-01-29,2026-04-17 15:58:36.670535
bf2b2ebc-bcb1-42d5-9baa-ff82868613b6,CUST-2019-CN-001312,璐,吴,璐 吴,Male,1978-05-16,user618.apple@yahoo.com,13531378376,张路l座,潜江县,台北市,237977,CN,China,GREATER_CHINA,Chinese,Consumer,Gold,2019-07-27,2019,RETURNING,True,MDM,2019-07-27,2026-04-17 15:58:36.670536
7e04c790-9066-430b-81bd-d1cffd4aab51,CUST-2020-CN-000511,丹,刘,丹 刘,Male,1998-05-22,user697.apple@gmail.com,13097592727,石家庄路K座,柳州市,颖县,208603,CN,China,GREATER_CHINA,Chinese,Business,None,2020-05-21,2020,RETURNING,True,MDM,2020-05-21 00:00:00,2026-04-17 15:58:36.670538
aa475730-bc0d-4e42-aeb7-540c66966d5d,CUST-2020-CN-000191,彬,杨,彬 杨,Female,1981-10-12,user501.apple@zoho.com,15838123743,郁路i座,勇市,想市,970643,CN,China,GREATER_CHINA,Chinese,Business,Silver,2020-07-25,2020,RETURNING,True,MDM,2020-07-25 00:00:00,2026-04-17 15:58:36.670539
c517ee59-7d22-4dfd-88ec-37b48a14685e,CUST-2019-CN-000234,超,李,超 李,Female,1974-07-24,user159.apple838@hotmail.com,13681649165,佛山路a座,广州县,丽娟市,384788,CN,China,GREATER_CHINA,Chinese,Consumer,None,2019-09-03,2019,RETURNING,True,MDM,2019-09-03,2026-04-17 15:58:36.670541
84fb15a0-fcaa-4bce-8424-7fe0937ff997,CUST-2020-CN-000460,洁,王,洁 王,Female,2002-11-24,user177.apple@live.com,18733880595,李路I座,婷市,梧州县,462133,CN,China,GREATER_CHINA,Chinese,Consumer,None,2020-01-12,2020,RETURNING,False,MDM,2020-01-12 00:00:00,2026-04-17 15:58:36.670543
eb1a3c04-6958-4239-adbb-954b7bbfdf1e,CUST-2020-CN-000951,金凤,李,金凤 李,Male,2008-02-15,user766.apple@mail.com,15106288536,济南街w座,荆门市,彬市,997616,CN,China,GREATER_CHINA,Chinese,Consumer,Silver,2020-12-31,2020,RETURNING,True,MDM,2020-12-31 00:00:00,2026-04-17 15:58:36.670544
4c300228-4d22-4c03-8ce8-81698cf6d11e,CUST-2019-CN-000937,秀梅,沈,秀梅 沈,Female,1988-11-21,user325.apple@gmail.com,13239496847,金路y座,玉珍市,邯郸县,657991,CN,China,GREATER_CHINA,Chinese,Consumer,Platinum,2019-04-02,2019,RETURNING,True,MDM,2019-04-02,2026-04-17 15:58:36.670546
a30031df-138b-424a-8143-ad14d0ee1834,CUST-2020-CN-000574,龙,郭,龙 郭,Female,1958-10-28,user337.apple@yahoo.com,14575185574,张街S座,天津县,雪市,679696,CN,China,GREATER_CHINA,Chinese,Consumer,Silver,2020-02-09,2020,RETURNING,True,MDM,2020-02-09 00:00:00,2026-04-17 15:58:36.670548
3acd0f5a-53b9-448a-b9d5-b196efe47601,CUST-2019-CN-002882,志强,韦,志强 韦,Female,2002-02-06,user924.apple@icloud.com,15509298039,澳门路n座,彬市,昆明市,700901,CN,China,GREATER_CHINA,Chinese,Consumer,Silver,2019-12-04,2019,RETURNING,True,MDM,2019-12-04,2026-04-17 15:58:36.670549
6f11ae7e-3c54-41da-a705-78da9a2cff06,CUST-2019-CN-000771,海燕,刘,海燕 刘,Male,1953-09-22,user401.apple@yahoo.com,15246694976,邓路l座,广州市,大冶县,556928,CN,China,GREATER_CHINA,Chinese,Consumer,None,2019-04-16,2019,RETURNING,True,MDM,2019-04-16,2026-04-17 15:58:36.670551
ffc8ceac-b69b-424a-a971-354a71ef06d9,CUST-2020-CN-000033,成,田,成 田,Male,2002-05-03,user404.apple@gmail.com,13463167120,潜江街m座,沈阳市,飞市,342289,CN,China,GREATER_CHINA,Chinese,Consumer,Platinum,2020-10-09,2020,RETURNING,True,MDM,2020-10-09 00:00:00,2026-04-17 15:58:36.670552
0faf4da9-be0a-4506-8623-f1ff3e135fe6,CUST-2019-CN-002840,春梅,谢,春梅 谢,Female,1987-11-15,user354.apple@zoho.com,14750618983,天津路B座,倩市,福州市,637940,CN,China,GREATER_CHINA,Chinese,Consumer,Silver,2019-10-09,2019,RETURNING,True,MDM,2019-10-09,2026-04-17 15:58:36.670554
8bc20394-f571-4c85-8ba1-23bde9a1d071,CUST-2020-CN-000851,海燕,陈,海燕 陈,Female,1995-05-19,user944.apple566@mail.com,15185536513,汤路t座,长春县,文县,292922,CN,China,GREATER_CHINA,Chinese,Consumer,None,2020-12-01,2020,RETURNING,True,MDM,2020-12-01 00:00:00,2026-04-17 15:58:36.670556
87c0d173-2489-4a61-972c-ae727f2174d2,CUST-2019-CN-000307,杨,曾,杨 曾,Male,1983-02-22,user765.apple416@msn.com,18071156691,吕路H座,广州县,海口市,557529,CN,China,GREATER_CHINA,Chinese,Consumer,Gold,2019-11-28,2019,RETURNING,True,MDM,2019-11-28,2026-04-17 15:58:36.670557
90d0a62a-2215-4268-b052-a3f96ebb36b2,CUST-2020-CN-000431,宁,陈,宁 陈,Female,1959-09-03,user252.apple807@gmx.com,13770916839,张路t座,成都县,娜县,371016,CN,China,GREATER_CHINA,Chinese,Consumer,Gold,2020-06-15,2020,RETURNING,True,MDM,2020-06-15 00:00:00,2026-04-17 15:58:36.670558
d23e9e4a-5811-4b46-8c24-1744f6f105bc,CUST-2019-CN-002172,杰,郑,杰 郑,Female,1989-11-19,user127.apple709@gmail.com,18796755433,柳州路q座,昆明县,郑州市,898655,CN,China,GREATER_CHINA,Chinese,Consumer,None,2019-12-07,2019,RETURNING,True,MDM,2019-12-07,2026-04-17 15:58:36.670560
7cbc4a3f-1586-469e-a70b-6d280e55dacf,CUST-2019-CN-000375,飞,吴,飞 吴,Male,1970-04-22,user594.apple@zoho.com,13127298755,张街B座,鹏市,磊市,603821,CN,China,GREATER_CHINA,Chinese,Consumer,None,2019-01-13,2019,RETURNING,True,MDM,2019-01-13,2026-04-17 15:58:36.670562
19187bd4-6904-448e-9ab5-b49c2610e1c3,CUST-2019-CN-002795,东,李,东 李,Female,1974-08-08,user395.apple@yahoo.com,15027560010,贵阳路G座,艳市,玉华县,562605,CN,China,GREATER_CHINA,Chinese,Consumer,None,2019-02-10,2019,RETURNING,False,MDM,2019-02-10,2026-04-17 15:58:36.670564
d8a206d9-efd4-4852-8357-32b439c9a882,CUST-2019-CN-001168,建华,陆,建华 陆,Male,1994-06-20,user232.apple@aol.com,18595706154,西宁街F座,淑华县,张家港县,526267,CN,China,GREATER_CHINA,Chinese,Consumer,None,2019-05-01,2019,RETURNING,True,MDM,2019-05-01,2026-04-17 15:58:36.670566
2a4b407d-c740-4692-a21d-845048a12633,CUST-2019-CN-000074,红霞,程,红霞 程,Male,1954-04-26,user328.apple@live.com,15211681535,莫街j座,红霞县,桂兰县,812885,CN,China,GREATER_CHINA,Chinese,Consumer,None,2019-12-28,2019,RETURNING,True,MDM,2019-12-28,2026-04-17 15:58:36.670567
153647df-1a60-438b-be5e-db775a5cf53b,CUST-2020-CN-000483,秀兰,黄,秀兰 黄,Female,2000-06-16,user308.apple@gmx.com,13259658557,李路e座,齐齐哈尔县,凯市,127262,CN,China,GREATER_CHINA,Chinese,Consumer,Gold,2020-03-11,2020,RETURNING,True,MDM,2020-03-11 00:00:00,2026-04-17 15:58:36.670569
54fcc6b9-386b-4da9-8065-cf65b547c411,CUST-2020-CN-000994,玉英,余,玉英 余,Male,1958-11-25,user812.apple@protonmail.com,13994794675,庞街w座,合肥县,福州县,549108,CN,China,GREATER_CHINA,Chinese,Consumer,None,2020-06-24,2020,RETURNING,True,MDM,2020-06-24 00:00:00,2026-04-17 15:58:36.670571
1fdca190-4b01-4bde-bf50-f7d7e40bd5bc,CUST-2019-CN-002452,瑞,冯,瑞 冯,Female,1985-04-20,user678.apple@gmx.com,13909059913,李路s座,汕尾市,六安市,490546,CN,China,GREATER_CHINA,Chinese,Consumer,None,2019-04-21,2019,RETURNING,True,MDM,2019-04-21,2026-04-17 15:58:36.670572
483e86d0-5776-409c-a79c-ce5443183ea6,CUST-2019-CN-002404,波,罗,波 罗,Male,2003-01-06,user248.apple274@msn.com,13015745832,荆门路k座,张家港县,马鞍山县,532359,CN,China,GREATER_CHINA,Chinese,Consumer,Platinum,2019-08-27,2019,RETURNING,True,MDM,2019-08-27,2026-04-17 15:58:36.670574
bd9de00f-3d67-45e2-8890-293531a28612,CUST-2020-CN-000028,琴,陈,琴 陈,Female,1960-10-07,user379.apple7@aol.com,18067293633,天津街V座,桂珍县,北镇市,339110,CN,China,GREATER_CHINA,Chinese,Consumer,Silver,2020-10-25,2020,RETURNING,True,MDM,2020-10-25 00:00:00,2026-04-17 15:58:36.670579
71a92ffb-db0d-43a8-9748-3fdb4fefc84d,CUST-2019-CN-000077,琴,高,琴 高,Male,1962-12-03,user104.apple@mail.com,18719241333,易路q座,淮安市,利县,526348,CN,China,GREATER_CHINA,Chinese,Consumer,Silver,2019-03-10,2019,RETURNING,True,MDM,2019-03-10,2026-04-17 15:58:36.670581
21d5deb7-60c2-4959-b1b3-8b23218bc870,CUST-2019-CN-002412,艳,王,艳 王,Male,1967-08-12,user303.apple@gmail.com,18188770949,张路T座,广州县,宁市,563432,CN,China,GREATER_CHINA,Chinese,Consumer,Gold,2019-11-26,2019,RETURNING,True,MDM,2019-11-26,2026-04-17 15:58:36.670582
98c437d4-5c73-48ad-b410-3e0bddd1c8e5,CUST-2019-CN-002287,桂英,李,桂英 李,Female,1990-07-13,user437.apple@yahoo.com,13824112259,邯郸路b座,海燕县,长春县,862038,CN,China,GREATER_CHINA,Chinese,Consumer,None,2019-01-20,2019,RETURNING,True,MDM,2019-01-20,2026-04-17 15:58:36.670585
6536b2f5-3954-4cb0-b874-b7ea69dfdfd7,CUST-2019-CN-001288,秀云,杨,秀云 杨,Male,1967-09-26,user803.apple@msn.com,18818071748,朱路p座,建平市,帆市,784341,CN,China,GREATER_CHINA,Chinese,Consumer,None,2019-04-04,2019,RETURNING,True,MDM,2019-04-04,2026-04-17 15:58:36.670586
92ee4ca6-fbf0-402e-a971-c86ba5d44218,CUST-2019-CN-001894,桂芳,钟,桂芳 钟,Male,1956-12-30,user201.apple@zoho.com,15662918073,刘街y座,健市,楠市,502275,CN,China,GREATER_CHINA,Chinese,Education,None,2019-11-10,2019,RETURNING,True,MDM,2019-11-10,2026-04-17 15:58:36.670588
1c91fad1-f416-4e8d-8c2d-7ecfa5726353,CUST-2019-CN-002253,想,徐,想 徐,Male,1956-01-16,user371.apple@hotmail.com,15728275636,王路c座,燕县,想县,166198,CN,China,GREATER_CHINA,Chinese,Consumer,Silver,2019-02-22,2019,RETURNING,True,MDM,2019-02-22,2026-04-17 15:58:36.670590
6224e8a8-080a-41ed-a5fa-358b82cb452d,CUST-2019-CN-001992,淑珍,孙,淑珍 孙,Female,1965-03-16,user844.apple@protonmail.com,15627602838,淮安路C座,台北县,红市,608391,CN,China,GREATER_CHINA,Chinese,Business,Gold,2019-01-14,2019,RETURNING,True,MDM,2019-01-14,2026-04-17 15:58:36.670591
ee402a53-091b-48c9-85be-a9615de4edc3,CUST-2019-CN-002409,亮,赵,亮 赵,Female,1985-01-04,user742.apple@yahoo.com,15311516643,许路G座,永安市,欣县,265931,CN,China,GREATER_CHINA,Chinese,Business,Platinum,2019-01-28,2019,RETURNING,False,MDM,2019-01-28,2026-04-17 15:58:36.670593
4dda2bfb-37b8-4b82-940b-8a1d896dabe9,CUST-2020-CN-000589,桂荣,康,桂荣 康,Female,1971-04-05,user294.apple700@gmx.com,15072249157,潜江路G座,淑英市,红市,536679,CN,China,GREATER_CHINA,Chinese,Consumer,Silver,2020-05-15,2020,RETURNING,True,MDM,2020-05-15 00:00:00,2026-04-17 15:58:36.670595
8ff13699-96b0-49d8-9dbb-4cab74fb395a,CUST-2019-CN-002365,霞,杨,霞 杨,Male,2007-09-26,user488.apple338@gmail.com,18259071813,范街R座,秀珍市,红霞县,269743,CN,China,GREATER_CHINA,Chinese,Consumer,None,2019-06-30,2019,RETURNING,True,MDM,2019-06-30,2026-04-17 15:58:36.670596
4b297f81-f000-44fc-9c5b-a978c7ac3c4a,CUST-2019-CN-002346,宁,张,宁 张,Male,1964-06-10,user304.apple@msn.com,13704017386,兰州路X座,淮安市,六盘水县,512422,CN,China,GREATER_CHINA,Chinese,Consumer,Silver,2019-10-29,2019,RETURNING,True,MDM,2019-10-29,2026-04-17 15:58:36.670598
9cfefae5-abcd-4e03-979c-b3334e28ac8f,CUST-2019-CN-002247,彬,丁,彬 丁,Female,1966-01-13,user348.apple915@aol.com,15290363907,香港街B座,西宁市,张家港市,560772,CN,China,GREATER_CHINA,Chinese,Business,Silver,2019-03-30,2019,RETURNING,True,MDM,2019-03-30,2026-04-17 15:58:36.670599
76b8364f-c900-4c24-be5f-e88090324b4c,CUST-2019-CN-001358,雪梅,陆,雪梅 陆,Female,1984-03-08,user875.apple@gmail.com,13721349476,太原街A座,济南县,济南市,933481,CN,China,GREATER_CHINA,Chinese,Consumer,Silver,2019-05-06,2019,RETURNING,True,MDM,2019-05-06,2026-04-17 15:58:36.670601
1cddf722-930b-452b-9286-2c5f14127be5,CUST-2019-CN-002262,刚,赵,刚 赵,Female,1975-12-05,user689.apple@icloud.com,18796953200,俞路t座,上海县,建市,738327,CN,China,GREATER_CHINA,Chinese,Education,None,2019-06-18,2019,RETURNING,True,MDM,2019-06-18,2026-04-17 15:58:36.670602
f9edba09-a957-4173-847e-c8a1e06e5ed5,CUST-2019-CN-000702,秀华,沈,秀华 沈,Female,1979-04-12,user359.apple@hotmail.com,14713512646,殷街T座,瑜县,帆市,613213,CN,China,GREATER_CHINA,Chinese,Consumer,None,2019-11-10,2019,RETURNING,True,MDM,2019-11-10,2026-04-17 15:58:36.670604
d674f715-216d-45d9-a4cb-5f588472e667,CUST-2019-CN-002088,明,张,明 张,Male,1995-06-03,user869.apple522@mail.com,15671402267,长春街f座,建县,大冶市,963527,CN,China,GREATER_CHINA,Chinese,Consumer,Silver,2019-07-15,2019,RETURNING,True,MDM,2019-07-15,2026-04-17 15:58:36.670605
234940f2-ec72-41b2-a110-8d64e36e5161,CUST-2020-CN-000944,燕,谢,燕 谢,Female,1959-05-22,user804.apple@yahoo.com,13247788288,万路z座,石家庄县,深圳县,836517,CN,China,GREATER_CHINA,Chinese,Consumer,None,2020-12-27,2020,RETURNING,True,MDM,2020-12-27 00:00:00,2026-04-17 15:58:36.670607
df202238-3a2d-4948-a263-81e370a640a0,CUST-2020-CN-000617,桂珍,王,桂珍 王,Male,2006-01-31,user811.apple18@outlook.com,13801431953,周路w座,上海县,凯县,997208,CN,China,GREATER_CHINA,Chinese,Business,Silver,2020-08-04,2020,RETURNING,True,MDM,2020-08-04 00:00:00,2026-04-17 15:58:36.670609
55dfb380-30a4-42e2-a98e-b4393200967a,CUST-2020-CN-001047,楠,阎,楠 阎,Male,2002-05-31,user420.apple714@hotmail.com,13021646828,卜街N座,杨县,金凤市,496892,CN,China,GREATER_CHINA,Chinese,Consumer,Gold,2020-06-28,2020,RETURNING,True,MDM,2020-06-28 00:00:00,2026-04-17 15:58:36.670610
c7addc2c-c3fc-41d4-8199-0e243c7eb0eb,CUST-2019-CN-002687,琴,刘,琴 刘,Female,1995-10-16,user544.apple@live.com,13880841492,朱街C座,丹丹市,桂花市,617391,CN,China,GREATER_CHINA,Chinese,Consumer,Platinum,2019-06-22,2019,RETURNING,True,MDM,2019-06-22,2026-04-17 15:58:36.670612
6c708179-ca83-4adc-8a95-a571f3f374d6,CUST-2019-CN-001546,小红,黄,小红 黄,Female,2008-02-04,user552.apple@gmx.com,13740915861,合山街f座,荣县,云县,383675,CN,China,GREATER_CHINA,Chinese,Business,None,2019-10-23,2019,RETURNING,True,MDM,2019-10-23,2026-04-17 15:58:36.670613
c6e1b295-1ff2-48f1-a0b9-1ee9b428f039,CUST-2020-CN-000189,丽,余,丽 余,Male,1998-09-22,user744.apple@protonmail.com,14543524892,张街K座,桂花市,辽阳市,699562,CN,China,GREATER_CHINA,Chinese,Consumer,None,2020-08-09,2020,RETURNING,True,MDM,2020-08-09 00:00:00,2026-04-17 15:58:36.670615
8b59f2a0-9849-4895-aa2c-7f66113d603c,CUST-2020-CN-000288,婷婷,梁,婷婷 梁,Female,1970-10-09,user964.apple@outlook.com,15974422982,吴路b座,沈阳市,南宁县,565669,CN,China,GREATER_CHINA,Chinese,Consumer,Silver,2020-08-28,2020,RETURNING,True,MDM,2020-08-28 00:00:00,2026-04-17 15:58:36.670617
4a388a40-d3ec-415a-9c50-71185aa8e684,CUST-2020-CN-001062,宁,张,宁 张,Female,2001-06-06,user486.apple125@live.com,13726517469,南昌路M座,秀珍市,巢湖县,923020,CN,China,GREATER_CHINA,Chinese,Consumer,None,2020-09-13,2020,RETURNING,True,MDM,2020-09-13 00:00:00,2026-04-17 15:58:36.670619
18c0b79e-9c17-437a-b7fc-1231bd9dd38c,CUST-2019-CN-002390,华,孟,华 孟,Male,1968-04-29,user724.apple@aol.com,15783809503,曹路N座,宇县,上海市,592532,CN,China,GREATER_CHINA,Chinese,Consumer,Silver,2019-06-06,2019,RETURNING,True,MDM,2019-06-06,2026-04-17 15:58:36.670620
7463b3ed-e7e5-499f-b0c3-66d9f4ac2e73,CUST-2019-CN-001565,秀芳,黎,秀芳 黎,Male,1967-05-07,user152.apple@hotmail.com,18143385015,朱街O座,辛集县,峰县,232673,CN,China,GREATER_CHINA,Chinese,Consumer,None,2019-09-07,2019,RETURNING,True,MDM,2019-09-07,2026-04-17 15:58:36.670622
efa667aa-3be4-47f9-89a1-c4500d430acb,CUST-2019-CN-002343,玉珍,张,玉珍 张,Female,1996-01-23,user196.apple@aol.com,15267964966,沈阳街D座,燕市,济南县,750139,CN,China,GREATER_CHINA,Chinese,Business,Gold,2019-06-23,2019,RETURNING,True,MDM,2019-06-23,2026-04-17 15:58:36.670623
a73ca6a9-7495-46ca-9ac5-84478db43899,CUST-2019-CN-000601,芳,何,芳 何,Female,1972-02-23,user397.apple@outlook.com,13013292007,李路w座,娟县,凯县,929825,CN,China,GREATER_CHINA,Chinese,Consumer,None,2019-09-16,2019,RETURNING,True,MDM,2019-09-16,2026-04-17 15:58:36.670625
46bdf9fe-912e-4500-b46e-318cc7e74399,CUST-2020-CN-000105,畅,杜,畅 杜,Male,1981-05-03,user840.apple500@gmx.com,15383761811,深圳路m座,南昌县,勇市,721351,CN,China,GREATER_CHINA,Chinese,Education,Platinum,2020-04-25,2020,RETURNING,True,MDM,2020-04-25 00:00:00,2026-04-17 15:58:36.670627
45a951c0-c391-4187-9e39-530ee4da11a7,CUST-2019-CN-000154,英,张,英 张,Female,2004-05-16,user838.apple@gmail.com,15200185489,潜江路g座,鹏市,慧县,865293,CN,China,GREATER_CHINA,Chinese,Consumer,Silver,2019-09-29,2019,RETURNING,True,MDM,2019-09-29,2026-04-17 15:58:36.670628
9c9b9486-abb0-483d-ab3b-859b24cd2412,CUST-2019-CN-002020,建,向,建 向,Female,1980-04-23,user865.apple@gmx.com,15707540041,李路K座,淮安县,晶市,839844,CN,China,GREATER_CHINA,Chinese,Consumer,Silver,2019-05-22,2019,RETURNING,True,MDM,2019-05-22,2026-04-17 15:58:36.670629
0e8e10a7-a5f2-4e08-b40a-ebf6ab05a413,CUST-2020-CN-000663,浩,季,浩 季,Female,1982-09-29,user697.apple@mail.com,13802932244,张家港街U座,想县,杭州市,494280,CN,China,GREATER_CHINA,Chinese,Consumer,None,2020-05-02,2020,RETURNING,True,MDM,2020-05-02 00:00:00,2026-04-17 15:58:36.670631
a2234da4-b9a5-4857-8651-af242ba3b18f,CUST-2020-CN-000665,岩,梁,岩 梁,Female,1978-05-30,user443.apple@yahoo.com,15965701321,昆明路C座,佳县,彬市,987305,CN,China,GREATER_CHINA,Chinese,Consumer,Platinum,2020-12-16,2020,RETURNING,False,MDM,2020-12-16 00:00:00,2026-04-17 15:58:36.670633
df27d76e-4136-43a3-859e-ce23a553e863,CUST-2020-CN-000227,建,杨,建 杨,Male,1952-03-19,user704.apple932@aol.com,15279753336,罗路l座,台北市,兰英市,923164,CN,China,GREATER_CHINA,Chinese,Consumer,None,2020-06-27,2020,RETURNING,True,MDM,2020-06-27 00:00:00,2026-04-17 15:58:36.670634
b25dd6be-50d4-4a42-ae5b-30fdbd8a571c,CUST-2019-CN-000653,洁,黄,洁 黄,Female,1954-03-21,user492.apple@aol.com,13017059603,莫街v座,俊市,海口市,937846,CN,China,GREATER_CHINA,Chinese,Consumer,Silver,2019-01-05,2019,RETURNING,True,MDM,2019-01-05,2026-04-17 15:58:36.670636
e2648095-9a29-46f5-91be-16bee2b0d6d6,CUST-2019-CN-001991,桂兰,戴,桂兰 戴,Male,1969-08-13,user768.apple@gmx.com,13156223557,南昌街z座,志强县,拉萨市,436790,CN,China,GREATER_CHINA,Chinese,Consumer,None,2019-05-16,2019,RETURNING,True,MDM,2019-05-16,2026-04-17 15:58:36.670638
41836da6-beab-40a3-9d5b-2c1e40c955e9,CUST-2020-CN-000855,浩,朱,浩 朱,Male,1967-03-02,user887.apple@protonmail.com,15539070240,吴街W座,柳州县,永安市,160102,CN,China,GREATER_CHINA,Chinese,Consumer,Silver,2020-09-21,2020,RETURNING,True,MDM,2020-09-21 00:00:00,2026-04-17 15:58:36.670639
0809e583-c380-44ba-a07f-4d6e0df3b5d7,CUST-2019-CN-000747,亮,曾,亮 曾,Female,1963-02-15,user373.apple@hotmail.com,18955376300,龚街T座,荆门市,秀荣市,103215,CN,China,GREATER_CHINA,Chinese,Consumer,Silver,2019-03-21,2019,RETURNING,False,MDM,2019-03-21,2026-04-17 15:58:36.670640
b423228d-c676-4429-ab88-fd64c06d0446,CUST-2019-CN-000877,桂芝,赵,桂芝 赵,Male,2004-01-04,user710.apple248@icloud.com,15025693580,陈路z座,婷市,斌县,766476,CN,China,GREATER_CHINA,Chinese,Consumer,None,2019-06-29,2019,RETURNING,False,MDM,2019-06-29,2026-04-17 15:58:36.670642
86133b4c-ad9b-4b8d-b983-a45fbc853af7,CUST-2019-CN-000146,凤兰,何,凤兰 何,Male,1969-10-07,user210.apple@outlook.com,18271342240,深圳街I座,六盘水县,秀珍县,480576,CN,China,GREATER_CHINA,Chinese,Business,None,2019-12-14,2019,RETURNING,True,MDM,2019-12-14,2026-04-17 15:58:36.670644
538968f9-ce00-4ba6-be51-3f103fa63d3b,CUST-2020-CN-000978,娟,盛,娟 盛,Female,1954-10-19,user414.apple@icloud.com,15504624177,东莞街K座,昆明县,潮州市,382474,CN,China,GREATER_CHINA,Chinese,Consumer,None,2020-08-07,2020,RETURNING,True,MDM,2020-08-07 00:00:00,2026-04-17 15:58:36.670646
93783689-ca0b-4688-927a-5941dc0dd68a,CUST-2020-CN-000086,娜,周,娜 周,Female,1990-08-30,user147.apple906@mail.com,13258859868,谭路Q座,宜都市,秀芳市,172658,CN,China,GREATER_CHINA,Chinese,Consumer,Platinum,2020-04-08,2020,RETURNING,True,MDM,2020-04-08 00:00:00,2026-04-17 15:58:36.670647
c17e2967-5b49-41e2-b9f1-dce90bff7874,CUST-2019-CN-002516,燕,王,燕 王,Male,1953-04-25,user885.apple@msn.com,18051513514,蔡路B座,楠市,强市,914392,CN,China,GREATER_CHINA,Chinese,Consumer,Silver,2019-03-17,2019,RETURNING,True,MDM,2019-03-17,2026-04-17 15:58:36.670649
837c8f3b-4de5-4302-b6db-e2351366a9ee,CUST-2019-CN-001879,淑珍,吴,淑珍 吴,Male,1999-03-26,user322.apple@zoho.com,14551764985,武汉路m座,玲市,郑州市,506872,CN,China,GREATER_CHINA,Chinese,Consumer,Silver,2019-09-20,2019,RETURNING,True,MDM,2019-09-20,2026-04-17 15:58:36.670650
eff99a03-d76e-4e02-a090-13e6fe84787f,CUST-2019-CN-002244,丹,胡,丹 胡,Male,1981-04-23,user401.apple@gmail.com,15296293619,兴安盟路T座,通辽市,红梅县,330913,CN,China,GREATER_CHINA,Chinese,Consumer,None,2019-12-18,2019,RETURNING,True,MDM,2019-12-18,2026-04-17 15:58:36.670652
6ceba411-9dc2-4ea6-9f58-b6d3a3ecc84d,CUST-2019-CN-001751,平,刘,平 刘,Female,1995-06-14,user499.apple@hotmail.com,15982248403,张街n座,磊市,兴安盟市,844432,CN,China,GREATER_CHINA,Chinese,Consumer,Gold,2019-01-25,2019,RETURNING,False,MDM,2019-01-25,2026-04-17 15:58:36.670654
1da6054f-3022-4bf1-aeaf-93f84900b984,CUST-2019-CN-001244,欣,曹,欣 曹,Male,1962-08-25,user981.apple269@protonmail.com,13311586103,唐街t座,银川市,娟市,803067,CN,China,GREATER_CHINA,Chinese,Consumer,None,2019-10-07,2019,RETURNING,True,MDM,2019-10-07,2026-04-17 15:58:36.670656
cf90ebfa-b1ff-43f1-9f67-7ee14719dbf4,CUST-2020-CN-000259,建,陈,建 陈,Female,2006-06-07,user626.apple277@mail.com,13044779088,淮安街V座,颖市,玉珍市,486638,CN,China,GREATER_CHINA,Chinese,Consumer,Gold,2020-04-27,2020,RETURNING,True,MDM,2020-04-27 00:00:00,2026-04-17 15:58:36.670657
d06aae64-98bc-4e33-a27b-75852083ae19,CUST-2020-CN-000659,秀云,周,秀云 周,Male,1962-09-10,user500.apple@gmail.com,15523819093,台北路w座,马鞍山市,桂荣市,756748,CN,China,GREATER_CHINA,Chinese,Consumer,None,2020-10-17,2020,RETURNING,True,MDM,2020-10-17 00:00:00,2026-04-17 15:58:36.670663
c167e389-3e12-4a03-8909-5966e23daf97,CUST-2019-CN-002753,海燕,周,海燕 周,Male,1973-07-08,user233.apple@msn.com,15949129655,邬街Y座,英县,上海市,855421,CN,China,GREATER_CHINA,Chinese,Consumer,None,2019-10-18,2019,RETURNING,True,MDM,2019-10-18,2026-04-17 15:58:36.670665
bc22edbd-94ae-491c-9307-b5ca93f6d11e,CUST-2019-CN-002066,帅,李,帅 李,Female,1973-09-29,user896.apple@mail.com,15263030866,济南街S座,莉市,波市,416218,CN,China,GREATER_CHINA,Chinese,Business,Platinum,2019-09-11,2019,RETURNING,False,MDM,2019-09-11,2026-04-17 15:58:36.670666
1531c489-af08-4407-8f08-c703c6f3870a,CUST-2020-CN-000745,凤英,左,凤英 左,Male,1969-11-23,user252.apple@mail.com,13406528068,周街A座,建军县,佛山市,372697,CN,China,GREATER_CHINA,Chinese,Business,Silver,2020-04-22,2020,RETURNING,True,MDM,2020-04-22 00:00:00,2026-04-17 15:58:36.670668
d5498e43-3882-403a-a3a8-0a402c12c1e2,CUST-2019-CN-001998,岩,李,岩 李,Male,1998-07-08,user574.apple598@hotmail.com,15154909806,黄街W座,婷县,西宁市,746792,CN,China,GREATER_CHINA,Chinese,Business,Silver,2019-03-20,2019,RETURNING,True,MDM,2019-03-20,2026-04-17 15:58:36.670670
8884d461-8beb-4f98-bcd9-84561f417293,CUST-2020-CN-000396,建军,秦,建军 秦,Male,1986-05-02,user144.apple@hotmail.com,18771168926,六盘水街K座,桂荣县,志强市,352912,CN,China,GREATER_CHINA,Chinese,Consumer,None,2020-10-12,2020,RETURNING,True,MDM,2020-10-12 00:00:00,2026-04-17 15:58:36.670671
2cf2c6b1-917d-4b0a-a9da-66638b34fd23,CUST-2019-CN-000732,明,赵,明 赵,Female,1973-07-02,user987.apple@icloud.com,13263834542,嘉禾街h座,关岭市,伟市,715960,CN,China,GREATER_CHINA,Chinese,Consumer,None,2019-08-31,2019,RETURNING,True,MDM,2019-08-31,2026-04-17 15:58:36.670673
82362011-5cb2-4f75-bf30-a4d1a94c12ac,CUST-2020-CN-000973,丽丽,姜,丽丽 姜,Female,1961-12-28,user926.apple@zoho.com,15351803753,郑州路M座,洁县,马鞍山市,306336,CN,China,GREATER_CHINA,Chinese,Consumer,Silver,2020-10-23,2020,RETURNING,True,MDM,2020-10-23 00:00:00,2026-04-17 15:58:36.670675
903cc0f5-93ed-48d1-b9a2-b51c2104468d,CUST-2019-CN-000159,亮,刘,亮 刘,Male,1976-12-03,user866.apple@hotmail.com,13584030418,吴街E座,郑州县,红梅市,877457,CN,China,GREATER_CHINA,Chinese,Education,Gold,2019-04-23,2019,RETURNING,True,MDM,2019-04-23,2026-04-17 15:58:36.670680
d0273da2-4d75-4b6f-9f07-418f62bb01d1,CUST-2019-CN-000536,婷婷,党,婷婷 党,Female,1989-06-24,user374.apple@aol.com,13408932474,吕路G座,潜江市,嘉禾县,983825,CN,China,GREATER_CHINA,Chinese,Consumer,Silver,2019-10-24,2019,RETURNING,True,MDM,2019-10-24,2026-04-17 15:58:36.670682
058dd8f9-f7b3-4749-ad20-df62aed37fc3,CUST-2020-CN-000255,丹,高,丹 高,Female,2005-10-25,user527.apple@outlook.com,13234394345,梧州路g座,银川市,军市,541878,CN,China,GREATER_CHINA,Chinese,Consumer,Silver,2020-01-15,2020,RETURNING,True,MDM,2020-01-15 00:00:00,2026-04-17 15:58:36.670683
aa9a3916-c7c8-45c3-8f6f-b71c30ec9a01,CUST-2019-CN-001661,荣,林,荣 林,Female,2005-10-24,user902.apple@hotmail.com,14510600406,吴路U座,健市,哈尔滨县,163134,CN,China,GREATER_CHINA,Chinese,Business,None,2019-07-30,2019,RETURNING,True,MDM,2019-07-30,2026-04-17 15:58:36.670685
005e71c2-5133-49c8-bc69-acde066dbba3,CUST-2019-CN-001106,晶,林,晶 林,Male,2006-02-11,user608.apple@protonmail.com,13550704894,台北路m座,娜县,淑华市,727464,CN,China,GREATER_CHINA,Chinese,Consumer,None,2019-10-22,2019,RETURNING,True,MDM,2019-10-22,2026-04-17 15:58:36.670687
fe097b8f-3f25-4d68-be9c-f16caeb3c1a6,CUST-2019-CN-000392,红霞,徐,红霞 徐,Female,1986-02-04,user340.apple@mail.com,18728831413,南昌路k座,银川市,潮州市,382637,CN,China,GREATER_CHINA,Chinese,Consumer,None,2019-05-15,2019,RETURNING,True,MDM,2019-05-15,2026-04-17 15:58:36.670688
a2a4727c-f8d8-46b3-bb23-95e476ed3b52,CUST-2020-CN-000661,刚,罗,刚 罗,Male,1994-10-09,user124.apple725@gmail.com,15939847510,郑州路H座,健县,沈阳市,807468,CN,China,GREATER_CHINA,Chinese,Education,None,2020-07-27,2020,RETURNING,True,MDM,2020-07-27 00:00:00,2026-04-17 15:58:36.670690
9d013166-8f21-44ff-8679-e55da0499d52,CUST-2019-CN-000075,琳,葛,琳 葛,Male,1958-01-25,user903.apple@mail.com,15236025113,陈街u座,六安县,天津县,322761,CN,China,GREATER_CHINA,Chinese,Consumer,Platinum,2019-07-16,2019,RETURNING,True,MDM,2019-07-16,2026-04-17 15:58:36.670692
0241fef8-ef88-4d00-bf17-f9b867918d25,CUST-2019-CN-002382,凤兰,王,凤兰 王,Female,1992-09-27,user791.apple@msn.com,18964942754,唐路w座,玉兰县,琳市,329271,CN,China,GREATER_CHINA,Chinese,Consumer,None,2019-10-02,2019,RETURNING,True,MDM,2019-10-02,2026-04-17 15:58:36.670694
25c7c56d-f3c1-4d91-97ba-eb69cc1ee38b,CUST-2020-CN-000895,敏,胡,敏 胡,Female,1988-06-21,user661.apple@yahoo.com,15143954803,杨路q座,北京市,杰市,856156,CN,China,GREATER_CHINA,Chinese,Business,Platinum,2020-12-22,2020,RETURNING,True,MDM,2020-12-22 00:00:00,2026-04-17 15:58:36.670695
b61d9d25-f8fe-4437-b71d-3c022694e6ff,CUST-2019-CN-000862,敏,诸,敏 诸,Male,1988-11-19,user154.apple@yahoo.com,13379864191,陶街K座,兰州市,六安县,475599,CN,China,GREATER_CHINA,Chinese,Consumer,Platinum,2019-08-20,2019,RETURNING,True,MDM,2019-08-20,2026-04-17 15:58:36.670697
34540c20-80bf-415c-b2cd-6dff425cedfc,CUST-2020-CN-000249,丽,吴,丽 吴,Female,1965-02-21,user373.apple@gmail.com,13679854578,济南路u座,汕尾市,丽娟市,160616,CN,China,GREATER_CHINA,Chinese,Consumer,Platinum,2020-04-11,2020,RETURNING,True,MDM,2020-04-11 00:00:00,2026-04-17 15:58:36.670698
953be239-8495-4133-8c27-ec4c9b6845c5,CUST-2019-CN-002966,波,胡,波 胡,Female,1974-04-21,user700.apple535@yahoo.com,13696155709,阎街I座,兰州县,佛山市,593908,CN,China,GREATER_CHINA,Chinese,Business,Silver,2019-03-23,2019,RETURNING,True,MDM,2019-03-23,2026-04-17 15:58:36.670700
f3f9fe4e-4754-4891-bba1-e8b18469f723,CUST-2019-CN-002183,飞,潘,飞 潘,Female,1990-06-14,user846.apple@yahoo.com,13916746714,大冶路h座,鑫县,上海县,685647,CN,China,GREATER_CHINA,Chinese,Consumer,Silver,2019-03-16,2019,RETURNING,True,MDM,2019-03-16,2026-04-17 15:58:36.670701
f92aa78f-9fd3-4d66-ba35-d9089b141eda,CUST-2019-CN-000887,红霞,李,红霞 李,Female,1964-10-11,user617.apple@gmx.com,13292813773,太原路j座,莹市,邯郸市,531014,CN,China,GREATER_CHINA,Chinese,Education,None,2019-01-21,2019,RETURNING,True,MDM,2019-01-21,2026-04-17 15:58:36.670703
f6091ba6-dd2a-4690-bab2-7638e221923d,CUST-2019-CN-001071,瑜,陆,瑜 陆,Female,2003-06-18,user699.apple@icloud.com,15087843175,阜新街s座,辽阳市,福州县,725182,CN,China,GREATER_CHINA,Chinese,Consumer,None,2019-08-14,2019,RETURNING,True,MDM,2019-08-14,2026-04-17 15:58:36.670705
db92b4e9-8253-4973-8818-7594015829d4,CUST-2019-CN-001250,俊,顾,俊 顾,Male,1973-05-05,user117.apple@yahoo.com,18296445128,石家庄路j座,哈尔滨市,成都县,311088,CN,China,GREATER_CHINA,Chinese,Consumer,Silver,2019-02-18,2019,RETURNING,True,MDM,2019-02-18,2026-04-17 15:58:36.670710
7f9a3e52-5e55-4db7-85f5-41b5305876e0,CUST-2020-CN-000940,桂芳,丁,桂芳 丁,Female,1962-12-24,user153.apple@gmail.com,18130993255,合山路t座,天津市,洋县,385620,CN,China,GREATER_CHINA,Chinese,Consumer,None,2020-06-09,2020,RETURNING,True,MDM,2020-06-09 00:00:00,2026-04-17 15:58:36.670712
36fa80a1-c5ff-49a4-8ace-34678de6cec3,CUST-2019-CN-001554,丽丽,曾,丽丽 曾,Male,1967-04-16,user275.apple190@live.com,13959751617,北镇路e座,昆明县,石家庄市,793792,CN,China,GREATER_CHINA,Chinese,Consumer,None,2019-10-12,2019,RETURNING,True,MDM,2019-10-12,2026-04-17 15:58:36.670714
2d01dabc-ffbb-42cb-b545-7866ce2937cd,CUST-2019-CN-000071,玉华,刘,玉华 刘,Male,2004-12-08,user157.apple@protonmail.com,14794567332,石家庄街O座,柳州县,冬梅市,897832,CN,China,GREATER_CHINA,Chinese,Business,Platinum,2019-08-19,2019,RETURNING,True,MDM,2019-08-19,2026-04-17 15:58:36.670715
549a788a-ed5a-483d-bfd0-7a8a117b58c6,CUST-2019-CN-002016,霞,卢,霞 卢,Female,1993-12-31,user754.apple@live.com,18527515179,天津街c座,成都市,呼和浩特市,526258,CN,China,GREATER_CHINA,Chinese,Consumer,Gold,2019-11-06,2019,RETURNING,True,MDM,2019-11-06,2026-04-17 15:58:36.670717
a89363c4-cba5-484c-8178-be6d810db998,CUST-2020-CN-000454,冬梅,欧阳,冬梅 欧阳,Male,2001-01-24,user169.apple@outlook.com,14582389929,邯郸路V座,杨县,上海县,867247,CN,China,GREATER_CHINA,Chinese,Consumer,Gold,2020-04-21,2020,RETURNING,True,MDM,2020-04-21 00:00:00,2026-04-17 15:58:36.670718
cbf18537-a14b-4195-9ae0-1e26b5479599,CUST-2020-CN-000724,龙,徐,龙 徐,Female,1971-11-13,user129.apple@msn.com,13360358491,乌鲁木齐街q座,北京市,兰英市,888406,CN,China,GREATER_CHINA,Chinese,Consumer,Silver,2020-12-13,2020,RETURNING,True,MDM,2020-12-13 00:00:00,2026-04-17 15:58:36.670720
0f2b4005-71d3-4c77-b938-f1f4fc06e06a,CUST-2019-CN-000434,彬,李,彬 李,Female,1976-09-19,user524.apple@gmail.com,18538864303,台北路O座,秀梅市,呼和浩特县,984311,CN,China,GREATER_CHINA,Chinese,Consumer,None,2019-07-11,2019,RETURNING,True,MDM,2019-07-11,2026-04-17 15:58:36.670721
1d10b5c7-bc84-41d5-b5f3-22422c75aa40,CUST-2020-CN-000627,坤,游,坤 游,Female,1968-04-26,user421.apple@yahoo.com,18736334412,巢湖街t座,兰英市,芳市,321559,CN,China,GREATER_CHINA,Chinese,Business,Gold,2020-12-18,2020,RETURNING,True,MDM,2020-12-18 00:00:00,2026-04-17 15:58:36.670723
dcddf19c-a6dd-498e-932c-c77a783fdaa2,CUST-2019-CN-001756,鹏,陈,鹏 陈,Female,1967-06-03,user417.apple@icloud.com,15796788456,王路o座,颖市,静县,655219,CN,China,GREATER_CHINA,Chinese,Consumer,Silver,2019-04-28,2019,RETURNING,True,MDM,2019-04-28,2026-04-17 15:58:36.670724
ffc7c3af-9e6d-4ed8-bc78-598d7555f3b3,CUST-2020-CN-000892,玉兰,王,玉兰 王,Female,1954-02-17,user102.apple@gmx.com,18201319651,柳州路M座,东莞市,倩市,980398,CN,China,GREATER_CHINA,Chinese,Consumer,Gold,2020-04-06,2020,RETURNING,True,MDM,2020-04-06 00:00:00,2026-04-17 15:58:36.670726
8cb297fb-6aff-48ba-bab0-29ed8c50dae9,CUST-2019-CN-001777,志强,吉,志强 吉,Male,1978-12-31,user891.apple769@msn.com,13446528896,淮安街T座,澳门市,澳门市,937376,CN,China,GREATER_CHINA,Chinese,Consumer,Silver,2019-02-28,2019,RETURNING,True,MDM,2019-02-28,2026-04-17 15:58:36.670727
9952da97-8d53-4991-a2a4-b05ec5dcf243,CUST-2019-CN-001741,彬,丁,彬 丁,Female,1953-02-13,user503.apple@mail.com,18254062602,李街L座,芳市,秀芳市,129377,CN,China,GREATER_CHINA,Chinese,Education,None,2019-09-25,2019,RETURNING,True,MDM,2019-09-25,2026-04-17 15:58:36.670729
1b575c00-098b-49c3-85bd-06277f1eb1b8,CUST-2020-CN-000035,丽娟,王,丽娟 王,Female,2004-01-11,user564.apple@outlook.com,15252241310,张路c座,永安县,兴城市,686945,CN,China,GREATER_CHINA,Chinese,Consumer,None,2020-06-23,2020,RETURNING,True,MDM,2020-06-23 00:00:00,2026-04-17 15:58:36.670731
b1c95580-8867-4c59-8dd6-31d8b2f5f6b7,CUST-2019-CN-000860,洁,张,洁 张,Female,1984-11-21,user306.apple799@protonmail.com,15979316349,潮州路g座,重庆市,建华市,721461,CN,China,GREATER_CHINA,Chinese,Business,Silver,2019-03-19,2019,RETURNING,True,MDM,2019-03-19,2026-04-17 15:58:36.670733
58ea8479-aa99-4401-9226-3288c89530ea,CUST-2019-CN-001633,桂芝,冯,桂芝 冯,Female,1984-03-20,user735.apple@icloud.com,18200484469,杨路a座,梧州县,建平市,471697,CN,China,GREATER_CHINA,Chinese,Consumer,Silver,2019-03-29,2019,RETURNING,True,MDM,2019-03-29,2026-04-17 15:58:36.670734
7ef95852-0f73-4c86-9e94-186a2a9b836d,CUST-2020-CN-000446,玲,郭,玲 郭,Male,1983-02-06,user543.apple@outlook.com,13355682206,李路r座,丹县,北京市,442657,CN,China,GREATER_CHINA,Chinese,Education,Platinum,2020-08-02,2020,RETURNING,True,MDM,2020-08-02 00:00:00,2026-04-17 15:58:36.670736
d75720d5-39ef-4270-ae14-a71959c07f87,CUST-2019-CN-001359,兵,苏,兵 苏,Female,1957-05-31,user353.apple331@hotmail.com,13842327474,福州街T座,桂荣县,太原市,550825,CN,China,GREATER_CHINA,Chinese,Consumer,None,2019-01-02,2019,RETURNING,True,MDM,2019-01-02,2026-04-17 15:58:36.670738
d07cf826-746d-44cd-add5-f2e9e58cdb4e,CUST-2020-CN-000963,燕,吴,燕 吴,Male,1951-05-20,user672.apple@zoho.com,14771269575,东莞路k座,晶县,柳州县,318603,CN,China,GREATER_CHINA,Chinese,Consumer,Silver,2020-09-08,2020,RETURNING,True,MDM,2020-09-08 00:00:00,2026-04-17 15:58:36.670739
4f836975-789e-4f98-85e1-94977a06f7d5,CUST-2019-CN-000019,芳,蒋,芳 蒋,Female,1950-07-06,user961.apple@mail.com,15747659374,合山街B座,建国市,石家庄县,959053,CN,China,GREATER_CHINA,Chinese,Consumer,Gold,2019-08-10,2019,RETURNING,True,MDM,2019-08-10,2026-04-17 15:58:36.670741
e3ff4c11-d910-4a0e-b3a4-a742fe5a0c1b,CUST-2020-CN-000357,斌,周,斌 周,Female,1970-01-20,user789.apple@gmx.com,13652569750,南宁街o座,波县,浩县,510203,CN,China,GREATER_CHINA,Chinese,Consumer,Silver,2020-04-20,2020,RETURNING,True,MDM,2020-04-20 00:00:00,2026-04-17 15:58:36.670742
919e3a34-ec58-4c5b-a10f-0f8c335bbca0,CUST-2020-CN-000274,兰英,许,兰英 许,Female,1981-10-08,user141.apple303@zoho.com,18964319582,宁德路O座,荆门县,淑华市,200618,CN,China,GREATER_CHINA,Chinese,Consumer,Gold,2020-12-31,2020,RETURNING,True,MDM,2020-12-31 00:00:00,2026-04-17 15:58:36.670743
7fb9f4b8-4352-4d63-bd5e-7a11ba5c6a04,CUST-2020-CN-000358,成,罗,成 罗,Male,1997-08-30,user237.apple@aol.com,18111332693,通辽街h座,成市,旭市,498754,CN,China,GREATER_CHINA,Chinese,Education,Silver,2020-05-22,2020,RETURNING,True,MDM,2020-05-22 00:00:00,2026-04-17 15:58:36.670745
e122d2e0-4339-42aa-bb06-a71dbbcd6314,CUST-2019-CN-002846,建平,郭,建平 郭,Male,1977-01-11,user918.apple@mail.com,15129038592,龚路D座,惠州市,汕尾县,958585,CN,China,GREATER_CHINA,Chinese,Business,None,2019-03-07,2019,RETURNING,True,MDM,2019-03-07,2026-04-17 15:58:36.670747
2fb544f0-9382-4a48-a851-1dd8d3a2669f,CUST-2019-CN-000824,颖,王,颖 王,Male,1997-10-27,user390.apple39@mail.com,15652013141,杭州路V座,秀梅县,石家庄市,405529,CN,China,GREATER_CHINA,Chinese,Consumer,Gold,2019-05-02,2019,RETURNING,True,MDM,2019-05-02,2026-04-17 15:58:36.670748
6eebf50f-f003-47df-ad31-54083c700409,CUST-2020-CN-000080,鑫,由,鑫 由,Female,1999-06-05,user122.apple@yahoo.com,15621156350,六安路x座,西宁县,萍市,174080,CN,China,GREATER_CHINA,Chinese,Consumer,Silver,2020-11-30,2020,RETURNING,True,MDM,2020-11-30 00:00:00,2026-04-17 15:58:36.670750
4f56cadf-fd12-419a-b62f-2a8f259ef3c6,CUST-2020-CN-000458,波,解,波 解,Male,2000-02-10,user887.apple@gmx.com,15226382671,邵路U座,亮县,西宁县,129410,CN,China,GREATER_CHINA,Chinese,Consumer,Gold,2020-12-14,2020,RETURNING,True,MDM,2020-12-14 00:00:00,2026-04-17 15:58:36.670751
b9630611-6351-4617-bc7a-0c941e9861ce,CUST-2020-CN-000012,欣,张,欣 张,Female,1986-09-12,user559.apple@gmail.com,13736209900,北镇路b座,萍县,柳县,318430,CN,China,GREATER_CHINA,Chinese,Business,Platinum,2020-10-21,2020,RETURNING,True,MDM,2020-10-21 00:00:00,2026-04-17 15:58:36.670753
ebf49976-6dcf-4b28-9526-ec745ea64e1d,CUST-2020-CN-000907,佳,李,佳 李,Female,1972-12-22,user673.apple@icloud.com,13614653458,哈尔滨街a座,建华市,惠州县,921805,CN,China,GREATER_CHINA,Chinese,Business,None,2020-09-14,2020,RETURNING,True,MDM,2020-09-14 00:00:00,2026-04-17 15:58:36.670755
558bebc2-b9f4-4743-bab8-ebb81b828a33,CUST-2020-CN-000529,霞,翟,霞 翟,Male,2004-02-22,user470.apple@live.com,14583230791,兴城街r座,昆明市,丹丹县,895792,CN,China,GREATER_CHINA,Chinese,Business,None,2020-02-14,2020,RETURNING,True,MDM,2020-02-14 00:00:00,2026-04-17 15:58:36.670756
53235145-040e-4e59-8607-9fa92c3be195,CUST-2020-CN-000527,伟,张,伟 张,Male,1980-01-06,user712.apple@outlook.com,13295627139,王路b座,海口市,六安县,255051,CN,China,GREATER_CHINA,Chinese,Consumer,Gold,2020-08-05,2020,RETURNING,True,MDM,2020-08-05 00:00:00,2026-04-17 15:58:36.670758
754a49f5-dfcb-439c-9ce9-095e14f13666,CUST-2020-CN-000594,萍,杨,萍 杨,Male,1993-06-06,user990.apple@outlook.com,18533237134,吴街t座,台北市,张家港县,453588,CN,China,GREATER_CHINA,Chinese,Consumer,None,2020-08-22,2020,RETURNING,True,MDM,2020-08-22 00:00:00,2026-04-17 15:58:36.670760
70bf7d64-79a0-480b-8107-03121ace6ed5,CUST-2020-CN-000438,丹丹,罗,丹丹 罗,Male,1955-08-28,user807.apple@live.com,15621201431,南昌路b座,重庆县,秀兰县,485550,CN,China,GREATER_CHINA,Chinese,Consumer,None,2020-01-17,2020,RETURNING,True,MDM,2020-01-17 00:00:00,2026-04-17 15:58:36.670761
d9dcba99-c27e-4798-8521-d538548320f0,CUST-2019-CN-000630,桂香,薛,桂香 薛,Male,1952-07-14,user834.apple@aol.com,14516024663,王街s座,兰英县,波市,223001,CN,China,GREATER_CHINA,Chinese,Consumer,Platinum,2019-11-14,2019,RETURNING,True,MDM,2019-11-14,2026-04-17 15:58:36.670763
da1beac2-8632-4611-bda0-4cc35435d0de,CUST-2019-CN-001485,冬梅,徐,冬梅 徐,Male,1952-12-25,user693.apple@live.com,14579311866,覃路M座,杨县,敏县,678269,CN,China,GREATER_CHINA,Chinese,Consumer,Platinum,2019-09-27,2019,RETURNING,True,MDM,2019-09-27,2026-04-17 15:58:36.670764
d1d5f759-332e-4e10-8809-3f559e715993,CUST-2019-CN-002337,建平,潘,建平 潘,Male,1964-11-15,user349.apple737@gmx.com,15312397554,薄街n座,潮州市,博县,753828,CN,China,GREATER_CHINA,Chinese,Consumer,None,2019-03-17,2019,RETURNING,False,MDM,2019-03-17,2026-04-17 15:58:36.670766
4c2e7149-12d8-42f8-9bb5-60c81e846339,CUST-2019-CN-000529,秀芳,郭,秀芳 郭,Male,1986-08-15,user456.apple@icloud.com,18088023174,太原路u座,广州市,云市,793152,CN,China,GREATER_CHINA,Chinese,Consumer,Silver,2019-05-20,2019,RETURNING,True,MDM,2019-05-20,2026-04-17 15:58:36.670768
1e8c41a9-d1d3-4d58-97ea-058fa2033b47,CUST-2020-CN-000739,丽丽,朱,丽丽 朱,Male,1969-06-06,user291.apple@aol.com,15555801135,长沙路k座,合山市,雪市,844475,CN,China,GREATER_CHINA,Chinese,Consumer,None,2020-02-22,2020,RETURNING,True,MDM,2020-02-22 00:00:00,2026-04-17 15:58:36.670770
e1ff7d52-3cb9-4a7a-a036-e8f7cd944308,CUST-2019-CN-002938,飞,刘,飞 刘,Male,1974-02-02,user398.apple811@hotmail.com,18230134641,海口街U座,宇县,西安县,989680,CN,China,GREATER_CHINA,Chinese,Consumer,Silver,2019-03-19,2019,RETURNING,True,MDM,2019-03-19,2026-04-17 15:58:36.670771
9441c332-99e8-4396-b39a-96f04f6ebada,CUST-2019-CN-000777,志强,曹,志强 曹,Male,1968-10-07,user607.apple900@yahoo.com,14529237236,海口街V座,潮州市,东县,971803,CN,China,GREATER_CHINA,Chinese,Consumer,None,2019-11-20,2019,RETURNING,True,MDM,2019-11-20,2026-04-17 15:58:36.670773
2e58ac65-fd0b-4934-80ac-b4bc90825c18,CUST-2020-CN-000065,桂花,马,桂花 马,Male,1956-11-21,user942.apple@msn.com,13030793274,宁德街i座,北京市,淮安县,442286,CN,China,GREATER_CHINA,Chinese,Consumer,Gold,2020-04-08,2020,RETURNING,True,MDM,2020-04-08 00:00:00,2026-04-17 15:58:36.670775
7473f8d7-eeeb-4363-9a2d-65b6fa8c7b51,CUST-2019-CN-002426,明,张,明 张,Male,1992-11-05,user289.apple228@gmail.com,18218638215,福州街K座,昆明县,深圳县,367851,CN,China,GREATER_CHINA,Chinese,Consumer,None,2019-03-24,2019,RETURNING,True,MDM,2019-03-24,2026-04-17 15:58:36.670780
19d4e647-7f78-4717-820d-f64f20fca0b6,CUST-2019-CN-000469,想,刘,想 刘,Female,1985-05-03,user824.apple@icloud.com,13187785155,骆街K座,峰市,伟县,527751,CN,China,GREATER_CHINA,Chinese,Consumer,Gold,2019-06-21,2019,RETURNING,False,MDM,2019-06-21,2026-04-17 15:58:36.670782
e74d0aa1-18cc-4ea7-bd58-3ca7e851b7de,CUST-2019-CN-000372,雪梅,苗,雪梅 苗,Male,1977-02-17,user989.apple832@hotmail.com,14536229735,陈街k座,六安市,长沙市,433942,CN,China,GREATER_CHINA,Chinese,Consumer,None,2019-05-06,2019,RETURNING,True,MDM,2019-05-06,2026-04-17 15:58:36.670784
aacd1425-e0b7-4dca-b4d4-10de7ad029cd,CUST-2019-CN-001201,淑英,陈,淑英 陈,Female,1956-07-02,user115.apple@gmail.com,13958289056,杨路X座,哈尔滨市,海门县,208337,CN,China,GREATER_CHINA,Chinese,Business,Silver,2019-03-19,2019,RETURNING,True,MDM,2019-03-19,2026-04-17 15:58:36.670786
e23c06e7-a2ab-43a8-b69e-28ae9adeefff,CUST-2020-CN-000807,红,莫,红 莫,Male,2000-02-25,user435.apple356@gmail.com,13390829014,西宁路w座,飞市,健市,748953,CN,China,GREATER_CHINA,Chinese,Consumer,None,2020-07-09,2020,RETURNING,True,MDM,2020-07-09 00:00:00,2026-04-17 15:58:36.670787
6565f60f-7df1-460b-821e-1732a5e0aaf9,CUST-2019-CN-001236,秀英,樊,秀英 樊,Female,2005-07-20,user971.apple@zoho.com,15356733198,张家港路P座,长沙县,芳市,123474,CN,China,GREATER_CHINA,Chinese,Consumer,None,2019-11-08,2019,RETURNING,True,MDM,2019-11-08,2026-04-17 15:58:36.670789
5ea1b798-ff47-4ccd-b7ea-c1384e6b600a,CUST-2019-CN-002666,峰,徐,峰 徐,Female,1994-07-09,user670.apple@yahoo.com,15754681274,大冶街u座,伟县,芳县,764404,CN,China,GREATER_CHINA,Chinese,Consumer,None,2019-08-09,2019,RETURNING,True,MDM,2019-08-09,2026-04-17 15:58:36.670791
fdac6011-432b-4634-a052-6d024b8679b2,CUST-2020-CN-000857,东,周,东 周,Female,1951-10-05,user444.apple@msn.com,13912177823,刘街v座,霞县,欣市,626038,CN,China,GREATER_CHINA,Chinese,Consumer,None,2020-10-06,2020,RETURNING,True,MDM,2020-10-06 00:00:00,2026-04-17 15:58:36.670793
08d7277a-8119-4a2d-82f9-f501143f41d1,CUST-2019-CN-002601,丽华,王,丽华 王,Female,1955-11-20,user211.apple@mail.com,13629320803,北镇路V座,郑州县,成都市,328894,CN,China,GREATER_CHINA,Chinese,Consumer,None,2019-03-29,2019,RETURNING,True,MDM,2019-03-29,2026-04-17 15:58:36.670798
93b2acc9-2c28-4800-993f-0dded1838d07,CUST-2019-CN-001867,丽娟,张,丽娟 张,Male,1958-06-07,user363.apple702@aol.com,14579387812,澳门街K座,帆县,磊市,925912,CN,China,GREATER_CHINA,Chinese,Consumer,Platinum,2019-05-24,2019,RETURNING,True,MDM,2019-05-24,2026-04-17 15:58:36.670800
754bdc3a-ed33-4ce0-b3e1-25e0648522ec,CUST-2019-CN-001020,兵,李,兵 李,Female,1978-03-23,user617.apple@aol.com,18710233189,合肥路p座,沈阳县,萍县,997978,CN,China,GREATER_CHINA,Chinese,Consumer,None,2019-11-16,2019,RETURNING,True,MDM,2019-11-16,2026-04-17 15:58:36.670802
63e97bc3-b8ba-40f2-b981-8da336bd5093,CUST-2019-CN-001832,秀云,康,秀云 康,Male,1986-12-20,user512.apple278@outlook.com,18658604908,刘街i座,玉市,兰州县,408332,CN,China,GREATER_CHINA,Chinese,Consumer,Silver,2019-12-30,2019,RETURNING,True,MDM,2019-12-30,2026-04-17 15:58:36.670803
449a3ec7-a710-4383-8ac8-db2a7822b674,CUST-2019-CN-002757,雪梅,滕,雪梅 滕,Female,1960-04-30,user550.apple783@protonmail.com,13044818278,兰州路i座,浩县,拉萨县,977213,CN,China,GREATER_CHINA,Chinese,Consumer,None,2019-05-19,2019,RETURNING,True,MDM,2019-05-19,2026-04-17 15:58:36.670805
0127e801-a586-49ae-9ed2-df0ecad2cf8f,CUST-2020-CN-000029,冬梅,张,冬梅 张,Male,1970-09-27,user381.apple@live.com,15249903346,慕路s座,红梅市,柳州县,557237,CN,China,GREATER_CHINA,Chinese,Consumer,None,2020-04-12,2020,RETURNING,True,MDM,2020-04-12 00:00:00,2026-04-17 15:58:36.670807
e2761237-f340-46f4-967e-92a36e092745,CUST-2019-CN-000033,瑜,张,瑜 张,Male,1979-03-25,user182.apple@hotmail.com,13295025683,高街Y座,红霞市,六安县,600965,CN,China,GREATER_CHINA,Chinese,Consumer,None,2019-07-11,2019,RETURNING,True,MDM,2019-07-11,2026-04-17 15:58:36.670809
c449b53c-1762-44f6-8482-a5efeffd154f,CUST-2020-CN-000277,桂荣,李,桂荣 李,Male,1985-01-25,user869.apple@protonmail.com,18255209544,林街k座,汕尾县,丽县,681472,CN,China,GREATER_CHINA,Chinese,Consumer,None,2020-08-22,2020,RETURNING,False,MDM,2020-08-22 00:00:00,2026-04-17 15:58:36.670811
a4867e8b-2520-466c-ab98-9beae07d8282,CUST-2019-CN-001535,林,刘,林 刘,Female,1971-10-21,user478.apple@hotmail.com,14588020711,汕尾路H座,婷婷市,辛集县,117917,CN,China,GREATER_CHINA,Chinese,Consumer,None,2019-06-12,2019,RETURNING,True,MDM,2019-06-12,2026-04-17 15:58:36.670813
57e0f0fb-a617-4327-9e70-3f13ad7a98d1,CUST-2019-CN-002599,瑞,华,瑞 华,Male,1965-12-14,user194.apple@outlook.com,13088455579,何街S座,潮州市,洁县,444956,CN,China,GREATER_CHINA,Chinese,Consumer,None,2019-10-26,2019,RETURNING,True,MDM,2019-10-26,2026-04-17 15:58:36.670818
8be20996-d1a2-4bc8-b04a-fdd8bf71a35e,CUST-2019-CN-000682,艳,邵,艳 邵,Female,2002-07-24,user201.apple@gmx.com,14748336889,南宁路v座,辉市,建国市,949064,CN,China,GREATER_CHINA,Chinese,Consumer,None,2019-04-29,2019,RETURNING,True,MDM,2019-04-29,2026-04-17 15:58:36.670820
41bd7563-1966-464f-a388-797cbda28181,CUST-2019-CN-000590,峰,杨,峰 杨,Male,1985-02-19,user897.apple522@icloud.com,18503045497,吴街h座,云市,畅市,416195,CN,China,GREATER_CHINA,Chinese,Education,Platinum,2019-01-05,2019,RETURNING,True,MDM,2019-01-05,2026-04-17 15:58:36.670822
46c0a03d-3fca-4635-9523-3dd8f82d08f0,CUST-2020-CN-000675,东,汪,东 汪,Male,1987-06-19,user967.apple@msn.com,13329075111,辽阳路g座,南京县,马鞍山市,554790,CN,China,GREATER_CHINA,Chinese,Business,Silver,2020-07-17,2020,RETURNING,True,MDM,2020-07-17 00:00:00,2026-04-17 15:58:36.670823
2c1ea2f6-6f27-4dcf-a403-2283be85a569,CUST-2019-CN-002770,杰,李,杰 李,Male,2001-07-10,user649.apple@msn.com,18984481889,西安路R座,大冶县,辛集市,251820,CN,China,GREATER_CHINA,Chinese,Consumer,Platinum,2019-11-22,2019,RETURNING,True,MDM,2019-11-22,2026-04-17 15:58:36.670825
9e516643-0b08-4fc0-a8df-ad41fbefef06,CUST-2019-CN-001599,磊,王,磊 王,Female,1962-10-18,user946.apple@icloud.com,15556065457,彭街j座,丽华县,大冶县,158742,CN,China,GREATER_CHINA,Chinese,Consumer,None,2019-05-02,2019,RETURNING,True,MDM,2019-05-02,2026-04-17 15:58:36.670826
37f6e650-706e-4d4a-8d66-f5bda09b93ef,CUST-2019-CN-002590,欢,韩,欢 韩,Male,1955-10-01,user742.apple356@yahoo.com,15029519342,程街U座,坤市,台北市,184180,CN,China,GREATER_CHINA,Chinese,Consumer,None,2019-08-27,2019,RETURNING,True,MDM,2019-08-27,2026-04-17 15:58:36.670828
8aec40ce-cce1-44b6-8d8c-e49263f2499d,CUST-2019-CN-002782,莹,黄,莹 黄,Male,1965-01-28,user921.apple@msn.com,13484107077,哈尔滨路T座,合山市,石家庄市,373885,CN,China,GREATER_CHINA,Chinese,Consumer,Silver,2019-07-27,2019,RETURNING,True,MDM,2019-07-27,2026-04-17 15:58:36.670830
887a3fb3-f5e7-445c-bb9e-a4c9766f2a4e,CUST-2020-CN-000881,英,赵,英 赵,Female,1974-07-16,user790.apple735@zoho.com,15087588253,马路o座,南宁县,海燕县,832586,CN,China,GREATER_CHINA,Chinese,Consumer,Silver,2020-03-20,2020,RETURNING,True,MDM,2020-03-20 00:00:00,2026-04-17 15:58:36.670835
11586966-a852-4f10-a423-99a45573fa6a,CUST-2019-CN-001392,伟,刘,伟 刘,Male,1950-08-20,user632.apple651@aol.com,18762085762,陈路p座,桂英市,宁市,447777,CN,China,GREATER_CHINA,Chinese,Consumer,None,2019-06-02,2019,RETURNING,True,MDM,2019-06-02,2026-04-17 15:58:36.670837
bd3d1662-b3b3-4ff1-a669-251ae928556b,CUST-2019-CN-001297,丹,赵,丹 赵,Male,1974-05-17,user435.apple@hotmail.com,15300276125,武汉路s座,欢县,英市,691101,CN,China,GREATER_CHINA,Chinese,Education,Gold,2019-08-17,2019,RETURNING,True,MDM,2019-08-17,2026-04-17 15:58:36.670839
8ff47c06-bde8-44b8-80a2-1d71e145b586,CUST-2020-CN-000698,楠,陆,楠 陆,Female,1974-11-03,user535.apple@live.com,18033961389,六盘水街Q座,岩市,杭州县,174415,CN,China,GREATER_CHINA,Chinese,Consumer,None,2020-10-25,2020,RETURNING,True,MDM,2020-10-25 00:00:00,2026-04-17 15:58:36.670841
6b9ca1ae-225c-4b6b-ba19-d9f7b89b8d64,CUST-2020-CN-000909,宇,苗,宇 苗,Male,1978-07-17,user576.apple@mail.com,15133550244,广州街D座,南昌县,兴城县,315909,CN,China,GREATER_CHINA,Chinese,Business,Gold,2020-01-09,2020,RETURNING,True,MDM,2020-01-09 00:00:00,2026-04-17 15:58:36.670842
8e05c9b3-7953-4f9c-be08-a98d2bb7c2b2,CUST-2019-CN-000398,瑜,温,瑜 温,Male,1953-08-17,user180.apple384@protonmail.com,18568978463,上海路s座,梧州市,阜新市,366103,CN,China,GREATER_CHINA,Chinese,Consumer,Gold,2019-05-17,2019,RETURNING,True,MDM,2019-05-17,2026-04-17 15:58:36.670844
efbc8e72-02a6-4abf-821e-7f849a2ab4cf,CUST-2019-CN-002969,莹,华,莹 华,Male,1951-11-24,user351.apple@hotmail.com,18835800546,兴城街p座,文县,邯郸市,375064,CN,China,GREATER_CHINA,Chinese,Consumer,Silver,2019-06-02,2019,RETURNING,True,MDM,2019-06-02,2026-04-17 15:58:36.670845
a8943a3a-c987-4073-a2aa-ec88c78f22ac,CUST-2020-CN-001079,欢,罗,欢 罗,Male,1966-05-23,user290.apple@icloud.com,13692244491,重庆路F座,超市,淮安县,306701,CN,China,GREATER_CHINA,Chinese,Consumer,Silver,2020-11-28,2020,RETURNING,True,MDM,2020-11-28 00:00:00,2026-04-17 15:58:36.670846
75c53ae1-8903-42c6-b3a0-c00f228cfaed,CUST-2019-CN-001800,磊,宁,磊 宁,Female,2004-10-15,user396.apple@protonmail.com,13713603353,李街h座,畅县,帅县,571203,CN,China,GREATER_CHINA,Chinese,Consumer,None,2019-07-12,2019,RETURNING,True,MDM,2019-07-12,2026-04-17 15:58:36.670848
f14ed909-5608-4a7e-b240-777fe5fb7e88,CUST-2019-CN-000324,欣,李,欣 李,Female,1957-07-15,user624.apple756@gmail.com,14752774092,宜都路G座,宇县,齐齐哈尔市,703396,CN,China,GREATER_CHINA,Chinese,Consumer,Platinum,2019-03-29,2019,RETURNING,True,MDM,2019-03-29,2026-04-17 15:58:36.670850
095aabdf-5c8b-4058-8124-a09a68f4e758,CUST-2019-CN-002706,婷,黎,婷 黎,Male,1951-04-23,user545.apple@live.com,18550659823,朱街s座,香港市,成市,656890,CN,China,GREATER_CHINA,Chinese,Consumer,Gold,2019-12-29,2019,RETURNING,True,MDM,2019-12-29,2026-04-17 15:58:36.670851
eef1cb59-a247-471c-a01a-6477989f3b6d,CUST-2019-CN-002900,秀兰,阙,秀兰 阙,Female,2004-08-11,user150.apple@protonmail.com,13493752485,惠州街K座,兰英市,莹县,294364,CN,China,GREATER_CHINA,Chinese,Consumer,Platinum,2019-02-12,2019,RETURNING,True,MDM,2019-02-12,2026-04-17 15:58:36.670853
83722420-1e3b-432c-a545-e26b0f7b561a,CUST-2019-CN-001679,秀英,李,秀英 李,Male,1957-06-14,user321.apple@zoho.com,13201861134,张路x座,合山县,桂珍县,387340,CN,China,GREATER_CHINA,Chinese,Consumer,None,2019-05-17,2019,RETURNING,True,MDM,2019-05-17,2026-04-17 15:58:36.670856
315b67bd-b349-4b94-88a6-ebcf47429710,CUST-2020-CN-000368,秀芳,李,秀芳 李,Female,1961-02-08,user787.apple358@outlook.com,18141193044,永安街T座,巢湖县,海门市,575454,CN,China,GREATER_CHINA,Chinese,Consumer,None,2020-10-07,2020,RETURNING,True,MDM,2020-10-07 00:00:00,2026-04-17 15:58:36.670858
34323bb2-c6b2-4498-ba92-2d7985eb9bf7,CUST-2020-CN-000430,慧,唐,慧 唐,Female,1960-10-16,user481.apple@icloud.com,15198730932,海门路P座,沈阳县,马鞍山县,278730,CN,China,GREATER_CHINA,Chinese,Consumer,Silver,2020-03-04,2020,RETURNING,True,MDM,2020-03-04 00:00:00,2026-04-17 15:58:36.670859
d23926fc-d518-45ae-bbdb-a5be4e1cd679,CUST-2019-CN-001082,丹,段,丹 段,Female,1999-10-08,user235.apple@gmx.com,18114013726,兰州街G座,宇县,慧市,607993,CN,China,GREATER_CHINA,Chinese,Consumer,Gold,2019-03-28,2019,RETURNING,True,MDM,2019-03-28,2026-04-17 15:58:36.670861
4de38c76-ef30-43cd-b740-d3be7d28d1a7,CUST-2019-CN-001864,丽华,许,丽华 许,Male,2003-06-17,user675.apple@gmail.com,18952275146,陈街l座,建国县,莉县,583985,CN,China,GREATER_CHINA,Chinese,Consumer,None,2019-06-14,2019,RETURNING,True,MDM,2019-06-14,2026-04-17 15:58:36.670863
689714ad-933d-46c8-9fc4-55ca71eeb53a,CUST-2020-CN-000620,海燕,李,海燕 李,Male,1965-03-30,user311.apple@aol.com,15821021129,哈尔滨路E座,佳市,龙县,440254,CN,China,GREATER_CHINA,Chinese,Education,None,2020-06-18,2020,RETURNING,True,MDM,2020-06-18 00:00:00,2026-04-17 15:58:36.670864
75ccb641-654c-4969-846f-40efac9c72b9,CUST-2019-CN-000549,雷,郭,雷 郭,Female,1958-12-16,user631.apple@mail.com,15847498668,韩路s座,丽县,莹市,489534,CN,China,GREATER_CHINA,Chinese,Consumer,Gold,2019-10-18,2019,RETURNING,True,MDM,2019-10-18,2026-04-17 15:58:36.670869
a51927a8-0759-46c6-8cb8-87a47904e5ea,CUST-2019-CN-000839,俊,陈,俊 陈,Male,1991-12-12,user152.apple645@yahoo.com,15671794642,徐街O座,芳县,银川市,137462,CN,China,GREATER_CHINA,Chinese,Business,None,2019-10-19,2019,RETURNING,True,MDM,2019-10-19,2026-04-17 15:58:36.670871
2a2dc667-2876-4f81-9101-f1b357b28fcf,CUST-2019-CN-001012,博,余,博 余,Female,1994-10-01,user226.apple@gmail.com,14521266513,叶街o座,想市,梧州县,971630,CN,China,GREATER_CHINA,Chinese,Consumer,None,2019-12-13,2019,RETURNING,True,MDM,2019-12-13,2026-04-17 15:58:36.670873
4a9d05d0-ce22-44f9-b6e4-e7b7242de83f,CUST-2019-CN-001669,秀华,徐,秀华 徐,Female,1973-05-04,user989.apple@outlook.com,18004523084,福州路g座,淮安县,佳市,428816,CN,China,GREATER_CHINA,Chinese,Consumer,Silver,2019-04-16,2019,RETURNING,True,MDM,2019-04-16,2026-04-17 15:58:36.670875
748256dc-77b9-464b-8575-21f53cd3cba2,CUST-2019-CN-002905,文,许,文 许,Female,2007-07-30,user830.apple@gmx.com,14564978898,广州路j座,磊市,郑州市,446966,CN,China,GREATER_CHINA,Chinese,Consumer,Silver,2019-08-11,2019,RETURNING,True,MDM,2019-08-11,2026-04-17 15:58:36.670876
0a107d9d-eb62-4905-9132-dbc3fc916dc0,CUST-2020-CN-000389,梅,段,梅 段,Male,1977-07-30,user180.apple@gmx.com,13719551856,宁德街M座,东莞市,鑫县,556778,CN,China,GREATER_CHINA,Chinese,Education,Gold,2020-11-16,2020,RETURNING,True,MDM,2020-11-16 00:00:00,2026-04-17 15:58:36.670878
6ec04c8f-9226-4828-8f8a-9c480306094e,CUST-2020-CN-001063,伟,邱,伟 邱,Female,1959-08-25,user888.apple@msn.com,18690408029,胡路M座,石家庄市,建军县,712163,CN,China,GREATER_CHINA,Chinese,Consumer,None,2020-07-18,2020,RETURNING,True,MDM,2020-07-18 00:00:00,2026-04-17 15:58:36.670880
63f8190a-725d-406b-a5be-d1a79444c3b1,CUST-2020-CN-001060,岩,尹,岩 尹,Male,1953-12-15,user181.apple@live.com,14578055093,赵路n座,玉华市,鑫市,520303,CN,China,GREATER_CHINA,Chinese,Consumer,Gold,2020-07-01,2020,RETURNING,True,MDM,2020-07-01 00:00:00,2026-04-17 15:58:36.670881
5f7d91ef-1537-47ab-a0f1-02e7c80e8382,CUST-2019-CN-001790,利,王,利 王,Female,1951-08-17,user860.apple@gmx.com,13925029521,惠州路A座,秀华县,荆门市,768322,CN,China,GREATER_CHINA,Chinese,Consumer,None,2019-10-27,2019,RETURNING,True,MDM,2019-10-27,2026-04-17 15:58:36.670887
6fe881bc-ff62-417c-9318-e53c18e39baf,CUST-2020-CN-000815,凤兰,陈,凤兰 陈,Male,1978-05-15,user357.apple@live.com,15876013084,广州街a座,琳市,亮县,550359,CN,China,GREATER_CHINA,Chinese,Consumer,Silver,2020-05-28,2020,RETURNING,True,MDM,2020-05-28 00:00:00,2026-04-17 15:58:36.670889
b1983d9f-063b-416d-8138-38f343b73d95,CUST-2020-CN-000346,刚,夏,刚 夏,Male,2006-11-08,user538.apple@mail.com,13353820719,福州路c座,兰英市,贵阳县,614459,CN,China,GREATER_CHINA,Chinese,Consumer,None,2020-01-06,2020,RETURNING,True,MDM,2020-01-06 00:00:00,2026-04-17 15:58:36.670891
6cf3adfe-49d1-4662-9185-6be8b9037dd9,CUST-2019-CN-000519,慧,邵,慧 邵,Female,1970-09-16,user883.apple@live.com,14550765229,张街o座,太原市,丹丹市,842198,CN,China,GREATER_CHINA,Chinese,Education,None,2019-01-16,2019,RETURNING,True,MDM,2019-01-16,2026-04-17 15:58:36.670892
e6aa6fad-2583-458c-b9dd-07fc4e3ef2bf,CUST-2019-CN-000608,阳,王,阳 王,Male,1971-06-30,user222.apple@yahoo.com,15864050362,东莞路h座,辉县,云县,159554,CN,China,GREATER_CHINA,Chinese,Consumer,Gold,2019-08-26,2019,RETURNING,True,MDM,2019-08-26,2026-04-17 15:58:36.670894
270fd18b-0910-4be3-9ab4-b5ff28c5b38d,CUST-2020-CN-000084,冬梅,李,冬梅 李,Female,1951-01-10,user503.apple@zoho.com,15276145580,宜都路W座,敏市,齐齐哈尔县,250583,CN,China,GREATER_CHINA,Chinese,Consumer,Gold,2020-12-05,2020,RETURNING,True,MDM,2020-12-05 00:00:00,2026-04-17 15:58:36.670895
d297ebf2-b55c-448f-bf2d-e8de85f67211,CUST-2020-CN-000093,晨,谢,晨 谢,Male,1965-02-11,user663.apple96@live.com,15141087675,许街G座,慧市,东县,434894,CN,China,GREATER_CHINA,Chinese,Education,Gold,2020-09-22,2020,RETURNING,True,MDM,2020-09-22 00:00:00,2026-04-17 15:58:36.670897
74ab32ca-e5db-4ccf-89f0-524f5f382ba2,CUST-2019-CN-000288,秀英,邓,秀英 邓,Male,1995-09-12,user543.apple623@mail.com,14542563211,南宁街k座,南宁县,丽娟市,159426,CN,China,GREATER_CHINA,Chinese,Consumer,None,2019-09-29,2019,RETURNING,True,MDM,2019-09-29,2026-04-17 15:58:36.670899
526febf2-1e91-4495-836b-8a0bee53d0ec,CUST-2020-CN-000776,丹丹,尹,丹丹 尹,Female,1983-05-05,user761.apple@aol.com,14579895942,石路s座,博市,合山县,509696,CN,China,GREATER_CHINA,Chinese,Consumer,None,2020-01-27,2020,RETURNING,True,MDM,2020-01-27 00:00:00,2026-04-17 15:58:36.670904
1a27e3b4-4bdd-482a-bb7f-e4a9ca0e2a32,CUST-2019-CN-000803,洁,项,洁 项,Female,2004-05-24,user879.apple279@yahoo.com,15053358646,岑街T座,鹏县,哈尔滨市,347116,CN,China,GREATER_CHINA,Chinese,Business,None,2019-02-12,2019,RETURNING,True,MDM,2019-02-12,2026-04-17 15:58:36.670906
832a662d-e707-40c0-9f98-2d7f507084ce,CUST-2020-CN-000209,秀兰,张,秀兰 张,Female,1961-11-05,user807.apple@gmail.com,13690681750,张路z座,海门县,重庆县,217330,CN,China,GREATER_CHINA,Chinese,Consumer,Silver,2020-11-03,2020,RETURNING,True,MDM,2020-11-03 00:00:00,2026-04-17 15:58:36.670908
6221e054-832c-498e-80a6-c329ab3b1ad3,CUST-2019-CN-000112,冬梅,涂,冬梅 涂,Female,1953-11-13,user648.apple90@gmx.com,13334800859,潮州街b座,飞市,南昌县,311047,CN,China,GREATER_CHINA,Chinese,Consumer,None,2019-02-04,2019,RETURNING,True,MDM,2019-02-04,2026-04-17 15:58:36.670910
6bd8e4e4-8c0b-4f26-9946-6d4e77b2b6f0,CUST-2019-CN-002110,飞,夏,飞 夏,Male,2004-08-12,user353.apple132@yahoo.com,13757483157,张家港街t座,阜新县,张家港市,137608,CN,China,GREATER_CHINA,Chinese,Consumer,Gold,2019-06-30,2019,RETURNING,True,MDM,2019-06-30,2026-04-17 15:58:36.670911
58462dfb-65f3-4a52-97dc-af0a55ebe0c6,CUST-2020-CN-000400,鹏,晏,鹏 晏,Female,1987-08-11,user194.apple633@yahoo.com,18546021883,沈阳街e座,阜新县,哈尔滨县,230183,CN,China,GREATER_CHINA,Chinese,Consumer,None,2020-02-16,2020,RETURNING,True,MDM,2020-02-16 00:00:00,2026-04-17 15:58:36.670913
ae0a5f92-7dc6-4ef9-930a-083850e0f964,CUST-2020-CN-000508,波,崔,波 崔,Female,1989-02-09,user373.apple@yahoo.com,15850842860,唐街R座,柳州县,兴城县,670433,CN,China,GREATER_CHINA,Chinese,Consumer,Gold,2020-08-11,2020,RETURNING,True,MDM,2020-08-11 00:00:00,2026-04-17 15:58:36.670914
07211ff8-e71c-4091-aee7-3632a3b488ec,CUST-2019-CN-002790,秀兰,李,秀兰 李,Female,1951-09-18,user902.apple@gmail.com,13769849994,尤路k座,秀梅县,桂花市,883841,CN,China,GREATER_CHINA,Chinese,Consumer,Platinum,2019-06-19,2019,RETURNING,False,MDM,2019-06-19,2026-04-17 15:58:36.670915
f544679c-4bff-475e-bd7c-f69f7975ae56,CUST-2019-CN-002523,杰,曹,杰 曹,Female,1956-03-13,user512.apple@gmail.com,13553909423,宜都路x座,关岭县,琴县,832505,CN,China,GREATER_CHINA,Chinese,Consumer,Gold,2019-11-19,2019,RETURNING,True,MDM,2019-11-19,2026-04-17 15:58:36.670917
8177d3b2-585a-44f9-b073-d3fae39942f8,CUST-2019-CN-002769,秀荣,陈,秀荣 陈,Female,1981-12-13,user715.apple522@live.com,13309798897,呼和浩特街j座,太原市,福州县,231773,CN,China,GREATER_CHINA,Chinese,Consumer,None,2019-04-23,2019,RETURNING,True,MDM,2019-04-23,2026-04-17 15:58:36.670919
766938e3-d3c2-40a2-90e0-1d53caba2b79,CUST-2019-CN-002345,桂兰,李,桂兰 李,Male,1971-09-04,user259.apple@hotmail.com,15238916223,天津街e座,瑞县,凤兰县,587629,CN,China,GREATER_CHINA,Chinese,Business,Silver,2019-09-18,2019,RETURNING,True,MDM,2019-09-18,2026-04-17 15:58:36.670920
aa33987d-97f4-41c9-99d6-3f76bf6f379a,CUST-2020-CN-000435,柳,宋,柳 宋,Male,1963-08-27,user925.apple@icloud.com,15515006974,梁路R座,贵阳县,北京县,872787,CN,China,GREATER_CHINA,Chinese,Consumer,None,2020-02-20,2020,RETURNING,True,MDM,2020-02-20 00:00:00,2026-04-17 15:58:36.670922
69fc08cf-f891-45fb-bd9b-23d7117d9fb6,CUST-2019-CN-001169,璐,向,璐 向,Male,1958-04-15,user282.apple@hotmail.com,15970810096,柳州路P座,秀珍县,马鞍山县,938402,CN,China,GREATER_CHINA,Chinese,Consumer,Gold,2019-01-31,2019,RETURNING,True,MDM,2019-01-31,2026-04-17 15:58:36.670924
247ae3c7-438b-45eb-9e8e-33956bbd6bd3,CUST-2019-CN-002949,杨,杨,杨 杨,Male,1969-09-01,user357.apple@icloud.com,13504538675,潮州街w座,惠州县,宜都市,903712,CN,China,GREATER_CHINA,Chinese,Consumer,Silver,2019-08-07,2019,RETURNING,True,MDM,2019-08-07,2026-04-17 15:58:36.670925
dc704389-5533-4525-9ba8-c2272eb7a05e,CUST-2020-CN-000747,桂兰,农,桂兰 农,Female,1979-07-21,user651.apple731@msn.com,13202375751,长春路g座,辛集市,哈尔滨县,317058,CN,China,GREATER_CHINA,Chinese,Business,None,2020-11-10,2020,RETURNING,True,MDM,2020-11-10 00:00:00,2026-04-17 15:58:36.670931
2c47bbd3-c4b7-4eb0-8170-4b25102edd01,CUST-2019-CN-000345,玉,曹,玉 曹,Female,1979-04-25,user338.apple@mail.com,15997246586,刘路M座,海口县,琴市,269158,CN,China,GREATER_CHINA,Chinese,Consumer,None,2019-08-05,2019,RETURNING,True,MDM,2019-08-05,2026-04-17 15:58:36.670933
2d614f05-21c8-452a-aeb4-0520db17ae9d,CUST-2019-CN-000684,楠,相,楠 相,Male,1977-11-11,user980.apple@icloud.com,15673155277,拉萨街w座,丽丽县,婷婷市,213487,CN,China,GREATER_CHINA,Chinese,Consumer,None,2019-09-20,2019,RETURNING,True,MDM,2019-09-20,2026-04-17 15:58:36.670935
c81d76da-477c-4e29-aa57-e3501bd1cd0d,CUST-2019-CN-000938,柳,田,柳 田,Female,1990-08-22,user187.apple@gmail.com,18698836091,董路J座,雷市,桂芝县,115710,CN,China,GREATER_CHINA,Chinese,Business,None,2019-11-23,2019,RETURNING,True,MDM,2019-11-23,2026-04-17 15:58:36.670936
5b601e5f-0fa8-4d8d-91fc-2f7ef0ac2160,CUST-2019-CN-002871,桂花,杨,桂花 杨,Female,1977-03-31,user534.apple@yahoo.com,15664453652,韩路R座,莹市,娟县,230755,CN,China,GREATER_CHINA,Chinese,Consumer,Silver,2019-09-26,2019,RETURNING,True,MDM,2019-09-26,2026-04-17 15:58:36.670938
11a22f7e-795d-470e-bb90-8af37b5bcef2,CUST-2020-CN-000841,利,程,利 程,Female,1985-12-22,user738.apple@icloud.com,18554407994,王街w座,辛集市,海门县,748461,CN,China,GREATER_CHINA,Chinese,Business,Silver,2020-01-10,2020,RETURNING,True,MDM,2020-01-10 00:00:00,2026-04-17 15:58:36.670940
f88f4856-db7f-4198-a035-990d2d176242,CUST-2020-CN-000078,秀兰,戴,秀兰 戴,Female,1997-08-05,user270.apple@gmx.com,18136896088,董路d座,台北县,沈阳县,220631,CN,China,GREATER_CHINA,Chinese,Consumer,Silver,2020-02-22,2020,RETURNING,True,MDM,2020-02-22 00:00:00,2026-04-17 15:58:36.670941
868371ae-95dd-42c4-ab15-f5904e71ce5c,CUST-2020-CN-000759,林,蔡,林 蔡,Male,1998-04-02,user785.apple@yahoo.com,13322712578,胡路N座,雪梅市,淮安市,227122,CN,China,GREATER_CHINA,Chinese,Business,Silver,2020-01-05,2020,RETURNING,True,MDM,2020-01-05 00:00:00,2026-04-17 15:58:36.670942
9fee7e85-7d5b-4a54-8d5b-ca7f82be8357,CUST-2020-CN-000641,凤英,豆,凤英 豆,Male,1951-12-06,user229.apple@hotmail.com,18255144548,宁街O座,昆明县,超市,587240,CN,China,GREATER_CHINA,Chinese,Consumer,None,2020-07-19,2020,RETURNING,True,MDM,2020-07-19 00:00:00,2026-04-17 15:58:36.670944
a8e23b63-74fb-4aa4-8be1-02dc5870dfd6,CUST-2020-CN-000552,慧,李,慧 李,Female,1990-07-29,user187.apple@zoho.com,15029736951,洪街D座,畅县,汕尾县,587606,CN,China,GREATER_CHINA,Chinese,Consumer,Silver,2020-04-02,2020,RETURNING,True,MDM,2020-04-02 00:00:00,2026-04-17 15:58:36.670946
c8f2a0da-88af-47c5-9192-2401f00018e0,CUST-2019-CN-002039,欣,黄,欣 黄,Female,1953-03-02,user107.apple@aol.com,14734636788,梁街v座,银川县,艳县,535126,CN,China,GREATER_CHINA,Chinese,Consumer,Gold,2019-09-01,2019,RETURNING,True,MDM,2019-09-01,2026-04-17 15:58:36.670947
ff9fbd25-0b13-4110-931e-e8801a70b670,CUST-2019-CN-002191,雪,王,雪 王,Male,1966-11-03,user256.apple580@outlook.com,18736003434,陈街F座,贵阳县,勇市,862339,CN,China,GREATER_CHINA,Chinese,Education,None,2019-09-18,2019,RETURNING,True,MDM,2019-09-18,2026-04-17 15:58:36.670949
e925aac6-cf5b-4642-8920-9d3b1f2c7d52,CUST-2019-CN-001593,磊,梁,磊 梁,Male,1976-07-17,user575.apple@live.com,15341912256,石家庄路c座,乌鲁木齐市,南京县,165575,CN,China,GREATER_CHINA,Chinese,Consumer,Platinum,2019-11-20,2019,RETURNING,True,MDM,2019-11-20,2026-04-17 15:58:36.670950
8d049204-48de-415d-acdd-227c6114a41d,CUST-2019-CN-002851,志强,薛,志强 薛,Female,1982-11-17,user342.apple@protonmail.com,13462779797,南昌路W座,六安县,沈阳县,503359,CN,China,GREATER_CHINA,Chinese,Business,Gold,2019-09-07,2019,RETURNING,True,MDM,2019-09-07,2026-04-17 15:58:36.670952
615bc128-ae7a-499a-9c1f-6ad02b8e70c8,CUST-2019-CN-000508,琳,许,琳 许,Female,2003-03-22,user430.apple@msn.com,13396803280,陈街w座,佳市,合山市,604356,CN,China,GREATER_CHINA,Chinese,Business,None,2019-12-05,2019,RETURNING,True,MDM,2019-12-05,2026-04-17 15:58:36.670954
e56438b4-5f67-48cb-b8fc-090fe1d8fa79,CUST-2020-CN-000462,玲,吴,玲 吴,Female,1953-02-07,user154.apple327@aol.com,18049807007,邓路F座,沈阳县,广州县,602483,CN,China,GREATER_CHINA,Chinese,Consumer,Gold,2020-12-13,2020,RETURNING,True,MDM,2020-12-13 00:00:00,2026-04-17 15:58:36.670955
d038defc-6006-427e-9f1b-88f324161c9d,CUST-2019-CN-000664,旭,徐,旭 徐,Female,1971-11-09,user666.apple@aol.com,15989742926,李街v座,楠县,娟市,589200,CN,China,GREATER_CHINA,Chinese,Consumer,None,2019-12-26,2019,RETURNING,True,MDM,2019-12-26,2026-04-17 15:58:36.670957
04c0cbab-ecd8-40a9-a4d7-1bff73ee2c2e,CUST-2019-CN-002436,玲,池,玲 池,Female,1985-01-08,user135.apple569@yahoo.com,18609466255,北镇街U座,平市,成都市,949679,CN,China,GREATER_CHINA,Chinese,Business,None,2019-08-17,2019,RETURNING,True,MDM,2019-08-17,2026-04-17 15:58:36.670959
655aec26-53f6-404c-997f-09c4c3843e30,CUST-2019-CN-001948,芳,郑,芳 郑,Female,1969-09-22,user990.apple@live.com,13986617776,李街f座,兴城市,凯市,686395,CN,China,GREATER_CHINA,Chinese,Consumer,Platinum,2019-11-02,2019,RETURNING,True,MDM,2019-11-02,2026-04-17 15:58:36.670960
6896565b-ca6e-45c7-9df9-851bcd2a2501,CUST-2019-CN-002068,成,梁,成 梁,Female,1965-05-19,user256.apple@icloud.com,18074878170,张路J座,彬县,坤市,590358,CN,China,GREATER_CHINA,Chinese,Business,Silver,2019-01-05,2019,RETURNING,True,MDM,2019-01-05,2026-04-17 15:58:36.670961
18cb0d78-1a91-47c2-a1f5-d8db56970505,CUST-2020-CN-001022,玉珍,覃,玉珍 覃,Male,1975-10-15,user730.apple503@msn.com,15396697199,田路M座,杰县,凤英市,825773,CN,China,GREATER_CHINA,Chinese,Education,None,2020-08-16,2020,RETURNING,True,MDM,2020-08-16 00:00:00,2026-04-17 15:58:36.670963
887277a2-d686-4b63-8a3c-a8d9260bdc7f,CUST-2019-CN-000936,华,何,华 何,Female,1974-12-24,user568.apple@gmail.com,18246398054,薛路y座,辽阳市,莉县,122413,CN,China,GREATER_CHINA,Chinese,Consumer,None,2019-10-29,2019,RETURNING,True,MDM,2019-10-29,2026-04-17 15:58:36.670965
835cc890-b8c4-4354-aae3-7d8350fcf861,CUST-2020-CN-001007,秀云,蒋,秀云 蒋,Male,1965-11-07,user486.apple@hotmail.com,14789890137,赵路Y座,邯郸县,天津市,184146,CN,China,GREATER_CHINA,Chinese,Education,None,2020-07-06,2020,RETURNING,True,MDM,2020-07-06 00:00:00,2026-04-17 15:58:36.670967
92d2f43e-de2a-46a2-a1aa-9f6f09fe903e,CUST-2019-CN-001634,丽,颜,丽 颜,Male,1952-04-03,user422.apple@hotmail.com,18950034868,西安街S座,娟县,柳市,966088,CN,China,GREATER_CHINA,Chinese,Business,Silver,2019-09-18,2019,RETURNING,True,MDM,2019-09-18,2026-04-17 15:58:36.670968
a87d3dec-11c6-4c79-948c-721ab3213fa5,CUST-2019-CN-002917,鑫,萧,鑫 萧,Male,2007-01-12,user353.apple@gmail.com,13165082812,杨街Z座,郑州市,广州县,682165,CN,China,GREATER_CHINA,Chinese,Consumer,None,2019-01-02,2019,RETURNING,True,MDM,2019-01-02,2026-04-17 15:58:36.670970
81aba2d7-43af-42aa-81cf-a89c482adafe,CUST-2019-CN-000087,桂英,段,桂英 段,Female,2000-11-21,user330.apple@hotmail.com,13415549200,潜江路O座,文市,六安县,279015,CN,China,GREATER_CHINA,Chinese,Consumer,Platinum,2019-07-26,2019,RETURNING,True,MDM,2019-07-26,2026-04-17 15:58:36.670971
39cd2da6-9371-4b36-ae76-323d2213230b,CUST-2019-CN-000423,瑜,林,瑜 林,Female,1987-10-25,user256.apple@gmail.com,13724260733,西安街K座,沈阳市,张家港市,142992,CN,China,GREATER_CHINA,Chinese,Consumer,None,2019-08-12,2019,RETURNING,True,MDM,2019-08-12,2026-04-17 15:58:36.670974
da26300d-d565-4fec-b95a-c140463b6ec9,CUST-2019-CN-000370,伟,吴,伟 吴,Female,1985-02-22,user355.apple@aol.com,13884815454,南昌路g座,合山市,敏市,702224,CN,China,GREATER_CHINA,Chinese,Consumer,Silver,2019-06-19,2019,RETURNING,True,MDM,2019-06-19,2026-04-17 15:58:36.670975
49f08691-b605-4f89-9325-d46d7c079b3b,CUST-2019-CN-001684,帆,徐,帆 徐,Female,1951-04-21,user281.apple@aol.com,15702441385,吴街e座,秀梅县,关岭市,544722,CN,China,GREATER_CHINA,Chinese,Consumer,Silver,2019-11-20,2019,RETURNING,True,MDM,2019-11-20,2026-04-17 15:58:36.670976
a6d60ce2-9a5d-4e71-825e-095665a9e959,CUST-2019-CN-002435,建国,曾,建国 曾,Male,1989-11-06,user854.apple@gmail.com,18873712344,曹路Z座,刚市,乌鲁木齐市,517525,CN,China,GREATER_CHINA,Chinese,Consumer,Silver,2019-07-13,2019,RETURNING,True,MDM,2019-07-13,2026-04-17 15:58:36.670978
bae79718-23d5-42ca-8d16-17c02b43ef12,CUST-2019-CN-002676,秀珍,史,秀珍 史,Female,2004-07-02,user135.apple@gmail.com,15105588839,嘉禾街d座,玉华市,红县,114803,CN,China,GREATER_CHINA,Chinese,Consumer,Silver,2019-03-18,2019,RETURNING,True,MDM,2019-03-18,2026-04-17 15:58:36.670979
5729696f-0f31-47e0-b44a-6eb411d5a623,CUST-2020-CN-000950,宁,李,宁 李,Male,1961-01-06,user749.apple32@zoho.com,13865355471,邯郸路t座,玉珍县,香港县,274867,CN,China,GREATER_CHINA,Chinese,Business,Platinum,2020-12-12,2020,RETURNING,True,MDM,2020-12-12 00:00:00,2026-04-17 15:58:36.670981
9da86acd-1edb-4e46-80ad-e94a6b9a7716,CUST-2019-CN-000244,玲,冯,玲 冯,Female,1981-03-11,user435.apple861@yahoo.com,18801762461,彭街M座,阜新市,南昌县,250377,CN,China,GREATER_CHINA,Chinese,Consumer,None,2019-11-14,2019,RETURNING,True,MDM,2019-11-14,2026-04-17 15:58:36.670983
07a6705a-4c68-41bf-8626-23df4737f4a6,CUST-2020-CN-000676,琴,彭,琴 彭,Male,1954-03-27,user824.apple103@gmail.com,18209666023,曹路t座,建国市,颖县,224181,CN,China,GREATER_CHINA,Chinese,Education,Gold,2020-02-03,2020,RETURNING,True,MDM,2020-02-03 00:00:00,2026-04-17 15:58:36.670984
21306fa3-86ea-40a7-9497-31ae94c823df,CUST-2019-CN-002187,颖,罗,颖 罗,Male,1988-06-10,user281.apple206@msn.com,15162875203,哈尔滨街c座,通辽县,桂香县,967548,CN,China,GREATER_CHINA,Chinese,Education,Gold,2019-04-05,2019,RETURNING,True,MDM,2019-04-05,2026-04-17 15:58:36.670986
be02c926-9a2a-4e85-bbe5-7789b69ce126,CUST-2019-CN-001724,敏,李,敏 李,Female,2004-09-21,user804.apple59@aol.com,18076802423,汪街k座,天津市,淮安县,413609,CN,China,GREATER_CHINA,Chinese,Consumer,None,2019-07-21,2019,RETURNING,True,MDM,2019-07-21,2026-04-17 15:58:36.670987
ef270ed5-a64e-4d54-b53e-3bf0992bff6f,CUST-2019-CN-001902,丹丹,孙,丹丹 孙,Female,1955-07-09,user188.apple@outlook.com,18052347550,台北街i座,北京市,瑜县,178002,CN,China,GREATER_CHINA,Chinese,Business,None,2019-06-18,2019,RETURNING,True,MDM,2019-06-18,2026-04-17 15:58:36.670989
06055300-be0e-4769-a82a-1820731071f3,CUST-2019-CN-002246,建,邹,建 邹,Female,1996-07-05,user138.apple302@live.com,14524258554,郑州街x座,玉兰县,嘉禾县,353531,CN,China,GREATER_CHINA,Chinese,Consumer,None,2019-04-20,2019,RETURNING,True,MDM,2019-04-20,2026-04-17 15:58:36.670991
efe71cd5-2be9-4310-acfd-f9a4998f35b0,CUST-2019-CN-000738,慧,唐,慧 唐,Female,1968-04-30,user715.apple@gmx.com,15955049645,巢湖路t座,佛山市,兵市,659011,CN,China,GREATER_CHINA,Chinese,Consumer,Gold,2019-05-06,2019,RETURNING,True,MDM,2019-05-06,2026-04-17 15:58:36.670992
7cf577e0-9878-43c8-acc9-03bcc7bdff40,CUST-2019-CN-002498,冬梅,刘,冬梅 刘,Female,1990-07-30,user739.apple772@gmx.com,14516517173,文街K座,辉市,欣市,694737,CN,China,GREATER_CHINA,Chinese,Consumer,None,2019-09-06,2019,RETURNING,True,MDM,2019-09-06,2026-04-17 15:58:36.670994
ef0a6a9a-dfad-4d53-8649-a60ea4c10e5a,CUST-2019-CN-002162,辉,高,辉 高,Female,2002-10-30,user168.apple@yahoo.com,18230051311,海门路o座,涛市,龙市,627224,CN,China,GREATER_CHINA,Chinese,Consumer,Silver,2019-06-08,2019,RETURNING,False,MDM,2019-06-08,2026-04-17 15:58:36.670996
951d866d-1d92-4a10-a2a9-910578fabe54,CUST-2019-CN-000597,龙,陈,龙 陈,Female,1996-03-01,user811.apple@zoho.com,18160559364,陈街g座,佛山县,阳县,388120,CN,China,GREATER_CHINA,Chinese,Education,None,2019-10-25,2019,RETURNING,True,MDM,2019-10-25,2026-04-17 15:58:36.670997
92dba4e8-434f-4189-ac5b-0da376c0ae8e,CUST-2019-CN-000946,春梅,张,春梅 张,Female,1962-08-22,user209.apple@aol.com,15558348744,周街a座,梧州县,莹县,891648,CN,China,GREATER_CHINA,Chinese,Consumer,None,2019-01-23,2019,RETURNING,True,MDM,2019-01-23,2026-04-17 15:58:36.670999
da3f21fe-8b51-4c18-9708-e654af39afd0,CUST-2020-CN-000802,晨,胡,晨 胡,Male,1988-07-21,user534.apple@msn.com,18805883640,王路e座,鑫县,健市,211787,CN,China,GREATER_CHINA,Chinese,Consumer,Silver,2020-06-29,2020,RETURNING,True,MDM,2020-06-29 00:00:00,2026-04-17 15:58:36.671001
ee479f26-c40f-4634-a134-802c638db22f,CUST-2020-CN-000120,瑞,沙,瑞 沙,Female,1976-08-06,user141.apple@protonmail.com,15062832345,东莞街I座,台北市,彬县,775252,CN,China,GREATER_CHINA,Chinese,Consumer,Silver,2020-08-25,2020,RETURNING,True,MDM,2020-08-25 00:00:00,2026-04-17 15:58:36.671002
16971377-3fa3-4d16-b022-33f0d41e22fb,CUST-2020-CN-000251,刚,刘,刚 刘,Male,2004-08-30,user153.apple480@icloud.com,15958420772,天津街Z座,玉珍县,广州县,689291,CN,China,GREATER_CHINA,Chinese,Consumer,None,2020-02-01,2020,RETURNING,True,MDM,2020-02-01 00:00:00,2026-04-17 15:58:36.671004
13f5f18e-19aa-4463-a490-dd61e05ca8a9,CUST-2020-CN-000328,成,赵,成 赵,Female,2006-06-22,user987.apple@mail.com,13112283935,成都街t座,南京县,重庆县,502917,CN,China,GREATER_CHINA,Chinese,Business,Platinum,2020-09-06,2020,RETURNING,True,MDM,2020-09-06 00:00:00,2026-04-17 15:58:36.671005
8a99a972-41dc-404d-8e94-bfa8e93f84e3,CUST-2020-CN-000728,平,陈,平 陈,Female,1986-04-03,user134.apple321@protonmail.com,13888826001,雷路v座,秀英市,呼和浩特市,845567,CN,China,GREATER_CHINA,Chinese,Consumer,None,2020-04-18,2020,RETURNING,True,MDM,2020-04-18 00:00:00,2026-04-17 15:58:36.671008
819f3dc2-80fa-45ca-a9b4-e336a01e3260,CUST-2020-CN-000205,斌,侯,斌 侯,Male,1970-01-21,user273.apple@outlook.com,15686344235,长春路h座,兵县,林县,439448,CN,China,GREATER_CHINA,Chinese,Consumer,None,2020-08-06,2020,RETURNING,True,MDM,2020-08-06 00:00:00,2026-04-17 15:58:36.671009
4a015137-3e0b-4496-8bb3-975a0b9f04e3,CUST-2019-CN-001014,玲,赵,玲 赵,Female,1961-08-16,user500.apple747@gmail.com,13903008520,通辽路Y座,建华市,重庆县,489885,CN,China,GREATER_CHINA,Chinese,Consumer,None,2019-02-03,2019,RETURNING,True,MDM,2019-02-03,2026-04-17 15:58:36.671011
11c99296-d9be-46a6-9391-95ac7f710fdf,CUST-2020-CN-000116,雷,潘,雷 潘,Male,1970-08-27,user520.apple@gmx.com,18826255148,大冶路X座,伟市,福州县,632580,CN,China,GREATER_CHINA,Chinese,Business,Gold,2020-09-05,2020,RETURNING,True,MDM,2020-09-05 00:00:00,2026-04-17 15:58:36.671013
e69bdb8f-3671-4d53-83b7-7473faed4c37,CUST-2019-CN-002889,瑞,杨,瑞 杨,Male,1999-05-04,user228.apple20@hotmail.com,18975835880,聂街s座,强县,石家庄县,370469,CN,China,GREATER_CHINA,Chinese,Consumer,Platinum,2019-12-05,2019,RETURNING,True,MDM,2019-12-05,2026-04-17 15:58:36.671014
ef0516f9-027b-4479-a817-e78af1b6b711,CUST-2020-CN-000602,玉华,索,玉华 索,Male,1961-11-27,user588.apple@outlook.com,13283417311,潜江路W座,嘉禾市,福州市,423042,CN,China,GREATER_CHINA,Chinese,Consumer,Platinum,2020-09-03,2020,RETURNING,True,MDM,2020-09-03 00:00:00,2026-04-17 15:58:36.671015
32b12584-c6b1-4d33-8b36-ae606b518207,CUST-2019-CN-002428,磊,黎,磊 黎,Male,1986-06-16,user606.apple47@zoho.com,13052181492,左路o座,雪梅市,深圳县,607943,CN,China,GREATER_CHINA,Chinese,Consumer,Gold,2019-04-03,2019,RETURNING,True,MDM,2019-04-03,2026-04-17 15:58:36.671017
0fa9db67-4244-49c4-a905-09876dbe38ca,CUST-2020-CN-000593,淑珍,李,淑珍 李,Female,1952-11-16,user756.apple@aol.com,13065479423,宜都街G座,重庆市,浩县,792160,CN,China,GREATER_CHINA,Chinese,Business,Silver,2020-11-03,2020,RETURNING,True,MDM,2020-11-03 00:00:00,2026-04-17 15:58:36.671018
c959d8f5-cc41-48bc-9488-499135dcaa83,CUST-2019-CN-002025,淑华,李,淑华 李,Female,1998-12-18,user632.apple269@yahoo.com,13499470945,台北路Z座,梅县,龙县,959787,CN,China,GREATER_CHINA,Chinese,Business,Gold,2019-09-20,2019,RETURNING,True,MDM,2019-09-20,2026-04-17 15:58:36.671020
5ba3d5ca-dd60-4c85-b09c-54750f7758bc,CUST-2019-CN-002564,佳,管,佳 管,Female,1967-10-03,user128.apple@gmail.com,15338947060,深圳路Y座,艳市,桂芳县,869466,CN,China,GREATER_CHINA,Chinese,Consumer,None,2019-11-22,2019,RETURNING,True,MDM,2019-11-22,2026-04-17 15:58:36.671021
aa02744e-d48b-4054-939c-a6d3adc68dd8,CUST-2019-CN-001962,佳,张,佳 张,Female,1966-08-01,user948.apple856@yahoo.com,15331220148,西宁路n座,超县,辉县,452889,CN,China,GREATER_CHINA,Chinese,Consumer,None,2019-12-26,2019,RETURNING,True,MDM,2019-12-26,2026-04-17 15:58:36.671023
6dc65aa0-d83f-478c-b592-5e161c579139,CUST-2019-CN-001002,桂兰,韩,桂兰 韩,Female,1952-06-18,user951.apple@gmail.com,13800801272,黄路v座,林县,深圳县,165910,CN,China,GREATER_CHINA,Chinese,Consumer,Platinum,2019-05-29,2019,RETURNING,True,MDM,2019-05-29,2026-04-17 15:58:36.671025
cd439d30-a40d-4a65-8c47-73bfe72f8252,CUST-2020-CN-000791,桂兰,史,桂兰 史,Male,1952-03-25,user725.apple@yahoo.com,15524042203,北镇街z座,颖市,北京市,642845,CN,China,GREATER_CHINA,Chinese,Education,Silver,2020-03-28,2020,RETURNING,True,MDM,2020-03-28 00:00:00,2026-04-17 15:58:36.671026
7dc5e37e-cc82-4e8f-9978-df6716787b62,CUST-2020-CN-001044,秀华,梁,秀华 梁,Male,1954-03-07,user833.apple925@hotmail.com,15707877816,兴城街a座,嘉禾县,兴安盟县,350199,CN,China,GREATER_CHINA,Chinese,Business,Gold,2020-09-29,2020,RETURNING,True,MDM,2020-09-29 00:00:00,2026-04-17 15:58:36.671028
f0eb7d97-d671-4863-97b4-dc5cbaa6aed4,CUST-2019-CN-002759,阳,穆,阳 穆,Male,1953-01-24,user584.apple@live.com,13765249813,兴安盟街U座,荆门县,柳市,174933,CN,China,GREATER_CHINA,Chinese,Consumer,Silver,2019-08-29,2019,RETURNING,True,MDM,2019-08-29,2026-04-17 15:58:36.671029
eef90f71-dd51-4d65-a780-9e5e4c4e5a6c,CUST-2020-CN-000883,丽,张,丽 张,Female,1959-12-17,user643.apple@gmx.com,15020092896,李街I座,倩市,西安县,133080,CN,China,GREATER_CHINA,Chinese,Consumer,Gold,2020-01-09,2020,RETURNING,True,MDM,2020-01-09 00:00:00,2026-04-17 15:58:36.671031
9bbb0dd2-e34c-4deb-9415-739fdd6810f3,CUST-2019-CN-001004,杨,宋,杨 宋,Male,1980-12-11,user625.apple590@zoho.com,13317171283,南昌路E座,长春市,西安市,901259,CN,China,GREATER_CHINA,Chinese,Consumer,Silver,2019-07-14,2019,RETURNING,True,MDM,2019-07-14,2026-04-17 15:58:36.671032
17dd2225-0891-4a47-9009-99516f08a516,CUST-2019-CN-000119,龙,杨,龙 杨,Female,1971-08-17,user604.apple@msn.com,13449449738,辽阳路k座,南宁县,鑫县,233063,CN,China,GREATER_CHINA,Chinese,Education,Platinum,2019-02-08,2019,RETURNING,True,MDM,2019-02-08,2026-04-17 15:58:36.671037
13230ac7-ae17-4d09-a60d-5083fae0f6c0,CUST-2019-CN-000965,艳,高,艳 高,Female,2004-08-05,user769.apple@yahoo.com,14709792708,天津路l座,秀华县,哈尔滨县,287837,CN,China,GREATER_CHINA,Chinese,Consumer,Silver,2019-06-08,2019,RETURNING,True,MDM,2019-06-08,2026-04-17 15:58:36.671039
a9bc4f57-c6fd-4393-95a7-4328bdc892d1,CUST-2019-CN-000743,晶,杨,晶 杨,Female,1955-05-29,user143.apple@live.com,14502036193,关岭街t座,马鞍山市,淑珍县,813803,CN,China,GREATER_CHINA,Chinese,Education,None,2019-02-08,2019,RETURNING,True,MDM,2019-02-08,2026-04-17 15:58:36.671041
6bc9fb8a-694b-4861-8e95-5e0625dffdc0,CUST-2020-CN-001012,静,田,静 田,Female,1956-04-30,user395.apple@gmx.com,13241626643,沈阳街q座,丽娟市,荣县,707702,CN,China,GREATER_CHINA,Chinese,Consumer,Silver,2020-10-25,2020,RETURNING,True,MDM,2020-10-25 00:00:00,2026-04-17 15:58:36.671042
1795aa73-d549-4baf-a83c-99dd49d8840a,CUST-2020-CN-000436,瑞,廖,瑞 廖,Male,1963-03-04,user268.apple@yahoo.com,15044098508,叶路u座,艳县,婷县,519475,CN,China,GREATER_CHINA,Chinese,Consumer,None,2020-02-03,2020,RETURNING,True,MDM,2020-02-03 00:00:00,2026-04-17 15:58:36.671045
9b68cf0a-80a3-44dd-9400-5c750b6326a9,CUST-2019-CN-001048,燕,王,燕 王,Female,1963-11-11,user122.apple@protonmail.com,13642713669,安街j座,英县,上海市,198358,CN,China,GREATER_CHINA,Chinese,Consumer,Silver,2019-01-27,2019,RETURNING,True,MDM,2019-01-27,2026-04-17 15:58:36.671046
4dde5469-33bd-47f8-b52e-0ab07edeea28,CUST-2020-CN-000536,坤,方,坤 方,Male,1955-11-16,user657.apple@aol.com,15380578036,吴路y座,拉萨市,南昌县,793157,CN,China,GREATER_CHINA,Chinese,Consumer,None,2020-05-20,2020,RETURNING,True,MDM,2020-05-20 00:00:00,2026-04-17 15:58:36.671048
989e7e64-7f60-45dc-a782-f0fd2fb606f0,CUST-2019-CN-002903,丽华,刘,丽华 刘,Male,1963-09-13,user811.apple@mail.com,13907079852,南宁路x座,飞县,丽丽县,655325,CN,China,GREATER_CHINA,Chinese,Consumer,None,2019-10-07,2019,RETURNING,True,MDM,2019-10-07,2026-04-17 15:58:36.671050
ec3d7cf0-641c-4fae-ac6e-e372151fa78d,CUST-2019-CN-002565,晨,张,晨 张,Female,1953-12-30,user416.apple@icloud.com,14505593819,马街J座,洋市,合山县,387569,CN,China,GREATER_CHINA,Chinese,Consumer,Platinum,2019-01-16,2019,RETURNING,True,MDM,2019-01-16,2026-04-17 15:58:36.671055
d953ffc0-0162-4fd0-af22-aca3cab938f1,CUST-2020-CN-000138,超,吴,超 吴,Female,1980-08-16,user532.apple@aol.com,14795541210,北镇路j座,建市,上海市,110522,CN,China,GREATER_CHINA,Chinese,Education,Gold,2020-04-18,2020,RETURNING,False,MDM,2020-04-18 00:00:00,2026-04-17 15:58:36.671057
7a103ca0-56cc-4c7b-8297-086c77df12f4,CUST-2020-CN-000539,秀云,龙,秀云 龙,Female,2000-09-17,user571.apple@gmx.com,14593836208,天津街j座,峰县,超市,943226,CN,China,GREATER_CHINA,Chinese,Consumer,None,2020-08-30,2020,RETURNING,True,MDM,2020-08-30 00:00:00,2026-04-17 15:58:36.671058
f6068ddc-64d8-4af9-9ea8-331dc8626634,CUST-2019-CN-001638,凤英,石,凤英 石,Male,1952-12-05,user970.apple@gmail.com,13353324873,宁德街O座,宜都市,兰英县,587634,CN,China,GREATER_CHINA,Chinese,Consumer,None,2019-09-19,2019,RETURNING,True,MDM,2019-09-19,2026-04-17 15:58:36.671060
14dc2384-698e-477a-bf0a-6faf338de4d3,CUST-2020-CN-000226,冬梅,邱,冬梅 邱,Male,2001-10-30,user908.apple579@aol.com,13144039349,澳门路r座,北镇市,健县,877835,CN,China,GREATER_CHINA,Chinese,Business,None,2020-07-09,2020,RETURNING,False,MDM,2020-07-09 00:00:00,2026-04-17 15:58:36.671062
93cdd48d-d0d9-421d-b6c1-0ecd8e28817a,CUST-2019-CN-001017,秀兰,王,秀兰 王,Female,2008-03-25,user162.apple@aol.com,15133408268,钟街T座,东莞县,春梅县,536591,CN,China,GREATER_CHINA,Chinese,Education,Gold,2019-07-13,2019,RETURNING,True,MDM,2019-07-13,2026-04-17 15:58:36.671063
709785bc-dbe6-4e51-8f46-db21a904bad9,CUST-2019-CN-002595,洁,胡,洁 胡,Female,1951-02-15,user605.apple@gmx.com,18621803897,惠州路C座,重庆县,佳市,800888,CN,China,GREATER_CHINA,Chinese,Consumer,None,2019-06-03,2019,RETURNING,True,MDM,2019-06-03,2026-04-17 15:58:36.671065
6627ee64-b1d5-40a2-9d1d-bf42c0f40039,CUST-2019-CN-001316,坤,黄,坤 黄,Male,1993-09-25,user674.apple@icloud.com,18087892674,兴城街E座,通辽县,邯郸县,711251,CN,China,GREATER_CHINA,Chinese,Consumer,Gold,2019-10-26,2019,RETURNING,True,MDM,2019-10-26,2026-04-17 15:58:36.671067
57da2c81-c8fd-4bc2-84ab-f30b212332dd,CUST-2020-CN-000945,晶,欧阳,晶 欧阳,Male,1954-02-16,user867.apple351@gmail.com,18503065683,汤路u座,邯郸市,深圳市,618483,CN,China,GREATER_CHINA,Chinese,Business,Platinum,2020-05-13,2020,RETURNING,True,MDM,2020-05-13 00:00:00,2026-04-17 15:58:36.671068
dcb429e6-4723-46e9-aaae-9838802fe43e,CUST-2019-CN-000346,桂荣,张,桂荣 张,Male,1982-10-27,user813.apple@msn.com,18671491316,张路O座,云县,通辽市,430350,CN,China,GREATER_CHINA,Chinese,Consumer,Gold,2019-01-27,2019,RETURNING,True,MDM,2019-01-27,2026-04-17 15:58:36.671069
ee0007b2-aa33-4d4e-9057-0f76008d12ae,CUST-2020-CN-000181,丽,王,丽 王,Female,1995-06-14,user891.apple@hotmail.com,13424492087,逯街q座,马鞍山县,大冶县,194336,CN,China,GREATER_CHINA,Chinese,Consumer,Platinum,2020-07-24,2020,RETURNING,True,MDM,2020-07-24 00:00:00,2026-04-17 15:58:36.671071
119b80ea-89dc-4acd-adb1-b86227fb1b36,CUST-2019-CN-000229,刚,杨,刚 杨,Female,1976-08-15,user445.apple337@gmail.com,14535304759,福州街d座,哈尔滨县,海燕县,310295,CN,China,GREATER_CHINA,Chinese,Consumer,Silver,2019-06-01,2019,RETURNING,True,MDM,2019-06-01,2026-04-17 15:58:36.671072
5e735658-de08-4cd2-a66d-94484ca30eab,CUST-2019-CN-001379,玲,龚,玲 龚,Female,1976-04-28,user565.apple@gmx.com,13860383432,白街A座,畅市,秀荣市,324798,CN,China,GREATER_CHINA,Chinese,Consumer,Silver,2019-06-13,2019,RETURNING,True,MDM,2019-06-13,2026-04-17 15:58:36.671074
f3662837-1165-4eee-8185-05ef0c4ee366,CUST-2020-CN-000979,桂香,刘,桂香 刘,Male,1977-07-06,user503.apple@live.com,18838643225,阜新路Q座,辽阳县,贵阳市,887199,CN,China,GREATER_CHINA,Chinese,Consumer,Gold,2020-04-16,2020,RETURNING,False,MDM,2020-04-16 00:00:00,2026-04-17 15:58:36.671075
fbacd3ce-3103-4da9-9640-57505efc5cc3,CUST-2019-CN-001086,阳,申,阳 申,Female,1972-06-10,user487.apple@live.com,13492562043,邓街d座,磊市,欢市,719280,CN,China,GREATER_CHINA,Chinese,Consumer,Silver,2019-02-10,2019,RETURNING,True,MDM,2019-02-10,2026-04-17 15:58:36.671076
e5a141fe-4977-4a38-b6b3-95105e4bbf38,CUST-2019-CN-000416,娟,刘,娟 刘,Male,1957-07-04,user252.apple@outlook.com,18543030775,李路J座,雪梅市,南京县,240840,CN,China,GREATER_CHINA,Chinese,Education,None,2019-05-09,2019,RETURNING,True,MDM,2019-05-09,2026-04-17 15:58:36.671078
ecb9f569-4696-469f-9c4f-97a81cfc1d9f,CUST-2019-CN-001150,旭,仇,旭 仇,Male,1999-04-24,user223.apple@gmx.com,13717473973,台北路k座,波市,荣市,263560,CN,China,GREATER_CHINA,Chinese,Business,Silver,2019-01-11,2019,RETURNING,True,MDM,2019-01-11,2026-04-17 15:58:36.671080
963bb45b-dd78-4763-bf29-2f6fc074402c,CUST-2019-CN-000108,琳,赵,琳 赵,Female,1977-04-06,user996.apple@yahoo.com,13591946152,王路p座,南昌县,台北县,681330,CN,China,GREATER_CHINA,Chinese,Education,None,2019-11-07,2019,RETURNING,True,MDM,2019-11-07,2026-04-17 15:58:36.671082
09150a0c-8163-4ce3-88ee-fd26a5dce92a,CUST-2020-CN-000239,博,郎,博 郎,Male,1976-12-10,user732.apple@outlook.com,18852349814,荆门街h座,淑珍市,关岭县,850924,CN,China,GREATER_CHINA,Chinese,Consumer,None,2020-07-31,2020,RETURNING,True,MDM,2020-07-31 00:00:00,2026-04-17 15:58:36.671088
4631b5c2-9178-44ad-8f42-31ad738bb7fd,CUST-2019-CN-001411,畅,胡,畅 胡,Female,1967-11-13,user669.apple@hotmail.com,13246619621,澳门路k座,昆明县,宜都市,685158,CN,China,GREATER_CHINA,Chinese,Education,Platinum,2019-03-18,2019,RETURNING,True,MDM,2019-03-18,2026-04-17 15:58:36.671090
da60bdf0-754f-4970-b969-0eabf0e3c626,CUST-2019-CN-002229,雪,龙,雪 龙,Male,1985-06-22,user837.apple@protonmail.com,15733415090,兴安盟街w座,柳州县,北镇市,589201,CN,China,GREATER_CHINA,Chinese,Consumer,Platinum,2019-04-05,2019,RETURNING,True,MDM,2019-04-05,2026-04-17 15:58:36.671091
fcf95b45-047b-4254-b22d-c1273cb81d48,CUST-2019-CN-001273,斌,周,斌 周,Male,1978-03-30,user973.apple610@live.com,15511111109,张路a座,佳县,西宁县,830860,CN,China,GREATER_CHINA,Chinese,Consumer,Gold,2019-01-29,2019,RETURNING,True,MDM,2019-01-29,2026-04-17 15:58:36.671093
6dc25ac5-3cc4-48b7-9528-e30267a39b9a,CUST-2020-CN-000173,佳,阚,佳 阚,Female,1992-07-03,user600.apple362@hotmail.com,15380790128,西宁路E座,杭州县,楠市,317637,CN,China,GREATER_CHINA,Chinese,Consumer,Silver,2020-06-24,2020,RETURNING,True,MDM,2020-06-24 00:00:00,2026-04-17 15:58:36.671094
ca3dca55-2a8d-444b-8da2-f08561db7c40,CUST-2019-CN-002094,雷,韩,雷 韩,Female,1983-08-06,user873.apple@mail.com,13509074861,母路q座,合肥县,重庆县,382515,CN,China,GREATER_CHINA,Chinese,Consumer,None,2019-08-08,2019,RETURNING,True,MDM,2019-08-08,2026-04-17 15:58:36.671096
5e36fdf0-5ff1-4894-a257-affb0f5333de,CUST-2020-CN-000185,冬梅,鲍,冬梅 鲍,Male,1996-10-22,user632.apple@aol.com,15814536856,庞街m座,福州县,乌鲁木齐市,839489,CN,China,GREATER_CHINA,Chinese,Consumer,Gold,2020-06-15,2020,RETURNING,True,MDM,2020-06-15 00:00:00,2026-04-17 15:58:36.671097
29d8d076-4835-4839-a8c9-e71080686e8f,CUST-2019-CN-001810,华,曹,华 曹,Female,1976-05-04,user869.apple@yahoo.com,18830139929,陈街B座,巢湖市,玉珍市,518202,CN,China,GREATER_CHINA,Chinese,Consumer,Silver,2019-04-01,2019,RETURNING,True,MDM,2019-04-01,2026-04-17 15:58:36.671099
6d323a0b-13f2-48a6-9e3d-7f312633518c,CUST-2019-CN-001522,志强,刘,志强 刘,Male,1953-05-05,user498.apple@aol.com,13389304905,呼和浩特路g座,文县,马鞍山市,749376,CN,China,GREATER_CHINA,Chinese,Business,Platinum,2019-07-14,2019,RETURNING,True,MDM,2019-07-14,2026-04-17 15:58:36.671100
46e96c33-3d27-4afb-804c-d8d49f22ab1e,CUST-2019-CN-001223,柳,姜,柳 姜,Male,1969-02-16,user452.apple@gmx.com,14544944524,李街z座,南昌市,英市,919009,CN,China,GREATER_CHINA,Chinese,Consumer,Gold,2019-11-04,2019,RETURNING,True,MDM,2019-11-04,2026-04-17 15:58:36.671106
63d10179-8431-498e-8db0-aa119fb788c9,CUST-2019-CN-000253,洁,王,洁 王,Female,1967-09-14,user825.apple@protonmail.com,13050176506,谢路T座,郑州市,博县,811087,CN,China,GREATER_CHINA,Chinese,Consumer,Silver,2019-09-29,2019,RETURNING,True,MDM,2019-09-29,2026-04-17 15:58:36.671107
8db2b900-af93-45ec-93ba-523959adbe89,CUST-2019-CN-001989,静,赵,静 赵,Female,1969-12-29,user158.apple@yahoo.com,18538293322,哈尔滨路H座,建华市,芳市,118052,CN,China,GREATER_CHINA,Chinese,Consumer,Platinum,2019-10-08,2019,RETURNING,True,MDM,2019-10-08,2026-04-17 15:58:36.671109
a4c654b4-c97a-4781-989f-dd6ccf64448a,CUST-2020-CN-000298,艳,龙,艳 龙,Female,1952-09-30,user691.apple212@mail.com,13102371204,程街l座,兴安盟县,乌鲁木齐市,229944,CN,China,GREATER_CHINA,Chinese,Consumer,Platinum,2020-06-10,2020,RETURNING,True,MDM,2020-06-10 00:00:00,2026-04-17 15:58:36.671110
7f90309b-169e-4a80-8999-c158c69f494c,CUST-2019-CN-001435,峰,孙,峰 孙,Female,1982-08-16,user811.apple889@gmail.com,18943631278,王街S座,南昌市,马鞍山县,707575,CN,China,GREATER_CHINA,Chinese,Education,None,2019-01-24,2019,RETURNING,True,MDM,2019-01-24,2026-04-17 15:58:36.671112
4f9af0b2-3f5e-4c70-9e38-e87594155757,CUST-2019-CN-001753,宁,韩,宁 韩,Male,1955-04-10,user514.apple@protonmail.com,14554846777,鞠街g座,洁市,天津县,470890,CN,China,GREATER_CHINA,Chinese,Consumer,Gold,2019-09-18,2019,RETURNING,True,MDM,2019-09-18,2026-04-17 15:58:36.671113
c2fd06bb-aec1-498c-bea8-1424d8b9fc2b,CUST-2020-CN-001006,建国,张,建国 张,Male,1965-10-04,user307.apple193@msn.com,13445945855,嘉禾路x座,南宁县,冬梅市,386212,CN,China,GREATER_CHINA,Chinese,Consumer,Silver,2020-12-11,2020,RETURNING,True,MDM,2020-12-11 00:00:00,2026-04-17 15:58:36.671115
f74e4a64-0aaa-47b2-a3a5-f303156d6d7c,CUST-2020-CN-000297,亮,毕,亮 毕,Male,2004-04-19,user347.apple@aol.com,15630278906,北京路b座,佛山市,娟县,691159,CN,China,GREATER_CHINA,Chinese,Consumer,Silver,2020-05-23,2020,RETURNING,False,MDM,2020-05-23 00:00:00,2026-04-17 15:58:36.671116
b6387fc3-d407-4a39-99e9-e4b9e663a2e5,CUST-2020-CN-000008,金凤,魏,金凤 魏,Male,1960-06-02,user461.apple630@aol.com,18170506674,南京路o座,深圳市,淑兰县,332475,CN,China,GREATER_CHINA,Chinese,Consumer,None,2020-03-30,2020,RETURNING,False,MDM,2020-03-30 00:00:00,2026-04-17 15:58:36.671118
b0514bcf-edb5-49c4-aa3e-087d77dee5c7,CUST-2019-CN-001686,淑英,李,淑英 李,Female,1951-02-05,user769.apple907@icloud.com,15863043047,时街A座,长春市,长沙市,606835,CN,China,GREATER_CHINA,Chinese,Consumer,Silver,2019-01-05,2019,RETURNING,True,MDM,2019-01-05,2026-04-17 15:58:36.671124
2e6eb2cf-cf99-480e-b3c2-50c9a38e9211,CUST-2019-CN-002997,勇,谢,勇 谢,Female,2000-04-08,user917.apple@msn.com,15259805691,王街J座,丽丽市,淑华县,164837,CN,China,GREATER_CHINA,Chinese,Consumer,Gold,2019-07-02,2019,RETURNING,True,MDM,2019-07-02,2026-04-17 15:58:36.671125
508ac3ff-b154-4c84-993a-8608f6d42d28,CUST-2019-CN-001811,彬,王,彬 王,Female,2001-01-12,user782.apple@icloud.com,13824870339,童街L座,淮安市,雪县,455964,CN,China,GREATER_CHINA,Chinese,Business,None,2019-04-04,2019,RETURNING,True,MDM,2019-04-04,2026-04-17 15:58:36.671128
2dcce636-af4b-41b3-84ca-a9ba880f1c39,CUST-2019-CN-000481,淑华,沈,淑华 沈,Male,2007-06-10,user640.apple@msn.com,13361906122,济南路E座,华县,帅市,476100,CN,China,GREATER_CHINA,Chinese,Consumer,Gold,2019-04-17,2019,RETURNING,True,MDM,2019-04-17,2026-04-17 15:58:36.671129
ddad5950-e9b4-4b73-8dee-946048cebffc,CUST-2019-CN-002577,刚,张,刚 张,Male,1978-04-06,user617.apple@msn.com,15227535273,成都街D座,佛山市,哈尔滨市,289924,CN,China,GREATER_CHINA,Chinese,Business,None,2019-08-06,2019,RETURNING,False,MDM,2019-08-06,2026-04-17 15:58:36.671131
7b32b186-2776-46d3-b42f-81f4444bb3b9,CUST-2019-CN-001342,峰,王,峰 王,Female,2001-07-12,user124.apple@yahoo.com,13954097372,沈阳路L座,永安县,军市,981771,CN,China,GREATER_CHINA,Chinese,Consumer,None,2019-11-03,2019,RETURNING,True,MDM,2019-11-03,2026-04-17 15:58:36.671133
1ffceca9-e82a-4656-825d-1bb120f25e9e,CUST-2020-CN-000788,浩,张,浩 张,Male,2000-08-21,user400.apple@mail.com,18094552348,澳门路A座,大冶县,呼和浩特市,702161,CN,China,GREATER_CHINA,Chinese,Consumer,Gold,2020-04-01,2020,RETURNING,True,MDM,2020-04-01 00:00:00,2026-04-17 15:58:36.671134
0e994d40-67bd-4cb3-9b6b-58234f8ff475,CUST-2020-CN-000162,帆,魏,帆 魏,Male,1956-08-10,user301.apple@aol.com,13803594571,高路q座,静县,帅县,793209,CN,China,GREATER_CHINA,Chinese,Business,None,2020-06-25,2020,RETURNING,True,MDM,2020-06-25 00:00:00,2026-04-17 15:58:36.671136
f319bc02-5866-4114-b5c1-699959d34a6c,CUST-2020-CN-000451,丽娟,薛,丽娟 薛,Male,1980-11-20,user325.apple@msn.com,15118841661,王路v座,鑫市,杨县,894617,CN,China,GREATER_CHINA,Chinese,Consumer,None,2020-06-24,2020,RETURNING,True,MDM,2020-06-24 00:00:00,2026-04-17 15:58:36.671138
bfd10e45-29b2-4da0-9bbf-94e6e68508f9,CUST-2019-CN-002660,丽娟,胡,丽娟 胡,Female,1984-07-05,user121.apple@live.com,13426228100,王街p座,上海县,阜新县,594552,CN,China,GREATER_CHINA,Chinese,Consumer,None,2019-11-22,2019,RETURNING,True,MDM,2019-11-22,2026-04-17 15:58:36.671140
4381a0f4-62ee-4d48-95c9-24e17c543a7c,CUST-2019-CN-000947,丽娟,雷,丽娟 雷,Male,1991-05-23,user698.apple654@zoho.com,13380029426,胡路a座,武汉市,飞县,846025,CN,China,GREATER_CHINA,Chinese,Consumer,Silver,2019-10-02,2019,RETURNING,True,MDM,2019-10-02,2026-04-17 15:58:36.671141
1431c3a6-11af-4826-9bc7-e44b2c01b072,CUST-2020-CN-000455,志强,王,志强 王,Male,1992-09-15,user299.apple516@live.com,15933839116,姚街k座,北京县,东莞县,772891,CN,China,GREATER_CHINA,Chinese,Consumer,Silver,2020-08-26,2020,RETURNING,True,MDM,2020-08-26 00:00:00,2026-04-17 15:58:36.671142
49b71db1-63be-4d49-9092-0c744a7a64ad,CUST-2019-CN-001730,凤兰,陈,凤兰 陈,Male,2001-01-11,user388.apple105@zoho.com,14745368599,董路H座,华市,亮市,663164,CN,China,GREATER_CHINA,Chinese,Consumer,Gold,2019-06-20,2019,RETURNING,True,MDM,2019-06-20,2026-04-17 15:58:36.671144
d052e0a7-657a-4f0b-ad37-f84874c2c78f,CUST-2019-CN-001064,淑华,唐,淑华 唐,Female,1972-01-17,user393.apple@aol.com,13437457571,陈街H座,北镇市,波县,139812,CN,China,GREATER_CHINA,Chinese,Business,None,2019-11-01,2019,RETURNING,True,MDM,2019-11-01,2026-04-17 15:58:36.671146
892682ff-19b0-44d8-b1d7-5e79192f1b20,CUST-2019-CN-001479,建华,娄,建华 娄,Female,2004-01-30,user769.apple@aol.com,13524538448,张街g座,桂兰县,旭市,133075,CN,China,GREATER_CHINA,Chinese,Consumer,None,2019-05-18,2019,RETURNING,True,MDM,2019-05-18,2026-04-17 15:58:36.671147
d4aa293e-bef2-46de-8fe7-c25004bad8e6,CUST-2019-CN-000435,彬,高,彬 高,Female,2004-09-21,user823.apple907@zoho.com,15399679112,上海街y座,淑华县,丽娟县,229439,CN,China,GREATER_CHINA,Chinese,Business,Gold,2019-05-09,2019,RETURNING,True,MDM,2019-05-09,2026-04-17 15:58:36.671149
c66497e8-d0ee-479f-b614-5de7f9d8c0cc,CUST-2019-CN-002251,柳,王,柳 王,Male,2003-11-14,user360.apple@protonmail.com,13933319075,侯路X座,志强县,丽县,436185,CN,China,GREATER_CHINA,Chinese,Consumer,None,2019-08-19,2019,RETURNING,True,MDM,2019-08-19,2026-04-17 15:58:36.671151
a4085987-ead2-494e-9dea-8b950f7f8227,CUST-2019-CN-000639,兰英,余,兰英 余,Male,2000-05-27,user718.apple@gmx.com,13830666250,太原街Q座,太原市,军县,248686,CN,China,GREATER_CHINA,Chinese,Consumer,Silver,2019-03-02,2019,RETURNING,True,MDM,2019-03-02,2026-04-17 15:58:36.671152
45eee4e0-afa6-4aac-bcd7-f726698900fc,CUST-2019-CN-002173,琳,刘,琳 刘,Male,1953-05-29,user913.apple156@live.com,14536813459,兰州路Q座,志强市,通辽市,110234,CN,China,GREATER_CHINA,Chinese,Consumer,Silver,2019-08-20,2019,RETURNING,True,MDM,2019-08-20,2026-04-17 15:58:36.671154
a8bf3dd0-f241-43a8-938a-abfca56ac6ef,CUST-2019-CN-001367,桂香,李,桂香 李,Male,1961-07-13,user807.apple@gmx.com,15247111712,澳门街Z座,红霞县,武汉县,787210,CN,China,GREATER_CHINA,Chinese,Consumer,None,2019-08-11,2019,RETURNING,True,MDM,2019-08-11,2026-04-17 15:58:36.671156
a2fbf2c0-657c-4825-aa9d-01a115f5bac6,CUST-2020-CN-000289,峰,戴,峰 戴,Male,1967-12-03,user231.apple@hotmail.com,15879855814,李街g座,丹丹市,大冶市,324410,CN,China,GREATER_CHINA,Chinese,Consumer,Platinum,2020-01-23,2020,RETURNING,True,MDM,2020-01-23 00:00:00,2026-04-17 15:58:36.671157
b0ca62f2-f29b-4806-94b1-fff1431d9861,CUST-2019-CN-001165,宇,胡,宇 胡,Male,1994-01-06,user530.apple453@zoho.com,13491365759,关岭街c座,晨县,小红市,633228,CN,China,GREATER_CHINA,Chinese,Consumer,None,2019-04-12,2019,RETURNING,True,MDM,2019-04-12,2026-04-17 15:58:36.671159
00211e96-8521-4a0c-925e-971594cde00a,CUST-2019-CN-002218,桂芝,谢,桂芝 谢,Female,1961-02-27,user653.apple@hotmail.com,18117113960,香港路w座,雪梅县,兰英县,489690,CN,China,GREATER_CHINA,Chinese,Consumer,Silver,2019-05-21,2019,RETURNING,True,MDM,2019-05-21,2026-04-17 15:58:36.671160
e3866b93-e4a1-4040-961a-1517a38244a3,CUST-2019-CN-000752,芳,郑,芳 郑,Female,1991-08-14,user470.apple391@mail.com,13456986536,周路p座,长沙市,杭州县,357809,CN,China,GREATER_CHINA,Chinese,Consumer,Gold,2019-06-18,2019,RETURNING,True,MDM,2019-06-18,2026-04-17 15:58:36.671162
8a8d32a5-cf3a-417f-ba83-fb79b6f9cf7a,CUST-2019-CN-001678,志强,杨,志强 杨,Female,1957-12-01,user338.apple256@protonmail.com,13038750201,台北街v座,长春县,晨县,227493,CN,China,GREATER_CHINA,Chinese,Consumer,Gold,2019-07-06,2019,RETURNING,True,MDM,2019-07-06,2026-04-17 15:58:36.671168
740de198-be94-47ac-b844-a2a3c33c158d,CUST-2019-CN-000187,桂兰,王,桂兰 王,Male,2004-02-13,user361.apple760@outlook.com,13825047168,张家港路o座,上海县,霞市,895713,CN,China,GREATER_CHINA,Chinese,Consumer,None,2019-10-09,2019,RETURNING,True,MDM,2019-10-09,2026-04-17 15:58:36.671170
9947e9ec-2b44-4ac3-ac7e-59074f7b2870,CUST-2019-CN-000367,秀华,管,秀华 管,Female,1959-03-03,user305.apple@yahoo.com,15135335394,田街c座,利县,兰州市,697237,CN,China,GREATER_CHINA,Chinese,Consumer,Silver,2019-02-11,2019,RETURNING,False,MDM,2019-02-11,2026-04-17 15:58:36.671171
86061de5-c8a3-4891-b284-7046d8ad7f0e,CUST-2020-CN-001068,鹏,孙,鹏 孙,Female,2003-12-27,user196.apple@aol.com,13129387630,向街v座,东县,海口县,654536,CN,China,GREATER_CHINA,Chinese,Consumer,Silver,2020-11-16,2020,RETURNING,True,MDM,2020-11-16 00:00:00,2026-04-17 15:58:36.671173
17becae8-c240-401f-a33b-218f42ff0c3d,CUST-2020-CN-000832,勇,张,勇 张,Female,1961-12-08,user301.apple@gmx.com,15115438233,郭街X座,乌鲁木齐市,荣县,129677,CN,China,GREATER_CHINA,Chinese,Consumer,None,2020-06-04,2020,RETURNING,True,MDM,2020-06-04 00:00:00,2026-04-17 15:58:36.671174
d3cbdfdd-4d37-45e1-a274-44bfc3c3284a,CUST-2019-CN-000848,金凤,张,金凤 张,Male,1997-07-23,user526.apple@zoho.com,18083990890,乌鲁木齐街W座,西安市,辛集县,971500,CN,China,GREATER_CHINA,Chinese,Consumer,None,2019-02-06,2019,RETURNING,True,MDM,2019-02-06,2026-04-17 15:58:36.671176
bc6b9214-d801-4915-8fea-094ae08d2565,CUST-2019-CN-001079,秀梅,杨,秀梅 杨,Male,1983-06-13,user650.apple@mail.com,13707573374,通辽街a座,嘉禾市,淮安县,565984,CN,China,GREATER_CHINA,Chinese,Consumer,Silver,2019-10-27,2019,RETURNING,True,MDM,2019-10-27,2026-04-17 15:58:36.671178
8d8b785d-c575-4a87-9b58-0ac7d5f941ef,CUST-2019-CN-001711,芳,贾,芳 贾,Male,1983-06-05,user343.apple@hotmail.com,15310969970,赵街b座,春梅市,重庆市,658787,CN,China,GREATER_CHINA,Chinese,Consumer,Gold,2019-11-03,2019,RETURNING,True,MDM,2019-11-03,2026-04-17 15:58:36.671179
1368e2f3-41eb-4c0d-a08d-228bb71ae127,CUST-2019-CN-001470,雷,王,雷 王,Female,1950-07-20,user677.apple@msn.com,15664075268,张路k座,瑜县,潮州市,668119,CN,China,GREATER_CHINA,Chinese,Consumer,Platinum,2019-12-18,2019,RETURNING,True,MDM,2019-12-18,2026-04-17 15:58:36.671181
e03dbf7d-1b5e-4c39-a1c5-1fe9ca8390c6,CUST-2020-CN-000312,宁,冀,宁 冀,Male,1965-10-20,user279.apple@gmx.com,15831277522,张路V座,西宁市,东莞市,608499,CN,China,GREATER_CHINA,Chinese,Business,Silver,2020-01-27,2020,RETURNING,True,MDM,2020-01-27 00:00:00,2026-04-17 15:58:36.671182
13d44e06-aade-4e50-a4f0-78928da64ada,CUST-2020-CN-000569,飞,石,飞 石,Female,1965-03-31,user645.apple105@aol.com,15045622051,兴城路b座,兴城县,淮安市,105048,CN,China,GREATER_CHINA,Chinese,Consumer,Gold,2020-01-02,2020,RETURNING,True,MDM,2020-01-02 00:00:00,2026-04-17 15:58:36.671184
fe48ecdf-b928-417e-a04f-7271a158b2d9,CUST-2019-CN-002211,丹丹,张,丹丹 张,Male,1996-12-09,user791.apple@aol.com,15934113665,雷路G座,嘉禾市,莹县,511650,CN,China,GREATER_CHINA,Chinese,Consumer,Platinum,2019-04-26,2019,RETURNING,True,MDM,2019-04-26,2026-04-17 15:58:36.671185
f0091c32-5ad0-4cc0-962a-9f3bd26c552a,CUST-2019-CN-002901,超,侯,超 侯,Male,1976-10-30,user773.apple@gmx.com,18831403624,佛山街J座,银川市,丹丹县,507017,CN,China,GREATER_CHINA,Chinese,Consumer,None,2019-02-02,2019,RETURNING,True,MDM,2019-02-02,2026-04-17 15:58:36.671187
fcd8b959-15f4-4461-95ef-9656d8772496,CUST-2019-CN-002377,兵,黄,兵 黄,Male,1991-03-21,user673.apple762@icloud.com,13509396926,马街Y座,燕县,福州县,302550,CN,China,GREATER_CHINA,Chinese,Consumer,Gold,2019-11-18,2019,RETURNING,True,MDM,2019-11-18,2026-04-17 15:58:36.671188
0b3a8abf-9bc7-4ae8-8a92-cb5546703b63,CUST-2020-CN-000886,健,张,健 张,Male,1987-08-16,user539.apple@hotmail.com,18802273890,通辽路b座,齐齐哈尔县,洁县,758132,CN,China,GREATER_CHINA,Chinese,Education,Platinum,2020-09-28,2020,RETURNING,True,MDM,2020-09-28 00:00:00,2026-04-17 15:58:36.671189
d99f0cd7-b688-4aa8-906f-93b0e8b19c44,CUST-2019-CN-000911,梅,伍,梅 伍,Female,1960-05-07,user276.apple@icloud.com,13599884874,邓街u座,东莞县,桂香县,892133,CN,China,GREATER_CHINA,Chinese,Consumer,Gold,2019-09-11,2019,RETURNING,True,MDM,2019-09-11,2026-04-17 15:58:36.671191
83be1c76-bea6-4d07-a5e3-6d22f5acd971,CUST-2019-CN-001176,健,方,健 方,Male,1994-09-20,user676.apple@zoho.com,18872627595,台北路M座,欢县,张家港县,647228,CN,China,GREATER_CHINA,Chinese,Consumer,Silver,2019-11-09,2019,RETURNING,True,MDM,2019-11-09,2026-04-17 15:58:36.671192
4d589ab7-c7fd-4089-a3c9-cf583989f7e4,CUST-2020-CN-000997,彬,王,彬 王,Female,1960-05-27,user969.apple@live.com,13560081147,杨路b座,淮安市,文市,517335,CN,China,GREATER_CHINA,Chinese,Consumer,Silver,2020-10-04,2020,RETURNING,False,MDM,2020-10-04 00:00:00,2026-04-17 15:58:36.671198
a044dada-05d6-4bd4-9fb7-251da1de7300,CUST-2019-CN-002166,帅,孙,帅 孙,Female,2006-08-24,user186.apple189@zoho.com,18584645685,赵街Y座,长沙县,昆明市,586230,CN,China,GREATER_CHINA,Chinese,Business,Platinum,2019-10-25,2019,RETURNING,False,MDM,2019-10-25,2026-04-17 15:58:36.671200
faedb9fd-a8b0-446c-80ee-61d1c0b597f5,CUST-2019-CN-001670,玉兰,王,玉兰 王,Male,1957-08-09,user243.apple@gmail.com,15861739059,北京路b座,天津县,梧州县,344302,CN,China,GREATER_CHINA,Chinese,Consumer,None,2019-10-12,2019,RETURNING,True,MDM,2019-10-12,2026-04-17 15:58:36.671201
1324443a-b32f-41c9-8991-4f8fa19f5774,CUST-2019-CN-002741,旭,李,旭 李,Female,1963-10-04,user301.apple@msn.com,15212500176,曹街d座,宁德县,惠州市,410247,CN,China,GREATER_CHINA,Chinese,Education,None,2019-08-16,2019,RETURNING,True,MDM,2019-08-16,2026-04-17 15:58:36.671204
777dba2a-287b-4ce6-b513-e71a6b0ac10b,CUST-2020-CN-000465,晶,刘,晶 刘,Female,1966-05-21,user410.apple@outlook.com,18004852316,六安路G座,汕尾县,浩县,103702,CN,China,GREATER_CHINA,Chinese,Consumer,Gold,2020-08-13,2020,RETURNING,True,MDM,2020-08-13 00:00:00,2026-04-17 15:58:36.671205
43673c54-4235-4020-8e8c-002c0a64f64f,CUST-2019-CN-000272,想,吴,想 吴,Male,1953-10-15,user280.apple@live.com,18167213892,田街F座,秀珍县,娟市,597140,CN,China,GREATER_CHINA,Chinese,Business,None,2019-02-22,2019,RETURNING,True,MDM,2019-02-22,2026-04-17 15:58:36.671207
d0a75ee6-7b3c-4977-882b-683c032252ab,CUST-2019-CN-001155,丹,何,丹 何,Female,1964-07-20,user905.apple@icloud.com,13747067336,太原路z座,北镇县,淑英县,817729,CN,China,GREATER_CHINA,Chinese,Consumer,None,2019-03-08,2019,RETURNING,True,MDM,2019-03-08,2026-04-17 15:58:36.671209
387ce4b6-0618-41c1-819d-840dc2b7e1aa,CUST-2019-CN-000037,成,张,成 张,Male,1979-02-03,user395.apple@outlook.com,14747138930,六安路K座,浩市,惠州县,328397,CN,China,GREATER_CHINA,Chinese,Consumer,Silver,2019-11-25,2019,RETURNING,False,MDM,2019-11-25,2026-04-17 15:58:36.671210
27c344f9-534e-4ccd-9f4d-f4b14ea50c57,CUST-2019-CN-001795,淑珍,王,淑珍 王,Female,1978-03-29,user893.apple142@gmx.com,15729433432,徐路t座,洁市,莉县,555840,CN,China,GREATER_CHINA,Chinese,Consumer,Silver,2019-11-07,2019,RETURNING,True,MDM,2019-11-07,2026-04-17 15:58:36.671215
ac3abf9c-99a4-4f8c-b780-33aea471dc32,CUST-2020-CN-001017,莹,杨,莹 杨,Male,1994-03-05,user919.apple@hotmail.com,14596067159,六盘水街W座,楠县,张家港市,855291,CN,China,GREATER_CHINA,Chinese,Consumer,None,2020-03-21,2020,RETURNING,True,MDM,2020-03-21 00:00:00,2026-04-17 15:58:36.671217
01c5f1e3-5bad-4de1-9b75-e65b411681ec,CUST-2019-CN-002724,雪梅,王,雪梅 王,Male,1978-04-29,user516.apple@msn.com,14586653398,李路v座,东县,武汉市,648820,CN,China,GREATER_CHINA,Chinese,Consumer,None,2019-07-29,2019,RETURNING,True,MDM,2019-07-29,2026-04-17 15:58:36.671219
2f9532ae-1f52-4f63-86fa-ef8caecf7205,CUST-2020-CN-000224,彬,杨,彬 杨,Female,1991-04-09,user223.apple@icloud.com,18534040834,陈街V座,兵市,福州县,688971,CN,China,GREATER_CHINA,Chinese,Consumer,None,2020-01-28,2020,RETURNING,True,MDM,2020-01-28 00:00:00,2026-04-17 15:58:36.671221
c0fba7ef-cc1a-4bf5-b5d3-e2ac70ed79eb,CUST-2020-CN-000240,金凤,陈,金凤 陈,Male,1973-03-24,user535.apple@aol.com,14730852584,姬街m座,婷县,成都市,270709,CN,China,GREATER_CHINA,Chinese,Consumer,Gold,2020-11-19,2020,RETURNING,True,MDM,2020-11-19 00:00:00,2026-04-17 15:58:36.671222
045dc2ca-faa4-467e-a2d3-8e50ae59968e,CUST-2020-CN-000995,佳,赵,佳 赵,Male,1979-05-10,user983.apple@icloud.com,18694917248,兰州街g座,秀云县,金凤市,931667,CN,China,GREATER_CHINA,Chinese,Consumer,None,2020-07-01,2020,RETURNING,True,MDM,2020-07-01 00:00:00,2026-04-17 15:58:36.671224
f7c0c1f0-cba7-4c94-a832-8749f3bd647e,CUST-2020-CN-000311,欢,赵,欢 赵,Male,1982-10-16,user652.apple381@yahoo.com,15621169987,合山街b座,鑫县,巢湖县,515189,CN,China,GREATER_CHINA,Chinese,Consumer,None,2020-08-31,2020,RETURNING,True,MDM,2020-08-31 00:00:00,2026-04-17 15:58:36.671226
26fb87ae-11d4-4449-945d-2de0a078ed74,CUST-2020-CN-000022,淑华,郭,淑华 郭,Female,1956-04-09,user782.apple@gmail.com,15992364038,刘路I座,天津县,沈阳县,166202,CN,China,GREATER_CHINA,Chinese,Consumer,Platinum,2020-03-05,2020,RETURNING,True,MDM,2020-03-05 00:00:00,2026-04-17 15:58:36.671227
647a2858-267d-4eb2-a9b9-49e6d9f616a9,CUST-2019-CN-001954,晶,张,晶 张,Male,1954-01-31,user514.apple231@msn.com,18070595690,魏街w座,拉萨县,贵阳市,593181,CN,China,GREATER_CHINA,Chinese,Consumer,None,2019-01-26,2019,RETURNING,True,MDM,2019-01-26,2026-04-17 15:58:36.671229
6813cb31-b43b-4a45-b4c6-31e8a7589656,CUST-2020-CN-000453,超,梁,超 梁,Female,2002-09-10,user643.apple@aol.com,15245955475,海门街c座,天津市,佛山市,768677,CN,China,GREATER_CHINA,Chinese,Consumer,None,2020-02-15,2020,RETURNING,True,MDM,2020-02-15 00:00:00,2026-04-17 15:58:36.671234
e2d5973d-3daf-4812-8a68-bb10abd626cb,CUST-2020-CN-000877,欣,张,欣 张,Female,1956-03-14,user244.apple@yahoo.com,13365854807,穆路Q座,永安市,冬梅县,536870,CN,China,GREATER_CHINA,Chinese,Consumer,None,2020-06-11,2020,RETURNING,True,MDM,2020-06-11 00:00:00,2026-04-17 15:58:36.671236
a026f665-181a-4ec7-bac0-5f2e44286804,CUST-2019-CN-002513,秀芳,孔,秀芳 孔,Female,1955-04-23,user787.apple@gmail.com,15967169757,张街q座,秀芳市,芳县,554821,CN,China,GREATER_CHINA,Chinese,Consumer,None,2019-11-08,2019,RETURNING,True,MDM,2019-11-08,2026-04-17 15:58:36.671238
94480df3-102a-474e-82e9-18c4a56da46a,CUST-2019-CN-000831,淑兰,汤,淑兰 汤,Female,1997-02-08,user830.apple645@yahoo.com,15279894285,长沙路w座,桂英市,静县,660055,CN,China,GREATER_CHINA,Chinese,Consumer,None,2019-03-31,2019,RETURNING,True,MDM,2019-03-31,2026-04-17 15:58:36.671240
6781dbb4-6c5d-46be-b911-21d55dc76008,CUST-2020-CN-000953,桂荣,孙,桂荣 孙,Female,1956-04-28,user817.apple@protonmail.com,13123222556,李街J座,嘉禾县,邯郸市,548719,CN,China,GREATER_CHINA,Chinese,Consumer,Silver,2020-06-26,2020,RETURNING,True,MDM,2020-06-26 00:00:00,2026-04-17 15:58:36.671241
ff49fa64-a3e0-4bd9-81f3-2e6b94b79cad,CUST-2020-CN-000872,畅,崔,畅 崔,Male,1970-01-19,user599.apple@msn.com,15956554427,东莞路J座,上海县,西安市,970988,CN,China,GREATER_CHINA,Chinese,Consumer,Platinum,2020-02-14,2020,RETURNING,True,MDM,2020-02-14 00:00:00,2026-04-17 15:58:36.671243
dd751a4d-5357-4bda-81b6-f20366695f40,CUST-2019-CN-000968,婷,张,婷 张,Female,2000-02-02,user604.apple236@aol.com,15969631777,鞠街G座,娟县,霞市,588040,CN,China,GREATER_CHINA,Chinese,Consumer,Silver,2019-07-14,2019,RETURNING,True,MDM,2019-07-14,2026-04-17 15:58:36.671244
fb6476d1-8270-4ece-8e4b-dd30623ef64d,CUST-2020-CN-000520,丽丽,李,丽丽 李,Male,2000-02-07,user989.apple@yahoo.com,13243551831,兴安盟路L座,南京市,嘉禾市,565228,CN,China,GREATER_CHINA,Chinese,Consumer,Silver,2020-01-06,2020,RETURNING,True,MDM,2020-01-06 00:00:00,2026-04-17 15:58:36.671246
caec37b6-9657-4766-b82e-fc162a7ad8b5,CUST-2020-CN-000183,林,林,林 林,Male,1995-09-14,user756.apple@aol.com,18831204351,潮州路E座,永安县,斌县,352653,CN,China,GREATER_CHINA,Chinese,Consumer,None,2020-12-18,2020,RETURNING,True,MDM,2020-12-18 00:00:00,2026-04-17 15:58:36.671248
33122e67-156a-4e08-9ab3-ea77499575bd,CUST-2020-CN-000381,玉兰,马,玉兰 马,Male,1958-11-21,user164.apple@gmx.com,13980971178,昆明路H座,重庆市,鹏市,896744,CN,China,GREATER_CHINA,Chinese,Consumer,None,2020-02-02,2020,RETURNING,True,MDM,2020-02-02 00:00:00,2026-04-17 15:58:36.671250
165f31e6-f639-41ae-aceb-88ec5b8160de,CUST-2019-CN-002032,凤英,毛,凤英 毛,Female,2007-03-07,user844.apple@gmail.com,18757112494,沈阳路M座,武汉县,艳县,236130,CN,China,GREATER_CHINA,Chinese,Consumer,Platinum,2019-06-10,2019,RETURNING,True,MDM,2019-06-10,2026-04-17 15:58:36.671251
b414ab3d-841c-4b05-8131-8af1d464ceb6,CUST-2020-CN-000075,晨,刘,晨 刘,Male,1978-06-29,user913.apple@outlook.com,15817101054,戴街e座,春梅市,瑜县,309902,CN,China,GREATER_CHINA,Chinese,Consumer,Platinum,2020-11-26,2020,RETURNING,True,MDM,2020-11-26 00:00:00,2026-04-17 15:58:36.671253
5605c148-aa7d-40ac-a6b2-b315d8d3cf96,CUST-2019-CN-001707,志强,宫,志强 宫,Female,1969-09-21,user709.apple822@yahoo.com,18649396712,通辽街T座,波市,丹县,773734,CN,China,GREATER_CHINA,Chinese,Consumer,Silver,2019-09-05,2019,RETURNING,True,MDM,2019-09-05,2026-04-17 15:58:36.671254
08bb3da0-bce2-4c34-9f1d-05dfbeb01f9a,CUST-2019-CN-001477,琳,杨,琳 杨,Female,2001-05-10,user224.apple746@zoho.com,14534979557,永安街n座,辛集市,重庆市,437518,CN,China,GREATER_CHINA,Chinese,Business,None,2019-12-27,2019,RETURNING,True,MDM,2019-12-27,2026-04-17 15:58:36.671256
b18bc96c-3bcb-48ad-84b5-25d10587e6cf,CUST-2019-CN-000820,梅,明,梅 明,Female,1999-03-14,user186.apple924@zoho.com,18115833929,韩街P座,刚市,沈阳市,590477,CN,China,GREATER_CHINA,Chinese,Education,Silver,2019-06-08,2019,RETURNING,True,MDM,2019-06-08,2026-04-17 15:58:36.671257
f263d62e-32a9-4643-ad5a-69547703f3f6,CUST-2020-CN-000196,秀荣,吴,秀荣 吴,Male,2005-02-20,user124.apple@gmail.com,18989245663,刘街y座,合肥市,琴市,665204,CN,China,GREATER_CHINA,Chinese,Consumer,Silver,2020-01-02,2020,RETURNING,True,MDM,2020-01-02 00:00:00,2026-04-17 15:58:36.671259
cdf2b8fa-940b-44ed-bff2-bd71a86fc72d,CUST-2019-CN-001315,兵,林,兵 林,Male,2007-12-05,user186.apple340@zoho.com,13589616451,李路u座,军县,梧州县,145706,CN,China,GREATER_CHINA,Chinese,Consumer,None,2019-01-07,2019,RETURNING,True,MDM,2019-01-07,2026-04-17 15:58:36.671260
255713eb-7948-47ff-9ba7-cddd7721247a,CUST-2019-CN-000064,荣,陈,荣 陈,Male,2004-11-08,user457.apple@protonmail.com,13931603179,罗路f座,哈尔滨县,海口县,637205,CN,China,GREATER_CHINA,Chinese,Consumer,Platinum,2019-12-08,2019,RETURNING,True,MDM,2019-12-08,2026-04-17 15:58:36.671262
63bd7438-f504-44ab-bb0d-62f6cbc6b434,CUST-2019-CN-002136,洋,宋,洋 宋,Female,1974-01-21,user442.apple125@mail.com,13270374615,李路B座,呼和浩特县,南宁市,438944,CN,China,GREATER_CHINA,Chinese,Business,None,2019-03-25,2019,RETURNING,True,MDM,2019-03-25,2026-04-17 15:58:36.671264
5fa859fa-be4f-4225-a858-af2451abe709,CUST-2019-CN-000735,峰,叶,峰 叶,Female,1977-08-01,user362.apple@yahoo.com,13766679042,长春街X座,武汉县,丽丽市,572847,CN,China,GREATER_CHINA,Chinese,Education,None,2019-06-17,2019,RETURNING,True,MDM,2019-06-17,2026-04-17 15:58:36.671266
cc4791e1-8b6e-410d-b882-6694c856ecb7,CUST-2020-CN-000827,婷,章,婷 章,Female,1965-03-14,user104.apple350@live.com,14709522114,长春街U座,香港市,海口县,879829,CN,China,GREATER_CHINA,Chinese,Consumer,None,2020-06-12,2020,RETURNING,True,MDM,2020-06-12 00:00:00,2026-04-17 15:58:36.671267
5901694c-26f3-446c-9c28-491541af5dfc,CUST-2019-CN-001276,玉英,黄,玉英 黄,Male,1989-02-26,user507.apple@outlook.com,15226191572,郭街e座,桂荣县,郑州市,390236,CN,China,GREATER_CHINA,Chinese,Education,None,2019-01-08,2019,RETURNING,True,MDM,2019-01-08,2026-04-17 15:58:36.671269
5ec14c1a-5d34-4d2e-a457-20bbf2a27c26,CUST-2019-CN-002697,波,张,波 张,Male,1978-06-19,user235.apple280@icloud.com,18785102295,罗路u座,红县,马鞍山县,173064,CN,China,GREATER_CHINA,Chinese,Consumer,None,2019-01-24,2019,RETURNING,True,MDM,2019-01-24,2026-04-17 15:58:36.671271
e988cbca-71cd-4974-8869-9d0f26e7bb1d,CUST-2019-CN-001263,梅,许,梅 许,Male,1965-01-21,user298.apple@gmail.com,14788773502,澳门路t座,璐市,博市,736876,CN,China,GREATER_CHINA,Chinese,Consumer,None,2019-08-27,2019,RETURNING,True,MDM,2019-08-27,2026-04-17 15:58:36.671273
6f53d825-1b44-494d-8689-54ee251a6092,CUST-2020-CN-000098,桂香,李,桂香 李,Male,1959-08-10,user484.apple@icloud.com,18509262030,岳街I座,亮县,长沙市,263088,CN,China,GREATER_CHINA,Chinese,Business,Silver,2020-04-05,2020,RETURNING,True,MDM,2020-04-05 00:00:00,2026-04-17 15:58:36.671274
cfa2a087-ee01-4ac7-a97b-9a13824d6b00,CUST-2019-CN-002983,梅,邱,梅 邱,Female,1961-09-26,user606.apple@hotmail.com,18533561793,海门街j座,永安县,琴市,120779,CN,China,GREATER_CHINA,Chinese,Education,Gold,2019-04-13,2019,RETURNING,True,MDM,2019-04-13,2026-04-17 15:58:36.671279
609020db-12eb-4c4a-9158-8b71894215f0,CUST-2019-CN-002918,建华,张,建华 张,Male,1959-07-19,user704.apple@zoho.com,13927973528,张街q座,福州县,伟县,563985,CN,China,GREATER_CHINA,Chinese,Consumer,Silver,2019-07-17,2019,RETURNING,True,MDM,2019-07-17,2026-04-17 15:58:36.671282
b903b094-923a-4366-9869-76f8a57935f8,CUST-2020-CN-000290,玉珍,周,玉珍 周,Female,2000-12-20,user889.apple@hotmail.com,13796835435,成都路t座,辽阳县,楠县,573715,CN,China,GREATER_CHINA,Chinese,Consumer,Platinum,2020-01-09,2020,RETURNING,True,MDM,2020-01-09 00:00:00,2026-04-17 15:58:36.671284
8c55b64d-a3da-4547-bd7d-2bdd0859a726,CUST-2019-CN-000994,红梅,杨,红梅 杨,Male,1981-11-08,user102.apple@zoho.com,13679760872,济南路O座,春梅市,辛集县,146739,CN,China,GREATER_CHINA,Chinese,Consumer,None,2019-06-04,2019,RETURNING,True,MDM,2019-06-04,2026-04-17 15:58:36.671286
5511cfb8-4289-41d1-ac74-9642ddc6f1f1,CUST-2019-CN-001170,桂芝,胡,桂芝 胡,Male,1996-06-09,user102.apple@gmx.com,13604645798,李路b座,想县,银川市,941394,CN,China,GREATER_CHINA,Chinese,Consumer,Platinum,2019-09-20,2019,RETURNING,True,MDM,2019-09-20,2026-04-17 15:58:36.671287
74b38c00-c161-4902-81c9-7d3072497ff4,CUST-2019-CN-001266,淑兰,蓝,淑兰 蓝,Female,1950-07-17,user425.apple@icloud.com,18953035282,兴安盟街f座,峰市,永安县,156647,CN,China,GREATER_CHINA,Chinese,Consumer,None,2019-03-10,2019,RETURNING,True,MDM,2019-03-10,2026-04-17 15:58:36.671289
bbc975ae-fadf-4eac-9ac5-5e9f54aeb403,CUST-2019-CN-000493,燕,田,燕 田,Female,1990-10-24,user190.apple@icloud.com,13369246497,兴安盟路j座,林市,雪县,958121,CN,China,GREATER_CHINA,Chinese,Education,Platinum,2019-01-19,2019,RETURNING,True,MDM,2019-01-19,2026-04-17 15:58:36.671291
67be200a-774b-447f-a512-230759cec83f,CUST-2019-CN-001355,欢,张,欢 张,Female,1986-01-31,user366.apple@mail.com,15094286199,长春街a座,邯郸县,建华市,536033,CN,China,GREATER_CHINA,Chinese,Consumer,Silver,2019-04-28,2019,RETURNING,True,MDM,2019-04-28,2026-04-17 15:58:36.671292
41b5a709-6a14-451a-90c3-499fce16532e,CUST-2019-CN-001058,琴,郑,琴 郑,Male,1954-02-28,user275.apple@gmail.com,15303020040,陈街C座,邯郸市,巢湖市,835704,CN,China,GREATER_CHINA,Chinese,Consumer,Gold,2019-09-16,2019,RETURNING,True,MDM,2019-09-16,2026-04-17 15:58:36.671293
e60a53c3-915e-4162-8e22-05a91eab468f,CUST-2020-CN-000327,娟,蔡,娟 蔡,Female,1995-12-14,user728.apple@gmail.com,15867215635,北京街u座,超县,平县,982958,CN,China,GREATER_CHINA,Chinese,Business,Platinum,2020-06-20,2020,RETURNING,True,MDM,2020-06-20 00:00:00,2026-04-17 15:58:36.671295
36cf5e30-b354-4241-b2fb-94fcd4f0dce5,CUST-2019-CN-001420,小红,李,小红 李,Male,1965-09-26,user116.apple@gmx.com,13228775365,兰州路t座,杭州市,佳市,510308,CN,China,GREATER_CHINA,Chinese,Consumer,None,2019-03-09,2019,RETURNING,True,MDM,2019-03-09,2026-04-17 15:58:36.671296
8dfda022-ce7c-41b5-8a51-6c31d314a968,CUST-2019-CN-002711,秀梅,李,秀梅 李,Male,1958-11-11,user835.apple@mail.com,15091674663,麻路a座,桂芳市,桂芳市,406415,CN,China,GREATER_CHINA,Chinese,Business,Silver,2019-06-12,2019,RETURNING,False,MDM,2019-06-12,2026-04-17 15:58:36.671302
8c5cbe9d-f6a2-405b-b9f8-0157e37bfec6,CUST-2020-CN-000894,桂兰,彭,桂兰 彭,Male,1982-05-22,user510.apple876@mail.com,14516690731,梧州路d座,明县,沈阳县,826819,CN,China,GREATER_CHINA,Chinese,Consumer,None,2020-04-14,2020,RETURNING,True,MDM,2020-04-14 00:00:00,2026-04-17 15:58:36.671304
5d3efcfd-b4a8-4cc7-a129-cf16ce63c6cc,CUST-2019-CN-001762,桂芳,陈,桂芳 陈,Male,1980-04-25,user334.apple7@hotmail.com,18289516680,林街c座,雪县,张家港市,996442,CN,China,GREATER_CHINA,Chinese,Consumer,Silver,2019-10-03,2019,RETURNING,True,MDM,2019-10-03,2026-04-17 15:58:36.671306
718dced9-ce99-457e-95f5-e2dddc18555a,CUST-2020-CN-000364,萍,杨,萍 杨,Female,2000-01-25,user751.apple345@outlook.com,14523123429,傅街e座,淮安市,乌鲁木齐市,873982,CN,China,GREATER_CHINA,Chinese,Business,None,2020-03-19,2020,RETURNING,True,MDM,2020-03-19 00:00:00,2026-04-17 15:58:36.671307
77768304-a8ce-4ec5-b8af-e97f98caf36e,CUST-2020-CN-000684,秀兰,陈,秀兰 陈,Female,1973-08-22,user351.apple@protonmail.com,15942591352,长春街E座,海门市,银川县,106182,CN,China,GREATER_CHINA,Chinese,Education,None,2020-04-15,2020,RETURNING,True,MDM,2020-04-15 00:00:00,2026-04-17 15:58:36.671309
3a84c8f5-ed24-4f83-a112-55c420a2bffa,CUST-2020-CN-000211,玉英,姜,玉英 姜,Female,1999-03-13,user956.apple@yahoo.com,13443634707,深圳街g座,明市,雷县,789814,CN,China,GREATER_CHINA,Chinese,Consumer,None,2020-06-27,2020,RETURNING,True,MDM,2020-06-27 00:00:00,2026-04-17 15:58:36.671311
971152f5-33b5-4220-a588-aede8d08fbfa,CUST-2019-CN-002335,兵,董,兵 董,Female,1969-09-07,user257.apple@mail.com,13068734353,乐路D座,贵阳县,勇市,296872,CN,China,GREATER_CHINA,Chinese,Consumer,Platinum,2019-08-17,2019,RETURNING,True,MDM,2019-08-17,2026-04-17 15:58:36.671312
7c4a97e8-655d-455b-bb9b-db13008d677e,CUST-2020-CN-000151,娜,崔,娜 崔,Female,1985-06-01,user858.apple983@protonmail.com,15999445824,张街Q座,哈尔滨市,天津市,823514,CN,China,GREATER_CHINA,Chinese,Consumer,None,2020-08-01,2020,RETURNING,True,MDM,2020-08-01 00:00:00,2026-04-17 15:58:36.671314
802eba1e-2d98-41ea-b57f-85fd4e72aad8,CUST-2019-CN-000363,建军,陈,建军 陈,Male,1987-12-03,user896.apple625@gmx.com,15001471532,兴安盟路Z座,柳州县,拉萨市,553483,CN,China,GREATER_CHINA,Chinese,Consumer,None,2019-11-06,2019,RETURNING,True,MDM,2019-11-06,2026-04-17 15:58:36.671316
5a49aa62-2147-4950-b1bf-8b6ee9176e07,CUST-2019-CN-002703,淑兰,焦,淑兰 焦,Female,2000-04-26,user235.apple@protonmail.com,13591126899,佛山路U座,倩县,潮州市,111635,CN,China,GREATER_CHINA,Chinese,Consumer,Gold,2019-01-24,2019,RETURNING,True,MDM,2019-01-24,2026-04-17 15:58:36.671318
16adfa80-512a-4304-a467-8ed4016a7292,CUST-2019-CN-002977,红梅,曹,红梅 曹,Male,1979-03-13,user524.apple@outlook.com,13631325190,唐路N座,想县,洋市,286942,CN,China,GREATER_CHINA,Chinese,Consumer,Gold,2019-11-10,2019,RETURNING,True,MDM,2019-11-10,2026-04-17 15:58:36.671319
7c62477f-e51c-437e-b150-c7e0a669af81,CUST-2020-CN-000629,磊,张,磊 张,Female,1957-09-15,user169.apple889@gmail.com,13727766336,柳州路K座,香港县,秀荣市,832826,CN,China,GREATER_CHINA,Chinese,Consumer,None,2020-05-21,2020,RETURNING,True,MDM,2020-05-21 00:00:00,2026-04-17 15:58:36.671321
319614ca-9f21-4277-a125-dd4514997779,CUST-2019-CN-001597,桂香,朱,桂香 朱,Male,1977-05-25,user953.apple@zoho.com,18259853021,合山街V座,海燕县,银川县,128856,CN,China,GREATER_CHINA,Chinese,Consumer,Gold,2019-12-15,2019,RETURNING,True,MDM,2019-12-15,2026-04-17 15:58:36.671323
bcfb29e8-88bd-4e44-a157-a193fa36c126,CUST-2019-CN-000981,金凤,田,金凤 田,Male,2001-01-10,user172.apple@icloud.com,15954409092,牛路S座,雷市,成都市,584162,CN,China,GREATER_CHINA,Chinese,Consumer,Platinum,2019-08-22,2019,RETURNING,True,MDM,2019-08-22,2026-04-17 15:58:36.671324
13b0ef67-181e-4c4f-be58-338a4f4c56cf,CUST-2019-CN-001863,秀梅,林,秀梅 林,Male,1971-03-02,user473.apple157@protonmail.com,18805988932,盛路H座,秀云县,磊市,638334,CN,China,GREATER_CHINA,Chinese,Consumer,None,2019-06-29,2019,RETURNING,True,MDM,2019-06-29,2026-04-17 15:58:36.671326
f097db26-ffd0-485e-9f2e-73644a9f7bb7,CUST-2020-CN-000082,彬,吕,彬 吕,Male,1952-04-26,user715.apple@live.com,13165990820,赵路s座,秀梅市,济南市,296574,CN,China,GREATER_CHINA,Chinese,Consumer,None,2020-11-25,2020,RETURNING,False,MDM,2020-11-25 00:00:00,2026-04-17 15:58:36.671328
31053d53-b943-4b82-8711-f034c7fdbe22,CUST-2020-CN-000562,勇,陈,勇 陈,Male,1954-07-08,user170.apple@yahoo.com,18835648772,银川街w座,兰州市,英市,416862,CN,China,GREATER_CHINA,Chinese,Education,None,2020-11-21,2020,RETURNING,True,MDM,2020-11-21 00:00:00,2026-04-17 15:58:36.671330
8a5eef31-611e-4279-ad64-4e4401d002a6,CUST-2019-CN-002114,莹,杨,莹 杨,Female,1976-11-26,user540.apple@hotmail.com,14766804810,南京街H座,武汉市,太原县,686749,CN,China,GREATER_CHINA,Chinese,Consumer,None,2019-03-12,2019,RETURNING,False,MDM,2019-03-12,2026-04-17 15:58:36.671336
1a130036-8223-49b7-9e24-40c3b79b7f9f,CUST-2019-CN-002717,华,万,华 万,Female,1953-03-15,user446.apple485@mail.com,15258291676,汕尾路Q座,洁县,英县,157707,CN,China,GREATER_CHINA,Chinese,Consumer,Platinum,2019-07-23,2019,RETURNING,True,MDM,2019-07-23,2026-04-17 15:58:36.671337
943755d2-b39a-4d8e-92d4-f54e872d1db7,CUST-2019-CN-001362,秀荣,李,秀荣 李,Male,1984-08-09,user286.apple@protonmail.com,18583952919,韩路C座,兴安盟市,艳市,251670,CN,China,GREATER_CHINA,Chinese,Consumer,None,2019-03-17,2019,RETURNING,True,MDM,2019-03-17,2026-04-17 15:58:36.671339
2a50f8cb-211a-4707-9ab3-f6ee9c1c4d2f,CUST-2019-CN-001089,凯,杨,凯 杨,Female,1982-12-31,user742.apple@yahoo.com,18520795568,周路u座,辉市,台北县,686990,CN,China,GREATER_CHINA,Chinese,Consumer,Gold,2019-10-06,2019,RETURNING,True,MDM,2019-10-06,2026-04-17 15:58:36.671340
bdb1f563-f588-42b1-932b-3d85c5a12374,CUST-2020-CN-000023,桂兰,陈,桂兰 陈,Female,1954-12-30,user443.apple@live.com,14500634934,施路p座,健市,畅县,751334,CN,China,GREATER_CHINA,Chinese,Business,None,2020-12-27,2020,RETURNING,True,MDM,2020-12-27 00:00:00,2026-04-17 15:58:36.671342
46e294cc-8fcc-4597-9b67-3a214190a18f,CUST-2019-CN-001124,秀华,刘,秀华 刘,Female,1973-09-23,user713.apple898@aol.com,18177782143,郑街L座,丽丽县,桂兰县,350692,CN,China,GREATER_CHINA,Chinese,Consumer,Platinum,2019-12-08,2019,RETURNING,True,MDM,2019-12-08,2026-04-17 15:58:36.671344
f0b3c742-c302-4527-bd92-ad5cefbf91d4,CUST-2020-CN-000729,萍,陈,萍 陈,Male,1971-09-05,user788.apple@protonmail.com,15265081183,巢湖街d座,重庆县,南京市,579499,CN,China,GREATER_CHINA,Chinese,Consumer,Silver,2020-06-18,2020,RETURNING,True,MDM,2020-06-18 00:00:00,2026-04-17 15:58:36.671345
f55df16f-f506-46f8-ab41-7e9780bf6283,CUST-2020-CN-000449,婷,刘,婷 刘,Female,1973-08-21,user329.apple@protonmail.com,18259153089,六盘水路A座,瑞市,慧市,833007,CN,China,GREATER_CHINA,Chinese,Consumer,Silver,2020-06-03,2020,RETURNING,True,MDM,2020-06-03 00:00:00,2026-04-17 15:58:36.671346
113c0404-5566-4ccf-9a36-cbf975489d03,CUST-2019-CN-002120,杰,王,杰 王,Male,1959-07-23,user351.apple@yahoo.com,13191612443,六盘水路f座,淑英县,建市,854152,CN,China,GREATER_CHINA,Chinese,Consumer,Silver,2019-07-14,2019,RETURNING,True,MDM,2019-07-14,2026-04-17 15:58:36.671348
e8f784fc-0f6d-48af-b6c3-e5df467a1dc3,CUST-2020-CN-000579,玉珍,巴,玉珍 巴,Female,1963-07-20,user316.apple@yahoo.com,13627282451,北京路t座,峰县,澳门市,880312,CN,China,GREATER_CHINA,Chinese,Business,Platinum,2020-04-14,2020,RETURNING,True,MDM,2020-04-14 00:00:00,2026-04-17 15:58:36.671349
430bd159-3dfc-4fe1-a8ce-1c2fb149ca48,CUST-2019-CN-000246,琴,李,琴 李,Female,1956-09-15,user570.apple@aol.com,14542264412,赵路s座,雪市,辛集县,393448,CN,China,GREATER_CHINA,Chinese,Consumer,None,2019-09-18,2019,RETURNING,True,MDM,2019-09-18,2026-04-17 15:58:36.671351
8532635d-deb7-456a-9249-8a58264c2457,CUST-2020-CN-000631,杨,邹,杨 邹,Male,1972-03-01,user517.apple@outlook.com,18917142179,简路Z座,台北县,潜江市,907619,CN,China,GREATER_CHINA,Chinese,Consumer,None,2020-09-26,2020,RETURNING,True,MDM,2020-09-26 00:00:00,2026-04-17 15:58:36.671353
26f7b763-0831-49d8-8748-c022a4b3dc12,CUST-2019-CN-000289,平,韦,平 韦,Male,2007-02-13,user205.apple@gmail.com,13654788027,张街c座,磊市,马鞍山县,738744,CN,China,GREATER_CHINA,Chinese,Consumer,None,2019-07-06,2019,RETURNING,True,MDM,2019-07-06,2026-04-17 15:58:36.671355
4b8f7e15-6f70-4eb8-ad9b-03e5825936de,CUST-2019-CN-002719,磊,李,磊 李,Female,1961-01-29,user767.apple@gmail.com,18622923007,高路S座,上海市,勇市,553088,CN,China,GREATER_CHINA,Chinese,Consumer,None,2019-09-17,2019,RETURNING,True,MDM,2019-09-17,2026-04-17 15:58:36.671357
8a3e9d54-2c2b-4b4f-9d23-a3b20f2ed2c7,CUST-2019-CN-002797,婷婷,蔡,婷婷 蔡,Female,1964-04-07,user434.apple@icloud.com,18645591696,郑街H座,六盘水市,秀芳市,174269,CN,China,GREATER_CHINA,Chinese,Consumer,Platinum,2019-06-06,2019,RETURNING,True,MDM,2019-06-06,2026-04-17 15:58:36.671358
89e21e04-4f68-4440-9170-5a998eb3e0ef,CUST-2019-CN-001001,瑞,李,瑞 李,Female,1956-07-09,user820.apple@live.com,18895297813,刘路B座,丽华县,通辽县,355629,CN,China,GREATER_CHINA,Chinese,Education,None,2019-06-12,2019,RETURNING,True,MDM,2019-06-12,2026-04-17 15:58:36.671360
8a8facad-f94e-4908-9d0e-c2a3fe938cbc,CUST-2019-CN-001091,欣,汪,欣 汪,Male,1973-11-04,user194.apple@outlook.com,15153322948,许街d座,华县,福州县,791684,CN,China,GREATER_CHINA,Chinese,Education,Silver,2019-09-03,2019,RETURNING,True,MDM,2019-09-03,2026-04-17 15:58:36.671365
36d728b7-c118-46e9-8f34-f445442c5511,CUST-2019-CN-000809,建华,朱,建华 朱,Female,1966-10-09,user275.apple@gmx.com,14522633544,徐街U座,颖市,武汉县,425546,CN,China,GREATER_CHINA,Chinese,Consumer,Silver,2019-04-07,2019,RETURNING,True,MDM,2019-04-07,2026-04-17 15:58:36.671367
18ffd9d3-03e4-4c2a-8f80-15deab7cca86,CUST-2019-CN-000707,荣,徐,荣 徐,Female,2003-06-10,user658.apple@aol.com,13799570309,沈阳街y座,乌鲁木齐市,芳县,778104,CN,China,GREATER_CHINA,Chinese,Consumer,Platinum,2019-03-21,2019,RETURNING,True,MDM,2019-03-21,2026-04-17 15:58:36.671368
d27af0ab-6862-4517-aad4-762b1b0b2c39,CUST-2019-CN-000607,凯,王,凯 王,Female,1980-01-31,user121.apple987@gmail.com,14792038407,沈阳路p座,婷市,龙县,612213,CN,China,GREATER_CHINA,Chinese,Education,None,2019-01-01,2019,RETURNING,True,MDM,2019-01-01,2026-04-17 15:58:36.671370
44ac5f4a-a884-464e-9d23-9d7b44444c47,CUST-2019-CN-002416,云,包,云 包,Female,1985-07-13,user102.apple@gmx.com,15697738348,兰州路i座,柳县,华县,566432,CN,China,GREATER_CHINA,Chinese,Consumer,Gold,2019-06-10,2019,RETURNING,True,MDM,2019-06-10,2026-04-17 15:58:36.671372
bfdb4107-a9e5-415b-8b07-01c7b0df5aa1,CUST-2020-CN-000269,凯,严,凯 严,Female,2001-12-24,user744.apple@gmail.com,13187926988,孙街V座,合山市,沈阳县,132522,CN,China,GREATER_CHINA,Chinese,Consumer,Silver,2020-02-20,2020,RETURNING,False,MDM,2020-02-20 00:00:00,2026-04-17 15:58:36.671373
eccf74cc-e19f-46c7-ae5c-5be67cf90c3e,CUST-2019-CN-002578,雷,胡,雷 胡,Male,1968-11-18,user872.apple@gmail.com,18116791538,林路T座,沈阳县,莹县,410594,CN,China,GREATER_CHINA,Chinese,Consumer,None,2019-12-13,2019,RETURNING,True,MDM,2019-12-13,2026-04-17 15:58:36.671375
b3620cc4-011d-43a8-80bc-7967ed480464,CUST-2019-CN-000592,俊,徐,俊 徐,Female,1966-11-30,user826.apple@msn.com,18664454868,南昌街m座,兴安盟市,成都县,582129,CN,China,GREATER_CHINA,Chinese,Consumer,None,2019-08-06,2019,RETURNING,True,MDM,2019-08-06,2026-04-17 15:58:36.671377
099bb003-6825-4016-a9dd-6fce0880e378,CUST-2019-CN-000314,阳,王,阳 王,Female,1973-10-19,user753.apple@protonmail.com,15120569422,济南路Q座,台北县,帅县,332316,CN,China,GREATER_CHINA,Chinese,Consumer,Gold,2019-06-03,2019,RETURNING,True,MDM,2019-06-03,2026-04-17 15:58:36.671378
b722af6f-48e5-48c3-83ee-3d13cf379173,CUST-2019-CN-002157,涛,雷,涛 雷,Female,1983-09-09,user819.apple@gmx.com,18731249733,康路Q座,雪县,婷婷县,790048,CN,China,GREATER_CHINA,Chinese,Business,Gold,2019-01-13,2019,RETURNING,True,MDM,2019-01-13,2026-04-17 15:58:36.671379
bce0171d-69ce-4eb7-b87d-32b543eb43c9,CUST-2020-CN-000934,凤英,王,凤英 王,Female,1977-05-11,user357.apple@outlook.com,13145904915,陈街L座,佳县,艳市,471700,CN,China,GREATER_CHINA,Chinese,Consumer,Platinum,2020-11-06,2020,RETURNING,True,MDM,2020-11-06 00:00:00,2026-04-17 15:58:36.671381
67fd76b0-54be-4c5d-9f74-628d3e6b3a6f,CUST-2019-CN-000353,亮,胡,亮 胡,Male,1967-05-06,user659.apple@hotmail.com,13880518973,汕尾路L座,桂英县,金凤县,889600,CN,China,GREATER_CHINA,Chinese,Consumer,Gold,2019-03-06,2019,RETURNING,True,MDM,2019-03-06,2026-04-17 15:58:36.671383
e621859d-6efe-4bab-8583-7d8fa30cac01,CUST-2019-CN-002593,小红,蒋,小红 蒋,Female,1973-06-12,user180.apple@msn.com,18942331674,台北街V座,玉英市,伟县,384720,CN,China,GREATER_CHINA,Chinese,Business,Gold,2019-03-29,2019,RETURNING,True,MDM,2019-03-29,2026-04-17 15:58:36.671384
12d764aa-1459-45a9-8cd4-b2571de29d03,CUST-2020-CN-000603,瑜,解,瑜 解,Male,1976-09-15,user299.apple@gmx.com,13392305950,王路U座,兵市,兰英市,522228,CN,China,GREATER_CHINA,Chinese,Consumer,Platinum,2020-04-10,2020,RETURNING,True,MDM,2020-04-10 00:00:00,2026-04-17 15:58:36.671385
868f6011-7c1b-4ea8-96a8-6278265c0ebf,CUST-2019-CN-000782,杰,张,杰 张,Female,1972-12-18,user825.apple@hotmail.com,15086804507,杨路f座,丹丹县,玲县,950754,CN,China,GREATER_CHINA,Chinese,Consumer,None,2019-12-09,2019,RETURNING,True,MDM,2019-12-09,2026-04-17 15:58:36.671388
6f8e6b8e-7941-41af-a3fd-0422b6744e9e,CUST-2020-CN-000692,霞,王,霞 王,Male,1970-03-28,user216.apple288@outlook.com,14742399480,西安路z座,帅市,福州市,826098,CN,China,GREATER_CHINA,Chinese,Education,None,2020-10-30,2020,RETURNING,True,MDM,2020-10-30 00:00:00,2026-04-17 15:58:36.671389
15873ea1-6fe0-476e-a79b-d800c800d94d,CUST-2020-CN-000509,玲,李,玲 李,Male,1985-10-20,user566.apple@icloud.com,18549925963,李街B座,华市,永安市,324195,CN,China,GREATER_CHINA,Chinese,Consumer,None,2020-02-22,2020,RETURNING,False,MDM,2020-02-22 00:00:00,2026-04-17 15:58:36.671391
91d19f0e-8301-491a-b416-0588018f6730,CUST-2019-CN-001549,建国,李,建国 李,Male,1989-09-11,user399.apple932@msn.com,13649891096,徐街C座,雪市,贵阳县,530923,CN,China,GREATER_CHINA,Chinese,Consumer,None,2019-05-21,2019,RETURNING,True,MDM,2019-05-21,2026-04-17 15:58:36.671393
d1a6eb73-d976-4ab4-8165-1c44196eeb66,CUST-2020-CN-000262,颖,韦,颖 韦,Male,1992-06-17,user427.apple366@icloud.com,18042867412,阜新路s座,桂香县,莉县,699256,CN,China,GREATER_CHINA,Chinese,Consumer,None,2020-03-25,2020,RETURNING,True,MDM,2020-03-25 00:00:00,2026-04-17 15:58:36.671395
a6e71071-c516-42f0-bb37-aa2623913d58,CUST-2019-CN-000787,芳,姚,芳 姚,Male,2007-02-03,user820.apple@zoho.com,14734083411,薛路e座,荆门县,石家庄县,450207,CN,China,GREATER_CHINA,Chinese,Consumer,Platinum,2019-04-01,2019,RETURNING,True,MDM,2019-04-01,2026-04-17 15:58:36.671396
2f9b00ae-3883-4e1f-8d1d-db827d05b92b,CUST-2020-CN-001051,伟,崔,伟 崔,Female,2002-06-14,user285.apple235@gmail.com,14575090370,西宁路R座,鑫县,六盘水县,271687,CN,China,GREATER_CHINA,Chinese,Consumer,Silver,2020-08-27,2020,RETURNING,True,MDM,2020-08-27 00:00:00,2026-04-17 15:58:36.671398
2de61dab-b79e-47a4-9c29-44ecf8163292,CUST-2019-CN-001125,文,林,文 林,Female,1958-01-04,user407.apple@protonmail.com,13009127489,郑州街f座,浩县,南昌县,656524,CN,China,GREATER_CHINA,Chinese,Consumer,Silver,2019-05-26,2019,RETURNING,True,MDM,2019-05-26,2026-04-17 15:58:36.671399
f8422280-f2e7-464b-a816-5a6caf7030ff,CUST-2020-CN-000572,博,王,博 王,Female,2005-04-18,user567.apple@aol.com,13662557685,济南街A座,斌县,南京县,950027,CN,China,GREATER_CHINA,Chinese,Consumer,Gold,2020-05-26,2020,RETURNING,False,MDM,2020-05-26 00:00:00,2026-04-17 15:58:36.671401
d4c00e1c-0cc9-4875-b206-d78bb9faee87,CUST-2019-CN-000646,颖,刘,颖 刘,Female,1978-08-14,user517.apple@zoho.com,18985755487,石家庄街D座,建县,哈尔滨市,286390,CN,China,GREATER_CHINA,Chinese,Business,Gold,2019-07-28,2019,RETURNING,True,MDM,2019-07-28,2026-04-17 15:58:36.671402
23318dbb-6532-48ec-8d71-a9a806d731b6,CUST-2019-CN-002139,秀荣,曾,秀荣 曾,Male,1962-06-24,user190.apple@gmail.com,13443997860,陈路q座,银川市,福州县,823768,CN,China,GREATER_CHINA,Chinese,Consumer,Silver,2019-06-14,2019,RETURNING,True,MDM,2019-06-14,2026-04-17 15:58:36.671404
f63fb4bc-147e-4312-bdb4-398272003d95,CUST-2019-CN-002825,丽,袁,丽 袁,Male,1962-07-31,user835.apple702@msn.com,13107364339,济南路W座,瑜市,红梅县,724147,CN,China,GREATER_CHINA,Chinese,Consumer,None,2019-05-25,2019,RETURNING,True,MDM,2019-05-25,2026-04-17 15:58:36.671406
7da09ac2-80a2-4a41-98b1-5f2ecdd5440d,CUST-2019-CN-001719,金凤,张,金凤 张,Male,1992-09-24,user734.apple@outlook.com,18580523288,李街U座,宁县,婷市,194926,CN,China,GREATER_CHINA,Chinese,Consumer,None,2019-07-06,2019,RETURNING,True,MDM,2019-07-06,2026-04-17 15:58:36.671408
dd18b9e8-53f9-49e9-86c4-082e22a3dfb7,CUST-2019-CN-001821,玲,宋,玲 宋,Female,1995-07-10,user714.apple@zoho.com,14548140167,成都街u座,广州县,通辽县,488008,CN,China,GREATER_CHINA,Chinese,Consumer,Platinum,2019-11-26,2019,RETURNING,True,MDM,2019-11-26,2026-04-17 15:58:36.671409
8271c186-6eea-4dc2-b99f-2da1f8e68e57,CUST-2019-CN-000915,桂荣,董,桂荣 董,Female,1966-03-15,user912.apple@protonmail.com,13368583028,颜路M座,桂花市,重庆市,552532,CN,China,GREATER_CHINA,Chinese,Consumer,None,2019-08-18,2019,RETURNING,True,MDM,2019-08-18,2026-04-17 15:58:36.671411
2f9f9276-90a0-41ad-84ad-abc67c8a9c0f,CUST-2019-CN-002624,丽,刘,丽 刘,Female,1959-05-01,user188.apple868@msn.com,15981920263,南京路b座,波市,太原市,243730,CN,China,GREATER_CHINA,Chinese,Consumer,None,2019-08-02,2019,RETURNING,True,MDM,2019-08-02,2026-04-17 15:58:36.671413
fcb2740c-4573-49a6-88bb-67bf24a6519e,CUST-2019-CN-002103,玉英,吴,玉英 吴,Female,1986-10-24,user265.apple@outlook.com,18544133706,郑路q座,六盘水市,阜新市,528538,CN,China,GREATER_CHINA,Chinese,Consumer,Gold,2019-07-16,2019,RETURNING,True,MDM,2019-07-16,2026-04-17 15:58:36.671414
d8b37a82-ec0e-4687-a7f1-4e451c58ad68,CUST-2019-CN-000811,鹏,朱,鹏 朱,Female,1963-07-20,user555.apple458@protonmail.com,13374312538,范路e座,南京县,兰英县,714164,CN,China,GREATER_CHINA,Chinese,Education,None,2019-11-07,2019,RETURNING,True,MDM,2019-11-07,2026-04-17 15:58:36.671420
934400a3-db18-4d04-a897-caeaac4ba276,CUST-2020-CN-001072,建军,王,建军 王,Female,1959-01-26,user783.apple@protonmail.com,14784735059,赵路G座,关岭市,文县,128794,CN,China,GREATER_CHINA,Chinese,Consumer,None,2020-01-28,2020,RETURNING,True,MDM,2020-01-28 00:00:00,2026-04-17 15:58:36.671422
ebb41e76-cf45-4441-bbe4-5945d0eac102,CUST-2019-CN-000147,荣,邓,荣 邓,Female,1997-05-18,user537.apple@outlook.com,15203814958,东莞街P座,东莞市,南京市,432189,CN,China,GREATER_CHINA,Chinese,Consumer,None,2019-06-21,2019,RETURNING,True,MDM,2019-06-21,2026-04-17 15:58:36.671424
df557bc7-5068-446f-8b85-ccd92c8311af,CUST-2019-CN-001986,丽娟,田,丽娟 田,Female,1988-03-25,user782.apple@hotmail.com,18128301237,许路Y座,广州市,通辽县,524223,CN,China,GREATER_CHINA,Chinese,Consumer,Platinum,2019-11-01,2019,RETURNING,True,MDM,2019-11-01,2026-04-17 15:58:36.671426
a0fb58e7-f253-46f4-a297-3f5088ec0d99,CUST-2019-CN-000808,秀荣,章,秀荣 章,Female,2002-02-28,user912.apple94@live.com,13102565935,韩街V座,天津市,霞县,205992,CN,China,GREATER_CHINA,Chinese,Business,Platinum,2019-06-14,2019,RETURNING,True,MDM,2019-06-14,2026-04-17 15:58:36.671427
f1f54841-0d2b-41e1-8e00-861477678a56,CUST-2019-CN-000412,慧,蒋,慧 蒋,Male,2003-06-07,user970.apple@gmx.com,18282406288,王街v座,桂荣县,拉萨县,820575,CN,China,GREATER_CHINA,Chinese,Business,Platinum,2019-06-20,2019,RETURNING,True,MDM,2019-06-20,2026-04-17 15:58:36.671429
ad317608-da0b-42af-bc39-30f5c91ae738,CUST-2019-CN-000554,秀荣,马,秀荣 马,Male,1976-12-26,user905.apple809@gmx.com,18947916577,北镇街O座,玉兰县,娜市,878180,CN,China,GREATER_CHINA,Chinese,Consumer,Platinum,2019-05-09,2019,RETURNING,True,MDM,2019-05-09,2026-04-17 15:58:36.671430
819c7af2-b189-4952-970a-dd2d3c572323,CUST-2020-CN-000554,娜,王,娜 王,Male,1989-10-14,user872.apple575@mail.com,13635257289,邹街J座,宇县,宁市,147881,CN,China,GREATER_CHINA,Chinese,Consumer,Platinum,2020-11-19,2020,RETURNING,True,MDM,2020-11-19 00:00:00,2026-04-17 15:58:36.671432
dec1dcfb-4eba-4e4b-bcfa-3204a61e6e2a,CUST-2019-CN-001333,秀英,黎,秀英 黎,Male,1970-08-08,user509.apple@msn.com,18971625048,成都路n座,梧州县,桂香市,948999,CN,China,GREATER_CHINA,Chinese,Business,None,2019-04-25,2019,RETURNING,True,MDM,2019-04-25,2026-04-17 15:58:36.671433
08d39961-9ac5-444c-ad69-ce75e222b8d8,CUST-2019-CN-002585,桂花,潘,桂花 潘,Male,1975-07-05,user794.apple@protonmail.com,18746812047,汕尾路x座,乌鲁木齐县,瑜县,711308,CN,China,GREATER_CHINA,Chinese,Consumer,Gold,2019-12-09,2019,RETURNING,True,MDM,2019-12-09,2026-04-17 15:58:36.671435
29a55c02-3bcb-4148-9b4f-af328b67f98c,CUST-2019-CN-000089,秀英,刘,秀英 刘,Male,1975-02-14,user646.apple@protonmail.com,13791743815,李路m座,玉兰市,辽阳县,176579,CN,China,GREATER_CHINA,Chinese,Consumer,Platinum,2019-09-24,2019,RETURNING,False,MDM,2019-09-24,2026-04-17 15:58:36.671436
d547a8d2-a09b-4584-a41f-fc8f17ea7029,CUST-2019-CN-001099,玉兰,王,玉兰 王,Male,1959-07-28,user211.apple@gmx.com,14752335779,潜江街h座,浩县,淑兰市,525399,CN,China,GREATER_CHINA,Chinese,Consumer,None,2019-09-25,2019,RETURNING,True,MDM,2019-09-25,2026-04-17 15:58:36.671438
c5893d37-9f4b-4d2a-ba99-b1e1383411fc,CUST-2019-CN-002158,林,朱,林 朱,Female,1977-05-01,user409.apple@aol.com,15105938775,李路m座,合山县,凤兰市,752351,CN,China,GREATER_CHINA,Chinese,Education,Silver,2019-12-27,2019,RETURNING,True,MDM,2019-12-27,2026-04-17 15:58:36.671441
0fbce129-0113-4d8a-a8bf-8e5b355c18ea,CUST-2019-CN-001627,凤英,刘,凤英 刘,Male,1962-05-07,user346.apple196@protonmail.com,13589552315,澳门街s座,宜都县,石家庄县,680709,CN,China,GREATER_CHINA,Chinese,Consumer,Gold,2019-12-29,2019,RETURNING,True,MDM,2019-12-29,2026-04-17 15:58:36.671442
843e6398-ba96-4bfa-b856-6c24461f216c,CUST-2020-CN-000294,丽娟,庄,丽娟 庄,Female,1984-05-21,user220.apple314@yahoo.com,18862886762,王路c座,巢湖县,淑珍县,965371,CN,China,GREATER_CHINA,Chinese,Consumer,None,2020-04-27,2020,RETURNING,True,MDM,2020-04-27 00:00:00,2026-04-17 15:58:36.671444
8815626b-f5c0-440e-9c5a-9b76385201c8,CUST-2019-CN-001370,凤英,向,凤英 向,Female,1954-03-02,user556.apple@aol.com,15580860006,巢湖路W座,深圳市,鑫市,402775,CN,China,GREATER_CHINA,Chinese,Consumer,None,2019-05-17,2019,RETURNING,True,MDM,2019-05-17,2026-04-17 15:58:36.671446
6df8c584-287e-49e2-b88b-8fb4b37ae804,CUST-2019-CN-000834,建平,杨,建平 杨,Male,1986-02-24,user717.apple@gmx.com,13475640073,智街Y座,俊市,小红市,148029,CN,China,GREATER_CHINA,Chinese,Consumer,Silver,2019-02-17,2019,RETURNING,True,MDM,2019-02-17,2026-04-17 15:58:36.671447
c690ce58-fdac-42f7-95cf-d343dba8d2c3,CUST-2020-CN-000339,凯,陈,凯 陈,Female,1964-04-14,user851.apple@icloud.com,15725661924,兴城路Y座,婷县,南京县,346687,CN,China,GREATER_CHINA,Chinese,Business,None,2020-01-03,2020,RETURNING,True,MDM,2020-01-03 00:00:00,2026-04-17 15:58:36.671449
460d8fe7-0010-489d-8d03-43866ebfadcc,CUST-2019-CN-001687,梅,董,梅 董,Female,1994-05-30,user961.apple@gmail.com,18889735893,谢街V座,玉珍县,秀华县,220624,CN,China,GREATER_CHINA,Chinese,Consumer,None,2019-04-17,2019,RETURNING,True,MDM,2019-04-17,2026-04-17 15:58:36.671451
3497cf49-a5f6-45e2-a77d-91e48198ad06,CUST-2019-CN-002434,鹏,赵,鹏 赵,Male,1987-04-19,user344.apple@aol.com,18562015530,太原街x座,海燕县,伟市,849732,CN,China,GREATER_CHINA,Chinese,Education,None,2019-04-27,2019,RETURNING,False,MDM,2019-04-27,2026-04-17 15:58:36.671453
d5ee3d9c-647e-47aa-ac77-7d046b7ee363,CUST-2020-CN-000261,凤兰,陈,凤兰 陈,Female,1990-12-07,user681.apple@protonmail.com,13133320681,福州路e座,大冶市,拉萨市,956869,CN,China,GREATER_CHINA,Chinese,Consumer,Silver,2020-10-22,2020,RETURNING,True,MDM,2020-10-22 00:00:00,2026-04-17 15:58:36.671454
531cf64b-dfc0-4238-b652-5ec998a38a04,CUST-2019-CN-001114,楠,张,楠 张,Female,1955-12-24,user466.apple133@gmail.com,18918498700,李路x座,丽丽市,桂芝县,168064,CN,China,GREATER_CHINA,Chinese,Business,None,2019-06-16,2019,RETURNING,True,MDM,2019-06-16,2026-04-17 15:58:36.671456
888ab3bb-8d35-492d-9327-c0f8c4ca6730,CUST-2020-CN-000688,静,张,静 张,Male,2003-07-17,user429.apple@yahoo.com,15192432013,辛集街s座,武汉市,澳门县,482590,CN,China,GREATER_CHINA,Chinese,Consumer,Silver,2020-10-27,2020,RETURNING,True,MDM,2020-10-27 00:00:00,2026-04-17 15:58:36.671457
5738789b-23a8-4b32-a4af-ce629742e68e,CUST-2019-CN-000332,娜,雷,娜 雷,Male,1998-04-27,user125.apple@zoho.com,13647764879,蔡路d座,荆门县,斌市,466646,CN,China,GREATER_CHINA,Chinese,Consumer,Platinum,2019-07-03,2019,RETURNING,True,MDM,2019-07-03,2026-04-17 15:58:36.671459
7241eb11-a227-4924-9f83-ad46a87d7551,CUST-2020-CN-000202,春梅,唐,春梅 唐,Male,1954-07-17,user358.apple@gmx.com,18026049601,齐齐哈尔街g座,亮县,广州市,737011,CN,China,GREATER_CHINA,Chinese,Consumer,Platinum,2020-08-23,2020,RETURNING,True,MDM,2020-08-23 00:00:00,2026-04-17 15:58:36.671460
3dd67ce9-bd3d-415c-ab4e-71dfcc3d7718,CUST-2019-CN-000443,倩,梅,倩 梅,Male,2006-02-21,user266.apple@msn.com,15641572628,杨路W座,重庆县,浩市,260486,CN,China,GREATER_CHINA,Chinese,Business,Silver,2019-02-07,2019,RETURNING,True,MDM,2019-02-07,2026-04-17 15:58:36.671461
c70edba5-d55d-49e1-9901-cbe45966187a,CUST-2019-CN-000774,丽,李,丽 李,Male,1984-02-09,user575.apple327@gmail.com,18795614905,呼和浩特街X座,南京县,海燕市,801315,CN,China,GREATER_CHINA,Chinese,Consumer,None,2019-07-14,2019,RETURNING,True,MDM,2019-07-14,2026-04-17 15:58:36.671463
efecf22f-b2eb-47fe-8711-1a69ed53d52e,CUST-2019-CN-000501,辉,王,辉 王,Female,2000-04-14,user509.apple@zoho.com,18857727929,丁路e座,杭州市,福州县,846980,CN,China,GREATER_CHINA,Chinese,Business,None,2019-02-11,2019,RETURNING,True,MDM,2019-02-11,2026-04-17 15:58:36.671465
a04dde7c-6470-4cd0-b26d-c540d30dd9cc,CUST-2020-CN-000706,凤兰,刘,凤兰 刘,Male,1987-10-25,user600.apple@gmail.com,18799017405,林路B座,太原市,磊县,624539,CN,China,GREATER_CHINA,Chinese,Consumer,Platinum,2020-02-12,2020,RETURNING,True,MDM,2020-02-12 00:00:00,2026-04-17 15:58:36.671467
f7796f0f-e7cf-4d17-811a-5da32a5f8b89,CUST-2019-CN-002602,伟,任,伟 任,Male,1998-04-14,user165.apple159@mail.com,13269282087,荆门路N座,伟市,燕县,509963,CN,China,GREATER_CHINA,Chinese,Consumer,Platinum,2019-10-20,2019,RETURNING,True,MDM,2019-10-20,2026-04-17 15:58:36.671468
bb7522ca-a422-4e7e-a0a4-526ba9d6e13d,CUST-2019-CN-001113,杰,吴,杰 吴,Female,1960-08-11,user971.apple@gmx.com,13789623696,石家庄路n座,秀珍市,汕尾县,995447,CN,China,GREATER_CHINA,Chinese,Education,None,2019-07-24,2019,RETURNING,True,MDM,2019-07-24,2026-04-17 15:58:36.671470
0d8d60e6-0558-4352-b7f1-78e523a27019,CUST-2019-CN-002923,芳,王,芳 王,Female,1959-12-02,user744.apple@mail.com,13953495417,天津路c座,通辽市,宁德县,718760,CN,China,GREATER_CHINA,Chinese,Business,Silver,2019-07-22,2019,RETURNING,True,MDM,2019-07-22,2026-04-17 15:58:36.671471
c39d888b-12e9-40c1-a5e7-22c6ffa3a71d,CUST-2020-CN-000184,婷婷,黄,婷婷 黄,Male,1961-09-01,user658.apple@yahoo.com,15991393734,刘街K座,北镇县,西宁县,635303,CN,China,GREATER_CHINA,Chinese,Consumer,Gold,2020-10-21,2020,RETURNING,True,MDM,2020-10-21 00:00:00,2026-04-17 15:58:36.671473
e0c511cf-bed1-4a57-bf23-95ec65eacf5d,CUST-2020-CN-000092,志强,曾,志强 曾,Female,2002-05-09,user238.apple125@protonmail.com,18168232350,林街l座,淮安县,辽阳县,633030,CN,China,GREATER_CHINA,Chinese,Consumer,None,2020-08-25,2020,RETURNING,True,MDM,2020-08-25 00:00:00,2026-04-17 15:58:36.671475
f9d73cb1-2fb5-4f52-b7ac-effe3b03a9ac,CUST-2019-CN-000325,燕,张,燕 张,Male,1972-07-14,user988.apple@aol.com,18613237041,黄街j座,秀华市,呼和浩特县,456010,CN,China,GREATER_CHINA,Chinese,Consumer,None,2019-08-23,2019,RETURNING,True,MDM,2019-08-23,2026-04-17 15:58:36.671477
fd4c53f1-12b8-4eab-aa4a-d6040d3414ce,CUST-2020-CN-000108,燕,郭,燕 郭,Female,1951-06-08,user201.apple@mail.com,13380374784,乌鲁木齐街y座,东莞市,雷县,644915,CN,China,GREATER_CHINA,Chinese,Consumer,None,2020-10-08,2020,RETURNING,True,MDM,2020-10-08 00:00:00,2026-04-17 15:58:36.671478
1c7d1deb-0767-43be-9948-bedc713dda08,CUST-2019-CN-000985,冬梅,曹,冬梅 曹,Male,1974-02-17,user109.apple@hotmail.com,18783323355,颜街a座,桂芝市,福州市,221822,CN,China,GREATER_CHINA,Chinese,Consumer,Silver,2019-02-13,2019,RETURNING,True,MDM,2019-02-13,2026-04-17 15:58:36.671480
488fc04f-8420-49cb-99d4-0e02c13f4dfc,CUST-2020-CN-000588,婷,秦,婷 秦,Male,1998-07-12,user789.apple871@yahoo.com,15548246468,花街d座,兴城县,丽华市,382796,CN,China,GREATER_CHINA,Chinese,Consumer,None,2020-03-18,2020,RETURNING,True,MDM,2020-03-18 00:00:00,2026-04-17 15:58:36.671482
4fce1b68-e6a0-4d0f-8d59-40bfbb1c211d,CUST-2019-CN-002786,丽娟,谢,丽娟 谢,Female,1987-01-15,user643.apple@protonmail.com,15621945887,南宁街K座,建国市,涛县,937452,CN,China,GREATER_CHINA,Chinese,Consumer,None,2019-10-14,2019,RETURNING,True,MDM,2019-10-14,2026-04-17 15:58:36.671483
5938a438-19ab-46d8-a0ed-5da7ecd8d383,CUST-2019-CN-000837,利,汤,利 汤,Female,1992-10-20,user955.apple100@gmail.com,13332722926,南宁街n座,荣县,澳门县,294427,CN,China,GREATER_CHINA,Chinese,Consumer,None,2019-05-25,2019,RETURNING,False,MDM,2019-05-25,2026-04-17 15:58:36.671485
a5309410-f7a8-4f7a-ad72-10c2558822b1,CUST-2019-CN-000127,桂珍,崔,桂珍 崔,Male,1955-10-20,user600.apple@msn.com,13253572002,高街h座,桂香县,欢市,373555,CN,China,GREATER_CHINA,Chinese,Consumer,Silver,2019-04-17,2019,RETURNING,True,MDM,2019-04-17,2026-04-17 15:58:36.671487
28316057-b4cd-445e-b08d-10b01eb867a1,CUST-2019-CN-001917,帆,秦,帆 秦,Male,1953-07-14,user105.apple828@protonmail.com,13555067237,张家港街R座,阳市,玉珍县,786552,CN,China,GREATER_CHINA,Chinese,Consumer,Silver,2019-12-28,2019,RETURNING,True,MDM,2019-12-28,2026-04-17 15:58:36.671488
20076012-b0e6-46f2-bad2-fc975fb2f2ee,CUST-2020-CN-000415,霞,任,霞 任,Female,1978-06-19,user123.apple925@gmx.com,15528388217,台北街f座,丽华县,台北县,287192,CN,China,GREATER_CHINA,Chinese,Business,None,2020-09-23,2020,RETURNING,True,MDM,2020-09-23 00:00:00,2026-04-17 15:58:36.671490
2447fd7d-9f22-404b-95a6-1c657b3665b0,CUST-2019-CN-002936,建平,王,建平 王,Female,2000-10-06,user586.apple@gmx.com,13903954459,吴街v座,丹丹市,娜市,204738,CN,China,GREATER_CHINA,Chinese,Business,None,2019-07-02,2019,RETURNING,True,MDM,2019-07-02,2026-04-17 15:58:36.671492
39d64d30-baa8-4a31-b147-6f6aa018a0e5,CUST-2020-CN-000310,璐,华,璐 华,Male,1986-12-01,user308.apple@yahoo.com,13569478631,汕尾街c座,楠市,桂英市,469707,CN,China,GREATER_CHINA,Chinese,Consumer,None,2020-05-03,2020,RETURNING,True,MDM,2020-05-03 00:00:00,2026-04-17 15:58:36.671493
a9493d6f-87e4-4e45-b930-6be2d9dd45f3,CUST-2019-CN-001295,建平,董,建平 董,Male,1986-11-22,user284.apple@gmail.com,13158228133,巢湖街s座,太原市,哈尔滨市,992500,CN,China,GREATER_CHINA,Chinese,Consumer,None,2019-05-20,2019,RETURNING,True,MDM,2019-05-20,2026-04-17 15:58:36.671495
64eeb3bd-ce57-4b32-a41b-5312320c4e68,CUST-2020-CN-000607,桂香,兰,桂香 兰,Male,1976-04-04,user964.apple@yahoo.com,18878821523,张街T座,霞县,斌市,146358,CN,China,GREATER_CHINA,Chinese,Consumer,Silver,2020-10-29,2020,RETURNING,True,MDM,2020-10-29 00:00:00,2026-04-17 15:58:36.671496
2832efd9-d213-4f7d-b81c-f0569666931c,CUST-2020-CN-000089,建军,王,建军 王,Female,1989-06-05,user495.apple961@msn.com,13811214156,叶街d座,倩市,太原县,586971,CN,China,GREATER_CHINA,Chinese,Business,Silver,2020-07-26,2020,RETURNING,True,MDM,2020-07-26 00:00:00,2026-04-17 15:58:36.671498
9a012eac-4f85-4681-b4cb-82ea7645f219,CUST-2019-CN-001393,凤英,李,凤英 李,Male,1962-05-28,user676.apple@aol.com,18292111878,王街V座,乌鲁木齐市,东莞市,207552,CN,China,GREATER_CHINA,Chinese,Consumer,None,2019-07-13,2019,RETURNING,True,MDM,2019-07-13,2026-04-17 15:58:36.671504
fd3df8a2-7c68-4ceb-ad18-48d05749875e,CUST-2020-CN-000725,凤兰,胡,凤兰 胡,Female,1982-09-05,user489.apple@protonmail.com,15811657093,银川路l座,福州市,荣县,595160,CN,China,GREATER_CHINA,Chinese,Consumer,None,2020-07-07,2020,RETURNING,True,MDM,2020-07-07 00:00:00,2026-04-17 15:58:36.671506
766f8b1c-3cb8-4ef5-a7e1-25aa58c944d8,CUST-2019-CN-001122,建平,姜,建平 姜,Male,1952-07-31,user256.apple886@msn.com,14594029964,杜路m座,西安县,深圳县,250008,CN,China,GREATER_CHINA,Chinese,Education,None,2019-01-27,2019,RETURNING,True,MDM,2019-01-27,2026-04-17 15:58:36.671507
a604b9a1-3139-4fc9-af51-bc91200ffbff,CUST-2019-CN-002721,桂兰,赖,桂兰 赖,Female,1958-06-19,user473.apple@yahoo.com,15776214748,徐路a座,丹丹县,宁德县,419455,CN,China,GREATER_CHINA,Chinese,Business,None,2019-11-19,2019,RETURNING,True,MDM,2019-11-19,2026-04-17 15:58:36.671509
d20fbfed-62a5-4684-9618-d844dbb0200a,CUST-2019-CN-002738,超,祝,超 祝,Male,1966-06-20,user539.apple36@mail.com,13345947251,重庆路q座,西安市,丽市,895310,CN,China,GREATER_CHINA,Chinese,Consumer,Platinum,2019-03-20,2019,RETURNING,True,MDM,2019-03-20,2026-04-17 15:58:36.671511
a255cb34-9361-4716-b726-972b39827dcd,CUST-2019-CN-001831,丽丽,赵,丽丽 赵,Male,1973-12-06,user936.apple@icloud.com,15281197190,张路E座,颖市,乌鲁木齐县,417972,CN,China,GREATER_CHINA,Chinese,Consumer,None,2019-02-21,2019,RETURNING,True,MDM,2019-02-21,2026-04-17 15:58:36.671512
1bc51e59-25fa-4458-b0b2-177d1d2bc002,CUST-2019-CN-000125,健,周,健 周,Male,1962-12-28,user431.apple@msn.com,18775754819,黄路Z座,霞市,俊市,578964,CN,China,GREATER_CHINA,Chinese,Business,None,2019-02-09,2019,RETURNING,True,MDM,2019-02-09,2026-04-17 15:58:36.671515
47a4d391-dc5a-43a5-850c-ab6d1dd44a80,CUST-2019-CN-002864,刚,邓,刚 邓,Male,1960-12-18,user156.apple297@aol.com,14566939029,通辽街a座,嘉禾县,阜新县,811314,CN,China,GREATER_CHINA,Chinese,Business,None,2019-10-30,2019,RETURNING,True,MDM,2019-10-30,2026-04-17 15:58:36.671517
b095d574-db89-476e-b015-439e52a288d5,CUST-2020-CN-000166,婷,孙,婷 孙,Female,1956-11-08,user987.apple239@gmail.com,13720137417,辽阳路g座,春梅县,兰英市,403667,CN,China,GREATER_CHINA,Chinese,Consumer,Silver,2020-10-30,2020,RETURNING,True,MDM,2020-10-30 00:00:00,2026-04-17 15:58:36.671518
4e429313-e658-408d-9a14-6877145eaf38,CUST-2020-CN-000723,婷婷,程,婷婷 程,Female,2002-08-02,user499.apple@mail.com,15715753603,淮安街M座,宁德市,关岭县,544245,CN,China,GREATER_CHINA,Chinese,Consumer,Silver,2020-06-11,2020,RETURNING,True,MDM,2020-06-11 00:00:00,2026-04-17 15:58:36.671519
ccfdd2be-f878-4057-ac26-40e3b85d7c59,CUST-2019-CN-000466,淑英,孙,淑英 孙,Male,1995-08-15,user242.apple@aol.com,18586030866,南宁街N座,晨县,宜都县,818454,CN,China,GREATER_CHINA,Chinese,Consumer,Silver,2019-08-22,2019,RETURNING,True,MDM,2019-08-22,2026-04-17 15:58:36.671521
2f963bbd-e2e8-4999-89d8-989ef9336962,CUST-2019-CN-002665,玉珍,龚,玉珍 龚,Male,1979-03-01,user769.apple@aol.com,13550164807,太原路X座,银川市,乌鲁木齐县,862757,CN,China,GREATER_CHINA,Chinese,Consumer,None,2019-11-19,2019,RETURNING,True,MDM,2019-11-19,2026-04-17 15:58:36.671523
04c25b98-4123-43c6-bf87-f3bd0dc8839c,CUST-2019-CN-002816,兰英,夏,兰英 夏,Female,1964-05-23,user314.apple@protonmail.com,18103431544,林路T座,飞县,佛山县,542664,CN,China,GREATER_CHINA,Chinese,Consumer,Gold,2019-10-13,2019,RETURNING,True,MDM,2019-10-13,2026-04-17 15:58:36.671524
b2bfd410-52c5-4037-8b69-4777c207a3e4,CUST-2020-CN-000512,桂芝,洪,桂芝 洪,Female,1995-02-11,user648.apple@aol.com,15775224658,赵街V座,海门县,雪梅市,513636,CN,China,GREATER_CHINA,Chinese,Consumer,None,2020-12-10,2020,RETURNING,True,MDM,2020-12-10 00:00:00,2026-04-17 15:58:36.671526
c639f2b2-5169-4303-b16b-94fe53344528,CUST-2019-CN-002284,想,蒋,想 蒋,Female,2003-10-13,user325.apple843@icloud.com,14724711357,黄路Z座,拉萨县,莹市,982740,CN,China,GREATER_CHINA,Chinese,Business,Silver,2019-02-05,2019,RETURNING,True,MDM,2019-02-05,2026-04-17 15:58:36.671528
91171e09-66f4-4c9b-83e5-a95e63ec09dc,CUST-2019-CN-002135,玉英,洪,玉英 洪,Female,1989-07-31,user227.apple359@msn.com,13268678172,通辽街o座,呼和浩特县,桂英市,575533,CN,China,GREATER_CHINA,Chinese,Consumer,Gold,2019-02-08,2019,RETURNING,True,MDM,2019-02-08,2026-04-17 15:58:36.671529
0a3de014-cc9a-43a2-a57a-2029bcd5e1c4,CUST-2019-CN-000051,旭,赵,旭 赵,Female,1971-10-19,user486.apple@protonmail.com,15354388296,关岭街e座,上海县,杭州县,571768,CN,China,GREATER_CHINA,Chinese,Consumer,None,2019-04-06,2019,RETURNING,True,MDM,2019-04-06,2026-04-17 15:58:36.671535
d1a61efc-ece8-4aea-8d59-097dbd656217,CUST-2019-CN-000898,凯,许,凯 许,Female,1954-09-03,user384.apple@live.com,13287121697,张家港路P座,玉英县,畅县,443846,CN,China,GREATER_CHINA,Chinese,Consumer,Gold,2019-05-03,2019,RETURNING,True,MDM,2019-05-03,2026-04-17 15:58:36.671536
d3782099-d32b-4859-9f45-ef03964269f0,CUST-2020-CN-000225,雷,张,雷 张,Male,2005-01-13,user415.apple747@gmail.com,15861557272,吴街D座,东莞县,嘉禾市,843918,CN,China,GREATER_CHINA,Chinese,Consumer,Silver,2020-02-21,2020,RETURNING,True,MDM,2020-02-21 00:00:00,2026-04-17 15:58:36.671538
1f4070ae-9e49-4c2b-92be-eeab3a49f08c,CUST-2019-CN-000577,宇,黎,宇 黎,Female,1965-06-11,user562.apple@mail.com,14712321235,东莞街o座,建军县,阜新县,308000,CN,China,GREATER_CHINA,Chinese,Consumer,Gold,2019-12-11,2019,RETURNING,True,MDM,2019-12-11,2026-04-17 15:58:36.671539
eed38061-ae05-4180-b414-e5db963d19cd,CUST-2020-CN-000870,平,杜,平 杜,Male,1997-09-14,user831.apple@protonmail.com,13707500753,赵街m座,莉市,建国县,762919,CN,China,GREATER_CHINA,Chinese,Business,None,2020-10-12,2020,RETURNING,True,MDM,2020-10-12 00:00:00,2026-04-17 15:58:36.671541
bb1583a5-6139-4e97-a8fa-c48cf0533c29,CUST-2019-CN-000216,丽娟,刘,丽娟 刘,Male,1996-10-26,user724.apple@aol.com,18107017657,北京路s座,淑兰市,大冶县,444987,CN,China,GREATER_CHINA,Chinese,Consumer,Gold,2019-03-10,2019,RETURNING,True,MDM,2019-03-10,2026-04-17 15:58:36.671542
8ce69753-d38d-4d07-a035-c96ef957ce17,CUST-2019-CN-002291,军,阎,军 阎,Female,1998-08-24,user589.apple@hotmail.com,15698211389,六安路R座,秀荣市,海口县,553654,CN,China,GREATER_CHINA,Chinese,Consumer,None,2019-10-26,2019,RETURNING,True,MDM,2019-10-26,2026-04-17 15:58:36.671544
7f028855-679b-4603-ad13-5a2aa274d8d6,CUST-2019-CN-002688,娜,张,娜 张,Male,1982-01-05,user902.apple342@yahoo.com,13926759630,北京街y座,台北市,佛山市,760572,CN,China,GREATER_CHINA,Chinese,Consumer,None,2019-01-26,2019,RETURNING,True,MDM,2019-01-26,2026-04-17 15:58:36.671546
fff25612-c877-41c6-9d69-012b4b0c067f,CUST-2019-CN-000891,敏,张,敏 张,Female,1987-07-20,user945.apple181@zoho.com,18517978624,郭街i座,南昌市,天津市,881517,CN,China,GREATER_CHINA,Chinese,Business,Platinum,2019-06-03,2019,RETURNING,True,MDM,2019-06-03,2026-04-17 15:58:36.671551
3044f735-6dbc-40c4-80bb-789283d28abd,CUST-2020-CN-000077,林,陈,林 陈,Female,1973-10-20,user198.apple198@mail.com,18087813275,李街Z座,海门市,秀珍市,944800,CN,China,GREATER_CHINA,Chinese,Consumer,Silver,2020-05-05,2020,RETURNING,True,MDM,2020-05-05 00:00:00,2026-04-17 15:58:36.671553
6ef6d0e8-e0e9-4d8a-a557-302cdf65926d,CUST-2020-CN-000124,勇,邱,勇 邱,Male,1954-08-23,user249.apple251@yahoo.com,13793052997,佛山路q座,霞县,桂芳市,296811,CN,China,GREATER_CHINA,Chinese,Consumer,None,2020-01-12,2020,RETURNING,True,MDM,2020-01-12 00:00:00,2026-04-17 15:58:36.671555
57878312-323d-4229-b5f2-fb04585c1412,CUST-2020-CN-000525,倩,史,倩 史,Male,2003-06-23,user862.apple@icloud.com,14563670528,郝街F座,惠州市,张家港县,685479,CN,China,GREATER_CHINA,Chinese,Consumer,None,2020-02-17,2020,RETURNING,True,MDM,2020-02-17 00:00:00,2026-04-17 15:58:36.671557
08aa1d54-97be-4f22-ad04-baa634d52dce,CUST-2019-CN-001156,娜,梁,娜 梁,Male,2000-08-31,user602.apple@gmx.com,18036999532,杨路D座,南宁县,东莞市,237404,CN,China,GREATER_CHINA,Chinese,Consumer,Gold,2019-11-04,2019,RETURNING,True,MDM,2019-11-04,2026-04-17 15:58:36.671559
ac0ff677-d75c-43a9-9010-ec7b021e318d,CUST-2019-CN-001177,建国,吴,建国 吴,Male,1979-07-07,user290.apple@yahoo.com,18269105271,张街H座,阜新县,永安市,785344,CN,China,GREATER_CHINA,Chinese,Business,Silver,2019-01-03,2019,RETURNING,True,MDM,2019-01-03,2026-04-17 15:58:36.671560
2b06fb10-6696-4f6b-87d2-12c92ab280cc,CUST-2020-CN-000236,华,赵,华 赵,Female,2008-02-12,user468.apple801@outlook.com,18735290702,龚街e座,桂芝市,金凤县,584511,CN,China,GREATER_CHINA,Chinese,Business,Platinum,2020-02-04,2020,RETURNING,True,MDM,2020-02-04 00:00:00,2026-04-17 15:58:36.671561
184b95c3-128c-4c3a-bcb6-7fb4d8c830ed,CUST-2019-CN-002545,建军,王,建军 王,Female,2000-11-04,user121.apple@icloud.com,13698046504,张家港街s座,淑兰市,长春县,451439,CN,China,GREATER_CHINA,Chinese,Consumer,None,2019-02-05,2019,RETURNING,True,MDM,2019-02-05,2026-04-17 15:58:36.671563
88e2b9a7-1d7d-4212-ac27-33560fb0c81a,CUST-2019-CN-001408,秀兰,杨,秀兰 杨,Male,2007-11-02,user901.apple@outlook.com,18977583569,嘉禾路n座,丹丹县,楠县,499603,CN,China,GREATER_CHINA,Chinese,Consumer,Gold,2019-06-23,2019,RETURNING,True,MDM,2019-06-23,2026-04-17 15:58:36.671569
1fc2b415-fdf1-439a-823c-82885d5513ff,CUST-2019-CN-000813,凯,张,凯 张,Female,1975-01-09,user903.apple586@icloud.com,13811982887,梁街i座,辛集县,六盘水市,859372,CN,China,GREATER_CHINA,Chinese,Consumer,None,2019-01-03,2019,RETURNING,True,MDM,2019-01-03,2026-04-17 15:58:36.671571
34001109-8300-4225-9a10-ad358ad13f1a,CUST-2019-CN-001747,峰,马,峰 马,Female,1994-05-03,user113.apple563@outlook.com,13127682477,刘路Q座,重庆县,台北县,355987,CN,China,GREATER_CHINA,Chinese,Education,Silver,2019-06-16,2019,RETURNING,True,MDM,2019-06-16,2026-04-17 15:58:36.671572
4c4d3cf3-bd46-4500-a6c2-c6cd052e9261,CUST-2019-CN-000700,坤,吴,坤 吴,Female,1974-10-27,user729.apple@protonmail.com,13620529760,昆明路K座,太原县,金凤县,243686,CN,China,GREATER_CHINA,Chinese,Education,None,2019-07-15,2019,RETURNING,True,MDM,2019-07-15,2026-04-17 15:58:36.671574
e8819b1c-cb08-4286-b1ca-429192998b24,CUST-2019-CN-002568,海燕,毛,海燕 毛,Male,1993-02-11,user955.apple@mail.com,14756863991,王路H座,济南市,丽娟市,926705,CN,China,GREATER_CHINA,Chinese,Education,Platinum,2019-12-24,2019,RETURNING,True,MDM,2019-12-24,2026-04-17 15:58:36.671576
be90bde1-5775-458d-9fbd-5bab8914a65b,CUST-2019-CN-000186,娜,沈,娜 沈,Male,1970-09-01,user156.apple275@hotmail.com,15744822549,石家庄路Y座,合山市,亮县,798741,CN,China,GREATER_CHINA,Chinese,Consumer,Silver,2019-06-07,2019,RETURNING,True,MDM,2019-06-07,2026-04-17 15:58:36.671577
1cef68f5-356d-4a1b-a1da-9e9fbaf9d700,CUST-2020-CN-000371,岩,曹,岩 曹,Female,1959-06-23,user816.apple@outlook.com,13172089164,深圳路Y座,宜都市,西宁县,458498,CN,China,GREATER_CHINA,Chinese,Consumer,None,2020-07-08,2020,RETURNING,True,MDM,2020-07-08 00:00:00,2026-04-17 15:58:36.671579
cbda57cd-db7d-4a8c-80ee-f85444e3be55,CUST-2020-CN-000598,建,周,建 周,Female,2002-07-18,user893.apple@aol.com,18873528987,沈阳街L座,佛山市,武汉县,239075,CN,China,GREATER_CHINA,Chinese,Consumer,None,2020-02-06,2020,RETURNING,True,MDM,2020-02-06 00:00:00,2026-04-17 15:58:36.671581
22bdba3a-e067-4541-82c9-84a489aeca96,CUST-2019-CN-002572,秀英,刘,秀英 刘,Male,1990-05-12,user993.apple@protonmail.com,15167545781,郑州街w座,上海市,西安县,764549,CN,China,GREATER_CHINA,Chinese,Education,Gold,2019-04-19,2019,RETURNING,True,MDM,2019-04-19,2026-04-17 15:58:36.671586
93e0d363-1d30-4d18-a28a-aa2d87f3ea07,CUST-2019-CN-002842,晶,王,晶 王,Female,1972-10-03,user589.apple@hotmail.com,13197962475,荆门街T座,波市,六盘水市,987751,CN,China,GREATER_CHINA,Chinese,Business,None,2019-11-09,2019,RETURNING,True,MDM,2019-11-09,2026-04-17 15:58:36.671588
ec683bf0-721e-4a71-9e6f-51c2350b1536,CUST-2019-CN-002909,勇,吴,勇 吴,Female,1993-08-04,user216.apple@hotmail.com,15022224197,郑路i座,宜都市,长春市,794649,CN,China,GREATER_CHINA,Chinese,Consumer,Silver,2019-09-27,2019,RETURNING,True,MDM,2019-09-27,2026-04-17 15:58:36.671589
b46eed1f-7a06-4981-a740-ef439b0d4fac,CUST-2019-CN-002579,红,张,红 张,Male,1950-10-15,user138.apple630@live.com,18583524687,重庆街k座,南京市,秀云市,413748,CN,China,GREATER_CHINA,Chinese,Consumer,None,2019-03-19,2019,RETURNING,True,MDM,2019-03-19,2026-04-17 15:58:36.671591
a437fe4f-54e9-4414-a4b9-60e7a51a4c38,CUST-2020-CN-000885,冬梅,李,冬梅 李,Female,1966-03-25,user980.apple@mail.com,15005052606,吴街n座,成都市,长春市,272467,CN,China,GREATER_CHINA,Chinese,Business,Platinum,2020-06-12,2020,RETURNING,True,MDM,2020-06-12 00:00:00,2026-04-17 15:58:36.671593
aba8d291-6d30-44c9-b16e-3613d06344d9,CUST-2019-CN-002241,桂荣,张,桂荣 张,Male,1990-09-03,user383.apple@protonmail.com,18762606989,巢湖路V座,梧州市,峰县,646319,CN,China,GREATER_CHINA,Chinese,Consumer,None,2019-12-11,2019,RETURNING,True,MDM,2019-12-11,2026-04-17 15:58:36.671595
285e16ef-3451-40c7-a648-1dae0f031cb1,CUST-2019-CN-002210,斌,唐,斌 唐,Male,1982-12-13,user670.apple@protonmail.com,18599879950,关岭街X座,雷市,欣市,633289,CN,China,GREATER_CHINA,Chinese,Consumer,None,2019-10-28,2019,RETURNING,False,MDM,2019-10-28,2026-04-17 15:58:36.671596
13373662-2f03-4d24-a704-2d9b7fff8b34,CUST-2019-CN-000079,淑珍,陈,淑珍 陈,Female,1966-05-17,user136.apple@gmx.com,13502636117,梁路a座,璐县,武汉县,846662,CN,China,GREATER_CHINA,Chinese,Consumer,Gold,2019-09-15,2019,RETURNING,True,MDM,2019-09-15,2026-04-17 15:58:36.671598
9b5118cf-7572-403a-82f4-bf9f73fa14dd,CUST-2020-CN-000699,丽,邸,丽 邸,Male,1969-12-01,user357.apple@aol.com,13178783750,赵街D座,东莞市,丽娟县,931616,CN,China,GREATER_CHINA,Chinese,Consumer,Silver,2020-11-01,2020,RETURNING,True,MDM,2020-11-01 00:00:00,2026-04-17 15:58:36.671603
fe60a9c8-365f-4e30-8a6f-ff4365e266dd,CUST-2019-CN-001270,静,李,静 李,Male,1977-07-06,user506.apple@outlook.com,14704274374,田街l座,成都县,淑珍县,644812,CN,China,GREATER_CHINA,Chinese,Education,Platinum,2019-07-19,2019,RETURNING,True,MDM,2019-07-19,2026-04-17 15:58:36.671605
5392d007-1d1d-4aa6-951a-8c68ed9e8eb6,CUST-2019-CN-001171,杰,阮,杰 阮,Female,2001-05-28,user970.apple@mail.com,15751474542,海门路S座,哈尔滨市,淑兰市,528779,CN,China,GREATER_CHINA,Chinese,Consumer,Platinum,2019-03-12,2019,RETURNING,True,MDM,2019-03-12,2026-04-17 15:58:36.671606
78d41780-302d-49e9-9e26-e4caadce50c6,CUST-2020-CN-000007,霞,刘,霞 刘,Male,1970-06-28,user975.apple@yahoo.com,15894566354,邯郸街k座,南京市,琴市,681756,CN,China,GREATER_CHINA,Chinese,Business,Silver,2020-10-10,2020,RETURNING,True,MDM,2020-10-10 00:00:00,2026-04-17 15:58:36.671608
b1e05a3e-fd21-4a61-8bc5-45bafe11f793,CUST-2020-CN-000439,燕,文,燕 文,Female,1977-03-15,user110.apple@mail.com,13307593461,马鞍山路b座,银川市,鑫市,182887,CN,China,GREATER_CHINA,Chinese,Consumer,Gold,2020-09-08,2020,RETURNING,True,MDM,2020-09-08 00:00:00,2026-04-17 15:58:36.671609
4acdf244-acd1-4c8f-8f45-1db34d640475,CUST-2020-CN-000614,建国,侯,建国 侯,Male,2004-10-02,user873.apple382@zoho.com,18517943059,武汉路h座,云县,秀兰县,218299,CN,China,GREATER_CHINA,Chinese,Business,Silver,2020-03-16,2020,RETURNING,True,MDM,2020-03-16 00:00:00,2026-04-17 15:58:36.671611
d0205af0-2bf1-427a-9690-6563c4647c35,CUST-2020-CN-000888,婷,谢,婷 谢,Male,1985-01-05,user366.apple@gmail.com,15119424393,郑州路A座,兴城市,丽丽市,945281,CN,China,GREATER_CHINA,Chinese,Consumer,None,2020-09-22,2020,RETURNING,True,MDM,2020-09-22 00:00:00,2026-04-17 15:58:36.671612
77ec6a4e-8ebb-4c0e-9dc8-58341f4f5022,CUST-2019-CN-001919,琴,王,琴 王,Female,2002-05-12,user782.apple@zoho.com,13744594473,鲁路I座,秀梅县,六安市,269260,CN,China,GREATER_CHINA,Chinese,Consumer,None,2019-09-19,2019,RETURNING,True,MDM,2019-09-19,2026-04-17 15:58:36.671614
782f6119-8f40-4fc0-95dd-7873f81a0f1e,CUST-2019-CN-002340,小红,马,小红 马,Female,1992-04-06,user925.apple@hotmail.com,13266914732,樊路h座,上海县,海门市,473680,CN,China,GREATER_CHINA,Chinese,Business,Gold,2019-04-20,2019,RETURNING,True,MDM,2019-04-20,2026-04-17 15:58:36.671616
fdcc662d-9552-4701-867b-ed31a1b194ec,CUST-2019-CN-002425,淑英,沈,淑英 沈,Male,1985-04-23,user149.apple@msn.com,13984482913,乌鲁木齐路I座,西安县,萍县,911499,CN,China,GREATER_CHINA,Chinese,Consumer,Gold,2019-07-22,2019,RETURNING,True,MDM,2019-07-22,2026-04-17 15:58:36.671621
0030bb3f-2204-4711-9ee8-fc414d3a6fd1,CUST-2020-CN-000651,帅,刘,帅 刘,Male,1951-08-20,user263.apple@hotmail.com,14722855472,西安街f座,静县,坤县,527304,CN,China,GREATER_CHINA,Chinese,Consumer,None,2020-07-02,2020,RETURNING,True,MDM,2020-07-02 00:00:00,2026-04-17 15:58:36.671623
bb6adde5-32e0-429e-ab3e-aa1d8e701f4b,CUST-2019-CN-000164,红,符,红 符,Male,1953-12-17,user618.apple@yahoo.com,15063221933,黄街z座,重庆市,柳市,542257,CN,China,GREATER_CHINA,Chinese,Consumer,Platinum,2019-10-22,2019,RETURNING,True,MDM,2019-10-22,2026-04-17 15:58:36.671624
27bd95f4-450c-4798-94cc-52ea17e81414,CUST-2020-CN-000679,桂芝,刘,桂芝 刘,Female,1980-04-01,user444.apple@hotmail.com,15946932387,张街Y座,东莞县,银川市,300620,CN,China,GREATER_CHINA,Chinese,Consumer,None,2020-04-23,2020,RETURNING,True,MDM,2020-04-23 00:00:00,2026-04-17 15:58:36.671626
09e1e07b-1eeb-435f-981d-b4ca0f3bb75c,CUST-2019-CN-001284,玉华,马,玉华 马,Female,2007-09-22,user270.apple@icloud.com,18631983575,台北街u座,石家庄县,小红县,775907,CN,China,GREATER_CHINA,Chinese,Consumer,None,2019-01-20,2019,RETURNING,True,MDM,2019-01-20,2026-04-17 15:58:36.671628
ce069f96-8797-4ce2-9273-7917cbc9a481,CUST-2020-CN-000136,宇,徐,宇 徐,Female,1980-06-06,user701.apple@gmx.com,15919068967,哈尔滨路h座,齐齐哈尔县,南昌县,567263,CN,China,GREATER_CHINA,Chinese,Education,None,2020-11-18,2020,RETURNING,True,MDM,2020-11-18 00:00:00,2026-04-17 15:58:36.671629
d356d6d7-f1b7-431b-bf84-b82fa4ff6cfe,CUST-2019-CN-002538,成,吴,成 吴,Female,1960-09-10,user567.apple@zoho.com,13596739233,萧街k座,玉华县,柳州市,994760,CN,China,GREATER_CHINA,Chinese,Business,Gold,2019-08-05,2019,RETURNING,True,MDM,2019-08-05,2026-04-17 15:58:36.671631
662f8162-8ecd-4a1f-9a79-50b0a489147b,CUST-2019-CN-000438,玉珍,张,玉珍 张,Male,2000-06-28,user585.apple@zoho.com,13710757738,吴街s座,春梅县,海门市,779706,CN,China,GREATER_CHINA,Chinese,Consumer,None,2019-04-12,2019,RETURNING,True,MDM,2019-04-12,2026-04-17 15:58:36.671632
d591defd-acb9-4f5e-a603-c03a657559d7,CUST-2019-CN-002921,博,韩,博 韩,Female,2007-08-20,user646.apple@gmail.com,18229482939,刘街u座,建国市,秀华县,121254,CN,China,GREATER_CHINA,Chinese,Consumer,Silver,2019-01-20,2019,RETURNING,True,MDM,2019-01-20,2026-04-17 15:58:36.671638
9edc582a-fd32-4c4b-90ac-bb82c2393cee,CUST-2019-CN-000580,敏,吴,敏 吴,Female,2003-05-02,user298.apple@mail.com,13791029110,沈阳街I座,霞县,辛集市,568590,CN,China,GREATER_CHINA,Chinese,Education,None,2019-09-21,2019,RETURNING,True,MDM,2019-09-21,2026-04-17 15:58:36.671640
86e0246a-09c6-4f3d-83fb-0881aead3159,CUST-2019-CN-001773,小红,李,小红 李,Male,2004-01-13,user976.apple@gmx.com,18037262359,兰州街v座,西安市,澳门县,109900,CN,China,GREATER_CHINA,Chinese,Consumer,Silver,2019-11-18,2019,RETURNING,True,MDM,2019-11-18,2026-04-17 15:58:36.671642
f6976a30-2d65-42e6-af79-42ef6cf152c3,CUST-2019-CN-001019,兵,唐,兵 唐,Male,2004-12-30,user790.apple@aol.com,14592495268,刘路d座,洋县,磊市,900495,CN,China,GREATER_CHINA,Chinese,Consumer,None,2019-10-23,2019,RETURNING,True,MDM,2019-10-23,2026-04-17 15:58:36.671643
2487b6ce-82d6-4741-a2af-ba90e6f2a0fe,CUST-2020-CN-000912,英,胡,英 胡,Female,1956-05-27,user378.apple@msn.com,14508401530,郑州路h座,燕市,西安市,810063,CN,China,GREATER_CHINA,Chinese,Consumer,None,2020-05-29,2020,RETURNING,True,MDM,2020-05-29 00:00:00,2026-04-17 15:58:36.671646
830c2980-3046-45d5-a4d2-e250dff955a2,CUST-2019-CN-001717,红梅,郑,红梅 郑,Female,1997-03-23,user977.apple@gmx.com,13286029357,王街G座,长春市,哈尔滨县,726056,CN,China,GREATER_CHINA,Chinese,Business,Platinum,2019-12-12,2019,RETURNING,True,MDM,2019-12-12,2026-04-17 15:58:36.671647
48770e1a-4c3c-49b3-85ec-5c813dfeae0a,CUST-2020-CN-000931,桂香,谭,桂香 谭,Female,1995-05-13,user605.apple@protonmail.com,14511407196,乌鲁木齐路b座,桂英市,六盘水市,114729,CN,China,GREATER_CHINA,Chinese,Education,Silver,2020-11-19,2020,RETURNING,True,MDM,2020-11-19 00:00:00,2026-04-17 15:58:36.671648
51891b53-ac5e-4677-a700-53b885dc4dbb,CUST-2019-CN-001050,想,王,想 王,Male,1968-05-20,user897.apple188@icloud.com,15144999022,柳州街Y座,六盘水市,健市,847456,CN,China,GREATER_CHINA,Chinese,Business,None,2019-03-05,2019,RETURNING,True,MDM,2019-03-05,2026-04-17 15:58:36.671650
44b90d93-902a-458e-87a5-eb1c0e7a6667,CUST-2020-CN-000972,桂花,邓,桂花 邓,Female,1955-09-08,user265.apple@zoho.com,15740175930,侯路I座,雷县,巢湖县,777040,CN,China,GREATER_CHINA,Chinese,Consumer,None,2020-10-03,2020,RETURNING,True,MDM,2020-10-03 00:00:00,2026-04-17 15:58:36.671656
4262113e-8bfd-4389-a493-ca28d1450e50,CUST-2020-CN-000756,峰,何,峰 何,Female,1981-01-23,user691.apple97@zoho.com,13605518638,杭州街D座,桂芳市,桂花市,897924,CN,China,GREATER_CHINA,Chinese,Consumer,None,2020-09-07,2020,RETURNING,False,MDM,2020-09-07 00:00:00,2026-04-17 15:58:36.671658
850f87a0-9559-49c9-8ac7-cfe4ab2801d6,CUST-2019-CN-002964,娜,李,娜 李,Female,1957-04-21,user443.apple652@icloud.com,18940478899,耿路T座,北京县,红市,483171,CN,China,GREATER_CHINA,Chinese,Consumer,None,2019-05-04,2019,RETURNING,True,MDM,2019-05-04,2026-04-17 15:58:36.671659
bce6196b-ddcb-4eec-a901-c07497ebad76,CUST-2020-CN-000530,刚,严,刚 严,Male,1989-01-27,user230.apple@hotmail.com,18021382907,辽阳街h座,丽娟县,长春县,835568,CN,China,GREATER_CHINA,Chinese,Consumer,Silver,2020-12-15,2020,RETURNING,True,MDM,2020-12-15 00:00:00,2026-04-17 15:58:36.671661
7dde6768-4a99-451c-b35d-0ae0a541f0a7,CUST-2019-CN-002567,俊,彭,俊 彭,Male,1953-02-06,user763.apple59@hotmail.com,15566936394,刘街o座,成市,秀梅市,670467,CN,China,GREATER_CHINA,Chinese,Education,Silver,2019-09-11,2019,RETURNING,True,MDM,2019-09-11,2026-04-17 15:58:36.671662
64543438-3413-45d0-8a26-a08726cdb596,CUST-2019-CN-002939,丽娟,邓,丽娟 邓,Female,1977-04-13,user980.apple@icloud.com,15143932503,辽阳路M座,超县,佛山市,457482,CN,China,GREATER_CHINA,Chinese,Consumer,None,2019-07-25,2019,RETURNING,True,MDM,2019-07-25,2026-04-17 15:58:36.671664
8f6ae126-ce38-46c1-a771-db0e7f1f1579,CUST-2020-CN-000228,桂兰,张,桂兰 张,Male,1977-03-26,user993.apple@mail.com,13800056615,贵阳街M座,柳州市,宁德市,998675,CN,China,GREATER_CHINA,Chinese,Business,Gold,2020-12-26,2020,RETURNING,True,MDM,2020-12-26 00:00:00,2026-04-17 15:58:36.671666
127ea895-b751-463a-b53d-833536e318f5,CUST-2020-CN-000165,慧,李,慧 李,Female,1957-03-29,user592.apple@hotmail.com,15992524038,杨街u座,瑞市,佛山市,592076,CN,China,GREATER_CHINA,Chinese,Business,None,2020-05-01,2020,RETURNING,True,MDM,2020-05-01 00:00:00,2026-04-17 15:58:36.671667
e4ed509d-e0c5-4368-81f4-99ee1bcbb655,CUST-2019-CN-001080,雪梅,梁,雪梅 梁,Male,1964-06-01,user945.apple@live.com,18755603153,周街q座,哈尔滨市,梅县,422156,CN,China,GREATER_CHINA,Chinese,Consumer,Silver,2019-06-21,2019,RETURNING,False,MDM,2019-06-21,2026-04-17 15:58:36.671673
adde7ada-a233-4043-9a99-04f9aece74e2,CUST-2019-CN-001924,龙,刘,龙 刘,Female,1961-03-27,user901.apple@hotmail.com,15949756493,邓街P座,福州县,丽丽县,636478,CN,China,GREATER_CHINA,Chinese,Consumer,None,2019-06-28,2019,RETURNING,True,MDM,2019-06-28,2026-04-17 15:58:36.671675
5eb4e065-c3a5-4dd3-934d-31e7a614cd8f,CUST-2020-CN-000403,红梅,韩,红梅 韩,Female,1952-04-20,user425.apple69@zoho.com,13021058847,南昌路w座,福州市,彬县,442107,CN,China,GREATER_CHINA,Chinese,Business,None,2020-04-11,2020,RETURNING,True,MDM,2020-04-11 00:00:00,2026-04-17 15:58:36.671676
29ada4d0-367d-40a0-8545-44b440d5ac63,CUST-2019-CN-001803,英,许,英 许,Female,1991-05-24,user995.apple@zoho.com,13361176282,王路o座,璐县,六盘水县,867731,CN,China,GREATER_CHINA,Chinese,Business,Gold,2019-02-06,2019,RETURNING,True,MDM,2019-02-06,2026-04-17 15:58:36.671678
ceaa090d-8b30-4a0e-b1e5-1c2a3cab96fd,CUST-2019-CN-002500,娟,周,娟 周,Female,1961-06-19,user547.apple@mail.com,13335327400,吕街v座,关岭县,军市,470358,CN,China,GREATER_CHINA,Chinese,Consumer,None,2019-11-17,2019,RETURNING,True,MDM,2019-11-17,2026-04-17 15:58:36.671680
dedecde9-cca0-4402-be80-9379a6e0c80d,CUST-2019-CN-002653,坤,杨,坤 杨,Male,1955-12-17,user256.apple@msn.com,14730131927,太原街f座,雪梅市,玉梅县,820026,CN,China,GREATER_CHINA,Chinese,Consumer,None,2019-03-17,2019,RETURNING,True,MDM,2019-03-17,2026-04-17 15:58:36.671682
b0916b12-ea51-43d8-8a78-570b4d0ef41c,CUST-2019-CN-002874,凤兰,陈,凤兰 陈,Female,1981-04-22,user131.apple@mail.com,15859762665,汕尾路C座,昆明市,华县,764426,CN,China,GREATER_CHINA,Chinese,Consumer,Gold,2019-11-15,2019,RETURNING,True,MDM,2019-11-15,2026-04-17 15:58:36.671683
ad34a381-05ec-4465-8e97-cde7202a336c,CUST-2019-CN-000535,婷婷,沈,婷婷 沈,Female,1977-10-18,user116.apple456@live.com,15564025793,陈路A座,东莞市,南宁市,929242,CN,China,GREATER_CHINA,Chinese,Education,None,2019-02-09,2019,RETURNING,True,MDM,2019-02-09,2026-04-17 15:58:36.671685
c2e0e5c0-6612-4769-a4ad-8f84035534dc,CUST-2020-CN-000341,健,王,健 王,Male,1974-02-16,user683.apple350@msn.com,18562952084,王路I座,福州县,洋县,234691,CN,China,GREATER_CHINA,Chinese,Consumer,Silver,2020-02-01,2020,RETURNING,False,MDM,2020-02-01 00:00:00,2026-04-17 15:58:36.671686
e493140e-59f5-48d9-a35f-82181ccc5f95,CUST-2020-CN-000580,洋,李,洋 李,Male,1964-01-19,user392.apple700@outlook.com,13022204028,陈街W座,燕市,桂英县,324788,CN,China,GREATER_CHINA,Chinese,Consumer,Silver,2020-10-08,2020,RETURNING,True,MDM,2020-10-08 00:00:00,2026-04-17 15:58:36.671691
69e1f243-f8c3-48c6-a309-96f1b3ef94df,CUST-2019-CN-001248,芳,李,芳 李,Female,1953-02-05,user910.apple248@gmail.com,18556212162,齐齐哈尔路o座,汕尾县,兴城市,150696,CN,China,GREATER_CHINA,Chinese,Consumer,None,2019-07-03,2019,RETURNING,True,MDM,2019-07-03,2026-04-17 15:58:36.671693
d68ca9ca-6329-4937-98bc-444061b35051,CUST-2020-CN-000280,彬,杨,彬 杨,Male,1989-07-03,user540.apple@icloud.com,18012167817,李路x座,兴城县,辉市,280303,CN,China,GREATER_CHINA,Chinese,Consumer,None,2020-08-28,2020,RETURNING,True,MDM,2020-08-28 00:00:00,2026-04-17 15:58:36.671695
e1922291-ddf5-4ed8-8794-753bd794a07a,CUST-2019-CN-000275,成,郭,成 郭,Female,1964-04-07,user599.apple@gmail.com,13708001151,潜江路X座,银川市,平县,860654,CN,China,GREATER_CHINA,Chinese,Consumer,None,2019-01-26,2019,RETURNING,True,MDM,2019-01-26,2026-04-17 15:58:36.671697
95988c1e-160a-4962-a0b9-fd43a23a0477,CUST-2019-CN-002151,阳,曲,阳 曲,Female,2001-10-28,user317.apple@aol.com,18816067933,西安路K座,海门市,宁市,769308,CN,China,GREATER_CHINA,Chinese,Consumer,Gold,2019-03-16,2019,RETURNING,True,MDM,2019-03-16,2026-04-17 15:58:36.671698
da321669-235b-4836-a338-eba01ef41ba6,CUST-2019-CN-002510,华,田,华 田,Female,1970-12-30,user278.apple@msn.com,18061239853,朱路v座,潮州县,大冶县,991986,CN,China,GREATER_CHINA,Chinese,Consumer,Silver,2019-12-14,2019,RETURNING,True,MDM,2019-12-14,2026-04-17 15:58:36.671700
6c08489f-ef84-4ef1-90b0-34ae063780d8,CUST-2019-CN-000358,淑珍,杨,淑珍 杨,Male,1974-12-30,user434.apple@icloud.com,15336433239,拉萨街N座,秀珍县,大冶县,215190,CN,China,GREATER_CHINA,Chinese,Consumer,None,2019-10-23,2019,RETURNING,True,MDM,2019-10-23,2026-04-17 15:58:36.671702
c85b50c7-09df-45cc-b698-59990c39fc0b,CUST-2019-CN-001217,浩,陈,浩 陈,Female,1984-04-03,user317.apple@hotmail.com,15150507640,上海路H座,勇县,峰县,442884,CN,China,GREATER_CHINA,Chinese,Business,None,2019-03-11,2019,RETURNING,True,MDM,2019-03-11,2026-04-17 15:58:36.671703
a6e360ae-93ec-49af-ac0d-996a98dc10b3,CUST-2019-CN-000706,宇,田,宇 田,Female,1998-01-28,user991.apple@aol.com,15766646336,荆门路R座,玉珍县,淑华市,968309,CN,China,GREATER_CHINA,Chinese,Consumer,None,2019-02-27,2019,RETURNING,True,MDM,2019-02-27,2026-04-17 15:58:36.671709
8951d0f1-c307-4f15-80a9-527a47ffa2b1,CUST-2020-CN-000270,健,童,健 童,Male,1975-10-05,user819.apple@hotmail.com,15394689717,赵路l座,大冶县,欢县,595465,CN,China,GREATER_CHINA,Chinese,Consumer,Silver,2020-06-18,2020,RETURNING,True,MDM,2020-06-18 00:00:00,2026-04-17 15:58:36.671711
4487a889-f5b2-460b-834e-6d2c79a3b323,CUST-2020-CN-000749,佳,呼,佳 呼,Female,1996-06-24,user297.apple@protonmail.com,15311294773,曹街w座,健县,岩市,615931,CN,China,GREATER_CHINA,Chinese,Business,None,2020-03-31,2020,RETURNING,True,MDM,2020-03-31 00:00:00,2026-04-17 15:58:36.671712
1a25fa36-8a7e-4c7d-9f36-c47f34227a6f,CUST-2019-CN-001956,建平,梁,建平 梁,Male,1976-02-16,user143.apple447@protonmail.com,18105838994,上海路R座,艳市,通辽市,426746,CN,China,GREATER_CHINA,Chinese,Consumer,None,2019-05-09,2019,RETURNING,True,MDM,2019-05-09,2026-04-17 15:58:36.671714
09054d72-65c6-49f0-8b38-1749bd25860b,CUST-2020-CN-000480,凯,李,凯 李,Female,1974-03-05,user623.apple@hotmail.com,15025575640,沈阳路D座,柳州市,石家庄市,683121,CN,China,GREATER_CHINA,Chinese,Consumer,None,2020-04-26,2020,RETURNING,True,MDM,2020-04-26 00:00:00,2026-04-17 15:58:36.671716
9c36073e-a986-4ed0-b520-a72b4ee10c6d,CUST-2019-CN-000982,静,刘,静 刘,Female,1982-01-21,user715.apple333@icloud.com,13331620929,兴安盟街u座,天津市,成都市,965172,CN,China,GREATER_CHINA,Chinese,Consumer,Platinum,2019-10-07,2019,RETURNING,True,MDM,2019-10-07,2026-04-17 15:58:36.671717
1ebe7700-4a1e-48fc-85a3-4bc071a3dbc2,CUST-2019-CN-001694,坤,白,坤 白,Male,1979-10-14,user651.apple@gmail.com,13935207719,杨街k座,淑英市,贵阳市,838411,CN,China,GREATER_CHINA,Chinese,Consumer,None,2019-05-09,2019,RETURNING,True,MDM,2019-05-09,2026-04-17 15:58:36.671719
68ec834b-77e3-41ff-8498-19825c86448d,CUST-2019-CN-002557,莹,滕,莹 滕,Female,1978-08-26,user895.apple77@live.com,18220191700,台北路n座,深圳市,娟市,457314,CN,China,GREATER_CHINA,Chinese,Consumer,Silver,2019-04-13,2019,RETURNING,True,MDM,2019-04-13,2026-04-17 15:58:36.671721
98be8c7e-63d0-4c7c-9eb0-7ff286a69b83,CUST-2019-CN-002475,荣,鞠,荣 鞠,Female,1969-04-12,user485.apple@protonmail.com,13267219044,常路k座,娟县,北京市,391674,CN,China,GREATER_CHINA,Chinese,Consumer,None,2019-10-15,2019,RETURNING,True,MDM,2019-10-15,2026-04-17 15:58:36.671726
857da902-dced-40e9-85b2-6ec561883f89,CUST-2019-CN-002543,淑珍,胡,淑珍 胡,Male,1950-12-03,user515.apple912@live.com,13268513218,田路p座,芳县,丹丹县,390955,CN,China,GREATER_CHINA,Chinese,Consumer,None,2019-03-21,2019,RETURNING,True,MDM,2019-03-21,2026-04-17 15:58:36.671728
00f20ae8-3e47-4d07-b5b5-bd0e6b0336b7,CUST-2020-CN-000812,凯,杨,凯 杨,Male,1987-11-13,user308.apple@hotmail.com,15998988326,李街Z座,玉兰县,淮安市,448509,CN,China,GREATER_CHINA,Chinese,Consumer,None,2020-04-04,2020,RETURNING,True,MDM,2020-04-04 00:00:00,2026-04-17 15:58:36.671730
c4bdd1c6-dd7a-402d-afba-f1af12d15593,CUST-2019-CN-002252,娟,周,娟 周,Female,1971-01-13,user276.apple@icloud.com,15672857915,哈尔滨路g座,呼和浩特县,晨市,287065,CN,China,GREATER_CHINA,Chinese,Consumer,Gold,2019-03-23,2019,RETURNING,True,MDM,2019-03-23,2026-04-17 15:58:36.671732
66be6668-eda0-465d-b81e-9d0a5d4242b9,CUST-2019-CN-000383,秀荣,王,秀荣 王,Female,1974-05-23,user284.apple@mail.com,15831278462,胡街D座,梧州县,佛山县,363301,CN,China,GREATER_CHINA,Chinese,Consumer,Silver,2019-07-09,2019,RETURNING,True,MDM,2019-07-09,2026-04-17 15:58:36.671733
a907f6e9-29e9-4a8b-b0c0-56236d54d90a,CUST-2020-CN-000738,桂芳,潘,桂芳 潘,Male,1954-08-03,user937.apple135@icloud.com,15941639247,王路q座,沈阳县,重庆市,595924,CN,China,GREATER_CHINA,Chinese,Consumer,Platinum,2020-08-21,2020,RETURNING,True,MDM,2020-08-21 00:00:00,2026-04-17 15:58:36.671735
a81812da-5903-48c2-81b1-d73d8f29648c,CUST-2019-CN-001812,柳,时,柳 时,Male,1958-02-09,user520.apple@gmx.com,15785490699,哈尔滨路D座,辛集县,凯市,902275,CN,China,GREATER_CHINA,Chinese,Business,None,2019-07-10,2019,RETURNING,True,MDM,2019-07-10,2026-04-17 15:58:36.671737
57f9bb65-376c-47b9-8ae9-38428e4831f0,CUST-2019-CN-000928,勇,张,勇 张,Male,1977-07-14,user149.apple984@protonmail.com,18619777774,邯郸路p座,金凤县,武汉市,150767,CN,China,GREATER_CHINA,Chinese,Consumer,Platinum,2019-11-18,2019,RETURNING,True,MDM,2019-11-18,2026-04-17 15:58:36.671738
8860e783-64eb-4067-af4f-c62849efba4a,CUST-2019-CN-002373,凯,梁,凯 梁,Female,1964-12-18,user243.apple@outlook.com,13896852680,重庆路R座,合山县,张家港市,360659,CN,China,GREATER_CHINA,Chinese,Business,Silver,2019-05-13,2019,RETURNING,True,MDM,2019-05-13,2026-04-17 15:58:36.671740
f499be4b-7a98-4006-a5d9-96743f3b7fa8,CUST-2019-CN-000729,超,王,超 王,Female,1996-10-23,user612.apple@aol.com,13390247055,王街p座,合肥市,莉市,282581,CN,China,GREATER_CHINA,Chinese,Consumer,None,2019-10-15,2019,RETURNING,True,MDM,2019-10-15,2026-04-17 15:58:36.671741
a2de83fe-a09c-445a-a008-886942da4789,CUST-2020-CN-000051,浩,许,浩 许,Male,1953-07-14,user113.apple@aol.com,13439557539,朱街M座,兰州市,敏市,910423,CN,China,GREATER_CHINA,Chinese,Education,None,2020-01-17,2020,RETURNING,True,MDM,2020-01-17 00:00:00,2026-04-17 15:58:36.671743
bd8e70a1-e1f8-44f3-bb1f-058db1405f59,CUST-2019-CN-001605,刚,林,刚 林,Female,1958-06-05,user696.apple@icloud.com,15997139962,广州路M座,刚县,秀梅市,608317,CN,China,GREATER_CHINA,Chinese,Consumer,Silver,2019-07-04,2019,RETURNING,True,MDM,2019-07-04,2026-04-17 15:58:36.671745
cd8c7487-4cc8-412a-a17d-590c8c29c08e,CUST-2020-CN-001031,婷,方,婷 方,Female,1955-04-13,user853.apple260@zoho.com,13292711723,龙路p座,秀云市,南昌县,510940,CN,China,GREATER_CHINA,Chinese,Consumer,None,2020-09-30,2020,RETURNING,True,MDM,2020-09-30 00:00:00,2026-04-17 15:58:36.671746
fc4a251a-39ec-4c0a-a14a-5cdb304cb602,CUST-2019-CN-001011,丹丹,王,丹丹 王,Female,1951-12-30,user486.apple@zoho.com,13091208034,黄街A座,沈阳市,汕尾县,487508,CN,China,GREATER_CHINA,Chinese,Consumer,None,2019-11-27,2019,RETURNING,True,MDM,2019-11-27,2026-04-17 15:58:36.671748
d483cfd3-eed9-49e5-8452-fe5ee14e0c7e,CUST-2019-CN-002014,凤兰,何,凤兰 何,Female,1978-08-12,user518.apple@live.com,15976531869,赵街C座,丽华市,马鞍山县,110487,CN,China,GREATER_CHINA,Chinese,Consumer,Gold,2019-08-18,2019,RETURNING,True,MDM,2019-08-18,2026-04-17 15:58:36.671749
8adcc0a3-ab59-4d08-8b53-2de31f9ccd4e,CUST-2020-CN-001043,红霞,杨,红霞 杨,Male,1983-06-16,user381.apple@zoho.com,13291099068,太原街e座,巢湖县,博市,822279,CN,China,GREATER_CHINA,Chinese,Consumer,Gold,2020-08-06,2020,RETURNING,True,MDM,2020-08-06 00:00:00,2026-04-17 15:58:36.671751
7e2adb29-29d8-4649-bf91-a5810fba0b77,CUST-2020-CN-000153,志强,曹,志强 曹,Female,1952-03-12,user718.apple@zoho.com,15385332778,陈路y座,敏市,惠州县,361282,CN,China,GREATER_CHINA,Chinese,Consumer,None,2020-03-23,2020,RETURNING,True,MDM,2020-03-23 00:00:00,2026-04-17 15:58:36.671753
af78b8da-352f-4faa-912b-8123b68cdb75,CUST-2019-CN-000252,凤英,黄,凤英 黄,Female,1999-11-09,user763.apple@protonmail.com,18187682221,关岭街H座,龙市,莉市,760588,CN,China,GREATER_CHINA,Chinese,Consumer,Silver,2019-08-11,2019,RETURNING,True,MDM,2019-08-11,2026-04-17 15:58:36.671754
d257c0e9-f92a-4100-92d2-aa1780d7ae80,CUST-2020-CN-000416,明,刘,明 刘,Male,2000-11-07,user839.apple@mail.com,15625800504,曹街m座,贵阳县,淑珍市,461652,CN,China,GREATER_CHINA,Chinese,Consumer,Gold,2020-08-08,2020,RETURNING,True,MDM,2020-08-08 00:00:00,2026-04-17 15:58:36.671756
b5eb3d9c-3918-41ad-96c2-55b586a3dccd,CUST-2019-CN-001696,玉英,姬,玉英 姬,Female,1955-01-25,user197.apple@msn.com,15386449282,东莞街x座,秀珍市,利市,570449,CN,China,GREATER_CHINA,Chinese,Consumer,Gold,2019-08-30,2019,RETURNING,True,MDM,2019-08-30,2026-04-17 15:58:36.671757
35274e63-ac1b-4605-86e0-d9fec9ed5820,CUST-2019-CN-000658,婷,贺,婷 贺,Male,2000-06-06,user236.apple@aol.com,15614302208,刘路O座,海门市,呼和浩特县,212856,CN,China,GREATER_CHINA,Chinese,Consumer,None,2019-03-30,2019,RETURNING,True,MDM,2019-03-30,2026-04-17 15:58:36.671759
b8f3abc9-f4e8-4386-9d67-ff6e276c3ba8,CUST-2020-CN-000911,冬梅,刘,冬梅 刘,Female,2007-11-10,user117.apple@mail.com,13444137074,佛山路a座,莉市,桂芳县,910773,CN,China,GREATER_CHINA,Chinese,Consumer,Silver,2020-01-31,2020,RETURNING,True,MDM,2020-01-31 00:00:00,2026-04-17 15:58:36.671760
7809cbf4-7967-4982-bdf7-a6a79e3ec088,CUST-2019-CN-002670,瑜,秦,瑜 秦,Male,1996-05-03,user145.apple@msn.com,18888197731,辽阳路A座,凤兰市,辉市,789716,CN,China,GREATER_CHINA,Chinese,Consumer,Gold,2019-03-08,2019,RETURNING,True,MDM,2019-03-08,2026-04-17 15:58:36.671762
26f0cb53-ddba-4be7-ac26-7ee15eda94bf,CUST-2019-CN-001320,慧,陈,慧 陈,Male,1964-05-24,user898.apple@aol.com,18976641641,海口路t座,梅县,佳县,198587,CN,China,GREATER_CHINA,Chinese,Consumer,None,2019-06-14,2019,RETURNING,True,MDM,2019-06-14,2026-04-17 15:58:36.671764
6348bb82-81bb-48a0-b341-5479de95f1f3,CUST-2019-CN-001647,娜,阎,娜 阎,Female,1979-09-28,user619.apple@mail.com,18815312066,济南路x座,永安县,淑珍市,882910,CN,China,GREATER_CHINA,Chinese,Consumer,Platinum,2019-03-19,2019,RETURNING,True,MDM,2019-03-19,2026-04-17 15:58:36.671765
6449605c-afa9-4af6-86ae-8db851a49f74,CUST-2019-CN-002856,亮,张,亮 张,Female,1959-02-21,user255.apple712@yahoo.com,14504356546,马鞍山路f座,宜都县,邯郸市,454193,CN,China,GREATER_CHINA,Chinese,Consumer,Silver,2019-01-11,2019,RETURNING,True,MDM,2019-01-11,2026-04-17 15:58:36.671766
a0c213e2-d044-4afb-bdc5-2f012a0533a5,CUST-2019-CN-001749,洁,曹,洁 曹,Female,1993-12-26,user452.apple@yahoo.com,18511746944,赵街I座,军县,彬县,523198,CN,China,GREATER_CHINA,Chinese,Consumer,Gold,2019-08-05,2019,RETURNING,True,MDM,2019-08-05,2026-04-17 15:58:36.671768
8a6e9c4c-aa7a-4cf5-98f2-38dbe5feeb91,CUST-2019-CN-002788,凤英,颜,凤英 颜,Male,2007-09-20,user822.apple@aol.com,18811052312,陈街E座,辉市,台北县,585239,CN,China,GREATER_CHINA,Chinese,Consumer,None,2019-07-19,2019,RETURNING,True,MDM,2019-07-19,2026-04-17 15:58:36.671770
d478e9fd-4586-4e69-ae53-b6160a370986,CUST-2019-CN-001348,磊,熊,磊 熊,Male,1993-08-21,user605.apple@mail.com,15969576767,宁德街H座,飞县,成市,252725,CN,China,GREATER_CHINA,Chinese,Business,None,2019-10-31,2019,RETURNING,True,MDM,2019-10-31,2026-04-17 15:58:36.671772
59131cc2-85f9-4d72-b972-43bbc61fd5bb,CUST-2019-CN-002156,宇,柳,宇 柳,Female,1989-02-28,user325.apple@aol.com,15368187072,林路G座,成都市,太原县,575419,CN,China,GREATER_CHINA,Chinese,Consumer,Gold,2019-07-04,2019,RETURNING,True,MDM,2019-07-04,2026-04-17 15:58:36.671773
f671ad4f-7d80-492f-9727-b8d6f9f29cbb,CUST-2019-CN-002371,辉,李,辉 李,Male,1977-05-26,user308.apple899@outlook.com,13837362610,荆门街v座,婷婷县,海门市,774867,CN,China,GREATER_CHINA,Chinese,Education,Platinum,2019-08-31,2019,RETURNING,True,MDM,2019-08-31,2026-04-17 15:58:36.671775
4f48705b-7f32-4301-97ca-cdbdd4d4de7a,CUST-2019-CN-002664,秀兰,郎,秀兰 郎,Male,1974-02-12,user392.apple921@gmx.com,18891951451,陈街m座,健县,春梅市,360263,CN,China,GREATER_CHINA,Chinese,Consumer,None,2019-08-29,2019,RETURNING,True,MDM,2019-08-29,2026-04-17 15:58:36.671777
412d44ab-f87b-43b9-a427-19afc7be3bb0,CUST-2019-CN-002701,勇,南,勇 南,Female,1950-11-10,user764.apple@zoho.com,13113742749,黄街b座,芳市,桂芝县,578571,CN,China,GREATER_CHINA,Chinese,Education,Platinum,2019-03-11,2019,RETURNING,True,MDM,2019-03-11,2026-04-17 15:58:36.671778
66374c8e-a532-4bab-a0e9-b5a0a7524878,CUST-2019-CN-001006,健,梅,健 梅,Male,1973-05-18,user337.apple@icloud.com,15666944367,韦街B座,斌市,巢湖县,417331,CN,China,GREATER_CHINA,Chinese,Consumer,Silver,2019-06-09,2019,RETURNING,True,MDM,2019-06-09,2026-04-17 15:58:36.671779
78c326ef-568c-4f44-87cf-580eaf4ef808,CUST-2019-CN-002433,想,王,想 王,Female,1951-06-26,user498.apple830@zoho.com,15736906870,阜新街d座,娟市,济南市,665486,CN,China,GREATER_CHINA,Chinese,Business,Silver,2019-07-10,2019,RETURNING,True,MDM,2019-07-10,2026-04-17 15:58:36.671781
866f1681-a13f-4a23-ad58-988d3d5d3914,CUST-2020-CN-000384,晶,许,晶 许,Female,1990-02-14,user431.apple645@gmx.com,15531823932,海门街n座,佛山县,呼和浩特县,218161,CN,China,GREATER_CHINA,Chinese,Consumer,Silver,2020-01-02,2020,RETURNING,True,MDM,2020-01-02 00:00:00,2026-04-17 15:58:36.671782
e60cf9b1-b676-4b7e-9a5f-eb9219cb4b1d,CUST-2020-CN-000674,红霞,田,红霞 田,Male,1993-09-14,user980.apple415@outlook.com,18164907530,郭路X座,梅县,拉萨市,112881,CN,China,GREATER_CHINA,Chinese,Consumer,None,2020-12-30,2020,RETURNING,True,MDM,2020-12-30 00:00:00,2026-04-17 15:58:36.671784
b3444e61-4a21-414f-ae8b-98af4e91c8d1,CUST-2019-CN-002303,雪梅,鞠,雪梅 鞠,Male,1987-10-04,user588.apple@hotmail.com,13043528769,合山街P座,兰州市,坤县,714421,CN,China,GREATER_CHINA,Chinese,Business,None,2019-04-16,2019,RETURNING,True,MDM,2019-04-16,2026-04-17 15:58:36.671786
cec22430-2c40-4ae9-a722-935efe4042ae,CUST-2019-CN-001055,雪梅,张,雪梅 张,Male,1962-07-04,user602.apple@gmx.com,15529779124,兰州路d座,沈阳市,丹县,971331,CN,China,GREATER_CHINA,Chinese,Consumer,Platinum,2019-09-23,2019,RETURNING,True,MDM,2019-09-23,2026-04-17 15:58:36.671787
bf690f2b-02e7-4db6-8a1f-4953078b9aa9,CUST-2020-CN-000671,春梅,郝,春梅 郝,Female,1989-10-25,user776.apple901@msn.com,15639402927,吴路b座,淮安市,柳市,188486,CN,China,GREATER_CHINA,Chinese,Business,Platinum,2020-11-22,2020,RETURNING,True,MDM,2020-11-22 00:00:00,2026-04-17 15:58:36.671789
edac8ae2-6ec5-4db2-ac0d-3443adc55f12,CUST-2020-CN-000355,亮,鲍,亮 鲍,Female,2002-04-26,user467.apple@hotmail.com,13200459058,梁路M座,合山县,太原县,536707,CN,China,GREATER_CHINA,Chinese,Consumer,None,2020-01-10,2020,RETURNING,True,MDM,2020-01-10 00:00:00,2026-04-17 15:58:36.671790
2624e678-9017-41ce-88e1-9cb42c35ad7c,CUST-2019-CN-000979,兵,魏,兵 魏,Male,1971-02-28,user477.apple508@msn.com,13332394071,乌鲁木齐街L座,斌市,淑华市,629443,CN,China,GREATER_CHINA,Chinese,Consumer,Gold,2019-12-06,2019,RETURNING,True,MDM,2019-12-06,2026-04-17 15:58:36.671792
492c0496-63a4-43c9-909f-ce3f1d2a5028,CUST-2020-CN-000925,明,王,明 王,Male,1969-01-12,user615.apple384@aol.com,15388392916,刘路C座,南京县,玲市,887409,CN,China,GREATER_CHINA,Chinese,Consumer,Platinum,2020-07-15,2020,RETURNING,True,MDM,2020-07-15 00:00:00,2026-04-17 15:58:36.671793
7b1dad9b-fdd3-4d15-b455-dbb39ed43ebb,CUST-2019-CN-002589,桂芳,刘,桂芳 刘,Female,1982-07-12,user458.apple@aol.com,15394518558,李街T座,俊县,淑珍市,502232,CN,China,GREATER_CHINA,Chinese,Education,None,2019-04-02,2019,RETURNING,True,MDM,2019-04-02,2026-04-17 15:58:36.671795
39f50360-a12c-4d21-8327-74c7ee1dae53,CUST-2019-CN-001637,倩,韩,倩 韩,Female,1976-12-23,user711.apple702@gmx.com,13634329369,长春路k座,深圳县,兰英市,381928,CN,China,GREATER_CHINA,Chinese,Consumer,None,2019-11-05,2019,RETURNING,True,MDM,2019-11-05,2026-04-17 15:58:36.671797
146d3066-acd9-49ca-aaf1-850850afd1a9,CUST-2020-CN-000548,桂荣,黄,桂荣 黄,Female,2007-09-12,user168.apple861@aol.com,18575287146,巢湖街y座,哈尔滨县,建县,528670,CN,China,GREATER_CHINA,Chinese,Education,Silver,2020-02-26,2020,RETURNING,True,MDM,2020-02-26 00:00:00,2026-04-17 15:58:36.671798
60b3502c-4eab-460a-98ba-262bb4cf316e,CUST-2019-CN-001000,秀英,吕,秀英 吕,Female,1951-02-05,user848.apple@msn.com,15369421380,王路J座,呼和浩特县,兰州县,338219,CN,China,GREATER_CHINA,Chinese,Consumer,None,2019-03-16,2019,RETURNING,True,MDM,2019-03-16,2026-04-17 15:58:36.671800
0c58bad4-21c0-414e-90ae-b4faf2dacb25,CUST-2020-CN-000043,建国,萧,建国 萧,Female,2004-10-30,user538.apple@aol.com,18595186944,大冶街V座,邯郸市,金凤县,980477,CN,China,GREATER_CHINA,Chinese,Consumer,Silver,2020-09-11,2020,RETURNING,True,MDM,2020-09-11 00:00:00,2026-04-17 15:58:36.671802
41a0e187-6a7c-4696-aadd-1aca2a6e4988,CUST-2020-CN-000730,雷,兰,雷 兰,Female,1973-08-23,user992.apple@protonmail.com,14509502541,袁路T座,玉华县,建县,434323,CN,China,GREATER_CHINA,Chinese,Consumer,Gold,2020-10-04,2020,RETURNING,True,MDM,2020-10-04 00:00:00,2026-04-17 15:58:36.671804
ac4eef69-b341-4762-bb98-84e62a113af4,CUST-2019-CN-002099,秀英,侯,秀英 侯,Male,1982-03-20,user509.apple@zoho.com,14576960776,李街x座,秀珍市,台北县,782950,CN,China,GREATER_CHINA,Chinese,Consumer,None,2019-10-01,2019,RETURNING,True,MDM,2019-10-01,2026-04-17 15:58:36.671806
7c68be49-662a-44bd-af77-b78176c63c32,CUST-2020-CN-000930,秀英,颜,秀英 颜,Male,1981-08-23,user995.apple172@gmail.com,15967362183,唐街G座,华市,沈阳县,877478,CN,China,GREATER_CHINA,Chinese,Consumer,Silver,2020-10-15,2020,RETURNING,True,MDM,2020-10-15 00:00:00,2026-04-17 15:58:36.671807
bbe257eb-3fcd-4129-8392-7f550dca5b9c,CUST-2020-CN-000300,玉兰,李,玉兰 李,Female,1955-09-10,user326.apple@protonmail.com,18835521138,天津街a座,兵市,呼和浩特县,832354,CN,China,GREATER_CHINA,Chinese,Consumer,Platinum,2020-04-29,2020,RETURNING,True,MDM,2020-04-29 00:00:00,2026-04-17 15:58:36.671809
f5a262c6-0aa1-45fd-b370-34634ee40b57,CUST-2019-CN-000650,磊,陈,磊 陈,Female,1975-03-28,user120.apple@yahoo.com,15643477792,刘路h座,丽县,长沙县,138582,CN,China,GREATER_CHINA,Chinese,Consumer,Platinum,2019-07-19,2019,RETURNING,True,MDM,2019-07-19,2026-04-17 15:58:36.671810
d9bf4d00-e31e-44d9-aa4e-a32577d657cd,CUST-2019-CN-001384,荣,杨,荣 杨,Female,2004-04-02,user738.apple352@outlook.com,15306727569,杨路s座,阜新县,杭州县,876669,CN,China,GREATER_CHINA,Chinese,Consumer,None,2019-08-14,2019,RETURNING,True,MDM,2019-08-14,2026-04-17 15:58:36.671812
49cc37bf-f726-4114-b672-cd893dacd0b9,CUST-2019-CN-001310,伟,郭,伟 郭,Female,1969-08-24,user322.apple@gmail.com,15563158623,潜江街i座,齐齐哈尔市,彬市,373954,CN,China,GREATER_CHINA,Chinese,Consumer,None,2019-05-08,2019,RETURNING,True,MDM,2019-05-08,2026-04-17 15:58:36.671814
e8d466d6-9e0c-45e3-83d2-6df7185a9551,CUST-2019-CN-002363,燕,杨,燕 杨,Male,1962-03-19,user666.apple206@gmx.com,18032851003,程路U座,坤市,郑州县,769208,CN,China,GREATER_CHINA,Chinese,Consumer,Silver,2019-09-29,2019,RETURNING,True,MDM,2019-09-29,2026-04-17 15:58:36.671816
4a4c2464-c7e8-48e5-b027-abac456c8f86,CUST-2020-CN-000332,楠,鞠,楠 鞠,Male,1953-08-12,user934.apple@live.com,18813087082,马鞍山路c座,汕尾县,芳县,712878,CN,China,GREATER_CHINA,Chinese,Business,Gold,2020-11-27,2020,RETURNING,True,MDM,2020-11-27 00:00:00,2026-04-17 15:58:36.671817
dbb94550-59c0-4395-b803-742a4c8c8ac5,CUST-2020-CN-000991,琳,姜,琳 姜,Male,1960-10-31,user892.apple450@icloud.com,13878865956,范路e座,六盘水市,婷市,846094,CN,China,GREATER_CHINA,Chinese,Consumer,None,2020-11-30,2020,RETURNING,True,MDM,2020-11-30 00:00:00,2026-04-17 15:58:36.671819
84230840-2cf0-468c-be56-00fef8098591,CUST-2020-CN-000852,秀荣,王,秀荣 王,Female,1980-06-20,user411.apple@gmx.com,13453929996,董街T座,霞市,帅县,187524,CN,China,GREATER_CHINA,Chinese,Education,None,2020-01-25,2020,RETURNING,False,MDM,2020-01-25 00:00:00,2026-04-17 15:58:36.671821
fe149d63-7d0b-4b5b-90e9-36c6b85fd290,CUST-2020-CN-000260,丽丽,周,丽丽 周,Female,1958-02-17,user383.apple@outlook.com,13391708432,柳街v座,宜都市,磊市,848413,CN,China,GREATER_CHINA,Chinese,Business,None,2020-12-23,2020,RETURNING,True,MDM,2020-12-23 00:00:00,2026-04-17 15:58:36.671823
cd997f25-8e0d-48da-95c2-59c3d074e0a9,CUST-2019-CN-000152,莉,邓,莉 邓,Female,1965-07-20,user534.apple713@msn.com,13559501084,姜路t座,娟市,宁县,350773,CN,China,GREATER_CHINA,Chinese,Consumer,Platinum,2019-05-09,2019,RETURNING,True,MDM,2019-05-09,2026-04-17 15:58:36.671824
b8308daf-7ceb-4f30-afbe-5dd40e0c924d,CUST-2019-CN-000170,健,刘,健 刘,Female,1967-03-14,user575.apple@live.com,18526360929,张街g座,哈尔滨市,梧州县,134036,CN,China,GREATER_CHINA,Chinese,Consumer,Gold,2019-10-16,2019,RETURNING,True,MDM,2019-10-16,2026-04-17 15:58:36.671825
3eb7d9db-a9f0-4191-a3ae-af6120937ce4,CUST-2020-CN-000805,林,张,林 张,Female,1960-05-26,user432.apple@gmail.com,13794231794,佛山街x座,荣市,琴市,918616,CN,China,GREATER_CHINA,Chinese,Consumer,None,2020-06-10,2020,RETURNING,True,MDM,2020-06-10 00:00:00,2026-04-17 15:58:36.671827
12ca8825-6643-4469-938b-2f50ee215b75,CUST-2020-CN-000194,磊,曹,磊 曹,Female,1968-06-30,user823.apple@aol.com,15528434536,惠州路b座,天津市,淮安县,405885,CN,China,GREATER_CHINA,Chinese,Consumer,Platinum,2020-02-05,2020,RETURNING,True,MDM,2020-02-05 00:00:00,2026-04-17 15:58:36.671829
123a1344-2ef7-4bf7-a93d-53f0f8aa76be,CUST-2019-CN-000106,萍,张,萍 张,Female,1955-11-08,user778.apple@gmx.com,18144897879,韩街O座,琴县,辛集市,352059,CN,China,GREATER_CHINA,Chinese,Consumer,None,2019-01-02,2019,RETURNING,True,MDM,2019-01-02,2026-04-17 15:58:36.671831
a94124ea-9fad-4a65-b485-93ca9dfef5fe,CUST-2019-CN-001758,丽华,黄,丽华 黄,Female,1967-12-05,user360.apple@msn.com,13600350831,甘街w座,贵阳县,淑兰县,727583,CN,China,GREATER_CHINA,Chinese,Consumer,Platinum,2019-05-15,2019,RETURNING,True,MDM,2019-05-15,2026-04-17 15:58:36.671832
da8cf843-1103-4862-ae12-379980d169d5,CUST-2019-CN-001975,玲,赵,玲 赵,Male,1995-12-04,user244.apple@msn.com,15114181509,海门路N座,淑兰县,勇市,948049,CN,China,GREATER_CHINA,Chinese,Consumer,None,2019-02-02,2019,RETURNING,True,MDM,2019-02-02,2026-04-17 15:58:36.671834
6f9fb572-3765-4a1c-b850-e58990689aa9,CUST-2019-CN-001015,莹,周,莹 周,Male,1980-05-22,user485.apple@gmx.com,13699183491,徐街z座,北京县,长沙市,805826,CN,China,GREATER_CHINA,Chinese,Consumer,Silver,2019-10-10,2019,RETURNING,True,MDM,2019-10-10,2026-04-17 15:58:36.671835
9320cf90-f302-4d11-b4fd-5c3e7ecaa1d0,CUST-2019-CN-000096,玲,伍,玲 伍,Male,1959-04-21,user852.apple@yahoo.com,18729345727,太原路L座,香港县,阜新市,572280,CN,China,GREATER_CHINA,Chinese,Consumer,None,2019-08-16,2019,RETURNING,True,MDM,2019-08-16,2026-04-17 15:58:36.671838
a5e4ed31-a349-408a-b67f-ce81bb5294e2,CUST-2019-CN-002057,秀英,李,秀英 李,Male,1989-01-12,user246.apple@protonmail.com,18754241459,王街i座,丽丽市,淮安县,121040,CN,China,GREATER_CHINA,Chinese,Consumer,Silver,2019-01-23,2019,RETURNING,True,MDM,2019-01-23,2026-04-17 15:58:36.671839
13a15d8e-3da4-4212-ab53-3e6c8fa5e24b,CUST-2020-CN-000045,桂芳,郑,桂芳 郑,Male,1990-06-07,user468.apple91@protonmail.com,18879499326,陈街s座,淮安市,永安市,103332,CN,China,GREATER_CHINA,Chinese,Business,None,2020-05-14,2020,RETURNING,True,MDM,2020-05-14 00:00:00,2026-04-17 15:58:36.671845
95d456ad-7516-4797-ab5c-a6c79bec8d3f,CUST-2020-CN-000691,辉,冯,辉 冯,Male,1966-09-24,user179.apple@mail.com,18616021623,刘街J座,潜江县,华县,393317,CN,China,GREATER_CHINA,Chinese,Consumer,None,2020-04-13,2020,RETURNING,True,MDM,2020-04-13 00:00:00,2026-04-17 15:58:36.671847
5d8e28f1-e5cf-4dd0-ae45-28bd073f3e88,CUST-2019-CN-002418,凤兰,张,凤兰 张,Female,1955-01-19,user622.apple377@mail.com,15597699728,张路p座,俊县,萍县,532706,CN,China,GREATER_CHINA,Chinese,Business,None,2019-02-27,2019,RETURNING,True,MDM,2019-02-27,2026-04-17 15:58:36.671849
51845107-3ef3-471a-8d3d-b3a671e54c85,CUST-2020-CN-000959,晶,张,晶 张,Male,1974-03-31,user112.apple@msn.com,18048111738,汕尾街l座,淑英县,辛集市,150265,CN,China,GREATER_CHINA,Chinese,Consumer,Platinum,2020-12-18,2020,RETURNING,True,MDM,2020-12-18 00:00:00,2026-04-17 15:58:36.671850
7fc966b9-05cf-4d34-9874-1676fed12a3d,CUST-2019-CN-000500,玉英,杨,玉英 杨,Female,1952-06-29,user281.apple510@mail.com,18558312409,济南街I座,岩市,桂英市,231307,CN,China,GREATER_CHINA,Chinese,Consumer,None,2019-03-17,2019,RETURNING,True,MDM,2019-03-17,2026-04-17 15:58:36.671852
84afd22b-1e43-4c8a-a08e-2518edb505f1,CUST-2020-CN-000610,婷,陈,婷 陈,Female,1960-06-08,user703.apple@protonmail.com,15833664539,南昌街G座,明市,天津市,217513,CN,China,GREATER_CHINA,Chinese,Business,Silver,2020-03-15,2020,RETURNING,True,MDM,2020-03-15 00:00:00,2026-04-17 15:58:36.671854
89a3c715-976d-4c9b-8376-91b16c7775b9,CUST-2020-CN-000026,健,赵,健 赵,Female,1991-12-13,user178.apple197@gmx.com,13586592897,海门街c座,辽阳县,潮州市,946978,CN,China,GREATER_CHINA,Chinese,Education,None,2020-12-07,2020,RETURNING,True,MDM,2020-12-07 00:00:00,2026-04-17 15:58:36.671855
1b7e055c-5aa5-4ec1-9e06-427bb960bbde,CUST-2019-CN-001816,建华,林,建华 林,Male,1951-07-16,user823.apple@gmx.com,14724432843,方路e座,莉县,柳州市,165570,CN,China,GREATER_CHINA,Chinese,Education,Platinum,2019-11-01,2019,RETURNING,True,MDM,2019-11-01,2026-04-17 15:58:36.671857
a89f3b6a-39bb-4963-b65d-7459cf693612,CUST-2020-CN-000103,强,邱,强 邱,Female,1953-09-09,user832.apple@yahoo.com,15678521159,柳州路F座,张家港县,东市,901339,CN,China,GREATER_CHINA,Chinese,Consumer,None,2020-12-13,2020,RETURNING,True,MDM,2020-12-13 00:00:00,2026-04-17 15:58:36.671862
8cbb145f-9e0e-4963-9508-c7a69bc11eb9,CUST-2019-CN-002332,玉梅,刘,玉梅 刘,Female,1993-11-12,user334.apple@gmail.com,15380501230,福州路r座,桂兰县,六安县,704658,CN,China,GREATER_CHINA,Chinese,Business,None,2019-01-06,2019,RETURNING,True,MDM,2019-01-06,2026-04-17 15:58:36.671864
b2774197-9aa4-4e4f-a883-7a7b305bbeff,CUST-2020-CN-000385,桂英,朱,桂英 朱,Female,1952-12-13,user339.apple@protonmail.com,15228873448,范路z座,玉县,萍市,950677,CN,China,GREATER_CHINA,Chinese,Consumer,None,2020-02-09,2020,RETURNING,True,MDM,2020-02-09 00:00:00,2026-04-17 15:58:36.671866
e4dfc486-7f15-42a1-ad78-b50fe77b51b6,CUST-2019-CN-000749,坤,吴,坤 吴,Female,1958-04-02,user154.apple685@yahoo.com,18590244882,宜都街G座,马鞍山市,峰市,321539,CN,China,GREATER_CHINA,Chinese,Consumer,Silver,2019-12-11,2019,RETURNING,True,MDM,2019-12-11,2026-04-17 15:58:36.671868
a3e03d29-aa12-4b35-8075-c8789730d454,CUST-2020-CN-000761,瑜,李,瑜 李,Female,1997-09-03,user652.apple@gmx.com,14569010235,福州街f座,桂芳县,秀兰市,623241,CN,China,GREATER_CHINA,Chinese,Consumer,None,2020-12-14,2020,RETURNING,False,MDM,2020-12-14 00:00:00,2026-04-17 15:58:36.671870
7919f8b7-458d-4b85-8367-68a8e3fb3bce,CUST-2019-CN-000795,秀珍,赵,秀珍 赵,Male,1977-10-06,user506.apple@aol.com,15094994975,宜都街f座,北京市,沈阳市,766708,CN,China,GREATER_CHINA,Chinese,Business,None,2019-11-11,2019,RETURNING,True,MDM,2019-11-11,2026-04-17 15:58:36.671872
474311b5-20c2-40ce-8a3c-0d3b826a81a1,CUST-2020-CN-000141,琴,鲁,琴 鲁,Female,1961-02-16,user577.apple@msn.com,18081783853,兰州街w座,长春市,海门县,831307,CN,China,GREATER_CHINA,Chinese,Education,Gold,2020-01-13,2020,RETURNING,True,MDM,2020-01-13 00:00:00,2026-04-17 15:58:36.671873
847af657-16e2-40dd-a057-d85a31bd1858,CUST-2020-CN-000769,文,黄,文 黄,Male,1991-04-26,user523.apple@zoho.com,18944116034,李街a座,西宁县,兰州市,108961,CN,China,GREATER_CHINA,Chinese,Consumer,Silver,2020-02-27,2020,RETURNING,True,MDM,2020-02-27 00:00:00,2026-04-17 15:58:36.671875
186bd0f1-8c1e-4089-952c-0757eaacd821,CUST-2020-CN-000180,瑞,钱,瑞 钱,Female,1997-06-27,user192.apple@msn.com,13279842748,拉萨街g座,桂英县,贵阳县,653951,CN,China,GREATER_CHINA,Chinese,Consumer,Gold,2020-05-18,2020,RETURNING,False,MDM,2020-05-18 00:00:00,2026-04-17 15:58:36.671880
68d7ce0c-7366-4d1a-a296-9d05f0e5ab10,CUST-2019-CN-000177,建华,翟,建华 翟,Male,2000-01-12,user172.apple786@msn.com,15766139137,太原路u座,昆明县,拉萨市,347463,CN,China,GREATER_CHINA,Chinese,Consumer,None,2019-12-20,2019,RETURNING,True,MDM,2019-12-20,2026-04-17 15:58:36.671882
eb9f5755-bc93-4389-ad2c-6cff43b91417,CUST-2021-CN-000001,帅,李,帅 李,Male,1975-10-25,user561.apple@yahoo.com,18242235372,阜新街G座,惠州市,萍市,842810,CN,China,GREATER_CHINA,Chinese,Education,Silver,2021-06-10,2021,NEW,True,MDM,2021-06-10 00:00:00,2026-04-17 15:58:36.672094
7b554b0e-4add-4770-8400-85f94eabd045,CUST-2021-CN-000002,婷,李,婷 李,Male,1990-04-23,user298.apple@gmx.com,15017559791,北京街O座,秀荣县,辛集市,958231,CN,China,GREATER_CHINA,Chinese,Business,None,2021-08-24,2021,NEW,True,MDM,2021-08-24 00:00:00,2026-04-17 15:58:36.672187
94025ac5-b3fe-49c0-a3ef-4bd10cfcb881,CUST-2021-CN-000003,桂香,葛,桂香 葛,Female,1964-12-02,user927.apple@aol.com,13906954876,太原街G座,鹏县,瑜市,201127,CN,China,GREATER_CHINA,Chinese,Consumer,None,2021-07-23,2021,NEW,True,MDM,2021-07-23 00:00:00,2026-04-17 15:58:36.672274
252d4475-382a-4d9c-87b8-24fb2a6f2d7f,CUST-2021-CN-000004,丽丽,冯,丽丽 冯,Female,1984-05-27,user823.apple@icloud.com,18546589240,张街q座,刚县,利县,358584,CN,China,GREATER_CHINA,Chinese,Consumer,None,2021-04-20,2021,NEW,True,MDM,2021-04-20 00:00:00,2026-04-17 15:58:36.672375
4a7d9f52-6210-4ad4-951b-3021ebc153d5,CUST-2021-CN-000005,海燕,张,海燕 张,Female,1984-01-31,user195.apple@mail.com,15278645324,王街r座,波县,海燕市,610539,CN,China,GREATER_CHINA,Chinese,Consumer,Gold,2021-12-20,2021,NEW,True,MDM,2021-12-20 00:00:00,2026-04-17 15:58:36.672472
7465cb35-ae27-408e-a44c-1564f271f5a2,CUST-2021-CN-000006,丽华,高,丽华 高,Female,1954-06-09,user293.apple@zoho.com,18165629856,天津路U座,辛集县,鑫县,465547,CN,China,GREATER_CHINA,Chinese,Consumer,None,2021-11-20,2021,NEW,True,MDM,2021-11-20 00:00:00,2026-04-17 15:58:36.672552
1dff2e15-d703-4363-ae1f-da3d9b2441d5,CUST-2021-CN-000007,波,宋,波 宋,Female,1973-05-16,user920.apple83@msn.com,15614628129,宗街o座,丹县,龙市,952942,CN,China,GREATER_CHINA,Chinese,Consumer,Silver,2021-09-11,2021,NEW,True,MDM,2021-09-11 00:00:00,2026-04-17 15:58:36.672648
e903ef45-6c1d-482f-88bc-9cbd77e8b59e,CUST-2021-CN-000008,飞,张,飞 张,Male,1999-01-30,user948.apple@gmx.com,13406215379,天津路w座,重庆市,南昌市,232027,CN,China,GREATER_CHINA,Chinese,Business,Silver,2021-12-11,2021,NEW,False,MDM,2021-12-11 00:00:00,2026-04-17 15:58:36.672726
ee6ea07f-6486-48e0-9d02-f18b5ad0eef0,CUST-2021-CN-000009,柳,潘,柳 潘,Female,2004-08-02,user368.apple@outlook.com,15950112253,刘街N座,倩县,辛集市,941196,CN,China,GREATER_CHINA,Chinese,Consumer,Silver,2021-12-25,2021,NEW,True,MDM,2021-12-25 00:00:00,2026-04-17 15:58:36.672823
d9aa9a45-badc-48b4-b07e-034bc63cf190,CUST-2021-CN-000010,倩,王,倩 王,Male,1962-07-31,user714.apple751@protonmail.com,13641385944,王街s座,香港县,马鞍山县,664176,CN,China,GREATER_CHINA,Chinese,Consumer,Gold,2021-05-05,2021,NEW,True,MDM,2021-05-05 00:00:00,2026-04-17 15:58:36.672921
452fe062-de2c-4504-9b4f-ffd84644dd24,CUST-2021-CN-000011,淑兰,王,淑兰 王,Male,1971-11-03,user162.apple@hotmail.com,13444445748,北镇路q座,邯郸县,阳县,545081,CN,China,GREATER_CHINA,Chinese,Consumer,Silver,2021-10-12,2021,NEW,True,MDM,2021-10-12 00:00:00,2026-04-17 15:58:36.673000
f224c048-fff4-4abb-bc92-9e93fb7e4f76,CUST-2021-CN-000012,丽,张,丽 张,Male,2008-02-04,user359.apple@outlook.com,15807636408,香港路m座,杨市,秀荣市,858603,CN,China,GREATER_CHINA,Chinese,Consumer,None,2021-08-02,2021,NEW,True,MDM,2021-08-02 00:00:00,2026-04-17 15:58:36.673082
58dd454a-f0b9-45b6-9157-d0bdc61e5cc9,CUST-2021-CN-000013,桂香,吴,桂香 吴,Female,1959-08-25,user704.apple@live.com,13981938943,银川街d座,汕尾县,南昌市,953047,CN,China,GREATER_CHINA,Chinese,Consumer,Silver,2021-08-27,2021,NEW,True,MDM,2021-08-27 00:00:00,2026-04-17 15:58:36.673160
4e8fc085-f34b-48b4-bc2e-9aecfe38d8bf,CUST-2021-CN-000014,玉英,王,玉英 王,Female,1984-07-25,user632.apple@msn.com,13009858137,长沙街C座,成都县,梧州市,480909,CN,China,GREATER_CHINA,Chinese,Consumer,None,2021-03-15,2021,NEW,True,MDM,2021-03-15 00:00:00,2026-04-17 15:58:36.673236
492939d4-33df-4961-9f5e-77c756a74973,CUST-2021-CN-000015,军,刘,军 刘,Female,1977-12-20,user124.apple@protonmail.com,13791917815,合肥街V座,冬梅县,杨市,630808,CN,China,GREATER_CHINA,Chinese,Business,None,2021-02-13,2021,NEW,True,MDM,2021-02-13 00:00:00,2026-04-17 15:58:36.673314
9f7cf4bb-b2f5-4204-8bba-71b68773543b,CUST-2021-CN-000016,建平,姜,建平 姜,Male,1994-11-09,user986.apple@outlook.com,18207553821,周街U座,太原市,柳市,552734,CN,China,GREATER_CHINA,Chinese,Consumer,Silver,2021-03-02,2021,NEW,True,MDM,2021-03-02 00:00:00,2026-04-17 15:58:36.673408
52cfd082-26c5-43ca-b0a1-d4f7755032fe,CUST-2021-CN-000017,桂荣,和,桂荣 和,Female,1951-01-19,user511.apple@yahoo.com,18645798768,太原街F座,雪县,淑华市,631531,CN,China,GREATER_CHINA,Chinese,Education,None,2021-04-19,2021,NEW,True,MDM,2021-04-19 00:00:00,2026-04-17 15:58:36.673486
c7a3183b-c0fb-4bee-9ae1-0fba99f2932d,CUST-2021-CN-000018,秀芳,汪,秀芳 汪,Female,1964-12-22,user879.apple@aol.com,13629266038,聂路D座,畅县,齐齐哈尔县,503490,CN,China,GREATER_CHINA,Chinese,Consumer,Silver,2021-07-20,2021,NEW,True,MDM,2021-07-20 00:00:00,2026-04-17 15:58:36.673580
0b84e1f7-7a3c-470a-ba92-b8a317b57156,CUST-2021-CN-000019,建军,刘,建军 刘,Male,1986-04-28,user763.apple179@gmx.com,15117771980,陈街g座,天津县,潮州县,356537,CN,China,GREATER_CHINA,Chinese,Consumer,None,2021-04-23,2021,NEW,True,MDM,2021-04-23 00:00:00,2026-04-17 15:58:36.673675
cee8ea17-2954-4c25-a728-9e7e043a7662,CUST-2021-CN-000020,旭,温,旭 温,Female,1993-08-11,user240.apple@gmx.com,15325032783,柳州街G座,兴安盟县,帅县,525762,CN,China,GREATER_CHINA,Chinese,Consumer,Gold,2021-11-21,2021,NEW,True,MDM,2021-11-21 00:00:00,2026-04-17 15:58:36.673752
ec2acc03-caef-4249-affb-b95327a2a2a9,CUST-2021-CN-000021,秀华,赵,秀华 赵,Male,1972-02-23,user678.apple@mail.com,15243453025,王路R座,颖县,潮州市,711747,CN,China,GREATER_CHINA,Chinese,Consumer,Gold,2021-07-09,2021,NEW,True,MDM,2021-07-09 00:00:00,2026-04-17 15:58:36.673847
f3e3a2ec-0aa5-4485-a221-5d63ef9b7201,CUST-2021-CN-000022,帆,邢,帆 邢,Male,1952-08-18,user396.apple478@hotmail.com,18120353146,荆门街S座,明市,长春市,656072,CN,China,GREATER_CHINA,Chinese,Consumer,None,2021-06-15,2021,NEW,True,MDM,2021-06-15 00:00:00,2026-04-17 15:58:36.673927
36bc3282-90f8-40a0-9250-116175282076,CUST-2021-CN-000023,畅,甄,畅 甄,Male,1979-09-17,user794.apple@msn.com,18241692784,澳门街O座,瑞市,台北县,972286,CN,China,GREATER_CHINA,Chinese,Consumer,Gold,2021-02-16,2021,NEW,True,MDM,2021-02-16 00:00:00,2026-04-17 15:58:36.674004
ff1899d6-d0fb-4660-a921-bb8321498dbb,CUST-2021-CN-000024,柳,李,柳 李,Female,2002-02-14,user957.apple@icloud.com,18977823335,汪路m座,拉萨县,郑州县,226733,CN,China,GREATER_CHINA,Chinese,Consumer,None,2021-05-07,2021,NEW,True,MDM,2021-05-07 00:00:00,2026-04-17 15:58:36.674098
5e2487cf-e83b-43bd-a71b-f7dbadc45aec,CUST-2021-CN-000025,海燕,王,海燕 王,Female,2005-12-05,user150.apple@outlook.com,13082740100,香港路L座,兴城县,永安县,454270,CN,China,GREATER_CHINA,Chinese,Education,None,2021-04-02,2021,NEW,True,MDM,2021-04-02 00:00:00,2026-04-17 15:58:36.674174
33bb687f-73de-4ea4-823e-e9413d263518,CUST-2021-CN-000026,凤兰,张,凤兰 张,Female,1990-12-19,user757.apple@live.com,14700937749,严路j座,南京县,天津市,720759,CN,China,GREATER_CHINA,Chinese,Consumer,None,2021-07-23,2021,NEW,True,MDM,2021-07-23 00:00:00,2026-04-17 15:58:36.674268
31d2d73c-e38b-434f-a398-b024221c456c,CUST-2021-CN-000027,利,钟,利 钟,Male,1959-03-08,user245.apple@gmail.com,15205957574,刘路t座,哈尔滨县,宇县,241891,CN,China,GREATER_CHINA,Chinese,Business,Gold,2021-11-26,2021,NEW,True,MDM,2021-11-26 00:00:00,2026-04-17 15:58:36.674362
b63fd849-c63e-4aa3-a812-af8630711487,CUST-2021-CN-000028,桂珍,王,桂珍 王,Male,1974-05-12,user708.apple@msn.com,15555546747,大冶路a座,宁德县,荆门县,178259,CN,China,GREATER_CHINA,Chinese,Consumer,Silver,2021-12-05,2021,NEW,True,MDM,2021-12-05 00:00:00,2026-04-17 15:58:36.674440
24e48327-6e1a-4a4b-b667-0ae26e033637,CUST-2021-CN-000029,慧,周,慧 周,Male,1957-08-13,user710.apple@zoho.com,14762831311,南宁街i座,欣县,岩市,151318,CN,China,GREATER_CHINA,Chinese,Consumer,Silver,2021-11-07,2021,NEW,True,MDM,2021-11-07 00:00:00,2026-04-17 15:58:36.674520
1a64a31f-9eae-4aa7-ada1-a6ba22dec773,CUST-2021-CN-000030,凤英,姚,凤英 姚,Male,1969-08-12,user852.apple216@yahoo.com,14564393815,柳州路I座,兵市,建市,236715,CN,China,GREATER_CHINA,Chinese,Consumer,None,2021-11-01,2021,NEW,True,MDM,2021-11-01 00:00:00,2026-04-17 15:58:36.674600
217bf6ca-5bcf-4626-a297-966cd90b46fb,CUST-2021-CN-000031,静,王,静 王,Male,1980-08-18,user184.apple758@aol.com,13675512399,北镇街K座,兵市,宜都县,777195,CN,China,GREATER_CHINA,Chinese,Consumer,Gold,2021-07-17,2021,NEW,True,MDM,2021-07-17 00:00:00,2026-04-17 15:58:36.674678
b55441d3-ab7e-41af-9555-2a8c753f5f4b,CUST-2021-CN-000032,宁,傅,宁 傅,Female,1958-05-29,user247.apple@protonmail.com,15164749141,杨街t座,石家庄市,天津市,588690,CN,China,GREATER_CHINA,Chinese,Business,None,2021-12-05,2021,NEW,False,MDM,2021-12-05 00:00:00,2026-04-17 15:58:36.674775
47650bb2-9eac-48bd-85e3-8e0844c54d28,CUST-2021-CN-000033,旭,陈,旭 陈,Female,1969-04-23,user247.apple@mail.com,15555668302,唐街s座,明市,汕尾市,326418,CN,China,GREATER_CHINA,Chinese,Consumer,Gold,2021-10-08,2021,NEW,True,MDM,2021-10-08 00:00:00,2026-04-17 15:58:36.674870
63e4f668-8a19-435a-9cb4-1d780a01a644,CUST-2021-CN-000034,红梅,陆,红梅 陆,Female,1968-04-19,user820.apple192@mail.com,18169229702,陈路y座,军市,志强市,410675,CN,China,GREATER_CHINA,Chinese,Consumer,None,2021-10-06,2021,NEW,True,MDM,2021-10-06 00:00:00,2026-04-17 15:58:36.674966
f0cb4cb5-b86e-4750-bbf5-525f7c3478e7,CUST-2021-CN-000035,想,宋,想 宋,Female,1950-07-05,user886.apple@live.com,15149200257,惠州路m座,柳县,海口市,883290,CN,China,GREATER_CHINA,Chinese,Consumer,None,2021-12-25,2021,NEW,True,MDM,2021-12-25 00:00:00,2026-04-17 15:58:36.675043
96bc4d23-aa66-4b44-a3a4-67a74de5b9e8,CUST-2021-CN-000036,红,郑,红 郑,Female,1986-05-03,user322.apple@protonmail.com,13806294162,顾街J座,刚县,辽阳县,468528,CN,China,GREATER_CHINA,Chinese,Consumer,Silver,2021-03-25,2021,NEW,True,MDM,2021-03-25 00:00:00,2026-04-17 15:58:36.675137
641a8499-5e21-4f27-bdf9-a5543a2e6f6c,CUST-2021-CN-000037,丹丹,崔,丹丹 崔,Male,1952-08-21,user124.apple@gmx.com,15830458882,周街X座,拉萨市,大冶县,620348,CN,China,GREATER_CHINA,Chinese,Education,None,2021-10-17,2021,NEW,True,MDM,2021-10-17 00:00:00,2026-04-17 15:58:36.675231
b8e0810b-c6ad-4d9e-8ae5-3801d430f786,CUST-2021-CN-000038,桂花,王,桂花 王,Male,1957-06-13,user509.apple521@gmail.com,18984536346,马鞍山路d座,超市,关岭县,722014,CN,China,GREATER_CHINA,Chinese,Consumer,Gold,2021-07-29,2021,NEW,True,MDM,2021-07-29 00:00:00,2026-04-17 15:58:36.675309
004f4f11-8f1e-40cd-af7d-c84e2a18c19f,CUST-2021-CN-000039,龙,罗,龙 罗,Female,1964-06-09,user999.apple143@gmail.com,15513750166,郭街m座,勇县,想市,775255,CN,China,GREATER_CHINA,Chinese,Business,None,2021-05-05,2021,NEW,True,MDM,2021-05-05 00:00:00,2026-04-17 15:58:36.675405
f9e30c1e-b439-4913-8bbb-1f12b0e3bea8,CUST-2021-CN-000040,琴,李,琴 李,Male,1989-09-02,user638.apple687@icloud.com,18994962270,萧路X座,佳市,丹县,435204,CN,China,GREATER_CHINA,Chinese,Consumer,None,2021-10-12,2021,NEW,True,MDM,2021-10-12 00:00:00,2026-04-17 15:58:36.675499
368df8cd-66ab-44e9-8210-d9c4e422d623,CUST-2021-CN-000041,龙,席,龙 席,Female,1995-10-24,user194.apple920@icloud.com,13726604715,郑州路h座,重庆市,洁县,873366,CN,China,GREATER_CHINA,Chinese,Consumer,Silver,2021-01-05,2021,NEW,True,MDM,2021-01-05 00:00:00,2026-04-17 15:58:36.675576
1b1ff5c2-14e7-4444-9c98-fb773910640a,CUST-2021-CN-000042,琴,王,琴 王,Female,1996-02-11,user621.apple333@protonmail.com,13625361697,天津路y座,刚市,福州市,129529,CN,China,GREATER_CHINA,Chinese,Consumer,None,2021-06-14,2021,NEW,True,MDM,2021-06-14 00:00:00,2026-04-17 15:58:36.675653
ba35ec03-ed00-4127-b42b-cc07b08b9c53,CUST-2021-CN-000043,玉兰,李,玉兰 李,Female,1957-11-02,user139.apple@aol.com,15274055530,南京路v座,石家庄市,燕市,804281,CN,China,GREATER_CHINA,Chinese,Consumer,Silver,2021-07-30,2021,NEW,True,MDM,2021-07-30 00:00:00,2026-04-17 15:58:36.675728
fa5c839f-d8e2-4d19-8163-a41b7c1c80ff,CUST-2021-CN-000044,丽丽,程,丽丽 程,Male,1955-11-25,user371.apple@aol.com,13617150428,呼和浩特街H座,宜都县,福州市,817770,CN,China,GREATER_CHINA,Chinese,Consumer,Silver,2021-12-12,2021,NEW,False,MDM,2021-12-12 00:00:00,2026-04-17 15:58:36.675806
28edf507-a416-4fb2-bc57-c07c8734d7d8,CUST-2021-CN-000045,伟,薛,伟 薛,Male,1981-11-11,user768.apple817@live.com,15096991053,沈阳街W座,娜市,海门县,388977,CN,China,GREATER_CHINA,Chinese,Consumer,None,2021-07-04,2021,NEW,True,MDM,2021-07-04 00:00:00,2026-04-17 15:58:36.675885
2e672656-3f98-4e32-871d-ea961d8f11ad,CUST-2021-CN-000046,凤兰,卢,凤兰 卢,Male,2007-04-01,user394.apple@aol.com,18282643417,银川路W座,飞县,琳市,254944,CN,China,GREATER_CHINA,Chinese,Consumer,None,2021-05-30,2021,NEW,True,MDM,2021-05-30 00:00:00,2026-04-17 15:58:36.675962
8908ca7b-8859-454e-b280-34f04227c2dd,CUST-2021-CN-000047,丹丹,张,丹丹 张,Female,1990-08-28,user510.apple@msn.com,15242414696,冯路S座,强县,香港县,986431,CN,China,GREATER_CHINA,Chinese,Consumer,None,2021-02-16,2021,NEW,True,MDM,2021-02-16 00:00:00,2026-04-17 15:58:36.676056
50eded6c-cea5-48ba-964a-d7275d9362e9,CUST-2021-CN-000048,洁,廖,洁 廖,Male,1956-08-10,user315.apple@mail.com,15833436619,哈尔滨路u座,南京市,马鞍山市,183734,CN,China,GREATER_CHINA,Chinese,Consumer,None,2021-09-26,2021,NEW,True,MDM,2021-09-26 00:00:00,2026-04-17 15:58:36.676201
476c1651-28a4-48a4-9270-6082e5f65704,CUST-2021-CN-000049,凯,孙,凯 孙,Female,1979-12-15,user125.apple@outlook.com,14749139341,哈尔滨路t座,桂兰县,香港市,366120,CN,China,GREATER_CHINA,Chinese,Business,Gold,2021-09-15,2021,NEW,True,MDM,2021-09-15 00:00:00,2026-04-17 15:58:36.676345
1f51a192-de9a-47a2-b6fc-c3f2cae931c8,CUST-2021-CN-000050,秀芳,李,秀芳 李,Female,1988-07-19,user504.apple116@mail.com,13836187614,杨路H座,倩县,军市,906121,CN,China,GREATER_CHINA,Chinese,Consumer,None,2021-09-07,2021,NEW,True,MDM,2021-09-07 00:00:00,2026-04-17 15:58:36.676460
752896b6-cbe7-4c79-abf6-e9bb7ebd9099,CUST-2021-CN-000051,丹丹,林,丹丹 林,Male,1996-05-26,user684.apple@outlook.com,18232001875,辛集路i座,通辽县,宜都市,449437,CN,China,GREATER_CHINA,Chinese,Consumer,Silver,2021-07-22,2021,NEW,True,MDM,2021-07-22 00:00:00,2026-04-17 15:58:36.676556
6cc96208-4c9c-4f68-be68-2a63353623f5,CUST-2021-CN-000052,秀梅,李,秀梅 李,Male,1994-08-27,user214.apple@hotmail.com,18656054277,罗街g座,张家港市,嘉禾市,707543,CN,China,GREATER_CHINA,Chinese,Consumer,None,2021-03-15,2021,NEW,True,MDM,2021-03-15 00:00:00,2026-04-17 15:58:36.676669
e4cff376-a809-4007-ad8f-db8e3d102af4,CUST-2021-CN-000053,桂香,孙,桂香 孙,Female,1998-02-14,user583.apple@icloud.com,15988901784,李路s座,南宁市,潮州市,201564,CN,China,GREATER_CHINA,Chinese,Business,Silver,2021-03-22,2021,NEW,True,MDM,2021-03-22 00:00:00,2026-04-17 15:58:36.676770
5d90afee-cb42-49a6-9303-b2169c50658f,CUST-2021-CN-000054,凯,张,凯 张,Male,1951-07-31,user965.apple@zoho.com,15154811632,沈阳街E座,宇县,合肥县,821889,CN,China,GREATER_CHINA,Chinese,Business,None,2021-08-06,2021,NEW,True,MDM,2021-08-06 00:00:00,2026-04-17 15:58:36.676856
7dd47a0b-74bf-4e64-accb-7dd84aebfbf4,CUST-2021-CN-000055,淑兰,李,淑兰 李,Male,1970-11-12,user841.apple@zoho.com,13695397627,徐路t座,旭县,哈尔滨市,623935,CN,China,GREATER_CHINA,Chinese,Consumer,None,2021-04-05,2021,NEW,True,MDM,2021-04-05 00:00:00,2026-04-17 15:58:36.676959
6e41b251-a9f0-4600-b977-5d0df052740f,CUST-2021-CN-000056,倩,庄,倩 庄,Male,1958-02-16,user752.apple204@gmx.com,13554014668,陈路E座,颖县,楠县,706765,CN,China,GREATER_CHINA,Chinese,Business,Gold,2021-05-05,2021,NEW,True,MDM,2021-05-05 00:00:00,2026-04-17 15:58:36.677058
b11911a3-8fb2-4260-ade0-e7de4e77416f,CUST-2021-CN-000057,雷,王,雷 王,Female,1978-01-11,user207.apple@outlook.com,15865817512,太原街i座,嘉禾县,通辽县,248626,CN,China,GREATER_CHINA,Chinese,Consumer,Gold,2021-06-15,2021,NEW,False,MDM,2021-06-15 00:00:00,2026-04-17 15:58:36.677142
c01c7f5f-dc97-430a-a5e5-988a51d740f5,CUST-2021-CN-000058,金凤,郑,金凤 郑,Female,1953-10-20,user291.apple@mail.com,15726891001,张街G座,秀荣县,南宁市,927169,CN,China,GREATER_CHINA,Chinese,Consumer,Gold,2021-09-11,2021,NEW,True,MDM,2021-09-11 00:00:00,2026-04-17 15:58:36.677244
04dc10b8-cb34-442f-a702-6ae2b66a9dc4,CUST-2021-CN-000059,婷,满,婷 满,Female,1958-02-15,user710.apple156@aol.com,18639097845,东莞路r座,秀荣县,永安市,303484,CN,China,GREATER_CHINA,Chinese,Business,Gold,2021-09-11,2021,NEW,True,MDM,2021-09-11 00:00:00,2026-04-17 15:58:36.677330
4b09e0fa-c61e-4db8-8abb-81a30769ba78,CUST-2021-CN-000060,岩,周,岩 周,Male,1998-08-24,user347.apple@zoho.com,13250599023,成都街u座,深圳县,建华县,434127,CN,China,GREATER_CHINA,Chinese,Consumer,None,2021-04-26,2021,NEW,True,MDM,2021-04-26 00:00:00,2026-04-17 15:58:36.677415
929a1434-8344-4b3b-b0b2-11f07c0f8743,CUST-2021-CN-000061,鑫,王,鑫 王,Female,1954-02-06,user578.apple@gmail.com,13526805650,关岭街N座,合山县,小红县,700279,CN,China,GREATER_CHINA,Chinese,Consumer,None,2021-10-03,2021,NEW,True,MDM,2021-10-03 00:00:00,2026-04-17 15:58:36.677496
54f1712f-5f1c-4f0d-b16c-43eff59d95ce,CUST-2021-CN-000062,婷婷,翁,婷婷 翁,Male,1976-11-30,user890.apple@msn.com,15997535322,马鞍山街a座,丽华市,荆门县,264451,CN,China,GREATER_CHINA,Chinese,Education,Gold,2021-09-17,2021,NEW,True,MDM,2021-09-17 00:00:00,2026-04-17 15:58:36.677608
4a5b3a50-5242-4940-aa33-03551397c705,CUST-2021-CN-000063,小红,杨,小红 杨,Female,1987-02-27,user769.apple@gmail.com,15558869089,荆门路w座,玉县,成都县,754561,CN,China,GREATER_CHINA,Chinese,Consumer,None,2021-11-22,2021,NEW,True,MDM,2021-11-22 00:00:00,2026-04-17 15:58:36.677707
59ac29c1-4a67-4c6d-8356-afba99126f8d,CUST-2021-CN-000064,阳,王,阳 王,Female,1961-07-12,user612.apple@mail.com,13289052818,东莞路l座,杨县,合肥县,159183,CN,China,GREATER_CHINA,Chinese,Consumer,Platinum,2021-01-03,2021,NEW,True,MDM,2021-01-03 00:00:00,2026-04-17 15:58:36.677793
55e03c77-dfbf-4595-a151-6bc7f07a3165,CUST-2021-CN-000065,秀华,张,秀华 张,Male,1986-04-01,user809.apple@icloud.com,18279198250,大冶路o座,伟县,刚市,938528,CN,China,GREATER_CHINA,Chinese,Consumer,None,2021-01-12,2021,NEW,True,MDM,2021-01-12 00:00:00,2026-04-17 15:58:36.677876
a0ff99f6-eff3-41e4-85f5-e3396936f41f,CUST-2021-CN-000066,玉,王,玉 王,Female,1967-04-10,user796.apple431@gmail.com,13733822659,宁德路i座,帅市,秀荣县,158029,CN,China,GREATER_CHINA,Chinese,Consumer,None,2021-05-13,2021,NEW,True,MDM,2021-05-13 00:00:00,2026-04-17 15:58:36.677957
8b447a95-59e3-4636-bef5-849e0b195fe5,CUST-2021-CN-000067,晨,华,晨 华,Male,1973-12-20,user491.apple@outlook.com,14777572058,雷路t座,宁德市,佳县,510008,CN,China,GREATER_CHINA,Chinese,Business,Silver,2021-12-17,2021,NEW,True,MDM,2021-12-17 00:00:00,2026-04-17 15:58:36.678055
c819fc78-41d5-4182-9756-2965b660a2f7,CUST-2021-CN-000068,宁,冯,宁 冯,Male,1970-11-07,user761.apple@aol.com,13433989216,张街B座,兴安盟市,广州县,119564,CN,China,GREATER_CHINA,Chinese,Education,Gold,2021-03-16,2021,NEW,True,MDM,2021-03-16 00:00:00,2026-04-17 15:58:36.678155
24a727d5-33ff-401c-8bbb-f758efe9bec5,CUST-2021-CN-000069,淑华,黄,淑华 黄,Female,1990-11-21,user598.apple@gmail.com,18873695020,张路d座,欣市,香港县,332953,CN,China,GREATER_CHINA,Chinese,Consumer,None,2021-11-17,2021,NEW,True,MDM,2021-11-17 00:00:00,2026-04-17 15:58:36.678251
6b094084-bce6-4bd0-8776-a7e07423c5d3,CUST-2021-CN-000070,健,李,健 李,Male,1990-11-01,user831.apple@outlook.com,14782834911,张路a座,福州市,永安市,968093,CN,China,GREATER_CHINA,Chinese,Consumer,Silver,2021-07-23,2021,NEW,True,MDM,2021-07-23 00:00:00,2026-04-17 15:58:36.678352
7a955496-5498-4285-af06-704d33fdb387,CUST-2021-CN-000071,柳,任,柳 任,Female,2005-04-17,user608.apple@gmx.com,15090591795,孙街p座,丹市,欢县,151113,CN,China,GREATER_CHINA,Chinese,Consumer,Silver,2021-05-08,2021,NEW,True,MDM,2021-05-08 00:00:00,2026-04-17 15:58:36.678450
b8b76584-ceda-48c7-89a5-b6e155ccb25d,CUST-2021-CN-000072,强,刘,强 刘,Female,1999-08-10,user475.apple@hotmail.com,18257849158,乌鲁木齐路E座,冬梅市,宜都县,662904,CN,China,GREATER_CHINA,Chinese,Consumer,None,2021-09-09,2021,NEW,True,MDM,2021-09-09 00:00:00,2026-04-17 15:58:36.678531
7427c3d5-eb45-443a-b62f-4bfa4432fcc5,CUST-2021-CN-000073,娟,桂,娟 桂,Male,1961-11-25,user969.apple@live.com,15204224233,邯郸路q座,兰州市,海门市,711773,CN,China,GREATER_CHINA,Chinese,Consumer,None,2021-06-08,2021,NEW,True,MDM,2021-06-08 00:00:00,2026-04-17 15:58:36.678613
cf93579d-549e-4216-a074-23c5df7ee523,CUST-2021-CN-000074,刚,李,刚 李,Male,2006-06-03,user510.apple@icloud.com,13404276432,北京街z座,关岭市,红霞县,657640,CN,China,GREATER_CHINA,Chinese,Business,None,2021-10-05,2021,NEW,True,MDM,2021-10-05 00:00:00,2026-04-17 15:58:36.678695
97ee90e3-1d21-4975-8a82-04aa830d7d5e,CUST-2021-CN-000075,超,张,超 张,Female,1997-09-23,user751.apple@yahoo.com,13739465468,徐路k座,丽娟市,合肥市,785765,CN,China,GREATER_CHINA,Chinese,Consumer,Silver,2021-04-24,2021,NEW,False,MDM,2021-04-24 00:00:00,2026-04-17 15:58:36.678796
74bcd18e-4985-4cbb-a3e7-c8a5a65891cc,CUST-2021-CN-000076,亮,周,亮 周,Male,2005-04-07,user602.apple511@msn.com,13410362184,佛山路R座,桂香县,长沙县,487404,CN,China,GREATER_CHINA,Chinese,Education,None,2021-11-13,2021,NEW,False,MDM,2021-11-13 00:00:00,2026-04-17 15:58:36.678882
32b5e152-3eb3-4dd6-803e-0b898ef0a833,CUST-2021-CN-000077,勇,张,勇 张,Male,1997-07-17,user387.apple@icloud.com,14726600180,赵街K座,淑英市,华市,781618,CN,China,GREATER_CHINA,Chinese,Business,None,2021-07-05,2021,NEW,True,MDM,2021-07-05 00:00:00,2026-04-17 15:58:36.678984
907f7692-cba8-478b-a548-73ea76a0292d,CUST-2021-CN-000078,建华,邵,建华 邵,Male,1954-11-09,user724.apple@gmx.com,13760695618,杨路X座,淮安县,马鞍山县,987149,CN,China,GREATER_CHINA,Chinese,Consumer,None,2021-01-27,2021,NEW,True,MDM,2021-01-27 00:00:00,2026-04-17 15:58:36.679085
c1fb77ec-a8e3-4f66-941b-908db6185351,CUST-2021-CN-000079,俊,崔,俊 崔,Female,1972-12-18,user682.apple72@gmail.com,13737647766,上海路n座,楠市,淑珍市,475821,CN,China,GREATER_CHINA,Chinese,Consumer,None,2021-10-01,2021,NEW,True,MDM,2021-10-01 00:00:00,2026-04-17 15:58:36.679167
0353e44f-11e2-49d1-9809-91d96aa67aa1,CUST-2021-CN-000080,小红,李,小红 李,Male,1972-11-02,user962.apple@icloud.com,15238018795,合山路B座,合山市,伟县,333662,CN,China,GREATER_CHINA,Chinese,Education,None,2021-02-20,2021,NEW,True,MDM,2021-02-20 00:00:00,2026-04-17 15:58:36.679247
7bb7dec0-7542-4b2a-8930-42a46db20ff8,CUST-2021-CN-000081,淑华,唐,淑华 唐,Female,2008-02-29,user653.apple458@protonmail.com,18267424923,周街X座,利市,秀梅县,235743,CN,China,GREATER_CHINA,Chinese,Consumer,Gold,2021-08-12,2021,NEW,True,MDM,2021-08-12 00:00:00,2026-04-17 15:58:36.679350
94d8c579-91fd-454a-b6a1-24624e624ccd,CUST-2021-CN-000082,艳,孙,艳 孙,Female,1966-03-18,user725.apple@aol.com,18999565315,甘路H座,瑜县,北镇县,537376,CN,China,GREATER_CHINA,Chinese,Consumer,Silver,2021-02-15,2021,NEW,True,MDM,2021-02-15 00:00:00,2026-04-17 15:58:36.679449
11cbc6ac-7791-41c4-b147-0cfcf83dae54,CUST-2021-CN-000083,慧,王,慧 王,Female,2001-12-09,user308.apple860@yahoo.com,15089880826,罗路B座,澳门县,辽阳市,285467,CN,China,GREATER_CHINA,Chinese,Consumer,None,2021-03-01,2021,NEW,True,MDM,2021-03-01 00:00:00,2026-04-17 15:58:36.679555
c9da9fa0-b0a1-4c38-9363-0c618cc993e4,CUST-2021-CN-000084,丹丹,傅,丹丹 傅,Male,1988-06-11,user401.apple@protonmail.com,18229048290,祝街F座,兴城县,佛山县,577299,CN,China,GREATER_CHINA,Chinese,Consumer,None,2021-10-21,2021,NEW,True,MDM,2021-10-21 00:00:00,2026-04-17 15:58:36.679653
8ec1a39b-bba7-4b5d-8e9d-0b41bbfcca36,CUST-2021-CN-000085,鹏,黄,鹏 黄,Male,1982-03-24,user384.apple@protonmail.com,14557752522,谢街H座,辽阳县,宁德市,777318,CN,China,GREATER_CHINA,Chinese,Consumer,None,2021-02-21,2021,NEW,False,MDM,2021-02-21 00:00:00,2026-04-17 15:58:36.679752
9dd1be6b-b4b7-4f76-9244-686c9b58c229,CUST-2021-CN-000086,平,梁,平 梁,Male,1982-05-15,user665.apple@mail.com,15361696281,江路I座,郑州县,齐齐哈尔县,957131,CN,China,GREATER_CHINA,Chinese,Education,None,2021-04-05,2021,NEW,True,MDM,2021-04-05 00:00:00,2026-04-17 15:58:36.679849
25f93a4f-d88b-463f-8e6b-b2dbfb8b507e,CUST-2021-CN-000087,桂珍,陈,桂珍 陈,Male,1987-07-05,user899.apple@aol.com,15575077737,荆门街K座,柳市,深圳县,225684,CN,China,GREATER_CHINA,Chinese,Business,Silver,2021-10-17,2021,NEW,True,MDM,2021-10-17 00:00:00,2026-04-17 15:58:36.679931
702706f8-88a5-4868-bcee-53b319f50de3,CUST-2021-CN-000088,岩,李,岩 李,Male,1977-10-04,user731.apple@aol.com,15748724755,刘街h座,北镇市,桂荣市,462860,CN,China,GREATER_CHINA,Chinese,Education,Platinum,2021-06-25,2021,NEW,True,MDM,2021-06-25 00:00:00,2026-04-17 15:58:36.680031
f3e36d3e-9178-4862-93bb-504c047fe3a7,CUST-2021-CN-000089,小红,李,小红 李,Male,1986-01-04,user426.apple@live.com,14518088722,胡街f座,长沙县,想市,773652,CN,China,GREATER_CHINA,Chinese,Education,None,2021-03-04,2021,NEW,True,MDM,2021-03-04 00:00:00,2026-04-17 15:58:36.680127
4fd267f8-0e16-4857-80cd-8ba42e815210,CUST-2021-CN-000090,杰,姚,杰 姚,Female,1989-06-07,user190.apple@gmx.com,13159699695,海门路g座,台北县,敏市,471907,CN,China,GREATER_CHINA,Chinese,Education,None,2021-07-18,2021,NEW,True,MDM,2021-07-18 00:00:00,2026-04-17 15:58:36.680207
3ca360cf-c268-42f2-ac6c-ac44ed79f6fd,CUST-2021-CN-000091,秀荣,姚,秀荣 姚,Female,1970-11-04,user688.apple732@gmx.com,15324147839,潜江路U座,沈阳县,沈阳县,931701,CN,China,GREATER_CHINA,Chinese,Consumer,None,2021-03-14,2021,NEW,True,MDM,2021-03-14 00:00:00,2026-04-17 15:58:36.680284
5fc9b1a8-d80b-4876-a0a1-8cfd3a663334,CUST-2021-CN-000092,建华,潘,建华 潘,Male,1988-11-10,user377.apple687@live.com,18208293631,马鞍山路T座,淑英县,昆明市,830017,CN,China,GREATER_CHINA,Chinese,Education,Gold,2021-01-29,2021,NEW,True,MDM,2021-01-29 00:00:00,2026-04-17 15:58:36.680367
d3256dae-d07d-431d-85c7-6c70e63d82d1,CUST-2021-CN-000093,瑞,宋,瑞 宋,Female,1954-09-30,user493.apple@protonmail.com,14540045804,石家庄路O座,杰县,柳州县,925536,CN,China,GREATER_CHINA,Chinese,Consumer,Gold,2021-06-28,2021,NEW,True,MDM,2021-06-28 00:00:00,2026-04-17 15:58:36.680449
84deec33-2440-4e6d-a40d-d37773702234,CUST-2021-CN-000094,玉梅,王,玉梅 王,Male,1977-11-09,user947.apple@icloud.com,13532321652,太原路t座,华县,福州市,671465,CN,China,GREATER_CHINA,Chinese,Business,None,2021-06-21,2021,NEW,True,MDM,2021-06-21 00:00:00,2026-04-17 15:58:36.680529
43af236a-9855-42c4-bc12-8e98c4a0cb3b,CUST-2021-CN-000095,丹,赵,丹 赵,Male,1961-11-28,user363.apple@mail.com,18202604728,齐齐哈尔路a座,南京市,太原县,430579,CN,China,GREATER_CHINA,Chinese,Consumer,Silver,2021-08-04,2021,NEW,True,MDM,2021-08-04 00:00:00,2026-04-17 15:58:36.680614
092cffaf-eb2e-4791-af2a-db7ea162a112,CUST-2021-CN-000096,玲,梁,玲 梁,Female,2002-10-23,user813.apple101@zoho.com,15049727694,长沙路M座,敏市,宁德市,974030,CN,China,GREATER_CHINA,Chinese,Consumer,Silver,2021-01-14,2021,NEW,True,MDM,2021-01-14 00:00:00,2026-04-17 15:58:36.680692
c6358cd1-bdcc-4807-adcc-b6de0d34f24f,CUST-2021-CN-000097,杰,关,杰 关,Male,1972-06-21,user822.apple@icloud.com,13561848175,合山街N座,建市,巢湖市,273157,CN,China,GREATER_CHINA,Chinese,Consumer,None,2021-10-05,2021,NEW,True,MDM,2021-10-05 00:00:00,2026-04-17 15:58:36.680773
92794a0f-fed7-4d68-9d1a-f01f2f51caad,CUST-2021-CN-000098,秀兰,汪,秀兰 汪,Male,2000-07-12,user528.apple@protonmail.com,15505647807,吴路w座,丽丽市,潮州县,978309,CN,China,GREATER_CHINA,Chinese,Consumer,Silver,2021-06-22,2021,NEW,True,MDM,2021-06-22 00:00:00,2026-04-17 15:58:36.680870
9548feca-da8c-43a5-bec2-14e88a2fcbdd,CUST-2021-CN-000099,梅,李,梅 李,Female,1986-04-22,user965.apple831@aol.com,18663058282,北京街o座,洁县,志强市,680042,CN,China,GREATER_CHINA,Chinese,Consumer,Platinum,2021-09-18,2021,NEW,True,MDM,2021-09-18 00:00:00,2026-04-17 15:58:36.680950
07bf6f6e-4ece-4135-87fe-6bc8169b630e,CUST-2021-CN-000100,秀云,聂,秀云 聂,Male,1974-12-22,user454.apple@gmx.com,14768838272,孟街l座,坤市,静县,152883,CN,China,GREATER_CHINA,Chinese,Education,Silver,2021-10-23,2021,NEW,True,MDM,2021-10-23 00:00:00,2026-04-17 15:58:36.681045
426b7581-a8fb-41f0-a954-974c33a428e9,CUST-2021-CN-000101,桂兰,孙,桂兰 孙,Female,1950-05-21,user950.apple@aol.com,15243112417,呼和浩特街x座,哈尔滨市,六盘水市,997544,CN,China,GREATER_CHINA,Chinese,Consumer,Gold,2021-12-17,2021,NEW,True,MDM,2021-12-17 00:00:00,2026-04-17 15:58:36.681122
8061d92f-c4ad-4e8f-9c32-cbbf3a52edaa,CUST-2021-CN-000102,鑫,张,鑫 张,Female,2002-09-11,user545.apple@outlook.com,15729305308,北镇路t座,香港市,南昌市,373264,CN,China,GREATER_CHINA,Chinese,Consumer,Gold,2021-08-04,2021,NEW,True,MDM,2021-08-04 00:00:00,2026-04-17 15:58:36.681200
5caab094-65e2-4791-b3b2-c3bd0e51f650,CUST-2021-CN-000103,杨,白,杨 白,Male,1956-06-28,user722.apple@protonmail.com,13396438260,李路E座,红梅县,北镇市,164451,CN,China,GREATER_CHINA,Chinese,Education,None,2021-07-24,2021,NEW,True,MDM,2021-07-24 00:00:00,2026-04-17 15:58:36.681294
f68610b7-44b0-46d3-8009-15b5bee0867f,CUST-2021-CN-000104,秀华,马,秀华 马,Male,1989-06-26,user228.apple@aol.com,15775577136,康路V座,乌鲁木齐市,峰县,306406,CN,China,GREATER_CHINA,Chinese,Consumer,None,2021-12-30,2021,NEW,True,MDM,2021-12-30 00:00:00,2026-04-17 15:58:36.681395
af9f443a-f930-4dbd-8c4d-c39abcc0663e,CUST-2021-CN-000105,桂荣,史,桂荣 史,Female,1980-02-11,user649.apple427@aol.com,13010819465,位路x座,秀华市,淑英市,928425,CN,China,GREATER_CHINA,Chinese,Consumer,Gold,2021-06-16,2021,NEW,True,MDM,2021-06-16 00:00:00,2026-04-17 15:58:36.681493
ce0c55af-90cd-4fb7-abf4-4291b4d22020,CUST-2021-CN-000106,建军,秦,建军 秦,Male,1991-04-15,user311.apple@gmail.com,13709034505,潜江街b座,岩市,娟市,680962,CN,China,GREATER_CHINA,Chinese,Consumer,Gold,2021-06-18,2021,NEW,True,MDM,2021-06-18 00:00:00,2026-04-17 15:58:36.681575
f93de680-ece2-4e26-94da-e689370d9df7,CUST-2021-CN-000107,浩,张,浩 张,Female,1953-08-09,user858.apple@aol.com,13340965755,梧州街a座,哈尔滨县,英县,517652,CN,China,GREATER_CHINA,Chinese,Consumer,Platinum,2021-08-30,2021,NEW,True,MDM,2021-08-30 00:00:00,2026-04-17 15:58:36.681659
a69589e1-a3c9-45ea-982a-d3dfe6b15411,CUST-2021-CN-000108,红霞,李,红霞 李,Male,1965-05-19,user446.apple918@yahoo.com,13781705713,宜都路u座,兴安盟县,拉萨县,538343,CN,China,GREATER_CHINA,Chinese,Consumer,Platinum,2021-04-10,2021,NEW,True,MDM,2021-04-10 00:00:00,2026-04-17 15:58:36.681744
1bfb406a-1d0b-44b2-a6c5-af8c07190268,CUST-2021-CN-000109,雪,王,雪 王,Female,2000-06-08,user282.apple306@aol.com,13194723702,郭路q座,佛山县,琴县,985352,CN,China,GREATER_CHINA,Chinese,Consumer,None,2021-12-13,2021,NEW,True,MDM,2021-12-13 00:00:00,2026-04-17 15:58:36.681839
34f2d0bb-b864-4e75-85f8-f5ebe1c92301,CUST-2021-CN-000110,辉,金,辉 金,Male,1953-11-23,user210.apple958@outlook.com,13581946305,广州路N座,红梅市,成县,533789,CN,China,GREATER_CHINA,Chinese,Consumer,Gold,2021-11-08,2021,NEW,True,MDM,2021-11-08 00:00:00,2026-04-17 15:58:36.681920
3ab0cb4b-8322-46e1-9640-5a2dc7d16135,CUST-2021-CN-000111,红霞,张,红霞 张,Female,1981-10-08,user210.apple@protonmail.com,13397611714,合肥街M座,玉华市,辽阳县,659303,CN,China,GREATER_CHINA,Chinese,Consumer,Silver,2021-02-19,2021,NEW,True,MDM,2021-02-19 00:00:00,2026-04-17 15:58:36.682003
a6ce91b2-2bcb-40e0-9ec9-cbbafecb4ac1,CUST-2021-CN-000112,莉,胡,莉 胡,Female,1954-08-12,user379.apple953@hotmail.com,13050177454,曹街y座,北京市,平市,542597,CN,China,GREATER_CHINA,Chinese,Consumer,None,2021-04-16,2021,NEW,True,MDM,2021-04-16 00:00:00,2026-04-17 15:58:36.682098
0197c6b8-8ef4-4db2-a87a-7139a575b105,CUST-2021-CN-000113,帆,朱,帆 朱,Male,1966-05-04,user566.apple@live.com,13042915238,刁街t座,宁德市,凤英县,275169,CN,China,GREATER_CHINA,Chinese,Consumer,Silver,2021-09-09,2021,NEW,True,MDM,2021-09-09 00:00:00,2026-04-17 15:58:36.682207
5d1cb2ff-e2b2-4608-8a14-12a96db8fab5,CUST-2021-CN-000114,春梅,刘,春梅 刘,Female,1993-03-11,user166.apple@yahoo.com,13081128454,刘路Z座,秀芳县,海燕市,631004,CN,China,GREATER_CHINA,Chinese,Business,None,2021-07-07,2021,NEW,True,MDM,2021-07-07 00:00:00,2026-04-17 15:58:36.682304
f3155d60-68b9-4b95-b8f5-23c7f4c8221f,CUST-2021-CN-000115,斌,马,斌 马,Male,1994-05-24,user248.apple612@gmail.com,15621302599,阜新街A座,秀华市,马鞍山市,588775,CN,China,GREATER_CHINA,Chinese,Consumer,Silver,2021-06-14,2021,NEW,False,MDM,2021-06-14 00:00:00,2026-04-17 15:58:36.682383
68ab837d-42fd-41d0-a664-9ae3e6247842,CUST-2021-CN-000116,杰,冯,杰 冯,Male,1987-09-24,user116.apple@zoho.com,18588399845,沈阳街G座,秀芳县,晨市,647469,CN,China,GREATER_CHINA,Chinese,Consumer,None,2021-04-29,2021,NEW,True,MDM,2021-04-29 00:00:00,2026-04-17 15:58:36.682462
a3787088-cf3f-4607-8fb1-5c14a6b7d8e1,CUST-2021-CN-000117,文,张,文 张,Female,1988-10-25,user540.apple@gmail.com,13118590498,海口路w座,琳县,合肥市,812965,CN,China,GREATER_CHINA,Chinese,Consumer,Silver,2021-10-17,2021,NEW,True,MDM,2021-10-17 00:00:00,2026-04-17 15:58:36.682542
f3e262c3-abb7-466c-adbe-4619defd54ac,CUST-2021-CN-000118,淑兰,梁,淑兰 梁,Female,1997-03-14,user457.apple@hotmail.com,13538596899,马鞍山街K座,萍县,张家港县,337335,CN,China,GREATER_CHINA,Chinese,Education,Silver,2021-09-15,2021,NEW,True,MDM,2021-09-15 00:00:00,2026-04-17 15:58:36.682621
494ad36b-9440-4cae-a0a2-060ead853120,CUST-2021-CN-000119,凤兰,胡,凤兰 胡,Male,1978-10-23,user107.apple@protonmail.com,14721085252,潘路M座,兰英县,萍市,123355,CN,China,GREATER_CHINA,Chinese,Business,None,2021-10-17,2021,NEW,True,MDM,2021-10-17 00:00:00,2026-04-17 15:58:36.682724
a5be8e87-92af-4887-baa4-16989d1058ad,CUST-2021-CN-000120,志强,申,志强 申,Female,1973-01-21,user970.apple@msn.com,18679376343,宜都路q座,南昌市,丹县,641855,CN,China,GREATER_CHINA,Chinese,Consumer,Silver,2021-02-15,2021,NEW,True,MDM,2021-02-15 00:00:00,2026-04-17 15:58:36.682803
f3509108-1abf-4e03-8c29-5f938d464664,CUST-2021-CN-000121,文,王,文 王,Male,2005-06-27,user483.apple529@msn.com,15811765222,福州街C座,凤英市,鑫县,867165,CN,China,GREATER_CHINA,Chinese,Consumer,None,2021-06-22,2021,NEW,True,MDM,2021-06-22 00:00:00,2026-04-17 15:58:36.682883
ed88a6af-2fe3-4163-b950-89f29af599a7,CUST-2021-CN-000122,秀珍,罗,秀珍 罗,Male,1996-10-08,user279.apple142@msn.com,13251460869,朱路P座,沈阳市,佛山市,363575,CN,China,GREATER_CHINA,Chinese,Consumer,Silver,2021-09-02,2021,NEW,False,MDM,2021-09-02 00:00:00,2026-04-17 15:58:36.682984
3f2a907e-217c-4811-a168-fe4a5c297afb,CUST-2021-CN-000123,宁,杜,宁 杜,Female,1964-10-23,user926.apple@gmail.com,13355683949,邯郸路H座,玉梅县,娟县,808086,CN,China,GREATER_CHINA,Chinese,Business,None,2021-04-22,2021,NEW,True,MDM,2021-04-22 00:00:00,2026-04-17 15:58:36.683066
42d32962-75ff-496a-9881-052bf736bd77,CUST-2021-CN-000124,秀英,胡,秀英 胡,Male,1983-03-10,user527.apple@msn.com,15978773475,胡路P座,红梅市,成县,887549,CN,China,GREATER_CHINA,Chinese,Education,Gold,2021-05-16,2021,NEW,True,MDM,2021-05-16 00:00:00,2026-04-17 15:58:36.683162
8de36251-7043-4885-a123-d5df01641115,CUST-2021-CN-000125,桂芝,周,桂芝 周,Male,1950-11-28,user762.apple488@zoho.com,14596287842,兴安盟路E座,张家港县,霞县,591700,CN,China,GREATER_CHINA,Chinese,Consumer,None,2021-02-15,2021,NEW,True,MDM,2021-02-15 00:00:00,2026-04-17 15:58:36.683244
8520c4a7-b1cb-4fcf-b22b-661b9115b32e,CUST-2021-CN-000126,俊,傅,俊 傅,Female,1958-06-03,user638.apple@yahoo.com,14518957605,大冶路E座,芳市,合肥市,655875,CN,China,GREATER_CHINA,Chinese,Consumer,None,2021-01-24,2021,NEW,True,MDM,2021-01-24 00:00:00,2026-04-17 15:58:36.683320
90d433b8-98a2-44b7-b2b2-84780c5a6c2e,CUST-2021-CN-000127,琴,石,琴 石,Female,1950-08-20,user512.apple@gmx.com,15279150790,王街H座,玲市,莉市,161673,CN,China,GREATER_CHINA,Chinese,Consumer,None,2021-02-13,2021,NEW,False,MDM,2021-02-13 00:00:00,2026-04-17 15:58:36.683417
5bf5fb83-e1af-488f-97c8-6526635586d9,CUST-2021-CN-000128,玉英,隋,玉英 隋,Female,1989-09-22,user602.apple@hotmail.com,18108507915,广州街g座,龙县,楠市,253864,CN,China,GREATER_CHINA,Chinese,Consumer,None,2021-03-24,2021,NEW,True,MDM,2021-03-24 00:00:00,2026-04-17 15:58:36.683497
94b597b9-2801-46c4-903c-2b5380070653,CUST-2021-CN-000129,淑华,兰,淑华 兰,Female,1958-03-28,user593.apple@zoho.com,15751906864,孙路a座,台北市,玉兰市,129667,CN,China,GREATER_CHINA,Chinese,Consumer,None,2021-03-16,2021,NEW,True,MDM,2021-03-16 00:00:00,2026-04-17 15:58:36.683600
4b60e8a1-77f0-4acf-9f44-039a0012dc5d,CUST-2021-CN-000130,平,孙,平 孙,Female,1962-11-26,user313.apple@msn.com,18807161859,冯街V座,武汉县,哈尔滨市,432603,CN,China,GREATER_CHINA,Chinese,Education,None,2021-04-17,2021,NEW,True,MDM,2021-04-17 00:00:00,2026-04-17 15:58:36.683699
e5945afc-782e-491f-80c9-5a817eeaa0cb,CUST-2021-CN-000131,桂兰,王,桂兰 王,Female,1966-09-06,user599.apple530@live.com,18871156888,庄街P座,武汉县,合山县,105776,CN,China,GREATER_CHINA,Chinese,Consumer,None,2021-10-27,2021,NEW,True,MDM,2021-10-27 00:00:00,2026-04-17 15:58:36.683800
9dfe8bf6-33ea-4d47-9d0b-8f4fce62fe15,CUST-2021-CN-000132,玉梅,王,玉梅 王,Female,1980-08-21,user113.apple@aol.com,18806693772,南昌街L座,上海市,亮县,304482,CN,China,GREATER_CHINA,Chinese,Consumer,Silver,2021-07-19,2021,NEW,True,MDM,2021-07-19 00:00:00,2026-04-17 15:58:36.683883
627ff78b-7bce-4b1a-819b-1b568e9a715b,CUST-2021-CN-000133,博,罗,博 罗,Female,1981-08-19,user338.apple@live.com,13578316359,张路U座,桂芝县,丽娟市,301010,CN,China,GREATER_CHINA,Chinese,Consumer,Gold,2021-04-04,2021,NEW,True,MDM,2021-04-04 00:00:00,2026-04-17 15:58:36.683977
88370825-9b3f-47bc-b2d9-311a35df2f7e,CUST-2021-CN-000134,伟,李,伟 李,Male,1976-11-21,user558.apple@yahoo.com,15399209975,陈路O座,台北县,想市,906061,CN,China,GREATER_CHINA,Chinese,Consumer,None,2021-05-07,2021,NEW,True,MDM,2021-05-07 00:00:00,2026-04-17 15:58:36.684078
678012f5-cb3f-4ddb-94b5-bb50fe9cfa52,CUST-2021-CN-000135,建平,陈,建平 陈,Male,1996-10-03,user627.apple@outlook.com,13994027828,辽阳路P座,雪县,太原县,531264,CN,China,GREATER_CHINA,Chinese,Education,None,2021-12-25,2021,NEW,True,MDM,2021-12-25 00:00:00,2026-04-17 15:58:36.684155
84f0a747-e8d1-486e-9c42-326605a4de2d,CUST-2021-CN-000136,志强,黄,志强 黄,Male,1969-04-11,user678.apple@msn.com,18087890028,郑州路A座,贵阳县,旭市,272840,CN,China,GREATER_CHINA,Chinese,Consumer,None,2021-02-15,2021,NEW,True,MDM,2021-02-15 00:00:00,2026-04-17 15:58:36.684234
a0cee3b6-4215-43e8-8eb5-efa0a9b34ce8,CUST-2021-CN-000137,静,王,静 王,Male,1967-11-11,user547.apple@yahoo.com,13786793747,陈路n座,昆明市,俊市,456116,CN,China,GREATER_CHINA,Chinese,Consumer,None,2021-05-04,2021,NEW,True,MDM,2021-05-04 00:00:00,2026-04-17 15:58:36.684334
6645b6e8-9065-4ea7-85e8-957cb2feaa63,CUST-2021-CN-000138,淑兰,陈,淑兰 陈,Male,1964-12-30,user503.apple@outlook.com,13847662023,合肥街m座,鑫县,成都市,186906,CN,China,GREATER_CHINA,Chinese,Consumer,None,2021-06-14,2021,NEW,True,MDM,2021-06-14 00:00:00,2026-04-17 15:58:36.684411
f946a65d-7368-4ef9-88bf-7ab7819e6c00,CUST-2021-CN-000139,凯,孙,凯 孙,Female,1986-06-12,user381.apple@gmx.com,13002120882,林路i座,龙市,海门县,801169,CN,China,GREATER_CHINA,Chinese,Consumer,Silver,2021-02-14,2021,NEW,True,MDM,2021-02-14 00:00:00,2026-04-17 15:58:36.684512
ca57e421-a46b-45f1-8392-1b17457d0b9f,CUST-2021-CN-000140,秀云,陈,秀云 陈,Male,1975-07-22,user647.apple495@protonmail.com,15997996620,曹街Q座,桂花县,淑英县,196316,CN,China,GREATER_CHINA,Chinese,Consumer,Platinum,2021-08-12,2021,NEW,True,MDM,2021-08-12 00:00:00,2026-04-17 15:58:36.684614
41ec8389-9b08-4f10-99ec-8a3e251cc11e,CUST-2021-CN-000141,丽丽,余,丽丽 余,Male,1966-07-01,user977.apple444@mail.com,14561983559,通辽路R座,宜都市,马鞍山市,719427,CN,China,GREATER_CHINA,Chinese,Consumer,None,2021-07-27,2021,NEW,True,MDM,2021-07-27 00:00:00,2026-04-17 15:58:36.684695
c49badfe-648f-45b8-b8ba-a5a1b8ec21c9,CUST-2021-CN-000142,琴,刘,琴 刘,Male,1981-04-19,user597.apple@hotmail.com,13153385352,罗街R座,宁市,桂兰市,179466,CN,China,GREATER_CHINA,Chinese,Consumer,Gold,2021-07-10,2021,NEW,True,MDM,2021-07-10 00:00:00,2026-04-17 15:58:36.684796
3ad796ab-f761-48d8-b7f6-c55b176cc08f,CUST-2021-CN-000143,雪,刘,雪 刘,Male,1966-09-25,user510.apple607@outlook.com,15892241803,北镇路b座,太原县,雪市,908849,CN,China,GREATER_CHINA,Chinese,Business,None,2021-12-23,2021,NEW,True,MDM,2021-12-23 00:00:00,2026-04-17 15:58:36.684877
3c3f19e5-a16f-43de-b7ae-5ad650c69d5e,CUST-2021-CN-000144,淑珍,袁,淑珍 袁,Female,1952-03-04,user676.apple@protonmail.com,15926202480,高路R座,银川市,倩市,227456,CN,China,GREATER_CHINA,Chinese,Business,Gold,2021-05-15,2021,NEW,True,MDM,2021-05-15 00:00:00,2026-04-17 15:58:36.684975
f0e7179b-799e-4c52-abc3-158bc0683960,CUST-2021-CN-000145,畅,刘,畅 刘,Female,1983-11-16,user827.apple792@zoho.com,18846688420,刘路m座,台北县,伟市,336564,CN,China,GREATER_CHINA,Chinese,Business,None,2021-12-11,2021,NEW,True,MDM,2021-12-11 00:00:00,2026-04-17 15:58:36.685079
e55ed1f5-8773-48c8-8328-cd7f8be87241,CUST-2021-CN-000146,桂香,尹,桂香 尹,Female,1965-11-10,user795.apple@live.com,15262123505,福州街k座,亮市,桂珍县,413415,CN,China,GREATER_CHINA,Chinese,Education,None,2021-11-10,2021,NEW,True,MDM,2021-11-10 00:00:00,2026-04-17 15:58:36.685156
7c1343aa-45a4-490b-b2fb-6ad4f6ec0300,CUST-2021-CN-000147,磊,熊,磊 熊,Male,1966-07-12,user267.apple@icloud.com,13694291398,任街G座,娜县,大冶县,377157,CN,China,GREATER_CHINA,Chinese,Consumer,None,2021-12-01,2021,NEW,True,MDM,2021-12-01 00:00:00,2026-04-17 15:58:36.685255
ebab01f3-246d-4364-8c93-1ef9b672b6fc,CUST-2021-CN-000148,帆,王,帆 王,Female,2001-07-05,user113.apple@aol.com,18095699776,澳门路h座,磊县,莹市,735123,CN,China,GREATER_CHINA,Chinese,Education,None,2021-09-04,2021,NEW,True,MDM,2021-09-04 00:00:00,2026-04-17 15:58:36.685339
441e48e1-7f34-498f-98fb-e6d9d4e30f9d,CUST-2021-CN-000149,鑫,陈,鑫 陈,Female,2006-12-24,user553.apple@hotmail.com,15676928821,广州路a座,丹市,建市,871518,CN,China,GREATER_CHINA,Chinese,Consumer,Silver,2021-03-25,2021,NEW,True,MDM,2021-03-25 00:00:00,2026-04-17 15:58:36.685415
bf3b6cd7-4edd-48b9-ab5a-81b24fc16b7e,CUST-2021-CN-000150,娜,姜,娜 姜,Male,1976-01-23,user406.apple@gmail.com,18289261226,潜江街f座,巢湖市,欢市,601653,CN,China,GREATER_CHINA,Chinese,Consumer,Platinum,2021-09-29,2021,NEW,False,MDM,2021-09-29 00:00:00,2026-04-17 15:58:36.685494
06197309-68ff-4756-bfb7-f8852edc7cc4,CUST-2021-CN-000151,雪,刘,雪 刘,Female,1997-05-25,user495.apple@hotmail.com,18166632103,石家庄街Q座,健市,霞县,863984,CN,China,GREATER_CHINA,Chinese,Consumer,Gold,2021-01-12,2021,NEW,False,MDM,2021-01-12 00:00:00,2026-04-17 15:58:36.685572
b1c86edf-3b9b-451d-8c29-3badedb3d546,CUST-2021-CN-000152,小红,马,小红 马,Male,1950-07-18,user425.apple@gmx.com,15598953057,黎街o座,婷市,秀珍市,524626,CN,China,GREATER_CHINA,Chinese,Business,Platinum,2021-11-02,2021,NEW,True,MDM,2021-11-02 00:00:00,2026-04-17 15:58:36.685670
d1abc506-0613-4162-8a26-bffacc78f49e,CUST-2021-CN-000153,玉梅,乔,玉梅 乔,Male,1964-01-16,user260.apple@msn.com,15551959892,阜新街D座,帆市,西宁县,257734,CN,China,GREATER_CHINA,Chinese,Consumer,None,2021-07-05,2021,NEW,True,MDM,2021-07-05 00:00:00,2026-04-17 15:58:36.685753
ee0527ee-d897-41f8-b09a-e4820c442e0c,CUST-2021-CN-000154,建国,聂,建国 聂,Female,1951-10-30,user872.apple@live.com,18616538523,张家港街B座,佳县,琳县,891166,CN,China,GREATER_CHINA,Chinese,Consumer,Gold,2021-06-08,2021,NEW,True,MDM,2021-06-08 00:00:00,2026-04-17 15:58:36.685829
156fb0d0-f78f-47ba-a6f8-6eed6b1d5143,CUST-2021-CN-000155,文,顾,文 顾,Male,1988-04-06,user906.apple@zoho.com,18817542813,上海路g座,平县,玉梅市,539120,CN,China,GREATER_CHINA,Chinese,Consumer,Gold,2021-12-17,2021,NEW,True,MDM,2021-12-17 00:00:00,2026-04-17 15:58:36.685956
fdf77fd4-234c-4ced-a4f8-ac17e936e779,CUST-2021-CN-000156,丽华,辛,丽华 辛,Female,1984-03-14,user786.apple11@yahoo.com,13938429041,关岭路u座,东市,丹县,279506,CN,China,GREATER_CHINA,Chinese,Education,Platinum,2021-10-01,2021,NEW,True,MDM,2021-10-01 00:00:00,2026-04-17 15:58:36.686055
d72a1d4d-016c-40c7-a6ab-a20f387c09a9,CUST-2021-CN-000157,红霞,陆,红霞 陆,Female,2006-08-24,user571.apple@aol.com,13144460016,杜街f座,辛集市,郑州市,218187,CN,China,GREATER_CHINA,Chinese,Consumer,None,2021-06-07,2021,NEW,True,MDM,2021-06-07 00:00:00,2026-04-17 15:58:36.686153
af2dcc6f-41b8-4eb6-959e-97c649b070e5,CUST-2021-CN-000158,利,谢,利 谢,Female,1951-02-02,user982.apple@protonmail.com,15649527913,东莞街O座,梧州市,凤兰县,887174,CN,China,GREATER_CHINA,Chinese,Education,None,2021-07-18,2021,NEW,True,MDM,2021-07-18 00:00:00,2026-04-17 15:58:36.686235
a1f0a6bd-69ca-4e18-b6f9-5d2dcb9171b5,CUST-2021-CN-000159,凤兰,李,凤兰 李,Female,1971-09-25,user273.apple@mail.com,13504379656,关岭街B座,莹县,健市,772655,CN,China,GREATER_CHINA,Chinese,Business,None,2021-04-01,2021,NEW,True,MDM,2021-04-01 00:00:00,2026-04-17 15:58:36.686314
1c8b96f3-1fc6-430f-8545-1b9023c03669,CUST-2021-CN-000160,军,程,军 程,Male,1993-05-26,user531.apple913@protonmail.com,13573579456,香港街S座,南昌市,沈阳市,390327,CN,China,GREATER_CHINA,Chinese,Consumer,Gold,2021-12-24,2021,NEW,True,MDM,2021-12-24 00:00:00,2026-04-17 15:58:36.686393
301c8688-3bc2-4602-a140-c0e4a862371e,CUST-2021-CN-000161,秀云,赵,秀云 赵,Male,2007-07-12,user212.apple322@icloud.com,13900493303,成都路Z座,荆门县,沈阳市,911470,CN,China,GREATER_CHINA,Chinese,Consumer,None,2021-05-21,2021,NEW,True,MDM,2021-05-21 00:00:00,2026-04-17 15:58:36.686470
50320e28-70c4-4212-8b3e-abcf4b000056,CUST-2021-CN-000162,淑英,熊,淑英 熊,Male,1978-09-24,user768.apple472@aol.com,13653394752,姚街k座,阜新县,桂香市,475291,CN,China,GREATER_CHINA,Chinese,Consumer,None,2021-08-18,2021,NEW,True,MDM,2021-08-18 00:00:00,2026-04-17 15:58:36.686564
522f18a8-2198-4822-8ef2-7900248c3895,CUST-2021-CN-000163,秀珍,郭,秀珍 郭,Female,1983-10-22,user911.apple@hotmail.com,13440796513,高路n座,长沙市,敏市,574443,CN,China,GREATER_CHINA,Chinese,Education,None,2021-10-05,2021,NEW,True,MDM,2021-10-05 00:00:00,2026-04-17 15:58:36.686658
46feea96-fb0c-4541-9111-86ee0f197f40,CUST-2021-CN-000164,东,贺,东 贺,Male,1969-09-18,user527.apple@zoho.com,14584906346,邯郸路Z座,上海县,琳市,825332,CN,China,GREATER_CHINA,Chinese,Consumer,None,2021-08-08,2021,NEW,True,MDM,2021-08-08 00:00:00,2026-04-17 15:58:36.686734
bc00cdb9-5279-4dc6-b276-1fd1a30f8666,CUST-2021-CN-000165,超,余,超 余,Male,2006-07-25,user123.apple@outlook.com,15233527200,李路Y座,雪梅市,平市,411773,CN,China,GREATER_CHINA,Chinese,Consumer,None,2021-08-01,2021,NEW,False,MDM,2021-08-01 00:00:00,2026-04-17 15:58:36.686834
47fddbf1-7bca-4158-8744-bdd4a2d4c777,CUST-2021-CN-000166,波,刁,波 刁,Male,1976-10-07,user523.apple@protonmail.com,13601649295,乌鲁木齐路U座,永安市,台北市,226945,CN,China,GREATER_CHINA,Chinese,Consumer,Gold,2021-04-16,2021,NEW,True,MDM,2021-04-16 00:00:00,2026-04-17 15:58:36.686910
501f6712-9e29-4f99-ad83-4ce59bba0d8f,CUST-2021-CN-000167,飞,崔,飞 崔,Female,1976-05-03,user157.apple@yahoo.com,15325546722,孙路M座,欣市,兰州市,602039,CN,China,GREATER_CHINA,Chinese,Consumer,Gold,2021-04-06,2021,NEW,False,MDM,2021-04-06 00:00:00,2026-04-17 15:58:36.687010
c537e48f-b45f-48c8-bae3-536a298415ea,CUST-2021-CN-000168,文,黄,文 黄,Female,1999-12-30,user745.apple546@live.com,15624915392,沈路g座,宜都市,广州县,280641,CN,China,GREATER_CHINA,Chinese,Consumer,Gold,2021-10-13,2021,NEW,True,MDM,2021-10-13 00:00:00,2026-04-17 15:58:36.687104
75da4d3c-382f-4e3c-ad26-f17b9a1e814c,CUST-2021-CN-000169,宁,金,宁 金,Female,2004-03-17,user912.apple@yahoo.com,13589090186,哈尔滨街F座,辛集县,婷市,286950,CN,China,GREATER_CHINA,Chinese,Business,Silver,2021-01-09,2021,NEW,True,MDM,2021-01-09 00:00:00,2026-04-17 15:58:36.687180
2862afd1-4fe7-4abc-95c5-eba7f966d3d9,CUST-2021-CN-000170,娜,陶,娜 陶,Male,1981-04-23,user260.apple@live.com,13609833786,辛集街Y座,兴城县,帅市,532685,CN,China,GREATER_CHINA,Chinese,Consumer,None,2021-06-14,2021,NEW,True,MDM,2021-06-14 00:00:00,2026-04-17 15:58:36.687259
69ca1c70-9d87-4e94-bc0b-9b329839a93c,CUST-2021-CN-000171,想,李,想 李,Female,1971-09-20,user594.apple218@msn.com,13859928907,何路q座,东莞市,通辽市,384831,CN,China,GREATER_CHINA,Chinese,Business,Platinum,2021-02-10,2021,NEW,True,MDM,2021-02-10 00:00:00,2026-04-17 15:58:36.687357
76e74996-35ee-4bb5-afc3-b9f247c6dee8,CUST-2021-CN-000172,淑英,周,淑英 周,Male,1972-12-05,user238.apple@mail.com,14727592591,成都路t座,郑州市,兴安盟市,209158,CN,China,GREATER_CHINA,Chinese,Consumer,Silver,2021-08-24,2021,NEW,True,MDM,2021-08-24 00:00:00,2026-04-17 15:58:36.687439
00148b55-8834-4281-a722-6a989ce6ae29,CUST-2021-CN-000173,璐,朱,璐 朱,Male,1993-10-30,user285.apple@aol.com,18263680741,宜都街h座,英市,博市,671712,CN,China,GREATER_CHINA,Chinese,Business,Platinum,2021-08-31,2021,NEW,True,MDM,2021-08-31 00:00:00,2026-04-17 15:58:36.687520
786ca731-e6ff-4b85-a46e-79927d6acdc7,CUST-2021-CN-000174,健,马,健 马,Female,1957-09-13,user985.apple@yahoo.com,18944761120,颜路s座,林市,勇市,123247,CN,China,GREATER_CHINA,Chinese,Consumer,Platinum,2021-03-30,2021,NEW,True,MDM,2021-03-30 00:00:00,2026-04-17 15:58:36.687625
0ea9f53e-0a6f-4856-a76f-e2bd63ecdbda,CUST-2021-CN-000175,秀梅,蔡,秀梅 蔡,Male,2005-06-13,user790.apple779@hotmail.com,15383456663,永安路a座,倩市,通辽县,775112,CN,China,GREATER_CHINA,Chinese,Business,None,2021-12-16,2021,NEW,True,MDM,2021-12-16 00:00:00,2026-04-17 15:58:36.687707
c6d4d8ae-1b52-4285-839a-8f8f8527f362,CUST-2021-CN-000176,玲,李,玲 李,Female,1958-02-16,user886.apple447@yahoo.com,18637810931,陈路u座,斌县,哈尔滨市,958883,CN,China,GREATER_CHINA,Chinese,Consumer,None,2021-09-10,2021,NEW,True,MDM,2021-09-10 00:00:00,2026-04-17 15:58:36.687807
928214c2-5d58-441d-a5a4-7ab2e195078a,CUST-2021-CN-000177,辉,陈,辉 陈,Female,1953-12-02,user912.apple@yahoo.com,18094895728,潘街W座,哈尔滨县,玉县,396920,CN,China,GREATER_CHINA,Chinese,Consumer,None,2021-05-12,2021,NEW,True,MDM,2021-05-12 00:00:00,2026-04-17 15:58:36.687902
a7c7c57b-6691-42c5-8912-a596d364cc4f,CUST-2021-CN-000178,兰英,汪,兰英 汪,Male,1958-07-29,user294.apple@protonmail.com,13923483934,荆门路d座,六安市,香港市,895059,CN,China,GREATER_CHINA,Chinese,Consumer,Silver,2021-10-13,2021,NEW,True,MDM,2021-10-13 00:00:00,2026-04-17 15:58:36.687981
0445e64f-84c8-4f03-b95d-8118ec521e5a,CUST-2021-CN-000179,桂花,曾,桂花 曾,Female,1953-11-04,user453.apple@hotmail.com,13880057139,杨街n座,上海市,南京县,881461,CN,China,GREATER_CHINA,Chinese,Business,None,2021-04-04,2021,NEW,True,MDM,2021-04-04 00:00:00,2026-04-17 15:58:36.688078
bca90fdd-d481-4483-949b-a5f2834faa88,CUST-2021-CN-000180,辉,韦,辉 韦,Male,1967-06-01,user534.apple@aol.com,14592338895,通辽路q座,太原市,乌鲁木齐市,763896,CN,China,GREATER_CHINA,Chinese,Consumer,Gold,2021-10-21,2021,NEW,True,MDM,2021-10-21 00:00:00,2026-04-17 15:58:36.688154
e381c57d-19ab-4557-b3f6-81279dc61878,CUST-2021-CN-000181,淑华,张,淑华 张,Male,1994-03-10,user447.apple@gmx.com,13471920222,福州路s座,佛山市,西宁市,353491,CN,China,GREATER_CHINA,Chinese,Education,Silver,2021-01-09,2021,NEW,True,MDM,2021-01-09 00:00:00,2026-04-17 15:58:36.688231
10152f18-5604-4078-b4fd-4a937b155c38,CUST-2021-CN-000182,冬梅,郝,冬梅 郝,Female,2001-08-17,user756.apple@gmx.com,18929247515,任街d座,平市,梅县,814038,CN,China,GREATER_CHINA,Chinese,Business,Platinum,2021-11-25,2021,NEW,True,MDM,2021-11-25 00:00:00,2026-04-17 15:58:36.688327
01f2fd39-200d-4527-9bde-cc10ddc230b2,CUST-2021-CN-000183,瑜,王,瑜 王,Female,1958-02-01,user686.apple@mail.com,14795674347,合肥街t座,兴城县,长沙县,838301,CN,China,GREATER_CHINA,Chinese,Consumer,Silver,2021-07-15,2021,NEW,True,MDM,2021-07-15 00:00:00,2026-04-17 15:58:36.688404
91b67308-24ea-4503-bd5a-22a1a63189a7,CUST-2021-CN-000184,红,周,红 周,Male,1972-04-13,user591.apple@zoho.com,13322883504,田街F座,南宁市,辽阳县,951690,CN,China,GREATER_CHINA,Chinese,Consumer,Silver,2021-05-22,2021,NEW,True,MDM,2021-05-22 00:00:00,2026-04-17 15:58:36.688499
76928eb5-afe5-4db1-8461-f2dcbacdbb01,CUST-2021-CN-000185,建华,耿,建华 耿,Female,1953-08-18,user479.apple68@gmail.com,15207811385,长沙街T座,丽丽县,刚县,668215,CN,China,GREATER_CHINA,Chinese,Consumer,None,2021-06-24,2021,NEW,True,MDM,2021-06-24 00:00:00,2026-04-17 15:58:36.688579
ba74d8e4-1144-4145-96ba-d1b6898acb91,CUST-2021-CN-000186,雷,李,雷 李,Female,1964-06-01,user360.apple@zoho.com,15261581013,海口街w座,福州县,南宁县,710302,CN,China,GREATER_CHINA,Chinese,Consumer,None,2021-12-09,2021,NEW,True,MDM,2021-12-09 00:00:00,2026-04-17 15:58:36.688656
35f4cc7e-0821-4655-b988-053bdca10727,CUST-2021-CN-000187,飞,樊,飞 樊,Male,2001-01-26,user218.apple11@protonmail.com,14559734839,通辽路H座,桂芝市,武汉县,303491,CN,China,GREATER_CHINA,Chinese,Business,Silver,2021-09-29,2021,NEW,True,MDM,2021-09-29 00:00:00,2026-04-17 15:58:36.688741
4c550b51-5929-402f-aa0b-e4f7e6a24e25,CUST-2021-CN-000188,金凤,屈,金凤 屈,Male,1957-10-26,user133.apple@zoho.com,13395775892,重庆街w座,志强县,马鞍山市,150795,CN,China,GREATER_CHINA,Chinese,Consumer,None,2021-06-01,2021,NEW,False,MDM,2021-06-01 00:00:00,2026-04-17 15:58:36.688822
822b57a1-14e6-4d0a-9986-4c7c181f1d80,CUST-2021-CN-000189,斌,李,斌 李,Female,2006-09-10,user102.apple@msn.com,13325816051,黄路e座,济南县,霞县,695136,CN,China,GREATER_CHINA,Chinese,Business,Platinum,2021-09-18,2021,NEW,True,MDM,2021-09-18 00:00:00,2026-04-17 15:58:36.688916
c91311ea-9935-44f2-bdc8-e6f0055cc3f4,CUST-2021-CN-000190,杰,王,杰 王,Male,1970-06-18,user663.apple@aol.com,18510987386,兴安盟路F座,东莞县,丹丹市,508880,CN,China,GREATER_CHINA,Chinese,Education,Platinum,2021-06-22,2021,NEW,True,MDM,2021-06-22 00:00:00,2026-04-17 15:58:36.688994
451a1107-7ff6-429e-891a-f0f6f531a7eb,CUST-2021-CN-000191,晶,陈,晶 陈,Female,1986-02-20,user445.apple394@gmail.com,13591480100,冯路l座,沈阳县,郑州市,728615,CN,China,GREATER_CHINA,Chinese,Consumer,Silver,2021-04-28,2021,NEW,True,MDM,2021-04-28 00:00:00,2026-04-17 15:58:36.689091
bfa46aad-8fb3-47e7-940d-027e00ba30ab,CUST-2021-CN-000192,军,石,军 石,Female,1956-07-06,user626.apple@mail.com,13145906859,任街b座,凤英市,晨市,942096,CN,China,GREATER_CHINA,Chinese,Consumer,Gold,2021-02-01,2021,NEW,True,MDM,2021-02-01 00:00:00,2026-04-17 15:58:36.689197
a49214ab-5f7a-484c-9ba3-cee0700b9867,CUST-2021-CN-000193,金凤,牛,金凤 牛,Male,2003-10-25,user662.apple@mail.com,18751124932,大冶路k座,龙县,柳州市,756210,CN,China,GREATER_CHINA,Chinese,Business,None,2021-12-26,2021,NEW,True,MDM,2021-12-26 00:00:00,2026-04-17 15:58:36.689277
07ce61a3-31ad-4776-ba55-728c3f90662f,CUST-2021-CN-000194,坤,黄,坤 黄,Female,1960-04-20,user440.apple@icloud.com,13443876404,嘉禾街i座,宁德县,秀云市,976921,CN,China,GREATER_CHINA,Chinese,Consumer,Silver,2021-05-28,2021,NEW,True,MDM,2021-05-28 00:00:00,2026-04-17 15:58:36.689371
23f49c0b-1f19-4f92-b94e-5d619a2b7f50,CUST-2021-CN-000195,颖,杨,颖 杨,Male,1972-08-24,user453.apple@zoho.com,13860558387,潜江路E座,北京市,沈阳市,835937,CN,China,GREATER_CHINA,Chinese,Education,None,2021-04-06,2021,NEW,True,MDM,2021-04-06 00:00:00,2026-04-17 15:58:36.689447
c7b07fe6-df02-409a-867d-2a27aac8671f,CUST-2021-CN-000196,彬,王,彬 王,Male,2008-03-12,user158.apple@mail.com,15793382107,拉萨街u座,荣市,张家港市,582078,CN,China,GREATER_CHINA,Chinese,Consumer,Platinum,2021-04-08,2021,NEW,True,MDM,2021-04-08 00:00:00,2026-04-17 15:58:36.689525
676e0701-c0bc-4fb3-b15c-251b14b8c9fb,CUST-2021-CN-000197,玲,邓,玲 邓,Female,1980-11-02,user504.apple@gmx.com,13917492666,石街G座,沈阳市,丹丹县,348361,CN,China,GREATER_CHINA,Chinese,Consumer,Platinum,2021-04-24,2021,NEW,True,MDM,2021-04-24 00:00:00,2026-04-17 15:58:36.689623
81069b4f-dfcd-4491-add0-f5ab4726b167,CUST-2021-CN-000198,洁,赵,洁 赵,Female,1953-01-04,user142.apple@gmail.com,15106269050,辛集街u座,宇市,荆门县,144252,CN,China,GREATER_CHINA,Chinese,Consumer,None,2021-06-25,2021,NEW,False,MDM,2021-06-25 00:00:00,2026-04-17 15:58:36.689701
371162e6-6a04-4ffc-a656-81b9391cf141,CUST-2021-CN-000199,洁,黄,洁 黄,Male,1966-09-12,user104.apple@gmx.com,14566091175,郭路q座,兴城县,合肥县,975832,CN,China,GREATER_CHINA,Chinese,Consumer,Silver,2021-09-29,2021,NEW,True,MDM,2021-09-29 00:00:00,2026-04-17 15:58:36.689799
0b375731-9621-4872-8818-102e3ea609b5,CUST-2021-CN-000200,健,胡,健 胡,Male,1962-09-29,user811.apple@aol.com,18714829653,薛街N座,哈尔滨市,凯市,812479,CN,China,GREATER_CHINA,Chinese,Business,Gold,2021-09-15,2021,NEW,True,MDM,2021-09-15 00:00:00,2026-04-17 15:58:36.689893
2c7c635f-d22f-4e36-9a55-17c3e6b26027,CUST-2021-CN-000201,雷,王,雷 王,Male,1994-08-04,user747.apple270@gmx.com,13276246959,宁德路f座,淮安县,岩市,318648,CN,China,GREATER_CHINA,Chinese,Consumer,None,2021-01-16,2021,NEW,False,MDM,2021-01-16 00:00:00,2026-04-17 15:58:36.689973
053cb7bc-fa2b-4f44-9265-4f342a2f94e3,CUST-2021-CN-000202,丽娟,胡,丽娟 胡,Female,2002-05-02,user483.apple@gmail.com,15162025785,覃路c座,志强县,飞市,498703,CN,China,GREATER_CHINA,Chinese,Consumer,None,2021-06-10,2021,NEW,True,MDM,2021-06-10 00:00:00,2026-04-17 15:58:36.690067
8c70ca46-9654-4926-bdba-4b48764c0916,CUST-2021-CN-000203,雪梅,张,雪梅 张,Female,1959-05-16,user297.apple239@msn.com,14760880645,柳州街e座,惠州县,琳市,359083,CN,China,GREATER_CHINA,Chinese,Consumer,Silver,2021-09-20,2021,NEW,True,MDM,2021-09-20 00:00:00,2026-04-17 15:58:36.690144
e41998f0-6190-4582-ab51-f163aed93437,CUST-2021-CN-000204,桂芝,陈,桂芝 陈,Male,1983-01-03,user277.apple@aol.com,15793922943,孙街R座,柳州县,荆门县,204809,CN,China,GREATER_CHINA,Chinese,Consumer,None,2021-01-11,2021,NEW,True,MDM,2021-01-11 00:00:00,2026-04-17 15:58:36.690240
c7fc36c9-4021-4bf4-bae1-fa118894c60e,CUST-2021-CN-000205,文,张,文 张,Female,1968-11-15,user328.apple@icloud.com,15914884436,钱街a座,磊县,宇县,807548,CN,China,GREATER_CHINA,Chinese,Consumer,None,2021-05-26,2021,NEW,True,MDM,2021-05-26 00:00:00,2026-04-17 15:58:36.690338
7e1d66f9-c927-41ed-86e0-40d757745218,CUST-2021-CN-000206,艳,王,艳 王,Male,1973-04-14,user206.apple350@zoho.com,14761137712,魏路J座,广州市,澳门市,105232,CN,China,GREATER_CHINA,Chinese,Business,Platinum,2021-01-23,2021,NEW,True,MDM,2021-01-23 00:00:00,2026-04-17 15:58:36.690433
36385c14-bb04-4e6f-bad0-12c4441bcf3c,CUST-2021-CN-000207,娟,李,娟 李,Female,2001-10-14,user433.apple@outlook.com,18692546588,辽阳路j座,昆明市,昆明市,335030,CN,China,GREATER_CHINA,Chinese,Consumer,None,2021-07-07,2021,NEW,True,MDM,2021-07-07 00:00:00,2026-04-17 15:58:36.690512
c1f54ca5-b494-4edf-93c3-276e31c31eab,CUST-2021-CN-000208,春梅,姚,春梅 姚,Female,1981-12-23,user561.apple@gmx.com,13029738567,辛集街L座,乌鲁木齐县,广州县,977282,CN,China,GREATER_CHINA,Chinese,Business,None,2021-12-12,2021,NEW,True,MDM,2021-12-12 00:00:00,2026-04-17 15:58:36.690592
5fbbb6c3-15b5-45db-855e-939e0f9f5b8b,CUST-2021-CN-000209,洋,冯,洋 冯,Female,2000-07-23,user920.apple@gmx.com,15748168404,喻街r座,洋县,香港市,396205,CN,China,GREATER_CHINA,Chinese,Consumer,None,2021-10-05,2021,NEW,True,MDM,2021-10-05 00:00:00,2026-04-17 15:58:36.690691
f4adbb82-a18b-4444-be4b-9e9f3fc2c489,CUST-2021-CN-000210,俊,朱,俊 朱,Female,1973-09-03,user304.apple@outlook.com,15223477685,太原街Y座,南宁县,银川县,952518,CN,China,GREATER_CHINA,Chinese,Consumer,Gold,2021-11-05,2021,NEW,True,MDM,2021-11-05 00:00:00,2026-04-17 15:58:36.690769
451c4c71-5fa6-4ac3-b097-da26a34d98de,CUST-2021-CN-000211,建国,张,建国 张,Female,1974-12-23,user660.apple295@icloud.com,18275597462,西宁街a座,冬梅县,秀梅市,800093,CN,China,GREATER_CHINA,Chinese,Consumer,Silver,2021-10-13,2021,NEW,True,MDM,2021-10-13 00:00:00,2026-04-17 15:58:36.690852
b4570872-9966-47d7-b30c-7cc102a28c41,CUST-2021-CN-000212,秀珍,徐,秀珍 徐,Male,1961-03-12,user567.apple975@live.com,14599780679,兴安盟街j座,兴安盟市,岩县,691659,CN,China,GREATER_CHINA,Chinese,Consumer,Silver,2021-11-22,2021,NEW,True,MDM,2021-11-22 00:00:00,2026-04-17 15:58:36.690935
76839bd1-2959-4ace-8868-b0e7f7a49399,CUST-2021-CN-000213,英,王,英 王,Female,1950-06-03,user213.apple@mail.com,18988411786,唐街O座,桂珍市,明市,413425,CN,China,GREATER_CHINA,Chinese,Business,None,2021-03-21,2021,NEW,True,MDM,2021-03-21 00:00:00,2026-04-17 15:58:36.691038
856b647c-99e4-4f5d-9059-845a2ee73a35,CUST-2021-CN-000214,淑华,杨,淑华 杨,Female,1964-04-10,user985.apple@aol.com,18603955422,颜路j座,红梅市,丹丹县,573642,CN,China,GREATER_CHINA,Chinese,Consumer,Silver,2021-05-13,2021,NEW,True,MDM,2021-05-13 00:00:00,2026-04-17 15:58:36.691133
de9b7d08-210f-416e-a2c2-07beceaa5738,CUST-2021-CN-000215,鑫,唐,鑫 唐,Male,1956-02-22,user483.apple@outlook.com,13185170904,南京路S座,飞县,深圳市,309145,CN,China,GREATER_CHINA,Chinese,Consumer,None,2021-05-30,2021,NEW,True,MDM,2021-05-30 00:00:00,2026-04-17 15:58:36.691214
deb3ab73-19e5-4aa5-a0f4-d1d703d1c681,CUST-2021-CN-000216,桂香,刘,桂香 刘,Male,1977-01-13,user303.apple@zoho.com,18862443894,吴路C座,秀英县,淑华县,776844,CN,China,GREATER_CHINA,Chinese,Consumer,Silver,2021-01-27,2021,NEW,True,MDM,2021-01-27 00:00:00,2026-04-17 15:58:36.691309
0de5edc3-3c33-4104-bf12-421cffc44fc1,CUST-2021-CN-000217,燕,刘,燕 刘,Female,1952-06-08,user956.apple744@aol.com,13278533456,傅街u座,桂英县,长沙市,168274,CN,China,GREATER_CHINA,Chinese,Consumer,Silver,2021-03-31,2021,NEW,True,MDM,2021-03-31 00:00:00,2026-04-17 15:58:36.691405
01911039-7e50-4afa-9675-6f33b4a93438,CUST-2021-CN-000218,鑫,曾,鑫 曾,Male,2002-10-02,user152.apple253@gmail.com,13313464028,万路Q座,北镇县,辛集市,383508,CN,China,GREATER_CHINA,Chinese,Consumer,None,2021-11-17,2021,NEW,True,MDM,2021-11-17 00:00:00,2026-04-17 15:58:36.691503
8687cd02-a4a4-4864-822f-d469c4ead827,CUST-2021-CN-000219,飞,都,飞 都,Male,2005-11-05,user969.apple@gmail.com,18206152225,郑路O座,潜江市,哈尔滨市,398001,CN,China,GREATER_CHINA,Chinese,Business,Platinum,2021-10-08,2021,NEW,True,MDM,2021-10-08 00:00:00,2026-04-17 15:58:36.691602
4fdeceb9-ea26-4a82-8570-70a6170b013c,CUST-2021-CN-000220,龙,郑,龙 郑,Male,1968-11-03,user970.apple@hotmail.com,13896437201,林路X座,沈阳县,玉兰市,739389,CN,China,GREATER_CHINA,Chinese,Consumer,Platinum,2021-09-14,2021,NEW,True,MDM,2021-09-14 00:00:00,2026-04-17 15:58:36.691699
dedd1ab5-20de-4584-abe5-0dbc0e7d99a6,CUST-2021-CN-000221,倩,石,倩 石,Male,1993-07-27,user180.apple@hotmail.com,18065979028,深圳街S座,佛山县,凯市,704406,CN,China,GREATER_CHINA,Chinese,Consumer,None,2021-01-18,2021,NEW,True,MDM,2021-01-18 00:00:00,2026-04-17 15:58:36.691777
7909e06b-14d5-45eb-8b4c-8d32f73a21c9,CUST-2021-CN-000222,旭,陈,旭 陈,Male,1979-05-11,user628.apple@yahoo.com,15005258785,孟街M座,海门县,杭州市,256812,CN,China,GREATER_CHINA,Chinese,Consumer,None,2021-10-01,2021,NEW,True,MDM,2021-10-01 00:00:00,2026-04-17 15:58:36.691873
117437a4-85ad-41c3-9eb8-2487cc421d67,CUST-2021-CN-000223,健,范,健 范,Male,1972-07-20,user683.apple57@msn.com,18611818680,辽阳街J座,郑州县,丹丹市,104385,CN,China,GREATER_CHINA,Chinese,Consumer,None,2021-07-14,2021,NEW,True,MDM,2021-07-14 00:00:00,2026-04-17 15:58:36.691951
64ac3cae-de3a-4c26-9ca1-735381a71618,CUST-2021-CN-000224,波,余,波 余,Male,1999-01-28,user517.apple@msn.com,14527545317,郭路k座,平县,荆门县,308846,CN,China,GREATER_CHINA,Chinese,Consumer,None,2021-04-21,2021,NEW,True,MDM,2021-04-21 00:00:00,2026-04-17 15:58:36.692049
18b8c448-1fb1-4502-baa5-2568878682ef,CUST-2021-CN-000225,淑珍,李,淑珍 李,Female,1982-09-29,user834.apple366@mail.com,13562041123,沈阳路O座,香港县,拉萨县,610527,CN,China,GREATER_CHINA,Chinese,Business,None,2021-09-16,2021,NEW,True,MDM,2021-09-16 00:00:00,2026-04-17 15:58:36.692126
2474081e-9ab1-4054-85aa-1c5e6c1872a7,CUST-2021-CN-000226,利,岑,利 岑,Female,1985-02-25,user340.apple665@gmail.com,18865652971,武汉街A座,俊县,娟市,872194,CN,China,GREATER_CHINA,Chinese,Consumer,Silver,2021-06-24,2021,NEW,True,MDM,2021-06-24 00:00:00,2026-04-17 15:58:36.692203
09f9808a-224c-4f41-b4bf-388ed212c0ba,CUST-2021-CN-000227,小红,杨,小红 杨,Female,1974-12-19,user484.apple@hotmail.com,18776163370,北镇街J座,雪市,台北县,793871,CN,China,GREATER_CHINA,Chinese,Consumer,Gold,2021-06-20,2021,NEW,False,MDM,2021-06-20 00:00:00,2026-04-17 15:58:36.692279
7c38600a-3f66-4a5e-bc60-293f47c65449,CUST-2021-CN-000228,燕,汪,燕 汪,Female,1961-11-21,user715.apple980@gmx.com,18642758432,乌鲁木齐路e座,婷市,杨县,281851,CN,China,GREATER_CHINA,Chinese,Consumer,Silver,2021-12-24,2021,NEW,True,MDM,2021-12-24 00:00:00,2026-04-17 15:58:36.692359
33861446-61c4-4087-97c1-948276c3b4b4,CUST-2021-CN-000229,建平,朱,建平 朱,Female,2004-11-01,user558.apple@outlook.com,13421232065,兴安盟路x座,哈尔滨县,桂英市,163970,CN,China,GREATER_CHINA,Chinese,Consumer,None,2021-04-01,2021,NEW,True,MDM,2021-04-01 00:00:00,2026-04-17 15:58:36.692438
3c4459d7-8f21-4b14-b3a6-c3132a88162c,CUST-2021-CN-000230,伟,伍,伟 伍,Female,1980-12-02,user624.apple364@msn.com,18029669899,宋路O座,玉珍县,辽阳市,560257,CN,China,GREATER_CHINA,Chinese,Consumer,None,2021-07-17,2021,NEW,True,MDM,2021-07-17 00:00:00,2026-04-17 15:58:36.692532
2a015a72-6892-4940-bfa8-128d6df131db,CUST-2021-CN-000231,兰英,杨,兰英 杨,Male,2001-04-22,user445.apple@icloud.com,18756899585,刘路r座,兵县,澳门县,627308,CN,China,GREATER_CHINA,Chinese,Consumer,None,2021-08-23,2021,NEW,False,MDM,2021-08-23 00:00:00,2026-04-17 15:58:36.692625
4b03b689-5f6f-4c3d-ade5-26e787e33821,CUST-2021-CN-000232,斌,陈,斌 陈,Male,1982-05-20,user268.apple@msn.com,14753331232,谢路F座,宁德县,北京县,199309,CN,China,GREATER_CHINA,Chinese,Education,None,2021-05-09,2021,NEW,True,MDM,2021-05-09 00:00:00,2026-04-17 15:58:36.692718
3d088091-750e-4378-ad81-d0b3f19b0ba3,CUST-2021-CN-000233,娟,邓,娟 邓,Male,1952-08-13,user838.apple@live.com,13928173377,谷街Q座,大冶市,武汉县,432112,CN,China,GREATER_CHINA,Chinese,Consumer,Silver,2021-09-06,2021,NEW,True,MDM,2021-09-06 00:00:00,2026-04-17 15:58:36.692813
2c0517f8-3408-4957-a7a8-efedddbb106a,CUST-2021-CN-000234,宇,谭,宇 谭,Female,1997-07-01,user777.apple@zoho.com,18185605142,拉萨街N座,帆县,合山市,345332,CN,China,GREATER_CHINA,Chinese,Consumer,None,2021-10-05,2021,NEW,True,MDM,2021-10-05 00:00:00,2026-04-17 15:58:36.692896
7d888e40-3f7d-47a5-87af-f7f3079bf4fc,CUST-2021-CN-000235,秀梅,傅,秀梅 傅,Female,1966-02-07,user741.apple@gmx.com,15799012010,张家港路l座,秀兰县,浩县,298680,CN,China,GREATER_CHINA,Chinese,Consumer,Platinum,2021-08-17,2021,NEW,True,MDM,2021-08-17 00:00:00,2026-04-17 15:58:36.692973
fdd3e2b9-eb9d-4770-8a9b-a464c6021821,CUST-2021-CN-000236,彬,王,彬 王,Female,1971-10-12,user319.apple864@mail.com,15909179441,阎路Z座,莹县,俊市,562647,CN,China,GREATER_CHINA,Chinese,Consumer,None,2021-02-08,2021,NEW,False,MDM,2021-02-08 00:00:00,2026-04-17 15:58:36.693069
2113b242-048f-4cab-a77d-d9fe69287e4f,CUST-2021-CN-000237,利,牟,利 牟,Male,1993-10-01,user872.apple385@aol.com,13289535544,温街Q座,柳州市,秀珍县,548610,CN,China,GREATER_CHINA,Chinese,Consumer,Gold,2021-03-26,2021,NEW,True,MDM,2021-03-26 00:00:00,2026-04-17 15:58:36.693169
cf61db88-8c68-4353-b1db-02c55616165d,CUST-2021-CN-000238,鹏,林,鹏 林,Female,1958-11-25,user166.apple@live.com,14587930180,温街t座,晨市,兴城市,508359,CN,China,GREATER_CHINA,Chinese,Consumer,Gold,2021-12-14,2021,NEW,True,MDM,2021-12-14 00:00:00,2026-04-17 15:58:36.693269
f8c90fec-f2ef-41c8-9a1e-4c52dbe23d3a,CUST-2021-CN-000239,超,邹,超 邹,Female,1962-07-24,user147.apple162@icloud.com,18878335111,广州路d座,巢湖县,芳市,436706,CN,China,GREATER_CHINA,Chinese,Education,None,2021-12-11,2021,NEW,True,MDM,2021-12-11 00:00:00,2026-04-17 15:58:36.693345
dae6c406-9334-4fa5-a42e-321cb74b5be4,CUST-2021-CN-000240,彬,张,彬 张,Male,1962-06-11,user753.apple708@msn.com,14514362286,淮安路K座,坤市,台北市,791149,CN,China,GREATER_CHINA,Chinese,Consumer,None,2021-12-25,2021,NEW,False,MDM,2021-12-25 00:00:00,2026-04-17 15:58:36.693428
d8410594-1639-4896-b9b3-3a7be9e9a02d,CUST-2021-CN-000241,娟,李,娟 李,Female,1979-03-28,user722.apple529@zoho.com,18707160454,长沙街y座,丽丽市,西宁市,882340,CN,China,GREATER_CHINA,Chinese,Education,None,2021-02-03,2021,NEW,True,MDM,2021-02-03 00:00:00,2026-04-17 15:58:36.693508
0f61753a-d3cb-437f-9b49-5a27d84b8f98,CUST-2021-CN-000242,婷,褚,婷 褚,Female,2001-02-17,user718.apple6@protonmail.com,13062314231,王街H座,玉梅市,西安县,365897,CN,China,GREATER_CHINA,Chinese,Consumer,Platinum,2021-07-02,2021,NEW,True,MDM,2021-07-02 00:00:00,2026-04-17 15:58:36.693604
0f31a977-75c9-4f3f-ae6e-551dabdca21d,CUST-2021-CN-000243,莉,王,莉 王,Female,1996-08-16,user763.apple@yahoo.com,15160017002,高街C座,汕尾县,沈阳市,420978,CN,China,GREATER_CHINA,Chinese,Consumer,Silver,2021-08-04,2021,NEW,True,MDM,2021-08-04 00:00:00,2026-04-17 15:58:36.693697
d2b76bc7-fb40-46dd-a6ee-5b573e94d34c,CUST-2021-CN-000244,淑珍,马,淑珍 马,Female,1991-05-13,user456.apple@msn.com,13436427595,方路p座,红霞县,澳门县,208484,CN,China,GREATER_CHINA,Chinese,Consumer,Gold,2021-03-15,2021,NEW,True,MDM,2021-03-15 00:00:00,2026-04-17 15:58:36.693790
a8cc35d4-4ef1-4dd0-8afd-4e6d0d1a157f,CUST-2021-CN-000245,雪,杨,雪 杨,Female,1969-05-14,user206.apple@mail.com,13891521385,刘街C座,福州县,鹏县,276719,CN,China,GREATER_CHINA,Chinese,Consumer,None,2021-06-23,2021,NEW,True,MDM,2021-06-23 00:00:00,2026-04-17 15:58:36.693884
0e523fe2-b096-4052-a2eb-691a9af55fc1,CUST-2021-CN-000246,建华,杨,建华 杨,Female,1956-02-21,user474.apple@mail.com,14513073768,赵路V座,淮安县,汕尾市,338185,CN,China,GREATER_CHINA,Chinese,Consumer,None,2021-07-23,2021,NEW,True,MDM,2021-07-23 00:00:00,2026-04-17 15:58:36.693978
b3ff218a-d6ad-433e-b150-02683b616390,CUST-2021-CN-000247,兰英,胡,兰英 胡,Male,1966-09-04,user225.apple@live.com,18217495317,潮州街C座,东县,冬梅市,388382,CN,China,GREATER_CHINA,Chinese,Consumer,Platinum,2021-10-10,2021,NEW,True,MDM,2021-10-10 00:00:00,2026-04-17 15:58:36.694061
de95044c-22cd-4a74-b765-01caa69ae30e,CUST-2021-CN-000248,兵,戴,兵 戴,Male,1985-01-20,user358.apple@aol.com,18690589631,刘街a座,志强县,淑华县,641765,CN,China,GREATER_CHINA,Chinese,Education,None,2021-11-17,2021,NEW,True,MDM,2021-11-17 00:00:00,2026-04-17 15:58:36.694155
577fa9d4-7ea0-4a1f-8b88-0779a210bfcc,CUST-2021-CN-000249,建平,廖,建平 廖,Female,2004-10-19,user410.apple137@yahoo.com,13130654108,福州街a座,磊市,博县,384133,CN,China,GREATER_CHINA,Chinese,Consumer,Platinum,2021-09-11,2021,NEW,True,MDM,2021-09-11 00:00:00,2026-04-17 15:58:36.694304
140120b4-4c05-4722-ae6d-c0d1dc9e1492,CUST-2021-CN-000250,玉珍,李,玉珍 李,Male,1974-08-28,user646.apple@hotmail.com,18741972545,林街P座,西宁市,林县,950739,CN,China,GREATER_CHINA,Chinese,Business,None,2021-12-29,2021,NEW,False,MDM,2021-12-29 00:00:00,2026-04-17 15:58:36.694491
1d58a7f0-d681-4e26-87cf-ce7cf6889351,CUST-2021-CN-000251,旭,陈,旭 陈,Male,2008-03-06,user510.apple@aol.com,15206652783,韦街H座,台北县,璐县,315677,CN,China,GREATER_CHINA,Chinese,Consumer,Silver,2021-11-09,2021,NEW,True,MDM,2021-11-09 00:00:00,2026-04-17 15:58:36.694601
5663366c-0f88-4335-b3c9-85912cd7229d,CUST-2021-CN-000252,建平,廖,建平 廖,Female,1955-01-10,user784.apple865@gmx.com,18018710999,李路p座,秀英市,晶县,129936,CN,China,GREATER_CHINA,Chinese,Business,Gold,2021-08-04,2021,NEW,True,MDM,2021-08-04 00:00:00,2026-04-17 15:58:36.694707
c8f1d422-399e-439f-89d2-4036f850cbb6,CUST-2021-CN-000253,鑫,李,鑫 李,Male,1984-07-05,user777.apple640@icloud.com,14780832230,惠州街e座,嘉禾县,银川市,461112,CN,China,GREATER_CHINA,Chinese,Consumer,None,2021-09-09,2021,NEW,True,MDM,2021-09-09 00:00:00,2026-04-17 15:58:36.694789
823a2ba7-e3d9-4520-88d7-dbe53cbf263c,CUST-2021-CN-000254,佳,张,佳 张,Male,1963-11-01,user244.apple@yahoo.com,13845312189,陈街A座,娟市,玉华县,188034,CN,China,GREATER_CHINA,Chinese,Business,None,2021-08-15,2021,NEW,True,MDM,2021-08-15 00:00:00,2026-04-17 15:58:36.694888
78090e41-d83e-44d7-b4ae-e1538690250c,CUST-2021-CN-000255,婷,周,婷 周,Male,1951-05-30,user176.apple@mail.com,18792361726,济南街P座,涛市,兰州市,239284,CN,China,GREATER_CHINA,Chinese,Consumer,Silver,2021-09-13,2021,NEW,True,MDM,2021-09-13 00:00:00,2026-04-17 15:58:36.694977
7d3a1cb2-7b4d-46f2-ae8a-044ef15e2410,CUST-2021-CN-000256,勇,武,勇 武,Female,1961-02-08,user436.apple@protonmail.com,14519931627,辽阳街f座,淮安县,天津市,971504,CN,China,GREATER_CHINA,Chinese,Consumer,Gold,2021-02-12,2021,NEW,True,MDM,2021-02-12 00:00:00,2026-04-17 15:58:36.695060
73188494-a615-4ede-897e-b986232a785c,CUST-2021-CN-000257,桂英,陆,桂英 陆,Female,1995-02-25,user476.apple@msn.com,15791988315,澳门街c座,哈尔滨市,荆门县,655807,CN,China,GREATER_CHINA,Chinese,Business,Gold,2021-05-16,2021,NEW,True,MDM,2021-05-16 00:00:00,2026-04-17 15:58:36.695142
8e2c81a0-d608-448d-bdcb-19558a020d05,CUST-2021-CN-000258,明,徐,明 徐,Male,2004-09-01,user157.apple675@gmail.com,15332078028,杭州街c座,秀珍县,秀英市,829334,CN,China,GREATER_CHINA,Chinese,Consumer,Silver,2021-04-04,2021,NEW,True,MDM,2021-04-04 00:00:00,2026-04-17 15:58:36.695221
5682416c-4ad7-4f51-9914-0b7f93c3adbf,CUST-2021-CN-000259,旭,田,旭 田,Female,1970-03-18,user471.apple@protonmail.com,13958222466,葛路F座,雪县,宁德县,505598,CN,China,GREATER_CHINA,Chinese,Education,None,2021-04-21,2021,NEW,False,MDM,2021-04-21 00:00:00,2026-04-17 15:58:36.695318
050e4606-0361-4fb7-a194-7072819f703e,CUST-2021-CN-000260,桂兰,阮,桂兰 阮,Female,1998-11-13,user551.apple@outlook.com,13336616209,刘街V座,南宁县,欣市,711141,CN,China,GREATER_CHINA,Chinese,Education,Platinum,2021-11-16,2021,NEW,True,MDM,2021-11-16 00:00:00,2026-04-17 15:58:36.695415
ef0980b7-390b-4159-8de6-6c685012afcc,CUST-2021-CN-000261,桂芳,王,桂芳 王,Female,1954-05-09,user880.apple@live.com,18893694549,南宁路r座,石家庄县,桂芳市,614894,CN,China,GREATER_CHINA,Chinese,Business,None,2021-05-31,2021,NEW,True,MDM,2021-05-31 00:00:00,2026-04-17 15:58:36.695500
d376f2c7-2b7a-40d8-8382-2bec2b04e182,CUST-2021-CN-000262,桂英,孙,桂英 孙,Female,1978-11-19,user508.apple@zoho.com,14557233182,杨路d座,澳门市,刚市,365698,CN,China,GREATER_CHINA,Chinese,Consumer,None,2021-02-08,2021,NEW,False,MDM,2021-02-08 00:00:00,2026-04-17 15:58:36.695596
6693db75-8e39-47df-80f9-cec757cf69a9,CUST-2021-CN-000263,鹏,罗,鹏 罗,Male,1996-03-22,user480.apple439@yahoo.com,18124060612,周街s座,兴安盟市,海门县,118342,CN,China,GREATER_CHINA,Chinese,Consumer,None,2021-06-01,2021,NEW,True,MDM,2021-06-01 00:00:00,2026-04-17 15:58:36.695692
a5501ba3-1ea7-4b09-940e-d8b0eed51098,CUST-2021-CN-000264,霞,秦,霞 秦,Male,1981-06-08,user934.apple@zoho.com,14537524868,方街v座,欣市,潜江市,290034,CN,China,GREATER_CHINA,Chinese,Consumer,None,2021-06-10,2021,NEW,True,MDM,2021-06-10 00:00:00,2026-04-17 15:58:36.695796
e55dd46f-cc18-4fdf-80be-23dfc90e5ee4,CUST-2021-CN-000265,雷,钟,雷 钟,Male,2007-03-31,user177.apple@zoho.com,18201762489,郑州路t座,兴安盟市,宇市,714653,CN,China,GREATER_CHINA,Chinese,Consumer,Silver,2021-01-01,2021,NEW,True,MDM,2021-01-01 00:00:00,2026-04-17 15:58:36.695878
a09d652e-8e42-40d6-91ff-e881bd23e7d3,CUST-2021-CN-000266,宁,葛,宁 葛,Female,1964-12-04,user766.apple@msn.com,15782214104,朱街J座,通辽市,荆门县,179301,CN,China,GREATER_CHINA,Chinese,Consumer,Silver,2021-11-20,2021,NEW,True,MDM,2021-11-20 00:00:00,2026-04-17 15:58:36.695973
de494c22-4609-4128-9dbd-3a9ee5c66432,CUST-2021-CN-000267,峰,周,峰 周,Male,1984-05-06,user379.apple@gmx.com,18901735319,高路N座,南京县,东莞市,464367,CN,China,GREATER_CHINA,Chinese,Education,None,2021-03-06,2021,NEW,True,MDM,2021-03-06 00:00:00,2026-04-17 15:58:36.696067
2558078c-82a4-4214-9d52-368a3f973267,CUST-2021-CN-000268,冬梅,邓,冬梅 邓,Female,1994-09-21,user455.apple@live.com,15019053081,梧州街m座,兴安盟市,兴城市,393290,CN,China,GREATER_CHINA,Chinese,Consumer,None,2021-07-05,2021,NEW,True,MDM,2021-07-05 00:00:00,2026-04-17 15:58:36.696144
183bc9bf-e02c-46bc-a0d9-776819c51095,CUST-2021-CN-000269,丽丽,周,丽丽 周,Female,1970-10-28,user743.apple@live.com,18624042176,拉萨街R座,潮州县,淮安市,867111,CN,China,GREATER_CHINA,Chinese,Business,None,2021-12-06,2021,NEW,True,MDM,2021-12-06 00:00:00,2026-04-17 15:58:36.696223
354a2874-2b56-45ee-b0ed-b4803852ae2f,CUST-2021-CN-000270,丽丽,谢,丽丽 谢,Male,1957-10-22,user395.apple@outlook.com,18109364275,石家庄路P座,瑜县,洁市,592698,CN,China,GREATER_CHINA,Chinese,Consumer,None,2021-04-28,2021,NEW,True,MDM,2021-04-28 00:00:00,2026-04-17 15:58:36.696372
f348a694-3d7c-4a53-8742-23b915d09841,CUST-2021-CN-000271,刚,卢,刚 卢,Male,1961-09-09,user301.apple67@zoho.com,14513847010,麻路I座,海口县,昆明县,971504,CN,China,GREATER_CHINA,Chinese,Education,None,2021-10-06,2021,NEW,True,MDM,2021-10-06 00:00:00,2026-04-17 15:58:36.696471
e6301447-59cd-4309-9008-6d94d3b1cd96,CUST-2021-CN-000272,玉华,滕,玉华 滕,Female,1993-02-23,user596.apple436@gmail.com,18069828831,太原路w座,哈尔滨市,莉市,101695,CN,China,GREATER_CHINA,Chinese,Consumer,Gold,2021-01-19,2021,NEW,True,MDM,2021-01-19 00:00:00,2026-04-17 15:58:36.696549
4cfb4d85-e2e7-45a6-a4bf-59b1a8847f56,CUST-2021-CN-000273,涛,黄,涛 黄,Female,1962-07-20,user257.apple@zoho.com,15768133765,张路o座,阳市,海燕县,665749,CN,China,GREATER_CHINA,Chinese,Consumer,Silver,2021-06-15,2021,NEW,True,MDM,2021-06-15 00:00:00,2026-04-17 15:58:36.696653
6d5703e7-b066-40af-95f4-ab9588953ef9,CUST-2021-CN-000274,秀华,董,秀华 董,Male,1975-06-19,user967.apple@mail.com,13038861857,淮安路F座,宜都市,波县,263756,CN,China,GREATER_CHINA,Chinese,Education,None,2021-09-29,2021,NEW,True,MDM,2021-09-29 00:00:00,2026-04-17 15:58:36.696740
677586da-4e0d-4fde-8e6a-dfaffa764e9f,CUST-2021-CN-000275,洋,刘,洋 刘,Female,1982-11-22,user739.apple@yahoo.com,15617409871,吴街u座,秀兰市,长春县,970276,CN,China,GREATER_CHINA,Chinese,Consumer,Gold,2021-06-06,2021,NEW,True,MDM,2021-06-06 00:00:00,2026-04-17 15:58:36.696838
bea32983-fbc3-451b-9ef3-b51ea4f9a2a6,CUST-2021-CN-000276,璐,孙,璐 孙,Female,2001-02-17,user902.apple569@gmail.com,15278899297,叶街W座,阜新县,北镇市,437880,CN,China,GREATER_CHINA,Chinese,Education,Platinum,2021-01-01,2021,NEW,True,MDM,2021-01-01 00:00:00,2026-04-17 15:58:36.696941
a871eb8c-bb11-4646-8c2a-b0f640498b31,CUST-2021-CN-000277,静,莫,静 莫,Female,1994-09-04,user359.apple@hotmail.com,13193869155,何街N座,合山市,峰县,921431,CN,China,GREATER_CHINA,Chinese,Consumer,Gold,2021-02-02,2021,NEW,True,MDM,2021-02-02 00:00:00,2026-04-17 15:58:36.697047
1c365589-61e2-4b2e-8b0c-a60a10e6463a,CUST-2021-CN-000278,杰,黄,杰 黄,Female,1988-09-12,user450.apple@gmail.com,18256490491,谷街z座,关岭县,巢湖市,829883,CN,China,GREATER_CHINA,Chinese,Business,None,2021-09-10,2021,NEW,True,MDM,2021-09-10 00:00:00,2026-04-17 15:58:36.697147
a78aca13-00c0-4ec1-b0c2-5d835687f95c,CUST-2021-CN-000279,芳,刘,芳 刘,Male,1971-10-17,user922.apple@gmx.com,15085756439,张路n座,杨市,桂荣县,927397,CN,China,GREATER_CHINA,Chinese,Consumer,Platinum,2021-03-20,2021,NEW,True,MDM,2021-03-20 00:00:00,2026-04-17 15:58:36.697247
6132e8eb-0ac8-4a96-84f4-42ce8b62c84f,CUST-2021-CN-000280,成,史,成 史,Female,1955-04-06,user812.apple948@aol.com,13750911774,周路A座,桂花县,慧市,432663,CN,China,GREATER_CHINA,Chinese,Consumer,Silver,2021-06-14,2021,NEW,True,MDM,2021-06-14 00:00:00,2026-04-17 15:58:36.697352
8307955a-f4de-4e6c-bb11-b37631e48731,CUST-2021-CN-000281,晶,周,晶 周,Female,1978-07-05,user186.apple@aol.com,13229251888,蔡路I座,南京县,惠州县,817682,CN,China,GREATER_CHINA,Chinese,Consumer,Gold,2021-02-12,2021,NEW,False,MDM,2021-02-12 00:00:00,2026-04-17 15:58:36.697460
bc684736-285e-40e6-8e91-908fae6f249d,CUST-2021-CN-000282,欢,彭,欢 彭,Male,1994-04-29,user161.apple@hotmail.com,15350449453,张家港路d座,文县,杨市,179810,CN,China,GREATER_CHINA,Chinese,Consumer,None,2021-01-30,2021,NEW,True,MDM,2021-01-30 00:00:00,2026-04-17 15:58:36.697542
421205f5-e37d-47c3-a80b-e0c6917f7aab,CUST-2021-CN-000283,佳,刘,佳 刘,Female,1957-10-25,user298.apple887@protonmail.com,15960302499,李路Z座,健县,红霞市,417081,CN,China,GREATER_CHINA,Chinese,Consumer,None,2021-11-06,2021,NEW,True,MDM,2021-11-06 00:00:00,2026-04-17 15:58:36.697645
37be6aba-e994-4489-9a82-7df3b8bd31bb,CUST-2021-CN-000284,敏,朱,敏 朱,Male,1972-08-04,user111.apple@gmail.com,18951683083,梧州街D座,辽阳市,杭州县,396556,CN,China,GREATER_CHINA,Chinese,Business,Silver,2021-08-20,2021,NEW,True,MDM,2021-08-20 00:00:00,2026-04-17 15:58:36.697726
c5ced926-1dec-42b9-93e6-6048d7a57459,CUST-2021-CN-000285,婷,宁,婷 宁,Female,1986-02-17,user404.apple@yahoo.com,15621144128,南京街U座,西宁市,丽娟市,379097,CN,China,GREATER_CHINA,Chinese,Business,None,2021-11-17,2021,NEW,True,MDM,2021-11-17 00:00:00,2026-04-17 15:58:36.697806
9725af0a-dc50-4b45-9c1c-c73ad14cbe3d,CUST-2021-CN-000286,慧,包,慧 包,Female,1973-06-02,user612.apple@live.com,13017923690,韩路Y座,颖市,健县,685402,CN,China,GREATER_CHINA,Chinese,Consumer,None,2021-02-09,2021,NEW,True,MDM,2021-02-09 00:00:00,2026-04-17 15:58:36.697909
1a93758d-4dea-497c-8283-ea65228e03b0,CUST-2021-CN-000287,峰,钟,峰 钟,Male,1979-03-07,user261.apple@hotmail.com,18170009263,台北路h座,飞县,邯郸县,252004,CN,China,GREATER_CHINA,Chinese,Consumer,None,2021-02-17,2021,NEW,True,MDM,2021-02-17 00:00:00,2026-04-17 15:58:36.697994
89fa4672-a374-4d34-94a9-4a19beb61b74,CUST-2021-CN-000288,艳,胡,艳 胡,Female,1982-11-08,user787.apple879@aol.com,18772049060,宁路n座,婷市,柳州县,260087,CN,China,GREATER_CHINA,Chinese,Consumer,Silver,2021-02-02,2021,NEW,True,MDM,2021-02-02 00:00:00,2026-04-17 15:58:36.698091
f50b6f38-0aff-473a-86a0-340107854714,CUST-2021-CN-000289,淑珍,宁,淑珍 宁,Female,1951-09-21,user676.apple@protonmail.com,15203228687,海门路Q座,长春县,坤县,650589,CN,China,GREATER_CHINA,Chinese,Consumer,Platinum,2021-06-16,2021,NEW,True,MDM,2021-06-16 00:00:00,2026-04-17 15:58:36.698171
a9afd068-0704-4e8c-b48c-7d8fb7318bfe,CUST-2021-CN-000290,艳,王,艳 王,Male,1983-11-02,user633.apple@mail.com,13254084676,袁路e座,云市,亮县,242552,CN,China,GREATER_CHINA,Chinese,Consumer,None,2021-10-13,2021,NEW,True,MDM,2021-10-13 00:00:00,2026-04-17 15:58:36.698266
9386cecf-9282-4e31-b29a-101cc8fbc83b,CUST-2021-CN-000291,淑兰,申,淑兰 申,Male,1962-09-20,user630.apple938@live.com,13404712982,邹路M座,广州市,想市,485141,CN,China,GREATER_CHINA,Chinese,Business,None,2021-09-24,2021,NEW,True,MDM,2021-09-24 00:00:00,2026-04-17 15:58:36.698370
ea66d6a8-0eff-48ea-aac4-b318a5cd6910,CUST-2021-CN-000292,洁,史,洁 史,Male,1953-09-23,user741.apple@hotmail.com,13829336960,董街M座,淮安市,桂珍市,303681,CN,China,GREATER_CHINA,Chinese,Education,None,2021-02-20,2021,NEW,True,MDM,2021-02-20 00:00:00,2026-04-17 15:58:36.698468
a11a649e-641e-46ab-a3da-36acc7304cd1,CUST-2021-CN-000293,燕,张,燕 张,Male,1997-01-10,user797.apple645@yahoo.com,18751660199,六安路G座,鹏县,沈阳县,924118,CN,China,GREATER_CHINA,Chinese,Business,Silver,2021-05-29,2021,NEW,True,MDM,2021-05-29 00:00:00,2026-04-17 15:58:36.698547
abbb01fe-0fa6-455d-9504-82a158389932,CUST-2021-CN-000294,涛,冯,涛 冯,Male,1983-09-17,user134.apple@gmail.com,15712469024,王路u座,北镇县,嘉禾市,489216,CN,China,GREATER_CHINA,Chinese,Consumer,None,2021-06-07,2021,NEW,True,MDM,2021-06-07 00:00:00,2026-04-17 15:58:36.698641
f91f2bdf-95d8-4e12-a15c-fbe3a1423004,CUST-2021-CN-000295,楠,张,楠 张,Female,2002-07-08,user334.apple@aol.com,13956318722,佛山街T座,凤英县,玉梅市,801609,CN,China,GREATER_CHINA,Chinese,Consumer,Silver,2021-11-20,2021,NEW,True,MDM,2021-11-20 00:00:00,2026-04-17 15:58:36.698721
315750b5-9014-4d61-9ade-b978696f360c,CUST-2021-CN-000296,超,薛,超 薛,Female,2001-09-05,user286.apple@gmx.com,13548281761,拉萨路F座,福州市,济南县,805505,CN,China,GREATER_CHINA,Chinese,Consumer,None,2021-11-16,2021,NEW,True,MDM,2021-11-16 00:00:00,2026-04-17 15:58:36.698801
a368f05e-a156-4b5a-9c33-ae7218573476,CUST-2021-CN-000297,俊,吴,俊 吴,Female,1996-04-22,user959.apple460@gmail.com,15008747292,兴安盟路r座,成都县,哈尔滨市,848103,CN,China,GREATER_CHINA,Chinese,Consumer,Silver,2021-02-12,2021,NEW,True,MDM,2021-02-12 00:00:00,2026-04-17 15:58:36.698884
4ac05d42-0688-44bb-bde4-7d18d872bafc,CUST-2021-CN-000298,雪,叶,雪 叶,Male,2000-11-10,user464.apple@icloud.com,18953117606,哈尔滨路l座,拉萨市,西宁县,519805,CN,China,GREATER_CHINA,Chinese,Consumer,None,2021-09-09,2021,NEW,True,MDM,2021-09-09 00:00:00,2026-04-17 15:58:36.698959
acac8a0c-accc-4828-b514-48c25c1dc9b6,CUST-2021-CN-000299,婷婷,郭,婷婷 郭,Female,1959-07-25,user842.apple640@live.com,18103140206,张街a座,昆明县,红梅市,440957,CN,China,GREATER_CHINA,Chinese,Consumer,Gold,2021-06-22,2021,NEW,True,MDM,2021-06-22 00:00:00,2026-04-17 15:58:36.699055
6ec4369c-e113-4fb1-aab3-4eeef75ba5a8,CUST-2021-CN-000300,文,郭,文 郭,Male,2003-08-17,user729.apple@protonmail.com,13092245772,天津路H座,辽阳市,合山县,277243,CN,China,GREATER_CHINA,Chinese,Business,Silver,2021-07-14,2021,NEW,True,MDM,2021-07-14 00:00:00,2026-04-17 15:58:36.699135
9dfe145b-fdea-40b7-aa83-f0f3b7af65c8,CUST-2021-CN-000301,金凤,邹,金凤 邹,Female,1993-05-09,user450.apple@zoho.com,18259518775,郑街T座,丽市,飞市,985860,CN,China,GREATER_CHINA,Chinese,Consumer,Gold,2021-10-12,2021,NEW,True,MDM,2021-10-12 00:00:00,2026-04-17 15:58:36.699234
c258cdfd-412c-4a36-a854-f07a274d4f9c,CUST-2021-CN-000302,凤兰,李,凤兰 李,Male,1963-06-19,user575.apple@msn.com,18264383228,广州路j座,博县,丽丽县,858793,CN,China,GREATER_CHINA,Chinese,Consumer,None,2021-01-10,2021,NEW,True,MDM,2021-01-10 00:00:00,2026-04-17 15:58:36.699319
1bf54e12-373c-4e37-91d5-9e4212a67e81,CUST-2021-CN-000303,雷,赵,雷 赵,Male,1966-12-25,user596.apple778@hotmail.com,15240983336,孙街g座,岩市,玉珍县,711131,CN,China,GREATER_CHINA,Chinese,Consumer,None,2021-11-19,2021,NEW,True,MDM,2021-11-19 00:00:00,2026-04-17 15:58:36.699420
2d0c7534-9731-432d-93b7-91de6a00c780,CUST-2021-CN-000304,洁,赵,洁 赵,Female,1975-10-07,user212.apple812@outlook.com,13995473323,马街V座,潮州县,佛山市,302877,CN,China,GREATER_CHINA,Chinese,Consumer,Gold,2021-02-03,2021,NEW,True,MDM,2021-02-03 00:00:00,2026-04-17 15:58:36.699517
de688cea-f944-47d1-a0df-bb049fb0a636,CUST-2021-CN-000305,春梅,曾,春梅 曾,Female,1953-06-28,user477.apple@live.com,15628081877,徐路N座,玉梅市,通辽市,739333,CN,China,GREATER_CHINA,Chinese,Consumer,None,2021-09-19,2021,NEW,True,MDM,2021-09-19 00:00:00,2026-04-17 15:58:36.699612
c9f3c0c3-8370-4509-9ec1-71f62c71852a,CUST-2021-CN-000306,柳,刁,柳 刁,Female,1959-12-28,user946.apple477@yahoo.com,13970488454,曹街c座,齐齐哈尔市,石家庄市,785933,CN,China,GREATER_CHINA,Chinese,Consumer,Platinum,2021-03-04,2021,NEW,True,MDM,2021-03-04 00:00:00,2026-04-17 15:58:36.699713
df136094-efa7-4d13-8ce6-a4b6bd97981f,CUST-2021-CN-000307,淑珍,高,淑珍 高,Female,2007-04-07,user558.apple@live.com,13608885323,郑街u座,南宁县,兴安盟市,191678,CN,China,GREATER_CHINA,Chinese,Business,Silver,2021-12-02,2021,NEW,True,MDM,2021-12-02 00:00:00,2026-04-17 15:58:36.699808
3f45be3e-b2f8-4d28-9fa9-7baad08ebe08,CUST-2021-CN-000308,建华,郭,建华 郭,Male,1967-08-15,user741.apple@zoho.com,18702216166,六盘水路D座,宇县,佛山市,932757,CN,China,GREATER_CHINA,Chinese,Consumer,None,2021-02-28,2021,NEW,True,MDM,2021-02-28 00:00:00,2026-04-17 15:58:36.699889
c665261e-6715-4c1b-9107-69317e2287d9,CUST-2021-CN-000309,利,刘,利 刘,Male,1970-07-21,user281.apple@msn.com,18231555050,吉路j座,建华市,南宁市,603028,CN,China,GREATER_CHINA,Chinese,Business,Gold,2021-04-12,2021,NEW,False,MDM,2021-04-12 00:00:00,2026-04-17 15:58:36.699986
ec42b81a-6087-45c3-b9fe-aee2163423b5,CUST-2021-CN-000310,博,程,博 程,Male,2002-11-30,user199.apple@zoho.com,15917014579,银川路b座,霞县,合山县,726840,CN,China,GREATER_CHINA,Chinese,Consumer,Silver,2021-08-12,2021,NEW,True,MDM,2021-08-12 00:00:00,2026-04-17 15:58:36.700063
2bd0effa-0e12-4b42-8dde-7e054b80240d,CUST-2021-CN-000311,玉兰,李,玉兰 李,Female,1981-10-05,user611.apple@mail.com,15524080556,海口路G座,建国县,丹丹市,867495,CN,China,GREATER_CHINA,Chinese,Consumer,Gold,2021-08-06,2021,NEW,True,MDM,2021-08-06 00:00:00,2026-04-17 15:58:36.700143
a6c4b488-c85b-49f1-b7e9-26044a136566,CUST-2021-CN-000312,畅,李,畅 李,Male,2006-04-28,user482.apple@outlook.com,14799701173,陈路i座,成都县,杭州县,598144,CN,China,GREATER_CHINA,Chinese,Business,Gold,2021-09-26,2021,NEW,False,MDM,2021-09-26 00:00:00,2026-04-17 15:58:36.700247
fa0c559b-6775-4bf8-8295-462bdc1f06f9,CUST-2021-CN-000313,军,方,军 方,Male,1952-10-02,user255.apple30@protonmail.com,15576703252,黄街Z座,乌鲁木齐市,沈阳市,662461,CN,China,GREATER_CHINA,Chinese,Business,None,2021-12-03,2021,NEW,True,MDM,2021-12-03 00:00:00,2026-04-17 15:58:36.700346
8396b769-4af0-44f1-badd-6b3b1c5ee12c,CUST-2021-CN-000314,丽华,邢,丽华 邢,Male,1953-04-22,user972.apple@aol.com,18589801321,彭街D座,建平市,畅县,839371,CN,China,GREATER_CHINA,Chinese,Education,Gold,2021-09-18,2021,NEW,True,MDM,2021-09-18 00:00:00,2026-04-17 15:58:36.700449
c33a6766-36e4-4bf7-bdd2-91c7d14b4217,CUST-2021-CN-000315,亮,张,亮 张,Female,1997-02-27,user381.apple@msn.com,13075704183,通辽街M座,香港县,柳州县,636139,CN,China,GREATER_CHINA,Chinese,Education,Platinum,2021-10-09,2021,NEW,True,MDM,2021-10-09 00:00:00,2026-04-17 15:58:36.700527
e382b02e-cce6-4263-af66-748d9e92a443,CUST-2021-CN-000316,斌,龙,斌 龙,Male,1956-11-05,user300.apple@msn.com,15731277610,辛集街y座,香港市,海燕市,534428,CN,China,GREATER_CHINA,Chinese,Education,None,2021-02-02,2021,NEW,True,MDM,2021-02-02 00:00:00,2026-04-17 15:58:36.700605
a7555b43-4172-43ca-a571-7c2a8cbf2134,CUST-2021-CN-000317,伟,刘,伟 刘,Male,1999-11-13,user998.apple@msn.com,15720370693,淮安街k座,明市,张家港市,651798,CN,China,GREATER_CHINA,Chinese,Consumer,None,2021-09-01,2021,NEW,True,MDM,2021-09-01 00:00:00,2026-04-17 15:58:36.700688
52447cbf-599f-45d4-925e-5edca8d66005,CUST-2021-CN-000318,柳,姜,柳 姜,Male,1992-06-29,user985.apple179@zoho.com,13947034952,杭州街S座,乌鲁木齐市,柳州县,565196,CN,China,GREATER_CHINA,Chinese,Education,None,2021-11-06,2021,NEW,True,MDM,2021-11-06 00:00:00,2026-04-17 15:58:36.700771
2141e9aa-2072-456f-a254-75b9a1500195,CUST-2021-CN-000319,秀珍,朱,秀珍 朱,Male,1966-12-31,user829.apple238@zoho.com,14756711523,宁德路V座,刚县,杭州市,832606,CN,China,GREATER_CHINA,Chinese,Consumer,Silver,2021-04-12,2021,NEW,False,MDM,2021-04-12 00:00:00,2026-04-17 15:58:36.700850
8d19dbbd-0fde-4198-8c8c-a9698f432ed7,CUST-2021-CN-000320,娟,郑,娟 郑,Female,1951-09-06,user650.apple@zoho.com,13891175909,梅路d座,呼和浩特市,云县,203606,CN,China,GREATER_CHINA,Chinese,Consumer,None,2021-12-04,2021,NEW,True,MDM,2021-12-04 00:00:00,2026-04-17 15:58:36.700951
b903a121-f3b4-40f0-b26b-6cea778a515b,CUST-2021-CN-000321,明,李,明 李,Female,1967-01-18,user392.apple@yahoo.com,14505865770,马鞍山街n座,玲市,慧市,145241,CN,China,GREATER_CHINA,Chinese,Education,None,2021-07-04,2021,NEW,True,MDM,2021-07-04 00:00:00,2026-04-17 15:58:36.701034
daa8f3f2-486c-4a4e-80b2-ae4c8b4c1150,CUST-2021-CN-000322,凤兰,袁,凤兰 袁,Male,1971-11-06,user111.apple815@outlook.com,18160937187,龚路p座,广州县,玉县,212263,CN,China,GREATER_CHINA,Chinese,Business,None,2021-03-06,2021,NEW,True,MDM,2021-03-06 00:00:00,2026-04-17 15:58:36.701132
70d618a8-e93a-47cd-ae12-97062296bfc0,CUST-2021-CN-000323,柳,董,柳 董,Female,1979-11-06,user444.apple@protonmail.com,15982987073,重庆路k座,贵阳县,台北市,171461,CN,China,GREATER_CHINA,Chinese,Business,None,2021-05-26,2021,NEW,True,MDM,2021-05-26 00:00:00,2026-04-17 15:58:36.701208
90fc8cc0-2f1b-4fd6-a5fb-acaa284c72eb,CUST-2021-CN-000324,斌,崔,斌 崔,Female,1990-10-01,user957.apple@gmail.com,15046557176,荆门路R座,拉萨县,丽丽市,195477,CN,China,GREATER_CHINA,Chinese,Consumer,None,2021-07-23,2021,NEW,True,MDM,2021-07-23 00:00:00,2026-04-17 15:58:36.701286
52aedf36-9c10-4e4c-80ef-124d0449a3da,CUST-2021-CN-000325,成,方,成 方,Female,1994-06-27,user888.apple111@msn.com,18710313520,大冶街T座,北镇市,佳县,619827,CN,China,GREATER_CHINA,Chinese,Consumer,Platinum,2021-01-17,2021,NEW,True,MDM,2021-01-17 00:00:00,2026-04-17 15:58:36.701369
4cecb1e4-a904-4ece-9d0a-04b312e94a3d,CUST-2021-CN-000326,勇,韩,勇 韩,Female,2006-11-18,user162.apple606@outlook.com,13433803887,六安路T座,长沙市,哈尔滨县,951437,CN,China,GREATER_CHINA,Chinese,Consumer,Platinum,2021-07-07,2021,NEW,True,MDM,2021-07-07 00:00:00,2026-04-17 15:58:36.701447
e3efb17c-3d32-4561-9f12-48a23556b074,CUST-2021-CN-000327,鑫,董,鑫 董,Female,1975-06-16,user309.apple@yahoo.com,18895544584,淮安路t座,太原市,通辽市,881214,CN,China,GREATER_CHINA,Chinese,Business,None,2021-04-09,2021,NEW,True,MDM,2021-04-09 00:00:00,2026-04-17 15:58:36.701522
2f99adbd-4284-44f4-be28-49a94384ce3c,CUST-2021-CN-000328,帆,刘,帆 刘,Male,1993-06-16,user925.apple461@gmx.com,15106851950,任街k座,洋县,银川市,815899,CN,China,GREATER_CHINA,Chinese,Business,Silver,2021-06-13,2021,NEW,False,MDM,2021-06-13 00:00:00,2026-04-17 15:58:36.701618
e0f2c52f-7cd1-43da-8018-a5d36b4dd6fd,CUST-2021-CN-000329,雷,叶,雷 叶,Female,1963-04-26,user119.apple@mail.com,15576505643,周街Y座,六安县,巢湖市,149565,CN,China,GREATER_CHINA,Chinese,Consumer,None,2021-05-01,2021,NEW,True,MDM,2021-05-01 00:00:00,2026-04-17 15:58:36.701716
e2681839-8264-4547-a5c2-90baea8b4ca6,CUST-2021-CN-000330,秀云,史,秀云 史,Male,1965-02-14,user697.apple@outlook.com,15774400882,济南路N座,六安市,乌鲁木齐市,276250,CN,China,GREATER_CHINA,Chinese,Consumer,None,2021-09-05,2021,NEW,True,MDM,2021-09-05 00:00:00,2026-04-17 15:58:36.701793
270149bf-d3ba-4230-9812-e5e04acb9edf,CUST-2021-CN-000331,兵,唐,兵 唐,Male,1993-05-10,user759.apple@yahoo.com,15640610678,张街n座,秀荣市,丽华市,316271,CN,China,GREATER_CHINA,Chinese,Consumer,Gold,2021-11-20,2021,NEW,False,MDM,2021-11-20 00:00:00,2026-04-17 15:58:36.701886
c21c653f-30fe-4543-9162-60792aa0bfff,CUST-2021-CN-000332,斌,刘,斌 刘,Male,1956-03-09,user887.apple494@protonmail.com,18068487241,覃路C座,畅市,雪梅县,990537,CN,China,GREATER_CHINA,Chinese,Consumer,Silver,2021-01-23,2021,NEW,True,MDM,2021-01-23 00:00:00,2026-04-17 15:58:36.701980
7a200766-e6dd-4a89-928f-4621e697f2cd,CUST-2021-CN-000333,亮,霍,亮 霍,Female,1960-07-26,user520.apple@outlook.com,15195582094,六安路V座,武汉县,郑州县,220729,CN,China,GREATER_CHINA,Chinese,Consumer,Silver,2021-08-29,2021,NEW,True,MDM,2021-08-29 00:00:00,2026-04-17 15:58:36.702056
9be34745-d20c-4ce1-a528-c57c1e07077e,CUST-2021-CN-000334,晨,赵,晨 赵,Female,1958-05-14,user362.apple@zoho.com,18210445289,武汉路I座,梧州县,哈尔滨县,718672,CN,China,GREATER_CHINA,Chinese,Business,Silver,2021-04-08,2021,NEW,True,MDM,2021-04-08 00:00:00,2026-04-17 15:58:36.702135
06310ef2-b097-47ec-b652-8ccdbfd94bfe,CUST-2021-CN-000335,涛,王,涛 王,Male,1966-06-17,user314.apple225@aol.com,18788846007,刘路I座,沈阳县,马鞍山县,458524,CN,China,GREATER_CHINA,Chinese,Consumer,Silver,2021-06-05,2021,NEW,True,MDM,2021-06-05 00:00:00,2026-04-17 15:58:36.702230
dccc32c8-a3a1-4ed9-b258-4620a784754c,CUST-2021-CN-000336,桂芝,李,桂芝 李,Female,1986-08-01,user729.apple@hotmail.com,14711104979,昆明路T座,惠州县,建平市,452759,CN,China,GREATER_CHINA,Chinese,Consumer,None,2021-06-30,2021,NEW,True,MDM,2021-06-30 00:00:00,2026-04-17 15:58:36.702307
10bc1507-da81-4daa-a1f4-b9de7c24009b,CUST-2021-CN-000337,伟,叶,伟 叶,Female,2007-09-27,user768.apple919@icloud.com,13066624472,李路C座,博县,淑英市,799766,CN,China,GREATER_CHINA,Chinese,Consumer,None,2021-09-03,2021,NEW,True,MDM,2021-09-03 00:00:00,2026-04-17 15:58:36.702403
aeacc6d6-b235-4384-8f31-80577f96d538,CUST-2021-CN-000338,桂荣,周,桂荣 周,Female,1999-10-20,user481.apple@hotmail.com,18298118243,王街s座,龙县,嘉禾县,943297,CN,China,GREATER_CHINA,Chinese,Consumer,None,2021-10-26,2021,NEW,False,MDM,2021-10-26 00:00:00,2026-04-17 15:58:36.702499
fc87f0be-f61e-45d1-a31e-8949d87ff79d,CUST-2021-CN-000339,玉,张,玉 张,Female,1968-05-11,user426.apple@mail.com,18207762672,白路q座,太原市,杭州县,902985,CN,China,GREATER_CHINA,Chinese,Consumer,None,2021-08-17,2021,NEW,True,MDM,2021-08-17 00:00:00,2026-04-17 15:58:36.702663
6e02b6cb-617c-4100-8a4b-197449094f33,CUST-2021-CN-000340,建国,杨,建国 杨,Female,1970-03-27,user912.apple@gmail.com,14729880496,杭州路h座,婷婷市,桂兰县,613035,CN,China,GREATER_CHINA,Chinese,Consumer,Gold,2021-08-17,2021,NEW,True,MDM,2021-08-17 00:00:00,2026-04-17 15:58:36.702772
cc56f712-d834-4618-bd70-ca67c80fe986,CUST-2021-CN-000341,玉珍,徐,玉珍 徐,Male,1972-04-22,user199.apple@hotmail.com,13021250709,兴城路P座,沈阳县,辛集市,349962,CN,China,GREATER_CHINA,Chinese,Consumer,Silver,2021-09-27,2021,NEW,True,MDM,2021-09-27 00:00:00,2026-04-17 15:58:36.702861
566542ce-3a8f-4b9b-b3c9-0a1704650b67,CUST-2021-CN-000342,丹丹,张,丹丹 张,Female,1988-11-26,user311.apple370@yahoo.com,18069433816,南宁路v座,太原市,西安市,218823,CN,China,GREATER_CHINA,Chinese,Business,Silver,2021-08-02,2021,NEW,True,MDM,2021-08-02 00:00:00,2026-04-17 15:58:36.702948
5987fc5d-176e-4127-9f3f-824756e49a49,CUST-2021-CN-000343,璐,赵,璐 赵,Male,1955-01-23,user546.apple@aol.com,18229414936,徐路Q座,深圳县,艳市,693380,CN,China,GREATER_CHINA,Chinese,Business,None,2021-06-13,2021,NEW,True,MDM,2021-06-13 00:00:00,2026-04-17 15:58:36.703049
41d6b708-8dd2-4b92-90cd-c316ac1eedd1,CUST-2021-CN-000344,丽娟,谢,丽娟 谢,Female,1970-06-20,user616.apple799@icloud.com,13919422510,南昌路c座,文市,志强市,415513,CN,China,GREATER_CHINA,Chinese,Consumer,Gold,2021-05-15,2021,NEW,True,MDM,2021-05-15 00:00:00,2026-04-17 15:58:36.703136
70c2b8e7-a39f-4175-85d1-7e261037b8fd,CUST-2021-CN-000345,桂兰,郭,桂兰 郭,Male,1984-03-11,user525.apple927@msn.com,15258638347,李路r座,张家港市,辛集市,145003,CN,China,GREATER_CHINA,Chinese,Education,Silver,2021-08-06,2021,NEW,True,MDM,2021-08-06 00:00:00,2026-04-17 15:58:36.703242
5f0376a8-1ae2-4e1b-993b-2e0431affb01,CUST-2021-CN-000346,玉英,李,玉英 李,Female,1953-07-01,user425.apple@msn.com,15251031771,李路m座,玉珍县,昆明市,644561,CN,China,GREATER_CHINA,Chinese,Consumer,None,2021-09-02,2021,NEW,True,MDM,2021-09-02 00:00:00,2026-04-17 15:58:36.703344
db0e1b68-d2a0-4f0f-8010-8be9e6a876ef,CUST-2021-CN-000347,柳,张,柳 张,Female,1956-05-02,user148.apple@gmx.com,18164188905,陈路U座,佳县,丽娟市,604936,CN,China,GREATER_CHINA,Chinese,Consumer,Gold,2021-12-22,2021,NEW,False,MDM,2021-12-22 00:00:00,2026-04-17 15:58:36.703445
a83847ab-b1b1-4821-916e-c49b42a18b95,CUST-2021-CN-000348,健,钟,健 钟,Male,2002-10-29,user567.apple638@gmail.com,13334816139,尚街h座,杨县,海门县,147479,CN,China,GREATER_CHINA,Chinese,Business,None,2021-03-15,2021,NEW,True,MDM,2021-03-15 00:00:00,2026-04-17 15:58:36.703552
6cdac37c-e326-4427-8d30-d19d0aaaa4a5,CUST-2021-CN-000349,柳,牟,柳 牟,Male,2007-08-12,user558.apple179@mail.com,14519974681,罗街I座,龙市,洋市,565348,CN,China,GREATER_CHINA,Chinese,Consumer,None,2021-11-01,2021,NEW,True,MDM,2021-11-01 00:00:00,2026-04-17 15:58:36.703693
f13f34aa-ae01-4c14-8013-9097b9ae8689,CUST-2021-CN-000350,伟,胡,伟 胡,Female,1951-02-03,user896.apple@yahoo.com,18595315170,大冶路N座,南宁市,凤英市,170772,CN,China,GREATER_CHINA,Chinese,Education,Platinum,2021-10-27,2021,NEW,True,MDM,2021-10-27 00:00:00,2026-04-17 15:58:36.703800
318e4009-816b-4903-b101-a0c143f2f02d,CUST-2021-CN-000351,燕,陶,燕 陶,Male,1970-12-14,user114.apple436@msn.com,13597265495,西宁路o座,淑英县,沈阳县,578646,CN,China,GREATER_CHINA,Chinese,Consumer,Silver,2021-06-24,2021,NEW,True,MDM,2021-06-24 00:00:00,2026-04-17 15:58:36.703878
bc2be16a-d7b4-4b92-b6b0-9d5fb2495fd2,CUST-2021-CN-000352,瑜,徐,瑜 徐,Female,1967-06-05,user197.apple869@gmail.com,13596578819,黄街C座,银川市,重庆县,826687,CN,China,GREATER_CHINA,Chinese,Consumer,Silver,2021-12-19,2021,NEW,True,MDM,2021-12-19 00:00:00,2026-04-17 15:58:36.703974
458cf711-3f97-4bed-a205-a977294d922f,CUST-2021-CN-000353,婷婷,张,婷婷 张,Female,2000-09-04,user709.apple@live.com,15145743192,潘路N座,林市,柳市,622361,CN,China,GREATER_CHINA,Chinese,Consumer,Silver,2021-04-18,2021,NEW,True,MDM,2021-04-18 00:00:00,2026-04-17 15:58:36.704068
3d5f3043-1f8d-478d-9325-a3e963387628,CUST-2021-CN-000354,玉梅,沈,玉梅 沈,Female,1986-09-17,user265.apple@icloud.com,15221121409,孔街h座,金凤县,丽市,841025,CN,China,GREATER_CHINA,Chinese,Consumer,None,2021-09-18,2021,NEW,True,MDM,2021-09-18 00:00:00,2026-04-17 15:58:36.704163
d916b60c-cb72-431a-86f6-a9589c8434fe,CUST-2021-CN-000355,建国,王,建国 王,Female,1964-04-12,user503.apple@hotmail.com,13255203030,杨路y座,洋市,深圳市,753082,CN,China,GREATER_CHINA,Chinese,Consumer,None,2021-06-08,2021,NEW,True,MDM,2021-06-08 00:00:00,2026-04-17 15:58:36.704257
c6dbdcef-bd3b-41f3-baed-d9605dbda2cc,CUST-2021-CN-000356,春梅,王,春梅 王,Male,1968-04-10,user346.apple@outlook.com,15392771003,兰州街C座,桂珍县,小红县,103978,CN,China,GREATER_CHINA,Chinese,Consumer,None,2021-02-21,2021,NEW,True,MDM,2021-02-21 00:00:00,2026-04-17 15:58:36.704333
35a4a0fb-0727-4168-a016-151dbaf50ee4,CUST-2021-CN-000357,柳,彭,柳 彭,Female,1960-08-04,user888.apple@live.com,18573390638,梧州路C座,琴县,淑兰市,532286,CN,China,GREATER_CHINA,Chinese,Business,Gold,2021-08-01,2021,NEW,True,MDM,2021-08-01 00:00:00,2026-04-17 15:58:36.704410
9e74f19a-dcd8-4f8e-a4ed-964fa7bbe14c,CUST-2021-CN-000358,莹,黄,莹 黄,Male,2005-11-06,user836.apple@icloud.com,15886233014,沈阳街y座,阳市,贵阳县,121562,CN,China,GREATER_CHINA,Chinese,Consumer,None,2021-04-30,2021,NEW,True,MDM,2021-04-30 00:00:00,2026-04-17 15:58:36.704487
b715e81f-44b8-49da-8af5-83676012b7a6,CUST-2021-CN-000359,凯,许,凯 许,Female,2004-02-19,user496.apple@protonmail.com,18665850108,邹街i座,沈阳县,亮市,733096,CN,China,GREATER_CHINA,Chinese,Consumer,Gold,2021-07-03,2021,NEW,False,MDM,2021-07-03 00:00:00,2026-04-17 15:58:36.704581
daee8ebc-5b4d-4ad5-a68c-7b74cbdb1f54,CUST-2021-CN-000360,旭,唐,旭 唐,Male,1961-01-16,user644.apple390@icloud.com,13795987379,齐齐哈尔路T座,兴安盟市,济南县,921313,CN,China,GREATER_CHINA,Chinese,Consumer,Silver,2021-09-08,2021,NEW,True,MDM,2021-09-08 00:00:00,2026-04-17 15:58:36.704660
b30c935e-77df-4429-976f-a29a116f87f3,CUST-2021-CN-000361,鹏,杨,鹏 杨,Female,1986-05-01,user259.apple882@msn.com,13289132537,南昌街D座,成都市,彬市,177901,CN,China,GREATER_CHINA,Chinese,Education,Silver,2021-04-09,2021,NEW,True,MDM,2021-04-09 00:00:00,2026-04-17 15:58:36.704738
b1dfec8c-92d0-4ff6-93c6-b52de9c9c073,CUST-2021-CN-000362,磊,黄,磊 黄,Male,1998-09-07,user836.apple@zoho.com,14581075538,袁路T座,辉市,凤兰市,405864,CN,China,GREATER_CHINA,Chinese,Consumer,None,2021-06-11,2021,NEW,True,MDM,2021-06-11 00:00:00,2026-04-17 15:58:36.704833
ce7657ab-0a6f-4748-8d08-bbb4296c9789,CUST-2021-CN-000363,洁,王,洁 王,Male,1967-06-13,user375.apple@msn.com,13798076011,辽阳街I座,玉英县,汕尾县,634643,CN,China,GREATER_CHINA,Chinese,Consumer,None,2021-07-06,2021,NEW,True,MDM,2021-07-06 00:00:00,2026-04-17 15:58:36.704909
365ac1c8-bc80-4f11-9f99-7bc9dda95973,CUST-2021-CN-000364,东,钱,东 钱,Male,1955-10-09,user412.apple@msn.com,18078735873,长春街z座,六安市,岩市,436701,CN,China,GREATER_CHINA,Chinese,Consumer,None,2021-12-29,2021,NEW,False,MDM,2021-12-29 00:00:00,2026-04-17 15:58:36.704987
6f789d20-6bfd-4faf-bac3-3f5435943f1f,CUST-2021-CN-000365,建,高,建 高,Female,1979-07-24,user671.apple842@hotmail.com,14718294814,覃街S座,郑州县,合山县,955245,CN,China,GREATER_CHINA,Chinese,Consumer,Gold,2021-10-03,2021,NEW,True,MDM,2021-10-03 00:00:00,2026-04-17 15:58:36.705084
1402e21a-812f-4b4d-b062-ca211a6311f2,CUST-2021-CN-000366,志强,蒋,志强 蒋,Male,1952-04-25,user626.apple@outlook.com,18979153737,邱街s座,秀梅市,秀云市,611275,CN,China,GREATER_CHINA,Chinese,Consumer,Platinum,2021-09-14,2021,NEW,True,MDM,2021-09-14 00:00:00,2026-04-17 15:58:36.705179
aa476e8a-d13f-465e-be5d-c438758e4fea,CUST-2021-CN-000367,俊,林,俊 林,Female,1989-07-27,user848.apple@protonmail.com,13378298842,沈阳街t座,张家港县,贵阳市,451590,CN,China,GREATER_CHINA,Chinese,Business,Silver,2021-06-25,2021,NEW,True,MDM,2021-06-25 00:00:00,2026-04-17 15:58:36.705255
78aca262-e645-47aa-9d30-1cde287fccad,CUST-2021-CN-000368,淑兰,惠,淑兰 惠,Female,1986-07-10,user638.apple83@msn.com,18243861235,合山路A座,辽阳县,东莞市,237119,CN,China,GREATER_CHINA,Chinese,Consumer,Gold,2021-12-08,2021,NEW,True,MDM,2021-12-08 00:00:00,2026-04-17 15:58:36.705332
6a98244e-93c8-427b-b1af-09d792f43e66,CUST-2021-CN-000369,丽丽,朱,丽丽 朱,Female,1999-03-02,user539.apple@live.com,13307564252,傅街v座,潮州县,琳县,583357,CN,China,GREATER_CHINA,Chinese,Education,Platinum,2021-11-08,2021,NEW,True,MDM,2021-11-08 00:00:00,2026-04-17 15:58:36.705429
78592f0a-0071-47bc-ab16-c88042efb814,CUST-2021-CN-000370,金凤,李,金凤 李,Male,1968-02-03,user415.apple@icloud.com,13842125814,兴城路R座,丽市,永安市,109833,CN,China,GREATER_CHINA,Chinese,Consumer,Silver,2021-06-30,2021,NEW,True,MDM,2021-06-30 00:00:00,2026-04-17 15:58:36.705506
c0d9dc99-3680-48cd-940b-1250b3f8a55e,CUST-2021-CN-000371,丹丹,金,丹丹 金,Female,1968-03-02,user419.apple@yahoo.com,15810621660,魏街d座,六安市,瑞市,990107,CN,China,GREATER_CHINA,Chinese,Consumer,Platinum,2021-05-03,2021,NEW,True,MDM,2021-05-03 00:00:00,2026-04-17 15:58:36.705600
09c83632-090c-4c28-a15e-848322cbaaaf,CUST-2021-CN-000372,霞,吴,霞 吴,Female,1977-10-07,user585.apple216@protonmail.com,18854055466,合肥街a座,丽娟市,桂花市,327410,CN,China,GREATER_CHINA,Chinese,Consumer,None,2021-05-24,2021,NEW,True,MDM,2021-05-24 00:00:00,2026-04-17 15:58:36.705678
37e21d08-546c-4887-957a-6ca1aa5538e6,CUST-2021-CN-000373,想,李,想 李,Male,1994-01-18,user457.apple805@yahoo.com,15785664053,钟街q座,澳门县,磊县,131453,CN,China,GREATER_CHINA,Chinese,Consumer,Silver,2021-02-01,2021,NEW,True,MDM,2021-02-01 00:00:00,2026-04-17 15:58:36.705775
2d849d9a-8aef-4d33-bd8a-0b8778e90afb,CUST-2021-CN-000374,刚,刘,刚 刘,Female,1979-08-27,user874.apple@gmx.com,18852557733,西安路v座,璐县,凤英县,195631,CN,China,GREATER_CHINA,Chinese,Consumer,None,2021-06-26,2021,NEW,True,MDM,2021-06-26 00:00:00,2026-04-17 15:58:36.705852
0702dc66-78a4-4586-9f3b-b82485c55dbc,CUST-2021-CN-000375,秀梅,项,秀梅 项,Male,1994-07-24,user375.apple@icloud.com,13670725541,袁街V座,亮市,淑英县,391748,CN,China,GREATER_CHINA,Chinese,Consumer,None,2021-08-29,2021,NEW,True,MDM,2021-08-29 00:00:00,2026-04-17 15:58:36.705947
4f625612-b6f6-4d2c-897d-a56386401f56,CUST-2021-CN-000376,淑兰,靳,淑兰 靳,Male,1962-01-25,user718.apple@yahoo.com,18111373027,辛集街J座,天津县,欢县,255449,CN,China,GREATER_CHINA,Chinese,Business,None,2021-08-14,2021,NEW,True,MDM,2021-08-14 00:00:00,2026-04-17 15:58:36.706023
fddebd1a-5ef8-45ed-95cc-d9995aaf5516,CUST-2021-CN-000377,淑珍,罗,淑珍 罗,Male,1995-08-31,user899.apple@protonmail.com,13035335656,吴路y座,武汉市,彬县,260089,CN,China,GREATER_CHINA,Chinese,Consumer,Silver,2021-10-04,2021,NEW,True,MDM,2021-10-04 00:00:00,2026-04-17 15:58:36.706118
a057478c-3edd-4a57-bd02-82edd572deaa,CUST-2021-CN-000378,璐,郭,璐 郭,Male,1980-09-29,user844.apple@icloud.com,13335956485,呼和浩特街l座,丽华市,桂荣市,153888,CN,China,GREATER_CHINA,Chinese,Business,None,2021-09-05,2021,NEW,True,MDM,2021-09-05 00:00:00,2026-04-17 15:58:36.706196
26e273d6-0177-4d12-8cf3-8021d01f2b6a,CUST-2021-CN-000379,兰英,赵,兰英 赵,Female,2005-10-01,user944.apple@hotmail.com,18847621964,赵街v座,雷市,玉珍县,756182,CN,China,GREATER_CHINA,Chinese,Consumer,Silver,2021-11-21,2021,NEW,True,MDM,2021-11-21 00:00:00,2026-04-17 15:58:36.706368
b7e414fd-7dc8-44ab-8a15-3a7d9c29842e,CUST-2021-CN-000380,淑珍,黄,淑珍 黄,Male,1952-07-31,user112.apple@aol.com,15627379192,贵阳街I座,昆明县,淑英市,877972,CN,China,GREATER_CHINA,Chinese,Business,None,2021-10-13,2021,NEW,True,MDM,2021-10-13 00:00:00,2026-04-17 15:58:36.706496
1c70ebc9-c80b-4d17-8418-77905f1efb4d,CUST-2021-CN-000381,冬梅,罗,冬梅 罗,Female,1980-01-20,user287.apple@mail.com,13229214933,巢湖街f座,桂芳县,凤英市,386294,CN,China,GREATER_CHINA,Chinese,Consumer,None,2021-06-24,2021,NEW,True,MDM,2021-06-24 00:00:00,2026-04-17 15:58:36.706590
84adef3b-b5ce-4803-9731-431e835457e0,CUST-2021-CN-000382,明,韩,明 韩,Female,1979-02-03,user968.apple@gmx.com,18130172274,成都路M座,柳市,汕尾市,334971,CN,China,GREATER_CHINA,Chinese,Consumer,Platinum,2021-04-19,2021,NEW,True,MDM,2021-04-19 00:00:00,2026-04-17 15:58:36.706673
15a667f9-7e7c-4a0f-a4c2-d18a9bb1426c,CUST-2021-CN-000383,柳,张,柳 张,Female,1988-08-29,user541.apple@mail.com,18542303956,郑路c座,建军市,利市,966323,CN,China,GREATER_CHINA,Chinese,Consumer,Silver,2021-12-11,2021,NEW,False,MDM,2021-12-11 00:00:00,2026-04-17 15:58:36.706780
04812c1f-970d-4781-8900-8a70d9516681,CUST-2021-CN-000384,凤英,周,凤英 周,Male,1994-10-28,user917.apple@gmx.com,13889404213,太原街b座,晶市,雪县,349211,CN,China,GREATER_CHINA,Chinese,Consumer,None,2021-03-27,2021,NEW,True,MDM,2021-03-27 00:00:00,2026-04-17 15:58:36.706871
6757da08-20cd-44f2-8e52-2dce9a2afa1d,CUST-2021-CN-000385,桂香,王,桂香 王,Female,1983-02-06,user637.apple@aol.com,18924268867,吴街R座,桂芳市,丹丹县,760173,CN,China,GREATER_CHINA,Chinese,Business,Platinum,2021-05-25,2021,NEW,True,MDM,2021-05-25 00:00:00,2026-04-17 15:58:36.706979
5e299733-edff-4ed1-b00f-ac0dcb3e4be6,CUST-2021-CN-000386,玉兰,芦,玉兰 芦,Male,1957-06-16,user180.apple@gmail.com,13227052187,通辽路T座,辽阳市,明市,191021,CN,China,GREATER_CHINA,Chinese,Consumer,Silver,2021-02-22,2021,NEW,True,MDM,2021-02-22 00:00:00,2026-04-17 15:58:36.707067
9d74c9d4-957f-416e-b7cb-d05b1d9f4e29,CUST-2021-CN-000387,龙,陈,龙 陈,Female,2000-01-30,user520.apple396@aol.com,13409457174,赵街F座,六盘水县,玉县,429054,CN,China,GREATER_CHINA,Chinese,Consumer,None,2021-06-19,2021,NEW,True,MDM,2021-06-19 00:00:00,2026-04-17 15:58:36.707168
34d2c488-12c3-44dc-b635-4c01d3f4333f,CUST-2021-CN-000388,林,叶,林 叶,Female,1980-11-07,user481.apple@protonmail.com,18023158139,张街Q座,红县,成都市,616749,CN,China,GREATER_CHINA,Chinese,Business,None,2021-04-21,2021,NEW,True,MDM,2021-04-21 00:00:00,2026-04-17 15:58:36.707303
b681c29d-1644-468a-8388-46b285915661,CUST-2021-CN-000389,建华,朱,建华 朱,Female,1999-02-08,user102.apple@yahoo.com,13381747056,海口路B座,福州县,梅市,128616,CN,China,GREATER_CHINA,Chinese,Consumer,Silver,2021-07-14,2021,NEW,True,MDM,2021-07-14 00:00:00,2026-04-17 15:58:36.707399
0160dbf8-61ce-444e-9f6d-ffc9145cb88d,CUST-2021-CN-000390,雪,陈,雪 陈,Female,1996-08-12,user855.apple@hotmail.com,18953746861,严路W座,玉华市,马鞍山市,131856,CN,China,GREATER_CHINA,Chinese,Consumer,Platinum,2021-09-30,2021,NEW,False,MDM,2021-09-30 00:00:00,2026-04-17 15:58:36.707494
6a0ecca0-8755-4620-afaa-2b44b92e7984,CUST-2021-CN-000391,秀珍,杨,秀珍 杨,Female,1954-12-03,user890.apple@aol.com,13836371526,西安路M座,斌市,瑜市,992037,CN,China,GREATER_CHINA,Chinese,Consumer,Silver,2021-07-27,2021,NEW,True,MDM,2021-07-27 00:00:00,2026-04-17 15:58:36.707571
a2f4f720-4d63-46d2-a02f-827d2f861533,CUST-2021-CN-000392,红梅,廖,红梅 廖,Female,2000-05-03,user667.apple294@yahoo.com,13042367260,香港街i座,宜都县,合肥县,894103,CN,China,GREATER_CHINA,Chinese,Consumer,Silver,2021-06-05,2021,NEW,True,MDM,2021-06-05 00:00:00,2026-04-17 15:58:36.707647
dda8c20e-ee9c-417e-acce-58780cd2eba0,CUST-2021-CN-000393,岩,詹,岩 詹,Male,1973-07-18,user498.apple180@protonmail.com,14541111030,李路W座,东县,哈尔滨市,860307,CN,China,GREATER_CHINA,Chinese,Consumer,Gold,2021-05-04,2021,NEW,True,MDM,2021-05-04 00:00:00,2026-04-17 15:58:36.707742
62d4031c-1a29-43d5-b3fc-473cf1efb812,CUST-2021-CN-000394,艳,隋,艳 隋,Male,2003-02-05,user533.apple@icloud.com,15868380844,张家港路D座,秀荣市,健市,206633,CN,China,GREATER_CHINA,Chinese,Consumer,None,2021-09-20,2021,NEW,True,MDM,2021-09-20 00:00:00,2026-04-17 15:58:36.707819
64a005aa-a4c8-4343-9315-8a2789f0224c,CUST-2021-CN-000395,璐,徐,璐 徐,Male,1969-01-11,user387.apple874@aol.com,15892370127,武汉街j座,六安市,彬县,564950,CN,China,GREATER_CHINA,Chinese,Consumer,None,2021-12-29,2021,NEW,True,MDM,2021-12-29 00:00:00,2026-04-17 15:58:36.707897
56f9d7c1-ac6b-4157-a728-4b05f39a9b27,CUST-2021-CN-000396,岩,刘,岩 刘,Male,1951-02-19,user379.apple@outlook.com,13404993582,黄街A座,秀华市,哈尔滨县,775696,CN,China,GREATER_CHINA,Chinese,Consumer,None,2021-07-20,2021,NEW,True,MDM,2021-07-20 00:00:00,2026-04-17 15:58:36.707992
3cabf29a-d83a-42da-986b-abd6b95db01d,CUST-2021-CN-000397,龙,何,龙 何,Female,1999-08-07,user536.apple@hotmail.com,18117353808,翟街r座,敏县,玉梅市,830906,CN,China,GREATER_CHINA,Chinese,Consumer,None,2021-09-17,2021,NEW,True,MDM,2021-09-17 00:00:00,2026-04-17 15:58:36.708092
a357628c-a996-4091-a569-1038a4173c4a,CUST-2021-CN-000398,俊,王,俊 王,Male,1953-11-25,user323.apple@yahoo.com,15564887635,重庆街a座,雷县,南昌县,998036,CN,China,GREATER_CHINA,Chinese,Education,Silver,2021-03-17,2021,NEW,True,MDM,2021-03-17 00:00:00,2026-04-17 15:58:36.708168
44604e16-583d-4336-a63a-c5a917f0b2e9,CUST-2021-CN-000399,静,狄,静 狄,Male,1961-12-06,user158.apple427@outlook.com,14782720337,王街r座,平市,博县,502677,CN,China,GREATER_CHINA,Chinese,Consumer,None,2021-04-19,2021,NEW,True,MDM,2021-04-19 00:00:00,2026-04-17 15:58:36.708263
c1d1056e-e6c6-41ce-bc44-90b7151fa6f7,CUST-2021-CN-000400,萍,单,萍 单,Female,1988-04-18,user971.apple@zoho.com,13985029013,赵路G座,璐县,兰州市,532919,CN,China,GREATER_CHINA,Chinese,Consumer,Silver,2021-01-29,2021,NEW,True,MDM,2021-01-29 00:00:00,2026-04-17 15:58:36.708357
1f59b7ed-62aa-41ae-9066-bb8ad0636aa5,CUST-2021-CN-000401,萍,赵,萍 赵,Male,1997-06-10,user170.apple677@yahoo.com,18267935397,潮州路b座,上海市,辛集县,353490,CN,China,GREATER_CHINA,Chinese,Consumer,None,2021-01-19,2021,NEW,True,MDM,2021-01-19 00:00:00,2026-04-17 15:58:36.708432
2015fc27-006f-4db0-98a8-e2aae85a487a,CUST-2021-CN-000402,成,黄,成 黄,Male,1978-07-06,user885.apple472@gmx.com,15035993941,天津路j座,亮县,马鞍山市,467949,CN,China,GREATER_CHINA,Chinese,Consumer,None,2021-02-17,2021,NEW,True,MDM,2021-02-17 00:00:00,2026-04-17 15:58:36.708513
514dda32-5120-4e61-9fb8-b3d2cba2bb7f,CUST-2021-CN-000403,静,李,静 李,Female,1975-06-16,user605.apple@mail.com,15004101402,柳州街e座,海门县,北镇县,617754,CN,China,GREATER_CHINA,Chinese,Consumer,Silver,2021-05-06,2021,NEW,True,MDM,2021-05-06 00:00:00,2026-04-17 15:58:36.708594
d1012bf5-662b-492f-8cc2-5c0ebc6ea4d5,CUST-2021-CN-000404,超,管,超 管,Male,1969-01-08,user347.apple@msn.com,13980145833,大冶路Q座,淑英市,南宁市,615801,CN,China,GREATER_CHINA,Chinese,Consumer,Silver,2021-02-07,2021,NEW,True,MDM,2021-02-07 00:00:00,2026-04-17 15:58:36.708669
141a59a9-d0d0-48d0-b802-0e8d947215ac,CUST-2021-CN-000405,璐,陈,璐 陈,Male,2002-04-25,user319.apple@icloud.com,15998496661,银川路A座,潮州县,兵县,724622,CN,China,GREATER_CHINA,Chinese,Consumer,None,2021-12-26,2021,NEW,True,MDM,2021-12-26 00:00:00,2026-04-17 15:58:36.708745
1d409c3d-caec-4f2e-8a6e-e1fc014c00ce,CUST-2021-CN-000406,强,陈,强 陈,Female,2007-12-08,user352.apple@live.com,13658888463,香港路u座,宁德市,小红县,795826,CN,China,GREATER_CHINA,Chinese,Consumer,Gold,2021-01-16,2021,NEW,True,MDM,2021-01-16 00:00:00,2026-04-17 15:58:36.708824
4437087a-5865-4a08-8082-ae1b5381404c,CUST-2021-CN-000407,兰英,孙,兰英 孙,Male,1973-04-05,user651.apple@live.com,15050070510,六盘水街Q座,北镇县,济南县,767097,CN,China,GREATER_CHINA,Chinese,Education,Silver,2021-11-02,2021,NEW,True,MDM,2021-11-02 00:00:00,2026-04-17 15:58:36.708899
48668c46-898d-4eab-9116-15c6e225a0ff,CUST-2021-CN-000408,红梅,杨,红梅 杨,Female,1998-08-18,user502.apple@mail.com,13109308040,兴安盟路P座,北京县,成县,936115,CN,China,GREATER_CHINA,Chinese,Consumer,None,2021-04-05,2021,NEW,True,MDM,2021-04-05 00:00:00,2026-04-17 15:58:36.708975
4aca0be4-1ecd-4ddc-9b92-f6562b191ef0,CUST-2021-CN-000409,梅,阴,梅 阴,Male,1983-03-15,user901.apple278@yahoo.com,13802630263,香港路I座,畅县,雷县,679129,CN,China,GREATER_CHINA,Chinese,Consumer,None,2021-01-03,2021,NEW,True,MDM,2021-01-03 00:00:00,2026-04-17 15:58:36.709053
20ab17bf-b780-4ae4-b5f4-069af27f0bdb,CUST-2021-CN-000410,云,乔,云 乔,Male,1968-01-24,user373.apple@yahoo.com,13632831734,张街m座,琴市,玉市,310820,CN,China,GREATER_CHINA,Chinese,Consumer,Silver,2021-01-01,2021,NEW,True,MDM,2021-01-01 00:00:00,2026-04-17 15:58:36.709148
41769793-aeb2-4a7b-9dce-7daff26f0770,CUST-2021-CN-000411,平,张,平 张,Male,1951-09-13,user303.apple487@protonmail.com,13130669967,黄街w座,瑜市,深圳县,371295,CN,China,GREATER_CHINA,Chinese,Consumer,None,2021-08-06,2021,NEW,True,MDM,2021-08-06 00:00:00,2026-04-17 15:58:36.709242
3f3eb4d8-af3b-4746-b1bd-7235bca54266,CUST-2021-CN-000412,玉梅,张,玉梅 张,Female,1988-08-13,user353.apple@gmx.com,13785082148,海口街H座,太原县,桂香县,921114,CN,China,GREATER_CHINA,Chinese,Consumer,None,2021-02-22,2021,NEW,True,MDM,2021-02-22 00:00:00,2026-04-17 15:58:36.709322
6f386bbf-164e-416c-8d89-88434a41762b,CUST-2021-CN-000413,建国,樊,建国 樊,Male,2001-11-14,user699.apple@zoho.com,14538041959,赵街H座,秀荣市,南宁县,591450,CN,China,GREATER_CHINA,Chinese,Consumer,Silver,2021-10-31,2021,NEW,True,MDM,2021-10-31 00:00:00,2026-04-17 15:58:36.709416
5e7a6c40-0265-4553-b23f-8f295837016c,CUST-2021-CN-000414,阳,邹,阳 邹,Male,1960-03-11,user151.apple@icloud.com,13112243231,曹路r座,天津县,秀荣县,690161,CN,China,GREATER_CHINA,Chinese,Business,None,2021-06-28,2021,NEW,True,MDM,2021-06-28 00:00:00,2026-04-17 15:58:36.709510
b6bab5b2-6a4b-4f7b-b6b7-4b094302b47c,CUST-2021-CN-000415,桂芳,龚,桂芳 龚,Female,1977-05-13,user811.apple@yahoo.com,13186133988,昆明路W座,红梅市,长春县,412411,CN,China,GREATER_CHINA,Chinese,Consumer,None,2021-07-31,2021,NEW,True,MDM,2021-07-31 00:00:00,2026-04-17 15:58:36.709586
8b63fc15-bd1f-49eb-921a-f288b5d3b62c,CUST-2021-CN-000416,秀珍,张,秀珍 张,Female,1968-11-26,user159.apple@aol.com,13995910142,马鞍山路Q座,哈尔滨县,永安市,651668,CN,China,GREATER_CHINA,Chinese,Business,None,2021-05-21,2021,NEW,True,MDM,2021-05-21 00:00:00,2026-04-17 15:58:36.709663
c808b99b-6085-4fc2-afc8-96702008bc4b,CUST-2021-CN-000417,红,李,红 李,Female,2001-04-12,user271.apple291@yahoo.com,15943467830,台北路q座,邯郸县,海门县,281917,CN,China,GREATER_CHINA,Chinese,Business,None,2021-07-03,2021,NEW,True,MDM,2021-07-03 00:00:00,2026-04-17 15:58:36.709742
3b5e4838-20a2-48ce-b7e6-c7b84a4a9b6f,CUST-2021-CN-000418,洁,魏,洁 魏,Male,1961-01-22,user952.apple@icloud.com,15657039083,许路y座,帅县,旭市,781391,CN,China,GREATER_CHINA,Chinese,Consumer,Silver,2021-03-08,2021,NEW,True,MDM,2021-03-08 00:00:00,2026-04-17 15:58:36.709837
361d416f-1832-461e-acaf-6c05cb587326,CUST-2021-CN-000419,建国,鞠,建国 鞠,Female,1971-05-06,user911.apple290@gmx.com,15975561768,宁德路e座,北镇市,长沙县,518450,CN,China,GREATER_CHINA,Chinese,Consumer,Silver,2021-11-14,2021,NEW,True,MDM,2021-11-14 00:00:00,2026-04-17 15:58:36.709914
5b69a482-eeb0-48b2-bff3-273e16eac1fd,CUST-2021-CN-000420,淑英,张,淑英 张,Female,1952-07-18,user495.apple@gmail.com,15273408340,马路p座,东莞县,宜都县,799181,CN,China,GREATER_CHINA,Chinese,Consumer,Silver,2021-05-20,2021,NEW,True,MDM,2021-05-20 00:00:00,2026-04-17 15:58:36.710008
8cffd2e1-3923-4ff8-a5fc-e58d96fbe582,CUST-2021-CN-000421,丹丹,胡,丹丹 胡,Male,1973-10-30,user146.apple103@icloud.com,13302771739,武汉街P座,凤兰市,丽娟市,587353,CN,China,GREATER_CHINA,Chinese,Consumer,None,2021-04-21,2021,NEW,True,MDM,2021-04-21 00:00:00,2026-04-17 15:58:36.710085
485f73ae-febb-4a58-977b-8b29fd19864c,CUST-2021-CN-000422,勇,沈,勇 沈,Female,1953-07-02,user464.apple402@aol.com,13488958464,郭街J座,永安市,东市,183985,CN,China,GREATER_CHINA,Chinese,Consumer,Silver,2021-02-17,2021,NEW,True,MDM,2021-02-17 00:00:00,2026-04-17 15:58:36.710180
51bf1fb4-ee5f-49d4-9b56-a58a6f562329,CUST-2021-CN-000423,杨,刘,杨 刘,Female,1978-01-06,user195.apple@yahoo.com,15126109792,王路Y座,潮州县,六安市,938055,CN,China,GREATER_CHINA,Chinese,Consumer,Platinum,2021-10-25,2021,NEW,True,MDM,2021-10-25 00:00:00,2026-04-17 15:58:36.710275
d5d5496c-5915-4905-a550-d5071fac9acd,CUST-2021-CN-000424,博,霍,博 霍,Female,1984-04-04,user355.apple635@hotmail.com,13321269649,冯路C座,玉市,澳门市,552741,CN,China,GREATER_CHINA,Chinese,Consumer,None,2021-05-13,2021,NEW,True,MDM,2021-05-13 00:00:00,2026-04-17 15:58:36.710371
db69b851-276e-448a-bc43-f61fcf7dc135,CUST-2021-CN-000425,秀芳,朱,秀芳 朱,Male,1963-08-12,user693.apple@protonmail.com,14535051039,沈阳路p座,银川市,刚市,545286,CN,China,GREATER_CHINA,Chinese,Consumer,None,2021-02-04,2021,NEW,True,MDM,2021-02-04 00:00:00,2026-04-17 15:58:36.710448
2d2738cd-a4e7-4a6e-b71b-65379f8d693d,CUST-2021-CN-000426,娟,何,娟 何,Female,1975-06-24,user197.apple@aol.com,13266317461,西宁街p座,合山市,桂芝市,118155,CN,China,GREATER_CHINA,Chinese,Consumer,None,2021-09-17,2021,NEW,True,MDM,2021-09-17 00:00:00,2026-04-17 15:58:36.710525
263dc870-9f85-4efe-9b08-92bb9db0729a,CUST-2021-CN-000427,建国,李,建国 李,Female,1957-12-12,user865.apple@outlook.com,18804672839,杭州街m座,天津县,重庆县,792031,CN,China,GREATER_CHINA,Chinese,Consumer,Platinum,2021-08-22,2021,NEW,True,MDM,2021-08-22 00:00:00,2026-04-17 15:58:36.710600
605a9030-5266-4338-987a-61f8d263f6d5,CUST-2021-CN-000428,晶,李,晶 李,Female,1976-09-08,user702.apple@msn.com,13049956919,成都路A座,阜新县,淮安县,650286,CN,China,GREATER_CHINA,Chinese,Consumer,None,2021-04-02,2021,NEW,True,MDM,2021-04-02 00:00:00,2026-04-17 15:58:36.710676
18763015-b97f-48f5-9942-996de1c9f787,CUST-2021-CN-000429,丽华,杨,丽华 杨,Male,1981-09-21,user441.apple185@icloud.com,14529639798,敬街q座,宜都市,秀华县,685156,CN,China,GREATER_CHINA,Chinese,Consumer,None,2021-11-11,2021,NEW,True,MDM,2021-11-11 00:00:00,2026-04-17 15:58:36.710770
af69a0a4-957a-44c7-bf4e-65ed6fc958d3,CUST-2021-CN-000430,洁,罗,洁 罗,Female,1976-10-10,user820.apple306@yahoo.com,15835620689,广州路V座,北镇县,建市,619668,CN,China,GREATER_CHINA,Chinese,Education,None,2021-01-07,2021,NEW,True,MDM,2021-01-07 00:00:00,2026-04-17 15:58:36.710846
e295514d-3c0c-4a3c-a844-02162ea8f9d5,CUST-2021-CN-000431,秀英,朱,秀英 朱,Male,1980-01-26,user468.apple@gmail.com,13389778051,宋街R座,璐市,荣市,555591,CN,China,GREATER_CHINA,Chinese,Business,Silver,2021-05-20,2021,NEW,True,MDM,2021-05-20 00:00:00,2026-04-17 15:58:36.710941
6c3704d1-dabe-4ef8-81d4-f74804145cbf,CUST-2021-CN-000432,红,高,红 高,Female,1973-06-29,user760.apple296@msn.com,18967528822,荆门路X座,汕尾县,杨市,513751,CN,China,GREATER_CHINA,Chinese,Business,Silver,2021-10-10,2021,NEW,True,MDM,2021-10-10 00:00:00,2026-04-17 15:58:36.711018
277c0a20-2e3b-476b-94b9-ce073e21cc32,CUST-2021-CN-000433,淑珍,黄,淑珍 黄,Male,2007-03-13,user570.apple@live.com,18579028835,宜都街l座,金凤市,洁市,392840,CN,China,GREATER_CHINA,Chinese,Consumer,None,2021-10-21,2021,NEW,True,MDM,2021-10-21 00:00:00,2026-04-17 15:58:36.711094
eeff4e08-6324-4072-9f8e-af936888364d,CUST-2021-CN-000434,强,吴,强 吴,Female,2004-08-18,user915.apple@yahoo.com,15713259953,东莞路B座,东莞县,梧州市,240983,CN,China,GREATER_CHINA,Chinese,Business,None,2021-01-12,2021,NEW,True,MDM,2021-01-12 00:00:00,2026-04-17 15:58:36.711171
03b822bb-2b00-4862-875d-deefc45a21fd,CUST-2021-CN-000435,秀芳,许,秀芳 许,Male,1950-12-23,user819.apple66@aol.com,15748004952,史路c座,峰县,坤县,497474,CN,China,GREATER_CHINA,Chinese,Consumer,None,2021-03-16,2021,NEW,True,MDM,2021-03-16 00:00:00,2026-04-17 15:58:36.711267
5ed82cdc-fb94-4d9b-899c-a41d52d4729b,CUST-2021-CN-000436,勇,陈,勇 陈,Female,1983-02-16,user589.apple@gmx.com,18570750708,南宁路l座,佛山市,哈尔滨市,940262,CN,China,GREATER_CHINA,Chinese,Education,Silver,2021-06-01,2021,NEW,True,MDM,2021-06-01 00:00:00,2026-04-17 15:58:36.711342
fd05a1aa-50db-4e84-9307-b1f87b7edb23,CUST-2021-CN-000437,欣,崔,欣 崔,Female,1992-12-29,user223.apple@live.com,13072594910,侯街Y座,马鞍山县,台北市,465749,CN,China,GREATER_CHINA,Chinese,Consumer,None,2021-10-02,2021,NEW,True,MDM,2021-10-02 00:00:00,2026-04-17 15:58:36.711436
40bed85c-973d-45eb-9537-cc40649629e9,CUST-2021-CN-000438,小红,苏,小红 苏,Male,1984-04-06,user252.apple@mail.com,13365216429,台北街x座,俊市,磊县,651716,CN,China,GREATER_CHINA,Chinese,Consumer,None,2021-07-28,2021,NEW,True,MDM,2021-07-28 00:00:00,2026-04-17 15:58:36.711513
77326bf0-2fbf-4390-969b-b0e757bbc128,CUST-2021-CN-000439,雷,翟,雷 翟,Male,2003-02-10,user758.apple@yahoo.com,18733728248,乌鲁木齐街e座,香港市,佳市,203520,CN,China,GREATER_CHINA,Chinese,Education,Platinum,2021-11-25,2021,NEW,True,MDM,2021-11-25 00:00:00,2026-04-17 15:58:36.711592
1f8a747c-ada4-41ba-8ee4-18f0763e412a,CUST-2021-CN-000440,淑珍,林,淑珍 林,Female,2007-11-21,user779.apple@mail.com,13990396279,天津街X座,浩市,佳县,479424,CN,China,GREATER_CHINA,Chinese,Education,None,2021-06-24,2021,NEW,False,MDM,2021-06-24 00:00:00,2026-04-17 15:58:36.711669
82e67152-49f5-469d-9ff4-95eb55fa5284,CUST-2021-CN-000441,敏,刘,敏 刘,Male,1959-08-19,user590.apple@aol.com,18715348510,孟路n座,兴城市,马鞍山县,251860,CN,China,GREATER_CHINA,Chinese,Consumer,Silver,2021-12-28,2021,NEW,True,MDM,2021-12-28 00:00:00,2026-04-17 15:58:36.711763
14441067-fd24-47c1-a098-162eee8fc211,CUST-2021-CN-000442,建,符,建 符,Female,1957-11-23,user488.apple@zoho.com,18949038937,皮街y座,永安市,淑珍县,391856,CN,China,GREATER_CHINA,Chinese,Business,None,2021-08-20,2021,NEW,False,MDM,2021-08-20 00:00:00,2026-04-17 15:58:36.711858
6f5bd91c-d9e9-4917-a3dc-033bd1d0bb07,CUST-2021-CN-000443,冬梅,夏,冬梅 夏,Male,1969-10-14,user849.apple@gmx.com,15669265095,王路J座,淑珍市,通辽市,476115,CN,China,GREATER_CHINA,Chinese,Consumer,None,2021-02-17,2021,NEW,True,MDM,2021-02-17 00:00:00,2026-04-17 15:58:36.711951
dc5cf88f-d633-4e28-adc6-33d7c723bed3,CUST-2021-CN-000444,成,张,成 张,Male,1968-08-17,user117.apple@zoho.com,15734587251,福州街C座,淮安市,天津县,747214,CN,China,GREATER_CHINA,Chinese,Education,Silver,2021-09-26,2021,NEW,False,MDM,2021-09-26 00:00:00,2026-04-17 15:58:36.712028
cf75ad1e-9a8b-4d6f-9efc-6dd2a77ad835,CUST-2021-CN-000445,秀云,涂,秀云 涂,Female,1991-10-15,user237.apple@live.com,15999609859,福州路a座,健市,永安市,323066,CN,China,GREATER_CHINA,Chinese,Consumer,Silver,2021-08-17,2021,NEW,True,MDM,2021-08-17 00:00:00,2026-04-17 15:58:36.712104
0e5d05cc-69f8-4ca3-aff0-037737f57b1d,CUST-2021-CN-000446,洁,赵,洁 赵,Female,1978-10-12,user770.apple@hotmail.com,13042502495,桂街b座,通辽市,关岭市,994376,CN,China,GREATER_CHINA,Chinese,Consumer,None,2021-04-20,2021,NEW,True,MDM,2021-04-20 00:00:00,2026-04-17 15:58:36.712197
acacacda-3c82-412b-bf0c-6a61a7340e47,CUST-2021-CN-000447,秀兰,张,秀兰 张,Female,1955-04-24,user837.apple@outlook.com,18996420940,大冶街N座,杭州市,辽阳县,314953,CN,China,GREATER_CHINA,Chinese,Education,Silver,2021-04-16,2021,NEW,True,MDM,2021-04-16 00:00:00,2026-04-17 15:58:36.712272
75a97a5d-62eb-406b-8ba3-4ba7ad80bc32,CUST-2021-CN-000448,玉英,王,玉英 王,Female,1996-04-19,user394.apple@mail.com,18874038587,吕路U座,凯县,英县,277332,CN,China,GREATER_CHINA,Chinese,Consumer,None,2021-08-12,2021,NEW,True,MDM,2021-08-12 00:00:00,2026-04-17 15:58:36.712367
a2ae4968-c930-45fd-af07-fe0da0ded08d,CUST-2021-CN-000449,玲,朱,玲 朱,Female,1974-02-01,user346.apple@outlook.com,18547258079,邓街N座,澳门县,秀珍县,411409,CN,China,GREATER_CHINA,Chinese,Consumer,Silver,2021-01-09,2021,NEW,False,MDM,2021-01-09 00:00:00,2026-04-17 15:58:36.712461
2ad55bcb-12b6-483a-8480-c043f9ab1f92,CUST-2021-CN-000450,燕,彭,燕 彭,Male,1997-05-06,user762.apple614@live.com,13472567260,呼和浩特街U座,萍县,旭县,264026,CN,China,GREATER_CHINA,Chinese,Consumer,Gold,2021-05-10,2021,NEW,True,MDM,2021-05-10 00:00:00,2026-04-17 15:58:36.712538
85b78da7-4fdf-4485-9354-0371ae689582,CUST-2021-CN-000451,玉英,温,玉英 温,Male,1990-06-15,user441.apple@icloud.com,15667791819,淮安街v座,北镇市,洋县,701206,CN,China,GREATER_CHINA,Chinese,Consumer,Silver,2021-10-07,2021,NEW,True,MDM,2021-10-07 00:00:00,2026-04-17 15:58:36.712614
ca24ec49-7125-4d1f-9403-d4b45f5c7074,CUST-2021-CN-000452,龙,梁,龙 梁,Female,1994-07-25,user269.apple@protonmail.com,14507608055,六安路D座,巢湖市,太原市,178101,CN,China,GREATER_CHINA,Chinese,Consumer,Silver,2021-06-19,2021,NEW,True,MDM,2021-06-19 00:00:00,2026-04-17 15:58:36.712689
fc6fd56a-a998-4a9e-afd6-2afec3fcdc0c,CUST-2021-CN-000453,彬,石,彬 石,Male,1987-06-13,user404.apple@aol.com,15592149120,刘路w座,伟县,龙市,741670,CN,China,GREATER_CHINA,Chinese,Business,None,2021-11-22,2021,NEW,False,MDM,2021-11-22 00:00:00,2026-04-17 15:58:36.712784
9e5e9e81-b4a6-4186-a70a-4e61866a0e82,CUST-2021-CN-000454,芳,龙,芳 龙,Female,1964-09-25,user625.apple@zoho.com,18060494646,永安路U座,兵县,拉萨县,742328,CN,China,GREATER_CHINA,Chinese,Consumer,Gold,2021-11-17,2021,NEW,True,MDM,2021-11-17 00:00:00,2026-04-17 15:58:36.712863
764c3e88-ff59-4792-8006-fb6398703f29,CUST-2021-CN-000455,秀英,卢,秀英 卢,Female,1958-12-09,user742.apple@icloud.com,13952164188,南京街t座,雷市,春梅县,204339,CN,China,GREATER_CHINA,Chinese,Consumer,Gold,2021-05-06,2021,NEW,True,MDM,2021-05-06 00:00:00,2026-04-17 15:58:36.712941
99a4ed3f-e69a-424a-97f2-507a01d47659,CUST-2021-CN-000456,岩,杨,岩 杨,Female,1987-04-15,user345.apple@yahoo.com,18508195702,南京街c座,娜市,秀华县,654562,CN,China,GREATER_CHINA,Chinese,Consumer,Gold,2021-08-12,2021,NEW,True,MDM,2021-08-12 00:00:00,2026-04-17 15:58:36.713017
8c63d7ae-5911-418b-b723-0f0fe2c75dc0,CUST-2021-CN-000457,秀珍,王,秀珍 王,Female,1965-11-15,user468.apple840@live.com,15995396393,胡路w座,昆明市,兵市,453430,CN,China,GREATER_CHINA,Chinese,Consumer,None,2021-01-28,2021,NEW,True,MDM,2021-01-28 00:00:00,2026-04-17 15:58:36.713112
d7ac645a-3f17-4b2f-9018-a4399783bd32,CUST-2021-CN-000458,桂花,陈,桂花 陈,Male,1980-03-20,user107.apple@mail.com,15399669542,颜路e座,波县,香港市,227747,CN,China,GREATER_CHINA,Chinese,Education,None,2021-04-01,2021,NEW,True,MDM,2021-04-01 00:00:00,2026-04-17 15:58:36.713205
eab1aa8e-be90-4d08-a83d-259b562b97a1,CUST-2021-CN-000459,雪,张,雪 张,Male,1958-07-22,user812.apple275@aol.com,13623601261,张家港街y座,霞市,宜都市,864573,CN,China,GREATER_CHINA,Chinese,Consumer,Silver,2021-03-06,2021,NEW,True,MDM,2021-03-06 00:00:00,2026-04-17 15:58:36.713281
e2939668-e145-4e39-bb56-630ae6b4bdc9,CUST-2021-CN-000460,宇,陈,宇 陈,Male,1961-02-03,user174.apple@mail.com,14781953084,郑州街R座,丽华县,柳州县,263272,CN,China,GREATER_CHINA,Chinese,Consumer,None,2021-05-05,2021,NEW,True,MDM,2021-05-05 00:00:00,2026-04-17 15:58:36.713357
d73656f2-fd94-483d-9619-c31e3b81c397,CUST-2021-CN-000461,燕,张,燕 张,Male,2007-11-11,user467.apple252@live.com,14738721858,项街o座,兴安盟市,海门县,832419,CN,China,GREATER_CHINA,Chinese,Business,Silver,2021-12-23,2021,NEW,True,MDM,2021-12-23 00:00:00,2026-04-17 15:58:36.713461
607dd325-d951-48fa-b182-26df5784dfe1,CUST-2021-CN-000462,晨,牛,晨 牛,Male,1974-02-03,user874.apple@aol.com,15900367970,唐街k座,长沙市,淮安市,743618,CN,China,GREATER_CHINA,Chinese,Education,None,2021-11-09,2021,NEW,True,MDM,2021-11-09 00:00:00,2026-04-17 15:58:36.713557
aef3b9d1-e2ad-49d4-8cff-f57553ffde0b,CUST-2021-CN-000463,梅,孙,梅 孙,Female,1977-01-22,user801.apple@outlook.com,14581033608,辛集路G座,阜新县,银川市,196753,CN,China,GREATER_CHINA,Chinese,Consumer,Silver,2021-06-02,2021,NEW,True,MDM,2021-06-02 00:00:00,2026-04-17 15:58:36.713633
b6c66d02-dfea-4dfd-9632-4ec583f57832,CUST-2021-CN-000464,秀荣,夏,秀荣 夏,Male,1961-01-09,user502.apple@aol.com,18955383248,邯郸街O座,辽阳市,成县,245000,CN,China,GREATER_CHINA,Chinese,Education,Platinum,2021-12-11,2021,NEW,False,MDM,2021-12-11 00:00:00,2026-04-17 15:58:36.713709
9b7b0cb7-c7e3-4ca5-9887-d51a663020d3,CUST-2021-CN-000465,晨,叶,晨 叶,Female,2002-09-19,user115.apple@yahoo.com,18248287096,惠州街Q座,永安县,太原市,454340,CN,China,GREATER_CHINA,Chinese,Consumer,Silver,2021-06-02,2021,NEW,True,MDM,2021-06-02 00:00:00,2026-04-17 15:58:36.713789
1994ac72-7298-47f6-b3c2-3f014422722a,CUST-2021-CN-000466,平,曹,平 曹,Male,1981-11-24,user671.apple948@hotmail.com,13063216850,元路T座,洁县,伟县,196030,CN,China,GREATER_CHINA,Chinese,Education,Silver,2021-06-28,2021,NEW,True,MDM,2021-06-28 00:00:00,2026-04-17 15:58:36.713884
6f2bf3a0-d958-43af-97df-9f4481b4470b,CUST-2021-CN-000467,想,李,想 李,Female,2006-01-29,user570.apple@icloud.com,18091884384,宜都路W座,红市,亮市,542970,CN,China,GREATER_CHINA,Chinese,Business,Gold,2021-10-12,2021,NEW,False,MDM,2021-10-12 00:00:00,2026-04-17 15:58:36.713961
deb0a23d-e575-4823-82b5-ed85d90712a2,CUST-2021-CN-000468,桂香,马,桂香 马,Male,1970-06-04,user526.apple@mail.com,13395707761,宁德路L座,敏市,大冶县,671793,CN,China,GREATER_CHINA,Chinese,Consumer,None,2021-04-07,2021,NEW,True,MDM,2021-04-07 00:00:00,2026-04-17 15:58:36.714037
ee0afbcc-42f4-47ee-a6bb-06a802edc785,CUST-2021-CN-000469,玲,韦,玲 韦,Female,1989-06-09,user465.apple641@outlook.com,18513342065,蒋路U座,超县,通辽市,428293,CN,China,GREATER_CHINA,Chinese,Consumer,None,2021-06-09,2021,NEW,True,MDM,2021-06-09 00:00:00,2026-04-17 15:58:36.714132
556bffb3-00fd-415d-a069-4e6c97a5c547,CUST-2021-CN-000470,凯,黄,凯 黄,Female,1964-06-11,user228.apple@yahoo.com,13906152141,任路u座,马鞍山县,丹县,892780,CN,China,GREATER_CHINA,Chinese,Consumer,Platinum,2021-08-08,2021,NEW,True,MDM,2021-08-08 00:00:00,2026-04-17 15:58:36.714226
7d4d4db0-ca6c-43fc-8d23-0d36a6705d78,CUST-2021-CN-000471,璐,李,璐 李,Male,2002-09-04,user191.apple122@hotmail.com,15685952616,阜新路z座,桂英县,秀荣县,806775,CN,China,GREATER_CHINA,Chinese,Consumer,None,2021-05-30,2021,NEW,True,MDM,2021-05-30 00:00:00,2026-04-17 15:58:36.714303
6e9d1279-a91b-4c9d-b72b-5aa6fab9273c,CUST-2021-CN-000472,英,张,英 张,Male,1975-03-15,user782.apple@yahoo.com,14741736292,成都路p座,海口县,霞县,909616,CN,China,GREATER_CHINA,Chinese,Consumer,None,2021-10-08,2021,NEW,True,MDM,2021-10-08 00:00:00,2026-04-17 15:58:36.714379
e8dccc2e-afce-4751-9658-4d83d9c9991e,CUST-2021-CN-000473,华,曾,华 曾,Female,1969-09-13,user877.apple@gmail.com,18186733977,淮安路L座,淑兰县,阜新市,973433,CN,China,GREATER_CHINA,Chinese,Consumer,Silver,2021-12-24,2021,NEW,True,MDM,2021-12-24 00:00:00,2026-04-17 15:58:36.714456
6b82c7b2-e413-401c-a8c2-f7ba99904bb2,CUST-2021-CN-000474,柳,刘,柳 刘,Male,1951-12-01,user515.apple@aol.com,15268112201,刘路W座,拉萨市,银川县,328530,CN,China,GREATER_CHINA,Chinese,Business,None,2021-01-24,2021,NEW,True,MDM,2021-01-24 00:00:00,2026-04-17 15:58:36.714549
3259d608-392b-4ac4-85a8-b348f9df2738,CUST-2021-CN-000475,军,郭,军 郭,Male,1978-01-14,user999.apple@msn.com,18155760645,巢湖街w座,六盘水市,秀荣县,378541,CN,China,GREATER_CHINA,Chinese,Consumer,None,2021-12-11,2021,NEW,True,MDM,2021-12-11 00:00:00,2026-04-17 15:58:36.714625
3c10bffe-76b7-4bde-a9ff-ce72f7fb2f2c,CUST-2021-CN-000476,丹,涂,丹 涂,Female,1984-03-15,user603.apple@gmail.com,18837978458,王街E座,通辽市,哈尔滨市,400554,CN,China,GREATER_CHINA,Chinese,Consumer,Gold,2021-06-22,2021,NEW,True,MDM,2021-06-22 00:00:00,2026-04-17 15:58:36.714718
bc3e1095-8fc9-4dc4-b24f-81cd9fad9e77,CUST-2021-CN-000477,金凤,姜,金凤 姜,Female,1967-09-22,user432.apple@outlook.com,18840857866,杨街L座,兵县,秀珍县,328205,CN,China,GREATER_CHINA,Chinese,Education,None,2021-09-19,2021,NEW,True,MDM,2021-09-19 00:00:00,2026-04-17 15:58:36.714812
ea1222a5-7cae-4d97-ae00-32999da352de,CUST-2021-CN-000478,雪梅,张,雪梅 张,Male,1961-02-13,user322.apple@aol.com,13766090363,上海街o座,红市,深圳市,711022,CN,China,GREATER_CHINA,Chinese,Consumer,None,2021-06-20,2021,NEW,True,MDM,2021-06-20 00:00:00,2026-04-17 15:58:36.714888
07d1d931-4350-49d5-9dcf-640b8cbb0e70,CUST-2021-CN-000479,浩,赵,浩 赵,Male,1970-04-07,user189.apple@yahoo.com,13626736686,胡街a座,彬县,飞市,229313,CN,China,GREATER_CHINA,Chinese,Education,None,2021-02-26,2021,NEW,True,MDM,2021-02-26 00:00:00,2026-04-17 15:58:36.714985
1f8558aa-6661-4257-ad2b-2ebaddfd888f,CUST-2021-CN-000480,颖,聂,颖 聂,Female,1964-08-12,user143.apple@mail.com,15763564735,汕尾路R座,建市,淮安县,583242,CN,China,GREATER_CHINA,Chinese,Consumer,Gold,2021-12-22,2021,NEW,True,MDM,2021-12-22 00:00:00,2026-04-17 15:58:36.715061
a8e18826-e88a-4ee6-9ef9-4488733b549b,CUST-2021-CN-000481,萍,陈,萍 陈,Female,1983-12-19,user773.apple507@gmail.com,18523135103,惠州路D座,嘉禾市,阜新市,325788,CN,China,GREATER_CHINA,Chinese,Consumer,None,2021-11-12,2021,NEW,True,MDM,2021-11-12 00:00:00,2026-04-17 15:58:36.715138
76afa889-ccc9-4e1e-9b57-2724f87865a6,CUST-2021-CN-000482,柳,陈,柳 陈,Female,1979-10-21,user879.apple@icloud.com,15608500121,辛集街U座,淮安市,巢湖市,771850,CN,China,GREATER_CHINA,Chinese,Consumer,None,2021-11-16,2021,NEW,True,MDM,2021-11-16 00:00:00,2026-04-17 15:58:36.715216
ee6643a9-e12a-4b3b-8597-e8a4c661eb00,CUST-2021-CN-000483,丽华,刘,丽华 刘,Female,1959-09-19,user178.apple934@gmail.com,13201748639,梁路A座,阳市,辛集县,656267,CN,China,GREATER_CHINA,Chinese,Consumer,Gold,2021-01-04,2021,NEW,True,MDM,2021-01-04 00:00:00,2026-04-17 15:58:36.715313
3733bc7d-61bc-484a-bfcd-7f3f7a2886da,CUST-2021-CN-000484,成,刘,成 刘,Female,1994-07-02,user941.apple@outlook.com,15911843272,王街H座,张家港县,娜县,322203,CN,China,GREATER_CHINA,Chinese,Consumer,Silver,2021-06-15,2021,NEW,True,MDM,2021-06-15 00:00:00,2026-04-17 15:58:36.715412
36c4cf03-7d58-4098-949c-e6296a5e9571,CUST-2021-CN-000485,成,朱,成 朱,Female,1958-10-20,user120.apple163@gmail.com,14503351896,合山街k座,沈阳县,玲县,681325,CN,China,GREATER_CHINA,Chinese,Business,Platinum,2021-03-15,2021,NEW,True,MDM,2021-03-15 00:00:00,2026-04-17 15:58:36.715489
920eb922-ea96-408a-bb37-c63e86582a3f,CUST-2021-CN-000486,慧,谢,慧 谢,Male,1956-03-14,user214.apple@aol.com,13192299683,沈阳街X座,丽丽市,辛集市,850852,CN,China,GREATER_CHINA,Chinese,Consumer,Silver,2021-07-31,2021,NEW,True,MDM,2021-07-31 00:00:00,2026-04-17 15:58:36.715566
0dccba21-3ed4-4b32-9025-9fe09200532c,CUST-2021-CN-000487,玉华,崔,玉华 崔,Female,1951-11-18,user668.apple@gmx.com,13548964366,六安路H座,兴城市,萍县,434453,CN,China,GREATER_CHINA,Chinese,Consumer,None,2021-11-13,2021,NEW,True,MDM,2021-11-13 00:00:00,2026-04-17 15:58:36.715643
6dce2596-76ed-4d21-bc81-5c732f9ccb1d,CUST-2021-CN-000488,荣,葛,荣 葛,Female,1993-06-16,user295.apple@gmx.com,15616684807,贺路A座,成都县,深圳市,923323,CN,China,GREATER_CHINA,Chinese,Consumer,None,2021-08-22,2021,NEW,True,MDM,2021-08-22 00:00:00,2026-04-17 15:58:36.715736
43073a50-6b9a-47dd-9f9b-d9361721b0fa,CUST-2021-CN-000489,娟,庞,娟 庞,Female,1998-03-09,user475.apple@yahoo.com,15856870954,蔡街j座,淑英县,长春市,784571,CN,China,GREATER_CHINA,Chinese,Consumer,None,2021-01-04,2021,NEW,True,MDM,2021-01-04 00:00:00,2026-04-17 15:58:36.715830
538f9a76-964d-4a3b-b250-006d13300170,CUST-2021-CN-000490,淑华,范,淑华 范,Female,1960-06-27,user757.apple@icloud.com,13162736113,澳门街e座,雪梅市,柳县,453659,CN,China,GREATER_CHINA,Chinese,Education,None,2021-02-02,2021,NEW,True,MDM,2021-02-02 00:00:00,2026-04-17 15:58:36.715908
890c2334-4c5e-4b1b-b437-af22910cecee,CUST-2021-CN-000491,秀梅,彭,秀梅 彭,Female,1978-07-11,user307.apple@mail.com,18943216578,柳州街s座,哈尔滨市,长沙县,898430,CN,China,GREATER_CHINA,Chinese,Consumer,None,2021-11-11,2021,NEW,True,MDM,2021-11-11 00:00:00,2026-04-17 15:58:36.715990
8ac12e3f-3747-49db-8a89-ce6f3025e989,CUST-2021-CN-000492,淑华,李,淑华 李,Male,1992-01-02,user931.apple@mail.com,13386262001,武汉街l座,娜市,澳门县,363340,CN,China,GREATER_CHINA,Chinese,Consumer,Platinum,2021-02-18,2021,NEW,True,MDM,2021-02-18 00:00:00,2026-04-17 15:58:36.716066
4c3b0ac2-131c-48be-bbbd-35fe85bf9217,CUST-2021-CN-000493,想,尹,想 尹,Female,1979-02-18,user337.apple@mail.com,18598099978,黄街n座,辛集县,关岭市,557169,CN,China,GREATER_CHINA,Chinese,Consumer,Silver,2021-05-15,2021,NEW,False,MDM,2021-05-15 00:00:00,2026-04-17 15:58:36.716160
f17732f0-eeae-4704-9133-a75ab3085593,CUST-2021-CN-000494,桂香,谢,桂香 谢,Female,1985-11-27,user728.apple@msn.com,13427254352,香港路P座,兵市,刚市,616645,CN,China,GREATER_CHINA,Chinese,Consumer,None,2021-04-19,2021,NEW,True,MDM,2021-04-19 00:00:00,2026-04-17 15:58:36.716239
3865bf86-049a-4cda-bcc6-cbd67cb16ff3,CUST-2021-CN-000495,龙,陆,龙 陆,Female,2007-03-22,user307.apple@aol.com,13941120856,济南路G座,利市,淑华市,937826,CN,China,GREATER_CHINA,Chinese,Education,Silver,2021-09-28,2021,NEW,True,MDM,2021-09-28 00:00:00,2026-04-17 15:58:36.716348
f4ae432f-431b-4421-9083-17feaa293fe4,CUST-2021-CN-000496,建,李,建 李,Female,1998-12-09,user663.apple@msn.com,18169062783,孙路W座,军县,香港市,379066,CN,China,GREATER_CHINA,Chinese,Consumer,Silver,2021-07-02,2021,NEW,True,MDM,2021-07-02 00:00:00,2026-04-17 15:58:36.716509
b13d369a-985f-447a-a4dc-9e5d92f6fd92,CUST-2021-CN-000497,淑华,杨,淑华 杨,Female,1965-07-29,user838.apple@gmx.com,18772093119,丁路y座,北京县,淑华县,549323,CN,China,GREATER_CHINA,Chinese,Business,None,2021-04-10,2021,NEW,True,MDM,2021-04-10 00:00:00,2026-04-17 15:58:36.716612
135bd240-feea-428d-a777-0968ca14723f,CUST-2021-CN-000498,建军,王,建军 王,Male,2005-07-13,user295.apple319@aol.com,14748610450,呼和浩特路e座,惠州市,宁德市,633361,CN,China,GREATER_CHINA,Chinese,Consumer,Silver,2021-12-15,2021,NEW,True,MDM,2021-12-15 00:00:00,2026-04-17 15:58:36.716699
383d43ac-9ae6-4a21-a4e8-cfe10697189a,CUST-2021-CN-000499,利,杨,利 杨,Male,1980-07-03,user846.apple@protonmail.com,15716726782,余路F座,桂香市,莹市,700890,CN,China,GREATER_CHINA,Chinese,Business,Platinum,2021-04-21,2021,NEW,True,MDM,2021-04-21 00:00:00,2026-04-17 15:58:36.716805
6ac3fa0c-facb-4cde-8a9f-c137b77e637b,CUST-2021-CN-000500,飞,詹,飞 詹,Female,1973-10-15,user463.apple389@yahoo.com,13246221842,阜新路u座,杭州县,福州市,146577,CN,China,GREATER_CHINA,Chinese,Consumer,None,2021-01-12,2021,NEW,True,MDM,2021-01-12 00:00:00,2026-04-17 15:58:36.716889
4a38569b-178a-4ae6-82d5-4fd9ffaafde1,CUST-2021-CN-000501,凯,张,凯 张,Female,1950-11-10,user732.apple@outlook.com,15975427509,贵阳街Z座,淮安县,天津市,863308,CN,China,GREATER_CHINA,Chinese,Consumer,None,2021-09-30,2021,NEW,True,MDM,2021-09-30 00:00:00,2026-04-17 15:58:36.716972
2fcf105d-a96d-4b2d-b187-09abf0fe65c3,CUST-2021-CN-000502,宇,樊,宇 樊,Female,1983-12-04,user361.apple@hotmail.com,18744612175,陈路j座,西宁县,霞市,237707,CN,China,GREATER_CHINA,Chinese,Education,Silver,2021-08-08,2021,NEW,True,MDM,2021-08-08 00:00:00,2026-04-17 15:58:36.717073
e0f200fe-4f8d-4be8-a97a-eaa73bce7613,CUST-2021-CN-000503,海燕,杜,海燕 杜,Male,1993-01-01,user976.apple@icloud.com,13554942244,蒋路f座,六安市,银川县,930324,CN,China,GREATER_CHINA,Chinese,Consumer,None,2021-02-28,2021,NEW,True,MDM,2021-02-28 00:00:00,2026-04-17 15:58:36.717178
636774e8-7f91-4d45-87f2-0d4c77914c65,CUST-2021-CN-000504,萍,王,萍 王,Male,1975-12-03,user455.apple@msn.com,15553843897,侯街K座,东莞市,利县,631361,CN,China,GREATER_CHINA,Chinese,Consumer,Silver,2021-03-07,2021,NEW,True,MDM,2021-03-07 00:00:00,2026-04-17 15:58:36.717281
e65f0880-b726-416b-8258-00cca2885732,CUST-2021-CN-000505,桂芳,钱,桂芳 钱,Female,1951-03-08,user197.apple@gmail.com,13950760736,呼街G座,大冶县,嘉禾市,769047,CN,China,GREATER_CHINA,Chinese,Consumer,None,2021-07-03,2021,NEW,True,MDM,2021-07-03 00:00:00,2026-04-17 15:58:36.717378
aeea7150-1e20-41ae-9a75-bdedb5a07150,CUST-2021-CN-000506,琳,张,琳 张,Male,1978-01-04,user241.apple486@live.com,13004653950,深圳路I座,林县,永安县,119530,CN,China,GREATER_CHINA,Chinese,Consumer,Platinum,2021-02-12,2021,NEW,True,MDM,2021-02-12 00:00:00,2026-04-17 15:58:36.717456
a3453a97-d7dd-44e3-b32b-9f09aa3d5522,CUST-2021-CN-000507,欢,王,欢 王,Female,1984-05-12,user333.apple@aol.com,15795536287,西宁街m座,嘉禾县,汕尾市,436309,CN,China,GREATER_CHINA,Chinese,Consumer,None,2021-10-25,2021,NEW,True,MDM,2021-10-25 00:00:00,2026-04-17 15:58:36.717539
b23a8afc-88f0-414c-be58-53a9acd52a22,CUST-2021-CN-000508,晨,罗,晨 罗,Female,1958-11-07,user701.apple@aol.com,18542460109,马路r座,重庆县,辽阳县,675843,CN,China,GREATER_CHINA,Chinese,Business,Silver,2021-07-29,2021,NEW,True,MDM,2021-07-29 00:00:00,2026-04-17 15:58:36.717634
70746463-28a8-475d-89bf-78e79d51e152,CUST-2021-CN-000509,建华,唐,建华 唐,Female,1977-07-21,user135.apple@yahoo.com,15626843131,赵街U座,上海县,嘉禾县,553933,CN,China,GREATER_CHINA,Chinese,Consumer,None,2021-08-14,2021,NEW,True,MDM,2021-08-14 00:00:00,2026-04-17 15:58:36.717729
da00033c-8b13-4d17-87bb-59e258ebdc4f,CUST-2021-CN-000510,萍,吴,萍 吴,Male,1998-01-22,user971.apple@live.com,15390270771,任路d座,阜新市,贵阳市,751600,CN,China,GREATER_CHINA,Chinese,Consumer,None,2021-01-30,2021,NEW,True,MDM,2021-01-30 00:00:00,2026-04-17 15:58:36.717823
46c92576-ccb1-4963-bc33-d036fca24c7f,CUST-2021-CN-000511,健,李,健 李,Male,1958-11-20,user920.apple583@outlook.com,15578415447,张街G座,宇市,长春市,371635,CN,China,GREATER_CHINA,Chinese,Consumer,Platinum,2021-10-24,2021,NEW,True,MDM,2021-10-24 00:00:00,2026-04-17 15:58:36.717923
01a5d30c-c48c-47d7-a25d-870f5fc94950,CUST-2021-CN-000512,玉兰,徐,玉兰 徐,Female,1956-04-20,user683.apple@gmx.com,13511538711,罗路t座,军市,雪市,106795,CN,China,GREATER_CHINA,Chinese,Consumer,Gold,2021-03-06,2021,NEW,True,MDM,2021-03-06 00:00:00,2026-04-17 15:58:36.718023
6c1a0491-f2a0-4089-a580-26cee11fa056,CUST-2021-CN-000513,鑫,周,鑫 周,Female,1961-03-29,user384.apple732@icloud.com,15039362311,北京街k座,嘉禾市,辛集市,315079,CN,China,GREATER_CHINA,Chinese,Education,None,2021-10-10,2021,NEW,True,MDM,2021-10-10 00:00:00,2026-04-17 15:58:36.718105
c3cff608-c5cb-4ad5-a898-ecebda6f9cdd,CUST-2021-CN-000514,刚,李,刚 李,Male,1967-04-09,user232.apple@protonmail.com,13638293172,许路p座,梧州县,沈阳市,641100,CN,China,GREATER_CHINA,Chinese,Consumer,Gold,2021-04-28,2021,NEW,True,MDM,2021-04-28 00:00:00,2026-04-17 15:58:36.718203
e53b7af4-5719-40f3-95a8-cbd328c0a58e,CUST-2021-CN-000515,兵,唐,兵 唐,Male,1986-11-27,user595.apple335@aol.com,13700229821,胡路M座,西宁县,西宁县,676404,CN,China,GREATER_CHINA,Chinese,Consumer,None,2021-03-25,2021,NEW,True,MDM,2021-03-25 00:00:00,2026-04-17 15:58:36.718300
b3c392ce-3fd8-4e0c-ba7f-6a2528e346b2,CUST-2021-CN-000516,波,陈,波 陈,Male,1968-05-04,user553.apple396@gmx.com,13098056292,孙路t座,张家港市,辛集县,102282,CN,China,GREATER_CHINA,Chinese,Education,Gold,2021-03-24,2021,NEW,True,MDM,2021-03-24 00:00:00,2026-04-17 15:58:36.718399
0fdfc8ca-be85-4e76-a1f6-75c0642a8a72,CUST-2021-CN-000517,淑英,邓,淑英 邓,Male,1973-04-15,user915.apple79@hotmail.com,13309865665,黄街N座,海燕市,成县,340539,CN,China,GREATER_CHINA,Chinese,Consumer,None,2021-02-18,2021,NEW,False,MDM,2021-02-18 00:00:00,2026-04-17 15:58:36.718494
338a2769-4a5e-498a-9358-5093dd3ce0ad,CUST-2021-CN-000518,慧,王,慧 王,Female,2005-04-25,user238.apple@hotmail.com,13756753970,昆明街c座,西宁市,柳县,651389,CN,China,GREATER_CHINA,Chinese,Consumer,None,2021-07-28,2021,NEW,True,MDM,2021-07-28 00:00:00,2026-04-17 15:58:36.718573
ec0d9551-1ea5-4b97-b39b-06a6c83374b6,CUST-2021-CN-000519,静,赵,静 赵,Female,1984-05-05,user533.apple@gmail.com,18050708577,石家庄路Y座,合肥市,芳县,285796,CN,China,GREATER_CHINA,Chinese,Consumer,Silver,2021-01-02,2021,NEW,True,MDM,2021-01-02 00:00:00,2026-04-17 15:58:36.718653
740a81e8-d8c4-4fa4-b1c0-05d3252e194a,CUST-2021-CN-000520,波,吴,波 吴,Female,1951-03-02,user551.apple952@mail.com,14785091223,黎路Z座,春梅县,乌鲁木齐市,966515,CN,China,GREATER_CHINA,Chinese,Education,None,2021-04-28,2021,NEW,True,MDM,2021-04-28 00:00:00,2026-04-17 15:58:36.718754
2544bb17-043e-4ed4-bc98-95c0e2cf7345,CUST-2021-CN-000521,秀荣,许,秀荣 许,Female,1983-05-21,user904.apple301@hotmail.com,13670180609,熊路i座,广州县,香港县,163988,CN,China,GREATER_CHINA,Chinese,Consumer,Platinum,2021-09-16,2021,NEW,True,MDM,2021-09-16 00:00:00,2026-04-17 15:58:36.718850
0104fb33-9cd9-4b3f-867d-8b5f51e398c4,CUST-2021-CN-000522,辉,李,辉 李,Female,1956-10-12,user776.apple376@live.com,18021814431,郑州路x座,太原市,合肥市,455762,CN,China,GREATER_CHINA,Chinese,Education,None,2021-10-06,2021,NEW,True,MDM,2021-10-06 00:00:00,2026-04-17 15:58:36.718931
a0173c85-b867-4224-8a53-363c0976aaa3,CUST-2021-CN-000523,桂兰,童,桂兰 童,Female,1977-10-09,user456.apple@zoho.com,13503935189,呼和浩特路W座,帅县,深圳县,859240,CN,China,GREATER_CHINA,Chinese,Consumer,Silver,2021-02-25,2021,NEW,True,MDM,2021-02-25 00:00:00,2026-04-17 15:58:36.719007
96b5dd46-5688-4bf4-9b8c-0ea3c95206b2,CUST-2021-CN-000524,文,赵,文 赵,Male,1993-04-19,user246.apple@protonmail.com,15151173690,济南路w座,香港县,沈阳市,284811,CN,China,GREATER_CHINA,Chinese,Consumer,None,2021-02-03,2021,NEW,True,MDM,2021-02-03 00:00:00,2026-04-17 15:58:36.719086
88013ccb-055e-4225-9bd8-f0066678b85a,CUST-2021-CN-000525,强,龙,强 龙,Female,1993-01-17,user660.apple767@zoho.com,15867831558,蔡路I座,南宁县,畅市,728658,CN,China,GREATER_CHINA,Chinese,Consumer,Gold,2021-03-17,2021,NEW,True,MDM,2021-03-17 00:00:00,2026-04-17 15:58:36.719188
0b57a2c9-9963-48fa-be0e-50df53882a02,CUST-2021-CN-000526,桂珍,王,桂珍 王,Male,1975-02-11,user723.apple@aol.com,18791405927,牛街v座,拉萨县,巢湖县,745483,CN,China,GREATER_CHINA,Chinese,Consumer,None,2021-10-20,2021,NEW,True,MDM,2021-10-20 00:00:00,2026-04-17 15:58:36.719329
98511b18-85c1-4c37-b831-181ff5ed2874,CUST-2021-CN-000527,淑珍,林,淑珍 林,Female,1998-06-17,user756.apple294@aol.com,18014154212,刘路N座,红梅县,银川县,387428,CN,China,GREATER_CHINA,Chinese,Consumer,None,2021-01-14,2021,NEW,True,MDM,2021-01-14 00:00:00,2026-04-17 15:58:36.719472
e4d7deb4-a9d4-49c2-a994-db9639de1bbb,CUST-2021-CN-000528,帅,刘,帅 刘,Male,1962-09-11,user987.apple@icloud.com,15970128698,张路F座,桂花市,拉萨市,221275,CN,China,GREATER_CHINA,Chinese,Consumer,None,2021-01-12,2021,NEW,True,MDM,2021-01-12 00:00:00,2026-04-17 15:58:36.719578
dd2e825f-853d-4b55-a955-196026312111,CUST-2021-CN-000529,玉,潘,玉 潘,Male,1999-10-01,user819.apple@hotmail.com,13381714889,孙路R座,济南市,佳市,523095,CN,China,GREATER_CHINA,Chinese,Business,None,2021-11-15,2021,NEW,True,MDM,2021-11-15 00:00:00,2026-04-17 15:58:36.719679
d494568a-4cfc-408b-a9fc-4107ea1d7835,CUST-2021-CN-000530,燕,石,燕 石,Male,1970-12-27,user678.apple@gmx.com,14522483655,北镇街C座,平县,秀荣县,290940,CN,China,GREATER_CHINA,Chinese,Business,None,2021-08-08,2021,NEW,True,MDM,2021-08-08 00:00:00,2026-04-17 15:58:36.719759
3370ef36-10e3-4308-99f9-20e0556df647,CUST-2021-CN-000531,伟,蒋,伟 蒋,Female,1981-02-05,user246.apple328@gmail.com,18827876205,福州街z座,福州市,汕尾市,240433,CN,China,GREATER_CHINA,Chinese,Education,None,2021-01-06,2021,NEW,True,MDM,2021-01-06 00:00:00,2026-04-17 15:58:36.719839
5c541832-a1ce-4714-af87-5997a1aa3d20,CUST-2021-CN-000532,淑珍,杨,淑珍 杨,Female,1959-10-15,user791.apple@zoho.com,15324550495,秦街W座,洁市,贵阳县,446019,CN,China,GREATER_CHINA,Chinese,Consumer,Silver,2021-12-02,2021,NEW,True,MDM,2021-12-02 00:00:00,2026-04-17 15:58:36.719936
f5a7715e-b3c5-4445-9535-4e805e195258,CUST-2021-CN-000533,磊,李,磊 李,Male,1957-05-13,user241.apple@msn.com,18021760496,杨路f座,莹市,欢县,296363,CN,China,GREATER_CHINA,Chinese,Consumer,Silver,2021-01-10,2021,NEW,True,MDM,2021-01-10 00:00:00,2026-04-17 15:58:36.720035
917a20c4-9996-4fc1-af81-abbfc23661a3,CUST-2021-CN-000534,宁,王,宁 王,Female,1958-10-19,user925.apple@msn.com,18695771879,张街v座,合山市,强县,734472,CN,China,GREATER_CHINA,Chinese,Business,None,2021-04-03,2021,NEW,True,MDM,2021-04-03 00:00:00,2026-04-17 15:58:36.720131
0e2776b2-bd56-4e11-9994-b5e590bdb054,CUST-2021-CN-000535,璐,顾,璐 顾,Female,1950-10-17,user709.apple164@yahoo.com,13504035850,韩路S座,桂芝市,娜县,941238,CN,China,GREATER_CHINA,Chinese,Consumer,None,2021-10-26,2021,NEW,True,MDM,2021-10-26 00:00:00,2026-04-17 15:58:36.720229
456e67e2-5da2-40fb-89f7-c2f6782e938e,CUST-2021-CN-000536,红梅,张,红梅 张,Male,1993-10-25,user866.apple@msn.com,13278948972,曾路P座,惠州市,杰县,479825,CN,China,GREATER_CHINA,Chinese,Consumer,None,2021-05-05,2021,NEW,True,MDM,2021-05-05 00:00:00,2026-04-17 15:58:36.720327
313cb1cf-84c1-488e-9f57-b8a7ea1c0d9c,CUST-2021-CN-000537,慧,赵,慧 赵,Male,1993-01-24,user259.apple948@hotmail.com,13607745328,阜新路J座,辉县,宁德县,410244,CN,China,GREATER_CHINA,Chinese,Consumer,None,2021-09-09,2021,NEW,True,MDM,2021-09-09 00:00:00,2026-04-17 15:58:36.720408
5ead41f6-6dbd-49b7-96dd-5005ed318ccb,CUST-2021-CN-000538,斌,江,斌 江,Female,1963-11-30,user317.apple61@yahoo.com,18596468524,苏街m座,兰州县,文县,868567,CN,China,GREATER_CHINA,Chinese,Consumer,Platinum,2021-04-02,2021,NEW,True,MDM,2021-04-02 00:00:00,2026-04-17 15:58:36.720503
612e1b56-86d8-4e23-948e-1ed3fa294fad,CUST-2021-CN-000539,秀云,李,秀云 李,Male,1957-12-31,user712.apple@aol.com,13319966974,郭路D座,桂英市,秀芳市,950611,CN,China,GREATER_CHINA,Chinese,Consumer,Silver,2021-05-06,2021,NEW,True,MDM,2021-05-06 00:00:00,2026-04-17 15:58:36.720604
f1c3943a-14d8-4774-afb1-86738a9be9e7,CUST-2021-CN-000540,婷,卜,婷 卜,Male,1973-11-26,user330.apple@mail.com,18582715121,孙街n座,合山县,哈尔滨县,282044,CN,China,GREATER_CHINA,Chinese,Consumer,Silver,2021-10-13,2021,NEW,True,MDM,2021-10-13 00:00:00,2026-04-17 15:58:36.720699
1828b118-5a8c-40c6-b4ac-47e196f89c15,CUST-2021-CN-000541,玲,马,玲 马,Male,1981-12-20,user480.apple@zoho.com,15667036276,胡街o座,欢县,哈尔滨县,207924,CN,China,GREATER_CHINA,Chinese,Consumer,None,2021-01-09,2021,NEW,True,MDM,2021-01-09 00:00:00,2026-04-17 15:58:36.720793
b7ced37c-025d-4356-a211-760f65ced9bc,CUST-2021-CN-000542,云,刘,云 刘,Male,1971-07-31,user981.apple838@zoho.com,13634525726,杭州街A座,玉珍县,南昌县,909929,CN,China,GREATER_CHINA,Chinese,Consumer,None,2021-12-03,2021,NEW,True,MDM,2021-12-03 00:00:00,2026-04-17 15:58:36.720871
485f49bb-95c2-467e-b4aa-40bfb2c8193e,CUST-2021-CN-000543,想,李,想 李,Female,1972-03-05,user342.apple377@msn.com,13500617788,汕尾街l座,建国市,莹市,171116,CN,China,GREATER_CHINA,Chinese,Consumer,Gold,2021-11-21,2021,NEW,True,MDM,2021-11-21 00:00:00,2026-04-17 15:58:36.720948
42bccc91-e9c1-4ff1-9b41-fecdc8fef2b5,CUST-2021-CN-000544,小红,黄,小红 黄,Female,1959-03-14,user712.apple@icloud.com,18514412090,倪路y座,金凤县,帅市,546638,CN,China,GREATER_CHINA,Chinese,Consumer,None,2021-03-05,2021,NEW,True,MDM,2021-03-05 00:00:00,2026-04-17 15:58:36.721043
c93a5267-e6f6-452b-81f4-1692e95a5ffa,CUST-2021-CN-000545,楠,徐,楠 徐,Male,1956-05-27,user668.apple@zoho.com,18539361190,张街e座,东莞市,昆明县,705639,CN,China,GREATER_CHINA,Chinese,Business,Silver,2021-10-30,2021,NEW,True,MDM,2021-10-30 00:00:00,2026-04-17 15:58:36.721143
a06b8b27-9de6-4c4e-9217-d883a2a9a835,CUST-2021-CN-000546,勇,张,勇 张,Male,1980-08-28,user876.apple@msn.com,18955081861,周街r座,太原市,张家港市,844883,CN,China,GREATER_CHINA,Chinese,Consumer,None,2021-04-11,2021,NEW,True,MDM,2021-04-11 00:00:00,2026-04-17 15:58:36.721238
09469d4e-d4a6-420f-8fee-91417eb4210d,CUST-2021-CN-000547,林,蒙,林 蒙,Female,1960-02-21,user262.apple@icloud.com,18602356818,周街f座,淑兰市,玉梅市,301568,CN,China,GREATER_CHINA,Chinese,Consumer,Silver,2021-11-13,2021,NEW,True,MDM,2021-11-13 00:00:00,2026-04-17 15:58:36.721333
c608a8fd-1504-4128-adce-2684f0190606,CUST-2021-CN-000548,玉英,周,玉英 周,Female,1964-01-11,user226.apple@live.com,13448686224,廖街r座,哈尔滨市,汕尾市,772872,CN,China,GREATER_CHINA,Chinese,Consumer,Silver,2021-06-19,2021,NEW,True,MDM,2021-06-19 00:00:00,2026-04-17 15:58:36.721429
7e32cfcc-32e4-41b7-af57-49114991bad2,CUST-2021-CN-000549,玉珍,龙,玉珍 龙,Female,1988-10-09,user183.apple132@gmx.com,13137022705,李路d座,海口县,郑州县,209304,CN,China,GREATER_CHINA,Chinese,Education,None,2021-05-05,2021,NEW,True,MDM,2021-05-05 00:00:00,2026-04-17 15:58:36.721525
52fa1908-e52f-42f4-ae58-5dcdc7e5e37b,CUST-2021-CN-000550,海燕,徐,海燕 徐,Female,1962-05-23,user684.apple@aol.com,14586901735,关岭路e座,芳市,六盘水县,205387,CN,China,GREATER_CHINA,Chinese,Consumer,Platinum,2021-04-20,2021,NEW,True,MDM,2021-04-20 00:00:00,2026-04-17 15:58:36.721604
19b84e62-ab4f-4e85-bbf7-1bc492fc20f5,CUST-2021-CN-000551,莉,鲁,莉 鲁,Female,1969-08-16,user563.apple221@icloud.com,15620100428,合山路r座,潜江县,鹏县,875340,CN,China,GREATER_CHINA,Chinese,Consumer,Silver,2021-11-22,2021,NEW,True,MDM,2021-11-22 00:00:00,2026-04-17 15:58:36.721687
098f8587-4a91-432c-9d96-297a37d54140,CUST-2021-CN-000552,瑞,马,瑞 马,Male,1972-12-12,user157.apple@zoho.com,15148132617,李路d座,磊县,荣市,936323,CN,China,GREATER_CHINA,Chinese,Consumer,None,2021-06-06,2021,NEW,True,MDM,2021-06-06 00:00:00,2026-04-17 15:58:36.721782
446c8f3f-345d-4dbf-a687-9c2fd5d22de0,CUST-2021-CN-000553,军,杨,军 杨,Male,1983-03-30,user771.apple@aol.com,15231266733,刘路h座,上海县,帆市,316780,CN,China,GREATER_CHINA,Chinese,Business,None,2021-02-10,2021,NEW,False,MDM,2021-02-10 00:00:00,2026-04-17 15:58:36.721877
aaeddc3c-fb72-4e43-8931-2e53e06b32de,CUST-2021-CN-000554,磊,康,磊 康,Male,2002-03-10,user686.apple@icloud.com,18081670268,哈尔滨路I座,艳市,兵市,829035,CN,China,GREATER_CHINA,Chinese,Consumer,Platinum,2021-01-25,2021,NEW,False,MDM,2021-01-25 00:00:00,2026-04-17 15:58:36.721959
ead90bdb-fd2a-43ec-9ce9-db9bed087a5b,CUST-2021-CN-000555,晶,官,晶 官,Male,1966-03-25,user106.apple@gmail.com,15038797795,嘉禾路e座,杭州市,秀英县,969445,CN,China,GREATER_CHINA,Chinese,Consumer,None,2021-06-15,2021,NEW,True,MDM,2021-06-15 00:00:00,2026-04-17 15:58:36.722036
0f667066-6275-4d5c-8457-912a11606f6b,CUST-2021-CN-000556,秀芳,王,秀芳 王,Male,1983-07-18,user417.apple@aol.com,15387134988,张路k座,秀英县,秀云县,828348,CN,China,GREATER_CHINA,Chinese,Consumer,None,2021-04-27,2021,NEW,True,MDM,2021-04-27 00:00:00,2026-04-17 15:58:36.722135
a29c8220-ff80-4ad7-b380-55dff17ffcec,CUST-2021-CN-000557,倩,熊,倩 熊,Female,1968-09-23,user789.apple@mail.com,18902817093,郑州街S座,潮州县,雷县,146129,CN,China,GREATER_CHINA,Chinese,Education,Gold,2021-06-15,2021,NEW,True,MDM,2021-06-15 00:00:00,2026-04-17 15:58:36.722212
81b87631-939f-4535-bb72-4fded3ffd44c,CUST-2021-CN-000558,勇,董,勇 董,Female,1959-03-08,user221.apple@msn.com,13612014929,哈尔滨路s座,福州市,利市,861646,CN,China,GREATER_CHINA,Chinese,Consumer,Silver,2021-07-07,2021,NEW,True,MDM,2021-07-07 00:00:00,2026-04-17 15:58:36.722292
ac117414-883f-4857-90b7-ca8df853755d,CUST-2021-CN-000559,想,吴,想 吴,Female,1967-11-02,user351.apple343@live.com,15376677773,呼和浩特街F座,哈尔滨县,哈尔滨县,550529,CN,China,GREATER_CHINA,Chinese,Consumer,Silver,2021-06-03,2021,NEW,True,MDM,2021-06-03 00:00:00,2026-04-17 15:58:36.722375
5d3be95c-1f54-4a51-af1e-de3e73d2badf,CUST-2021-CN-000560,阳,陈,阳 陈,Male,1986-11-07,user314.apple125@gmail.com,18639844353,吴路j座,西安市,石家庄市,302097,CN,China,GREATER_CHINA,Chinese,Consumer,None,2021-10-27,2021,NEW,True,MDM,2021-10-27 00:00:00,2026-04-17 15:58:36.722472
031ed7fa-128b-4566-aab8-41fd46b02141,CUST-2021-CN-000561,波,杨,波 杨,Female,1986-06-25,user300.apple@yahoo.com,15723827016,惠州路m座,邯郸县,香港市,702501,CN,China,GREATER_CHINA,Chinese,Business,Platinum,2021-02-22,2021,NEW,True,MDM,2021-02-22 00:00:00,2026-04-17 15:58:36.722550
9ba43e86-414b-40a5-9c23-4b7e05fe1d7f,CUST-2021-CN-000562,丽娟,高,丽娟 高,Male,1991-12-27,user368.apple@gmx.com,18829820374,西宁街s座,丽华县,伟市,263658,CN,China,GREATER_CHINA,Chinese,Education,None,2021-01-31,2021,NEW,True,MDM,2021-01-31 00:00:00,2026-04-17 15:58:36.722627
6ca37264-d293-4a21-aa12-b516eff141ef,CUST-2021-CN-000563,林,高,林 高,Male,1988-08-03,user153.apple419@aol.com,13036931981,邯郸街W座,广州县,建军市,418574,CN,China,GREATER_CHINA,Chinese,Consumer,Silver,2021-10-15,2021,NEW,True,MDM,2021-10-15 00:00:00,2026-04-17 15:58:36.722704
2acaf8e8-01d9-4731-a120-5ab597a520bb,CUST-2021-CN-000564,强,张,强 张,Female,1964-10-06,user177.apple850@hotmail.com,15346124041,长沙街w座,玉华县,上海市,610594,CN,China,GREATER_CHINA,Chinese,Education,None,2021-03-29,2021,NEW,True,MDM,2021-03-29 00:00:00,2026-04-17 15:58:36.722781
f3378071-3301-4abc-8ebb-01211d7c81be,CUST-2021-CN-000565,敏,董,敏 董,Male,1981-12-06,user912.apple@zoho.com,18728241148,长春路i座,南昌市,莉县,675025,CN,China,GREATER_CHINA,Chinese,Consumer,None,2021-07-29,2021,NEW,True,MDM,2021-07-29 00:00:00,2026-04-17 15:58:36.722886
3b845ae5-51b6-4bc0-bb7e-c0b5bda8c083,CUST-2021-CN-000566,玉,吴,玉 吴,Female,1994-12-13,user753.apple@aol.com,15342694535,成都路t座,博市,岩市,824347,CN,China,GREATER_CHINA,Chinese,Consumer,None,2021-10-16,2021,NEW,True,MDM,2021-10-16 00:00:00,2026-04-17 15:58:36.722965
5714cc62-a9d9-4311-8213-e071ca3a6e43,CUST-2021-CN-000567,冬梅,陈,冬梅 陈,Male,1987-04-01,user437.apple820@aol.com,13118988651,巢湖路p座,柳州市,燕市,499490,CN,China,GREATER_CHINA,Chinese,Consumer,Silver,2021-05-05,2021,NEW,True,MDM,2021-05-05 00:00:00,2026-04-17 15:58:36.723046
cd74ff98-5c3f-4749-ae90-e8443794a485,CUST-2021-CN-000568,丽华,王,丽华 王,Female,1952-06-07,user726.apple@hotmail.com,18029998367,梧州街M座,莹市,合山县,776393,CN,China,GREATER_CHINA,Chinese,Business,None,2021-03-02,2021,NEW,True,MDM,2021-03-02 00:00:00,2026-04-17 15:58:36.723126
275ae42b-1fda-4dff-ba27-03a6dee720c8,CUST-2021-CN-000569,文,魏,文 魏,Female,1997-12-03,user280.apple772@gmail.com,15110460837,广州街K座,澳门县,凯县,871680,CN,China,GREATER_CHINA,Chinese,Consumer,Silver,2021-11-26,2021,NEW,True,MDM,2021-11-26 00:00:00,2026-04-17 15:58:36.723206
0c0e5a35-f313-4a24-b190-56840f00a993,CUST-2021-CN-000570,萍,张,萍 张,Female,1960-09-06,user483.apple@aol.com,18625625464,邱路N座,马鞍山县,淑兰县,939270,CN,China,GREATER_CHINA,Chinese,Education,None,2021-08-24,2021,NEW,True,MDM,2021-08-24 00:00:00,2026-04-17 15:58:36.723308
18cacbdd-5af6-4727-8e44-b98229a778ce,CUST-2021-CN-000571,婷婷,王,婷婷 王,Male,2004-10-16,user360.apple@live.com,15723934793,刘街R座,乌鲁木齐县,俊县,553839,CN,China,GREATER_CHINA,Chinese,Consumer,Silver,2021-03-26,2021,NEW,True,MDM,2021-03-26 00:00:00,2026-04-17 15:58:36.723407
b471f2c8-f56f-4f19-8f8a-9a8017354d9e,CUST-2021-CN-000572,磊,刘,磊 刘,Male,1990-02-20,user724.apple323@live.com,13798440963,蓝路b座,北京市,合肥市,286418,CN,China,GREATER_CHINA,Chinese,Consumer,None,2021-07-07,2021,NEW,True,MDM,2021-07-07 00:00:00,2026-04-17 15:58:36.723507
38a687e0-6e7a-414e-bfac-7d5d7be15a4a,CUST-2021-CN-000573,婷婷,孙,婷婷 孙,Female,1998-06-29,user353.apple@msn.com,13624060951,张路y座,南京县,沈阳县,581591,CN,China,GREATER_CHINA,Chinese,Education,None,2021-12-28,2021,NEW,True,MDM,2021-12-28 00:00:00,2026-04-17 15:58:36.723606
64b138fd-4139-4a42-926f-5f4d738ad49c,CUST-2021-CN-000574,桂花,刘,桂花 刘,Female,1987-04-09,user129.apple@mail.com,15789904040,马街V座,岩县,欣县,260167,CN,China,GREATER_CHINA,Chinese,Business,Silver,2021-09-23,2021,NEW,True,MDM,2021-09-23 00:00:00,2026-04-17 15:58:36.723710
4f2bb82b-9298-44b5-a65d-47ad9570b747,CUST-2021-CN-000575,梅,谭,梅 谭,Male,1998-05-28,user348.apple20@mail.com,13545422613,海口路M座,武汉县,冬梅县,571083,CN,China,GREATER_CHINA,Chinese,Consumer,Platinum,2021-10-17,2021,NEW,True,MDM,2021-10-17 00:00:00,2026-04-17 15:58:36.723797
ce0b4fe0-5f67-4b33-8e01-e1ceefc494c6,CUST-2021-CN-000576,敏,栗,敏 栗,Male,2005-12-27,user652.apple769@protonmail.com,13624078540,西安街r座,桂香市,璐市,924115,CN,China,GREATER_CHINA,Chinese,Consumer,None,2021-06-15,2021,NEW,True,MDM,2021-06-15 00:00:00,2026-04-17 15:58:36.723884
57f7ec52-1c51-4d29-b3f9-c80655a57bd4,CUST-2021-CN-000577,海燕,伍,海燕 伍,Male,2002-10-15,user826.apple507@mail.com,18265927953,澳门路s座,淑华市,北京市,544334,CN,China,GREATER_CHINA,Chinese,Consumer,None,2021-05-08,2021,NEW,True,MDM,2021-05-08 00:00:00,2026-04-17 15:58:36.723968
44a47f44-bb22-4e91-86f2-6368a8d55d72,CUST-2021-CN-000578,秀珍,萧,秀珍 萧,Male,1950-06-26,user933.apple@live.com,15654493683,海口街J座,太原市,军市,763560,CN,China,GREATER_CHINA,Chinese,Business,Gold,2021-01-30,2021,NEW,True,MDM,2021-01-30 00:00:00,2026-04-17 15:58:36.724049
9e1e2d1d-8481-4d46-9ce0-2704a3cd0674,CUST-2021-CN-000579,想,陈,想 陈,Male,1952-06-05,user994.apple@mail.com,13985881963,重庆街j座,西安市,台北市,116798,CN,China,GREATER_CHINA,Chinese,Business,Silver,2021-07-24,2021,NEW,True,MDM,2021-07-24 00:00:00,2026-04-17 15:58:36.724133
685fdb82-5c57-4c07-a109-cfa07183cb9b,CUST-2021-CN-000580,秀华,黄,秀华 黄,Male,1951-09-14,user960.apple@yahoo.com,18943309752,黄街a座,慧市,秀华市,755901,CN,China,GREATER_CHINA,Chinese,Consumer,Silver,2021-12-16,2021,NEW,True,MDM,2021-12-16 00:00:00,2026-04-17 15:58:36.724236
3f67a751-53e3-4a1a-9781-6bfa0c88eaa5,CUST-2021-CN-000581,燕,周,燕 周,Male,1951-11-29,user724.apple790@zoho.com,13381062988,长春街s座,芳市,华市,535412,CN,China,GREATER_CHINA,Chinese,Consumer,Silver,2021-10-04,2021,NEW,True,MDM,2021-10-04 00:00:00,2026-04-17 15:58:36.724318
59a377e7-6548-44cd-9559-0f3fab13b5ee,CUST-2021-CN-000582,娟,郑,娟 郑,Male,1952-07-20,user281.apple@msn.com,14799383465,赵路G座,丽娟市,汕尾市,367749,CN,China,GREATER_CHINA,Chinese,Consumer,Silver,2021-05-12,2021,NEW,False,MDM,2021-05-12 00:00:00,2026-04-17 15:58:36.724421
d2169a2d-4121-4500-811b-e8c23638a0b4,CUST-2021-CN-000583,杰,张,杰 张,Male,1995-10-07,user801.apple@protonmail.com,18239639427,昆明路f座,广州市,辉市,826795,CN,China,GREATER_CHINA,Chinese,Consumer,Silver,2021-05-28,2021,NEW,True,MDM,2021-05-28 00:00:00,2026-04-17 15:58:36.724505
4068a515-dfcf-4466-8e70-8fb4eab80a8c,CUST-2021-CN-000584,杨,范,杨 范,Female,1957-11-14,user396.apple@live.com,13797152481,孟街f座,辉县,广州市,286617,CN,China,GREATER_CHINA,Chinese,Consumer,None,2021-12-20,2021,NEW,True,MDM,2021-12-20 00:00:00,2026-04-17 15:58:36.724605
29306f06-d2ea-4737-9cfb-561bad9f7aa8,CUST-2021-CN-000585,红,党,红 党,Male,1958-02-18,user673.apple@protonmail.com,15622073033,淮安路x座,明县,辛集市,229626,CN,China,GREATER_CHINA,Chinese,Consumer,None,2021-07-12,2021,NEW,True,MDM,2021-07-12 00:00:00,2026-04-17 15:58:36.724686
028f3e81-e9cd-4f66-95f1-0beb1b8ed452,CUST-2021-CN-000586,楠,孙,楠 孙,Female,1989-11-20,user932.apple@outlook.com,13093460185,张路g座,兴城县,芳市,614597,CN,China,GREATER_CHINA,Chinese,Education,Platinum,2021-02-22,2021,NEW,True,MDM,2021-02-22 00:00:00,2026-04-17 15:58:36.724857
42654bb1-9f03-4238-8ccc-1c596a7d1e92,CUST-2021-CN-000587,桂芝,吴,桂芝 吴,Male,1960-11-09,user460.apple@gmx.com,18001227834,杨路Y座,帆市,东市,930214,CN,China,GREATER_CHINA,Chinese,Consumer,Gold,2021-02-07,2021,NEW,True,MDM,2021-02-07 00:00:00,2026-04-17 15:58:36.724967
8c7792cf-1c32-40eb-9ad4-42e47a8b3538,CUST-2021-CN-000588,华,丁,华 丁,Female,1988-07-09,user998.apple@zoho.com,18117367397,辛集街M座,淮安市,帅市,575108,CN,China,GREATER_CHINA,Chinese,Consumer,Gold,2021-01-01,2021,NEW,True,MDM,2021-01-01 00:00:00,2026-04-17 15:58:36.725044
9386ca56-feb8-4233-9afe-60cded3df93d,CUST-2021-CN-000589,超,马,超 马,Female,1985-06-04,user328.apple@gmail.com,13922482167,王路M座,南宁市,建国市,504694,CN,China,GREATER_CHINA,Chinese,Consumer,Gold,2021-08-21,2021,NEW,True,MDM,2021-08-21 00:00:00,2026-04-17 15:58:36.725146
0773e52d-f521-4d31-97bd-807feba4c960,CUST-2021-CN-000590,红霞,姚,红霞 姚,Female,1988-04-09,user426.apple@msn.com,13637774531,香港路L座,马鞍山县,婷市,659772,CN,China,GREATER_CHINA,Chinese,Consumer,None,2021-01-04,2021,NEW,True,MDM,2021-01-04 00:00:00,2026-04-17 15:58:36.725226
51e10905-e3dd-42ae-8404-55e260bed7e1,CUST-2021-CN-000591,玉,陈,玉 陈,Female,1951-03-02,user250.apple906@protonmail.com,18587517294,马街F座,郑州县,阳市,555467,CN,China,GREATER_CHINA,Chinese,Consumer,None,2021-02-26,2021,NEW,False,MDM,2021-02-26 00:00:00,2026-04-17 15:58:36.725322
066723d0-31db-4a75-8966-8dd1506b7690,CUST-2021-CN-000592,瑞,李,瑞 李,Male,1990-08-09,user538.apple239@gmail.com,18590013841,曾路U座,宁县,香港县,793400,CN,China,GREATER_CHINA,Chinese,Education,Platinum,2021-12-09,2021,NEW,True,MDM,2021-12-09 00:00:00,2026-04-17 15:58:36.725418
2275178c-67bd-4d18-b35e-84b3e6542311,CUST-2021-CN-000593,淑英,朱,淑英 朱,Male,1971-11-27,user212.apple@aol.com,18005025973,银川路O座,潮州县,沈阳市,324387,CN,China,GREATER_CHINA,Chinese,Consumer,Gold,2021-05-28,2021,NEW,True,MDM,2021-05-28 00:00:00,2026-04-17 15:58:36.725496
e977dcf8-d72a-4462-ae12-64c3c34e8e11,CUST-2021-CN-000594,丽华,李,丽华 李,Female,1994-07-13,user784.apple@hotmail.com,13782410370,佛山街V座,梅县,六安市,399662,CN,China,GREATER_CHINA,Chinese,Consumer,None,2021-06-20,2021,NEW,True,MDM,2021-06-20 00:00:00,2026-04-17 15:58:36.725572
e453aad8-d3cf-43b8-b373-468d8abef422,CUST-2021-CN-000595,佳,曹,佳 曹,Male,2003-03-26,user309.apple237@protonmail.com,15734917087,哈尔滨路Z座,齐齐哈尔县,玉珍市,474539,CN,China,GREATER_CHINA,Chinese,Business,None,2021-02-10,2021,NEW,True,MDM,2021-02-10 00:00:00,2026-04-17 15:58:36.725651
eefb4979-7f7d-4ddc-95a3-f2e419dbfc8a,CUST-2021-CN-000596,秀芳,张,秀芳 张,Female,1951-01-22,user359.apple@msn.com,13151631388,合肥街j座,通辽市,波市,142384,CN,China,GREATER_CHINA,Chinese,Consumer,None,2021-07-24,2021,NEW,True,MDM,2021-07-24 00:00:00,2026-04-17 15:58:36.725730
4c32f6ec-e048-4041-8b19-3c1b917f8cb9,CUST-2021-CN-000597,志强,王,志强 王,Female,1989-09-12,user761.apple@icloud.com,13362465172,哈尔滨路z座,瑜市,上海县,260624,CN,China,GREATER_CHINA,Chinese,Consumer,None,2021-03-21,2021,NEW,True,MDM,2021-03-21 00:00:00,2026-04-17 15:58:36.725807
395706f1-53d9-4453-8c0d-bdc21b99e42f,CUST-2021-CN-000598,阳,战,阳 战,Female,1966-09-28,user767.apple@gmail.com,13382453684,李街B座,荆门县,哈尔滨县,907219,CN,China,GREATER_CHINA,Chinese,Consumer,Gold,2021-12-13,2021,NEW,True,MDM,2021-12-13 00:00:00,2026-04-17 15:58:36.725904
51754540-83b4-45c5-bcde-80935363ec1d,CUST-2021-CN-000599,冬梅,冯,冬梅 冯,Female,1961-10-19,user789.apple@mail.com,18706995749,巴街X座,芳市,建军市,177535,CN,China,GREATER_CHINA,Chinese,Consumer,Silver,2021-09-19,2021,NEW,True,MDM,2021-09-19 00:00:00,2026-04-17 15:58:36.725999
825316c1-d9c8-4ac4-be3c-84b00dca5616,CUST-2021-CN-000600,兰英,常,兰英 常,Female,1957-03-08,user191.apple@mail.com,15061874490,阎路v座,龙县,桂珍市,734290,CN,China,GREATER_CHINA,Chinese,Consumer,None,2021-10-14,2021,NEW,True,MDM,2021-10-14 00:00:00,2026-04-17 15:58:36.726097
855d6ea1-314e-4d36-b3a7-095a4dfc9a47,CUST-2021-CN-000601,秀英,刘,秀英 刘,Male,2005-01-23,user435.apple587@aol.com,14516300994,位路w座,健市,拉萨县,348955,CN,China,GREATER_CHINA,Chinese,Consumer,Gold,2021-10-29,2021,NEW,True,MDM,2021-10-29 00:00:00,2026-04-17 15:58:36.726192
131f7eea-8adc-4648-832c-517d3b521a2e,CUST-2021-CN-000602,鑫,周,鑫 周,Male,1992-06-30,user497.apple@gmail.com,13386440933,耿路g座,潮州县,武汉市,329828,CN,China,GREATER_CHINA,Chinese,Consumer,None,2021-01-10,2021,NEW,True,MDM,2021-01-10 00:00:00,2026-04-17 15:58:36.726285
890bb93a-53f8-4a6d-99b8-0095edd844ae,CUST-2021-CN-000603,旭,姜,旭 姜,Female,1957-10-10,user831.apple@live.com,15726893501,潘路Y座,佛山县,贵阳市,989526,CN,China,GREATER_CHINA,Chinese,Business,Gold,2021-10-13,2021,NEW,True,MDM,2021-10-13 00:00:00,2026-04-17 15:58:36.726416
4f70deca-69c5-4698-a60d-0b3fc5f7151b,CUST-2021-CN-000604,想,刘,想 刘,Male,1972-05-05,user336.apple@aol.com,14786964502,永安街v座,桂芳县,玉梅市,534777,CN,China,GREATER_CHINA,Chinese,Consumer,Gold,2021-05-19,2021,NEW,True,MDM,2021-05-19 00:00:00,2026-04-17 15:58:36.726543
08709a92-e7c0-4bf6-ad22-4cbde3aff0ed,CUST-2021-CN-000605,彬,耿,彬 耿,Female,1982-10-04,user834.apple@mail.com,15572476401,周路K座,嘉禾县,六安市,867920,CN,China,GREATER_CHINA,Chinese,Business,Gold,2021-06-22,2021,NEW,True,MDM,2021-06-22 00:00:00,2026-04-17 15:58:36.726669
2c09bfc6-0b33-4136-a55b-3d8d644a8335,CUST-2021-CN-000606,桂香,史,桂香 史,Female,1990-02-26,user578.apple@zoho.com,15948459526,哈尔滨路k座,桂香县,桂英市,420106,CN,China,GREATER_CHINA,Chinese,Consumer,None,2021-08-05,2021,NEW,False,MDM,2021-08-05 00:00:00,2026-04-17 15:58:36.726758
c7412df8-2952-4c1a-86c7-7308b18ab8a2,CUST-2021-CN-000607,敏,张,敏 张,Female,2007-01-05,user352.apple801@outlook.com,15371509256,胡街m座,萍市,金凤县,930369,CN,China,GREATER_CHINA,Chinese,Consumer,None,2021-07-28,2021,NEW,True,MDM,2021-07-28 00:00:00,2026-04-17 15:58:36.726862
b8464e95-7913-4460-b1a9-ef9e1726f7e3,CUST-2021-CN-000608,杨,江,杨 江,Female,1985-10-30,user124.apple@mail.com,18129711145,拉萨街k座,六安市,宜都县,359546,CN,China,GREATER_CHINA,Chinese,Consumer,Silver,2021-08-17,2021,NEW,True,MDM,2021-08-17 00:00:00,2026-04-17 15:58:36.726946
ee5a9814-3daf-44cd-a08a-51e40c87fe5e,CUST-2021-CN-000609,娜,覃,娜 覃,Male,1950-09-27,user225.apple954@gmail.com,13372626216,合山路E座,成都市,齐齐哈尔县,214628,CN,China,GREATER_CHINA,Chinese,Education,None,2021-06-17,2021,NEW,True,MDM,2021-06-17 00:00:00,2026-04-17 15:58:36.727058
3bacd047-a14f-4c81-b648-649ef73bdb09,CUST-2021-CN-000610,凯,高,凯 高,Female,1997-06-07,user342.apple@gmail.com,18018644533,高路r座,六安县,玉兰县,674265,CN,China,GREATER_CHINA,Chinese,Consumer,Platinum,2021-04-15,2021,NEW,True,MDM,2021-04-15 00:00:00,2026-04-17 15:58:36.727173
621aa02d-b87f-4187-819f-9bd523fff6f1,CUST-2021-CN-000611,刚,王,刚 王,Male,1956-08-04,user212.apple@zoho.com,13575660156,谢街c座,亮市,淑英县,213673,CN,China,GREATER_CHINA,Chinese,Business,Silver,2021-09-12,2021,NEW,True,MDM,2021-09-12 00:00:00,2026-04-17 15:58:36.727268
f6a10314-fefd-4768-a998-96c98c791a11,CUST-2021-CN-000612,斌,郑,斌 郑,Male,1970-02-28,user498.apple950@gmail.com,14729452317,重庆路M座,海口市,晨市,404511,CN,China,GREATER_CHINA,Chinese,Consumer,None,2021-09-14,2021,NEW,False,MDM,2021-09-14 00:00:00,2026-04-17 15:58:36.727352
4c65a7d2-1e2f-4429-bc2a-e70d705fc338,CUST-2021-CN-000613,雷,周,雷 周,Male,1989-04-15,user297.apple634@gmail.com,15959327883,东莞街d座,上海市,俊县,399203,CN,China,GREATER_CHINA,Chinese,Consumer,Silver,2021-10-21,2021,NEW,True,MDM,2021-10-21 00:00:00,2026-04-17 15:58:36.727432
969a824c-706a-453a-85e8-90b398e555e6,CUST-2021-CN-000614,琴,李,琴 李,Male,1995-07-28,user144.apple@hotmail.com,18144741710,六盘水街L座,嘉禾县,佛山市,518447,CN,China,GREATER_CHINA,Chinese,Consumer,None,2021-05-05,2021,NEW,True,MDM,2021-05-05 00:00:00,2026-04-17 15:58:36.727510
a8bb582b-a475-487d-8753-bdea9068a352,CUST-2021-CN-000615,婷婷,刘,婷婷 刘,Male,1956-09-15,user465.apple@yahoo.com,14771715250,大冶街G座,石家庄市,关岭市,404063,CN,China,GREATER_CHINA,Chinese,Consumer,None,2021-02-21,2021,NEW,True,MDM,2021-02-21 00:00:00,2026-04-17 15:58:36.727589
337fcb13-48d9-483f-bcd2-408e989e1b07,CUST-2021-CN-000616,华,温,华 温,Female,1963-03-30,user312.apple192@yahoo.com,15768142914,李路r座,柳州市,拉萨县,831944,CN,China,GREATER_CHINA,Chinese,Business,Platinum,2021-12-20,2021,NEW,True,MDM,2021-12-20 00:00:00,2026-04-17 15:58:36.727685
74930655-d6c1-41f6-9bdb-48551fb1eda8,CUST-2021-CN-000617,佳,朱,佳 朱,Female,1982-01-09,user951.apple946@outlook.com,15209988084,佛山路M座,长春市,杭州县,102633,CN,China,GREATER_CHINA,Chinese,Consumer,Gold,2021-06-02,2021,NEW,False,MDM,2021-06-02 00:00:00,2026-04-17 15:58:36.727764
449b736c-fba3-4fdc-a5ba-6883a00db8db,CUST-2021-CN-000618,欣,李,欣 李,Male,1998-09-21,user389.apple784@icloud.com,15309524068,阎街c座,天津县,淑珍县,372111,CN,China,GREATER_CHINA,Chinese,Consumer,None,2021-04-18,2021,NEW,True,MDM,2021-04-18 00:00:00,2026-04-17 15:58:36.727859
7c9c6fc3-a004-43c0-8c5c-65613aef0d46,CUST-2021-CN-000619,红霞,周,红霞 周,Male,1962-10-08,user812.apple@gmx.com,13133750501,黄路a座,桂芝市,惠州市,458421,CN,China,GREATER_CHINA,Chinese,Education,Silver,2021-10-16,2021,NEW,True,MDM,2021-10-16 00:00:00,2026-04-17 15:58:36.727956
f5ec103a-ab6b-456d-913c-031ebad51c5a,CUST-2021-CN-000620,琳,欧阳,琳 欧阳,Female,2003-06-14,user492.apple91@hotmail.com,18146725757,李路R座,辽阳县,欣县,124006,CN,China,GREATER_CHINA,Chinese,Business,Silver,2021-11-20,2021,NEW,True,MDM,2021-11-20 00:00:00,2026-04-17 15:58:36.728055
e4f7fb72-70e7-4c86-8a3b-7cff1b77fcd8,CUST-2021-CN-000621,倩,郝,倩 郝,Male,1952-08-08,user408.apple@hotmail.com,13301202680,涂路N座,马鞍山县,静市,440500,CN,China,GREATER_CHINA,Chinese,Consumer,Gold,2021-10-28,2021,NEW,True,MDM,2021-10-28 00:00:00,2026-04-17 15:58:36.728152
fcadc84e-e0c9-4920-b04a-48a0f13f3fa9,CUST-2021-CN-000622,玲,胡,玲 胡,Male,1976-06-22,user246.apple@gmail.com,13631450018,石家庄路q座,梅县,马鞍山市,216802,CN,China,GREATER_CHINA,Chinese,Consumer,None,2021-06-20,2021,NEW,False,MDM,2021-06-20 00:00:00,2026-04-17 15:58:36.728234
d8edec3a-9d0e-443c-a0c1-163038b76c1f,CUST-2021-CN-000623,建军,孔,建军 孔,Female,1955-03-22,user528.apple370@aol.com,15615563905,昆明街D座,凤英市,斌市,244220,CN,China,GREATER_CHINA,Chinese,Consumer,Silver,2021-04-19,2021,NEW,False,MDM,2021-04-19 00:00:00,2026-04-17 15:58:36.728317
3d4adf48-c1cd-4279-92a5-00c65a441c59,CUST-2021-CN-000624,秀云,杨,秀云 杨,Female,1996-07-15,user379.apple@live.com,13578105967,杭州路H座,璐市,哈尔滨市,209882,CN,China,GREATER_CHINA,Chinese,Consumer,None,2021-03-26,2021,NEW,True,MDM,2021-03-26 00:00:00,2026-04-17 15:58:36.728398
775be540-62f5-4ec7-9423-9a5924fe7516,CUST-2021-CN-000625,芳,李,芳 李,Female,1997-01-28,user520.apple@mail.com,18855226972,李路d座,海燕市,丹丹市,726640,CN,China,GREATER_CHINA,Chinese,Consumer,Platinum,2021-12-09,2021,NEW,True,MDM,2021-12-09 00:00:00,2026-04-17 15:58:36.728493
1f31fdb7-861b-4de8-81f8-abadeb72541d,CUST-2021-CN-000626,丹,那,丹 那,Female,1952-10-04,user415.apple816@zoho.com,15853836320,长沙路Z座,建国县,昆明县,407691,CN,China,GREATER_CHINA,Chinese,Consumer,None,2021-02-25,2021,NEW,False,MDM,2021-02-25 00:00:00,2026-04-17 15:58:36.728569
7592a9bd-0469-472c-8f49-2ab5283f9823,CUST-2021-CN-000627,春梅,傅,春梅 傅,Male,1953-04-29,user828.apple@gmail.com,13360069355,辽阳街y座,北镇市,哈尔滨市,301727,CN,China,GREATER_CHINA,Chinese,Education,Gold,2021-11-02,2021,NEW,True,MDM,2021-11-02 00:00:00,2026-04-17 15:58:36.728646
92ab0c5d-4900-449d-b8ef-582f32ce463b,CUST-2021-CN-000628,坤,赵,坤 赵,Male,2003-01-01,user753.apple41@zoho.com,13606797324,文路I座,贵阳县,金凤市,203875,CN,China,GREATER_CHINA,Chinese,Consumer,None,2021-12-11,2021,NEW,True,MDM,2021-12-11 00:00:00,2026-04-17 15:58:36.728742
8f36c356-9786-4f23-89af-019fcd9eec1f,CUST-2021-CN-000629,瑞,王,瑞 王,Male,1967-02-10,user731.apple@gmx.com,15583909100,王路Q座,波市,贵阳市,687362,CN,China,GREATER_CHINA,Chinese,Consumer,Platinum,2021-02-14,2021,NEW,True,MDM,2021-02-14 00:00:00,2026-04-17 15:58:36.728839
dedc830b-dcf4-464d-9b56-e323e87844cc,CUST-2021-CN-000630,静,李,静 李,Female,1959-09-10,user928.apple@yahoo.com,18508739272,银川街K座,武汉市,冬梅县,735903,CN,China,GREATER_CHINA,Chinese,Consumer,Platinum,2021-03-07,2021,NEW,True,MDM,2021-03-07 00:00:00,2026-04-17 15:58:36.728915
ac2a84c4-f277-42c4-a3e4-67245da1af96,CUST-2021-CN-000631,莹,陈,莹 陈,Male,2006-09-20,user145.apple@outlook.com,18134270606,许路N座,大冶市,哈尔滨市,516847,CN,China,GREATER_CHINA,Chinese,Consumer,Silver,2021-06-17,2021,NEW,True,MDM,2021-06-17 00:00:00,2026-04-17 15:58:36.729009
a1a0217c-c426-4559-9a5e-4178e80de625,CUST-2021-CN-000632,林,陆,林 陆,Male,1969-10-06,user391.apple304@gmx.com,13039596887,沈阳路l座,桂芝市,澳门市,141162,CN,China,GREATER_CHINA,Chinese,Education,Gold,2021-10-10,2021,NEW,True,MDM,2021-10-10 00:00:00,2026-04-17 15:58:36.729097
8535c0c1-7d43-4fed-833e-b8242ee6f6c2,CUST-2021-CN-000633,柳,蔡,柳 蔡,Male,2002-12-15,user431.apple950@msn.com,15049324563,林街U座,林县,晶市,928970,CN,China,GREATER_CHINA,Chinese,Consumer,None,2021-02-12,2021,NEW,True,MDM,2021-02-12 00:00:00,2026-04-17 15:58:36.729203
6934b2a4-81e2-42d2-b9ee-f970baff7489,CUST-2021-CN-000634,桂荣,隋,桂荣 隋,Male,1984-01-28,user274.apple@msn.com,15293839932,济南街z座,鹏县,亮市,902913,CN,China,GREATER_CHINA,Chinese,Consumer,None,2021-09-26,2021,NEW,True,MDM,2021-09-26 00:00:00,2026-04-17 15:58:36.729280
a1c608ad-f555-4ba6-af9c-e05e55941f80,CUST-2021-CN-000635,桂珍,杨,桂珍 杨,Female,1975-04-27,user497.apple@outlook.com,15956355170,辛集路U座,利市,杭州市,872896,CN,China,GREATER_CHINA,Chinese,Consumer,None,2021-08-28,2021,NEW,True,MDM,2021-08-28 00:00:00,2026-04-17 15:58:36.729359
a9677615-12a2-43b6-88f2-2899570ab2bc,CUST-2021-CN-000636,桂芳,柯,桂芳 柯,Male,1971-05-19,user252.apple@gmx.com,18095188103,荆门路e座,呼和浩特县,阳县,276584,CN,China,GREATER_CHINA,Chinese,Consumer,Silver,2021-06-10,2021,NEW,True,MDM,2021-06-10 00:00:00,2026-04-17 15:58:36.729441
05574053-7eef-4db3-9dd7-69b4f4fc2bdd,CUST-2021-CN-000637,林,王,林 王,Female,1952-12-02,user390.apple@protonmail.com,14598676218,南宁路v座,金凤县,石家庄市,758822,CN,China,GREATER_CHINA,Chinese,Education,Silver,2021-04-07,2021,NEW,True,MDM,2021-04-07 00:00:00,2026-04-17 15:58:36.729520
cfb6bd9e-5d59-4622-b2a6-9f9fbec697c0,CUST-2021-CN-000638,飞,邹,飞 邹,Male,1981-07-09,user272.apple@live.com,18203826987,福州路X座,嘉禾县,东莞市,761279,CN,China,GREATER_CHINA,Chinese,Consumer,Gold,2021-04-23,2021,NEW,False,MDM,2021-04-23 00:00:00,2026-04-17 15:58:36.729597
8333f7c5-5c52-4f20-99bd-75c426b528f0,CUST-2021-CN-000639,淑珍,李,淑珍 李,Female,2002-01-23,user253.apple@protonmail.com,15071355633,刘路H座,坤市,太原县,995859,CN,China,GREATER_CHINA,Chinese,Consumer,None,2021-09-30,2021,NEW,True,MDM,2021-09-30 00:00:00,2026-04-17 15:58:36.729692
d64b21c4-a0ca-4636-ba33-c9dcb03ea97e,CUST-2021-CN-000640,桂英,曾,桂英 曾,Male,1999-06-02,user273.apple@protonmail.com,15238836200,银川街a座,彬县,红霞县,350623,CN,China,GREATER_CHINA,Chinese,Business,None,2021-10-23,2021,NEW,True,MDM,2021-10-23 00:00:00,2026-04-17 15:58:36.729769
f81ebabd-ab9d-40db-bce7-6362c780f47a,CUST-2021-CN-000641,畅,王,畅 王,Male,1977-08-02,user506.apple820@icloud.com,15635236623,李街K座,南京县,燕县,184002,CN,China,GREATER_CHINA,Chinese,Consumer,None,2021-03-07,2021,NEW,True,MDM,2021-03-07 00:00:00,2026-04-17 15:58:36.729863
3ffab3b2-9ede-4665-88ae-58d0ce3d03cd,CUST-2021-CN-000642,涛,汪,涛 汪,Female,1977-11-21,user183.apple325@gmx.com,15350339026,南京路v座,乌鲁木齐县,淑兰市,263189,CN,China,GREATER_CHINA,Chinese,Consumer,Silver,2021-02-06,2021,NEW,True,MDM,2021-02-06 00:00:00,2026-04-17 15:58:36.729940
d329be7f-780c-4161-9dcd-600bb401b7a6,CUST-2021-CN-000643,平,赵,平 赵,Male,1995-11-05,user251.apple@msn.com,18250176514,惠州路z座,上海市,秀云市,727556,CN,China,GREATER_CHINA,Chinese,Consumer,Silver,2021-04-20,2021,NEW,True,MDM,2021-04-20 00:00:00,2026-04-17 15:58:36.730016
07441fe7-b9b7-4ef9-b2fa-7992880c7297,CUST-2021-CN-000644,洋,石,洋 石,Male,1950-12-27,user235.apple@live.com,15198260172,南宁街b座,淑英市,刚市,695809,CN,China,GREATER_CHINA,Chinese,Consumer,None,2021-02-02,2021,NEW,True,MDM,2021-02-02 00:00:00,2026-04-17 15:58:36.730094
8af3dcbe-0608-42e5-afdf-4c490d93a1d4,CUST-2021-CN-000645,亮,胡,亮 胡,Male,1979-12-09,user101.apple@protonmail.com,18909749197,淮安街H座,帅县,海门县,122200,CN,China,GREATER_CHINA,Chinese,Consumer,Silver,2021-09-18,2021,NEW,True,MDM,2021-09-18 00:00:00,2026-04-17 15:58:36.730171
163ffd4d-dbb8-4eb0-8a87-0a8c915b11f0,CUST-2021-CN-000646,春梅,刘,春梅 刘,Male,1962-04-01,user213.apple@live.com,18757898429,郭街F座,淮安县,阜新市,307044,CN,China,GREATER_CHINA,Chinese,Education,None,2021-08-27,2021,NEW,True,MDM,2021-08-27 00:00:00,2026-04-17 15:58:36.730265
e2d8f95f-5d69-4ec5-bea2-d4bf3d513688,CUST-2021-CN-000647,秀荣,傅,秀荣 傅,Female,1952-08-07,user809.apple@yahoo.com,18231430436,陈街Q座,宜都市,玉英县,880288,CN,China,GREATER_CHINA,Chinese,Business,Silver,2021-05-27,2021,NEW,True,MDM,2021-05-27 00:00:00,2026-04-17 15:58:36.730360
3fc0bf61-9574-453a-8383-cf642b535b4a,CUST-2021-CN-000648,玉英,孙,玉英 孙,Female,1994-08-15,user680.apple@mail.com,13970019230,萧路a座,静县,建华县,897502,CN,China,GREATER_CHINA,Chinese,Consumer,Silver,2021-11-11,2021,NEW,True,MDM,2021-11-11 00:00:00,2026-04-17 15:58:36.730458
de9d3d7f-7713-4b53-88ef-f375aa9a6195,CUST-2021-CN-000649,小红,赵,小红 赵,Male,1982-09-16,user673.apple@gmx.com,14576632667,六安街m座,杭州市,敏县,661544,CN,China,GREATER_CHINA,Chinese,Consumer,Silver,2021-11-10,2021,NEW,True,MDM,2021-11-10 00:00:00,2026-04-17 15:58:36.730534
c60a2353-f066-446c-936e-41f0a624c3de,CUST-2021-CN-000650,凯,莫,凯 莫,Female,1998-11-01,user630.apple@outlook.com,14763134280,陈路Q座,秀兰县,想县,264699,CN,China,GREATER_CHINA,Chinese,Consumer,Platinum,2021-11-28,2021,NEW,True,MDM,2021-11-28 00:00:00,2026-04-17 15:58:36.730631
8f39d4f0-7d92-476c-988e-b917fa1a52e3,CUST-2021-CN-000651,红梅,史,红梅 史,Male,1966-12-15,user889.apple@icloud.com,18701985604,成都路M座,南宁市,斌县,281130,CN,China,GREATER_CHINA,Chinese,Consumer,Platinum,2021-08-20,2021,NEW,True,MDM,2021-08-20 00:00:00,2026-04-17 15:58:36.730707
89f4349d-a793-4f5b-a145-7051810d876b,CUST-2021-CN-000652,斌,杨,斌 杨,Female,1966-02-26,user120.apple@outlook.com,13735691888,贺路I座,雪梅市,宜都县,443503,CN,China,GREATER_CHINA,Chinese,Consumer,Silver,2021-11-21,2021,NEW,False,MDM,2021-11-21 00:00:00,2026-04-17 15:58:36.730802
04d96a7c-4400-4094-9488-60548d75b307,CUST-2021-CN-000653,畅,李,畅 李,Male,1990-11-25,user946.apple@gmail.com,13191393181,福州路h座,桂香县,莉县,250476,CN,China,GREATER_CHINA,Chinese,Consumer,Silver,2021-06-21,2021,NEW,True,MDM,2021-06-21 00:00:00,2026-04-17 15:58:36.730879
6a7ce721-4809-4254-b7d8-1cb0d377fe6c,CUST-2021-CN-000654,坤,贺,坤 贺,Female,1970-08-13,user696.apple@msn.com,14774538233,阎路h座,亮市,南宁县,467891,CN,China,GREATER_CHINA,Chinese,Consumer,Silver,2021-07-24,2021,NEW,True,MDM,2021-07-24 00:00:00,2026-04-17 15:58:36.730974
a0b766bf-d8fd-4f37-a8ec-65d90cd21cfb,CUST-2021-CN-000655,桂荣,李,桂荣 李,Male,1961-11-03,user740.apple@mail.com,18711071638,张家港路M座,宁德市,志强市,341526,CN,China,GREATER_CHINA,Chinese,Consumer,Platinum,2021-02-06,2021,NEW,True,MDM,2021-02-06 00:00:00,2026-04-17 15:58:36.731056
4def1d5e-ee3d-4b95-8a21-29a2f0dac34e,CUST-2021-CN-000656,秀云,刁,秀云 刁,Male,1996-12-25,user540.apple@live.com,15546516153,何路J座,慧市,桂英县,276908,CN,China,GREATER_CHINA,Chinese,Consumer,Gold,2021-06-24,2021,NEW,True,MDM,2021-06-24 00:00:00,2026-04-17 15:58:36.731152
b28d4d9c-988f-4067-827f-4c7e2950774e,CUST-2021-CN-000657,龙,方,龙 方,Male,1956-09-22,user963.apple612@msn.com,15668389600,师街T座,海门县,建县,616441,CN,China,GREATER_CHINA,Chinese,Consumer,None,2021-02-11,2021,NEW,True,MDM,2021-02-11 00:00:00,2026-04-17 15:58:36.731247
a3d5a60f-e625-443c-b473-8f0eb720ec7c,CUST-2021-CN-000658,桂兰,彭,桂兰 彭,Female,1963-08-24,user532.apple474@gmx.com,15032090933,徐街f座,嘉禾市,拉萨县,806427,CN,China,GREATER_CHINA,Chinese,Business,None,2021-08-13,2021,NEW,True,MDM,2021-08-13 00:00:00,2026-04-17 15:58:36.731345
d0e4f51a-7263-4241-9c13-2fca9c8b2762,CUST-2021-CN-000659,秀华,花,秀华 花,Female,1965-10-31,user581.apple286@msn.com,15168450240,永安路F座,潮州县,红梅市,431258,CN,China,GREATER_CHINA,Chinese,Consumer,Gold,2021-07-28,2021,NEW,True,MDM,2021-07-28 00:00:00,2026-04-17 15:58:36.731422
e3e23443-ef6c-44dc-b428-a41de61045fc,CUST-2021-CN-000660,莹,王,莹 王,Male,1999-05-29,user349.apple@outlook.com,13174394832,长春路F座,洁市,丽华市,976956,CN,China,GREATER_CHINA,Chinese,Business,Silver,2021-03-25,2021,NEW,True,MDM,2021-03-25 00:00:00,2026-04-17 15:58:36.731502
c0c7fd3a-ecf6-478a-a034-de5552ca37e3,CUST-2021-CN-000661,柳,杨,柳 杨,Female,1957-02-24,user264.apple268@live.com,15094942926,杭州街V座,福州市,玉兰市,855996,CN,China,GREATER_CHINA,Chinese,Education,Platinum,2021-07-14,2021,NEW,True,MDM,2021-07-14 00:00:00,2026-04-17 15:58:36.731583
4565a197-7660-4166-8584-a4ca2089a466,CUST-2021-CN-000662,丽丽,李,丽丽 李,Female,1969-11-15,user223.apple@gmx.com,15285964782,银川路f座,利县,勇市,938855,CN,China,GREATER_CHINA,Chinese,Consumer,None,2021-08-16,2021,NEW,True,MDM,2021-08-16 00:00:00,2026-04-17 15:58:36.731661
5b7bcb04-af13-4d32-8b8f-d48de81f3062,CUST-2021-CN-000663,荣,江,荣 江,Male,1980-09-23,user602.apple@icloud.com,18869676836,海口路W座,勇市,淑珍县,934724,CN,China,GREATER_CHINA,Chinese,Consumer,None,2021-01-05,2021,NEW,True,MDM,2021-01-05 00:00:00,2026-04-17 15:58:36.731741
eab0a04f-4b2c-4a39-aa9e-2ff6f3ad9620,CUST-2021-CN-000664,桂英,韩,桂英 韩,Male,1950-12-29,user605.apple@yahoo.com,13177029610,胡街V座,贵阳县,建市,360405,CN,China,GREATER_CHINA,Chinese,Consumer,None,2021-05-12,2021,NEW,True,MDM,2021-05-12 00:00:00,2026-04-17 15:58:36.731837
1f374c6b-afaf-4fac-bc98-f41ff9f597e6,CUST-2021-CN-000665,岩,张,岩 张,Female,2002-01-11,user732.apple164@hotmail.com,15306880089,赫街q座,桂荣县,秀英市,449934,CN,China,GREATER_CHINA,Chinese,Consumer,Gold,2021-03-22,2021,NEW,True,MDM,2021-03-22 00:00:00,2026-04-17 15:58:36.731935
36c30571-cd0f-4a64-b372-3054530ff3d3,CUST-2021-CN-000666,淑兰,林,淑兰 林,Male,1957-06-06,user934.apple325@live.com,14771227746,高路b座,广州市,建军市,831530,CN,China,GREATER_CHINA,Chinese,Consumer,None,2021-07-11,2021,NEW,True,MDM,2021-07-11 00:00:00,2026-04-17 15:58:36.732032
efcd092c-8074-4abb-9e5b-952bc90e63fa,CUST-2021-CN-000667,飞,柴,飞 柴,Female,1956-12-06,user285.apple@yahoo.com,14782488996,王路r座,华市,银川县,246254,CN,China,GREATER_CHINA,Chinese,Consumer,Silver,2021-12-01,2021,NEW,True,MDM,2021-12-01 00:00:00,2026-04-17 15:58:36.732130
9bf9496b-4041-431d-8d40-c9a431038b74,CUST-2021-CN-000668,桂芝,孙,桂芝 孙,Female,1961-11-15,user532.apple@outlook.com,13735526857,辽阳街o座,乌鲁木齐市,玉珍县,298333,CN,China,GREATER_CHINA,Chinese,Consumer,None,2021-07-30,2021,NEW,True,MDM,2021-07-30 00:00:00,2026-04-17 15:58:36.732207
e48ac8a2-e2b3-4e46-9eec-571deaca1e0a,CUST-2021-CN-000669,红梅,王,红梅 王,Male,1976-11-16,user950.apple@yahoo.com,13400443047,北镇街n座,西宁市,军县,428371,CN,China,GREATER_CHINA,Chinese,Consumer,None,2021-07-22,2021,NEW,True,MDM,2021-07-22 00:00:00,2026-04-17 15:58:36.732286
cf96418d-ed31-4585-b311-23b54aa2a159,CUST-2021-CN-000670,雪梅,张,雪梅 张,Male,1983-07-21,user435.apple487@outlook.com,13338102651,瞿街D座,成县,秀华县,962802,CN,China,GREATER_CHINA,Chinese,Education,Gold,2021-02-01,2021,NEW,True,MDM,2021-02-01 00:00:00,2026-04-17 15:58:36.732382
ccc0602b-f9c0-4614-a1e6-e878e66b129c,CUST-2021-CN-000671,伟,董,伟 董,Male,1999-12-01,user898.apple@protonmail.com,15573561190,李路c座,澳门县,西宁县,643101,CN,China,GREATER_CHINA,Chinese,Consumer,Gold,2021-08-15,2021,NEW,True,MDM,2021-08-15 00:00:00,2026-04-17 15:58:36.732476
62005bcb-ed7c-4c65-b93c-07ee3e72c4fd,CUST-2021-CN-000672,利,吴,利 吴,Female,1965-03-01,user885.apple@yahoo.com,15285859776,合山街C座,深圳县,凤英市,253660,CN,China,GREATER_CHINA,Chinese,Consumer,Silver,2021-01-14,2021,NEW,True,MDM,2021-01-14 00:00:00,2026-04-17 15:58:36.732553
5063966b-e5a6-4923-bed6-818fa8079da3,CUST-2021-CN-000673,莉,章,莉 章,Male,1980-09-15,user307.apple281@hotmail.com,13428405138,嘉禾路Z座,郑州县,淮安市,787319,CN,China,GREATER_CHINA,Chinese,Consumer,Silver,2021-03-16,2021,NEW,True,MDM,2021-03-16 00:00:00,2026-04-17 15:58:36.732629
ce534cd6-f4bd-4dc9-9bf0-f942b9e2811a,CUST-2021-CN-000674,桂珍,邓,桂珍 邓,Male,1981-03-10,user160.apple517@hotmail.com,18697217054,王街Z座,秀英县,惠州市,889680,CN,China,GREATER_CHINA,Chinese,Consumer,None,2021-03-23,2021,NEW,True,MDM,2021-03-23 00:00:00,2026-04-17 15:58:36.732725
20271797-59ee-44a3-babc-edb1a7ade74b,CUST-2021-CN-000675,志强,吴,志强 吴,Female,1991-11-29,user987.apple@gmail.com,18767158940,天津路g座,沈阳县,建县,948379,CN,China,GREATER_CHINA,Chinese,Consumer,Gold,2021-08-04,2021,NEW,True,MDM,2021-08-04 00:00:00,2026-04-17 15:58:36.732805
2950596e-cc4e-40ad-b316-8df6be9234ad,CUST-2021-CN-000676,雪,豆,雪 豆,Male,1995-08-06,user527.apple@outlook.com,14722995775,天津街r座,云县,云市,811572,CN,China,GREATER_CHINA,Chinese,Consumer,None,2021-03-19,2021,NEW,True,MDM,2021-03-19 00:00:00,2026-04-17 15:58:36.732887
1f2868c6-e561-49c2-b578-59dd0eec0ac4,CUST-2021-CN-000677,帆,李,帆 李,Female,1960-12-02,user209.apple@gmail.com,15320614883,张路c座,晨县,重庆县,467139,CN,China,GREATER_CHINA,Chinese,Business,Gold,2021-07-11,2021,NEW,True,MDM,2021-07-11 00:00:00,2026-04-17 15:58:36.732982
4a205e6e-87a8-43dd-b920-3ba912497528,CUST-2021-CN-000678,涛,孙,涛 孙,Female,1977-03-13,user388.apple@msn.com,15572083351,马鞍山路f座,济南县,沈阳县,921877,CN,China,GREATER_CHINA,Chinese,Consumer,None,2021-01-15,2021,NEW,True,MDM,2021-01-15 00:00:00,2026-04-17 15:58:36.733058
b9333e22-cca5-40e7-83ef-07292f10e438,CUST-2021-CN-000679,冬梅,宋,冬梅 宋,Male,1988-12-07,user572.apple@msn.com,15819043460,潜江路R座,张家港市,杭州县,963859,CN,China,GREATER_CHINA,Chinese,Consumer,None,2021-04-28,2021,NEW,True,MDM,2021-04-28 00:00:00,2026-04-17 15:58:36.733136
ad03badd-9817-4ee5-8063-80a1d081475d,CUST-2021-CN-000680,秀梅,李,秀梅 李,Male,1986-11-15,user129.apple@msn.com,15015303675,许路N座,秀芳县,飞县,928399,CN,China,GREATER_CHINA,Chinese,Education,None,2021-02-24,2021,NEW,True,MDM,2021-02-24 00:00:00,2026-04-17 15:58:36.733232
67be93ce-0e4c-4f78-b371-fa60bf334451,CUST-2021-CN-000681,雷,马,雷 马,Male,2005-07-10,user726.apple@outlook.com,15194074038,六盘水路c座,辛集市,海门县,794392,CN,China,GREATER_CHINA,Chinese,Consumer,Silver,2021-08-28,2021,NEW,True,MDM,2021-08-28 00:00:00,2026-04-17 15:58:36.733309
808295ea-cdec-4738-8ba1-6634408858bb,CUST-2021-CN-000682,冬梅,胡,冬梅 胡,Male,2000-09-23,user142.apple@hotmail.com,15851427887,呼和浩特街o座,呼和浩特市,凤兰市,308398,CN,China,GREATER_CHINA,Chinese,Education,None,2021-08-18,2021,NEW,True,MDM,2021-08-18 00:00:00,2026-04-17 15:58:36.733390
a716f976-f089-4b3a-801e-6c799b276b8e,CUST-2021-CN-000683,阳,耿,阳 耿,Male,1960-08-23,user539.apple@gmx.com,18796170457,哈尔滨街H座,潮州县,桂兰市,823247,CN,China,GREATER_CHINA,Chinese,Business,Gold,2021-11-12,2021,NEW,True,MDM,2021-11-12 00:00:00,2026-04-17 15:58:36.733467
a2ce365a-1564-408c-baed-afb114c7b3ac,CUST-2021-CN-000684,丽丽,刘,丽丽 刘,Male,1955-01-19,user516.apple272@zoho.com,15579147452,项路H座,秀兰县,六安县,597576,CN,China,GREATER_CHINA,Chinese,Consumer,Silver,2021-08-24,2021,NEW,True,MDM,2021-08-24 00:00:00,2026-04-17 15:58:36.733567
7495a2cb-4f75-4922-8a44-5727c806e052,CUST-2021-CN-000685,洋,沈,洋 沈,Female,1964-08-15,user262.apple@hotmail.com,15885710049,黄路w座,成都市,彬市,934968,CN,China,GREATER_CHINA,Chinese,Consumer,None,2021-05-08,2021,NEW,True,MDM,2021-05-08 00:00:00,2026-04-17 15:58:36.733666
ba727d41-c1be-49f0-8c5f-d4343b48c4ac,CUST-2021-CN-000686,丽华,易,丽华 易,Female,2001-11-13,user942.apple@aol.com,18623864369,蒋路n座,玉梅县,秀云市,608427,CN,China,GREATER_CHINA,Chinese,Consumer,Silver,2021-11-29,2021,NEW,True,MDM,2021-11-29 00:00:00,2026-04-17 15:58:36.733762
a31c6b9d-6f4c-49c4-878d-481be2b0cae2,CUST-2021-CN-000687,丹,郑,丹 郑,Male,1964-05-05,user257.apple@mail.com,18816387560,永安路n座,兴城市,淮安县,367161,CN,China,GREATER_CHINA,Chinese,Consumer,None,2021-01-04,2021,NEW,True,MDM,2021-01-04 00:00:00,2026-04-17 15:58:36.733839
ca0e7950-9818-4ce0-a625-f0d639bb634d,CUST-2021-CN-000688,琴,李,琴 李,Male,2000-06-29,user727.apple815@yahoo.com,15708509383,陈路A座,春梅市,秀荣市,989231,CN,China,GREATER_CHINA,Chinese,Business,Platinum,2021-03-30,2021,NEW,True,MDM,2021-03-30 00:00:00,2026-04-17 15:58:36.733935
48886d73-df91-490e-9931-440b389b4354,CUST-2021-CN-000689,勇,武,勇 武,Male,1999-05-24,user108.apple@gmail.com,18179278369,邬街j座,玲市,丹市,436408,CN,China,GREATER_CHINA,Chinese,Education,Gold,2021-10-02,2021,NEW,True,MDM,2021-10-02 00:00:00,2026-04-17 15:58:36.734036
e3e99a20-e094-4d96-a2a7-950678e57a97,CUST-2021-CN-000690,秀珍,潘,秀珍 潘,Male,2007-10-24,user134.apple@hotmail.com,14562155188,嘉禾路q座,彬县,合山市,306459,CN,China,GREATER_CHINA,Chinese,Consumer,Gold,2021-03-19,2021,NEW,True,MDM,2021-03-19 00:00:00,2026-04-17 15:58:36.734114
6a8491c5-071a-4f75-93f2-f01db9f5b1bf,CUST-2021-CN-000691,云,毕,云 毕,Female,1997-04-13,user578.apple@gmail.com,15554608430,范路c座,阜新县,南宁市,700420,CN,China,GREATER_CHINA,Chinese,Consumer,None,2021-03-01,2021,NEW,True,MDM,2021-03-01 00:00:00,2026-04-17 15:58:36.734211
8f8ec9fa-cfa9-4285-af58-4c406c618c51,CUST-2021-CN-000692,建军,文,建军 文,Female,1954-11-10,user845.apple522@protonmail.com,15555360852,陈街s座,广州市,杭州县,665855,CN,China,GREATER_CHINA,Chinese,Consumer,None,2021-12-20,2021,NEW,True,MDM,2021-12-20 00:00:00,2026-04-17 15:58:36.734307
5c293629-a514-4360-b85e-0d465ed859c8,CUST-2021-CN-000693,建,李,建 李,Female,1983-06-04,user275.apple515@msn.com,13495467133,上海路G座,哈尔滨县,淑珍市,173888,CN,China,GREATER_CHINA,Chinese,Education,Gold,2021-04-12,2021,NEW,True,MDM,2021-04-12 00:00:00,2026-04-17 15:58:36.734387
30bcdec8-4705-4b8c-8e12-78fa63f7762b,CUST-2021-CN-000694,建国,曹,建国 曹,Male,1967-03-06,user461.apple@hotmail.com,14569718718,刘街G座,淮安市,东莞市,833867,CN,China,GREATER_CHINA,Chinese,Education,None,2021-02-26,2021,NEW,True,MDM,2021-02-26 00:00:00,2026-04-17 15:58:36.734481
c0a63f77-9ffc-48a6-a24a-b31ea7886195,CUST-2021-CN-000695,刚,陈,刚 陈,Female,1958-04-25,user812.apple@yahoo.com,18117375349,吴街E座,文市,宇市,312930,CN,China,GREATER_CHINA,Chinese,Education,None,2021-10-05,2021,NEW,True,MDM,2021-10-05 00:00:00,2026-04-17 15:58:36.734576
6fe18b53-febe-4996-be12-1becb95845ae,CUST-2021-CN-000696,玲,廖,玲 廖,Male,1997-01-12,user428.apple@hotmail.com,13157041240,韩路h座,通辽县,帆市,146891,CN,China,GREATER_CHINA,Chinese,Consumer,None,2021-08-27,2021,NEW,True,MDM,2021-08-27 00:00:00,2026-04-17 15:58:36.734673
e66d4f90-57fd-44cf-85ec-bfab8c8a0805,CUST-2021-CN-000697,明,周,明 周,Male,1980-01-17,user314.apple@gmx.com,15514783252,宜都街l座,深圳县,伟市,328113,CN,China,GREATER_CHINA,Chinese,Consumer,None,2021-10-17,2021,NEW,True,MDM,2021-10-17 00:00:00,2026-04-17 15:58:36.734751
ce8c3e2c-19c3-48d4-ab30-dfa2e3a3c43e,CUST-2021-CN-000698,旭,安,旭 安,Male,1997-11-30,user408.apple@protonmail.com,13792432548,蔡街H座,海门市,淑珍市,718890,CN,China,GREATER_CHINA,Chinese,Consumer,None,2021-05-17,2021,NEW,True,MDM,2021-05-17 00:00:00,2026-04-17 15:58:36.734850
b3b53c3f-6a0c-415a-a5f3-f09a4c136e67,CUST-2021-CN-000699,志强,胡,志强 胡,Male,1988-02-19,user888.apple@yahoo.com,13975059730,邯郸路O座,海门市,张家港县,976993,CN,China,GREATER_CHINA,Chinese,Consumer,None,2021-04-21,2021,NEW,True,MDM,2021-04-21 00:00:00,2026-04-17 15:58:36.734927
32cd31a5-2a6a-4714-9c15-1768ec73c0aa,CUST-2021-CN-000700,玉珍,区,玉珍 区,Male,1976-10-18,user865.apple@gmail.com,18925369481,王街A座,南宁县,合肥市,276263,CN,China,GREATER_CHINA,Chinese,Business,Gold,2021-03-06,2021,NEW,True,MDM,2021-03-06 00:00:00,2026-04-17 15:58:36.735028
58ce369c-2cfd-438f-a35c-996b77b4b39e,CUST-2021-CN-000701,梅,王,梅 王,Female,1953-02-04,user582.apple@outlook.com,18149872948,单街W座,香港市,浩市,822725,CN,China,GREATER_CHINA,Chinese,Consumer,Silver,2021-07-25,2021,NEW,True,MDM,2021-07-25 00:00:00,2026-04-17 15:58:36.735128
b34dac12-551b-4aa8-80a1-32783413fd96,CUST-2021-CN-000702,梅,方,梅 方,Male,1952-11-30,user776.apple@outlook.com,18172787749,邯郸路O座,广州县,北京县,646056,CN,China,GREATER_CHINA,Chinese,Consumer,None,2021-04-06,2021,NEW,True,MDM,2021-04-06 00:00:00,2026-04-17 15:58:36.735369
6e4a1e88-30be-4038-9da6-64eaaa8b7a88,CUST-2021-CN-000703,莉,陈,莉 陈,Female,2003-03-14,user113.apple838@aol.com,15882862941,石家庄路w座,武汉市,巢湖市,591692,CN,China,GREATER_CHINA,Chinese,Consumer,Silver,2021-07-20,2021,NEW,True,MDM,2021-07-20 00:00:00,2026-04-17 15:58:36.735494
7b7e1db0-e7fe-4b69-b1a3-65874d44bce2,CUST-2021-CN-000704,林,鞠,林 鞠,Male,1985-09-09,user545.apple@yahoo.com,15709577546,王街e座,佛山县,澳门县,746610,CN,China,GREATER_CHINA,Chinese,Consumer,Gold,2021-07-01,2021,NEW,True,MDM,2021-07-01 00:00:00,2026-04-17 15:58:36.735723
49d994db-8154-4396-a433-37e2f1af2263,CUST-2021-CN-000705,秀英,杨,秀英 杨,Male,1964-10-27,user404.apple35@aol.com,13750594129,单街Z座,兴安盟市,太原县,700652,CN,China,GREATER_CHINA,Chinese,Consumer,None,2021-06-12,2021,NEW,True,MDM,2021-06-12 00:00:00,2026-04-17 15:58:36.735886
3205565e-f80b-423f-952f-acac711fe962,CUST-2021-CN-000706,建军,谢,建军 谢,Female,1992-09-26,user943.apple@mail.com,13297445387,何路c座,金凤县,鹏市,998828,CN,China,GREATER_CHINA,Chinese,Consumer,None,2021-06-14,2021,NEW,True,MDM,2021-06-14 00:00:00,2026-04-17 15:58:36.736060
8736e71a-7225-433b-abd6-202dc73807d4,CUST-2021-CN-000707,东,孙,东 孙,Female,1965-06-03,user888.apple@icloud.com,14753817634,王街F座,东市,淮安县,168455,CN,China,GREATER_CHINA,Chinese,Consumer,Silver,2021-08-25,2021,NEW,True,MDM,2021-08-25 00:00:00,2026-04-17 15:58:36.736390
3e0e43bb-5324-40d0-a764-920d71f6f203,CUST-2021-CN-000708,金凤,傅,金凤 傅,Female,1976-04-01,user958.apple@gmx.com,13098027986,佛山路x座,澳门市,玲市,109690,CN,China,GREATER_CHINA,Chinese,Consumer,Silver,2021-04-16,2021,NEW,True,MDM,2021-04-16 00:00:00,2026-04-17 15:58:36.736539
e17a8899-7017-4227-b5aa-4d629c806776,CUST-2021-CN-000709,秀荣,武,秀荣 武,Female,2004-07-09,user686.apple@aol.com,13350081626,宁德街r座,永安县,兴安盟县,644765,CN,China,GREATER_CHINA,Chinese,Education,None,2021-08-25,2021,NEW,True,MDM,2021-08-25 00:00:00,2026-04-17 15:58:36.736701
42f5225e-e8e5-42bf-a081-4d44638e9145,CUST-2021-CN-000710,淑英,陈,淑英 陈,Male,1952-02-08,user662.apple@live.com,13015686072,海口路n座,兰州市,关岭市,707648,CN,China,GREATER_CHINA,Chinese,Consumer,Silver,2021-02-11,2021,NEW,True,MDM,2021-02-11 00:00:00,2026-04-17 15:58:36.736864
67e49d8b-a677-4029-9589-e895c1b72e0b,CUST-2021-CN-000711,海燕,宋,海燕 宋,Female,1991-06-10,user456.apple@zoho.com,13585222234,济南街D座,玉英市,长沙县,457920,CN,China,GREATER_CHINA,Chinese,Consumer,Gold,2021-03-17,2021,NEW,True,MDM,2021-03-17 00:00:00,2026-04-17 15:58:36.737003
e008124c-1d2b-4e72-b536-fa641823889b,CUST-2021-CN-000712,小红,贾,小红 贾,Female,1984-04-11,user916.apple@zoho.com,15857767423,叶街D座,广州县,浩市,877426,CN,China,GREATER_CHINA,Chinese,Consumer,None,2021-01-26,2021,NEW,True,MDM,2021-01-26 00:00:00,2026-04-17 15:58:36.737107
92e534ab-4ad0-45ed-8e98-d3248707cc65,CUST-2021-CN-000713,小红,韩,小红 韩,Male,1970-01-04,user131.apple@gmail.com,15894949509,柳州路N座,杨市,关岭县,472403,CN,China,GREATER_CHINA,Chinese,Consumer,Silver,2021-08-31,2021,NEW,True,MDM,2021-08-31 00:00:00,2026-04-17 15:58:36.737194
449650b9-3dd8-466c-86d3-c46724e14501,CUST-2021-CN-000714,秀英,王,秀英 王,Female,2003-12-09,user490.apple353@gmail.com,13320243484,兰州街v座,南京市,涛县,199338,CN,China,GREATER_CHINA,Chinese,Consumer,None,2021-08-24,2021,NEW,True,MDM,2021-08-24 00:00:00,2026-04-17 15:58:36.737280
572266a5-1101-49c2-be16-dd632a500022,CUST-2021-CN-000715,玉兰,刘,玉兰 刘,Female,2003-01-20,user170.apple@zoho.com,15243136172,阎路U座,建华县,济南市,692470,CN,China,GREATER_CHINA,Chinese,Consumer,None,2021-07-10,2021,NEW,True,MDM,2021-07-10 00:00:00,2026-04-17 15:58:36.737378
0f6a5549-46a9-4324-909c-8dc8c714ec12,CUST-2021-CN-000716,兵,汪,兵 汪,Female,1989-06-10,user196.apple397@zoho.com,15146804887,刁路K座,涛市,合肥县,341373,CN,China,GREATER_CHINA,Chinese,Consumer,Silver,2021-03-30,2021,NEW,True,MDM,2021-03-30 00:00:00,2026-04-17 15:58:36.737476
7d01a4f7-b1dc-4a68-b88a-952c58a8fab9,CUST-2021-CN-000717,秀珍,高,秀珍 高,Male,1995-07-26,user748.apple@msn.com,13614630659,梧州街v座,金凤市,台北市,882312,CN,China,GREATER_CHINA,Chinese,Consumer,Silver,2021-09-20,2021,NEW,True,MDM,2021-09-20 00:00:00,2026-04-17 15:58:36.737556
63498918-5fd4-44f6-85dc-ffe8c13d4944,CUST-2021-CN-000718,秀梅,张,秀梅 张,Male,1991-09-22,user516.apple@mail.com,18199631595,宁德街w座,丽市,鹏县,963677,CN,China,GREATER_CHINA,Chinese,Education,Silver,2021-02-21,2021,NEW,True,MDM,2021-02-21 00:00:00,2026-04-17 15:58:36.737634
ea8e4f2b-6418-4dfa-86a6-2b73d99dbc75,CUST-2021-CN-000719,宁,甘,宁 甘,Female,1988-09-16,user144.apple@outlook.com,15123638025,钟路m座,大冶市,丹市,348355,CN,China,GREATER_CHINA,Chinese,Education,None,2021-12-19,2021,NEW,True,MDM,2021-12-19 00:00:00,2026-04-17 15:58:36.737731
2ce38baf-a216-4583-9ba4-ab0ab39cb1ec,CUST-2021-CN-000720,斌,张,斌 张,Male,1968-10-22,user737.apple@mail.com,13181935546,唐街z座,明县,荆门市,331347,CN,China,GREATER_CHINA,Chinese,Consumer,Silver,2021-08-08,2021,NEW,True,MDM,2021-08-08 00:00:00,2026-04-17 15:58:36.737826
3dda1dfe-6427-4c60-8f3a-de7330936686,CUST-2021-CN-000721,红,耿,红 耿,Male,1977-10-16,user228.apple@icloud.com,13400757201,吕路r座,春梅县,太原市,168153,CN,China,GREATER_CHINA,Chinese,Consumer,Gold,2021-02-08,2021,NEW,True,MDM,2021-02-08 00:00:00,2026-04-17 15:58:36.737921
65a2f385-f598-4c19-83c2-47d8fced8725,CUST-2021-CN-000722,彬,鞠,彬 鞠,Female,1958-01-29,user418.apple@yahoo.com,18238235646,西宁街u座,沈阳县,彬市,147610,CN,China,GREATER_CHINA,Chinese,Consumer,None,2021-12-23,2021,NEW,True,MDM,2021-12-23 00:00:00,2026-04-17 15:58:36.738000
33e81df2-fcc9-4ba4-80c7-69288b9d5a24,CUST-2021-CN-000723,想,俞,想 俞,Male,1986-02-25,user816.apple721@yahoo.com,14535114423,武路F座,淑兰市,艳市,365316,CN,China,GREATER_CHINA,Chinese,Education,Gold,2021-10-11,2021,NEW,True,MDM,2021-10-11 00:00:00,2026-04-17 15:58:36.738096
83accbd8-cdf4-497b-b807-11388b32fe9f,CUST-2021-CN-000724,洋,邓,洋 邓,Male,1968-08-19,user463.apple@msn.com,13422102996,葛路e座,龙市,海口市,205839,CN,China,GREATER_CHINA,Chinese,Consumer,None,2021-03-15,2021,NEW,True,MDM,2021-03-15 00:00:00,2026-04-17 15:58:36.738193
e65b057a-fbf5-4eb5-b6ad-be80203d6714,CUST-2021-CN-000725,春梅,李,春梅 李,Male,1996-07-27,user655.apple@msn.com,15682373979,哈尔滨街z座,静市,大冶县,186499,CN,China,GREATER_CHINA,Chinese,Consumer,Platinum,2021-03-22,2021,NEW,True,MDM,2021-03-22 00:00:00,2026-04-17 15:58:36.738273
b9667829-e909-4876-88c5-da499a8543d1,CUST-2021-CN-000726,桂香,李,桂香 李,Female,1951-11-09,user101.apple@icloud.com,15186170341,詹街U座,兴城市,军市,583047,CN,China,GREATER_CHINA,Chinese,Consumer,None,2021-06-24,2021,NEW,True,MDM,2021-06-24 00:00:00,2026-04-17 15:58:36.738370
520cbaf7-de8e-4f07-88f3-da0945b9ae80,CUST-2021-CN-000727,峰,李,峰 李,Male,1952-03-10,user379.apple260@yahoo.com,15209311755,詹街c座,武汉县,六安市,656385,CN,China,GREATER_CHINA,Chinese,Consumer,Gold,2021-04-20,2021,NEW,True,MDM,2021-04-20 00:00:00,2026-04-17 15:58:36.738465
7c228327-2602-4a90-82ec-0064c9fb43fe,CUST-2021-CN-000728,超,张,超 张,Male,1968-07-24,user390.apple@icloud.com,13867224886,汕尾街H座,六盘水市,彬市,459603,CN,China,GREATER_CHINA,Chinese,Education,Silver,2021-03-10,2021,NEW,True,MDM,2021-03-10 00:00:00,2026-04-17 15:58:36.738543
f3a271f7-e231-45b3-814f-ed1504e30c9e,CUST-2021-CN-000729,春梅,刘,春梅 刘,Female,2003-08-20,user950.apple872@msn.com,15068260345,阜新街V座,莹市,玉英县,186859,CN,China,GREATER_CHINA,Chinese,Consumer,Platinum,2021-09-02,2021,NEW,True,MDM,2021-09-02 00:00:00,2026-04-17 15:58:36.738622
a8f8b692-e1fa-4117-b506-03f7e62a5c22,CUST-2021-CN-000730,瑜,秦,瑜 秦,Female,1995-02-19,user898.apple8@zoho.com,14587152427,李街N座,南宁市,飞市,865423,CN,China,GREATER_CHINA,Chinese,Consumer,None,2021-11-09,2021,NEW,True,MDM,2021-11-09 00:00:00,2026-04-17 15:58:36.738718
09b42f92-aabd-4bac-a8af-87dc64591e93,CUST-2021-CN-000731,秀英,唐,秀英 唐,Male,1995-06-14,user470.apple@icloud.com,13825685250,万街w座,霞县,飞县,371545,CN,China,GREATER_CHINA,Chinese,Consumer,Silver,2021-05-06,2021,NEW,True,MDM,2021-05-06 00:00:00,2026-04-17 15:58:36.738814
a626a9b1-d2b8-47fb-9869-d9f4c70b6032,CUST-2021-CN-000732,帅,姜,帅 姜,Female,1975-12-08,user583.apple685@yahoo.com,13621520965,嘉禾路X座,峰市,潜江县,248302,CN,China,GREATER_CHINA,Chinese,Consumer,None,2021-12-16,2021,NEW,True,MDM,2021-12-16 00:00:00,2026-04-17 15:58:36.738891
757ef51e-3cb4-437d-a4e6-81354ef712bc,CUST-2021-CN-000733,莉,陈,莉 陈,Female,1968-07-01,user929.apple765@mail.com,18977612262,潮州路C座,鑫县,宜都市,744751,CN,China,GREATER_CHINA,Chinese,Consumer,None,2021-03-21,2021,NEW,True,MDM,2021-03-21 00:00:00,2026-04-17 15:58:36.738969
9a6205ad-3417-480e-9244-b72ebd20eb9e,CUST-2021-CN-000734,婷婷,周,婷婷 周,Male,2000-11-19,user720.apple@zoho.com,15530030603,香港街j座,沈阳县,龙市,800702,CN,China,GREATER_CHINA,Chinese,Education,None,2021-02-24,2021,NEW,True,MDM,2021-02-24 00:00:00,2026-04-17 15:58:36.739046
9827649e-a6b0-4c73-ba57-454b39b63fcd,CUST-2021-CN-000735,帅,李,帅 李,Female,2000-11-01,user719.apple@yahoo.com,18996511990,巢湖路i座,秀芳县,丽娟市,553715,CN,China,GREATER_CHINA,Chinese,Consumer,None,2021-11-08,2021,NEW,True,MDM,2021-11-08 00:00:00,2026-04-17 15:58:36.739123
d82d030f-128e-49d9-8436-541a075e2200,CUST-2021-CN-000736,宇,王,宇 王,Male,1950-08-24,user235.apple992@mail.com,13055639518,宁德街x座,银川市,北镇市,700893,CN,China,GREATER_CHINA,Chinese,Consumer,None,2021-11-17,2021,NEW,True,MDM,2021-11-17 00:00:00,2026-04-17 15:58:36.739200
647e1642-007f-41f4-a914-842bd2209fe8,CUST-2021-CN-000737,静,刘,静 刘,Female,1998-05-16,user109.apple@outlook.com,14579157254,朱路e座,太原县,郑州县,898290,CN,China,GREATER_CHINA,Chinese,Consumer,None,2021-08-03,2021,NEW,True,MDM,2021-08-03 00:00:00,2026-04-17 15:58:36.739294
0b73337b-d066-4e77-ac19-6ce7565a184f,CUST-2021-CN-000738,玲,李,玲 李,Male,1986-10-07,user594.apple@zoho.com,13688942886,上海路U座,哈尔滨市,小红市,824670,CN,China,GREATER_CHINA,Chinese,Consumer,Silver,2021-07-31,2021,NEW,True,MDM,2021-07-31 00:00:00,2026-04-17 15:58:36.739373
7245123c-d6ac-4995-93fb-4d60acef267c,CUST-2021-CN-000739,玉华,杨,玉华 杨,Male,1950-06-25,user775.apple901@hotmail.com,15862765629,东莞街V座,秀云市,丹丹市,964665,CN,China,GREATER_CHINA,Chinese,Business,Silver,2021-02-16,2021,NEW,False,MDM,2021-02-16 00:00:00,2026-04-17 15:58:36.739451
1f2f591d-02f2-4d93-9c00-09d19900a3b4,CUST-2021-CN-000740,玉梅,宋,玉梅 宋,Male,1994-10-04,user960.apple@aol.com,18912562309,陈路d座,琴县,杰市,198330,CN,China,GREATER_CHINA,Chinese,Consumer,None,2021-12-17,2021,NEW,True,MDM,2021-12-17 00:00:00,2026-04-17 15:58:36.739548
7fb5016e-9ad9-4587-b396-f352cad3ac7c,CUST-2021-CN-000741,亮,徐,亮 徐,Male,1974-01-05,user667.apple@live.com,13616298317,兴安盟路P座,婷市,兵市,602950,CN,China,GREATER_CHINA,Chinese,Consumer,None,2021-08-23,2021,NEW,True,MDM,2021-08-23 00:00:00,2026-04-17 15:58:36.739631
8a6aad97-6fd0-4762-a8a0-4ae222132883,CUST-2021-CN-000742,丽,杨,丽 杨,Male,1979-05-15,user478.apple401@icloud.com,13215915980,汪路K座,凤英市,凤兰县,424624,CN,China,GREATER_CHINA,Chinese,Consumer,Silver,2021-11-17,2021,NEW,True,MDM,2021-11-17 00:00:00,2026-04-17 15:58:36.739732
5a3aa9a5-f1a9-4e5e-987c-aa60f51faf60,CUST-2021-CN-000743,秀珍,雷,秀珍 雷,Male,1994-06-20,user964.apple306@zoho.com,13272940521,乌鲁木齐街q座,桂芝县,贵阳市,266748,CN,China,GREATER_CHINA,Chinese,Consumer,Gold,2021-12-14,2021,NEW,True,MDM,2021-12-14 00:00:00,2026-04-17 15:58:36.739815
43251062-c0a6-4dea-8f2f-fded350c424a,CUST-2021-CN-000744,瑜,阎,瑜 阎,Female,2001-12-29,user102.apple@protonmail.com,18212473701,熊路G座,峰市,斌市,589226,CN,China,GREATER_CHINA,Chinese,Education,None,2021-02-21,2021,NEW,True,MDM,2021-02-21 00:00:00,2026-04-17 15:58:36.739917
fe88bfdc-4ad9-47fb-b6df-7b6d3f1cfa33,CUST-2021-CN-000745,云,鲁,云 鲁,Female,2002-05-19,user870.apple@gmx.com,18964403083,佛山路I座,永安县,帅市,581119,CN,China,GREATER_CHINA,Chinese,Consumer,Silver,2021-05-17,2021,NEW,True,MDM,2021-05-17 00:00:00,2026-04-17 15:58:36.739996
098652d2-87e4-482f-b226-c7bdca8f1aab,CUST-2021-CN-000746,辉,周,辉 周,Male,2003-02-02,user645.apple@yahoo.com,13341841418,许路x座,辉县,南京县,196037,CN,China,GREATER_CHINA,Chinese,Business,None,2021-02-06,2021,NEW,True,MDM,2021-02-06 00:00:00,2026-04-17 15:58:36.740092
7a0da9c3-1fca-4291-a432-9f04f73e6ac8,CUST-2021-CN-000747,龙,周,龙 周,Female,1976-02-24,user396.apple@yahoo.com,15931401421,上海街L座,瑜市,建平县,902622,CN,China,GREATER_CHINA,Chinese,Consumer,Platinum,2021-07-04,2021,NEW,True,MDM,2021-07-04 00:00:00,2026-04-17 15:58:36.740169
01f7fcbc-9ed5-43f2-bda2-272e3deb0e29,CUST-2021-CN-000748,凤英,赵,凤英 赵,Female,1954-09-22,user782.apple@hotmail.com,13924350067,张路a座,辽阳市,沈阳县,914102,CN,China,GREATER_CHINA,Chinese,Business,Platinum,2021-09-30,2021,NEW,True,MDM,2021-09-30 00:00:00,2026-04-17 15:58:36.740263
43b14cad-de57-4014-b303-f02b7b9d5546,CUST-2021-CN-000749,成,王,成 王,Female,1985-01-02,user283.apple@hotmail.com,18574083361,唐路u座,琳市,丽县,612335,CN,China,GREATER_CHINA,Chinese,Consumer,None,2021-09-29,2021,NEW,True,MDM,2021-09-29 00:00:00,2026-04-17 15:58:36.740359
77df451a-58ad-4356-8579-937fb9451b31,CUST-2021-CN-000750,桂珍,孙,桂珍 孙,Female,1999-07-06,user876.apple@zoho.com,13236740045,宁德路L座,平市,玲县,535327,CN,China,GREATER_CHINA,Chinese,Business,None,2021-10-22,2021,NEW,False,MDM,2021-10-22 00:00:00,2026-04-17 15:58:36.740436
f266ab10-f282-4221-8d1f-bad1f47d1f4f,CUST-2021-CN-000751,淑珍,鞠,淑珍 鞠,Female,2002-06-21,user803.apple@gmail.com,18969061597,罗路n座,淑珍市,秀英县,534122,CN,China,GREATER_CHINA,Chinese,Consumer,None,2021-03-25,2021,NEW,True,MDM,2021-03-25 00:00:00,2026-04-17 15:58:36.740530
999bf02a-3236-4bbc-a999-296dcff1d681,CUST-2021-CN-000752,玉珍,罗,玉珍 罗,Male,1990-08-30,user947.apple@hotmail.com,15380438833,陈街S座,明县,云县,190125,CN,China,GREATER_CHINA,Chinese,Consumer,None,2021-07-05,2021,NEW,True,MDM,2021-07-05 00:00:00,2026-04-17 15:58:36.740627
fce7e669-68b8-4bde-a84a-2b5447721be4,CUST-2021-CN-000753,建国,毛,建国 毛,Female,1981-11-10,user624.apple73@msn.com,15001760825,张街m座,岩市,长沙县,899817,CN,China,GREATER_CHINA,Chinese,Consumer,None,2021-10-02,2021,NEW,False,MDM,2021-10-02 00:00:00,2026-04-17 15:58:36.740722
9bf83c83-88c0-4baf-9848-5dc98ba181e0,CUST-2021-CN-000754,欣,张,欣 张,Female,1996-04-17,user660.apple@mail.com,15246542315,王路l座,旭县,石家庄市,779038,CN,China,GREATER_CHINA,Chinese,Education,None,2021-07-09,2021,NEW,True,MDM,2021-07-09 00:00:00,2026-04-17 15:58:36.740816
69095750-b14b-464a-8805-3640488e0264,CUST-2021-CN-000755,柳,王,柳 王,Male,1986-11-21,user996.apple@protonmail.com,13591255063,梧州路s座,鑫市,云市,489921,CN,China,GREATER_CHINA,Chinese,Consumer,Silver,2021-03-29,2021,NEW,True,MDM,2021-03-29 00:00:00,2026-04-17 15:58:36.740893
9f4f8620-a5b8-4668-b865-cda251f48a1f,CUST-2021-CN-000756,玉珍,李,玉珍 李,Male,1961-12-22,user484.apple@protonmail.com,18291824789,潮州街I座,桂花市,秀芳县,643626,CN,China,GREATER_CHINA,Chinese,Consumer,None,2021-05-24,2021,NEW,True,MDM,2021-05-24 00:00:00,2026-04-17 15:58:36.740970
a691f96d-5865-47d9-83b8-b067ec6d58f7,CUST-2021-CN-000757,凯,陈,凯 陈,Female,1972-01-11,user259.apple958@gmail.com,13342734950,陈路h座,大冶市,福州市,264513,CN,China,GREATER_CHINA,Chinese,Consumer,None,2021-10-13,2021,NEW,True,MDM,2021-10-13 00:00:00,2026-04-17 15:58:36.741064
a77bbe2b-aa40-4461-8f2a-50205f8f7d87,CUST-2021-CN-000758,洁,梁,洁 梁,Male,1968-11-18,user408.apple@yahoo.com,14584203331,李路u座,乌鲁木齐市,兵县,878982,CN,China,GREATER_CHINA,Chinese,Consumer,None,2021-11-12,2021,NEW,True,MDM,2021-11-12 00:00:00,2026-04-17 15:58:36.741159
afdb2b6d-b593-42dc-b69c-7504202d3024,CUST-2021-CN-000759,欢,王,欢 王,Female,2005-10-15,user238.apple@hotmail.com,18907361270,上海路p座,石家庄县,洋市,998654,CN,China,GREATER_CHINA,Chinese,Consumer,Silver,2021-12-20,2021,NEW,True,MDM,2021-12-20 00:00:00,2026-04-17 15:58:36.741236
a450239e-ee1a-450b-9854-fcd91af3122d,CUST-2021-CN-000760,林,赵,林 赵,Female,1981-07-18,user197.apple126@mail.com,18511389764,景路G座,文市,淑兰县,184648,CN,China,GREATER_CHINA,Chinese,Consumer,Gold,2021-09-19,2021,NEW,True,MDM,2021-09-19 00:00:00,2026-04-17 15:58:36.741331
4fd8f9c1-4724-4d89-8c64-0cb041093357,CUST-2021-CN-000761,红梅,吴,红梅 吴,Female,1990-01-29,user964.apple@aol.com,18060469712,合肥路A座,梅县,秀华市,524174,CN,China,GREATER_CHINA,Chinese,Consumer,Silver,2021-08-08,2021,NEW,True,MDM,2021-08-08 00:00:00,2026-04-17 15:58:36.741408
ba2b4388-24e3-40ee-ae87-ca8c1df6550e,CUST-2021-CN-000762,文,熊,文 熊,Female,1987-08-25,user608.apple@gmail.com,15636756194,叶路E座,西安市,秀兰市,602395,CN,China,GREATER_CHINA,Chinese,Consumer,None,2021-09-24,2021,NEW,True,MDM,2021-09-24 00:00:00,2026-04-17 15:58:36.741502
4f6cbb01-ea69-410b-8071-60ca89137a86,CUST-2021-CN-000763,秀英,彭,秀英 彭,Female,1970-08-10,user880.apple@mail.com,18113779581,黄街J座,永安县,北京县,885003,CN,China,GREATER_CHINA,Chinese,Business,Silver,2021-11-28,2021,NEW,True,MDM,2021-11-28 00:00:00,2026-04-17 15:58:36.741597
5f515b82-c02b-48a0-8594-d64d5cdfcfc6,CUST-2021-CN-000764,建国,顾,建国 顾,Female,1999-09-25,user978.apple@mail.com,14552615832,天津路R座,林市,太原县,499237,CN,China,GREATER_CHINA,Chinese,Consumer,Platinum,2021-08-21,2021,NEW,True,MDM,2021-08-21 00:00:00,2026-04-17 15:58:36.741674
8704ac5f-88e7-4c21-b93e-b362c04ca22c,CUST-2021-CN-000765,春梅,姜,春梅 姜,Male,1957-10-13,user774.apple183@aol.com,18646343681,张家港街E座,银川市,福州市,911862,CN,China,GREATER_CHINA,Chinese,Education,None,2021-08-16,2021,NEW,True,MDM,2021-08-16 00:00:00,2026-04-17 15:58:36.741751
8c2c1e8d-2efb-459b-8f0d-7adb0296e2b7,CUST-2021-CN-000766,玉英,孙,玉英 孙,Female,1984-05-08,user894.apple@protonmail.com,15920898526,郭路a座,六安市,兴安盟市,571150,CN,China,GREATER_CHINA,Chinese,Business,None,2021-06-14,2021,NEW,False,MDM,2021-06-14 00:00:00,2026-04-17 15:58:36.741845
9c33d782-b79a-435f-8533-6f550c4d0f52,CUST-2021-CN-000767,建国,沈,建国 沈,Female,2006-12-24,user562.apple@mail.com,15877378778,惠州街B座,丹县,辛集县,972621,CN,China,GREATER_CHINA,Chinese,Consumer,Platinum,2021-01-12,2021,NEW,True,MDM,2021-01-12 00:00:00,2026-04-17 15:58:36.741923
9dfa94b5-169d-494e-a332-3a88abdce0b1,CUST-2021-CN-000768,荣,万,荣 万,Female,1992-09-02,user471.apple@yahoo.com,13718566168,马路n座,深圳县,欣市,461831,CN,China,GREATER_CHINA,Chinese,Consumer,Silver,2021-10-10,2021,NEW,True,MDM,2021-10-10 00:00:00,2026-04-17 15:58:36.742019
ba067706-89d7-4033-b80c-585eb834871a,CUST-2021-CN-000769,小红,李,小红 李,Male,2007-10-15,user673.apple@mail.com,15326926185,武汉街x座,平县,南京县,516701,CN,China,GREATER_CHINA,Chinese,Consumer,Gold,2021-01-18,2021,NEW,True,MDM,2021-01-18 00:00:00,2026-04-17 15:58:36.742097
03f0fc28-dfe2-42f8-803a-aa690cce0031,CUST-2021-CN-000770,博,邵,博 邵,Female,1972-11-15,user479.apple@zoho.com,13029803949,韩路V座,健市,宁县,831379,CN,China,GREATER_CHINA,Chinese,Business,None,2021-12-19,2021,NEW,True,MDM,2021-12-19 00:00:00,2026-04-17 15:58:36.742193
9d3a7d16-56a5-40e8-8e96-a5b35dcd14ae,CUST-2021-CN-000771,小红,席,小红 席,Female,2002-12-02,user998.apple137@icloud.com,13371862872,陈路c座,潜江市,永安市,861172,CN,China,GREATER_CHINA,Chinese,Consumer,Silver,2021-10-26,2021,NEW,True,MDM,2021-10-26 00:00:00,2026-04-17 15:58:36.742299
c9054b76-aaf2-455c-ab1b-f84468daacf1,CUST-2021-CN-000772,淑珍,陈,淑珍 陈,Male,1978-10-31,user967.apple@mail.com,15043289442,银川路Z座,柳州县,玉珍县,490165,CN,China,GREATER_CHINA,Chinese,Consumer,Silver,2021-12-22,2021,NEW,True,MDM,2021-12-22 00:00:00,2026-04-17 15:58:36.742380
accb7c55-a520-45ca-a225-9d2ebe7ecc47,CUST-2021-CN-000773,琳,陶,琳 陶,Male,1979-01-06,user840.apple@icloud.com,18845492847,刘路W座,小红县,惠州市,147792,CN,China,GREATER_CHINA,Chinese,Consumer,None,2021-02-12,2021,NEW,True,MDM,2021-02-12 00:00:00,2026-04-17 15:58:36.742481
1f1783d2-f8d1-4f57-b084-c7c2a82da62d,CUST-2021-CN-000774,东,李,东 李,Male,1989-09-12,user890.apple@msn.com,14557321844,谢街s座,哈尔滨县,石家庄县,420606,CN,China,GREATER_CHINA,Chinese,Consumer,None,2021-04-07,2021,NEW,True,MDM,2021-04-07 00:00:00,2026-04-17 15:58:36.742581
d3764d07-2918-4081-a8ed-9062a01d462e,CUST-2021-CN-000775,玉华,高,玉华 高,Male,1982-08-31,user228.apple907@outlook.com,15264296043,杭州街G座,北镇市,秀珍市,361015,CN,China,GREATER_CHINA,Chinese,Consumer,None,2021-11-24,2021,NEW,True,MDM,2021-11-24 00:00:00,2026-04-17 15:58:36.742659
7067c727-28f2-432e-8325-260aed924376,CUST-2021-CN-000776,欣,张,欣 张,Female,1989-05-20,user864.apple@protonmail.com,13570966010,黄路d座,昆明市,梅县,805201,CN,China,GREATER_CHINA,Chinese,Business,None,2021-05-05,2021,NEW,False,MDM,2021-05-05 00:00:00,2026-04-17 15:58:36.742754
f4d223a5-e37f-465a-9249-7a515f11e8ae,CUST-2021-CN-000777,海燕,邓,海燕 邓,Female,1984-07-16,user484.apple689@outlook.com,13777350555,海门路B座,强县,畅县,465911,CN,China,GREATER_CHINA,Chinese,Consumer,Gold,2021-11-07,2021,NEW,True,MDM,2021-11-07 00:00:00,2026-04-17 15:58:36.742832
f6747cd2-621a-44ac-b229-9cbca84523cc,CUST-2021-CN-000778,燕,杨,燕 杨,Female,1993-08-11,user817.apple@gmx.com,18224765084,兴安盟路y座,重庆县,燕市,506567,CN,China,GREATER_CHINA,Chinese,Consumer,None,2021-04-03,2021,NEW,True,MDM,2021-04-03 00:00:00,2026-04-17 15:58:36.742910
1963bb8e-a8de-4e35-b57e-3a7f38299baa,CUST-2021-CN-000779,东,刘,东 刘,Male,1985-05-14,user715.apple344@gmail.com,15821259601,刘街L座,玉英市,沈阳县,199710,CN,China,GREATER_CHINA,Chinese,Education,Silver,2021-09-26,2021,NEW,True,MDM,2021-09-26 00:00:00,2026-04-17 15:58:36.743005
f7a9373a-ef41-47fc-bab3-2daf6ccf8850,CUST-2021-CN-000780,阳,李,阳 李,Male,1960-09-26,user820.apple@live.com,15707086968,长沙街G座,齐齐哈尔县,柳州市,264624,CN,China,GREATER_CHINA,Chinese,Business,None,2021-12-09,2021,NEW,True,MDM,2021-12-09 00:00:00,2026-04-17 15:58:36.743082
92ce2075-e9e2-4625-9959-3e091b69da23,CUST-2021-CN-000781,彬,杨,彬 杨,Female,2002-08-12,user348.apple@live.com,14793086823,裴路i座,兵市,武汉县,966088,CN,China,GREATER_CHINA,Chinese,Consumer,None,2021-01-28,2021,NEW,True,MDM,2021-01-28 00:00:00,2026-04-17 15:58:36.743177
98f8717a-6b55-451a-ad2c-152b9c842ff1,CUST-2021-CN-000782,博,李,博 李,Male,1997-02-09,user411.apple@mail.com,18799591262,上海街D座,璐县,辽阳市,447904,CN,China,GREATER_CHINA,Chinese,Consumer,Gold,2021-10-24,2021,NEW,True,MDM,2021-10-24 00:00:00,2026-04-17 15:58:36.743254
21354241-902b-4fb3-99f9-f891de27485e,CUST-2021-CN-000783,明,杨,明 杨,Male,1993-10-30,user561.apple53@hotmail.com,13578180120,潮州路F座,阜新县,汕尾市,371978,CN,China,GREATER_CHINA,Chinese,Consumer,Silver,2021-12-25,2021,NEW,True,MDM,2021-12-25 00:00:00,2026-04-17 15:58:36.743330
9ea89a70-85a8-415e-b0da-b26eb968d195,CUST-2021-CN-000784,红霞,艾,红霞 艾,Male,1968-07-16,user141.apple@hotmail.com,13656395536,刘路s座,洁县,玉梅县,965654,CN,China,GREATER_CHINA,Chinese,Consumer,Platinum,2021-04-12,2021,NEW,True,MDM,2021-04-12 00:00:00,2026-04-17 15:58:36.743426
f2c03e25-ffd4-4f30-be35-ebd3961df122,CUST-2021-CN-000785,志强,陈,志强 陈,Male,1992-12-03,user806.apple@outlook.com,13680745024,杜路P座,呼和浩特市,静市,446289,CN,China,GREATER_CHINA,Chinese,Consumer,Silver,2021-05-28,2021,NEW,True,MDM,2021-05-28 00:00:00,2026-04-17 15:58:36.743520
ae48f6f0-7e57-4511-a852-a8ccbc92a35a,CUST-2021-CN-000786,敏,李,敏 李,Male,1989-08-14,user292.apple@gmx.com,18616819171,夏街I座,银川市,兰英县,573642,CN,China,GREATER_CHINA,Chinese,Business,None,2021-08-02,2021,NEW,True,MDM,2021-08-02 00:00:00,2026-04-17 15:58:36.743616
41a5ffe2-8d9f-4aca-b538-06e4b512332a,CUST-2021-CN-000787,东,邱,东 邱,Female,1967-06-22,user895.apple@icloud.com,15322983525,深圳街o座,娟县,秀梅县,631787,CN,China,GREATER_CHINA,Chinese,Business,Platinum,2021-03-08,2021,NEW,True,MDM,2021-03-08 00:00:00,2026-04-17 15:58:36.743693
6d49e6e8-2c0b-4a0d-9bc2-c78e91b258f1,CUST-2021-CN-000788,海燕,谭,海燕 谭,Male,1984-02-08,user288.apple@gmail.com,14737331057,朱街O座,潮州市,洋县,312205,CN,China,GREATER_CHINA,Chinese,Consumer,None,2021-01-12,2021,NEW,True,MDM,2021-01-12 00:00:00,2026-04-17 15:58:36.743789
8d90776b-98f2-474f-94c2-da5e12a04a3b,CUST-2021-CN-000789,洁,王,洁 王,Male,1983-04-07,user729.apple188@yahoo.com,15820196964,吴街m座,莹市,成都市,577481,CN,China,GREATER_CHINA,Chinese,Business,None,2021-03-02,2021,NEW,True,MDM,2021-03-02 00:00:00,2026-04-17 15:58:36.743887
da41d29f-5dc6-4c39-82ef-8862b2c24f05,CUST-2021-CN-000790,旭,张,旭 张,Female,1982-09-02,user565.apple@yahoo.com,13707725130,香港路x座,惠州市,拉萨县,773600,CN,China,GREATER_CHINA,Chinese,Consumer,None,2021-01-20,2021,NEW,False,MDM,2021-01-20 00:00:00,2026-04-17 15:58:36.743963
32a88b95-2fc7-4624-8342-eb6b055b469c,CUST-2021-CN-000791,小红,蒋,小红 蒋,Male,1970-06-02,user520.apple@protonmail.com,18558797831,拉萨路v座,玉市,澳门市,388508,CN,China,GREATER_CHINA,Chinese,Consumer,Silver,2021-03-31,2021,NEW,True,MDM,2021-03-31 00:00:00,2026-04-17 15:58:36.744041
9558848b-5a62-4501-b978-a0376ebd98ce,CUST-2021-CN-000792,倩,许,倩 许,Female,1990-08-27,user240.apple@msn.com,18748650734,李路X座,帆县,台北县,426571,CN,China,GREATER_CHINA,Chinese,Consumer,Platinum,2021-08-08,2021,NEW,True,MDM,2021-08-08 00:00:00,2026-04-17 15:58:36.744137
bddb5819-fc2b-463a-97d7-dd0e00946364,CUST-2021-CN-000793,杨,陈,杨 陈,Female,1977-10-31,user121.apple@yahoo.com,15580094332,贵阳街t座,建华县,太原县,334917,CN,China,GREATER_CHINA,Chinese,Consumer,Silver,2021-09-25,2021,NEW,True,MDM,2021-09-25 00:00:00,2026-04-17 15:58:36.744217
51fd5138-13d1-42c3-b577-60e1b833003e,CUST-2021-CN-000794,成,刘,成 刘,Female,1985-07-29,user729.apple580@outlook.com,15705191168,刘街b座,长春县,石家庄市,922365,CN,China,GREATER_CHINA,Chinese,Education,None,2021-02-13,2021,NEW,True,MDM,2021-02-13 00:00:00,2026-04-17 15:58:36.744365
64ff0b8b-f734-4d87-a186-c62368079e63,CUST-2021-CN-000795,淑华,王,淑华 王,Female,1967-05-24,user468.apple584@live.com,18985328304,兴城路Q座,畅县,澳门县,762667,CN,China,GREATER_CHINA,Chinese,Consumer,None,2021-11-05,2021,NEW,True,MDM,2021-11-05 00:00:00,2026-04-17 15:58:36.744444
cdf6d483-580b-4a3d-8c49-799e8b7ed83d,CUST-2021-CN-000796,宇,贺,宇 贺,Female,1979-08-18,user724.apple296@mail.com,18040389613,宜都街s座,澳门县,桂芝县,200282,CN,China,GREATER_CHINA,Chinese,Consumer,Silver,2021-04-19,2021,NEW,False,MDM,2021-04-19 00:00:00,2026-04-17 15:58:36.744521
4b59f8e8-17ed-4a14-a78d-5236b70c1e0e,CUST-2021-CN-000797,欢,谭,欢 谭,Female,1969-08-14,user598.apple@icloud.com,18166491224,昆明街Q座,北镇县,淑英市,233270,CN,China,GREATER_CHINA,Chinese,Business,Silver,2021-08-26,2021,NEW,False,MDM,2021-08-26 00:00:00,2026-04-17 15:58:36.744598
3a544d10-613c-4081-a7e9-280a8abc78c5,CUST-2021-CN-000798,秀英,孔,秀英 孔,Female,2004-04-06,user982.apple@mail.com,15398526063,阎路G座,张家港市,桂香市,159599,CN,China,GREATER_CHINA,Chinese,Consumer,Gold,2021-06-26,2021,NEW,True,MDM,2021-06-26 00:00:00,2026-04-17 15:58:36.744773
989488e3-2ce3-4f1e-93eb-1ff09e57585a,CUST-2021-CN-000799,娟,赵,娟 赵,Male,1983-12-20,user109.apple@icloud.com,13643173981,南昌路q座,华市,香港市,942488,CN,China,GREATER_CHINA,Chinese,Consumer,None,2021-11-26,2021,NEW,True,MDM,2021-11-26 00:00:00,2026-04-17 15:58:36.744890
646bbe93-4936-4906-934c-c513d21922f5,CUST-2021-CN-000800,成,方,成 方,Female,2000-01-13,user944.apple@msn.com,15807532251,王路L座,辉县,北镇县,729610,CN,China,GREATER_CHINA,Chinese,Business,None,2021-09-04,2021,NEW,True,MDM,2021-09-04 00:00:00,2026-04-17 15:58:36.744994
2f31643f-9324-41b3-9aaa-600b4b3d29e8,CUST-2021-CN-000801,平,林,平 林,Male,1951-02-16,user299.apple@gmx.com,13741516885,胡路V座,晨市,丹县,905093,CN,China,GREATER_CHINA,Chinese,Business,None,2021-09-18,2021,NEW,True,MDM,2021-09-18 00:00:00,2026-04-17 15:58:36.745103
ab24bf14-bba2-426b-8bb5-0f1184ec97e6,CUST-2021-CN-000802,璐,李,璐 李,Female,1973-02-15,user633.apple@yahoo.com,13248356156,李街j座,银川市,利县,131271,CN,China,GREATER_CHINA,Chinese,Education,Silver,2021-04-12,2021,NEW,True,MDM,2021-04-12 00:00:00,2026-04-17 15:58:36.745203
2483ee37-c8cd-47e4-8223-1c44fdd0b95e,CUST-2021-CN-000803,志强,杨,志强 杨,Male,1958-04-04,user505.apple227@outlook.com,18652577419,齐齐哈尔街a座,合肥县,兰州县,191960,CN,China,GREATER_CHINA,Chinese,Consumer,Platinum,2021-12-24,2021,NEW,True,MDM,2021-12-24 00:00:00,2026-04-17 15:58:36.745284
615143ca-ce55-449f-ae83-c251eb187243,CUST-2021-CN-000804,燕,王,燕 王,Male,1954-10-10,user866.apple@protonmail.com,18863388015,王路j座,沈阳市,南宁县,203444,CN,China,GREATER_CHINA,Chinese,Consumer,None,2021-11-10,2021,NEW,True,MDM,2021-11-10 00:00:00,2026-04-17 15:58:36.745386
182c36d5-f6e1-4a80-ab45-4ec9bee8acf7,CUST-2021-CN-000805,娟,龚,娟 龚,Female,1987-08-07,user707.apple677@yahoo.com,18057360377,邓路r座,东莞市,海口县,699725,CN,China,GREATER_CHINA,Chinese,Consumer,Gold,2021-08-08,2021,NEW,True,MDM,2021-08-08 00:00:00,2026-04-17 15:58:36.745490
14f647e5-52a1-4ab2-a195-7172a6ffccaa,CUST-2021-CN-000806,伟,马,伟 马,Male,2003-10-19,user426.apple@aol.com,14548834740,南宁街O座,玉华县,婷婷市,769382,CN,China,GREATER_CHINA,Chinese,Consumer,Silver,2021-11-25,2021,NEW,True,MDM,2021-11-25 00:00:00,2026-04-17 15:58:36.745573
9e9fc416-57df-437a-9f27-1426cd577f77,CUST-2021-CN-000807,淑华,陈,淑华 陈,Male,1957-12-24,user880.apple@hotmail.com,18553108571,钟路N座,银川县,莉县,857404,CN,China,GREATER_CHINA,Chinese,Consumer,Gold,2021-08-03,2021,NEW,True,MDM,2021-08-03 00:00:00,2026-04-17 15:58:36.745675
a2ca58c4-ef61-4794-a7d3-73e166bc5d8f,CUST-2021-CN-000808,超,赖,超 赖,Male,1979-01-13,user506.apple@mail.com,15771035673,广州路l座,澳门县,芳市,899765,CN,China,GREATER_CHINA,Chinese,Consumer,None,2021-04-19,2021,NEW,True,MDM,2021-04-19 00:00:00,2026-04-17 15:58:36.745791
915ae9fc-cb2b-429b-be0a-14138276a356,CUST-2021-CN-000809,强,孟,强 孟,Male,1976-06-02,user646.apple@aol.com,15957246390,周路r座,柳市,娜市,783205,CN,China,GREATER_CHINA,Chinese,Consumer,Silver,2021-03-10,2021,NEW,False,MDM,2021-03-10 00:00:00,2026-04-17 15:58:36.745894
dac48793-f618-496b-8757-a889b7aa7c69,CUST-2021-CN-000810,萍,杜,萍 杜,Female,1960-10-01,user821.apple@yahoo.com,14779822605,苏街g座,西宁市,香港市,660459,CN,China,GREATER_CHINA,Chinese,Business,None,2021-05-13,2021,NEW,True,MDM,2021-05-13 00:00:00,2026-04-17 15:58:36.745996
8751bb9f-9820-47fd-88a7-b28b41dfac24,CUST-2021-CN-000811,丹丹,赵,丹丹 赵,Male,1981-12-02,user507.apple@live.com,15015340904,徐路R座,勇市,阜新市,394630,CN,China,GREATER_CHINA,Chinese,Business,None,2021-01-30,2021,NEW,True,MDM,2021-01-30 00:00:00,2026-04-17 15:58:36.746097
035c7685-b92e-4277-8a13-7692334e668c,CUST-2021-CN-000812,瑜,王,瑜 王,Female,1954-01-20,user418.apple@mail.com,13612576770,马鞍山路V座,六盘水县,荆门市,522400,CN,China,GREATER_CHINA,Chinese,Consumer,Platinum,2021-05-23,2021,NEW,True,MDM,2021-05-23 00:00:00,2026-04-17 15:58:36.746179
84bb5356-3368-4b8d-bbcf-663fb2149065,CUST-2021-CN-000813,燕,邓,燕 邓,Male,2001-12-23,user147.apple272@zoho.com,15089351313,莫街Z座,华县,文县,139930,CN,China,GREATER_CHINA,Chinese,Business,None,2021-09-23,2021,NEW,True,MDM,2021-09-23 00:00:00,2026-04-17 15:58:36.746282
abaf64dc-9cb5-42bc-b19f-8ed2dbf2afc5,CUST-2021-CN-000814,博,兰,博 兰,Male,1969-06-04,user154.apple@msn.com,18600903611,张街q座,婷县,济南县,286764,CN,China,GREATER_CHINA,Chinese,Consumer,Silver,2021-11-14,2021,NEW,True,MDM,2021-11-14 00:00:00,2026-04-17 15:58:36.746383
96416a62-743d-4471-b5c7-48c0c2c07995,CUST-2021-CN-000815,想,卢,想 卢,Male,1967-07-17,user921.apple@live.com,15146870078,林路i座,太原县,沈阳市,717749,CN,China,GREATER_CHINA,Chinese,Consumer,Platinum,2021-10-12,2021,NEW,True,MDM,2021-10-12 00:00:00,2026-04-17 15:58:36.746484
6dfb1ca6-fd4f-4321-991d-44886e4c288e,CUST-2021-CN-000816,志强,吴,志强 吴,Female,1979-03-06,user395.apple@protonmail.com,15915487722,程街m座,云县,旭市,215886,CN,China,GREATER_CHINA,Chinese,Consumer,Gold,2021-07-16,2021,NEW,True,MDM,2021-07-16 00:00:00,2026-04-17 15:58:36.746586
e52127c7-b9d0-49ce-8d47-e7d01b3b0a17,CUST-2021-CN-000817,凤兰,王,凤兰 王,Female,1997-09-30,user802.apple@icloud.com,18723684414,哈尔滨街P座,桂珍市,军市,874251,CN,China,GREATER_CHINA,Chinese,Education,Platinum,2021-03-14,2021,NEW,True,MDM,2021-03-14 00:00:00,2026-04-17 15:58:36.746733
4dd51323-dd2a-41b0-ba26-778503346e20,CUST-2021-CN-000818,龙,郭,龙 郭,Male,2006-08-04,user424.apple@mail.com,13616996335,乌鲁木齐路W座,沈阳县,拉萨市,892223,CN,China,GREATER_CHINA,Chinese,Consumer,None,2021-01-25,2021,NEW,True,MDM,2021-01-25 00:00:00,2026-04-17 15:58:36.746817
a89c3176-6a01-4223-92c3-c2543a70cde8,CUST-2021-CN-000819,莹,马,莹 马,Female,1982-12-31,user835.apple@aol.com,14568559348,柳街m座,莉市,兴安盟县,914037,CN,China,GREATER_CHINA,Chinese,Consumer,None,2021-02-17,2021,NEW,True,MDM,2021-02-17 00:00:00,2026-04-17 15:58:36.746988
27c98451-8d04-49ff-b1de-5d9f053d53fa,CUST-2021-CN-000820,桂芝,吴,桂芝 吴,Female,2005-01-12,user294.apple@zoho.com,14715812781,福州街C座,太原县,英县,807605,CN,China,GREATER_CHINA,Chinese,Education,None,2021-10-09,2021,NEW,True,MDM,2021-10-09 00:00:00,2026-04-17 15:58:36.747150
ac108ac3-23a7-4d26-b43d-e340356d3484,CUST-2021-CN-000821,杨,李,杨 李,Male,1979-05-28,user427.apple@aol.com,18896445286,哈尔滨路y座,瑞市,天津市,790725,CN,China,GREATER_CHINA,Chinese,Business,Silver,2021-02-27,2021,NEW,True,MDM,2021-02-27 00:00:00,2026-04-17 15:58:36.747294
8a5e1bb9-f5e3-4df1-b74f-252e0dd539db,CUST-2021-CN-000822,洋,傅,洋 傅,Male,1966-12-05,user904.apple@mail.com,15813518354,张家港路j座,长沙县,旭市,301876,CN,China,GREATER_CHINA,Chinese,Consumer,Silver,2021-11-01,2021,NEW,True,MDM,2021-11-01 00:00:00,2026-04-17 15:58:36.747377
8ad08dcc-a753-4272-b5c0-b7f619a1a93c,CUST-2021-CN-000823,桂香,吕,桂香 吕,Male,1959-05-04,user827.apple356@gmx.com,13046312888,贵阳街I座,嘉禾县,济南市,107563,CN,China,GREATER_CHINA,Chinese,Consumer,None,2021-03-11,2021,NEW,True,MDM,2021-03-11 00:00:00,2026-04-17 15:58:36.747457
8906777e-df8f-4745-8696-0ecba5347515,CUST-2021-CN-000824,伟,张,伟 张,Male,1999-12-08,user659.apple417@msn.com,14580662257,冉路a座,昆明县,呼和浩特县,137578,CN,China,GREATER_CHINA,Chinese,Consumer,Silver,2021-08-16,2021,NEW,True,MDM,2021-08-16 00:00:00,2026-04-17 15:58:36.747611
72183e0d-6d49-4fad-b9d8-d36f6b81b698,CUST-2021-CN-000825,英,宫,英 宫,Male,1957-12-31,user707.apple703@outlook.com,14590618881,乌鲁木齐路z座,福州市,兴安盟县,428922,CN,China,GREATER_CHINA,Chinese,Consumer,None,2021-11-26,2021,NEW,True,MDM,2021-11-26 00:00:00,2026-04-17 15:58:36.747703
27dfd93e-d860-4412-8708-f870a04d9924,CUST-2021-CN-000826,丹丹,陈,丹丹 陈,Male,1958-07-08,user448.apple@mail.com,14770315075,侯街Y座,重庆县,淑英县,126429,CN,China,GREATER_CHINA,Chinese,Business,Platinum,2021-10-20,2021,NEW,True,MDM,2021-10-20 00:00:00,2026-04-17 15:58:36.747801
8a91c527-5886-42be-be05-250e0dcc44e8,CUST-2021-CN-000827,军,牛,军 牛,Female,1956-10-22,user944.apple@zoho.com,15947692568,太原路F座,慧县,潮州县,792647,CN,China,GREATER_CHINA,Chinese,Consumer,Silver,2021-02-22,2021,NEW,True,MDM,2021-02-22 00:00:00,2026-04-17 15:58:36.747880
9e1562f3-56cc-440d-8d09-f0b6bfa4b91d,CUST-2021-CN-000828,磊,刘,磊 刘,Female,1991-11-04,user470.apple670@mail.com,15983933620,康街F座,萍市,冬梅市,877143,CN,China,GREATER_CHINA,Chinese,Consumer,None,2021-10-23,2021,NEW,True,MDM,2021-10-23 00:00:00,2026-04-17 15:58:36.747977
40696a0f-9872-419e-85a1-abb92842e5d2,CUST-2021-CN-000829,莉,黄,莉 黄,Female,2002-08-24,user697.apple830@zoho.com,14548521290,万路z座,秀英市,杭州市,891053,CN,China,GREATER_CHINA,Chinese,Consumer,None,2021-07-22,2021,NEW,True,MDM,2021-07-22 00:00:00,2026-04-17 15:58:36.748072
355274fb-fc85-4e5b-b483-f55796baab93,CUST-2021-CN-000830,冬梅,张,冬梅 张,Male,1985-12-07,user488.apple@zoho.com,13610583242,彭街J座,呼和浩特市,秀珍市,417311,CN,China,GREATER_CHINA,Chinese,Consumer,Platinum,2021-04-27,2021,NEW,True,MDM,2021-04-27 00:00:00,2026-04-17 15:58:36.748168
c95d8836-250c-4220-9377-8bc27693a8be,CUST-2021-CN-000831,秀珍,李,秀珍 李,Male,2002-04-03,user574.apple@gmx.com,14505045667,佛山路V座,通辽市,南昌县,190697,CN,China,GREATER_CHINA,Chinese,Consumer,None,2021-03-24,2021,NEW,True,MDM,2021-03-24 00:00:00,2026-04-17 15:58:36.748244
72f7ebdf-e6d9-45e4-a53b-de55491fb57d,CUST-2021-CN-000832,坤,邓,坤 邓,Male,1983-08-27,user443.apple768@aol.com,13343685688,济南街C座,兴安盟市,红霞县,569721,CN,China,GREATER_CHINA,Chinese,Business,Silver,2021-08-10,2021,NEW,True,MDM,2021-08-10 00:00:00,2026-04-17 15:58:36.748321
44366a7f-4b96-4d3a-9685-fecfee6d87d0,CUST-2021-CN-000833,洋,李,洋 李,Female,1980-12-26,user873.apple5@hotmail.com,18613409991,黄路t座,柳州市,大冶市,359736,CN,China,GREATER_CHINA,Chinese,Consumer,Silver,2021-04-13,2021,NEW,True,MDM,2021-04-13 00:00:00,2026-04-17 15:58:36.748416
5f2b3b32-9748-4423-b019-1d9d4de149c0,CUST-2021-CN-000834,丽丽,张,丽丽 张,Female,2003-05-20,user967.apple@live.com,15265458700,呼和浩特街M座,西宁县,艳市,605939,CN,China,GREATER_CHINA,Chinese,Consumer,None,2021-07-21,2021,NEW,True,MDM,2021-07-21 00:00:00,2026-04-17 15:58:36.748493
f2d5a7cf-bb0a-4bc7-8e52-f7f8e13a5fbc,CUST-2021-CN-000835,艳,赵,艳 赵,Male,1956-03-03,user186.apple@outlook.com,18013631397,何街Y座,兴安盟县,济南市,957563,CN,China,GREATER_CHINA,Chinese,Consumer,Platinum,2021-02-08,2021,NEW,True,MDM,2021-02-08 00:00:00,2026-04-17 15:58:36.748589
fff75e3a-6bcd-472b-a92d-3935416687f5,CUST-2021-CN-000836,志强,刘,志强 刘,Male,1999-01-26,user182.apple@aol.com,15347062365,刘路h座,建国县,巢湖市,935464,CN,China,GREATER_CHINA,Chinese,Consumer,None,2021-05-01,2021,NEW,False,MDM,2021-05-01 00:00:00,2026-04-17 15:58:36.748688
fb922b69-1105-40be-8c0c-320fa688fad0,CUST-2021-CN-000837,芳,郭,芳 郭,Female,1978-09-10,user867.apple@hotmail.com,13679794139,大冶街f座,太原市,广州市,734747,CN,China,GREATER_CHINA,Chinese,Consumer,Platinum,2021-09-30,2021,NEW,True,MDM,2021-09-30 00:00:00,2026-04-17 15:58:36.748765
62f5ba01-2951-4ac9-9836-09f14222b159,CUST-2021-CN-000838,桂芳,王,桂芳 王,Female,1966-08-15,user803.apple@zoho.com,18297193847,哈尔滨路O座,旭县,乌鲁木齐市,174064,CN,China,GREATER_CHINA,Chinese,Business,None,2021-12-10,2021,NEW,True,MDM,2021-12-10 00:00:00,2026-04-17 15:58:36.748841
180fa5aa-a6b8-4d5a-8801-4498eea194de,CUST-2021-CN-000839,娜,邓,娜 邓,Female,1995-06-28,user914.apple@protonmail.com,15622708841,南京街F座,齐齐哈尔县,倩县,311883,CN,China,GREATER_CHINA,Chinese,Education,None,2021-11-26,2021,NEW,True,MDM,2021-11-26 00:00:00,2026-04-17 15:58:36.748918
2c6772db-e087-438b-84c6-696827b46933,CUST-2021-CN-000840,玉梅,赵,玉梅 赵,Male,1989-08-05,user904.apple@live.com,15737055280,郑州街R座,俊市,雷县,599025,CN,China,GREATER_CHINA,Chinese,Business,Platinum,2021-06-12,2021,NEW,True,MDM,2021-06-12 00:00:00,2026-04-17 15:58:36.748996
35475eba-5533-492c-8d01-9ccd3334e9ba,CUST-2021-CN-000841,桂荣,赵,桂荣 赵,Female,1987-05-12,user498.apple@gmx.com,14513691370,傅街B座,汕尾市,石家庄市,826493,CN,China,GREATER_CHINA,Chinese,Consumer,None,2021-08-24,2021,NEW,True,MDM,2021-08-24 00:00:00,2026-04-17 15:58:36.749089
9d4b5390-5a5d-41bf-8f56-8aabb8adcc65,CUST-2021-CN-000842,桂芝,詹,桂芝 詹,Female,1976-02-01,user317.apple9@zoho.com,15527517837,林路b座,武汉市,峰县,761724,CN,China,GREATER_CHINA,Chinese,Consumer,None,2021-02-06,2021,NEW,True,MDM,2021-02-06 00:00:00,2026-04-17 15:58:36.749185
8b14011a-a50e-46cb-ab21-4540956eecf5,CUST-2021-CN-000843,玉,刘,玉 刘,Male,1957-10-03,user836.apple538@aol.com,15708015462,叶路I座,呼和浩特县,郑州县,120071,CN,China,GREATER_CHINA,Chinese,Consumer,Silver,2021-08-23,2021,NEW,True,MDM,2021-08-23 00:00:00,2026-04-17 15:58:36.749281
a36f8922-8945-4bae-8168-49ed00869591,CUST-2021-CN-000844,秀珍,刘,秀珍 刘,Female,1980-05-13,user302.apple@yahoo.com,13594083312,张路a座,杰县,畅市,785554,CN,China,GREATER_CHINA,Chinese,Consumer,Gold,2021-12-27,2021,NEW,True,MDM,2021-12-27 00:00:00,2026-04-17 15:58:36.749375
e8c6b4f9-2ca8-4d6f-8517-f99d11556e4f,CUST-2021-CN-000845,桂花,陈,桂花 陈,Female,1957-08-27,user449.apple@gmx.com,13405060709,刘路U座,柳州县,郑州市,757419,CN,China,GREATER_CHINA,Chinese,Consumer,None,2021-03-31,2021,NEW,True,MDM,2021-03-31 00:00:00,2026-04-17 15:58:36.749469
dfbdfc53-246f-4bf2-9f16-870bad72b3c9,CUST-2021-CN-000846,鹏,刘,鹏 刘,Female,1999-08-25,user167.apple682@outlook.com,14766956876,台北路q座,玉兰市,建国市,348413,CN,China,GREATER_CHINA,Chinese,Education,Silver,2021-10-31,2021,NEW,True,MDM,2021-10-31 00:00:00,2026-04-17 15:58:36.749547
d42b79ad-7d75-4714-b02f-4dd19435ffec,CUST-2021-CN-000847,红梅,廖,红梅 廖,Male,1994-07-11,user570.apple@gmail.com,18919468951,太原路d座,海门县,芳市,234287,CN,China,GREATER_CHINA,Chinese,Consumer,None,2021-01-01,2021,NEW,True,MDM,2021-01-01 00:00:00,2026-04-17 15:58:36.749624
2af1f84d-8c5d-45e3-9e95-694e5e1ef9ef,CUST-2021-CN-000848,伟,钟,伟 钟,Male,1999-09-10,user446.apple@mail.com,15642269122,通辽路I座,桂花市,英市,521537,CN,China,GREATER_CHINA,Chinese,Consumer,Silver,2021-09-12,2021,NEW,True,MDM,2021-09-12 00:00:00,2026-04-17 15:58:36.749701
1fc10912-f0c6-4cfb-a9ed-2ccf67d79924,CUST-2021-CN-000849,建军,徐,建军 徐,Male,1958-06-02,user331.apple@yahoo.com,18026697528,北镇街n座,凤兰市,澳门市,760640,CN,China,GREATER_CHINA,Chinese,Consumer,Silver,2021-03-06,2021,NEW,True,MDM,2021-03-06 00:00:00,2026-04-17 15:58:36.749779
fdc135c6-6f5d-4cd7-947e-a86d0b7f9369,CUST-2021-CN-000850,强,庞,强 庞,Female,1959-05-20,user979.apple@gmail.com,13813760293,邯郸街o座,永安县,磊市,913303,CN,China,GREATER_CHINA,Chinese,Consumer,Silver,2021-02-24,2021,NEW,True,MDM,2021-02-24 00:00:00,2026-04-17 15:58:36.749856
576b8f07-73e3-437a-a561-a5d310a535e3,CUST-2021-CN-000851,超,赖,超 赖,Male,1992-11-28,user557.apple944@gmx.com,15262369753,佛山街Q座,玉县,北镇市,807193,CN,China,GREATER_CHINA,Chinese,Consumer,Silver,2021-05-19,2021,NEW,False,MDM,2021-05-19 00:00:00,2026-04-17 15:58:36.749933
d0d9f5c0-a0b3-42d1-a81b-78e4cf1db6ce,CUST-2021-CN-000852,艳,冯,艳 冯,Female,1966-05-14,user306.apple@zoho.com,18008266648,邯郸路k座,台北县,阜新市,802302,CN,China,GREATER_CHINA,Chinese,Consumer,Platinum,2021-04-07,2021,NEW,True,MDM,2021-04-07 00:00:00,2026-04-17 15:58:36.750010
613fefbc-6dca-499b-a6db-6908975cb25f,CUST-2021-CN-000853,萍,景,萍 景,Female,1991-05-11,user937.apple758@outlook.com,15616553339,辛集街F座,文市,秀兰县,733292,CN,China,GREATER_CHINA,Chinese,Education,None,2021-02-14,2021,NEW,True,MDM,2021-02-14 00:00:00,2026-04-17 15:58:36.750087
b495ca03-7cba-42eb-9b7b-a85da9f757fc,CUST-2021-CN-000854,璐,唐,璐 唐,Male,1986-09-10,user734.apple@msn.com,15924457676,张家港街g座,武汉市,旭市,991776,CN,China,GREATER_CHINA,Chinese,Consumer,Silver,2021-12-10,2021,NEW,True,MDM,2021-12-10 00:00:00,2026-04-17 15:58:36.750164
9e96c73c-f957-42d5-9842-d7968a34036b,CUST-2021-CN-000855,健,牛,健 牛,Male,1953-09-10,user369.apple@zoho.com,15130322769,李路T座,静县,霞县,625176,CN,China,GREATER_CHINA,Chinese,Consumer,Silver,2021-06-04,2021,NEW,True,MDM,2021-06-04 00:00:00,2026-04-17 15:58:36.750258
d13dab5f-2c8d-4823-86bd-ca8435a532c0,CUST-2021-CN-000856,秀兰,邱,秀兰 邱,Female,1981-05-06,user278.apple555@live.com,18569263363,海口街U座,云县,张家港县,995217,CN,China,GREATER_CHINA,Chinese,Consumer,None,2021-05-25,2021,NEW,True,MDM,2021-05-25 00:00:00,2026-04-17 15:58:36.750335
f9f0477a-c092-413d-b753-97adf6889789,CUST-2021-CN-000857,岩,陈,岩 陈,Male,1986-03-13,user158.apple20@gmx.com,13340210310,六安街R座,六盘水县,丽丽县,702557,CN,China,GREATER_CHINA,Chinese,Consumer,None,2021-05-11,2021,NEW,True,MDM,2021-05-11 00:00:00,2026-04-17 15:58:36.750413
eb5f0dfa-15ea-4e30-bb90-eff736101461,CUST-2021-CN-000858,璐,邓,璐 邓,Female,1955-06-29,user705.apple@protonmail.com,14534636748,刘街M座,永安市,重庆市,678057,CN,China,GREATER_CHINA,Chinese,Consumer,None,2021-07-21,2021,NEW,True,MDM,2021-07-21 00:00:00,2026-04-17 15:58:36.750507
28b62481-deac-40a7-9649-5e0982880b9d,CUST-2021-CN-000859,楠,曹,楠 曹,Male,1985-08-05,user339.apple@outlook.com,15020794505,辽阳街K座,马鞍山市,深圳市,354360,CN,China,GREATER_CHINA,Chinese,Business,None,2021-11-03,2021,NEW,True,MDM,2021-11-03 00:00:00,2026-04-17 15:58:36.750584
e1bb09dd-8922-497a-a86b-88bf42b35975,CUST-2021-CN-000860,明,丁,明 丁,Female,1950-10-24,user764.apple@gmail.com,15941742930,台北街r座,郑州县,北京县,901292,CN,China,GREATER_CHINA,Chinese,Consumer,Gold,2021-03-21,2021,NEW,True,MDM,2021-03-21 00:00:00,2026-04-17 15:58:36.750660
8744babd-e99f-4924-a4c9-f6d078e39c6a,CUST-2021-CN-000861,琴,丁,琴 丁,Male,2003-12-01,user767.apple198@icloud.com,14551499311,周街f座,宁县,永安县,142677,CN,China,GREATER_CHINA,Chinese,Education,Gold,2021-11-03,2021,NEW,True,MDM,2021-11-03 00:00:00,2026-04-17 15:58:36.750755
65b4122b-8241-4555-a70f-eaed0c5ed3c0,CUST-2021-CN-000862,淑兰,曾,淑兰 曾,Female,1969-08-16,user582.apple@icloud.com,18772151233,李街c座,芳县,勇市,774180,CN,China,GREATER_CHINA,Chinese,Consumer,Silver,2021-05-19,2021,NEW,True,MDM,2021-05-19 00:00:00,2026-04-17 15:58:36.750849
eb4c86d7-796f-409c-9015-e15dcfdb7cf2,CUST-2021-CN-000863,凯,吴,凯 吴,Female,1955-12-08,user441.apple127@protonmail.com,15555390723,嘉禾街a座,合山市,秀兰县,401155,CN,China,GREATER_CHINA,Chinese,Consumer,None,2021-07-09,2021,NEW,True,MDM,2021-07-09 00:00:00,2026-04-17 15:58:36.750927
6eb4b5aa-7d0b-4b6f-948c-1f0f3d3d7a30,CUST-2021-CN-000864,俊,李,俊 李,Female,2002-10-30,user125.apple@icloud.com,13232772842,李街Z座,秀荣市,龙市,545682,CN,China,GREATER_CHINA,Chinese,Consumer,Silver,2021-08-01,2021,NEW,True,MDM,2021-08-01 00:00:00,2026-04-17 15:58:36.751022
441bb622-04d3-4ffb-8697-1f91a26ff97d,CUST-2021-CN-000865,欢,赖,欢 赖,Male,1977-04-04,user116.apple@protonmail.com,13916059578,孙路y座,建国县,银川县,397153,CN,China,GREATER_CHINA,Chinese,Consumer,Gold,2021-11-21,2021,NEW,False,MDM,2021-11-21 00:00:00,2026-04-17 15:58:36.751117
9e6cc849-554e-46ce-83ab-74b5b983bf8b,CUST-2021-CN-000866,波,李,波 李,Male,1971-05-15,user963.apple@gmx.com,15193404408,赵街l座,杨县,嘉禾市,330623,CN,China,GREATER_CHINA,Chinese,Consumer,Gold,2021-05-30,2021,NEW,False,MDM,2021-05-30 00:00:00,2026-04-17 15:58:36.751212
57699aa7-dd5a-43df-a3a9-d33e004361e6,CUST-2021-CN-000867,芳,冯,芳 冯,Female,2007-07-04,user493.apple@yahoo.com,13558828329,贵阳路E座,沈阳市,建国市,734858,CN,China,GREATER_CHINA,Chinese,Consumer,None,2021-12-21,2021,NEW,True,MDM,2021-12-21 00:00:00,2026-04-17 15:58:36.751288
9cf8f055-22d0-4387-a78d-f34632786cd1,CUST-2021-CN-000868,丽,赵,丽 赵,Female,1999-03-18,user667.apple@gmx.com,15626719376,南宁路s座,浩县,马鞍山县,892663,CN,China,GREATER_CHINA,Chinese,Consumer,Silver,2021-01-21,2021,NEW,True,MDM,2021-01-21 00:00:00,2026-04-17 15:58:36.751365
a1732b19-ae28-4830-9630-741bf5bc0d62,CUST-2021-CN-000869,玉珍,王,玉珍 王,Male,1961-05-02,user631.apple737@live.com,14529925438,哈尔滨街g座,红市,惠州市,589381,CN,China,GREATER_CHINA,Chinese,Consumer,None,2021-02-13,2021,NEW,True,MDM,2021-02-13 00:00:00,2026-04-17 15:58:36.751441
87f8c38c-05dc-4242-a16e-78857ed539cf,CUST-2021-CN-000870,兵,姚,兵 姚,Female,1953-05-03,user953.apple@aol.com,14550284158,合肥路J座,武汉市,磊县,713605,CN,China,GREATER_CHINA,Chinese,Consumer,Gold,2021-12-14,2021,NEW,True,MDM,2021-12-14 00:00:00,2026-04-17 15:58:36.751518
c218bbc3-2758-4829-a4fe-9fab4d98ab11,CUST-2021-CN-000871,柳,黄,柳 黄,Female,1991-07-18,user216.apple730@icloud.com,18823945325,王街W座,金凤市,成都市,160379,CN,China,GREATER_CHINA,Chinese,Consumer,Gold,2021-11-10,2021,NEW,True,MDM,2021-11-10 00:00:00,2026-04-17 15:58:36.751612
748b06af-d739-480d-9e00-f89d87f01f4b,CUST-2021-CN-000872,娟,吴,娟 吴,Female,1965-12-21,user705.apple353@msn.com,13067376258,巢湖街e座,璐市,六盘水县,270693,CN,China,GREATER_CHINA,Chinese,Consumer,None,2021-02-18,2021,NEW,True,MDM,2021-02-18 00:00:00,2026-04-17 15:58:36.751689
afe81582-25dc-4579-a86a-6b03f410695c,CUST-2021-CN-000873,娜,周,娜 周,Female,1961-12-22,user991.apple@mail.com,15360117211,哈尔滨街J座,阜新县,六盘水市,242792,CN,China,GREATER_CHINA,Chinese,Business,Gold,2021-02-01,2021,NEW,True,MDM,2021-02-01 00:00:00,2026-04-17 15:58:36.751765
73f6fcbc-7e14-4ada-b1bd-452cfd75bbd1,CUST-2021-CN-000874,帅,刘,帅 刘,Male,1974-06-27,user299.apple851@msn.com,18210694129,广州路x座,香港县,柳州县,606403,CN,China,GREATER_CHINA,Chinese,Consumer,Silver,2021-01-09,2021,NEW,True,MDM,2021-01-09 00:00:00,2026-04-17 15:58:36.751841
a1a5f0dd-a112-41e3-9a9f-2c699dfe544e,CUST-2021-CN-000875,莉,杨,莉 杨,Female,1979-05-07,user299.apple@icloud.com,13004172586,银川街U座,沈阳市,丹县,523996,CN,China,GREATER_CHINA,Chinese,Education,None,2021-08-07,2021,NEW,True,MDM,2021-08-07 00:00:00,2026-04-17 15:58:36.751917
931763e0-c4dc-4e22-b03d-4d0ef8b297cd,CUST-2021-CN-000876,玲,孟,玲 孟,Male,1987-09-10,user627.apple@gmail.com,14569649354,刘路h座,金凤市,澳门县,293038,CN,China,GREATER_CHINA,Chinese,Consumer,None,2021-09-21,2021,NEW,True,MDM,2021-09-21 00:00:00,2026-04-17 15:58:36.752013
47cb5147-9749-4f3a-8dd3-c1031fa079ad,CUST-2021-CN-000877,雪梅,金,雪梅 金,Male,1997-01-30,user919.apple@hotmail.com,18813596387,广州街Y座,太原市,长春市,828194,CN,China,GREATER_CHINA,Chinese,Consumer,None,2021-01-13,2021,NEW,True,MDM,2021-01-13 00:00:00,2026-04-17 15:58:36.752091
b5ced082-cba4-432e-807a-6c77d2f58945,CUST-2021-CN-000878,岩,赵,岩 赵,Male,2000-06-15,user415.apple@yahoo.com,18646837813,洪街h座,阳市,璐市,890693,CN,China,GREATER_CHINA,Chinese,Education,Gold,2021-03-13,2021,NEW,True,MDM,2021-03-13 00:00:00,2026-04-17 15:58:36.752185
6187d4c9-b9bc-4636-8768-93347ee3303c,CUST-2021-CN-000879,淑珍,虞,淑珍 虞,Female,1992-01-17,user899.apple@live.com,18957515356,张街V座,飞县,淑华市,155816,CN,China,GREATER_CHINA,Chinese,Consumer,Silver,2021-10-06,2021,NEW,True,MDM,2021-10-06 00:00:00,2026-04-17 15:58:36.752279
78a2c230-27c4-4259-af7e-4f487a1b4edf,CUST-2021-CN-000880,建国,王,建国 王,Male,1958-11-22,user773.apple@zoho.com,18875187057,深圳路f座,荣县,杨市,537163,CN,China,GREATER_CHINA,Chinese,Consumer,None,2021-03-07,2021,NEW,True,MDM,2021-03-07 00:00:00,2026-04-17 15:58:36.752357
ce5a58d9-8d27-4389-b5ac-150ebce7bbd5,CUST-2021-CN-000881,亮,唐,亮 唐,Male,1979-09-23,user411.apple@msn.com,13074360233,台北路F座,南京市,合肥县,285087,CN,China,GREATER_CHINA,Chinese,Consumer,None,2021-11-30,2021,NEW,True,MDM,2021-11-30 00:00:00,2026-04-17 15:58:36.752433
2483487c-4338-4acd-8428-ab3546137a48,CUST-2021-CN-000882,帅,赵,帅 赵,Female,1964-11-01,user668.apple@icloud.com,15169943593,詹街K座,成都市,马鞍山县,378976,CN,China,GREATER_CHINA,Chinese,Consumer,None,2021-06-16,2021,NEW,True,MDM,2021-06-16 00:00:00,2026-04-17 15:58:36.752526
99ccf986-df77-403b-9e49-d84d254c513e,CUST-2021-CN-000883,欢,单,欢 单,Female,1997-08-17,user967.apple@outlook.com,18544580325,王路h座,燕市,广州县,590597,CN,China,GREATER_CHINA,Chinese,Consumer,None,2021-11-10,2021,NEW,True,MDM,2021-11-10 00:00:00,2026-04-17 15:58:36.752643
8cb43f9e-589e-4a00-adcf-143284d297e9,CUST-2021-CN-000884,瑜,冯,瑜 冯,Female,1983-04-18,user398.apple590@msn.com,18266373677,李路J座,台北市,桂珍市,915681,CN,China,GREATER_CHINA,Chinese,Consumer,None,2021-12-27,2021,NEW,True,MDM,2021-12-27 00:00:00,2026-04-17 15:58:36.752743
a5bb96a1-3d08-4a39-84db-eb79be784ab4,CUST-2021-CN-000885,桂香,任,桂香 任,Male,2007-04-29,user376.apple@live.com,14560503720,张路T座,秀云县,南昌市,509227,CN,China,GREATER_CHINA,Chinese,Consumer,None,2021-04-23,2021,NEW,True,MDM,2021-04-23 00:00:00,2026-04-17 15:58:36.752841
b7d5411b-3bff-4906-8609-ed445940e42f,CUST-2021-CN-000886,秀兰,任,秀兰 任,Female,1951-03-13,user582.apple@mail.com,13075221545,通辽路b座,重庆市,冬梅县,986785,CN,China,GREATER_CHINA,Chinese,Consumer,None,2021-02-09,2021,NEW,True,MDM,2021-02-09 00:00:00,2026-04-17 15:58:36.752941
d92cddfb-93b5-458a-9098-3898c6aa2f6e,CUST-2021-CN-000887,秀荣,张,秀荣 张,Female,1963-04-19,user213.apple@outlook.com,15976349342,辛集街c座,哈尔滨县,莉县,361840,CN,China,GREATER_CHINA,Chinese,Consumer,None,2021-05-18,2021,NEW,False,MDM,2021-05-18 00:00:00,2026-04-17 15:58:36.753022
7702ac50-6f5c-43ae-97dd-0e7a5abf3c36,CUST-2021-CN-000888,柳,艾,柳 艾,Female,1965-06-03,user150.apple@msn.com,18627333555,陈路a座,博县,淑华市,869531,CN,China,GREATER_CHINA,Chinese,Consumer,Silver,2021-11-03,2021,NEW,True,MDM,2021-11-03 00:00:00,2026-04-17 15:58:36.753118
97179e64-10f7-407f-9f2e-0f4a80fd4845,CUST-2021-CN-000889,秀英,陈,秀英 陈,Female,1977-02-08,user938.apple@hotmail.com,18900444843,萧路F座,南京县,关岭市,969190,CN,China,GREATER_CHINA,Chinese,Consumer,None,2021-06-14,2021,NEW,True,MDM,2021-06-14 00:00:00,2026-04-17 15:58:36.753213
c715e614-9fa0-432a-8d90-d69094ddc2e1,CUST-2021-CN-000890,玉兰,杨,玉兰 杨,Female,2007-09-17,user996.apple447@hotmail.com,15539125172,淮安街w座,东莞县,沈阳县,963885,CN,China,GREATER_CHINA,Chinese,Education,Silver,2021-03-01,2021,NEW,True,MDM,2021-03-01 00:00:00,2026-04-17 15:58:36.753291
6035420c-d30b-4125-aa6f-f09a804e7301,CUST-2021-CN-000891,伟,孙,伟 孙,Male,1985-04-22,user761.apple@yahoo.com,14527852607,张路n座,建县,波市,974357,CN,China,GREATER_CHINA,Chinese,Education,None,2021-09-09,2021,NEW,True,MDM,2021-09-09 00:00:00,2026-04-17 15:58:36.753387
321d7677-c4ec-4f4f-8a5b-bbafd090eb03,CUST-2021-CN-000892,颖,李,颖 李,Female,1993-04-19,user676.apple473@aol.com,18729257773,马路W座,宁德市,健县,745328,CN,China,GREATER_CHINA,Chinese,Consumer,Silver,2021-08-31,2021,NEW,True,MDM,2021-08-31 00:00:00,2026-04-17 15:58:36.753483
ab4ba8d5-4c2b-4463-bf2d-c5023dbe625e,CUST-2021-CN-000893,丹丹,田,丹丹 田,Female,1984-03-14,user231.apple@live.com,13305287086,裴路n座,武汉县,台北县,372906,CN,China,GREATER_CHINA,Chinese,Consumer,None,2021-11-13,2021,NEW,True,MDM,2021-11-13 00:00:00,2026-04-17 15:58:36.753577
228b9ebf-9f82-47b0-9b89-c93d73731332,CUST-2021-CN-000894,杨,李,杨 李,Female,1996-03-19,user495.apple@zoho.com,15731564776,李街g座,乌鲁木齐县,文市,274247,CN,China,GREATER_CHINA,Chinese,Consumer,None,2021-06-26,2021,NEW,True,MDM,2021-06-26 00:00:00,2026-04-17 15:58:36.753673
4b2992bf-fd4f-452d-ae5d-e2687f609766,CUST-2021-CN-000895,建华,毛,建华 毛,Male,2004-10-10,user978.apple@protonmail.com,13498985796,贵阳街E座,海燕县,秀兰市,280852,CN,China,GREATER_CHINA,Chinese,Consumer,None,2021-01-08,2021,NEW,True,MDM,2021-01-08 00:00:00,2026-04-17 15:58:36.753750
4467ab71-ab5b-486d-a47e-19c21cc29340,CUST-2021-CN-000896,磊,曹,磊 曹,Male,1979-03-11,user435.apple753@yahoo.com,18981729302,侯路d座,张家港市,南宁县,876433,CN,China,GREATER_CHINA,Chinese,Business,Silver,2021-09-22,2021,NEW,True,MDM,2021-09-22 00:00:00,2026-04-17 15:58:36.753845
0beb7e62-a911-491a-8c59-6171a9791062,CUST-2021-CN-000897,楠,许,楠 许,Male,1976-10-02,user745.apple102@mail.com,13850345187,拉萨路Y座,秀荣市,嘉禾县,165863,CN,China,GREATER_CHINA,Chinese,Consumer,None,2021-12-23,2021,NEW,True,MDM,2021-12-23 00:00:00,2026-04-17 15:58:36.753923
2af4efec-895d-4076-9a7f-de329fb44d54,CUST-2021-CN-000898,萍,黄,萍 黄,Male,1966-06-12,user448.apple165@hotmail.com,14524456391,张路v座,英市,志强县,129568,CN,China,GREATER_CHINA,Chinese,Consumer,Silver,2021-12-26,2021,NEW,True,MDM,2021-12-26 00:00:00,2026-04-17 15:58:36.754019
f151e325-1432-47ab-94b4-1dee54cd7dfc,CUST-2021-CN-000899,坤,宋,坤 宋,Female,1996-11-12,user796.apple@hotmail.com,13148424126,台北街Q座,婷婷县,马鞍山市,856714,CN,China,GREATER_CHINA,Chinese,Business,None,2021-11-17,2021,NEW,False,MDM,2021-11-17 00:00:00,2026-04-17 15:58:36.754095
4e6722df-149b-4821-a156-f3be85db2c8e,CUST-2021-CN-000900,晨,王,晨 王,Female,1962-06-12,user900.apple@gmail.com,18105909637,淮安街O座,鹏县,刚市,833089,CN,China,GREATER_CHINA,Chinese,Consumer,None,2021-03-29,2021,NEW,True,MDM,2021-03-29 00:00:00,2026-04-17 15:58:36.754172
4b22f803-4469-4b60-a0cf-1d83bed19920,CUST-2021-CN-000901,坤,杨,坤 杨,Male,1970-08-16,user364.apple@msn.com,14544138479,南昌街m座,合山市,汕尾市,858613,CN,China,GREATER_CHINA,Chinese,Consumer,Platinum,2021-03-14,2021,NEW,True,MDM,2021-03-14 00:00:00,2026-04-17 15:58:36.754249
8a244746-826d-4e55-bbb2-9f5bb439710f,CUST-2021-CN-000902,桂芳,谢,桂芳 谢,Male,1969-06-02,user196.apple@live.com,13924841959,乔路J座,桂兰县,福州市,677179,CN,China,GREATER_CHINA,Chinese,Consumer,None,2021-01-16,2021,NEW,True,MDM,2021-01-16 00:00:00,2026-04-17 15:58:36.754344
cb412a88-1be7-4b97-9ac0-d380b0acbf3e,CUST-2021-CN-000903,强,王,强 王,Female,1983-04-02,user904.apple445@outlook.com,13704938516,曾路t座,宁市,鑫市,946060,CN,China,GREATER_CHINA,Chinese,Consumer,Platinum,2021-11-12,2021,NEW,True,MDM,2021-11-12 00:00:00,2026-04-17 15:58:36.754441
74ea1415-819d-400c-a165-23b96b4d39ad,CUST-2021-CN-000904,桂芳,许,桂芳 许,Male,1966-11-18,user596.apple@live.com,15682146387,马鞍山路B座,婷婷县,桂英县,297641,CN,China,GREATER_CHINA,Chinese,Consumer,Silver,2021-04-19,2021,NEW,True,MDM,2021-04-19 00:00:00,2026-04-17 15:58:36.754520
2de386b3-79f5-44b8-a17f-c3fb8e365196,CUST-2021-CN-000905,桂兰,彭,桂兰 彭,Female,1984-05-19,user828.apple@gmail.com,13874881671,郭街I座,雪梅市,西宁县,419519,CN,China,GREATER_CHINA,Chinese,Consumer,Gold,2021-08-10,2021,NEW,True,MDM,2021-08-10 00:00:00,2026-04-17 15:58:36.754618
caaf81b9-bd1c-48b5-9508-3f5855093e54,CUST-2021-CN-000906,想,苏,想 苏,Male,1967-05-06,user109.apple@zoho.com,18266564570,张路C座,齐齐哈尔市,惠州市,195939,CN,China,GREATER_CHINA,Chinese,Consumer,Silver,2021-10-20,2021,NEW,True,MDM,2021-10-20 00:00:00,2026-04-17 15:58:36.754714
dd125010-f4c4-410b-aba2-4e8c56f9b235,CUST-2021-CN-000907,博,马,博 马,Female,1969-08-16,user573.apple@msn.com,13259797252,通辽街I座,长沙市,南昌市,979061,CN,China,GREATER_CHINA,Chinese,Business,None,2021-04-10,2021,NEW,True,MDM,2021-04-10 00:00:00,2026-04-17 15:58:36.754791
e5113b0a-104c-4a70-929e-6cc532f70176,CUST-2021-CN-000908,杨,姜,杨 姜,Female,1989-06-19,user328.apple@icloud.com,18764107605,南宁街k座,欢县,亮市,863089,CN,China,GREATER_CHINA,Chinese,Consumer,Silver,2021-10-29,2021,NEW,True,MDM,2021-10-29 00:00:00,2026-04-17 15:58:36.754869
37510d88-d721-4f0b-be33-2632c9af72be,CUST-2021-CN-000909,娟,李,娟 李,Male,1981-10-28,user101.apple@outlook.com,13334826550,刘路S座,合肥市,想市,732700,CN,China,GREATER_CHINA,Chinese,Consumer,None,2021-01-26,2021,NEW,True,MDM,2021-01-26 00:00:00,2026-04-17 15:58:36.754964
15429027-2849-41f8-99d4-2f2bdd0d9f73,CUST-2021-CN-000910,兰英,邱,兰英 邱,Male,2006-12-17,user121.apple@protonmail.com,15963142213,南昌街c座,乌鲁木齐县,杭州县,679976,CN,China,GREATER_CHINA,Chinese,Consumer,None,2021-08-31,2021,NEW,True,MDM,2021-08-31 00:00:00,2026-04-17 15:58:36.755040
b381d3b2-c636-4b79-9de9-ff4e81c420db,CUST-2021-CN-000911,建平,张,建平 张,Male,1996-05-02,user651.apple922@yahoo.com,14745979680,兰州街r座,梅市,惠州市,833736,CN,China,GREATER_CHINA,Chinese,Consumer,None,2021-09-30,2021,NEW,True,MDM,2021-09-30 00:00:00,2026-04-17 15:58:36.755117
2ac95548-7a38-409b-b24b-ab1664c34331,CUST-2021-CN-000912,玉珍,仝,玉珍 仝,Male,1967-06-24,user538.apple@outlook.com,13613427258,曹街T座,东莞市,大冶市,326195,CN,China,GREATER_CHINA,Chinese,Business,Silver,2021-05-22,2021,NEW,True,MDM,2021-05-22 00:00:00,2026-04-17 15:58:36.755211
63fc375a-198e-49cb-9b15-eba79e952f9d,CUST-2021-CN-000913,淑珍,陈,淑珍 陈,Male,1953-01-12,user934.apple@outlook.com,15835611509,辽阳街f座,巢湖市,淮安市,501149,CN,China,GREATER_CHINA,Chinese,Business,None,2021-04-26,2021,NEW,True,MDM,2021-04-26 00:00:00,2026-04-17 15:58:36.755288
7b8e316a-1a0f-4ca5-9eee-13b133664f56,CUST-2021-CN-000914,鑫,陈,鑫 陈,Male,2005-04-01,user521.apple@gmx.com,13278414052,苗路P座,荆门县,军县,422376,CN,China,GREATER_CHINA,Chinese,Consumer,Gold,2021-09-14,2021,NEW,True,MDM,2021-09-14 00:00:00,2026-04-17 15:58:36.755383
e05e4066-9581-4873-96cf-658b561413e2,CUST-2021-CN-000915,霞,甄,霞 甄,Female,2007-09-26,user537.apple@protonmail.com,13064209702,陈街Z座,莉市,建市,512056,CN,China,GREATER_CHINA,Chinese,Business,None,2021-12-05,2021,NEW,True,MDM,2021-12-05 00:00:00,2026-04-17 15:58:36.755478
40bbfc16-8d29-4f26-bc94-fb30696ee96e,CUST-2021-CN-000916,飞,高,飞 高,Female,2001-10-30,user959.apple@mail.com,13250443892,张街M座,西安县,长沙市,674822,CN,China,GREATER_CHINA,Chinese,Consumer,None,2021-10-23,2021,NEW,True,MDM,2021-10-23 00:00:00,2026-04-17 15:58:36.755573
9366b445-1cb8-4db6-b575-e28d9c10209a,CUST-2021-CN-000917,文,谢,文 谢,Male,1969-01-24,user506.apple359@gmx.com,18184665854,北京路u座,秀荣市,瑞市,337303,CN,China,GREATER_CHINA,Chinese,Education,Silver,2021-03-22,2021,NEW,True,MDM,2021-03-22 00:00:00,2026-04-17 15:58:36.755652
0a7a5558-0e26-40aa-997a-b837994300c9,CUST-2021-CN-000918,雪梅,吕,雪梅 吕,Male,1967-02-17,user252.apple@hotmail.com,13343052873,李街J座,玉梅市,邯郸市,982848,CN,China,GREATER_CHINA,Chinese,Consumer,Silver,2021-11-25,2021,NEW,False,MDM,2021-11-25 00:00:00,2026-04-17 15:58:36.755747
fc6775a0-46f4-4ee7-8214-627308cbd042,CUST-2021-CN-000919,颖,贺,颖 贺,Male,2001-11-30,user315.apple930@protonmail.com,18685794600,陈路c座,兴安盟县,济南市,901633,CN,China,GREATER_CHINA,Chinese,Business,None,2021-12-30,2021,NEW,True,MDM,2021-12-30 00:00:00,2026-04-17 15:58:36.755842
7973f619-18a2-44f8-8b05-ca6d5bc84082,CUST-2021-CN-000920,欢,李,欢 李,Female,1969-08-20,user542.apple@hotmail.com,13869794804,邯郸街i座,福州市,福州市,828471,CN,China,GREATER_CHINA,Chinese,Consumer,None,2021-04-11,2021,NEW,True,MDM,2021-04-11 00:00:00,2026-04-17 15:58:36.755918
2d438e59-ed8f-414a-9d96-afdb327b5835,CUST-2021-CN-000921,浩,汪,浩 汪,Female,1959-04-10,user893.apple290@zoho.com,15544196818,高街C座,洁市,建县,595078,CN,China,GREATER_CHINA,Chinese,Education,Silver,2021-05-27,2021,NEW,True,MDM,2021-05-27 00:00:00,2026-04-17 15:58:36.756013
1bd0d39d-9f9e-4b47-9942-e8be752f54ab,CUST-2021-CN-000922,想,聂,想 聂,Male,2003-11-09,user392.apple@yahoo.com,15624326432,孟路r座,西宁县,惠州市,117631,CN,China,GREATER_CHINA,Chinese,Consumer,None,2021-03-16,2021,NEW,True,MDM,2021-03-16 00:00:00,2026-04-17 15:58:36.756106
7fde90c1-8dc4-475d-b34e-f5c1a3c61d1c,CUST-2021-CN-000923,欢,李,欢 李,Male,2003-09-07,user183.apple69@gmx.com,18880171583,南宁路D座,建军县,兰州县,314601,CN,China,GREATER_CHINA,Chinese,Consumer,Silver,2021-08-15,2021,NEW,True,MDM,2021-08-15 00:00:00,2026-04-17 15:58:36.756183
a83e128e-f2d4-4a7f-a07b-cc43a20ea3ee,CUST-2021-CN-000924,桂英,杨,桂英 杨,Female,1973-09-02,user359.apple@icloud.com,13939331463,季街V座,潮州县,兴安盟市,307906,CN,China,GREATER_CHINA,Chinese,Consumer,None,2021-02-10,2021,NEW,True,MDM,2021-02-10 00:00:00,2026-04-17 15:58:36.756278
9d9df622-e639-4f47-8fe4-1a3ee380cb53,CUST-2021-CN-000925,超,刘,超 刘,Male,1971-04-02,user564.apple@msn.com,18233460074,兴城街c座,军县,成市,187664,CN,China,GREATER_CHINA,Chinese,Consumer,None,2021-02-27,2021,NEW,True,MDM,2021-02-27 00:00:00,2026-04-17 15:58:36.756355
8a717ace-1ad2-45a3-89e4-1858213bd0f3,CUST-2021-CN-000926,静,李,静 李,Male,2004-05-25,user529.apple612@outlook.com,18697017066,尤路t座,永安县,南昌市,149903,CN,China,GREATER_CHINA,Chinese,Consumer,None,2021-10-02,2021,NEW,True,MDM,2021-10-02 00:00:00,2026-04-17 15:58:36.756450
2c1ad528-aa8c-4d51-9a0a-f209d815e563,CUST-2021-CN-000927,莉,彭,莉 彭,Male,1962-03-27,user688.apple698@aol.com,14518560834,昆明街W座,兰州市,马鞍山县,894152,CN,China,GREATER_CHINA,Chinese,Business,None,2021-11-15,2021,NEW,True,MDM,2021-11-15 00:00:00,2026-04-17 15:58:36.756529
a1e329ab-942a-461d-bd57-ad4de8d475ea,CUST-2021-CN-000928,娜,陶,娜 陶,Male,1977-01-28,user113.apple@yahoo.com,18738010123,徐街A座,东市,春梅县,601386,CN,China,GREATER_CHINA,Chinese,Consumer,Platinum,2021-12-25,2021,NEW,True,MDM,2021-12-25 00:00:00,2026-04-17 15:58:36.756626
da194e58-be9c-4fef-9ccd-1cab2aee6490,CUST-2021-CN-000929,志强,杜,志强 杜,Male,1987-05-28,user663.apple@aol.com,13231249350,苏路e座,沈阳市,郑州市,411462,CN,China,GREATER_CHINA,Chinese,Consumer,Silver,2021-03-29,2021,NEW,True,MDM,2021-03-29 00:00:00,2026-04-17 15:58:36.756721
9fc5f2a2-2442-4c66-8b79-502480376657,CUST-2021-CN-000930,雪梅,鞠,雪梅 鞠,Male,1973-12-09,user311.apple@hotmail.com,18290980396,杭州街m座,秀云市,成都县,197267,CN,China,GREATER_CHINA,Chinese,Consumer,None,2021-12-06,2021,NEW,True,MDM,2021-12-06 00:00:00,2026-04-17 15:58:36.756798
f5778051-c5ec-4fe1-bd81-03db078f6c27,CUST-2021-CN-000931,春梅,马,春梅 马,Male,1972-09-17,user789.apple@icloud.com,15345038913,尚街q座,建县,汕尾市,810992,CN,China,GREATER_CHINA,Chinese,Business,None,2021-07-23,2021,NEW,True,MDM,2021-07-23 00:00:00,2026-04-17 15:58:36.756892
9508632a-f9b6-49f6-8e7b-84ab9f01951e,CUST-2021-CN-000932,凯,岑,凯 岑,Female,1982-06-08,user652.apple363@zoho.com,14517549815,卓路d座,玉县,昆明县,969566,CN,China,GREATER_CHINA,Chinese,Consumer,None,2021-12-04,2021,NEW,True,MDM,2021-12-04 00:00:00,2026-04-17 15:58:36.756986
4e5c579a-8939-4b2b-aa4d-e5fcbf8d2583,CUST-2021-CN-000933,琳,杜,琳 杜,Female,1992-08-16,user135.apple@live.com,18961780218,兴城路n座,辽阳县,桂芳县,496576,CN,China,GREATER_CHINA,Chinese,Consumer,Gold,2021-03-03,2021,NEW,False,MDM,2021-03-03 00:00:00,2026-04-17 15:58:36.757175
18977beb-8c56-4411-8ec2-6ad4903518cd,CUST-2021-CN-000934,浩,郭,浩 郭,Female,1971-02-19,user395.apple@msn.com,13011514357,黄街a座,上海县,武汉市,346158,CN,China,GREATER_CHINA,Chinese,Consumer,Gold,2021-12-01,2021,NEW,True,MDM,2021-12-01 00:00:00,2026-04-17 15:58:36.757275
870a801d-ea56-41de-a054-4245b39bc2f6,CUST-2021-CN-000935,志强,张,志强 张,Male,1952-07-14,user510.apple200@mail.com,18966420320,北京路q座,玉珍县,春梅县,704448,CN,China,GREATER_CHINA,Chinese,Consumer,Platinum,2021-02-28,2021,NEW,True,MDM,2021-02-28 00:00:00,2026-04-17 15:58:36.757355
9f368ee9-5b83-4ad2-92d2-728fbdb2eb5b,CUST-2021-CN-000936,秀珍,周,秀珍 周,Female,1987-03-21,user996.apple56@yahoo.com,15263959132,张路N座,长沙市,丽市,819299,CN,China,GREATER_CHINA,Chinese,Consumer,Gold,2021-05-24,2021,NEW,True,MDM,2021-05-24 00:00:00,2026-04-17 15:58:36.757451
da41e5d5-7bca-4954-8de2-5d59aa37c027,CUST-2021-CN-000937,利,贾,利 贾,Male,1962-06-17,user103.apple@protonmail.com,18651335090,刘街p座,建华市,坤县,382142,CN,China,GREATER_CHINA,Chinese,Consumer,None,2021-08-19,2021,NEW,True,MDM,2021-08-19 00:00:00,2026-04-17 15:58:36.757546
7f363228-933e-4d76-9e24-666f9eebbeed,CUST-2021-CN-000938,建军,黄,建军 黄,Female,1960-11-03,user165.apple@gmx.com,15917530842,梧州街v座,巢湖县,北镇县,166370,CN,China,GREATER_CHINA,Chinese,Consumer,Gold,2021-03-16,2021,NEW,True,MDM,2021-03-16 00:00:00,2026-04-17 15:58:36.757622
6bc6d607-b4bd-4434-b96d-479ac20e3bc3,CUST-2021-CN-000939,帆,王,帆 王,Male,1956-04-18,user350.apple225@hotmail.com,15211501782,潜江街M座,丽县,红市,887624,CN,China,GREATER_CHINA,Chinese,Business,Silver,2021-06-13,2021,NEW,True,MDM,2021-06-13 00:00:00,2026-04-17 15:58:36.757700
76cbfd9e-1adf-4136-a533-37818dc4fe52,CUST-2021-CN-000940,柳,黄,柳 黄,Female,2006-05-02,user367.apple840@live.com,13490244863,郑州街Q座,建市,丽华县,866684,CN,China,GREATER_CHINA,Chinese,Business,Silver,2021-07-13,2021,NEW,True,MDM,2021-07-13 00:00:00,2026-04-17 15:58:36.757777
abd4973a-02ee-4f3e-bd35-c95001dd75c6,CUST-2021-CN-000941,亮,张,亮 张,Male,1963-12-27,user367.apple@zoho.com,18527828127,刘街A座,玉县,兴安盟市,259796,CN,China,GREATER_CHINA,Chinese,Consumer,Gold,2021-11-23,2021,NEW,True,MDM,2021-11-23 00:00:00,2026-04-17 15:58:36.757874
9ee0c176-faeb-493b-ab4d-f5f36bbd9423,CUST-2021-CN-000942,雪梅,唐,雪梅 唐,Female,1993-07-29,user114.apple@outlook.com,15011331241,黄路Y座,英县,彬市,151373,CN,China,GREATER_CHINA,Chinese,Education,None,2021-12-03,2021,NEW,True,MDM,2021-12-03 00:00:00,2026-04-17 15:58:36.757969
b83093e0-c778-45cb-a5dc-d86ca5a97feb,CUST-2021-CN-000943,凯,金,凯 金,Female,1975-06-14,user426.apple825@outlook.com,13332777990,昆明街C座,西宁县,玲县,859868,CN,China,GREATER_CHINA,Chinese,Consumer,Platinum,2021-10-09,2021,NEW,True,MDM,2021-10-09 00:00:00,2026-04-17 15:58:36.758046
e8a4102d-2c43-44d3-a234-1092b2845f24,CUST-2021-CN-000944,欣,车,欣 车,Male,1966-02-08,user789.apple349@mail.com,18826046376,程街p座,秀梅市,雪县,796958,CN,China,GREATER_CHINA,Chinese,Consumer,Silver,2021-10-28,2021,NEW,True,MDM,2021-10-28 00:00:00,2026-04-17 15:58:36.758142
4a657010-3f8b-4b64-ac51-aee84156a3ec,CUST-2021-CN-000945,健,莫,健 莫,Female,1952-07-01,user977.apple@zoho.com,18796057041,郑州路m座,想市,博县,946022,CN,China,GREATER_CHINA,Chinese,Consumer,Silver,2021-09-08,2021,NEW,True,MDM,2021-09-08 00:00:00,2026-04-17 15:58:36.758249
fc04b8a8-ce29-4c13-be7c-086985bdc041,CUST-2021-CN-000946,玲,谢,玲 谢,Female,2007-08-29,user461.apple875@icloud.com,18677627873,叶街s座,红市,银川市,921042,CN,China,GREATER_CHINA,Chinese,Consumer,None,2021-03-28,2021,NEW,True,MDM,2021-03-28 00:00:00,2026-04-17 15:58:36.758349
c36c533b-23ef-4c6c-8fa6-6cc52564f85c,CUST-2021-CN-000947,兵,林,兵 林,Female,1984-05-03,user111.apple477@gmail.com,14753264741,福州街w座,欣市,欣市,594687,CN,China,GREATER_CHINA,Chinese,Consumer,None,2021-06-20,2021,NEW,True,MDM,2021-06-20 00:00:00,2026-04-17 15:58:36.758428
12c42fdb-bf8b-4a6e-b582-29e2ff0911ac,CUST-2021-CN-000948,彬,杨,彬 杨,Female,1973-02-27,user881.apple@live.com,14561760257,李路g座,洋县,丽华市,230120,CN,China,GREATER_CHINA,Chinese,Consumer,Silver,2021-03-04,2021,NEW,True,MDM,2021-03-04 00:00:00,2026-04-17 15:58:36.758526
158781cb-7a6b-4005-86a1-1af1f97817af,CUST-2021-CN-000949,桂花,任,桂花 任,Female,1992-12-24,user156.apple@zoho.com,15720895888,涂街I座,荆门市,玲县,402005,CN,China,GREATER_CHINA,Chinese,Consumer,Silver,2021-02-25,2021,NEW,True,MDM,2021-02-25 00:00:00,2026-04-17 15:58:36.758621
d5a7d4a5-b8d2-4951-a74c-bb0cb101df97,CUST-2021-CN-000950,波,胡,波 胡,Female,1997-12-08,user629.apple@mail.com,15509524406,惠州路B座,凯县,拉萨市,373722,CN,China,GREATER_CHINA,Chinese,Business,None,2021-01-16,2021,NEW,True,MDM,2021-01-16 00:00:00,2026-04-17 15:58:36.758698
16e0e551-0383-4fe6-b46e-3c2b6415985e,CUST-2021-CN-000951,辉,植,辉 植,Female,1965-11-14,user902.apple@zoho.com,13527914543,陈街x座,北京市,太原县,643761,CN,China,GREATER_CHINA,Chinese,Consumer,None,2021-06-14,2021,NEW,False,MDM,2021-06-14 00:00:00,2026-04-17 15:58:36.758792
3d1db12c-82a6-4ff2-9b16-adb7caae4ecd,CUST-2021-CN-000952,秀梅,刘,秀梅 刘,Male,1984-09-01,user479.apple@zoho.com,18941874469,乌鲁木齐街j座,玲市,巢湖县,516941,CN,China,GREATER_CHINA,Chinese,Consumer,Silver,2021-08-07,2021,NEW,True,MDM,2021-08-07 00:00:00,2026-04-17 15:58:36.758870
d3193eb0-072e-45f4-9bc0-4a0f7418f085,CUST-2021-CN-000953,鹏,王,鹏 王,Female,1996-12-08,user511.apple@msn.com,13088984627,郑州路N座,关岭县,红霞市,266744,CN,China,GREATER_CHINA,Chinese,Consumer,Gold,2021-09-06,2021,NEW,True,MDM,2021-09-06 00:00:00,2026-04-17 15:58:36.758952
b3d88858-2808-4e6d-b8ff-dc85dacc0186,CUST-2021-CN-000954,艳,冯,艳 冯,Female,1967-09-21,user233.apple222@icloud.com,13782480394,罗街m座,柳州市,海门县,295137,CN,China,GREATER_CHINA,Chinese,Education,None,2021-09-23,2021,NEW,True,MDM,2021-09-23 00:00:00,2026-04-17 15:58:36.759049
7d2eff70-bd71-4a97-96a6-11a09124516a,CUST-2021-CN-000955,欢,张,欢 张,Male,1996-08-05,user984.apple@icloud.com,18160252916,黄街v座,昆明县,合肥县,649495,CN,China,GREATER_CHINA,Chinese,Consumer,None,2021-01-18,2021,NEW,True,MDM,2021-01-18 00:00:00,2026-04-17 15:58:36.759143
c90da69e-5c7a-4d96-b7c4-fbef3a3feb14,CUST-2021-CN-000956,桂香,王,桂香 王,Male,2001-11-08,user407.apple@msn.com,15320801937,海口街S座,沈阳县,凤兰县,949133,CN,China,GREATER_CHINA,Chinese,Consumer,Silver,2021-07-04,2021,NEW,True,MDM,2021-07-04 00:00:00,2026-04-17 15:58:36.759220
a6e4634a-5c11-4d64-a3e5-995d014c5c80,CUST-2021-CN-000957,红梅,孟,红梅 孟,Female,1987-09-18,user979.apple307@yahoo.com,15596665997,杨街l座,兰州县,鹏市,775655,CN,China,GREATER_CHINA,Chinese,Business,None,2021-09-28,2021,NEW,True,MDM,2021-09-28 00:00:00,2026-04-17 15:58:36.759315
bcbac7c2-b0f7-4920-856e-a2e64e9b3126,CUST-2021-CN-000958,淑珍,霍,淑珍 霍,Female,1969-03-11,user734.apple915@icloud.com,14590063130,张街f座,张家港县,云市,645126,CN,China,GREATER_CHINA,Chinese,Consumer,None,2021-01-17,2021,NEW,False,MDM,2021-01-17 00:00:00,2026-04-17 15:58:36.759413
3e4e5c45-07f1-4960-8f77-b318cafc62b9,CUST-2021-CN-000959,丽娟,王,丽娟 王,Female,1974-06-20,user640.apple@hotmail.com,18528444203,福州街d座,呼和浩特县,颖县,734671,CN,China,GREATER_CHINA,Chinese,Consumer,Silver,2021-11-02,2021,NEW,True,MDM,2021-11-02 00:00:00,2026-04-17 15:58:36.759490
7ad5ff64-e515-42c6-8ed9-9dba05e826a7,CUST-2021-CN-000960,春梅,邓,春梅 邓,Female,1977-10-24,user207.apple898@hotmail.com,13785228779,武路c座,六安县,呼和浩特市,313742,CN,China,GREATER_CHINA,Chinese,Consumer,None,2021-05-09,2021,NEW,True,MDM,2021-05-09 00:00:00,2026-04-17 15:58:36.759585
d796769b-4168-49d4-a21a-b2f1a1c4aed7,CUST-2021-CN-000961,红霞,郝,红霞 郝,Male,1979-08-01,user735.apple@zoho.com,18584381468,黄街J座,颖市,齐齐哈尔县,146637,CN,China,GREATER_CHINA,Chinese,Business,Silver,2021-06-07,2021,NEW,True,MDM,2021-06-07 00:00:00,2026-04-17 15:58:36.759680
0f0603e9-8577-4db2-8aa2-b63557b3f7d1,CUST-2021-CN-000962,玲,张,玲 张,Female,1972-10-04,user558.apple432@yahoo.com,18706894076,六盘水街p座,辉市,丽华县,581823,CN,China,GREATER_CHINA,Chinese,Consumer,None,2021-08-26,2021,NEW,True,MDM,2021-08-26 00:00:00,2026-04-17 15:58:36.759757
dbc303a0-36a2-4b10-a077-9d931c1cc389,CUST-2021-CN-000963,英,徐,英 徐,Male,1984-02-19,user715.apple@yahoo.com,13233356542,合肥路G座,淑珍市,洋市,258608,CN,China,GREATER_CHINA,Chinese,Business,Platinum,2021-12-24,2021,NEW,True,MDM,2021-12-24 00:00:00,2026-04-17 15:58:36.759834
00d52151-b69c-44ac-8625-d742e2ac232f,CUST-2021-CN-000964,秀华,任,秀华 任,Female,1998-04-04,user904.apple@aol.com,14524498262,六盘水街D座,丹丹市,想县,466889,CN,China,GREATER_CHINA,Chinese,Consumer,Gold,2021-10-07,2021,NEW,True,MDM,2021-10-07 00:00:00,2026-04-17 15:58:36.759912
8784629c-22dc-4197-9d03-db2de7f97f59,CUST-2021-CN-000965,华,刘,华 刘,Female,1998-01-08,user419.apple@live.com,13636846402,黎街l座,春梅市,刚县,440590,CN,China,GREATER_CHINA,Chinese,Business,None,2021-07-19,2021,NEW,True,MDM,2021-07-19 00:00:00,2026-04-17 15:58:36.760006
08a41f1f-7342-4788-a7d7-fbcf95f72f47,CUST-2021-CN-000966,宇,罗,宇 罗,Female,1999-05-14,user794.apple@mail.com,15605881137,穆路G座,嘉禾市,红霞县,675295,CN,China,GREATER_CHINA,Chinese,Consumer,None,2021-09-13,2021,NEW,True,MDM,2021-09-13 00:00:00,2026-04-17 15:58:36.760102
0f4131da-0e53-4574-8c7f-4678a63321d6,CUST-2021-CN-000967,瑞,吴,瑞 吴,Male,2006-09-20,user600.apple418@outlook.com,14792067174,宋路k座,天津县,兰英县,290182,CN,China,GREATER_CHINA,Chinese,Consumer,Silver,2021-09-06,2021,NEW,True,MDM,2021-09-06 00:00:00,2026-04-17 15:58:36.760197
872adb51-1fc4-499c-9e11-5e9fa101dcc7,CUST-2021-CN-000968,琴,崔,琴 崔,Female,1968-08-18,user241.apple365@yahoo.com,13582656980,上海路r座,俊县,宁德市,312027,CN,China,GREATER_CHINA,Chinese,Consumer,None,2021-01-04,2021,NEW,True,MDM,2021-01-04 00:00:00,2026-04-17 15:58:36.760273
c8d78bee-927e-4a17-8ef4-0f59fae63e18,CUST-2021-CN-000969,楠,何,楠 何,Male,1999-09-21,user303.apple@mail.com,13529541847,巢湖路J座,艳市,六安市,264323,CN,China,GREATER_CHINA,Chinese,Consumer,None,2021-09-28,2021,NEW,True,MDM,2021-09-28 00:00:00,2026-04-17 15:58:36.760351
825bae64-f4a4-4485-9a39-b754a6de1aa5,CUST-2021-CN-000970,旭,李,旭 李,Male,1981-02-10,user666.apple@hotmail.com,13514407597,孙街u座,燕县,荣县,538824,CN,China,GREATER_CHINA,Chinese,Education,None,2021-06-30,2021,NEW,False,MDM,2021-06-30 00:00:00,2026-04-17 15:58:36.760446
2387d9eb-3391-4359-934b-54a3be60a10e,CUST-2021-CN-000971,秀英,田,秀英 田,Female,1967-08-16,user613.apple@zoho.com,18055594156,西宁路f座,鑫市,海门市,925168,CN,China,GREATER_CHINA,Chinese,Consumer,None,2021-11-08,2021,NEW,True,MDM,2021-11-08 00:00:00,2026-04-17 15:58:36.760523
634ea091-962e-401f-b852-c6d3c59dd484,CUST-2021-CN-000972,洋,孙,洋 孙,Male,1983-05-08,user169.apple@mail.com,15714086187,张街C座,柳市,重庆市,583141,CN,China,GREATER_CHINA,Chinese,Education,None,2021-01-30,2021,NEW,True,MDM,2021-01-30 00:00:00,2026-04-17 15:58:36.760618
9d50aeb8-4446-4692-82f0-c25ea3aed332,CUST-2021-CN-000973,欣,汪,欣 汪,Male,1985-06-14,user727.apple@protonmail.com,13214611520,刘路d座,旭市,潜江市,358569,CN,China,GREATER_CHINA,Chinese,Consumer,None,2021-06-11,2021,NEW,True,MDM,2021-06-11 00:00:00,2026-04-17 15:58:36.760712
715a8c76-77bb-4034-9c1b-482e23a67a33,CUST-2021-CN-000974,丹,沈,丹 沈,Female,1996-05-22,user662.apple@live.com,13896659962,大冶街S座,合山市,静县,947139,CN,China,GREATER_CHINA,Chinese,Consumer,Platinum,2021-09-09,2021,NEW,True,MDM,2021-09-09 00:00:00,2026-04-17 15:58:36.760788
8b73c432-39b2-48d8-b66e-a36d1b7851a8,CUST-2021-CN-000975,婷婷,黄,婷婷 黄,Male,1993-01-18,user296.apple@mail.com,15500097378,魏街U座,哈尔滨市,长春县,647742,CN,China,GREATER_CHINA,Chinese,Consumer,None,2021-11-13,2021,NEW,True,MDM,2021-11-13 00:00:00,2026-04-17 15:58:36.760882
8a5a1ad1-d48e-4918-9267-8beddc591750,CUST-2021-CN-000976,彬,张,彬 张,Male,2006-01-22,user201.apple@zoho.com,18715190747,王路C座,岩市,上海市,656136,CN,China,GREATER_CHINA,Chinese,Consumer,None,2021-12-06,2021,NEW,True,MDM,2021-12-06 00:00:00,2026-04-17 15:58:36.760977
cea1ec49-2511-4ee5-8483-41aa8382a336,CUST-2021-CN-000977,鹏,胡,鹏 胡,Male,1981-02-15,user669.apple@mail.com,13585962347,辽阳路T座,重庆县,香港县,439968,CN,China,GREATER_CHINA,Chinese,Consumer,Silver,2021-05-21,2021,NEW,False,MDM,2021-05-21 00:00:00,2026-04-17 15:58:36.761053
04bea7d0-e165-4e88-ae1b-195e5c03e44d,CUST-2021-CN-000978,鹏,赵,鹏 赵,Female,1995-04-16,user346.apple@live.com,18553066676,北镇路B座,台北县,哈尔滨县,683155,CN,China,GREATER_CHINA,Chinese,Consumer,None,2021-05-17,2021,NEW,True,MDM,2021-05-17 00:00:00,2026-04-17 15:58:36.761130
7279b83e-3864-4047-a83d-e97db8122dab,CUST-2021-CN-000979,晶,赵,晶 赵,Female,1999-07-10,user258.apple494@gmx.com,18114438885,关岭街I座,亮市,沈阳市,965949,CN,China,GREATER_CHINA,Chinese,Consumer,None,2021-05-17,2021,NEW,True,MDM,2021-05-17 00:00:00,2026-04-17 15:58:36.761206
842990c0-31e4-4a24-abcf-e2334539ef26,CUST-2021-CN-000980,建华,邓,建华 邓,Female,1976-12-29,user567.apple@gmail.com,18915085565,哈尔滨街U座,静县,秀芳县,867625,CN,China,GREATER_CHINA,Chinese,Consumer,None,2021-05-20,2021,NEW,True,MDM,2021-05-20 00:00:00,2026-04-17 15:58:36.761284
f1e67fc1-a9c5-4359-ae7e-4944a25a35fc,CUST-2021-CN-000981,柳,简,柳 简,Female,1979-04-24,user543.apple@live.com,13445228740,武汉街n座,北京县,嘉禾市,197666,CN,China,GREATER_CHINA,Chinese,Consumer,None,2021-12-25,2021,NEW,True,MDM,2021-12-25 00:00:00,2026-04-17 15:58:36.761360
96314b6f-f15f-45ce-ac59-4e55a89bc956,CUST-2021-CN-000982,瑜,黄,瑜 黄,Female,1988-05-24,user482.apple@outlook.com,13424047039,香港路Q座,惠州县,天津市,677365,CN,China,GREATER_CHINA,Chinese,Consumer,Silver,2021-04-15,2021,NEW,True,MDM,2021-04-15 00:00:00,2026-04-17 15:58:36.761435
a5ce9cd1-d042-4f25-a262-e4c1f8b26bed,CUST-2021-CN-000983,洋,张,洋 张,Female,1951-10-18,user905.apple@icloud.com,13426809201,齐齐哈尔街W座,萍县,凤英市,293401,CN,China,GREATER_CHINA,Chinese,Consumer,Platinum,2021-03-22,2021,NEW,False,MDM,2021-03-22 00:00:00,2026-04-17 15:58:36.761512
31f9ddad-ad41-4e77-b116-4f1ce69d3df9,CUST-2021-CN-000984,丹丹,尉,丹丹 尉,Male,1977-05-03,user274.apple@gmx.com,15142666905,天津街m座,惠州县,杭州市,703407,CN,China,GREATER_CHINA,Chinese,Consumer,Gold,2021-08-30,2021,NEW,True,MDM,2021-08-30 00:00:00,2026-04-17 15:58:36.761588
e49280e6-7324-4067-93b1-da54b941b5d5,CUST-2021-CN-000985,明,张,明 张,Female,1976-10-18,user813.apple@live.com,18571864591,齐齐哈尔街T座,海燕县,建国市,581006,CN,China,GREATER_CHINA,Chinese,Consumer,Gold,2021-10-05,2021,NEW,True,MDM,2021-10-05 00:00:00,2026-04-17 15:58:36.761665
507f7f88-50a2-43a0-ad5a-845fe007b124,CUST-2021-CN-000986,桂香,阎,桂香 阎,Male,1996-01-07,user983.apple852@gmail.com,15159437025,永安街X座,秀英县,宇市,902983,CN,China,GREATER_CHINA,Chinese,Consumer,None,2021-10-29,2021,NEW,True,MDM,2021-10-29 00:00:00,2026-04-17 15:58:36.761741
605726e7-f7d9-47ca-a1e1-2111a14a5f2d,CUST-2021-CN-000987,淑英,李,淑英 李,Female,1953-05-29,user785.apple964@gmx.com,18009811435,尚路G座,彬市,郑州市,694491,CN,China,GREATER_CHINA,Chinese,Consumer,Gold,2021-08-30,2021,NEW,True,MDM,2021-08-30 00:00:00,2026-04-17 15:58:36.761836
92a9dd92-edad-430d-b021-eb7a317acf30,CUST-2021-CN-000988,玉珍,王,玉珍 王,Female,1969-12-24,user387.apple498@hotmail.com,14503876685,滕路k座,娟市,慧市,297964,CN,China,GREATER_CHINA,Chinese,Consumer,None,2021-10-25,2021,NEW,False,MDM,2021-10-25 00:00:00,2026-04-17 15:58:36.761953
10ad222a-caf0-4e58-843f-ede6f88ba50b,CUST-2021-CN-000989,淑兰,邓,淑兰 邓,Female,1977-09-28,user103.apple497@yahoo.com,18838288855,重庆路C座,六盘水市,香港市,989718,CN,China,GREATER_CHINA,Chinese,Consumer,Platinum,2021-09-16,2021,NEW,True,MDM,2021-09-16 00:00:00,2026-04-17 15:58:36.762030
f501cfdc-757c-4c9a-82b0-937550cc611f,CUST-2021-CN-000990,霞,萧,霞 萧,Male,1965-10-07,user587.apple922@gmail.com,18023729680,王街S座,玲县,志强县,825772,CN,China,GREATER_CHINA,Chinese,Education,Silver,2021-10-28,2021,NEW,True,MDM,2021-10-28 00:00:00,2026-04-17 15:58:36.762126
8a287bc6-fd63-4182-85ba-5b81350ee51d,CUST-2021-CN-000991,波,朱,波 朱,Female,1998-08-17,user163.apple@icloud.com,13360647378,冉街P座,华县,拉萨县,746391,CN,China,GREATER_CHINA,Chinese,Consumer,None,2021-06-07,2021,NEW,True,MDM,2021-06-07 00:00:00,2026-04-17 15:58:36.762220
34f77745-59d1-4bab-8034-d48b98f4e143,CUST-2021-CN-000992,秀华,殷,秀华 殷,Female,1983-04-20,user820.apple@icloud.com,15635162810,潮州路R座,红霞市,丹丹县,345232,CN,China,GREATER_CHINA,Chinese,Consumer,None,2021-04-06,2021,NEW,True,MDM,2021-04-06 00:00:00,2026-04-17 15:58:36.762297
74f88ffe-488e-45a7-ad6f-3048e43e44a5,CUST-2021-CN-000993,帆,沈,帆 沈,Female,1971-07-30,user352.apple571@gmx.com,13930018517,蔡路P座,飞县,秀芳市,472734,CN,China,GREATER_CHINA,Chinese,Business,Silver,2021-10-22,2021,NEW,True,MDM,2021-10-22 00:00:00,2026-04-17 15:58:36.762392
207b7c32-b5b9-45a3-8777-f6c0c87c6367,CUST-2021-CN-000994,博,单,博 单,Female,1997-02-02,user474.apple219@gmail.com,18120282096,银川路M座,北镇县,玉兰市,139946,CN,China,GREATER_CHINA,Chinese,Consumer,None,2021-03-12,2021,NEW,True,MDM,2021-03-12 00:00:00,2026-04-17 15:58:36.762469
ad86841e-a69f-4c75-9469-3101a697376a,CUST-2021-CN-000995,淑兰,杨,淑兰 杨,Male,1973-11-17,user723.apple@hotmail.com,13115405893,梧州路S座,淑英县,利县,129717,CN,China,GREATER_CHINA,Chinese,Business,None,2021-06-04,2021,NEW,True,MDM,2021-06-04 00:00:00,2026-04-17 15:58:36.762545
3807c1bc-4770-4083-9246-706a5f4e349d,CUST-2021-CN-000996,佳,高,佳 高,Male,1997-11-21,user150.apple@gmx.com,15776558162,兴城路h座,澳门县,关岭市,933404,CN,China,GREATER_CHINA,Chinese,Education,Silver,2021-09-25,2021,NEW,True,MDM,2021-09-25 00:00:00,2026-04-17 15:58:36.762621
df809215-18e8-4d14-b7ab-4fa370deb32a,CUST-2021-CN-000997,玉梅,刘,玉梅 刘,Female,1964-09-06,user588.apple@yahoo.com,15801140914,宁德路U座,桂兰县,秀兰县,669959,CN,China,GREATER_CHINA,Chinese,Consumer,None,2021-07-07,2021,NEW,True,MDM,2021-07-07 00:00:00,2026-04-17 15:58:36.762697
81d87621-9787-4fe6-8dc8-36aafbb0ae8c,CUST-2021-CN-000998,兵,王,兵 王,Male,1978-05-24,user441.apple@msn.com,15092052181,蒋街z座,成县,太原市,358523,CN,China,GREATER_CHINA,Chinese,Consumer,None,2021-05-12,2021,NEW,True,MDM,2021-05-12 00:00:00,2026-04-17 15:58:36.762792
e96e156f-1474-40e6-abbd-7a44e1ea658e,CUST-2021-CN-000999,平,苏,平 苏,Female,1958-10-20,user879.apple504@aol.com,13399975186,宜都街Q座,涛县,龙市,951459,CN,China,GREATER_CHINA,Chinese,Business,None,2021-03-11,2021,NEW,True,MDM,2021-03-11 00:00:00,2026-04-17 15:58:36.762870
b91a40e5-f9a4-498a-87cd-b2e69f634132,CUST-2021-CN-001000,柳,刘,柳 刘,Female,1989-02-01,user585.apple@mail.com,18262661969,张路C座,雪梅市,辛集县,119189,CN,China,GREATER_CHINA,Chinese,Consumer,None,2021-04-16,2021,NEW,True,MDM,2021-04-16 00:00:00,2026-04-17 15:58:36.762965
d5d36475-9e36-47f6-b519-81206cd15c9d,CUST-2021-CN-001001,海燕,李,海燕 李,Male,1971-07-12,user324.apple904@live.com,15102162330,蔡路o座,巢湖县,武汉县,438159,CN,China,GREATER_CHINA,Chinese,Business,Gold,2021-11-10,2021,NEW,True,MDM,2021-11-10 00:00:00,2026-04-17 15:58:36.763070
8124b041-b965-4e3f-a5e0-010df2a98120,CUST-2021-CN-001002,秀芳,檀,秀芳 檀,Female,1961-02-27,user798.apple@zoho.com,14537788502,呼和浩特街d座,飞市,龙市,489790,CN,China,GREATER_CHINA,Chinese,Consumer,None,2021-03-15,2021,NEW,True,MDM,2021-03-15 00:00:00,2026-04-17 15:58:36.763149
4f73aef4-27df-482b-9522-08225468c0c7,CUST-2021-CN-001003,秀荣,王,秀荣 王,Male,1984-01-05,user798.apple@aol.com,14556875288,福州路c座,深圳县,淮安县,909601,CN,China,GREATER_CHINA,Chinese,Consumer,None,2021-09-19,2021,NEW,True,MDM,2021-09-19 00:00:00,2026-04-17 15:58:36.763225
8e0bd8ad-9d58-43d6-a030-b3009746a4d7,CUST-2021-CN-001004,兰英,谭,兰英 谭,Female,2003-06-21,user933.apple@zoho.com,14549125532,长沙街f座,关岭县,旭市,570678,CN,China,GREATER_CHINA,Chinese,Business,None,2021-04-13,2021,NEW,True,MDM,2021-04-13 00:00:00,2026-04-17 15:58:36.763302
b961a8c6-6b2c-4e66-b2ce-ed5a8b348572,CUST-2021-CN-001005,欣,温,欣 温,Male,1982-02-23,user533.apple@aol.com,18164954997,王路r座,呼和浩特县,澳门市,709919,CN,China,GREATER_CHINA,Chinese,Consumer,None,2021-08-02,2021,NEW,True,MDM,2021-08-02 00:00:00,2026-04-17 15:58:36.763397
bd15d9d5-9389-4094-b539-6100e0fbd140,CUST-2021-CN-001006,丽娟,吴,丽娟 吴,Male,2001-12-15,user349.apple299@outlook.com,13673999793,天津街a座,长春县,沈阳县,725098,CN,China,GREATER_CHINA,Chinese,Consumer,Gold,2021-06-12,2021,NEW,True,MDM,2021-06-12 00:00:00,2026-04-17 15:58:36.763474
341e86e3-89a4-4998-a4cc-6976469d5586,CUST-2021-CN-001007,辉,杨,辉 杨,Male,1982-05-31,user286.apple@protonmail.com,18238945309,上海街s座,荣市,晨县,938130,CN,China,GREATER_CHINA,Chinese,Consumer,None,2021-10-22,2021,NEW,True,MDM,2021-10-22 00:00:00,2026-04-17 15:58:36.763555
cdca14e4-47ee-4d90-b9b1-11eca21cf627,CUST-2021-CN-001008,艳,石,艳 石,Female,1950-05-19,user718.apple@icloud.com,15526573010,何路t座,宜都县,福州县,183336,CN,China,GREATER_CHINA,Chinese,Consumer,None,2021-02-10,2021,NEW,True,MDM,2021-02-10 00:00:00,2026-04-17 15:58:36.763651
3210d35b-8a57-4500-960b-285c723ab0bf,CUST-2021-CN-001009,阳,陈,阳 陈,Female,1988-07-04,user955.apple67@aol.com,18524215803,惠州路g座,俊市,关岭县,651795,CN,China,GREATER_CHINA,Chinese,Consumer,Silver,2021-11-08,2021,NEW,True,MDM,2021-11-08 00:00:00,2026-04-17 15:58:36.763729
bed6369d-f761-4db4-a393-4b247f15a431,CUST-2021-CN-001010,欣,周,欣 周,Male,1967-01-11,user924.apple@aol.com,13671592636,张路m座,东莞县,波县,806958,CN,China,GREATER_CHINA,Chinese,Consumer,None,2021-11-08,2021,NEW,True,MDM,2021-11-08 00:00:00,2026-04-17 15:58:36.763824
90b78a4d-ab5d-49df-a9ca-5b47ab16dafc,CUST-2021-CN-001011,冬梅,周,冬梅 周,Male,1955-10-11,user179.apple@mail.com,15080329325,六安路c座,北京县,超市,328227,CN,China,GREATER_CHINA,Chinese,Consumer,None,2021-05-26,2021,NEW,True,MDM,2021-05-26 00:00:00,2026-04-17 15:58:36.763901
ad5cc3c4-ee75-4b51-b659-b51f19295521,CUST-2021-CN-001012,凤英,陈,凤英 陈,Female,1962-03-02,user478.apple@outlook.com,15142441132,朱街d座,西安县,梅市,626081,CN,China,GREATER_CHINA,Chinese,Consumer,None,2021-11-30,2021,NEW,True,MDM,2021-11-30 00:00:00,2026-04-17 15:58:36.763996
a67618b5-a6b7-4478-9e75-febb8eb611b6,CUST-2021-CN-001013,东,袁,东 袁,Male,2005-06-10,user655.apple@icloud.com,18846460373,叶路p座,燕县,西安县,968019,CN,China,GREATER_CHINA,Chinese,Consumer,Gold,2021-01-03,2021,NEW,True,MDM,2021-01-03 00:00:00,2026-04-17 15:58:36.764094
bed04c20-d2b3-4b8f-a88c-47cab9f5dc47,CUST-2021-CN-001014,华,朱,华 朱,Male,1995-08-19,user315.apple@aol.com,13532858523,邱街V座,嘉禾市,红霞县,592801,CN,China,GREATER_CHINA,Chinese,Consumer,None,2021-04-13,2021,NEW,False,MDM,2021-04-13 00:00:00,2026-04-17 15:58:36.764189
47769688-3978-4e31-91b2-ec3d88db389d,CUST-2021-CN-001015,婷,李,婷 李,Male,1989-02-22,user465.apple@zoho.com,13959534468,诸街L座,强县,宇市,191942,CN,China,GREATER_CHINA,Chinese,Consumer,Silver,2021-09-18,2021,NEW,True,MDM,2021-09-18 00:00:00,2026-04-17 15:58:36.764284
235b0465-a866-448c-a5d6-6d7b713351d1,CUST-2021-CN-001016,桂兰,傅,桂兰 傅,Male,1972-11-03,user146.apple466@protonmail.com,15063866679,潜江路k座,岩县,艳市,709491,CN,China,GREATER_CHINA,Chinese,Consumer,Silver,2021-02-15,2021,NEW,True,MDM,2021-02-15 00:00:00,2026-04-17 15:58:36.764361
9416a6ef-a51a-40c0-95d9-d9932379a102,CUST-2021-CN-001017,林,王,林 王,Female,1958-11-08,user393.apple@msn.com,13668001973,福州路O座,宁德市,琴县,506696,CN,China,GREATER_CHINA,Chinese,Consumer,None,2021-06-07,2021,NEW,False,MDM,2021-06-07 00:00:00,2026-04-17 15:58:36.764438
19bf4d39-8756-462d-8858-9c1cc95ec197,CUST-2021-CN-001018,娟,吴,娟 吴,Female,2003-04-02,user709.apple@protonmail.com,14592395955,哈尔滨街Y座,欣市,欣市,852712,CN,China,GREATER_CHINA,Chinese,Consumer,None,2021-02-12,2021,NEW,False,MDM,2021-02-12 00:00:00,2026-04-17 15:58:36.764515
59288c6d-677a-4a1b-99d6-907085420d04,CUST-2021-CN-001019,建平,李,建平 李,Female,2001-06-30,user636.apple412@live.com,18842988183,北镇路e座,波县,秀珍市,278011,CN,China,GREATER_CHINA,Chinese,Consumer,None,2021-12-23,2021,NEW,True,MDM,2021-12-23 00:00:00,2026-04-17 15:58:36.764592
d656ce00-7f3c-40f7-80bd-bf8d4fe47041,CUST-2021-CN-001020,帆,胡,帆 胡,Male,2001-08-06,user283.apple@msn.com,14557959880,赵路C座,伟县,霞市,812649,CN,China,GREATER_CHINA,Chinese,Consumer,None,2021-12-01,2021,NEW,True,MDM,2021-12-01 00:00:00,2026-04-17 15:58:36.764686
71b91001-ff4d-47ce-b05a-5709c5e4fd21,CUST-2021-CN-001021,建军,刘,建军 刘,Male,1989-12-06,user486.apple512@mail.com,15804187711,上海路S座,桂兰县,金凤市,197014,CN,China,GREATER_CHINA,Chinese,Consumer,Platinum,2021-10-08,2021,NEW,True,MDM,2021-10-08 00:00:00,2026-04-17 15:58:36.764765
690db8f4-2ba1-42d9-8356-2d61f02a5dc6,CUST-2021-CN-001022,敏,王,敏 王,Male,1996-09-18,user917.apple4@aol.com,13697730821,王路D座,龙县,南昌市,570689,CN,China,GREATER_CHINA,Chinese,Consumer,Silver,2021-10-28,2021,NEW,True,MDM,2021-10-28 00:00:00,2026-04-17 15:58:36.764861
12ae7006-4bff-4ff3-a510-b8e62237a5b4,CUST-2021-CN-001023,宇,宋,宇 宋,Female,1981-08-11,user916.apple@hotmail.com,15264333057,李路L座,玉兰县,西安县,946897,CN,China,GREATER_CHINA,Chinese,Consumer,None,2021-06-22,2021,NEW,True,MDM,2021-06-22 00:00:00,2026-04-17 15:58:36.764956
71b1b1e0-1229-44ce-8216-628ae0cc6a81,CUST-2021-CN-001024,亮,夏,亮 夏,Female,1959-02-12,user647.apple@live.com,18048461854,张路T座,银川市,春梅市,404876,CN,China,GREATER_CHINA,Chinese,Consumer,Silver,2021-12-13,2021,NEW,True,MDM,2021-12-13 00:00:00,2026-04-17 15:58:36.765053
8d9cfc6d-d319-4e12-8543-988273ed2f09,CUST-2021-CN-001025,建国,白,建国 白,Male,2002-08-11,user269.apple910@msn.com,14579321378,曹路E座,合山市,玉梅县,347564,CN,China,GREATER_CHINA,Chinese,Consumer,Silver,2021-10-23,2021,NEW,True,MDM,2021-10-23 00:00:00,2026-04-17 15:58:36.765149
4e18a0de-5095-498b-8743-0738cee6c28d,CUST-2021-CN-001026,娜,邓,娜 邓,Male,1970-06-09,user780.apple917@protonmail.com,15690161479,贵阳路Y座,昆明县,桂花县,857143,CN,China,GREATER_CHINA,Chinese,Consumer,Platinum,2021-04-14,2021,NEW,True,MDM,2021-04-14 00:00:00,2026-04-17 15:58:36.765227
653be1f0-e93f-40f8-9d84-3a983dd273e1,CUST-2021-CN-001027,成,汪,成 汪,Female,2004-04-07,user574.apple@zoho.com,13517122977,陈街U座,桂芝县,拉萨县,670689,CN,China,GREATER_CHINA,Chinese,Consumer,Platinum,2021-09-09,2021,NEW,True,MDM,2021-09-09 00:00:00,2026-04-17 15:58:36.765322
dc57e938-01b7-4ce7-b6bc-3cf3e447ef20,CUST-2021-CN-001028,慧,洪,慧 洪,Female,1978-04-19,user192.apple@protonmail.com,13209424080,关岭街a座,永安县,太原县,715261,CN,China,GREATER_CHINA,Chinese,Business,None,2021-01-13,2021,NEW,True,MDM,2021-01-13 00:00:00,2026-04-17 15:58:36.765399
122a2b97-0546-4701-8854-0dcad9d2fd10,CUST-2021-CN-001029,春梅,谷,春梅 谷,Male,1975-11-20,user136.apple@zoho.com,15758520675,六盘水街N座,杰市,石家庄县,434327,CN,China,GREATER_CHINA,Chinese,Consumer,None,2021-08-18,2021,NEW,True,MDM,2021-08-18 00:00:00,2026-04-17 15:58:36.765477
d38f5b2c-6b11-42ce-9dc2-a11ea1fb7d27,CUST-2021-CN-001030,玉英,林,玉英 林,Female,1983-12-11,user137.apple@yahoo.com,14794583613,周路U座,涛县,海燕县,824817,CN,China,GREATER_CHINA,Chinese,Consumer,Gold,2021-07-02,2021,NEW,True,MDM,2021-07-02 00:00:00,2026-04-17 15:58:36.765573
f62f0440-f679-4d9f-a3d0-7311defd31cf,CUST-2021-CN-001031,辉,王,辉 王,Female,1985-06-14,user965.apple@aol.com,13361125108,乌鲁木齐路P座,辉市,阜新市,235913,CN,China,GREATER_CHINA,Chinese,Education,None,2021-07-08,2021,NEW,True,MDM,2021-07-08 00:00:00,2026-04-17 15:58:36.765651
bd45b2b2-9a1d-403c-b024-6fc53a6e0d18,CUST-2021-CN-001032,晶,曾,晶 曾,Female,1968-02-08,user561.apple@live.com,13267466372,南京街x座,银川市,阜新市,260168,CN,China,GREATER_CHINA,Chinese,Business,Silver,2021-05-25,2021,NEW,True,MDM,2021-05-25 00:00:00,2026-04-17 15:58:36.765729
eb315225-162b-45e1-8c91-4e832793efbf,CUST-2021-CN-001033,晨,刘,晨 刘,Female,1956-06-10,user912.apple@hotmail.com,15969241819,王路c座,玉梅县,凤英市,215088,CN,China,GREATER_CHINA,Chinese,Consumer,Silver,2021-12-12,2021,NEW,True,MDM,2021-12-12 00:00:00,2026-04-17 15:58:36.765826
194a8750-1aaa-458e-b5a0-1f1cb3b4b13e,CUST-2021-CN-001034,建华,李,建华 李,Male,1993-02-20,user523.apple@mail.com,15818103556,昆明街j座,建华市,台北市,970269,CN,China,GREATER_CHINA,Chinese,Consumer,Gold,2021-05-19,2021,NEW,True,MDM,2021-05-19 00:00:00,2026-04-17 15:58:36.765904
d61fa651-1316-4806-aac3-3a7d40b8ace7,CUST-2021-CN-001035,玉兰,周,玉兰 周,Female,1956-05-20,user226.apple@mail.com,18131695122,六安路U座,香港市,红梅市,868656,CN,China,GREATER_CHINA,Chinese,Business,Platinum,2021-12-15,2021,NEW,True,MDM,2021-12-15 00:00:00,2026-04-17 15:58:36.765985
33ba2cbf-89d2-4c49-9052-d74ffd3afe7c,CUST-2021-CN-001036,斌,姚,斌 姚,Female,2004-05-16,user725.apple790@live.com,14506853587,永安街b座,柳州县,巢湖县,692707,CN,China,GREATER_CHINA,Chinese,Consumer,Platinum,2021-02-28,2021,NEW,True,MDM,2021-02-28 00:00:00,2026-04-17 15:58:36.766062
8fc38d8d-0333-436e-8741-d8dab3825d80,CUST-2021-CN-001037,磊,牛,磊 牛,Male,1996-01-29,user623.apple450@hotmail.com,15192739166,天津街f座,燕市,瑜市,356608,CN,China,GREATER_CHINA,Chinese,Consumer,None,2021-07-16,2021,NEW,True,MDM,2021-07-16 00:00:00,2026-04-17 15:58:36.766141
e19dc61f-dd23-491b-9a79-046f74f0c180,CUST-2021-CN-001038,红霞,程,红霞 程,Male,1987-09-11,user827.apple@protonmail.com,13356043503,永安路g座,天津县,福州县,867703,CN,China,GREATER_CHINA,Chinese,Education,Platinum,2021-08-31,2021,NEW,True,MDM,2021-08-31 00:00:00,2026-04-17 15:58:36.766220
33812068-28d3-4f5f-b937-be6caaabcba3,CUST-2021-CN-001039,文,段,文 段,Male,1964-06-02,user311.apple@live.com,18016081512,兴城路I座,欢市,亮市,226987,CN,China,GREATER_CHINA,Chinese,Consumer,None,2021-09-08,2021,NEW,True,MDM,2021-09-08 00:00:00,2026-04-17 15:58:36.766299
1d4d9926-2d73-4cdb-bccf-4fbda96fdc4b,CUST-2021-CN-001040,宇,贾,宇 贾,Male,1967-09-21,user586.apple@yahoo.com,15385858469,王街Q座,海口县,兰州县,884111,CN,China,GREATER_CHINA,Chinese,Business,Silver,2021-12-10,2021,NEW,True,MDM,2021-12-10 00:00:00,2026-04-17 15:58:36.766395
949304a7-cb2c-4402-9d14-aa6a605eef1d,CUST-2021-CN-001041,涛,张,涛 张,Male,1984-03-15,user495.apple601@hotmail.com,13985071848,张街E座,马鞍山市,武汉县,509513,CN,China,GREATER_CHINA,Chinese,Education,Silver,2021-05-01,2021,NEW,True,MDM,2021-05-01 00:00:00,2026-04-17 15:58:36.766490
2bdbdec5-4238-42d5-998e-c0cc37562863,CUST-2021-CN-001042,春梅,袁,春梅 袁,Female,1977-01-28,user293.apple196@gmail.com,18516357188,台北路D座,斌县,佛山县,930126,CN,China,GREATER_CHINA,Chinese,Consumer,None,2021-05-22,2021,NEW,True,MDM,2021-05-22 00:00:00,2026-04-17 15:58:36.766569
d8bee577-9ad1-4ec2-b702-eeb7610dac86,CUST-2021-CN-001043,玉珍,贾,玉珍 贾,Female,1967-02-18,user364.apple404@yahoo.com,15755566850,马街t座,宁德市,海燕县,908714,CN,China,GREATER_CHINA,Chinese,Consumer,Platinum,2021-09-17,2021,NEW,True,MDM,2021-09-17 00:00:00,2026-04-17 15:58:36.766665
13a37e2b-f19e-4a16-9258-26a1510ba54f,CUST-2021-CN-001044,春梅,罗,春梅 罗,Female,1951-06-19,user693.apple894@zoho.com,15898219014,张路c座,玉华市,柳县,168643,CN,China,GREATER_CHINA,Chinese,Business,None,2021-04-17,2021,NEW,True,MDM,2021-04-17 00:00:00,2026-04-17 15:58:36.766762
8d20b6cc-b3c2-4587-80f9-7d3e1530eea7,CUST-2021-CN-001045,倩,朱,倩 朱,Female,2007-05-01,user139.apple782@icloud.com,13503332605,谭路p座,六盘水县,畅县,188188,CN,China,GREATER_CHINA,Chinese,Consumer,Silver,2021-01-20,2021,NEW,True,MDM,2021-01-20 00:00:00,2026-04-17 15:58:36.766858
b3dfdaa8-7b92-4f7e-aaac-b0ee7d5f4fe5,CUST-2021-CN-001046,丽华,蒋,丽华 蒋,Female,1978-10-02,user632.apple@gmx.com,14736507631,合山街h座,博县,瑞市,694699,CN,China,GREATER_CHINA,Chinese,Consumer,Silver,2021-11-30,2021,NEW,True,MDM,2021-11-30 00:00:00,2026-04-17 15:58:36.766936
30d8143a-d591-458c-93dc-8ec285911915,CUST-2021-CN-001047,龙,张,龙 张,Male,1978-09-20,user542.apple@yahoo.com,13574595787,程路R座,刚市,兴安盟市,482038,CN,China,GREATER_CHINA,Chinese,Business,None,2021-06-27,2021,NEW,True,MDM,2021-06-27 00:00:00,2026-04-17 15:58:36.767033
7360e540-0ef3-4a96-ab0a-ae2286efb055,CUST-2021-CN-001048,桂荣,王,桂荣 王,Female,1959-05-14,user447.apple@protonmail.com,13612512928,孔街F座,合肥市,贵阳市,411593,CN,China,GREATER_CHINA,Chinese,Business,None,2021-04-12,2021,NEW,True,MDM,2021-04-12 00:00:00,2026-04-17 15:58:36.767234
b335c57b-c62e-40c6-9018-73fb6692b3b0,CUST-2021-CN-001049,玉兰,张,玉兰 张,Female,1991-04-03,user361.apple@protonmail.com,18514135347,孟路h座,琴县,军市,608010,CN,China,GREATER_CHINA,Chinese,Consumer,Gold,2021-02-19,2021,NEW,False,MDM,2021-02-19 00:00:00,2026-04-17 15:58:36.767425
e7caf9d0-af46-402f-afd6-32fc549e40ff,CUST-2021-CN-001050,娜,邓,娜 邓,Female,1970-04-15,user570.apple@hotmail.com,18559095028,贾路R座,红梅市,汕尾市,665552,CN,China,GREATER_CHINA,Chinese,Consumer,Silver,2021-01-10,2021,NEW,True,MDM,2021-01-10 00:00:00,2026-04-17 15:58:36.767577
c2f2e5e3-af70-4dd3-b4cb-e74c6b7a1020,CUST-2021-CN-001051,荣,简,荣 简,Male,1983-10-18,user835.apple113@protonmail.com,15563596138,李街F座,南宁县,佛山市,286821,CN,China,GREATER_CHINA,Chinese,Business,None,2021-08-01,2021,NEW,True,MDM,2021-08-01 00:00:00,2026-04-17 15:58:36.767676
8f96f876-b955-4508-94df-298283374988,CUST-2021-CN-001052,丽华,王,丽华 王,Male,2002-11-22,user163.apple@hotmail.com,18745971109,刘路L座,凯市,潜江市,455252,CN,China,GREATER_CHINA,Chinese,Education,Silver,2021-10-11,2021,NEW,True,MDM,2021-10-11 00:00:00,2026-04-17 15:58:36.767776
b7eab2f6-61d3-459a-babb-09eebedd8fd1,CUST-2021-CN-001053,明,叶,明 叶,Female,1961-08-13,user781.apple@outlook.com,15980952747,李街i座,明市,阜新市,511484,CN,China,GREATER_CHINA,Chinese,Consumer,Silver,2021-06-06,2021,NEW,True,MDM,2021-06-06 00:00:00,2026-04-17 15:58:36.767873
cd2cf6ec-8eb6-4fc9-beb4-4e2482a6a955,CUST-2021-CN-001054,萍,顾,萍 顾,Male,1977-07-12,user335.apple571@icloud.com,13667403425,许街T座,成都县,倩市,869823,CN,China,GREATER_CHINA,Chinese,Consumer,None,2021-07-07,2021,NEW,False,MDM,2021-07-07 00:00:00,2026-04-17 15:58:36.767969
b3b3f230-6060-411d-ac69-971897032464,CUST-2021-CN-001055,建平,龙,建平 龙,Male,1986-08-27,user627.apple@gmail.com,14523005122,陈路e座,太原县,香港市,714151,CN,China,GREATER_CHINA,Chinese,Consumer,None,2021-10-16,2021,NEW,True,MDM,2021-10-16 00:00:00,2026-04-17 15:58:36.768066
763a1c57-922e-4830-86bf-727f324eb52a,CUST-2021-CN-001056,博,何,博 何,Male,1978-04-05,user809.apple664@yahoo.com,18861851144,兴城街q座,长沙县,马鞍山市,808609,CN,China,GREATER_CHINA,Chinese,Consumer,Silver,2021-09-23,2021,NEW,True,MDM,2021-09-23 00:00:00,2026-04-17 15:58:36.768144
d89fd10a-0df9-40d3-8b9a-32cbb29569fb,CUST-2021-CN-001057,兰英,周,兰英 周,Female,1981-08-25,user641.apple@icloud.com,18252634109,梧州路n座,上海市,哈尔滨县,530688,CN,China,GREATER_CHINA,Chinese,Business,None,2021-07-11,2021,NEW,True,MDM,2021-07-11 00:00:00,2026-04-17 15:58:36.768228
05276a31-7390-4c06-9082-a7d8a410ba22,CUST-2021-CN-001058,艳,陈,艳 陈,Female,1971-10-16,user376.apple@zoho.com,15597509374,乌鲁木齐路A座,阳市,乌鲁木齐县,962415,CN,China,GREATER_CHINA,Chinese,Business,None,2021-02-13,2021,NEW,True,MDM,2021-02-13 00:00:00,2026-04-17 15:58:36.768306
c2121b58-6aea-4522-abff-6c7adb9fb41f,CUST-2021-CN-001059,梅,杨,梅 杨,Female,2003-08-26,user993.apple@aol.com,18792255315,刘街A座,建国县,凤英市,101618,CN,China,GREATER_CHINA,Chinese,Education,Gold,2021-05-24,2021,NEW,True,MDM,2021-05-24 00:00:00,2026-04-17 15:58:36.768403
67663f3b-4215-4e59-a26e-37ca6f29d5d5,CUST-2021-CN-001060,颖,张,颖 张,Female,1951-12-13,user706.apple@zoho.com,13547878442,张街I座,上海县,佛山县,116462,CN,China,GREATER_CHINA,Chinese,Consumer,None,2021-08-27,2021,NEW,True,MDM,2021-08-27 00:00:00,2026-04-17 15:58:36.768499
5e90af60-4920-461e-83a4-be4c9336b920,CUST-2021-CN-001061,慧,毛,慧 毛,Female,1958-02-27,user467.apple634@icloud.com,14737076591,大冶路e座,福州市,南宁县,321958,CN,China,GREATER_CHINA,Chinese,Consumer,None,2021-12-13,2021,NEW,True,MDM,2021-12-13 00:00:00,2026-04-17 15:58:36.768580
9369cd93-355c-41d4-8d79-d3f82df53df7,CUST-2021-CN-001062,瑞,孟,瑞 孟,Male,2007-02-20,user330.apple413@mail.com,18855346088,永安路O座,莹市,深圳县,550309,CN,China,GREATER_CHINA,Chinese,Consumer,None,2021-01-05,2021,NEW,True,MDM,2021-01-05 00:00:00,2026-04-17 15:58:36.768659
fae2b408-1248-4f99-9e8b-5d89d69f440a,CUST-2021-CN-001063,海燕,王,海燕 王,Female,1986-12-09,user398.apple122@mail.com,15240895688,滕路J座,福州市,燕县,140330,CN,China,GREATER_CHINA,Chinese,Consumer,Gold,2021-05-05,2021,NEW,True,MDM,2021-05-05 00:00:00,2026-04-17 15:58:36.768755
f225d942-55b1-42af-bfa8-394fe3cddc4e,CUST-2021-CN-001064,芳,赵,芳 赵,Male,1985-11-23,user973.apple@msn.com,15385334846,关岭街s座,红梅市,台北市,416277,CN,China,GREATER_CHINA,Chinese,Consumer,None,2021-02-07,2021,NEW,True,MDM,2021-02-07 00:00:00,2026-04-17 15:58:36.768834
25fd78a2-7f40-4979-93e0-b6d12b1b5c06,CUST-2021-CN-001065,凤英,黎,凤英 黎,Male,1998-03-03,user954.apple806@gmx.com,15685537906,惠州街u座,兵市,张家港市,363658,CN,China,GREATER_CHINA,Chinese,Consumer,Silver,2021-05-06,2021,NEW,True,MDM,2021-05-06 00:00:00,2026-04-17 15:58:36.768912
4b220eeb-9b3b-40e6-b887-f72143007e7d,CUST-2021-CN-001066,红霞,郑,红霞 郑,Female,1951-04-01,user938.apple332@aol.com,13622262728,太原路p座,玉梅市,凯市,887034,CN,China,GREATER_CHINA,Chinese,Education,Gold,2021-08-20,2021,NEW,True,MDM,2021-08-20 00:00:00,2026-04-17 15:58:36.768989
132315b1-dda8-49ae-868e-dabbaa619955,CUST-2021-CN-001067,岩,王,岩 王,Female,1963-07-15,user633.apple@mail.com,18735458115,吴路G座,桂芳市,淑英市,182025,CN,China,GREATER_CHINA,Chinese,Consumer,Platinum,2021-09-11,2021,NEW,True,MDM,2021-09-11 00:00:00,2026-04-17 15:58:36.769083
4db17f0b-2dea-4f91-9c4f-ea5ab04aad97,CUST-2021-CN-001068,欣,王,欣 王,Female,1977-03-02,user246.apple@outlook.com,14749131243,太原街p座,大冶县,凤英市,935246,CN,China,GREATER_CHINA,Chinese,Consumer,None,2021-02-20,2021,NEW,True,MDM,2021-02-20 00:00:00,2026-04-17 15:58:36.769160
91f1051c-91a9-4cc4-976e-27faaacae049,CUST-2021-CN-001069,旭,徐,旭 徐,Female,1951-05-26,user485.apple@gmx.com,18859610005,温路L座,彬县,秀梅市,287532,CN,China,GREATER_CHINA,Chinese,Education,None,2021-02-19,2021,NEW,True,MDM,2021-02-19 00:00:00,2026-04-17 15:58:36.769254
b3f2e312-6dd0-4a75-8627-d9a8a3a8f86c,CUST-2021-CN-001070,兰英,冉,兰英 冉,Female,1975-06-14,user806.apple@protonmail.com,15961796451,申路l座,淑珍县,杭州县,423034,CN,China,GREATER_CHINA,Chinese,Consumer,None,2021-11-24,2021,NEW,True,MDM,2021-11-24 00:00:00,2026-04-17 15:58:36.769348
eafe5703-bad8-452a-a247-59bc5f68140e,CUST-2021-CN-001071,柳,吕,柳 吕,Female,1963-01-27,user144.apple@hotmail.com,15848150907,吴路y座,璐县,桂兰县,200144,CN,China,GREATER_CHINA,Chinese,Education,Gold,2021-11-02,2021,NEW,True,MDM,2021-11-02 00:00:00,2026-04-17 15:58:36.769442
59633512-8c2e-450d-bfa7-7219bde22b80,CUST-2021-CN-001072,芳,王,芳 王,Male,1976-07-07,user959.apple@protonmail.com,13275880911,李路o座,惠州市,晶市,111019,CN,China,GREATER_CHINA,Chinese,Consumer,Platinum,2021-12-27,2021,NEW,True,MDM,2021-12-27 00:00:00,2026-04-17 15:58:36.769539
df879d54-27c2-4123-b54e-87af4da062fd,CUST-2021-CN-001073,博,邵,博 邵,Male,1994-11-26,user369.apple@icloud.com,18129940904,济南街S座,辉县,瑜县,455053,CN,China,GREATER_CHINA,Chinese,Consumer,Silver,2021-08-15,2021,NEW,True,MDM,2021-08-15 00:00:00,2026-04-17 15:58:36.769616
580700b1-34a5-4d7b-846b-8f1a68821944,CUST-2021-CN-001074,伟,刘,伟 刘,Male,1953-09-08,user179.apple@aol.com,18887602555,乌鲁木齐路a座,亮县,阜新市,141189,CN,China,GREATER_CHINA,Chinese,Consumer,Platinum,2021-08-06,2021,NEW,True,MDM,2021-08-06 00:00:00,2026-04-17 15:58:36.769694
0f10abcc-c70c-495c-b9ee-77b5d593de67,CUST-2021-CN-001075,秀兰,席,秀兰 席,Female,1991-09-21,user690.apple@live.com,13493077156,曾街B座,深圳县,柳市,639767,CN,China,GREATER_CHINA,Chinese,Consumer,None,2021-10-12,2021,NEW,True,MDM,2021-10-12 00:00:00,2026-04-17 15:58:36.769788
ab6e8143-db36-4c2e-9e04-6a0b4e76ce80,CUST-2021-CN-001076,东,贺,东 贺,Female,1960-01-24,user935.apple615@outlook.com,15898848225,文街Z座,张家港县,荆门县,819743,CN,China,GREATER_CHINA,Chinese,Consumer,None,2021-03-26,2021,NEW,True,MDM,2021-03-26 00:00:00,2026-04-17 15:58:36.769882
06e648fa-3485-4d09-a929-b682d3f67144,CUST-2021-CN-001077,建国,李,建国 李,Female,1976-02-01,user720.apple402@live.com,15671935883,朱街L座,建国市,银川市,233519,CN,China,GREATER_CHINA,Chinese,Consumer,None,2021-10-28,2021,NEW,True,MDM,2021-10-28 00:00:00,2026-04-17 15:58:36.769977
8929ce7e-439f-4173-be08-d80b4df5c90b,CUST-2021-CN-001078,莉,王,莉 王,Female,1960-06-17,user612.apple@aol.com,18107295969,王街O座,淑珍市,冬梅县,358322,CN,China,GREATER_CHINA,Chinese,Education,None,2021-07-22,2021,NEW,True,MDM,2021-07-22 00:00:00,2026-04-17 15:58:36.770071
cb5e68ac-64c7-428b-97ee-c9b78ddfd12d,CUST-2021-CN-001079,玉珍,巩,玉珍 巩,Male,1969-07-22,user603.apple@msn.com,13874270049,赵街n座,海口市,志强市,670957,CN,China,GREATER_CHINA,Chinese,Consumer,Gold,2021-09-11,2021,NEW,True,MDM,2021-09-11 00:00:00,2026-04-17 15:58:36.770166
3e1243b9-9174-4e77-a731-47a84967a32b,CUST-2021-CN-001080,丹,傅,丹 傅,Male,1959-06-08,user881.apple@mail.com,15063520132,张家港路p座,重庆市,哈尔滨市,509350,CN,China,GREATER_CHINA,Chinese,Business,Gold,2021-02-10,2021,NEW,True,MDM,2021-02-10 00:00:00,2026-04-17 15:58:36.770241
e9620c29-0aa4-4a8e-8347-f3b75ef1f64b,CUST-2021-CN-001081,建华,高,建华 高,Female,1975-05-22,user113.apple@live.com,13300953152,澳门街J座,澳门县,大冶市,657655,CN,China,GREATER_CHINA,Chinese,Business,None,2021-08-23,2021,NEW,True,MDM,2021-08-23 00:00:00,2026-04-17 15:58:36.770316
b78dc366-2406-4dd7-8dc4-03f09fde23bd,CUST-2021-CN-001082,桂芝,李,桂芝 李,Female,1973-05-13,user989.apple@live.com,15918447980,尹街Q座,红梅市,桂芳县,804716,CN,China,GREATER_CHINA,Chinese,Consumer,None,2021-12-21,2021,NEW,True,MDM,2021-12-21 00:00:00,2026-04-17 15:58:36.770411
cca487b7-be6a-4442-b30c-1da1b8c0a917,CUST-2021-CN-001083,秀荣,王,秀荣 王,Male,1975-03-18,user127.apple@msn.com,18686312069,佛山街x座,银川县,丽县,624349,CN,China,GREATER_CHINA,Chinese,Consumer,None,2021-02-03,2021,NEW,True,MDM,2021-02-03 00:00:00,2026-04-17 15:58:36.770488
f44b8c85-16f3-4dff-9ebf-c5217eb50e04,CUST-2021-CN-001084,梅,陈,梅 陈,Female,1957-09-29,user870.apple@aol.com,14539146953,王街l座,俊县,重庆市,499434,CN,China,GREATER_CHINA,Chinese,Consumer,Silver,2021-07-04,2021,NEW,True,MDM,2021-07-04 00:00:00,2026-04-17 15:58:36.770582
be489dec-3d51-4e4c-817e-92dfc8206016,CUST-2021-CN-001085,斌,杨,斌 杨,Female,1968-10-08,user376.apple@gmx.com,15000836740,潮州街y座,南宁县,哈尔滨市,896132,CN,China,GREATER_CHINA,Chinese,Business,Silver,2021-03-31,2021,NEW,True,MDM,2021-03-31 00:00:00,2026-04-17 15:58:36.770658
91a612fa-fa2d-438b-9737-45bf84c0638a,CUST-2021-CN-001086,杨,何,杨 何,Female,1953-05-10,user957.apple915@gmail.com,15105071083,太原路E座,太原县,凤兰县,969330,CN,China,GREATER_CHINA,Chinese,Consumer,Platinum,2021-06-18,2021,NEW,True,MDM,2021-06-18 00:00:00,2026-04-17 15:58:36.770736
32d5933d-fad4-4f70-9987-1b569c7d39bf,CUST-2021-CN-001087,桂荣,马,桂荣 马,Female,2001-03-19,user901.apple@icloud.com,14562856494,宜都街Z座,海口县,银川县,692645,CN,China,GREATER_CHINA,Chinese,Consumer,None,2021-12-18,2021,NEW,True,MDM,2021-12-18 00:00:00,2026-04-17 15:58:36.770813
f27170ce-6e7a-482a-9593-9abb4e766050,CUST-2021-CN-001088,凯,劳,凯 劳,Male,1988-05-25,user428.apple390@msn.com,18713802225,胡路X座,丹丹市,丹市,258840,CN,China,GREATER_CHINA,Chinese,Business,Silver,2021-03-25,2021,NEW,True,MDM,2021-03-25 00:00:00,2026-04-17 15:58:36.770907
b0835246-69e6-48b6-bca5-861310a46da8,CUST-2021-CN-001089,桂芝,雷,桂芝 雷,Male,1967-10-22,user202.apple629@outlook.com,18577308948,张街g座,马鞍山县,关岭县,688851,CN,China,GREATER_CHINA,Chinese,Consumer,None,2021-06-14,2021,NEW,True,MDM,2021-06-14 00:00:00,2026-04-17 15:58:36.771001
5df65ad2-5b15-480f-a9f6-5ac7254e3c93,CUST-2021-CN-001090,宇,邓,宇 邓,Male,1981-10-09,user753.apple@gmail.com,13829762159,海口路y座,邯郸县,军县,558243,CN,China,GREATER_CHINA,Chinese,Consumer,None,2021-07-11,2021,NEW,True,MDM,2021-07-11 00:00:00,2026-04-17 15:58:36.771077
de8803ad-c058-4d87-a596-fdf7783a30df,CUST-2021-CN-001091,淑珍,杨,淑珍 杨,Female,2006-03-29,user625.apple@zoho.com,15851771055,北京路t座,石家庄县,通辽市,623093,CN,China,GREATER_CHINA,Chinese,Consumer,Gold,2021-07-20,2021,NEW,True,MDM,2021-07-20 00:00:00,2026-04-17 15:58:36.771153
39f0f008-b9fc-4938-8867-59e5e46a1495,CUST-2021-CN-001092,霞,施,霞 施,Male,1965-11-20,user923.apple@live.com,18231137378,重庆街v座,冬梅市,宁德县,195566,CN,China,GREATER_CHINA,Chinese,Consumer,Platinum,2021-04-13,2021,NEW,True,MDM,2021-04-13 00:00:00,2026-04-17 15:58:36.771229
e86dd510-e31d-48f1-94ca-75ccff107e4d,CUST-2021-CN-001093,亮,倪,亮 倪,Female,1981-08-03,user806.apple@gmx.com,15911269715,银川路k座,佳市,淑兰县,504332,CN,China,GREATER_CHINA,Chinese,Consumer,Platinum,2021-12-20,2021,NEW,True,MDM,2021-12-20 00:00:00,2026-04-17 15:58:36.771305
63416617-691c-48e1-ab83-fb5cb02ed99e,CUST-2021-CN-001094,建国,陆,建国 陆,Male,2002-06-04,user748.apple@live.com,18933893786,哈尔滨路d座,海口县,武汉市,989945,CN,China,GREATER_CHINA,Chinese,Consumer,Gold,2021-10-09,2021,NEW,True,MDM,2021-10-09 00:00:00,2026-04-17 15:58:36.771381
cc476595-1ccc-4259-8d19-115bb11075e4,CUST-2021-CN-001095,淑英,刘,淑英 刘,Female,1955-03-16,user798.apple@zoho.com,18563050380,王路Y座,瑜县,兰英市,981126,CN,China,GREATER_CHINA,Chinese,Education,None,2021-09-02,2021,NEW,True,MDM,2021-09-02 00:00:00,2026-04-17 15:58:36.771477
fd1a5d97-75e7-4d07-98a5-34013b5ab32f,CUST-2021-CN-001096,秀华,邹,秀华 邹,Female,1986-04-01,user545.apple@gmail.com,18868766261,杜街S座,秀荣县,六安县,664742,CN,China,GREATER_CHINA,Chinese,Consumer,Platinum,2021-05-11,2021,NEW,True,MDM,2021-05-11 00:00:00,2026-04-17 15:58:36.771571
3c095649-17a6-464b-bd56-a618752eeaa1,CUST-2021-CN-001097,勇,胡,勇 胡,Female,1952-07-28,user367.apple804@live.com,13828877583,哈尔滨街Q座,雷市,合肥县,625557,CN,China,GREATER_CHINA,Chinese,Consumer,None,2021-02-11,2021,NEW,True,MDM,2021-02-11 00:00:00,2026-04-17 15:58:36.771650
1b8e3491-bc87-4518-9f6b-f45f778c5841,CUST-2021-CN-001098,海燕,李,海燕 李,Female,1968-01-30,user331.apple@outlook.com,15207241181,北镇路R座,阳县,龙市,805754,CN,China,GREATER_CHINA,Chinese,Education,None,2021-08-19,2021,NEW,True,MDM,2021-08-19 00:00:00,2026-04-17 15:58:36.771728
a3b8eb64-f3bd-465d-ac08-bfa35367dbc7,CUST-2021-CN-001099,桂芳,胡,桂芳 胡,Female,1976-09-23,user960.apple@gmx.com,13951924632,邯郸街J座,玉梅市,杭州市,490655,CN,China,GREATER_CHINA,Chinese,Education,Silver,2021-10-13,2021,NEW,True,MDM,2021-10-13 00:00:00,2026-04-17 15:58:36.771805
343e5997-1913-42de-bfaa-046c58c2b5b4,CUST-2021-CN-001100,明,韩,明 韩,Male,1984-02-27,user554.apple@mail.com,13337684050,大冶街K座,旭县,潮州市,746015,CN,China,GREATER_CHINA,Chinese,Consumer,None,2021-08-05,2021,NEW,False,MDM,2021-08-05 00:00:00,2026-04-17 15:58:36.771883
cbc57e33-ec39-4ee7-ad72-15dd9b5877e3,CUST-2021-CN-001101,秀芳,陈,秀芳 陈,Female,1992-07-26,user969.apple@yahoo.com,15639966944,张街w座,马鞍山市,佳市,214570,CN,China,GREATER_CHINA,Chinese,Consumer,None,2021-11-02,2021,NEW,True,MDM,2021-11-02 00:00:00,2026-04-17 15:58:36.771980
6cf85f88-3131-4ab2-b5ec-bf0ccb829bc5,CUST-2021-CN-001102,玉华,萧,玉华 萧,Male,1994-02-13,user607.apple298@gmx.com,13253912679,莫街u座,哈尔滨市,秀梅县,592109,CN,China,GREATER_CHINA,Chinese,Consumer,None,2021-03-09,2021,NEW,True,MDM,2021-03-09 00:00:00,2026-04-17 15:58:36.772075
c96ce2b2-2eb1-41af-9d2e-ed22b8d03606,CUST-2021-CN-001103,桂兰,辛,桂兰 辛,Male,1976-12-05,user333.apple408@icloud.com,15351384051,田路G座,梧州县,婷婷市,850143,CN,China,GREATER_CHINA,Chinese,Consumer,Silver,2021-11-30,2021,NEW,True,MDM,2021-11-30 00:00:00,2026-04-17 15:58:36.772169
f3264d88-6a52-48fb-99aa-6931f6df1ede,CUST-2021-CN-001104,玉华,吴,玉华 吴,Female,1968-12-17,user312.apple292@aol.com,13258799394,北京街H座,刚县,哈尔滨市,847744,CN,China,GREATER_CHINA,Chinese,Consumer,Gold,2021-08-29,2021,NEW,True,MDM,2021-08-29 00:00:00,2026-04-17 15:58:36.772246
34e2e255-2ac3-400d-883f-49a820246d99,CUST-2021-CN-001105,刚,赵,刚 赵,Female,1988-01-18,user790.apple@yahoo.com,13633952153,成都街z座,齐齐哈尔市,莹县,317581,CN,China,GREATER_CHINA,Chinese,Consumer,Silver,2021-02-10,2021,NEW,True,MDM,2021-02-10 00:00:00,2026-04-17 15:58:36.772322
39db4a0a-b8b0-4d49-91f7-9c352e7532d5,CUST-2021-CN-001106,雪,杨,雪 杨,Female,1979-01-03,user226.apple358@icloud.com,13220885855,张家港街w座,芳县,飞县,412167,CN,China,GREATER_CHINA,Chinese,Consumer,None,2021-11-11,2021,NEW,True,MDM,2021-11-11 00:00:00,2026-04-17 15:58:36.772399
430583b8-a2e0-4935-9f57-077b93e1fee3,CUST-2021-CN-001107,阳,张,阳 张,Female,1981-06-08,user673.apple@aol.com,14538830333,张路e座,沈阳县,邯郸县,832778,CN,China,GREATER_CHINA,Chinese,Business,Silver,2021-07-21,2021,NEW,True,MDM,2021-07-21 00:00:00,2026-04-17 15:58:36.772493
36d847ad-1926-4553-82c7-7af98702098d,CUST-2021-CN-001108,丽,刘,丽 刘,Female,1965-09-13,user256.apple@zoho.com,18003537290,林街u座,辽阳县,大冶市,760530,CN,China,GREATER_CHINA,Chinese,Business,None,2021-03-23,2021,NEW,True,MDM,2021-03-23 00:00:00,2026-04-17 15:58:36.772586
53e8208a-467d-4474-a117-880e2326bce9,CUST-2021-CN-001109,敏,刘,敏 刘,Female,2000-07-02,user387.apple890@outlook.com,13256847441,王路z座,红梅市,红梅县,491983,CN,China,GREATER_CHINA,Chinese,Consumer,Gold,2021-01-11,2021,NEW,True,MDM,2021-01-11 00:00:00,2026-04-17 15:58:36.772681
2d109e22-a2b0-4aec-8155-49290180613c,CUST-2021-CN-001110,涛,简,涛 简,Female,1983-12-10,user964.apple@zoho.com,13266624050,刘路P座,合山市,鹏市,473712,CN,China,GREATER_CHINA,Chinese,Business,Silver,2021-01-06,2021,NEW,True,MDM,2021-01-06 00:00:00,2026-04-17 15:58:36.772774
846fd919-fdd9-4570-912a-425fb298624d,CUST-2021-CN-001111,敏,李,敏 李,Female,1999-08-29,user853.apple@gmx.com,13687005810,刘路l座,林县,杭州县,898311,CN,China,GREATER_CHINA,Chinese,Consumer,None,2021-08-20,2021,NEW,False,MDM,2021-08-20 00:00:00,2026-04-17 15:58:36.772868
b4bfa685-3ab4-4d39-b566-efd1a91a9ee3,CUST-2021-CN-001112,燕,倪,燕 倪,Female,1992-05-02,user943.apple@zoho.com,13525499306,海门路D座,永安市,晨县,611578,CN,China,GREATER_CHINA,Chinese,Education,Silver,2021-03-30,2021,NEW,True,MDM,2021-03-30 00:00:00,2026-04-17 15:58:36.772944
9ecb7ddc-50d2-498b-9030-f5da2b1bc168,CUST-2021-CN-001113,帆,郭,帆 郭,Female,1962-04-02,user575.apple@hotmail.com,13515654001,太原街U座,北京市,霞市,307574,CN,China,GREATER_CHINA,Chinese,Consumer,None,2021-02-11,2021,NEW,True,MDM,2021-02-11 00:00:00,2026-04-17 15:58:36.773020
4350d304-5770-4874-a85d-e4aae561dccc,CUST-2021-CN-001114,秀华,管,秀华 管,Female,1996-08-15,user545.apple@gmail.com,13383424479,杨街P座,兵市,嘉禾县,866130,CN,China,GREATER_CHINA,Chinese,Consumer,None,2021-04-03,2021,NEW,True,MDM,2021-04-03 00:00:00,2026-04-17 15:58:36.773114
81b4bf33-f719-4366-a90b-58f476859d5f,CUST-2021-CN-001115,英,高,英 高,Male,1959-07-26,user507.apple@icloud.com,13121153833,孟路n座,静县,淑兰县,663487,CN,China,GREATER_CHINA,Chinese,Consumer,None,2021-05-21,2021,NEW,True,MDM,2021-05-21 00:00:00,2026-04-17 15:58:36.773208
0ddbfa60-d155-4f9b-ad9f-c88c0d32925b,CUST-2021-CN-001116,丽娟,王,丽娟 王,Male,1975-09-09,user809.apple@live.com,13372843780,吴街f座,丽娟市,天津县,406539,CN,China,GREATER_CHINA,Chinese,Consumer,None,2021-09-14,2021,NEW,True,MDM,2021-09-14 00:00:00,2026-04-17 15:58:36.773303
50dd3922-ae24-49f7-b827-14a4f6cfab64,CUST-2021-CN-001117,旭,李,旭 李,Female,1995-06-18,user622.apple@gmail.com,18121120090,徐街i座,勇县,斌县,184756,CN,China,GREATER_CHINA,Chinese,Consumer,Platinum,2021-10-19,2021,NEW,True,MDM,2021-10-19 00:00:00,2026-04-17 15:58:36.773397
c145c2c9-891d-4c40-b930-926fd1362241,CUST-2021-CN-001118,娜,刘,娜 刘,Female,2004-06-07,user946.apple@mail.com,13022316954,潜江路t座,帅市,龙县,340457,CN,China,GREATER_CHINA,Chinese,Consumer,Platinum,2021-04-03,2021,NEW,True,MDM,2021-04-03 00:00:00,2026-04-17 15:58:36.773475
406dbae2-8252-478c-9fe4-1b2d1cfaba35,CUST-2021-CN-001119,林,周,林 周,Male,1967-07-06,user255.apple@gmx.com,15264975463,李路p座,英市,太原县,567852,CN,China,GREATER_CHINA,Chinese,Consumer,Platinum,2021-08-03,2021,NEW,True,MDM,2021-08-03 00:00:00,2026-04-17 15:58:36.773568
baf2a050-7dcc-4650-bfb9-9c8c50465e8a,CUST-2021-CN-001120,英,徐,英 徐,Female,1999-02-25,user342.apple575@hotmail.com,13017826939,六安街W座,广州县,秀华县,165011,CN,China,GREATER_CHINA,Chinese,Consumer,Silver,2021-10-22,2021,NEW,True,MDM,2021-10-22 00:00:00,2026-04-17 15:58:36.773645
20ca0578-61c6-4d53-aa91-5c9157244304,CUST-2021-CN-001121,玉英,郭,玉英 郭,Female,1972-11-25,user269.apple@live.com,13235111036,周路j座,雷县,邯郸市,856908,CN,China,GREATER_CHINA,Chinese,Education,Gold,2021-11-25,2021,NEW,True,MDM,2021-11-25 00:00:00,2026-04-17 15:58:36.773739
d0b86674-d653-4fa6-aacc-c63687fce4c8,CUST-2021-CN-001122,强,王,强 王,Male,1972-09-22,user375.apple997@yahoo.com,15608742196,刘路N座,华县,昆明县,923354,CN,China,GREATER_CHINA,Chinese,Business,None,2021-04-03,2021,NEW,True,MDM,2021-04-03 00:00:00,2026-04-17 15:58:36.773833
32f3f181-5499-4310-a23f-fcde3d594cb8,CUST-2021-CN-001123,波,唐,波 唐,Female,1995-06-06,user336.apple@icloud.com,13302174269,李路s座,玉华县,辛集县,789562,CN,China,GREATER_CHINA,Chinese,Consumer,None,2021-11-13,2021,NEW,True,MDM,2021-11-13 00:00:00,2026-04-17 15:58:36.773927
ec4ed66a-143f-4561-9426-b6071837eb19,CUST-2021-CN-001124,莹,郑,莹 郑,Male,1970-09-13,user573.apple@live.com,15182042939,吴街S座,沈阳市,太原县,835044,CN,China,GREATER_CHINA,Chinese,Consumer,None,2021-02-18,2021,NEW,True,MDM,2021-02-18 00:00:00,2026-04-17 15:58:36.774020
bc847583-f358-4532-b4a6-d2aefe3d4e68,CUST-2021-CN-001125,玉英,唐,玉英 唐,Male,2000-07-04,user488.apple@zoho.com,18217437344,张街o座,西安市,慧县,837266,CN,China,GREATER_CHINA,Chinese,Education,None,2021-10-21,2021,NEW,True,MDM,2021-10-21 00:00:00,2026-04-17 15:58:36.774114
d41b722d-59ff-4c9b-882a-eda3211a3d1f,CUST-2021-CN-001126,秀英,许,秀英 许,Female,1983-07-06,user849.apple@outlook.com,18158012132,杨街b座,娟市,宜都市,674931,CN,China,GREATER_CHINA,Chinese,Business,None,2021-05-11,2021,NEW,True,MDM,2021-05-11 00:00:00,2026-04-17 15:58:36.774208
1da4612a-aae6-40d5-9bbe-b2d6b104e280,CUST-2021-CN-001127,欢,韦,欢 韦,Female,1986-07-24,user875.apple@hotmail.com,15728310267,高路t座,丹市,贵阳市,252834,CN,China,GREATER_CHINA,Chinese,Consumer,None,2021-03-07,2021,NEW,True,MDM,2021-03-07 00:00:00,2026-04-17 15:58:36.774302
a07f5ea4-0b17-4e62-ac12-e5d15b2d6f53,CUST-2021-CN-001128,芳,孙,芳 孙,Female,2007-11-06,user830.apple796@yahoo.com,15374144755,吴路V座,淑英市,宁德县,553285,CN,China,GREATER_CHINA,Chinese,Consumer,Silver,2021-01-09,2021,NEW,True,MDM,2021-01-09 00:00:00,2026-04-17 15:58:36.774404
ee36f0b2-8615-4585-9b11-dcad4b35941c,CUST-2021-CN-001129,鑫,潘,鑫 潘,Female,1995-07-28,user992.apple@gmx.com,13462451668,韩路A座,合山县,桂兰县,836493,CN,China,GREATER_CHINA,Chinese,Consumer,Silver,2021-04-04,2021,NEW,True,MDM,2021-04-04 00:00:00,2026-04-17 15:58:36.774508
b84cbdf9-25fe-4fb2-8ffe-7485f24bbf3d,CUST-2021-CN-001130,晨,王,晨 王,Male,1995-11-27,user563.apple897@live.com,15659567599,巢湖街Z座,建平市,建军县,575037,CN,China,GREATER_CHINA,Chinese,Consumer,Platinum,2021-07-02,2021,NEW,True,MDM,2021-07-02 00:00:00,2026-04-17 15:58:36.774585
ad12c357-357e-4ab0-97dc-2effe621b35e,CUST-2021-CN-001131,杨,吴,杨 吴,Male,1961-04-01,user510.apple@gmx.com,18076499587,梧州街C座,巢湖县,兴安盟市,606390,CN,China,GREATER_CHINA,Chinese,Consumer,Gold,2021-07-27,2021,NEW,True,MDM,2021-07-27 00:00:00,2026-04-17 15:58:36.774661
bb2e87ce-7c73-4027-9a33-6a008d19672d,CUST-2021-CN-001132,丽娟,耿,丽娟 耿,Male,1956-08-27,user225.apple@icloud.com,15071242052,马鞍山路k座,大冶市,长春县,280485,CN,China,GREATER_CHINA,Chinese,Business,Silver,2021-08-25,2021,NEW,True,MDM,2021-08-25 00:00:00,2026-04-17 15:58:36.774751
f470df2c-a50c-4cf3-9fda-f3312ce67754,CUST-2021-CN-001133,军,沈,军 沈,Female,1969-06-12,user832.apple@gmx.com,14585283022,重庆街P座,哈尔滨县,龙县,938119,CN,China,GREATER_CHINA,Chinese,Consumer,Gold,2021-05-18,2021,NEW,True,MDM,2021-05-18 00:00:00,2026-04-17 15:58:36.774827
721e3910-0cce-4c51-8951-aa8768b46a2b,CUST-2021-CN-001134,凯,江,凯 江,Male,1978-07-01,user459.apple@icloud.com,13323634535,哈尔滨街M座,拉萨县,磊市,605928,CN,China,GREATER_CHINA,Chinese,Consumer,None,2021-07-23,2021,NEW,True,MDM,2021-07-23 00:00:00,2026-04-17 15:58:36.774904
8df729d9-790c-470a-bf74-5bb12fe7a103,CUST-2021-CN-001135,桂英,梁,桂英 梁,Female,1957-08-21,user411.apple@zoho.com,18972489254,李街d座,丹市,志强县,376794,CN,China,GREATER_CHINA,Chinese,Consumer,Silver,2021-05-09,2021,NEW,True,MDM,2021-05-09 00:00:00,2026-04-17 15:58:36.775020
fbd00e1a-b4c8-4556-962a-72735df2e9b7,CUST-2021-CN-001136,玉兰,王,玉兰 王,Female,1990-04-12,user961.apple@gmx.com,15361645660,石家庄街G座,旭市,北镇县,886162,CN,China,GREATER_CHINA,Chinese,Consumer,None,2021-10-25,2021,NEW,False,MDM,2021-10-25 00:00:00,2026-04-17 15:58:36.775103
6ceae541-e37e-4933-8643-a19ce478b9cb,CUST-2021-CN-001137,岩,韩,岩 韩,Male,1961-07-18,user631.apple@msn.com,15640218606,张街L座,巢湖市,强县,203682,CN,China,GREATER_CHINA,Chinese,Consumer,Silver,2021-07-31,2021,NEW,True,MDM,2021-07-31 00:00:00,2026-04-17 15:58:36.775201
cdb180a0-ca26-4eca-8873-35db94e1cb53,CUST-2021-CN-001138,宇,姚,宇 姚,Female,1983-10-20,user961.apple@outlook.com,13957044312,重庆路K座,大冶市,凤英市,265799,CN,China,GREATER_CHINA,Chinese,Consumer,Silver,2021-02-10,2021,NEW,True,MDM,2021-02-10 00:00:00,2026-04-17 15:58:36.775280
b14feae3-cae6-43ba-9d0f-f5f04998ecd4,CUST-2021-CN-001139,丽丽,曹,丽丽 曹,Female,1996-01-19,user793.apple@live.com,13053980091,黄街b座,哈尔滨县,建华县,881264,CN,China,GREATER_CHINA,Chinese,Education,Silver,2021-01-16,2021,NEW,True,MDM,2021-01-16 00:00:00,2026-04-17 15:58:36.775377
6ec70457-73e1-49fc-be8a-96152b096750,CUST-2021-CN-001140,洁,季,洁 季,Male,2002-07-16,user309.apple@icloud.com,15546376670,周街m座,磊县,岩市,101970,CN,China,GREATER_CHINA,Chinese,Consumer,Platinum,2021-07-27,2021,NEW,True,MDM,2021-07-27 00:00:00,2026-04-17 15:58:36.775474
13c564ae-3833-44bc-ab48-a4354b718907,CUST-2021-CN-001141,桂兰,殷,桂兰 殷,Male,1960-08-19,user777.apple@aol.com,18682320124,太原街J座,强市,辽阳市,178219,CN,China,GREATER_CHINA,Chinese,Consumer,Platinum,2021-06-13,2021,NEW,True,MDM,2021-06-13 00:00:00,2026-04-17 15:58:36.775551
8a0443a8-5c8d-4bd2-95ee-cb7c1d0d8730,CUST-2021-CN-001142,玉华,管,玉华 管,Male,1970-05-03,user105.apple887@yahoo.com,15244671223,吴路N座,通辽市,贵阳县,874122,CN,China,GREATER_CHINA,Chinese,Consumer,None,2021-06-30,2021,NEW,True,MDM,2021-06-30 00:00:00,2026-04-17 15:58:36.775645
80697c24-a89d-479c-ad16-bf5bf15ce026,CUST-2021-CN-001143,莹,梁,莹 梁,Male,1976-03-15,user153.apple@aol.com,13151862874,海口街L座,拉萨县,坤市,209831,CN,China,GREATER_CHINA,Chinese,Business,Platinum,2021-02-15,2021,NEW,True,MDM,2021-02-15 00:00:00,2026-04-17 15:58:36.775722
17309370-9b9e-4be6-8e61-e75bf5f98db0,CUST-2021-CN-001144,玉华,丁,玉华 丁,Male,1973-02-05,user363.apple746@gmx.com,18012024306,荣街H座,南京市,深圳县,575109,CN,China,GREATER_CHINA,Chinese,Business,Gold,2021-09-08,2021,NEW,True,MDM,2021-09-08 00:00:00,2026-04-17 15:58:36.775817
fb6d5ab0-2366-4b35-becb-df96933284f3,CUST-2021-CN-001145,玉梅,张,玉梅 张,Female,1967-08-31,user504.apple@icloud.com,18161016358,澳门路I座,敏县,海门县,741722,CN,China,GREATER_CHINA,Chinese,Consumer,Gold,2021-08-08,2021,NEW,True,MDM,2021-08-08 00:00:00,2026-04-17 15:58:36.775893
3e5b4591-16ba-4d5a-a9f9-d0e359ddb396,CUST-2021-CN-001146,雪,庞,雪 庞,Male,1963-04-25,user884.apple901@gmx.com,13002565794,天津街c座,北京市,邯郸市,610029,CN,China,GREATER_CHINA,Chinese,Education,None,2021-12-29,2021,NEW,True,MDM,2021-12-29 00:00:00,2026-04-17 15:58:36.775969
8e639187-2967-4cc7-8e7e-40f6352a9719,CUST-2021-CN-001147,凤兰,周,凤兰 周,Female,1997-09-23,user732.apple411@msn.com,15929107352,西安街x座,玉华市,兰英县,141382,CN,China,GREATER_CHINA,Chinese,Consumer,None,2021-09-03,2021,NEW,True,MDM,2021-09-03 00:00:00,2026-04-17 15:58:36.776046
db500c4b-47c9-469f-9f87-fc81c64d3357,CUST-2021-CN-001148,秀梅,刘,秀梅 刘,Male,1950-04-29,user389.apple868@live.com,18543508218,李街l座,合山市,台北县,231272,CN,China,GREATER_CHINA,Chinese,Consumer,None,2021-04-22,2021,NEW,False,MDM,2021-04-22 00:00:00,2026-04-17 15:58:36.776140
caab8c95-a80c-4dbe-80f1-812853ca0aae,CUST-2021-CN-001149,玉珍,翟,玉珍 翟,Female,1957-01-08,user702.apple350@gmx.com,18829593689,贵阳街E座,桂花市,西宁市,584397,CN,China,GREATER_CHINA,Chinese,Business,Gold,2021-04-12,2021,NEW,True,MDM,2021-04-12 00:00:00,2026-04-17 15:58:36.776216
b665bd46-3250-45e4-928f-a26125648a17,CUST-2021-CN-001150,斌,陆,斌 陆,Female,1969-08-16,user931.apple@gmail.com,14511281704,沈阳街E座,丹丹市,娜市,839359,CN,China,GREATER_CHINA,Chinese,Consumer,Silver,2021-11-19,2021,NEW,True,MDM,2021-11-19 00:00:00,2026-04-17 15:58:36.776293
89155b00-6abd-41a0-8481-bdcd8c83b948,CUST-2021-CN-001151,阳,罗,阳 罗,Male,1981-10-06,user358.apple222@protonmail.com,18736236312,梁街p座,上海市,嘉禾市,811603,CN,China,GREATER_CHINA,Chinese,Consumer,Silver,2021-10-23,2021,NEW,True,MDM,2021-10-23 00:00:00,2026-04-17 15:58:36.776387
35aa8347-6989-414f-b553-5b327e96316e,CUST-2021-CN-001152,柳,朱,柳 朱,Female,1960-11-13,user667.apple@outlook.com,13947989616,潘路O座,哈尔滨县,荆门市,612436,CN,China,GREATER_CHINA,Chinese,Education,Silver,2021-10-30,2021,NEW,True,MDM,2021-10-30 00:00:00,2026-04-17 15:58:36.776482
ad89a812-1c8d-417f-aedb-a64f9e52025c,CUST-2021-CN-001153,桂香,韩,桂香 韩,Female,1981-01-02,user229.apple61@hotmail.com,14519381781,彭路w座,通辽市,雷县,191459,CN,China,GREATER_CHINA,Chinese,Education,Gold,2021-02-14,2021,NEW,False,MDM,2021-02-14 00:00:00,2026-04-17 15:58:36.776582
51409188-2441-4eb9-9807-442bd0be4931,CUST-2021-CN-001154,丹,陈,丹 陈,Male,1991-11-26,user686.apple@msn.com,18976862207,许街z座,桂香市,慧市,478175,CN,China,GREATER_CHINA,Chinese,Education,Silver,2021-12-28,2021,NEW,False,MDM,2021-12-28 00:00:00,2026-04-17 15:58:36.776677
0cb7267b-0a72-4dd5-ab39-6119c8d8a868,CUST-2021-CN-001155,芳,吴,芳 吴,Female,1987-01-18,user612.apple@outlook.com,14511976527,六安路o座,秀珍县,兰州市,920818,CN,China,GREATER_CHINA,Chinese,Consumer,None,2021-03-25,2021,NEW,True,MDM,2021-03-25 00:00:00,2026-04-17 15:58:36.776754
1f42ab8b-91ac-4929-800b-13ff93b8de2e,CUST-2021-CN-001156,亮,李,亮 李,Female,1967-08-06,user232.apple@icloud.com,18102059783,宜都街x座,哈尔滨县,强市,440637,CN,China,GREATER_CHINA,Chinese,Consumer,Gold,2021-01-20,2021,NEW,True,MDM,2021-01-20 00:00:00,2026-04-17 15:58:36.776831
cbb909a5-9672-4652-a008-6538c4743b53,CUST-2021-CN-001157,欢,印,欢 印,Male,2002-07-20,user363.apple@mail.com,13167140408,鲁路I座,飞县,拉萨市,727549,CN,China,GREATER_CHINA,Chinese,Consumer,Gold,2021-07-27,2021,NEW,True,MDM,2021-07-27 00:00:00,2026-04-17 15:58:36.776926
9e1c2b7e-6a47-4bbb-a480-03e4095a7a8f,CUST-2021-CN-001158,超,何,超 何,Male,1971-07-02,user996.apple@msn.com,15061174995,祝街H座,超县,银川市,884550,CN,China,GREATER_CHINA,Chinese,Consumer,None,2021-10-31,2021,NEW,True,MDM,2021-10-31 00:00:00,2026-04-17 15:58:36.777021
e6dbf857-c0e9-4f0b-8b55-0745d5d86672,CUST-2021-CN-001159,峰,沈,峰 沈,Male,2004-03-25,user184.apple@outlook.com,13291729806,杨街v座,哈尔滨县,秀芳县,907842,CN,China,GREATER_CHINA,Chinese,Business,None,2021-04-01,2021,NEW,True,MDM,2021-04-01 00:00:00,2026-04-17 15:58:36.777115
24ca182d-6c7a-4862-811c-994519587731,CUST-2021-CN-001160,红霞,刘,红霞 刘,Male,1983-01-18,user215.apple@gmx.com,13346365729,东莞路T座,深圳县,西宁县,683040,CN,China,GREATER_CHINA,Chinese,Consumer,Silver,2021-01-02,2021,NEW,False,MDM,2021-01-02 00:00:00,2026-04-17 15:58:36.777368
90de067e-f500-442b-b453-8c494584fbec,CUST-2021-CN-001161,婷,陈,婷 陈,Male,1951-03-13,user599.apple@msn.com,18691537777,兴城街z座,惠州县,兰州县,345191,CN,China,GREATER_CHINA,Chinese,Consumer,Gold,2021-06-01,2021,NEW,True,MDM,2021-06-01 00:00:00,2026-04-17 15:58:36.777477
36bf2490-67ab-42cb-97f8-e17629edc45a,CUST-2021-CN-001162,桂珍,田,桂珍 田,Male,2000-05-29,user232.apple@gmail.com,13998271956,龙路r座,辽阳市,桂香市,727064,CN,China,GREATER_CHINA,Chinese,Consumer,None,2021-01-21,2021,NEW,True,MDM,2021-01-21 00:00:00,2026-04-17 15:58:36.777587
2be8ce23-034c-4a8d-842e-3bf65843699e,CUST-2021-CN-001163,宇,赵,宇 赵,Female,1995-11-20,user422.apple@aol.com,18962953059,张家港路D座,琴市,霞县,456472,CN,China,GREATER_CHINA,Chinese,Consumer,Gold,2021-03-25,2021,NEW,True,MDM,2021-03-25 00:00:00,2026-04-17 15:58:36.777715
3d90b325-14bb-40cd-b578-e33471d00aeb,CUST-2021-CN-001164,晶,李,晶 李,Male,1980-05-19,user485.apple@gmx.com,18621811904,吴路m座,彬市,辉县,578807,CN,China,GREATER_CHINA,Chinese,Education,Silver,2021-05-30,2021,NEW,True,MDM,2021-05-30 00:00:00,2026-04-17 15:58:36.777861
7e5c1da3-d779-45fd-9209-1e77de552069,CUST-2021-CN-001165,静,李,静 李,Male,2001-07-10,user553.apple@aol.com,18083747044,贵阳街J座,西安县,潜江市,778916,CN,China,GREATER_CHINA,Chinese,Consumer,None,2021-04-18,2021,NEW,True,MDM,2021-04-18 00:00:00,2026-04-17 15:58:36.777998
a638b310-6d24-4a95-b4cc-369f286333ea,CUST-2021-CN-001166,建,刘,建 刘,Female,1969-12-11,user864.apple820@zoho.com,18730608117,沈阳街L座,丹市,博县,248389,CN,China,GREATER_CHINA,Chinese,Education,Silver,2021-04-02,2021,NEW,False,MDM,2021-04-02 00:00:00,2026-04-17 15:58:36.778105
