customer_id,customer_number,first_name,last_name,full_name,gender,date_of_birth,email,phone_number,street_address,city,state_province,postal_code,country_code,country_name,region,preferred_language,customer_segment,loyalty_tier,registration_date,acquisition_year,customer_type,is_active,source_system,created_at,updated_at
ce06381f-3506-439e-847c-f69b8ecf78f2,CUST-2019-NL-000232,Ninthe,Coreth von und zu Coredo und Starkenberg,Ninthe Coreth von und zu Coredo und Starkenberg,Female,1987-05-25,ninthe.corethvonundzucoredoundstarkenberg@mail.com,+31(0)505-093451,Bartboulevard 4,Sibrandabuorren,Vriescheloo,8816 VE,NL,Netherlands,EMEA,Dutch,Consumer,Silver,2019-03-25,2019,RETURNING,True,MDM,2019-03-25,2026-04-17 15:58:43.382284
560c3f93-f335-41cf-aa3c-d0f52a0c8d27,CUST-2021-NL-000014,Lindsey,van den Broek,Lindsey van den Broek,Male,1972-04-15,lindsey.vandenbroek@aol.com,(0457)-360116,Suussteeg 752,Veere,Stompetoren,9777 QN,NL,Netherlands,EMEA,Dutch,Business,None,2021-02-28,2021,RETURNING,True,MDM,2021-02-28 00:00:00,2026-04-17 15:58:43.382296
d6c8b012-704b-43c3-88d1-abeedd40fb79,CUST-2021-NL-000006,Lukas,van Oostendorp,Lukas van Oostendorp,Female,2004-07-13,lukas.vanoostendorp482@live.com,(0669) 266488,Jaylinnboulevard 51,Balk,Wapenveld,8541 FO,NL,Netherlands,EMEA,Dutch,Consumer,Gold,2021-04-01,2021,RETURNING,True,MDM,2021-04-01 00:00:00,2026-04-17 15:58:43.382299
19c19671-9256-47ec-93f3-b75d06c47c05,CUST-2019-NL-000276,Lois,van Haspengouw,Lois van Haspengouw,Male,1951-10-23,lois.vanhaspengouw@aol.com,+31(0)182-208529,Nikkidreef 93,Zennewijnen,Oudheusden,1000MG,NL,Netherlands,EMEA,Dutch,Consumer,Gold,2019-10-03,2019,RETURNING,True,MDM,2019-10-03,2026-04-17 15:58:43.382300
3c1f2195-28b7-4a0c-a29f-1d945e180de9,CUST-2022-NL-000024,Willem,Bruijne van der Veen,Willem Bruijne van der Veen,Male,1970-10-04,willem.bruijnevanderveen80@yahoo.com,+31(0)598 977767,Chrispad 714,Hoenzadriel,Kruiningen,5510EG,NL,Netherlands,EMEA,Dutch,Consumer,Silver,2022-10-16,2022,RETURNING,True,MDM,2022-10-16 00:00:00,2026-04-17 15:58:43.382302
f3e6e731-5334-40c6-affc-0fe27cdf9b1b,CUST-2019-NL-000129,Berat,van der Schuijt,Berat van der Schuijt,Female,1963-03-25,berat.vanderschuijt@outlook.com,0746-746859,Lennlaan 384,Anna Paulowna,Donkerbroek,9100 ZO,NL,Netherlands,EMEA,Dutch,Consumer,Gold,2019-07-03,2019,RETURNING,True,MDM,2019-07-03,2026-04-17 15:58:43.382308
89a73f27-0798-4389-9e38-2e550a600350,CUST-2022-NL-000141,Amina,de Leeuw,Amina de Leeuw,Male,2004-08-16,amina.deleeuw703@yahoo.com,(0651)-163927,Elizasteeg 8,Wellerlooi,Mantinge,7960ED,NL,Netherlands,EMEA,Dutch,Consumer,Gold,2022-10-02,2022,RETURNING,True,MDM,2022-10-02 00:00:00,2026-04-17 15:58:43.382310
947b9796-7d5c-4fdf-afa5-6ef34a940a37,CUST-2021-NL-000021,Jelte,Fiere,Jelte Fiere,Male,1983-05-19,jelte.fiere@zoho.com,+31774 725685,Thijmenbaan 7,Sint Pancras,Mariënberg,2919AE,NL,Netherlands,EMEA,Dutch,Consumer,None,2021-10-06,2021,RETURNING,True,MDM,2021-10-06 00:00:00,2026-04-17 15:58:43.382312
29c20b32-5c27-4f99-bb9f-98afa865d260,CUST-2022-NL-000069,Robin,Kof,Robin Kof,Female,1966-09-26,robin.kof@aol.com,+31952-082325,Imkesteeg 92,Staphorst,Ternaard,4093 EI,NL,Netherlands,EMEA,Dutch,Consumer,None,2022-02-03,2022,RETURNING,True,MDM,2022-02-03 00:00:00,2026-04-17 15:58:43.382315
d7fb6e37-33f1-4c8d-840e-e882372fcf5f,CUST-2019-NL-000337,Ali,de Grote,Ali de Grote,Male,2007-03-19,ali.degrote@yahoo.com,+3161-5951707,Jesperstraat 60,Susteren,de Hoef,3696NR,NL,Netherlands,EMEA,Dutch,Consumer,Gold,2019-04-03,2019,RETURNING,True,MDM,2019-04-03,2026-04-17 15:58:43.382317
22142899-92ef-4f68-9047-fecab4859498,CUST-2019-NL-000383,Lara,Bezemer,Lara Bezemer,Male,2002-06-17,lara.bezemer516@protonmail.com,+31(0)260-675775,Pippadreef 576,Hommerts,Putte,3513ZV,NL,Netherlands,EMEA,Dutch,Education,Silver,2019-01-22,2019,RETURNING,True,MDM,2019-01-22,2026-04-17 15:58:43.382319
eff9f627-c0c0-4495-9665-0dbefa16e1f7,CUST-2022-NL-000106,Elin,Laffray,Elin Laffray,Male,1967-12-07,elin.laffray@zoho.com,+31(0)055 206425,Tijnstraat 9,Amstelveen,Lauwersoog,3687ON,NL,Netherlands,EMEA,Dutch,Consumer,Platinum,2022-09-13,2022,RETURNING,True,MDM,2022-09-13 00:00:00,2026-04-17 15:58:43.382320
a2dcd21d-3269-4b48-ac28-cf19ac043003,CUST-2022-NL-000111,Rick,Evers,Rick Evers,Male,1965-04-22,rick.evers@live.com,(0389) 670524,Sethbaan 46,Wissenkerke,Goudswaard,7107NC,NL,Netherlands,EMEA,Dutch,Consumer,None,2022-10-11,2022,RETURNING,True,MDM,2022-10-11 00:00:00,2026-04-17 15:58:43.382326
1bf5e26c-d1d1-457f-920c-caaae28cb426,CUST-2022-NL-000067,Juul,de Gruijter,Juul de Gruijter,Male,2004-07-31,juul.degruijter@aol.com,(059)-8685747,Valentijnpad 795,Oegstgeest,Voorthuizen,6913IP,NL,Netherlands,EMEA,Dutch,Consumer,Silver,2022-10-27,2022,RETURNING,True,MDM,2022-10-27 00:00:00,2026-04-17 15:58:43.382328
98535de9-be00-4ca9-8d70-345b0a500ff0,CUST-2019-NL-000076,Rik,van Arnsberg,Rik van Arnsberg,Female,1973-01-02,rik.vanarnsberg@yahoo.com,0164-681660,Aminaweg 3,Hijum,De Klomp,8792 YZ,NL,Netherlands,EMEA,Dutch,Consumer,Silver,2019-12-23,2019,RETURNING,True,MDM,2019-12-23,2026-04-17 15:58:43.382329
637158da-2ab3-49f5-aeae-3a2fa17cdfcd,CUST-2019-NL-000268,Esther,Lamotte,Esther Lamotte,Male,1988-08-01,esther.lamotte197@gmail.com,055-3420920,Amirpad 4,Hapert,Jabeek,3740 IQ,NL,Netherlands,EMEA,Dutch,Education,None,2019-11-22,2019,RETURNING,True,MDM,2019-11-22,2026-04-17 15:58:43.382331
5b509bfc-6ce1-4d9a-a1f1-38ce558ceef3,CUST-2019-NL-000174,Daniël,Rouwenhorst,Daniël Rouwenhorst,Male,1984-03-24,danil.rouwenhorst760@gmx.com,+31(0)70 1651875,Evieboulevard 165,Strijbeek,Roden,6486PN,NL,Netherlands,EMEA,Dutch,Consumer,None,2019-06-09,2019,RETURNING,True,MDM,2019-06-09,2026-04-17 15:58:43.382333
e84e0a12-5292-4173-8a40-bdc5d00b39a9,CUST-2021-NL-000031,Maja,Groen,Maja Groen,Male,1953-03-24,maja.groen@icloud.com,0650-467189,Maritdreef 8,Klaaswaal,Spier,7519 BA,NL,Netherlands,EMEA,Dutch,Consumer,Silver,2021-01-24,2021,RETURNING,True,MDM,2021-01-24 00:00:00,2026-04-17 15:58:43.382334
6463a9eb-ba67-448b-af10-2d6266758aa4,CUST-2022-NL-000138,Puck,Perck,Puck Perck,Male,1968-08-18,puck.perck594@gmx.com,(011) 2634050,Jellesteeg 807,Ittervoort,Mastenbroek,8324PN,NL,Netherlands,EMEA,Dutch,Education,Silver,2022-03-27,2022,RETURNING,True,MDM,2022-03-27 00:00:00,2026-04-17 15:58:43.382336
f641e782-7f15-471a-ac67-8df5a2303072,CUST-2020-NL-000101,Fien,Opmans,Fien Opmans,Female,1995-12-29,fien.opmans@outlook.com,(0676) 568141,Tygolaan 0,Zuiddorpe,Eefde,8137 KE,NL,Netherlands,EMEA,Dutch,Consumer,None,2020-02-04,2020,RETURNING,True,MDM,2020-02-04 00:00:00,2026-04-17 15:58:43.382338
54c7259a-60e1-47e8-8040-f7acd0346ae7,CUST-2022-NL-000009,Roan,Jochems,Roan Jochems,Male,1961-04-19,roan.jochems195@mail.com,0350 239586,Matthijspad 9,Leermens,Sint Agatha,5833UT,NL,Netherlands,EMEA,Dutch,Consumer,Gold,2022-11-10,2022,RETURNING,True,MDM,2022-11-10 00:00:00,2026-04-17 15:58:43.382343
b082d06a-b02f-41a6-9ab7-c00b98148dc8,CUST-2022-NL-000109,Lise,Moet,Lise Moet,Male,1952-09-17,lise.moet@hotmail.com,+3168-4894556,Noudring 0,Puth,Oostwoud,2883VE,NL,Netherlands,EMEA,Dutch,Consumer,Platinum,2022-03-30,2022,RETURNING,True,MDM,2022-03-30 00:00:00,2026-04-17 15:58:43.382345
02cff304-86f6-49eb-bd26-3085f771b83e,CUST-2019-NL-000397,Boris,van der Lede,Boris van der Lede,Male,1968-03-22,boris.vanderlede@icloud.com,+3155 5970432,Markbaan 377,Britswert,Nieuwe Wetering,2220DJ,NL,Netherlands,EMEA,Dutch,Consumer,Gold,2019-05-21,2019,RETURNING,True,MDM,2019-05-21,2026-04-17 15:58:43.382346
d5db9d8b-704c-4d72-a492-3670edf18d04,CUST-2019-NL-000035,Evy,Loreal,Evy Loreal,Female,1955-05-21,evy.loreal@live.com,+31399 048660,Sennstraat 8,Tegelen,Purmer,2399 VM,NL,Netherlands,EMEA,Dutch,Consumer,Platinum,2019-02-01,2019,RETURNING,True,MDM,2019-02-01,2026-04-17 15:58:43.382348
3b2d1134-864e-4312-b3fc-5f00d29ed22e,CUST-2022-NL-000025,Jens,Blaak,Jens Blaak,Male,1950-05-26,jens.blaak487@gmx.com,027 6219423,Naomiboulevard 21,Nooitgedacht,Obdam,8846DS,NL,Netherlands,EMEA,Dutch,Consumer,None,2022-03-27,2022,RETURNING,True,MDM,2022-03-27 00:00:00,2026-04-17 15:58:43.382350
7bfeabfe-21f9-4890-a650-c6121dbbe6f4,CUST-2022-NL-000046,Tristan,Goedhart,Tristan Goedhart,Female,1987-06-19,tristan.goedhart@zoho.com,0874 843021,Jobweg 9,Slijkenburg,Onnen,6919LW,NL,Netherlands,EMEA,Dutch,Consumer,None,2022-07-16,2022,RETURNING,True,MDM,2022-07-16 00:00:00,2026-04-17 15:58:43.382352
6259c99b-8d14-45b4-a2d8-008b1c6e66b1,CUST-2022-NL-000128,Floris,de Man,Floris de Man,Female,2006-01-06,floris.deman544@gmx.com,0471 736061,Romysteeg 702,Leimuiderbrug,Nieuw Namen,3436DW,NL,Netherlands,EMEA,Dutch,Consumer,Platinum,2022-01-13,2022,RETURNING,True,MDM,2022-01-13 00:00:00,2026-04-17 15:58:43.382353
1613ba17-cbf2-4e22-ac6d-648b43619e01,CUST-2020-NL-000005,Naomi,Everde,Naomi Everde,Female,2002-04-26,naomi.everde@live.com,(0807)-495902,Laurensbaan 4,Anevelde,Nijlande,9875IS,NL,Netherlands,EMEA,Dutch,Business,None,2020-03-22,2020,RETURNING,True,MDM,2020-03-22 00:00:00,2026-04-17 15:58:43.382355
d0eba79c-5900-433e-88b5-e40777961165,CUST-2022-NL-000077,Julius,Brandt,Julius Brandt,Female,1992-05-18,julius.brandt85@hotmail.com,+31(0)99-4445447,Merelring 3,Wormerveer,Zutphen,6736YG,NL,Netherlands,EMEA,Dutch,Consumer,None,2022-10-28,2022,RETURNING,True,MDM,2022-10-28 00:00:00,2026-04-17 15:58:43.382361
28333bc0-8ea9-43d9-9697-11b183f3beef,CUST-2021-NL-000063,Tessa,Fiere,Tessa Fiere,Female,1994-11-15,tessa.fiere@yahoo.com,(032)-9972847,Elinepad 3,Matsloot,Kloosterburen,2930FY,NL,Netherlands,EMEA,Dutch,Consumer,Gold,2021-02-20,2021,RETURNING,True,MDM,2021-02-20 00:00:00,2026-04-17 15:58:43.382362
0aff8533-491a-4ff2-99f7-20fa441b1d80,CUST-2022-NL-000103,Kyara,Uphaus,Kyara Uphaus,Male,1960-11-30,kyara.uphaus@gmail.com,+31(0)72 0936004,Esmeesteeg 729,Erp,Rheezerveen,3709 ZO,NL,Netherlands,EMEA,Dutch,Consumer,Silver,2022-02-17,2022,RETURNING,True,MDM,2022-02-17 00:00:00,2026-04-17 15:58:43.382364
63298e4d-cbaa-45b6-86ea-6f13bf0598b0,CUST-2022-NL-000074,Fleur,Duivenvoorden,Fleur Duivenvoorden,Male,1993-06-26,fleur.duivenvoorden@outlook.com,031 9654973,Saarpad 9,Niawier,Horn,5841KZ,NL,Netherlands,EMEA,Dutch,Consumer,Platinum,2022-10-08,2022,RETURNING,True,MDM,2022-10-08 00:00:00,2026-04-17 15:58:43.382365
c470f8c3-b540-4662-acd1-a8dd438fffe5,CUST-2022-NL-000119,Gerrit,Kuiper,Gerrit Kuiper,Female,1999-11-30,gerrit.kuiper147@outlook.com,080 6784538,Marestraat 942,Maasland,Beemte Broekland,1390 XK,NL,Netherlands,EMEA,Dutch,Consumer,Gold,2022-04-26,2022,RETURNING,True,MDM,2022-04-26 00:00:00,2026-04-17 15:58:43.382367
2052cf80-95ab-4015-ad86-f0eaf1d991e9,CUST-2022-NL-000030,Tessa,Sitters,Tessa Sitters,Male,1988-11-19,tessa.sitters@icloud.com,+31(0)87-8462954,Vajènbaan 148,Peest,Rheeze,5439US,NL,Netherlands,EMEA,Dutch,Business,None,2022-08-08,2022,RETURNING,True,MDM,2022-08-08 00:00:00,2026-04-17 15:58:43.382369
e8378f37-5b49-471e-86c0-7a9de50265c8,CUST-2022-NL-000018,Amélie,Blonk,Amélie Blonk,Male,2008-01-06,amlie.blonk926@gmail.com,+31(0)166 507538,Maxstraat 3,Zeerijp,Ulicoten,9602SQ,NL,Netherlands,EMEA,Dutch,Consumer,None,2022-12-26,2022,RETURNING,True,MDM,2022-12-26 00:00:00,2026-04-17 15:58:43.382371
55247b65-06fb-4e16-84ad-d5cf1f7001e8,CUST-2019-NL-000334,Hamza,Schenkel,Hamza Schenkel,Male,2001-10-05,hamza.schenkel785@gmail.com,+31476-870009,Jaypad 201,Hezingen,Eemdijk,1207VK,NL,Netherlands,EMEA,Dutch,Business,Platinum,2019-01-05,2019,RETURNING,True,MDM,2019-01-05,2026-04-17 15:58:43.382372
6f24ba68-a72e-4aa1-ab66-d6ccf96c90de,CUST-2019-NL-000145,Finn,van den Corput,Finn van den Corput,Male,1989-06-03,finn.vandencorput@aol.com,+31(0)775 905107,Jilldreef 49,Dieren,Scharmer,9352 HX,NL,Netherlands,EMEA,Dutch,Consumer,None,2019-06-28,2019,RETURNING,True,MDM,2019-06-28,2026-04-17 15:58:43.382374
0ff08165-47d7-418a-ab3b-2397f82c8e3b,CUST-2019-NL-000110,Mike,Mulders,Mike Mulders,Female,1966-10-30,mike.mulders942@msn.com,+31(0)068 552701,Davidweg 46,Toornwerd,Bladel,7908 MB,NL,Netherlands,EMEA,Dutch,Consumer,Platinum,2019-12-05,2019,RETURNING,True,MDM,2019-12-05,2026-04-17 15:58:43.382378
0c881a04-5920-4750-8e9b-249cc740d2d1,CUST-2022-NL-000132,Dave,van der Brink,Dave van der Brink,Female,1969-09-03,dave.vanderbrink@hotmail.com,+31014-616816,Victoriasingel 5,Rossum,Nietap,4506 FU,NL,Netherlands,EMEA,Dutch,Consumer,None,2022-09-06,2022,RETURNING,True,MDM,2022-09-06 00:00:00,2026-04-17 15:58:43.382380
2e40647c-e386-46a5-9a21-609cb499c6e9,CUST-2019-NL-000103,Sanne,van Heusden,Sanne van Heusden,Male,1984-01-06,sanne.vanheusden@yahoo.com,(0428)-187007,Ravihof 213,Slagharen,Cadier en Keer,1300 JM,NL,Netherlands,EMEA,Dutch,Consumer,Platinum,2019-01-04,2019,RETURNING,True,MDM,2019-01-04,2026-04-17 15:58:43.382381
ed7b7822-2726-4587-a562-89e528ed2fae,CUST-2019-NL-000171,Collin,Huijbrechts,Collin Huijbrechts,Male,1997-05-15,collin.huijbrechts@protonmail.com,(008)-7659505,Markring 57,Westdorpe,Nieuwland,6223TJ,NL,Netherlands,EMEA,Dutch,Consumer,None,2019-07-03,2019,RETURNING,True,MDM,2019-07-03,2026-04-17 15:58:43.382383
8bea52a6-9976-42ec-99bf-b3623485d74d,CUST-2020-NL-000021,Sem,Massa,Sem Massa,Female,1991-12-02,sem.massa@gmail.com,+31113-569665,Bjornhof 59,Opheusden,Wapse,5619UX,NL,Netherlands,EMEA,Dutch,Consumer,None,2020-06-16,2020,RETURNING,True,MDM,2020-06-16 00:00:00,2026-04-17 15:58:43.382385
388b0605-3e89-46e4-8bf7-4eed91998e05,CUST-2020-NL-000084,Emily,van de Ven,Emily van de Ven,Female,2004-12-20,emily.vandeven@zoho.com,(0404)-133265,Matthiaslaan 13,Gasteren,Oranjewoud,7919 UA,NL,Netherlands,EMEA,Dutch,Consumer,None,2020-08-06,2020,RETURNING,True,MDM,2020-08-06 00:00:00,2026-04-17 15:58:43.382387
24d3bb8b-d3ed-4e90-b128-34eedf8fcecc,CUST-2019-NL-000121,Merel,van Ooste,Merel van Ooste,Male,1950-10-11,merel.vanooste@gmail.com,+31575 137225,Danastraat 3,De Tike,Rozendaal,8633ZZ,NL,Netherlands,EMEA,Dutch,Business,None,2019-03-08,2019,RETURNING,True,MDM,2019-03-08,2026-04-17 15:58:43.382389
623e23db-c1f9-45b2-ade1-7c9645913228,CUST-2020-NL-000076,Luc,van den Brink,Luc van den Brink,Male,2006-04-02,luc.vandenbrink@gmx.com,(0537)-372573,Frederiquestraat 64,Zandpol,Gieterveen,5398 QL,NL,Netherlands,EMEA,Dutch,Business,Platinum,2020-01-08,2020,RETURNING,True,MDM,2020-01-08 00:00:00,2026-04-17 15:58:43.382390
d5f98c23-05de-44a1-ad30-1aed26806e77,CUST-2019-NL-000311,Joep,Schilt,Joep Schilt,Male,1992-09-21,joep.schilt@live.com,0627 086984,Lennboulevard 951,Stein,Eefde,2905 XP,NL,Netherlands,EMEA,Dutch,Business,None,2019-07-08,2019,RETURNING,True,MDM,2019-07-08,2026-04-17 15:58:43.382392
cc6134b8-60f1-46e0-a210-c81d98ac5ddb,CUST-2019-NL-000159,Nathan,van Enschot,Nathan van Enschot,Male,1954-10-24,nathan.vanenschot@protonmail.com,(0573) 832657,Annehof 52,Wekerom,Merselo,1728 IB,NL,Netherlands,EMEA,Dutch,Consumer,Silver,2019-07-02,2019,RETURNING,True,MDM,2019-07-02,2026-04-17 15:58:43.382395
07777915-428f-494d-b6f4-e6a1d5fbf414,CUST-2022-NL-000095,Ben,de Graaf,Ben de Graaf,Male,1965-04-29,ben.degraaf@msn.com,+31043-433744,Rileysingel 60,Barger-Compascuum,Sint-Oedenrode,1572TR,NL,Netherlands,EMEA,Dutch,Business,None,2022-11-05,2022,RETURNING,True,MDM,2022-11-05 00:00:00,2026-04-17 15:58:43.382397
27f63e1d-6281-4277-8d1b-d417df1c1a05,CUST-2021-NL-000133,Jesse,van Haeften,Jesse van Haeften,Female,1982-05-09,jesse.vanhaeften@aol.com,+3117-3637534,Ellahof 2,Maasbree,Veelerveen,7466KL,NL,Netherlands,EMEA,Dutch,Consumer,Platinum,2021-05-05,2021,RETURNING,True,MDM,2021-05-05 00:00:00,2026-04-17 15:58:43.382399
379d7092-7694-4b7d-b706-eab5cf876ed8,CUST-2020-NL-000085,Aaron,Doyle,Aaron Doyle,Male,1976-07-15,aaron.doyle@icloud.com,082 5325128,Jadedreef 43,Musselkanaal,Heesch,1541HI,NL,Netherlands,EMEA,Dutch,Consumer,None,2020-03-28,2020,RETURNING,True,MDM,2020-03-28 00:00:00,2026-04-17 15:58:43.382400
f7a378a7-b070-46a2-8893-47209a9548d4,CUST-2022-NL-000136,Philip,de Hoog,Philip de Hoog,Female,1961-09-10,philip.dehoog@gmx.com,+31992 694868,Jonashof 944,Swolgen,Herwen,4178 VR,NL,Netherlands,EMEA,Dutch,Consumer,Platinum,2022-03-07,2022,RETURNING,True,MDM,2022-03-07 00:00:00,2026-04-17 15:58:43.382403
36735272-0575-4eff-adae-b7bb5dc870d5,CUST-2019-NL-000094,Jamie,van Orleans,Jamie van Orleans,Male,2003-01-07,jamie.vanorleans@mail.com,+31(0)04 7388524,Jannering 044,Steenbergen,Rotterdam-Albrandswaard,4129NT,NL,Netherlands,EMEA,Dutch,Consumer,Silver,2019-03-15,2019,RETURNING,True,MDM,2019-03-15,2026-04-17 15:58:43.382404
b0adff29-0e73-4c83-bd77-072deb14d036,CUST-2020-NL-000126,Lex,Marchand,Lex Marchand,Male,1999-04-17,lex.marchand@zoho.com,+31(0)97-8650927,Jordyboulevard 503,Ravenswaaij,Groeningen,7602UW,NL,Netherlands,EMEA,Dutch,Consumer,Gold,2020-08-16,2020,RETURNING,True,MDM,2020-08-16 00:00:00,2026-04-17 15:58:43.382405
1b3ba767-e9e1-4200-a8ce-49884e23c8fc,CUST-2022-NL-000061,Maud,François,Maud François,Female,1964-10-13,maud.franois@mail.com,(047) 8510346,Tirzadreef 9,Borgsweer,Drouwenerveen,7449TN,NL,Netherlands,EMEA,Dutch,Consumer,None,2022-10-03,2022,RETURNING,True,MDM,2022-10-03 00:00:00,2026-04-17 15:58:43.382407
ab10072d-a3b1-4cae-b50a-12e5bed2c849,CUST-2021-NL-000070,Romy,Miner,Romy Miner,Male,1999-03-08,romy.miner662@yahoo.com,(061) 0061445,Annepad 54,Beegden,Lage Vuursche,5546DV,NL,Netherlands,EMEA,Dutch,Consumer,Silver,2021-01-04,2021,RETURNING,True,MDM,2021-01-04 00:00:00,2026-04-17 15:58:43.382409
b42db858-e947-4e80-b5a0-ecb2f4800261,CUST-2021-NL-000099,Naud,Wolfsdr,Naud Wolfsdr,Male,1985-04-06,naud.wolfsdr683@icloud.com,0795-606328,Fennadreef 21,Laren,Warffum,5429PP,NL,Netherlands,EMEA,Dutch,Business,None,2021-06-21,2021,RETURNING,True,MDM,2021-06-21 00:00:00,2026-04-17 15:58:43.382413
9178e7e8-c22f-4ce6-9020-4e3b8c866a75,CUST-2021-NL-000039,Hanna,Barents,Hanna Barents,Female,1956-10-18,hanna.barents@gmx.com,(0695) 580277,Lotstraat 54,Bakkeveen,Molkwerum,6679OG,NL,Netherlands,EMEA,Dutch,Consumer,Gold,2021-10-21,2021,RETURNING,True,MDM,2021-10-21 00:00:00,2026-04-17 15:58:43.382415
e1f6190a-b5fb-472b-93b2-a743a1c24cc0,CUST-2020-NL-000070,Bryan,van Noordeloos,Bryan van Noordeloos,Male,1977-12-28,bryan.vannoordeloos@icloud.com,(084) 8064071,Janneweg 269,Zuidhorn,Oosterstreek,2034 ZC,NL,Netherlands,EMEA,Dutch,Consumer,None,2020-04-14,2020,RETURNING,True,MDM,2020-04-14 00:00:00,2026-04-17 15:58:43.382417
8fd47f29-8fa9-4718-bd1e-3865ba9e8ef8,CUST-2019-NL-000146,Ivy,Boudewijns,Ivy Boudewijns,Female,1968-01-23,ivy.boudewijns@protonmail.com,0546-455934,Meessingel 8,Tilburg,Dedemsvaart,4029 CM,NL,Netherlands,EMEA,Dutch,Consumer,Silver,2019-01-29,2019,RETURNING,True,MDM,2019-01-29,2026-04-17 15:58:43.382418
db7aac61-aa52-457c-9818-827ca0bc8cb9,CUST-2021-NL-000130,Liz,Weijland,Liz Weijland,Female,1966-07-11,liz.weijland@gmail.com,+3110 3079538,Ibrahimsingel 273,Muiden,'s-Heerenhoek,5384JB,NL,Netherlands,EMEA,Dutch,Consumer,None,2021-03-01,2021,RETURNING,True,MDM,2021-03-01 00:00:00,2026-04-17 15:58:43.382420
84d6a373-205c-4b89-a1af-4b03c5cf5788,CUST-2021-NL-000060,Yusuf,Huijs,Yusuf Huijs,Female,1990-02-24,yusuf.huijs260@protonmail.com,+31(0)77 8505827,Valentijnhof 8,Diepenveen,Maasdijk,7644 YZ,NL,Netherlands,EMEA,Dutch,Consumer,Silver,2021-09-19,2021,RETURNING,True,MDM,2021-09-19 00:00:00,2026-04-17 15:58:43.382421
aeaaa365-436c-4a91-af78-fdf500fd08a9,CUST-2022-NL-000048,Sara,Zeldenrust,Sara Zeldenrust,Female,1982-06-08,sara.zeldenrust@gmail.com,+3187-5812161,Naudboulevard 88,Westkapelle,Nieuw-Buinen,6199 DC,NL,Netherlands,EMEA,Dutch,Consumer,Silver,2022-02-01,2022,RETURNING,True,MDM,2022-02-01 00:00:00,2026-04-17 15:58:43.382423
ce17d51a-85aa-4cfe-b307-a3ced77446e5,CUST-2022-NL-000116,Aaron,van Liendert,Aaron van Liendert,Female,1977-07-15,aaron.vanliendert277@protonmail.com,0161-886256,Demiweg 714,Scharwoude,Zandberg,1973JM,NL,Netherlands,EMEA,Dutch,Consumer,Gold,2022-05-26,2022,RETURNING,True,MDM,2022-05-26 00:00:00,2026-04-17 15:58:43.382424
1a22b854-531f-4980-807c-ae838a0bf108,CUST-2021-NL-000044,Norah,Pasman,Norah Pasman,Female,1983-05-20,norah.pasman474@msn.com,(0815)-179373,Keanobaan 27,Boxmeer,Cadzand,1559 EH,NL,Netherlands,EMEA,Dutch,Business,None,2021-01-12,2021,RETURNING,True,MDM,2021-01-12 00:00:00,2026-04-17 15:58:43.382430
d2b1f6a4-95a7-44b0-a287-09ea3a94d7f1,CUST-2021-NL-000112,Evy,Goudriaan,Evy Goudriaan,Male,1991-04-26,evy.goudriaan@icloud.com,0015-385223,Kaidreef 4,Nieuwkoop,Feinsum,6529UB,NL,Netherlands,EMEA,Dutch,Consumer,Silver,2021-12-27,2021,RETURNING,True,MDM,2021-12-27 00:00:00,2026-04-17 15:58:43.382432
19cffa90-6ef6-4938-a49c-1c0d85a9c7f9,CUST-2021-NL-000084,Boris,van Olst,Boris van Olst,Female,2006-12-05,boris.vanolst696@aol.com,+31(0)192 355452,Aminsingel 976,Berkel en Rodenrijs,Amersfoort,3524 HI,NL,Netherlands,EMEA,Dutch,Consumer,None,2021-12-08,2021,RETURNING,True,MDM,2021-12-08 00:00:00,2026-04-17 15:58:43.382435
b05d66e3-cd83-4d70-850f-17b02f8b3c63,CUST-2022-NL-000142,Lauren,Oostveen,Lauren Oostveen,Female,1969-05-29,lauren.oostveen@msn.com,0276 034585,Elisehof 490,Noordeinde Gld,Boschoord,1656EH,NL,Netherlands,EMEA,Dutch,Consumer,None,2022-05-04,2022,RETURNING,True,MDM,2022-05-04 00:00:00,2026-04-17 15:58:43.382436
333beb88-ddbd-4648-9885-44710bd63857,CUST-2019-NL-000053,Ayden,van Dillen,Ayden van Dillen,Male,1967-02-12,ayden.vandillen@outlook.com,(021) 5551959,Noabaan 564,Echt,Zoutelande,5775 GK,NL,Netherlands,EMEA,Dutch,Consumer,Gold,2019-04-04,2019,RETURNING,True,MDM,2019-04-04,2026-04-17 15:58:43.382438
469e71f8-5dc7-4c74-af64-64e2949cc9cd,CUST-2019-NL-000046,Laura,Fortuyn,Laura Fortuyn,Female,2005-11-17,laura.fortuyn@mail.com,+31(0)74-9728406,Lisannepad 3,Damwâld,Delfstrahuizen,8968HO,NL,Netherlands,EMEA,Dutch,Consumer,None,2019-03-11,2019,RETURNING,True,MDM,2019-03-11,2026-04-17 15:58:43.382440
06b7877b-3f91-4d8f-a80c-a941dc758b74,CUST-2022-NL-000014,Naomi,de Keijzer,Naomi de Keijzer,Male,1987-11-06,naomi.dekeijzer@protonmail.com,(0549) 724669,Lolaweg 9,Gerkesklooster,Folsgare,3180 FW,NL,Netherlands,EMEA,Dutch,Consumer,Silver,2022-08-08,2022,RETURNING,True,MDM,2022-08-08 00:00:00,2026-04-17 15:58:43.382441
6be3e1a8-f121-420d-9327-4d40e99df9c1,CUST-2022-NL-000003,Tess,van Voorst,Tess van Voorst,Female,1984-11-16,tess.vanvoorst@mail.com,(085)-6091541,Noorstraat 707,Heeg,Hekelingen,4562 FR,NL,Netherlands,EMEA,Dutch,Business,None,2022-05-14,2022,RETURNING,True,MDM,2022-05-14 00:00:00,2026-04-17 15:58:43.382443
156e61de-d492-4ac7-bc3e-f4306656bb19,CUST-2022-NL-000064,Luc,Butselaar,Luc Butselaar,Male,1954-11-13,luc.butselaar@hotmail.com,+31(0)778 963194,Marinusweg 82,Brucht,Buinerveen,9742NO,NL,Netherlands,EMEA,Dutch,Consumer,None,2022-03-01,2022,RETURNING,True,MDM,2022-03-01 00:00:00,2026-04-17 15:58:43.382448
907bab16-efa3-4610-9f7c-b4d986e223a1,CUST-2021-NL-000041,Jasmijn,Furda,Jasmijn Furda,Male,1970-08-26,jasmijn.furda@msn.com,+31(0)21 8664105,Jortsteeg 38,Ell,Lemiers,8963OS,NL,Netherlands,EMEA,Dutch,Consumer,Silver,2021-10-17,2021,RETURNING,True,MDM,2021-10-17 00:00:00,2026-04-17 15:58:43.382450
cdf42492-1dcc-4134-b79b-88ccc3ce13d6,CUST-2022-NL-000015,Lieve,de Jager,Lieve de Jager,Female,1959-10-02,lieve.dejager@msn.com,+31(0)850 642885,Janneboulevard 0,Beerze,Wenum Wiesel,2528MQ,NL,Netherlands,EMEA,Dutch,Consumer,Gold,2022-05-24,2022,RETURNING,True,MDM,2022-05-24 00:00:00,2026-04-17 15:58:43.382451
4df351de-7911-4596-a637-5113c761b9f7,CUST-2020-NL-000069,Samuel,van Waas,Samuel van Waas,Male,2001-07-21,samuel.vanwaas200@aol.com,(0894) 391453,Aylinring 429,Sint Nicolaasga,Makkum,1444AI,NL,Netherlands,EMEA,Dutch,Consumer,None,2020-10-24,2020,RETURNING,True,MDM,2020-10-24 00:00:00,2026-04-17 15:58:43.382453
4fb25754-07ff-46e7-a3e4-f1ba7923a635,CUST-2019-NL-000190,Sem,Ouwel,Sem Ouwel,Male,1963-01-30,sem.ouwel@aol.com,+3176-6936229,Noahweg 278,Buitenpost,Ewijk,9993BZ,NL,Netherlands,EMEA,Dutch,Consumer,Silver,2019-01-16,2019,RETURNING,True,MDM,2019-01-16,2026-04-17 15:58:43.382455
1174c1f0-de8f-46f1-888a-c434052e215a,CUST-2020-NL-000114,Thijs,Vial,Thijs Vial,Female,2008-01-17,thijs.vial@icloud.com,(0229)-710487,Adrianaweg 03,Groessen,Kockengen,5927 BK,NL,Netherlands,EMEA,Dutch,Consumer,None,2020-04-23,2020,RETURNING,True,MDM,2020-04-23 00:00:00,2026-04-17 15:58:43.382456
11710ece-20f0-42d3-9bbd-30e5c2b74307,CUST-2019-NL-000118,Kyra,Korstman,Kyra Korstman,Female,1963-08-29,kyra.korstman902@gmx.com,+31888 034347,Julianlaan 382,Andel,Velserbroek,3000 BF,NL,Netherlands,EMEA,Dutch,Consumer,None,2019-03-18,2019,RETURNING,True,MDM,2019-03-18,2026-04-17 15:58:43.382459
ad208c59-872a-4c55-94b3-5bf7ef1c87b7,CUST-2021-NL-000065,Maud,Hendriks,Maud Hendriks,Male,1994-10-13,maud.hendriks@icloud.com,+3188-4008327,Sethweg 8,Escharen,Vierakker,2329UX,NL,Netherlands,EMEA,Dutch,Consumer,None,2021-11-09,2021,RETURNING,True,MDM,2021-11-09 00:00:00,2026-04-17 15:58:43.382461
601ed1ba-f833-4361-a5fc-58669b79d4e3,CUST-2020-NL-000087,Tim,Aarts,Tim Aarts,Male,1977-01-24,tim.aarts@protonmail.com,0186-247716,Tijspad 451,Sluis,Callantsoog,4994FO,NL,Netherlands,EMEA,Dutch,Business,Gold,2020-10-07,2020,RETURNING,True,MDM,2020-10-07 00:00:00,2026-04-17 15:58:43.382465
d393d23d-10d0-475b-afc7-b10f39c99389,CUST-2022-NL-000070,Brian,"West-Francië, van","Brian West-Francië, van",Female,1995-05-13,"brian.west-franci,van@yahoo.com",+31(0)506 493765,Nynkehof 64,Purmerend,Urmond,7283DX,NL,Netherlands,EMEA,Dutch,Consumer,None,2022-08-10,2022,RETURNING,True,MDM,2022-08-10 00:00:00,2026-04-17 15:58:43.382467
e863ac6b-470e-4a64-9d4e-8b265e0fbc8b,CUST-2022-NL-000139,Kim,van Loon,Kim van Loon,Male,2005-05-10,kim.vanloon@hotmail.com,+3132 1457614,Bjornsteeg 7,Bentveld,Nibbixwoud,5881NE,NL,Netherlands,EMEA,Dutch,Consumer,None,2022-01-29,2022,RETURNING,True,MDM,2022-01-29 00:00:00,2026-04-17 15:58:43.382469
cc3be581-2922-4a74-b70a-ae44fd9572ce,CUST-2019-NL-000358,Bradley,Horrocks,Bradley Horrocks,Female,1996-11-18,bradley.horrocks194@icloud.com,0681-095696,Thomasbaan 871,Heiloo,Neerijnen,5543 QG,NL,Netherlands,EMEA,Dutch,Consumer,Platinum,2019-03-08,2019,RETURNING,True,MDM,2019-03-08,2026-04-17 15:58:43.382471
7a32fa19-7a16-4919-b1f1-1e564f1a022c,CUST-2022-NL-000123,Tyler,van der Horst,Tyler van der Horst,Male,2000-01-13,tyler.vanderhorst401@mail.com,+31(0)70-8825626,Lindepad 3,Almkerk,Olst,1010LC,NL,Netherlands,EMEA,Dutch,Consumer,None,2022-02-03,2022,RETURNING,True,MDM,2022-02-03 00:00:00,2026-04-17 15:58:43.382473
6a91ecc5-69ca-4d05-a4f6-0e29ba79b35f,CUST-2022-NL-000078,Melle,de Graaf,Melle de Graaf,Male,1995-06-19,melle.degraaf@gmx.com,+3184 4086278,Kyraboulevard 673,Hertme,Galder,9332 JV,NL,Netherlands,EMEA,Dutch,Business,Silver,2022-12-10,2022,RETURNING,True,MDM,2022-12-10 00:00:00,2026-04-17 15:58:43.382474
a61d64bf-b71f-4f9b-b2a2-9cad9599bcc5,CUST-2022-NL-000079,Pien,Walter,Pien Walter,Male,1972-07-15,pien.walter374@mail.com,(0867) 360188,Tristanbaan 20,Deest,Spijk Gn,8880 AU,NL,Netherlands,EMEA,Dutch,Business,Platinum,2022-04-07,2022,RETURNING,True,MDM,2022-04-07 00:00:00,2026-04-17 15:58:43.382475
4797652f-c9cb-45cb-a328-904e90b0bf85,CUST-2019-NL-000114,Lois,François,Lois François,Male,1986-12-06,lois.franois@live.com,+31(0)43 4621988,Suzesingel 215,Muiderberg,Nibbixwoud,8062LN,NL,Netherlands,EMEA,Dutch,Consumer,Silver,2019-09-28,2019,RETURNING,True,MDM,2019-09-28,2026-04-17 15:58:43.382477
52394590-91ad-4572-8477-5b0ed13162b8,CUST-2021-NL-000123,Gerrit,Muller,Gerrit Muller,Male,1953-08-06,gerrit.muller565@protonmail.com,(0921)-870939,Jennalaan 972,Elshout,Overdinkel,1215 AU,NL,Netherlands,EMEA,Dutch,Consumer,None,2021-03-01,2021,RETURNING,True,MDM,2021-03-01 00:00:00,2026-04-17 15:58:43.382484
254a4d61-891b-4c65-93dd-5e9c6cc27b6e,CUST-2022-NL-000094,Jamie,Poncelet,Jamie Poncelet,Female,2004-03-20,jamie.poncelet165@hotmail.com,+31(0)23-4201474,Willemlaan 054,Hichtum,Wergea,3655 RX,NL,Netherlands,EMEA,Dutch,Business,None,2022-02-23,2022,RETURNING,True,MDM,2022-02-23 00:00:00,2026-04-17 15:58:43.382486
c0d65c98-75fc-4968-b3c8-a617b1c59915,CUST-2022-NL-000028,Bart,Reijers,Bart Reijers,Male,1969-08-27,bart.reijers@icloud.com,097 4536494,Tristansingel 805,De Bilt,Vierpolders,5720XN,NL,Netherlands,EMEA,Dutch,Consumer,None,2022-07-01,2022,RETURNING,True,MDM,2022-07-01 00:00:00,2026-04-17 15:58:43.382488
3c84ec01-9b62-47dd-881b-35524d2b7f6a,CUST-2022-NL-000086,Britt,Berendse,Britt Berendse,Female,2000-08-08,britt.berendse@gmail.com,+3106-8900622,Yarasteeg 161,Blauwestad,Spijkerboor,6386 MA,NL,Netherlands,EMEA,Dutch,Consumer,Gold,2022-07-01,2022,RETURNING,True,MDM,2022-07-01 00:00:00,2026-04-17 15:58:43.382489
31eca439-3f24-46ff-9668-a07a21c77a39,CUST-2022-NL-000112,Lenn,Poncelet,Lenn Poncelet,Female,1972-01-05,lenn.poncelet@icloud.com,0106 981422,Catoweg 4,Warnsveld,Scharwoude,6726HI,NL,Netherlands,EMEA,Dutch,Business,None,2022-11-13,2022,RETURNING,True,MDM,2022-11-13 00:00:00,2026-04-17 15:58:43.382491
0bbf350b-fad2-4713-bcca-e2c8242a6110,CUST-2021-NL-000001,Esila,van Oudewater,Esila van Oudewater,Male,1970-11-28,esila.vanoudewater744@icloud.com,(043) 5216262,Twanlaan 909,Waarder,Herpt,4706 QT,NL,Netherlands,EMEA,Dutch,Consumer,None,2021-02-09,2021,RETURNING,True,MDM,2021-02-09 00:00:00,2026-04-17 15:58:43.382493
3d399220-5856-4d7d-b9bc-2774a6475d39,CUST-2021-NL-000040,Alicia,Meis,Alicia Meis,Female,1984-11-04,alicia.meis@msn.com,0147-259221,Leonring 1,Waarland,Heide,3338KM,NL,Netherlands,EMEA,Dutch,Consumer,Silver,2021-06-06,2021,RETURNING,True,MDM,2021-06-06 00:00:00,2026-04-17 15:58:43.382495
102d153d-ec2b-4eee-b01c-7fefce2d155f,CUST-2021-NL-000013,Imke,Hoes,Imke Hoes,Female,2000-04-18,imke.hoes@msn.com,0256-639123,Azrahof 64,Beek,Grootegast,5713 RD,NL,Netherlands,EMEA,Dutch,Business,None,2021-06-30,2021,RETURNING,True,MDM,2021-06-30 00:00:00,2026-04-17 15:58:43.382497
e51c44e2-a66a-48c6-b217-0d9745bd8a49,CUST-2019-NL-000012,Mirthe,Dorsman,Mirthe Dorsman,Male,2001-03-23,mirthe.dorsman@icloud.com,+3163-4046416,Yfkehof 478,Vijfhuizen,Koudekerke,1840ZZ,NL,Netherlands,EMEA,Dutch,Consumer,Gold,2019-09-30,2019,RETURNING,False,MDM,2019-09-30,2026-04-17 15:58:43.382499
319c3241-08b9-47f3-a2de-867b523ecb4e,CUST-2022-NL-000021,Janna,Buijs,Janna Buijs,Female,1974-09-18,janna.buijs287@outlook.com,069-5222791,Tylersteeg 4,Schipluiden,Maasbree,7627WB,NL,Netherlands,EMEA,Dutch,Business,None,2022-10-19,2022,RETURNING,True,MDM,2022-10-19 00:00:00,2026-04-17 15:58:43.382501
b03ed356-0e89-4abd-82af-2babd24cb7fd,CUST-2020-NL-000050,Rafael,van Allemanië,Rafael van Allemanië,Male,1999-10-10,rafael.vanallemani940@gmail.com,+31(0)02-0606079,Sennasingel 08,Spankeren,Holtum,6921 IP,NL,Netherlands,EMEA,Dutch,Consumer,None,2020-01-06,2020,RETURNING,True,MDM,2020-01-06 00:00:00,2026-04-17 15:58:43.382502
c85d862e-f1f7-4737-94d2-b711ef7903e3,CUST-2021-NL-000050,Victoria,Flink,Victoria Flink,Male,1981-02-20,victoria.flink240@mail.com,+31(0)899-067741,Ninadreef 1,Druten,Standdaarbuiten,3761 JO,NL,Netherlands,EMEA,Dutch,Consumer,Gold,2021-08-14,2021,RETURNING,True,MDM,2021-08-14 00:00:00,2026-04-17 15:58:43.382504
ffa3e91b-42f1-4aa2-a1b0-1aee832aec85,CUST-2021-NL-000087,Giovanni,van Hostaden,Giovanni van Hostaden,Male,1963-12-24,giovanni.vanhostaden@gmx.com,+31(0)81 9013212,Maxring 94,Geeuwenbrug,Garyp,3162 AB,NL,Netherlands,EMEA,Dutch,Education,None,2021-05-31,2021,RETURNING,True,MDM,2021-05-31 00:00:00,2026-04-17 15:58:43.382506
67dd1206-1134-444b-94e0-5c09160ce9cc,CUST-2019-NL-000048,Victor,van der Stael,Victor van der Stael,Male,1999-09-02,victor.vanderstael@yahoo.com,+31(0)77 5831350,Loesstraat 06,Rheeze,Oldeholtwolde,4157 ZO,NL,Netherlands,EMEA,Dutch,Consumer,None,2019-04-02,2019,RETURNING,True,MDM,2019-04-02,2026-04-17 15:58:43.382507
c2eedb0c-2b3f-4a06-8c02-543a3bc5b1cb,CUST-2021-NL-000045,Dion,van Luin,Dion van Luin,Female,1997-05-15,dion.vanluin@aol.com,(0047)-939453,Kyansteeg 5,Zwolle,Nieuwpoort,7706 SV,NL,Netherlands,EMEA,Dutch,Consumer,None,2021-04-30,2021,RETURNING,True,MDM,2021-04-30 00:00:00,2026-04-17 15:58:43.382509
f39a2120-ddf7-46a6-a399-e9a93524efc8,CUST-2022-NL-000083,Danique,de Haan,Danique de Haan,Female,1986-10-22,danique.dehaan@aol.com,(0982)-008627,Joliesteeg 197,Hurdegaryp,Usquert,7708 SG,NL,Netherlands,EMEA,Dutch,Consumer,Gold,2022-06-27,2022,RETURNING,True,MDM,2022-06-27 00:00:00,2026-04-17 15:58:43.382510
1604ef9b-97e0-49a5-98a4-6929b1f81ba1,CUST-2021-NL-000109,Zakaria,van Engelen,Zakaria van Engelen,Male,1965-11-19,zakaria.vanengelen@yahoo.com,+31840 774751,Isering 084,Afferden L,Espel,5945KM,NL,Netherlands,EMEA,Dutch,Education,Gold,2021-04-24,2021,RETURNING,False,MDM,2021-04-24 00:00:00,2026-04-17 15:58:43.382514
3a159ec9-cbfa-41c0-aab6-561cb5175512,CUST-2020-NL-000124,Danique,Spaan,Danique Spaan,Female,1958-11-13,danique.spaan@gmx.com,(0214) 985958,Madeliefweg 49,Hardinxveld-Giessendam,Holthees,1179BH,NL,Netherlands,EMEA,Dutch,Consumer,None,2020-12-31,2020,RETURNING,True,MDM,2020-12-31 00:00:00,2026-04-17 15:58:43.382516
097c5601-77bd-4203-a48c-694ce02f2e40,CUST-2022-NL-000130,Tijs,Berendse,Tijs Berendse,Female,1993-01-02,tijs.berendse357@mail.com,0883-374135,Evibaan 4,Nij Beets,Franeker,5519 KW,NL,Netherlands,EMEA,Dutch,Consumer,None,2022-09-04,2022,RETURNING,True,MDM,2022-09-04 00:00:00,2026-04-17 15:58:43.382518
b3bdc0e5-03c2-4b3f-9eb7-70ae92e1accb,CUST-2020-NL-000130,Ise,Walsteijn,Ise Walsteijn,Male,1979-07-12,ise.walsteijn@zoho.com,032-5395056,Michaelring 1,Broekhuizen,Elshout,6266 LK,NL,Netherlands,EMEA,Dutch,Education,Platinum,2020-07-25,2020,RETURNING,True,MDM,2020-07-25 00:00:00,2026-04-17 15:58:43.382519
64b9ace7-637f-4809-945f-ba8671f6eaeb,CUST-2021-NL-000073,Milo,Pieters van der Maes,Milo Pieters van der Maes,Male,1952-02-02,milo.pietersvandermaes@mail.com,+3149-5013988,Lucsteeg 23,Sint-Oedenrode,Erichem,4960 EM,NL,Netherlands,EMEA,Dutch,Consumer,Silver,2021-03-23,2021,RETURNING,False,MDM,2021-03-23 00:00:00,2026-04-17 15:58:43.382521
4c781d78-44b3-489c-a691-487eb4adf954,CUST-2022-NL-000134,Thijn,Thatcher,Thijn Thatcher,Male,1964-10-19,thijn.thatcher938@mail.com,0273-136502,Laralaan 156,Wesepe,Losdorp,1669 LK,NL,Netherlands,EMEA,Dutch,Education,None,2022-12-14,2022,RETURNING,True,MDM,2022-12-14 00:00:00,2026-04-17 15:58:43.382523
6fb53938-42aa-44db-9ed5-40f5cf4fc4fe,CUST-2021-NL-000036,Bryan,van der Noot,Bryan van der Noot,Male,1961-11-28,bryan.vandernoot965@live.com,+31(0)928-119308,Jennaring 2,Herten,Noordscheschut,1394CI,NL,Netherlands,EMEA,Dutch,Consumer,Platinum,2021-10-24,2021,RETURNING,True,MDM,2021-10-24 00:00:00,2026-04-17 15:58:43.382524
3f142474-3d35-41ae-a050-7c0299b3c088,CUST-2022-NL-000060,Emir,Meyer,Emir Meyer,Male,1978-01-08,emir.meyer@zoho.com,0279 739840,Casperboulevard 662,Hoenderloo,Ammerstol,4215NZ,NL,Netherlands,EMEA,Dutch,Consumer,Silver,2022-07-28,2022,RETURNING,True,MDM,2022-07-28 00:00:00,2026-04-17 15:58:43.382526
c3968bab-a1ec-4598-9cf3-f39d0551fb70,CUST-2019-NL-000329,Elif,van de Wiel,Elif van de Wiel,Female,1959-06-16,elif.vandewiel@gmail.com,(079)-4269879,Pepijnbaan 2,Garderen,Venhuizen,7287 UV,NL,Netherlands,EMEA,Dutch,Consumer,None,2019-11-28,2019,RETURNING,True,MDM,2019-11-28,2026-04-17 15:58:43.382528
8388dde9-9cc1-43da-b650-95cd0bcac0f9,CUST-2019-NL-000341,Oscar,Kleibrink,Oscar Kleibrink,Female,1996-02-16,oscar.kleibrink@protonmail.com,0959-482443,Timoring 61,Soesterberg,Drongelen,9864GI,NL,Netherlands,EMEA,Dutch,Consumer,Gold,2019-09-06,2019,RETURNING,True,MDM,2019-09-06,2026-04-17 15:58:43.382529
6f5b3195-e723-4022-b75b-ac395b223420,CUST-2019-NL-000026,Thijmen,Goyaerts van Waderle,Thijmen Goyaerts van Waderle,Male,1971-06-06,thijmen.goyaertsvanwaderle@live.com,0340-167970,Zoeyweg 5,Oranje,Mariahout,9789LM,NL,Netherlands,EMEA,Dutch,Consumer,None,2019-08-25,2019,RETURNING,True,MDM,2019-08-25,2026-04-17 15:58:43.382535
b9e66ae3-f3bb-4b70-89cd-bb15b96b1c2e,CUST-2022-NL-000038,Kick,Heijmen,Kick Heijmen,Male,1950-05-23,kick.heijmen961@live.com,+31827 279877,Ariesteeg 52,de Woude,Budel,9832 YY,NL,Netherlands,EMEA,Dutch,Consumer,None,2022-09-04,2022,RETURNING,True,MDM,2022-09-04 00:00:00,2026-04-17 15:58:43.382537
d18bc890-4caa-4687-af6f-1791641ab3b1,CUST-2019-NL-000102,Mads,van Haspengouw,Mads van Haspengouw,Female,1954-11-08,mads.vanhaspengouw@msn.com,+31(0)60 7133183,Julianboulevard 768,Castelre,Hobrede,2243 AQ,NL,Netherlands,EMEA,Dutch,Consumer,None,2019-02-26,2019,RETURNING,True,MDM,2019-02-26,2026-04-17 15:58:43.382539
2dc66c7f-2195-4957-be5e-8483c54ecb53,CUST-2022-NL-000063,Maaike,Lage,Maaike Lage,Male,2005-06-03,maaike.lage@outlook.com,(097)-9494827,Leonboulevard 357,Hulsberg,Drunen,2171 DW,NL,Netherlands,EMEA,Dutch,Consumer,Gold,2022-04-02,2022,RETURNING,True,MDM,2022-04-02 00:00:00,2026-04-17 15:58:43.382540
a1bf7319-94ef-4d9b-90bd-258b862008f0,CUST-2022-NL-000001,Elisabeth,Bosman,Elisabeth Bosman,Female,1956-03-29,elisabeth.bosman@outlook.com,022 4165638,Kayleighsingel 4,Hengelo,Valkenswaard,6648 SB,NL,Netherlands,EMEA,Dutch,Consumer,Silver,2022-07-24,2022,RETURNING,False,MDM,2022-07-24 00:00:00,2026-04-17 15:58:43.382542
e7ef65ba-a6be-4055-b607-08ff27d9c445,CUST-2019-NL-000085,Olivier,Lind,Olivier Lind,Male,2001-05-28,olivier.lind210@zoho.com,+31(0)59 9828049,Noraring 756,Sassenheim,Tinallinge,9232PC,NL,Netherlands,EMEA,Dutch,Business,Silver,2019-07-20,2019,RETURNING,True,MDM,2019-07-20,2026-04-17 15:58:43.382543
df59e410-6d91-4d43-a6d1-49761789cc0c,CUST-2019-NL-000141,Rens,Molenaar,Rens Molenaar,Female,1955-02-02,rens.molenaar@gmail.com,(025)-3678713,Jennalaan 245,Noordgouwe,Schraard,5206JL,NL,Netherlands,EMEA,Dutch,Consumer,None,2019-04-17,2019,RETURNING,True,MDM,2019-04-17,2026-04-17 15:58:43.382545
c7c523c6-b56f-48e6-8aee-edf921fff9ba,CUST-2021-NL-000024,Angelina,Lafleur,Angelina Lafleur,Male,1993-06-27,angelina.lafleur@mail.com,+31004 633373,Jaydenstraat 24,Gameren,Eemshaven,6666BE,NL,Netherlands,EMEA,Dutch,Consumer,None,2021-03-07,2021,RETURNING,True,MDM,2021-03-07 00:00:00,2026-04-17 15:58:43.382546
5ac1964a-1777-41d9-9e50-ceb6242309ad,CUST-2021-NL-000038,Aylin,Vial,Aylin Vial,Female,1961-06-13,aylin.vial@live.com,0881-026397,Jenniferboulevard 25,Meerstad,Heerde,9706 MP,NL,Netherlands,EMEA,Dutch,Education,None,2021-02-27,2021,RETURNING,True,MDM,2021-02-27 00:00:00,2026-04-17 15:58:43.382552
8074d79b-b2f0-4e57-8862-f61263c2639b,CUST-2021-NL-000062,Jonas,Lafleur,Jonas Lafleur,Female,2001-07-02,jonas.lafleur@gmx.com,(0681) 873616,Bjornboulevard 65,Lichtenvoorde,Groot-Ammers,6105 CP,NL,Netherlands,EMEA,Dutch,Consumer,Gold,2021-06-29,2021,RETURNING,True,MDM,2021-06-29 00:00:00,2026-04-17 15:58:43.382554
e625305e-8901-40cf-a6da-7c091669ce70,CUST-2021-NL-000064,Mohammed,Jerusalem,Mohammed Jerusalem,Female,1974-12-09,mohammed.jerusalem411@protonmail.com,+3111-3803079,Daanring 135,Blesdijke,Sappemeer,3519 CH,NL,Netherlands,EMEA,Dutch,Consumer,Silver,2021-05-05,2021,RETURNING,True,MDM,2021-05-05 00:00:00,2026-04-17 15:58:43.382555
b68031fa-6f03-4d80-919e-fd662622a030,CUST-2019-NL-000335,Tobias,Woudenberg,Tobias Woudenberg,Male,1993-02-24,tobias.woudenberg@zoho.com,+31981 806044,Charlottesteeg 6,Drongelen,Teroele,3019 MM,NL,Netherlands,EMEA,Dutch,Consumer,None,2019-07-16,2019,RETURNING,True,MDM,2019-07-16,2026-04-17 15:58:43.382557
6049203b-0dad-45b0-9714-aaa8f5fa32f4,CUST-2022-NL-000096,Jay,van Loon,Jay van Loon,Male,2001-03-15,jay.vanloon480@gmail.com,055 8410531,Maaikepad 8,Genemuiden,Kattendijke,9654 OF,NL,Netherlands,EMEA,Dutch,Business,Platinum,2022-11-07,2022,RETURNING,True,MDM,2022-11-07 00:00:00,2026-04-17 15:58:43.382558
699f5be0-a6c0-4cd6-abca-670069a35d1f,CUST-2022-NL-000089,Jasmijn,van der Stael de Jonge,Jasmijn van der Stael de Jonge,Female,1999-08-24,jasmijn.vanderstaeldejonge151@gmail.com,0710-618689,Maaikeboulevard 9,Zwiggelte,Landsmeer,9688 WH,NL,Netherlands,EMEA,Dutch,Business,Gold,2022-12-28,2022,RETURNING,True,MDM,2022-12-28 00:00:00,2026-04-17 15:58:43.382560
3c57fdc7-35f9-469c-a8bd-8567d6fce9bf,CUST-2020-NL-000073,Daniël,van Nederlotharingen,Daniël van Nederlotharingen,Female,1995-03-31,danil.vannederlotharingen439@hotmail.com,+31(0)977-428660,Aiméehof 9,Vethuizen,Stroobos,4324XX,NL,Netherlands,EMEA,Dutch,Consumer,Gold,2020-06-03,2020,RETURNING,True,MDM,2020-06-03 00:00:00,2026-04-17 15:58:43.382561
d0dd1d13-9308-46e3-bfa4-b23bfb56409f,CUST-2020-NL-000071,Beau,Neuzerling,Beau Neuzerling,Female,1974-06-28,beau.neuzerling@protonmail.com,(085) 6028819,Elinboulevard 0,Oeffelt,Finsterwolde,3747 YJ,NL,Netherlands,EMEA,Dutch,Consumer,None,2020-07-02,2020,RETURNING,True,MDM,2020-07-02 00:00:00,2026-04-17 15:58:43.382563
8f47f064-84c2-49f4-82d5-9b1c1e765cc5,CUST-2022-NL-000087,Boaz,Adelaar,Boaz Adelaar,Female,1961-04-08,boaz.adelaar@gmail.com,+3189-2860690,Leahhof 472,Nieuwe Wetering,Ane,2416FE,NL,Netherlands,EMEA,Dutch,Consumer,Silver,2022-01-12,2022,RETURNING,True,MDM,2022-01-12 00:00:00,2026-04-17 15:58:43.382565
9784514f-4bc4-482e-a92f-ccaa5c3d97f1,CUST-2022-NL-000049,Puck,Wright,Puck Wright,Male,1954-06-12,puck.wright@aol.com,(0900) 960134,Brittstraat 41,Andijk,Nederweert-Eind,6186 PY,NL,Netherlands,EMEA,Dutch,Consumer,Gold,2022-02-23,2022,RETURNING,True,MDM,2022-02-23 00:00:00,2026-04-17 15:58:43.382570
8f9ed0dd-6ba8-4abd-ba8c-57838fc51175,CUST-2022-NL-000007,Lauren,van Goerle,Lauren van Goerle,Female,1977-05-11,lauren.vangoerle@yahoo.com,0804 872194,Rooslaan 760,Harbrinkhoek,Warmond,1800BU,NL,Netherlands,EMEA,Dutch,Business,None,2022-03-16,2022,RETURNING,True,MDM,2022-03-16 00:00:00,2026-04-17 15:58:43.382572
16b9f1d1-1ee2-4853-ab0f-830bc5b0e805,CUST-2019-NL-000078,Mustafa,Knuf,Mustafa Knuf,Male,1980-06-22,mustafa.knuf151@live.com,+31(0)54 5431482,Tijnweg 3,Kollumerzwaag,Milsbeek,4173 GA,NL,Netherlands,EMEA,Dutch,Education,Platinum,2019-04-19,2019,RETURNING,True,MDM,2019-04-19,2026-04-17 15:58:43.382574
fcb75273-271e-4ce9-b849-5bb573ca723a,CUST-2021-NL-000093,Jelte,Marchand,Jelte Marchand,Female,1958-03-22,jelte.marchand@aol.com,+3193-0874550,Lynndreef 622,Epse,Wormer,6761PH,NL,Netherlands,EMEA,Dutch,Consumer,None,2021-01-02,2021,RETURNING,True,MDM,2021-01-02 00:00:00,2026-04-17 15:58:43.382575
b5146bfe-9c5b-456a-ac61-06b47620b238,CUST-2021-NL-000033,Philip,Corstiaens,Philip Corstiaens,Male,1974-10-03,philip.corstiaens@mail.com,+31513 989764,Merleweg 865,Sint Geertruid,Zuidwolde,9220 WN,NL,Netherlands,EMEA,Dutch,Business,None,2021-05-03,2021,RETURNING,True,MDM,2021-05-03 00:00:00,2026-04-17 15:58:43.382578
b6b56576-8896-4fa8-b2ce-c0dc264667c0,CUST-2021-NL-000092,Liz,Schuurmans,Liz Schuurmans,Male,2006-12-23,liz.schuurmans910@zoho.com,(0114)-401842,Haileyhof 7,Oegstgeest,Lies,9659OK,NL,Netherlands,EMEA,Dutch,Consumer,None,2021-12-21,2021,RETURNING,True,MDM,2021-12-21 00:00:00,2026-04-17 15:58:43.382580
06bd09a9-5646-4f48-b29e-dbf5212810c8,CUST-2022-NL-000093,Nathan,Brumleve,Nathan Brumleve,Female,1963-02-27,nathan.brumleve@hotmail.com,+31(0)989 831447,Finndreef 9,Ouddorp,Exloërveen,8910OP,NL,Netherlands,EMEA,Dutch,Consumer,None,2022-07-08,2022,RETURNING,True,MDM,2022-07-08 00:00:00,2026-04-17 15:58:43.382582
e3f8d0dc-06d3-4683-a9c5-3eb20d45a3c8,CUST-2022-NL-000127,Joëlle,de Man,Joëlle de Man,Male,1989-10-13,jolle.deman@outlook.com,0459-293871,Fennasteeg 0,Hendrik-Ido-Ambacht,Dieren,8925 TQ,NL,Netherlands,EMEA,Dutch,Business,Silver,2022-09-10,2022,RETURNING,True,MDM,2022-09-10 00:00:00,2026-04-17 15:58:43.382583
b8e1d28a-78af-43ec-b869-222296e57095,CUST-2022-NL-000102,Liz,Hoelen,Liz Hoelen,Male,1970-03-18,liz.hoelen@hotmail.com,+31203 789370,Lucasdreef 936,Grashoek,Schagerbrug,1358PU,NL,Netherlands,EMEA,Dutch,Business,None,2022-08-28,2022,RETURNING,True,MDM,2022-08-28 00:00:00,2026-04-17 15:58:43.382585
497fc5ec-f72c-4ce4-8bef-0cda017e05e8,CUST-2022-NL-000036,Hanna,de Bont,Hanna de Bont,Male,1951-02-03,hanna.debont347@yahoo.com,(033)-2678760,Ariering 89,Drogteropslagen,Groeningen,8594IK,NL,Netherlands,EMEA,Dutch,Business,Platinum,2022-01-05,2022,RETURNING,True,MDM,2022-01-05 00:00:00,2026-04-17 15:58:43.382587
88cddcc8-ba67-428f-a642-7b46f3c8df79,CUST-2019-NL-000044,Thom,Neuteboom,Thom Neuteboom,Female,1972-10-28,thom.neuteboom951@gmx.com,(0807) 580413,Mickhof 106,Burdaard,Bussum,3561BT,NL,Netherlands,EMEA,Dutch,Consumer,Silver,2019-04-06,2019,RETURNING,True,MDM,2019-04-06,2026-04-17 15:58:43.382588
5c670027-43dd-4abb-a347-291ffcb5e862,CUST-2019-NL-000280,Luca,Bökenkamp,Luca Bökenkamp,Male,1967-05-08,luca.bkenkamp@protonmail.com,(0316)-188092,Emmadreef 97,Vlissingen,Nooitgedacht,4459 ZS,NL,Netherlands,EMEA,Dutch,Business,None,2019-07-27,2019,RETURNING,True,MDM,2019-07-27,2026-04-17 15:58:43.382590
456cb7b2-eedd-4f03-8ef3-ee1b94469f96,CUST-2019-NL-000308,Dewi,Doyle,Dewi Doyle,Female,1976-01-19,dewi.doyle127@outlook.com,+31(0)371 461952,Duuksingel 70,Schimmert,Duivendrecht,6124OZ,NL,Netherlands,EMEA,Dutch,Consumer,None,2019-01-21,2019,RETURNING,True,MDM,2019-01-21,2026-04-17 15:58:43.382591
32b1d6c2-d962-4978-9b26-32fbe8e991f2,CUST-2019-NL-000059,Lukas,Schiffer,Lukas Schiffer,Female,1963-08-25,lukas.schiffer@zoho.com,+31641-629126,Jornsteeg 061,Nijkerk,Breezand,3696RU,NL,Netherlands,EMEA,Dutch,Consumer,None,2019-06-11,2019,RETURNING,True,MDM,2019-06-11,2026-04-17 15:58:43.382593
9e219d4d-c05a-439f-9a68-6bb79d918700,CUST-2022-NL-000124,Wesley,Kortman,Wesley Kortman,Male,1997-04-11,wesley.kortman@gmail.com,+31989-638203,Pietersingel 195,Doornenburg,Vianen,1077SA,NL,Netherlands,EMEA,Dutch,Consumer,Gold,2022-10-23,2022,RETURNING,True,MDM,2022-10-23 00:00:00,2026-04-17 15:58:43.382595
b33b5ba7-8dfa-4a15-84f4-1c6b449b9f5a,CUST-2019-NL-000032,Quinn,Hermans,Quinn Hermans,Male,1980-05-03,quinn.hermans536@gmail.com,008 3410980,Feddepad 327,Kollum,Grootschermer,7288 BC,NL,Netherlands,EMEA,Dutch,Education,Gold,2019-07-16,2019,RETURNING,True,MDM,2019-07-16,2026-04-17 15:58:43.382600
d8b7e37c-ed9e-442a-aa29-66d35110d3f0,CUST-2022-NL-000017,Vajèn,van Praagh,Vajèn van Praagh,Male,1999-05-06,vajn.vanpraagh16@gmail.com,+31(0)491-836900,Fatimaweg 0,Haarlem,Siebengewald,2170 JL,NL,Netherlands,EMEA,Dutch,Consumer,None,2022-12-06,2022,RETURNING,True,MDM,2022-12-06 00:00:00,2026-04-17 15:58:43.382602
9985d82e-9abb-47c0-b32f-10dc274ede6d,CUST-2021-NL-000052,Bart,Driessen,Bart Driessen,Male,1971-09-19,bart.driessen@hotmail.com,+31040 742821,Simonsingel 5,Nieuwkoop,Boxtel,2769DF,NL,Netherlands,EMEA,Dutch,Consumer,None,2021-12-19,2021,RETURNING,False,MDM,2021-12-19 00:00:00,2026-04-17 15:58:43.382604
bce398ea-3244-4714-9d3c-4e79747bd424,CUST-2020-NL-000102,Benthe,van der Veen,Benthe van der Veen,Male,1976-07-08,benthe.vanderveen@protonmail.com,0940-805941,Thompad 52,Oosterwijk,Oosterwijk,2296 BW,NL,Netherlands,EMEA,Dutch,Consumer,None,2020-05-18,2020,RETURNING,True,MDM,2020-05-18 00:00:00,2026-04-17 15:58:43.382606
e1b8a9bd-5a89-4b80-b2f3-69518f5103f4,CUST-2019-NL-000260,Marinus,Janssen,Marinus Janssen,Female,1953-05-31,marinus.janssen562@msn.com,033-8440765,Ilselaan 0,Huisseling,Ovezande,2462AR,NL,Netherlands,EMEA,Dutch,Consumer,None,2019-10-04,2019,RETURNING,True,MDM,2019-10-04,2026-04-17 15:58:43.382608
de3bd8af-f8b3-48f8-94d2-6a6aaf5f7fdb,CUST-2019-NL-000372,Zoë,van der Leek,Zoë van der Leek,Male,1987-06-30,zo.vanderleek@mail.com,0665-303547,Joephof 203,Katwijk,Plasmolen,1806XO,NL,Netherlands,EMEA,Dutch,Business,Silver,2019-05-29,2019,RETURNING,True,MDM,2019-05-29,2026-04-17 15:58:43.382610
b0fe35a1-ac71-419c-904c-8a5a0e3ff6fb,CUST-2022-NL-000108,Sepp,van den Corput,Sepp van den Corput,Female,1958-06-30,sepp.vandencorput955@zoho.com,+31604 309409,Dirksteeg 126,Zwartemeer,Welsum,9542GH,NL,Netherlands,EMEA,Dutch,Consumer,None,2022-11-26,2022,RETURNING,False,MDM,2022-11-26 00:00:00,2026-04-17 15:58:43.382611
ec805457-016f-43cc-a87b-15bd7c116828,CUST-2019-NL-000191,Vincent,Ooms,Vincent Ooms,Female,1990-06-28,vincent.ooms@protonmail.com,(0431)-382375,Hannahlaan 2,Lierop,Vortum-Mullem,7631 BT,NL,Netherlands,EMEA,Dutch,Education,None,2019-04-01,2019,RETURNING,True,MDM,2019-04-01,2026-04-17 15:58:43.382613
a402e429-74b6-4289-a9d4-780f4d764a63,CUST-2021-NL-000076,Daniel,van Mispelen,Daniel van Mispelen,Male,1973-11-07,daniel.vanmispelen@yahoo.com,071-6496403,Noortjestraat 79,Malden,Grubbenvorst,3277HV,NL,Netherlands,EMEA,Dutch,Business,Gold,2021-05-19,2021,RETURNING,True,MDM,2021-05-19 00:00:00,2026-04-17 15:58:43.382618
8e493fa1-3b86-4269-923a-67a1e3619187,CUST-2022-NL-000034,Feline,Huls,Feline Huls,Male,2000-04-08,feline.huls@live.com,+3132 9858473,Mikadreef 008,Schipborg,Haren,8267 UT,NL,Netherlands,EMEA,Dutch,Consumer,Silver,2022-11-15,2022,RETURNING,True,MDM,2022-11-15 00:00:00,2026-04-17 15:58:43.382620
e01d9b59-a094-481a-8e4c-90da8b95152d,CUST-2019-NL-000377,Jet,Verbeek,Jet Verbeek,Male,1996-02-25,jet.verbeek@outlook.com,+3136 0390011,Roosdreef 00,Sint-Annaland,Hoogerheide,6060 TK,NL,Netherlands,EMEA,Dutch,Education,Silver,2019-05-15,2019,RETURNING,True,MDM,2019-05-15,2026-04-17 15:58:43.382622
63ff28ce-eda7-468c-8bac-bf8e4d4a3d62,CUST-2022-NL-000099,Guus,van Velzen,Guus van Velzen,Male,1989-04-24,guus.vanvelzen@msn.com,063-6882128,Fienstraat 14,Holthees,Vollenhove,1793 YU,NL,Netherlands,EMEA,Dutch,Consumer,None,2022-05-11,2022,RETURNING,True,MDM,2022-05-11 00:00:00,2026-04-17 15:58:43.382623
8da88080-89de-452d-b794-498126d56829,CUST-2020-NL-000074,Marijn,Korstman,Marijn Korstman,Male,1983-07-30,marijn.korstman@yahoo.com,093 6209373,Elizadreef 2,Ellertshaar,Ulft,8191GB,NL,Netherlands,EMEA,Dutch,Consumer,Silver,2020-05-14,2020,RETURNING,True,MDM,2020-05-14 00:00:00,2026-04-17 15:58:43.382625
0ff3886e-bdf2-42f2-9335-8a36794edbe0,CUST-2019-NL-000378,Joëlle,Pieters van der Maes,Joëlle Pieters van der Maes,Male,1953-08-18,jolle.pietersvandermaes@icloud.com,(0776) 949803,Kaybaan 07,Jislum,Raard,2712RI,NL,Netherlands,EMEA,Dutch,Consumer,Gold,2019-03-17,2019,RETURNING,True,MDM,2019-03-17,2026-04-17 15:58:43.382626
617b1740-ebdf-44de-a57d-7bcc17f84766,CUST-2021-NL-000082,Faas,Butselaar,Faas Butselaar,Female,1972-10-04,faas.butselaar@zoho.com,+31(0)63 3603039,Ryanstraat 14,Helenaveen,Berg en Dal,9864DJ,NL,Netherlands,EMEA,Dutch,Consumer,None,2021-04-14,2021,RETURNING,True,MDM,2021-04-14 00:00:00,2026-04-17 15:58:43.382628
5bd61f6b-0ac0-47d1-b439-791c99d70252,CUST-2019-NL-000366,Mart,Scherms,Mart Scherms,Female,2002-01-17,mart.scherms@zoho.com,+31(0)95 5934889,Naomiweg 0,Warns,Scharsterbrug,1428 JT,NL,Netherlands,EMEA,Dutch,Consumer,Silver,2019-11-20,2019,RETURNING,True,MDM,2019-11-20,2026-04-17 15:58:43.382629
f815623c-9f23-4bec-b60d-d428fcad5390,CUST-2020-NL-000013,Floris,de Vries,Floris de Vries,Female,2008-03-03,floris.devries11@gmx.com,+3162-9933796,Keanosteeg 8,Weert,Herwijnen,3746GI,NL,Netherlands,EMEA,Dutch,Consumer,None,2020-03-26,2020,RETURNING,True,MDM,2020-03-26 00:00:00,2026-04-17 15:58:43.382631
ee7623a0-d587-4f9d-8f4e-d54efafe845c,CUST-2022-NL-000104,Lucas,Manne,Lucas Manne,Male,1989-03-08,lucas.manne432@gmail.com,+31(0)877 361713,Femdreef 122,Kattendijke,Oud Ootmarsum,2837 EW,NL,Netherlands,EMEA,Dutch,Consumer,Gold,2022-12-29,2022,RETURNING,True,MDM,2022-12-29 00:00:00,2026-04-17 15:58:43.382636
85dd8558-7d4f-47fa-a268-b3208e411e81,CUST-2021-NL-000102,Fenna,de Groot,Fenna de Groot,Male,1956-04-07,fenna.degroot@mail.com,099 7437048,Jonaspad 888,Lutjebroek,Maassluis,2432 PZ,NL,Netherlands,EMEA,Dutch,Consumer,Silver,2021-10-19,2021,RETURNING,True,MDM,2021-10-19 00:00:00,2026-04-17 15:58:43.382637
35255c97-2c7e-494f-b29c-d8477d9aa3a9,CUST-2021-NL-000023,Amina,Walter,Amina Walter,Male,1986-12-12,amina.walter@protonmail.com,0358-422959,Aydendreef 8,Godlinze,Westmaas,9883 RK,NL,Netherlands,EMEA,Dutch,Consumer,None,2021-03-29,2021,RETURNING,True,MDM,2021-03-29 00:00:00,2026-04-17 15:58:43.382639
6d22c71b-f510-4340-8853-54053a6ac3c0,CUST-2019-NL-000095,Milou,Vermeulen,Milou Vermeulen,Female,2005-10-29,milou.vermeulen788@zoho.com,+3180-5925845,Lievering 2,Burgum,Vogelwaarde,2330QI,NL,Netherlands,EMEA,Dutch,Consumer,None,2019-02-11,2019,RETURNING,True,MDM,2019-02-11,2026-04-17 15:58:43.382641
796017e3-f44d-4f7d-9425-e7dfc25de117,CUST-2022-NL-000012,Senna,Loep,Senna Loep,Male,1990-10-13,senna.loep@outlook.com,(0235)-859159,Joeydreef 8,Broek,Hempens,8338RN,NL,Netherlands,EMEA,Dutch,Consumer,Silver,2022-08-12,2022,RETURNING,True,MDM,2022-08-12 00:00:00,2026-04-17 15:58:43.382642
ffb15567-c04e-4c7f-90ea-6678d377ded2,CUST-2019-NL-000293,Jonathan,van Rijthoven,Jonathan van Rijthoven,Male,1980-09-19,jonathan.vanrijthoven467@aol.com,094-4545166,Elinesteeg 58,Breezanddijk,Gulpen,5829 KP,NL,Netherlands,EMEA,Dutch,Consumer,Gold,2019-03-25,2019,RETURNING,True,MDM,2019-03-25,2026-04-17 15:58:43.382644
8fa1cfd9-4d17-4357-b105-8825c7cfa6ab,CUST-2022-NL-000066,Kyan,van Beek,Kyan van Beek,Female,1952-01-31,kyan.vanbeek@live.com,0447-286804,Bilalsteeg 58,Hezingen,De Falom,9287 OD,NL,Netherlands,EMEA,Dutch,Consumer,Platinum,2022-01-19,2022,RETURNING,True,MDM,2022-01-19 00:00:00,2026-04-17 15:58:43.382645
4dd4f90f-fef0-4a87-82ce-87acf4f6024d,CUST-2019-NL-000125,Féline,van der Stael,Féline van der Stael,Male,1975-04-11,fline.vanderstael@yahoo.com,+3198-5634623,Stenboulevard 524,Westerhoven,Heide,8170 SR,NL,Netherlands,EMEA,Dutch,Business,Silver,2019-02-13,2019,RETURNING,True,MDM,2019-02-13,2026-04-17 15:58:43.382647
12f0c8ca-5f40-4949-8135-47c8a78e417e,CUST-2019-NL-000316,Bibi,van Rooij,Bibi van Rooij,Male,1990-03-29,bibi.vanrooij422@mail.com,+31(0)59-5367133,Liamstraat 7,Midlum,Twello,9953 FS,NL,Netherlands,EMEA,Dutch,Consumer,None,2019-12-01,2019,RETURNING,True,MDM,2019-12-01,2026-04-17 15:58:43.382649
a8221e78-6bda-4dac-897c-c01c9d934a01,CUST-2021-NL-000011,Zara,Overeem,Zara Overeem,Male,1966-06-30,zara.overeem@gmx.com,097 3622279,Mustafaboulevard 24,Lambertschaag,Sint-Michielsgestel,1940IX,NL,Netherlands,EMEA,Dutch,Education,None,2021-10-30,2021,RETURNING,True,MDM,2021-10-30 00:00:00,2026-04-17 15:58:43.382650
8a5e692e-1924-4e9f-be6e-f29a3ca4294a,CUST-2019-NL-000248,Sander,Mahieu,Sander Mahieu,Male,1965-02-21,sander.mahieu@gmx.com,(069)-7306385,Lorenzodreef 4,Oudenbosch,Jislum,5852 ZZ,NL,Netherlands,EMEA,Dutch,Consumer,None,2019-02-18,2019,RETURNING,True,MDM,2019-02-18,2026-04-17 15:58:43.382652
66c36b29-5fc9-4184-86b2-49e3de50020e,CUST-2021-NL-000088,Ian,Wever,Ian Wever,Male,1967-05-30,ian.wever372@hotmail.com,+3117 1996417,Timdreef 581,Brummen,Lutjebroek,5028HN,NL,Netherlands,EMEA,Dutch,Consumer,Silver,2021-10-08,2021,RETURNING,True,MDM,2021-10-08 00:00:00,2026-04-17 15:58:43.382657
8b849cdf-3230-45e4-b2d9-c3814d9fcfff,CUST-2019-NL-000249,Kevin,Eijkelboom,Kevin Eijkelboom,Female,1984-03-18,kevin.eijkelboom@gmail.com,082-5777266,Gielboulevard 7,Midwoud,Oldemarkt,6972 PX,NL,Netherlands,EMEA,Dutch,Consumer,None,2019-06-09,2019,RETURNING,True,MDM,2019-06-09,2026-04-17 15:58:43.382659
7555d315-3989-456c-8890-11da1bb52d35,CUST-2019-NL-000074,Boaz,Hofman,Boaz Hofman,Male,1960-01-08,boaz.hofman@mail.com,+3146-2922767,Florisstraat 85,Hantumeruitburen,Achlum,2767KZ,NL,Netherlands,EMEA,Dutch,Consumer,None,2019-01-09,2019,RETURNING,True,MDM,2019-01-09,2026-04-17 15:58:43.382661
acebd9a5-5608-4473-8898-c01fbb83c3a7,CUST-2019-NL-000254,Zakaria,Lucas,Zakaria Lucas,Male,1985-01-28,zakaria.lucas@gmx.com,067 4063352,Linnsingel 46,Bathmen,Middelaar,4127DT,NL,Netherlands,EMEA,Dutch,Consumer,None,2019-05-16,2019,RETURNING,False,MDM,2019-05-16,2026-04-17 15:58:43.382663
119af381-2847-456b-8b61-8991a7a58241,CUST-2021-NL-000100,Nout,Doyle,Nout Doyle,Male,2007-01-15,nout.doyle@hotmail.com,+3113 4652528,Fennepad 020,Makkum,Kockengen,7401 TL,NL,Netherlands,EMEA,Dutch,Consumer,Platinum,2021-11-17,2021,RETURNING,True,MDM,2021-11-17 00:00:00,2026-04-17 15:58:43.382664
03c504f6-099b-44b0-95ec-0c02c678797e,CUST-2019-NL-000272,Jesse,Kronenberg,Jesse Kronenberg,Male,2001-04-27,jesse.kronenberg@aol.com,+31(0)238-236861,Emirstraat 1,Spankeren,Hoogezand,2986BY,NL,Netherlands,EMEA,Dutch,Consumer,None,2019-04-03,2019,RETURNING,True,MDM,2019-04-03,2026-04-17 15:58:43.382666
ba533b7a-87f1-4480-addb-970ba8b20fa8,CUST-2019-NL-000298,Maud,de Koning,Maud de Koning,Female,1998-10-04,maud.dekoning@aol.com,+31(0)90 4360012,Beratsteeg 0,Boornzwaag,Winterswijk Brinkheurne,4765BU,NL,Netherlands,EMEA,Dutch,Consumer,Silver,2019-01-04,2019,RETURNING,True,MDM,2019-01-04,2026-04-17 15:58:43.382668
b8a4c3d8-1867-41c5-81dc-823b5959c76c,CUST-2022-NL-000080,Nina,Brouwer,Nina Brouwer,Female,1994-06-08,nina.brouwer@protonmail.com,+31(0)072 574020,Beaubaan 133,Budel,Hoenderloo,4744UA,NL,Netherlands,EMEA,Dutch,Consumer,None,2022-12-09,2022,RETURNING,True,MDM,2022-12-09 00:00:00,2026-04-17 15:58:43.382669
15da7790-8c00-40ec-bc59-59a3bcfe73da,CUST-2021-NL-000134,Kai,Huisman,Kai Huisman,Female,1994-05-06,kai.huisman@outlook.com,092-5917335,Esmeestraat 5,Pesse,Nuis,4785 CN,NL,Netherlands,EMEA,Dutch,Business,None,2021-08-20,2021,RETURNING,True,MDM,2021-08-20 00:00:00,2026-04-17 15:58:43.382671
6a71a560-d76c-49e6-bca1-bea22b4690e4,CUST-2022-NL-000097,Isabel,Brizee,Isabel Brizee,Male,1994-01-02,isabel.brizee@yahoo.com,0369-724602,Isispad 260,de Wijk,De Klomp,1347RU,NL,Netherlands,EMEA,Dutch,Consumer,Gold,2022-09-20,2022,RETURNING,True,MDM,2022-09-20 00:00:00,2026-04-17 15:58:43.382672
ebf50c17-3e03-4371-aeb9-142d2f024873,CUST-2020-NL-000121,Yara,Kas,Yara Kas,Female,1974-06-13,yara.kas@zoho.com,070 2819151,Sepboulevard 58,Eenum,Westmaas,5703 FJ,NL,Netherlands,EMEA,Dutch,Consumer,Gold,2020-11-23,2020,RETURNING,True,MDM,2020-11-23 00:00:00,2026-04-17 15:58:43.382676
34102109-3c36-4c99-8ad1-6bebf11bee8f,CUST-2019-NL-000392,Helena,Slaetsdochter,Helena Slaetsdochter,Male,1956-07-09,helena.slaetsdochter@yahoo.com,+31629 060159,Adamsteeg 223,Spaarndam gem. Haarlem,Groesbeek,9898LM,NL,Netherlands,EMEA,Dutch,Consumer,Silver,2019-06-16,2019,RETURNING,True,MDM,2019-06-16,2026-04-17 15:58:43.382677
e4fcb08c-7e69-47b8-bb6f-aaa887d88f68,CUST-2020-NL-000032,Jill,Hermans,Jill Hermans,Female,2000-04-10,jill.hermans307@msn.com,0071 197436,Nikkibaan 48,Acquoy,Kapel Avezaath,6982EE,NL,Netherlands,EMEA,Dutch,Consumer,None,2020-04-17,2020,RETURNING,True,MDM,2020-04-17 00:00:00,2026-04-17 15:58:43.382679
de16313e-34ec-4fd8-bbba-6cacf1815435,CUST-2022-NL-000035,Isis,Segerszoen,Isis Segerszoen,Male,1989-02-12,isis.segerszoen@hotmail.com,0726 189606,Hugohof 9,Klaaswaal,Boksum,8671 TC,NL,Netherlands,EMEA,Dutch,Consumer,None,2022-10-07,2022,RETURNING,True,MDM,2022-10-07 00:00:00,2026-04-17 15:58:43.382680
9711a305-d99a-46c0-a8cd-8ea94de9b8fb,CUST-2019-NL-000111,Milan,Drysdale,Milan Drysdale,Male,1986-08-14,milan.drysdale@msn.com,+31(0)359 508392,Naomistraat 1,Ingber,Oudorp,1089LV,NL,Netherlands,EMEA,Dutch,Education,None,2019-09-10,2019,RETURNING,True,MDM,2019-09-10,2026-04-17 15:58:43.382682
b6a98de4-a065-4fdc-ab3d-d8760a3b4749,CUST-2019-NL-000305,Fatima,van Nederlotharingen,Fatima van Nederlotharingen,Female,1993-01-04,fatima.vannederlotharingen@yahoo.com,+31(0)980 179156,Samuelboulevard 903,Nieuweschoot,Venlo,6381AY,NL,Netherlands,EMEA,Dutch,Business,None,2019-02-28,2019,RETURNING,True,MDM,2019-02-28,2026-04-17 15:58:43.382684
1f356ae7-9000-4ee0-9b06-2bc47bf70278,CUST-2022-NL-000075,Victor,Lamotte,Victor Lamotte,Female,1961-06-21,victor.lamotte@aol.com,(0188) 793013,Floortjebaan 478,Schalsum,Loon op Zand,9728 XK,NL,Netherlands,EMEA,Dutch,Consumer,Gold,2022-01-13,2022,RETURNING,True,MDM,2022-01-13 00:00:00,2026-04-17 15:58:43.382685
bf229ca9-7ded-48a1-8067-226963f42acf,CUST-2021-NL-000009,Aya,van der Laar,Aya van der Laar,Male,1982-01-11,aya.vanderlaar@aol.com,+31691 303366,Marahof 1,Ridderkerk,Winde,8778 ML,NL,Netherlands,EMEA,Dutch,Consumer,Gold,2021-10-11,2021,RETURNING,True,MDM,2021-10-11 00:00:00,2026-04-17 15:58:43.382687
e9e7d0be-1bee-4f76-b832-26d3f01233d6,CUST-2019-NL-000362,Jan,Huijs,Jan Huijs,Male,1960-09-26,jan.huijs911@hotmail.com,+3128-9265439,Mariaboulevard 1,De Blesse,Peest,2770 ML,NL,Netherlands,EMEA,Dutch,Consumer,None,2019-01-09,2019,RETURNING,True,MDM,2019-01-09,2026-04-17 15:58:43.382689
6ae2fa4c-5afb-4804-b112-01f87e9a3e42,CUST-2019-NL-000184,Giel,Willems van Lier,Giel Willems van Lier,Male,1982-03-17,giel.willemsvanlier@protonmail.com,000-1728290,Nadiastraat 7,Grafhorst,Engwierum,3655 MV,NL,Netherlands,EMEA,Dutch,Consumer,None,2019-03-09,2019,RETURNING,True,MDM,2019-03-09,2026-04-17 15:58:43.382690
66eadcb6-9653-4e6d-8d4b-a76a83f3f370,CUST-2022-NL-000118,Vera,Steenbakkers,Vera Steenbakkers,Female,1981-06-06,vera.steenbakkers@zoho.com,+31(0)251-300892,Lucapad 386,Meijel,Zevenhoven,3305 YU,NL,Netherlands,EMEA,Dutch,Business,None,2022-07-19,2022,RETURNING,True,MDM,2022-07-19 00:00:00,2026-04-17 15:58:43.382692
aa546bb5-8cca-4b3d-814a-4034e9e161d4,CUST-2022-NL-000043,Levi,Peters,Levi Peters,Female,1968-09-19,levi.peters225@zoho.com,+31229 253068,Svensteeg 37,Angerlo,Klazienaveen,5831 EZ,NL,Netherlands,EMEA,Dutch,Consumer,Silver,2022-11-12,2022,RETURNING,True,MDM,2022-11-12 00:00:00,2026-04-17 15:58:43.382693
41104f3a-3267-4235-82c6-f6e7ce9caa12,CUST-2022-NL-000050,Wesley,Jorlink,Wesley Jorlink,Male,1963-02-21,wesley.jorlink@outlook.com,+3132 6819026,Juullaan 086,Margraten,Broekhuizen,3385 EX,NL,Netherlands,EMEA,Dutch,Education,None,2022-12-18,2022,RETURNING,True,MDM,2022-12-18 00:00:00,2026-04-17 15:58:43.382695
0ce7862c-6ac9-4ccd-bf21-c8b0697c878e,CUST-2019-NL-000108,Louise,Billung,Louise Billung,Female,1995-04-14,louise.billung75@outlook.com,+31359 283447,Bastiaanstraat 109,Bornwird,Wapenveld,5245RW,NL,Netherlands,EMEA,Dutch,Consumer,Platinum,2019-06-09,2019,RETURNING,True,MDM,2019-06-09,2026-04-17 15:58:43.382697
1edb4097-2a7e-4c3d-b076-5a19673e9778,CUST-2020-NL-000128,Zeynep,Wilcken,Zeynep Wilcken,Male,1954-06-01,zeynep.wilcken@msn.com,+31(0)495 169704,Joeplaan 23,Grubbenvorst,de Hoef,9613LW,NL,Netherlands,EMEA,Dutch,Consumer,None,2020-05-10,2020,RETURNING,True,MDM,2020-05-10 00:00:00,2026-04-17 15:58:43.382699
a84ea9be-30c1-4c48-888f-f471be8d7b3a,CUST-2022-NL-000023,Maryam,van Ginkel,Maryam van Ginkel,Female,1995-09-30,maryam.vanginkel@live.com,(0194) 650417,Nikkipad 252,Bemelen,Oentsjerk,6759LK,NL,Netherlands,EMEA,Dutch,Consumer,Silver,2022-11-19,2022,RETURNING,True,MDM,2022-11-19 00:00:00,2026-04-17 15:58:43.382700
953b200b-3ae0-4be1-99a0-e4a9887a5994,CUST-2021-NL-000030,Mason,Schilt,Mason Schilt,Female,2004-05-31,mason.schilt832@mail.com,(0027)-852276,Sterrehof 5,Oosterhout,Glane,1767KL,NL,Netherlands,EMEA,Dutch,Consumer,Platinum,2021-11-30,2021,RETURNING,True,MDM,2021-11-30 00:00:00,2026-04-17 15:58:43.382701
9b0fa977-0446-4498-b6df-b0922892d6d8,CUST-2019-NL-000016,Rosalie,Karels,Rosalie Karels,Female,1959-06-10,rosalie.karels@msn.com,(0500)-467786,Melissadreef 1,Harfsen,Papenvoort,3489 FE,NL,Netherlands,EMEA,Dutch,Consumer,None,2019-11-02,2019,RETURNING,True,MDM,2019-11-02,2026-04-17 15:58:43.382703
98409399-ba75-4bef-9847-bfce7d7ae83e,CUST-2019-NL-000128,Lucas,Willems,Lucas Willems,Female,1980-01-21,lucas.willems@hotmail.com,(0639) 740099,Sebastiaanweg 624,Rijkevoort-De Walsert,Doenrade,7583 KG,NL,Netherlands,EMEA,Dutch,Business,Platinum,2019-09-10,2019,RETURNING,True,MDM,2019-09-10,2026-04-17 15:58:43.382705
3b1d8e73-cc56-4119-87c8-7a36188c69b7,CUST-2019-NL-000100,Fedde,van Beek,Fedde van Beek,Male,1978-05-06,fedde.vanbeek@icloud.com,+31423 122549,Lieveboulevard 11,Marsum,Valkenburg,2274 UW,NL,Netherlands,EMEA,Dutch,Consumer,None,2019-01-29,2019,RETURNING,True,MDM,2019-01-29,2026-04-17 15:58:43.382707
9d30f3d7-2a1f-4bdb-a5de-80b47d9ab23a,CUST-2019-NL-000109,Sven,Pieters,Sven Pieters,Female,2004-05-18,sven.pieters@icloud.com,(059) 0300456,Jurrehof 7,Zuidschermer,Milsbeek,6267 XY,NL,Netherlands,EMEA,Dutch,Education,Silver,2019-08-18,2019,RETURNING,True,MDM,2019-08-18,2026-04-17 15:58:43.382712
1185a564-d77a-47cc-b589-2586f6613f56,CUST-2019-NL-000270,Nout,Nijman,Nout Nijman,Female,1998-05-10,nout.nijman@outlook.com,+3182 8001322,Woutlaan 9,Esch,Halfweg,2224 CL,NL,Netherlands,EMEA,Dutch,Consumer,Platinum,2019-03-24,2019,RETURNING,True,MDM,2019-03-24,2026-04-17 15:58:43.382713
6c95f3ff-be20-47f2-b8ef-83ed0a4f0d17,CUST-2022-NL-000085,Josephine,Loep,Josephine Loep,Male,1981-01-22,josephine.loep@zoho.com,+31(0)063 212059,Rikbaan 570,Bredevoort,Wijk aan Zee,4122 ZH,NL,Netherlands,EMEA,Dutch,Consumer,None,2022-05-29,2022,RETURNING,True,MDM,2022-05-29 00:00:00,2026-04-17 15:58:43.382715
587b7c60-4559-44e7-abdd-3ac4b230cbb1,CUST-2022-NL-000020,Sil,Weyland,Sil Weyland,Male,1954-04-11,sil.weyland@aol.com,+3156 2659698,Yasminsteeg 9,Roden,Nijhuizum,5824 LU,NL,Netherlands,EMEA,Dutch,Consumer,Gold,2022-09-10,2022,RETURNING,True,MDM,2022-09-10 00:00:00,2026-04-17 15:58:43.382716
32341792-5a2c-4369-b946-6dfd672a40cc,CUST-2020-NL-000004,Kyara,van Ham,Kyara van Ham,Male,1965-10-05,kyara.vanham@gmx.com,+31083-837269,Eliaslaan 14,Hoornaar,Bunne,3084NI,NL,Netherlands,EMEA,Dutch,Consumer,None,2020-03-20,2020,RETURNING,True,MDM,2020-03-20 00:00:00,2026-04-17 15:58:43.382718
73930100-761a-488e-82c9-fd1cb9ca1eb6,CUST-2020-NL-000038,Lena,Spiker,Lena Spiker,Female,1956-01-29,lena.spiker@gmail.com,(0383)-188754,Ilsesingel 6,Noordwolde,Buitenpost,4574IU,NL,Netherlands,EMEA,Dutch,Consumer,Gold,2020-04-15,2020,RETURNING,True,MDM,2020-04-15 00:00:00,2026-04-17 15:58:43.382719
3e103727-ad29-448e-8ecd-5a4771268b52,CUST-2022-NL-000098,Ayoub,Helmerhorst,Ayoub Helmerhorst,Male,1963-07-19,ayoub.helmerhorst@aol.com,+31(0)321-608571,Yasminweg 751,Elkenrade,Twijzelerheide,9720ZI,NL,Netherlands,EMEA,Dutch,Education,Gold,2022-08-05,2022,RETURNING,True,MDM,2022-08-05 00:00:00,2026-04-17 15:58:43.382721
6e713441-19f6-451a-ab4a-a37c6023c712,CUST-2022-NL-000013,Elize,Gepa van Bourgondië,Elize Gepa van Bourgondië,Male,1969-05-30,elize.gepavanbourgondi@zoho.com,059-8770743,Elisabethlaan 63,Kwadendamme,Vijfhuizen,5607XK,NL,Netherlands,EMEA,Dutch,Consumer,Silver,2022-02-09,2022,RETURNING,True,MDM,2022-02-09 00:00:00,2026-04-17 15:58:43.382722
d134d158-efdc-4344-a9dc-c50a60815165,CUST-2019-NL-000051,Cato,van Riet,Cato van Riet,Male,1982-10-03,cato.vanriet@zoho.com,0816 827242,Wesselboulevard 033,Venlo,Mander,9686 DZ,NL,Netherlands,EMEA,Dutch,Consumer,None,2019-04-06,2019,RETURNING,True,MDM,2019-04-06,2026-04-17 15:58:43.382724
8f34a037-d571-42fc-a11f-53df5e0c537d,CUST-2019-NL-000296,Juliette,van Noordeloos,Juliette van Noordeloos,Female,1999-01-22,juliette.vannoordeloos@gmx.com,0619-064026,Juuldreef 511,Heenvliet,Barchem,4086YI,NL,Netherlands,EMEA,Dutch,Business,None,2019-06-17,2019,RETURNING,True,MDM,2019-06-17,2026-04-17 15:58:43.382726
ed691fce-4fac-4510-984b-94f832e5d0e4,CUST-2021-NL-000107,Noëlle,Lansink,Noëlle Lansink,Female,1971-05-28,nolle.lansink914@zoho.com,+31(0)29 5458023,Adrianaweg 11,Froombosch,Houwerzijl,1894VT,NL,Netherlands,EMEA,Dutch,Consumer,None,2021-09-25,2021,RETURNING,True,MDM,2021-09-25 00:00:00,2026-04-17 15:58:43.382728
9778e00f-065b-41ec-af56-0c4cf51bfffa,CUST-2019-NL-000013,Kyra,van Saksen,Kyra van Saksen,Female,1968-08-09,kyra.vansaksen558@gmail.com,+31(0)10-4422467,Miloring 34,Nieuweroord,Haule,3951 QI,NL,Netherlands,EMEA,Dutch,Business,Silver,2019-12-30,2019,RETURNING,True,MDM,2019-12-30,2026-04-17 15:58:43.382729
4c407111-e528-475d-8ac0-623faea2324a,CUST-2020-NL-000055,Tycho,le Floch,Tycho le Floch,Female,1994-12-23,tycho.lefloch@yahoo.com,0838 820140,Joëllaan 004,Zoeterwoude,Boornzwaag,4540LP,NL,Netherlands,EMEA,Dutch,Consumer,None,2020-08-21,2020,RETURNING,True,MDM,2020-08-21 00:00:00,2026-04-17 15:58:43.382731
3c439564-ce31-4fe3-9893-e92864e3b7b8,CUST-2020-NL-000111,Ecrin,van de Elzas,Ecrin van de Elzas,Male,1967-07-02,ecrin.vandeelzas249@zoho.com,(077)-7468725,Dionboulevard 235,Schijndel,Sint Odiliënberg,8534 SG,NL,Netherlands,EMEA,Dutch,Consumer,None,2020-09-01,2020,RETURNING,True,MDM,2020-09-01 00:00:00,2026-04-17 15:58:43.382733
a445fc4e-5378-4b6f-9dfc-b09e7c0e9737,CUST-2019-NL-000200,Laurens,de Nijs,Laurens de Nijs,Male,1955-07-18,laurens.denijs@icloud.com,(0886) 112316,Quinnsingel 4,Amersfoort,Heenvliet,4988VE,NL,Netherlands,EMEA,Dutch,Consumer,None,2019-05-26,2019,RETURNING,True,MDM,2019-05-26,2026-04-17 15:58:43.382734
158d7619-04e1-43e6-9d03-04c9384a6883,CUST-2019-NL-000360,Emir,Spanhaak,Emir Spanhaak,Female,1997-05-26,emir.spanhaak@yahoo.com,0162 990801,Jariweg 75,Echt,Dordrecht,6705WB,NL,Netherlands,EMEA,Dutch,Consumer,Gold,2019-01-07,2019,RETURNING,True,MDM,2019-01-07,2026-04-17 15:58:43.382736
fe1663cc-e620-4ff1-8ab1-eb2b9527cdbc,CUST-2022-NL-000117,Elif,Maas,Elif Maas,Female,1999-10-06,elif.maas@live.com,+31(0)503 194128,Fienweg 19,Meijel,Boskoop,8573 NQ,NL,Netherlands,EMEA,Dutch,Consumer,None,2022-09-10,2022,RETURNING,True,MDM,2022-09-10 00:00:00,2026-04-17 15:58:43.382738
1313eed5-e0c0-4133-b1e1-7d38bd494d10,CUST-2021-NL-000126,Annemijn,Huel,Annemijn Huel,Female,1975-10-22,annemijn.huel@outlook.com,0322 685626,Teundreef 53,Koolwijk,Gellicum,4734 LG,NL,Netherlands,EMEA,Dutch,Consumer,None,2021-10-30,2021,RETURNING,True,MDM,2021-10-30 00:00:00,2026-04-17 15:58:43.382740
e0eeaf53-3408-40f9-8755-09837ddecef0,CUST-2019-NL-000195,Vigo,van Allemanië,Vigo van Allemanië,Male,1957-11-09,vigo.vanallemani936@mail.com,+3120 6572986,Elladreef 434,Loo Gld,Oudeschoot,3868YQ,NL,Netherlands,EMEA,Dutch,Consumer,Gold,2019-05-23,2019,RETURNING,False,MDM,2019-05-23,2026-04-17 15:58:43.382741
19092bf7-6618-4022-9e40-741743ae7fab,CUST-2022-NL-000005,Ecrin,Kathagen,Ecrin Kathagen,Female,1990-07-11,ecrin.kathagen@aol.com,061-4517485,Rayanhof 2,Randwijk,Swifterbant,2995 XQ,NL,Netherlands,EMEA,Dutch,Consumer,None,2022-03-23,2022,RETURNING,True,MDM,2022-03-23 00:00:00,2026-04-17 15:58:43.382743
a58a1aae-ef51-42bd-8f6a-e185cfe7d51e,CUST-2020-NL-000006,Cornelia,Rubben,Cornelia Rubben,Female,1975-06-19,cornelia.rubben@zoho.com,+31(0)703 545887,Xaviring 737,Beltrum,Noordhorn,6474 FW,NL,Netherlands,EMEA,Dutch,Business,Gold,2020-04-07,2020,RETURNING,True,MDM,2020-04-07 00:00:00,2026-04-17 15:58:43.382744
685f64ac-d73c-44d7-bb44-de101f13b737,CUST-2022-NL-000092,Amber,Soos,Amber Soos,Female,2002-10-13,amber.soos@mail.com,+31901-274751,Dinaring 29,Soest,Lent,3872CY,NL,Netherlands,EMEA,Dutch,Business,Platinum,2022-04-11,2022,RETURNING,True,MDM,2022-04-11 00:00:00,2026-04-17 15:58:43.382746
6e07ee0d-797b-4b2e-a8f4-75075bbc58df,CUST-2019-NL-000333,Floor,de Keijzer,Floor de Keijzer,Male,1981-01-11,floor.dekeijzer@outlook.com,+3169-7268133,Aiméestraat 98,Koolwijk,Jaarsveld,9848RM,NL,Netherlands,EMEA,Dutch,Business,None,2019-07-14,2019,RETURNING,True,MDM,2019-07-14,2026-04-17 15:58:43.382747
5978ffa2-2e33-49b4-b250-64ed782a124d,CUST-2020-NL-000056,Jill,Driessen,Jill Driessen,Female,1968-01-29,jill.driessen@gmail.com,(069) 1223345,Mustafastraat 0,Hauwert,Aalten,7212 YE,NL,Netherlands,EMEA,Dutch,Education,None,2020-04-29,2020,RETURNING,True,MDM,2020-04-29 00:00:00,2026-04-17 15:58:43.382749
4cf55111-89e1-4355-a656-da19cd8455a1,CUST-2019-NL-000208,Maarten,Klerks,Maarten Klerks,Female,2002-03-16,maarten.klerks@hotmail.com,+31(0)942 206919,Lizzydreef 364,Boekel,Ilpendam,3353 AK,NL,Netherlands,EMEA,Dutch,Education,None,2019-11-05,2019,RETURNING,True,MDM,2019-11-05,2026-04-17 15:58:43.382751
1fbe9503-2b53-4f06-bccd-949e9fe78f6c,CUST-2022-NL-000062,Rens,Recers,Rens Recers,Female,1962-05-30,rens.recers@mail.com,+3115 0634050,Ilsebaan 663,Urk,Luyksgestel,7877CD,NL,Netherlands,EMEA,Dutch,Consumer,Silver,2022-01-12,2022,RETURNING,True,MDM,2022-01-12 00:00:00,2026-04-17 15:58:43.382752
2b1e70d5-2958-4373-87e4-3bd9aca727a5,CUST-2021-NL-000075,Mick,Courtier,Mick Courtier,Female,1955-12-30,mick.courtier@hotmail.com,+31(0)954 910032,Lisaboulevard 70,Oosterhesselen,Vogelwaarde,6671 KT,NL,Netherlands,EMEA,Dutch,Consumer,None,2021-06-11,2021,RETURNING,True,MDM,2021-06-11 00:00:00,2026-04-17 15:58:43.382754
a37ffa81-9eaa-4515-b61f-6a2bc231002b,CUST-2019-NL-000361,Sepp,Vertooren,Sepp Vertooren,Male,1967-07-10,sepp.vertooren@hotmail.com,0149-152769,Elizabethsingel 291,Zeddam,Lievelde,1028 BX,NL,Netherlands,EMEA,Dutch,Consumer,Silver,2019-11-19,2019,RETURNING,True,MDM,2019-11-19,2026-04-17 15:58:43.382755
7dc54c3c-86fc-42b7-a123-b1d955b8b567,CUST-2020-NL-000034,Sven,van den Nuwenhuysen,Sven van den Nuwenhuysen,Female,2005-08-23,sven.vandennuwenhuysen90@icloud.com,0876 927365,Jobstraat 80,Homoet,Westergeest,1013 VW,NL,Netherlands,EMEA,Dutch,Business,Platinum,2020-04-06,2020,RETURNING,True,MDM,2020-04-06 00:00:00,2026-04-17 15:58:43.382757
70e76496-1e62-411a-b609-8ebf8afc5b5e,CUST-2020-NL-000024,Vajèn,Zwart,Vajèn Zwart,Female,1968-03-01,vajn.zwart633@protonmail.com,+31839-422548,Fabiënnelaan 09,Blauwestad,Nieuw Heeten,6249RO,NL,Netherlands,EMEA,Dutch,Business,Platinum,2020-08-06,2020,RETURNING,True,MDM,2020-08-06 00:00:00,2026-04-17 15:58:43.382758
d70d420b-4cd7-4b02-90c6-1ea839f89c93,CUST-2019-NL-000185,Thijs,Langevoort,Thijs Langevoort,Female,1974-03-29,thijs.langevoort724@gmail.com,+31(0)463 649611,Elinbaan 9,Waardenburg,Hoevelaken,8340 XV,NL,Netherlands,EMEA,Dutch,Consumer,Gold,2019-11-13,2019,RETURNING,True,MDM,2019-11-13,2026-04-17 15:58:43.382763
47ec6f32-5dc5-4698-a548-00779c13ef43,CUST-2022-NL-000045,Esila,van Nus,Esila van Nus,Female,1978-10-06,esila.vannus@mail.com,066 6203786,Jillpad 291,Nigtevecht,Gorinchem,4872KN,NL,Netherlands,EMEA,Dutch,Consumer,Gold,2022-01-05,2022,RETURNING,True,MDM,2022-01-05 00:00:00,2026-04-17 15:58:43.382765
12b9ae3f-a161-441f-818e-ce570cd40749,CUST-2019-NL-000170,Aaron,Everde,Aaron Everde,Female,1965-04-17,aaron.everde@mail.com,+31(0)09-6940333,Sannepad 55,Mûnein,Strijen,3238YS,NL,Netherlands,EMEA,Dutch,Consumer,Gold,2019-05-05,2019,RETURNING,True,MDM,2019-05-05,2026-04-17 15:58:43.382766
5edba028-586f-40a0-b6ea-1282ce945eee,CUST-2022-NL-000091,Linn,Spier,Linn Spier,Male,1961-06-06,linn.spier@aol.com,(000) 0904390,Josephineboulevard 500,Zelhem,Holthees,7245LY,NL,Netherlands,EMEA,Dutch,Consumer,None,2022-01-08,2022,RETURNING,True,MDM,2022-01-08 00:00:00,2026-04-17 15:58:43.382768
a7a6a7d8-d16c-4c9f-8dc7-8152d1c1e4d7,CUST-2019-NL-000315,Suze,Pastoors,Suze Pastoors,Male,1965-09-15,suze.pastoors423@gmail.com,(074)-7974619,Elizedreef 32,Wervershoof,Zevenaar,8438 EW,NL,Netherlands,EMEA,Dutch,Education,None,2019-01-20,2019,RETURNING,True,MDM,2019-01-20,2026-04-17 15:58:43.382770
b629959e-9bfe-4923-8d1e-fdd6d17805b3,CUST-2021-NL-000051,Isis,Berendse,Isis Berendse,Male,1960-03-14,isis.berendse@mail.com,(0837)-399437,Matthiasstraat 858,Steensel,Waalwijk,6793PG,NL,Netherlands,EMEA,Dutch,Business,None,2021-01-05,2021,RETURNING,True,MDM,2021-01-05 00:00:00,2026-04-17 15:58:43.382772
5f99b3bc-11ec-4dc8-9d6a-ab8c40b771bb,CUST-2019-NL-000181,Mila,Lansink,Mila Lansink,Male,1983-06-19,mila.lansink@zoho.com,+31(0)373-771203,Jesperring 082,Houtigehage,Uffelte,5919 DF,NL,Netherlands,EMEA,Dutch,Consumer,None,2019-12-26,2019,RETURNING,True,MDM,2019-12-26,2026-04-17 15:58:43.382774
381c1689-9f72-471d-bfed-60c922817743,CUST-2020-NL-000120,Saar,van den Brand,Saar van den Brand,Female,1991-01-25,saar.vandenbrand8@icloud.com,+3112-7028634,Stijnweg 665,Heteren,Beesel,4075TO,NL,Netherlands,EMEA,Dutch,Consumer,Gold,2020-09-22,2020,RETURNING,True,MDM,2020-09-22 00:00:00,2026-04-17 15:58:43.382775
d83fd513-eecb-4027-beda-31a2a2172d1b,CUST-2021-NL-000116,Victoria,Boer,Victoria Boer,Male,2002-02-09,victoria.boer676@gmx.com,+31458 265040,Dirkbaan 7,Franeker,Epen,9986YM,NL,Netherlands,EMEA,Dutch,Consumer,Silver,2021-09-28,2021,RETURNING,True,MDM,2021-09-28 00:00:00,2026-04-17 15:58:43.382780
d6b6353e-6867-4d4e-aba2-b173dd0bc10c,CUST-2022-NL-000101,Seth,Verbruggen,Seth Verbruggen,Female,1981-02-09,seth.verbruggen@gmx.com,(051) 3321779,Imkebaan 984,Wier,Moergestel,5027 QW,NL,Netherlands,EMEA,Dutch,Consumer,Silver,2022-04-04,2022,RETURNING,True,MDM,2022-04-04 00:00:00,2026-04-17 15:58:43.382781
ab77bc7e-f86d-4f06-b2f8-01861001010f,CUST-2022-NL-000042,Keano,Chrodtrud,Keano Chrodtrud,Male,1964-08-18,keano.chrodtrud997@gmx.com,0594 672345,Ellaboulevard 42,Sint Annen,Tiendeveen,6804NI,NL,Netherlands,EMEA,Dutch,Consumer,None,2022-06-12,2022,RETURNING,True,MDM,2022-06-12 00:00:00,2026-04-17 15:58:43.382783
b418eca7-e584-4508-a3fb-1094ffc40fda,CUST-2019-NL-000398,Daniël,van der Sande,Daniël van der Sande,Male,1961-12-08,danil.vandersande@aol.com,(011) 6573518,Rafaelpad 249,Bedum,Vasse,2294 DD,NL,Netherlands,EMEA,Dutch,Consumer,Silver,2019-10-08,2019,RETURNING,True,MDM,2019-10-08,2026-04-17 15:58:43.382785
17645a67-1feb-40c4-a085-a30796b8dc0b,CUST-2019-NL-000307,Jenna,de Marduras,Jenna de Marduras,Male,1970-03-13,jenna.demarduras@live.com,088 3320000,Maaikesingel 02,Callantsoog,Lippenhuizen,3369 QK,NL,Netherlands,EMEA,Dutch,Business,None,2019-11-11,2019,RETURNING,True,MDM,2019-11-11,2026-04-17 15:58:43.382786
3a37044a-ca47-40d9-aa5f-f2a17ec4bb17,CUST-2019-NL-000211,Indy,van Haspengouw,Indy van Haspengouw,Female,1988-01-18,indy.vanhaspengouw801@zoho.com,+31(0)343 661087,Dylansteeg 66,Houtigehage,Uithuizen,7229 CQ,NL,Netherlands,EMEA,Dutch,Consumer,None,2019-12-25,2019,RETURNING,True,MDM,2019-12-25,2026-04-17 15:58:43.382788
6eb34bcc-7659-4026-a060-92ecbbd019aa,CUST-2022-NL-000140,Floortje,Cosman,Floortje Cosman,Female,1967-05-18,floortje.cosman825@gmx.com,(033)-7441231,Sannering 814,Ter Heijde,Nieuwerkerk,8606RE,NL,Netherlands,EMEA,Dutch,Business,Silver,2022-01-20,2022,RETURNING,True,MDM,2022-01-20 00:00:00,2026-04-17 15:58:43.382790
da7c8a6d-1d2d-4030-872c-9992bbd02efd,CUST-2021-NL-000096,Fedde,Jones,Fedde Jones,Female,1962-11-25,fedde.jones@outlook.com,012-6627644,Mickpad 323,Jaarsveld,Weiteveen,3506NI,NL,Netherlands,EMEA,Dutch,Consumer,None,2021-11-20,2021,RETURNING,True,MDM,2021-11-20 00:00:00,2026-04-17 15:58:43.382791
1e38a9b5-3060-4c78-91c1-3cc4c0609e5d,CUST-2020-NL-000027,Laura,Janssen,Laura Janssen,Female,1978-02-08,laura.janssen@mail.com,0897 452959,Sjoerdlaan 533,Soerendonk,Den Andel,4304TA,NL,Netherlands,EMEA,Dutch,Business,Platinum,2020-04-30,2020,RETURNING,True,MDM,2020-04-30 00:00:00,2026-04-17 15:58:43.382793
b95ea67a-44d1-46eb-8011-00578593941c,CUST-2022-NL-000058,Suus,van den Pol,Suus van den Pol,Female,2007-07-05,suus.vandenpol@outlook.com,(041)-9383177,Tirzastraat 063,Nijeveen,Soesterberg,2689 IK,NL,Netherlands,EMEA,Dutch,Consumer,Gold,2022-11-09,2022,RETURNING,False,MDM,2022-11-09 00:00:00,2026-04-17 15:58:43.382794
f61d16ab-0068-4250-856d-e5064a9df597,CUST-2022-NL-000031,Levi,Fiere,Levi Fiere,Male,1978-04-03,levi.fiere@gmail.com,(0532)-515722,Joostsingel 9,Haule,Daarlerveen,2385CW,NL,Netherlands,EMEA,Dutch,Business,Platinum,2022-08-13,2022,RETURNING,True,MDM,2022-08-13 00:00:00,2026-04-17 15:58:43.382796
45ae3b62-a1ff-43eb-941d-ac184054fb31,CUST-2019-NL-000365,Nora,Jacobs,Nora Jacobs,Male,1954-08-03,nora.jacobs@live.com,(0484)-031249,Larsstraat 57,Nijlande,Breezand,8016 FC,NL,Netherlands,EMEA,Dutch,Consumer,None,2019-11-20,2019,RETURNING,True,MDM,2019-11-20,2026-04-17 15:58:43.382797
00026d53-119a-40c5-8d19-2c801ad722a8,CUST-2022-NL-000053,Simon,Lagerweij,Simon Lagerweij,Male,1966-04-10,simon.lagerweij@gmail.com,(046) 5827632,Sennasteeg 75,Haghorst,Wirdum,1801YS,NL,Netherlands,EMEA,Dutch,Consumer,None,2022-10-22,2022,RETURNING,True,MDM,2022-10-22 00:00:00,2026-04-17 15:58:43.382799
d3049575-22b3-4d22-b76b-8c15279151e5,CUST-2019-NL-000391,Dina,Elberts,Dina Elberts,Female,1967-11-05,dina.elberts@hotmail.com,+31692 974136,Jessesingel 65,Denekamp,Meppel,4223NY,NL,Netherlands,EMEA,Dutch,Business,Gold,2019-10-12,2019,RETURNING,True,MDM,2019-10-12,2026-04-17 15:58:43.382800
ce79079e-dfd9-41f0-ac70-2643aaeaa727,CUST-2019-NL-000131,Roos,Bierstraten,Roos Bierstraten,Male,1964-06-01,roos.bierstraten871@protonmail.com,035-5481464,Tychohof 901,Valburg,Steyl,3199CP,NL,Netherlands,EMEA,Dutch,Consumer,None,2019-12-03,2019,RETURNING,True,MDM,2019-12-03,2026-04-17 15:58:43.382802
81ab68d2-fe85-4917-b98c-b6320daf0e9e,CUST-2022-NL-000107,Aylin,van de Kooij,Aylin van de Kooij,Female,2005-11-29,aylin.vandekooij489@yahoo.com,(002)-5242618,Elinelaan 536,Haghorst,Aardenburg,5876KV,NL,Netherlands,EMEA,Dutch,Consumer,Gold,2022-07-29,2022,RETURNING,True,MDM,2022-07-29 00:00:00,2026-04-17 15:58:43.382804
9b5c1acb-b635-4773-98fd-ae432db19c6b,CUST-2019-NL-000160,Robin,van Spreeuwel,Robin van Spreeuwel,Female,1982-03-11,robin.vanspreeuwel@msn.com,0027 654414,Noasingel 174,De Rips,Nieuwolda,4858SW,NL,Netherlands,EMEA,Dutch,Consumer,None,2019-03-26,2019,RETURNING,True,MDM,2019-03-26,2026-04-17 15:58:43.382805
cbca91a1-8457-45d3-b818-eeb27dc5856f,CUST-2020-NL-000020,Hendrik,Blewanus,Hendrik Blewanus,Male,1993-01-26,hendrik.blewanus@gmx.com,+31(0)769-883600,Lizaboulevard 437,Meterik,Scheerwolde,6037QD,NL,Netherlands,EMEA,Dutch,Consumer,None,2020-04-18,2020,RETURNING,True,MDM,2020-04-18 00:00:00,2026-04-17 15:58:43.382807
31de3678-5f70-4b2c-8257-1eda04f25f49,CUST-2022-NL-000056,Elizabeth,van der Heyden,Elizabeth van der Heyden,Male,1981-01-04,elizabeth.vanderheyden@gmx.com,+31(0)40-5445144,Robinpad 5,Lippenhuizen,Hoofddorp,6666 MN,NL,Netherlands,EMEA,Dutch,Consumer,Silver,2022-08-04,2022,RETURNING,True,MDM,2022-08-04 00:00:00,2026-04-17 15:58:43.382808
4c8319dd-9bf1-4454-b16e-b8f7eda66370,CUST-2021-NL-000068,Mart,Van Bragt,Mart Van Bragt,Male,1967-11-21,mart.vanbragt@gmail.com,0393-523019,Elinring 19,Hengelo,Molenschot,1651 OQ,NL,Netherlands,EMEA,Dutch,Business,None,2021-08-02,2021,RETURNING,True,MDM,2021-08-02 00:00:00,2026-04-17 15:58:43.382811
21d786c0-61ef-44a9-84be-ea0abddc658f,CUST-2022-NL-000033,Lizz,Nieuwstraten,Lizz Nieuwstraten,Male,1995-01-18,lizz.nieuwstraten609@live.com,+31025-403864,Mustafapad 81,Rijkevoort-De Walsert,Mookhoek,2657OL,NL,Netherlands,EMEA,Dutch,Consumer,None,2022-02-24,2022,RETURNING,True,MDM,2022-02-24 00:00:00,2026-04-17 15:58:43.382812
974e9ddf-930b-45d2-aaa4-cbf77361e87f,CUST-2022-NL-000059,Kai,Lansink,Kai Lansink,Male,1952-08-30,kai.lansink883@zoho.com,(055)-3509736,Kyrastraat 97,Staphorst,Rheeze,9244 AS,NL,Netherlands,EMEA,Dutch,Consumer,None,2022-12-08,2022,RETURNING,True,MDM,2022-12-08 00:00:00,2026-04-17 15:58:43.382814
1e2f5c05-ce9e-4395-9130-a3476082be14,CUST-2022-NL-000076,Sophie,Knoers,Sophie Knoers,Female,1974-06-22,sophie.knoers@zoho.com,+31(0)89 3367997,Bartlaan 683,Mill,Ellewoutsdijk,7536 IP,NL,Netherlands,EMEA,Dutch,Consumer,None,2022-10-09,2022,RETURNING,False,MDM,2022-10-09 00:00:00,2026-04-17 15:58:43.382816
490c1bc9-cdd0-4a1e-bafa-4c8691163a52,CUST-2019-NL-000061,Noa,Mosley,Noa Mosley,Male,1985-12-02,noa.mosley@live.com,+31(0)19 8981030,Dewisteeg 576,Herpt,Nieuwerbrug aan den Rijn,4508 UF,NL,Netherlands,EMEA,Dutch,Consumer,None,2019-03-29,2019,RETURNING,True,MDM,2019-03-29,2026-04-17 15:58:43.382818
7095be84-af5a-47d9-b8d9-480bc2eb02dd,CUST-2021-NL-000004,Tess,die Witte,Tess die Witte,Male,1987-05-14,tess.diewitte@mail.com,+31505 473160,Julianpad 3,Haelen,Noardburgum,7905 XV,NL,Netherlands,EMEA,Dutch,Consumer,Platinum,2021-12-04,2021,RETURNING,True,MDM,2021-12-04 00:00:00,2026-04-17 15:58:43.382819
d864fad3-19e1-4444-b162-3ca211340d0f,CUST-2022-NL-000110,Jinthe,van Gorp,Jinthe van Gorp,Male,1988-02-03,jinthe.vangorp205@msn.com,+31(0)437-896964,Amelialaan 639,Nieuweschoot,Lent,7632 LX,NL,Netherlands,EMEA,Dutch,Business,None,2022-03-30,2022,RETURNING,True,MDM,2022-03-30 00:00:00,2026-04-17 15:58:43.382821
70b32d15-20e9-4995-9628-84426a2b2b5e,CUST-2019-NL-000262,Mirte,Driessen,Mirte Driessen,Male,1966-11-05,mirte.driessen@protonmail.com,+31(0)508-205451,Simonbaan 2,Biggekerke,Iens,1387FA,NL,Netherlands,EMEA,Dutch,Consumer,None,2019-02-23,2019,RETURNING,True,MDM,2019-02-23,2026-04-17 15:58:43.382822
51197ae3-d996-492d-9a14-c7bf32621b2e,CUST-2019-NL-000234,Dylano,Knuf,Dylano Knuf,Male,1966-05-03,dylano.knuf412@live.com,+31(0)98-2843762,Giovannisteeg 27,'t Zand,Borgercompagnie,5921KQ,NL,Netherlands,EMEA,Dutch,Education,Gold,2019-05-27,2019,RETURNING,True,MDM,2019-05-27,2026-04-17 15:58:43.382824
89a1934a-2bb8-416d-a755-7f3d6380a7c8,CUST-2019-NL-000313,Liz,Aeije,Liz Aeije,Female,1991-03-31,liz.aeije@aol.com,(0380)-024080,Julianring 782,Zwaanshoek,Beers NB,5663EH,NL,Netherlands,EMEA,Dutch,Consumer,None,2019-04-04,2019,RETURNING,True,MDM,2019-04-04,2026-04-17 15:58:43.382826
09cf50eb-3849-479a-81ca-fee23e6efaac,CUST-2021-NL-000081,Ise,de Vroege,Ise de Vroege,Male,1973-11-27,ise.devroege442@icloud.com,+31242 834205,Janbaan 10,Waalre,Lierop,2545LU,NL,Netherlands,EMEA,Dutch,Consumer,Silver,2021-07-07,2021,RETURNING,True,MDM,2021-07-07 00:00:00,2026-04-17 15:58:43.382827
54de2861-5b01-4457-b76a-083a7671f1bd,CUST-2019-NL-000327,Wouter,van der Maes,Wouter van der Maes,Female,1993-11-09,wouter.vandermaes@aol.com,+31129-787383,Rubensteeg 9,Bennekom,Buitenpost,5946KJ,NL,Netherlands,EMEA,Dutch,Consumer,None,2019-02-07,2019,RETURNING,False,MDM,2019-02-07,2026-04-17 15:58:43.382832
9e777678-721a-49be-8cc5-6296ee426b21,CUST-2019-NL-000231,Dani,van Dillen,Dani van Dillen,Male,2000-11-18,dani.vandillen@icloud.com,+3116-8982611,Nisastraat 6,Etten,Feinsum,1660OZ,NL,Netherlands,EMEA,Dutch,Business,None,2019-04-14,2019,RETURNING,True,MDM,2019-04-14,2026-04-17 15:58:43.382833
337011f7-db5c-4e31-99eb-11a0e52ee0d1,CUST-2021-NL-000079,Rik,van der Heijden,Rik van der Heijden,Female,1950-06-15,rik.vanderheijden@icloud.com,+31(0)434 126771,Victoriastraat 8,Grave,Westwoud,3497ZZ,NL,Netherlands,EMEA,Dutch,Consumer,Gold,2021-06-21,2021,RETURNING,True,MDM,2021-06-21 00:00:00,2026-04-17 15:58:43.382835
8877bb2c-8269-4e18-a141-2fbcd4398b2b,CUST-2022-NL-000082,Lotte,Lether,Lotte Lether,Male,1975-10-06,lotte.lether24@yahoo.com,+31(0)968 479744,Ayoubdreef 11,Brielle,Overloon,9668 IL,NL,Netherlands,EMEA,Dutch,Consumer,None,2022-10-15,2022,RETURNING,True,MDM,2022-10-15 00:00:00,2026-04-17 15:58:43.382837
75339448-bdf5-447c-91c9-5a6924510a64,CUST-2022-NL-000090,Laura,de Jong,Laura de Jong,Male,1990-12-24,laura.dejong896@aol.com,+31455 620256,Bryanhof 895,Ternaard,Roderesch,7324 EP,NL,Netherlands,EMEA,Dutch,Consumer,Silver,2022-12-01,2022,RETURNING,True,MDM,2022-12-01 00:00:00,2026-04-17 15:58:43.382838
2d8a8dcf-a3b0-4c5e-ae7b-90d93a847cad,CUST-2020-NL-000127,Oscar,Mangel,Oscar Mangel,Male,2002-04-05,oscar.mangel596@hotmail.com,097-7522408,Valentijnring 7,Beringe,Makkinga,8483NY,NL,Netherlands,EMEA,Dutch,Consumer,None,2020-05-19,2020,RETURNING,True,MDM,2020-05-19 00:00:00,2026-04-17 15:58:43.382840
e0cb9476-db2c-4f2d-af53-0a6ea26b2ff4,CUST-2021-NL-000091,Hamza,van den Heuvel,Hamza van den Heuvel,Female,1968-04-26,hamza.vandenheuvel@gmx.com,045 5716694,Hannaring 64,Elst Ut,Losdorp,7351CY,NL,Netherlands,EMEA,Dutch,Consumer,None,2021-10-26,2021,RETURNING,True,MDM,2021-10-26 00:00:00,2026-04-17 15:58:43.382842
4d7a7ef8-5876-4dd0-ac8a-e819fd6e8c63,CUST-2019-NL-000065,Joep,Heinrichs,Joep Heinrichs,Male,1977-07-23,joep.heinrichs@aol.com,0480-211833,Kyanoboulevard 46,Dussen,Zaandam,8796OV,NL,Netherlands,EMEA,Dutch,Consumer,None,2019-03-03,2019,RETURNING,True,MDM,2019-03-03,2026-04-17 15:58:43.382843
21dc2b74-2761-46fa-8584-1468432f1368,CUST-2019-NL-000054,Nout,Veenendaal,Nout Veenendaal,Male,2005-10-20,nout.veenendaal@protonmail.com,089 1163057,Yinthestraat 64,Heukelum,Ommel,2509 PM,NL,Netherlands,EMEA,Dutch,Consumer,Gold,2019-11-19,2019,RETURNING,True,MDM,2019-11-19,2026-04-17 15:58:43.382845
3ec831e8-ece8-4c2a-9e3b-609a6ba76f6a,CUST-2019-NL-000348,Femke,Wutke,Femke Wutke,Female,1959-11-06,femke.wutke@msn.com,+31(0)53 1926003,Linastraat 662,Taarlo,Linden,7000PA,NL,Netherlands,EMEA,Dutch,Consumer,None,2019-01-15,2019,RETURNING,True,MDM,2019-01-15,2026-04-17 15:58:43.382847
5ffd2352-ca94-4303-8028-8eb308b64fb3,CUST-2019-NL-000331,Tycho,Doyle,Tycho Doyle,Male,1960-01-02,tycho.doyle@yahoo.com,+3192 0061939,Anoukstraat 7,Drachten,Oudenbosch,3104 EF,NL,Netherlands,EMEA,Dutch,Consumer,Silver,2019-12-27,2019,RETURNING,True,MDM,2019-12-27,2026-04-17 15:58:43.382848
ca7f965a-33d7-4fb2-8b31-ab37b692c053,CUST-2022-NL-000044,Sam,Rotteveel,Sam Rotteveel,Male,1980-11-03,sam.rotteveel@zoho.com,+31(0)306 267607,Koenpad 863,Cothen,Bourtange,4085 TX,NL,Netherlands,EMEA,Dutch,Education,Silver,2022-11-08,2022,RETURNING,True,MDM,2022-11-08 00:00:00,2026-04-17 15:58:43.382850
6acc74e8-4c43-4539-b27a-31cb1a941819,CUST-2019-NL-000243,Luca,Walsteijn,Luca Walsteijn,Female,1979-05-08,luca.walsteijn@protonmail.com,(0693) 784615,Pepijnstraat 845,Zevenaar,Goingarijp,8013 NB,NL,Netherlands,EMEA,Dutch,Education,Silver,2019-10-29,2019,RETURNING,True,MDM,2019-10-29,2026-04-17 15:58:43.382851
f5b16d31-08fd-4bc8-be83-ee6a02ba0c20,CUST-2021-NL-000017,Dave,de Keijser,Dave de Keijser,Female,1980-11-12,dave.dekeijser@live.com,(0456) 368632,Noraboulevard 560,Landsmeer,Rotterdam,8954SV,NL,Netherlands,EMEA,Dutch,Consumer,Silver,2021-06-27,2021,RETURNING,True,MDM,2021-06-27 00:00:00,2026-04-17 15:58:43.382853
506f6905-b812-434b-ae5b-95234d058a68,CUST-2021-NL-000072,James,van Duyvenvoorde,James van Duyvenvoorde,Female,2006-12-20,james.vanduyvenvoorde@mail.com,+3145-7435488,Leahweg 15,Schinnen,Idzega,1285TV,NL,Netherlands,EMEA,Dutch,Consumer,Platinum,2021-09-10,2021,RETURNING,True,MDM,2021-09-10 00:00:00,2026-04-17 15:58:43.382854
a93d894d-12f8-4ba5-9374-308794c2d68e,CUST-2021-NL-000028,Livia,Vastenhouw,Livia Vastenhouw,Female,1959-09-14,livia.vastenhouw968@outlook.com,+31(0)73-8398296,Noëllesteeg 19,Spijkerboor,Bosch en Duin,4069MB,NL,Netherlands,EMEA,Dutch,Consumer,Silver,2021-05-09,2021,RETURNING,True,MDM,2021-05-09 00:00:00,2026-04-17 15:58:43.382855
8ee9580d-f0ee-45fd-a288-44d20de06060,CUST-2021-NL-000037,Lukas,Adelaar,Lukas Adelaar,Female,1997-03-04,lukas.adelaar@outlook.com,+31(0)739-661541,Hannasteeg 134,Benneveld,Nieuw-Beijerland,7173LH,NL,Netherlands,EMEA,Dutch,Consumer,None,2021-10-20,2021,RETURNING,True,MDM,2021-10-20 00:00:00,2026-04-17 15:58:43.382858
bb652acb-5ac1-493e-9174-3e1a65cdfdb2,CUST-2022-NL-000129,Sophie,van Luinenburg,Sophie van Luinenburg,Male,1953-05-27,sophie.vanluinenburg@gmail.com,0152 830201,Melissastraat 3,Emmeloord,Hulten,8234 SF,NL,Netherlands,EMEA,Dutch,Business,Gold,2022-05-09,2022,RETURNING,False,MDM,2022-05-09 00:00:00,2026-04-17 15:58:43.382859
4ae7d257-ca4e-4f51-86f8-77385249e2c9,CUST-2019-NL-000253,Faye,van Emmelen,Faye van Emmelen,Male,1997-05-08,faye.vanemmelen658@gmx.com,(084) 9168956,Youssefbaan 070,Bant,Oosterwolde Gld,8566PE,NL,Netherlands,EMEA,Dutch,Consumer,Platinum,2019-01-24,2019,RETURNING,True,MDM,2019-01-24,2026-04-17 15:58:43.382860
f518c975-e370-48ad-bd05-ab72a93abe12,CUST-2021-NL-000086,Maxim,Waltrade Walderade,Maxim Waltrade Walderade,Female,1990-01-06,maxim.waltradewalderade230@protonmail.com,(0505)-015361,Valerielaan 13,Hekendorp,Noordscheschut,4801 MZ,NL,Netherlands,EMEA,Dutch,Consumer,Silver,2021-01-18,2021,RETURNING,True,MDM,2021-01-18 00:00:00,2026-04-17 15:58:43.382862
15ebd440-2d46-42b1-a161-255b839f2934,CUST-2022-NL-000065,Lars,Vegt,Lars Vegt,Female,1982-04-09,lars.vegt@live.com,+31(0)166-934921,Jornsingel 12,Margraten,Bocholtz,4380EO,NL,Netherlands,EMEA,Dutch,Consumer,None,2022-08-05,2022,RETURNING,False,MDM,2022-08-05 00:00:00,2026-04-17 15:58:43.382864
3bbb2401-c311-4a1b-87a0-0210cdace937,CUST-2020-NL-000119,Ceylin,van 't Riet,Ceylin van 't Riet,Female,2001-01-02,ceylin.van'triet@aol.com,(0805)-980475,Justindreef 306,Wesepe,Noordscheschut,6005WF,NL,Netherlands,EMEA,Dutch,Consumer,Platinum,2020-10-11,2020,RETURNING,True,MDM,2020-10-11 00:00:00,2026-04-17 15:58:43.382865
dfc56b59-c233-4554-8125-379840f91a54,CUST-2022-NL-000004,Ravi,Scharroo,Ravi Scharroo,Female,1954-07-14,ravi.scharroo@protonmail.com,+31(0)466-215015,Catharinadreef 63,De Goorn,Oost-Souburg,5534MZ,NL,Netherlands,EMEA,Dutch,Consumer,Silver,2022-12-28,2022,RETURNING,True,MDM,2022-12-28 00:00:00,2026-04-17 15:58:43.382866
813d43cf-6fe4-4e86-8978-c55b7508dd21,CUST-2020-NL-000009,Jonathan,van Hulten,Jonathan van Hulten,Male,1986-06-18,jonathan.vanhulten@mail.com,+31(0)378-448181,Rensboulevard 43,De Waal,Rotterdam-Albrandswaard,1052BC,NL,Netherlands,EMEA,Dutch,Business,Gold,2020-02-04,2020,RETURNING,True,MDM,2020-02-04 00:00:00,2026-04-17 15:58:43.382868
571ea0cd-1a2d-458c-9b9c-033300d4dd9e,CUST-2020-NL-000061,Bjorn,Spiker,Bjorn Spiker,Female,1954-05-07,bjorn.spiker286@protonmail.com,(0405)-199835,Jackstraat 70,Eethen,Gastel,3363 CB,NL,Netherlands,EMEA,Dutch,Consumer,Silver,2020-03-08,2020,RETURNING,True,MDM,2020-03-08 00:00:00,2026-04-17 15:58:43.382869
87cb59a1-353e-4dbc-8376-37c9213d141c,CUST-2022-NL-000072,Seth,Stuivenberg,Seth Stuivenberg,Female,1995-11-29,seth.stuivenberg@yahoo.com,+31(0)87 2080510,Tijsdreef 386,Munnekezijl,Dearsum,2718 MR,NL,Netherlands,EMEA,Dutch,Consumer,None,2022-09-23,2022,RETURNING,True,MDM,2022-09-23 00:00:00,2026-04-17 15:58:43.382875
e5dc6a3d-aae7-441d-b6ca-9c5c46f48a65,CUST-2020-NL-000051,Jonathan,Lamore,Jonathan Lamore,Female,1952-06-30,jonathan.lamore@hotmail.com,(045)-3941753,Zoeyring 06,Sevenum,Damwâld,5653VW,NL,Netherlands,EMEA,Dutch,Consumer,Platinum,2020-03-27,2020,RETURNING,True,MDM,2020-03-27 00:00:00,2026-04-17 15:58:43.382877
fb5c90a6-18b9-402e-8f7a-b6d67e53ed56,CUST-2021-NL-000094,Jayson,Heijmans,Jayson Heijmans,Female,1964-06-28,jayson.heijmans@zoho.com,(068)-8783377,Julianhof 831,Laag Zuthem,Amersfoort,2918YC,NL,Netherlands,EMEA,Dutch,Consumer,Gold,2021-06-07,2021,RETURNING,False,MDM,2021-06-07 00:00:00,2026-04-17 15:58:43.382878
983380e3-8798-4e50-911a-21dad86c7a6a,CUST-2019-NL-000075,Melle,Bos,Melle Bos,Male,2000-11-03,melle.bos@aol.com,010-6220955,Yararing 419,Warmenhuizen,Echt,1171EO,NL,Netherlands,EMEA,Dutch,Consumer,Gold,2019-10-14,2019,RETURNING,True,MDM,2019-10-14,2026-04-17 15:58:43.382879
62e96b85-a505-44e9-86d2-1349a6439bf9,CUST-2020-NL-000014,Kick,van Voorhout,Kick van Voorhout,Male,1999-10-31,kick.vanvoorhout@protonmail.com,+3127 1308679,Mathijshof 33,Steenwijkerwold,Heibloem,5962 WE,NL,Netherlands,EMEA,Dutch,Consumer,Gold,2020-10-14,2020,RETURNING,True,MDM,2020-10-14 00:00:00,2026-04-17 15:58:43.382881
9130c16e-e759-423b-9e83-93d3d1faf7fc,CUST-2020-NL-000008,Joëlle,Doesburg,Joëlle Doesburg,Male,2001-06-06,jolle.doesburg@mail.com,0276 200758,Pukboulevard 47,Witteveen,Hornhuizen,2667PI,NL,Netherlands,EMEA,Dutch,Education,None,2020-12-16,2020,RETURNING,True,MDM,2020-12-16 00:00:00,2026-04-17 15:58:43.382883
cd9e5fd2-1f79-4ab2-8fe9-8bc21c19f484,CUST-2020-NL-000057,Ravi,Unruoch Hunerik,Ravi Unruoch Hunerik,Male,1977-07-01,ravi.unruochhunerik@icloud.com,+3114-0629212,Novastraat 63,Wanssum,Oude Wetering,8472 EJ,NL,Netherlands,EMEA,Dutch,Consumer,Silver,2020-05-20,2020,RETURNING,True,MDM,2020-05-20 00:00:00,2026-04-17 15:58:43.382884
f1948d42-3777-4438-b537-4a2a70daeccf,CUST-2020-NL-000064,Sophia,van de Biesenbos,Sophia van de Biesenbos,Female,1999-05-19,sophia.vandebiesenbos855@mail.com,+31395-534007,Amberdreef 0,Briltil,Otterlo,8837 MD,NL,Netherlands,EMEA,Dutch,Business,None,2020-10-15,2020,RETURNING,True,MDM,2020-10-15 00:00:00,2026-04-17 15:58:43.382886
6b80b786-979a-4348-acce-e6a4a0ae882b,CUST-2021-NL-000058,Eline,Perrono,Eline Perrono,Female,1972-09-14,eline.perrono277@live.com,035 4397178,Sofiahof 137,Katwoude,Lith,8652 YZ,NL,Netherlands,EMEA,Dutch,Consumer,None,2021-03-25,2021,RETURNING,True,MDM,2021-03-25 00:00:00,2026-04-17 15:58:43.382888
5007c7f4-60d5-49f4-ac8f-de64d5db7e87,CUST-2021-NL-000138,Imran,Verhoeven,Imran Verhoeven,Male,1977-09-27,imran.verhoeven@hotmail.com,+3124-0666075,Abelbaan 290,Heemserveen,Elim,3822 XC,NL,Netherlands,EMEA,Dutch,Consumer,None,2021-02-12,2021,RETURNING,True,MDM,2021-02-12 00:00:00,2026-04-17 15:58:43.382890
a9d1f843-c263-4f16-b502-a6e9a0ad35cc,CUST-2021-NL-000137,Yusuf,Weylant,Yusuf Weylant,Female,1959-04-02,yusuf.weylant@icloud.com,011-6982142,Lizzydreef 30,Kootwijkerbroek,Vogelwaarde,5943OH,NL,Netherlands,EMEA,Dutch,Consumer,Silver,2021-09-23,2021,RETURNING,True,MDM,2021-09-23 00:00:00,2026-04-17 15:58:43.382893
655f911d-cb08-45dd-bb43-7024c3aac7f8,CUST-2019-NL-000349,Amina,Luitgardis van Neustrië,Amina Luitgardis van Neustrië,Female,1978-06-24,amina.luitgardisvanneustri824@aol.com,+31(0)586-959660,Vigosteeg 791,Sprundel,De Groeve,9488RY,NL,Netherlands,EMEA,Dutch,Consumer,Platinum,2019-07-13,2019,RETURNING,True,MDM,2019-07-13,2026-04-17 15:58:43.382895
b6923441-a351-4eb1-a849-cf0d18f7adaf,CUST-2021-NL-000067,Roos,Fremie,Roos Fremie,Male,1956-04-15,roos.fremie@yahoo.com,+31(0)72 9764631,Maxstraat 0,Bloemendaal,Berlicum,1169JC,NL,Netherlands,EMEA,Dutch,Consumer,Platinum,2021-02-24,2021,RETURNING,True,MDM,2021-02-24 00:00:00,2026-04-17 15:58:43.382896
7e313586-c0fb-475d-a155-61cebed26325,CUST-2021-NL-000121,Yinthe,van der Smeede,Yinthe van der Smeede,Female,1951-02-17,yinthe.vandersmeede@protonmail.com,+3151 1804194,Morrislaan 198,Zwaagdijk-West,Zaamslag,7036HH,NL,Netherlands,EMEA,Dutch,Consumer,Silver,2021-02-08,2021,RETURNING,True,MDM,2021-02-08 00:00:00,2026-04-17 15:58:43.382898
4fb000a0-6f54-41e9-b7a3-0a25a3b86d2a,CUST-2022-NL-000126,Lizz,Bökenkamp,Lizz Bökenkamp,Female,1994-05-27,lizz.bkenkamp@icloud.com,+31299-685716,Lizpad 9,Waardenburg,Brakel,8075 IV,NL,Netherlands,EMEA,Dutch,Consumer,Silver,2022-10-03,2022,RETURNING,True,MDM,2022-10-03 00:00:00,2026-04-17 15:58:43.382900
4839b91c-9cda-4dcd-b90c-ba27f37596f1,CUST-2021-NL-000002,Alex,Genefaas,Alex Genefaas,Male,2006-04-22,alex.genefaas@protonmail.com,+3152 1516212,Masonlaan 24,Lottum,Miedum,4082 IY,NL,Netherlands,EMEA,Dutch,Education,Gold,2021-02-13,2021,RETURNING,True,MDM,2021-02-13 00:00:00,2026-04-17 15:58:43.382901
1cd892a1-bdae-4aee-88d2-51f5ec727880,CUST-2020-NL-000107,Kevin,van Berkum,Kevin van Berkum,Male,1971-09-12,kevin.vanberkum815@live.com,+3122-4613641,Puckhof 329,Delfstrahuizen,Rockanje,4398SR,NL,Netherlands,EMEA,Dutch,Education,None,2020-12-28,2020,RETURNING,True,MDM,2020-12-28 00:00:00,2026-04-17 15:58:43.382903
2d848575-e1b1-413a-b8c0-de248e1d0b64,CUST-2020-NL-000016,Cornelia,Lether,Cornelia Lether,Male,1966-01-22,cornelia.lether@protonmail.com,+31(0)095-680974,Davidpad 9,It Heidenskip,Huijbergen,6058 OV,NL,Netherlands,EMEA,Dutch,Education,None,2020-12-11,2020,RETURNING,True,MDM,2020-12-11 00:00:00,2026-04-17 15:58:43.382905
b492bb7e-85ae-47e2-81e1-c2b90dedbc44,CUST-2019-NL-000189,Benthe,de Korte,Benthe de Korte,Male,1984-10-20,benthe.dekorte@yahoo.com,079-5837451,Mellehof 98,Pieterzijl,Oude Wetering,8895 GG,NL,Netherlands,EMEA,Dutch,Education,None,2019-07-29,2019,RETURNING,True,MDM,2019-07-29,2026-04-17 15:58:43.382911
8cdbd578-11da-46fa-8023-68b2f2b18c76,CUST-2019-NL-000173,Luuk,Lambregt,Luuk Lambregt,Male,1952-12-15,luuk.lambregt@protonmail.com,+31183 333543,Ryanbaan 500,Maarheeze,Kamerik,9262WG,NL,Netherlands,EMEA,Dutch,Consumer,None,2019-04-28,2019,RETURNING,True,MDM,2019-04-28,2026-04-17 15:58:43.382912
e8216721-fd15-4429-b1bb-33daea76cfa8,CUST-2019-NL-000087,Imran,Wunderink,Imran Wunderink,Female,1950-06-03,imran.wunderink@mail.com,+31(0)39 1105788,Arthurlaan 43,Drogteropslagen,Dronten,9092KH,NL,Netherlands,EMEA,Dutch,Consumer,Silver,2019-10-13,2019,RETURNING,True,MDM,2019-10-13,2026-04-17 15:58:43.382914
e13ceb50-2e39-4a68-9d8d-264d1b5a2cd9,CUST-2019-NL-000069,Jorn,Spruit,Jorn Spruit,Female,1992-03-17,jorn.spruit@aol.com,040-5638318,Ibrahimbaan 19,Vegelinsoord,Berkhout,4697EI,NL,Netherlands,EMEA,Dutch,Consumer,None,2019-11-27,2019,RETURNING,True,MDM,2019-11-27,2026-04-17 15:58:43.382916
52ec251f-3834-46b8-9374-2bab3874752e,CUST-2021-NL-000056,Ben,Stettyn,Ben Stettyn,Male,1992-05-14,ben.stettyn@live.com,097 8093126,Abelboulevard 34,Ternaard,Westbeemster,8180 LE,NL,Netherlands,EMEA,Dutch,Business,Platinum,2021-10-19,2021,RETURNING,True,MDM,2021-10-19 00:00:00,2026-04-17 15:58:43.382917
fcab3a58-e37b-4530-b1c6-c817c17a8c38,CUST-2021-NL-000090,Milou,Jorrisen,Milou Jorrisen,Male,1954-06-11,milou.jorrisen431@yahoo.com,+31(0)00-8870698,Inayapad 36,Mierlo,Den Helder,2029ZW,NL,Netherlands,EMEA,Dutch,Consumer,None,2021-10-06,2021,RETURNING,True,MDM,2021-10-06 00:00:00,2026-04-17 15:58:43.382919
261fc2e0-646f-454c-8a56-9affcde5e4f3,CUST-2020-NL-000129,Amelia,de Groot,Amelia de Groot,Female,1956-07-27,amelia.degroot@mail.com,0362 093308,Simonboulevard 22,Dirksland,Boazum,5190BZ,NL,Netherlands,EMEA,Dutch,Consumer,None,2020-10-25,2020,RETURNING,True,MDM,2020-10-25 00:00:00,2026-04-17 15:58:43.382921
114c6141-0187-44e0-a7cf-f94481df117d,CUST-2022-NL-000071,Nadine,Broekhoven,Nadine Broekhoven,Female,1963-01-16,nadine.broekhoven@mail.com,(0083) 310792,Renskehof 1,Mastenbroek,Oostburg,6970KZ,NL,Netherlands,EMEA,Dutch,Consumer,Gold,2022-06-22,2022,RETURNING,True,MDM,2022-06-22 00:00:00,2026-04-17 15:58:43.382922
5fb29f83-36ac-42d2-9e4e-67bb36f8724a,CUST-2019-NL-000350,Ivy,Lafleur,Ivy Lafleur,Male,1996-11-09,ivy.lafleur@mail.com,(0361)-871545,Aminsingel 45,Bakhuizen,Tzummarum,1928RU,NL,Netherlands,EMEA,Dutch,Education,Platinum,2019-02-08,2019,RETURNING,True,MDM,2019-02-08,2026-04-17 15:58:43.382928
7a9b9c8c-fd61-4035-a913-b71a8ab6f6f7,CUST-2022-NL-000019,Anouk,Mansveld,Anouk Mansveld,Female,2007-05-16,anouk.mansveld@icloud.com,008 9937215,Isabelweg 980,Tilligte,Milsbeek,6541 BS,NL,Netherlands,EMEA,Dutch,Business,None,2022-04-01,2022,RETURNING,True,MDM,2022-04-01 00:00:00,2026-04-17 15:58:43.382930
a7d0e96e-12d8-4b98-af59-95d0c156162c,CUST-2022-NL-000122,Lucas,Arent,Lucas Arent,Male,1977-03-17,lucas.arent945@msn.com,(0947) 109157,Jipdreef 858,Koningslust,Leeuwarden,6683 LF,NL,Netherlands,EMEA,Dutch,Business,Silver,2022-06-06,2022,RETURNING,True,MDM,2022-06-06 00:00:00,2026-04-17 15:58:43.382932
912da338-1fd9-44d7-a304-70896a39dfbb,CUST-2022-NL-000037,Rens,Bosch,Rens Bosch,Male,1960-06-04,rens.bosch@gmx.com,+31(0)98 2272136,Ilsehof 4,Beets,Werkendam,1054AM,NL,Netherlands,EMEA,Dutch,Consumer,Gold,2022-11-13,2022,RETURNING,True,MDM,2022-11-13 00:00:00,2026-04-17 15:58:43.382933
a522125d-d8a8-4332-a5c5-cf17b33a8810,CUST-2022-NL-000006,Maartje,Bezemer,Maartje Bezemer,Male,1972-01-30,maartje.bezemer@icloud.com,081 0838852,Briansingel 09,'s-Heerenbroek,Steenwijkerwold,7362VA,NL,Netherlands,EMEA,Dutch,Consumer,None,2022-08-18,2022,RETURNING,True,MDM,2022-08-18 00:00:00,2026-04-17 15:58:43.382935
186f98c5-65cc-46d1-8150-cdb7f9c0cbab,CUST-2019-NL-000071,Tijs,Luitgardis van Neustrië,Tijs Luitgardis van Neustrië,Female,1970-02-27,tijs.luitgardisvanneustri@zoho.com,+31805-232462,Lennpad 15,Rotterdam,Hilaard,3502SV,NL,Netherlands,EMEA,Dutch,Consumer,Platinum,2019-12-13,2019,RETURNING,True,MDM,2019-12-13,2026-04-17 15:58:43.382937
8052b159-72af-4f06-ba17-99ea07734101,CUST-2021-NL-000127,Johannes,Mercks,Johannes Mercks,Female,1963-11-02,johannes.mercks@protonmail.com,0374 000689,Amyboulevard 89,Koningsbosch,Bennekom,2886FA,NL,Netherlands,EMEA,Dutch,Consumer,None,2021-04-20,2021,RETURNING,True,MDM,2021-04-20 00:00:00,2026-04-17 15:58:43.382938
af11f152-1604-4809-bfa1-4b242da86dfb,CUST-2019-NL-000006,Beau,Bijlsma,Beau Bijlsma,Female,1954-08-29,beau.bijlsma@mail.com,0703-494668,Nouthof 1,Cromvoirt,Toldijk,9376HZ,NL,Netherlands,EMEA,Dutch,Business,Gold,2019-06-24,2019,RETURNING,True,MDM,2019-06-24,2026-04-17 15:58:43.382940
4bf44a6a-dbd1-4a80-a0c1-a9ab125433d8,CUST-2022-NL-000088,Kai,Stoffelsz,Kai Stoffelsz,Female,1995-08-10,kai.stoffelsz@yahoo.com,+31(0)568-036597,Jasperring 9,Eelderwolde,Ruigahuizen,8152VY,NL,Netherlands,EMEA,Dutch,Consumer,None,2022-01-03,2022,RETURNING,True,MDM,2022-01-03 00:00:00,2026-04-17 15:58:43.382945
60543f10-c595-4257-9991-5a32ebd56cf1,CUST-2020-NL-000083,Jim,van Rooij,Jim van Rooij,Male,1984-08-12,jim.vanrooij@zoho.com,(0420) 497781,Basboulevard 91,Oost-Graftdijk,Landerum,6793NC,NL,Netherlands,EMEA,Dutch,Consumer,None,2020-06-13,2020,RETURNING,True,MDM,2020-06-13 00:00:00,2026-04-17 15:58:43.382947
c94bde93-cce0-4e57-bc47-f203c7d42bdd,CUST-2019-NL-000282,Elif,van de Greef,Elif van de Greef,Male,1979-04-05,elif.vandegreef@gmail.com,+3147-1391801,Zakarialaan 10,Olst,Weert,3931VD,NL,Netherlands,EMEA,Dutch,Business,Silver,2019-03-04,2019,RETURNING,True,MDM,2019-03-04,2026-04-17 15:58:43.382948
b74356df-144e-435b-a4fb-33d5e0723b52,CUST-2023-NL-000001,Matthias,Charon,Matthias Charon,Female,1975-01-31,matthias.charon@msn.com,(078)-6148973,Wesleypad 076,Stoutenburg Noord,De Koog,3443 IE,NL,Netherlands,EMEA,Dutch,Consumer,Silver,2023-04-23,2023,NEW,True,MDM,2023-04-23 00:00:00,2026-04-17 15:58:43.383117
3d52aecb-b4cc-4cd8-88cf-2da570e51d16,CUST-2023-NL-000002,Stella,Estey,Stella Estey,Male,1979-10-28,stella.estey@hotmail.com,+31(0)19 4561568,Liviadreef 2,Boxtel,Didam,1363 NS,NL,Netherlands,EMEA,Dutch,Consumer,Gold,2023-02-11,2023,NEW,True,MDM,2023-02-11 00:00:00,2026-04-17 15:58:43.383195
4500fee5-8053-4dab-ada7-cc75a2f22c2a,CUST-2023-NL-000003,Philip,van den Eerenbeemt,Philip van den Eerenbeemt,Male,2001-12-12,philip.vandeneerenbeemt@mail.com,(012) 2812810,Elinhof 36,Smilde,Meterik,3694GR,NL,Netherlands,EMEA,Dutch,Consumer,Silver,2023-09-13,2023,NEW,True,MDM,2023-09-13 00:00:00,2026-04-17 15:58:43.383259
8f34638e-c506-4394-9a06-747ec78a54c8,CUST-2023-NL-000004,Gerrit,Ghoerle,Gerrit Ghoerle,Female,1984-10-07,gerrit.ghoerle39@outlook.com,+3197 8538816,Finnhof 514,Ten Boer,Hoogezand,7610 JO,NL,Netherlands,EMEA,Dutch,Consumer,Platinum,2023-11-19,2023,NEW,True,MDM,2023-11-19 00:00:00,2026-04-17 15:58:43.383324
e9214657-091c-4842-88e2-0f3a110ba5e4,CUST-2023-NL-000005,Amir,Tirie,Amir Tirie,Female,1960-06-22,amir.tirie5@icloud.com,+3156 3589091,Valerielaan 061,Moerkapelle,Burum,2274 QI,NL,Netherlands,EMEA,Dutch,Consumer,Silver,2023-06-01,2023,NEW,False,MDM,2023-06-01 00:00:00,2026-04-17 15:58:43.383387
c8be0b52-fe0b-4293-8940-4b0829a2a223,CUST-2023-NL-000006,Feline,Mathieu,Feline Mathieu,Male,1980-03-05,feline.mathieu@msn.com,+31322 314659,Laurenshof 91,Hobrede,Zwammerdam,4077OQ,NL,Netherlands,EMEA,Dutch,Consumer,Gold,2023-07-23,2023,NEW,True,MDM,2023-07-23 00:00:00,2026-04-17 15:58:43.383453
5faa768c-1e52-4192-b595-507091a9ef63,CUST-2023-NL-000007,Bradley,Ellis,Bradley Ellis,Male,1964-09-26,bradley.ellis@gmail.com,+31(0)055-745500,Fennahof 3,Goënga,Oudeschild,1571 CB,NL,Netherlands,EMEA,Dutch,Consumer,Silver,2023-01-20,2023,NEW,True,MDM,2023-01-20 00:00:00,2026-04-17 15:58:43.383516
612425d7-7ec6-4fa9-bade-517d79cff9f2,CUST-2023-NL-000008,Jay,Köster,Jay Köster,Female,1972-08-11,jay.kster@hotmail.com,(0044)-207919,Helenalaan 174,Liempde,Maren-Kessel,4623 QJ,NL,Netherlands,EMEA,Dutch,Consumer,Silver,2023-03-29,2023,NEW,True,MDM,2023-03-29 00:00:00,2026-04-17 15:58:43.383582
736bd90a-1d72-4603-a1d8-c80b6f6fe16b,CUST-2023-NL-000009,Bram,Dekker,Bram Dekker,Female,1999-03-05,bram.dekker@outlook.com,+31(0)85-5851433,Xavisingel 809,Odijk,Tiendeveen,9270 PW,NL,Netherlands,EMEA,Dutch,Consumer,None,2023-11-22,2023,NEW,True,MDM,2023-11-22 00:00:00,2026-04-17 15:58:43.383644
341c2149-6cf4-4e14-82e6-b7f611d4a934,CUST-2023-NL-000010,Sten,François,Sten François,Male,1971-12-27,sten.franois@hotmail.com,(0368) 143565,Imkesteeg 212,Uitdam,Doezum,7138AL,NL,Netherlands,EMEA,Dutch,Education,Silver,2023-07-08,2023,NEW,True,MDM,2023-07-08 00:00:00,2026-04-17 15:58:43.383706
3f37ffa5-2fa5-4f7a-b43c-12df26c05e87,CUST-2023-NL-000011,Roos,Weylant,Roos Weylant,Female,1967-09-18,roos.weylant@gmail.com,+31(0)495-899073,Lynnring 359,Niftrik,Hinnaard,2621 ZL,NL,Netherlands,EMEA,Dutch,Business,Gold,2023-05-21,2023,NEW,True,MDM,2023-05-21 00:00:00,2026-04-17 15:58:43.383768
dbbbdd2e-1ca6-43de-be38-be10936c47cf,CUST-2023-NL-000012,Maud,Thatcher,Maud Thatcher,Female,1997-03-24,maud.thatcher@yahoo.com,+31(0)431 047517,Irisstraat 410,Schraard,Broek op Langedijk,8548VY,NL,Netherlands,EMEA,Dutch,Consumer,None,2023-01-08,2023,NEW,True,MDM,2023-01-08 00:00:00,2026-04-17 15:58:43.383831
b22ab974-6e36-4f8c-8ebf-f443de9743a4,CUST-2023-NL-000013,Liv,Schelvis,Liv Schelvis,Male,1969-03-27,liv.schelvis@gmx.com,(058) 9791643,Félineweg 345,Houwerzijl,Bedum,9440PA,NL,Netherlands,EMEA,Dutch,Consumer,None,2023-12-17,2023,NEW,True,MDM,2023-12-17 00:00:00,2026-04-17 15:58:43.383894
2386e9c2-4405-4c06-928a-9c87cbcc8e07,CUST-2023-NL-000014,Jamie,van Hagen,Jamie van Hagen,Female,1996-12-07,jamie.vanhagen247@protonmail.com,+31(0)08 5676691,Woutsingel 398,Kootwijkerbroek,Swalmen,4700 ZI,NL,Netherlands,EMEA,Dutch,Consumer,Platinum,2023-10-15,2023,NEW,True,MDM,2023-10-15 00:00:00,2026-04-17 15:58:43.383952
eb70e65e-668c-479f-9553-a3cc5022a991,CUST-2023-NL-000015,Maarten,Tins,Maarten Tins,Female,1996-08-25,maarten.tins@yahoo.com,(072)-9297618,Sophiaring 07,Reusel,Langweer,2612 EU,NL,Netherlands,EMEA,Dutch,Education,None,2023-06-17,2023,NEW,True,MDM,2023-06-17 00:00:00,2026-04-17 15:58:43.384007
cf197f2b-a67e-4c39-9294-2867e297f69b,CUST-2023-NL-000016,Dirk,de Wit,Dirk de Wit,Male,2006-12-29,dirk.dewit789@hotmail.com,(007) 9149729,Isabellabaan 16,Winterswijk Henxel,Terherne,3371HP,NL,Netherlands,EMEA,Dutch,Consumer,Silver,2023-05-25,2023,NEW,True,MDM,2023-05-25 00:00:00,2026-04-17 15:58:43.384065
197110b1-b41c-4344-94fc-35cab2703308,CUST-2023-NL-000017,Ecrin,Pison,Ecrin Pison,Male,1992-12-05,ecrin.pison@zoho.com,(0705) 968387,Jamiestraat 2,Burum,Bunde,4129FH,NL,Netherlands,EMEA,Dutch,Consumer,Silver,2023-01-06,2023,NEW,True,MDM,2023-01-06 00:00:00,2026-04-17 15:58:43.384129
ac96b886-0ac0-433b-a2c7-86517340c3f5,CUST-2023-NL-000018,Olaf,van Gemert,Olaf van Gemert,Female,1961-11-22,olaf.vangemert@hotmail.com,+31(0)055 870022,Elizabethring 8,Vlierden,Zuidlaarderveen,5440 MW,NL,Netherlands,EMEA,Dutch,Consumer,None,2023-08-06,2023,NEW,True,MDM,2023-08-06 00:00:00,2026-04-17 15:58:43.384188
c41dc347-88d1-44bc-bf59-746ab9e649e1,CUST-2023-NL-000019,Maryam,Rouwenhorst,Maryam Rouwenhorst,Female,2007-04-09,maryam.rouwenhorst@outlook.com,+31(0)67 2397216,Xavidreef 7,Broekhuizenvorst,Groenlo,4331 AT,NL,Netherlands,EMEA,Dutch,Consumer,Silver,2023-03-07,2023,NEW,True,MDM,2023-03-07 00:00:00,2026-04-17 15:58:43.384245
faafb466-fa81-4c0b-aba0-d71ddfb903bf,CUST-2023-NL-000020,Noud,van Heusden,Noud van Heusden,Female,1958-11-30,noud.vanheusden933@aol.com,0242 698882,Esthersingel 781,Donderen,Noord-Sleen,1831 KP,NL,Netherlands,EMEA,Dutch,Consumer,Silver,2023-10-29,2023,NEW,True,MDM,2023-10-29 00:00:00,2026-04-17 15:58:43.384311
9d6184f4-c588-4570-807d-13502da349b7,CUST-2023-NL-000021,Arthur,Dries,Arthur Dries,Female,2000-11-26,arthur.dries@live.com,(0143)-607080,Lorenzoring 3,Bitgum,Hazerswoude-Dorp,9953QM,NL,Netherlands,EMEA,Dutch,Business,Silver,2023-08-30,2023,NEW,True,MDM,2023-08-30 00:00:00,2026-04-17 15:58:43.384367
bc1d3098-05a1-4e88-b5a2-3315cc87f1a3,CUST-2023-NL-000022,Naomi,van Luinenburg,Naomi van Luinenburg,Male,1958-07-09,naomi.vanluinenburg@zoho.com,0569 018787,Johannesbaan 0,Gelselaar,Wanneperveen,2370 OP,NL,Netherlands,EMEA,Dutch,Consumer,None,2023-09-15,2023,NEW,True,MDM,2023-09-15 00:00:00,2026-04-17 15:58:43.384426
f37f3cef-20d1-4f45-83c6-15db20a57b1f,CUST-2023-NL-000023,Arie,Zwart,Arie Zwart,Female,1966-12-02,arie.zwart768@outlook.com,+31(0)18 3334967,Seppstraat 3,Tinallinge,Vegelinsoord,7416 CX,NL,Netherlands,EMEA,Dutch,Consumer,Platinum,2023-06-03,2023,NEW,True,MDM,2023-06-03 00:00:00,2026-04-17 15:58:43.384481
79448b94-73f1-4a01-9652-80f458edd1e6,CUST-2023-NL-000024,Loes,die Witte,Loes die Witte,Female,1959-12-29,loes.diewitte@mail.com,061-1676829,Tessabaan 64,Blauwhuis,Abcoude,1957RN,NL,Netherlands,EMEA,Dutch,Consumer,Silver,2023-02-15,2023,NEW,True,MDM,2023-02-15 00:00:00,2026-04-17 15:58:43.384540
3bae4b66-2ae1-411d-8102-e7382c8805e9,CUST-2023-NL-000025,Tijs,Willems van Lier,Tijs Willems van Lier,Male,1988-03-09,tijs.willemsvanlier@yahoo.com,+31(0)265-219845,Izesteeg 58,Oosterbierum,Nieuw-Schoonebeek,6422 SZ,NL,Netherlands,EMEA,Dutch,Consumer,None,2023-01-06,2023,NEW,True,MDM,2023-01-06 00:00:00,2026-04-17 15:58:43.384601
f12bb06f-c0e0-4f58-9334-1d95c5b3de8f,CUST-2023-NL-000026,Noor,van Loon,Noor van Loon,Female,1968-05-11,noor.vanloon@live.com,+3109 2221478,Fatimaboulevard 33,Oosterbeek,Wintelre,8931RD,NL,Netherlands,EMEA,Dutch,Consumer,Silver,2023-11-08,2023,NEW,True,MDM,2023-11-08 00:00:00,2026-04-17 15:58:43.384655
87a44f4a-5087-4e63-b066-104725080b19,CUST-2023-NL-000027,Mads,Rotteveel,Mads Rotteveel,Male,1956-01-31,mads.rotteveel@yahoo.com,0839 316337,Martring 5,Hoenzadriel,Tjalleberd,2722 EI,NL,Netherlands,EMEA,Dutch,Consumer,Silver,2023-06-21,2023,NEW,True,MDM,2023-06-21 00:00:00,2026-04-17 15:58:43.384709
1c123343-46b1-4b58-89fe-03bc386eed84,CUST-2023-NL-000028,Nora,Meeusen,Nora Meeusen,Female,1965-09-09,nora.meeusen@icloud.com,+31769 415269,Martdreef 1,Amstelveen,Sevenum,5392MR,NL,Netherlands,EMEA,Dutch,Education,None,2023-11-28,2023,NEW,True,MDM,2023-11-28 00:00:00,2026-04-17 15:58:43.384765
f2421e27-4d27-4811-8654-2e8067bb479e,CUST-2023-NL-000029,Nadine,Ridder,Nadine Ridder,Male,1995-03-30,nadine.ridder@gmail.com,0350 872123,Ameliaboulevard 4,Kilder,Leersum,2681OJ,NL,Netherlands,EMEA,Dutch,Consumer,None,2023-08-14,2023,NEW,True,MDM,2023-08-14 00:00:00,2026-04-17 15:58:43.384824
f447eb03-ab27-4fa1-a280-3d397bddcc77,CUST-2023-NL-000030,Lois,Wipstrik,Lois Wipstrik,Female,1994-07-27,lois.wipstrik@aol.com,+31141-122581,Mustafastraat 2,Aalsmeer,Rijsbergen,8984OY,NL,Netherlands,EMEA,Dutch,Consumer,Platinum,2023-02-05,2023,NEW,True,MDM,2023-02-05 00:00:00,2026-04-17 15:58:43.384887
b7a3f678-db48-4282-9688-f7122fb4c51c,CUST-2023-NL-000031,Simon,le Floch,Simon le Floch,Male,1969-10-30,simon.lefloch@mail.com,+3199 8184426,Phileineweg 9,Sprang-Capelle,Reuver,6050RP,NL,Netherlands,EMEA,Dutch,Consumer,None,2023-01-17,2023,NEW,True,MDM,2023-01-17 00:00:00,2026-04-17 15:58:43.384942
56be2e66-cf17-4b5f-b739-ee4594bf5e9a,CUST-2023-NL-000032,Julian,Cant,Julian Cant,Female,1990-01-14,julian.cant@gmx.com,+31(0)97-2876603,Jacksteeg 46,Nieuwlande Coevorden,Niekerk,9601 BE,NL,Netherlands,EMEA,Dutch,Consumer,Silver,2023-12-17,2023,NEW,True,MDM,2023-12-17 00:00:00,2026-04-17 15:58:43.385001
8a3384d7-ee0c-4f8a-8fed-7968fdb1453e,CUST-2023-NL-000033,Cornelis,van Ham,Cornelis van Ham,Female,1953-04-02,cornelis.vanham710@protonmail.com,0587 245103,Jacobhof 94,Nieuw-Vossemeer,Klaaswaal,8041 KR,NL,Netherlands,EMEA,Dutch,Consumer,Silver,2023-05-30,2023,NEW,True,MDM,2023-05-30 00:00:00,2026-04-17 15:58:43.385060
a9e8e9f6-2435-41cd-961c-282de9fb8fea,CUST-2023-NL-000034,Bas,Kirpenstein,Bas Kirpenstein,Male,1963-09-18,bas.kirpenstein@protonmail.com,(0845)-224248,Romydreef 330,Radio Kootwijk,Velserbroek,3341 FB,NL,Netherlands,EMEA,Dutch,Consumer,None,2023-10-17,2023,NEW,True,MDM,2023-10-17 00:00:00,2026-04-17 15:58:43.385116
421ae238-1dc5-4269-baf0-4fed82fb4548,CUST-2023-NL-000035,Thijs,Belpere,Thijs Belpere,Female,2002-11-01,thijs.belpere@zoho.com,048-4964180,Nynkeweg 566,Boornzwaag,Idskenhuizen,7363 TD,NL,Netherlands,EMEA,Dutch,Business,None,2023-09-04,2023,NEW,True,MDM,2023-09-04 00:00:00,2026-04-17 15:58:43.385175
0dd5dc71-c8a3-49c0-ad36-08cc25ccdf01,CUST-2023-NL-000036,Evi,de Haas,Evi de Haas,Female,1986-06-24,evi.dehaas@hotmail.com,068-3090193,Isabelledreef 9,Aalten,Ruinen,3314 AA,NL,Netherlands,EMEA,Dutch,Consumer,Platinum,2023-03-12,2023,NEW,True,MDM,2023-03-12 00:00:00,2026-04-17 15:58:43.385233
10d87b46-46cb-4071-a4a4-47ee87dbcec0,CUST-2023-NL-000037,Mara,van der Kint,Mara van der Kint,Female,1959-07-10,mara.vanderkint33@live.com,+31889-888616,Jurrebaan 121,Oldeholtwolde,Tzummarum,1462 RJ,NL,Netherlands,EMEA,Dutch,Consumer,Gold,2023-10-30,2023,NEW,True,MDM,2023-10-30 00:00:00,2026-04-17 15:58:43.385291
be6ccec2-f6ed-4c58-b0d2-6df709d596ab,CUST-2023-NL-000038,Sylvie,Schouten,Sylvie Schouten,Male,1959-11-06,sylvie.schouten@gmx.com,0427-742484,Jackring 14,Midwolde,Bakel,1170 WW,NL,Netherlands,EMEA,Dutch,Business,Silver,2023-05-26,2023,NEW,True,MDM,2023-05-26 00:00:00,2026-04-17 15:58:43.385357
db1d8d30-319c-4050-b540-24553a1fcf69,CUST-2023-NL-000039,Tristan,van Kuijc van Malsen,Tristan van Kuijc van Malsen,Male,1975-10-14,tristan.vankuijcvanmalsen@gmx.com,024-7596995,Demisingel 03,Ewijk,Heel,1908 TR,NL,Netherlands,EMEA,Dutch,Consumer,Silver,2023-03-31,2023,NEW,True,MDM,2023-03-31 00:00:00,2026-04-17 15:58:43.385417
93ef0c01-ebf7-400b-bf69-f6e27e95a5d5,CUST-2023-NL-000040,Lucas,van Hostaden,Lucas van Hostaden,Male,1955-02-24,lucas.vanhostaden95@zoho.com,+31480 181899,Estherring 445,Hieslum,Woubrugge,8131WW,NL,Netherlands,EMEA,Dutch,Business,None,2023-10-11,2023,NEW,False,MDM,2023-10-11 00:00:00,2026-04-17 15:58:43.385477
25ade644-d28e-4c91-8ecf-db526061afeb,CUST-2023-NL-000041,Elena,Risma,Elena Risma,Female,1970-05-30,elena.risma89@mail.com,(0907)-888646,Jolijnsteeg 064,Odoornerveen,Sint Nicolaasga,5168 ZY,NL,Netherlands,EMEA,Dutch,Consumer,Gold,2023-10-10,2023,NEW,True,MDM,2023-10-10 00:00:00,2026-04-17 15:58:43.385536
e66e59c7-4f64-4096-9be7-2365182e670d,CUST-2023-NL-000042,Lynn,Pratt,Lynn Pratt,Male,1999-02-02,lynn.pratt@zoho.com,0237 256260,Lizzysingel 004,Scharwoude,Balinge,2594 XE,NL,Netherlands,EMEA,Dutch,Consumer,None,2023-06-06,2023,NEW,True,MDM,2023-06-06 00:00:00,2026-04-17 15:58:43.385593
8adcdd18-9dd8-48ee-a4a5-fb9f3c0cfd21,CUST-2023-NL-000043,Lex,Stoffelsz,Lex Stoffelsz,Female,1999-05-31,lex.stoffelsz147@outlook.com,016 9709687,Jordyweg 214,Heikant,Oranje,2549FK,NL,Netherlands,EMEA,Dutch,Consumer,None,2023-12-28,2023,NEW,False,MDM,2023-12-28 00:00:00,2026-04-17 15:58:43.385654
04a104f5-9450-4a5b-a059-923b9109d294,CUST-2023-NL-000044,Imke,Roosenboom,Imke Roosenboom,Male,1979-11-28,imke.roosenboom374@outlook.com,+31879 190949,Imkelaan 661,Abbenes,Darp,3679DY,NL,Netherlands,EMEA,Dutch,Consumer,None,2023-12-04,2023,NEW,True,MDM,2023-12-04 00:00:00,2026-04-17 15:58:43.385713
ef576a84-4d90-44dd-8ba2-241ea2289204,CUST-2023-NL-000045,Mick,van Grondelle,Mick van Grondelle,Female,2005-10-19,mick.vangrondelle@yahoo.com,0430 054123,Philiplaan 394,Koudum,Nieuwersluis,7980WL,NL,Netherlands,EMEA,Dutch,Education,None,2023-11-07,2023,NEW,True,MDM,2023-11-07 00:00:00,2026-04-17 15:58:43.385769
726e1854-8fc4-492d-a423-159811df982b,CUST-2023-NL-000046,Sem,Nieuwstraten,Sem Nieuwstraten,Male,1967-04-06,sem.nieuwstraten@mail.com,+31(0)08-9030870,Youssefstraat 84,Zandhuizen,Huizinge,4223 FO,NL,Netherlands,EMEA,Dutch,Consumer,Silver,2023-04-29,2023,NEW,True,MDM,2023-04-29 00:00:00,2026-04-17 15:58:43.385831
3ef513f9-f819-4283-9589-d51a3ac5c5f4,CUST-2023-NL-000047,Janne,Lijn,Janne Lijn,Female,2004-08-23,janne.lijn25@outlook.com,005-1338427,Feddepad 6,Krommenie,Nieuw-Roden,6364ZC,NL,Netherlands,EMEA,Dutch,Consumer,Silver,2023-04-14,2023,NEW,True,MDM,2023-04-14 00:00:00,2026-04-17 15:58:43.385922
ab67313d-9ccc-4d56-a9b4-cb4090c7c877,CUST-2023-NL-000048,Elif,Booden,Elif Booden,Female,1963-04-13,elif.booden297@hotmail.com,055-8146233,Linaring 9,Wezep,Markelo,2674 XE,NL,Netherlands,EMEA,Dutch,Business,None,2023-02-11,2023,NEW,False,MDM,2023-02-11 00:00:00,2026-04-17 15:58:43.385996
e49051f9-cfed-417a-a5a0-f2e1924887ba,CUST-2023-NL-000049,Yasmine,van Arnsberg,Yasmine van Arnsberg,Female,1984-10-10,yasmine.vanarnsberg923@live.com,(0974) 916182,Adrianaboulevard 855,Mechelen,Deurne,2324 YV,NL,Netherlands,EMEA,Dutch,Consumer,None,2023-02-04,2023,NEW,True,MDM,2023-02-04 00:00:00,2026-04-17 15:58:43.386062
98ea12d6-6360-47a4-af65-4ffb42762d4d,CUST-2023-NL-000050,Joy,Labado,Joy Labado,Male,1990-02-21,joy.labado292@zoho.com,0328-869083,Sarahweg 82,Bunne,Kerk Avezaath,5990FY,NL,Netherlands,EMEA,Dutch,Business,Silver,2023-02-05,2023,NEW,True,MDM,2023-02-05 00:00:00,2026-04-17 15:58:43.386118
025f33ea-1fbf-47cf-96a3-d414d8f9cc5e,CUST-2023-NL-000051,David,Oostveen,David Oostveen,Male,1972-04-20,david.oostveen@protonmail.com,(0257) 409533,Tobiassteeg 2,Buren,Groesbeek,9593WC,NL,Netherlands,EMEA,Dutch,Consumer,None,2023-07-26,2023,NEW,True,MDM,2023-07-26 00:00:00,2026-04-17 15:58:43.386174
1fdd9f03-1bd4-45dd-9b17-dc7ca936943b,CUST-2023-NL-000052,Faas,Bronder,Faas Bronder,Female,1978-01-12,faas.bronder509@mail.com,(079)-5164960,Laurenweg 1,Klooster Lidlum,Moerstraten,9364 QT,NL,Netherlands,EMEA,Dutch,Consumer,Silver,2023-06-14,2023,NEW,True,MDM,2023-06-14 00:00:00,2026-04-17 15:58:43.386228
98382d95-dfec-4f22-9e40-7566636eaf1b,CUST-2023-NL-000053,Tijmen,Marchal,Tijmen Marchal,Male,2007-08-28,tijmen.marchal@live.com,087 3008564,Sannesteeg 0,'s-Gravenpolder,De Klomp,8398NS,NL,Netherlands,EMEA,Dutch,Consumer,None,2023-12-26,2023,NEW,False,MDM,2023-12-26 00:00:00,2026-04-17 15:58:43.386283
34633a51-e307-4c51-ab8a-2a923329e4ad,CUST-2023-NL-000054,Linn,Elsemulder,Linn Elsemulder,Male,1973-03-20,linn.elsemulder146@msn.com,+31247-684943,Kiandreef 882,Koolwijk,Vijlen,9446UD,NL,Netherlands,EMEA,Dutch,Consumer,None,2023-05-26,2023,NEW,True,MDM,2023-05-26 00:00:00,2026-04-17 15:58:43.386340
9b57432a-75ee-474f-ae03-4d32c177cab6,CUST-2023-NL-000055,Floor,Vrancken,Floor Vrancken,Male,1966-06-12,floor.vrancken@aol.com,(048) 2727502,Valentijnlaan 2,Uden,Wognum,5517PH,NL,Netherlands,EMEA,Dutch,Consumer,Gold,2023-12-10,2023,NEW,True,MDM,2023-12-10 00:00:00,2026-04-17 15:58:43.386400
5efdd265-5b1f-41e9-ab4f-1ab24a9e95c6,CUST-2023-NL-000056,Stijn,Jurrijens,Stijn Jurrijens,Female,1968-07-09,stijn.jurrijens@zoho.com,+3148 8501066,Loeslaan 0,Nagele,Doldersum,1944 UU,NL,Netherlands,EMEA,Dutch,Consumer,None,2023-08-14,2023,NEW,True,MDM,2023-08-14 00:00:00,2026-04-17 15:58:43.386455
fd261e9a-41a0-4875-9170-e587193bd635,CUST-2023-NL-000057,Yusuf,Lips,Yusuf Lips,Male,2007-07-10,yusuf.lips515@hotmail.com,+31815-518503,Ariepad 9,Hellouw,Beugen,2291WO,NL,Netherlands,EMEA,Dutch,Consumer,None,2023-11-27,2023,NEW,True,MDM,2023-11-27 00:00:00,2026-04-17 15:58:43.386511
f89dcac4-de43-48c2-900d-9b056923b5fc,CUST-2023-NL-000058,Rosa,Booden,Rosa Booden,Male,1957-11-27,rosa.booden@gmail.com,(0157)-475417,Robinbaan 8,Schoonebeek,Delft,7301 BU,NL,Netherlands,EMEA,Dutch,Consumer,Platinum,2023-08-19,2023,NEW,True,MDM,2023-08-19 00:00:00,2026-04-17 15:58:43.386564
b69c095a-4368-4015-b2be-1c376979d2b3,CUST-2023-NL-000059,Isis,Ligtvoet,Isis Ligtvoet,Male,1984-05-20,isis.ligtvoet@live.com,+31(0)810-530481,Kyandreef 579,Noordeinde,Lippenhuizen,9569CA,NL,Netherlands,EMEA,Dutch,Education,Silver,2023-01-29,2023,NEW,True,MDM,2023-01-29 00:00:00,2026-04-17 15:58:43.386621
68d1fc6e-3e01-49ac-98a6-a695502ab2ae,CUST-2023-NL-000060,Bart,van Baalen,Bart van Baalen,Female,1972-06-20,bart.vanbaalen@yahoo.com,+3165 9696342,Liambaan 27,Hoofdplaat,Oosthem,1131 UT,NL,Netherlands,EMEA,Dutch,Consumer,None,2023-01-10,2023,NEW,True,MDM,2023-01-10 00:00:00,2026-04-17 15:58:43.386680
c6b686a3-1fa0-460e-88e4-371914ced639,CUST-2023-NL-000061,Nynke,Dirksen,Nynke Dirksen,Male,1959-09-10,nynke.dirksen@msn.com,+31890 116702,Frederiquelaan 20,Oldebroek,Grubbenvorst,4004LY,NL,Netherlands,EMEA,Dutch,Consumer,Gold,2023-08-18,2023,NEW,True,MDM,2023-08-18 00:00:00,2026-04-17 15:58:43.386736
ce4f87c2-f7e0-4e2c-93f1-019a29fb0a3f,CUST-2023-NL-000062,Milan,Mens,Milan Mens,Female,1950-10-03,milan.mens974@yahoo.com,+31(0)843-683475,Thijmenpad 215,Egmond aan Zee,Rijnsaterwoude,1758IB,NL,Netherlands,EMEA,Dutch,Consumer,None,2023-03-11,2023,NEW,False,MDM,2023-03-11 00:00:00,2026-04-17 15:58:43.386796
9873a8cb-5cc9-430a-8803-95cc78291459,CUST-2023-NL-000063,Jake,van Henegouwen,Jake van Henegouwen,Female,1990-01-29,jake.vanhenegouwen924@mail.com,+31(0)57-5609210,Hendrikring 355,Susteren,Eexterveen,7797 XL,NL,Netherlands,EMEA,Dutch,Consumer,None,2023-01-23,2023,NEW,True,MDM,2023-01-23 00:00:00,2026-04-17 15:58:43.386855
6d2a8e86-cffc-4775-a0a3-c9536692832b,CUST-2023-NL-000064,Amir,Zevenboom,Amir Zevenboom,Male,1989-09-30,amir.zevenboom254@gmx.com,091 2457991,Katering 723,Ommen,Pieterzijl,3199 SX,NL,Netherlands,EMEA,Dutch,Business,None,2023-07-02,2023,NEW,True,MDM,2023-07-02 00:00:00,2026-04-17 15:58:43.386910
f083751b-6bc4-49ef-a8f7-91221cf2cf3b,CUST-2023-NL-000065,Matthijs,Rutten,Matthijs Rutten,Female,2004-09-14,matthijs.rutten262@gmx.com,+3184-0925741,Kianhof 270,Berlicum,Purmerland,3069 UG,NL,Netherlands,EMEA,Dutch,Business,Platinum,2023-04-03,2023,NEW,True,MDM,2023-04-03 00:00:00,2026-04-17 15:58:43.386968
b9dd07a1-9698-4b8a-9182-70c13ff48e55,CUST-2023-NL-000066,Ian,Blonk,Ian Blonk,Male,1963-01-06,ian.blonk@protonmail.com,+3124-8567611,Suzepad 938,Kapel Avezaath,Drempt,4038 ET,NL,Netherlands,EMEA,Dutch,Consumer,Silver,2023-11-24,2023,NEW,True,MDM,2023-11-24 00:00:00,2026-04-17 15:58:43.387055
7b80dd16-d124-41d5-9f7c-a1c84e16bdca,CUST-2023-NL-000067,Guusje,van Mare,Guusje van Mare,Female,1981-03-09,guusje.vanmare@outlook.com,081-2300213,Joëlring 8,Uitgeest,Buren,2882RM,NL,Netherlands,EMEA,Dutch,Consumer,None,2023-01-08,2023,NEW,True,MDM,2023-01-08 00:00:00,2026-04-17 15:58:43.387133
21d58912-984c-4fcb-946e-8817dd2a50ce,CUST-2023-NL-000068,Noor,van den Corput,Noor van den Corput,Female,2001-11-18,noor.vandencorput@msn.com,+31(0)83 6452804,Evipad 20,Den Dungen,Middenbeemster,5853 WP,NL,Netherlands,EMEA,Dutch,Business,Silver,2023-10-22,2023,NEW,True,MDM,2023-10-22 00:00:00,2026-04-17 15:58:43.387200
756c91b2-5ef6-4940-a576-77ea3ee8dd7f,CUST-2023-NL-000069,Gijs,van der Leek,Gijs van der Leek,Female,1992-12-09,gijs.vanderleek186@aol.com,(0762) 978474,Jorisbaan 51,Enter,Ter Heijde,2024CR,NL,Netherlands,EMEA,Dutch,Consumer,Gold,2023-04-22,2023,NEW,True,MDM,2023-04-22 00:00:00,2026-04-17 15:58:43.387263
79f242c2-939b-4d1d-8c6e-609b0b6375f9,CUST-2023-NL-000070,Eva,van Haeften,Eva van Haeften,Female,1985-07-22,eva.vanhaeften323@yahoo.com,+3191 2918679,Borisdreef 8,Zevenhoven,Posterholt,8627 XJ,NL,Netherlands,EMEA,Dutch,Consumer,Silver,2023-11-01,2023,NEW,False,MDM,2023-11-01 00:00:00,2026-04-17 15:58:43.387324
adc265ad-e9e7-4b72-b8af-2b56a072734c,CUST-2023-NL-000071,Janne,van der Maath,Janne van der Maath,Female,1982-04-30,janne.vandermaath@hotmail.com,(060)-8581111,Mariastraat 47,Hoofdplaat,Hommerts,8029 TA,NL,Netherlands,EMEA,Dutch,Consumer,None,2023-11-17,2023,NEW,True,MDM,2023-11-17 00:00:00,2026-04-17 15:58:43.387383
d4ce9e15-a702-4896-bc1d-21233fc9182c,CUST-2023-NL-000072,Lois,van Dokkum,Lois van Dokkum,Male,1958-09-29,lois.vandokkum@msn.com,+31(0)27 1030934,Fatimasingel 5,Holtum,Uitwijk,8254 EL,NL,Netherlands,EMEA,Dutch,Consumer,Silver,2023-06-04,2023,NEW,True,MDM,2023-06-04 00:00:00,2026-04-17 15:58:43.387447
30af211b-9581-4dd2-8ade-5fc70fcc932d,CUST-2023-NL-000073,Jurre,Kas,Jurre Kas,Female,1975-02-21,jurre.kas@gmx.com,+31(0)66-8071776,Stellaring 73,Malden,Oostwold,6119SN,NL,Netherlands,EMEA,Dutch,Consumer,None,2023-02-06,2023,NEW,True,MDM,2023-02-06 00:00:00,2026-04-17 15:58:43.387512
837dead2-28a4-437a-bfe1-53d783900db7,CUST-2023-NL-000074,Stijn,Verheij,Stijn Verheij,Female,1975-06-23,stijn.verheij277@hotmail.com,(030)-8452984,Nikkiring 540,Dodewaard,Teroele,1550FI,NL,Netherlands,EMEA,Dutch,Consumer,Silver,2023-08-07,2023,NEW,True,MDM,2023-08-07 00:00:00,2026-04-17 15:58:43.387574
d28a0d5b-2c0b-4513-8d9b-2e962678c0dd,CUST-2023-NL-000075,Sil,de Keijzer,Sil de Keijzer,Female,1953-02-01,sil.dekeijzer@gmail.com,(0246) 279089,Sofiabaan 383,Heesselt,Briltil,6183 IW,NL,Netherlands,EMEA,Dutch,Business,None,2023-11-14,2023,NEW,True,MDM,2023-11-14 00:00:00,2026-04-17 15:58:43.387639
fb973483-ae77-4d14-87b6-f2fcfa10de67,CUST-2023-NL-000076,Noor,Elberts,Noor Elberts,Female,1999-09-14,noor.elberts@zoho.com,+31(0)11-4812894,Joepboulevard 3,Biest-Houtakker,Feinsum,1136DM,NL,Netherlands,EMEA,Dutch,Business,Silver,2023-01-27,2023,NEW,True,MDM,2023-01-27 00:00:00,2026-04-17 15:58:43.387697
17594db4-997f-4f6f-a220-b4b660592a98,CUST-2023-NL-000077,Willem,Diesbergen,Willem Diesbergen,Male,1972-05-12,willem.diesbergen@live.com,(0466)-085073,Renskesingel 60,Esbeek,Terband,4425 FM,NL,Netherlands,EMEA,Dutch,Consumer,None,2023-03-10,2023,NEW,True,MDM,2023-03-10 00:00:00,2026-04-17 15:58:43.387756
c0f725ee-90f3-4f3e-930d-6e3e2d17f118,CUST-2023-NL-000078,Frederique,van Cuijck,Frederique van Cuijck,Female,1972-04-29,frederique.vancuijck776@zoho.com,+31(0)29-8104209,Alexboulevard 7,Siegerswoude,Hekendorp,3751 MC,NL,Netherlands,EMEA,Dutch,Business,None,2023-04-02,2023,NEW,True,MDM,2023-04-02 00:00:00,2026-04-17 15:58:43.387816
8692e8ed-7226-42e6-8d73-7f3e8245d22b,CUST-2023-NL-000079,Fiene,Erhout,Fiene Erhout,Male,1994-11-12,fiene.erhout@zoho.com,+31(0)743-275806,Tobiashof 3,Schalkhaar,Heeze,8176LM,NL,Netherlands,EMEA,Dutch,Consumer,Platinum,2023-12-18,2023,NEW,True,MDM,2023-12-18 00:00:00,2026-04-17 15:58:43.387876
934e15d4-aeee-4a2b-890b-ca3fbefdd249,CUST-2023-NL-000080,Yassin,Bruijne van der Veen,Yassin Bruijne van der Veen,Male,1971-04-11,yassin.bruijnevanderveen@protonmail.com,(005)-7420267,Aminasteeg 894,Scheulder,Krimpen aan den IJssel,3219CY,NL,Netherlands,EMEA,Dutch,Consumer,None,2023-01-20,2023,NEW,True,MDM,2023-01-20 00:00:00,2026-04-17 15:58:43.387937
be1f03ca-9f29-41fa-ae51-429467c3029b,CUST-2023-NL-000081,Yfke,de Gratie,Yfke de Gratie,Female,1985-08-20,yfke.degratie67@hotmail.com,+31(0)557-090554,Imranboulevard 960,Aartswoud,Heiligerlee,6050 XW,NL,Netherlands,EMEA,Dutch,Consumer,Silver,2023-04-17,2023,NEW,True,MDM,2023-04-17 00:00:00,2026-04-17 15:58:43.387995
ecbd23e0-de93-4da2-b4c0-b751b1591458,CUST-2023-NL-000082,Ilse,Broeders,Ilse Broeders,Male,2004-12-01,ilse.broeders@protonmail.com,(0325) 683648,Colinring 20,Swichum,Driehuizen,6407 GL,NL,Netherlands,EMEA,Dutch,Consumer,None,2023-01-22,2023,NEW,True,MDM,2023-01-22 00:00:00,2026-04-17 15:58:43.388055
9fc03305-62a5-48af-a229-98eae7904894,CUST-2023-NL-000083,Sil,Lage,Sil Lage,Female,2007-03-02,sil.lage@icloud.com,0254 445726,Melissasingel 421,Geeuwenbrug,Winterswijk Henxel,3449DY,NL,Netherlands,EMEA,Dutch,Education,None,2023-02-05,2023,NEW,True,MDM,2023-02-05 00:00:00,2026-04-17 15:58:43.388115
64b44b5e-a8f0-4591-9d88-fc7ec7d9a74d,CUST-2023-NL-000084,Dylan,Demmendaal,Dylan Demmendaal,Female,1996-04-11,dylan.demmendaal@icloud.com,+31(0)90 0502358,Jaysonring 1,Weert,Eenrum,6899 XC,NL,Netherlands,EMEA,Dutch,Consumer,None,2023-07-27,2023,NEW,True,MDM,2023-07-27 00:00:00,2026-04-17 15:58:43.388173
1f370920-4c6d-4764-a4f2-19ecdfa1d617,CUST-2023-NL-000085,Milan,Hoedemakers,Milan Hoedemakers,Female,1986-09-19,milan.hoedemakers929@mail.com,0935 417534,Sjoerddreef 00,Piershil,Lichtaard,1534 NS,NL,Netherlands,EMEA,Dutch,Consumer,Silver,2023-04-25,2023,NEW,True,MDM,2023-04-25 00:00:00,2026-04-17 15:58:43.388227
481ef41f-9574-4e47-b43c-db5a84a267e5,CUST-2023-NL-000086,Kyan,Tammerijn,Kyan Tammerijn,Female,1965-04-27,kyan.tammerijn178@protonmail.com,+31977 301730,Kyanohof 25,Enumatil,Hengelo (Gld),3283CJ,NL,Netherlands,EMEA,Dutch,Consumer,None,2023-11-09,2023,NEW,False,MDM,2023-11-09 00:00:00,2026-04-17 15:58:43.388287
9cff8282-13de-42ee-842f-a6d6ad6f4ce8,CUST-2023-NL-000087,Niels,Jacobi,Niels Jacobi,Female,1969-02-22,niels.jacobi@zoho.com,+31126 758936,Ecrinstraat 1,Arnemuiden,Oostwold,1318DC,NL,Netherlands,EMEA,Dutch,Consumer,Silver,2023-11-02,2023,NEW,True,MDM,2023-11-02 00:00:00,2026-04-17 15:58:43.388345
e5441044-692b-4f2b-b21a-75f7c8508b73,CUST-2023-NL-000088,Bo,Uphus,Bo Uphus,Male,1966-01-07,bo.uphus875@mail.com,(004) 2280605,Kimpad 591,Hoogezand,Naaldwijk,7794LS,NL,Netherlands,EMEA,Dutch,Consumer,None,2023-10-22,2023,NEW,True,MDM,2023-10-22 00:00:00,2026-04-17 15:58:43.388403
d6753025-9897-458d-be1b-48a7c155b0ba,CUST-2023-NL-000089,Jari,Feltzer,Jari Feltzer,Male,1974-07-29,jari.feltzer@gmail.com,+31034-553923,Femsingel 964,Surhuizum,Oostkapelle,2624OW,NL,Netherlands,EMEA,Dutch,Education,Gold,2023-02-10,2023,NEW,True,MDM,2023-02-10 00:00:00,2026-04-17 15:58:43.388456
30281e74-7070-4ec8-ae38-9c7609f28974,CUST-2023-NL-000090,Livia,Momberg,Livia Momberg,Female,1984-06-11,livia.momberg@icloud.com,(064) 5560114,Brianlaan 4,Westerlee,Groenekan,4763 LZ,NL,Netherlands,EMEA,Dutch,Consumer,Gold,2023-11-08,2023,NEW,True,MDM,2023-11-08 00:00:00,2026-04-17 15:58:43.388514
9549421f-b574-4510-90c7-af9d5cdb0210,CUST-2023-NL-000091,Lena,Hoedemakers,Lena Hoedemakers,Female,1988-02-18,lena.hoedemakers@gmail.com,(0184) 119793,Juulstraat 34,Westerwijtwerd,Zaandam,8315NI,NL,Netherlands,EMEA,Dutch,Consumer,Silver,2023-08-29,2023,NEW,True,MDM,2023-08-29 00:00:00,2026-04-17 15:58:43.388571
462c3ce7-b49b-494a-923d-e8b2e80b1ccb,CUST-2023-NL-000092,Niels,Janssens,Niels Janssens,Female,2000-08-19,niels.janssens@zoho.com,(0551) 906742,Rubenbaan 56,Huissen,Hoenderloo,5378PN,NL,Netherlands,EMEA,Dutch,Consumer,None,2023-08-16,2023,NEW,True,MDM,2023-08-16 00:00:00,2026-04-17 15:58:43.388628
26c3dee8-7a40-41df-a610-a06cd1913995,CUST-2023-NL-000093,Kaylee,Vervoort,Kaylee Vervoort,Female,1973-06-25,kaylee.vervoort@icloud.com,+3156 3768690,Merijndreef 14,Eede,Broek in Waterland,8801YO,NL,Netherlands,EMEA,Dutch,Business,None,2023-03-25,2023,NEW,True,MDM,2023-03-25 00:00:00,2026-04-17 15:58:43.388684
85ab3f65-de1e-4b3e-a3b5-766c65b11198,CUST-2023-NL-000094,Tessa,Galijn,Tessa Galijn,Male,1981-01-19,tessa.galijn@msn.com,085-4654016,Simonring 9,Grijpskerk,Mantgum,3025TL,NL,Netherlands,EMEA,Dutch,Consumer,Platinum,2023-04-22,2023,NEW,True,MDM,2023-04-22 00:00:00,2026-04-17 15:58:43.388737
6deadb18-dcba-4ab0-89d7-e3c20b78a364,CUST-2023-NL-000095,Kim,Blom,Kim Blom,Female,1994-09-23,kim.blom@yahoo.com,(077) 9409579,Livring 133,Twisk,Westeremden,4518 SC,NL,Netherlands,EMEA,Dutch,Consumer,Gold,2023-05-26,2023,NEW,True,MDM,2023-05-26 00:00:00,2026-04-17 15:58:43.388794
efdd7b84-ffb4-4822-94cd-3dbed5724335,CUST-2023-NL-000096,Zeynep,Geldens,Zeynep Geldens,Male,1998-06-15,zeynep.geldens136@hotmail.com,+31291-889079,Borisboulevard 3,Ingber,Mastenbroek,6265 GX,NL,Netherlands,EMEA,Dutch,Business,None,2023-10-06,2023,NEW,True,MDM,2023-10-06 00:00:00,2026-04-17 15:58:43.388850
4be75f36-c0be-4074-8161-c305cd48c349,CUST-2023-NL-000097,Tycho,Bernaards,Tycho Bernaards,Female,1988-08-10,tycho.bernaards@hotmail.com,030 8161266,Brittsteeg 873,De Weere,Lemelerveld,6900MD,NL,Netherlands,EMEA,Dutch,Business,Gold,2023-08-07,2023,NEW,True,MDM,2023-08-07 00:00:00,2026-04-17 15:58:43.388905
ac84a554-f396-4d79-81df-3266849bfbb9,CUST-2023-NL-000098,Jay,Schellekens,Jay Schellekens,Female,1959-05-26,jay.schellekens@icloud.com,+31(0)452-995109,Davehof 076,Ellewoutsdijk,Oosternieland,8065 BA,NL,Netherlands,EMEA,Dutch,Education,Gold,2023-07-29,2023,NEW,True,MDM,2023-07-29 00:00:00,2026-04-17 15:58:43.388963
cb5c58cf-2d29-4960-b11d-a1f76d6b46dd,CUST-2023-NL-000099,Jayden,Godfrey van Alemannië,Jayden Godfrey van Alemannië,Male,1971-02-12,jayden.godfreyvanalemanni@msn.com,+31765 319316,Emmabaan 64,Loon,Hijum,3139 PG,NL,Netherlands,EMEA,Dutch,Education,Silver,2023-03-15,2023,NEW,True,MDM,2023-03-15 00:00:00,2026-04-17 15:58:43.389018
5ef3e5c2-5188-4256-aacb-b81e1fdef830,CUST-2023-NL-000100,Tristan,Remmers,Tristan Remmers,Female,1991-07-22,tristan.remmers@mail.com,(065)-0431875,Jaydadreef 7,St.-Jacobiparochie,Zijdewind,6257 CM,NL,Netherlands,EMEA,Dutch,Consumer,None,2023-02-26,2023,NEW,True,MDM,2023-02-26 00:00:00,2026-04-17 15:58:43.389076
76aa68b9-07c4-4ff1-83a1-dc92512ab025,CUST-2023-NL-000101,Pieter,Adriaense,Pieter Adriaense,Male,1955-11-29,pieter.adriaense@gmail.com,+31(0)137-205659,Kikiweg 86,Ter Idzard,Biddinghuizen,6320XC,NL,Netherlands,EMEA,Dutch,Consumer,None,2023-11-26,2023,NEW,True,MDM,2023-11-26 00:00:00,2026-04-17 15:58:43.389136
6d66e762-7d83-4be8-872b-cae1bc95ebc5,CUST-2023-NL-000102,Mara,Ramaker,Mara Ramaker,Male,1979-03-10,mara.ramaker267@hotmail.com,(0427) 974212,Daniquebaan 3,Heijen,Losser,7193 OM,NL,Netherlands,EMEA,Dutch,Consumer,None,2023-03-22,2023,NEW,True,MDM,2023-03-22 00:00:00,2026-04-17 15:58:43.389194
f179d9da-f0c0-493b-9100-c82d52461b8f,CUST-2023-NL-000103,Fatima,Hendriks,Fatima Hendriks,Male,1991-06-27,fatima.hendriks@outlook.com,+31(0)877 854047,Zoeyhof 74,Taarlo,Santpoort-Zuid,8149 BB,NL,Netherlands,EMEA,Dutch,Consumer,None,2023-07-07,2023,NEW,True,MDM,2023-07-07 00:00:00,2026-04-17 15:58:43.389253
f5a46803-5d6f-4f4f-bf08-9c34cef0407f,CUST-2023-NL-000104,Jet,van Vliet,Jet van Vliet,Female,1954-01-01,jet.vanvliet@hotmail.com,0159-642929,Fatimasteeg 0,Bitgummole,Midlum,1480UW,NL,Netherlands,EMEA,Dutch,Education,Silver,2023-07-18,2023,NEW,True,MDM,2023-07-18 00:00:00,2026-04-17 15:58:43.389311
eed2a336-6c18-428d-b8f7-ea9de0a998c2,CUST-2023-NL-000105,Gijs,Hekker,Gijs Hekker,Male,1986-02-25,gijs.hekker@gmail.com,+31(0)203-248653,Amirring 7,Ottoland,Kantens,1469 EH,NL,Netherlands,EMEA,Dutch,Consumer,None,2023-03-27,2023,NEW,True,MDM,2023-03-27 00:00:00,2026-04-17 15:58:43.389366
cdb01d4d-d286-4dd5-a179-3f6387365137,CUST-2023-NL-000106,Jennifer,Borman,Jennifer Borman,Male,1957-02-04,jennifer.borman@aol.com,+31(0)473-452646,Merijndreef 645,Leeuwarden,Winterswijk Miste,4024TM,NL,Netherlands,EMEA,Dutch,Consumer,None,2023-01-21,2023,NEW,True,MDM,2023-01-21 00:00:00,2026-04-17 15:58:43.389420
091721c4-ac8f-44db-bb93-2c7b5bc6fe63,CUST-2023-NL-000107,Roan,de Korte,Roan de Korte,Male,1982-09-14,roan.dekorte557@outlook.com,0717 579751,Jolijndreef 09,Leusden,Heesch,5046 GW,NL,Netherlands,EMEA,Dutch,Consumer,None,2023-11-24,2023,NEW,False,MDM,2023-11-24 00:00:00,2026-04-17 15:58:43.389479
5ef4673b-7ef3-4eb6-beab-3ba0107318a7,CUST-2023-NL-000108,Zoey,van Nes,Zoey van Nes,Female,1987-08-28,zoey.vannes680@zoho.com,(0349)-293669,Jetpad 6,Wanneperveen,IJsselstein,7766 KW,NL,Netherlands,EMEA,Dutch,Consumer,None,2023-01-28,2023,NEW,True,MDM,2023-01-28 00:00:00,2026-04-17 15:58:43.389558
bc73a65b-c925-4ee2-bdec-23f82353dc28,CUST-2023-NL-000109,Dani,Scardino,Dani Scardino,Female,1999-12-21,dani.scardino695@live.com,(0640) 444023,Jillsingel 385,Stroobos,Siegerswoude,6617 HB,NL,Netherlands,EMEA,Dutch,Consumer,None,2023-09-18,2023,NEW,True,MDM,2023-09-18 00:00:00,2026-04-17 15:58:43.389614
d841b7eb-ccca-429e-a04e-9973944f732b,CUST-2023-NL-000110,Collin,Wipstrik,Collin Wipstrik,Male,1952-10-09,collin.wipstrik@mail.com,087-2140261,Brentstraat 06,Oranjewoud,2e Valthermond,1507YV,NL,Netherlands,EMEA,Dutch,Business,Silver,2023-11-18,2023,NEW,True,MDM,2023-11-18 00:00:00,2026-04-17 15:58:43.389671
6ed2e182-5e7a-46aa-87c8-21d4a336b2ac,CUST-2023-NL-000111,Fem,Bastiaense,Fem Bastiaense,Male,1972-11-15,fem.bastiaense134@yahoo.com,+31(0)329 149112,Quintypad 608,Farmsum,Sint Annen,2294ZS,NL,Netherlands,EMEA,Dutch,Consumer,None,2023-08-22,2023,NEW,True,MDM,2023-08-22 00:00:00,2026-04-17 15:58:43.389729
cb865333-0a1b-482f-b1db-5dfadba92b15,CUST-2023-NL-000112,Mette,Postma,Mette Postma,Male,1979-03-31,mette.postma@icloud.com,+31056-407134,Ashleyboulevard 2,Piershil,De Tike,7734LW,NL,Netherlands,EMEA,Dutch,Consumer,None,2023-09-20,2023,NEW,True,MDM,2023-09-20 00:00:00,2026-04-17 15:58:43.389792
6fbb8727-3532-4760-b5c4-029726515c8d,CUST-2023-NL-000113,Senna,van Velthoven,Senna van Velthoven,Female,1952-10-09,senna.vanvelthoven@outlook.com,+31128 922748,Nickweg 40,Lattrop-Breklenkamp,De Knipe,5876 VB,NL,Netherlands,EMEA,Dutch,Consumer,Platinum,2023-03-14,2023,NEW,True,MDM,2023-03-14 00:00:00,2026-04-17 15:58:43.389850
bbf8ecd8-626f-4957-8104-8f2ea49d9022,CUST-2023-NL-000114,Loïs,van der Heijden,Loïs van der Heijden,Male,2001-08-17,los.vanderheijden@outlook.com,074 3346684,Selinaweg 353,Wirdum Gn,Oene,6353 SY,NL,Netherlands,EMEA,Dutch,Consumer,None,2023-02-27,2023,NEW,True,MDM,2023-02-27 00:00:00,2026-04-17 15:58:43.389909
05e72bea-66da-443e-a2cb-93d080228151,CUST-2023-NL-000115,Jorn,Carnotte,Jorn Carnotte,Male,2000-09-23,jorn.carnotte748@hotmail.com,054-0011337,Mauritsdreef 9,Noordlaren,Slappeterp,4074 ZY,NL,Netherlands,EMEA,Dutch,Consumer,None,2023-03-22,2023,NEW,True,MDM,2023-03-22 00:00:00,2026-04-17 15:58:43.389965
90a37733-8ba6-4472-9bea-5882bd06def8,CUST-2023-NL-000116,Sven,van Arnsberg,Sven van Arnsberg,Female,2003-06-22,sven.vanarnsberg@hotmail.com,(0954) 170939,Florishof 764,Noordeloos,Sliedrecht,8854 PG,NL,Netherlands,EMEA,Dutch,Consumer,Silver,2023-10-03,2023,NEW,True,MDM,2023-10-03 00:00:00,2026-04-17 15:58:43.390022
aa12f2f7-b9c7-419a-9b3c-9c8c03c53465,CUST-2023-NL-000117,Daan,van Goerle,Daan van Goerle,Male,1991-06-04,daan.vangoerle552@gmail.com,(040)-0078288,Joostring 91,Ouwsterhaule,Ooltgensplaat,3973 WT,NL,Netherlands,EMEA,Dutch,Business,Platinum,2023-03-14,2023,NEW,False,MDM,2023-03-14 00:00:00,2026-04-17 15:58:43.390077
91eb375b-db86-4e30-b8e8-ea59f1776a01,CUST-2023-NL-000118,Keano,Texier,Keano Texier,Female,1960-09-01,keano.texier@gmx.com,028-0019625,Hamzahof 9,Hooglanderveen,Stolwijk,1865NN,NL,Netherlands,EMEA,Dutch,Education,Platinum,2023-11-27,2023,NEW,True,MDM,2023-11-27 00:00:00,2026-04-17 15:58:43.390131
0a663826-da9b-467a-93b0-c032138ec3b4,CUST-2023-NL-000119,Siem,van de Velde,Siem van de Velde,Male,1996-11-05,siem.vandevelde871@hotmail.com,+31543-647110,Ivanpad 53,Giessenburg,Sandfirden,7485OM,NL,Netherlands,EMEA,Dutch,Consumer,Silver,2023-04-25,2023,NEW,True,MDM,2023-04-25 00:00:00,2026-04-17 15:58:43.390186
f253495b-0c5a-47c6-a722-848c347d8ca9,CUST-2023-NL-000120,Alyssa,de Jager,Alyssa de Jager,Male,1973-11-29,alyssa.dejager@hotmail.com,+3171 3219618,Matspad 2,Erica,Hallum,9295 HM,NL,Netherlands,EMEA,Dutch,Consumer,None,2023-06-28,2023,NEW,True,MDM,2023-06-28 00:00:00,2026-04-17 15:58:43.390241
1f00b623-a2d9-4bae-a679-f43d9499776c,CUST-2023-NL-000121,Dina,Spaan,Dina Spaan,Male,1975-04-10,dina.spaan103@hotmail.com,(0721)-965238,Robindreef 47,Oudeschans,Kelpen-Oler,6428 TK,NL,Netherlands,EMEA,Dutch,Business,Platinum,2023-12-10,2023,NEW,True,MDM,2023-12-10 00:00:00,2026-04-17 15:58:43.390297
8e2a83f0-3a9b-49c7-9cc6-8a5b87975e15,CUST-2023-NL-000122,Linn,Aertsz,Linn Aertsz,Male,2001-07-15,linn.aertsz62@yahoo.com,+3158-2493454,Timolaan 9,Steyl,Wieringerwaard,5259AG,NL,Netherlands,EMEA,Dutch,Consumer,None,2023-05-24,2023,NEW,True,MDM,2023-05-24 00:00:00,2026-04-17 15:58:43.390358
2cf96d9c-1307-47e1-99e8-01fecfe1c626,CUST-2023-NL-000123,Olivier,van Asten,Olivier van Asten,Female,1985-11-11,olivier.vanasten@msn.com,+31871-637325,Noralaan 125,Hidaard,Uitgeest,8773 CM,NL,Netherlands,EMEA,Dutch,Consumer,None,2023-09-13,2023,NEW,True,MDM,2023-09-13 00:00:00,2026-04-17 15:58:43.390417
bb5d2d71-3ba6-4696-8266-ee08e18d50bd,CUST-2023-NL-000124,Elena,Middelkoop,Elena Middelkoop,Male,1962-03-17,elena.middelkoop@mail.com,+31(0)224-255466,Zakariasingel 327,1e Exloërmond,Winterswijk Huppel,2363 KA,NL,Netherlands,EMEA,Dutch,Consumer,None,2023-04-11,2023,NEW,True,MDM,2023-04-11 00:00:00,2026-04-17 15:58:43.390473
89990a7f-85f0-4fe5-9639-6f03387248d5,CUST-2023-NL-000125,Zeynep,Janse,Zeynep Janse,Male,1970-05-24,zeynep.janse@icloud.com,+31(0)06 6427422,Leonlaan 57,Werkendam,Kolhorn,2768 IL,NL,Netherlands,EMEA,Dutch,Business,None,2023-11-13,2023,NEW,True,MDM,2023-11-13 00:00:00,2026-04-17 15:58:43.390529
031e6329-7aff-4fa0-b089-599e08c72c77,CUST-2023-NL-000126,Michael,Rackham,Michael Rackham,Male,1990-03-09,michael.rackham479@gmx.com,014-1295045,Ninapad 4,Harich,Eys,3841 YD,NL,Netherlands,EMEA,Dutch,Consumer,None,2023-12-17,2023,NEW,True,MDM,2023-12-17 00:00:00,2026-04-17 15:58:43.390583
9aec6b5e-7832-4451-a3b8-dc398aa83ed7,CUST-2023-NL-000127,Lizz,Backer,Lizz Backer,Female,1993-05-23,lizz.backer@live.com,(0246)-136017,Mariastraat 01,Oosternijkerk,Nibbixwoud,1435KK,NL,Netherlands,EMEA,Dutch,Consumer,None,2023-06-01,2023,NEW,True,MDM,2023-06-01 00:00:00,2026-04-17 15:58:43.390637
3e51f71f-d59b-4d8d-925d-7a17bb443c2d,CUST-2023-NL-000128,Giovanni,Coenen,Giovanni Coenen,Male,1950-05-29,giovanni.coenen903@outlook.com,+3114 6371663,Kyanoboulevard 14,Luyksgestel,Hulsberg,6181VK,NL,Netherlands,EMEA,Dutch,Consumer,None,2023-02-25,2023,NEW,True,MDM,2023-02-25 00:00:00,2026-04-17 15:58:43.390697
f317c12f-5547-4fec-b32a-d35561c5573c,CUST-2023-NL-000129,Evi,Geneart,Evi Geneart,Male,1969-02-05,evi.geneart906@icloud.com,(037) 9093061,Guusjebaan 1,Hulst,Neer,1688 RH,NL,Netherlands,EMEA,Dutch,Consumer,Platinum,2023-01-25,2023,NEW,True,MDM,2023-01-25 00:00:00,2026-04-17 15:58:43.390752
adf47df1-1df2-42ce-b48d-44117ddc97b3,CUST-2023-NL-000130,Boris,Gervais,Boris Gervais,Female,1954-11-11,boris.gervais@zoho.com,+31(0)38-8853001,Finnbaan 7,Veenklooster,Westwoud,7772 MQ,NL,Netherlands,EMEA,Dutch,Consumer,None,2023-11-20,2023,NEW,True,MDM,2023-11-20 00:00:00,2026-04-17 15:58:43.390807
4d097469-ba6d-4007-a587-81811cbd28fd,CUST-2023-NL-000131,Daphne,Scheffers,Daphne Scheffers,Male,1970-06-08,daphne.scheffers@icloud.com,+3189-3315995,Quinnweg 1,Schinnen,Oosterleek,6947LT,NL,Netherlands,EMEA,Dutch,Consumer,None,2023-04-10,2023,NEW,True,MDM,2023-04-10 00:00:00,2026-04-17 15:58:43.390865
40e76fdc-0f79-420f-90d8-2f9b889aa28f,CUST-2023-NL-000132,Lindsey,Godfrey van Alemannië,Lindsey Godfrey van Alemannië,Male,1991-03-09,lindsey.godfreyvanalemanni@mail.com,062-8655102,Boazstraat 055,Holtum,Herkingen,9286UU,NL,Netherlands,EMEA,Dutch,Consumer,None,2023-06-07,2023,NEW,True,MDM,2023-06-07 00:00:00,2026-04-17 15:58:43.390921
f2f5545c-a15c-4979-8f72-3f2e0889487c,CUST-2023-NL-000133,Annemijn,Gemen,Annemijn Gemen,Female,2004-04-05,annemijn.gemen@icloud.com,+31(0)796 586514,Jorislaan 9,Arum,Eext,3851PF,NL,Netherlands,EMEA,Dutch,Consumer,None,2023-09-19,2023,NEW,True,MDM,2023-09-19 00:00:00,2026-04-17 15:58:43.390979
b0f40bfb-2c05-40c5-92f7-fa47e7d7eaaa,CUST-2023-NL-000134,Tirza,Potters,Tirza Potters,Male,2001-09-21,tirza.potters@zoho.com,002-3580055,Hugoboulevard 819,Espel,Velsen-Noord,7890 RH,NL,Netherlands,EMEA,Dutch,Consumer,None,2023-06-12,2023,NEW,True,MDM,2023-06-12 00:00:00,2026-04-17 15:58:43.391040
7c43d381-b059-4136-bf62-68678e0e55bf,CUST-2023-NL-000135,Pleun,le Matelot,Pleun le Matelot,Female,1975-08-09,pleun.lematelot@msn.com,+3105 9579126,Arthurlaan 4,Slagharen,Nieuwaal,5464JT,NL,Netherlands,EMEA,Dutch,Consumer,Platinum,2023-11-11,2023,NEW,True,MDM,2023-11-11 00:00:00,2026-04-17 15:58:43.391093
ce64786c-2059-4df1-b8db-0c74098023d8,CUST-2023-NL-000136,Bilal,Bresé,Bilal Bresé,Female,1971-09-22,bilal.bres860@gmx.com,+3103 0490882,Lisasingel 72,Ewijk,Stuifzand,4949 DS,NL,Netherlands,EMEA,Dutch,Consumer,Silver,2023-03-04,2023,NEW,False,MDM,2023-03-04 00:00:00,2026-04-17 15:58:43.391152
3e6ef254-fbe7-48eb-9a11-22b8a917e646,CUST-2023-NL-000137,Nora,van den Wittenboer,Nora van den Wittenboer,Female,1954-10-15,nora.vandenwittenboer@aol.com,(005)-6387073,Ryanstraat 724,Varsseveld,De Bilt,6201 YE,NL,Netherlands,EMEA,Dutch,Consumer,Platinum,2023-02-01,2023,NEW,True,MDM,2023-02-01 00:00:00,2026-04-17 15:58:43.391210
8682f233-fb6b-41f1-852a-36ef8051eefb,CUST-2023-NL-000138,Jacob,Billung,Jacob Billung,Female,1951-01-05,jacob.billung@msn.com,+31(0)901-019888,Aylinhof 29,Paasloo,Oldeberkoop,8705 XK,NL,Netherlands,EMEA,Dutch,Consumer,None,2023-11-17,2023,NEW,True,MDM,2023-11-17 00:00:00,2026-04-17 15:58:43.391266
4926dfab-af2e-4991-8474-e435305da9e3,CUST-2023-NL-000139,Norah,Claesdr,Norah Claesdr,Male,1968-07-29,norah.claesdr@icloud.com,(011)-4390868,Demiweg 8,Ten Post,Peperga,6028 RC,NL,Netherlands,EMEA,Dutch,Consumer,None,2023-05-02,2023,NEW,True,MDM,2023-05-02 00:00:00,2026-04-17 15:58:43.391348
13bb8b84-f347-41be-bb36-74212482a9ac,CUST-2023-NL-000140,Guusje,Scharroo,Guusje Scharroo,Male,1961-05-31,guusje.scharroo@gmx.com,+31(0)203-655948,Arthurpad 5,Metslawier,De Krim,1113 KY,NL,Netherlands,EMEA,Dutch,Consumer,Silver,2023-08-17,2023,NEW,True,MDM,2023-08-17 00:00:00,2026-04-17 15:58:43.391417
d06d7cd1-0ebf-4d62-ad15-954398096b52,CUST-2023-NL-000141,Tijn,Chrodtrud,Tijn Chrodtrud,Female,1985-12-17,tijn.chrodtrud@mail.com,+31713 538679,Yasmindreef 175,Noordwolde,Broekland,7282 ST,NL,Netherlands,EMEA,Dutch,Consumer,None,2023-05-14,2023,NEW,True,MDM,2023-05-14 00:00:00,2026-04-17 15:58:43.391487
a141e580-4c9f-4abc-8b08-f4c09165eaa9,CUST-2023-NL-000142,Jari,van Metz,Jari van Metz,Male,1978-10-10,jari.vanmetz@yahoo.com,0324 396894,Bibistraat 79,Winterswijk Henxel,Wijnaldum,7930 XS,NL,Netherlands,EMEA,Dutch,Consumer,None,2023-09-17,2023,NEW,True,MDM,2023-09-17 00:00:00,2026-04-17 15:58:43.391548
6eeb2565-146d-4b0f-878a-e6efcf59212f,CUST-2023-NL-000143,Luka,Spreeuw,Luka Spreeuw,Female,1954-03-20,luka.spreeuw@icloud.com,0173-996529,Jinthesingel 65,Erica,Heemskerk,9782 KT,NL,Netherlands,EMEA,Dutch,Consumer,None,2023-11-30,2023,NEW,False,MDM,2023-11-30 00:00:00,2026-04-17 15:58:43.391605
8c401373-db14-4450-9409-70aafca20e88,CUST-2023-NL-000144,Anna,Scheffers,Anna Scheffers,Female,1985-02-20,anna.scheffers@yahoo.com,+31(0)066 752201,Jannasingel 423,Volendam,Egchel,4397OX,NL,Netherlands,EMEA,Dutch,Business,Platinum,2023-02-21,2023,NEW,True,MDM,2023-02-21 00:00:00,2026-04-17 15:58:43.391665
80f8ef41-46c0-421a-b0d1-bcc24487b4b6,CUST-2023-NL-000145,Evelien,Klomp Jan,Evelien Klomp Jan,Female,1958-07-15,evelien.klompjan@hotmail.com,+31(0)12 6102892,Maudpad 6,Wijdenes,Wittelte,7307DM,NL,Netherlands,EMEA,Dutch,Business,None,2023-12-24,2023,NEW,True,MDM,2023-12-24 00:00:00,2026-04-17 15:58:43.391739
67033966-6e47-4e30-83b4-68b840a7c10b,CUST-2023-NL-000146,Johanna,Martens,Johanna Martens,Male,1999-05-25,johanna.martens484@yahoo.com,+31(0)45 9348609,Lucaboulevard 381,Balgoij,Loppersum,5357AD,NL,Netherlands,EMEA,Dutch,Consumer,None,2023-12-06,2023,NEW,False,MDM,2023-12-06 00:00:00,2026-04-17 15:58:43.391805
8ebea5a7-9dc6-450d-ba6b-30da99c63f30,CUST-2023-NL-000147,Bram,Ariens Ansems,Bram Ariens Ansems,Female,1974-05-24,bram.ariensansems@yahoo.com,(031) 2963929,Nickhof 5,Katwijk,Bergambacht,2716 DB,NL,Netherlands,EMEA,Dutch,Consumer,Silver,2023-01-26,2023,NEW,True,MDM,2023-01-26 00:00:00,2026-04-17 15:58:43.391865
eca1171b-56d2-4238-9f6e-9d6192ec050f,CUST-2023-NL-000148,Julie,Brugman,Julie Brugman,Female,1977-08-15,julie.brugman356@hotmail.com,(051)-4716277,Noorweg 790,Pieterburen,Veulen,6594IQ,NL,Netherlands,EMEA,Dutch,Consumer,Gold,2023-12-28,2023,NEW,True,MDM,2023-12-28 00:00:00,2026-04-17 15:58:43.391947
5f0ef01a-8cb2-4a8f-9328-eb63ac7ffeaf,CUST-2023-NL-000149,Jesper,Amalrada,Jesper Amalrada,Female,1991-08-31,jesper.amalrada@zoho.com,+31(0)54-8026863,Azrasingel 52,Augustinusga,Kommerzijl,1906 RQ,NL,Netherlands,EMEA,Dutch,Consumer,None,2023-07-13,2023,NEW,True,MDM,2023-07-13 00:00:00,2026-04-17 15:58:43.392008
a2a23955-5cd0-4b97-860d-38d5354e2eb1,CUST-2023-NL-000150,Faas,Willemsen,Faas Willemsen,Female,1961-01-20,faas.willemsen20@protonmail.com,(002) 3841133,Frederiquesteeg 889,Diffelen,Bronkhorst,6274 FH,NL,Netherlands,EMEA,Dutch,Consumer,Platinum,2023-01-07,2023,NEW,True,MDM,2023-01-07 00:00:00,2026-04-17 15:58:43.392073
7ddab1ad-d3d5-4dc7-9b4b-2fe788b6bb28,CUST-2023-NL-000151,Emir,Persijn,Emir Persijn,Male,2003-01-26,emir.persijn@msn.com,0659 127975,Lukapad 795,Warder,Jislum,4007 VY,NL,Netherlands,EMEA,Dutch,Education,Platinum,2023-01-27,2023,NEW,True,MDM,2023-01-27 00:00:00,2026-04-17 15:58:43.392135
9bc88b98-cf89-417f-88c8-28be11694d4b,CUST-2023-NL-000152,Yfke,Hak,Yfke Hak,Male,1963-10-15,yfke.hak@zoho.com,+31426-244644,Loessteeg 24,Follega,Tienhoven,6226 IL,NL,Netherlands,EMEA,Dutch,Consumer,None,2023-07-18,2023,NEW,True,MDM,2023-07-18 00:00:00,2026-04-17 15:58:43.392197
880188d1-fcbb-431c-82f7-177ace91d0bc,CUST-2023-NL-000153,Micha,Miltenburg,Micha Miltenburg,Male,1952-12-21,micha.miltenburg@live.com,+31018 779358,Jeltesteeg 61,Kalenberg,Radio Kootwijk,1538RJ,NL,Netherlands,EMEA,Dutch,Business,Gold,2023-01-19,2023,NEW,True,MDM,2023-01-19 00:00:00,2026-04-17 15:58:43.392262
