customer_id,customer_number,first_name,last_name,full_name,gender,date_of_birth,email,phone_number,street_address,city,state_province,postal_code,country_code,country_name,region,preferred_language,customer_segment,loyalty_tier,registration_date,acquisition_year,customer_type,is_active,source_system,created_at,updated_at
884999b4-59e1-47b8-9e31-558bd640086a,CUST-2019-HK-000040,玉英,郭,玉英 郭,Male,1984-10-30,user991.apple@yahoo.com,004 85540049,南路688號,古坑,宜蘭,13429,HK,Hong Kong,GREATER_CHINA,Chinese,Education,None,2019-03-27,2019,RETURNING,True,MDM,2019-03-27,2026-04-17 15:58:46.656607
79808aa3-cc11-461c-a63f-76670798c58f,CUST-2019-HK-000142,家宏,謝,家宏 謝,Female,1989-09-02,user522.apple@protonmail.com,0941-726166,長安街4號,中壢,卑南縣,91579,HK,Hong Kong,GREATER_CHINA,Chinese,Education,Gold,2019-01-21,2019,RETURNING,True,MDM,2019-01-21,2026-04-17 15:58:46.656613
fcae7753-2b1d-44e2-b208-e1baa10a27e6,CUST-2022-HK-000146,淑玲,錢,淑玲 錢,Female,1959-01-30,user495.apple822@aol.com,(02) 56406747,西門路5號,白沙縣,臺東市,45990,HK,Hong Kong,GREATER_CHINA,Chinese,Consumer,None,2022-11-02,2022,RETURNING,True,MDM,2022-11-02 00:00:00,2026-04-17 15:58:46.656616
3c380b8e-210c-45f5-82e8-e81285ab5135,CUST-2019-HK-000403,寶珠,吳,寶珠 吳,Male,1962-07-06,user943.apple@gmx.com,0959-895958,東興街7段4號,蘆竹市,彰化縣,151,HK,Hong Kong,GREATER_CHINA,Chinese,Consumer,None,2019-01-01,2019,RETURNING,True,MDM,2019-01-01,2026-04-17 15:58:46.656618
aaa68aa5-5699-4186-8a31-4a1460df988f,CUST-2023-HK-000074,柏諺,黃,柏諺 黃,Female,1978-09-17,user997.apple616@hotmail.com,076 91161112,育英街9段36號,卑南,樹林,403,HK,Hong Kong,GREATER_CHINA,Chinese,Consumer,None,2023-02-19,2023,RETURNING,True,MDM,2023-02-19 00:00:00,2026-04-17 15:58:46.656621
1df09f73-df80-409f-ac1e-464323c6603a,CUST-2020-HK-000140,玉蘭,洪,玉蘭 洪,Female,1967-07-23,user774.apple@mail.com,0944-439255,仁愛巷659號,中和縣,新北縣,57353,HK,Hong Kong,GREATER_CHINA,Chinese,Consumer,Silver,2020-04-26,2020,RETURNING,True,MDM,2020-04-26 00:00:00,2026-04-17 15:58:46.656623
6feceeb3-1976-457c-b7b0-05a4b87b61b2,CUST-2020-HK-000081,春美,沈,春美 沈,Female,2001-03-17,user584.apple176@yahoo.com,07 5091186,仁愛巷5段77號,朴子,台東,929,HK,Hong Kong,GREATER_CHINA,Chinese,Consumer,Platinum,2020-01-08,2020,RETURNING,True,MDM,2020-01-08 00:00:00,2026-04-17 15:58:46.656624
37839089-9296-412e-a02d-e9cd4a488a21,CUST-2023-HK-000126,靜怡,陳,靜怡 陳,Male,1995-02-17,user357.apple@msn.com,02-3474349,光華路8段2號,北港,桃園市,789,HK,Hong Kong,GREATER_CHINA,Chinese,Consumer,Platinum,2023-04-24,2023,RETURNING,True,MDM,2023-04-24 00:00:00,2026-04-17 15:58:46.656630
4de5534e-02c3-4d18-b1a1-7fa8a9e2c60f,CUST-2020-HK-000033,美麗,林,美麗 林,Female,1999-07-18,user145.apple54@protonmail.com,(04) 16125739,自由路94號,台東市,北港市,62050,HK,Hong Kong,GREATER_CHINA,Chinese,Consumer,None,2020-01-30,2020,RETURNING,True,MDM,2020-01-30 00:00:00,2026-04-17 15:58:46.656632
e9c5e1ba-a14d-4103-ab1b-64c4801c41db,CUST-2023-HK-000038,美蘭,莊,美蘭 莊,Male,1984-02-19,user982.apple@aol.com,01-1177169,明德巷2號,竹田,台南,636,HK,Hong Kong,GREATER_CHINA,Chinese,Consumer,Platinum,2023-09-13,2023,RETURNING,True,MDM,2023-09-13 00:00:00,2026-04-17 15:58:46.656633
3bf71215-005d-414f-a544-bd8d053a4207,CUST-2019-HK-000229,明宗,鐘,明宗 鐘,Male,1952-12-10,user966.apple@aol.com,(03) 62261325,光復街243號,基隆,花蓮市,545,HK,Hong Kong,GREATER_CHINA,Chinese,Consumer,Silver,2019-07-25,2019,RETURNING,True,MDM,2019-07-25,2026-04-17 15:58:46.656635
25ebadd3-856d-4ed0-b9df-92e244dcf548,CUST-2022-HK-000026,麗美,柯,麗美 柯,Male,2005-02-16,user792.apple@protonmail.com,08 4451807,自由街3號,屏東,褒忠縣,810,HK,Hong Kong,GREATER_CHINA,Chinese,Consumer,Platinum,2022-09-01,2022,RETURNING,True,MDM,2022-09-01 00:00:00,2026-04-17 15:58:46.656636
10e660fd-a3cd-4fd2-b7d3-bf74e69a6a30,CUST-2020-HK-000145,美鳳,朱,美鳳 朱,Female,1965-12-03,user428.apple@mail.com,063 93337981,新興街7段24號,高雄市,白沙,54940,HK,Hong Kong,GREATER_CHINA,Chinese,Consumer,Gold,2020-06-04,2020,RETURNING,True,MDM,2020-06-04 00:00:00,2026-04-17 15:58:46.656638
6feb6f9d-5152-4f9c-b296-3be3a94faa50,CUST-2023-HK-000109,麗美,陳,麗美 陳,Male,1965-07-11,user274.apple@protonmail.com,09-6389143,德街3號,桃園縣,大里縣,968,HK,Hong Kong,GREATER_CHINA,Chinese,Consumer,Gold,2023-06-14,2023,RETURNING,True,MDM,2023-06-14 00:00:00,2026-04-17 15:58:46.656639
28ae902f-411e-4859-8300-ccdebed1a36a,CUST-2023-HK-000085,秀蘭,何,秀蘭 何,Male,1971-09-07,user579.apple@gmx.com,03 4632501,昆陽巷69號,澎湖,樹林市,32753,HK,Hong Kong,GREATER_CHINA,Chinese,Business,None,2023-04-18,2023,RETURNING,True,MDM,2023-04-18 00:00:00,2026-04-17 15:58:46.656641
b9315c43-1898-4895-90c0-6e0281ab7e62,CUST-2022-HK-000059,秀英,邱,秀英 邱,Female,2004-07-01,user127.apple968@zoho.com,00-6424434,關渡街1號,新營市,永和市,161,HK,Hong Kong,GREATER_CHINA,Chinese,Consumer,None,2022-05-05,2022,RETURNING,True,MDM,2022-05-05 00:00:00,2026-04-17 15:58:46.656643
4a397727-bf83-4dd3-b438-051861a9df79,CUST-2020-HK-000102,怡君,林,怡君 林,Female,1994-01-30,user523.apple@aol.com,06 1829441,自由路8段5號,台東市,台東,933,HK,Hong Kong,GREATER_CHINA,Chinese,Business,None,2020-04-30,2020,RETURNING,True,MDM,2020-04-30 00:00:00,2026-04-17 15:58:46.656645
e2dc75fa-c102-4ea1-844d-ded3e1a6153a,CUST-2020-HK-000153,子翔,簡,子翔 簡,Female,1972-11-07,user224.apple@aol.com,01-65943328,五福巷80號,臺東縣,竹北,18576,HK,Hong Kong,GREATER_CHINA,Chinese,Consumer,Gold,2020-02-28,2020,RETURNING,True,MDM,2020-02-28 00:00:00,2026-04-17 15:58:46.656647
7d6331e8-da14-4563-b89f-7a9a6587425d,CUST-2022-HK-000040,志賢,曾,志賢 曾,Male,1997-09-30,user188.apple@icloud.com,02-6856705,延平路7段858號,板橋,八德,689,HK,Hong Kong,GREATER_CHINA,Chinese,Consumer,Gold,2022-06-02,2022,RETURNING,True,MDM,2022-06-02 00:00:00,2026-04-17 15:58:46.656648
3fbb4616-4cf7-43f0-8be8-b69855af8618,CUST-2019-HK-000013,玉美,吳,玉美 吳,Female,1959-05-31,user818.apple@mail.com,0900-662902,小碧潭巷15號,大里市,竹北,279,HK,Hong Kong,GREATER_CHINA,Chinese,Consumer,None,2019-11-25,2019,RETURNING,True,MDM,2019-11-25,2026-04-17 15:58:46.656650
f2e3f95a-37ec-4777-8410-4240c4600995,CUST-2022-HK-000009,素珠,吳,素珠 吳,Female,1979-12-19,user795.apple@msn.com,0917364189,府中巷495號,蘆竹市,太平縣,62131,HK,Hong Kong,GREATER_CHINA,Chinese,Education,Gold,2022-10-17,2022,RETURNING,True,MDM,2022-10-17 00:00:00,2026-04-17 15:58:46.656651
b915e781-4c71-422a-97bc-93dbdc3adeb1,CUST-2023-HK-000098,麗美,黃,麗美 黃,Male,1984-07-22,user195.apple325@gmail.com,00-9316610,中正巷95號,永和市,花蓮縣,305,HK,Hong Kong,GREATER_CHINA,Chinese,Business,Silver,2023-10-19,2023,RETURNING,True,MDM,2023-10-19 00:00:00,2026-04-17 15:58:46.656653
16b46314-a33d-492c-b778-1717cca2b163,CUST-2019-HK-000334,春美,蔡,春美 蔡,Female,1996-12-05,user161.apple613@outlook.com,063 13286775,天母路3號,汐止縣,員林,82191,HK,Hong Kong,GREATER_CHINA,Chinese,Consumer,Silver,2019-10-05,2019,RETURNING,True,MDM,2019-10-05,2026-04-17 15:58:46.656654
b3496606-4e46-4ed2-883a-647d1a1a0715,CUST-2022-HK-000097,玉蘭,董,玉蘭 董,Male,1997-03-18,user430.apple@gmail.com,(01) 48546999,中山街6段8號,板橋,中和市,67754,HK,Hong Kong,GREATER_CHINA,Chinese,Consumer,None,2022-08-28,2022,RETURNING,True,MDM,2022-08-28 00:00:00,2026-04-17 15:58:46.656656
8e8739ee-a628-4e81-abc2-1c8f3bb5f1b4,CUST-2023-HK-000049,美玉,林,美玉 林,Female,2004-10-13,user699.apple397@live.com,02-5089765,北投路98號,高雄市,關山,53614,HK,Hong Kong,GREATER_CHINA,Chinese,Consumer,None,2023-07-15,2023,RETURNING,True,MDM,2023-07-15 00:00:00,2026-04-17 15:58:46.656661
0d29c6ce-b893-4a29-bd86-51b64a49fcb3,CUST-2019-HK-000136,苡安,林,苡安 林,Female,1986-08-09,user311.apple@mail.com,01-12756840,新生路66號,古坑,太保,27830,HK,Hong Kong,GREATER_CHINA,Chinese,Consumer,None,2019-07-04,2019,RETURNING,True,MDM,2019-07-04,2026-04-17 15:58:46.656664
8b4dfbec-d733-4301-9598-71a24c601872,CUST-2021-HK-000068,俊宇,闕,俊宇 闕,Male,1994-11-08,user782.apple727@hotmail.com,(08) 69393651,忠孝路1段955號,高雄市,竹田,993,HK,Hong Kong,GREATER_CHINA,Chinese,Consumer,Gold,2021-09-30,2021,RETURNING,True,MDM,2021-09-30 00:00:00,2026-04-17 15:58:46.656665
3739ce00-9db9-452e-9874-4e3066d04e74,CUST-2021-HK-000011,玉鳳,吳,玉鳳 吳,Male,2005-01-08,user294.apple@gmx.com,009 45879745,東興街8號,宜蘭市,永康,748,HK,Hong Kong,GREATER_CHINA,Chinese,Business,None,2021-08-17,2021,RETURNING,True,MDM,2021-08-17 00:00:00,2026-04-17 15:58:46.656667
2f179ed2-7d0c-44b4-a795-c0ba73fbe905,CUST-2023-HK-000077,慧玲,蔡,慧玲 蔡,Female,1991-05-06,user469.apple243@gmx.com,0938-568236,土城路746號,金門市,卑南,305,HK,Hong Kong,GREATER_CHINA,Chinese,Business,Silver,2023-01-07,2023,RETURNING,True,MDM,2023-01-07 00:00:00,2026-04-17 15:58:46.656669
01b5948c-0134-488b-8e93-9672787b69b2,CUST-2020-HK-000110,恩碩,林,恩碩 林,Male,1951-08-12,user959.apple@hotmail.com,0987922385,新生街737號,新營市,新營縣,88812,HK,Hong Kong,GREATER_CHINA,Chinese,Consumer,Silver,2020-02-15,2020,RETURNING,False,MDM,2020-02-15 00:00:00,2026-04-17 15:58:46.656670
50997888-4762-4e29-a9b3-6f67526b844e,CUST-2022-HK-000050,佳穎,李,佳穎 李,Female,1971-01-17,user579.apple@live.com,0921-372794,昆陽路8段23號,橫山市,平鎮市,28644,HK,Hong Kong,GREATER_CHINA,Chinese,Education,Silver,2022-10-05,2022,RETURNING,True,MDM,2022-10-05 00:00:00,2026-04-17 15:58:46.656672
5cf66a92-c28d-4a21-9f94-3ba78a42fccb,CUST-2022-HK-000032,淑芬,華,淑芬 華,Male,1998-05-02,user588.apple@hotmail.com,(02) 85121625,雙連街1段8號,牡丹,橫山縣,23549,HK,Hong Kong,GREATER_CHINA,Chinese,Consumer,Gold,2022-10-30,2022,RETURNING,True,MDM,2022-10-30 00:00:00,2026-04-17 15:58:46.656673
5c15be80-8e6d-4e85-a508-1e1c0543b5c7,CUST-2023-HK-000041,秋香,曾,秋香 曾,Female,2000-04-13,user934.apple66@yahoo.com,0925295009,自由巷59號,古坑,桃園,66054,HK,Hong Kong,GREATER_CHINA,Chinese,Consumer,Silver,2023-08-17,2023,RETURNING,True,MDM,2023-08-17 00:00:00,2026-04-17 15:58:46.656674
25fca6da-fe08-4dba-86f1-e5c06036d79e,CUST-2023-HK-000175,淑珍,林,淑珍 林,Male,1995-08-25,user896.apple@msn.com,07-34347190,學府巷7號,新北市,蘆洲,518,HK,Hong Kong,GREATER_CHINA,Chinese,Consumer,None,2023-06-27,2023,RETURNING,True,MDM,2023-06-27 00:00:00,2026-04-17 15:58:46.656676
c41e42ca-6e9c-443b-9102-a8c2a614660e,CUST-2019-HK-000199,家銘,吳,家銘 吳,Female,1993-09-24,user121.apple@gmx.com,(09) 56776157,民生路2號,蘆竹縣,橫山,700,HK,Hong Kong,GREATER_CHINA,Chinese,Education,None,2019-10-31,2019,RETURNING,True,MDM,2019-10-31,2026-04-17 15:58:46.656679
39d50f4e-81e6-4bb3-81bc-df0ebfb34dcf,CUST-2022-HK-000072,美鳳,黃,美鳳 黃,Male,1954-03-31,user898.apple@icloud.com,0963-161955,三民巷821號,基隆,臺中,734,HK,Hong Kong,GREATER_CHINA,Chinese,Consumer,None,2022-03-02,2022,RETURNING,True,MDM,2022-03-02 00:00:00,2026-04-17 15:58:46.656681
12a5c774-7abf-4786-8ddf-8446c3ab02c1,CUST-2022-HK-000147,雅婷,郭,雅婷 郭,Female,1975-11-19,user941.apple@aol.com,0911-704286,自強街736號,板橋縣,嘉義,768,HK,Hong Kong,GREATER_CHINA,Chinese,Consumer,None,2022-10-07,2022,RETURNING,True,MDM,2022-10-07 00:00:00,2026-04-17 15:58:46.656683
8590cc05-6bb8-4cff-83ce-a8ee487b5fb1,CUST-2019-HK-000172,信宏,張,信宏 張,Female,2002-06-11,user593.apple@icloud.com,098 65153879,文昌巷1號,白沙,臺中,614,HK,Hong Kong,GREATER_CHINA,Chinese,Consumer,None,2019-02-14,2019,RETURNING,True,MDM,2019-02-14,2026-04-17 15:58:46.656685
9c50f492-7ced-492d-be59-2e93741d6d3e,CUST-2022-HK-000025,語彤,陳,語彤 陳,Female,1981-11-16,user933.apple@icloud.com,0972-054304,天母巷5段215號,大里市,豐原縣,75690,HK,Hong Kong,GREATER_CHINA,Chinese,Consumer,None,2022-03-17,2022,RETURNING,True,MDM,2022-03-17 00:00:00,2026-04-17 15:58:46.656687
f9915acc-9a50-4269-b5f2-5b82d8fec1fe,CUST-2019-HK-000002,靜宜,潘,靜宜 潘,Female,2001-11-26,user896.apple@zoho.com,07 5945322,新生路165號,桃園縣,台東,85633,HK,Hong Kong,GREATER_CHINA,Chinese,Consumer,None,2019-05-12,2019,RETURNING,True,MDM,2019-05-12,2026-04-17 15:58:46.656688
bf30e1af-7f66-468a-beff-00a754a87c29,CUST-2023-HK-000072,麗卿,陳,麗卿 陳,Male,1970-07-08,user161.apple24@mail.com,0934631770,景美街9號,南投縣,新北市,59325,HK,Hong Kong,GREATER_CHINA,Chinese,Consumer,None,2023-08-17,2023,RETURNING,True,MDM,2023-08-17 00:00:00,2026-04-17 15:58:46.656690
59b7f39f-db3f-494d-8eee-9aadb2ba8b02,CUST-2023-HK-000018,俊雄,楊,俊雄 楊,Male,2000-08-09,user150.apple33@msn.com,05-9080109,民權街8段46號,朴子市,台中,89795,HK,Hong Kong,GREATER_CHINA,Chinese,Consumer,None,2023-08-09,2023,RETURNING,True,MDM,2023-08-09 00:00:00,2026-04-17 15:58:46.656692
5511cc5e-cd7d-4a65-9c3f-cbf76960b62c,CUST-2023-HK-000051,秋月,鄭,秋月 鄭,Female,1958-06-23,user763.apple@gmail.com,0976-050445,中山巷545號,梅山,三重,48921,HK,Hong Kong,GREATER_CHINA,Chinese,Consumer,None,2023-12-20,2023,RETURNING,True,MDM,2023-12-20 00:00:00,2026-04-17 15:58:46.656694
66182270-2f31-4192-adf9-0b6484c1d48c,CUST-2022-HK-000067,秀玉,柯,秀玉 柯,Male,1997-08-07,user826.apple254@protonmail.com,0969890348,土城路6段7號,阿里山,白沙縣,807,HK,Hong Kong,GREATER_CHINA,Chinese,Business,None,2022-01-22,2022,RETURNING,True,MDM,2022-01-22 00:00:00,2026-04-17 15:58:46.656696
5454affa-86d1-47b0-95bb-a65dc3f55b03,CUST-2023-HK-000087,美蘭,林,美蘭 林,Male,1986-10-23,user689.apple@hotmail.com,05-2694933,福德街4號,白沙市,北竿縣,78053,HK,Hong Kong,GREATER_CHINA,Chinese,Consumer,None,2023-11-13,2023,RETURNING,True,MDM,2023-11-13 00:00:00,2026-04-17 15:58:46.656697
def0eb23-111e-4fca-9243-ae4418b1db0b,CUST-2019-HK-000460,國華,粘,國華 粘,Female,1953-07-26,user547.apple@icloud.com,0978-962373,中山街29號,朴子市,光復,14251,HK,Hong Kong,GREATER_CHINA,Chinese,Consumer,None,2019-02-04,2019,RETURNING,True,MDM,2019-02-04,2026-04-17 15:58:46.656699
b2f7139f-5128-4a96-ad35-99bd8138910f,CUST-2022-HK-000070,雅惠,張,雅惠 張,Female,1957-12-24,user180.apple@gmail.com,0910-502460,育英巷5號,彰化縣,竹田市,430,HK,Hong Kong,GREATER_CHINA,Chinese,Consumer,Silver,2022-08-01,2022,RETURNING,True,MDM,2022-08-01 00:00:00,2026-04-17 15:58:46.656702
72efe4cf-d7a1-403f-bfc1-6a88333071f8,CUST-2019-HK-000046,秀鳳,楊,秀鳳 楊,Female,1982-10-10,user719.apple@outlook.com,03 4459602,民生街39號,褒忠縣,台東縣,18802,HK,Hong Kong,GREATER_CHINA,Chinese,Consumer,None,2019-06-27,2019,RETURNING,True,MDM,2019-06-27,2026-04-17 15:58:46.656704
6be93aba-650b-4f08-bfd9-67ac7f5a0a69,CUST-2019-HK-000121,永昌,劉,永昌 劉,Male,1950-11-22,user119.apple@msn.com,(03) 29721710,關渡路3號,古坑縣,馬公市,69505,HK,Hong Kong,GREATER_CHINA,Chinese,Business,Silver,2019-11-26,2019,RETURNING,True,MDM,2019-11-26,2026-04-17 15:58:46.656705
b8ad52a2-47c8-4768-bd71-11a5f851369a,CUST-2022-HK-000158,俊賢,陳,俊賢 陳,Male,1976-10-17,user247.apple@msn.com,(08) 14247747,成功巷5號,關山,頭份市,15081,HK,Hong Kong,GREATER_CHINA,Chinese,Consumer,Platinum,2022-10-19,2022,RETURNING,True,MDM,2022-10-19 00:00:00,2026-04-17 15:58:46.656706
08b7782f-71ae-4fc0-a524-8e495b036bb7,CUST-2023-HK-000063,建志,吳,建志 吳,Male,2000-08-02,user882.apple@aol.com,09-9513136,新生巷1號,光復,臺東市,54104,HK,Hong Kong,GREATER_CHINA,Chinese,Consumer,None,2023-04-19,2023,RETURNING,True,MDM,2023-04-19 00:00:00,2026-04-17 15:58:46.656708
bd03b8ca-0692-44ea-81b4-6797a79ad9a9,CUST-2019-HK-000124,正義,丘,正義 丘,Female,1956-03-10,user742.apple@gmx.com,0934-178394,石牌街800號,桃園縣,台中,52977,HK,Hong Kong,GREATER_CHINA,Chinese,Consumer,None,2019-05-31,2019,RETURNING,True,MDM,2019-05-31,2026-04-17 15:58:46.656710
55f269e6-52a3-4ae0-9631-b1df86a287a5,CUST-2022-HK-000063,國華,賴,國華 賴,Male,2005-02-21,user308.apple@live.com,0949468079,民有路3段604號,新營,關山縣,704,HK,Hong Kong,GREATER_CHINA,Chinese,Consumer,Gold,2022-10-05,2022,RETURNING,True,MDM,2022-10-05 00:00:00,2026-04-17 15:58:46.656711
9becd0e3-79db-4b77-8a05-a249d48f659b,CUST-2023-HK-000016,子翔,呂,子翔 呂,Female,1993-09-23,user457.apple302@yahoo.com,0907-406771,中興巷94號,金門,太平,26697,HK,Hong Kong,GREATER_CHINA,Chinese,Consumer,None,2023-11-11,2023,RETURNING,True,MDM,2023-11-11 00:00:00,2026-04-17 15:58:46.656714
96b6f015-e674-4231-a8da-4131e4e5919c,CUST-2022-HK-000089,麗珠,翁,麗珠 翁,Female,1991-02-01,user677.apple92@gmail.com,08-7607205,新店街82號,大里,新北縣,51736,HK,Hong Kong,GREATER_CHINA,Chinese,Business,Platinum,2022-02-07,2022,RETURNING,True,MDM,2022-02-07 00:00:00,2026-04-17 15:58:46.656715
e56b42e6-111e-4eaa-ac81-ece315a97d2d,CUST-2020-HK-000078,麗香,劉,麗香 劉,Male,1980-08-20,user677.apple@yahoo.com,093 38274462,大同巷287號,中壢縣,台東,46905,HK,Hong Kong,GREATER_CHINA,Chinese,Education,Silver,2020-05-15,2020,RETURNING,True,MDM,2020-05-15 00:00:00,2026-04-17 15:58:46.656717
aa75baa3-f03f-4052-aece-9a810d3114d5,CUST-2021-HK-000123,文雄,黃,文雄 黃,Female,2003-03-22,user651.apple@yahoo.com,082 38448859,大仁巷999號,白沙,褒忠,48939,HK,Hong Kong,GREATER_CHINA,Chinese,Consumer,None,2021-11-18,2021,RETURNING,True,MDM,2021-11-18 00:00:00,2026-04-17 15:58:46.656719
448407ee-0247-4a6a-a55a-0d953b05b849,CUST-2023-HK-000162,月娥,李,月娥 李,Female,1988-06-10,user412.apple@live.com,0961-327463,民權街561號,新營,竹田,632,HK,Hong Kong,GREATER_CHINA,Chinese,Consumer,None,2023-06-30,2023,RETURNING,True,MDM,2023-06-30 00:00:00,2026-04-17 15:58:46.656721
021e7e00-9cf5-4ddb-8853-f3d1963cf6c0,CUST-2019-HK-000446,冠宇,吳,冠宇 吳,Female,1953-10-29,user161.apple@hotmail.com,02 2241365,自立巷711號,豐原市,竹北縣,558,HK,Hong Kong,GREATER_CHINA,Chinese,Consumer,None,2019-12-14,2019,RETURNING,True,MDM,2019-12-14,2026-04-17 15:58:46.656722
5ed9e3dd-3275-426a-a076-d9cf8d22cc82,CUST-2022-HK-000129,文彬,陳,文彬 陳,Male,1980-10-31,user791.apple@zoho.com,0913421209,新埔巷2號,新竹縣,台北,781,HK,Hong Kong,GREATER_CHINA,Chinese,Consumer,Silver,2022-10-30,2022,RETURNING,True,MDM,2022-10-30 00:00:00,2026-04-17 15:58:46.656724
53812124-a358-40f5-8f34-785bd6e7104e,CUST-2021-HK-000127,碧珠,劉,碧珠 劉,Male,1951-02-28,user905.apple@aol.com,(06) 97580929,勝利巷1號,豐原市,澎湖,45560,HK,Hong Kong,GREATER_CHINA,Chinese,Consumer,Silver,2021-04-18,2021,RETURNING,True,MDM,2021-04-18 00:00:00,2026-04-17 15:58:46.656725
6eeb37bd-a423-4954-a20d-ce549e23b363,CUST-2019-HK-000146,明輝,林,明輝 林,Female,1989-08-27,user131.apple@icloud.com,06-4243465,文化巷8號,台中縣,永和,86456,HK,Hong Kong,GREATER_CHINA,Chinese,Consumer,None,2019-07-29,2019,RETURNING,True,MDM,2019-07-29,2026-04-17 15:58:46.656727
66421eb4-dd91-4b85-aaa0-d3d46cd41e60,CUST-2019-HK-000430,品妤,陳,品妤 陳,Female,2001-09-28,user709.apple55@yahoo.com,(01) 92733204,建國街2號,北斗縣,汐止,565,HK,Hong Kong,GREATER_CHINA,Chinese,Consumer,None,2019-04-26,2019,RETURNING,True,MDM,2019-04-26,2026-04-17 15:58:46.656732
ab1650fe-b659-4e1e-884b-129213efb4bc,CUST-2022-HK-000122,淑貞,梁,淑貞 梁,Female,1967-09-11,user410.apple@live.com,069 76860049,學府街40號,褒忠,屏東,75988,HK,Hong Kong,GREATER_CHINA,Chinese,Consumer,None,2022-12-29,2022,RETURNING,True,MDM,2022-12-29 00:00:00,2026-04-17 15:58:46.656734
18c6a0a6-63a8-488c-8255-1f725ebd4ba0,CUST-2019-HK-000312,秀雲,林,秀雲 林,Male,1962-05-28,user549.apple@mail.com,02 2573685,正義路280號,北港縣,三重,20343,HK,Hong Kong,GREATER_CHINA,Chinese,Consumer,Platinum,2019-12-16,2019,RETURNING,True,MDM,2019-12-16,2026-04-17 15:58:46.656735
871aea79-2816-4631-a5bb-11daab7462fc,CUST-2023-HK-000059,玉蘭,林,玉蘭 林,Male,1997-03-28,user832.apple15@mail.com,03-31130167,關渡街6號,永康市,高雄,293,HK,Hong Kong,GREATER_CHINA,Chinese,Business,Gold,2023-05-19,2023,RETURNING,True,MDM,2023-05-19 00:00:00,2026-04-17 15:58:46.656737
b0d0edf6-ad0c-4122-8303-7e80e62d4500,CUST-2019-HK-000241,素珍,彭,素珍 彭,Female,2001-10-01,user602.apple@protonmail.com,08 8943452,忠義街95號,馬公縣,彰化市,19419,HK,Hong Kong,GREATER_CHINA,Chinese,Consumer,Platinum,2019-04-18,2019,RETURNING,True,MDM,2019-04-18,2026-04-17 15:58:46.656738
c315ce1a-1a6e-4307-8649-965637ae9f10,CUST-2023-HK-000046,淑芳,鄭,淑芳 鄭,Female,2006-07-31,user100.apple@gmail.com,094 94684542,華興路31號,竹田,臺中縣,415,HK,Hong Kong,GREATER_CHINA,Chinese,Consumer,Platinum,2023-07-09,2023,RETURNING,True,MDM,2023-07-09 00:00:00,2026-04-17 15:58:46.656740
883cc3d1-e4ab-4702-aa17-26e386d262b3,CUST-2020-HK-000029,鈺婷,黃,鈺婷 黃,Male,2002-04-16,user647.apple@zoho.com,(01) 13871586,三民巷2號,北港,牡丹,75581,HK,Hong Kong,GREATER_CHINA,Chinese,Consumer,None,2020-03-20,2020,RETURNING,True,MDM,2020-03-20 00:00:00,2026-04-17 15:58:46.656742
aa3d7140-6c67-47a0-b9ed-0869f35ffdf1,CUST-2023-HK-000101,威廷,潘,威廷 潘,Female,1971-08-14,user582.apple320@icloud.com,0945896760,昆陽路5號,大里縣,永和,50798,HK,Hong Kong,GREATER_CHINA,Chinese,Consumer,None,2023-07-11,2023,RETURNING,True,MDM,2023-07-11 00:00:00,2026-04-17 15:58:46.656744
0dfc0c0e-2329-420d-9356-0b834113b5cc,CUST-2023-HK-000151,秀美,李,秀美 李,Male,2001-05-29,user214.apple857@hotmail.com,05-71278292,華興街1號,台南,蘆竹,133,HK,Hong Kong,GREATER_CHINA,Chinese,Consumer,None,2023-04-05,2023,RETURNING,True,MDM,2023-04-05 00:00:00,2026-04-17 15:58:46.656750
7faee6f7-fb91-45d5-9c47-f4bddca42438,CUST-2021-HK-000115,承恩,李,承恩 李,Female,1996-12-08,user376.apple@mail.com,080 80330383,三民巷7段910號,大里,雲林縣,430,HK,Hong Kong,GREATER_CHINA,Chinese,Consumer,Silver,2021-11-13,2021,RETURNING,True,MDM,2021-11-13 00:00:00,2026-04-17 15:58:46.656751
7a960e71-a12e-4f3e-be82-60d17c890a0c,CUST-2023-HK-000019,進發,廖,進發 廖,Male,1998-02-14,user753.apple309@gmail.com,04-95361368,劍南路6號,金門,雲林市,15632,HK,Hong Kong,GREATER_CHINA,Chinese,Education,Platinum,2023-01-13,2023,RETURNING,True,MDM,2023-01-13 00:00:00,2026-04-17 15:58:46.656752
2a26f106-e6cc-454b-b7f1-170760a49c74,CUST-2023-HK-000060,俊宏,巫,俊宏 巫,Male,1990-06-06,user973.apple596@gmail.com,0962481581,自由路5號,彰化,苗栗縣,824,HK,Hong Kong,GREATER_CHINA,Chinese,Business,Platinum,2023-08-22,2023,RETURNING,True,MDM,2023-08-22 00:00:00,2026-04-17 15:58:46.656754
b3e9953d-bac4-4722-9892-0929c836da9f,CUST-2019-HK-000434,文正,陳,文正 陳,Female,1952-06-23,user125.apple@hotmail.com,0934747406,民權巷2號,澎湖,基隆,751,HK,Hong Kong,GREATER_CHINA,Chinese,Consumer,None,2019-07-10,2019,RETURNING,True,MDM,2019-07-10,2026-04-17 15:58:46.656756
0cae64de-886c-4aaa-a499-1393d9fae001,CUST-2019-HK-000289,淑惠,陳,淑惠 陳,Male,1997-12-14,user456.apple@yahoo.com,0964261037,雙連路9號,新竹,台東縣,990,HK,Hong Kong,GREATER_CHINA,Chinese,Education,None,2019-05-24,2019,RETURNING,True,MDM,2019-05-24,2026-04-17 15:58:46.656757
9c4e2b8e-0d54-4cc9-9e69-c6b354ffc2cf,CUST-2020-HK-000116,麗華,賴,麗華 賴,Male,1993-06-19,user392.apple658@yahoo.com,020 22269871,府中路132號,古坑縣,北港,777,HK,Hong Kong,GREATER_CHINA,Chinese,Consumer,None,2020-10-21,2020,RETURNING,True,MDM,2020-10-21 00:00:00,2026-04-17 15:58:46.656760
81a67b45-7542-4e2b-90f6-47481e469340,CUST-2023-HK-000123,正義,張,正義 張,Female,1968-11-29,user645.apple448@mail.com,072 57099220,雙連巷2號,褒忠,大里縣,143,HK,Hong Kong,GREATER_CHINA,Chinese,Consumer,None,2023-10-03,2023,RETURNING,True,MDM,2023-10-03 00:00:00,2026-04-17 15:58:46.656762
870a7d33-d2ca-4c9a-9337-6310dfc22427,CUST-2021-HK-000016,冠廷,陳,冠廷 陳,Male,1960-08-06,user365.apple@protonmail.com,071 63703557,正義街22號,板橋縣,光復市,727,HK,Hong Kong,GREATER_CHINA,Chinese,Business,Silver,2021-08-01,2021,RETURNING,True,MDM,2021-08-01 00:00:00,2026-04-17 15:58:46.656764
1c7a8d9f-f40e-4c13-a9b3-55dabd461d07,CUST-2022-HK-000168,美英,曾,美英 曾,Male,1998-04-26,user907.apple@mail.com,0944458789,光明巷1號,臺中縣,彰化,59377,HK,Hong Kong,GREATER_CHINA,Chinese,Consumer,Platinum,2022-05-26,2022,RETURNING,True,MDM,2022-05-26 00:00:00,2026-04-17 15:58:46.656765
0fa7395f-31bd-43c4-9785-7fa54f44bde7,CUST-2023-HK-000124,美娟,劉,美娟 劉,Male,1981-01-16,user421.apple@mail.com,0921224424,和街街7段44號,古坑縣,汐止縣,238,HK,Hong Kong,GREATER_CHINA,Chinese,Consumer,Silver,2023-06-11,2023,RETURNING,True,MDM,2023-06-11 00:00:00,2026-04-17 15:58:46.656768
17959921-a1c5-4da4-bed3-3b2b72afb1d0,CUST-2023-HK-000010,詠晴,汪,詠晴 汪,Male,1977-10-31,user768.apple@protonmail.com,0989391176,太平巷2號,鳳山,草屯,38667,HK,Hong Kong,GREATER_CHINA,Chinese,Education,Platinum,2023-05-27,2023,RETURNING,True,MDM,2023-05-27 00:00:00,2026-04-17 15:58:46.656769
12062e65-d39d-4ad3-95df-aba0093f43b2,CUST-2021-HK-000050,秀霞,高,秀霞 高,Male,1953-02-10,user132.apple@yahoo.com,01-69674719,學府巷9段7號,竹北,員林,52251,HK,Hong Kong,GREATER_CHINA,Chinese,Consumer,None,2021-02-19,2021,RETURNING,True,MDM,2021-02-19 00:00:00,2026-04-17 15:58:46.656771
18b3d9b9-8a2d-4397-ae44-773c6f2f1a96,CUST-2023-HK-000078,美慧,李,美慧 李,Female,1978-05-03,user417.apple372@mail.com,09-2335295,關渡巷7號,苗栗,大里縣,872,HK,Hong Kong,GREATER_CHINA,Chinese,Consumer,None,2023-08-03,2023,RETURNING,True,MDM,2023-08-03 00:00:00,2026-04-17 15:58:46.656773
c29638b8-ebea-4b3d-8b9f-1ff05ce8ac0f,CUST-2021-HK-000001,玉鳳,蘇,玉鳳 蘇,Female,1987-11-20,user417.apple@mail.com,(07) 79292100,光華路473號,臺中縣,台中市,263,HK,Hong Kong,GREATER_CHINA,Chinese,Consumer,None,2021-08-29,2021,RETURNING,True,MDM,2021-08-29 00:00:00,2026-04-17 15:58:46.656775
75a633fc-80a9-41c9-a3b7-6ba3f4027c7c,CUST-2023-HK-000029,家豪,楊,家豪 楊,Male,1962-12-06,user692.apple@yahoo.com,074 24106230,林森路7號,馬公,新營縣,13093,HK,Hong Kong,GREATER_CHINA,Chinese,Consumer,None,2023-11-19,2023,RETURNING,True,MDM,2023-11-19 00:00:00,2026-04-17 15:58:46.656777
d12139a5-47c0-4583-a5f8-16fab26be6b8,CUST-2023-HK-000122,玉蘭,劉,玉蘭 劉,Male,1965-10-12,user433.apple614@gmx.com,0973879010,紅樹林路877號,永康縣,白沙縣,81668,HK,Hong Kong,GREATER_CHINA,Chinese,Consumer,Silver,2023-06-26,2023,RETURNING,True,MDM,2023-06-26 00:00:00,2026-04-17 15:58:46.656778
71e0fe1e-43fa-4045-ba21-5345d3d38739,CUST-2021-HK-000069,宗翰,林,宗翰 林,Female,1992-02-23,user668.apple498@hotmail.com,0930553839,中華巷91號,竹北市,高雄市,591,HK,Hong Kong,GREATER_CHINA,Chinese,Consumer,Platinum,2021-03-27,2021,RETURNING,True,MDM,2021-03-27 00:00:00,2026-04-17 15:58:46.656779
091263d6-3d06-419d-a722-ee88cc37a5a6,CUST-2023-HK-000092,麗雲,曾,麗雲 曾,Female,1960-08-11,user459.apple@hotmail.com,02-15140996,大坪街882號,金門市,台北,48552,HK,Hong Kong,GREATER_CHINA,Chinese,Consumer,Gold,2023-06-26,2023,RETURNING,True,MDM,2023-06-26 00:00:00,2026-04-17 15:58:46.656781
87ba160a-6d49-4fd7-844e-64f1f0ec6bbc,CUST-2022-HK-000109,承恩,陳,承恩 陳,Female,1956-01-27,user374.apple@icloud.com,07 3681563,土城路6段334號,蘆竹縣,新營,178,HK,Hong Kong,GREATER_CHINA,Chinese,Education,None,2022-09-09,2022,RETURNING,True,MDM,2022-09-09 00:00:00,2026-04-17 15:58:46.656785
b724f606-b698-48f5-8986-64f3148732d9,CUST-2022-HK-000104,雅萍,郭,雅萍 郭,Female,1959-06-06,user379.apple@mail.com,0990800939,松山街672號,北港,高雄,237,HK,Hong Kong,GREATER_CHINA,Chinese,Consumer,None,2022-08-09,2022,RETURNING,True,MDM,2022-08-09 00:00:00,2026-04-17 15:58:46.656787
33eff979-20b8-4d6b-a315-6f248e20c0ba,CUST-2022-HK-000125,秀英,張,秀英 張,Female,1987-04-06,user293.apple@zoho.com,012 13694558,古亭路5號,彰化市,連江縣,616,HK,Hong Kong,GREATER_CHINA,Chinese,Business,Silver,2022-08-15,2022,RETURNING,True,MDM,2022-08-15 00:00:00,2026-04-17 15:58:46.656789
3526d574-4daa-4e57-9f58-541a84ced0a5,CUST-2023-HK-000100,淑芬,張,淑芬 張,Male,1973-08-11,user753.apple@yahoo.com,062 77242691,勝利街63號,太平縣,牡丹市,25665,HK,Hong Kong,GREATER_CHINA,Chinese,Consumer,None,2023-11-03,2023,RETURNING,True,MDM,2023-11-03 00:00:00,2026-04-17 15:58:46.656791
fc65881b-ccf8-4628-9f52-23fb1669be10,CUST-2022-HK-000036,淑娟,廖,淑娟 廖,Male,1989-06-02,user723.apple@aol.com,03 7802801,象山路1段5號,竹田市,大里市,604,HK,Hong Kong,GREATER_CHINA,Chinese,Consumer,Silver,2022-07-26,2022,RETURNING,True,MDM,2022-07-26 00:00:00,2026-04-17 15:58:46.656792
1487303b-00e5-44de-943c-dd6f410bbfa7,CUST-2022-HK-000152,子豪,鍾,子豪 鍾,Male,1985-01-14,user872.apple@icloud.com,083 96054240,中華街56號,八德市,關山縣,463,HK,Hong Kong,GREATER_CHINA,Chinese,Consumer,None,2022-06-10,2022,RETURNING,True,MDM,2022-06-10 00:00:00,2026-04-17 15:58:46.656794
73bf8de6-ebc2-4f45-a343-f8c010c8c05c,CUST-2019-HK-000221,美鳳,李,美鳳 李,Male,1982-12-06,user994.apple931@protonmail.com,(07) 94164861,天母巷2段3號,斗六,雲林,98695,HK,Hong Kong,GREATER_CHINA,Chinese,Consumer,None,2019-09-20,2019,RETURNING,True,MDM,2019-09-20,2026-04-17 15:58:46.656796
9c0db2a5-49b0-4ecd-a26e-6583027a990a,CUST-2019-HK-000235,惠珍,陳,惠珍 陳,Female,1974-09-30,user677.apple@aol.com,(04) 61539183,迴龍路195號,中和,北港縣,789,HK,Hong Kong,GREATER_CHINA,Chinese,Consumer,Platinum,2019-03-17,2019,RETURNING,True,MDM,2019-03-17,2026-04-17 15:58:46.656798
1afd0690-05af-4899-9cea-26d05ac8cebb,CUST-2021-HK-000061,欣怡,謝,欣怡 謝,Male,1962-05-03,user326.apple@hotmail.com,031 41888727,勝利巷409號,台南市,臺東,940,HK,Hong Kong,GREATER_CHINA,Chinese,Consumer,Gold,2021-12-06,2021,RETURNING,True,MDM,2021-12-06 00:00:00,2026-04-17 15:58:46.656803
93ae8133-d338-4a18-8901-f10d61a8f68d,CUST-2019-HK-000416,玉琴,吳,玉琴 吳,Male,1966-10-11,user486.apple742@gmail.com,03 9419669,新生街1號,三重市,新竹市,235,HK,Hong Kong,GREATER_CHINA,Chinese,Business,Silver,2019-07-08,2019,RETURNING,True,MDM,2019-07-08,2026-04-17 15:58:46.656804
368e4bea-ff04-43df-96db-48791839342d,CUST-2019-HK-000343,美玲,廖,美玲 廖,Female,1992-03-27,user995.apple854@icloud.com,062 34628752,民治街70號,新營縣,金門,16076,HK,Hong Kong,GREATER_CHINA,Chinese,Business,None,2019-03-07,2019,RETURNING,True,MDM,2019-03-07,2026-04-17 15:58:46.656806
b1d06959-1a5c-4299-8d6d-ebdcd788e95f,CUST-2023-HK-000152,雅雯,陳,雅雯 陳,Male,2006-06-08,user445.apple56@zoho.com,008 97362401,新生路19號,鳳山縣,中壢縣,33645,HK,Hong Kong,GREATER_CHINA,Chinese,Consumer,Gold,2023-03-24,2023,RETURNING,True,MDM,2023-03-24 00:00:00,2026-04-17 15:58:46.656808
d77cd0d6-70da-40ad-9d38-b12c3fda5d95,CUST-2023-HK-000002,秀琴,鄭,秀琴 鄭,Female,1962-07-15,user382.apple@aol.com,04-24978992,福安巷37號,太平市,樹林縣,284,HK,Hong Kong,GREATER_CHINA,Chinese,Consumer,Silver,2023-06-01,2023,RETURNING,True,MDM,2023-06-01 00:00:00,2026-04-17 15:58:46.656809
de9c1adf-5ca5-4d3a-a26d-023c7e2af789,CUST-2021-HK-000155,麗玲,倪,麗玲 倪,Female,1978-04-06,user310.apple892@outlook.com,04 3336948,大仁巷370號,竹北,北斗市,20154,HK,Hong Kong,GREATER_CHINA,Chinese,Consumer,None,2021-02-22,2021,RETURNING,True,MDM,2021-02-22 00:00:00,2026-04-17 15:58:46.656811
f14ee855-4616-4294-8455-a36e816222db,CUST-2022-HK-000130,秀華,張,秀華 張,Male,1976-07-25,user876.apple@gmx.com,0941156873,德街37號,新竹縣,苗栗市,95309,HK,Hong Kong,GREATER_CHINA,Chinese,Consumer,Gold,2022-07-16,2022,RETURNING,True,MDM,2022-07-16 00:00:00,2026-04-17 15:58:46.656813
29851878-55f4-4deb-9e3c-6462694e71b6,CUST-2019-HK-000374,淑惠,黃,淑惠 黃,Male,1997-01-10,user691.apple@yahoo.com,06-9543113,芝山街717號,連江,北斗縣,312,HK,Hong Kong,GREATER_CHINA,Chinese,Education,None,2019-05-06,2019,RETURNING,True,MDM,2019-05-06,2026-04-17 15:58:46.656815
44dad569-cc0f-40e1-8f5e-bdaba3e79c53,CUST-2023-HK-000131,國雄,黃,國雄 黃,Male,1980-08-22,user479.apple55@gmail.com,0922658090,劍南路45號,卑南市,阿里山,94802,HK,Hong Kong,GREATER_CHINA,Chinese,Consumer,None,2023-01-14,2023,RETURNING,True,MDM,2023-01-14 00:00:00,2026-04-17 15:58:46.656816
c6886503-e2ad-47fb-8032-4c257be75d51,CUST-2023-HK-000012,靜怡,孫,靜怡 孫,Female,2002-06-21,user979.apple@aol.com,06-24597664,博愛路2號,高雄縣,連江市,352,HK,Hong Kong,GREATER_CHINA,Chinese,Consumer,Gold,2023-05-05,2023,RETURNING,True,MDM,2023-05-05 00:00:00,2026-04-17 15:58:46.656818
88ca3137-7c2e-4887-bebd-664cc68a3854,CUST-2019-HK-000050,秀梅,蔡,秀梅 蔡,Male,2007-09-23,user168.apple@msn.com,(09) 92040647,奇岩街745號,臺東縣,南投,609,HK,Hong Kong,GREATER_CHINA,Chinese,Consumer,None,2019-12-27,2019,RETURNING,True,MDM,2019-12-27,2026-04-17 15:58:46.656822
0628cd65-f89c-498a-a388-9de169c8d98b,CUST-2019-HK-000095,美玲,周,美玲 周,Female,1955-06-04,user651.apple621@gmail.com,04-21939739,景美巷7段5號,牡丹,三重,46446,HK,Hong Kong,GREATER_CHINA,Chinese,Business,None,2019-11-22,2019,RETURNING,True,MDM,2019-11-22,2026-04-17 15:58:46.656823
c8abc75f-4393-4176-af4e-e166345591c1,CUST-2023-HK-000001,文章,鄭,文章 鄭,Female,1971-02-23,user588.apple@gmail.com,0965-298923,長春巷3號,斗六市,高雄縣,991,HK,Hong Kong,GREATER_CHINA,Chinese,Consumer,Silver,2023-04-30,2023,RETURNING,True,MDM,2023-04-30 00:00:00,2026-04-17 15:58:46.656826
a5b354d2-8f08-4102-9330-49f57b46501c,CUST-2022-HK-000159,家銘,張,家銘 張,Female,1961-06-04,user980.apple@yahoo.com,03-98743037,明德路18號,新營市,台南,157,HK,Hong Kong,GREATER_CHINA,Chinese,Consumer,None,2022-11-20,2022,RETURNING,True,MDM,2022-11-20 00:00:00,2026-04-17 15:58:46.656828
55db1cd6-1494-4798-90e1-f34e61b896c7,CUST-2022-HK-000028,宗翰,胡,宗翰 胡,Male,1979-06-04,user431.apple803@live.com,(08) 50472012,成功巷519號,台東市,板橋市,53052,HK,Hong Kong,GREATER_CHINA,Chinese,Consumer,Silver,2022-11-03,2022,RETURNING,True,MDM,2022-11-03 00:00:00,2026-04-17 15:58:46.656829
dd377998-0add-49e5-9411-a3676eb2e491,CUST-2021-HK-000160,雅婷,林,雅婷 林,Female,1953-05-02,user682.apple@yahoo.com,(08) 67699122,大勇街693號,苗栗,台中,52479,HK,Hong Kong,GREATER_CHINA,Chinese,Consumer,None,2021-06-30,2021,RETURNING,True,MDM,2021-06-30 00:00:00,2026-04-17 15:58:46.656831
53521869-ce3a-43fe-b988-132321cfb7ef,CUST-2022-HK-000001,建宏,陳,建宏 陳,Male,2000-08-14,user414.apple876@aol.com,067 31345594,大坪巷7段184號,平鎮,阿里山市,739,HK,Hong Kong,GREATER_CHINA,Chinese,Consumer,None,2022-10-25,2022,RETURNING,True,MDM,2022-10-25 00:00:00,2026-04-17 15:58:46.656833
c9f890b2-ff7a-4a03-b74c-96327e07f2a5,CUST-2022-HK-000101,雅玲,鍾,雅玲 鍾,Female,2005-09-28,user703.apple337@zoho.com,(05) 36991533,民治路7號,花蓮市,草屯,48868,HK,Hong Kong,GREATER_CHINA,Chinese,Consumer,None,2022-12-25,2022,RETURNING,False,MDM,2022-12-25 00:00:00,2026-04-17 15:58:46.656834
cd881e47-cf8a-4dcc-9eed-598bf3ec25c0,CUST-2023-HK-000039,美華,洪,美華 洪,Male,2002-08-05,user827.apple@gmx.com,04-2794849,林森巷54號,汐止縣,新營,85425,HK,Hong Kong,GREATER_CHINA,Chinese,Business,None,2023-07-18,2023,RETURNING,True,MDM,2023-07-18 00:00:00,2026-04-17 15:58:46.656836
320ecae3-649e-437e-b148-86232745d0c4,CUST-2023-HK-000070,進興,林,進興 林,Female,1978-11-19,user104.apple46@outlook.com,(09) 66851026,新莊路2號,白沙縣,卑南縣,232,HK,Hong Kong,GREATER_CHINA,Chinese,Business,Silver,2023-08-07,2023,RETURNING,False,MDM,2023-08-07 00:00:00,2026-04-17 15:58:46.656839
cafd641f-0cf8-4568-b6c6-55f84c55295d,CUST-2023-HK-000054,麗玉,謝,麗玉 謝,Male,1992-10-19,user385.apple503@gmail.com,070 82077137,府中街7號,中和市,桃園縣,67770,HK,Hong Kong,GREATER_CHINA,Chinese,Consumer,None,2023-12-23,2023,RETURNING,True,MDM,2023-12-23 00:00:00,2026-04-17 15:58:46.656841
70ceb2df-42f0-4456-a8f1-035554ef1530,CUST-2020-HK-000050,淑芬,柯,淑芬 柯,Female,1992-12-13,user926.apple994@gmail.com,0953487652,光明巷6號,鳳山縣,宜蘭市,39636,HK,Hong Kong,GREATER_CHINA,Chinese,Consumer,None,2020-03-29,2020,RETURNING,True,MDM,2020-03-29 00:00:00,2026-04-17 15:58:46.656843
00bf55db-1ca9-4955-b0f8-d4ae501a0dac,CUST-2020-HK-000041,秀美,邱,秀美 邱,Male,1958-11-21,user701.apple@protonmail.com,05-30543083,長安街27號,員林縣,雲林縣,454,HK,Hong Kong,GREATER_CHINA,Chinese,Consumer,Platinum,2020-01-04,2020,RETURNING,True,MDM,2020-01-04 00:00:00,2026-04-17 15:58:46.656844
7c5e93f7-3d53-491a-b3d3-1a3432e70a7e,CUST-2020-HK-000117,麗珠,藍,麗珠 藍,Male,2007-11-20,user670.apple@hotmail.com,03 4585171,古亭路2段42號,北港,草屯,79450,HK,Hong Kong,GREATER_CHINA,Chinese,Consumer,None,2020-11-15,2020,RETURNING,True,MDM,2020-11-15 00:00:00,2026-04-17 15:58:46.656846
8154d983-a509-4695-bbbd-33d2f37bbeae,CUST-2019-HK-000398,義雄,吳,義雄 吳,Male,1993-04-30,user881.apple@outlook.com,09-66095374,華興巷3段187號,台東,北港,41573,HK,Hong Kong,GREATER_CHINA,Chinese,Education,None,2019-03-28,2019,RETURNING,True,MDM,2019-03-28,2026-04-17 15:58:46.656848
b147c2d1-f64d-49da-ab41-70d94fe1904c,CUST-2023-HK-000035,美麗,林,美麗 林,Male,1990-08-04,user701.apple861@mail.com,02 4567896,大智路7段209號,澎湖市,豐原縣,70867,HK,Hong Kong,GREATER_CHINA,Chinese,Education,Platinum,2023-04-06,2023,RETURNING,True,MDM,2023-04-06 00:00:00,2026-04-17 15:58:46.656850
ac276d77-3e4c-4d67-a586-d19b9407675b,CUST-2019-HK-000362,碧雲,簡,碧雲 簡,Male,2002-01-23,user982.apple308@mail.com,0936-444750,新莊路38號,八德,橫山市,253,HK,Hong Kong,GREATER_CHINA,Chinese,Consumer,Platinum,2019-04-28,2019,RETURNING,True,MDM,2019-04-28,2026-04-17 15:58:46.656851
78e7a2a7-031a-4ec6-b2c4-74d3aa984647,CUST-2023-HK-000128,麗珠,林,麗珠 林,Male,1987-08-30,user768.apple@outlook.com,006 82399175,莒光巷4號,雲林市,卑南,59428,HK,Hong Kong,GREATER_CHINA,Chinese,Consumer,Gold,2023-09-01,2023,RETURNING,True,MDM,2023-09-01 00:00:00,2026-04-17 15:58:46.656852
2528f033-7f17-4343-8b6e-c016c8a11e07,CUST-2019-HK-000100,哲瑋,趙,哲瑋 趙,Male,1989-03-08,user623.apple@gmail.com,0949-129085,民有街4號,頭份,台中,17713,HK,Hong Kong,GREATER_CHINA,Chinese,Consumer,Gold,2019-08-19,2019,RETURNING,True,MDM,2019-08-19,2026-04-17 15:58:46.656857
3fcfa9a9-8c0a-41c3-9ab3-29c8350270f9,CUST-2019-HK-000454,玉琴,柳,玉琴 柳,Male,2006-09-07,user221.apple@protonmail.com,0999381589,新生路98號,蘆竹市,蘆竹縣,79777,HK,Hong Kong,GREATER_CHINA,Chinese,Consumer,Platinum,2019-10-21,2019,RETURNING,True,MDM,2019-10-21,2026-04-17 15:58:46.656858
01c35e5c-5c60-41fe-a72a-5be5ec72d1ca,CUST-2023-HK-000040,麗香,林,麗香 林,Female,1986-06-03,user392.apple@zoho.com,02 2404989,忠義街3號,苗栗,桃園,28436,HK,Hong Kong,GREATER_CHINA,Chinese,Consumer,None,2023-07-14,2023,RETURNING,True,MDM,2023-07-14 00:00:00,2026-04-17 15:58:46.656860
b67ca12d-bb94-4236-bc71-036a6590b1e2,CUST-2023-HK-000173,惠美,鄭,惠美 鄭,Female,1978-08-07,user830.apple@live.com,05 5690964,北投路49號,永康,八德縣,55003,HK,Hong Kong,GREATER_CHINA,Chinese,Consumer,Platinum,2023-08-27,2023,RETURNING,True,MDM,2023-08-27 00:00:00,2026-04-17 15:58:46.656862
dbd1c67a-5a97-4a39-b4b4-d8dbafef2666,CUST-2020-HK-000111,志銘,林,志銘 林,Female,1985-08-05,user310.apple750@msn.com,0997227749,信義街5段38號,金門市,永康市,18465,HK,Hong Kong,GREATER_CHINA,Chinese,Consumer,None,2020-08-13,2020,RETURNING,True,MDM,2020-08-13 00:00:00,2026-04-17 15:58:46.656864
cf2bb92a-5027-4de9-be62-108427d67a86,CUST-2019-HK-000237,怡婷,翁,怡婷 翁,Female,2006-02-07,user778.apple@hotmail.com,01-9566524,林森巷20號,臺東縣,蘆竹縣,195,HK,Hong Kong,GREATER_CHINA,Chinese,Consumer,None,2019-01-14,2019,RETURNING,True,MDM,2019-01-14,2026-04-17 15:58:46.656866
0c991895-3049-421d-9c9f-c5f05d6c8d56,CUST-2023-HK-000127,秀玉,羅,秀玉 羅,Male,1955-11-03,user194.apple@gmail.com,0928-250806,文化路148號,基隆,屏東,60290,HK,Hong Kong,GREATER_CHINA,Chinese,Consumer,Silver,2023-11-10,2023,RETURNING,True,MDM,2023-11-10 00:00:00,2026-04-17 15:58:46.656867
b44e3600-ee4a-4c23-aab8-62b4ffab3c9c,CUST-2022-HK-000014,永昌,蔡,永昌 蔡,Male,1997-03-03,user975.apple@outlook.com,02-85201714,莒光路77號,梅山縣,北竿,49124,HK,Hong Kong,GREATER_CHINA,Chinese,Consumer,Gold,2022-03-18,2022,RETURNING,True,MDM,2022-03-18 00:00:00,2026-04-17 15:58:46.656869
8a0777b6-0b2f-42c4-9492-ae2d2397d09b,CUST-2019-HK-000380,建宏,温,建宏 温,Male,2004-07-20,user908.apple@mail.com,0906431755,劍潭路390號,北竿,彰化,72974,HK,Hong Kong,GREATER_CHINA,Chinese,Consumer,Silver,2019-09-25,2019,RETURNING,True,MDM,2019-09-25,2026-04-17 15:58:46.656870
db7aaa5c-b447-43cd-abaf-6f137fa6b1b8,CUST-2019-HK-000410,欣怡,鄭,欣怡 鄭,Male,1980-09-07,user940.apple629@hotmail.com,01-4496545,東湖路3號,新營,古坑,59455,HK,Hong Kong,GREATER_CHINA,Chinese,Consumer,None,2019-06-26,2019,RETURNING,True,MDM,2019-06-26,2026-04-17 15:58:46.656872
b13ed2b2-2397-4e1f-b47b-31378b35907a,CUST-2022-HK-000144,明哲,鄭,明哲 鄭,Male,1951-01-08,user141.apple@aol.com,05 9491815,劍南路194號,中和,蘆洲市,83833,HK,Hong Kong,GREATER_CHINA,Chinese,Consumer,None,2022-11-17,2022,RETURNING,True,MDM,2022-11-17 00:00:00,2026-04-17 15:58:46.656875
acd9d473-028c-4604-8e21-beb686f1cb4e,CUST-2023-HK-000103,麗琴,邱,麗琴 邱,Male,1963-03-22,user853.apple82@live.com,0941-117983,劍南路6號,平鎮,板橋,770,HK,Hong Kong,GREATER_CHINA,Chinese,Consumer,None,2023-11-05,2023,RETURNING,True,MDM,2023-11-05 00:00:00,2026-04-17 15:58:46.656877
a1b9ca0e-7f18-489e-ba87-83e60d99f942,CUST-2019-HK-000498,志誠,何,志誠 何,Male,1958-01-21,user322.apple943@outlook.com,(09) 11310569,文昌路99號,新竹市,鳳山,67985,HK,Hong Kong,GREATER_CHINA,Chinese,Business,None,2019-12-16,2019,RETURNING,True,MDM,2019-12-16,2026-04-17 15:58:46.656879
85ce979b-927a-4c91-bd27-a41786e0747f,CUST-2019-HK-000069,美玲,許,美玲 許,Male,1992-06-20,user904.apple240@icloud.com,008 82692696,大坪巷74號,桃園,北竿縣,587,HK,Hong Kong,GREATER_CHINA,Chinese,Consumer,None,2019-01-30,2019,RETURNING,True,MDM,2019-01-30,2026-04-17 15:58:46.656881
a8087f44-b969-4cb7-a947-55d9e5cbe71b,CUST-2019-HK-000176,家豪,徐,家豪 徐,Female,1994-09-16,user341.apple@hotmail.com,09-99800425,大橋頭街4號,新北,新竹,74108,HK,Hong Kong,GREATER_CHINA,Chinese,Consumer,None,2019-10-21,2019,RETURNING,False,MDM,2019-10-21,2026-04-17 15:58:46.656882
025c4bf7-cd60-4c7d-b4a8-fa34e3c310e4,CUST-2019-HK-000039,秀英,何,秀英 何,Female,1968-04-24,user366.apple829@yahoo.com,0931-423587,忠義巷726號,嘉義,中和市,56975,HK,Hong Kong,GREATER_CHINA,Chinese,Education,None,2019-03-04,2019,RETURNING,True,MDM,2019-03-04,2026-04-17 15:58:46.656884
cbb832cb-e2d2-4f9a-a6f3-84060cfc24cb,CUST-2022-HK-000132,家豪,林,家豪 林,Female,2003-03-03,user179.apple@gmail.com,067 20070373,光華巷298號,北竿,梅山市,51557,HK,Hong Kong,GREATER_CHINA,Chinese,Education,Platinum,2022-11-13,2022,RETURNING,True,MDM,2022-11-13 00:00:00,2026-04-17 15:58:46.656886
0d90490c-b332-47ea-b194-6564fe492874,CUST-2020-HK-000106,秀枝,林,秀枝 林,Male,1969-05-23,user814.apple@gmail.com,073 85239684,頂福州路252號,北港,台南市,895,HK,Hong Kong,GREATER_CHINA,Chinese,Consumer,Platinum,2020-12-15,2020,RETURNING,True,MDM,2020-12-15 00:00:00,2026-04-17 15:58:46.656887
ee98d8f8-e763-4bdb-89f4-02a52b588bd8,CUST-2022-HK-000116,寶珠,林,寶珠 林,Male,1997-02-11,user818.apple836@icloud.com,06-6483803,長春街3段1號,北港市,連江市,95065,HK,Hong Kong,GREATER_CHINA,Chinese,Consumer,Platinum,2022-12-01,2022,RETURNING,True,MDM,2022-12-01 00:00:00,2026-04-17 15:58:46.656889
4b83bdda-31d3-4721-93c3-d856788a7eb2,CUST-2023-HK-000099,俊賢,丁,俊賢 丁,Female,1954-06-12,user149.apple@yahoo.com,0958-512890,東興巷4號,梅山,光復,98137,HK,Hong Kong,GREATER_CHINA,Chinese,Consumer,None,2023-05-10,2023,RETURNING,True,MDM,2023-05-10 00:00:00,2026-04-17 15:58:46.656890
9c73f4f4-33bf-47a3-9a4a-f493ca146d6a,CUST-2019-HK-000057,家豪,張,家豪 張,Female,1964-03-04,user876.apple@gmx.com,06-3166788,東興路790號,朴子市,員林市,206,HK,Hong Kong,GREATER_CHINA,Chinese,Consumer,None,2019-08-05,2019,RETURNING,True,MDM,2019-08-05,2026-04-17 15:58:46.656892
09d80493-5be8-41f0-9e53-10bfe852f51f,CUST-2022-HK-000088,佳蓉,高,佳蓉 高,Male,1968-03-08,user298.apple968@hotmail.com,079 69544447,成功巷88號,鳳山,馬公市,831,HK,Hong Kong,GREATER_CHINA,Chinese,Consumer,None,2022-01-27,2022,RETURNING,True,MDM,2022-01-27 00:00:00,2026-04-17 15:58:46.656894
94a52eaf-0696-41de-a176-ac7a3a24bc06,CUST-2023-HK-000114,秀珠,葉,秀珠 葉,Female,1990-10-14,user979.apple@yahoo.com,05-2497250,四維街2段4號,八德市,楊梅,87300,HK,Hong Kong,GREATER_CHINA,Chinese,Business,None,2023-03-21,2023,RETURNING,True,MDM,2023-03-21 00:00:00,2026-04-17 15:58:46.656896
a8ca9329-abe1-437d-9028-767cc4a455aa,CUST-2022-HK-000031,淑敏,蕭,淑敏 蕭,Male,1956-10-03,user397.apple@mail.com,01-96924354,學府街4號,牡丹市,高雄,929,HK,Hong Kong,GREATER_CHINA,Chinese,Education,Gold,2022-05-06,2022,RETURNING,True,MDM,2022-05-06 00:00:00,2026-04-17 15:58:46.656897
247ce296-ac9f-4509-8b20-eaa52f804c95,CUST-2019-HK-000035,美珠,林,美珠 林,Male,1967-04-16,user105.apple@zoho.com,095 22861532,光明街6段611號,金門縣,新營市,994,HK,Hong Kong,GREATER_CHINA,Chinese,Consumer,None,2019-12-10,2019,RETURNING,True,MDM,2019-12-10,2026-04-17 15:58:46.656899
56cda202-cbd5-49f7-84af-b1b61cf8f53b,CUST-2019-HK-000365,淑華,曾,淑華 曾,Female,1969-01-05,user487.apple@outlook.com,06-49070836,天母巷20號,永康市,澎湖縣,397,HK,Hong Kong,GREATER_CHINA,Chinese,Business,None,2019-01-03,2019,RETURNING,True,MDM,2019-01-03,2026-04-17 15:58:46.656901
23e685c8-9033-428e-aeaf-d1751beac726,CUST-2022-HK-000103,秀華,田,秀華 田,Female,1965-05-30,user746.apple@msn.com,0987-891679,民享巷49號,白沙市,花蓮,508,HK,Hong Kong,GREATER_CHINA,Chinese,Consumer,None,2022-08-19,2022,RETURNING,True,MDM,2022-08-19 00:00:00,2026-04-17 15:58:46.656903
8a7f8319-3092-4c37-9692-9be48a189d42,CUST-2023-HK-000157,文雄,陳,文雄 陳,Male,2003-09-19,user456.apple596@gmx.com,(09) 14652192,光華街32號,卑南,臺東,680,HK,Hong Kong,GREATER_CHINA,Chinese,Consumer,None,2023-09-08,2023,RETURNING,True,MDM,2023-09-08 00:00:00,2026-04-17 15:58:46.656905
40e0dc6b-d854-43ac-ac3b-04a8a078b97d,CUST-2020-HK-000086,怡君,楊,怡君 楊,Female,2000-12-24,user832.apple@gmail.com,066 16926566,自立街1號,台中市,竹田,544,HK,Hong Kong,GREATER_CHINA,Chinese,Business,Platinum,2020-11-08,2020,RETURNING,True,MDM,2020-11-08 00:00:00,2026-04-17 15:58:46.656906
d771df50-13f5-4721-b9bb-03f702f63c61,CUST-2023-HK-000090,麗雪,曹,麗雪 曹,Male,1983-09-04,user533.apple346@yahoo.com,04 9992556,東興巷98號,太平,新營,795,HK,Hong Kong,GREATER_CHINA,Chinese,Consumer,None,2023-11-15,2023,RETURNING,False,MDM,2023-11-15 00:00:00,2026-04-17 15:58:46.656908
722aafc5-3b1e-4c77-a8ba-5d3a2681f73d,CUST-2022-HK-000058,月娥,黃,月娥 黃,Male,2000-08-10,user550.apple@gmx.com,01-5605886,信義路403號,板橋縣,汐止市,390,HK,Hong Kong,GREATER_CHINA,Chinese,Education,None,2022-02-23,2022,RETURNING,True,MDM,2022-02-23 00:00:00,2026-04-17 15:58:46.656910
ad98fa5c-6f62-4e13-81a7-9d447bae133e,CUST-2022-HK-000038,秀珠,蘇,秀珠 蘇,Female,1977-12-28,user540.apple@yahoo.com,0997-037312,四維路8段809號,馬公,光復縣,681,HK,Hong Kong,GREATER_CHINA,Chinese,Education,None,2022-02-15,2022,RETURNING,True,MDM,2022-02-15 00:00:00,2026-04-17 15:58:46.656912
94c03efd-58f2-451e-91e6-2233b8627fc9,CUST-2020-HK-000018,淑芬,張,淑芬 張,Male,2004-01-25,user952.apple@outlook.com,079 89587733,士林巷4號,樹林,褒忠,50226,HK,Hong Kong,GREATER_CHINA,Chinese,Consumer,None,2020-08-20,2020,RETURNING,True,MDM,2020-08-20 00:00:00,2026-04-17 15:58:46.656913
1e2841af-fce7-4e3b-9528-a2db6deb6648,CUST-2023-HK-000172,秀枝,陳,秀枝 陳,Female,1953-12-30,user253.apple575@msn.com,00 9486793,自由巷264號,汐止市,蘆洲,49956,HK,Hong Kong,GREATER_CHINA,Chinese,Business,Silver,2023-10-05,2023,RETURNING,True,MDM,2023-10-05 00:00:00,2026-04-17 15:58:46.656915
af112cc8-b2ab-4120-a40c-34a80773b092,CUST-2022-HK-000145,秋月,陳,秋月 陳,Male,1956-05-03,user564.apple@zoho.com,03-89201643,景美街3段85號,梅山,草屯,326,HK,Hong Kong,GREATER_CHINA,Chinese,Business,Gold,2022-02-25,2022,RETURNING,True,MDM,2022-02-25 00:00:00,2026-04-17 15:58:46.656916
8918aec2-7f46-451d-a080-9f2c7e609c9e,CUST-2019-HK-000492,秀琴,鍾,秀琴 鍾,Male,1983-05-19,user426.apple336@outlook.com,0976554039,新興路1號,三重縣,梅山市,421,HK,Hong Kong,GREATER_CHINA,Chinese,Consumer,None,2019-09-04,2019,RETURNING,True,MDM,2019-09-04,2026-04-17 15:58:46.656918
1941c936-00a0-4695-aca2-dc7175f28b2b,CUST-2023-HK-000050,秀美,陳,秀美 陳,Female,1979-05-08,user382.apple902@outlook.com,03-1959735,光復路2段36號,臺東,汐止,16916,HK,Hong Kong,GREATER_CHINA,Chinese,Consumer,None,2023-05-14,2023,RETURNING,True,MDM,2023-05-14 00:00:00,2026-04-17 15:58:46.656920
f720e7e6-5578-4002-8bbe-3955802a085b,CUST-2019-HK-000308,玉珍,殷,玉珍 殷,Female,1974-10-08,user312.apple@aol.com,0968772556,劍潭巷152號,中和市,宜蘭,978,HK,Hong Kong,GREATER_CHINA,Chinese,Consumer,Silver,2019-01-09,2019,RETURNING,True,MDM,2019-01-09,2026-04-17 15:58:46.656921
1943c5fb-7d76-458d-89a2-7c17e9636f74,CUST-2022-HK-000110,文章,楊,文章 楊,Male,2000-08-22,user107.apple@gmx.com,0963-365877,芝山路4段22號,朴子,阿里山縣,283,HK,Hong Kong,GREATER_CHINA,Chinese,Business,None,2022-01-22,2022,RETURNING,True,MDM,2022-01-22 00:00:00,2026-04-17 15:58:46.656923
f52be070-af80-49a7-8441-f31e03aeac08,CUST-2019-HK-000285,美鳳,張,美鳳 張,Female,1999-08-15,user580.apple760@outlook.com,0959789470,長春街72號,北斗,八德縣,608,HK,Hong Kong,GREATER_CHINA,Chinese,Business,None,2019-10-15,2019,RETURNING,True,MDM,2019-10-15,2026-04-17 15:58:46.656928
ca105b2a-4cd9-4c0a-833e-3ef6beea196b,CUST-2022-HK-000083,玉蘭,陳,玉蘭 陳,Female,1981-11-14,user860.apple@aol.com,08-3194011,中央巷7段50號,楊梅市,台中縣,68607,HK,Hong Kong,GREATER_CHINA,Chinese,Business,None,2022-10-11,2022,RETURNING,True,MDM,2022-10-11 00:00:00,2026-04-17 15:58:46.656930
99635105-bef2-46d5-b062-b9cc65e49953,CUST-2019-HK-000202,慧玲,陳,慧玲 陳,Male,1973-01-21,user135.apple@msn.com,0952291710,新北投巷3段40號,馬公市,澎湖縣,25433,HK,Hong Kong,GREATER_CHINA,Chinese,Business,None,2019-08-05,2019,RETURNING,True,MDM,2019-08-05,2026-04-17 15:58:46.656932
feac7bce-82a8-4455-850f-1bf745b6cd2e,CUST-2019-HK-000453,淑玲,余,淑玲 余,Male,2002-11-27,user192.apple@live.com,08-2474553,福安街8段2號,臺中,斗六,578,HK,Hong Kong,GREATER_CHINA,Chinese,Consumer,None,2019-12-05,2019,RETURNING,True,MDM,2019-12-05,2026-04-17 15:58:46.656934
9d05507b-5b13-4a13-a99e-3962bfd36dbc,CUST-2019-HK-000114,淑惠,陳,淑惠 陳,Female,1962-06-03,user532.apple664@outlook.com,06-8367825,成功路5段2號,白沙市,蘆洲縣,905,HK,Hong Kong,GREATER_CHINA,Chinese,Consumer,None,2019-10-13,2019,RETURNING,True,MDM,2019-10-13,2026-04-17 15:58:46.656936
4ede9a95-655a-4c6d-8f33-1224460dc29b,CUST-2023-HK-000136,志偉,劉,志偉 劉,Female,1964-08-22,user748.apple@gmail.com,04 5585992,長春街38號,金門,中和縣,789,HK,Hong Kong,GREATER_CHINA,Chinese,Consumer,None,2023-07-07,2023,RETURNING,True,MDM,2023-07-07 00:00:00,2026-04-17 15:58:46.656937
37a56458-e564-4fd3-9539-d449cc52349f,CUST-2023-HK-000017,俊明,陳,俊明 陳,Male,1969-05-09,user568.apple@icloud.com,07-8690728,萬隆巷3號,永和,永康,676,HK,Hong Kong,GREATER_CHINA,Chinese,Consumer,Silver,2023-04-18,2023,RETURNING,True,MDM,2023-04-18 00:00:00,2026-04-17 15:58:46.656939
d44dac17-c2cd-425b-b3ad-2a2e645ff550,CUST-2022-HK-000008,家瑋,林,家瑋 林,Female,1975-12-31,user566.apple@mail.com,(06) 49743035,光華巷34號,草屯市,澎湖縣,73582,HK,Hong Kong,GREATER_CHINA,Chinese,Consumer,Gold,2022-08-10,2022,RETURNING,True,MDM,2022-08-10 00:00:00,2026-04-17 15:58:46.656941
3e3e09d3-e780-4725-b0f0-aacdd6a11c69,CUST-2019-HK-000451,麗玲,王,麗玲 王,Female,1966-04-13,user679.apple738@outlook.com,06-72392694,光復路7號,台北,臺東市,89107,HK,Hong Kong,GREATER_CHINA,Chinese,Consumer,None,2019-02-21,2019,RETURNING,True,MDM,2019-02-21,2026-04-17 15:58:46.656943
f8c84cf9-3398-41a0-a979-b9dd8053b52e,CUST-2022-HK-000134,碧霞,林,碧霞 林,Male,1983-07-31,user143.apple@hotmail.com,07-61752236,太平路771號,苗栗,頭份,515,HK,Hong Kong,GREATER_CHINA,Chinese,Consumer,None,2022-10-01,2022,RETURNING,True,MDM,2022-10-01 00:00:00,2026-04-17 15:58:46.656945
d41f6765-3ce1-4598-b66e-91396242b0f1,CUST-2021-HK-000004,素貞,吳,素貞 吳,Female,1993-05-09,user438.apple@yahoo.com,067 15707168,育英街64號,阿里山,竹田,309,HK,Hong Kong,GREATER_CHINA,Chinese,Consumer,Gold,2021-09-07,2021,RETURNING,True,MDM,2021-09-07 00:00:00,2026-04-17 15:58:46.656947
ac706133-57d8-486e-b2d9-4d7b3f51f8a9,CUST-2021-HK-000107,建志,尤,建志 尤,Female,1963-06-25,user646.apple@icloud.com,09 3765979,大智巷36號,宜蘭,斗六,731,HK,Hong Kong,GREATER_CHINA,Chinese,Consumer,Gold,2021-03-23,2021,RETURNING,True,MDM,2021-03-23 00:00:00,2026-04-17 15:58:46.656948
b1c2e57b-208e-4094-b2d7-af48e5896b87,CUST-2022-HK-000150,淑卿,謝,淑卿 謝,Female,1967-09-07,user805.apple@gmail.com,08-54846636,士林巷6號,三重市,光復,844,HK,Hong Kong,GREATER_CHINA,Chinese,Consumer,None,2022-04-21,2022,RETURNING,True,MDM,2022-04-21 00:00:00,2026-04-17 15:58:46.656950
00dc758b-e715-4071-a28c-da914694cef0,CUST-2023-HK-000137,志遠,徐,志遠 徐,Female,1957-01-22,user802.apple317@yahoo.com,04 2725585,土城路505號,北斗縣,新營市,315,HK,Hong Kong,GREATER_CHINA,Chinese,Business,None,2023-12-22,2023,RETURNING,True,MDM,2023-12-22 00:00:00,2026-04-17 15:58:46.656952
55e9d647-9f8a-4654-b450-f4eed5c52973,CUST-2020-HK-000013,志宏,丁,志宏 丁,Male,1999-01-26,user336.apple193@aol.com,01-7602637,劍潭街2號,屏東市,澎湖,94875,HK,Hong Kong,GREATER_CHINA,Chinese,Consumer,None,2020-04-22,2020,RETURNING,True,MDM,2020-04-22 00:00:00,2026-04-17 15:58:46.656954
9d11c3a7-c150-4fb3-9689-faaef4ae1224,CUST-2019-HK-000129,家榮,簡,家榮 簡,Female,1966-12-19,user675.apple@icloud.com,01-2349797,新莊路454號,臺中市,鳳山縣,508,HK,Hong Kong,GREATER_CHINA,Chinese,Consumer,None,2019-09-17,2019,RETURNING,True,MDM,2019-09-17,2026-04-17 15:58:46.656955
b3cd8678-b572-4dd7-98b1-2f5ebaf51e90,CUST-2021-HK-000146,雅婷,劉,雅婷 劉,Male,1985-06-10,user439.apple@icloud.com,0970-050459,文昌巷6段79號,屏東,竹北,315,HK,Hong Kong,GREATER_CHINA,Chinese,Consumer,Gold,2021-02-17,2021,RETURNING,True,MDM,2021-02-17 00:00:00,2026-04-17 15:58:46.656957
16f2129e-27c0-4c0a-b5f9-c99b96f1e4e2,CUST-2021-HK-000152,進興,洪,進興 洪,Female,2003-04-25,user574.apple@outlook.com,0978-964790,士林巷34號,桃園縣,蘆洲縣,40466,HK,Hong Kong,GREATER_CHINA,Chinese,Consumer,None,2021-09-03,2021,RETURNING,True,MDM,2021-09-03 00:00:00,2026-04-17 15:58:46.656959
5b43322e-cf4e-45c9-bb9d-b16327372c3c,CUST-2022-HK-000066,怡君,許,怡君 許,Male,2006-06-02,user980.apple@hotmail.com,074 83795029,建國巷50號,永和,宜蘭縣,59816,HK,Hong Kong,GREATER_CHINA,Chinese,Consumer,Silver,2022-01-20,2022,RETURNING,True,MDM,2022-01-20 00:00:00,2026-04-17 15:58:46.656960
5ba65cea-bd71-439b-b473-5b3023bc62ee,CUST-2023-HK-000056,秋香,曾,秋香 曾,Female,2005-10-09,user392.apple@hotmail.com,01-5578241,民有巷456號,基隆市,新營,31756,HK,Hong Kong,GREATER_CHINA,Chinese,Consumer,Silver,2023-12-07,2023,RETURNING,True,MDM,2023-12-07 00:00:00,2026-04-17 15:58:46.656962
53898309-a5d8-4c7b-8756-bb19a2f045dd,CUST-2019-HK-000328,志成,吳,志成 吳,Male,1996-01-29,user345.apple79@aol.com,0904622433,仁愛街99號,苗栗,新北市,976,HK,Hong Kong,GREATER_CHINA,Chinese,Business,Silver,2019-07-22,2019,RETURNING,True,MDM,2019-07-22,2026-04-17 15:58:46.656963
67c697ad-b7f6-493a-b96c-e6609874eb4c,CUST-2019-HK-000338,聰明,林,聰明 林,Male,2000-11-10,user600.apple@icloud.com,08-34607677,學府巷804號,鳳山市,蘆竹,71795,HK,Hong Kong,GREATER_CHINA,Chinese,Business,Gold,2019-11-12,2019,RETURNING,True,MDM,2019-11-12,2026-04-17 15:58:46.656965
2257d3f1-5502-4aef-a626-cf30388663aa,CUST-2023-HK-000178,志強,胡,志強 胡,Male,1990-09-25,user855.apple@gmx.com,00-6432817,動物園街8號,平鎮,白沙市,921,HK,Hong Kong,GREATER_CHINA,Chinese,Consumer,None,2023-03-14,2023,RETURNING,True,MDM,2023-03-14 00:00:00,2026-04-17 15:58:46.656971
b84a95d8-4dc2-4ce1-a077-bf3a88c74e98,CUST-2019-HK-000096,宗翰,黃,宗翰 黃,Male,1961-04-17,user950.apple34@gmail.com,0901-588409,福德路9號,朴子,台南,43401,HK,Hong Kong,GREATER_CHINA,Chinese,Consumer,Gold,2019-06-03,2019,RETURNING,True,MDM,2019-06-03,2026-04-17 15:58:46.656972
d9cf11d0-ba8a-49b5-8a07-133eb6297ca5,CUST-2019-HK-000210,麗玉,楊,麗玉 楊,Male,2000-12-12,user140.apple@hotmail.com,03-5552475,石牌巷3號,員林市,台北縣,51641,HK,Hong Kong,GREATER_CHINA,Chinese,Consumer,None,2019-08-17,2019,RETURNING,True,MDM,2019-08-17,2026-04-17 15:58:46.656975
55eaf299-52db-40b3-9275-1a0f0dfc825d,CUST-2022-HK-000071,家豪,劉,家豪 劉,Female,1972-09-21,user886.apple@hotmail.com,(09) 44363279,東興街361號,彰化,朴子,947,HK,Hong Kong,GREATER_CHINA,Chinese,Consumer,Silver,2022-02-09,2022,RETURNING,True,MDM,2022-02-09 00:00:00,2026-04-17 15:58:46.656976
0dafcc1d-53cb-475b-9503-33f7ade87f8e,CUST-2023-HK-000015,佳蓉,周,佳蓉 周,Female,1952-08-31,user317.apple798@msn.com,(00) 76339432,學府巷678號,桃園市,員林縣,213,HK,Hong Kong,GREATER_CHINA,Chinese,Consumer,Gold,2023-04-24,2023,RETURNING,True,MDM,2023-04-24 00:00:00,2026-04-17 15:58:46.656978
fcc74656-1c61-4c81-a39c-eae3fc9d4e15,CUST-2023-HK-000052,佳玲,馬,佳玲 馬,Male,1984-07-06,user666.apple@outlook.com,092 45618641,民生路4段11號,樹林縣,新北,908,HK,Hong Kong,GREATER_CHINA,Chinese,Education,None,2023-12-02,2023,RETURNING,True,MDM,2023-12-02 00:00:00,2026-04-17 15:58:46.656980
94dbadfa-e0d8-4d68-9280-8a179087f8d7,CUST-2019-HK-000117,聰明,潘,聰明 潘,Female,1997-04-26,user464.apple@yahoo.com,0903-685737,育英巷79號,桃園市,澎湖,292,HK,Hong Kong,GREATER_CHINA,Chinese,Consumer,None,2019-05-06,2019,RETURNING,True,MDM,2019-05-06,2026-04-17 15:58:46.656982
40fe169d-afdd-4bc3-8888-73acde57ed39,CUST-2021-HK-000162,金龍,鐘,金龍 鐘,Female,1950-08-27,user118.apple@zoho.com,0951993310,民富路142號,竹田市,苗栗縣,36301,HK,Hong Kong,GREATER_CHINA,Chinese,Consumer,Silver,2021-10-07,2021,RETURNING,True,MDM,2021-10-07 00:00:00,2026-04-17 15:58:46.656987
dc1b2792-e183-4e01-b876-9bfa8d168a41,CUST-2020-HK-000128,素貞,沈,素貞 沈,Female,1969-12-26,user657.apple@icloud.com,02 4675853,迴龍路763號,苗栗,金門,822,HK,Hong Kong,GREATER_CHINA,Chinese,Consumer,Gold,2020-10-07,2020,RETURNING,True,MDM,2020-10-07 00:00:00,2026-04-17 15:58:46.656989
c6aa34a6-0b3b-4675-8dee-89dc59fbe558,CUST-2019-HK-000178,淑芬,陳,淑芬 陳,Female,1952-10-11,user302.apple95@gmx.com,0927612623,自由巷681號,橫山市,褒忠市,56347,HK,Hong Kong,GREATER_CHINA,Chinese,Consumer,None,2019-06-06,2019,RETURNING,True,MDM,2019-06-06,2026-04-17 15:58:46.656992
79a17dd0-0556-4de3-80b8-a9842cdfc4c0,CUST-2021-HK-000144,承翰,顏,承翰 顏,Male,1980-07-02,user122.apple@mail.com,04 2631199,水源街69號,大里,古坑市,205,HK,Hong Kong,GREATER_CHINA,Chinese,Consumer,Platinum,2021-11-28,2021,RETURNING,True,MDM,2021-11-28 00:00:00,2026-04-17 15:58:46.656994
c8a2822a-fe2c-4d7a-a54e-f715eff5dd68,CUST-2021-HK-000110,金蓮,謝,金蓮 謝,Male,1971-10-01,user460.apple@aol.com,(04) 26412521,新埔巷7號,竹北,褒忠,15841,HK,Hong Kong,GREATER_CHINA,Chinese,Education,Platinum,2021-09-06,2021,RETURNING,True,MDM,2021-09-06 00:00:00,2026-04-17 15:58:46.656995
222db5df-4f88-4abf-a9a9-6b365c5b98ca,CUST-2023-HK-000021,秀珠,陳,秀珠 陳,Male,1974-10-05,user853.apple@mail.com,(08) 45833659,石牌路5號,永和縣,新營縣,43649,HK,Hong Kong,GREATER_CHINA,Chinese,Consumer,Gold,2023-06-22,2023,RETURNING,True,MDM,2023-06-22 00:00:00,2026-04-17 15:58:46.656997
24b50238-6f60-4044-82ad-3a792cdc8195,CUST-2019-HK-000436,素珠,呂,素珠 呂,Male,1998-01-28,user186.apple@gmail.com,08 2254648,大勇巷4號,彰化,台北,67663,HK,Hong Kong,GREATER_CHINA,Chinese,Consumer,None,2019-12-26,2019,RETURNING,True,MDM,2019-12-26,2026-04-17 15:58:46.656998
8c6ea45e-85d6-41fc-afe3-77bbd127900d,CUST-2022-HK-000153,俊明,廖,俊明 廖,Male,2006-12-14,user644.apple@msn.com,0967909402,民族路1號,新竹,橫山,672,HK,Hong Kong,GREATER_CHINA,Chinese,Consumer,Platinum,2022-03-09,2022,RETURNING,True,MDM,2022-03-09 00:00:00,2026-04-17 15:58:46.657000
a47f7489-3c6d-4345-b9fa-e3d4cecaace4,CUST-2021-HK-000124,佳玲,錢,佳玲 錢,Female,1973-05-12,user896.apple@zoho.com,0906820075,士林巷93號,臺中,關山縣,37696,HK,Hong Kong,GREATER_CHINA,Chinese,Consumer,None,2021-06-16,2021,RETURNING,False,MDM,2021-06-16 00:00:00,2026-04-17 15:58:46.657007
8fd81fa9-279c-4d38-a9b7-e1803647d89c,CUST-2019-HK-000077,怡婷,林,怡婷 林,Female,1958-03-15,user886.apple@outlook.com,(02) 92661839,永安巷8段71號,草屯,台南,31016,HK,Hong Kong,GREATER_CHINA,Chinese,Consumer,Gold,2019-07-21,2019,RETURNING,True,MDM,2019-07-21,2026-04-17 15:58:46.657009
179d168f-d342-4727-baa6-d1bd1b572767,CUST-2023-HK-000179,志成,許,志成 許,Male,1982-02-18,user364.apple@gmail.com,021 73881058,明德街838號,蘆洲縣,永和,23734,HK,Hong Kong,GREATER_CHINA,Chinese,Consumer,None,2023-09-19,2023,RETURNING,True,MDM,2023-09-19 00:00:00,2026-04-17 15:58:46.657011
f6dae768-47f8-43e6-b686-4b96fe4ecbc2,CUST-2021-HK-000052,武雄,陳,武雄 陳,Male,1988-11-28,user506.apple@msn.com,0966-718453,民有巷6段63號,中壢市,新北縣,71914,HK,Hong Kong,GREATER_CHINA,Chinese,Consumer,Platinum,2021-01-28,2021,RETURNING,True,MDM,2021-01-28 00:00:00,2026-04-17 15:58:46.657013
013c1211-15b3-4066-9fa2-a25d0a899209,CUST-2022-HK-000091,美玉,簡,美玉 簡,Male,1981-06-25,user363.apple560@yahoo.com,0939-789083,民享路50號,金門縣,花蓮,345,HK,Hong Kong,GREATER_CHINA,Chinese,Consumer,None,2022-10-29,2022,RETURNING,True,MDM,2022-10-29 00:00:00,2026-04-17 15:58:46.657015
67796624-ff90-4eee-ad84-67146d4434ba,CUST-2019-HK-000074,志豪,游,志豪 游,Male,1970-07-30,user655.apple@gmx.com,01 3910133,新埔路65號,高雄,卑南市,249,HK,Hong Kong,GREATER_CHINA,Chinese,Business,Silver,2019-03-09,2019,RETURNING,True,MDM,2019-03-09,2026-04-17 15:58:46.657016
44b9a31b-b6c5-4d8f-9ebf-711a093a08e2,CUST-2019-HK-000181,志誠,劉,志誠 劉,Female,1950-08-23,user870.apple@protonmail.com,064 38468567,民享巷50號,白沙,桃園縣,25923,HK,Hong Kong,GREATER_CHINA,Chinese,Consumer,Gold,2019-04-13,2019,RETURNING,True,MDM,2019-04-13,2026-04-17 15:58:46.657018
416bb8a1-9c82-4f88-a4dc-cee5228dc126,CUST-2022-HK-000060,芸菲,陳,芸菲 陳,Male,1961-01-29,user598.apple567@protonmail.com,(07) 63701137,新莊街325號,基隆,汐止縣,291,HK,Hong Kong,GREATER_CHINA,Chinese,Consumer,None,2022-05-09,2022,RETURNING,True,MDM,2022-05-09 00:00:00,2026-04-17 15:58:46.657019
7dbc110f-5086-4a1a-9831-3e5c4df931e8,CUST-2023-HK-000062,明哲,張,明哲 張,Male,1953-07-01,user318.apple@aol.com,0960686212,興街46號,平鎮,永和市,244,HK,Hong Kong,GREATER_CHINA,Chinese,Consumer,None,2023-03-19,2023,RETURNING,True,MDM,2023-03-19 00:00:00,2026-04-17 15:58:46.657024
dfbf45a3-f76d-4213-bb40-bf962b245b58,CUST-2019-HK-000345,雅惠,周,雅惠 周,Female,1990-04-10,user732.apple@icloud.com,0902-126453,新北投街138號,關山,台中,25381,HK,Hong Kong,GREATER_CHINA,Chinese,Consumer,Silver,2019-05-07,2019,RETURNING,True,MDM,2019-05-07,2026-04-17 15:58:46.657026
c7a33bcc-4dd2-4786-b9d8-5eea4958b868,CUST-2019-HK-000344,雅惠,連,雅惠 連,Female,1998-05-18,user484.apple@protonmail.com,(00) 26787420,新生街8段846號,楊梅市,台北市,73286,HK,Hong Kong,GREATER_CHINA,Chinese,Consumer,Silver,2019-02-05,2019,RETURNING,True,MDM,2019-02-05,2026-04-17 15:58:46.657028
aac253e2-d7b6-41e9-b851-dedc107588f7,CUST-2022-HK-000047,麗雪,范,麗雪 范,Male,1959-03-19,user225.apple@gmx.com,057 57250458,古亭路64號,北斗縣,永和,888,HK,Hong Kong,GREATER_CHINA,Chinese,Consumer,Platinum,2022-12-28,2022,RETURNING,True,MDM,2022-12-28 00:00:00,2026-04-17 15:58:46.657029
5ec19cdc-861e-4633-a8a7-1872875f17da,CUST-2020-HK-000138,雅雯,簡,雅雯 簡,Female,1979-06-07,user172.apple@zoho.com,01-7168638,華興巷24號,新竹縣,卑南市,60003,HK,Hong Kong,GREATER_CHINA,Chinese,Consumer,Silver,2020-08-05,2020,RETURNING,True,MDM,2020-08-05 00:00:00,2026-04-17 15:58:46.657031
2d46b203-b07e-4bb3-a933-2265d3c3fd2e,CUST-2022-HK-000138,秋香,蔡,秋香 蔡,Female,1995-06-20,user475.apple@zoho.com,06 8548280,自立路145號,桃園,屏東市,62391,HK,Hong Kong,GREATER_CHINA,Chinese,Consumer,None,2022-07-26,2022,RETURNING,True,MDM,2022-07-26 00:00:00,2026-04-17 15:58:46.657033
a616d17a-1ba8-4f69-8218-fd067ceae5b6,CUST-2023-HK-000159,淑慧,謝,淑慧 謝,Female,1972-11-18,user786.apple544@zoho.com,053 18143071,平和街8號,梅山市,平鎮,76572,HK,Hong Kong,GREATER_CHINA,Chinese,Consumer,None,2023-10-28,2023,RETURNING,True,MDM,2023-10-28 00:00:00,2026-04-17 15:58:46.657035
fea754f6-dc9c-4d8e-bfe4-a45f30a1bd22,CUST-2021-HK-000084,永昌,洪,永昌 洪,Male,1955-09-02,user480.apple271@gmail.com,0965-771963,學府路89號,桃園縣,永和,18575,HK,Hong Kong,GREATER_CHINA,Chinese,Consumer,None,2021-09-17,2021,RETURNING,True,MDM,2021-09-17 00:00:00,2026-04-17 15:58:46.657037
430d4efe-decb-40b1-aaaf-a9e994e73476,CUST-2021-HK-000158,怡婷,高,怡婷 高,Male,1977-04-18,user364.apple@gmx.com,027 47698411,忠義路64號,連江,彰化,55270,HK,Hong Kong,GREATER_CHINA,Chinese,Education,Platinum,2021-06-03,2021,RETURNING,True,MDM,2021-06-03 00:00:00,2026-04-17 15:58:46.657039
28450131-a3d0-4d9e-a6b2-930005670426,CUST-2022-HK-000073,淑玲,官,淑玲 官,Female,2004-01-24,user234.apple@protonmail.com,0935-626393,文昌路9號,大里縣,蘆竹,679,HK,Hong Kong,GREATER_CHINA,Chinese,Business,Gold,2022-09-18,2022,RETURNING,True,MDM,2022-09-18 00:00:00,2026-04-17 15:58:46.657043
75f11690-cc0a-4eed-9b6c-62eb0b304d84,CUST-2019-HK-000378,淑慧,羅,淑慧 羅,Male,1977-11-19,user346.apple813@mail.com,08-63632615,水源街857號,新營,宜蘭,10159,HK,Hong Kong,GREATER_CHINA,Chinese,Consumer,None,2019-07-21,2019,RETURNING,True,MDM,2019-07-21,2026-04-17 15:58:46.657045
1a0041e3-7dc3-42e3-a529-5b3be4ecf092,CUST-2021-HK-000063,建興,高,建興 高,Female,1994-08-07,user833.apple815@gmx.com,00-28987746,仁愛路4段4號,竹北市,中壢,93531,HK,Hong Kong,GREATER_CHINA,Chinese,Consumer,Gold,2021-07-31,2021,RETURNING,True,MDM,2021-07-31 00:00:00,2026-04-17 15:58:46.657047
178f7f21-d7fe-4c2e-8bce-9aade07da783,CUST-2022-HK-000013,美珠,高,美珠 高,Male,2003-02-20,user668.apple@icloud.com,01-5604350,奇岩街545號,梅山,臺中,55452,HK,Hong Kong,GREATER_CHINA,Chinese,Consumer,Gold,2022-06-29,2022,RETURNING,True,MDM,2022-06-29 00:00:00,2026-04-17 15:58:46.657048
81cf26cd-68e7-415e-b3fb-f31ab338aed3,CUST-2023-HK-000020,怡婷,黃,怡婷 黃,Female,1974-05-22,user743.apple@outlook.com,0998-389306,民享街9號,永康縣,雲林市,99111,HK,Hong Kong,GREATER_CHINA,Chinese,Consumer,None,2023-06-20,2023,RETURNING,True,MDM,2023-06-20 00:00:00,2026-04-17 15:58:46.657050
d4a8cbe5-c9ea-46a7-9616-d5dd24cc6ee9,CUST-2023-HK-000156,淑芬,洪,淑芬 洪,Female,1979-09-03,user247.apple@gmx.com,0907226536,公園街8段9號,南投,永和縣,44352,HK,Hong Kong,GREATER_CHINA,Chinese,Consumer,Silver,2023-04-21,2023,RETURNING,True,MDM,2023-04-21 00:00:00,2026-04-17 15:58:46.657052
56638405-6a3f-4a26-966d-4b4e1dd96d53,CUST-2020-HK-000105,雅雯,黃,雅雯 黃,Female,1971-01-15,user414.apple@live.com,06-20486435,龍山寺路9號,蘆竹縣,豐原,26624,HK,Hong Kong,GREATER_CHINA,Chinese,Consumer,None,2020-04-05,2020,RETURNING,True,MDM,2020-04-05 00:00:00,2026-04-17 15:58:46.657054
f92b60fc-459e-47ae-8e50-b0a4f5920f5e,CUST-2023-HK-000129,寶珠,陳,寶珠 陳,Female,1963-10-11,user213.apple323@gmail.com,00-7378457,劍南路3段2號,台南,太保市,325,HK,Hong Kong,GREATER_CHINA,Chinese,Consumer,None,2023-10-17,2023,RETURNING,True,MDM,2023-10-17 00:00:00,2026-04-17 15:58:46.657055
6a9a6a63-64b6-4029-97a1-8b26e4681533,CUST-2019-HK-000347,淑華,徐,淑華 徐,Female,1995-01-24,user936.apple68@yahoo.com,039 33149254,大同街390號,臺東,古坑,752,HK,Hong Kong,GREATER_CHINA,Chinese,Consumer,None,2019-12-03,2019,RETURNING,True,MDM,2019-12-03,2026-04-17 15:58:46.657061
5b6798d8-3a85-4f2f-9ada-652de4daf86f,CUST-2023-HK-000110,麗玉,楊,麗玉 楊,Female,2007-09-30,user918.apple@icloud.com,066 18548960,中和巷8段5號,豐原市,太保,744,HK,Hong Kong,GREATER_CHINA,Chinese,Business,Silver,2023-02-20,2023,RETURNING,True,MDM,2023-02-20 00:00:00,2026-04-17 15:58:46.657062
41416308-449a-4b19-b82c-46ba3ca4efef,CUST-2023-HK-000108,詩涵,柯,詩涵 柯,Female,1974-07-23,user552.apple@live.com,01-38262136,育英街364號,阿里山,朴子,67828,HK,Hong Kong,GREATER_CHINA,Chinese,Consumer,Gold,2023-01-02,2023,RETURNING,True,MDM,2023-01-02 00:00:00,2026-04-17 15:58:46.657064
bb95e067-c3e4-408a-a2ad-9339b9bb9007,CUST-2022-HK-000140,秀華,張,秀華 張,Male,1973-01-03,user115.apple@mail.com,061 61334913,大智街23號,中和縣,花蓮市,57750,HK,Hong Kong,GREATER_CHINA,Chinese,Consumer,Platinum,2022-01-13,2022,RETURNING,True,MDM,2022-01-13 00:00:00,2026-04-17 15:58:46.657066
1a22692b-b491-4797-bee4-20e4fd6be998,CUST-2020-HK-000158,信宏,陳,信宏 陳,Female,1956-05-06,user319.apple689@hotmail.com,0962808185,永寧路639號,永和縣,蘆洲市,435,HK,Hong Kong,GREATER_CHINA,Chinese,Consumer,Platinum,2020-02-05,2020,RETURNING,True,MDM,2020-02-05 00:00:00,2026-04-17 15:58:46.657068
83f4561e-ce1d-4acb-86b8-a5671cc63205,CUST-2023-HK-000140,正雄,張,正雄 張,Male,1975-11-21,user718.apple@outlook.com,06-75898477,民權巷613號,太保縣,平鎮,33348,HK,Hong Kong,GREATER_CHINA,Chinese,Consumer,Gold,2023-10-01,2023,RETURNING,True,MDM,2023-10-01 00:00:00,2026-04-17 15:58:46.657070
00bb8fe6-c9fa-4d40-9476-2f793e83c177,CUST-2023-HK-000088,美惠,王,美惠 王,Female,1978-04-09,user718.apple@outlook.com,0971473115,迴龍路595號,永和縣,中壢市,447,HK,Hong Kong,GREATER_CHINA,Chinese,Consumer,Silver,2023-07-28,2023,RETURNING,True,MDM,2023-07-28 00:00:00,2026-04-17 15:58:46.657071
a33bd1eb-b183-4ea4-999c-7d1c02a459d4,CUST-2019-HK-000159,美麗,李,美麗 李,Male,1965-09-21,user723.apple@yahoo.com,09-44166211,東興路556號,鳳山市,板橋市,15242,HK,Hong Kong,GREATER_CHINA,Chinese,Consumer,None,2019-07-17,2019,RETURNING,True,MDM,2019-07-17,2026-04-17 15:58:46.657073
cf3e31d3-eb42-42b6-873c-4aaff028a7c6,CUST-2022-HK-000161,淑芳,張,淑芳 張,Female,1957-07-28,user876.apple@yahoo.com,052 95781123,自由街60號,朴子,臺東,69118,HK,Hong Kong,GREATER_CHINA,Chinese,Consumer,None,2022-09-23,2022,RETURNING,True,MDM,2022-09-23 00:00:00,2026-04-17 15:58:46.657079
635040b6-9c14-493a-9e19-46e53979af5b,CUST-2022-HK-000141,秀琴,劉,秀琴 劉,Female,1954-10-05,user237.apple634@msn.com,0992479147,昆陽路1段161號,新竹,新營,30844,HK,Hong Kong,GREATER_CHINA,Chinese,Consumer,None,2022-04-17,2022,RETURNING,True,MDM,2022-04-17 00:00:00,2026-04-17 15:58:46.657081
7b2412a7-3596-47fa-a8b5-83c0001caffb,CUST-2023-HK-000064,品妤,金,品妤 金,Male,2000-02-09,user449.apple@protonmail.com,0914-559263,蘆洲巷9號,白沙市,苗栗,649,HK,Hong Kong,GREATER_CHINA,Chinese,Education,None,2023-10-30,2023,RETURNING,True,MDM,2023-10-30 00:00:00,2026-04-17 15:58:46.657083
13825d4b-58ec-46fd-81cb-3a19c4c4cc7d,CUST-2019-HK-000422,玉蘭,韓,玉蘭 韓,Female,1984-05-26,user713.apple@gmail.com,0922568747,信義巷7號,光復市,彰化縣,305,HK,Hong Kong,GREATER_CHINA,Chinese,Consumer,Silver,2019-02-22,2019,RETURNING,True,MDM,2019-02-22,2026-04-17 15:58:46.657085
f7a05b31-091d-47e6-9b42-e948f3046f7e,CUST-2019-HK-000397,素蘭,張,素蘭 張,Female,1984-02-27,user565.apple@aol.com,03-44543285,龍山寺路3號,新營,南投,589,HK,Hong Kong,GREATER_CHINA,Chinese,Consumer,None,2019-08-15,2019,RETURNING,True,MDM,2019-08-15,2026-04-17 15:58:46.657086
8c53ad14-a3dd-456c-8cda-4e2600770d8a,CUST-2019-HK-000174,麗華,李,麗華 李,Female,1954-09-13,user865.apple@hotmail.com,07 7976630,新生街428號,新營,南投,398,HK,Hong Kong,GREATER_CHINA,Chinese,Consumer,None,2019-02-05,2019,RETURNING,True,MDM,2019-02-05,2026-04-17 15:58:46.657088
9cb6b0e9-c4c5-4a2a-98ca-5188da8f66c0,CUST-2019-HK-000315,美雲,吳,美雲 吳,Female,1980-03-23,user883.apple@yahoo.com,(05) 99330572,永安路705號,牡丹,臺東,92061,HK,Hong Kong,GREATER_CHINA,Chinese,Consumer,None,2019-12-02,2019,RETURNING,True,MDM,2019-12-02,2026-04-17 15:58:46.657090
2c9db0ca-0d2d-4b5e-90d9-0d68e77bfd2a,CUST-2021-HK-000064,素卿,陳,素卿 陳,Female,1951-11-13,user815.apple304@zoho.com,0929-667066,自立路7段977號,新竹縣,平鎮,284,HK,Hong Kong,GREATER_CHINA,Chinese,Business,None,2021-11-28,2021,RETURNING,True,MDM,2021-11-28 00:00:00,2026-04-17 15:58:46.657096
f036abcb-0a67-4500-a3d7-d5f1c4a1f668,CUST-2021-HK-000015,靜怡,薛,靜怡 薛,Male,1997-04-08,user674.apple@gmx.com,07 6009617,大同街7段603號,白沙,新竹,791,HK,Hong Kong,GREATER_CHINA,Chinese,Consumer,None,2021-06-19,2021,RETURNING,True,MDM,2021-06-19 00:00:00,2026-04-17 15:58:46.657098
81ed3c0d-2f8d-4e85-b330-a171010bd06e,CUST-2019-HK-000479,羽彤,魏,羽彤 魏,Male,1959-07-02,user232.apple@icloud.com,(01) 36476891,博愛街520號,雲林,古坑,41042,HK,Hong Kong,GREATER_CHINA,Chinese,Consumer,Platinum,2019-12-26,2019,RETURNING,True,MDM,2019-12-26,2026-04-17 15:58:46.657099
815f5909-7e8f-4967-bbee-81782cc98394,CUST-2022-HK-000172,美玲,曾,美玲 曾,Female,2001-10-16,user246.apple@hotmail.com,084 37119209,萬隆街61號,蘆竹縣,台東縣,117,HK,Hong Kong,GREATER_CHINA,Chinese,Consumer,Platinum,2022-07-12,2022,RETURNING,True,MDM,2022-07-12 00:00:00,2026-04-17 15:58:46.657101
76e18b11-f8c5-48ba-a088-2dc0de2520cf,CUST-2019-HK-000474,美雲,許,美雲 許,Male,1953-04-03,user806.apple223@gmx.com,048 21087593,劍南路6號,光復,北竿市,410,HK,Hong Kong,GREATER_CHINA,Chinese,Consumer,None,2019-09-11,2019,RETURNING,True,MDM,2019-09-11,2026-04-17 15:58:46.657103
96fc8e7f-3b12-4de4-aa71-e9f488b24002,CUST-2020-HK-000074,淑華,黃,淑華 黃,Female,1962-04-10,user867.apple@live.com,(07) 99224509,民治路8段684號,中壢,台南縣,365,HK,Hong Kong,GREATER_CHINA,Chinese,Consumer,Gold,2020-08-29,2020,RETURNING,True,MDM,2020-08-29 00:00:00,2026-04-17 15:58:46.657104
4dad4cfa-ceb9-42d7-bea4-7978731059d6,CUST-2023-HK-000047,玉蘭,王,玉蘭 王,Female,1955-03-25,user367.apple239@yahoo.com,(02) 50642620,林森路549號,白沙縣,彰化,556,HK,Hong Kong,GREATER_CHINA,Chinese,Consumer,None,2023-07-14,2023,RETURNING,True,MDM,2023-07-14 00:00:00,2026-04-17 15:58:46.657106
6e8dab88-49c9-4953-a21d-8332de66816f,CUST-2019-HK-000169,美珍,彭,美珍 彭,Male,2005-10-19,user144.apple344@icloud.com,0974372219,文化街52號,中壢,花蓮,78464,HK,Hong Kong,GREATER_CHINA,Chinese,Consumer,Silver,2019-07-11,2019,RETURNING,True,MDM,2019-07-11,2026-04-17 15:58:46.657108
fbfc0f8f-d98c-4de4-9497-1482ec201c51,CUST-2019-HK-000195,志成,陳,志成 陳,Female,1969-10-03,user925.apple578@outlook.com,02-76680894,雙連巷9段93號,平鎮市,竹田,484,HK,Hong Kong,GREATER_CHINA,Chinese,Consumer,None,2019-10-04,2019,RETURNING,True,MDM,2019-10-04,2026-04-17 15:58:46.657113
1beaa774-f7bd-4066-a599-487d5f9e3338,CUST-2021-HK-000044,冠霖,黃,冠霖 黃,Male,1969-09-30,user856.apple@mail.com,(09) 28290552,新莊街784號,太保,台南,907,HK,Hong Kong,GREATER_CHINA,Chinese,Consumer,Platinum,2021-10-24,2021,RETURNING,True,MDM,2021-10-24 00:00:00,2026-04-17 15:58:46.657115
141d4a5d-81ff-4ee1-87f7-d7d22c002923,CUST-2022-HK-000156,佳穎,林,佳穎 林,Male,1997-12-17,user345.apple@aol.com,0958709909,大坪街1段5號,台南市,彰化,114,HK,Hong Kong,GREATER_CHINA,Chinese,Consumer,Silver,2022-08-25,2022,RETURNING,True,MDM,2022-08-25 00:00:00,2026-04-17 15:58:46.657117
c3527d54-1290-46b8-aad0-d4bebb416f5e,CUST-2023-HK-000105,志豪,邱,志豪 邱,Male,2002-12-10,user956.apple@icloud.com,01 9518288,民有巷956號,新北縣,竹北,188,HK,Hong Kong,GREATER_CHINA,Chinese,Consumer,Silver,2023-02-17,2023,RETURNING,True,MDM,2023-02-17 00:00:00,2026-04-17 15:58:46.657119
8ab6e427-4398-4977-82f4-81401892e769,CUST-2019-HK-000329,淑娟,羅,淑娟 羅,Male,1951-09-14,user417.apple@aol.com,0913-066088,國凱八德巷8號,斗六,頭份,35077,HK,Hong Kong,GREATER_CHINA,Chinese,Consumer,None,2019-02-19,2019,RETURNING,True,MDM,2019-02-19,2026-04-17 15:58:46.657120
017096d2-414d-4e42-97ec-f53760b7d0ed,CUST-2022-HK-000082,秀英,姜,秀英 姜,Male,2005-04-03,user848.apple@gmx.com,(06) 44189100,大仁路8段9號,嘉義,北竿市,876,HK,Hong Kong,GREATER_CHINA,Chinese,Consumer,None,2022-09-28,2022,RETURNING,True,MDM,2022-09-28 00:00:00,2026-04-17 15:58:46.657122
d4f25c0c-94ca-44b5-bdcc-e4accb016582,CUST-2019-HK-000480,冠宏,張,冠宏 張,Male,1976-01-10,user614.apple225@mail.com,0985-646175,忠義巷417號,阿里山縣,苗栗市,595,HK,Hong Kong,GREATER_CHINA,Chinese,Business,Platinum,2019-09-09,2019,RETURNING,True,MDM,2019-09-09,2026-04-17 15:58:46.657123
677ff644-bb51-4720-87f8-2b8791cc2ea2,CUST-2021-HK-000021,美慧,林,美慧 林,Female,2002-04-26,user350.apple@zoho.com,014 67174902,信義巷6段28號,苗栗,永和市,91445,HK,Hong Kong,GREATER_CHINA,Chinese,Consumer,None,2021-04-17,2021,RETURNING,True,MDM,2021-04-17 00:00:00,2026-04-17 15:58:46.657126
1517403c-f602-4065-840b-73f81c8ca3a0,CUST-2019-HK-000152,美娟,胡,美娟 胡,Female,1990-10-15,user797.apple795@icloud.com,00 5979898,忠義街706號,斗六縣,頭份市,37062,HK,Hong Kong,GREATER_CHINA,Chinese,Consumer,Gold,2019-07-01,2019,RETURNING,True,MDM,2019-07-01,2026-04-17 15:58:46.657127
5983e46b-ab96-44fc-a447-f69d32db90ba,CUST-2021-HK-000165,秀華,江,秀華 江,Female,1950-11-04,user272.apple@live.com,(05) 48782494,光復巷3號,關山,三重,19052,HK,Hong Kong,GREATER_CHINA,Chinese,Consumer,None,2021-11-28,2021,RETURNING,True,MDM,2021-11-28 00:00:00,2026-04-17 15:58:46.657129
56f46a14-b91e-404b-8253-338ca1d73407,CUST-2019-HK-000116,淑美,王,淑美 王,Male,1957-07-15,user116.apple@live.com,(07) 43876224,大仁路2號,中壢縣,褒忠,487,HK,Hong Kong,GREATER_CHINA,Chinese,Consumer,Silver,2019-06-09,2019,RETURNING,True,MDM,2019-06-09,2026-04-17 15:58:46.657130
8222cb42-7c63-47bc-a464-6bb131ff3aca,CUST-2023-HK-000075,秀鳳,張,秀鳳 張,Female,1984-08-30,user834.apple@icloud.com,0948-112300,莒光路99號,白沙,金門縣,52439,HK,Hong Kong,GREATER_CHINA,Chinese,Consumer,Gold,2023-06-01,2023,RETURNING,True,MDM,2023-06-01 00:00:00,2026-04-17 15:58:46.657132
250938f8-bf31-40a2-b0e3-a228263c3505,CUST-2022-HK-000165,佳玲,胡,佳玲 胡,Female,1973-12-14,user617.apple@gmail.com,(05) 16129767,水源路7段916號,光復縣,竹田,625,HK,Hong Kong,GREATER_CHINA,Chinese,Business,None,2022-07-23,2022,RETURNING,True,MDM,2022-07-23 00:00:00,2026-04-17 15:58:46.657134
29d2765e-3c58-447a-b8fd-975b8910a10d,CUST-2023-HK-000147,淑娟,王,淑娟 王,Female,2006-11-27,user427.apple@icloud.com,05-44194835,紅樹林巷2段869號,卑南,中和,75494,HK,Hong Kong,GREATER_CHINA,Chinese,Consumer,None,2023-03-06,2023,RETURNING,True,MDM,2023-03-06 00:00:00,2026-04-17 15:58:46.657135
c69ee6d0-5e7e-4e1f-8592-39c3ed51764f,CUST-2022-HK-000155,麗華,鄭,麗華 鄭,Female,1988-05-01,user176.apple137@protonmail.com,06-7919200,文山巷1號,蘆竹市,光復縣,798,HK,Hong Kong,GREATER_CHINA,Chinese,Consumer,Gold,2022-09-11,2022,RETURNING,False,MDM,2022-09-11 00:00:00,2026-04-17 15:58:46.657137
ee6ee1a1-3fae-42ea-8f8d-90f6e2104118,CUST-2021-HK-000074,秀玉,黃,秀玉 黃,Female,1998-12-07,user973.apple510@msn.com,038 61214115,長安路441號,新竹縣,中壢,199,HK,Hong Kong,GREATER_CHINA,Chinese,Business,None,2021-06-17,2021,RETURNING,True,MDM,2021-06-17 00:00:00,2026-04-17 15:58:46.657139
8ef90a81-2c1c-4fde-869e-ed965b0cdc84,CUST-2022-HK-000037,俊男,陳,俊男 陳,Male,1984-09-21,user853.apple696@outlook.com,064 43318312,大仁街481號,板橋市,北斗縣,285,HK,Hong Kong,GREATER_CHINA,Chinese,Consumer,None,2022-11-27,2022,RETURNING,True,MDM,2022-11-27 00:00:00,2026-04-17 15:58:46.657141
8987c1ab-505a-4e24-a3e0-75a53c8cefb2,CUST-2021-HK-000043,明輝,張,明輝 張,Male,1996-02-22,user493.apple@gmx.com,092 38545562,新埔路6段997號,桃園,台東市,468,HK,Hong Kong,GREATER_CHINA,Chinese,Consumer,None,2021-01-16,2021,RETURNING,True,MDM,2021-01-16 00:00:00,2026-04-17 15:58:46.657142
e800b6b0-1ae9-47fd-ab00-6d0af3408122,CUST-2023-HK-000093,秀琴,彭,秀琴 彭,Male,2005-12-26,user303.apple@hotmail.com,06-34581190,新興街39號,關山市,新竹市,636,HK,Hong Kong,GREATER_CHINA,Chinese,Education,None,2023-09-15,2023,RETURNING,True,MDM,2023-09-15 00:00:00,2026-04-17 15:58:46.657144
a9ff0475-c1a1-48a7-9c92-e0675a02fe1d,CUST-2022-HK-000049,美麗,王,美麗 王,Male,1978-10-03,user427.apple806@mail.com,0991623094,中華巷261號,臺東縣,桃園,740,HK,Hong Kong,GREATER_CHINA,Chinese,Consumer,None,2022-02-21,2022,RETURNING,True,MDM,2022-02-21 00:00:00,2026-04-17 15:58:46.657146
92d226ce-9dfb-4957-a718-910719c9516b,CUST-2023-HK-000161,秀蘭,曾,秀蘭 曾,Female,1963-04-28,user110.apple461@hotmail.com,0912751352,西門路7段769號,太平市,永康縣,73114,HK,Hong Kong,GREATER_CHINA,Chinese,Consumer,Gold,2023-09-30,2023,RETURNING,False,MDM,2023-09-30 00:00:00,2026-04-17 15:58:46.657147
a44d2b7b-941b-4a63-8e64-302a2864723e,CUST-2019-HK-000103,欣怡,向,欣怡 向,Female,1952-02-22,user732.apple@zoho.com,0963-194954,永和街4段55號,樹林,褒忠縣,308,HK,Hong Kong,GREATER_CHINA,Chinese,Business,None,2019-10-25,2019,RETURNING,True,MDM,2019-10-25,2026-04-17 15:58:46.657149
e267f5d6-1c49-4b7c-8688-6e488dc3dd18,CUST-2021-HK-000029,冠廷,陳,冠廷 陳,Female,1982-02-10,user301.apple346@mail.com,097 80288504,頂福州巷8段5號,牡丹,新營市,376,HK,Hong Kong,GREATER_CHINA,Chinese,Consumer,Silver,2021-12-14,2021,RETURNING,True,MDM,2021-12-14 00:00:00,2026-04-17 15:58:46.657151
59b333c0-684a-4d3f-a7f2-13e1e3b7818d,CUST-2022-HK-000054,志宏,詹,志宏 詹,Male,2003-12-06,user758.apple@zoho.com,04 8060240,文昌街92號,南投市,新營,305,HK,Hong Kong,GREATER_CHINA,Chinese,Education,Platinum,2022-08-19,2022,RETURNING,False,MDM,2022-08-19 00:00:00,2026-04-17 15:58:46.657152
0ca8c17a-6c66-496e-a583-956758122deb,CUST-2023-HK-000148,淑華,劉,淑華 劉,Male,1989-02-26,user604.apple@aol.com,00-57390819,淡水路2段44號,新竹,平鎮市,88691,HK,Hong Kong,GREATER_CHINA,Chinese,Education,None,2023-11-14,2023,RETURNING,True,MDM,2023-11-14 00:00:00,2026-04-17 15:58:46.657154
d8747aca-34a2-48f7-9d3e-3887ea969f30,CUST-2019-HK-000225,寶珠,林,寶珠 林,Female,2006-12-04,user468.apple809@yahoo.com,035 84752591,新生巷77號,古坑,中和縣,30428,HK,Hong Kong,GREATER_CHINA,Chinese,Consumer,Gold,2019-04-18,2019,RETURNING,True,MDM,2019-04-18,2026-04-17 15:58:46.657156
a1efbe99-92e8-4db4-904f-5bcf20fb33c0,CUST-2019-HK-000084,志忠,柳,志忠 柳,Male,2000-03-19,user286.apple923@mail.com,(02) 49153667,福安巷311號,苗栗,新營市,865,HK,Hong Kong,GREATER_CHINA,Chinese,Consumer,Platinum,2019-07-01,2019,RETURNING,True,MDM,2019-07-01,2026-04-17 15:58:46.657157
bfffb7dc-f819-46ac-a501-8072f707231f,CUST-2023-HK-000080,麗娟,方,麗娟 方,Male,1961-11-10,user381.apple@outlook.com,03-23715802,中華巷7段43號,古坑市,高雄縣,221,HK,Hong Kong,GREATER_CHINA,Chinese,Consumer,Platinum,2023-11-09,2023,RETURNING,True,MDM,2023-11-09 00:00:00,2026-04-17 15:58:46.657159
9978577e-aa5c-4675-b334-8fd8307dfc7f,CUST-2023-HK-000094,俊男,黃,俊男 黃,Female,1986-05-07,user688.apple@zoho.com,0908638401,西門路29號,卑南縣,中壢,71297,HK,Hong Kong,GREATER_CHINA,Chinese,Consumer,Silver,2023-12-14,2023,RETURNING,True,MDM,2023-12-14 00:00:00,2026-04-17 15:58:46.657161
bf07ee0b-4262-4f8e-a2ee-0deb1c72377c,CUST-2023-HK-000006,秀鳳,陳,秀鳳 陳,Female,1971-09-09,user121.apple@live.com,085 81716242,東湖巷9號,中壢縣,大里縣,72785,HK,Hong Kong,GREATER_CHINA,Chinese,Business,Silver,2023-12-01,2023,RETURNING,True,MDM,2023-12-01 00:00:00,2026-04-17 15:58:46.657162
af674d92-89a4-43db-8162-3ff7ed4ea4cb,CUST-2023-HK-000174,美麗,翁,美麗 翁,Female,1990-01-28,user627.apple367@yahoo.com,02-74104291,大同巷725號,樹林市,橫山,857,HK,Hong Kong,GREATER_CHINA,Chinese,Consumer,None,2023-06-15,2023,RETURNING,True,MDM,2023-06-15 00:00:00,2026-04-17 15:58:46.657164
4b636fee-2499-4f8a-8c11-7e6d5074c6f8,CUST-2023-HK-000058,雅惠,温,雅惠 温,Male,1994-03-05,user929.apple@icloud.com,0969173137,大橋頭路2段61號,太保,台中縣,89155,HK,Hong Kong,GREATER_CHINA,Chinese,Consumer,Gold,2023-10-18,2023,RETURNING,True,MDM,2023-10-18 00:00:00,2026-04-17 15:58:46.657165
0635c79f-8609-41a7-afab-4e3e561229fc,CUST-2020-HK-000156,麗卿,陳,麗卿 陳,Male,1991-08-12,user372.apple48@hotmail.com,08-28332261,中山巷1號,北竿,北港,324,HK,Hong Kong,GREATER_CHINA,Chinese,Consumer,None,2020-12-08,2020,RETURNING,True,MDM,2020-12-08 00:00:00,2026-04-17 15:58:46.657167
a0150c5e-aa76-4fdf-9a64-c947b54faf4a,CUST-2023-HK-000003,金蓮,張,金蓮 張,Male,1992-03-15,user462.apple@gmail.com,029 59698556,新莊路55號,台北縣,光復,987,HK,Hong Kong,GREATER_CHINA,Chinese,Consumer,Silver,2023-11-17,2023,RETURNING,True,MDM,2023-11-17 00:00:00,2026-04-17 15:58:46.657169
4a7afd0d-0365-4ed1-8a10-ca03922c9297,CUST-2022-HK-000052,淑娟,蔡,淑娟 蔡,Female,2003-04-07,user870.apple@yahoo.com,0909-639740,東湖巷8號,北斗,南投市,177,HK,Hong Kong,GREATER_CHINA,Chinese,Consumer,None,2022-09-16,2022,RETURNING,True,MDM,2022-09-16 00:00:00,2026-04-17 15:58:46.657175
3cd064c2-1029-4c1d-abd5-16324537c0bd,CUST-2019-HK-000171,碧雲,李,碧雲 李,Female,1970-11-05,user502.apple@msn.com,09 6734112,中山街705號,新營縣,員林市,808,HK,Hong Kong,GREATER_CHINA,Chinese,Business,Silver,2019-04-15,2019,RETURNING,True,MDM,2019-04-15,2026-04-17 15:58:46.657176
d59bee80-a893-4677-a4df-977dc454583b,CUST-2023-HK-000084,美玲,蔡,美玲 蔡,Male,1959-11-26,user849.apple889@msn.com,06-51190907,紅樹林路63號,高雄,苗栗市,33116,HK,Hong Kong,GREATER_CHINA,Chinese,Consumer,None,2023-05-30,2023,RETURNING,True,MDM,2023-05-30 00:00:00,2026-04-17 15:58:46.657178
c08d99d1-061a-46c9-9945-36434f557d3c,CUST-2023-HK-000106,惠美,郭,惠美 郭,Female,1956-12-08,user316.apple147@live.com,0950201503,忠義巷691號,花蓮市,白沙,93439,HK,Hong Kong,GREATER_CHINA,Chinese,Consumer,Gold,2023-07-14,2023,RETURNING,True,MDM,2023-07-14 00:00:00,2026-04-17 15:58:46.657179
ba1bdbdd-ed3d-4d44-9844-a0cb9cedf4c7,CUST-2022-HK-000098,慧玲,簡,慧玲 簡,Female,1970-11-07,user982.apple@icloud.com,09 9410274,自立巷1段741號,桃園市,古坑,524,HK,Hong Kong,GREATER_CHINA,Chinese,Consumer,Platinum,2022-01-29,2022,RETURNING,True,MDM,2022-01-29 00:00:00,2026-04-17 15:58:46.657180
cd7d6be8-4323-414d-ab5c-c64ba38d5c27,CUST-2022-HK-000016,建興,張,建興 張,Male,2000-07-18,user670.apple@hotmail.com,0963999077,中華路15號,鳳山,台北市,324,HK,Hong Kong,GREATER_CHINA,Chinese,Consumer,None,2022-09-21,2022,RETURNING,True,MDM,2022-09-21 00:00:00,2026-04-17 15:58:46.657182
58466a4d-d4c8-4914-87b5-aecf805272ee,CUST-2021-HK-000080,冠宏,彭,冠宏 彭,Male,1994-06-09,user322.apple570@zoho.com,0905666576,永安路689號,白沙市,中壢市,65649,HK,Hong Kong,GREATER_CHINA,Chinese,Consumer,Platinum,2021-07-18,2021,RETURNING,False,MDM,2021-07-18 00:00:00,2026-04-17 15:58:46.657184
662cc699-45d3-4bcf-bc13-1f072d96c709,CUST-2022-HK-000124,秀雲,詹,秀雲 詹,Male,1956-04-15,user368.apple@mail.com,06-24104412,新生巷6段214號,新營,汐止市,41620,HK,Hong Kong,GREATER_CHINA,Chinese,Consumer,None,2022-07-12,2022,RETURNING,True,MDM,2022-07-12 00:00:00,2026-04-17 15:58:46.657185
5c873683-4940-430e-8b19-a865849ee7e0,CUST-2023-HK-000030,怡君,羅,怡君 羅,Female,2003-08-18,user108.apple@yahoo.com,(08) 57495309,永和路1號,竹北市,中和縣,132,HK,Hong Kong,GREATER_CHINA,Chinese,Consumer,None,2023-12-01,2023,RETURNING,True,MDM,2023-12-01 00:00:00,2026-04-17 15:58:46.657187
aa3b2121-a8d2-4f84-becf-7d8b765e3b70,CUST-2022-HK-000010,淑惠,柯,淑惠 柯,Male,1955-05-18,user524.apple690@mail.com,0957-356950,蘆洲巷40號,台中,光復縣,18030,HK,Hong Kong,GREATER_CHINA,Chinese,Consumer,Silver,2022-07-12,2022,RETURNING,True,MDM,2022-07-12 00:00:00,2026-04-17 15:58:46.657188
1924c6b8-a292-4360-9df2-3c5661600a4d,CUST-2019-HK-000208,秀英,許,秀英 許,Female,1981-11-06,user290.apple@gmx.com,04-30941259,新北投街608號,大里市,八德,44317,HK,Hong Kong,GREATER_CHINA,Chinese,Consumer,None,2019-08-26,2019,RETURNING,True,MDM,2019-08-26,2026-04-17 15:58:46.657190
a66dea52-91fc-4685-9356-4fda4400e0a3,CUST-2023-HK-000053,秀琴,王,秀琴 王,Male,2001-07-21,user755.apple@outlook.com,030 26919309,石牌路6段447號,汐止,宜蘭縣,808,HK,Hong Kong,GREATER_CHINA,Chinese,Education,Silver,2023-05-16,2023,RETURNING,True,MDM,2023-05-16 00:00:00,2026-04-17 15:58:46.657192
078c9e9c-01e7-462c-aba2-cb16d0c25bb9,CUST-2023-HK-000134,秀英,劉,秀英 劉,Female,1959-01-18,user281.apple@yahoo.com,00-7280072,自強巷5段287號,朴子,汐止縣,93434,HK,Hong Kong,GREATER_CHINA,Chinese,Consumer,None,2023-12-25,2023,RETURNING,True,MDM,2023-12-25 00:00:00,2026-04-17 15:58:46.657194
3b8c74d3-7baa-48a9-a155-8891c061fb4f,CUST-2020-HK-000038,榮華,蕭,榮華 蕭,Female,1973-07-13,user473.apple@zoho.com,(09) 33756306,勝利街4段337號,朴子,蘆竹,429,HK,Hong Kong,GREATER_CHINA,Chinese,Consumer,None,2020-01-12,2020,RETURNING,True,MDM,2020-01-12 00:00:00,2026-04-17 15:58:46.657195
090aea4a-446d-4ff1-8b78-8dbd67ab3836,CUST-2021-HK-000024,怡婷,黃,怡婷 黃,Male,1999-12-08,user501.apple@protonmail.com,07-52980404,和街街491號,三重市,宜蘭,54296,HK,Hong Kong,GREATER_CHINA,Chinese,Consumer,None,2021-09-21,2021,RETURNING,True,MDM,2021-09-21 00:00:00,2026-04-17 15:58:46.657197
c59c3bae-aa1a-4ad6-9b9e-71306713dc63,CUST-2023-HK-000168,進興,陳,進興 陳,Female,1962-08-03,user922.apple372@gmx.com,(06) 66752166,中正巷5段683號,北斗,朴子,59744,HK,Hong Kong,GREATER_CHINA,Chinese,Education,None,2023-07-30,2023,RETURNING,True,MDM,2023-07-30 00:00:00,2026-04-17 15:58:46.657199
9473d19e-b98b-44d7-8beb-ddc223ebff01,CUST-2023-HK-000116,麗華,陳,麗華 陳,Male,1993-08-18,user699.apple@outlook.com,092 15792016,太平巷2號,關山,太平縣,96917,HK,Hong Kong,GREATER_CHINA,Chinese,Consumer,Silver,2023-03-06,2023,RETURNING,True,MDM,2023-03-06 00:00:00,2026-04-17 15:58:46.657201
38176a38-06cb-429e-9071-618281f638f2,CUST-2020-HK-000155,靜怡,許,靜怡 許,Female,1993-08-04,user692.apple@gmail.com,0941631912,迴龍巷970號,桃園,南投,980,HK,Hong Kong,GREATER_CHINA,Chinese,Business,None,2020-05-19,2020,RETURNING,True,MDM,2020-05-19 00:00:00,2026-04-17 15:58:46.657203
671bd112-3fae-476d-8e40-b8e277bc452f,CUST-2019-HK-000220,雅雯,黃,雅雯 黃,Female,1991-10-03,user452.apple143@yahoo.com,05 2376545,中山街1號,板橋,宜蘭市,909,HK,Hong Kong,GREATER_CHINA,Chinese,Consumer,None,2019-12-14,2019,RETURNING,True,MDM,2019-12-14,2026-04-17 15:58:46.657204
f07152d5-5514-4623-9361-7374f3b32ff3,CUST-2019-HK-000401,承翰,陳,承翰 陳,Female,1962-01-06,user961.apple911@outlook.com,0998-076753,象山巷219號,永和縣,平鎮市,69712,HK,Hong Kong,GREATER_CHINA,Chinese,Consumer,Silver,2019-03-18,2019,RETURNING,False,MDM,2019-03-18,2026-04-17 15:58:46.657209
daafd75d-a828-4681-abf9-1deff022e7ac,CUST-2022-HK-000075,思妤,廖,思妤 廖,Female,1967-12-21,user421.apple@yahoo.com,080 39985184,南街68號,蘆竹,台南,56544,HK,Hong Kong,GREATER_CHINA,Chinese,Consumer,Gold,2022-05-14,2022,RETURNING,True,MDM,2022-05-14 00:00:00,2026-04-17 15:58:46.657210
1a4b4db2-0eab-4933-b53d-e0bad5369aad,CUST-2023-HK-000048,柏宏,王,柏宏 王,Female,1978-05-09,user139.apple@yahoo.com,0909876963,自由街53號,朴子市,員林縣,414,HK,Hong Kong,GREATER_CHINA,Chinese,Consumer,None,2023-07-12,2023,RETURNING,True,MDM,2023-07-12 00:00:00,2026-04-17 15:58:46.657212
78533cfa-b0a6-4314-a41f-00fcfbe5f1cf,CUST-2022-HK-000092,秀鳳,林,秀鳳 林,Male,1964-10-29,user517.apple762@zoho.com,0940-433131,劍潭巷8號,蘆洲,三重縣,75668,HK,Hong Kong,GREATER_CHINA,Chinese,Consumer,Gold,2022-09-08,2022,RETURNING,True,MDM,2022-09-08 00:00:00,2026-04-17 15:58:46.657214
83d8cfa1-b354-4066-90de-1ce3d0692019,CUST-2023-HK-000180,美玉,蔡,美玉 蔡,Female,1963-06-10,user732.apple@gmx.com,0970395857,水源街988號,鳳山,太平,667,HK,Hong Kong,GREATER_CHINA,Chinese,Consumer,Silver,2023-03-07,2023,RETURNING,True,MDM,2023-03-07 00:00:00,2026-04-17 15:58:46.657215
b450b4cd-bedc-4b58-b191-0aff07ec7836,CUST-2023-HK-000111,建興,吳,建興 吳,Female,1972-06-14,user460.apple@gmx.com,03-2318351,莒光路22號,太平,嘉義,83832,HK,Hong Kong,GREATER_CHINA,Chinese,Consumer,None,2023-10-26,2023,RETURNING,False,MDM,2023-10-26 00:00:00,2026-04-17 15:58:46.657217
4c65f0e2-783b-4689-a2a1-3d787457400a,CUST-2022-HK-000107,惠玲,卓,惠玲 卓,Male,1952-10-11,user443.apple@aol.com,(05) 65513956,華興街6段231號,彰化市,澎湖,899,HK,Hong Kong,GREATER_CHINA,Chinese,Consumer,Silver,2022-02-02,2022,RETURNING,True,MDM,2022-02-02 00:00:00,2026-04-17 15:58:46.657219
7a4dc417-1ecf-4858-9a81-1cdf97b1b772,CUST-2022-HK-000015,淑芬,呂,淑芬 呂,Male,1986-05-02,user855.apple@yahoo.com,(00) 73153867,中正路1號,褒忠縣,平鎮縣,745,HK,Hong Kong,GREATER_CHINA,Chinese,Consumer,Platinum,2022-04-09,2022,RETURNING,True,MDM,2022-04-09 00:00:00,2026-04-17 15:58:46.657221
3258fa04-333d-471c-975f-8d734574f34f,CUST-2019-HK-000396,淑玲,張,淑玲 張,Female,1961-02-17,user983.apple@gmx.com,0992-486936,仁愛路8號,白沙,員林市,40603,HK,Hong Kong,GREATER_CHINA,Chinese,Education,None,2019-04-22,2019,RETURNING,True,MDM,2019-04-22,2026-04-17 15:58:46.657223
736c6a38-2c2c-444a-9644-305c5cdba670,CUST-2019-HK-000280,俊豪,洪,俊豪 洪,Male,2004-04-17,user335.apple@hotmail.com,0931465273,文山街33號,永康,頭份市,983,HK,Hong Kong,GREATER_CHINA,Chinese,Consumer,None,2019-05-27,2019,RETURNING,True,MDM,2019-05-27,2026-04-17 15:58:46.657225
f23f45f3-4b14-499b-b5cd-c5a542836be9,CUST-2023-HK-000089,宗霖,王,宗霖 王,Female,1973-05-12,user831.apple@hotmail.com,04-87258643,林森路478號,屏東,南投,73844,HK,Hong Kong,GREATER_CHINA,Chinese,Consumer,Platinum,2023-09-22,2023,RETURNING,True,MDM,2023-09-22 00:00:00,2026-04-17 15:58:46.657226
31244d1f-20c6-413f-a084-05bc33c93a5d,CUST-2019-HK-000367,國雄,胡,國雄 胡,Male,2006-03-29,user457.apple@icloud.com,04-63471096,廣慈街9段30號,新營縣,蘆洲,27560,HK,Hong Kong,GREATER_CHINA,Chinese,Consumer,Platinum,2019-04-07,2019,RETURNING,True,MDM,2019-04-07,2026-04-17 15:58:46.657228
b9ac8590-9ef9-445d-a4ec-2c8d349f33bb,CUST-2019-HK-000017,怡萱,羅,怡萱 羅,Male,1954-07-23,user704.apple@outlook.com,(09) 10276016,延平巷11號,員林市,苗栗市,204,HK,Hong Kong,GREATER_CHINA,Chinese,Consumer,Gold,2019-10-08,2019,RETURNING,True,MDM,2019-10-08,2026-04-17 15:58:46.657229
9d2202ca-de30-4c8c-9731-e40ab88bde40,CUST-2023-HK-000154,美華,許,美華 許,Male,1988-01-04,user287.apple119@icloud.com,05 1244471,五福路3段28號,馬公,八德,15341,HK,Hong Kong,GREATER_CHINA,Chinese,Education,None,2023-08-29,2023,RETURNING,True,MDM,2023-08-29 00:00:00,2026-04-17 15:58:46.657231
da2d304b-0d5f-4086-80ae-ad1be143ddf2,CUST-2019-HK-000319,秀琴,劉,秀琴 劉,Male,1961-03-09,user487.apple243@protonmail.com,01-29591932,永寧路564號,平鎮,關山,63831,HK,Hong Kong,GREATER_CHINA,Chinese,Consumer,Platinum,2019-11-21,2019,RETURNING,True,MDM,2019-11-21,2026-04-17 15:58:46.657233
a46aa9f2-56cc-4ff2-bca6-e42d39e5ec3d,CUST-2023-HK-000139,美珍,張,美珍 張,Male,1956-06-18,user306.apple797@gmail.com,06-12826770,中華巷8段517號,新北市,褒忠,64168,HK,Hong Kong,GREATER_CHINA,Chinese,Consumer,Silver,2023-05-01,2023,RETURNING,True,MDM,2023-05-01 00:00:00,2026-04-17 15:58:46.657234
0acb77c8-7512-4751-81ab-d98b61c0032e,CUST-2023-HK-000081,子豪,林,子豪 林,Male,1981-03-26,user482.apple986@yahoo.com,03-46749220,大智街3號,北竿市,花蓮,822,HK,Hong Kong,GREATER_CHINA,Chinese,Consumer,Silver,2023-08-25,2023,RETURNING,True,MDM,2023-08-25 00:00:00,2026-04-17 15:58:46.657236
ad58264d-25d8-4307-b6e5-4b666f5c75b7,CUST-2022-HK-000128,俊宇,陳,俊宇 陳,Male,1973-06-24,user207.apple@mail.com,02 5101730,林森街673號,平鎮市,白沙縣,76906,HK,Hong Kong,GREATER_CHINA,Chinese,Consumer,None,2022-02-26,2022,RETURNING,True,MDM,2022-02-26 00:00:00,2026-04-17 15:58:46.657239
6d6d0d40-837b-4e12-bbbb-599c91639d13,CUST-2019-HK-000087,金龍,吳,金龍 吳,Female,1999-02-06,user535.apple585@mail.com,055 93789289,蘆洲巷321號,金門,板橋,60167,HK,Hong Kong,GREATER_CHINA,Chinese,Consumer,Platinum,2019-12-16,2019,RETURNING,True,MDM,2019-12-16,2026-04-17 15:58:46.657240
61e0a54a-3e92-496d-96a5-281b51b5a184,CUST-2019-HK-000010,美玲,蕭,美玲 蕭,Male,1994-10-13,user534.apple920@mail.com,07-49242892,平和巷9號,南投,北港市,341,HK,Hong Kong,GREATER_CHINA,Chinese,Consumer,None,2019-07-12,2019,RETURNING,True,MDM,2019-07-12,2026-04-17 15:58:46.657242
4faca6cf-57dd-4fac-baa0-a73835aa8523,CUST-2023-HK-000133,秀琴,羅,秀琴 羅,Male,1999-03-02,user939.apple75@hotmail.com,0919-675225,頂福州巷1號,台中市,三重,97360,HK,Hong Kong,GREATER_CHINA,Chinese,Business,None,2023-09-11,2023,RETURNING,True,MDM,2023-09-11 00:00:00,2026-04-17 15:58:46.657244
720499e0-7013-43a9-8302-ae92fdd04317,CUST-2020-HK-000042,宜蓁,詹,宜蓁 詹,Female,1987-06-19,user318.apple@hotmail.com,09 6243569,自立街9號,阿里山,台東縣,463,HK,Hong Kong,GREATER_CHINA,Chinese,Consumer,Platinum,2020-09-21,2020,RETURNING,True,MDM,2020-09-21 00:00:00,2026-04-17 15:58:46.657245
4c0b4594-cdbe-49ac-aab1-fcf97019cde6,CUST-2021-HK-000057,美麗,施,美麗 施,Female,1993-10-27,user948.apple206@icloud.com,0957-485982,中山街5號,樹林縣,褒忠,124,HK,Hong Kong,GREATER_CHINA,Chinese,Consumer,None,2021-03-12,2021,RETURNING,True,MDM,2021-03-12 00:00:00,2026-04-17 15:58:46.657247
ecfd335c-e211-4c49-84c6-a38f2ea4fe16,CUST-2021-HK-000129,雅婷,林,雅婷 林,Female,1955-09-20,user514.apple@icloud.com,0969-400588,古亭路8段480號,北斗市,高雄,64469,HK,Hong Kong,GREATER_CHINA,Chinese,Consumer,None,2021-08-24,2021,RETURNING,True,MDM,2021-08-24 00:00:00,2026-04-17 15:58:46.657249
8dc9495c-8ee3-4f13-a215-c5237ae76280,CUST-2022-HK-000068,麗珠,曾,麗珠 曾,Female,1999-02-16,user951.apple@outlook.com,06-9441686,勝利街17號,大里縣,八德市,93891,HK,Hong Kong,GREATER_CHINA,Chinese,Consumer,Gold,2022-01-26,2022,RETURNING,True,MDM,2022-01-26 00:00:00,2026-04-17 15:58:46.657251
eadecf68-0797-4315-a129-8b0cf14458c6,CUST-2020-HK-000121,淑芬,吳,淑芬 吳,Male,1984-07-02,user395.apple@protonmail.com,06-88463599,太平街7段8號,三重縣,彰化,15733,HK,Hong Kong,GREATER_CHINA,Chinese,Consumer,Gold,2020-05-20,2020,RETURNING,True,MDM,2020-05-20 00:00:00,2026-04-17 15:58:46.657252
260141f5-942d-4504-a677-8c9c2c56ad1b,CUST-2022-HK-000121,金鳳,莊,金鳳 莊,Male,1982-12-26,user241.apple@outlook.com,084 14078614,大同巷6段2號,澎湖,澎湖縣,355,HK,Hong Kong,GREATER_CHINA,Chinese,Consumer,Platinum,2022-11-07,2022,RETURNING,True,MDM,2022-11-07 00:00:00,2026-04-17 15:58:46.657254
b0e8c5fa-acef-4e54-9f64-4427d81cab0f,CUST-2023-HK-000165,志忠,吳,志忠 吳,Male,1989-12-06,user563.apple@msn.com,06-7191847,信義路2段55號,豐原縣,台中,276,HK,Hong Kong,GREATER_CHINA,Chinese,Consumer,Gold,2023-06-27,2023,RETURNING,True,MDM,2023-06-27 00:00:00,2026-04-17 15:58:46.657255
e520ba3d-0d2c-4104-b16f-7f46f6abbb5e,CUST-2021-HK-000078,文傑,王,文傑 王,Male,1966-09-17,user666.apple@aol.com,(02) 26077936,福安街49號,樹林,大里,324,HK,Hong Kong,GREATER_CHINA,Chinese,Business,None,2021-06-18,2021,RETURNING,True,MDM,2021-06-18 00:00:00,2026-04-17 15:58:46.657257
c44d95a7-7e1e-46ff-97e7-ccbd49a891e4,CUST-2023-HK-000097,彥廷,彭,彥廷 彭,Male,2001-05-28,user214.apple337@yahoo.com,0998665253,景美路609號,永和縣,白沙,683,HK,Hong Kong,GREATER_CHINA,Chinese,Business,Silver,2023-09-20,2023,RETURNING,True,MDM,2023-09-20 00:00:00,2026-04-17 15:58:46.657258
fac1c29c-13c6-46a6-be81-afd5890a8a34,CUST-2019-HK-000189,柏宇,林,柏宇 林,Male,1951-10-06,user955.apple@aol.com,0981247580,文昌街8段40號,白沙,蘆竹市,79466,HK,Hong Kong,GREATER_CHINA,Chinese,Consumer,Gold,2019-11-05,2019,RETURNING,True,MDM,2019-11-05,2026-04-17 15:58:46.657260
da431cee-312a-4b18-bac5-c77eb64dea54,CUST-2022-HK-000142,玉美,許,玉美 許,Female,1958-05-31,user607.apple@msn.com,0972621682,建國街33號,彰化,蘆竹市,69721,HK,Hong Kong,GREATER_CHINA,Chinese,Consumer,Platinum,2022-01-30,2022,RETURNING,True,MDM,2022-01-30 00:00:00,2026-04-17 15:58:46.657261
d05de069-3ffa-4655-9363-dfbfe3ee08e1,CUST-2023-HK-000107,怡婷,歐,怡婷 歐,Female,1978-03-05,user478.apple@msn.com,05 9730261,奇岩路745號,斗六,台南,481,HK,Hong Kong,GREATER_CHINA,Chinese,Consumer,Gold,2023-10-26,2023,RETURNING,True,MDM,2023-10-26 00:00:00,2026-04-17 15:58:46.657263
0f05065c-cde6-49d1-8eaa-f2c79197106c,CUST-2020-HK-000112,玉英,鄒,玉英 鄒,Female,1969-09-25,user419.apple@icloud.com,08 3219301,光華街247號,楊梅,大里市,60417,HK,Hong Kong,GREATER_CHINA,Chinese,Consumer,None,2020-05-13,2020,RETURNING,True,MDM,2020-05-13 00:00:00,2026-04-17 15:58:46.657265
c107fcb8-f6c5-48e5-b2ad-cdf3c6c0c050,CUST-2023-HK-000061,美玉,施,美玉 施,Female,1974-01-17,user550.apple@hotmail.com,066 13673106,民生路4號,北斗,高雄,348,HK,Hong Kong,GREATER_CHINA,Chinese,Education,None,2023-04-17,2023,RETURNING,True,MDM,2023-04-17 00:00:00,2026-04-17 15:58:46.657267
0ddffda8-5464-4866-a87e-4b9f789302a2,CUST-2022-HK-000045,明德,曾,明德 曾,Male,1964-10-17,user902.apple@yahoo.com,058 79532075,關渡街6號,金門,北港市,668,HK,Hong Kong,GREATER_CHINA,Chinese,Business,None,2022-04-20,2022,RETURNING,True,MDM,2022-04-20 00:00:00,2026-04-17 15:58:46.657269
4dc4f689-803f-4c14-98f0-5bb39c25d7aa,CUST-2021-HK-000153,志文,李,志文 李,Female,2007-07-18,user381.apple@gmx.com,0957436386,紅樹林路72號,鳳山,北竿縣,480,HK,Hong Kong,GREATER_CHINA,Chinese,Consumer,Gold,2021-07-05,2021,RETURNING,True,MDM,2021-07-05 00:00:00,2026-04-17 15:58:46.657270
b5b1a27e-04f3-4aa6-8bad-443cce0f3a5e,CUST-2020-HK-000092,子豪,陳,子豪 陳,Male,1953-06-22,user917.apple622@gmx.com,(04) 67068582,土城路91號,汐止縣,關山市,562,HK,Hong Kong,GREATER_CHINA,Chinese,Education,None,2020-07-25,2020,RETURNING,True,MDM,2020-07-25 00:00:00,2026-04-17 15:58:46.657272
d9e2e6a4-2158-4f52-8e73-14853057034c,CUST-2023-HK-000045,家豪,何,家豪 何,Male,1991-12-15,user612.apple@yahoo.com,(05) 59365098,光華街80號,楊梅市,蘆竹,34052,HK,Hong Kong,GREATER_CHINA,Chinese,Business,None,2023-08-18,2023,RETURNING,True,MDM,2023-08-18 00:00:00,2026-04-17 15:58:46.657275
799875cd-ae35-443f-aa48-3ac529578650,CUST-2019-HK-000389,秀蘭,官,秀蘭 官,Male,1953-03-14,user261.apple@msn.com,0931-162519,自立街59號,三重,板橋,92387,HK,Hong Kong,GREATER_CHINA,Chinese,Business,None,2019-11-17,2019,RETURNING,True,MDM,2019-11-17,2026-04-17 15:58:46.657276
a206caf8-0a81-4b3c-a9a6-43cfb637ee0b,CUST-2019-HK-000248,永昌,鍾,永昌 鍾,Male,1996-03-18,user143.apple@yahoo.com,(06) 78713421,正義巷3號,苗栗市,連江,10463,HK,Hong Kong,GREATER_CHINA,Chinese,Consumer,None,2019-06-24,2019,RETURNING,True,MDM,2019-06-24,2026-04-17 15:58:46.657278
349933a5-b924-4c1d-9c74-d0bc8460e52b,CUST-2020-HK-000015,玉琴,黃,玉琴 黃,Male,1966-07-08,user841.apple893@hotmail.com,04 8906222,石牌路8號,台南,褒忠,953,HK,Hong Kong,GREATER_CHINA,Chinese,Consumer,None,2020-07-15,2020,RETURNING,True,MDM,2020-07-15 00:00:00,2026-04-17 15:58:46.657280
236171e8-33ef-43f0-a3cf-04a1b124ce64,CUST-2022-HK-000139,淑慧,章,淑慧 章,Male,1995-10-15,user889.apple@gmail.com,06-1015997,紅樹林街43號,南投,豐原,716,HK,Hong Kong,GREATER_CHINA,Chinese,Consumer,Gold,2022-05-06,2022,RETURNING,True,MDM,2022-05-06 00:00:00,2026-04-17 15:58:46.657282
31dc44bd-6980-4abe-a63c-0d41ed7365a9,CUST-2019-HK-000439,惠美,林,惠美 林,Female,1994-01-19,user884.apple96@mail.com,0923-951596,自由巷6段6號,古坑市,員林,871,HK,Hong Kong,GREATER_CHINA,Chinese,Consumer,Gold,2019-01-19,2019,RETURNING,True,MDM,2019-01-19,2026-04-17 15:58:46.657283
324c4c03-bb67-470a-9f11-ac0e93414025,CUST-2021-HK-000035,淑芬,蕭,淑芬 蕭,Female,2003-08-19,user990.apple@outlook.com,00 1456869,古亭巷144號,平鎮縣,卑南縣,40954,HK,Hong Kong,GREATER_CHINA,Chinese,Consumer,Platinum,2021-09-04,2021,RETURNING,True,MDM,2021-09-04 00:00:00,2026-04-17 15:58:46.657285
867cae17-9c84-43e6-abbf-1f9cb9f0041e,CUST-2023-HK-000158,哲維,林,哲維 林,Male,1959-07-20,user299.apple@aol.com,0935-604060,長安巷713號,台北,竹田縣,30850,HK,Hong Kong,GREATER_CHINA,Chinese,Consumer,None,2023-04-12,2023,RETURNING,True,MDM,2023-04-12 00:00:00,2026-04-17 15:58:46.657286
b40d6618-3e07-4f31-9343-c7734bcfcf31,CUST-2021-HK-000151,正雄,范,正雄 范,Male,1953-01-28,user925.apple@yahoo.com,(00) 55341866,自由路6號,員林縣,彰化市,79735,HK,Hong Kong,GREATER_CHINA,Chinese,Consumer,None,2021-04-26,2021,RETURNING,True,MDM,2021-04-26 00:00:00,2026-04-17 15:58:46.657288
27c72c3f-33d6-490b-b5f2-ecf8212ca047,CUST-2019-HK-000364,宇恩,陳,宇恩 陳,Female,2002-04-30,user160.apple@hotmail.com,034 25649585,文化路1段547號,白沙,馬公,799,HK,Hong Kong,GREATER_CHINA,Chinese,Consumer,Platinum,2019-12-23,2019,RETURNING,True,MDM,2019-12-23,2026-04-17 15:58:46.657290
a9f2819d-c499-4ccd-8d6e-fb99d6b298d7,CUST-2023-HK-000121,子涵,陳,子涵 陳,Female,1985-08-23,user500.apple568@hotmail.com,0942427571,南巷41號,新竹縣,連江,39308,HK,Hong Kong,GREATER_CHINA,Chinese,Consumer,Gold,2023-06-05,2023,RETURNING,True,MDM,2023-06-05 00:00:00,2026-04-17 15:58:46.657291
60b65796-7b18-443c-9bb3-bf43658abd1c,CUST-2023-HK-000132,明珠,黃,明珠 黃,Female,1988-08-03,user803.apple892@icloud.com,02-9409283,中興街7段1號,斗六,新竹市,63043,HK,Hong Kong,GREATER_CHINA,Chinese,Consumer,Silver,2023-10-05,2023,RETURNING,True,MDM,2023-10-05 00:00:00,2026-04-17 15:58:46.657293
c36f9285-bbc8-4ab2-bdbc-339053dcc3de,CUST-2023-HK-000011,美鳳,蔡,美鳳 蔡,Female,1954-11-26,user206.apple644@outlook.com,00-83088502,昆陽路293號,竹田市,桃園市,631,HK,Hong Kong,GREATER_CHINA,Chinese,Business,None,2023-01-08,2023,RETURNING,True,MDM,2023-01-08 00:00:00,2026-04-17 15:58:46.657295
cd0486ff-ec22-4a7a-b767-4ececcbdd619,CUST-2021-HK-000012,文祥,游,文祥 游,Female,1975-12-06,user173.apple327@yahoo.com,030 47645932,永和路7段4號,北竿市,阿里山,781,HK,Hong Kong,GREATER_CHINA,Chinese,Education,Platinum,2021-10-02,2021,RETURNING,True,MDM,2021-10-02 00:00:00,2026-04-17 15:58:46.657297
3225ebad-271e-4a00-89a5-3454fbc70314,CUST-2022-HK-000136,俊宏,邱,俊宏 邱,Female,1983-08-24,user612.apple@gmail.com,04-1177247,淡水巷693號,基隆,新營,165,HK,Hong Kong,GREATER_CHINA,Chinese,Business,Gold,2022-06-09,2022,RETURNING,True,MDM,2022-06-09 00:00:00,2026-04-17 15:58:46.657303
6c53bb14-9934-4f85-a432-f6b1a86ca428,CUST-2022-HK-000039,秀鳳,阮,秀鳳 阮,Male,1987-07-18,user990.apple640@zoho.com,00 9341529,新莊路39號,阿里山,卑南市,72893,HK,Hong Kong,GREATER_CHINA,Chinese,Consumer,Gold,2022-01-18,2022,RETURNING,True,MDM,2022-01-18 00:00:00,2026-04-17 15:58:46.657304
97597cc1-4576-4de5-a660-bc9d72240e57,CUST-2021-HK-000088,柏宏,李,柏宏 李,Female,1969-03-09,user973.apple@icloud.com,03-10263762,民富街3段822號,蘆洲縣,桃園縣,654,HK,Hong Kong,GREATER_CHINA,Chinese,Consumer,Gold,2021-10-15,2021,RETURNING,True,MDM,2021-10-15 00:00:00,2026-04-17 15:58:46.657306
4edcffaa-2ca6-4b19-b6f7-3bcf92dbb6ba,CUST-2019-HK-000277,淑美,林,淑美 林,Female,1995-06-29,user213.apple988@aol.com,(03) 80549239,民富巷2號,員林縣,花蓮,424,HK,Hong Kong,GREATER_CHINA,Chinese,Consumer,None,2019-10-12,2019,RETURNING,True,MDM,2019-10-12,2026-04-17 15:58:46.657307
aab383b9-d088-48b5-a1ef-899f371913bf,CUST-2019-HK-000255,月娥,李,月娥 李,Male,1970-04-02,user507.apple@yahoo.com,0954-773743,中和路1段7號,永康,中壢,69474,HK,Hong Kong,GREATER_CHINA,Chinese,Consumer,None,2019-06-24,2019,RETURNING,True,MDM,2019-06-24,2026-04-17 15:58:46.657309
12fedc30-6afb-48dc-82b2-e55898c947a4,CUST-2019-HK-000335,美玲,范,美玲 范,Female,1951-01-12,user356.apple@zoho.com,0909656017,民富路389號,斗六縣,頭份縣,496,HK,Hong Kong,GREATER_CHINA,Chinese,Consumer,None,2019-09-24,2019,RETURNING,True,MDM,2019-09-24,2026-04-17 15:58:46.657311
d1fd0e8e-a1f8-4650-a2d4-94e2b6164190,CUST-2023-HK-000026,春美,曾,春美 曾,Male,1950-12-10,user929.apple@outlook.com,0994-983363,民享巷6號,新北,高雄,61102,HK,Hong Kong,GREATER_CHINA,Chinese,Consumer,Silver,2023-05-24,2023,RETURNING,True,MDM,2023-05-24 00:00:00,2026-04-17 15:58:46.657313
cc052f31-a0af-438d-b0eb-99954aca63b1,CUST-2022-HK-000006,宇軒,龔,宇軒 龔,Female,2004-11-24,user530.apple@gmx.com,01 5053615,自由路189號,臺中,竹田市,58728,HK,Hong Kong,GREATER_CHINA,Chinese,Consumer,Silver,2022-02-21,2022,RETURNING,True,MDM,2022-02-21 00:00:00,2026-04-17 15:58:46.657315
d29b3174-e4df-456c-835d-9ca5a73cbf3b,CUST-2023-HK-000079,麗雲,陳,麗雲 陳,Male,1989-03-28,user500.apple@hotmail.com,0941-851112,淡水路99號,北斗市,褒忠縣,187,HK,Hong Kong,GREATER_CHINA,Chinese,Business,Silver,2023-03-07,2023,RETURNING,True,MDM,2023-03-07 00:00:00,2026-04-17 15:58:46.657316
3b207f82-a88e-4af7-ab1e-65b65b8263d3,CUST-2023-HK-000117,美玉,邱,美玉 邱,Female,1975-06-02,user544.apple970@gmx.com,05 6900060,長春街3號,楊梅,朴子縣,75454,HK,Hong Kong,GREATER_CHINA,Chinese,Business,None,2023-09-26,2023,RETURNING,True,MDM,2023-09-26 00:00:00,2026-04-17 15:58:46.657318
e7fac567-5806-4e9b-a096-3bfe83af5dbb,CUST-2019-HK-000262,家銘,郭,家銘 郭,Female,1964-06-21,user446.apple@outlook.com,(03) 54916551,大同街23號,梅山,金門市,60067,HK,Hong Kong,GREATER_CHINA,Chinese,Consumer,None,2019-03-08,2019,RETURNING,False,MDM,2019-03-08,2026-04-17 15:58:46.657320
eaf69bac-eae6-49ec-b70a-dde4e37ba675,CUST-2023-HK-000160,柏宏,陳,柏宏 陳,Male,1955-10-04,user557.apple@zoho.com,02-2002371,自由巷8段39號,八德,台東,612,HK,Hong Kong,GREATER_CHINA,Chinese,Consumer,Silver,2023-06-05,2023,RETURNING,True,MDM,2023-06-05 00:00:00,2026-04-17 15:58:46.657321
fecd7786-62fd-4540-b5d7-0defab3039f1,CUST-2023-HK-000025,世明,劉,世明 劉,Female,2007-04-25,user678.apple@aol.com,00 7160492,自由街24號,光復,雲林縣,369,HK,Hong Kong,GREATER_CHINA,Chinese,Education,Platinum,2023-12-09,2023,RETURNING,True,MDM,2023-12-09 00:00:00,2026-04-17 15:58:46.657323
112ecaf4-5e89-4756-8b3a-fe88dad78827,CUST-2019-HK-000387,麗美,蔣,麗美 蔣,Male,1950-12-22,user567.apple942@zoho.com,0971975753,古亭巷9段781號,豐原縣,豐原市,99159,HK,Hong Kong,GREATER_CHINA,Chinese,Consumer,None,2019-02-05,2019,RETURNING,True,MDM,2019-02-05,2026-04-17 15:58:46.657325
94af240d-867f-40f6-9a4a-96f91f84cfce,CUST-2019-HK-000306,怡君,金,怡君 金,Male,1968-07-27,user129.apple@msn.com,0984-281988,天母巷2段30號,嘉義市,新營,66138,HK,Hong Kong,GREATER_CHINA,Chinese,Business,None,2019-10-16,2019,RETURNING,True,MDM,2019-10-16,2026-04-17 15:58:46.657327
68015b09-a9fe-445c-80ec-2e933e521f13,CUST-2019-HK-000361,俊傑,廖,俊傑 廖,Female,2005-11-15,user621.apple@gmail.com,0972-018476,中山巷81號,高雄,彰化,99389,HK,Hong Kong,GREATER_CHINA,Chinese,Consumer,None,2019-08-09,2019,RETURNING,False,MDM,2019-08-09,2026-04-17 15:58:46.657328
230b1513-b77f-4fce-95e8-2547a26870b4,CUST-2023-HK-000037,麗香,賴,麗香 賴,Male,1984-01-23,user534.apple@gmx.com,0946-561131,淡水路8段263號,八德縣,鳳山,709,HK,Hong Kong,GREATER_CHINA,Chinese,Consumer,Silver,2023-02-24,2023,RETURNING,True,MDM,2023-02-24 00:00:00,2026-04-17 15:58:46.657330
dbab9836-6172-4461-8736-c61bddbed5c7,CUST-2021-HK-000059,家銘,彭,家銘 彭,Male,1962-07-28,user189.apple@live.com,064 96992078,新生巷8號,汐止,竹田,39701,HK,Hong Kong,GREATER_CHINA,Chinese,Consumer,Gold,2021-01-10,2021,RETURNING,True,MDM,2021-01-10 00:00:00,2026-04-17 15:58:46.657331
2e873209-07fb-4509-bad6-85ce1163f662,CUST-2023-HK-000036,麗琴,劉,麗琴 劉,Female,2004-06-19,user367.apple@protonmail.com,050 63779287,頂福州巷804號,新竹,三重,633,HK,Hong Kong,GREATER_CHINA,Chinese,Consumer,None,2023-04-20,2023,RETURNING,True,MDM,2023-04-20 00:00:00,2026-04-17 15:58:46.657333
dd468390-d14b-4c44-9075-3a5403bb0918,CUST-2019-HK-000455,欣怡,黃,欣怡 黃,Female,1965-05-15,user742.apple@yahoo.com,05-59681122,迴龍巷8號,永和縣,草屯,35211,HK,Hong Kong,GREATER_CHINA,Chinese,Education,Gold,2019-06-30,2019,RETURNING,True,MDM,2019-06-30,2026-04-17 15:58:46.657335
de101c82-5756-4d73-bd12-82069ecbc904,CUST-2023-HK-000044,榮華,洪,榮華 洪,Female,1983-11-26,user916.apple821@hotmail.com,05-5356028,奇岩巷798號,台北,新竹,56059,HK,Hong Kong,GREATER_CHINA,Chinese,Consumer,None,2023-10-14,2023,RETURNING,True,MDM,2023-10-14 00:00:00,2026-04-17 15:58:46.657337
51fe19da-d070-4d06-8928-e2d543005295,CUST-2023-HK-000014,雅婷,林,雅婷 林,Male,1953-08-28,user231.apple214@outlook.com,(00) 17267843,博愛路4號,豐原縣,古坑,144,HK,Hong Kong,GREATER_CHINA,Chinese,Business,None,2023-10-31,2023,RETURNING,True,MDM,2023-10-31 00:00:00,2026-04-17 15:58:46.657339
ffbc52e4-57f3-43c5-9c41-8384771189c4,CUST-2021-HK-000135,正雄,洪,正雄 洪,Male,1953-04-11,user111.apple@hotmail.com,0983601289,四維巷9段79號,橫山,新北縣,41297,HK,Hong Kong,GREATER_CHINA,Chinese,Education,None,2021-06-14,2021,RETURNING,True,MDM,2021-06-14 00:00:00,2026-04-17 15:58:46.657340
fc29fd5d-511c-4653-b2aa-0e28b6fb82a1,CUST-2022-HK-000111,素珍,張,素珍 張,Female,1991-10-18,user367.apple@protonmail.com,03 1629228,芝山街5段4號,基隆縣,台北市,95329,HK,Hong Kong,GREATER_CHINA,Chinese,Consumer,Silver,2022-01-07,2022,RETURNING,True,MDM,2022-01-07 00:00:00,2026-04-17 15:58:46.657342
9be88a9c-b3e1-4f12-bcb8-e02171042ba2,CUST-2022-HK-000090,承恩,張,承恩 張,Female,2004-01-14,user914.apple836@icloud.com,04-3701011,明德街3號,苗栗市,北港縣,84601,HK,Hong Kong,GREATER_CHINA,Chinese,Consumer,Gold,2022-11-13,2022,RETURNING,True,MDM,2022-11-13 00:00:00,2026-04-17 15:58:46.657344
8d6f5b61-bab0-4cab-873b-64e7a0001f94,CUST-2019-HK-000400,永昌,鄭,永昌 鄭,Male,2003-03-01,user583.apple825@hotmail.com,0967-207166,五福街501號,馬公,中和,74530,HK,Hong Kong,GREATER_CHINA,Chinese,Consumer,None,2019-11-25,2019,RETURNING,True,MDM,2019-11-25,2026-04-17 15:58:46.657345
9c9634a0-816c-4ebb-a890-775957b740f5,CUST-2021-HK-000105,麗雲,唐,麗雲 唐,Male,1968-04-15,user507.apple@aol.com,08-3314393,莒光巷608號,新營,馬公市,24728,HK,Hong Kong,GREATER_CHINA,Chinese,Consumer,Gold,2021-03-06,2021,RETURNING,True,MDM,2021-03-06 00:00:00,2026-04-17 15:58:46.657347
2eebf627-4f70-4830-ad6b-4fd15f35bbb6,CUST-2021-HK-000051,威廷,黃,威廷 黃,Female,1974-11-12,user449.apple@hotmail.com,030 44879650,中山巷8段80號,蘆竹縣,桃園市,66250,HK,Hong Kong,GREATER_CHINA,Chinese,Consumer,None,2021-11-26,2021,RETURNING,True,MDM,2021-11-26 00:00:00,2026-04-17 15:58:46.657349
8ada438b-e193-496a-b478-7549aced95e2,CUST-2021-HK-000045,美玉,趙,美玉 趙,Male,1951-04-28,user892.apple900@aol.com,0980-938794,新生巷1段98號,白沙,樹林市,342,HK,Hong Kong,GREATER_CHINA,Chinese,Consumer,Platinum,2021-12-15,2021,RETURNING,True,MDM,2021-12-15 00:00:00,2026-04-17 15:58:46.657351
f88f268e-9c11-434a-beaa-cb67e69a7ca0,CUST-2023-HK-000112,惠玲,簡,惠玲 簡,Female,2000-03-24,user851.apple@hotmail.com,0956983589,奇岩街385號,斗六,蘆竹市,96995,HK,Hong Kong,GREATER_CHINA,Chinese,Consumer,None,2023-09-10,2023,RETURNING,True,MDM,2023-09-10 00:00:00,2026-04-17 15:58:46.657353
3f1a9c40-98f0-4aae-9725-4e3cbf51b864,CUST-2020-HK-000055,秀琴,張,秀琴 張,Male,1977-09-30,user830.apple439@outlook.com,08-42231761,松山巷1號,桃園,宜蘭縣,340,HK,Hong Kong,GREATER_CHINA,Chinese,Consumer,None,2020-03-27,2020,RETURNING,True,MDM,2020-03-27 00:00:00,2026-04-17 15:58:46.657355
e0016906-e0eb-4b94-96eb-fd748a361ce8,CUST-2019-HK-000123,世明,楊,世明 楊,Male,1966-11-02,user537.apple@zoho.com,03-89260465,國凱八德街77號,關山市,永康,108,HK,Hong Kong,GREATER_CHINA,Chinese,Consumer,Platinum,2019-06-15,2019,RETURNING,False,MDM,2019-06-15,2026-04-17 15:58:46.657357
9bde9938-77bd-41fa-a565-a97261bb689d,CUST-2023-HK-000023,秀珠,林,秀珠 林,Female,1976-04-28,user836.apple@hotmail.com,060 36471462,延平街876號,苗栗縣,八德,31279,HK,Hong Kong,GREATER_CHINA,Chinese,Consumer,None,2023-09-09,2023,RETURNING,True,MDM,2023-09-09 00:00:00,2026-04-17 15:58:46.657359
7d698a8e-ec0a-44ba-a36a-9d100e61a589,CUST-2021-HK-000023,俊宏,江,俊宏 江,Male,1980-03-21,user227.apple@icloud.com,0983-122727,新生街364號,頭份,新北,182,HK,Hong Kong,GREATER_CHINA,Chinese,Business,Platinum,2021-02-19,2021,RETURNING,True,MDM,2021-02-19 00:00:00,2026-04-17 15:58:46.657360
953edeb7-bc22-4747-baf5-b9b096493c1e,CUST-2021-HK-000056,素蘭,王,素蘭 王,Female,1986-11-15,user379.apple913@gmx.com,040 64691062,三民街840號,花蓮,中壢,340,HK,Hong Kong,GREATER_CHINA,Chinese,Consumer,Gold,2021-02-28,2021,RETURNING,True,MDM,2021-02-28 00:00:00,2026-04-17 15:58:46.657362
719d7b31-d902-42d1-86f8-3e1ccd6e84df,CUST-2021-HK-000117,俊賢,劉,俊賢 劉,Male,1974-04-22,user372.apple@yahoo.com,09-77644474,太平街638號,關山市,澎湖縣,32830,HK,Hong Kong,GREATER_CHINA,Chinese,Consumer,Gold,2021-07-12,2021,RETURNING,True,MDM,2021-07-12 00:00:00,2026-04-17 15:58:46.657363
81c0d34a-4a0b-4a73-9b64-95957c8855e1,CUST-2023-HK-000118,淑慧,邱,淑慧 邱,Male,1966-07-06,user246.apple@zoho.com,0970007302,太平路811號,基隆縣,關山縣,41919,HK,Hong Kong,GREATER_CHINA,Chinese,Consumer,Silver,2023-09-29,2023,RETURNING,True,MDM,2023-09-29 00:00:00,2026-04-17 15:58:46.657365
a5db8d20-88e7-42af-8e80-5e129478d9f4,CUST-2021-HK-000122,淑娟,葉,淑娟 葉,Female,1975-08-24,user298.apple@outlook.com,0952038795,中山路2號,豐原市,蘆洲市,53019,HK,Hong Kong,GREATER_CHINA,Chinese,Consumer,Silver,2021-04-04,2021,RETURNING,True,MDM,2021-04-04 00:00:00,2026-04-17 15:58:46.657366
a1789cbc-fc30-45af-a71c-77b512164f1b,CUST-2021-HK-000075,麗珠,郭,麗珠 郭,Male,2003-01-03,user105.apple@icloud.com,0925591744,萬隆路56號,中和市,連江市,13392,HK,Hong Kong,GREATER_CHINA,Chinese,Consumer,Silver,2021-05-30,2021,RETURNING,True,MDM,2021-05-30 00:00:00,2026-04-17 15:58:46.657368
21c8301d-2433-441e-b74f-a65cd54fc474,CUST-2021-HK-000103,淑芳,李,淑芳 李,Female,1971-10-26,user453.apple@gmail.com,0944-375833,廣慈巷1段348號,新竹,永康,295,HK,Hong Kong,GREATER_CHINA,Chinese,Consumer,Silver,2021-08-09,2021,RETURNING,True,MDM,2021-08-09 00:00:00,2026-04-17 15:58:46.657369
293bf190-7d97-44ff-84aa-7af7e3751463,CUST-2023-HK-000043,冠廷,吳,冠廷 吳,Male,1976-01-28,user939.apple@icloud.com,02-84021502,大同巷6段384號,彰化,白沙縣,76008,HK,Hong Kong,GREATER_CHINA,Chinese,Consumer,None,2023-05-23,2023,RETURNING,True,MDM,2023-05-23 00:00:00,2026-04-17 15:58:46.657371
5a982538-d156-4878-adfa-f81af7de353f,CUST-2023-HK-000065,玉玲,楊,玉玲 楊,Female,1968-10-19,user242.apple@protonmail.com,004 93853473,大智巷1號,南投縣,永和,141,HK,Hong Kong,GREATER_CHINA,Chinese,Education,None,2023-06-17,2023,RETURNING,True,MDM,2023-06-17 00:00:00,2026-04-17 15:58:46.657373
b4154e4a-86ca-45f9-b947-d336dae3ee91,CUST-2020-HK-000127,淑芬,陳,淑芬 陳,Female,1961-04-15,user362.apple@hotmail.com,05-60434488,莒光路74號,花蓮市,台東,65008,HK,Hong Kong,GREATER_CHINA,Chinese,Consumer,Silver,2020-12-01,2020,RETURNING,True,MDM,2020-12-01 00:00:00,2026-04-17 15:58:46.657375
4f18f48f-3cf6-4afd-87ee-de043be28c6f,CUST-2022-HK-000023,明珠,徐,明珠 徐,Female,1983-03-16,user976.apple@icloud.com,04 9501160,新北投巷16號,三重,澎湖,753,HK,Hong Kong,GREATER_CHINA,Chinese,Consumer,Gold,2022-04-20,2022,RETURNING,True,MDM,2022-04-20 00:00:00,2026-04-17 15:58:46.657376
55e308fe-3f7e-44b5-a389-4a2bb72202f8,CUST-2023-HK-000096,淑美,林,淑美 林,Female,1957-01-05,user514.apple@gmx.com,09-4811343,民富街3號,卑南縣,新營縣,723,HK,Hong Kong,GREATER_CHINA,Chinese,Consumer,None,2023-03-24,2023,RETURNING,True,MDM,2023-03-24 00:00:00,2026-04-17 15:58:46.657378
04616023-11ef-41cf-bb8b-df72f89953a4,CUST-2021-HK-000132,鈺婷,蘇,鈺婷 蘇,Female,1987-08-27,user864.apple@hotmail.com,05-96799948,民權路93號,大里,高雄,844,HK,Hong Kong,GREATER_CHINA,Chinese,Consumer,Silver,2021-05-22,2021,RETURNING,True,MDM,2021-05-22 00:00:00,2026-04-17 15:58:46.657379
8c639573-b326-4031-84d3-b0b46b8c9e63,CUST-2020-HK-000047,禹彤,張,禹彤 張,Female,1955-11-15,user291.apple@gmx.com,07-26202314,象山路99號,蘆洲,北港,213,HK,Hong Kong,GREATER_CHINA,Chinese,Business,None,2020-10-21,2020,RETURNING,True,MDM,2020-10-21 00:00:00,2026-04-17 15:58:46.657381
c1996f9a-605f-41b8-96ef-ce851ebb3717,CUST-2022-HK-000012,素卿,陳,素卿 陳,Female,1971-05-25,user634.apple@gmail.com,04-3200922,關渡街49號,新竹縣,桃園,71887,HK,Hong Kong,GREATER_CHINA,Chinese,Consumer,Silver,2022-09-13,2022,RETURNING,True,MDM,2022-09-13 00:00:00,2026-04-17 15:58:46.657383
72e6b000-c54f-43ca-bbec-65b69f291a01,CUST-2021-HK-000079,玉美,郭,玉美 郭,Male,1963-05-26,user181.apple@protonmail.com,0981074090,延平路5段899號,太平市,橫山,68911,HK,Hong Kong,GREATER_CHINA,Chinese,Consumer,None,2021-02-14,2021,RETURNING,False,MDM,2021-02-14 00:00:00,2026-04-17 15:58:46.657385
cd42d344-7a4d-4d35-b53c-4c83b00cfa59,CUST-2023-HK-000143,美惠,陳,美惠 陳,Female,1977-06-19,user399.apple956@mail.com,(06) 35351015,水源路83號,板橋市,古坑,46611,HK,Hong Kong,GREATER_CHINA,Chinese,Business,Silver,2023-01-06,2023,RETURNING,True,MDM,2023-01-06 00:00:00,2026-04-17 15:58:46.657387
3aef78c8-6e71-46a9-823c-41162970aa11,CUST-2023-HK-000141,秋月,甘,秋月 甘,Male,1986-05-22,user834.apple831@gmail.com,0936-396731,正義街7段774號,台東,員林市,90627,HK,Hong Kong,GREATER_CHINA,Chinese,Business,Gold,2023-07-03,2023,RETURNING,True,MDM,2023-07-03 00:00:00,2026-04-17 15:58:46.657389
0c2dc540-4b9e-48b2-a589-3aba2f615f9d,CUST-2023-HK-000071,美惠,陳,美惠 陳,Male,1955-09-23,user114.apple@gmx.com,(04) 38190250,明德街4段8號,屏東市,基隆,95976,HK,Hong Kong,GREATER_CHINA,Chinese,Consumer,None,2023-06-27,2023,RETURNING,True,MDM,2023-06-27 00:00:00,2026-04-17 15:58:46.657391
5ef5f71b-0de4-43aa-8ab8-63f51b029fb4,CUST-2023-HK-000125,怡君,許,怡君 許,Female,1958-02-12,user814.apple@yahoo.com,0919-276109,中央路407號,宜蘭縣,新竹,159,HK,Hong Kong,GREATER_CHINA,Chinese,Consumer,None,2023-08-21,2023,RETURNING,True,MDM,2023-08-21 00:00:00,2026-04-17 15:58:46.657393
19ddea16-3bf2-473b-b810-b38fea0315d9,CUST-2019-HK-000333,淑敏,徐,淑敏 徐,Female,1971-02-28,user993.apple@yahoo.com,04-6168438,中正路616號,彰化,中壢市,14388,HK,Hong Kong,GREATER_CHINA,Chinese,Consumer,None,2019-06-24,2019,RETURNING,True,MDM,2019-06-24,2026-04-17 15:58:46.657395
19739153-e7e0-4ec0-a9e3-cc9ece65733b,CUST-2023-HK-000145,俊傑,陳,俊傑 陳,Male,1958-07-15,user977.apple507@hotmail.com,0920-207270,三民街156號,屏東,台東,99863,HK,Hong Kong,GREATER_CHINA,Chinese,Consumer,Silver,2023-09-21,2023,RETURNING,True,MDM,2023-09-21 00:00:00,2026-04-17 15:58:46.657396
db8c0518-0eb3-46d3-90ad-cd3cfa44114f,CUST-2022-HK-000022,明宗,韋,明宗 韋,Male,1964-08-21,user915.apple@aol.com,016 44242534,新埔巷25號,梅山縣,基隆,550,HK,Hong Kong,GREATER_CHINA,Chinese,Education,None,2022-11-02,2022,RETURNING,True,MDM,2022-11-02 00:00:00,2026-04-17 15:58:46.657398
ae2df43e-1e5c-4503-9187-6b2abb039ba5,CUST-2020-HK-000026,俊雄,謝,俊雄 謝,Male,1957-09-03,user736.apple@mail.com,(09) 71230750,雙連巷17號,豐原縣,樹林,52329,HK,Hong Kong,GREATER_CHINA,Chinese,Business,Silver,2020-02-28,2020,RETURNING,True,MDM,2020-02-28 00:00:00,2026-04-17 15:58:46.657399
724d19d6-7d52-4e74-b8b4-42b8b87edbb4,CUST-2019-HK-000153,秀玉,湯,秀玉 湯,Male,1995-01-17,user904.apple392@protonmail.com,02-94270005,中正路2段670號,樹林縣,竹田,308,HK,Hong Kong,GREATER_CHINA,Chinese,Education,Platinum,2019-03-12,2019,RETURNING,True,MDM,2019-03-12,2026-04-17 15:58:46.657401
b62738c8-579f-4a56-8792-f60f0df1af90,CUST-2022-HK-000030,志銘,李,志銘 李,Female,1987-07-06,user421.apple@hotmail.com,0939-856431,東湖路5段2號,樹林縣,大里,17286,HK,Hong Kong,GREATER_CHINA,Chinese,Consumer,None,2022-07-24,2022,RETURNING,True,MDM,2022-07-24 00:00:00,2026-04-17 15:58:46.657403
a458761c-27fb-4aa2-8a82-865d2eeeb9fb,CUST-2019-HK-000088,麗美,黃,麗美 黃,Male,1982-01-13,user804.apple@yahoo.com,0909-479432,建國街2號,連江,橫山,878,HK,Hong Kong,GREATER_CHINA,Chinese,Education,Platinum,2019-01-01,2019,RETURNING,True,MDM,2019-01-01,2026-04-17 15:58:46.657404
50ac74ee-d97d-4654-8517-e58afd0fe843,CUST-2020-HK-000135,美鳳,彭,美鳳 彭,Female,1979-12-11,user105.apple@aol.com,(07) 46634136,德路5號,中和,橫山,91393,HK,Hong Kong,GREATER_CHINA,Chinese,Consumer,Silver,2020-05-19,2020,RETURNING,True,MDM,2020-05-19 00:00:00,2026-04-17 15:58:46.657406
83502f10-f566-4233-9cf6-3fd7ae3962ac,CUST-2023-HK-000024,世明,林,世明 林,Male,2005-09-18,user650.apple@protonmail.com,03-71697099,長安巷962號,斗六市,豐原縣,763,HK,Hong Kong,GREATER_CHINA,Chinese,Consumer,None,2023-01-18,2023,RETURNING,True,MDM,2023-01-18 00:00:00,2026-04-17 15:58:46.657407
ce0d200d-4b0e-4782-ab5a-164d65ba159e,CUST-2022-HK-000127,俊銘,林,俊銘 林,Female,1993-09-19,user977.apple@outlook.com,0959245421,古亭街2段5號,平鎮,光復市,971,HK,Hong Kong,GREATER_CHINA,Chinese,Consumer,Platinum,2022-09-07,2022,RETURNING,True,MDM,2022-09-07 00:00:00,2026-04-17 15:58:46.657409
5f05709b-383b-4512-97ba-25107c1f2b5c,CUST-2023-HK-000170,麗玲,楊,麗玲 楊,Male,1985-08-17,user575.apple@msn.com,05 7675160,永寧路977號,北港市,橫山市,430,HK,Hong Kong,GREATER_CHINA,Chinese,Consumer,None,2023-04-22,2023,RETURNING,True,MDM,2023-04-22 00:00:00,2026-04-17 15:58:46.657411
57fe21b2-302b-4b73-89ad-6bf0f8583baa,CUST-2023-HK-000005,子睿,廖,子睿 廖,Male,1985-06-25,user758.apple120@protonmail.com,(00) 69753375,長安街4段3號,卑南市,八德縣,10976,HK,Hong Kong,GREATER_CHINA,Chinese,Consumer,Gold,2023-03-10,2023,RETURNING,True,MDM,2023-03-10 00:00:00,2026-04-17 15:58:46.657412
6bf00098-49b0-42f4-bfb3-598f65a3cbce,CUST-2023-HK-000149,淑芬,彭,淑芬 彭,Male,1970-04-02,user300.apple613@protonmail.com,012 31811836,民富路5號,臺東市,北竿市,49259,HK,Hong Kong,GREATER_CHINA,Chinese,Education,None,2023-10-12,2023,RETURNING,False,MDM,2023-10-12 00:00:00,2026-04-17 15:58:46.657414
71dcbb08-5221-41e2-b298-d17fd4f7e2ee,CUST-2020-HK-000126,秀霞,盧,秀霞 盧,Male,1994-03-25,user625.apple@live.com,02-32101260,公園巷175號,永康縣,桃園縣,98020,HK,Hong Kong,GREATER_CHINA,Chinese,Consumer,Platinum,2020-11-29,2020,RETURNING,True,MDM,2020-11-29 00:00:00,2026-04-17 15:58:46.657416
4e809d1d-583d-41cf-9501-c04699a67b53,CUST-2024-HK-000001,文彬,蔡,文彬 蔡,Female,1986-06-19,user507.apple@zoho.com,0984-709249,新興街69號,雲林,宜蘭市,282,HK,Hong Kong,GREATER_CHINA,Chinese,Education,None,2024-12-09,2024,NEW,True,MDM,2024-12-09 00:00:00,2026-04-17 15:58:46.657673
9d22ce9d-5b02-4fde-ac39-38912172192a,CUST-2024-HK-000002,淑玲,許,淑玲 許,Male,1960-08-23,user458.apple@gmx.com,01-9291875,中山路56號,橫山,頭份縣,801,HK,Hong Kong,GREATER_CHINA,Chinese,Consumer,Platinum,2024-08-21,2024,NEW,True,MDM,2024-08-21 00:00:00,2026-04-17 15:58:46.657775
02196d84-1fba-48d1-9af2-a2714c7c953b,CUST-2024-HK-000003,美慧,陳,美慧 陳,Male,1974-04-11,user901.apple653@gmx.com,0929221053,成功巷2段749號,永康縣,北港,41148,HK,Hong Kong,GREATER_CHINA,Chinese,Consumer,None,2024-09-27,2024,NEW,True,MDM,2024-09-27 00:00:00,2026-04-17 15:58:46.657869
8e20a9c9-02bc-471d-b3cb-fb498758d615,CUST-2024-HK-000004,文祥,游,文祥 游,Female,1995-06-14,user504.apple797@aol.com,09 2104654,民富街79號,汐止市,汐止,10016,HK,Hong Kong,GREATER_CHINA,Chinese,Consumer,Silver,2024-09-05,2024,NEW,True,MDM,2024-09-05 00:00:00,2026-04-17 15:58:46.657958
c4920c22-20ef-4770-9137-f6522f50731e,CUST-2024-HK-000005,淑娟,韓,淑娟 韓,Female,1972-08-29,user192.apple205@hotmail.com,08 1798008,萬隆路2號,汐止,台東,49365,HK,Hong Kong,GREATER_CHINA,Chinese,Consumer,Silver,2024-06-19,2024,NEW,True,MDM,2024-06-19 00:00:00,2026-04-17 15:58:46.658044
c7e9a047-8007-4925-99d6-d676bf5ae5c4,CUST-2024-HK-000006,雅雯,楊,雅雯 楊,Female,1956-07-12,user273.apple@zoho.com,092 13967788,勝利街63號,楊梅市,褒忠縣,335,HK,Hong Kong,GREATER_CHINA,Chinese,Consumer,Silver,2024-04-07,2024,NEW,True,MDM,2024-04-07 00:00:00,2026-04-17 15:58:46.658132
a4bea4e3-ac8d-4df1-997c-0752570073cf,CUST-2024-HK-000007,家榮,吳,家榮 吳,Male,1974-01-09,user701.apple@live.com,086 77642541,新生街775號,台中市,斗六市,163,HK,Hong Kong,GREATER_CHINA,Chinese,Consumer,None,2024-11-06,2024,NEW,True,MDM,2024-11-06 00:00:00,2026-04-17 15:58:46.658219
9b4f28b0-7821-4e7d-a74d-8d21767a9173,CUST-2024-HK-000008,麗華,張,麗華 張,Male,1981-02-21,user269.apple@protonmail.com,0989-144441,象山街2號,臺東縣,太平,25164,HK,Hong Kong,GREATER_CHINA,Chinese,Consumer,None,2024-10-17,2024,NEW,True,MDM,2024-10-17 00:00:00,2026-04-17 15:58:46.658302
42cfdfe2-9506-4bd1-8add-00f9701fef9a,CUST-2024-HK-000009,玉玲,廖,玉玲 廖,Male,1964-08-08,user266.apple858@icloud.com,(05) 60027873,中正路7號,員林,中和,91029,HK,Hong Kong,GREATER_CHINA,Chinese,Consumer,None,2024-06-09,2024,NEW,True,MDM,2024-06-09 00:00:00,2026-04-17 15:58:46.658385
28b3482b-006b-4026-9af9-6f1c52ff82e6,CUST-2024-HK-000010,家榮,黃,家榮 黃,Female,1972-08-28,user713.apple621@protonmail.com,08-45065046,大橋頭路6號,卑南,新營市,996,HK,Hong Kong,GREATER_CHINA,Chinese,Education,Gold,2024-02-17,2024,NEW,True,MDM,2024-02-17 00:00:00,2026-04-17 15:58:46.658470
fe2170f1-4927-4b67-9490-b31ca7f8b33f,CUST-2024-HK-000011,美玲,李,美玲 李,Female,1976-01-31,user960.apple@yahoo.com,03-68861928,民有巷7段61號,新營,雲林,14411,HK,Hong Kong,GREATER_CHINA,Chinese,Business,None,2024-07-21,2024,NEW,False,MDM,2024-07-21 00:00:00,2026-04-17 15:58:46.658552
f74b320f-ce42-4ac7-9ff7-184096dcb31a,CUST-2024-HK-000012,秀梅,黃,秀梅 黃,Male,1974-02-20,user553.apple@yahoo.com,091 46066237,天母路81號,古坑,阿里山,914,HK,Hong Kong,GREATER_CHINA,Chinese,Consumer,Silver,2024-11-06,2024,NEW,True,MDM,2024-11-06 00:00:00,2026-04-17 15:58:46.658632
7294c8fa-4d8b-4cc8-b18d-ae1e8038453d,CUST-2024-HK-000013,秀枝,廖,秀枝 廖,Female,1990-04-22,user806.apple@hotmail.com,0904048995,蘆洲街6號,台中市,新營,227,HK,Hong Kong,GREATER_CHINA,Chinese,Consumer,None,2024-11-01,2024,NEW,True,MDM,2024-11-01 00:00:00,2026-04-17 15:58:46.658795
62daeeb0-5584-4123-af02-b5c12ec91ce9,CUST-2024-HK-000014,秀珍,林,秀珍 林,Male,1953-12-19,user858.apple@outlook.com,09-6522389,三民街2號,汐止,楊梅縣,147,HK,Hong Kong,GREATER_CHINA,Chinese,Business,Gold,2024-11-10,2024,NEW,True,MDM,2024-11-10 00:00:00,2026-04-17 15:58:46.658899
12a4be53-e688-4e54-91de-f1f8166e90f9,CUST-2024-HK-000015,雅婷,唐,雅婷 唐,Female,1983-07-17,user831.apple@msn.com,072 24626971,奇岩街45號,臺中市,豐原,49487,HK,Hong Kong,GREATER_CHINA,Chinese,Consumer,None,2024-01-25,2024,NEW,True,MDM,2024-01-25 00:00:00,2026-04-17 15:58:46.658984
828eabe4-7590-42c9-9e89-4f55f2f63f1e,CUST-2024-HK-000016,冠廷,李,冠廷 李,Male,1989-08-12,user136.apple@mail.com,0966578479,南路34號,花蓮市,宜蘭縣,371,HK,Hong Kong,GREATER_CHINA,Chinese,Business,None,2024-02-29,2024,NEW,True,MDM,2024-02-29 00:00:00,2026-04-17 15:58:46.659066
90087c88-9c5b-4b3f-a90f-5257420a2f86,CUST-2024-HK-000017,冠霖,黃,冠霖 黃,Female,1952-11-14,user293.apple@outlook.com,0976-363861,忠孝巷2號,橫山縣,竹田市,411,HK,Hong Kong,GREATER_CHINA,Chinese,Consumer,None,2024-09-17,2024,NEW,True,MDM,2024-09-17 00:00:00,2026-04-17 15:58:46.659150
6a81db22-0455-4491-827a-aa486e47f132,CUST-2024-HK-000018,冠宇,蔡,冠宇 蔡,Male,2008-02-29,user851.apple@icloud.com,(05) 54244428,自立街14號,員林,屏東市,720,HK,Hong Kong,GREATER_CHINA,Chinese,Consumer,None,2024-03-17,2024,NEW,True,MDM,2024-03-17 00:00:00,2026-04-17 15:58:46.659229
3f23fc61-9743-428a-8308-d903bb75ff12,CUST-2024-HK-000019,雅婷,何,雅婷 何,Female,1984-03-09,user288.apple@msn.com,0948-118942,太平巷35號,北斗縣,桃園,872,HK,Hong Kong,GREATER_CHINA,Chinese,Education,None,2024-11-17,2024,NEW,True,MDM,2024-11-17 00:00:00,2026-04-17 15:58:46.659307
9f5d2b77-400d-4979-a059-2c94b1e1f9b8,CUST-2024-HK-000020,俊宇,黃,俊宇 黃,Male,1994-08-24,user850.apple@hotmail.com,01-16739542,信義街549號,北斗,太平縣,28425,HK,Hong Kong,GREATER_CHINA,Chinese,Consumer,Silver,2024-02-13,2024,NEW,True,MDM,2024-02-13 00:00:00,2026-04-17 15:58:46.659387
2faff5e9-81ea-4799-a5a3-d24dc5d5bda1,CUST-2024-HK-000021,家豪,朱,家豪 朱,Male,1986-08-27,user430.apple@gmx.com,08-7756003,長春巷5號,南投縣,台東市,28961,HK,Hong Kong,GREATER_CHINA,Chinese,Consumer,None,2024-10-20,2024,NEW,True,MDM,2024-10-20 00:00:00,2026-04-17 15:58:46.659470
22eeecee-0245-4c70-b566-b37713ec0d48,CUST-2024-HK-000022,俊雄,游,俊雄 游,Male,2000-09-18,user951.apple@protonmail.com,090 40978021,雙連巷53號,屏東,平鎮市,531,HK,Hong Kong,GREATER_CHINA,Chinese,Business,Gold,2024-07-12,2024,NEW,False,MDM,2024-07-12 00:00:00,2026-04-17 15:58:46.659552
03af28bd-65f2-4997-b16d-90d99703edb1,CUST-2024-HK-000023,志鴻,吳,志鴻 吳,Female,1974-07-12,user733.apple@hotmail.com,00-5822954,和平巷6號,阿里山縣,北港,55746,HK,Hong Kong,GREATER_CHINA,Chinese,Consumer,Gold,2024-05-21,2024,NEW,True,MDM,2024-05-21 00:00:00,2026-04-17 15:58:46.659631
c1a78eae-6ebf-45a7-83a4-83fe1d52f321,CUST-2024-HK-000024,建志,徐,建志 徐,Male,1985-03-13,user877.apple@aol.com,0971243755,學府街5號,太保市,北竿市,18085,HK,Hong Kong,GREATER_CHINA,Chinese,Consumer,Silver,2024-06-17,2024,NEW,True,MDM,2024-06-17 00:00:00,2026-04-17 15:58:46.659717
de0a0fd9-b3af-4311-9bca-7f24d7c826d9,CUST-2024-HK-000025,怡君,王,怡君 王,Female,1967-07-10,user893.apple@aol.com,(05) 81334852,興巷882號,古坑縣,白沙市,727,HK,Hong Kong,GREATER_CHINA,Chinese,Consumer,None,2024-07-20,2024,NEW,True,MDM,2024-07-20 00:00:00,2026-04-17 15:58:46.659798
6a598b3a-30c8-49df-a45f-3771f00507e0,CUST-2024-HK-000026,秀華,江,秀華 江,Female,1987-02-06,user588.apple540@yahoo.com,02-7360316,土城路70號,頭份,蘆洲縣,48766,HK,Hong Kong,GREATER_CHINA,Chinese,Consumer,Platinum,2024-07-15,2024,NEW,True,MDM,2024-07-15 00:00:00,2026-04-17 15:58:46.659877
50179a23-8526-4abf-8218-cfa1769d5141,CUST-2024-HK-000027,秀美,陳,秀美 陳,Male,1960-10-20,user314.apple@hotmail.com,(07) 79785328,復興路52號,北斗市,雲林縣,63829,HK,Hong Kong,GREATER_CHINA,Chinese,Consumer,None,2024-10-31,2024,NEW,True,MDM,2024-10-31 00:00:00,2026-04-17 15:58:46.659958
f7fe709d-bf59-4dc2-ae6f-a8571ae8ab0c,CUST-2024-HK-000028,淑芬,黃,淑芬 黃,Male,1995-01-06,user368.apple@hotmail.com,0926053090,福安巷17號,新北市,中壢縣,22588,HK,Hong Kong,GREATER_CHINA,Chinese,Consumer,Platinum,2024-07-26,2024,NEW,True,MDM,2024-07-26 00:00:00,2026-04-17 15:58:46.660039
bf23ed31-3e55-4893-a558-54a3687e04f8,CUST-2024-HK-000029,世明,許,世明 許,Male,1960-11-02,user550.apple@protonmail.com,(08) 51210316,大智巷96號,桃園市,阿里山市,25688,HK,Hong Kong,GREATER_CHINA,Chinese,Consumer,Silver,2024-08-25,2024,NEW,True,MDM,2024-08-25 00:00:00,2026-04-17 15:58:46.660121
935185f3-4ff9-4236-9646-c8dd0557d5fb,CUST-2024-HK-000030,柏宏,李,柏宏 李,Female,1990-07-31,user472.apple@outlook.com,0928481086,民族巷5號,高雄市,永和縣,29108,HK,Hong Kong,GREATER_CHINA,Chinese,Consumer,Silver,2024-04-03,2024,NEW,True,MDM,2024-04-03 00:00:00,2026-04-17 15:58:46.660199
30163b3e-79d5-44eb-b6e4-9e542efa3185,CUST-2024-HK-000031,承恩,陳,承恩 陳,Male,2001-02-26,user379.apple@protonmail.com,086 55517178,中和巷19號,卑南,基隆,238,HK,Hong Kong,GREATER_CHINA,Chinese,Consumer,None,2024-09-06,2024,NEW,True,MDM,2024-09-06 00:00:00,2026-04-17 15:58:46.660276
c26582c7-42f5-4b32-87a5-2b79ca3b060c,CUST-2024-HK-000032,雅惠,李,雅惠 李,Female,1989-05-07,user627.apple@mail.com,(06) 30984987,大勇街5號,竹北,新營,923,HK,Hong Kong,GREATER_CHINA,Chinese,Consumer,Gold,2024-06-29,2024,NEW,True,MDM,2024-06-29 00:00:00,2026-04-17 15:58:46.660351
57dc2ed3-0c17-48d0-a314-01c667ca8aa8,CUST-2024-HK-000033,秀蘭,陳,秀蘭 陳,Female,1969-05-01,user986.apple@aol.com,05-96554099,土城巷5號,金門,蘆竹縣,42061,HK,Hong Kong,GREATER_CHINA,Chinese,Education,Gold,2024-09-21,2024,NEW,True,MDM,2024-09-21 00:00:00,2026-04-17 15:58:46.660429
ff538924-fbb6-43cd-a80b-d7e78693e2c5,CUST-2024-HK-000034,美鳳,周,美鳳 周,Male,1968-10-28,user909.apple@gmail.com,0973574476,新北投街952號,關山縣,頭份市,609,HK,Hong Kong,GREATER_CHINA,Chinese,Consumer,Silver,2024-02-03,2024,NEW,True,MDM,2024-02-03 00:00:00,2026-04-17 15:58:46.660510
ee9819fa-119d-4071-9bb7-111d9b084890,CUST-2024-HK-000035,月英,吳,月英 吳,Male,1969-05-04,user943.apple972@gmx.com,0940-058204,景美路4號,澎湖縣,員林縣,271,HK,Hong Kong,GREATER_CHINA,Chinese,Consumer,Gold,2024-06-21,2024,NEW,True,MDM,2024-06-21 00:00:00,2026-04-17 15:58:46.660593
96c53482-f6b8-48e9-a3fc-2571197e2ada,CUST-2024-HK-000036,淑貞,呂,淑貞 呂,Female,2007-09-10,user127.apple@protonmail.com,01-18608555,新莊巷8段233號,北竿市,褒忠,831,HK,Hong Kong,GREATER_CHINA,Chinese,Consumer,Silver,2024-07-31,2024,NEW,True,MDM,2024-07-31 00:00:00,2026-04-17 15:58:46.660678
f5aa383a-75c0-4af1-b8d1-39df604c41ba,CUST-2024-HK-000037,秀珍,林,秀珍 林,Male,1957-08-17,user853.apple727@mail.com,06-8542152,延平街181號,永康,嘉義縣,47119,HK,Hong Kong,GREATER_CHINA,Chinese,Business,Platinum,2024-10-22,2024,NEW,True,MDM,2024-10-22 00:00:00,2026-04-17 15:58:46.660760
93ca226e-92dc-441a-a4c1-5cc3698df291,CUST-2024-HK-000038,俊廷,任,俊廷 任,Female,2004-12-10,user775.apple@mail.com,0993000938,土城路966號,蘆洲,台北,215,HK,Hong Kong,GREATER_CHINA,Chinese,Education,Gold,2024-08-31,2024,NEW,False,MDM,2024-08-31 00:00:00,2026-04-17 15:58:46.660843
c61b7488-dafe-47ae-a59e-e52ef1bb15c3,CUST-2024-HK-000039,麗珍,周,麗珍 周,Female,1981-07-31,user602.apple@zoho.com,02-52570676,育英街2號,永康縣,新北,865,HK,Hong Kong,GREATER_CHINA,Chinese,Business,None,2024-12-30,2024,NEW,True,MDM,2024-12-30 00:00:00,2026-04-17 15:58:46.660921
e5b2962d-aec3-4881-beee-18f30b3d8585,CUST-2024-HK-000040,靜宜,陳,靜宜 陳,Female,1958-12-01,user248.apple302@aol.com,0966114240,景美街4段59號,苗栗市,台中縣,756,HK,Hong Kong,GREATER_CHINA,Chinese,Consumer,Silver,2024-06-01,2024,NEW,True,MDM,2024-06-01 00:00:00,2026-04-17 15:58:46.661001
7560b223-958f-4fb2-b232-785907e1c420,CUST-2024-HK-000041,秀鳳,楊,秀鳳 楊,Male,1951-11-15,user888.apple986@hotmail.com,03 7558819,民生巷4號,卑南,平鎮縣,32643,HK,Hong Kong,GREATER_CHINA,Chinese,Business,None,2024-08-03,2024,NEW,True,MDM,2024-08-03 00:00:00,2026-04-17 15:58:46.661079
1cb4588d-ee86-4bc4-bd56-e53801322931,CUST-2024-HK-000042,麗卿,楊,麗卿 楊,Male,1977-11-01,user202.apple869@gmail.com,(02) 89131313,中華巷3號,桃園縣,斗六,993,HK,Hong Kong,GREATER_CHINA,Chinese,Consumer,None,2024-06-24,2024,NEW,True,MDM,2024-06-24 00:00:00,2026-04-17 15:58:46.661156
1d262daa-dffb-415a-8239-8366df2399e2,CUST-2024-HK-000043,淑敏,許,淑敏 許,Male,1995-02-02,user739.apple930@msn.com,05-73746777,大安路919號,中和,板橋市,77859,HK,Hong Kong,GREATER_CHINA,Chinese,Consumer,None,2024-04-05,2024,NEW,True,MDM,2024-04-05 00:00:00,2026-04-17 15:58:46.661235
93b12382-3e97-438c-8cf3-43da5f25a1a0,CUST-2024-HK-000044,雅玲,王,雅玲 王,Female,1961-03-14,user898.apple@outlook.com,01 6747218,福安街8號,八德市,竹田縣,117,HK,Hong Kong,GREATER_CHINA,Chinese,Consumer,Gold,2024-09-08,2024,NEW,True,MDM,2024-09-08 00:00:00,2026-04-17 15:58:46.661313
0974ad18-037e-4f24-ace7-ed2815e7573a,CUST-2024-HK-000045,淑美,李,淑美 李,Female,1982-05-25,user514.apple536@zoho.com,(04) 66844716,文昌巷41號,八德市,朴子,674,HK,Hong Kong,GREATER_CHINA,Chinese,Education,None,2024-04-10,2024,NEW,True,MDM,2024-04-10 00:00:00,2026-04-17 15:58:46.661391
85181392-1981-44ce-a346-b23d42bf5095,CUST-2024-HK-000046,怡婷,柳,怡婷 柳,Male,1955-12-12,user877.apple805@icloud.com,06-47682571,建國路3號,員林,宜蘭,35493,HK,Hong Kong,GREATER_CHINA,Chinese,Education,None,2024-04-05,2024,NEW,True,MDM,2024-04-05 00:00:00,2026-04-17 15:58:46.661468
45258e62-d8b9-4c53-8ade-98b113d3fd1c,CUST-2024-HK-000047,麗珠,劉,麗珠 劉,Male,1957-10-05,user595.apple@mail.com,0900-017718,廣慈路39號,鳳山市,台北,663,HK,Hong Kong,GREATER_CHINA,Chinese,Consumer,Platinum,2024-04-27,2024,NEW,True,MDM,2024-04-27 00:00:00,2026-04-17 15:58:46.661545
a158bbb3-256a-49c1-af04-fdc49a40c3da,CUST-2024-HK-000048,秀梅,呂,秀梅 呂,Male,1985-08-31,user595.apple420@aol.com,0984-616113,莒光街2段9號,豐原,斗六市,86424,HK,Hong Kong,GREATER_CHINA,Chinese,Consumer,None,2024-11-24,2024,NEW,True,MDM,2024-11-24 00:00:00,2026-04-17 15:58:46.661623
bee76485-85ee-4f3a-be44-13823374f54c,CUST-2024-HK-000049,怡婷,謝,怡婷 謝,Female,2001-03-22,user511.apple@gmail.com,039 93303468,長春巷73號,永康,樹林,77021,HK,Hong Kong,GREATER_CHINA,Chinese,Consumer,Silver,2024-09-26,2024,NEW,True,MDM,2024-09-26 00:00:00,2026-04-17 15:58:46.661700
e5d96d14-bd0a-4350-842a-7d4450e0c1e1,CUST-2024-HK-000050,麗華,呂,麗華 呂,Male,1975-09-13,user485.apple@live.com,03-43378421,松山巷2段31號,台北市,台中,82012,HK,Hong Kong,GREATER_CHINA,Chinese,Consumer,Gold,2024-10-19,2024,NEW,True,MDM,2024-10-19 00:00:00,2026-04-17 15:58:46.661779
28d1a5b2-cf81-4c15-aa15-44e546fcdf10,CUST-2024-HK-000051,家銘,張,家銘 張,Female,1966-03-27,user452.apple@hotmail.com,03-96998060,忠孝街947號,屏東,蘆竹,152,HK,Hong Kong,GREATER_CHINA,Chinese,Consumer,None,2024-03-24,2024,NEW,True,MDM,2024-03-24 00:00:00,2026-04-17 15:58:46.661856
dbbaabe5-588d-4520-8549-7eddd96e68d1,CUST-2024-HK-000052,俊賢,劉,俊賢 劉,Female,1982-06-28,user346.apple@gmail.com,02-1482363,大橋頭街2段7號,蘆竹市,澎湖,328,HK,Hong Kong,GREATER_CHINA,Chinese,Consumer,Silver,2024-04-12,2024,NEW,True,MDM,2024-04-12 00:00:00,2026-04-17 15:58:46.661934
da7df2d8-96c5-491c-a4a7-5989c6fe9b3c,CUST-2024-HK-000053,美慧,陳,美慧 陳,Male,1989-10-01,user669.apple@msn.com,0993-074537,長春路578號,太平,樹林縣,512,HK,Hong Kong,GREATER_CHINA,Chinese,Consumer,Gold,2024-11-04,2024,NEW,True,MDM,2024-11-04 00:00:00,2026-04-17 15:58:46.662012
466726c0-9e9d-4dac-9960-fe8fac105ef3,CUST-2024-HK-000054,文祥,洪,文祥 洪,Male,1992-01-19,user230.apple201@zoho.com,05-6171944,國凱八德巷530號,關山市,草屯,66666,HK,Hong Kong,GREATER_CHINA,Chinese,Business,Gold,2024-10-05,2024,NEW,True,MDM,2024-10-05 00:00:00,2026-04-17 15:58:46.662091
9e7f8e4e-5956-4f9f-8dca-2fff8c2f6aa6,CUST-2024-HK-000055,秀鳳,林,秀鳳 林,Male,1959-07-07,user529.apple@live.com,0912-256482,林森路9號,連江市,台東,99456,HK,Hong Kong,GREATER_CHINA,Chinese,Consumer,None,2024-05-04,2024,NEW,True,MDM,2024-05-04 00:00:00,2026-04-17 15:58:46.662169
4eafd65c-61da-4603-8399-51a092bfa793,CUST-2024-HK-000056,詠晴,黃,詠晴 黃,Male,1977-03-07,user486.apple579@gmx.com,05-6623198,中和街775號,連江縣,梅山,565,HK,Hong Kong,GREATER_CHINA,Chinese,Education,None,2024-02-24,2024,NEW,True,MDM,2024-02-24 00:00:00,2026-04-17 15:58:46.662248
780502f7-b4d6-46cb-a862-cb8a39af57e1,CUST-2024-HK-000057,秀梅,阮,秀梅 阮,Male,2003-05-14,user540.apple@outlook.com,03-90416551,光復巷58號,台南縣,北竿縣,68503,HK,Hong Kong,GREATER_CHINA,Chinese,Business,Silver,2024-11-04,2024,NEW,True,MDM,2024-11-04 00:00:00,2026-04-17 15:58:46.662328
27f30947-d85b-4df1-a48a-e8f3190cc070,CUST-2024-HK-000058,麗卿,何,麗卿 何,Female,1989-08-08,user857.apple@mail.com,(08) 15377346,華興路790號,新竹,汐止,36552,HK,Hong Kong,GREATER_CHINA,Chinese,Business,Platinum,2024-06-01,2024,NEW,True,MDM,2024-06-01 00:00:00,2026-04-17 15:58:46.662405
56f40954-46d5-48cc-8fe2-ff333a0e2f46,CUST-2024-HK-000059,素珠,吳,素珠 吳,Male,1957-08-17,user899.apple9@mail.com,0951-085167,萬隆路949號,花蓮市,北港,151,HK,Hong Kong,GREATER_CHINA,Chinese,Consumer,Silver,2024-07-06,2024,NEW,True,MDM,2024-07-06 00:00:00,2026-04-17 15:58:46.662482
27ba47b4-134d-469e-8572-2c11a96cbf21,CUST-2024-HK-000060,明哲,李,明哲 李,Female,1971-02-02,user126.apple378@icloud.com,007 49001209,平和街1號,古坑,竹北市,45279,HK,Hong Kong,GREATER_CHINA,Chinese,Consumer,Silver,2024-12-16,2024,NEW,True,MDM,2024-12-16 00:00:00,2026-04-17 15:58:46.662561
13d26aff-4149-4af8-bc1b-183fa8377e13,CUST-2024-HK-000061,麗雪,鄭,麗雪 鄭,Female,1979-04-20,user967.apple@live.com,0946678188,文化巷8號,桃園,北竿市,484,HK,Hong Kong,GREATER_CHINA,Chinese,Consumer,None,2024-06-27,2024,NEW,True,MDM,2024-06-27 00:00:00,2026-04-17 15:58:46.662638
37bc5b13-1ced-4a08-88d7-e3666e9df202,CUST-2024-HK-000062,麗玲,林,麗玲 林,Female,1962-11-03,user899.apple@live.com,07 6244828,民富街511號,北港縣,基隆縣,54206,HK,Hong Kong,GREATER_CHINA,Chinese,Consumer,Gold,2024-05-11,2024,NEW,True,MDM,2024-05-11 00:00:00,2026-04-17 15:58:46.662717
f922f29e-2e8c-4fc5-a68f-ade878103841,CUST-2024-HK-000063,寶珠,鍾,寶珠 鍾,Female,1968-07-16,user942.apple454@aol.com,04-20095129,勝利巷57號,朴子,北港,147,HK,Hong Kong,GREATER_CHINA,Chinese,Consumer,None,2024-11-28,2024,NEW,True,MDM,2024-11-28 00:00:00,2026-04-17 15:58:46.662793
c39c396c-8be4-4946-bd96-1b7f4a99c268,CUST-2024-HK-000064,玉鳳,余,玉鳳 余,Female,1992-06-19,user211.apple249@yahoo.com,02 5021741,正義巷4號,宜蘭,台北,551,HK,Hong Kong,GREATER_CHINA,Chinese,Consumer,None,2024-03-02,2024,NEW,True,MDM,2024-03-02 00:00:00,2026-04-17 15:58:46.662869
a2ece49a-92cd-444a-93f1-126c77d02dee,CUST-2024-HK-000065,玉蘭,林,玉蘭 林,Male,1967-06-01,user449.apple@hotmail.com,043 90270972,水源路576號,中和市,竹田,157,HK,Hong Kong,GREATER_CHINA,Chinese,Consumer,Silver,2024-09-04,2024,NEW,True,MDM,2024-09-04 00:00:00,2026-04-17 15:58:46.662948
b09806af-2ed7-4738-9c97-18ae38c817a8,CUST-2024-HK-000066,志誠,蘇,志誠 蘇,Female,1983-08-10,user547.apple@hotmail.com,0981-141416,平和街648號,台南市,台東市,83438,HK,Hong Kong,GREATER_CHINA,Chinese,Consumer,None,2024-03-11,2024,NEW,True,MDM,2024-03-11 00:00:00,2026-04-17 15:58:46.663028
e68c33a5-4539-4315-b26e-d7de5c26131f,CUST-2024-HK-000067,志宏,吳,志宏 吳,Male,1970-04-09,user193.apple@zoho.com,(05) 10695201,紅樹林街36號,豐原,北斗市,664,HK,Hong Kong,GREATER_CHINA,Chinese,Consumer,Silver,2024-11-26,2024,NEW,True,MDM,2024-11-26 00:00:00,2026-04-17 15:58:46.663107
1ffe0228-684b-497c-8cf7-7c6662629415,CUST-2024-HK-000068,子恩,鍾,子恩 鍾,Female,1965-10-06,user649.apple@hotmail.com,0978041959,五福街41號,北斗,竹田,820,HK,Hong Kong,GREATER_CHINA,Chinese,Business,Platinum,2024-01-19,2024,NEW,True,MDM,2024-01-19 00:00:00,2026-04-17 15:58:46.663183
e2c3fee9-48bd-4e7e-a820-fbf6f0480a48,CUST-2024-HK-000069,美慧,陳,美慧 陳,Male,1987-03-18,user255.apple@icloud.com,00-3944666,松山巷9號,平鎮縣,屏東縣,85035,HK,Hong Kong,GREATER_CHINA,Chinese,Consumer,Gold,2024-11-04,2024,NEW,True,MDM,2024-11-04 00:00:00,2026-04-17 15:58:46.663261
958f248f-9684-478d-9799-e37e9da03d54,CUST-2024-HK-000070,欣妤,朱,欣妤 朱,Male,2003-11-12,user353.apple@outlook.com,0943-727708,福德巷3號,南投,關山市,946,HK,Hong Kong,GREATER_CHINA,Chinese,Consumer,None,2024-02-28,2024,NEW,True,MDM,2024-02-28 00:00:00,2026-04-17 15:58:46.663337
d8cd65ba-fdf9-457a-b7aa-205b9ff629f0,CUST-2024-HK-000071,麗華,楊,麗華 楊,Female,1987-05-19,user504.apple@msn.com,02-54132936,信義街846號,北竿,新營,49707,HK,Hong Kong,GREATER_CHINA,Chinese,Consumer,None,2024-03-26,2024,NEW,True,MDM,2024-03-26 00:00:00,2026-04-17 15:58:46.663416
a7819aa6-3c99-470d-b8d9-545a2be5ceab,CUST-2024-HK-000072,雅萍,簡,雅萍 簡,Female,1964-10-25,user237.apple@aol.com,0911852341,新興路6號,汐止市,北港市,746,HK,Hong Kong,GREATER_CHINA,Chinese,Consumer,None,2024-07-13,2024,NEW,True,MDM,2024-07-13 00:00:00,2026-04-17 15:58:46.663493
2b6f8749-eb5e-4a02-aca6-a030b2e39134,CUST-2024-HK-000073,秋香,楊,秋香 楊,Male,1976-10-02,user849.apple@mail.com,0909-561787,正義路7段8號,北斗市,板橋市,990,HK,Hong Kong,GREATER_CHINA,Chinese,Education,Silver,2024-09-24,2024,NEW,True,MDM,2024-09-24 00:00:00,2026-04-17 15:58:46.663574
4d2fc9d8-2c76-4a95-a71c-7111456e1411,CUST-2024-HK-000074,麗美,彭,麗美 彭,Male,1990-12-23,user704.apple@icloud.com,0967-959565,龍山寺街2號,橫山,永和,632,HK,Hong Kong,GREATER_CHINA,Chinese,Consumer,None,2024-08-07,2024,NEW,True,MDM,2024-08-07 00:00:00,2026-04-17 15:58:46.663651
9e0ee16f-6b56-4f34-a43f-2c6cbf2d3279,CUST-2024-HK-000075,麗卿,蕭,麗卿 蕭,Male,1956-11-30,user513.apple@outlook.com,06-84598886,明德路578號,員林市,竹田市,796,HK,Hong Kong,GREATER_CHINA,Chinese,Consumer,None,2024-03-15,2024,NEW,True,MDM,2024-03-15 00:00:00,2026-04-17 15:58:46.663733
cdc3e85e-20f0-4d75-8276-133bb64d6ab0,CUST-2024-HK-000076,信宏,王,信宏 王,Male,2006-01-23,user321.apple@mail.com,04-45459294,新北投路582號,汐止市,馬公縣,68391,HK,Hong Kong,GREATER_CHINA,Chinese,Consumer,None,2024-01-15,2024,NEW,True,MDM,2024-01-15 00:00:00,2026-04-17 15:58:46.663817
92fb5fd1-8fd2-4dff-9db2-7cbf2ac13f65,CUST-2024-HK-000077,秀琴,蕭,秀琴 蕭,Female,1951-02-27,user273.apple@hotmail.com,07 1226943,文化街97號,連江,牡丹縣,31246,HK,Hong Kong,GREATER_CHINA,Chinese,Consumer,Silver,2024-11-16,2024,NEW,True,MDM,2024-11-16 00:00:00,2026-04-17 15:58:46.663898
9a6df481-05fa-419f-96f0-3f36bf7e185e,CUST-2024-HK-000078,志鴻,簡,志鴻 簡,Female,1956-02-25,user698.apple@live.com,(02) 92764718,蘆洲巷3段11號,褒忠市,台南,944,HK,Hong Kong,GREATER_CHINA,Chinese,Consumer,Gold,2024-11-15,2024,NEW,True,MDM,2024-11-15 00:00:00,2026-04-17 15:58:46.663979
0d40cf6e-35fd-481a-8da5-6613521b5383,CUST-2024-HK-000079,明宏,何,明宏 何,Male,1988-02-07,user857.apple@live.com,0958727386,信義巷6段412號,馬公,古坑,32522,HK,Hong Kong,GREATER_CHINA,Chinese,Business,Gold,2024-11-29,2024,NEW,True,MDM,2024-11-29 00:00:00,2026-04-17 15:58:46.664058
b9d68cc2-fa0c-4f68-a3bd-c547e26d7960,CUST-2024-HK-000080,秋香,蔡,秋香 蔡,Female,1978-09-12,user393.apple@gmail.com,0978-163651,太平路1號,澎湖,臺東縣,50044,HK,Hong Kong,GREATER_CHINA,Chinese,Consumer,Silver,2024-03-30,2024,NEW,True,MDM,2024-03-30 00:00:00,2026-04-17 15:58:46.664136
6d014ea6-c76c-459c-8ea0-76311796a9e7,CUST-2024-HK-000081,美鳳,葉,美鳳 葉,Female,1951-03-13,user139.apple@gmail.com,04 7439915,長春街647號,頭份市,斗六,34003,HK,Hong Kong,GREATER_CHINA,Chinese,Consumer,None,2024-09-14,2024,NEW,True,MDM,2024-09-14 00:00:00,2026-04-17 15:58:46.664215
b4d50c6a-f5e2-41ab-91a0-97987d6167e4,CUST-2024-HK-000082,明哲,吳,明哲 吳,Female,1972-10-30,user320.apple372@hotmail.com,09-23919807,東興街55號,中壢市,中壢縣,56651,HK,Hong Kong,GREATER_CHINA,Chinese,Consumer,Platinum,2024-12-16,2024,NEW,True,MDM,2024-12-16 00:00:00,2026-04-17 15:58:46.664296
8cb8102e-702d-46d9-a08e-d2274b11ad72,CUST-2024-HK-000083,美玲,謝,美玲 謝,Female,2000-01-10,user195.apple531@gmx.com,0917-393537,民有巷7號,朴子市,新北,72569,HK,Hong Kong,GREATER_CHINA,Chinese,Consumer,Silver,2024-09-15,2024,NEW,True,MDM,2024-09-15 00:00:00,2026-04-17 15:58:46.664373
edaa07eb-73cc-4c81-a87c-7f5615b078ed,CUST-2024-HK-000084,淑華,程,淑華 程,Male,1963-11-04,user508.apple441@live.com,07-8824689,光華街4號,嘉義市,竹田市,44232,HK,Hong Kong,GREATER_CHINA,Chinese,Consumer,None,2024-01-03,2024,NEW,True,MDM,2024-01-03 00:00:00,2026-04-17 15:58:46.664452
4bcc6dcc-e0ba-4813-974e-53633f215cdb,CUST-2024-HK-000085,美麗,郭,美麗 郭,Male,1975-02-12,user505.apple@gmail.com,03-35170701,民權街648號,苗栗,卑南,31359,HK,Hong Kong,GREATER_CHINA,Chinese,Education,None,2024-04-05,2024,NEW,True,MDM,2024-04-05 00:00:00,2026-04-17 15:58:46.664529
7bee7dcc-9d72-4441-9054-4c3ccc419c5d,CUST-2024-HK-000086,淑慧,向,淑慧 向,Male,1989-09-26,user595.apple@yahoo.com,08-22402717,莒光巷61號,桃園市,大里,63486,HK,Hong Kong,GREATER_CHINA,Chinese,Consumer,Gold,2024-04-30,2024,NEW,True,MDM,2024-04-30 00:00:00,2026-04-17 15:58:46.664608
23fb7fe2-62fc-4296-94a0-4221800d4fa2,CUST-2024-HK-000087,志遠,游,志遠 游,Male,1970-12-09,user134.apple@mail.com,05-59883230,景美路852號,太平,平鎮市,176,HK,Hong Kong,GREATER_CHINA,Chinese,Consumer,None,2024-04-15,2024,NEW,True,MDM,2024-04-15 00:00:00,2026-04-17 15:58:46.664686
120e8467-313b-48b1-ba26-659031511142,CUST-2024-HK-000088,美蘭,王,美蘭 王,Male,1995-05-22,user192.apple490@protonmail.com,018 89225955,新生路2號,光復,永康市,82141,HK,Hong Kong,GREATER_CHINA,Chinese,Education,None,2024-12-23,2024,NEW,True,MDM,2024-12-23 00:00:00,2026-04-17 15:58:46.664765
4a6832e8-801d-4127-ae23-4d53e7708200,CUST-2024-HK-000089,淑貞,許,淑貞 許,Female,1982-08-27,user969.apple@msn.com,0987-354464,文化街4號,桃園,澎湖縣,61621,HK,Hong Kong,GREATER_CHINA,Chinese,Consumer,Gold,2024-10-07,2024,NEW,True,MDM,2024-10-07 00:00:00,2026-04-17 15:58:46.664844
f99185e7-3ac4-477c-9303-9c94f64cdc8c,CUST-2024-HK-000090,秀珠,李,秀珠 李,Female,1955-09-16,user189.apple@outlook.com,015 20182420,南街4號,阿里山縣,新營市,12444,HK,Hong Kong,GREATER_CHINA,Chinese,Education,None,2024-10-17,2024,NEW,True,MDM,2024-10-17 00:00:00,2026-04-17 15:58:46.664923
edb9e4b3-97a7-4921-a16d-0ca942e5be21,CUST-2024-HK-000091,雅玲,張,雅玲 張,Male,1955-10-01,user703.apple@outlook.com,01 4559723,民生巷742號,頭份,連江市,14469,HK,Hong Kong,GREATER_CHINA,Chinese,Business,None,2024-09-07,2024,NEW,True,MDM,2024-09-07 00:00:00,2026-04-17 15:58:46.665001
8905c06f-1f2a-424e-88f5-60d2a8f4847e,CUST-2024-HK-000092,雅萍,翁,雅萍 翁,Female,1966-03-12,user531.apple967@gmx.com,06 1526189,中央路491號,竹北,新營縣,70320,HK,Hong Kong,GREATER_CHINA,Chinese,Consumer,None,2024-08-14,2024,NEW,True,MDM,2024-08-14 00:00:00,2026-04-17 15:58:46.665081
0d4263e3-8adb-41ec-869c-14fd0dfff469,CUST-2024-HK-000093,美珠,陳,美珠 陳,Male,2000-11-05,user384.apple@hotmail.com,086 25455053,天母巷1號,古坑市,新營縣,75860,HK,Hong Kong,GREATER_CHINA,Chinese,Consumer,None,2024-06-01,2024,NEW,True,MDM,2024-06-01 00:00:00,2026-04-17 15:58:46.665160
4f5db612-6e9c-4839-840d-fe1c718825b8,CUST-2024-HK-000094,俊宏,陳,俊宏 陳,Female,1988-05-06,user131.apple905@hotmail.com,04-48954855,中華巷403號,北港,白沙市,77622,HK,Hong Kong,GREATER_CHINA,Chinese,Education,None,2024-12-05,2024,NEW,True,MDM,2024-12-05 00:00:00,2026-04-17 15:58:46.665240
bec50015-cac6-4779-baea-7c09a50dbc2d,CUST-2024-HK-000095,麗雲,何,麗雲 何,Female,1960-10-31,user391.apple@mail.com,0959112851,大同路47號,苗栗,卑南,690,HK,Hong Kong,GREATER_CHINA,Chinese,Consumer,None,2024-01-13,2024,NEW,True,MDM,2024-01-13 00:00:00,2026-04-17 15:58:46.665315
3a1d7e7d-7c8c-428e-9ddd-bd3b5b5e68dd,CUST-2024-HK-000096,淑貞,楊,淑貞 楊,Female,1996-02-26,user413.apple@aol.com,078 80014360,古亭巷345號,永康縣,馬公縣,446,HK,Hong Kong,GREATER_CHINA,Chinese,Education,Platinum,2024-01-27,2024,NEW,True,MDM,2024-01-27 00:00:00,2026-04-17 15:58:46.665508
39454ad5-dd24-4419-8841-cf0b886fa58c,CUST-2024-HK-000097,淑惠,何,淑惠 何,Male,1993-04-04,user425.apple@mail.com,0989432055,新生路3號,阿里山,平鎮,63841,HK,Hong Kong,GREATER_CHINA,Chinese,Consumer,None,2024-02-27,2024,NEW,True,MDM,2024-02-27 00:00:00,2026-04-17 15:58:46.665672
cde679f1-c342-4d19-b44c-18472d6cc520,CUST-2024-HK-000098,美玲,陳,美玲 陳,Female,1980-05-10,user134.apple333@live.com,00-2724831,自由街340號,雲林市,古坑,652,HK,Hong Kong,GREATER_CHINA,Chinese,Consumer,None,2024-01-10,2024,NEW,True,MDM,2024-01-10 00:00:00,2026-04-17 15:58:46.665770
0509c6a0-5e50-47d0-bc87-d957317650cc,CUST-2024-HK-000099,麗珍,戴,麗珍 戴,Male,1959-07-21,user207.apple718@gmail.com,(00) 58543768,成功街843號,斗六市,中和,25334,HK,Hong Kong,GREATER_CHINA,Chinese,Consumer,None,2024-12-15,2024,NEW,True,MDM,2024-12-15 00:00:00,2026-04-17 15:58:46.665865
6c99e21b-cb19-44a8-a166-c98663fd7a10,CUST-2024-HK-000100,金蓮,李,金蓮 李,Female,1985-03-14,user705.apple@aol.com,(01) 19080840,民治街168號,梅山,竹北,75549,HK,Hong Kong,GREATER_CHINA,Chinese,Consumer,Gold,2024-12-06,2024,NEW,True,MDM,2024-12-06 00:00:00,2026-04-17 15:58:46.665986
fbc03e69-e17f-499c-b8de-4d2dd4cb7df6,CUST-2024-HK-000101,淑玲,林,淑玲 林,Male,1982-04-28,user579.apple@mail.com,03-42182813,中正街8號,桃園,卑南縣,876,HK,Hong Kong,GREATER_CHINA,Chinese,Consumer,Silver,2024-08-28,2024,NEW,True,MDM,2024-08-28 00:00:00,2026-04-17 15:58:46.666095
2f605069-c1e1-432d-8754-943c5ba3cbbd,CUST-2024-HK-000102,明德,游,明德 游,Female,1999-10-28,user786.apple718@gmail.com,0994911850,文山街38號,斗六,新北,939,HK,Hong Kong,GREATER_CHINA,Chinese,Consumer,None,2024-05-15,2024,NEW,True,MDM,2024-05-15 00:00:00,2026-04-17 15:58:46.666175
0e9dbb1b-0cbf-4c36-aa27-af42d680587e,CUST-2024-HK-000103,玉玲,黃,玉玲 黃,Male,1952-02-08,user642.apple@outlook.com,04-5750437,中央巷4號,平鎮市,阿里山縣,978,HK,Hong Kong,GREATER_CHINA,Chinese,Consumer,Silver,2024-04-17,2024,NEW,True,MDM,2024-04-17 00:00:00,2026-04-17 15:58:46.666256
56fa49c9-0eab-4343-8dbe-56690d555b0b,CUST-2024-HK-000104,國華,陳,國華 陳,Male,1957-08-27,user835.apple@yahoo.com,(06) 14246473,紅樹林巷649號,桃園縣,鳳山市,94844,HK,Hong Kong,GREATER_CHINA,Chinese,Consumer,None,2024-06-07,2024,NEW,True,MDM,2024-06-07 00:00:00,2026-04-17 15:58:46.666340
8ba3f7d7-c10d-41d5-9898-dcb9c2ac17da,CUST-2024-HK-000105,素珠,魏,素珠 魏,Female,1976-09-18,user910.apple@hotmail.com,(04) 23529829,延平路58號,臺東縣,朴子,66386,HK,Hong Kong,GREATER_CHINA,Chinese,Consumer,None,2024-05-02,2024,NEW,True,MDM,2024-05-02 00:00:00,2026-04-17 15:58:46.666419
0b14b6ad-14e4-495f-bf63-7cd3192d09aa,CUST-2024-HK-000106,玉鳳,陳,玉鳳 陳,Female,1994-09-11,user705.apple@hotmail.com,03 1428747,蘆洲巷49號,宜蘭,八德,334,HK,Hong Kong,GREATER_CHINA,Chinese,Consumer,Platinum,2024-12-06,2024,NEW,True,MDM,2024-12-06 00:00:00,2026-04-17 15:58:46.666496
3c509277-a7ee-443a-8820-559c89a06d9b,CUST-2024-HK-000107,素琴,王,素琴 王,Female,1994-11-05,user613.apple@outlook.com,(06) 85302881,自由巷8段52號,斗六縣,牡丹市,606,HK,Hong Kong,GREATER_CHINA,Chinese,Consumer,None,2024-04-26,2024,NEW,True,MDM,2024-04-26 00:00:00,2026-04-17 15:58:46.666576
0caaac56-d893-44f9-b56c-1d3138871d02,CUST-2024-HK-000108,月娥,陳,月娥 陳,Female,1976-07-07,user184.apple@gmail.com,01 6526410,新店街3號,新營,蘆竹,32458,HK,Hong Kong,GREATER_CHINA,Chinese,Consumer,None,2024-07-21,2024,NEW,True,MDM,2024-07-21 00:00:00,2026-04-17 15:58:46.666652
bd6ab51b-a943-4e86-9f7c-5d9c09f72b23,CUST-2024-HK-000109,惠玲,陳,惠玲 陳,Female,1961-02-05,user695.apple583@aol.com,04-30038579,和平路508號,楊梅,白沙市,218,HK,Hong Kong,GREATER_CHINA,Chinese,Education,Silver,2024-08-26,2024,NEW,True,MDM,2024-08-26 00:00:00,2026-04-17 15:58:46.666734
85c0c8b2-cfa7-4d4b-87d1-ef3e15bcae3b,CUST-2024-HK-000110,素琴,江,素琴 江,Male,1994-08-14,user494.apple@zoho.com,00-89105617,迴龍路2段49號,北港縣,高雄縣,100,HK,Hong Kong,GREATER_CHINA,Chinese,Consumer,Silver,2024-01-31,2024,NEW,True,MDM,2024-01-31 00:00:00,2026-04-17 15:58:46.666818
5849d6cc-95d1-4674-8bef-af0bb60e79a5,CUST-2024-HK-000111,秀娟,曾,秀娟 曾,Female,2004-08-17,user640.apple@live.com,025 40885741,劍南路10號,竹田,高雄,824,HK,Hong Kong,GREATER_CHINA,Chinese,Education,Gold,2024-04-24,2024,NEW,True,MDM,2024-04-24 00:00:00,2026-04-17 15:58:46.666897
bdf00b4a-a53c-46d0-9910-8e44fbc87351,CUST-2024-HK-000112,惠珍,張,惠珍 張,Female,1993-11-30,user104.apple@gmx.com,049 54930326,西門巷857號,基隆縣,北港縣,968,HK,Hong Kong,GREATER_CHINA,Chinese,Consumer,None,2024-10-15,2024,NEW,True,MDM,2024-10-15 00:00:00,2026-04-17 15:58:46.666977
0fceefe9-9d64-4957-986e-da2ea421b3b0,CUST-2024-HK-000113,宇恩,游,宇恩 游,Female,1978-03-04,user160.apple@msn.com,09 9260017,動物園街5號,新竹縣,台南,513,HK,Hong Kong,GREATER_CHINA,Chinese,Consumer,None,2024-01-31,2024,NEW,True,MDM,2024-01-31 00:00:00,2026-04-17 15:58:46.667053
95250814-b9d6-4aba-86b6-e0a176f1b647,CUST-2024-HK-000114,彥廷,謝,彥廷 謝,Male,1959-01-20,user940.apple@yahoo.com,0925-340544,文山路9號,澎湖市,屏東,264,HK,Hong Kong,GREATER_CHINA,Chinese,Business,None,2024-05-26,2024,NEW,True,MDM,2024-05-26 00:00:00,2026-04-17 15:58:46.667129
8302a1c0-987c-4760-b1bc-3edd56517358,CUST-2024-HK-000115,玉鳳,詹,玉鳳 詹,Male,2006-09-28,user602.apple526@gmx.com,01-7320129,雙連巷624號,梅山縣,古坑,486,HK,Hong Kong,GREATER_CHINA,Chinese,Business,None,2024-03-17,2024,NEW,True,MDM,2024-03-17 00:00:00,2026-04-17 15:58:46.667211
3115edba-dc86-4174-b4ed-8c6673c46003,CUST-2024-HK-000116,宗霖,洪,宗霖 洪,Male,1961-03-20,user795.apple@msn.com,0955759086,自強街92號,竹田,梅山市,43073,HK,Hong Kong,GREATER_CHINA,Chinese,Business,None,2024-03-04,2024,NEW,True,MDM,2024-03-04 00:00:00,2026-04-17 15:58:46.667290
c2916aaf-b101-48c6-a6b4-a11eaa6edf71,CUST-2024-HK-000117,秀蓮,王,秀蓮 王,Female,1989-03-05,user892.apple588@zoho.com,04-29596241,關渡路14號,北港縣,花蓮,150,HK,Hong Kong,GREATER_CHINA,Chinese,Business,None,2024-06-29,2024,NEW,True,MDM,2024-06-29 00:00:00,2026-04-17 15:58:46.667374
edc7cfe1-509e-419b-9ba7-b80be8ed291b,CUST-2024-HK-000118,怡婷,梁,怡婷 梁,Male,2008-02-11,user726.apple@hotmail.com,08-25207805,新生街397號,三重,八德,88989,HK,Hong Kong,GREATER_CHINA,Chinese,Consumer,Gold,2024-08-19,2024,NEW,True,MDM,2024-08-19 00:00:00,2026-04-17 15:58:46.667473
d4e05719-4874-439b-96c9-2de433b947da,CUST-2024-HK-000119,美玉,洪,美玉 洪,Female,1999-09-17,user476.apple221@msn.com,04-8079265,新北投巷737號,古坑縣,永康,48632,HK,Hong Kong,GREATER_CHINA,Chinese,Consumer,Platinum,2024-03-24,2024,NEW,True,MDM,2024-03-24 00:00:00,2026-04-17 15:58:46.667574
3b2a4851-c5fa-4b25-b72f-b2e6bb623af7,CUST-2024-HK-000120,麗玲,邱,麗玲 邱,Male,1998-09-21,user456.apple@icloud.com,(01) 99139046,新生巷40號,竹田縣,新竹市,56565,HK,Hong Kong,GREATER_CHINA,Chinese,Consumer,None,2024-04-04,2024,NEW,True,MDM,2024-04-04 00:00:00,2026-04-17 15:58:46.667660
76e19cda-f5dd-4cde-ac11-f5b26dd7c596,CUST-2024-HK-000121,美惠,林,美惠 林,Female,1982-10-05,user569.apple@protonmail.com,09-55279849,公園街685號,新北市,鳳山縣,86075,HK,Hong Kong,GREATER_CHINA,Chinese,Consumer,None,2024-11-29,2024,NEW,True,MDM,2024-11-29 00:00:00,2026-04-17 15:58:46.667743
e23ecd90-18aa-45d5-ab37-0fb1893cfc1b,CUST-2024-HK-000122,金龍,郭,金龍 郭,Female,2006-09-24,user330.apple@yahoo.com,068 69149855,成功巷5號,苗栗,苗栗市,407,HK,Hong Kong,GREATER_CHINA,Chinese,Consumer,None,2024-06-03,2024,NEW,True,MDM,2024-06-03 00:00:00,2026-04-17 15:58:46.667822
db80b03b-2c77-474b-985f-34e4799c4ec9,CUST-2024-HK-000123,麗珍,潘,麗珍 潘,Male,1952-12-02,user152.apple416@protonmail.com,(09) 90826076,正義路5號,嘉義,新竹,29585,HK,Hong Kong,GREATER_CHINA,Chinese,Consumer,None,2024-06-03,2024,NEW,True,MDM,2024-06-03 00:00:00,2026-04-17 15:58:46.667899
bc1c7d8a-6a8b-4019-8697-464a343196e5,CUST-2024-HK-000124,建成,陳,建成 陳,Male,1999-08-14,user794.apple@zoho.com,(03) 29775751,平和巷49號,雲林,牡丹縣,58412,HK,Hong Kong,GREATER_CHINA,Chinese,Business,None,2024-11-29,2024,NEW,True,MDM,2024-11-29 00:00:00,2026-04-17 15:58:46.667979
38e47381-4237-45de-bb95-a56bb26f9ed0,CUST-2024-HK-000125,麗華,蔡,麗華 蔡,Female,1959-12-02,user508.apple@yahoo.com,09-88025553,劍潭街758號,花蓮,屏東,58933,HK,Hong Kong,GREATER_CHINA,Chinese,Consumer,None,2024-01-26,2024,NEW,True,MDM,2024-01-26 00:00:00,2026-04-17 15:58:46.668058
a8fb202b-c8f7-46ed-9b6a-b66ef8e3e2f6,CUST-2024-HK-000126,家豪,張,家豪 張,Male,1951-11-03,user445.apple@icloud.com,03-1628863,太平路7段399號,馬公市,樹林縣,953,HK,Hong Kong,GREATER_CHINA,Chinese,Consumer,None,2024-03-08,2024,NEW,True,MDM,2024-03-08 00:00:00,2026-04-17 15:58:46.668142
4882b254-e9df-418a-92ae-738fd47a2a1b,CUST-2024-HK-000127,月娥,賴,月娥 賴,Male,1996-12-04,user288.apple@mail.com,05-82956484,新興街745號,北港市,高雄,676,HK,Hong Kong,GREATER_CHINA,Chinese,Consumer,Platinum,2024-12-18,2024,NEW,True,MDM,2024-12-18 00:00:00,2026-04-17 15:58:46.668220
e2475215-1680-47f3-8d1e-28a99f2eb1b2,CUST-2024-HK-000128,威廷,張,威廷 張,Male,1991-10-14,user232.apple@live.com,06 6584567,文昌街7號,白沙,牡丹,82437,HK,Hong Kong,GREATER_CHINA,Chinese,Consumer,Silver,2024-10-24,2024,NEW,False,MDM,2024-10-24 00:00:00,2026-04-17 15:58:46.668298
60efa4d9-c179-430c-b059-f66ff4794f91,CUST-2024-HK-000129,博文,曾,博文 曾,Male,1988-06-17,user354.apple938@outlook.com,02-3280523,萬隆街441號,古坑,嘉義,19365,HK,Hong Kong,GREATER_CHINA,Chinese,Consumer,None,2024-08-24,2024,NEW,True,MDM,2024-08-24 00:00:00,2026-04-17 15:58:46.668377
c2327eb0-2ffb-4259-8ba2-0f8535cea4e2,CUST-2024-HK-000130,品妍,楊,品妍 楊,Female,1996-06-23,user431.apple@aol.com,06-7289834,長安路5號,嘉義,新竹市,91683,HK,Hong Kong,GREATER_CHINA,Chinese,Business,Platinum,2024-04-11,2024,NEW,True,MDM,2024-04-11 00:00:00,2026-04-17 15:58:46.668454
bc02e1dc-07da-4145-a87a-cf8d1202fa2a,CUST-2024-HK-000131,麗雪,劉,麗雪 劉,Female,2003-06-22,user793.apple@live.com,0960665814,新生路1號,中和,嘉義,32137,HK,Hong Kong,GREATER_CHINA,Chinese,Consumer,None,2024-10-09,2024,NEW,True,MDM,2024-10-09 00:00:00,2026-04-17 15:58:46.668530
e10d460c-91cf-4f13-b64a-dc5f0dbea802,CUST-2024-HK-000132,心怡,蘇,心怡 蘇,Female,1968-10-20,user983.apple@aol.com,07-7094627,中央路1號,基隆市,橫山,39999,HK,Hong Kong,GREATER_CHINA,Chinese,Consumer,None,2024-10-16,2024,NEW,False,MDM,2024-10-16 00:00:00,2026-04-17 15:58:46.668608
75e9e6c3-22ea-49dc-98be-a257f5aef6cd,CUST-2024-HK-000133,玉玲,古,玉玲 古,Female,2006-04-03,user902.apple@hotmail.com,0974-553857,文昌巷89號,斗六,褒忠,49814,HK,Hong Kong,GREATER_CHINA,Chinese,Business,Silver,2024-01-01,2024,NEW,True,MDM,2024-01-01 00:00:00,2026-04-17 15:58:46.668685
efa9c0bc-dbc2-449e-914b-722c6d633ec9,CUST-2024-HK-000134,俊佑,汪,俊佑 汪,Male,1994-07-12,user473.apple@gmail.com,09 5181662,長安路873號,宜蘭,北竿縣,96348,HK,Hong Kong,GREATER_CHINA,Chinese,Consumer,None,2024-11-01,2024,NEW,True,MDM,2024-11-01 00:00:00,2026-04-17 15:58:46.668764
c103b7a3-3bd3-47e8-a62f-432d3424c821,CUST-2024-HK-000135,國華,李,國華 李,Female,1989-12-27,user283.apple229@live.com,0920-561045,勝利巷3段243號,關山,豐原市,81158,HK,Hong Kong,GREATER_CHINA,Chinese,Consumer,None,2024-11-06,2024,NEW,True,MDM,2024-11-06 00:00:00,2026-04-17 15:58:46.668843
d09aa67e-51ea-42a4-9a8b-d23587210a8b,CUST-2024-HK-000136,秀英,吳,秀英 吳,Female,1954-08-13,user119.apple@aol.com,06-77668571,延平路436號,關山,蘆竹縣,93135,HK,Hong Kong,GREATER_CHINA,Chinese,Consumer,None,2024-02-09,2024,NEW,True,MDM,2024-02-09 00:00:00,2026-04-17 15:58:46.668922
a1500bdc-d06a-48fb-ab18-5a313762234e,CUST-2024-HK-000137,美惠,王,美惠 王,Female,1950-11-22,user141.apple@protonmail.com,084 36848770,福德巷3號,高雄縣,中壢,36191,HK,Hong Kong,GREATER_CHINA,Chinese,Consumer,None,2024-07-05,2024,NEW,True,MDM,2024-07-05 00:00:00,2026-04-17 15:58:46.669000
44c4fda4-4dce-4cfc-b1b3-df71f01abb1d,CUST-2024-HK-000138,佳穎,游,佳穎 游,Female,1964-08-10,user777.apple@hotmail.com,09-77433917,西門街52號,新營,褒忠,178,HK,Hong Kong,GREATER_CHINA,Chinese,Consumer,Platinum,2024-08-28,2024,NEW,True,MDM,2024-08-28 00:00:00,2026-04-17 15:58:46.669077
22d973b9-f80f-4007-a3d9-0d6a3b85146d,CUST-2024-HK-000139,子翔,程,子翔 程,Female,1971-05-14,user458.apple@mail.com,06 3802734,民權街4段61號,梅山縣,桃園市,98368,HK,Hong Kong,GREATER_CHINA,Chinese,Business,None,2024-04-08,2024,NEW,True,MDM,2024-04-08 00:00:00,2026-04-17 15:58:46.669157
774d8c60-4471-4b5b-bd53-bb19b3d85116,CUST-2024-HK-000140,子翔,余,子翔 余,Female,1988-09-22,user977.apple@zoho.com,0992-234979,勝利路802號,阿里山市,平鎮,32663,HK,Hong Kong,GREATER_CHINA,Chinese,Business,None,2024-04-02,2024,NEW,True,MDM,2024-04-02 00:00:00,2026-04-17 15:58:46.669235
760e37c6-a57c-400e-81f8-6b4312b04b10,CUST-2024-HK-000141,淑芬,吳,淑芬 吳,Male,1996-03-13,user583.apple@msn.com,0993-199366,大仁路9號,台中縣,斗六市,42483,HK,Hong Kong,GREATER_CHINA,Chinese,Consumer,None,2024-02-09,2024,NEW,True,MDM,2024-02-09 00:00:00,2026-04-17 15:58:46.669315
7b0c3de6-7305-4522-a0a3-6247dece155d,CUST-2024-HK-000142,國榮,張,國榮 張,Female,1950-05-23,user421.apple@outlook.com,0911992199,福德路55號,太平,太保,72225,HK,Hong Kong,GREATER_CHINA,Chinese,Consumer,None,2024-12-16,2024,NEW,True,MDM,2024-12-16 00:00:00,2026-04-17 15:58:46.669392
ee552614-f8e8-436c-8acf-8047049a7b38,CUST-2024-HK-000143,美華,李,美華 李,Male,1993-01-13,user601.apple@msn.com,01 1750919,新興巷227號,白沙,新營市,36817,HK,Hong Kong,GREATER_CHINA,Chinese,Consumer,Silver,2024-02-18,2024,NEW,True,MDM,2024-02-18 00:00:00,2026-04-17 15:58:46.669471
c419f3a7-9121-4bfe-b305-1a7a124d46e7,CUST-2024-HK-000144,品妤,陳,品妤 陳,Female,2007-12-18,user589.apple36@icloud.com,061 74900338,奇岩路42號,中和,竹田市,173,HK,Hong Kong,GREATER_CHINA,Chinese,Consumer,None,2024-08-12,2024,NEW,True,MDM,2024-08-12 00:00:00,2026-04-17 15:58:46.669551
90e90388-5cd3-4bd8-a2ab-8b43a5c73790,CUST-2024-HK-000145,美玲,蔡,美玲 蔡,Male,2003-08-08,user561.apple@hotmail.com,(00) 45832774,石牌巷2號,橫山市,斗六,11734,HK,Hong Kong,GREATER_CHINA,Chinese,Consumer,None,2024-08-10,2024,NEW,True,MDM,2024-08-10 00:00:00,2026-04-17 15:58:46.669631
89d3471e-22cc-4e3d-a697-9ec27b89e8bb,CUST-2024-HK-000146,美華,蘇,美華 蘇,Male,2006-08-19,user713.apple@gmail.com,00-7134635,民族巷1號,三重市,高雄市,51002,HK,Hong Kong,GREATER_CHINA,Chinese,Business,Silver,2024-01-20,2024,NEW,True,MDM,2024-01-20 00:00:00,2026-04-17 15:58:46.669714
6d9f864b-d4ee-4b4a-89fb-847e2f4ee7c2,CUST-2024-HK-000147,柏霖,葉,柏霖 葉,Male,1982-08-30,user786.apple@live.com,01 5997728,永安巷367號,新竹市,苗栗,53506,HK,Hong Kong,GREATER_CHINA,Chinese,Consumer,None,2024-09-30,2024,NEW,True,MDM,2024-09-30 00:00:00,2026-04-17 15:58:46.669793
4e699ffc-82c7-4c92-a7a0-b5ec028f89e6,CUST-2024-HK-000148,郁婷,楊,郁婷 楊,Male,1983-11-14,user563.apple@zoho.com,048 96956791,天母路493號,光復縣,竹田市,202,HK,Hong Kong,GREATER_CHINA,Chinese,Consumer,None,2024-03-03,2024,NEW,True,MDM,2024-03-03 00:00:00,2026-04-17 15:58:46.669873
b3f2a907-dead-4c5d-8beb-e2e802f57d2c,CUST-2024-HK-000149,政宏,林,政宏 林,Female,1981-06-01,user724.apple@msn.com,0962-594806,國凱八德巷7號,澎湖市,金門,20051,HK,Hong Kong,GREATER_CHINA,Chinese,Consumer,Gold,2024-08-12,2024,NEW,True,MDM,2024-08-12 00:00:00,2026-04-17 15:58:46.669952
0166cc24-60a4-4b26-92b2-a9230ee58825,CUST-2024-HK-000150,淑玲,戴,淑玲 戴,Male,1997-07-07,user839.apple@icloud.com,0919487231,小碧潭路354號,白沙縣,竹田,524,HK,Hong Kong,GREATER_CHINA,Chinese,Education,None,2024-05-30,2024,NEW,True,MDM,2024-05-30 00:00:00,2026-04-17 15:58:46.670031
bef16462-86be-4f20-a0a8-8b54a85814eb,CUST-2024-HK-000151,美玲,劉,美玲 劉,Female,1999-02-13,user236.apple@hotmail.com,06-72773589,學府巷7段83號,桃園,台北,71911,HK,Hong Kong,GREATER_CHINA,Chinese,Consumer,None,2024-08-17,2024,NEW,True,MDM,2024-08-17 00:00:00,2026-04-17 15:58:46.670109
9f12cf6d-18d7-4cf6-ad3a-b27726d4c7d5,CUST-2024-HK-000152,秀玲,廖,秀玲 廖,Male,1973-08-28,user609.apple114@icloud.com,(03) 39417662,北投路33號,汐止市,三重,26336,HK,Hong Kong,GREATER_CHINA,Chinese,Consumer,Platinum,2024-09-01,2024,NEW,True,MDM,2024-09-01 00:00:00,2026-04-17 15:58:46.670190
b742382d-d8f7-4c40-8814-4c3d8f79febe,CUST-2024-HK-000153,秀蘭,許,秀蘭 許,Male,1952-05-02,user617.apple@outlook.com,08-5327192,和街路8號,楊梅,朴子,468,HK,Hong Kong,GREATER_CHINA,Chinese,Consumer,Silver,2024-05-16,2024,NEW,True,MDM,2024-05-16 00:00:00,2026-04-17 15:58:46.670265
cdd9bf14-72b0-461a-b1a1-312c6d364529,CUST-2024-HK-000154,寶珠,劉,寶珠 劉,Female,1999-06-21,user474.apple@mail.com,02-88170209,雙連街5段49號,北港,板橋,74743,HK,Hong Kong,GREATER_CHINA,Chinese,Consumer,None,2024-10-14,2024,NEW,True,MDM,2024-10-14 00:00:00,2026-04-17 15:58:46.670343
460e6173-e3fb-4820-ba17-cc83313d0a03,CUST-2024-HK-000155,秀霞,吳,秀霞 吳,Male,1993-11-01,user672.apple@mail.com,0982515980,民有路8號,關山,馬公市,428,HK,Hong Kong,GREATER_CHINA,Chinese,Consumer,None,2024-01-31,2024,NEW,True,MDM,2024-01-31 00:00:00,2026-04-17 15:58:46.670421
187bf005-3be1-4256-a232-cdc176c4ba89,CUST-2024-HK-000156,家銘,張,家銘 張,Male,1983-02-04,user950.apple483@gmail.com,(06) 17952153,太平路1段53號,台中,桃園,800,HK,Hong Kong,GREATER_CHINA,Chinese,Consumer,Silver,2024-03-28,2024,NEW,True,MDM,2024-03-28 00:00:00,2026-04-17 15:58:46.670499
c84f1201-9386-4238-9ca1-09e10a7cfaed,CUST-2024-HK-000157,秀玲,温,秀玲 温,Female,1954-03-12,user900.apple766@zoho.com,0972017186,和街街542號,北港,澎湖縣,48208,HK,Hong Kong,GREATER_CHINA,Chinese,Consumer,None,2024-07-27,2024,NEW,True,MDM,2024-07-27 00:00:00,2026-04-17 15:58:46.670580
2f6ca4d1-24b3-4f83-a1a2-ed885956d637,CUST-2024-HK-000158,國華,張,國華 張,Male,1960-04-28,user795.apple@msn.com,(07) 85048333,勝利路9段72號,澎湖市,卑南縣,45111,HK,Hong Kong,GREATER_CHINA,Chinese,Consumer,None,2024-08-21,2024,NEW,True,MDM,2024-08-21 00:00:00,2026-04-17 15:58:46.670661
0cbabc59-54ae-405c-9c01-ddac7ed63fe7,CUST-2024-HK-000159,淑敏,陳,淑敏 陳,Male,1981-09-26,user440.apple@mail.com,0965-988427,新生巷93號,新竹,彰化縣,97444,HK,Hong Kong,GREATER_CHINA,Chinese,Consumer,None,2024-10-09,2024,NEW,True,MDM,2024-10-09 00:00:00,2026-04-17 15:58:46.670740
b2e55a77-af61-4ffa-bbe9-69e0816eed99,CUST-2024-HK-000160,雅惠,呂,雅惠 呂,Female,1985-02-18,user881.apple662@icloud.com,07 1585503,關渡街187號,馬公縣,竹田,81699,HK,Hong Kong,GREATER_CHINA,Chinese,Consumer,Gold,2024-01-19,2024,NEW,True,MDM,2024-01-19 00:00:00,2026-04-17 15:58:46.670819
b4bcf346-fb40-45e8-a3c1-31a547cbaa64,CUST-2024-HK-000161,秀華,張,秀華 張,Male,1967-03-17,user861.apple664@mail.com,09-1692624,芝山巷7段11號,高雄市,鳳山,35343,HK,Hong Kong,GREATER_CHINA,Chinese,Consumer,Silver,2024-09-16,2024,NEW,True,MDM,2024-09-16 00:00:00,2026-04-17 15:58:46.670899
9b809a7b-9869-4b1a-a097-1025c57a91a1,CUST-2024-HK-000162,冠霖,鍾,冠霖 鍾,Female,1999-03-03,user782.apple@gmail.com,035 55573316,天母街3號,北港市,台北,20025,HK,Hong Kong,GREATER_CHINA,Chinese,Education,Gold,2024-02-09,2024,NEW,False,MDM,2024-02-09 00:00:00,2026-04-17 15:58:46.670978
614658f1-fc58-4994-9155-502d4493e073,CUST-2024-HK-000163,俊廷,高,俊廷 高,Male,1954-11-24,user970.apple@gmx.com,079 44576039,大智街227號,汐止,北港縣,95092,HK,Hong Kong,GREATER_CHINA,Chinese,Consumer,Gold,2024-09-15,2024,NEW,True,MDM,2024-09-15 00:00:00,2026-04-17 15:58:46.671059
40a7669d-f431-4a77-9bdc-f08539aa58d9,CUST-2024-HK-000164,子翔,吳,子翔 吳,Female,1988-11-01,user216.apple@gmx.com,09 1815429,雙連路2段572號,基隆縣,橫山市,849,HK,Hong Kong,GREATER_CHINA,Chinese,Business,None,2024-07-29,2024,NEW,True,MDM,2024-07-29 00:00:00,2026-04-17 15:58:46.671138
ac355821-4a0c-43c5-818a-4d00a5f8a434,CUST-2024-HK-000165,玉鳳,郭,玉鳳 郭,Male,1954-04-30,user776.apple@yahoo.com,099 48665084,石牌巷74號,新竹,朴子縣,51131,HK,Hong Kong,GREATER_CHINA,Chinese,Consumer,None,2024-06-03,2024,NEW,True,MDM,2024-06-03 00:00:00,2026-04-17 15:58:46.671218
4eaf1b39-297d-4be8-8629-f5d9cc95590c,CUST-2024-HK-000166,麗雲,陳,麗雲 陳,Female,1966-04-25,user965.apple@live.com,08-5080712,大安街6號,關山,草屯市,884,HK,Hong Kong,GREATER_CHINA,Chinese,Education,Gold,2024-04-27,2024,NEW,True,MDM,2024-04-27 00:00:00,2026-04-17 15:58:46.671295
72145e8d-f07e-4fc4-a359-d234a2a96292,CUST-2024-HK-000167,正雄,洪,正雄 洪,Male,1983-11-20,user206.apple282@aol.com,048 40619260,中山街548號,板橋縣,白沙,77076,HK,Hong Kong,GREATER_CHINA,Chinese,Education,Silver,2024-10-11,2024,NEW,True,MDM,2024-10-11 00:00:00,2026-04-17 15:58:46.671377
961b0cf9-496f-4ed8-9546-2a9adcf9a692,CUST-2024-HK-000168,美惠,詹,美惠 詹,Female,1984-11-28,user811.apple@mail.com,03-40631760,永和路8號,卑南縣,關山市,71425,HK,Hong Kong,GREATER_CHINA,Chinese,Business,None,2024-07-16,2024,NEW,True,MDM,2024-07-16 00:00:00,2026-04-17 15:58:46.671457
c8735e60-7dd0-4942-bedd-717422f0e7a9,CUST-2024-HK-000169,明德,洪,明德 洪,Female,1970-04-09,user190.apple720@msn.com,08-99623949,中山巷573號,汐止,卑南,29564,HK,Hong Kong,GREATER_CHINA,Chinese,Consumer,None,2024-01-08,2024,NEW,True,MDM,2024-01-08 00:00:00,2026-04-17 15:58:46.671536
a1b7e415-b93d-44f4-9577-8c3f22dc7aaa,CUST-2024-HK-000170,美玉,顏,美玉 顏,Female,1994-08-08,user440.apple312@icloud.com,06-55330377,大仁路82號,汐止市,屏東縣,597,HK,Hong Kong,GREATER_CHINA,Chinese,Consumer,Silver,2024-12-18,2024,NEW,True,MDM,2024-12-18 00:00:00,2026-04-17 15:58:46.671616
5b3a85f0-3dc6-4238-a26a-baf08595d297,CUST-2024-HK-000171,志誠,林,志誠 林,Female,1958-07-07,user838.apple@live.com,041 98172025,關渡巷64號,澎湖,古坑,73729,HK,Hong Kong,GREATER_CHINA,Chinese,Consumer,None,2024-09-05,2024,NEW,True,MDM,2024-09-05 00:00:00,2026-04-17 15:58:46.671694
cf164b12-12e4-497f-bf38-40f3b5ca9b50,CUST-2024-HK-000172,雅惠,林,雅惠 林,Male,1993-03-29,user125.apple724@gmail.com,02-53472002,國凱八德巷2段5號,新竹縣,汐止市,21407,HK,Hong Kong,GREATER_CHINA,Chinese,Consumer,None,2024-10-12,2024,NEW,True,MDM,2024-10-12 00:00:00,2026-04-17 15:58:46.671775
20715b25-4e9e-40fd-a97e-e5ee812ddded,CUST-2024-HK-000173,俊佑,歐,俊佑 歐,Male,1959-12-13,user158.apple@hotmail.com,05 9217277,迴龍街44號,金門縣,楊梅市,92180,HK,Hong Kong,GREATER_CHINA,Chinese,Consumer,Silver,2024-08-28,2024,NEW,True,MDM,2024-08-28 00:00:00,2026-04-17 15:58:46.671855
826cd843-f28b-4e92-9972-78243eaf2180,CUST-2024-HK-000174,承翰,歐,承翰 歐,Male,2004-10-16,user189.apple@yahoo.com,04-6952711,民富巷380號,苗栗,臺中,357,HK,Hong Kong,GREATER_CHINA,Chinese,Consumer,Platinum,2024-07-01,2024,NEW,True,MDM,2024-07-01 00:00:00,2026-04-17 15:58:46.671932
d42e4d6e-8c14-46b1-90de-b749d3f42cb9,CUST-2024-HK-000175,秀枝,吳,秀枝 吳,Female,1998-11-18,user836.apple192@yahoo.com,(00) 62764349,東興巷6段2號,八德,梅山縣,320,HK,Hong Kong,GREATER_CHINA,Chinese,Consumer,Platinum,2024-12-17,2024,NEW,True,MDM,2024-12-17 00:00:00,2026-04-17 15:58:46.672011
268adc6d-5e40-4979-b7dc-c2027230f92e,CUST-2024-HK-000176,惠玲,吳,惠玲 吳,Male,1975-09-30,user794.apple213@aol.com,09-3652532,育英街5號,新營,北斗縣,67608,HK,Hong Kong,GREATER_CHINA,Chinese,Consumer,Gold,2024-07-13,2024,NEW,True,MDM,2024-07-13 00:00:00,2026-04-17 15:58:46.672089
acd3a32e-5439-4783-b05e-c2451730b2c9,CUST-2024-HK-000177,文傑,陳,文傑 陳,Male,1983-03-29,user848.apple@hotmail.com,03-2929712,動物園巷1段5號,永康,北港縣,12387,HK,Hong Kong,GREATER_CHINA,Chinese,Consumer,None,2024-01-03,2024,NEW,True,MDM,2024-01-03 00:00:00,2026-04-17 15:58:46.672169
5c0fb34f-dc9f-41a8-a21b-8467d093340c,CUST-2024-HK-000178,美蘭,張,美蘭 張,Female,1971-10-16,user105.apple921@zoho.com,07-8316032,蘆洲巷395號,太保市,頭份縣,34143,HK,Hong Kong,GREATER_CHINA,Chinese,Education,Platinum,2024-05-04,2024,NEW,True,MDM,2024-05-04 00:00:00,2026-04-17 15:58:46.672253
6fb69748-8735-48ef-83da-9f69470d09fa,CUST-2024-HK-000179,俊賢,江,俊賢 江,Female,1972-08-20,user605.apple@hotmail.com,05-4270696,光明街20號,汐止縣,中和,219,HK,Hong Kong,GREATER_CHINA,Chinese,Consumer,None,2024-01-17,2024,NEW,True,MDM,2024-01-17 00:00:00,2026-04-17 15:58:46.672330
52ebeb39-d5b9-4fe0-95c8-d3bee224b67b,CUST-2024-HK-000180,文雄,李,文雄 李,Female,2002-08-20,user712.apple@live.com,03 3257085,民富街345號,斗六市,新營市,460,HK,Hong Kong,GREATER_CHINA,Chinese,Business,Silver,2024-04-10,2024,NEW,True,MDM,2024-04-10 00:00:00,2026-04-17 15:58:46.672410
1f1d2e6a-1660-4f67-adae-31c8f90ad626,CUST-2024-HK-000181,金蓮,王,金蓮 王,Female,1983-12-01,user565.apple@yahoo.com,(04) 21713413,天母街5號,臺東市,太平,182,HK,Hong Kong,GREATER_CHINA,Chinese,Business,Gold,2024-06-04,2024,NEW,True,MDM,2024-06-04 00:00:00,2026-04-17 15:58:46.672488
4c6f414c-5c1c-4b53-b62a-be268872d40d,CUST-2024-HK-000182,美惠,陳,美惠 陳,Male,1974-01-17,user889.apple@gmail.com,(00) 94632460,芝山巷17號,板橋縣,新營市,85104,HK,Hong Kong,GREATER_CHINA,Chinese,Consumer,Gold,2024-10-30,2024,NEW,True,MDM,2024-10-30 00:00:00,2026-04-17 15:58:46.672568
e35ecc2d-0931-4a4c-936a-eb7b79906bbf,CUST-2024-HK-000183,玉琴,林,玉琴 林,Female,1971-05-28,user618.apple139@icloud.com,004 60630215,光明路6號,雲林,蘆洲,802,HK,Hong Kong,GREATER_CHINA,Chinese,Consumer,None,2024-11-18,2024,NEW,True,MDM,2024-11-18 00:00:00,2026-04-17 15:58:46.672645
ffa2f952-1c0e-463c-93aa-bec2db43c4eb,CUST-2024-HK-000184,淑珍,應,淑珍 應,Female,1978-02-05,user462.apple@zoho.com,0956012812,中和巷3號,樹林,中和縣,78975,HK,Hong Kong,GREATER_CHINA,Chinese,Education,None,2024-02-13,2024,NEW,True,MDM,2024-02-13 00:00:00,2026-04-17 15:58:46.672723
b3e93e1b-14c1-432d-bf4f-0ae387888576,CUST-2024-HK-000185,麗雲,吳,麗雲 吳,Female,1999-11-16,user705.apple@mail.com,064 55002179,動物園街119號,太平縣,光復縣,53305,HK,Hong Kong,GREATER_CHINA,Chinese,Consumer,None,2024-06-09,2024,NEW,True,MDM,2024-06-09 00:00:00,2026-04-17 15:58:46.672805
e5306851-f54f-4522-9ed4-c76ad8a8148c,CUST-2024-HK-000186,美華,梁,美華 梁,Male,1987-04-23,user984.apple@gmail.com,0990880688,迴龍巷12號,中壢縣,桃園市,42470,HK,Hong Kong,GREATER_CHINA,Chinese,Consumer,Silver,2024-06-10,2024,NEW,True,MDM,2024-06-10 00:00:00,2026-04-17 15:58:46.672885
a21ced64-1af9-40fe-88d5-602399a0a008,CUST-2024-HK-000187,玉美,薛,玉美 薛,Male,1961-11-04,user991.apple@protonmail.com,(00) 54348149,永寧路1號,阿里山,台南,47529,HK,Hong Kong,GREATER_CHINA,Chinese,Consumer,None,2024-11-02,2024,NEW,True,MDM,2024-11-02 00:00:00,2026-04-17 15:58:46.672961
