customer_id,customer_number,first_name,last_name,full_name,gender,date_of_birth,email,phone_number,street_address,city,state_province,postal_code,country_code,country_name,region,preferred_language,customer_segment,loyalty_tier,registration_date,acquisition_year,customer_type,is_active,source_system,created_at,updated_at
f4da5309-2d55-480f-bcc9-01516c22fae6,CUST-2020-SG-000052,Gary,Lara,Gary Lara,Female,1983-06-06,gary.lara@live.com,673.627.6992x6541,95165 Jenny Islands,Lake Andrewfurt,New Jersey,57870,SG,Singapore,APAC,English,Consumer,None,2020-04-26,2020,RETURNING,True,MDM,2020-04-26 00:00:00,2026-04-17 15:58:37.221740
c2ea58b4-fc9c-445e-9ba3-cefe6b326e8a,CUST-2019-SG-000332,Cassandra,Bridges,Cassandra Bridges,Female,1980-04-14,cassandra.bridges@icloud.com,638.281.9919,960 William Rest,West Marybury,Tennessee,77042,SG,Singapore,APAC,English,Business,None,2019-01-09,2019,RETURNING,True,MDM,2019-01-09,2026-04-17 15:58:37.221751
35d18e98-5919-49d2-a631-e3c8de4b0b75,CUST-2019-SG-000105,Brooke,Rowland,Brooke Rowland,Female,2002-08-21,brooke.rowland@protonmail.com,3026167438,1548 Duane Harbor,East Nicoletown,Arizona,59995,SG,Singapore,APAC,English,Education,Silver,2019-12-18,2019,RETURNING,True,MDM,2019-12-18,2026-04-17 15:58:37.221753
2edbd255-86da-4848-a4b9-208b5fc9f330,CUST-2019-SG-000099,Tracy,Chang,Tracy Chang,Female,1958-10-11,tracy.chang@msn.com,(921)719-6462x32713,712 Amy Spur,Davidshire,Texas,17940,SG,Singapore,APAC,English,Consumer,None,2019-05-12,2019,RETURNING,True,MDM,2019-05-12,2026-04-17 15:58:37.221756
28629c2e-0f99-447f-95bd-b44b8d5f61b9,CUST-2020-SG-000069,Melissa,Wells,Melissa Wells,Female,1951-05-20,melissa.wells@yahoo.com,782-883-5035,1483 Sarah Flats,South Lisastad,Utah,93289,SG,Singapore,APAC,English,Consumer,Gold,2020-04-07,2020,RETURNING,True,MDM,2020-04-07 00:00:00,2026-04-17 15:58:37.221758
ecfbaf30-7073-4210-ac7d-5ee4f2621119,CUST-2020-SG-000107,Danielle,Smith,Danielle Smith,Female,1953-12-24,danielle.smith@protonmail.com,570.399.2141x6655,30013 King Square,Robertberg,Minnesota,85678,SG,Singapore,APAC,English,Consumer,None,2020-05-28,2020,RETURNING,True,MDM,2020-05-28 00:00:00,2026-04-17 15:58:37.221760
f0300c45-026c-4e99-ab09-b31f67b09277,CUST-2019-SG-000303,David,Hammond,David Hammond,Female,1974-08-05,david.hammond181@protonmail.com,(362)583-7709x527,5767 Griffin Squares,South Sarabury,New Hampshire,59773,SG,Singapore,APAC,English,Consumer,Silver,2019-06-30,2019,RETURNING,True,MDM,2019-06-30,2026-04-17 15:58:37.221762
8d2223da-bf92-4abf-a656-ee26b99f7c8e,CUST-2019-SG-000215,Robert,Wyatt,Robert Wyatt,Male,1987-08-27,robert.wyatt586@gmx.com,651.962.8130x8859,36567 Kelly Forest,East Robert,Utah,19868,SG,Singapore,APAC,English,Business,None,2019-09-01,2019,RETURNING,True,MDM,2019-09-01,2026-04-17 15:58:37.221764
0bb20268-32b9-4cde-b58f-58b2d5b9ea32,CUST-2019-SG-000283,Amber,Shaffer,Amber Shaffer,Female,1975-09-25,amber.shaffer@gmail.com,(921)412-7938x911,55149 Emily Rest Apt. 772,East Teresaville,Nevada,5374,SG,Singapore,APAC,English,Consumer,None,2019-06-14,2019,RETURNING,True,MDM,2019-06-14,2026-04-17 15:58:37.221766
8ada7c3f-d775-4744-9bdd-5791bac33a40,CUST-2019-SG-000032,Dawn,Murray,Dawn Murray,Female,1969-09-27,dawn.murray@icloud.com,001-895-898-1536,9713 Caleb Meadow Suite 590,North Whitney,Utah,51385,SG,Singapore,APAC,English,Consumer,None,2019-03-07,2019,RETURNING,True,MDM,2019-03-07,2026-04-17 15:58:37.221768
466ed211-1980-4fed-9a62-432ed53b6f90,CUST-2020-SG-000114,Kenneth,Calderon,Kenneth Calderon,Female,1980-02-28,kenneth.calderon@aol.com,8238731853,4346 Mendez Garden,Lake Michelleside,Iowa,43556,SG,Singapore,APAC,English,Business,None,2020-12-10,2020,RETURNING,True,MDM,2020-12-10 00:00:00,2026-04-17 15:58:37.221770
8641fcba-0ee4-4346-aea2-3e70b574a168,CUST-2019-SG-000131,Charles,Turner,Charles Turner,Male,1968-01-07,charles.turner@gmx.com,001-494-417-6418x686,408 Timothy Park,South Katherinebury,Connecticut,47273,SG,Singapore,APAC,English,Business,Silver,2019-01-02,2019,RETURNING,True,MDM,2019-01-02,2026-04-17 15:58:37.221773
af3c9799-cf19-41a4-ad66-4cf43aff2484,CUST-2019-SG-000260,Allison,Morrison,Allison Morrison,Male,1986-10-28,allison.morrison@aol.com,(708)312-8801,62833 Beck Walks,Proctorbury,Pennsylvania,68025,SG,Singapore,APAC,English,Consumer,None,2019-03-14,2019,RETURNING,True,MDM,2019-03-14,2026-04-17 15:58:37.221775
fc3da0d8-26b2-48f2-b919-c4c52b90256e,CUST-2020-SG-000108,Alexis,Mccarthy,Alexis Mccarthy,Female,2003-01-07,alexis.mccarthy@yahoo.com,779.781.8146x50791,516 Ashley Inlet Suite 092,Tammymouth,Ohio,32141,SG,Singapore,APAC,English,Consumer,Silver,2020-07-30,2020,RETURNING,True,MDM,2020-07-30 00:00:00,2026-04-17 15:58:37.221777
f884e6b8-e56f-48b8-a628-c41fbcb61d45,CUST-2019-SG-000094,John,Briggs,John Briggs,Female,1999-07-15,john.briggs775@zoho.com,437-741-7385x94278,82747 Rodgers Lodge Apt. 859,Port Laura,Michigan,47121,SG,Singapore,APAC,English,Consumer,Silver,2019-10-06,2019,RETURNING,True,MDM,2019-10-06,2026-04-17 15:58:37.221778
43a63703-8b25-4959-ad77-24d872e9f978,CUST-2019-SG-000243,Alexis,Hartman,Alexis Hartman,Male,1960-11-03,alexis.hartman973@outlook.com,001-470-250-8987,150 David Key Apt. 493,Carlosland,Kentucky,49021,SG,Singapore,APAC,English,Consumer,Silver,2019-05-16,2019,RETURNING,False,MDM,2019-05-16,2026-04-17 15:58:37.221780
698bc086-dd99-456a-ad19-b2ddada079e0,CUST-2019-SG-000346,Nicole,Hanna,Nicole Hanna,Female,1987-12-17,nicole.hanna817@protonmail.com,(864)454-9770,783 Roberto Tunnel Suite 222,Saraside,New Jersey,91927,SG,Singapore,APAC,English,Education,Silver,2019-12-28,2019,RETURNING,True,MDM,2019-12-28,2026-04-17 15:58:37.221782
edc16b23-fe48-4cb4-9c7a-daf3d83779be,CUST-2019-SG-000090,Jack,Parks,Jack Parks,Male,1952-07-29,jack.parks@msn.com,440.296.4388x74073,426 Margaret Tunnel,East Meganland,Montana,19028,SG,Singapore,APAC,English,Consumer,Silver,2019-08-04,2019,RETURNING,True,MDM,2019-08-04,2026-04-17 15:58:37.221784
a918346c-3eab-4b4b-98fe-ef4ac5ae63af,CUST-2020-SG-000018,Benjamin,Zavala,Benjamin Zavala,Female,1951-08-23,benjamin.zavala@yahoo.com,(916)428-0686x3160,59910 Davis Parkways Apt. 592,Hardyberg,Montana,76077,SG,Singapore,APAC,English,Consumer,None,2020-01-12,2020,RETURNING,True,MDM,2020-01-12 00:00:00,2026-04-17 15:58:37.221786
6b4d5afc-1b5f-439a-8260-f248d3a450b3,CUST-2020-SG-000050,Brandon,Daniels,Brandon Daniels,Male,1985-12-29,brandon.daniels571@zoho.com,001-434-763-5168x1972,1660 Hoffman Harbors,West Michael,Vermont,82430,SG,Singapore,APAC,English,Consumer,None,2020-07-17,2020,RETURNING,True,MDM,2020-07-17 00:00:00,2026-04-17 15:58:37.221788
e8436405-214a-488b-89ce-08deffc1da93,CUST-2019-SG-000265,Brian,Johnson,Brian Johnson,Female,1968-06-18,brian.johnson427@icloud.com,(669)213-8185x454,64295 Matthew Well,South Richard,New Hampshire,7591,SG,Singapore,APAC,English,Consumer,None,2019-05-26,2019,RETURNING,True,MDM,2019-05-26,2026-04-17 15:58:37.221790
4711991f-686b-4fe0-99b7-4d5ed8ba6e40,CUST-2019-SG-000155,Dean,Davis,Dean Davis,Male,1977-05-29,dean.davis@hotmail.com,(821)461-1370x958,18886 Dunlap Cliff,Jillland,Oregon,7957,SG,Singapore,APAC,English,Education,None,2019-04-23,2019,RETURNING,True,MDM,2019-04-23,2026-04-17 15:58:37.221792
c9c22ae3-f038-4bc6-be1e-bd8975583bba,CUST-2019-SG-000129,Michelle,Lewis,Michelle Lewis,Female,1990-09-06,michelle.lewis@protonmail.com,+1-381-981-8337x781,09551 Miles Landing Apt. 164,Port Mariachester,Connecticut,29598,SG,Singapore,APAC,English,Consumer,None,2019-06-03,2019,RETURNING,True,MDM,2019-06-03,2026-04-17 15:58:37.221794
306d1138-d867-4afc-819c-fb8982804ce4,CUST-2020-SG-000117,Shelia,Dominguez,Shelia Dominguez,Female,1959-09-11,shelia.dominguez@mail.com,(915)772-1664x5089,5324 Goodwin Ridge Apt. 796,West Marcusmouth,West Virginia,79359,SG,Singapore,APAC,English,Consumer,None,2020-02-03,2020,RETURNING,True,MDM,2020-02-03 00:00:00,2026-04-17 15:58:37.221796
5aa1dbbb-84db-4c76-813b-b9e9d9af65b4,CUST-2019-SG-000220,Heidi,Montoya,Heidi Montoya,Male,1975-07-23,heidi.montoya589@live.com,+1-912-221-4059x319,868 Carroll Landing,Christineville,Arkansas,553,SG,Singapore,APAC,English,Consumer,None,2019-10-10,2019,RETURNING,True,MDM,2019-10-10,2026-04-17 15:58:37.221798
06738b2f-a297-4364-bd69-1739c566ed71,CUST-2019-SG-000255,Rickey,Wagner,Rickey Wagner,Male,1953-08-10,rickey.wagner@gmx.com,7725139392,9749 Hammond Rest Apt. 355,Port Lonnieview,Maine,26991,SG,Singapore,APAC,English,Consumer,Silver,2019-08-12,2019,RETURNING,True,MDM,2019-08-12,2026-04-17 15:58:37.221799
030243f4-80d9-4d34-bb2d-d37b06b13568,CUST-2020-SG-000092,Maxwell,Graves,Maxwell Graves,Male,1966-06-05,maxwell.graves791@msn.com,001-251-492-3465x324,599 Hunt Expressway Apt. 698,Port Leslieberg,Ohio,61331,SG,Singapore,APAC,English,Business,None,2020-11-02,2020,RETURNING,True,MDM,2020-11-02 00:00:00,2026-04-17 15:58:37.221801
f965c6e5-dc64-49ca-af1f-6873ab07e0ed,CUST-2020-SG-000016,James,Shields,James Shields,Female,1980-02-12,james.shields@yahoo.com,879.933.6923x753,504 Taylor Ford Apt. 476,North Bettystad,Utah,31467,SG,Singapore,APAC,English,Consumer,Gold,2020-08-12,2020,RETURNING,True,MDM,2020-08-12 00:00:00,2026-04-17 15:58:37.221803
241d393a-d8eb-42c6-a356-fce03bfa159a,CUST-2019-SG-000116,Ian,Porter,Ian Porter,Male,2003-02-14,ian.porter@zoho.com,489-341-2231x73904,22702 Jennifer Park,East Jerry,Oregon,9780,SG,Singapore,APAC,English,Education,Gold,2019-08-14,2019,RETURNING,True,MDM,2019-08-14,2026-04-17 15:58:37.221804
50b845fb-9e3b-4735-885f-6bc5397752f0,CUST-2019-SG-000261,Edward,Stephenson,Edward Stephenson,Female,1994-10-19,edward.stephenson@msn.com,+1-996-515-6449,687 Michael Pass,North Jennifer,West Virginia,21569,SG,Singapore,APAC,English,Consumer,None,2019-12-14,2019,RETURNING,True,MDM,2019-12-14,2026-04-17 15:58:37.221806
ee4be6da-4c30-4a3d-955f-767a914618d3,CUST-2019-SG-000125,Theodore,Murray,Theodore Murray,Female,1968-02-28,theodore.murray656@live.com,001-446-312-6407x67870,477 Kent Cape Suite 897,Morganchester,Iowa,62996,SG,Singapore,APAC,English,Business,None,2019-06-07,2019,RETURNING,True,MDM,2019-06-07,2026-04-17 15:58:37.221808
2f8855ac-3058-470a-a604-12152e1b87ae,CUST-2019-SG-000118,Natalie,Chase,Natalie Chase,Male,1952-05-24,natalie.chase@hotmail.com,999-872-3110x89083,44651 Michael Landing Suite 830,West Jillland,Kentucky,98779,SG,Singapore,APAC,English,Consumer,None,2019-04-07,2019,RETURNING,True,MDM,2019-04-07,2026-04-17 15:58:37.221810
c0674443-5dd1-478d-873b-31f3492de2fe,CUST-2019-SG-000096,Susan,Pena,Susan Pena,Female,1975-06-19,susan.pena@icloud.com,6005280765,8646 Wilson Fort Suite 094,Port Johnberg,Georgia,6736,SG,Singapore,APAC,English,Business,None,2019-05-19,2019,RETURNING,True,MDM,2019-05-19,2026-04-17 15:58:37.221813
7fb7e2b1-2dd7-43f0-aea3-2a9846119a94,CUST-2019-SG-000052,James,Graham,James Graham,Female,1989-02-24,james.graham@outlook.com,+1-993-233-1495x607,93489 Johnson Bridge Suite 207,South Lauren,Virginia,54364,SG,Singapore,APAC,English,Consumer,Gold,2019-01-14,2019,RETURNING,True,MDM,2019-01-14,2026-04-17 15:58:37.221815
62703ca2-abb6-468e-90ba-9b3ae50c0964,CUST-2019-SG-000103,Patrick,White,Patrick White,Female,1990-07-04,patrick.white330@gmx.com,778-645-2002x052,6172 Lori Extensions Apt. 462,East Rebecca,Nevada,72046,SG,Singapore,APAC,English,Consumer,Gold,2019-10-14,2019,RETURNING,True,MDM,2019-10-14,2026-04-17 15:58:37.221816
820e78b2-fce8-420b-a2a5-e90d5226cf49,CUST-2020-SG-000060,Jacob,Goodman,Jacob Goodman,Female,1993-09-12,jacob.goodman@aol.com,001-731-754-9033,279 Gerald Isle,Butlerview,Massachusetts,70682,SG,Singapore,APAC,English,Consumer,None,2020-12-22,2020,RETURNING,True,MDM,2020-12-22 00:00:00,2026-04-17 15:58:37.221818
16d76fa2-47ab-4253-9d56-36c55bea513c,CUST-2019-SG-000019,Charles,Weber,Charles Weber,Male,1989-05-09,charles.weber775@protonmail.com,398.452.7515x484,5109 Amber Mountain Apt. 957,Lauramouth,Idaho,49652,SG,Singapore,APAC,English,Consumer,None,2019-08-04,2019,RETURNING,True,MDM,2019-08-04,2026-04-17 15:58:37.221820
6ef59067-e253-431e-9047-f71415e09ec4,CUST-2020-SG-000102,Tonya,Mitchell,Tonya Mitchell,Female,1965-07-05,tonya.mitchell@aol.com,(253)886-2053,5508 Thomas Haven,Victorfurt,Nevada,8863,SG,Singapore,APAC,English,Consumer,None,2020-10-08,2020,RETURNING,True,MDM,2020-10-08 00:00:00,2026-04-17 15:58:37.221822
0e696f72-3fe0-47df-845e-d04a980feb19,CUST-2019-SG-000226,Jonathan,Ritter,Jonathan Ritter,Male,1978-11-06,jonathan.ritter660@gmail.com,590.312.2934x146,45205 Reynolds Parks,Lake Tiffany,Indiana,62069,SG,Singapore,APAC,English,Consumer,None,2019-06-16,2019,RETURNING,True,MDM,2019-06-16,2026-04-17 15:58:37.221824
90977bf0-041a-4cbd-b419-ffc8eb2dc2de,CUST-2020-SG-000061,Daniel,Marquez,Daniel Marquez,Male,1988-04-30,daniel.marquez@protonmail.com,541-518-0773,0344 Christopher Squares Suite 221,Michaelhaven,Connecticut,83407,SG,Singapore,APAC,English,Education,Platinum,2020-07-31,2020,RETURNING,True,MDM,2020-07-31 00:00:00,2026-04-17 15:58:37.221825
d5b9c113-7e4b-4325-a7e1-f73084fd48a0,CUST-2020-SG-000008,Martin,Hernandez,Martin Hernandez,Male,1993-09-12,martin.hernandez@gmx.com,217.516.8063x6283,6079 Lucero Forks Apt. 375,South Rachel,New Hampshire,4364,SG,Singapore,APAC,English,Consumer,Gold,2020-11-28,2020,RETURNING,True,MDM,2020-11-28 00:00:00,2026-04-17 15:58:37.221827
78044b7d-688f-4335-87f4-0575b3ba19c4,CUST-2019-SG-000182,James,Payne,James Payne,Male,1989-04-28,james.payne@aol.com,891.687.8107x695,12261 Wilson Mission,Mitchellhaven,Delaware,35762,SG,Singapore,APAC,English,Consumer,Silver,2019-06-29,2019,RETURNING,True,MDM,2019-06-29,2026-04-17 15:58:37.221829
94086094-5677-498f-8364-2b5e647e62ee,CUST-2020-SG-000065,Randall,Hill,Randall Hill,Female,1979-10-23,randall.hill@aol.com,(633)525-9254x0626,44083 Meghan Street,North Alexander,Colorado,68353,SG,Singapore,APAC,English,Consumer,None,2020-06-05,2020,RETURNING,True,MDM,2020-06-05 00:00:00,2026-04-17 15:58:37.221831
9bc475fe-c5ff-44c4-9be9-5d0c60c18f84,CUST-2019-SG-000101,Joshua,Mendoza,Joshua Mendoza,Male,2002-03-29,joshua.mendoza@outlook.com,001-531-939-8554x5416,0476 King Haven,Sergiobury,Virginia,99830,SG,Singapore,APAC,English,Education,None,2019-10-23,2019,RETURNING,False,MDM,2019-10-23,2026-04-17 15:58:37.221833
5005d8ea-7e22-41cf-8459-419ccbb58217,CUST-2020-SG-000031,Vincent,Cooper,Vincent Cooper,Female,1960-03-17,vincent.cooper@mail.com,+1-701-258-1261,0149 Johnson Wells Apt. 616,Grantmouth,New Mexico,76197,SG,Singapore,APAC,English,Consumer,Silver,2020-08-11,2020,RETURNING,True,MDM,2020-08-11 00:00:00,2026-04-17 15:58:37.221834
87b49922-63f5-400d-9a02-d93a8933ef04,CUST-2019-SG-000191,Austin,Knox,Austin Knox,Male,1971-06-25,austin.knox@mail.com,459-823-4149x625,605 Pollard Valley Suite 527,Shermanville,Oklahoma,5343,SG,Singapore,APAC,English,Consumer,None,2019-06-27,2019,RETURNING,True,MDM,2019-06-27,2026-04-17 15:58:37.221836
f7092a0f-e59f-4d51-9e77-3ce8f71397b8,CUST-2020-SG-000009,Eugene,Taylor,Eugene Taylor,Female,1991-09-14,eugene.taylor@protonmail.com,264.330.4683,07143 Russell Center,Allenton,Maine,3818,SG,Singapore,APAC,English,Business,None,2020-01-05,2020,RETURNING,True,MDM,2020-01-05 00:00:00,2026-04-17 15:58:37.221838
52a75d87-3b6e-47f4-8ccc-18ae6710dec6,CUST-2019-SG-000245,Johnny,Williams,Johnny Williams,Male,1979-05-13,johnny.williams@zoho.com,(439)478-8578x307,152 Lisa Estates Apt. 098,Lake Jaymouth,Virginia,51792,SG,Singapore,APAC,English,Education,Gold,2019-09-01,2019,RETURNING,True,MDM,2019-09-01,2026-04-17 15:58:37.221840
d677b065-928a-4919-8aef-05b3c04169ea,CUST-2019-SG-000349,Amanda,Floyd,Amanda Floyd,Male,1989-03-12,amanda.floyd173@aol.com,(257)612-1576x1688,455 Noble Rue Apt. 602,Lake Todd,Colorado,32441,SG,Singapore,APAC,English,Consumer,Gold,2019-07-04,2019,RETURNING,True,MDM,2019-07-04,2026-04-17 15:58:37.221841
75c3085c-00d0-45d4-8c5a-814bb0f49180,CUST-2019-SG-000209,Ryan,Kennedy,Ryan Kennedy,Male,1972-05-06,ryan.kennedy482@outlook.com,+1-415-581-6848,7583 Hoffman Rapids,Brittanytown,South Dakota,27036,SG,Singapore,APAC,English,Consumer,Silver,2019-07-27,2019,RETURNING,False,MDM,2019-07-27,2026-04-17 15:58:37.221843
7ab8566d-5ae0-4e42-a022-0734f5fcce4b,CUST-2019-SG-000071,Shane,Hamilton,Shane Hamilton,Female,2000-01-02,shane.hamilton@zoho.com,(738)364-3540,440 Patrick Club,Maynardview,Georgia,69979,SG,Singapore,APAC,English,Consumer,Silver,2019-08-01,2019,RETURNING,True,MDM,2019-08-01,2026-04-17 15:58:37.221845
1b17830b-c4ca-4ceb-9c69-77731e7e2608,CUST-2019-SG-000127,Meghan,Smith,Meghan Smith,Female,1952-02-18,meghan.smith@hotmail.com,662.351.9771x641,11444 Holder Junction Apt. 810,Edwardland,Hawaii,99374,SG,Singapore,APAC,English,Consumer,Platinum,2019-04-29,2019,RETURNING,True,MDM,2019-04-29,2026-04-17 15:58:37.221846
97e64685-5434-445b-8393-1ff769656369,CUST-2019-SG-000278,Guy,Mcfarland,Guy Mcfarland,Female,1995-01-25,guy.mcfarland@gmx.com,522.377.5902,867 Lewis Lakes,Mooreview,Mississippi,31372,SG,Singapore,APAC,English,Consumer,Platinum,2019-06-15,2019,RETURNING,True,MDM,2019-06-15,2026-04-17 15:58:37.221848
bd9db4e4-0702-405d-ba2b-15ad95760bd1,CUST-2019-SG-000041,Margaret,Morris,Margaret Morris,Female,1969-02-03,margaret.morris968@outlook.com,430.743.5562x494,43770 Vanessa Summit Apt. 145,New Karen,Oregon,76539,SG,Singapore,APAC,English,Consumer,Silver,2019-01-28,2019,RETURNING,True,MDM,2019-01-28,2026-04-17 15:58:37.221850
89b30274-9d4f-44be-99f3-c07780b36a2a,CUST-2019-SG-000065,Jeremy,Fernandez,Jeremy Fernandez,Male,1976-12-27,jeremy.fernandez@aol.com,213.967.9210,26983 Knapp Stream,New Danielchester,Oregon,93603,SG,Singapore,APAC,English,Consumer,Gold,2019-02-01,2019,RETURNING,True,MDM,2019-02-01,2026-04-17 15:58:37.221852
3bb26c06-163f-4715-82b6-022c071398f5,CUST-2019-SG-000307,William,Moreno,William Moreno,Male,2007-10-31,william.moreno@gmail.com,4503643056,00608 Thompson Bridge,Lake Jason,Oklahoma,30272,SG,Singapore,APAC,English,Consumer,Silver,2019-04-22,2019,RETURNING,True,MDM,2019-04-22,2026-04-17 15:58:37.221853
77f45591-2ad4-404f-b143-0ad0b23f8a58,CUST-2019-SG-000027,Zachary,Castro,Zachary Castro,Female,1969-11-28,zachary.castro954@hotmail.com,(457)678-6486,2012 Fischer Manors Suite 626,Bethanyview,Pennsylvania,33177,SG,Singapore,APAC,English,Consumer,Silver,2019-09-08,2019,RETURNING,True,MDM,2019-09-08,2026-04-17 15:58:37.221855
40046d39-6561-4528-b7bd-d4fb5e28420e,CUST-2019-SG-000141,James,Hanson,James Hanson,Female,1990-01-03,james.hanson@gmx.com,(731)394-6502,1549 Jennifer Prairie Suite 714,Hooverstad,Texas,28863,SG,Singapore,APAC,English,Education,None,2019-08-15,2019,RETURNING,True,MDM,2019-08-15,2026-04-17 15:58:37.221857
ae63155c-301b-4276-8d82-2d3d8cab5cec,CUST-2019-SG-000089,Jesse,Hopkins,Jesse Hopkins,Female,2000-01-28,jesse.hopkins110@zoho.com,(883)541-0120x81147,66069 Baker Shores Suite 373,East Lauren,New York,11284,SG,Singapore,APAC,English,Business,Silver,2019-07-15,2019,RETURNING,True,MDM,2019-07-15,2026-04-17 15:58:37.221858
2baf6b94-bc57-4516-a07c-f0141f6f18b5,CUST-2019-SG-000297,Laura,Shelton,Laura Shelton,Female,1953-07-22,laura.shelton@outlook.com,+1-833-664-2546,73003 Brandy Way Apt. 453,Petersenberg,Kentucky,6880,SG,Singapore,APAC,English,Consumer,Gold,2019-05-24,2019,RETURNING,True,MDM,2019-05-24,2026-04-17 15:58:37.221860
d300f4b1-38b3-48cc-b80e-dfd50ff7c284,CUST-2020-SG-000038,Stacey,Fernandez,Stacey Fernandez,Male,1953-01-20,stacey.fernandez@hotmail.com,(289)968-2688x9464,44538 Christina Underpass,Port Nicholasview,New Hampshire,97332,SG,Singapore,APAC,English,Business,Platinum,2020-12-27,2020,RETURNING,True,MDM,2020-12-27 00:00:00,2026-04-17 15:58:37.221861
16685873-8025-4c21-ae86-d1c66e69598b,CUST-2019-SG-000054,Zachary,Conner,Zachary Conner,Male,2007-01-14,zachary.conner375@protonmail.com,4869851038,7547 Barnes Grove Apt. 884,North Christine,Rhode Island,42665,SG,Singapore,APAC,English,Business,Silver,2019-04-16,2019,RETURNING,True,MDM,2019-04-16,2026-04-17 15:58:37.221863
05632959-2794-40bb-bc54-28c008862ff4,CUST-2020-SG-000027,Matthew,Brewer,Matthew Brewer,Female,1967-09-24,matthew.brewer@yahoo.com,702-536-6228x0239,95343 Bautista Turnpike Apt. 545,East Patricia,Missouri,9851,SG,Singapore,APAC,English,Consumer,Platinum,2020-02-20,2020,RETURNING,True,MDM,2020-02-20 00:00:00,2026-04-17 15:58:37.221864
46612429-1aad-4c47-807f-685e29816171,CUST-2020-SG-000045,Jim,Davis,Jim Davis,Female,1958-06-26,jim.davis@hotmail.com,860-395-0460,69260 James Avenue,West Kellyton,Alaska,29631,SG,Singapore,APAC,English,Consumer,None,2020-02-07,2020,RETURNING,True,MDM,2020-02-07 00:00:00,2026-04-17 15:58:37.221866
601bb30c-2d1e-4667-81c5-75ef349a79a9,CUST-2019-SG-000023,Eric,Navarro,Eric Navarro,Female,1983-06-21,eric.navarro@gmail.com,487.701.1521x369,11111 Sullivan Vista Apt. 899,East Darrenborough,Arkansas,87278,SG,Singapore,APAC,English,Education,None,2019-05-13,2019,RETURNING,True,MDM,2019-05-13,2026-04-17 15:58:37.221868
7236ef43-6544-4a1f-9c76-450a1e29e259,CUST-2019-SG-000183,Dennis,Allison,Dennis Allison,Male,1954-08-29,dennis.allison@outlook.com,362-693-2399x251,830 Sean Hollow,New Ivan,Oregon,89978,SG,Singapore,APAC,English,Business,Platinum,2019-10-07,2019,RETURNING,True,MDM,2019-10-07,2026-04-17 15:58:37.221870
53dba968-8a0b-4b7c-b9dd-020ffa730a6d,CUST-2020-SG-000064,Jonathan,Aguirre,Jonathan Aguirre,Female,1983-03-15,jonathan.aguirre@outlook.com,(740)902-6985,91788 Levine Parks,West Jameschester,Missouri,58499,SG,Singapore,APAC,English,Consumer,None,2020-12-29,2020,RETURNING,True,MDM,2020-12-29 00:00:00,2026-04-17 15:58:37.221872
7ba0050a-eb80-4dbf-8717-0a1500207c8c,CUST-2019-SG-000195,Sydney,Cain,Sydney Cain,Male,1981-06-17,sydney.cain@aol.com,(297)307-8384x3846,684 Susan Loop,Dickersonfurt,Mississippi,77389,SG,Singapore,APAC,English,Business,Silver,2019-10-02,2019,RETURNING,True,MDM,2019-10-02,2026-04-17 15:58:37.221873
3ec8a005-7bdd-4e16-a746-194c1c83d4d7,CUST-2019-SG-000274,Emily,Hendricks,Emily Hendricks,Male,1965-04-18,emily.hendricks@icloud.com,406.741.7989x40937,6897 Charles River Suite 219,Morenochester,Florida,83305,SG,Singapore,APAC,English,Education,None,2019-05-09,2019,RETURNING,True,MDM,2019-05-09,2026-04-17 15:58:37.221875
8fb15635-8e14-4c91-94b9-0e3fd5b67681,CUST-2019-SG-000276,Kara,Stephens,Kara Stephens,Female,1990-09-18,kara.stephens123@gmx.com,+1-386-923-0037x2491,69553 Bonilla Oval,Zavalaton,Arizona,61963,SG,Singapore,APAC,English,Education,None,2019-09-13,2019,RETURNING,True,MDM,2019-09-13,2026-04-17 15:58:37.221878
2e4b7c22-9fd3-4e5e-ae02-e8c6fa7cc0fe,CUST-2019-SG-000240,Melissa,Espinoza,Melissa Espinoza,Female,1965-05-14,melissa.espinoza@live.com,225.202.3336x6611,15025 Joshua Grove,Donnahaven,Louisiana,38323,SG,Singapore,APAC,English,Consumer,None,2019-04-21,2019,RETURNING,True,MDM,2019-04-21,2026-04-17 15:58:37.221879
30aaa098-e59a-4d39-81d4-e26cf84412b4,CUST-2019-SG-000112,James,Lambert,James Lambert,Male,1994-01-06,james.lambert@hotmail.com,963.675.4142x942,18535 Jones Groves,East Chelsea,Florida,9624,SG,Singapore,APAC,English,Education,None,2019-01-14,2019,RETURNING,True,MDM,2019-01-14,2026-04-17 15:58:37.221881
09c9ea89-8652-408f-b914-8d425447aacc,CUST-2019-SG-000073,Michael,Burch,Michael Burch,Female,1981-02-07,michael.burch@outlook.com,9024515824,132 James Locks,South William,New York,40619,SG,Singapore,APAC,English,Consumer,None,2019-08-15,2019,RETURNING,True,MDM,2019-08-15,2026-04-17 15:58:37.221883
419783e3-f968-4159-900e-2f701303c9e3,CUST-2019-SG-000237,Taylor,Wilson,Taylor Wilson,Male,1951-04-25,taylor.wilson@yahoo.com,+1-767-688-4496x114,009 Steven Ranch,East Anneland,Wyoming,44754,SG,Singapore,APAC,English,Consumer,None,2019-10-03,2019,RETURNING,True,MDM,2019-10-03,2026-04-17 15:58:37.221885
a306eaa1-d7d8-4951-b4f6-1fad9824c145,CUST-2019-SG-000097,Stephen,Oneal,Stephen Oneal,Male,2001-02-14,stephen.oneal@icloud.com,(626)943-6224,9957 Ruiz Fort,Port Annetteview,Ohio,16280,SG,Singapore,APAC,English,Consumer,None,2019-11-09,2019,RETURNING,True,MDM,2019-11-09,2026-04-17 15:58:37.221888
84996e9f-0b43-4335-8f79-246415e67473,CUST-2019-SG-000130,Doris,Haley,Doris Haley,Male,1968-12-05,doris.haley@icloud.com,+1-863-454-6119x75131,399 Tonya Inlet Suite 640,North Brian,Hawaii,13480,SG,Singapore,APAC,English,Consumer,Silver,2019-10-19,2019,RETURNING,True,MDM,2019-10-19,2026-04-17 15:58:37.221889
fa0468a4-96b8-4b97-bc34-37ac304de4e1,CUST-2020-SG-000042,Michael,Padilla,Michael Padilla,Male,1961-09-07,michael.padilla@protonmail.com,(682)534-2420,9340 Scott Causeway Suite 398,Riverafort,Oklahoma,82796,SG,Singapore,APAC,English,Consumer,None,2020-04-22,2020,RETURNING,True,MDM,2020-04-22 00:00:00,2026-04-17 15:58:37.221891
c663343c-9eba-4c1e-979c-b4824daf05de,CUST-2019-SG-000314,Natalie,Jones,Natalie Jones,Male,1951-05-29,natalie.jones294@live.com,(491)431-5373,83293 Douglas Row Apt. 724,West Megan,Alabama,80698,SG,Singapore,APAC,English,Consumer,Gold,2019-11-15,2019,RETURNING,True,MDM,2019-11-15,2026-04-17 15:58:37.221894
625ad4d3-e606-492e-839f-e34ca78cfe2c,CUST-2019-SG-000166,Miguel,Reilly,Miguel Reilly,Male,1956-12-30,miguel.reilly@gmail.com,3234117378,457 Scott Plains Apt. 282,West Anthonyberg,Ohio,77714,SG,Singapore,APAC,English,Consumer,Gold,2019-04-05,2019,RETURNING,True,MDM,2019-04-05,2026-04-17 15:58:37.221895
164bc19d-bb59-4fea-b3b1-914ae931a25e,CUST-2019-SG-000305,Lynn,Smith,Lynn Smith,Male,1985-09-02,lynn.smith94@live.com,7519968014,401 Lynch Stravenue Apt. 362,East Meganville,Missouri,96945,SG,Singapore,APAC,English,Business,None,2019-07-04,2019,RETURNING,True,MDM,2019-07-04,2026-04-17 15:58:37.221897
aeac193b-3d0f-4401-bc2c-d5ff27800fda,CUST-2019-SG-000142,Brittany,Green,Brittany Green,Male,1993-06-29,brittany.green223@outlook.com,961.347.2269,892 Tamara Flat Suite 867,Churchtown,New Hampshire,60576,SG,Singapore,APAC,English,Consumer,Platinum,2019-06-23,2019,RETURNING,True,MDM,2019-06-23,2026-04-17 15:58:37.221899
f2823b33-6dd2-4719-b87c-a1b17b498171,CUST-2019-SG-000124,Yvonne,Perez,Yvonne Perez,Male,1953-02-07,yvonne.perez@aol.com,(663)462-8775x64914,513 Kayla Mountains Suite 790,West Benjaminburgh,Louisiana,88948,SG,Singapore,APAC,English,Consumer,Silver,2019-04-08,2019,RETURNING,True,MDM,2019-04-08,2026-04-17 15:58:37.221900
e15304d0-cfa3-4853-a951-e9a3d0c5274e,CUST-2020-SG-000113,Julie,White,Julie White,Male,1975-12-28,julie.white@icloud.com,784.651.7098,029 Williams Parkways Suite 382,East Elizabeth,Illinois,67537,SG,Singapore,APAC,English,Education,Gold,2020-04-18,2020,RETURNING,True,MDM,2020-04-18 00:00:00,2026-04-17 15:58:37.221902
e0c517cd-b3a1-402a-a564-0986e3810418,CUST-2019-SG-000230,Michael,Berry,Michael Berry,Male,1986-11-18,michael.berry@gmail.com,253.382.1541x78816,400 Hannah Ways,Michaelborough,New Mexico,39099,SG,Singapore,APAC,English,Consumer,Silver,2019-06-18,2019,RETURNING,True,MDM,2019-06-18,2026-04-17 15:58:37.221903
ecd3a522-2394-4595-85e7-f4dcf011be2c,CUST-2019-SG-000160,Bonnie,Watson,Bonnie Watson,Male,1964-10-11,bonnie.watson@live.com,883-373-7472,65173 Mary Ramp Apt. 656,Hughesport,North Dakota,52374,SG,Singapore,APAC,English,Consumer,None,2019-05-02,2019,RETURNING,True,MDM,2019-05-02,2026-04-17 15:58:37.221905
a0474609-4a48-4885-8b71-f5b7e77e777e,CUST-2020-SG-000109,Shane,Nguyen,Shane Nguyen,Male,1999-07-28,shane.nguyen@aol.com,+1-817-577-8014x979,0094 James Forges,Heatherville,Kentucky,88888,SG,Singapore,APAC,English,Consumer,None,2020-05-10,2020,RETURNING,True,MDM,2020-05-10 00:00:00,2026-04-17 15:58:37.221907
cf64a2b7-9d83-4cf0-8d80-b2f12cfb68d3,CUST-2019-SG-000133,Brandon,Rodriguez,Brandon Rodriguez,Female,1991-05-23,brandon.rodriguez572@outlook.com,(785)977-6450x2835,195 Kemp Vista Suite 533,Jasonfort,Georgia,54659,SG,Singapore,APAC,English,Consumer,Gold,2019-12-11,2019,RETURNING,True,MDM,2019-12-11,2026-04-17 15:58:37.221909
0dab7520-f4c7-4b5e-89f4-deb11a76dcc9,CUST-2020-SG-000094,Sara,Harding,Sara Harding,Female,1958-10-22,sara.harding446@icloud.com,(555)960-4871x155,8830 Johnson Union,Williamsland,Louisiana,41508,SG,Singapore,APAC,English,Business,Gold,2020-01-11,2020,RETURNING,True,MDM,2020-01-11 00:00:00,2026-04-17 15:58:37.221910
bf284a29-27a3-4da3-b27f-6f89f3fbdbee,CUST-2019-SG-000013,Stacey,Lewis,Stacey Lewis,Female,1960-05-12,stacey.lewis330@gmail.com,713.652.4027x9811,9612 Cheryl Springs,Ryanton,New Jersey,13281,SG,Singapore,APAC,English,Consumer,Silver,2019-05-13,2019,RETURNING,True,MDM,2019-05-13,2026-04-17 15:58:37.221912
cab45aec-8285-43b2-a6d3-f31f35248305,CUST-2019-SG-000017,John,Howard,John Howard,Male,2004-03-14,john.howard@gmail.com,(323)440-7910x6296,784 Douglas Tunnel Apt. 585,East Steven,Idaho,85835,SG,Singapore,APAC,English,Consumer,None,2019-05-10,2019,RETURNING,True,MDM,2019-05-10,2026-04-17 15:58:37.221914
7b04f3f2-e779-40e9-b5c8-242b12083b97,CUST-2019-SG-000318,Jocelyn,Parker,Jocelyn Parker,Male,1970-02-18,jocelyn.parker@msn.com,448-975-1742x021,10795 Austin Lock,Stephanieborough,Colorado,27398,SG,Singapore,APAC,English,Consumer,Silver,2019-01-10,2019,RETURNING,True,MDM,2019-01-10,2026-04-17 15:58:37.221916
0ca0db4b-2ae5-410a-abea-12dd14a2e66c,CUST-2019-SG-000328,David,Anderson,David Anderson,Male,2006-07-16,david.anderson@gmx.com,5233902543,42632 Robert Camp,Zunigaville,Wyoming,30335,SG,Singapore,APAC,English,Consumer,Silver,2019-11-27,2019,RETURNING,True,MDM,2019-11-27,2026-04-17 15:58:37.221917
391fe3a8-ccb4-4d51-9dfe-49190519232a,CUST-2019-SG-000258,Justin,Mills,Justin Mills,Female,2003-06-14,justin.mills@aol.com,(268)301-0941,17296 Cortez Squares,Perezhaven,Arizona,67380,SG,Singapore,APAC,English,Consumer,None,2019-01-11,2019,RETURNING,True,MDM,2019-01-11,2026-04-17 15:58:37.221919
2a0ec8b5-792e-461c-8f1d-469093a4b5f5,CUST-2019-SG-000288,Thomas,Perry,Thomas Perry,Female,1992-05-03,thomas.perry@aol.com,001-234-934-4572x72877,3860 Ortiz Streets Apt. 298,Chavezfurt,Colorado,76974,SG,Singapore,APAC,English,Business,Silver,2019-09-01,2019,RETURNING,True,MDM,2019-09-01,2026-04-17 15:58:37.221921
84c2c83a-6637-468d-b9e9-df727fa86065,CUST-2019-SG-000244,Jeremy,Christian,Jeremy Christian,Female,1960-02-09,jeremy.christian@live.com,663-631-1836x713,91072 Ashley Key,Port Roberttown,Montana,93463,SG,Singapore,APAC,English,Education,Silver,2019-03-10,2019,RETURNING,True,MDM,2019-03-10,2026-04-17 15:58:37.221923
65a2d831-8ce2-4ace-bc1f-a2745b7546fa,CUST-2020-SG-000021,Timothy,Perez,Timothy Perez,Male,1961-11-30,timothy.perez@aol.com,(640)995-5013,9841 Duncan Overpass,East Henry,Maine,51181,SG,Singapore,APAC,English,Consumer,Silver,2020-04-14,2020,RETURNING,True,MDM,2020-04-14 00:00:00,2026-04-17 15:58:37.221925
4c2f8e8e-225b-484d-a93a-8caf7659e3e3,CUST-2020-SG-000086,Alyssa,Fields,Alyssa Fields,Female,1997-02-26,alyssa.fields@aol.com,001-526-601-8981x7625,3047 White Cliff,Port Matthewton,Kentucky,91338,SG,Singapore,APAC,English,Consumer,Silver,2020-11-17,2020,RETURNING,True,MDM,2020-11-17 00:00:00,2026-04-17 15:58:37.221926
88b593a0-cd92-496a-8f92-2cb6a5bca317,CUST-2020-SG-000001,Tara,Hawkins,Tara Hawkins,Male,1950-10-02,tara.hawkins@gmail.com,(915)275-0843,99311 Solis Bypass Apt. 195,Reynoldsland,New York,90083,SG,Singapore,APAC,English,Consumer,None,2020-01-16,2020,RETURNING,True,MDM,2020-01-16 00:00:00,2026-04-17 15:58:37.221928
9fb742c0-17e4-477f-bbb0-9df948f25702,CUST-2019-SG-000026,Tyrone,Andrade,Tyrone Andrade,Male,1959-07-24,tyrone.andrade@hotmail.com,001-634-350-9442,966 Teresa Forest Suite 469,Shortborough,Minnesota,16413,SG,Singapore,APAC,English,Business,Gold,2019-04-01,2019,RETURNING,True,MDM,2019-04-01,2026-04-17 15:58:37.221930
89d52459-fbdd-4405-9b36-89f0c24d5b60,CUST-2019-SG-000306,Bradley,Willis,Bradley Willis,Female,1965-01-17,bradley.willis770@outlook.com,+1-281-999-2943,011 Williams Ranch,Port Monicaview,Louisiana,62885,SG,Singapore,APAC,English,Consumer,Platinum,2019-05-16,2019,RETURNING,True,MDM,2019-05-16,2026-04-17 15:58:37.221932
94761b00-b6d4-4297-98f1-2eef7c20825f,CUST-2019-SG-000262,Alexis,Sanders,Alexis Sanders,Male,1984-06-22,alexis.sanders366@protonmail.com,928-374-9992,45101 Nicholas Corners Suite 696,East Anne,Arizona,86794,SG,Singapore,APAC,English,Consumer,Platinum,2019-10-28,2019,RETURNING,True,MDM,2019-10-28,2026-04-17 15:58:37.221933
658cff54-1ea6-466e-b1b2-8430d6d57f44,CUST-2020-SG-000032,Stephen,Patrick,Stephen Patrick,Female,1982-04-19,stephen.patrick@aol.com,448.389.6654x8959,94680 Allen Trail,Port Laura,Hawaii,11095,SG,Singapore,APAC,English,Consumer,None,2020-07-09,2020,RETURNING,True,MDM,2020-07-09 00:00:00,2026-04-17 15:58:37.221935
d32ee616-5983-4f27-88e9-414c09764180,CUST-2019-SG-000057,Jacqueline,Smith,Jacqueline Smith,Female,1985-10-30,jacqueline.smith@gmail.com,321.976.0572,08529 Michael Neck,West Dalechester,Michigan,34912,SG,Singapore,APAC,English,Education,Gold,2019-06-12,2019,RETURNING,True,MDM,2019-06-12,2026-04-17 15:58:37.221937
5bb588fb-d285-47e6-aa41-40b5b54a8c0e,CUST-2019-SG-000251,David,Phillips,David Phillips,Male,1989-10-05,david.phillips@msn.com,001-769-462-0088,030 Darren Spring,Port Mollyton,Louisiana,74921,SG,Singapore,APAC,English,Consumer,None,2019-03-10,2019,RETURNING,True,MDM,2019-03-10,2026-04-17 15:58:37.221939
b0fbe436-d693-479a-a3e7-3c627c999cae,CUST-2020-SG-000072,Tammy,Mills,Tammy Mills,Female,1960-06-22,tammy.mills@hotmail.com,+1-506-434-9596,73954 Morrow Coves,Allenton,Rhode Island,60634,SG,Singapore,APAC,English,Consumer,Silver,2020-08-21,2020,RETURNING,True,MDM,2020-08-21 00:00:00,2026-04-17 15:58:37.221940
bcd58609-7fc4-4471-bca2-7b97b52ead2b,CUST-2019-SG-000109,George,Thomas,George Thomas,Male,1964-08-20,george.thomas@aol.com,(507)296-3973x066,90625 Donald Throughway,Port Andreaburgh,New Hampshire,81056,SG,Singapore,APAC,English,Consumer,None,2019-06-10,2019,RETURNING,True,MDM,2019-06-10,2026-04-17 15:58:37.221942
9890b884-37bb-4894-b8d6-56f67fb73880,CUST-2019-SG-000040,Mary,Roth,Mary Roth,Male,1989-11-08,mary.roth@protonmail.com,(478)816-7138x1576,2513 Knight Turnpike Apt. 520,North Aaron,Delaware,93229,SG,Singapore,APAC,English,Consumer,Silver,2019-02-19,2019,RETURNING,True,MDM,2019-02-19,2026-04-17 15:58:37.221944
dbabadd6-d2e1-48cc-9a33-69f5da0d540d,CUST-2020-SG-000103,Carolyn,Jones,Carolyn Jones,Male,1994-09-15,carolyn.jones@msn.com,001-240-347-4742,4815 Kimberly Shoals,Lake Douglastown,Wyoming,47225,SG,Singapore,APAC,English,Consumer,Platinum,2020-03-18,2020,RETURNING,True,MDM,2020-03-18 00:00:00,2026-04-17 15:58:37.221945
6fbd73fb-51f0-4c4a-9516-450b17c8f3c7,CUST-2019-SG-000117,Michael,Adams,Michael Adams,Male,1990-03-10,michael.adams653@protonmail.com,001-220-597-0258x568,63732 Bradley Fall Apt. 199,Martinstad,Colorado,82160,SG,Singapore,APAC,English,Consumer,Silver,2019-06-06,2019,RETURNING,True,MDM,2019-06-06,2026-04-17 15:58:37.221947
a66f9b83-3534-438e-b3ee-b39bbfaea91b,CUST-2019-SG-000320,Joseph,Lee,Joseph Lee,Male,1956-04-08,joseph.lee@gmail.com,(646)985-0546,637 Jody Radial,Carolville,Kentucky,8246,SG,Singapore,APAC,English,Education,None,2019-11-10,2019,RETURNING,True,MDM,2019-11-10,2026-04-17 15:58:37.221949
b9f10a97-925a-4aaa-b1ab-ee8e85d64e53,CUST-2019-SG-000181,Rebecca,Lee,Rebecca Lee,Male,1975-03-15,rebecca.lee471@gmail.com,(444)427-0227x7490,72659 Wilson Skyway Suite 205,Matthewsview,Alabama,5422,SG,Singapore,APAC,English,Consumer,Gold,2019-11-20,2019,RETURNING,True,MDM,2019-11-20,2026-04-17 15:58:37.221951
18f1f405-463b-4bd7-b09d-01348278ec8a,CUST-2020-SG-000034,Andrew,Williams,Andrew Williams,Male,1958-08-18,andrew.williams547@live.com,+1-487-707-0730x93604,64150 Jason Harbor,North Jamesside,Kentucky,98754,SG,Singapore,APAC,English,Business,None,2020-09-17,2020,RETURNING,True,MDM,2020-09-17 00:00:00,2026-04-17 15:58:37.221953
fe2e38ee-3d0e-4a4d-83fb-2a1d636bd611,CUST-2019-SG-000248,Julia,Moreno,Julia Moreno,Male,1999-12-07,julia.moreno@hotmail.com,001-464-371-1190,7716 Jeremy Bypass Apt. 489,Holtside,Wyoming,40389,SG,Singapore,APAC,English,Consumer,Gold,2019-11-17,2019,RETURNING,True,MDM,2019-11-17,2026-04-17 15:58:37.221954
03da04fd-0f76-4c8f-9452-1a40d5f3d972,CUST-2019-SG-000114,Kim,Anderson,Kim Anderson,Male,1955-08-30,kim.anderson101@live.com,(945)494-5209x8028,8713 Christina Vista Suite 691,North Kevin,Maryland,92801,SG,Singapore,APAC,English,Consumer,None,2019-07-24,2019,RETURNING,True,MDM,2019-07-24,2026-04-17 15:58:37.221956
71f851b1-29ec-4bdb-8393-5f8ab733f9e7,CUST-2019-SG-000005,Carolyn,Warren,Carolyn Warren,Male,1972-09-15,carolyn.warren@msn.com,+1-727-708-2357x0891,694 Elizabeth Pine,Port Johnny,Ohio,25719,SG,Singapore,APAC,English,Education,None,2019-05-07,2019,RETURNING,True,MDM,2019-05-07,2026-04-17 15:58:37.221958
b7610763-f2ed-4418-8842-a6d05c6c49d3,CUST-2020-SG-000101,Brenda,Smith,Brenda Smith,Female,1986-06-10,brenda.smith@gmx.com,748.390.5463,52283 James Square,Heathertown,Utah,45281,SG,Singapore,APAC,English,Consumer,None,2020-06-14,2020,RETURNING,True,MDM,2020-06-14 00:00:00,2026-04-17 15:58:37.221960
1911fe9e-dcbf-40c9-b055-4285fc67c4fe,CUST-2019-SG-000062,Darlene,Ayala,Darlene Ayala,Female,1996-03-20,darlene.ayala245@hotmail.com,(417)232-8939x007,60140 Kimberly Track Apt. 432,Greenehaven,Utah,37177,SG,Singapore,APAC,English,Consumer,Gold,2019-08-26,2019,RETURNING,True,MDM,2019-08-26,2026-04-17 15:58:37.221962
3430dd25-f425-4220-817c-7896242a647a,CUST-2019-SG-000077,Nicholas,Graves,Nicholas Graves,Male,1971-11-07,nicholas.graves@gmx.com,(408)610-4624,08094 Porter Divide,South Sabrina,Virginia,3927,SG,Singapore,APAC,English,Consumer,Silver,2019-09-17,2019,RETURNING,True,MDM,2019-09-17,2026-04-17 15:58:37.221964
4dd99af4-cd3f-4578-bde4-9148fefb7020,CUST-2019-SG-000053,Bradley,Brown,Bradley Brown,Male,1961-10-12,bradley.brown@aol.com,749-313-4207x6353,665 Carroll Garden Apt. 643,Sanchezburgh,New Hampshire,59658,SG,Singapore,APAC,English,Consumer,None,2019-06-28,2019,RETURNING,True,MDM,2019-06-28,2026-04-17 15:58:37.221965
5fefd7b9-1dfb-4a73-af8f-8a03506f0d62,CUST-2019-SG-000254,Abigail,Leon,Abigail Leon,Female,1974-12-14,abigail.leon989@mail.com,743-542-1430x0707,008 Rivera Islands Apt. 018,Port Christopherville,Nevada,9310,SG,Singapore,APAC,English,Education,Silver,2019-12-15,2019,RETURNING,True,MDM,2019-12-15,2026-04-17 15:58:37.221967
f95dc327-fdc3-44ad-bbc1-b130dd61279e,CUST-2019-SG-000136,Brandon,Wright,Brandon Wright,Male,1966-01-25,brandon.wright938@protonmail.com,240-963-6595,71857 Michael Road,New Christopher,Indiana,39377,SG,Singapore,APAC,English,Consumer,Silver,2019-11-19,2019,RETURNING,True,MDM,2019-11-19,2026-04-17 15:58:37.221969
44344c1b-25e9-4517-a9e2-2a4b87a2803b,CUST-2019-SG-000270,Mary,Bush,Mary Bush,Male,1972-08-31,mary.bush@hotmail.com,621-868-7445x7506,2522 Jason Lights,Cathytown,Wyoming,80510,SG,Singapore,APAC,English,Consumer,Platinum,2019-03-27,2019,RETURNING,True,MDM,2019-03-27,2026-04-17 15:58:37.221970
f6b035ed-3062-4999-af76-5f150f19d4d4,CUST-2019-SG-000173,Wendy,Holloway,Wendy Holloway,Female,2004-03-15,wendy.holloway@gmail.com,(224)560-1583,0146 Julie Row,Taraside,Arizona,67759,SG,Singapore,APAC,English,Education,None,2019-05-19,2019,RETURNING,True,MDM,2019-05-19,2026-04-17 15:58:37.221972
d36777cb-7906-4b04-8550-6d1e19b8865b,CUST-2019-SG-000316,Jennifer,Escobar,Jennifer Escobar,Female,1971-03-18,jennifer.escobar@live.com,9027228022,745 Bailey Junction Apt. 797,Port Laurie,Idaho,18850,SG,Singapore,APAC,English,Consumer,Gold,2019-12-12,2019,RETURNING,True,MDM,2019-12-12,2026-04-17 15:58:37.221973
125d96de-cc43-4093-a0df-d624d47ff040,CUST-2020-SG-000078,Thomas,Lee,Thomas Lee,Male,1994-11-22,thomas.lee@hotmail.com,8504862833,097 James Stream Suite 528,North Raymondberg,Maryland,53945,SG,Singapore,APAC,English,Consumer,Platinum,2020-03-28,2020,RETURNING,True,MDM,2020-03-28 00:00:00,2026-04-17 15:58:37.221975
be8e19dc-7859-4602-a908-5491c809a9b2,CUST-2020-SG-000062,Austin,Hall,Austin Hall,Female,1963-11-28,austin.hall504@gmail.com,447-882-0157x773,453 Natalie Burg Apt. 512,Port Jesushaven,California,7676,SG,Singapore,APAC,English,Education,Gold,2020-09-25,2020,RETURNING,True,MDM,2020-09-25 00:00:00,2026-04-17 15:58:37.221976
77b42dba-6e9b-4e48-a198-f4e883f1a30f,CUST-2019-SG-000268,George,Washington,George Washington,Male,1991-12-15,george.washington207@gmail.com,827.663.6758x31765,428 Laura Ville,East Maria,South Dakota,68093,SG,Singapore,APAC,English,Consumer,Gold,2019-08-29,2019,RETURNING,True,MDM,2019-08-29,2026-04-17 15:58:37.221978
f89ee46f-066c-4dd9-a3a9-f9237228b0a8,CUST-2020-SG-000035,Calvin,Oliver,Calvin Oliver,Male,1979-09-20,calvin.oliver@zoho.com,001-894-539-8778x21915,425 Walker Drives Suite 594,Port Josefort,Massachusetts,55439,SG,Singapore,APAC,English,Education,None,2020-05-12,2020,RETURNING,True,MDM,2020-05-12 00:00:00,2026-04-17 15:58:37.221980
443341f3-4642-44fb-8be0-064f880fd4f9,CUST-2020-SG-000020,Denise,King,Denise King,Female,1962-05-15,denise.king843@icloud.com,(694)325-5451x832,3133 Austin Tunnel,Deborahmouth,New Hampshire,52629,SG,Singapore,APAC,English,Consumer,Platinum,2020-10-24,2020,RETURNING,True,MDM,2020-10-24 00:00:00,2026-04-17 15:58:37.221981
3b66c834-6b46-4acd-bfd2-03e2356053e0,CUST-2019-SG-000338,Rodney,Smith,Rodney Smith,Female,1998-02-22,rodney.smith@msn.com,306.952.5020x29699,38809 Kayla Crossroad,Riceville,Hawaii,22454,SG,Singapore,APAC,English,Consumer,None,2019-03-13,2019,RETURNING,True,MDM,2019-03-13,2026-04-17 15:58:37.221984
7d403ed5-d88b-4446-95a8-1091dcb91735,CUST-2020-SG-000028,Lisa,Hansen,Lisa Hansen,Female,1971-07-08,lisa.hansen@gmail.com,+1-222-792-1637x2618,968 Campos Burgs,Lorimouth,Idaho,64033,SG,Singapore,APAC,English,Consumer,Platinum,2020-03-19,2020,RETURNING,True,MDM,2020-03-19 00:00:00,2026-04-17 15:58:37.221986
5a8e9a39-3c47-4bb7-880d-9c1a65eb6c42,CUST-2019-SG-000235,Ronald,Park,Ronald Park,Female,1986-01-27,ronald.park@mail.com,+1-576-395-7828,27673 Ballard Pike Apt. 835,Davidshire,Hawaii,51692,SG,Singapore,APAC,English,Consumer,None,2019-12-04,2019,RETURNING,True,MDM,2019-12-04,2026-04-17 15:58:37.221987
bada6500-478a-4d47-b005-8a0a0a720bbf,CUST-2020-SG-000091,Victoria,Parker,Victoria Parker,Male,1985-05-28,victoria.parker@gmx.com,890.995.0804x919,6697 Sellers Crescent,Johnstad,Minnesota,99923,SG,Singapore,APAC,English,Consumer,None,2020-05-02,2020,RETURNING,True,MDM,2020-05-02 00:00:00,2026-04-17 15:58:37.221989
a46c0888-a904-4d35-97e1-05ebb547e571,CUST-2020-SG-000026,Cindy,Dudley,Cindy Dudley,Male,1980-02-27,cindy.dudley203@mail.com,+1-920-536-5674,67745 Potter Lock Suite 913,East Michael,California,78251,SG,Singapore,APAC,English,Business,Platinum,2020-03-06,2020,RETURNING,False,MDM,2020-03-06 00:00:00,2026-04-17 15:58:37.221991
0f390f46-63b6-443f-82c4-3fccb6162295,CUST-2019-SG-000203,Stacey,Chen,Stacey Chen,Female,2006-06-30,stacey.chen@gmx.com,947.307.9404x1821,2259 Mccormick Orchard Suite 668,New Stephen,Indiana,69187,SG,Singapore,APAC,English,Consumer,None,2019-03-22,2019,RETURNING,True,MDM,2019-03-22,2026-04-17 15:58:37.221993
4ee2535e-2841-4b19-9f9c-5542a3c8fa25,CUST-2019-SG-000317,John,Potts,John Potts,Male,1955-02-01,john.potts788@protonmail.com,299.812.3188x15913,61626 Reid Pine Apt. 949,Richmondtown,Michigan,43883,SG,Singapore,APAC,English,Consumer,None,2019-05-20,2019,RETURNING,True,MDM,2019-05-20,2026-04-17 15:58:37.221995
8d3e7004-791a-4578-8b50-1943f87702b1,CUST-2019-SG-000134,Daniel,Robbins,Daniel Robbins,Female,1994-12-04,daniel.robbins@outlook.com,(205)980-6620,214 Catherine Center Suite 425,West Karaview,Utah,43803,SG,Singapore,APAC,English,Consumer,Platinum,2019-08-17,2019,RETURNING,True,MDM,2019-08-17,2026-04-17 15:58:37.221996
a405b1ee-9af6-44a8-bc29-a09541d050b2,CUST-2019-SG-000028,Jason,Phillips,Jason Phillips,Male,1974-06-09,jason.phillips@zoho.com,001-818-288-8115x183,15923 Jeffrey Turnpike Apt. 290,Lake Robertstad,Idaho,678,SG,Singapore,APAC,English,Consumer,Silver,2019-10-19,2019,RETURNING,True,MDM,2019-10-19,2026-04-17 15:58:37.221998
35dfa10e-35a5-4849-9cee-7497d8e22daa,CUST-2019-SG-000037,Tristan,Fitzgerald,Tristan Fitzgerald,Female,1971-01-31,tristan.fitzgerald@gmail.com,(882)310-7487x25359,63575 Rojas Prairie,Craigburgh,Minnesota,41316,SG,Singapore,APAC,English,Business,None,2019-01-17,2019,RETURNING,True,MDM,2019-01-17,2026-04-17 15:58:37.222000
4b63c96c-e073-4c66-a64f-ebf9b8bdca85,CUST-2020-SG-000022,Brenda,Forbes,Brenda Forbes,Female,2003-07-08,brenda.forbes@gmx.com,991.509.2712x349,60420 Christine Cove Apt. 401,East Williamfort,North Carolina,84826,SG,Singapore,APAC,English,Business,Silver,2020-07-03,2020,RETURNING,True,MDM,2020-07-03 00:00:00,2026-04-17 15:58:37.222001
9d2d006c-32d7-4736-9b05-89364b2d3744,CUST-2019-SG-000277,William,Martin,William Martin,Female,1950-06-01,william.martin@aol.com,430-705-4795x3076,3002 Joshua Park Suite 777,Michaelstad,Massachusetts,23690,SG,Singapore,APAC,English,Consumer,Gold,2019-09-21,2019,RETURNING,True,MDM,2019-09-21,2026-04-17 15:58:37.222003
775e0cfa-9d78-4785-bfbe-0d7c2a7fcf5b,CUST-2019-SG-000009,Donald,Palmer,Donald Palmer,Male,1984-11-24,donald.palmer@aol.com,4524249143,8229 Raymond Locks,New Margaret,Iowa,74556,SG,Singapore,APAC,English,Consumer,None,2019-08-08,2019,RETURNING,True,MDM,2019-08-08,2026-04-17 15:58:37.222005
65d13d87-5754-4459-be23-3cc420503772,CUST-2019-SG-000123,Erica,Romero,Erica Romero,Female,1951-07-25,erica.romero@aol.com,(790)804-5223x931,55917 Melissa Wall,Petersmouth,New Hampshire,19183,SG,Singapore,APAC,English,Consumer,Silver,2019-05-08,2019,RETURNING,True,MDM,2019-05-08,2026-04-17 15:58:37.222006
080f4103-8f16-4ad7-9d8e-8a42fef32f5d,CUST-2019-SG-000336,Jason,Jenkins,Jason Jenkins,Female,2001-08-15,jason.jenkins527@live.com,869.809.3470x1620,68861 Deborah Islands Suite 644,Jessicaland,Rhode Island,12897,SG,Singapore,APAC,English,Consumer,None,2019-08-23,2019,RETURNING,False,MDM,2019-08-23,2026-04-17 15:58:37.222008
f00c5169-5009-4e1d-a9d2-ef313aa35ccb,CUST-2020-SG-000023,Jacob,Miles,Jacob Miles,Male,1952-09-06,jacob.miles@aol.com,524-988-1384x400,486 Daniel Glen,Loveshire,Montana,90268,SG,Singapore,APAC,English,Consumer,None,2020-06-30,2020,RETURNING,True,MDM,2020-06-30 00:00:00,2026-04-17 15:58:37.222010
430779b4-2d83-46ec-a4ec-f1da928c291a,CUST-2020-SG-000079,James,Garcia,James Garcia,Male,1962-10-06,james.garcia@gmx.com,(620)298-0410x7343,054 Stacy Loaf Suite 683,New Joel,Montana,23446,SG,Singapore,APAC,English,Consumer,Platinum,2020-09-06,2020,RETURNING,True,MDM,2020-09-06 00:00:00,2026-04-17 15:58:37.222012
31090327-044f-4a7d-86be-e6247656e613,CUST-2020-SG-000004,David,Johnson,David Johnson,Male,1963-02-02,david.johnson@aol.com,706.673.6466,30912 Herring Wall,Bennettland,Texas,98676,SG,Singapore,APAC,English,Consumer,Silver,2020-01-05,2020,RETURNING,True,MDM,2020-01-05 00:00:00,2026-04-17 15:58:37.222013
6728eaab-1648-4b75-b437-fbf8c08b1a2e,CUST-2019-SG-000193,Tiffany,Richard,Tiffany Richard,Male,1981-01-30,tiffany.richard@mail.com,(380)427-4498x1500,1648 Stephen Junction Apt. 757,Lake Joann,Pennsylvania,56773,SG,Singapore,APAC,English,Consumer,None,2019-07-29,2019,RETURNING,True,MDM,2019-07-29,2026-04-17 15:58:37.222015
39302796-058a-479f-a7a0-f309a62084a9,CUST-2020-SG-000116,Ronald,Jones,Ronald Jones,Male,1990-01-25,ronald.jones@zoho.com,501.607.4677x40523,5507 Ann Key,North Hannah,Connecticut,82820,SG,Singapore,APAC,English,Consumer,None,2020-11-01,2020,RETURNING,True,MDM,2020-11-01 00:00:00,2026-04-17 15:58:37.222017
bba6cf8f-712d-4397-ba25-d16e26b87206,CUST-2019-SG-000282,Heather,Moore,Heather Moore,Male,1957-07-03,heather.moore@zoho.com,775.725.3288x77807,789 Glass Pass Suite 532,Moyerport,Idaho,24061,SG,Singapore,APAC,English,Consumer,Silver,2019-11-06,2019,RETURNING,True,MDM,2019-11-06,2026-04-17 15:58:37.222019
756e2c98-400f-4215-aefd-866b48d4c264,CUST-2020-SG-000005,Brandon,Williams,Brandon Williams,Female,1994-06-09,brandon.williams@msn.com,001-421-614-2721x8418,11515 Nguyen Walks Apt. 480,Frankshire,North Carolina,29723,SG,Singapore,APAC,English,Consumer,Gold,2020-07-28,2020,RETURNING,True,MDM,2020-07-28 00:00:00,2026-04-17 15:58:37.222020
31c9d53e-c3e1-4364-b005-fc8ae7475e72,CUST-2020-SG-000029,Kristina,Choi,Kristina Choi,Male,2001-11-25,kristina.choi236@gmail.com,001-965-958-0786x208,46170 Harris Flat Suite 861,Schwartztown,Rhode Island,29568,SG,Singapore,APAC,English,Consumer,None,2020-12-14,2020,RETURNING,True,MDM,2020-12-14 00:00:00,2026-04-17 15:58:37.222022
bec2c40d-06c5-4580-a6d2-dada770e5ced,CUST-2019-SG-000315,Johnny,Jones,Johnny Jones,Female,1963-06-19,johnny.jones861@icloud.com,324.468.1879,2105 Ramos Land,New Clinton,Kansas,30250,SG,Singapore,APAC,English,Consumer,None,2019-07-10,2019,RETURNING,True,MDM,2019-07-10,2026-04-17 15:58:37.222024
7e9ba5b1-51cf-4c6e-aa0b-9607330a61da,CUST-2019-SG-000184,Dominique,Moon,Dominique Moon,Female,1999-08-06,dominique.moon261@icloud.com,001-849-854-9190,64518 Holly Valley Apt. 474,Allenbury,North Dakota,79128,SG,Singapore,APAC,English,Business,Gold,2019-08-20,2019,RETURNING,True,MDM,2019-08-20,2026-04-17 15:58:37.222026
a1422e81-8e36-4c2a-bcab-24f98497c197,CUST-2019-SG-000024,Louis,Gregory,Louis Gregory,Male,2008-03-03,louis.gregory614@live.com,465.464.2322,47742 Conner Dale Suite 258,Andersenport,Utah,55113,SG,Singapore,APAC,English,Business,None,2019-01-09,2019,RETURNING,True,MDM,2019-01-09,2026-04-17 15:58:37.222027
d6e0e3df-0e25-4c6e-9b7d-d5121d854280,CUST-2020-SG-000003,William,Velasquez,William Velasquez,Male,1994-02-12,william.velasquez383@hotmail.com,001-799-433-2805,7382 Drake Extension Apt. 149,Phillipsstad,Indiana,76431,SG,Singapore,APAC,English,Consumer,None,2020-04-26,2020,RETURNING,True,MDM,2020-04-26 00:00:00,2026-04-17 15:58:37.222029
1d4fd7db-c12d-4f30-866b-be6040c71d33,CUST-2019-SG-000192,Jeffrey,Baker,Jeffrey Baker,Female,1985-03-06,jeffrey.baker410@outlook.com,001-668-584-5383x15058,1814 Walker Loop,North Juliafort,Missouri,9514,SG,Singapore,APAC,English,Consumer,None,2019-12-07,2019,RETURNING,True,MDM,2019-12-07,2026-04-17 15:58:37.222031
1bd0fbb0-0f9b-457d-9ef6-c9dcb52dbcde,CUST-2019-SG-000190,Paul,Larson,Paul Larson,Female,1987-07-28,paul.larson@gmx.com,947-808-8509,493 Hicks Spurs,West Rachelview,Michigan,81109,SG,Singapore,APAC,English,Consumer,None,2019-11-23,2019,RETURNING,True,MDM,2019-11-23,2026-04-17 15:58:37.222033
3fad6fc1-b4d1-4f0c-8545-ca0d51fc298e,CUST-2019-SG-000205,Jeremy,Wilson,Jeremy Wilson,Female,1995-07-16,jeremy.wilson@aol.com,6857859755,84549 Penny Stravenue,Stanleychester,Indiana,84791,SG,Singapore,APAC,English,Consumer,Silver,2019-12-15,2019,RETURNING,False,MDM,2019-12-15,2026-04-17 15:58:37.222035
3a0c4477-a127-4881-8995-d925f5affb48,CUST-2019-SG-000069,Dustin,Parker,Dustin Parker,Female,1972-10-19,dustin.parker@outlook.com,+1-446-534-5924x334,08966 Bond Gardens Apt. 126,East Kentshire,California,969,SG,Singapore,APAC,English,Education,None,2019-07-02,2019,RETURNING,True,MDM,2019-07-02,2026-04-17 15:58:37.222037
8ce40f55-1858-470f-b97c-558af16d4fb7,CUST-2020-SG-000074,Adam,Nelson,Adam Nelson,Male,1983-04-16,adam.nelson@zoho.com,703.719.6486,59167 Jessica Hills,Richardsonshire,Nebraska,35817,SG,Singapore,APAC,English,Education,Silver,2020-07-19,2020,RETURNING,True,MDM,2020-07-19 00:00:00,2026-04-17 15:58:37.222038
0fc40a18-edf3-434a-aca9-02712a222d4a,CUST-2019-SG-000214,Gabriela,Wiley,Gabriela Wiley,Female,1955-07-02,gabriela.wiley@hotmail.com,5625645035,59792 Oliver Corner,Garrettview,New Hampshire,54133,SG,Singapore,APAC,English,Business,None,2019-06-23,2019,RETURNING,True,MDM,2019-06-23,2026-04-17 15:58:37.222040
be70d508-3194-4332-946a-4ecd47f588eb,CUST-2019-SG-000102,Amanda,Miller,Amanda Miller,Male,1998-08-29,amanda.miller@icloud.com,948-894-7221,20270 Tracy Common,Robertsmouth,West Virginia,7313,SG,Singapore,APAC,English,Consumer,Silver,2019-05-21,2019,RETURNING,True,MDM,2019-05-21,2026-04-17 15:58:37.222042
2010224c-22ba-4c02-83ad-1973e9e6c8bc,CUST-2019-SG-000084,Gabriella,Gutierrez,Gabriella Gutierrez,Female,1988-06-14,gabriella.gutierrez@icloud.com,(636)447-3845,1679 Espinoza Viaduct Suite 202,West Susanberg,Delaware,56653,SG,Singapore,APAC,English,Consumer,None,2019-10-18,2019,RETURNING,True,MDM,2019-10-18,2026-04-17 15:58:37.222043
82171d03-5b05-481e-a089-2ec39940f288,CUST-2019-SG-000085,John,Walker,John Walker,Female,1995-06-02,john.walker422@icloud.com,(801)260-0552x16972,82605 Aaron Bypass,New Joseph,Idaho,18040,SG,Singapore,APAC,English,Consumer,Silver,2019-04-06,2019,RETURNING,True,MDM,2019-04-06,2026-04-17 15:58:37.222045
cae61b5e-e97d-4f04-9d33-8ada6a904486,CUST-2019-SG-000055,Janet,Myers,Janet Myers,Female,1954-12-07,janet.myers@icloud.com,(902)825-3878x3786,22275 Anthony Pass,Rhondaview,Maryland,22660,SG,Singapore,APAC,English,Consumer,None,2019-04-27,2019,RETURNING,True,MDM,2019-04-27,2026-04-17 15:58:37.222047
e3e77ecb-582a-433e-ac78-b762b981a265,CUST-2020-SG-000036,Jody,Singh,Jody Singh,Female,1975-05-23,jody.singh@hotmail.com,447.709.6871x96536,462 Charles Haven Apt. 439,Lake Carolynview,Michigan,80842,SG,Singapore,APAC,English,Consumer,Gold,2020-08-22,2020,RETURNING,True,MDM,2020-08-22 00:00:00,2026-04-17 15:58:37.222048
717bdd63-cdc1-4874-bb8e-48556f025ec7,CUST-2019-SG-000128,Mark,Anderson,Mark Anderson,Male,1957-12-06,mark.anderson@protonmail.com,908.693.9474x72931,808 Lin Stravenue,Mooneymouth,Illinois,74361,SG,Singapore,APAC,English,Consumer,None,2019-09-16,2019,RETURNING,True,MDM,2019-09-16,2026-04-17 15:58:37.222050
3872346e-5296-457c-b338-54a6d0f6de6e,CUST-2020-SG-000087,Cory,Jackson,Cory Jackson,Male,1991-02-02,cory.jackson@live.com,929.540.2718x209,60197 Jenkins Key Apt. 325,East Ashley,Utah,67892,SG,Singapore,APAC,English,Consumer,Platinum,2020-11-08,2020,RETURNING,True,MDM,2020-11-08 00:00:00,2026-04-17 15:58:37.222051
3e59ede8-3bc7-4841-bd03-5a7f77fe6077,CUST-2020-SG-000093,Anthony,Russell,Anthony Russell,Female,1992-03-12,anthony.russell@msn.com,(577)256-9307x993,8860 Hannah Hollow Suite 305,Sheltonfurt,Alaska,94829,SG,Singapore,APAC,English,Consumer,None,2020-03-14,2020,RETURNING,True,MDM,2020-03-14 00:00:00,2026-04-17 15:58:37.222053
b37aff6e-45ae-4829-9b5d-bdfe1e48f906,CUST-2019-SG-000344,Gary,Lowe,Gary Lowe,Male,1963-03-29,gary.lowe302@msn.com,+1-345-767-7027x9055,6811 Donna Groves,Justinbury,New Mexico,72761,SG,Singapore,APAC,English,Consumer,None,2019-02-24,2019,RETURNING,True,MDM,2019-02-24,2026-04-17 15:58:37.222055
3be99f9f-c41f-45e8-a8e2-e8fa9aa9821e,CUST-2020-SG-000048,Stephanie,Holland,Stephanie Holland,Female,1998-11-04,stephanie.holland950@hotmail.com,9823882963,443 Michael Plaza,Lake Michelle,Delaware,79753,SG,Singapore,APAC,English,Business,None,2020-03-27,2020,RETURNING,True,MDM,2020-03-27 00:00:00,2026-04-17 15:58:37.222057
c31a468e-6e54-4548-81e3-ccb53b0b2052,CUST-2019-SG-000016,Katelyn,Hughes,Katelyn Hughes,Male,1965-04-22,katelyn.hughes@live.com,+1-651-620-3045x7318,54653 Benjamin Points,Robertmouth,Minnesota,46445,SG,Singapore,APAC,English,Consumer,None,2019-01-01,2019,RETURNING,True,MDM,2019-01-01,2026-04-17 15:58:37.222059
6b4cc37f-ed24-4759-a433-cdfa712fc3a4,CUST-2019-SG-000264,Sara,Smith,Sara Smith,Female,1988-05-19,sara.smith@protonmail.com,+1-695-261-6761x274,453 Schmidt Village,Lake Sethside,Oregon,25753,SG,Singapore,APAC,English,Consumer,Platinum,2019-03-29,2019,RETURNING,True,MDM,2019-03-29,2026-04-17 15:58:37.222061
6f1c12f2-fada-42b3-960e-07b8a2873b03,CUST-2019-SG-000176,Daniel,Cunningham,Daniel Cunningham,Male,2006-09-25,daniel.cunningham@mail.com,(956)716-1371x299,94507 Carter Point,East Elizabeth,South Carolina,86194,SG,Singapore,APAC,English,Business,None,2019-05-09,2019,RETURNING,True,MDM,2019-05-09,2026-04-17 15:58:37.222063
b6b25895-4a58-4c85-b8a7-57f0e72b0689,CUST-2019-SG-000048,Timothy,Morgan,Timothy Morgan,Female,1997-06-02,timothy.morgan@mail.com,(203)910-7205x4796,3726 Susan Village,South Jerryberg,North Dakota,23488,SG,Singapore,APAC,English,Business,None,2019-01-19,2019,RETURNING,True,MDM,2019-01-19,2026-04-17 15:58:37.222065
9e0c4f7d-810e-40a8-bfce-51dec6e442e4,CUST-2020-SG-000115,Tracy,Rivera,Tracy Rivera,Female,2005-11-04,tracy.rivera670@aol.com,935.630.7581x92096,01758 Walker Ranch Suite 575,Smithburgh,Tennessee,95997,SG,Singapore,APAC,English,Consumer,None,2020-10-01,2020,RETURNING,False,MDM,2020-10-01 00:00:00,2026-04-17 15:58:37.222067
34baddea-4901-4c0a-9213-76ff16279d09,CUST-2019-SG-000252,Lisa,Wilson,Lisa Wilson,Male,1973-06-25,lisa.wilson222@aol.com,296-546-5306x510,09202 Tran Locks,New Jill,Virginia,54087,SG,Singapore,APAC,English,Consumer,Silver,2019-08-20,2019,RETURNING,True,MDM,2019-08-20,2026-04-17 15:58:37.222068
f9381b54-26cc-44d6-98f6-dbfb3a431247,CUST-2020-SG-000089,Michael,Ayala,Michael Ayala,Male,1950-08-23,michael.ayala@msn.com,(225)675-4265,78557 Robert Expressway Apt. 211,West Jason,Montana,16616,SG,Singapore,APAC,English,Consumer,Silver,2020-05-25,2020,RETURNING,True,MDM,2020-05-25 00:00:00,2026-04-17 15:58:37.222069
34285e3f-f27f-4d23-9628-07ab60aabe5d,CUST-2019-SG-000310,Louis,Donovan,Louis Donovan,Female,1981-02-18,louis.donovan643@gmail.com,001-920-698-8609x9506,942 Ryan Ranch,Jonathantown,Nebraska,47584,SG,Singapore,APAC,English,Consumer,None,2019-06-21,2019,RETURNING,True,MDM,2019-06-21,2026-04-17 15:58:37.222072
3aaae5c5-f69f-4b0d-ab58-30e1738045a4,CUST-2019-SG-000301,Shelly,Williams,Shelly Williams,Female,1971-04-04,shelly.williams@hotmail.com,001-662-782-0159x73931,41299 Perry Row Apt. 875,South Michaelborough,New Jersey,38436,SG,Singapore,APAC,English,Consumer,Silver,2019-06-23,2019,RETURNING,True,MDM,2019-06-23,2026-04-17 15:58:37.222073
b0db263b-d2c0-47d0-939e-2777fcb132a1,CUST-2019-SG-000074,Michelle,Stanton,Michelle Stanton,Female,2008-03-23,michelle.stanton@protonmail.com,747-261-9838,59023 Denise Square Suite 717,Devinstad,California,11460,SG,Singapore,APAC,English,Education,None,2019-12-17,2019,RETURNING,True,MDM,2019-12-17,2026-04-17 15:58:37.222075
8ef9031f-460a-4546-b767-4b7fa8403941,CUST-2020-SG-000111,Nathan,Mccarthy,Nathan Mccarthy,Female,1989-04-19,nathan.mccarthy@aol.com,3254695223,9247 Richardson Locks,West Billside,Arkansas,74450,SG,Singapore,APAC,English,Business,Platinum,2020-11-20,2020,RETURNING,True,MDM,2020-11-20 00:00:00,2026-04-17 15:58:37.222077
86c749dc-a92e-4435-a77e-2240c632b05d,CUST-2020-SG-000081,Adrienne,Wilson,Adrienne Wilson,Female,1964-05-12,adrienne.wilson246@hotmail.com,869-821-1557x7734,7684 Vincent Manors Apt. 821,Curtisburgh,New Jersey,89223,SG,Singapore,APAC,English,Business,Platinum,2020-09-15,2020,RETURNING,True,MDM,2020-09-15 00:00:00,2026-04-17 15:58:37.222078
590c241b-423b-49d6-9c67-3aa4c57846dc,CUST-2019-SG-000296,Joseph,Sanders,Joseph Sanders,Female,1995-06-07,joseph.sanders@protonmail.com,(995)659-8256,12774 Kelly Plaza Apt. 225,West Katherineview,New Hampshire,61540,SG,Singapore,APAC,English,Consumer,None,2019-07-28,2019,RETURNING,True,MDM,2019-07-28,2026-04-17 15:58:37.222080
c34359b9-f988-4f78-9659-4ed5537cdf54,CUST-2019-SG-000330,Christopher,Strickland,Christopher Strickland,Female,1973-11-11,christopher.strickland29@protonmail.com,001-797-504-0769x742,7613 Maria Mountains,South Sherry,Hawaii,60984,SG,Singapore,APAC,English,Consumer,Gold,2019-08-28,2019,RETURNING,True,MDM,2019-08-28,2026-04-17 15:58:37.222081
2800d044-d30c-4963-92d6-919f8f7ee5f5,CUST-2019-SG-000289,Sheila,Barrera,Sheila Barrera,Female,1981-12-16,sheila.barrera@msn.com,815.236.4392x70793,525 Michael Hill Suite 228,Markberg,California,1448,SG,Singapore,APAC,English,Consumer,None,2019-10-25,2019,RETURNING,True,MDM,2019-10-25,2026-04-17 15:58:37.222083
6f058b7b-3fe4-4692-a9fd-37c6785dd725,CUST-2020-SG-000044,Charles,Powers,Charles Powers,Male,1963-10-02,charles.powers@gmx.com,(998)295-9978,563 Perez Harbors,East Deborahfurt,Iowa,75346,SG,Singapore,APAC,English,Consumer,None,2020-07-11,2020,RETURNING,True,MDM,2020-07-11 00:00:00,2026-04-17 15:58:37.222085
64d9c72a-b31d-4181-8b5d-c4a516613d07,CUST-2019-SG-000033,Eric,Atkinson,Eric Atkinson,Female,1975-05-21,eric.atkinson@live.com,303-694-7370,834 Lloyd Wells,West Davidmouth,South Dakota,84096,SG,Singapore,APAC,English,Consumer,Silver,2019-09-16,2019,RETURNING,True,MDM,2019-09-16,2026-04-17 15:58:37.222087
19e94108-0ea4-489b-9a23-7ff094c37f76,CUST-2020-SG-000046,Kelly,Gonzalez,Kelly Gonzalez,Female,1964-05-22,kelly.gonzalez@gmail.com,+1-868-700-0021x40548,502 Rodriguez Loop,Tinaport,Oregon,80216,SG,Singapore,APAC,English,Consumer,None,2020-09-06,2020,RETURNING,True,MDM,2020-09-06 00:00:00,2026-04-17 15:58:37.222089
f25f6598-5c3f-434b-94f3-5c50660d3943,CUST-2019-SG-000208,Laura,Carter,Laura Carter,Male,1968-05-13,laura.carter@msn.com,001-449-773-0317x53475,480 Allen Court,Port David,Pennsylvania,23161,SG,Singapore,APAC,English,Consumer,Silver,2019-06-11,2019,RETURNING,False,MDM,2019-06-11,2026-04-17 15:58:37.222090
6d659139-2336-47ec-b7e5-5107a311e238,CUST-2019-SG-000211,Sharon,Murphy,Sharon Murphy,Male,1997-02-22,sharon.murphy@hotmail.com,001-639-347-4880x073,28680 Gabriel Ways,Patrickborough,Missouri,26543,SG,Singapore,APAC,English,Consumer,Silver,2019-04-10,2019,RETURNING,True,MDM,2019-04-10,2026-04-17 15:58:37.222092
0b9f3cca-c9a3-46e6-a1ff-2c1949381792,CUST-2019-SG-000286,Melissa,Lawrence,Melissa Lawrence,Female,1978-12-17,melissa.lawrence997@yahoo.com,(832)587-1097,30294 Williams Corner,East John,Rhode Island,27245,SG,Singapore,APAC,English,Education,Gold,2019-04-25,2019,RETURNING,False,MDM,2019-04-25,2026-04-17 15:58:37.222093
1fa2b8d4-5fd7-4fb9-86e9-bdd15f1f3ffe,CUST-2020-SG-000071,Michelle,Gardner,Michelle Gardner,Male,1981-08-27,michelle.gardner@aol.com,001-876-649-4592,5538 Michael Burgs Apt. 370,Lake Morganview,Georgia,94681,SG,Singapore,APAC,English,Consumer,None,2020-10-28,2020,RETURNING,True,MDM,2020-10-28 00:00:00,2026-04-17 15:58:37.222095
11c0bf36-1aac-4de2-bf1b-d421a7c9c026,CUST-2019-SG-000015,David,Valentine,David Valentine,Male,1998-08-21,david.valentine225@hotmail.com,+1-860-464-1689x168,867 Elliott Heights Suite 380,Robertostad,Oklahoma,61833,SG,Singapore,APAC,English,Business,None,2019-02-12,2019,RETURNING,True,MDM,2019-02-12,2026-04-17 15:58:37.222097
9eb05019-1a6f-4c8d-baec-35eaef424af8,CUST-2020-SG-000070,Pamela,Mills,Pamela Mills,Female,1995-03-29,pamela.mills387@mail.com,001-558-809-0826,2188 Moore Crest,Andrewchester,Arkansas,20133,SG,Singapore,APAC,English,Consumer,None,2020-11-04,2020,RETURNING,True,MDM,2020-11-04 00:00:00,2026-04-17 15:58:37.222099
a631abe8-043a-4f90-a768-f7aee1273316,CUST-2020-SG-000017,Richard,Rivas,Richard Rivas,Female,1997-07-11,richard.rivas978@gmail.com,412.435.7116x38411,28199 Hogan Orchard Apt. 784,Waterstown,Idaho,25128,SG,Singapore,APAC,English,Consumer,Gold,2020-08-22,2020,RETURNING,True,MDM,2020-08-22 00:00:00,2026-04-17 15:58:37.222100
871612a8-a58f-41b3-80b1-816e37b8184f,CUST-2019-SG-000335,Kevin,Lee,Kevin Lee,Female,1959-12-16,kevin.lee@gmx.com,001-614-260-9328x1086,350 Rollins Corners,Smithmouth,Massachusetts,96599,SG,Singapore,APAC,English,Consumer,None,2019-08-31,2019,RETURNING,True,MDM,2019-08-31,2026-04-17 15:58:37.222102
3d7e97d8-cd97-4bfd-8e03-a60fa8ff2e12,CUST-2020-SG-000080,Scott,Bright,Scott Bright,Male,1995-05-25,scott.bright@icloud.com,6965620572,4649 Sarah Coves,North Jeremy,Louisiana,90840,SG,Singapore,APAC,English,Consumer,None,2020-12-16,2020,RETURNING,True,MDM,2020-12-16 00:00:00,2026-04-17 15:58:37.222104
e683cf2a-4da3-488d-a377-e1d90d6b9b93,CUST-2019-SG-000087,Shelby,Brandt,Shelby Brandt,Male,1994-01-05,shelby.brandt11@mail.com,828.552.8883,6362 Adam Ramp,Traviston,Washington,15108,SG,Singapore,APAC,English,Consumer,Platinum,2019-11-28,2019,RETURNING,False,MDM,2019-11-28,2026-04-17 15:58:37.222106
1971f43c-31f3-4071-842d-91069dfa6e0b,CUST-2019-SG-000198,Ann,Collins,Ann Collins,Male,1985-06-29,ann.collins483@icloud.com,+1-848-609-8055x33444,7206 Morton Lodge Suite 148,New Isaac,Virginia,52578,SG,Singapore,APAC,English,Consumer,None,2019-02-11,2019,RETURNING,True,MDM,2019-02-11,2026-04-17 15:58:37.222108
8df68273-1ff9-4875-b4e2-f775aae927b8,CUST-2020-SG-000077,Megan,Mcdaniel,Megan Mcdaniel,Female,1960-04-16,megan.mcdaniel@yahoo.com,409-952-9987x27387,32364 Williams Views,New James,Colorado,1928,SG,Singapore,APAC,English,Consumer,None,2020-08-10,2020,RETURNING,True,MDM,2020-08-10 00:00:00,2026-04-17 15:58:37.222111
9f5b8e6e-b966-4ff9-b387-0d9f9f11f4b7,CUST-2019-SG-000231,David,Flores,David Flores,Male,1990-08-07,david.flores@yahoo.com,(323)260-4456,617 Perez Spurs,Martinbury,New York,79418,SG,Singapore,APAC,English,Consumer,None,2019-03-23,2019,RETURNING,True,MDM,2019-03-23,2026-04-17 15:58:37.222113
78e68ccf-44bf-483a-bffa-d6882c8c0863,CUST-2019-SG-000159,Jeffrey,Gregory,Jeffrey Gregory,Male,1983-09-05,jeffrey.gregory@protonmail.com,(241)480-6447x238,338 Waters Glens,Brightmouth,Pennsylvania,26014,SG,Singapore,APAC,English,Business,None,2019-09-23,2019,RETURNING,True,MDM,2019-09-23,2026-04-17 15:58:37.222114
e6c83916-0ca3-4d47-9aea-07cde3827b11,CUST-2020-SG-000085,Robert,Bush,Robert Bush,Male,1995-06-22,robert.bush@mail.com,864.522.5095x77837,6940 Jackson Plains Apt. 869,Christophershire,Kentucky,27161,SG,Singapore,APAC,English,Business,Platinum,2020-03-15,2020,RETURNING,True,MDM,2020-03-15 00:00:00,2026-04-17 15:58:37.222116
8ed9e69a-1e87-49f6-ac70-b9e596d6aa7a,CUST-2019-SG-000044,Karen,Pena,Karen Pena,Female,1976-12-31,karen.pena@icloud.com,(714)799-0316x7097,2070 Marc Estate,Christophermouth,Florida,62719,SG,Singapore,APAC,English,Consumer,None,2019-06-30,2019,RETURNING,True,MDM,2019-06-30,2026-04-17 15:58:37.222118
2d05d12c-ff45-4f2f-ab0d-1c1938534d4c,CUST-2019-SG-000189,Charles,Harmon,Charles Harmon,Male,1977-04-16,charles.harmon@msn.com,001-835-656-6026x70877,258 Bethany Causeway Suite 506,New Kathleentown,Vermont,62157,SG,Singapore,APAC,English,Consumer,None,2019-06-25,2019,RETURNING,True,MDM,2019-06-25,2026-04-17 15:58:37.222120
7e320f98-4231-4702-8473-5b70766777a7,CUST-2019-SG-000050,Wanda,Myers,Wanda Myers,Male,2006-04-24,wanda.myers@msn.com,001-269-213-6987x57913,004 Gary Freeway Apt. 937,Brandonside,Washington,9920,SG,Singapore,APAC,English,Consumer,Silver,2019-03-07,2019,RETURNING,True,MDM,2019-03-07,2026-04-17 15:58:37.222121
e928eb7c-8b93-4fcc-85a3-c5b0bce6cb93,CUST-2019-SG-000229,Amanda,Phillips,Amanda Phillips,Female,1996-08-19,amanda.phillips@aol.com,638-252-1626,89136 Christopher Shoal Suite 741,South Keithbury,Virginia,3637,SG,Singapore,APAC,English,Business,None,2019-08-21,2019,RETURNING,True,MDM,2019-08-21,2026-04-17 15:58:37.222123
d5d50fe8-2fc9-4916-be74-89f702af4f6f,CUST-2019-SG-000298,Michelle,Decker,Michelle Decker,Male,1969-05-28,michelle.decker@gmx.com,421-984-5511x7794,141 Emma Vista Apt. 031,Bennettstad,Idaho,3630,SG,Singapore,APAC,English,Consumer,None,2019-09-13,2019,RETURNING,True,MDM,2019-09-13,2026-04-17 15:58:37.222125
381d8a56-3939-4430-86e9-3840cf8aafc2,CUST-2019-SG-000039,Cynthia,Morris,Cynthia Morris,Female,1968-06-04,cynthia.morris781@outlook.com,244-803-9899x1064,21443 Hall Mountains Suite 054,Damonfort,Florida,84805,SG,Singapore,APAC,English,Consumer,None,2019-07-23,2019,RETURNING,True,MDM,2019-07-23,2026-04-17 15:58:37.222127
5a2134c0-7949-4ef5-a359-1391b8ccad50,CUST-2019-SG-000333,Zachary,Rose,Zachary Rose,Female,1973-03-15,zachary.rose@protonmail.com,498-764-7184x32227,689 Daniel Vista,Evansberg,Colorado,11074,SG,Singapore,APAC,English,Consumer,Silver,2019-11-28,2019,RETURNING,True,MDM,2019-11-28,2026-04-17 15:58:37.222128
1ba3c2de-685b-4e03-b0c7-e584b945af30,CUST-2019-SG-000111,Joshua,Carroll,Joshua Carroll,Female,1970-10-12,joshua.carroll@yahoo.com,+1-397-912-2272x960,11857 Robin Mews Suite 794,Nancyshire,New Mexico,41762,SG,Singapore,APAC,English,Consumer,Platinum,2019-06-20,2019,RETURNING,True,MDM,2019-06-20,2026-04-17 15:58:37.222130
cf125b14-4655-4038-a9f7-6807841c9056,CUST-2019-SG-000098,Allison,Everett,Allison Everett,Male,2002-06-08,allison.everett@icloud.com,(975)715-1522x950,90409 Daisy Manor,North Anthony,Idaho,48724,SG,Singapore,APAC,English,Consumer,None,2019-11-20,2019,RETURNING,True,MDM,2019-11-20,2026-04-17 15:58:37.222132
d9b84f6f-fe70-40a9-a841-a1f13c8e35cd,CUST-2019-SG-000076,Jesse,Brown,Jesse Brown,Female,1966-04-15,jesse.brown@msn.com,300.857.0483,95145 Megan Court Apt. 102,East Janiceborough,Louisiana,51954,SG,Singapore,APAC,English,Business,None,2019-08-21,2019,RETURNING,True,MDM,2019-08-21,2026-04-17 15:58:37.222133
c604dc1d-2b59-455d-910c-a6e900ad095c,CUST-2019-SG-000147,Courtney,Miles,Courtney Miles,Male,1976-07-20,courtney.miles@live.com,(423)696-3973,303 Jones Green,South Carlmouth,New York,73861,SG,Singapore,APAC,English,Education,None,2019-02-14,2019,RETURNING,True,MDM,2019-02-14,2026-04-17 15:58:37.222135
6015374e-f76e-4122-b635-0ceaad819ddc,CUST-2020-SG-000112,Bradley,Baker,Bradley Baker,Female,1951-11-05,bradley.baker@msn.com,(922)942-8585,1467 West Junction Apt. 391,Andersonchester,Wisconsin,20611,SG,Singapore,APAC,English,Consumer,None,2020-11-23,2020,RETURNING,True,MDM,2020-11-23 00:00:00,2026-04-17 15:58:37.222137
ba137cfe-72d5-433c-bf3e-68375369f215,CUST-2020-SG-000073,Valerie,Wilson,Valerie Wilson,Male,1951-06-07,valerie.wilson@gmail.com,812-307-8802x13403,70174 Brooks Isle Suite 884,Dawnshire,Wisconsin,56804,SG,Singapore,APAC,English,Education,Silver,2020-02-02,2020,RETURNING,True,MDM,2020-02-02 00:00:00,2026-04-17 15:58:37.222139
0d15c999-bd6d-4e34-b655-19a8cd939e05,CUST-2019-SG-000107,April,Jordan,April Jordan,Female,1978-05-02,april.jordan@live.com,(259)762-1793x20134,926 Hernandez Divide Suite 614,Ralphborough,Kansas,2770,SG,Singapore,APAC,English,Consumer,Gold,2019-06-03,2019,RETURNING,True,MDM,2019-06-03,2026-04-17 15:58:37.222140
da6a4c4d-526e-4e8a-aa2b-d0ce5cb3e0d4,CUST-2020-SG-000100,Alison,Estrada,Alison Estrada,Female,1983-12-14,alison.estrada@hotmail.com,624-680-0218x399,037 Kimberly View,West Sarahside,Oklahoma,47522,SG,Singapore,APAC,English,Consumer,Platinum,2020-07-10,2020,RETURNING,True,MDM,2020-07-10 00:00:00,2026-04-17 15:58:37.222142
d27042a3-7282-493e-9feb-15ffeb8a43dd,CUST-2020-SG-000010,George,Reese,George Reese,Female,1982-03-29,george.reese@aol.com,809-240-9539,8316 Brown Canyon,Staceyburgh,Arkansas,79160,SG,Singapore,APAC,English,Consumer,Silver,2020-05-17,2020,RETURNING,False,MDM,2020-05-17 00:00:00,2026-04-17 15:58:37.222143
05bd8221-de5d-4de4-af77-18c53cf901f4,CUST-2019-SG-000281,Jeffrey,Diaz,Jeffrey Diaz,Male,1958-07-31,jeffrey.diaz@gmail.com,+1-413-520-4122x01201,852 Brian Spring,Kaufmanberg,New Jersey,2044,SG,Singapore,APAC,English,Education,None,2019-01-03,2019,RETURNING,True,MDM,2019-01-03,2026-04-17 15:58:37.222146
2e3931cf-6fdb-4d18-a8e9-f584ed8a6cfc,CUST-2019-SG-000163,Carrie,Bowen,Carrie Bowen,Female,1985-08-10,carrie.bowen@icloud.com,308.236.5034,0370 David Isle,Kaitlinstad,Rhode Island,66839,SG,Singapore,APAC,English,Consumer,Silver,2019-07-10,2019,RETURNING,True,MDM,2019-07-10,2026-04-17 15:58:37.222147
3dac96dd-35d2-4a40-b000-c6d8e438f769,CUST-2020-SG-000082,Melanie,Watson,Melanie Watson,Female,2003-09-16,melanie.watson@aol.com,388.399.7978x41517,3215 Pamela Gateway Suite 382,New Nataliemouth,Idaho,26160,SG,Singapore,APAC,English,Education,Silver,2020-06-21,2020,RETURNING,True,MDM,2020-06-21 00:00:00,2026-04-17 15:58:37.222149
9fd4b198-3b29-4135-8fd1-4fa2f0a33e96,CUST-2020-SG-000041,Emily,Garrison,Emily Garrison,Female,1999-08-01,emily.garrison@live.com,(302)830-0360x05164,048 Jacobs Stravenue Suite 415,East David,Tennessee,41477,SG,Singapore,APAC,English,Consumer,None,2020-02-18,2020,RETURNING,True,MDM,2020-02-18 00:00:00,2026-04-17 15:58:37.222151
c92f1fbf-b13e-4690-8596-edbb44aa8b36,CUST-2019-SG-000232,Willie,Powell,Willie Powell,Female,1959-11-05,willie.powell17@mail.com,001-566-878-5185x62562,490 Stewart Summit Apt. 428,Lake Darlene,Alaska,18273,SG,Singapore,APAC,English,Consumer,Platinum,2019-12-08,2019,RETURNING,True,MDM,2019-12-08,2026-04-17 15:58:37.222153
8d4e227e-34cb-45a0-bac7-a74e0bbd4131,CUST-2019-SG-000291,Stephanie,Atkinson,Stephanie Atkinson,Female,1955-02-18,stephanie.atkinson@aol.com,001-810-539-3780x9856,65231 Lucas Lakes,New Terri,Massachusetts,60729,SG,Singapore,APAC,English,Business,None,2019-02-05,2019,RETURNING,True,MDM,2019-02-05,2026-04-17 15:58:37.222154
0a848226-be3f-4982-a026-9c56edec7be8,CUST-2019-SG-000067,Joseph,Rocha,Joseph Rocha,Female,1983-02-10,joseph.rocha@gmx.com,241-630-1131x13729,002 Holly Wall,Port Scott,Oregon,4417,SG,Singapore,APAC,English,Business,Silver,2019-12-12,2019,RETURNING,True,MDM,2019-12-12,2026-04-17 15:58:37.222156
dd5c2c0a-dc92-42d2-97e0-037c4b5309a5,CUST-2019-SG-000253,Daryl,Mitchell,Daryl Mitchell,Female,1971-12-21,daryl.mitchell@protonmail.com,001-780-356-1835x38603,9098 Lewis Trail Apt. 265,Acostaside,Kansas,31872,SG,Singapore,APAC,English,Consumer,Platinum,2019-03-24,2019,RETURNING,True,MDM,2019-03-24,2026-04-17 15:58:37.222158
b60f9c43-7b5c-420f-8c65-4c0b8e18f10d,CUST-2020-SG-000051,James,Brown,James Brown,Female,1991-07-24,james.brown400@live.com,807-792-8166x43874,787 Russell Wall,Elizabethville,North Carolina,58300,SG,Singapore,APAC,English,Consumer,None,2020-06-15,2020,RETURNING,True,MDM,2020-06-15 00:00:00,2026-04-17 15:58:37.222159
404cf5a5-d0b3-422e-bd7f-505ae53e8a20,CUST-2019-SG-000267,Jordan,Walton,Jordan Walton,Female,1951-06-09,jordan.walton121@yahoo.com,+1-448-421-5725,77673 Montgomery Common,Reidtown,Michigan,84199,SG,Singapore,APAC,English,Consumer,None,2019-01-17,2019,RETURNING,True,MDM,2019-01-17,2026-04-17 15:58:37.222161
9ea97443-0eb0-40b6-97d2-f38190d8953e,CUST-2020-SG-000097,Matthew,Payne,Matthew Payne,Female,1997-06-19,matthew.payne@yahoo.com,307-249-3472,47167 Porter Meadows Suite 912,Hubbardland,Missouri,19617,SG,Singapore,APAC,English,Business,None,2020-02-11,2020,RETURNING,False,MDM,2020-02-11 00:00:00,2026-04-17 15:58:37.222163
c76919bd-47b8-46e2-86d4-8e960ed36eb2,CUST-2019-SG-000323,Emily,King,Emily King,Male,1953-10-01,emily.king@msn.com,784.569.2392x859,101 Owens Path Apt. 892,Lake Michaelbury,Illinois,86402,SG,Singapore,APAC,English,Consumer,None,2019-10-04,2019,RETURNING,True,MDM,2019-10-04,2026-04-17 15:58:37.222165
17842b75-0caa-4239-b925-e80fd8b412bd,CUST-2019-SG-000250,Sara,Dudley,Sara Dudley,Male,1957-02-06,sara.dudley@icloud.com,(305)629-9872x16042,7683 Garcia Lights,Amandafort,Kansas,15615,SG,Singapore,APAC,English,Business,Platinum,2019-04-15,2019,RETURNING,True,MDM,2019-04-15,2026-04-17 15:58:37.222167
6782a1ea-fa5e-46b0-a559-50d1d5e9938b,CUST-2019-SG-000095,Lori,Ramirez,Lori Ramirez,Male,1964-10-12,lori.ramirez@hotmail.com,559.223.9926x26802,23658 Sharon Station Suite 956,North Ashley,Kansas,88342,SG,Singapore,APAC,English,Consumer,Silver,2019-04-07,2019,RETURNING,True,MDM,2019-04-07,2026-04-17 15:58:37.222169
ac3a32e3-cd14-4c85-87f3-f94a39649882,CUST-2020-SG-000049,Nicholas,Jackson,Nicholas Jackson,Male,1965-12-29,nicholas.jackson@gmail.com,415.954.0477,901 Harris Path,Port Joshuaport,Hawaii,59921,SG,Singapore,APAC,English,Business,None,2020-03-03,2020,RETURNING,True,MDM,2020-03-03 00:00:00,2026-04-17 15:58:37.222170
2dec1eee-7cd9-42b7-b10d-9487c038c299,CUST-2020-SG-000053,Phillip,Ross,Phillip Ross,Male,2007-04-06,phillip.ross@aol.com,215.372.5956x722,477 Cannon Keys Apt. 291,Port Andrewside,South Carolina,3242,SG,Singapore,APAC,English,Consumer,None,2020-01-07,2020,RETURNING,False,MDM,2020-01-07 00:00:00,2026-04-17 15:58:37.222172
3b4a84b2-99fa-49f1-92c9-7bae17dccb08,CUST-2020-SG-000015,David,Morris,David Morris,Female,1972-12-24,david.morris314@yahoo.com,883.673.5445x03924,3846 Hart Plain Apt. 912,North Ruthhaven,Iowa,36547,SG,Singapore,APAC,English,Education,Silver,2020-11-05,2020,RETURNING,True,MDM,2020-11-05 00:00:00,2026-04-17 15:58:37.222174
f97ff434-b7e7-4b05-b521-ee87018d2b0b,CUST-2019-SG-000164,Connie,Lowe,Connie Lowe,Female,1959-06-24,connie.lowe@aol.com,856-544-0820x24486,7306 Lauren Forest Apt. 101,Meyerland,Michigan,76527,SG,Singapore,APAC,English,Consumer,None,2019-12-19,2019,RETURNING,True,MDM,2019-12-19,2026-04-17 15:58:37.222176
0d27dffb-5d51-41af-b521-d19e79ae2926,CUST-2019-SG-000238,Robert,Morgan,Robert Morgan,Female,1950-07-30,robert.morgan@live.com,7022989823,17849 Sarah Hills,West Angelahaven,Idaho,69439,SG,Singapore,APAC,English,Consumer,Platinum,2019-02-17,2019,RETURNING,True,MDM,2019-02-17,2026-04-17 15:58:37.222177
b19cf3fd-9886-4604-8483-bb93d900509e,CUST-2019-SG-000075,Jonathan,Calderon,Jonathan Calderon,Female,1996-03-14,jonathan.calderon@outlook.com,001-394-534-8173x6664,849 Steven Manors Suite 904,Amyshire,Arizona,35629,SG,Singapore,APAC,English,Education,Platinum,2019-05-07,2019,RETURNING,True,MDM,2019-05-07,2026-04-17 15:58:37.222179
64350860-c1d0-4dcb-9c2c-03daa94fae4e,CUST-2019-SG-000104,Glenn,Morris,Glenn Morris,Male,1958-08-26,glenn.morris@outlook.com,7706902855,6498 Aguilar Springs,New Sheri,New Mexico,24262,SG,Singapore,APAC,English,Consumer,None,2019-03-12,2019,RETURNING,True,MDM,2019-03-12,2026-04-17 15:58:37.222181
9f209654-b43d-4a05-aff5-1f640ebc0fa9,CUST-2019-SG-000224,Tammy,Nguyen,Tammy Nguyen,Female,1955-07-27,tammy.nguyen@yahoo.com,(877)275-4229,8704 Benson Ridge,Mendezbury,New Hampshire,26214,SG,Singapore,APAC,English,Business,Gold,2019-11-04,2019,RETURNING,True,MDM,2019-11-04,2026-04-17 15:58:37.222182
929fe8dc-e77b-41a2-b1e4-7477a4501783,CUST-2019-SG-000275,Hannah,Brown,Hannah Brown,Female,1985-05-23,hannah.brown@msn.com,+1-983-772-6200x475,360 Larson Plains Suite 892,East Donald,Texas,99598,SG,Singapore,APAC,English,Education,Silver,2019-02-10,2019,RETURNING,True,MDM,2019-02-10,2026-04-17 15:58:37.222184
a6b9cdc3-a3e6-4ee3-97d7-cf48cb5efd8a,CUST-2020-SG-000007,Jeffrey,Clark,Jeffrey Clark,Female,2007-09-24,jeffrey.clark@outlook.com,(933)580-5363x29838,529 Clinton Knoll Apt. 135,Lake Julieside,Iowa,28036,SG,Singapore,APAC,English,Consumer,Silver,2020-10-11,2020,RETURNING,True,MDM,2020-10-11 00:00:00,2026-04-17 15:58:37.222185
520d7d3f-3d43-4e3e-ad60-1bda14cf6c11,CUST-2019-SG-000003,Joann,Castro,Joann Castro,Male,2000-06-07,joann.castro690@msn.com,(415)786-6579x55959,221 Browning Divide Apt. 752,Popeport,Kentucky,7073,SG,Singapore,APAC,English,Consumer,Gold,2019-12-28,2019,RETURNING,True,MDM,2019-12-28,2026-04-17 15:58:37.222187
14e3311c-1fe9-4425-9cce-c12281dec658,CUST-2019-SG-000313,Tyler,Casey,Tyler Casey,Female,1997-09-26,tyler.casey767@hotmail.com,582-649-1731,620 Danielle Hollow,Johnnyburgh,Utah,3559,SG,Singapore,APAC,English,Consumer,Platinum,2019-12-05,2019,RETURNING,True,MDM,2019-12-05,2026-04-17 15:58:37.222188
776f627e-7f4a-4ecd-a34e-2c461c401ce2,CUST-2020-SG-000013,Lauren,Reynolds,Lauren Reynolds,Male,1980-01-01,lauren.reynolds@aol.com,001-792-647-7696x690,13091 Petersen Harbors,East Seantown,Wyoming,42518,SG,Singapore,APAC,English,Education,Silver,2020-08-12,2020,RETURNING,True,MDM,2020-08-12 00:00:00,2026-04-17 15:58:37.222190
9f18ffec-2058-455a-a5b3-2b27c049883e,CUST-2019-SG-000171,Sarah,Hogan,Sarah Hogan,Female,1991-10-31,sarah.hogan326@hotmail.com,001-369-346-8193x880,405 Green Meadows Apt. 920,Port Stephaniechester,Wyoming,40651,SG,Singapore,APAC,English,Consumer,Gold,2019-03-25,2019,RETURNING,True,MDM,2019-03-25,2026-04-17 15:58:37.222191
d5bfcad2-ecd4-46c9-882c-c97b569176d7,CUST-2019-SG-000153,Allison,Hall,Allison Hall,Male,2002-11-30,allison.hall380@live.com,734-363-8639x017,79463 Floyd Extension Apt. 317,West Carrie,Texas,34096,SG,Singapore,APAC,English,Business,Platinum,2019-01-11,2019,RETURNING,False,MDM,2019-01-11,2026-04-17 15:58:37.222193
34ee9f2d-053e-44b9-a376-db6d67295898,CUST-2020-SG-000011,Juan,Clayton,Juan Clayton,Male,1950-10-05,juan.clayton235@zoho.com,(330)704-8967x76961,76350 Gonzalez Camp,West Wendyton,Arkansas,91200,SG,Singapore,APAC,English,Consumer,Gold,2020-06-02,2020,RETURNING,True,MDM,2020-06-02 00:00:00,2026-04-17 15:58:37.222194
6ec0ba25-708b-4df9-9fe6-30b5d42c1fdc,CUST-2019-SG-000100,Valerie,Price,Valerie Price,Male,2004-03-27,valerie.price@zoho.com,+1-755-375-6939x745,1049 Cox Brook,Palmerstad,Florida,47155,SG,Singapore,APAC,English,Consumer,None,2019-12-04,2019,RETURNING,True,MDM,2019-12-04,2026-04-17 15:58:37.222196
0408deef-0a09-4939-97fa-a779de4a8eb2,CUST-2019-SG-000020,Matthew,Manning,Matthew Manning,Female,1992-01-30,matthew.manning@gmx.com,+1-695-489-7436x371,6100 Smith Falls,Saraview,West Virginia,67711,SG,Singapore,APAC,English,Consumer,None,2019-12-20,2019,RETURNING,True,MDM,2019-12-20,2026-04-17 15:58:37.222198
35286928-eb3c-42f5-866d-c5504a1ddced,CUST-2020-SG-000066,Annette,Brown,Annette Brown,Female,1985-04-25,annette.brown@hotmail.com,+1-611-223-7479x83697,5054 Baker Estate,Tylerbury,Oklahoma,72218,SG,Singapore,APAC,English,Business,Platinum,2020-09-17,2020,RETURNING,True,MDM,2020-09-17 00:00:00,2026-04-17 15:58:37.222199
6b1884c0-3a87-4b8b-8852-bd1e921a6cf3,CUST-2019-SG-000169,Thomas,Chambers,Thomas Chambers,Male,1965-08-18,thomas.chambers@yahoo.com,+1-919-342-4131,3980 Simmons Landing Apt. 777,Jamieview,Alaska,29094,SG,Singapore,APAC,English,Consumer,Silver,2019-11-19,2019,RETURNING,True,MDM,2019-11-19,2026-04-17 15:58:37.222201
9b0dda83-228a-4873-b0e6-10d877307b80,CUST-2020-SG-000019,Gabriella,Shah,Gabriella Shah,Female,1993-10-09,gabriella.shah134@msn.com,892-269-1186,5825 Nancy Vista,Port Tiffanyhaven,New York,91223,SG,Singapore,APAC,English,Consumer,Gold,2020-08-07,2020,RETURNING,True,MDM,2020-08-07 00:00:00,2026-04-17 15:58:37.222202
62544edf-a4c3-43b8-8c24-df4c80f2fac4,CUST-2019-SG-000145,Robert,Grant,Robert Grant,Male,1982-08-09,robert.grant120@outlook.com,4865340065,7445 Sellers Ridge,Jamesport,New Mexico,92117,SG,Singapore,APAC,English,Consumer,None,2019-08-13,2019,RETURNING,True,MDM,2019-08-13,2026-04-17 15:58:37.222204
1ae38c46-2e7d-43ab-9de7-9f074a9a8042,CUST-2019-SG-000236,Cindy,Barrett,Cindy Barrett,Male,1960-11-09,cindy.barrett539@hotmail.com,9163406232,726 Perez Rest Suite 876,South Melissafurt,Hawaii,51990,SG,Singapore,APAC,English,Consumer,Silver,2019-01-13,2019,RETURNING,True,MDM,2019-01-13,2026-04-17 15:58:37.222205
eedd9d3e-f1bd-4b59-b5a5-9fc838390e55,CUST-2019-SG-000325,Robert,Huff,Robert Huff,Female,1957-12-27,robert.huff@mail.com,001-733-264-9765,9192 Daniel Court Suite 420,Burgessmouth,Hawaii,40173,SG,Singapore,APAC,English,Consumer,Platinum,2019-01-12,2019,RETURNING,False,MDM,2019-01-12,2026-04-17 15:58:37.222207
c555dec2-6066-47ab-aff9-40b7f7044b22,CUST-2020-SG-000033,Brian,Juarez,Brian Juarez,Male,1964-02-04,brian.juarez@msn.com,001-976-960-0342,7597 Michael Plains Suite 270,Rodriguezfurt,New Mexico,18141,SG,Singapore,APAC,English,Consumer,Gold,2020-07-16,2020,RETURNING,True,MDM,2020-07-16 00:00:00,2026-04-17 15:58:37.222208
01a40840-00c1-46f1-b1ef-b401c4ffa88d,CUST-2019-SG-000200,Mark,Mcbride,Mark Mcbride,Female,1965-05-12,mark.mcbride@zoho.com,(205)381-6829x7175,3195 Tyler Village,New Brittanyside,Iowa,79779,SG,Singapore,APAC,English,Consumer,None,2019-01-13,2019,RETURNING,True,MDM,2019-01-13,2026-04-17 15:58:37.222210
552c2017-f109-471e-837b-8802cf916690,CUST-2019-SG-000294,Krista,Rodriguez,Krista Rodriguez,Female,1991-09-28,krista.rodriguez790@gmail.com,301-589-3557x376,32094 Dorothy Crossing,South Brandi,South Dakota,35427,SG,Singapore,APAC,English,Consumer,Gold,2019-09-15,2019,RETURNING,True,MDM,2019-09-15,2026-04-17 15:58:37.222212
091433a9-573a-48ec-bdc3-d173ded063fc,CUST-2019-SG-000217,David,Raymond,David Raymond,Male,1977-11-14,david.raymond@hotmail.com,(282)433-4882,08208 Kristy Manor,Lake Gregorychester,Washington,56491,SG,Singapore,APAC,English,Consumer,Gold,2019-08-12,2019,RETURNING,True,MDM,2019-08-12,2026-04-17 15:58:37.222213
96230f59-7092-4585-a08d-59938530881c,CUST-2019-SG-000058,Nathan,Odonnell,Nathan Odonnell,Female,1958-01-21,nathan.odonnell@zoho.com,+1-946-341-3263x40969,29121 Ashley Terrace Apt. 615,Kelseyburgh,Florida,81763,SG,Singapore,APAC,English,Consumer,Platinum,2019-06-20,2019,RETURNING,True,MDM,2019-06-20,2026-04-17 15:58:37.222215
00f60ed5-23f8-43c4-b83d-ff8b31ed63ae,CUST-2020-SG-000068,David,Moore,David Moore,Male,1974-10-10,david.moore@msn.com,001-227-911-1473x938,8569 Fox Isle,South Micheletown,Illinois,43444,SG,Singapore,APAC,English,Consumer,None,2020-05-03,2020,RETURNING,False,MDM,2020-05-03 00:00:00,2026-04-17 15:58:37.222217
7379702c-d020-428f-8a8a-51951fcd93b6,CUST-2019-SG-000174,James,Scott,James Scott,Female,2000-03-01,james.scott174@gmail.com,789-928-4572x95954,4114 Billy Roads,Port Johnathanhaven,Utah,70254,SG,Singapore,APAC,English,Consumer,Silver,2019-03-03,2019,RETURNING,False,MDM,2019-03-03,2026-04-17 15:58:37.222219
3404e054-72c5-4450-9f5b-45d7610b845a,CUST-2019-SG-000272,Christopher,Yu,Christopher Yu,Male,2003-06-05,christopher.yu@mail.com,263-596-4950,94458 Johnson Isle,New Madelinetown,Pennsylvania,38655,SG,Singapore,APAC,English,Consumer,None,2019-01-03,2019,RETURNING,True,MDM,2019-01-03,2026-04-17 15:58:37.222221
e916df22-bf35-46a0-88ca-d0d3eb72ada9,CUST-2021-SG-000001,Daisy,Green,Daisy Green,Female,1979-09-18,daisy.green@icloud.com,+1-863-220-8059x28531,919 Esparza Ways,Olivertown,Wyoming,71837,SG,Singapore,APAC,English,Consumer,Silver,2021-01-25,2021,NEW,True,MDM,2021-01-25 00:00:00,2026-04-17 15:58:37.222874
b0c54c6f-7b19-465c-8390-cf82d85d66cd,CUST-2021-SG-000002,James,Villanueva,James Villanueva,Female,1954-04-01,james.villanueva436@icloud.com,(461)855-8390,9843 John Motorway,Sarahborough,Iowa,10256,SG,Singapore,APAC,English,Consumer,None,2021-07-24,2021,NEW,True,MDM,2021-07-24 00:00:00,2026-04-17 15:58:37.223179
295e7f4d-edd6-4c25-ae78-f1d0c811ce70,CUST-2021-SG-000003,Matthew,Simpson,Matthew Simpson,Female,1974-09-12,matthew.simpson686@mail.com,724.848.0744x25513,48052 Benjamin Inlet,Dustinton,New Jersey,24840,SG,Singapore,APAC,English,Consumer,Silver,2021-02-17,2021,NEW,True,MDM,2021-02-17 00:00:00,2026-04-17 15:58:37.223966
ac2d4539-2e0d-4cdb-84b6-76111763b876,CUST-2021-SG-000004,Kathy,Houston,Kathy Houston,Male,1997-04-25,kathy.houston@gmail.com,001-545-640-1447x115,22150 Julie Field Suite 896,West Jacobland,Georgia,47894,SG,Singapore,APAC,English,Consumer,Silver,2021-08-15,2021,NEW,True,MDM,2021-08-15 00:00:00,2026-04-17 15:58:37.224224
89e7099a-da4e-4ca1-b6dd-1c99b54d931e,CUST-2021-SG-000005,Michael,Jones,Michael Jones,Female,1974-05-29,michael.jones883@outlook.com,001-632-484-6590x973,17277 Taylor Squares Apt. 019,Jacobchester,Colorado,48798,SG,Singapore,APAC,English,Consumer,Platinum,2021-10-23,2021,NEW,True,MDM,2021-10-23 00:00:00,2026-04-17 15:58:37.224922
d16e1316-e8fe-45ae-b424-a9ecfe57037f,CUST-2021-SG-000006,Christian,Rojas,Christian Rojas,Male,1994-03-10,christian.rojas@icloud.com,001-534-920-2241x168,7501 Davis Burgs,North Dana,South Carolina,33822,SG,Singapore,APAC,English,Business,None,2021-03-29,2021,NEW,True,MDM,2021-03-29 00:00:00,2026-04-17 15:58:37.225209
4f1c6862-0907-4ab8-9c64-402b97ccb2b8,CUST-2021-SG-000007,Kelly,Boyle,Kelly Boyle,Female,1951-12-31,kelly.boyle316@zoho.com,001-826-435-4357,600 Thomas Way,Meganside,Tennessee,96207,SG,Singapore,APAC,English,Consumer,None,2021-08-20,2021,NEW,True,MDM,2021-08-20 00:00:00,2026-04-17 15:58:37.225600
64544e58-b2d3-4cbf-b582-a253cff82170,CUST-2021-SG-000008,Antonio,Harper,Antonio Harper,Male,1970-06-15,antonio.harper@icloud.com,791.551.8431,22885 Judy Shoals Suite 747,Sharonmouth,Ohio,96323,SG,Singapore,APAC,English,Consumer,None,2021-04-15,2021,NEW,False,MDM,2021-04-15 00:00:00,2026-04-17 15:58:37.226119
949b5a28-609c-45d5-b25f-b111de45b350,CUST-2021-SG-000009,Jose,Scott,Jose Scott,Male,1988-11-10,jose.scott@hotmail.com,346-386-0547,21124 Moore Overpass Apt. 804,Leachview,Oregon,63041,SG,Singapore,APAC,English,Consumer,None,2021-02-21,2021,NEW,True,MDM,2021-02-21 00:00:00,2026-04-17 15:58:37.226399
0f71bfa3-9ee8-44a4-90ed-120f9b9ce853,CUST-2021-SG-000010,Stacy,Leonard,Stacy Leonard,Male,1996-04-23,stacy.leonard@zoho.com,383-998-7724,5512 Reed Lake,Julianshire,South Carolina,57905,SG,Singapore,APAC,English,Consumer,None,2021-08-09,2021,NEW,True,MDM,2021-08-09 00:00:00,2026-04-17 15:58:37.227092
0999b007-d98c-4c5d-8d61-6ac4befd51f5,CUST-2021-SG-000011,Amanda,Lee,Amanda Lee,Female,1957-01-15,amanda.lee@msn.com,6344152909,908 Wilson Points Suite 005,North Lauraburgh,Arkansas,62054,SG,Singapore,APAC,English,Consumer,None,2021-06-06,2021,NEW,True,MDM,2021-06-06 00:00:00,2026-04-17 15:58:37.227510
edf937d2-76c2-4064-9776-28b4d6c80a7d,CUST-2021-SG-000012,Matthew,Thomas,Matthew Thomas,Female,2007-12-04,matthew.thomas@icloud.com,600.828.1628x72878,2506 Williams Park,West Jamesstad,Wyoming,26797,SG,Singapore,APAC,English,Consumer,None,2021-08-08,2021,NEW,True,MDM,2021-08-08 00:00:00,2026-04-17 15:58:37.228024
1a90347b-3203-43de-a9fb-e16e9e90afb2,CUST-2021-SG-000013,Jennifer,Zhang,Jennifer Zhang,Male,1958-02-15,jennifer.zhang@gmx.com,948.630.0774x539,878 Jerry Valleys Suite 068,Lindsayfort,Missouri,81951,SG,Singapore,APAC,English,Consumer,Silver,2021-02-10,2021,NEW,True,MDM,2021-02-10 00:00:00,2026-04-17 15:58:37.228355
c01b4c25-9369-4fe5-9493-e96f36c07a35,CUST-2021-SG-000014,Earl,Davis,Earl Davis,Female,1974-07-06,earl.davis@live.com,920-798-2394x4748,016 Day Pines Suite 380,West Sarahborough,New Mexico,85446,SG,Singapore,APAC,English,Consumer,Gold,2021-07-30,2021,NEW,True,MDM,2021-07-30 00:00:00,2026-04-17 15:58:37.228586
5fd92c50-5781-4132-8f1f-3ca2b2448f3e,CUST-2021-SG-000015,Stacy,Fisher,Stacy Fisher,Female,1963-04-08,stacy.fisher242@hotmail.com,+1-946-418-8516,7606 Sanchez Walk,Richville,Florida,67022,SG,Singapore,APAC,English,Consumer,None,2021-07-01,2021,NEW,True,MDM,2021-07-01 00:00:00,2026-04-17 15:58:37.228820
273996cb-50fc-45d1-b122-90ed33ab09a1,CUST-2021-SG-000016,Anthony,Thomas,Anthony Thomas,Male,1968-07-04,anthony.thomas@live.com,(786)479-6816x9713,8473 Jones Mission Suite 814,Smithchester,North Carolina,18142,SG,Singapore,APAC,English,Consumer,Gold,2021-02-23,2021,NEW,True,MDM,2021-02-23 00:00:00,2026-04-17 15:58:37.229547
64b2e36e-2dbe-4aae-88ac-93ab0c3c2c83,CUST-2021-SG-000017,Stephen,Romero,Stephen Romero,Male,2005-04-30,stephen.romero140@aol.com,+1-343-532-8490,680 Kelli Station Apt. 171,Lake Rebecca,Nebraska,64151,SG,Singapore,APAC,English,Consumer,None,2021-01-07,2021,NEW,True,MDM,2021-01-07 00:00:00,2026-04-17 15:58:37.229988
bee6d2a8-55d9-41f9-946f-625ad6efc2a1,CUST-2021-SG-000018,Sheryl,Barrett,Sheryl Barrett,Female,1958-03-16,sheryl.barrett@gmx.com,444-745-6876x619,66909 Thomas Circles Suite 757,Ricardofurt,Michigan,03340,SG,Singapore,APAC,English,Consumer,None,2021-12-19,2021,NEW,True,MDM,2021-12-19 00:00:00,2026-04-17 15:58:37.230259
a7b8680a-ff01-4aba-b3ef-c970d4263e05,CUST-2021-SG-000019,Penny,King,Penny King,Female,1965-05-16,penny.king@aol.com,950.671.5136x679,17537 Alexandra Harbors,South Amberfurt,Arizona,30715,SG,Singapore,APAC,English,Consumer,None,2021-02-09,2021,NEW,True,MDM,2021-02-09 00:00:00,2026-04-17 15:58:37.231085
79527ccb-87f6-4f9f-a4de-5e5b8901c57d,CUST-2021-SG-000020,Shane,Floyd,Shane Floyd,Male,1989-08-15,shane.floyd@gmx.com,590-487-8144x82951,60215 Molly Green,South Stephenton,Alaska,53665,SG,Singapore,APAC,English,Consumer,Gold,2021-11-18,2021,NEW,True,MDM,2021-11-18 00:00:00,2026-04-17 15:58:37.231532
c9376fcc-a87f-4fe2-8e35-65993694de6c,CUST-2021-SG-000021,Sandy,Proctor,Sandy Proctor,Male,1969-03-26,sandy.proctor304@mail.com,5655934888,482 Elijah Spurs,Mitchellberg,Pennsylvania,77780,SG,Singapore,APAC,English,Education,None,2021-08-05,2021,NEW,True,MDM,2021-08-05 00:00:00,2026-04-17 15:58:37.231790
49550bc8-4aa3-43be-8ff6-5bf1857cb005,CUST-2021-SG-000022,Maria,Cervantes,Maria Cervantes,Female,1980-07-20,maria.cervantes@hotmail.com,820-496-2499,644 Parks Meadow,West Seanmouth,Ohio,29961,SG,Singapore,APAC,English,Business,Silver,2021-04-17,2021,NEW,True,MDM,2021-04-17 00:00:00,2026-04-17 15:58:37.232352
6560f148-4dbd-4bc8-ad53-99dcf75f6997,CUST-2021-SG-000023,Larry,Walker,Larry Walker,Female,2003-03-01,larry.walker@gmail.com,+1-389-541-2362,774 Mark Divide Apt. 038,South Adrianshire,Colorado,87467,SG,Singapore,APAC,English,Consumer,Silver,2021-11-27,2021,NEW,True,MDM,2021-11-27 00:00:00,2026-04-17 15:58:37.232567
c259ff69-2f01-41ba-99c0-e0771bd186eb,CUST-2021-SG-000024,Frank,Hansen,Frank Hansen,Male,1998-08-14,frank.hansen@mail.com,8483971828,007 Bailey Grove,Port Brittanyville,Indiana,90715,SG,Singapore,APAC,English,Consumer,None,2021-05-21,2021,NEW,True,MDM,2021-05-21 00:00:00,2026-04-17 15:58:37.232784
70176163-c626-4671-82c2-2a8be99614c5,CUST-2021-SG-000025,Amy,Payne,Amy Payne,Male,1960-07-26,amy.payne@hotmail.com,289.657.6562,310 Wilcox Flats Suite 434,New Daniel,Kentucky,24501,SG,Singapore,APAC,English,Consumer,Silver,2021-09-21,2021,NEW,True,MDM,2021-09-21 00:00:00,2026-04-17 15:58:37.233056
75592c01-1c09-42c8-b40e-a8f1447e6439,CUST-2021-SG-000026,Erin,Burke,Erin Burke,Female,1961-11-15,erin.burke888@hotmail.com,(394)223-4073,4522 Ramirez Summit,North Erinfurt,New Mexico,08455,SG,Singapore,APAC,English,Consumer,Silver,2021-04-16,2021,NEW,True,MDM,2021-04-16 00:00:00,2026-04-17 15:58:37.233821
fd96bc45-28a5-4d9e-8be3-859da196f4b4,CUST-2021-SG-000027,Kathy,Edwards,Kathy Edwards,Male,1978-11-03,kathy.edwards@hotmail.com,+1-656-895-9299,816 Bailey Land,Mariafurt,Arkansas,80824,SG,Singapore,APAC,English,Consumer,Silver,2021-03-29,2021,NEW,True,MDM,2021-03-29 00:00:00,2026-04-17 15:58:37.234108
7acff2db-4e3a-49fb-aca6-fa4797c000b3,CUST-2021-SG-000028,Lisa,Little,Lisa Little,Female,1981-02-05,lisa.little@msn.com,(863)977-9487x5379,6606 Ward Stravenue Apt. 910,Ellenbury,South Dakota,97135,SG,Singapore,APAC,English,Consumer,None,2021-04-18,2021,NEW,True,MDM,2021-04-18 00:00:00,2026-04-17 15:58:37.234389
c9d9c568-aed9-49a9-a6d3-2a36af094435,CUST-2021-SG-000029,Samantha,Rosario,Samantha Rosario,Male,1990-05-23,samantha.rosario875@outlook.com,732-279-1752x5753,25727 Gabrielle Stream Suite 552,Lake Roseland,New Jersey,90436,SG,Singapore,APAC,English,Consumer,Platinum,2021-06-13,2021,NEW,True,MDM,2021-06-13 00:00:00,2026-04-17 15:58:37.235045
442edcb7-1e93-4aac-8a2c-b5d204ec37db,CUST-2021-SG-000030,Jason,Patton,Jason Patton,Male,1988-07-11,jason.patton128@protonmail.com,420-676-1524,02588 Melanie Burg,South Joshuastad,North Dakota,29345,SG,Singapore,APAC,English,Consumer,None,2021-05-28,2021,NEW,True,MDM,2021-05-28 00:00:00,2026-04-17 15:58:37.236480
85485d8c-ecdc-4fba-a240-5c245a865bfc,CUST-2021-SG-000031,Sheila,Cantrell,Sheila Cantrell,Female,1991-02-16,sheila.cantrell103@mail.com,+1-725-260-4203x03040,48352 Jose Trail Suite 585,Tonyatown,Maine,73374,SG,Singapore,APAC,English,Consumer,None,2021-06-15,2021,NEW,False,MDM,2021-06-15 00:00:00,2026-04-17 15:58:37.236719
ea450d1b-b497-4172-9d86-e543512f7b48,CUST-2021-SG-000032,Carolyn,Johnson,Carolyn Johnson,Male,1958-10-28,carolyn.johnson@zoho.com,001-722-542-6316x543,7948 Matthew Ports Suite 136,Lanceland,Alaska,65077,SG,Singapore,APAC,English,Consumer,None,2021-11-25,2021,NEW,True,MDM,2021-11-25 00:00:00,2026-04-17 15:58:37.236928
518ac33a-477d-4a61-b848-3d891cab75c2,CUST-2021-SG-000033,Dillon,Griffith,Dillon Griffith,Male,1989-08-31,dillon.griffith@msn.com,(387)729-8667x208,926 Nelson Inlet,Tylerhaven,Montana,33779,SG,Singapore,APAC,English,Consumer,Silver,2021-02-19,2021,NEW,True,MDM,2021-02-19 00:00:00,2026-04-17 15:58:37.237537
2a46616d-a2f6-4b34-a170-265a96b0832d,CUST-2021-SG-000034,Robert,Logan,Robert Logan,Male,1961-10-29,robert.logan643@yahoo.com,478-381-9747,62153 Hall Mountains,Michaelchester,Illinois,54242,SG,Singapore,APAC,English,Consumer,Platinum,2021-02-06,2021,NEW,True,MDM,2021-02-06 00:00:00,2026-04-17 15:58:37.237760
86800dc7-0a4f-406a-b02c-af3a93cf82b3,CUST-2021-SG-000035,Jill,Mosley,Jill Mosley,Male,2001-12-05,jill.mosley@aol.com,001-406-834-2705x39637,54701 Cheryl Glen,Sanderstown,New York,41215,SG,Singapore,APAC,English,Consumer,None,2021-06-20,2021,NEW,True,MDM,2021-06-20 00:00:00,2026-04-17 15:58:37.238030
bf7b8461-f4cb-4583-a294-d1c68649c593,CUST-2021-SG-000036,Ricky,Davies,Ricky Davies,Male,2004-06-11,ricky.davies@gmx.com,001-702-238-1573,15877 Cooper Flats,Nathanielton,Georgia,54515,SG,Singapore,APAC,English,Consumer,None,2021-11-17,2021,NEW,True,MDM,2021-11-17 00:00:00,2026-04-17 15:58:37.238259
e68b4123-4435-4cfb-9141-6afd976d80d5,CUST-2021-SG-000037,Paige,Munoz,Paige Munoz,Male,1980-03-08,paige.munoz@msn.com,(615)942-9365x529,69381 Nicole Mall Suite 455,Palmerside,Connecticut,74675,SG,Singapore,APAC,English,Consumer,Gold,2021-08-21,2021,NEW,True,MDM,2021-08-21 00:00:00,2026-04-17 15:58:37.238525
5d10a6f8-535b-45de-b51b-6ebc48a19b69,CUST-2021-SG-000038,Carlos,Morgan,Carlos Morgan,Male,1981-11-18,carlos.morgan@zoho.com,479-431-8164,26935 Randy Mill Apt. 011,North Joseph,North Dakota,40411,SG,Singapore,APAC,English,Consumer,None,2021-07-11,2021,NEW,True,MDM,2021-07-11 00:00:00,2026-04-17 15:58:37.238729
897c7778-2d87-496a-b091-2065bd71996a,CUST-2021-SG-000039,Jason,Coleman,Jason Coleman,Female,1957-06-19,jason.coleman@yahoo.com,(525)772-5265,9290 Kimberly Mews,South Amy,Connecticut,25503,SG,Singapore,APAC,English,Consumer,None,2021-03-01,2021,NEW,True,MDM,2021-03-01 00:00:00,2026-04-17 15:58:37.239215
6f04e6ab-514c-4113-8a43-f0a570fd35ca,CUST-2021-SG-000040,Mitchell,Miller,Mitchell Miller,Female,1958-01-27,mitchell.miller@live.com,001-890-285-6845x3909,4694 Taylor Prairie Apt. 456,Wangchester,Mississippi,12000,SG,Singapore,APAC,English,Consumer,Platinum,2021-09-27,2021,NEW,True,MDM,2021-09-27 00:00:00,2026-04-17 15:58:37.239667
48c39237-612b-483c-8715-fb636a620224,CUST-2021-SG-000041,Gary,Salazar,Gary Salazar,Female,1951-11-15,gary.salazar@live.com,702.587.3232,97196 Tapia Stravenue,Joelburgh,South Carolina,23070,SG,Singapore,APAC,English,Consumer,Platinum,2021-06-27,2021,NEW,False,MDM,2021-06-27 00:00:00,2026-04-17 15:58:37.239896
0ae3bc51-a5fd-4268-8ef4-7f35f6adf783,CUST-2021-SG-000042,Michael,Perez,Michael Perez,Female,2007-09-18,michael.perez@gmail.com,(330)546-4467x784,341 Robin Court,North Robertoview,Arizona,63772,SG,Singapore,APAC,English,Consumer,Gold,2021-06-18,2021,NEW,True,MDM,2021-06-18 00:00:00,2026-04-17 15:58:37.240336
ff3a0a07-7c38-4042-aaac-6c12c974d640,CUST-2021-SG-000043,Spencer,Collier,Spencer Collier,Male,1994-11-19,spencer.collier@zoho.com,(821)407-9083x9266,38039 Rodriguez River,West Dawnside,Kansas,33250,SG,Singapore,APAC,English,Education,Silver,2021-08-19,2021,NEW,True,MDM,2021-08-19 00:00:00,2026-04-17 15:58:37.240710
f85da010-d00d-48f5-b4c0-f7d42ee0aab4,CUST-2021-SG-000044,Donald,Andrews,Donald Andrews,Female,1973-07-02,donald.andrews@yahoo.com,(255)436-1652,445 James Expressway,Danielfort,South Dakota,23982,SG,Singapore,APAC,English,Consumer,None,2021-02-02,2021,NEW,True,MDM,2021-02-02 00:00:00,2026-04-17 15:58:37.241662
c2c409b1-cfa4-4d74-8963-a5b1b9a4f90d,CUST-2021-SG-000045,Julia,Hill,Julia Hill,Female,2007-02-27,julia.hill@protonmail.com,485-813-2243x22770,194 Amanda Square Apt. 245,Tinaport,Nevada,37199,SG,Singapore,APAC,English,Consumer,Gold,2021-05-26,2021,NEW,True,MDM,2021-05-26 00:00:00,2026-04-17 15:58:37.242014
1787b3bf-d562-4eff-977e-c40ca39e5742,CUST-2021-SG-000046,Brian,Harris,Brian Harris,Male,1953-11-11,brian.harris@gmx.com,2402663329,87829 Sharp Mountain,Amystad,Arkansas,01714,SG,Singapore,APAC,English,Consumer,None,2021-12-15,2021,NEW,True,MDM,2021-12-15 00:00:00,2026-04-17 15:58:37.243267
88ca59d4-7851-4c6b-a695-9008fa7f4b1c,CUST-2021-SG-000047,Amy,Solis,Amy Solis,Male,1983-12-13,amy.solis@outlook.com,(928)766-0771x1560,04128 Christine Run,South Maryville,Alabama,72311,SG,Singapore,APAC,English,Consumer,Platinum,2021-10-02,2021,NEW,True,MDM,2021-10-02 00:00:00,2026-04-17 15:58:37.243698
db996482-e2d0-4218-94f4-eadfa78e6931,CUST-2021-SG-000048,Michael,Jones,Michael Jones,Male,1985-04-14,michael.jones997@mail.com,452-446-2117,9311 Glen Ramp Suite 984,North Jenniferton,Connecticut,78190,SG,Singapore,APAC,English,Consumer,None,2021-08-01,2021,NEW,False,MDM,2021-08-01 00:00:00,2026-04-17 15:58:37.243982
8de7cbdf-7241-4d11-9892-db6760c577b9,CUST-2021-SG-000049,Veronica,Cruz,Veronica Cruz,Female,2001-05-03,veronica.cruz@outlook.com,+1-610-452-7939,671 Michael Junction,Kathyfort,Mississippi,69675,SG,Singapore,APAC,English,Consumer,None,2021-05-18,2021,NEW,True,MDM,2021-05-18 00:00:00,2026-04-17 15:58:37.244280
34db0524-5bb4-498f-94c8-2bd4627a9c72,CUST-2021-SG-000050,Scott,Brown,Scott Brown,Female,1964-05-18,scott.brown@outlook.com,+1-367-668-4752,89459 Amanda Field,Dianahaven,Louisiana,01333,SG,Singapore,APAC,English,Consumer,None,2021-07-16,2021,NEW,True,MDM,2021-07-16 00:00:00,2026-04-17 15:58:37.244727
985186d6-634f-427a-8bc8-cfd57d0940d9,CUST-2021-SG-000051,Xavier,Barnes,Xavier Barnes,Male,1999-11-28,xavier.barnes@gmail.com,001-387-309-7122x7058,78121 Hamilton Crossing Suite 313,East Kristenchester,Alaska,17729,SG,Singapore,APAC,English,Education,Silver,2021-07-22,2021,NEW,True,MDM,2021-07-22 00:00:00,2026-04-17 15:58:37.245024
5f566617-360f-4dcc-8501-c8b2deb36894,CUST-2021-SG-000052,Elizabeth,Griffin,Elizabeth Griffin,Female,1968-04-07,elizabeth.griffin23@gmx.com,(540)250-2059,3073 Hess Court,East Robertshire,Hawaii,25216,SG,Singapore,APAC,English,Consumer,None,2021-09-10,2021,NEW,True,MDM,2021-09-10 00:00:00,2026-04-17 15:58:37.245252
292c58a5-15ac-41ab-bff6-6736cb0176e4,CUST-2021-SG-000053,Stephanie,Wilson,Stephanie Wilson,Female,1989-08-15,stephanie.wilson@zoho.com,4049940484,5535 Bradley Fields Suite 346,Hoffmanburgh,Nebraska,54821,SG,Singapore,APAC,English,Business,Silver,2021-05-03,2021,NEW,True,MDM,2021-05-03 00:00:00,2026-04-17 15:58:37.245514
db37f830-20c8-449c-91ef-f1df62497918,CUST-2021-SG-000054,Elizabeth,Watson,Elizabeth Watson,Male,1953-11-22,elizabeth.watson@zoho.com,001-684-608-0099x1812,750 Vickie Viaduct Suite 083,South Aaronburgh,South Dakota,08810,SG,Singapore,APAC,English,Business,Silver,2021-02-27,2021,NEW,True,MDM,2021-02-27 00:00:00,2026-04-17 15:58:37.245917
e5375c1c-c807-4b76-b446-0ece7b1f806a,CUST-2021-SG-000055,Mary,Torres,Mary Torres,Male,2007-08-23,mary.torres@live.com,(920)755-1574,0033 Phillips Streets Suite 527,North Tara,Arkansas,51965,SG,Singapore,APAC,English,Consumer,None,2021-12-22,2021,NEW,True,MDM,2021-12-22 00:00:00,2026-04-17 15:58:37.246645
3759da8f-4dd1-402a-9b35-acf3326a29e2,CUST-2021-SG-000056,Ian,Anderson,Ian Anderson,Male,1950-08-23,ian.anderson@gmail.com,(487)854-0128x09673,696 Stephanie Estate,Port Tina,Oregon,85026,SG,Singapore,APAC,English,Consumer,None,2021-04-08,2021,NEW,True,MDM,2021-04-08 00:00:00,2026-04-17 15:58:37.247123
1f9d912a-292d-4eb3-a6be-7e9f317caf80,CUST-2021-SG-000057,Carla,Lane,Carla Lane,Female,1977-09-04,carla.lane@hotmail.com,(434)628-3938,7472 Logan Dale,North Donald,Vermont,09227,SG,Singapore,APAC,English,Business,None,2021-03-27,2021,NEW,True,MDM,2021-03-27 00:00:00,2026-04-17 15:58:37.247338
7192f42a-fa29-42cf-af00-638964c3c1e0,CUST-2021-SG-000058,Cheryl,Patel,Cheryl Patel,Female,1955-06-16,cheryl.patel@gmx.com,001-466-475-1136x925,2157 Morales Road,Port Shawnbury,Missouri,34330,SG,Singapore,APAC,English,Consumer,None,2021-11-10,2021,NEW,True,MDM,2021-11-10 00:00:00,2026-04-17 15:58:37.247627
67972aba-6362-4ccb-9909-b5b1106ec01f,CUST-2021-SG-000059,George,Harrison,George Harrison,Female,1989-04-16,george.harrison@hotmail.com,+1-605-907-3998x24553,19760 Beck Forges,North Deborah,New York,77058,SG,Singapore,APAC,English,Consumer,None,2021-02-16,2021,NEW,True,MDM,2021-02-16 00:00:00,2026-04-17 15:58:37.247857
2a541f92-2525-4d78-86a4-8de73e8355b5,CUST-2021-SG-000060,Diane,Boyle,Diane Boyle,Female,2004-11-19,diane.boyle@mail.com,(241)998-4842,7122 Caroline Corner Suite 525,Lake Jesusbury,Illinois,97324,SG,Singapore,APAC,English,Consumer,None,2021-06-05,2021,NEW,True,MDM,2021-06-05 00:00:00,2026-04-17 15:58:37.248063
dd60d899-d874-4fb5-81e9-91562f0b1ea1,CUST-2021-SG-000061,Thomas,Park,Thomas Park,Female,1967-12-24,thomas.park@aol.com,+1-430-361-8140x692,75806 Christopher Key,Gallagherfurt,New Jersey,11530,SG,Singapore,APAC,English,Consumer,None,2021-03-18,2021,NEW,True,MDM,2021-03-18 00:00:00,2026-04-17 15:58:37.248279
39863411-bba6-44b9-85b6-ead06852213a,CUST-2021-SG-000062,Jeff,Mcknight,Jeff Mcknight,Female,1960-09-18,jeff.mcknight958@outlook.com,+1-619-887-8743,5018 Barton Flats Suite 749,Michealfurt,Louisiana,82482,SG,Singapore,APAC,English,Consumer,Gold,2021-03-29,2021,NEW,True,MDM,2021-03-29 00:00:00,2026-04-17 15:58:37.248500
51c51acb-7ed8-477c-9c18-ded4e9c74c43,CUST-2021-SG-000063,Alexander,Rosales,Alexander Rosales,Male,1961-06-22,alexander.rosales730@hotmail.com,(986)874-4290x95154,5915 Laura Trail,Harriston,South Carolina,73761,SG,Singapore,APAC,English,Consumer,None,2021-10-27,2021,NEW,True,MDM,2021-10-27 00:00:00,2026-04-17 15:58:37.248716
c56d24c0-487b-4c30-acf9-c8acd7f4c905,CUST-2021-SG-000064,Julie,Marsh,Julie Marsh,Female,1961-12-28,julie.marsh@msn.com,657.656.1176x578,01193 Gomez Light,Joshuaton,Illinois,23420,SG,Singapore,APAC,English,Consumer,None,2021-06-17,2021,NEW,True,MDM,2021-06-17 00:00:00,2026-04-17 15:58:37.248999
d3480c18-8e78-4304-9aa3-f81a21b31c7d,CUST-2021-SG-000065,Kimberly,Martin,Kimberly Martin,Female,2001-02-09,kimberly.martin604@outlook.com,526.821.3891x20902,0366 Theresa Tunnel Suite 224,Merrittland,Indiana,46096,SG,Singapore,APAC,English,Consumer,Gold,2021-10-26,2021,NEW,True,MDM,2021-10-26 00:00:00,2026-04-17 15:58:37.249243
41a5ec2e-ab0d-4d70-a1c5-e75e847e0d07,CUST-2021-SG-000066,Douglas,Hudson,Douglas Hudson,Male,1984-07-03,douglas.hudson@hotmail.com,001-221-434-1670,3843 Mann Views,South Larryland,North Carolina,07860,SG,Singapore,APAC,English,Consumer,Gold,2021-08-30,2021,NEW,True,MDM,2021-08-30 00:00:00,2026-04-17 15:58:37.249465
8e4834ff-611c-4898-a15d-2db93348bb86,CUST-2021-SG-000067,Crystal,Simpson,Crystal Simpson,Female,2006-06-13,crystal.simpson@hotmail.com,299.422.3111,757 Newman Spurs Suite 659,Greenberg,Arkansas,33103,SG,Singapore,APAC,English,Consumer,Silver,2021-08-04,2021,NEW,True,MDM,2021-08-04 00:00:00,2026-04-17 15:58:37.249700
912eb0e1-344a-4789-a101-cdda2dee830c,CUST-2021-SG-000068,Megan,Mitchell,Megan Mitchell,Male,1971-06-19,megan.mitchell@live.com,+1-953-910-7551,14245 Richard Light Suite 047,Carrshire,Wyoming,13601,SG,Singapore,APAC,English,Consumer,Silver,2021-07-15,2021,NEW,True,MDM,2021-07-15 00:00:00,2026-04-17 15:58:37.249954
4b08c1de-a3b7-4ecf-b6b1-c3233858d0fb,CUST-2021-SG-000069,Adam,Rodriguez,Adam Rodriguez,Male,1991-01-31,adam.rodriguez@zoho.com,+1-565-542-0905x009,1836 Baker Mountains,Figueroafurt,Hawaii,93452,SG,Singapore,APAC,English,Consumer,Silver,2021-09-29,2021,NEW,True,MDM,2021-09-29 00:00:00,2026-04-17 15:58:37.250248
57ad1323-cef0-4882-875a-1424670f429e,CUST-2021-SG-000070,Shannon,Leon,Shannon Leon,Male,1956-02-08,shannon.leon737@protonmail.com,374-620-0678,07564 Connor Village Apt. 778,Adamsmouth,Pennsylvania,28860,SG,Singapore,APAC,English,Business,None,2021-05-27,2021,NEW,True,MDM,2021-05-27 00:00:00,2026-04-17 15:58:37.250490
1776bc7e-f3ab-4ca4-8b02-078eb595944a,CUST-2021-SG-000071,Heather,Brooks,Heather Brooks,Female,1970-10-02,heather.brooks@live.com,(959)262-5570x470,44392 Timothy Manors Apt. 483,Wyattmouth,California,33285,SG,Singapore,APAC,English,Business,None,2021-09-05,2021,NEW,True,MDM,2021-09-05 00:00:00,2026-04-17 15:58:37.251033
49f011c1-1dc4-49a9-bc44-840df01c82ac,CUST-2021-SG-000072,Anthony,Young,Anthony Young,Male,1988-11-10,anthony.young@msn.com,(522)945-2981x32538,008 Robert Prairie,South Michael,Nevada,99206,SG,Singapore,APAC,English,Consumer,Gold,2021-03-01,2021,NEW,True,MDM,2021-03-01 00:00:00,2026-04-17 15:58:37.251343
cde41e5c-8c2d-4b3c-a03e-018476d875b7,CUST-2021-SG-000073,Jessica,Livingston,Jessica Livingston,Female,1953-08-31,jessica.livingston509@gmx.com,001-398-821-7964x066,47027 Bright Spurs,North Anthonybury,Iowa,54592,SG,Singapore,APAC,English,Consumer,None,2021-07-13,2021,NEW,True,MDM,2021-07-13 00:00:00,2026-04-17 15:58:37.251779
3b084188-caff-4c8a-9c51-66fc6b27def7,CUST-2021-SG-000074,Bradley,Durham,Bradley Durham,Female,1989-06-23,bradley.durham750@mail.com,001-636-788-7695x90387,583 Michele Light Apt. 974,South Alisonbury,Rhode Island,53055,SG,Singapore,APAC,English,Consumer,Silver,2021-11-30,2021,NEW,True,MDM,2021-11-30 00:00:00,2026-04-17 15:58:37.252089
a669f5a1-71cc-4ef4-9209-25afc49a0b74,CUST-2021-SG-000075,David,Miller,David Miller,Male,1953-08-12,david.miller@protonmail.com,518-736-5353x014,51878 Sellers Stravenue Suite 661,North Robert,Michigan,65466,SG,Singapore,APAC,English,Consumer,None,2021-10-14,2021,NEW,True,MDM,2021-10-14 00:00:00,2026-04-17 15:58:37.252323
bc23fd07-7178-4a59-baab-8585cdd3917f,CUST-2021-SG-000076,Kevin,Reyes,Kevin Reyes,Male,1982-09-27,kevin.reyes@zoho.com,682.726.6499,3429 Dalton Port Apt. 043,Fisherton,Idaho,89808,SG,Singapore,APAC,English,Consumer,None,2021-06-01,2021,NEW,True,MDM,2021-06-01 00:00:00,2026-04-17 15:58:37.252660
80bfa73f-ffc2-4dcf-ab22-6b2c98d7959f,CUST-2021-SG-000077,Tammy,Gomez,Tammy Gomez,Female,1969-07-14,tammy.gomez931@mail.com,+1-991-236-0872,66647 Lucas Fords Suite 763,Alyssaside,New York,09084,SG,Singapore,APAC,English,Consumer,Gold,2021-07-10,2021,NEW,True,MDM,2021-07-10 00:00:00,2026-04-17 15:58:37.252963
0736a3d4-a5aa-4bec-b5e6-a09c3592ba57,CUST-2021-SG-000078,Valerie,Sanchez,Valerie Sanchez,Male,1993-03-15,valerie.sanchez@gmail.com,772-776-3684x159,818 Rivera Circles,Bakermouth,Oklahoma,77950,SG,Singapore,APAC,English,Business,None,2021-09-10,2021,NEW,True,MDM,2021-09-10 00:00:00,2026-04-17 15:58:37.253254
ac944865-1583-44a2-a01b-9f661aabf65d,CUST-2021-SG-000079,Christopher,Ballard,Christopher Ballard,Male,1988-05-10,christopher.ballard@mail.com,+1-810-608-6719x106,08955 Davis Viaduct Suite 588,East Julia,Arkansas,67348,SG,Singapore,APAC,English,Consumer,Silver,2021-04-03,2021,NEW,True,MDM,2021-04-03 00:00:00,2026-04-17 15:58:37.253572
ab115e71-531a-40e9-8a79-f2d22d809840,CUST-2021-SG-000080,Stephanie,Smith,Stephanie Smith,Male,1968-07-09,stephanie.smith597@outlook.com,(850)313-6750x694,1234 Brett Overpass Suite 298,Port Nancy,Illinois,50165,SG,Singapore,APAC,English,Education,None,2021-08-18,2021,NEW,True,MDM,2021-08-18 00:00:00,2026-04-17 15:58:37.253780
2abc279c-ec6e-4518-9af6-35f4f0975b0b,CUST-2021-SG-000081,Dennis,Ponce,Dennis Ponce,Male,2007-01-10,dennis.ponce720@mail.com,387-263-4930,9918 Roberts Ferry,Raymondview,New Mexico,60278,SG,Singapore,APAC,English,Consumer,None,2021-07-21,2021,NEW,True,MDM,2021-07-21 00:00:00,2026-04-17 15:58:37.253996
0ee1e9f2-6585-4640-b9fa-a78036ace38d,CUST-2021-SG-000082,Matthew,Brewer,Matthew Brewer,Male,1962-03-24,matthew.brewer@icloud.com,001-351-789-0026x5852,7260 Kristin Roads Apt. 813,Monroehaven,Maine,85286,SG,Singapore,APAC,English,Business,Silver,2021-09-30,2021,NEW,True,MDM,2021-09-30 00:00:00,2026-04-17 15:58:37.254310
4c7a272f-22c6-4f8b-9742-ba78dc42b2fe,CUST-2021-SG-000083,Shawn,Jackson,Shawn Jackson,Female,1997-08-29,shawn.jackson677@aol.com,939-300-8147,117 Steven Crossing Suite 032,Lake Dawn,Tennessee,10691,SG,Singapore,APAC,English,Consumer,None,2021-06-19,2021,NEW,True,MDM,2021-06-19 00:00:00,2026-04-17 15:58:37.254527
745a16e3-fe16-432d-8af0-9fa68ee49533,CUST-2021-SG-000084,Gregory,Martin,Gregory Martin,Male,1964-09-01,gregory.martin@hotmail.com,(387)403-9127x603,31934 Hunter Lane Suite 560,West Emmachester,Texas,57252,SG,Singapore,APAC,English,Business,None,2021-06-03,2021,NEW,False,MDM,2021-06-03 00:00:00,2026-04-17 15:58:37.254751
d99233c2-7860-46b1-acf0-8c3cf5216fc1,CUST-2021-SG-000085,Brittany,Shields,Brittany Shields,Female,1963-09-08,brittany.shields104@aol.com,551.899.0917x1399,3759 Andrea Valley,Lake Curtis,West Virginia,82091,SG,Singapore,APAC,English,Consumer,Silver,2021-10-25,2021,NEW,True,MDM,2021-10-25 00:00:00,2026-04-17 15:58:37.254950
500bfd86-9d6e-4419-9907-8ae5963223bc,CUST-2021-SG-000086,Nicole,Johnson,Nicole Johnson,Male,1951-11-13,nicole.johnson677@mail.com,294-817-1285x443,0413 Murray Flats Apt. 785,East Charles,Tennessee,83433,SG,Singapore,APAC,English,Consumer,Silver,2021-01-15,2021,NEW,True,MDM,2021-01-15 00:00:00,2026-04-17 15:58:37.255171
a17a41ad-f48f-4ba4-8dc2-5750d3cadfe0,CUST-2021-SG-000087,Alexandra,Young,Alexandra Young,Female,1966-05-09,alexandra.young6@mail.com,+1-527-541-6838,974 Pearson Pike,Marilynhaven,New Jersey,47118,SG,Singapore,APAC,English,Business,None,2021-05-02,2021,NEW,True,MDM,2021-05-02 00:00:00,2026-04-17 15:58:37.255455
53227481-9996-4491-a85c-fcd35d7d39b0,CUST-2021-SG-000088,Bradley,Davis,Bradley Davis,Female,1973-03-01,bradley.davis@yahoo.com,(397)379-8962,669 Rebecca Inlet Suite 162,Kleintown,Nevada,03167,SG,Singapore,APAC,English,Consumer,Silver,2021-03-20,2021,NEW,True,MDM,2021-03-20 00:00:00,2026-04-17 15:58:37.255673
45f867bd-56d6-42fe-8780-9bead362a0af,CUST-2021-SG-000089,Martha,Grant,Martha Grant,Male,2006-03-27,martha.grant@outlook.com,873.775.4349,4039 Barbara Light Apt. 123,Port Thomasmouth,Connecticut,15984,SG,Singapore,APAC,English,Consumer,None,2021-11-25,2021,NEW,True,MDM,2021-11-25 00:00:00,2026-04-17 15:58:37.255965
d7932542-5c0b-4344-9569-fd19cfccbe4c,CUST-2021-SG-000090,Kristen,Campbell,Kristen Campbell,Female,1978-03-27,kristen.campbell@hotmail.com,+1-306-977-4858x2400,3452 Jennifer Glen Apt. 886,Jermaineview,Georgia,11553,SG,Singapore,APAC,English,Education,None,2021-12-04,2021,NEW,True,MDM,2021-12-04 00:00:00,2026-04-17 15:58:37.256290
18540418-cecb-4188-9eeb-ef103b0e293d,CUST-2021-SG-000091,Fred,Henry,Fred Henry,Female,2000-11-08,fred.henry@mail.com,4835035731,425 Thompson Light Apt. 323,West Katherine,Kansas,78720,SG,Singapore,APAC,English,Consumer,None,2021-10-31,2021,NEW,True,MDM,2021-10-31 00:00:00,2026-04-17 15:58:37.256553
393ead75-b175-4289-9691-fbd5c1029869,CUST-2021-SG-000092,Steven,Lee,Steven Lee,Female,1991-08-15,steven.lee@gmx.com,635-710-0862,009 Leah Freeway Suite 283,Scottville,Colorado,51784,SG,Singapore,APAC,English,Education,None,2021-07-30,2021,NEW,True,MDM,2021-07-30 00:00:00,2026-04-17 15:58:37.256862
89174818-5f5f-4641-a464-76e0c2695118,CUST-2021-SG-000093,Linda,Harper,Linda Harper,Male,1966-03-06,linda.harper@msn.com,(818)273-2940,6771 Kline Road,Armstrongfurt,Missouri,91543,SG,Singapore,APAC,English,Consumer,None,2021-04-03,2021,NEW,True,MDM,2021-04-03 00:00:00,2026-04-17 15:58:37.257179
b8c63dd5-50b6-4853-938b-de4d2ab870b6,CUST-2021-SG-000094,Jodi,Perry,Jodi Perry,Male,1953-07-18,jodi.perry@hotmail.com,802-354-2525x7905,209 Bryant Curve Suite 256,Michaelborough,Pennsylvania,76373,SG,Singapore,APAC,English,Consumer,None,2021-12-25,2021,NEW,True,MDM,2021-12-25 00:00:00,2026-04-17 15:58:37.257784
6be38bf5-f8d7-4157-9a76-157ebe8d3a74,CUST-2021-SG-000095,Danny,Snyder,Danny Snyder,Female,1951-02-05,danny.snyder@hotmail.com,493.435.6856x960,3123 Jimenez Pines,New Mckenzie,Virginia,36353,SG,Singapore,APAC,English,Consumer,Silver,2021-10-31,2021,NEW,True,MDM,2021-10-31 00:00:00,2026-04-17 15:58:37.258175
79e4853c-eb73-4f4b-9c3e-b1b0e8297c07,CUST-2021-SG-000096,Anna,Mclaughlin,Anna Mclaughlin,Female,1989-06-26,anna.mclaughlin@hotmail.com,+1-253-456-7099x60979,8970 White Ports Apt. 511,Powershaven,Arkansas,89629,SG,Singapore,APAC,English,Consumer,Silver,2021-12-13,2021,NEW,True,MDM,2021-12-13 00:00:00,2026-04-17 15:58:37.258445
4cacaff2-a139-4ac9-a983-d6fba0e67b25,CUST-2021-SG-000097,Charles,Barton,Charles Barton,Male,1961-06-02,charles.barton@protonmail.com,001-820-383-8709x41573,93546 Raymond Orchard Suite 423,Christopherburgh,Georgia,27673,SG,Singapore,APAC,English,Consumer,None,2021-01-31,2021,NEW,False,MDM,2021-01-31 00:00:00,2026-04-17 15:58:37.258657
7302769c-6ae3-4f81-b83d-ff92d44e3f1c,CUST-2021-SG-000098,Raymond,Roach,Raymond Roach,Male,1991-01-27,raymond.roach@aol.com,001-480-609-1135x298,56664 Nash Highway Suite 198,Moodyview,North Dakota,84268,SG,Singapore,APAC,English,Consumer,None,2021-01-22,2021,NEW,False,MDM,2021-01-22 00:00:00,2026-04-17 15:58:37.258898
8a602d49-fc3d-469d-970a-6a4b7dd68c30,CUST-2021-SG-000099,Miranda,Roberson,Miranda Roberson,Male,1958-12-16,miranda.roberson180@zoho.com,+1-865-533-4989x52389,04278 Jonathan Passage Apt. 883,Douglasville,Georgia,51569,SG,Singapore,APAC,English,Consumer,Silver,2021-10-27,2021,NEW,True,MDM,2021-10-27 00:00:00,2026-04-17 15:58:37.259105
06e85713-ccd1-4802-8ed1-ad6b11a6120b,CUST-2021-SG-000100,Rebecca,Turner,Rebecca Turner,Female,1962-09-01,rebecca.turner@zoho.com,398.446.2531x8640,7221 Gardner Drive Apt. 929,Annaland,Connecticut,40336,SG,Singapore,APAC,English,Education,None,2021-03-21,2021,NEW,True,MDM,2021-03-21 00:00:00,2026-04-17 15:58:37.259328
3a6bac9e-6e72-444d-957c-340d1fc67e0f,CUST-2021-SG-000101,Jessica,Mann,Jessica Mann,Female,1965-12-31,jessica.mann749@hotmail.com,(680)568-9875,073 Robert Inlet,East Johnton,Nevada,13757,SG,Singapore,APAC,English,Consumer,Silver,2021-11-21,2021,NEW,True,MDM,2021-11-21 00:00:00,2026-04-17 15:58:37.259530
51578a4a-5743-4ac7-a365-00c6f979c806,CUST-2021-SG-000102,Aaron,Duran,Aaron Duran,Female,1977-06-01,aaron.duran@msn.com,769.612.4110x90835,754 Fitzpatrick Squares Apt. 806,Lake Hollybury,Colorado,75041,SG,Singapore,APAC,English,Consumer,Gold,2021-07-04,2021,NEW,True,MDM,2021-07-04 00:00:00,2026-04-17 15:58:37.259746
c217df41-0c46-4d71-aa98-a7fb9f0bfc76,CUST-2021-SG-000103,Betty,Mcdowell,Betty Mcdowell,Female,1997-01-21,betty.mcdowell@aol.com,(723)370-6793,230 Lane River,Morrisland,Wyoming,28049,SG,Singapore,APAC,English,Consumer,None,2021-02-01,2021,NEW,False,MDM,2021-02-01 00:00:00,2026-04-17 15:58:37.259967
5012c78e-7da5-4b83-a46a-11dc5285fbcd,CUST-2021-SG-000104,Curtis,Irwin,Curtis Irwin,Female,1964-09-20,curtis.irwin@live.com,789.674.7825,99965 Hernandez Port Suite 273,South Ashleyview,Delaware,13487,SG,Singapore,APAC,English,Consumer,None,2021-01-17,2021,NEW,True,MDM,2021-01-17 00:00:00,2026-04-17 15:58:37.260175
76add317-b527-4142-8bcb-d6fe20fd8748,CUST-2021-SG-000105,Nancy,Davis,Nancy Davis,Male,1965-07-11,nancy.davis@gmx.com,+1-717-848-0652,9855 Ryan Motorway Suite 042,Esparzabury,New York,95597,SG,Singapore,APAC,English,Consumer,Gold,2021-03-12,2021,NEW,False,MDM,2021-03-12 00:00:00,2026-04-17 15:58:37.260387
3d65e940-49a4-4cc7-81bf-9b94757cccef,CUST-2021-SG-000106,Austin,Saunders,Austin Saunders,Male,2000-07-11,austin.saunders@hotmail.com,001-296-201-8074x54557,300 Jones Expressway Suite 728,Matthewmouth,Idaho,92534,SG,Singapore,APAC,English,Education,Silver,2021-12-04,2021,NEW,True,MDM,2021-12-04 00:00:00,2026-04-17 15:58:37.260594
dac6352a-b896-40e0-8afb-dfb51ad7d17f,CUST-2021-SG-000107,Stacy,Zamora,Stacy Zamora,Female,1954-01-13,stacy.zamora@icloud.com,+1-961-894-3983x3256,595 Newman Green Suite 191,Dunlapbury,Oregon,12086,SG,Singapore,APAC,English,Consumer,Gold,2021-01-26,2021,NEW,True,MDM,2021-01-26 00:00:00,2026-04-17 15:58:37.260816
43afddb6-27f6-4b08-b238-c6daf4fbd87f,CUST-2021-SG-000108,John,Bryant,John Bryant,Male,1968-05-20,john.bryant@live.com,+1-722-264-2511x0626,7309 Haynes Valleys,Jerrymouth,Oregon,38315,SG,Singapore,APAC,English,Consumer,None,2021-12-20,2021,NEW,True,MDM,2021-12-20 00:00:00,2026-04-17 15:58:37.261080
3f3f0c6c-313f-49f5-9513-96bb659599da,CUST-2021-SG-000109,Jacob,Weber,Jacob Weber,Male,1992-06-15,jacob.weber@live.com,001-325-405-1697,3680 Carney Hollow Apt. 955,Beckland,Alabama,30633,SG,Singapore,APAC,English,Consumer,Gold,2021-12-21,2021,NEW,True,MDM,2021-12-21 00:00:00,2026-04-17 15:58:37.261316
91f3b223-00c9-4efb-ba8b-4e49160d1fca,CUST-2021-SG-000110,Sarah,Dennis,Sarah Dennis,Male,1976-03-13,sarah.dennis815@gmx.com,723-775-6470,24358 Connie Greens,South Maryberg,Maryland,32787,SG,Singapore,APAC,English,Consumer,Silver,2021-08-31,2021,NEW,True,MDM,2021-08-31 00:00:00,2026-04-17 15:58:37.261507
ca8d033f-270e-4e36-a716-aad7e4f58f42,CUST-2021-SG-000111,Jeremy,Craig,Jeremy Craig,Male,1979-12-28,jeremy.craig@mail.com,579.935.0767x3545,24936 Fitzpatrick Forks,North Miranda,Arizona,94773,SG,Singapore,APAC,English,Consumer,Silver,2021-03-31,2021,NEW,True,MDM,2021-03-31 00:00:00,2026-04-17 15:58:37.261711
7f82c3ab-5fdd-4971-8181-a37d87ca56dc,CUST-2021-SG-000112,April,Walter,April Walter,Female,2003-05-14,april.walter365@yahoo.com,(625)973-9831x301,9507 Julian Valley,Garciaborough,Idaho,98575,SG,Singapore,APAC,English,Consumer,Silver,2021-12-09,2021,NEW,True,MDM,2021-12-09 00:00:00,2026-04-17 15:58:37.261916
7ffa6cdd-bee7-426b-9a19-c859b051f18b,CUST-2021-SG-000113,Curtis,Porter,Curtis Porter,Male,1965-05-20,curtis.porter@gmail.com,300.670.0704x15900,3184 Anderson Cliff,Jessicaside,Connecticut,75181,SG,Singapore,APAC,English,Consumer,Silver,2021-06-07,2021,NEW,True,MDM,2021-06-07 00:00:00,2026-04-17 15:58:37.262123
a8064703-63ea-4a68-a017-44b504a8c02d,CUST-2021-SG-000114,Randy,Clark,Randy Clark,Female,2003-03-24,randy.clark@aol.com,336-225-1143x91423,6430 Matthew Avenue Suite 719,Port Justinfurt,Missouri,59918,SG,Singapore,APAC,English,Business,Platinum,2021-04-26,2021,NEW,False,MDM,2021-04-26 00:00:00,2026-04-17 15:58:37.262320
8ba4bb2e-864d-46d1-a9dd-1bb5edd82692,CUST-2021-SG-000115,Kenneth,Brooks,Kenneth Brooks,Male,1960-09-06,kenneth.brooks@yahoo.com,9637618096,594 Rosario Centers,Hendricksfurt,North Dakota,26456,SG,Singapore,APAC,English,Consumer,Silver,2021-01-03,2021,NEW,True,MDM,2021-01-03 00:00:00,2026-04-17 15:58:37.262535
fd0869bb-205c-454a-b0e4-820ac9624637,CUST-2021-SG-000116,Michael,Welch,Michael Welch,Female,1972-03-27,michael.welch793@msn.com,001-527-241-6852,306 Robert Street Apt. 894,Valeriehaven,Tennessee,85722,SG,Singapore,APAC,English,Consumer,None,2021-06-22,2021,NEW,True,MDM,2021-06-22 00:00:00,2026-04-17 15:58:37.262725
33e5af5b-5b1c-4eef-93e0-cf61bb4c3d94,CUST-2021-SG-000117,Maria,Gibson,Maria Gibson,Male,1965-10-09,maria.gibson278@aol.com,779.354.2399,48511 Lisa Cliff,Brookeport,West Virginia,70156,SG,Singapore,APAC,English,Business,None,2021-11-20,2021,NEW,True,MDM,2021-11-20 00:00:00,2026-04-17 15:58:37.262979
b4c3eb96-e1cd-4153-844d-5614b2dbc2d1,CUST-2021-SG-000118,Nancy,Caldwell,Nancy Caldwell,Female,1959-07-16,nancy.caldwell@hotmail.com,001-455-956-2540x785,20719 Stewart Lane,Lorettamouth,North Carolina,21483,SG,Singapore,APAC,English,Education,None,2021-05-03,2021,NEW,True,MDM,2021-05-03 00:00:00,2026-04-17 15:58:37.263236
d74c9e33-3990-47bc-a04b-edcfff0ec504,CUST-2021-SG-000119,Paul,Harris,Paul Harris,Female,1964-06-13,paul.harris@aol.com,(784)897-5333x6604,770 Williams Fords,South Julianborough,Alabama,76871,SG,Singapore,APAC,English,Consumer,None,2021-09-28,2021,NEW,True,MDM,2021-09-28 00:00:00,2026-04-17 15:58:37.263448
cda6f597-a30e-4183-bd55-dffc100e4540,CUST-2021-SG-000120,Daniel,Welch,Daniel Welch,Female,1984-03-01,daniel.welch@live.com,(259)876-3555x957,9200 Lauren Road Suite 131,Greenestad,New Jersey,71684,SG,Singapore,APAC,English,Business,Platinum,2021-04-23,2021,NEW,True,MDM,2021-04-23 00:00:00,2026-04-17 15:58:37.263655
59633554-4b37-4aad-99f7-674f5c0301ba,CUST-2021-SG-000121,Diane,Reynolds,Diane Reynolds,Female,1980-04-09,diane.reynolds85@protonmail.com,(957)514-5624x93837,79995 Jon Way Suite 550,Lake Thomasstad,West Virginia,10570,SG,Singapore,APAC,English,Consumer,Silver,2021-04-06,2021,NEW,True,MDM,2021-04-06 00:00:00,2026-04-17 15:58:37.263850
ed9b119f-a55f-43a3-a0d9-87994da34c0d,CUST-2021-SG-000122,Lawrence,Munoz,Lawrence Munoz,Female,1959-02-25,lawrence.munoz@hotmail.com,001-521-874-8394x52619,51112 Danny Hills Suite 721,Rojasburgh,Alabama,00742,SG,Singapore,APAC,English,Consumer,Gold,2021-05-11,2021,NEW,True,MDM,2021-05-11 00:00:00,2026-04-17 15:58:37.264057
5350612d-99c2-4d00-8e48-bdc592e4a48a,CUST-2021-SG-000123,Janice,Cruz,Janice Cruz,Female,1987-12-04,janice.cruz390@aol.com,974-782-7516x978,6890 Shannon Squares,New Lisa,West Virginia,79651,SG,Singapore,APAC,English,Business,Silver,2021-02-12,2021,NEW,True,MDM,2021-02-12 00:00:00,2026-04-17 15:58:37.264244
ebe4102a-382d-4866-acdf-c18811080e14,CUST-2021-SG-000124,Garrett,Pineda,Garrett Pineda,Female,2006-01-14,garrett.pineda@msn.com,3137600724,493 Becker Plains Suite 478,Rogersberg,Vermont,51956,SG,Singapore,APAC,English,Consumer,Platinum,2021-02-18,2021,NEW,True,MDM,2021-02-18 00:00:00,2026-04-17 15:58:37.264466
753493e0-d1f0-437b-a326-b76cd7dc2016,CUST-2021-SG-000125,Tiffany,Murphy,Tiffany Murphy,Female,1995-03-13,tiffany.murphy@msn.com,001-483-903-7862,6715 May Mills,East Robert,Illinois,51532,SG,Singapore,APAC,English,Consumer,None,2021-08-23,2021,NEW,True,MDM,2021-08-23 00:00:00,2026-04-17 15:58:37.264666
09ad0a37-ddbc-4ba6-9661-5fedd8265823,CUST-2021-SG-000126,James,Kidd,James Kidd,Female,1969-08-08,james.kidd@yahoo.com,829.414.7135x88089,638 Anna Common Suite 699,Jamesshire,New Hampshire,43721,SG,Singapore,APAC,English,Consumer,Platinum,2021-09-25,2021,NEW,True,MDM,2021-09-25 00:00:00,2026-04-17 15:58:37.264865
