customer_id,customer_number,first_name,last_name,full_name,gender,date_of_birth,email,phone_number,street_address,city,state_province,postal_code,country_code,country_name,region,preferred_language,customer_segment,loyalty_tier,registration_date,acquisition_year,customer_type,is_active,source_system,created_at,updated_at
af4dcf05-c82c-448b-8e5f-22248f422e26,CUST-2019-JP-000320,京助,青木,京助 青木,Male,1951-08-22,user917.apple@outlook.com,12-7974-2142,256 井上 Street,町田市,大島町,266-2999,JP,Japan,JAPAN,Japanese,Consumer,None,2019-06-15,2019,RETURNING,False,MDM,2019-06-15,2026-04-17 15:58:34.136586
47f5cd8f-3eca-4ac5-9d41-7257452420bb,CUST-2019-JP-002360,涼平,前田,涼平 前田,Male,1950-08-13,user777.apple@zoho.com,090-4555-3361,249 近藤 Street,西多摩郡瑞穂町,清瀬市,288-7099,JP,Japan,JAPAN,Japanese,Consumer,Gold,2019-10-16,2019,RETURNING,False,MDM,2019-10-16,2026-04-17 15:58:34.136593
2bd861c9-6c8d-402e-b56c-303787f1de44,CUST-2019-JP-000386,香織,山本,香織 山本,Female,1989-06-02,user458.apple@gmx.com,070-9480-5556,208 伊藤 Street,夷隅郡御宿町,川崎市幸区,574-7726,JP,Japan,JAPAN,Japanese,Consumer,Platinum,2019-07-25,2019,RETURNING,True,MDM,2019-07-25,2026-04-17 15:58:34.136595
38449b8f-d21a-4f2c-8b7a-e8440f63ee3c,CUST-2019-JP-000334,直人,鈴木,直人 鈴木,Male,2002-06-23,user325.apple503@live.com,56-9707-5407,930 佐々木 Street,小笠原村,浦安市,962-7493,JP,Japan,JAPAN,Japanese,Consumer,Silver,2019-01-08,2019,RETURNING,True,MDM,2019-01-08,2026-04-17 15:58:34.136597
ad363a46-4434-42b6-ad5d-d3da77f0c8da,CUST-2019-JP-000989,翔太,吉田,翔太 吉田,Male,1977-01-10,user867.apple55@aol.com,16-5301-9836,203 吉田 Street,国分寺市,匝瑳市,324-8093,JP,Japan,JAPAN,Japanese,Consumer,None,2019-06-14,2019,RETURNING,True,MDM,2019-06-14,2026-04-17 15:58:34.136600
331ec09a-d766-4312-8d5b-7eb5a2a59dc4,CUST-2019-JP-002729,太郎,山口,太郎 山口,Female,1973-10-15,user402.apple@mail.com,09-9754-5345,611 小川 Street,利島村,横浜市都筑区,648-1411,JP,Japan,JAPAN,Japanese,Consumer,None,2019-11-27,2019,RETURNING,True,MDM,2019-11-27,2026-04-17 15:58:34.136607
e73404df-8fa0-410f-9586-a5ba7b8af052,CUST-2019-JP-000399,涼平,中川,涼平 中川,Male,2005-07-15,user213.apple@gmx.com,02-9833-5642,135 伊藤 Street,大網白里市,香取市,681-3761,JP,Japan,JAPAN,Japanese,Consumer,Silver,2019-01-18,2019,RETURNING,True,MDM,2019-01-18,2026-04-17 15:58:34.136609
6975316b-d597-48a8-8375-1b5c1de0e39e,CUST-2019-JP-002061,春香,後藤,春香 後藤,Female,1956-06-20,user406.apple293@yahoo.com,53-8770-2518,236 松本 Street,香取郡神崎町,文京区,583-4224,JP,Japan,JAPAN,Japanese,Business,None,2019-11-16,2019,RETURNING,True,MDM,2019-11-16,2026-04-17 15:58:34.136611
89da1e60-57bf-436a-994d-ac10e5154f37,CUST-2019-JP-002115,亮介,小林,亮介 小林,Female,2002-03-09,user724.apple@protonmail.com,080-3993-5758,410 山本 Street,国分寺市,富津市,726-4028,JP,Japan,JAPAN,Japanese,Consumer,Platinum,2019-09-13,2019,RETURNING,True,MDM,2019-09-13,2026-04-17 15:58:34.136612
56c625f9-eb30-49f7-ac8e-ba5b037a6059,CUST-2019-JP-000014,里佳,村上,里佳 村上,Female,1993-12-09,user743.apple@live.com,090-1234-0269,088 福田 Street,横浜市南区,御蔵島村,708-4568,JP,Japan,JAPAN,Japanese,Business,Gold,2019-03-15,2019,RETURNING,True,MDM,2019-03-15,2026-04-17 15:58:34.136614
b9aef6fe-95e9-41a1-9a59-0860ed3ca3c6,CUST-2019-JP-001322,充,渡辺,充 渡辺,Female,1977-01-05,user832.apple@msn.com,090-3204-0338,253 山下 Street,匝瑳市,横浜市西区,322-5517,JP,Japan,JAPAN,Japanese,Consumer,None,2019-09-13,2019,RETURNING,True,MDM,2019-09-13,2026-04-17 15:58:34.136616
b9e92779-72c7-43db-a52c-31e1c6e18ccd,CUST-2019-JP-002464,治,伊藤,治 伊藤,Female,1954-11-25,user277.apple348@aol.com,05-0481-1840,250 岡本 Street,長生郡長南町,世田谷区,930-3406,JP,Japan,JAPAN,Japanese,Consumer,Silver,2019-12-26,2019,RETURNING,True,MDM,2019-12-26,2026-04-17 15:58:34.136618
59fc143b-776f-47b1-aff9-08260d44d0c8,CUST-2019-JP-001210,淳,石井,淳 石井,Male,1992-11-02,user258.apple@icloud.com,19-6864-1099,122 林 Street,横浜市青葉区,青梅市,067-7799,JP,Japan,JAPAN,Japanese,Consumer,Gold,2019-11-15,2019,RETURNING,False,MDM,2019-11-15,2026-04-17 15:58:34.136619
0f54d902-d930-4f5f-a997-140367a0a8c0,CUST-2019-JP-001948,明美,山田,明美 山田,Male,1999-11-14,user266.apple600@mail.com,070-2006-6250,469 佐々木 Street,国立市,君津市,378-9469,JP,Japan,JAPAN,Japanese,Consumer,Gold,2019-02-28,2019,RETURNING,True,MDM,2019-02-28,2026-04-17 15:58:34.136621
b4c06046-d179-4e7f-9fbc-da0ceb04e8ca,CUST-2019-JP-001857,京助,山本,京助 山本,Female,2003-05-06,user673.apple@protonmail.com,080-0791-3730,408 西村 Street,鎌ケ谷市,川崎市中原区,042-7946,JP,Japan,JAPAN,Japanese,Consumer,None,2019-01-14,2019,RETURNING,True,MDM,2019-01-14,2026-04-17 15:58:34.136623
13e5642b-9513-4b19-8f08-e018f78636c1,CUST-2019-JP-000149,亮介,鈴木,亮介 鈴木,Female,1961-10-10,user756.apple@gmail.com,070-5660-9432,077 吉田 Street,八街市,羽村市,860-5118,JP,Japan,JAPAN,Japanese,Consumer,Gold,2019-05-18,2019,RETURNING,False,MDM,2019-05-18,2026-04-17 15:58:34.136625
21827f4e-58f9-4cb6-bbd0-2bc39a18ba99,CUST-2019-JP-000130,くみ子,清水,くみ子 清水,Female,1996-03-25,user627.apple199@protonmail.com,090-1890-8242,427 佐藤 Street,荒川区,夷隅郡大多喜町,672-5393,JP,Japan,JAPAN,Japanese,Consumer,Silver,2019-09-26,2019,RETURNING,True,MDM,2019-09-26,2026-04-17 15:58:34.136626
5a5ef3d2-31a5-4d03-b6c1-567f5e50f781,CUST-2019-JP-001891,千代,鈴木,千代 鈴木,Male,1989-12-22,user410.apple@gmail.com,78-3057-0012,527 小林 Street,東村山市,長生郡睦沢町,206-5975,JP,Japan,JAPAN,Japanese,Consumer,Silver,2019-12-09,2019,RETURNING,True,MDM,2019-12-09,2026-04-17 15:58:34.136628
517f6936-aba6-4390-9c71-16f8de147401,CUST-2019-JP-000441,淳,吉田,淳 吉田,Female,1988-02-01,user238.apple@gmx.com,070-9002-5808,879 山田 Street,豊島区,渋谷区,107-4738,JP,Japan,JAPAN,Japanese,Consumer,None,2019-07-03,2019,RETURNING,True,MDM,2019-07-03,2026-04-17 15:58:34.136630
8a316b24-280a-48c9-8f0c-1e99d686af87,CUST-2019-JP-001015,結衣,鈴木,結衣 鈴木,Male,1974-08-20,user423.apple@icloud.com,090-7354-2022,975 鈴木 Street,印西市,大網白里市,382-1332,JP,Japan,JAPAN,Japanese,Consumer,Gold,2019-04-15,2019,RETURNING,False,MDM,2019-04-15,2026-04-17 15:58:34.136632
e6c4858b-8997-4588-b5f0-7db7eec6a8b3,CUST-2019-JP-000245,明美,山口,明美 山口,Female,1963-06-13,user635.apple@outlook.com,080-2105-2081,131 加藤 Street,東大和市,匝瑳市,223-1574,JP,Japan,JAPAN,Japanese,Consumer,Gold,2019-02-08,2019,RETURNING,True,MDM,2019-02-08,2026-04-17 15:58:34.136633
70ce9a6e-510a-4862-aa10-dc7ff57fdc59,CUST-2019-JP-002419,直子,佐藤,直子 佐藤,Female,1969-05-05,user532.apple730@hotmail.com,07-2601-5805,650 小林 Street,印旛郡栄町,八丈島八丈町,745-5798,JP,Japan,JAPAN,Japanese,Consumer,Platinum,2019-02-01,2019,RETURNING,True,MDM,2019-02-01,2026-04-17 15:58:34.136635
9b221f30-5d6d-4c2e-8b24-6fe0f38844ac,CUST-2019-JP-001529,太一,石川,太一 石川,Female,1998-07-29,user313.apple@aol.com,070-2942-0773,293 伊藤 Street,大田区,川崎市中原区,671-1514,JP,Japan,JAPAN,Japanese,Consumer,None,2019-08-25,2019,RETURNING,True,MDM,2019-08-25,2026-04-17 15:58:34.136637
b2dd2d28-4b11-43e0-b04f-b778504e4eaf,CUST-2019-JP-000995,知実,佐々木,知実 佐々木,Female,1994-10-19,user253.apple@gmail.com,070-0821-4172,466 木村 Street,長生郡長生村,香取郡神崎町,514-1548,JP,Japan,JAPAN,Japanese,Consumer,Silver,2019-12-21,2019,RETURNING,True,MDM,2019-12-21,2026-04-17 15:58:34.136638
f346a113-ec55-48c0-850c-1e5615875577,CUST-2019-JP-000204,陽子,村上,陽子 村上,Female,1976-07-14,user139.apple@hotmail.com,070-6215-7714,540 渡辺 Street,川崎市中原区,荒川区,909-9109,JP,Japan,JAPAN,Japanese,Business,None,2019-11-30,2019,RETURNING,True,MDM,2019-11-30,2026-04-17 15:58:34.136640
67249827-cd67-415a-87a3-5998f0741429,CUST-2019-JP-000549,太郎,加藤,太郎 加藤,Female,1961-06-16,user507.apple@msn.com,070-5645-1355,570 松本 Street,夷隅郡大多喜町,山武郡九十九里町,845-9063,JP,Japan,JAPAN,Japanese,Consumer,None,2019-06-14,2019,RETURNING,True,MDM,2019-06-14,2026-04-17 15:58:34.136642
bec3f3c1-fa44-4af7-b854-eed9616cdcb0,CUST-2019-JP-001705,裕美子,山田,裕美子 山田,Female,1959-07-02,user932.apple751@gmail.com,090-1552-4374,163 佐藤 Street,川崎市高津区,目黒区,475-2206,JP,Japan,JAPAN,Japanese,Consumer,Silver,2019-06-08,2019,RETURNING,True,MDM,2019-06-08,2026-04-17 15:58:34.136645
c0130f85-9c5a-4087-af01-23f2fb77dbff,CUST-2019-JP-002458,知実,木村,知実 木村,Male,1957-11-10,user859.apple741@hotmail.com,080-1254-4031,968 佐藤 Street,東大和市,横浜市泉区,987-7205,JP,Japan,JAPAN,Japanese,Consumer,None,2019-02-25,2019,RETURNING,False,MDM,2019-02-25,2026-04-17 15:58:34.136647
cf0de412-2abd-4a0d-aaf1-0181e9fe8588,CUST-2019-JP-001841,舞,佐藤,舞 佐藤,Male,1968-09-26,user784.apple524@icloud.com,080-5499-5113,881 田中 Street,横浜市栄区,南房総市,321-0374,JP,Japan,JAPAN,Japanese,Consumer,Platinum,2019-11-26,2019,RETURNING,False,MDM,2019-11-26,2026-04-17 15:58:34.136648
739aad3c-3565-422b-89d1-854d9a728dc9,CUST-2019-JP-000265,和也,山田,和也 山田,Female,1997-05-02,user610.apple@mail.com,090-1579-2646,261 石井 Street,香取郡多古町,長生郡長南町,673-3515,JP,Japan,JAPAN,Japanese,Business,None,2019-04-19,2019,RETURNING,True,MDM,2019-04-19,2026-04-17 15:58:34.136650
9e119ece-8587-45fa-bda9-4291a95b1774,CUST-2019-JP-001687,翼,渡辺,翼 渡辺,Female,1963-08-15,user602.apple@protonmail.com,68-8831-1896,586 中村 Street,横浜市西区,印旛郡本埜村,864-9121,JP,Japan,JAPAN,Japanese,Consumer,None,2019-05-01,2019,RETURNING,True,MDM,2019-05-01,2026-04-17 15:58:34.136652
8c934c11-3077-4a64-bd95-5a1d179a8afb,CUST-2019-JP-001292,千代,木村,千代 木村,Female,1992-03-30,user793.apple@protonmail.com,64-9946-0591,955 藤井 Street,横浜市神奈川区,千代田区,581-5661,JP,Japan,JAPAN,Japanese,Consumer,None,2019-12-03,2019,RETURNING,True,MDM,2019-12-03,2026-04-17 15:58:34.136654
90539851-db03-40b2-a93c-94a85c7b2a67,CUST-2019-JP-001417,直樹,加藤,直樹 加藤,Male,1999-07-15,user202.apple@yahoo.com,070-3851-6520,469 小川 Street,神津島村,大網白里市,957-8156,JP,Japan,JAPAN,Japanese,Education,None,2019-09-24,2019,RETURNING,True,MDM,2019-09-24,2026-04-17 15:58:34.136656
1515a49f-6302-497a-86e8-2c82ba6cee59,CUST-2019-JP-000011,結衣,木村,結衣 木村,Female,1983-10-26,user564.apple@mail.com,25-9202-0992,151 佐藤 Street,君津市,福生市,005-1672,JP,Japan,JAPAN,Japanese,Consumer,Platinum,2019-03-03,2019,RETURNING,True,MDM,2019-03-03,2026-04-17 15:58:34.136658
ef698ea4-cb4d-4711-912d-8737a35cfbe5,CUST-2019-JP-000346,翔太,松本,翔太 松本,Male,2000-08-14,user815.apple@outlook.com,090-5759-2230,685 前田 Street,八丈島八丈町,印旛郡印旛村,353-0479,JP,Japan,JAPAN,Japanese,Consumer,Silver,2019-02-04,2019,RETURNING,True,MDM,2019-02-04,2026-04-17 15:58:34.136660
7bedd620-7e95-451c-954b-aed93af01d0f,CUST-2019-JP-001371,零,加藤,零 加藤,Male,1985-12-13,user101.apple@protonmail.com,090-6117-4512,747 田中 Street,横浜市中区,武蔵野市,476-5060,JP,Japan,JAPAN,Japanese,Consumer,None,2019-12-18,2019,RETURNING,True,MDM,2019-12-18,2026-04-17 15:58:34.136661
d426d89e-bbcf-446c-810d-1695ad5f15f3,CUST-2019-JP-000475,亮介,藤井,亮介 藤井,Female,1989-11-20,user363.apple@yahoo.com,070-2611-2755,679 山田 Street,大田区,八丈島八丈町,399-4591,JP,Japan,JAPAN,Japanese,Consumer,Gold,2019-12-09,2019,RETURNING,True,MDM,2019-12-09,2026-04-17 15:58:34.136664
8e6b9aa5-306e-4115-b277-7b93e949690d,CUST-2019-JP-001488,淳,岡田,淳 岡田,Female,1970-12-23,user677.apple@outlook.com,080-9950-5282,968 田中 Street,横浜市磯子区,長生郡白子町,440-0785,JP,Japan,JAPAN,Japanese,Consumer,Silver,2019-12-01,2019,RETURNING,True,MDM,2019-12-01,2026-04-17 15:58:34.136665
e46fee57-83e1-4976-8d83-e76dd72a2a6d,CUST-2019-JP-002515,千代,渡辺,千代 渡辺,Female,1954-06-02,user274.apple@zoho.com,21-3890-9101,676 小林 Street,東村山市,利島村,521-0137,JP,Japan,JAPAN,Japanese,Consumer,Silver,2019-08-19,2019,RETURNING,True,MDM,2019-08-19,2026-04-17 15:58:34.136667
fdfaf3ce-0c24-4562-9857-53e4e9d8f6e1,CUST-2019-JP-000508,陽子,石川,陽子 石川,Female,1958-06-22,user801.apple98@mail.com,090-5884-6262,907 加藤 Street,町田市,香取郡多古町,484-9630,JP,Japan,JAPAN,Japanese,Consumer,None,2019-07-04,2019,RETURNING,True,MDM,2019-07-04,2026-04-17 15:58:34.136669
24792d0c-6f15-4001-9d09-557a2d341b7b,CUST-2019-JP-002447,翔太,清水,翔太 清水,Female,1988-11-08,user115.apple@aol.com,090-9884-7629,860 高橋 Street,山武郡九十九里町,山武郡芝山町,792-0636,JP,Japan,JAPAN,Japanese,Consumer,None,2019-06-10,2019,RETURNING,True,MDM,2019-06-10,2026-04-17 15:58:34.136671
7b6f3a34-62de-4df3-bce8-fd52227d681d,CUST-2019-JP-000134,英樹,木村,英樹 木村,Female,1989-03-19,user486.apple@yahoo.com,75-2627-4032,195 中村 Street,東村山市,台東区,661-2763,JP,Japan,JAPAN,Japanese,Consumer,Gold,2019-06-30,2019,RETURNING,True,MDM,2019-06-30,2026-04-17 15:58:34.136673
d1ffedf5-ca09-4ac5-b033-051ff6fc540b,CUST-2019-JP-002119,幹,加藤,幹 加藤,Male,2002-02-16,user453.apple@msn.com,090-4564-1367,101 池田 Street,横浜市泉区,横浜市栄区,362-9284,JP,Japan,JAPAN,Japanese,Consumer,None,2019-10-08,2019,RETURNING,True,MDM,2019-10-08,2026-04-17 15:58:34.136675
9601f0cf-1081-420b-a2e4-57ddb06936eb,CUST-2019-JP-000767,裕樹,高橋,裕樹 高橋,Male,1972-08-07,user700.apple@protonmail.com,070-1795-4734,115 福田 Street,香取郡多古町,山武郡九十九里町,632-6202,JP,Japan,JAPAN,Japanese,Consumer,Platinum,2019-12-09,2019,RETURNING,True,MDM,2019-12-09,2026-04-17 15:58:34.136677
f99f7d2c-98d7-4892-a89c-abc4b679cca5,CUST-2019-JP-000423,直樹,伊藤,直樹 伊藤,Female,1986-10-05,user222.apple@aol.com,090-4237-2759,774 佐藤 Street,杉並区,夷隅郡大多喜町,304-4926,JP,Japan,JAPAN,Japanese,Consumer,Silver,2019-08-06,2019,RETURNING,True,MDM,2019-08-06,2026-04-17 15:58:34.136678
5cfa12cc-58b8-4c94-bba4-72b79c737fd2,CUST-2019-JP-000442,裕樹,中村,裕樹 中村,Male,1973-10-08,user605.apple@outlook.com,15-0469-7065,897 佐藤 Street,長生郡白子町,杉並区,616-2090,JP,Japan,JAPAN,Japanese,Consumer,None,2019-05-08,2019,RETURNING,True,MDM,2019-05-08,2026-04-17 15:58:34.136680
124bb48a-d7ad-4c78-8131-ae7c6a83bc42,CUST-2019-JP-001003,浩,鈴木,浩 鈴木,Male,1964-10-26,user527.apple637@hotmail.com,090-3389-8710,067 小林 Street,三鷹市,江東区,913-4844,JP,Japan,JAPAN,Japanese,Business,Silver,2019-11-15,2019,RETURNING,True,MDM,2019-11-15,2026-04-17 15:58:34.136682
59237862-288e-4f9c-a390-119e954d1dba,CUST-2019-JP-002286,涼平,岡田,涼平 岡田,Female,2000-08-14,user374.apple@live.com,080-1159-9392,810 斎藤 Street,あきる野市,八王子市,276-9172,JP,Japan,JAPAN,Japanese,Consumer,None,2019-05-16,2019,RETURNING,True,MDM,2019-05-16,2026-04-17 15:58:34.136684
c1d91b7b-cba6-4a26-85c9-1b20b7d1e507,CUST-2019-JP-000765,翔太,中村,翔太 中村,Male,1964-02-16,user178.apple@live.com,080-7274-1824,377 木村 Street,川崎市幸区,横浜市緑区,395-3786,JP,Japan,JAPAN,Japanese,Consumer,None,2019-02-26,2019,RETURNING,True,MDM,2019-02-26,2026-04-17 15:58:34.136686
2ccfdfeb-a535-4a8a-8d2c-3aee2703d380,CUST-2019-JP-000487,花子,近藤,花子 近藤,Male,1961-11-19,user539.apple361@mail.com,76-4051-1303,155 山口 Street,中央区,横浜市泉区,481-9347,JP,Japan,JAPAN,Japanese,Consumer,Gold,2019-09-26,2019,RETURNING,True,MDM,2019-09-26,2026-04-17 15:58:34.136688
b8800abe-3a03-4b83-bdc0-2cd13cc0358c,CUST-2019-JP-002351,零,中村,零 中村,Female,2002-06-14,user730.apple@msn.com,090-9706-4194,911 佐藤 Street,山武郡横芝光町,横浜市港北区,857-4289,JP,Japan,JAPAN,Japanese,Consumer,Platinum,2019-03-03,2019,RETURNING,True,MDM,2019-03-03,2026-04-17 15:58:34.136689
3210dc3f-6380-4315-881a-fa30fb9cb8c2,CUST-2019-JP-002487,和也,鈴木,和也 鈴木,Male,1960-07-30,user866.apple410@yahoo.com,070-4855-1082,215 鈴木 Street,三宅島三宅村,三鷹市,814-0964,JP,Japan,JAPAN,Japanese,Consumer,Gold,2019-05-15,2019,RETURNING,False,MDM,2019-05-15,2026-04-17 15:58:34.136691
59049669-d0f8-4f5a-bb34-8bab0c982b71,CUST-2019-JP-000015,直子,佐藤,直子 佐藤,Female,2000-05-10,user105.apple@mail.com,070-4142-7964,320 高橋 Street,国分寺市,長生郡睦沢町,997-5192,JP,Japan,JAPAN,Japanese,Consumer,Silver,2019-09-08,2019,RETURNING,True,MDM,2019-09-08,2026-04-17 15:58:34.136692
5d1df5eb-6072-4226-8afe-f06b32f3bc28,CUST-2019-JP-001452,花子,西村,花子 西村,Female,1987-12-05,user213.apple83@gmail.com,44-5321-7925,030 三浦 Street,横浜市港北区,山武郡横芝光町,182-7590,JP,Japan,JAPAN,Japanese,Consumer,Gold,2019-01-21,2019,RETURNING,False,MDM,2019-01-21,2026-04-17 15:58:34.136694
ee8f8b15-c30c-48be-aacb-15f64369e278,CUST-2019-JP-002349,直樹,林,直樹 林,Female,1996-11-17,user703.apple189@live.com,070-0464-0178,399 鈴木 Street,西多摩郡檜原村,荒川区,747-7806,JP,Japan,JAPAN,Japanese,Consumer,None,2019-11-29,2019,RETURNING,True,MDM,2019-11-29,2026-04-17 15:58:34.136696
153bd1c0-7ea3-46b5-b1fe-8eb882256d46,CUST-2019-JP-002327,翔太,太田,翔太 太田,Male,1998-05-01,user611.apple@icloud.com,090-7584-2690,104 近藤 Street,富里市,香取郡神崎町,529-2560,JP,Japan,JAPAN,Japanese,Consumer,None,2019-03-28,2019,RETURNING,True,MDM,2019-03-28,2026-04-17 15:58:34.136698
8f80c6ab-cc92-4896-b9f1-e732747cabc5,CUST-2019-JP-000665,京助,山崎,京助 山崎,Male,1998-10-09,user802.apple937@msn.com,080-8491-1849,941 鈴木 Street,狛江市,川崎市宮前区,447-9439,JP,Japan,JAPAN,Japanese,Consumer,None,2019-02-04,2019,RETURNING,True,MDM,2019-02-04,2026-04-17 15:58:34.136700
ad3dc81b-3ac8-4531-84dd-0cb7afc57d57,CUST-2019-JP-000927,英樹,阿部,英樹 阿部,Male,1990-12-24,user244.apple@gmail.com,080-8053-5822,180 前田 Street,袖ケ浦市,印西市,955-0710,JP,Japan,JAPAN,Japanese,Consumer,Silver,2019-08-27,2019,RETURNING,True,MDM,2019-08-27,2026-04-17 15:58:34.136702
44456a5a-2291-4ed4-bcec-633f308d2e62,CUST-2019-JP-000944,洋介,藤井,洋介 藤井,Male,2005-08-15,user579.apple@gmx.com,090-2880-0890,702 田中 Street,渋谷区,横浜市港北区,293-0721,JP,Japan,JAPAN,Japanese,Business,Silver,2019-03-22,2019,RETURNING,True,MDM,2019-03-22,2026-04-17 15:58:34.136703
a763bdb1-02fe-4ba5-820b-22d147a9137f,CUST-2019-JP-001269,陽一,鈴木,陽一 鈴木,Male,1968-04-20,user256.apple74@live.com,070-1007-9994,492 佐々木 Street,多摩市,大網白里市,371-1025,JP,Japan,JAPAN,Japanese,Education,Gold,2019-05-24,2019,RETURNING,True,MDM,2019-05-24,2026-04-17 15:58:34.136705
c643ce95-c689-4f5f-a241-9f6bd47af3a2,CUST-2019-JP-001824,太一,斎藤,太一 斎藤,Female,1982-03-17,user170.apple@icloud.com,080-7790-4285,098 田中 Street,印旛郡本埜村,我孫子市,448-0028,JP,Japan,JAPAN,Japanese,Consumer,None,2019-05-11,2019,RETURNING,True,MDM,2019-05-11,2026-04-17 15:58:34.136706
6e7bf9ee-fc80-4f9b-915a-f42b2e1b8503,CUST-2019-JP-000343,和也,伊藤,和也 伊藤,Male,1972-12-04,user987.apple125@gmail.com,070-3290-4992,617 鈴木 Street,小金井市,西多摩郡瑞穂町,037-8654,JP,Japan,JAPAN,Japanese,Consumer,None,2019-02-08,2019,RETURNING,True,MDM,2019-02-08,2026-04-17 15:58:34.136709
5528c380-9761-4a69-a9bc-5e40c433d8b1,CUST-2019-JP-001198,桃子,田中,桃子 田中,Male,2006-05-16,user685.apple@gmail.com,090-4090-3774,889 山田 Street,足立区,足立区,179-1080,JP,Japan,JAPAN,Japanese,Consumer,None,2019-03-29,2019,RETURNING,True,MDM,2019-03-29,2026-04-17 15:58:34.136710
7ded1a92-9aa8-414f-9f2b-bf49f2e05788,CUST-2019-JP-002337,洋介,佐藤,洋介 佐藤,Female,1996-06-30,user691.apple@gmail.com,25-3293-0892,648 山下 Street,八丈島八丈町,いすみ市,764-6412,JP,Japan,JAPAN,Japanese,Business,None,2019-07-29,2019,RETURNING,True,MDM,2019-07-29,2026-04-17 15:58:34.136712
604c91fd-82ac-4e6d-bf55-bb2a86ce7446,CUST-2019-JP-000684,淳,吉田,淳 吉田,Female,2000-10-04,user728.apple360@icloud.com,080-2780-9665,726 高橋 Street,横浜市栄区,武蔵村山市,009-4087,JP,Japan,JAPAN,Japanese,Consumer,None,2019-10-28,2019,RETURNING,True,MDM,2019-10-28,2026-04-17 15:58:34.136714
177ad171-9c72-4f55-9b52-11e60b6dcb7a,CUST-2019-JP-001515,亮介,吉田,亮介 吉田,Male,1989-07-15,user479.apple344@gmail.com,76-3157-4019,865 井上 Street,横浜市南区,大島町,059-3444,JP,Japan,JAPAN,Japanese,Consumer,None,2019-12-23,2019,RETURNING,True,MDM,2019-12-23,2026-04-17 15:58:34.136716
3765ac69-ebfe-41c6-b2ca-5af2d9f626de,CUST-2019-JP-001932,健一,佐々木,健一 佐々木,Male,1996-05-09,user427.apple@yahoo.com,92-1397-3352,661 松田 Street,日野市,清瀬市,217-3518,JP,Japan,JAPAN,Japanese,Consumer,Silver,2019-09-28,2019,RETURNING,True,MDM,2019-09-28,2026-04-17 15:58:34.136717
295abda4-b56f-4560-b698-4aab972dd338,CUST-2019-JP-002432,修平,小林,修平 小林,Male,1953-11-28,user398.apple@mail.com,080-7395-7575,319 橋本 Street,多摩市,新宿区,009-5745,JP,Japan,JAPAN,Japanese,Consumer,Gold,2019-11-18,2019,RETURNING,True,MDM,2019-11-18,2026-04-17 15:58:34.136719
23a1d109-2a12-4cb7-b427-7d1297237cfb,CUST-2019-JP-000092,七夏,中村,七夏 中村,Male,2006-12-09,user135.apple993@hotmail.com,070-4359-5667,707 高橋 Street,武蔵野市,横浜市金沢区,910-6052,JP,Japan,JAPAN,Japanese,Consumer,None,2019-02-20,2019,RETURNING,True,MDM,2019-02-20,2026-04-17 15:58:34.136722
dbf0ce4f-4f30-4fa0-83e7-1b657b4b1972,CUST-2019-JP-000440,加奈,藤原,加奈 藤原,Female,1998-02-24,user504.apple@gmx.com,98-0389-4855,667 林 Street,山武市,横浜市青葉区,306-2120,JP,Japan,JAPAN,Japanese,Education,Silver,2019-05-22,2019,RETURNING,True,MDM,2019-05-22,2026-04-17 15:58:34.136723
8a8ffef1-4632-409f-b92a-c04b569c6ce3,CUST-2019-JP-001412,結衣,山本,結衣 山本,Male,1986-05-22,user881.apple498@gmail.com,080-6264-7479,197 渡辺 Street,横浜市磯子区,山武郡九十九里町,429-2320,JP,Japan,JAPAN,Japanese,Consumer,None,2019-06-06,2019,RETURNING,True,MDM,2019-06-06,2026-04-17 15:58:34.136725
bb75408e-d134-40f9-a9c8-2552010c6bf2,CUST-2019-JP-002600,さゆり,山口,さゆり 山口,Female,1970-02-04,user346.apple@mail.com,22-8853-6773,056 斎藤 Street,横浜市緑区,安房郡鋸南町,693-9677,JP,Japan,JAPAN,Japanese,Business,Silver,2019-01-27,2019,RETURNING,True,MDM,2019-01-27,2026-04-17 15:58:34.136727
bb333b28-d5fd-4d87-8e8c-27aafe77da1d,CUST-2019-JP-001889,明美,小林,明美 小林,Male,1977-12-02,user456.apple736@aol.com,070-3809-2685,513 高橋 Street,横浜市青葉区,横浜市戸塚区,882-9269,JP,Japan,JAPAN,Japanese,Consumer,Silver,2019-06-25,2019,RETURNING,False,MDM,2019-06-25,2026-04-17 15:58:34.136728
5e383c01-a524-4a55-993c-d5709a2e0f73,CUST-2019-JP-001293,拓真,藤井,拓真 藤井,Female,1973-01-27,user524.apple410@mail.com,53-2830-3010,791 佐々木 Street,北区,文京区,103-8548,JP,Japan,JAPAN,Japanese,Consumer,None,2019-09-30,2019,RETURNING,True,MDM,2019-09-30,2026-04-17 15:58:34.136731
a5ba23a5-1744-4fd6-a340-170bc6ef3b99,CUST-2019-JP-002151,美加子,山口,美加子 山口,Male,1987-03-17,user917.apple711@hotmail.com,070-8208-4524,453 加藤 Street,横浜市栄区,文京区,912-1311,JP,Japan,JAPAN,Japanese,Consumer,None,2019-07-30,2019,RETURNING,True,MDM,2019-07-30,2026-04-17 15:58:34.136733
64bda638-77ce-40e9-898a-8b3c9a81d4f1,CUST-2019-JP-000486,直樹,橋本,直樹 橋本,Female,1956-09-30,user762.apple@gmail.com,090-4046-8749,338 岡田 Street,夷隅郡大多喜町,大田区,492-5602,JP,Japan,JAPAN,Japanese,Business,None,2019-08-15,2019,RETURNING,True,MDM,2019-08-15,2026-04-17 15:58:34.136735
45f924e0-aeac-4a24-ae45-56d0d97d8639,CUST-2019-JP-002193,真綾,西村,真綾 西村,Female,1954-12-03,user387.apple@icloud.com,080-9938-8864,977 田中 Street,墨田区,印旛郡酒々井町,867-8419,JP,Japan,JAPAN,Japanese,Consumer,Silver,2019-01-31,2019,RETURNING,True,MDM,2019-01-31,2026-04-17 15:58:34.136736
49dd6159-7cf6-4527-9b0c-9e3fbcaf8e23,CUST-2019-JP-000397,さゆり,高橋,さゆり 高橋,Male,1978-01-05,user594.apple913@msn.com,35-6685-1733,115 松本 Street,君津市,袖ケ浦市,682-4171,JP,Japan,JAPAN,Japanese,Consumer,Platinum,2019-08-31,2019,RETURNING,True,MDM,2019-08-31,2026-04-17 15:58:34.136739
82288068-9893-4653-bf37-aeba8ef1e11b,CUST-2019-JP-002624,舞,西村,舞 西村,Female,2004-10-01,user959.apple@zoho.com,090-9619-7676,101 藤原 Street,新島村,青ヶ島村,617-4717,JP,Japan,JAPAN,Japanese,Business,None,2019-01-12,2019,RETURNING,True,MDM,2019-01-12,2026-04-17 15:58:34.136741
3e3c0fa2-6b91-46ec-866f-51bb42ccf523,CUST-2019-JP-001355,舞,中村,舞 中村,Female,1991-06-29,user663.apple@live.com,82-7583-5795,732 藤原 Street,青ヶ島村,山武市,096-4767,JP,Japan,JAPAN,Japanese,Consumer,Gold,2019-10-29,2019,RETURNING,False,MDM,2019-10-29,2026-04-17 15:58:34.136742
bcfc36bd-caf8-442c-94ab-03e676ea7ee1,CUST-2019-JP-002593,治,渡辺,治 渡辺,Male,2000-11-25,user488.apple@live.com,76-5800-2027,330 石川 Street,立川市,横浜市戸塚区,958-3846,JP,Japan,JAPAN,Japanese,Business,None,2019-01-29,2019,RETURNING,False,MDM,2019-01-29,2026-04-17 15:58:34.136744
4cb9f206-9867-43d0-9376-5c8b23b50801,CUST-2019-JP-001043,裕樹,吉田,裕樹 吉田,Female,1958-03-10,user721.apple@live.com,080-2617-5450,854 山下 Street,横浜市南区,印旛郡栄町,591-4651,JP,Japan,JAPAN,Japanese,Consumer,Platinum,2019-10-19,2019,RETURNING,True,MDM,2019-10-19,2026-04-17 15:58:34.136746
73d3ceaf-b2f8-4e51-9ddc-75ad9ca8c2da,CUST-2019-JP-000289,拓真,斉藤,拓真 斉藤,Female,2006-08-13,user152.apple@outlook.com,070-3142-4499,939 小林 Street,町田市,横浜市磯子区,720-2279,JP,Japan,JAPAN,Japanese,Consumer,None,2019-07-07,2019,RETURNING,True,MDM,2019-07-07,2026-04-17 15:58:34.136747
1cb4d096-5eb8-480a-8ec9-6a83db0e4032,CUST-2019-JP-001404,零,藤原,零 藤原,Female,1954-10-01,user456.apple886@aol.com,090-2369-1578,754 斎藤 Street,中央区,白井市,291-6310,JP,Japan,JAPAN,Japanese,Business,None,2019-07-14,2019,RETURNING,False,MDM,2019-07-14,2026-04-17 15:58:34.136749
7c8eceaa-cb7f-4f29-bdb4-76a40b1782d8,CUST-2019-JP-001831,幹,林,幹 林,Female,1978-03-04,user496.apple495@hotmail.com,080-8683-0490,968 遠藤 Street,川崎市中原区,富津市,118-0160,JP,Japan,JAPAN,Japanese,Consumer,None,2019-09-11,2019,RETURNING,True,MDM,2019-09-11,2026-04-17 15:58:34.136751
1d310924-14d9-4f37-a211-9d423e8132e1,CUST-2019-JP-000663,淳,山本,淳 山本,Female,1984-09-25,user102.apple458@icloud.com,070-8318-9882,697 渡辺 Street,神津島村,福生市,274-6808,JP,Japan,JAPAN,Japanese,Consumer,None,2019-06-21,2019,RETURNING,True,MDM,2019-06-21,2026-04-17 15:58:34.136753
4b06072e-6234-469b-90e7-30ec28b7d9b9,CUST-2019-JP-000551,亮介,高橋,亮介 高橋,Female,1965-06-03,user241.apple403@live.com,070-3843-3468,072 高橋 Street,富津市,国分寺市,424-4064,JP,Japan,JAPAN,Japanese,Consumer,Platinum,2019-02-13,2019,RETURNING,True,MDM,2019-02-13,2026-04-17 15:58:34.136754
3ca0af46-379e-4646-aec8-245dcceb5df1,CUST-2019-JP-000536,浩,前田,浩 前田,Female,2003-08-27,user246.apple@yahoo.com,080-6143-3171,408 渡辺 Street,横浜市金沢区,横浜市緑区,990-5534,JP,Japan,JAPAN,Japanese,Education,None,2019-02-23,2019,RETURNING,True,MDM,2019-02-23,2026-04-17 15:58:34.136756
f8cc161f-2ddd-49b2-82ff-ae13a5c285d5,CUST-2019-JP-000229,浩,鈴木,浩 鈴木,Female,1992-06-14,user656.apple@hotmail.com,090-9393-1667,258 清水 Street,調布市,横浜市青葉区,233-3947,JP,Japan,JAPAN,Japanese,Business,None,2019-10-14,2019,RETURNING,True,MDM,2019-10-14,2026-04-17 15:58:34.136758
d0d00c63-3eef-4fe1-aa5a-c270388d44b1,CUST-2019-JP-002574,舞,山崎,舞 山崎,Female,1991-12-25,user968.apple@hotmail.com,070-1203-1857,303 井上 Street,東久留米市,香取郡神崎町,413-7165,JP,Japan,JAPAN,Japanese,Consumer,Platinum,2019-08-05,2019,RETURNING,True,MDM,2019-08-05,2026-04-17 15:58:34.136764
45e1a44c-0bfb-44c4-89a3-a8ec93a4bd12,CUST-2019-JP-001263,くみ子,鈴木,くみ子 鈴木,Male,1979-12-22,user764.apple@yahoo.com,24-6059-5832,034 吉田 Street,横浜市港南区,長生郡白子町,329-3469,JP,Japan,JAPAN,Japanese,Consumer,Platinum,2019-06-09,2019,RETURNING,True,MDM,2019-06-09,2026-04-17 15:58:34.136765
438808bc-7896-4795-9a17-ec1f497dc937,CUST-2019-JP-001084,七夏,小林,七夏 小林,Male,1958-09-06,user741.apple179@gmx.com,87-6462-4895,338 山崎 Street,府中市,横浜市旭区,145-9597,JP,Japan,JAPAN,Japanese,Consumer,None,2019-04-29,2019,RETURNING,True,MDM,2019-04-29,2026-04-17 15:58:34.136767
4e9b221e-2fc3-42a4-b4c3-ed0d67a48994,CUST-2019-JP-001331,洋介,佐々木,洋介 佐々木,Male,2006-07-11,user915.apple@gmx.com,090-6568-5473,697 山口 Street,横浜市瀬谷区,国分寺市,761-8709,JP,Japan,JAPAN,Japanese,Consumer,None,2019-07-18,2019,RETURNING,True,MDM,2019-07-18,2026-04-17 15:58:34.136769
2e8ef9bd-c7ef-48df-aabb-fa23d1ec5411,CUST-2019-JP-002575,幹,三浦,幹 三浦,Female,1990-09-28,user830.apple@aol.com,090-0770-2852,876 田中 Street,山武郡芝山町,浦安市,354-6699,JP,Japan,JAPAN,Japanese,Education,None,2019-06-22,2019,RETURNING,True,MDM,2019-06-22,2026-04-17 15:58:34.136771
3d957886-ff8b-4e09-859c-89ac7d66655f,CUST-2019-JP-002717,拓真,近藤,拓真 近藤,Male,1965-04-30,user730.apple@zoho.com,71-1981-6728,609 山本 Street,文京区,小笠原村,007-1092,JP,Japan,JAPAN,Japanese,Consumer,Gold,2019-05-09,2019,RETURNING,True,MDM,2019-05-09,2026-04-17 15:58:34.136772
20d1ca35-01dc-4523-8af4-d0d81ee3818e,CUST-2019-JP-002300,真綾,鈴木,真綾 鈴木,Male,1959-07-31,user656.apple@aol.com,090-2807-6291,654 中島 Street,青ヶ島村,国分寺市,835-5403,JP,Japan,JAPAN,Japanese,Consumer,Platinum,2019-05-30,2019,RETURNING,True,MDM,2019-05-30,2026-04-17 15:58:34.136774
fd74d434-7ee8-422f-8611-fea33d3ff9b9,CUST-2019-JP-002269,舞,渡辺,舞 渡辺,Female,1995-05-11,user303.apple249@live.com,070-2750-6622,180 鈴木 Street,白井市,白井市,449-8985,JP,Japan,JAPAN,Japanese,Consumer,None,2019-11-10,2019,RETURNING,True,MDM,2019-11-10,2026-04-17 15:58:34.136775
15d9da0c-574b-4726-a2d1-474eac6cda98,CUST-2019-JP-001104,英樹,渡辺,英樹 渡辺,Male,1984-02-10,user427.apple@gmail.com,080-5417-2207,074 清水 Street,墨田区,印旛郡酒々井町,960-1342,JP,Japan,JAPAN,Japanese,Consumer,Silver,2019-11-12,2019,RETURNING,True,MDM,2019-11-12,2026-04-17 15:58:34.136777
db44f0ed-1cc3-4cdf-a19b-6abe2bb91ed1,CUST-2019-JP-002143,里佳,高橋,里佳 高橋,Male,1999-10-28,user868.apple@gmx.com,080-7737-2485,943 山崎 Street,八王子市,長生郡長生村,993-4004,JP,Japan,JAPAN,Japanese,Consumer,Platinum,2019-07-20,2019,RETURNING,True,MDM,2019-07-20,2026-04-17 15:58:34.136778
68c30354-99ae-4934-a94b-5d9e216befd9,CUST-2019-JP-000943,和也,山本,和也 山本,Male,1970-07-05,user725.apple@live.com,090-8676-2444,788 吉田 Street,墨田区,印旛郡栄町,647-9751,JP,Japan,JAPAN,Japanese,Business,None,2019-04-15,2019,RETURNING,True,MDM,2019-04-15,2026-04-17 15:58:34.136780
fd8572b4-364e-47ec-8f42-10c3f22940f7,CUST-2019-JP-000263,さゆり,鈴木,さゆり 鈴木,Female,2004-02-25,user581.apple@outlook.com,09-2698-8700,979 田中 Street,清瀬市,横浜市南区,029-9361,JP,Japan,JAPAN,Japanese,Consumer,Silver,2019-06-24,2019,RETURNING,True,MDM,2019-06-24,2026-04-17 15:58:34.136782
ca208d08-3f42-4a2d-ae95-928f394b31fb,CUST-2019-JP-001913,千代,山本,千代 山本,Female,1954-07-01,user483.apple@msn.com,070-4680-0073,315 藤井 Street,横浜市戸塚区,横浜市金沢区,286-4087,JP,Japan,JAPAN,Japanese,Consumer,None,2019-12-21,2019,RETURNING,True,MDM,2019-12-21,2026-04-17 15:58:34.136784
4961aeca-60ad-47c8-ad72-775d76761a06,CUST-2019-JP-001486,くみ子,中島,くみ子 中島,Female,1993-08-09,user251.apple@icloud.com,090-3452-8034,813 田中 Street,羽村市,横浜市鶴見区,417-7047,JP,Japan,JAPAN,Japanese,Consumer,Silver,2019-07-02,2019,RETURNING,True,MDM,2019-07-02,2026-04-17 15:58:34.136785
caac6162-6200-4e20-8608-0fcb7310c733,CUST-2019-JP-000926,裕美子,鈴木,裕美子 鈴木,Male,1976-06-02,user587.apple166@gmail.com,090-1214-7298,098 山田 Street,横浜市南区,四街道市,186-1184,JP,Japan,JAPAN,Japanese,Consumer,Silver,2019-09-01,2019,RETURNING,True,MDM,2019-09-01,2026-04-17 15:58:34.136787
4eaa9f11-fc0c-40e7-8378-383e67145a4d,CUST-2019-JP-001386,英樹,村上,英樹 村上,Female,1998-08-06,user558.apple566@mail.com,090-0744-9966,325 林 Street,御蔵島村,稲城市,575-1758,JP,Japan,JAPAN,Japanese,Consumer,Gold,2019-08-26,2019,RETURNING,True,MDM,2019-08-26,2026-04-17 15:58:34.136788
95b44182-9a39-4623-a840-cce7b36e34de,CUST-2019-JP-002724,明美,田中,明美 田中,Female,1982-09-15,user731.apple251@gmx.com,09-9488-1977,532 渡辺 Street,八街市,横浜市泉区,293-4580,JP,Japan,JAPAN,Japanese,Business,Platinum,2019-11-25,2019,RETURNING,True,MDM,2019-11-25,2026-04-17 15:58:34.136789
4efb5648-3bfe-4ca5-9457-aabe9759d2a3,CUST-2019-JP-001599,洋介,鈴木,洋介 鈴木,Male,1973-05-04,user241.apple@icloud.com,070-4153-5823,573 鈴木 Street,横浜市磯子区,利島村,839-9566,JP,Japan,JAPAN,Japanese,Consumer,None,2019-03-23,2019,RETURNING,True,MDM,2019-03-23,2026-04-17 15:58:34.136791
93fecede-1fa4-4b3c-a617-106657a352fb,CUST-2019-JP-001669,裕美子,中村,裕美子 中村,Male,1983-05-23,user812.apple@aol.com,090-1066-2099,092 伊藤 Street,印旛郡酒々井町,練馬区,130-7222,JP,Japan,JAPAN,Japanese,Education,Gold,2019-10-07,2019,RETURNING,True,MDM,2019-10-07,2026-04-17 15:58:34.136793
2f4534a3-3d82-4d41-a54c-41ab328178e8,CUST-2019-JP-001914,直人,高橋,直人 高橋,Male,1983-02-20,user147.apple@aol.com,070-4271-8863,868 鈴木 Street,墨田区,富里市,582-9348,JP,Japan,JAPAN,Japanese,Consumer,None,2019-09-26,2019,RETURNING,True,MDM,2019-09-26,2026-04-17 15:58:34.136794
ea8c9198-4f86-4978-aa92-d5ace973f8b7,CUST-2019-JP-002775,学,小林,学 小林,Male,1962-11-10,user163.apple@protonmail.com,070-0641-4610,814 後藤 Street,君津市,新島村,173-9568,JP,Japan,JAPAN,Japanese,Consumer,None,2019-05-13,2019,RETURNING,True,MDM,2019-05-13,2026-04-17 15:58:34.136797
06a84649-4f81-41d8-ba53-4ebdf5a8052a,CUST-2019-JP-001767,陽一,橋本,陽一 橋本,Female,1997-03-22,user777.apple641@protonmail.com,37-6353-2424,245 村上 Street,大島町,香取市,639-0338,JP,Japan,JAPAN,Japanese,Consumer,Gold,2019-12-19,2019,RETURNING,True,MDM,2019-12-19,2026-04-17 15:58:34.136799
1139a150-6e79-4606-8f3a-85ace8bdb67a,CUST-2019-JP-000220,直子,小林,直子 小林,Female,2004-06-04,user885.apple@gmail.com,070-7595-7216,232 岡田 Street,鴨川市,大網白里市,169-8703,JP,Japan,JAPAN,Japanese,Consumer,None,2019-12-26,2019,RETURNING,True,MDM,2019-12-26,2026-04-17 15:58:34.136801
9d4b52f0-bc80-4fa2-a81a-47cf58bdaa68,CUST-2019-JP-000959,裕太,阿部,裕太 阿部,Male,1988-04-26,user563.apple@protonmail.com,080-3683-3855,314 佐藤 Street,香取市,港区,248-7582,JP,Japan,JAPAN,Japanese,Business,Silver,2019-03-19,2019,RETURNING,True,MDM,2019-03-19,2026-04-17 15:58:34.136802
10957d14-5672-4876-a595-0c203ef50a7f,CUST-2019-JP-000165,里佳,石川,里佳 石川,Male,1953-08-20,user839.apple@outlook.com,080-3856-0137,771 佐藤 Street,西多摩郡檜原村,立川市,729-4699,JP,Japan,JAPAN,Japanese,Business,None,2019-08-22,2019,RETURNING,True,MDM,2019-08-22,2026-04-17 15:58:34.136804
e1d28887-5d5a-453d-93f0-0d65ad8dd8bc,CUST-2019-JP-000410,陽一,吉田,陽一 吉田,Male,1971-09-02,user191.apple@hotmail.com,070-8577-0824,855 木村 Street,御蔵島村,台東区,955-8983,JP,Japan,JAPAN,Japanese,Consumer,Silver,2019-12-16,2019,RETURNING,True,MDM,2019-12-16,2026-04-17 15:58:34.136806
91ed0626-fdf7-487b-b489-fef10f5cb763,CUST-2019-JP-000737,美加子,佐藤,美加子 佐藤,Female,1992-05-08,user155.apple@gmail.com,080-2020-9689,902 高橋 Street,横浜市神奈川区,府中市,631-7582,JP,Japan,JAPAN,Japanese,Consumer,None,2019-09-07,2019,RETURNING,True,MDM,2019-09-07,2026-04-17 15:58:34.136808
e4402fc8-ec38-4b0c-a3f7-24b8a74165fe,CUST-2019-JP-001366,京助,木村,京助 木村,Male,1955-09-26,user711.apple@yahoo.com,090-4566-8389,121 橋本 Street,国立市,目黒区,768-3825,JP,Japan,JAPAN,Japanese,Consumer,None,2019-05-05,2019,RETURNING,True,MDM,2019-05-05,2026-04-17 15:58:34.136810
70c8e366-2445-4b7c-a727-4e41f9b6aec5,CUST-2019-JP-002283,学,斎藤,学 斎藤,Male,1960-06-19,user260.apple461@hotmail.com,080-9118-8442,933 西村 Street,香取郡東庄町,目黒区,202-3633,JP,Japan,JAPAN,Japanese,Consumer,None,2019-05-27,2019,RETURNING,True,MDM,2019-05-27,2026-04-17 15:58:34.136812
21253377-eca5-4ce8-9b66-5ed0799ef03d,CUST-2019-JP-002698,裕太,鈴木,裕太 鈴木,Male,1981-10-27,user680.apple@live.com,070-3624-3329,861 高橋 Street,大島町,横浜市泉区,854-9275,JP,Japan,JAPAN,Japanese,Consumer,None,2019-02-08,2019,RETURNING,True,MDM,2019-02-08,2026-04-17 15:58:34.136814
9e060b0d-a723-4bdb-bff2-2add1d629e18,CUST-2019-JP-000391,桃子,田中,桃子 田中,Male,2003-02-05,user901.apple@aol.com,070-4662-1633,798 石川 Street,長生郡一宮町,江東区,955-4038,JP,Japan,JAPAN,Japanese,Consumer,None,2019-07-08,2019,RETURNING,True,MDM,2019-07-08,2026-04-17 15:58:34.136816
dd8ced7f-80e4-40ec-b34b-f6de673e5540,CUST-2019-JP-000711,学,山本,学 山本,Female,2007-04-01,user290.apple@gmail.com,96-8468-4228,282 中村 Street,川崎市幸区,川崎市中原区,250-1725,JP,Japan,JAPAN,Japanese,Consumer,None,2019-03-16,2019,RETURNING,True,MDM,2019-03-16,2026-04-17 15:58:34.136817
00066f20-8044-4803-86b0-8989ee2f546d,CUST-2019-JP-002646,美加子,橋本,美加子 橋本,Male,1980-10-15,user880.apple@msn.com,090-9687-3671,440 鈴木 Street,横浜市磯子区,台東区,198-2664,JP,Japan,JAPAN,Japanese,Education,None,2019-10-22,2019,RETURNING,True,MDM,2019-10-22,2026-04-17 15:58:34.136820
7aa2ebe7-848b-4c9e-869f-119b6173d613,CUST-2019-JP-001527,千代,山崎,千代 山崎,Female,1978-08-26,user866.apple607@hotmail.com,070-9144-7551,602 小林 Street,横浜市神奈川区,杉並区,709-8545,JP,Japan,JAPAN,Japanese,Consumer,None,2019-08-07,2019,RETURNING,True,MDM,2019-08-07,2026-04-17 15:58:34.136822
3eba3e07-9289-4fc2-8246-1637de7fd5cc,CUST-2019-JP-000747,稔,後藤,稔 後藤,Male,1977-03-08,user590.apple936@zoho.com,090-4257-9467,780 加藤 Street,三鷹市,横浜市南区,696-7877,JP,Japan,JAPAN,Japanese,Consumer,None,2019-01-16,2019,RETURNING,True,MDM,2019-01-16,2026-04-17 15:58:34.136824
c79f23ac-a2f9-4762-92b1-eb35260134fc,CUST-2019-JP-001137,健一,松本,健一 松本,Female,2003-06-01,user283.apple378@hotmail.com,080-9147-2402,148 林 Street,東大和市,印旛郡本埜村,594-6005,JP,Japan,JAPAN,Japanese,Consumer,None,2019-04-27,2019,RETURNING,True,MDM,2019-04-27,2026-04-17 15:58:34.136826
64782bd8-2371-4ad2-a0d1-a3c991809b6e,CUST-2019-JP-002137,洋介,松本,洋介 松本,Male,1965-07-07,user715.apple@mail.com,070-1450-4957,879 渡辺 Street,横浜市栄区,世田谷区,926-0468,JP,Japan,JAPAN,Japanese,Business,Silver,2019-05-11,2019,RETURNING,True,MDM,2019-05-11,2026-04-17 15:58:34.136827
02114547-ff1c-41cc-9378-6de31fcfcea2,CUST-2019-JP-000389,真綾,鈴木,真綾 鈴木,Female,1975-05-07,user114.apple559@gmx.com,070-6188-9061,916 西村 Street,大島町,南房総市,634-4417,JP,Japan,JAPAN,Japanese,Education,Gold,2019-02-20,2019,RETURNING,True,MDM,2019-02-20,2026-04-17 15:58:34.136829
d2136d6a-90fc-4e42-8311-962042b2d66d,CUST-2019-JP-000047,くみ子,藤井,くみ子 藤井,Male,1955-12-14,user381.apple4@mail.com,090-7157-4161,524 石川 Street,文京区,富津市,689-8208,JP,Japan,JAPAN,Japanese,Consumer,None,2019-03-28,2019,RETURNING,True,MDM,2019-03-28,2026-04-17 15:58:34.136831
e31d5fc7-89fb-4b90-bb12-fd25004f533a,CUST-2019-JP-002141,直樹,清水,直樹 清水,Female,1967-04-29,user140.apple@gmx.com,080-5662-8158,108 松本 Street,府中市,文京区,191-4023,JP,Japan,JAPAN,Japanese,Consumer,None,2019-08-03,2019,RETURNING,True,MDM,2019-08-03,2026-04-17 15:58:34.136833
d5f7b9d7-4f5e-4a68-8635-cd90fdc7a6b5,CUST-2019-JP-002191,里佳,高橋,里佳 高橋,Female,1970-09-18,user488.apple@hotmail.com,090-7666-4781,841 近藤 Street,長生郡長南町,横浜市泉区,768-0144,JP,Japan,JAPAN,Japanese,Consumer,Silver,2019-09-29,2019,RETURNING,True,MDM,2019-09-29,2026-04-17 15:58:34.136835
77c125e3-af87-430d-a729-3405d130dc0e,CUST-2019-JP-002139,さゆり,石川,さゆり 石川,Female,1984-04-11,user293.apple@yahoo.com,070-8917-6258,083 中村 Street,八王子市,横浜市泉区,662-6024,JP,Japan,JAPAN,Japanese,Consumer,Platinum,2019-09-21,2019,RETURNING,True,MDM,2019-09-21,2026-04-17 15:58:34.136837
07dc695a-a374-4321-8f89-01768ecf0db0,CUST-2019-JP-001505,加奈,林,加奈 林,Female,1972-02-16,user943.apple@gmx.com,070-5524-9161,553 山下 Street,目黒区,香取市,064-5102,JP,Japan,JAPAN,Japanese,Business,None,2019-03-28,2019,RETURNING,True,MDM,2019-03-28,2026-04-17 15:58:34.136840
ef5b15f1-3683-497c-bccb-98cba2b73782,CUST-2019-JP-000748,治,中川,治 中川,Male,1994-06-01,user403.apple@mail.com,32-5344-9179,832 高橋 Street,八丈島八丈町,福生市,538-8339,JP,Japan,JAPAN,Japanese,Consumer,Silver,2019-12-03,2019,RETURNING,True,MDM,2019-12-03,2026-04-17 15:58:34.136841
97feff8b-b0da-4a71-b11d-145e3239135e,CUST-2019-JP-002100,加奈,田中,加奈 田中,Female,1979-10-21,user297.apple959@live.com,090-3148-7973,819 前田 Street,新宿区,横浜市港北区,971-2869,JP,Japan,JAPAN,Japanese,Business,Silver,2019-10-13,2019,RETURNING,True,MDM,2019-10-13,2026-04-17 15:58:34.136842
e3a36a04-1bee-4694-8d2b-50fabc289abb,CUST-2019-JP-000142,あすか,佐藤,あすか 佐藤,Female,1965-05-25,user546.apple@live.com,080-5520-8434,419 吉田 Street,横浜市瀬谷区,豊島区,452-3955,JP,Japan,JAPAN,Japanese,Consumer,None,2019-05-15,2019,RETURNING,True,MDM,2019-05-15,2026-04-17 15:58:34.136844
b6b68581-d368-48dc-a739-5f4583996127,CUST-2019-JP-001383,学,渡辺,学 渡辺,Female,2006-02-27,user242.apple647@gmail.com,080-3192-0716,994 遠藤 Street,目黒区,練馬区,079-8358,JP,Japan,JAPAN,Japanese,Consumer,None,2019-08-22,2019,RETURNING,True,MDM,2019-08-22,2026-04-17 15:58:34.136846
0180d5a1-bbbe-4e61-9705-5ea6aeb1bcd1,CUST-2019-JP-001742,千代,山本,千代 山本,Male,1980-09-18,user845.apple@hotmail.com,080-3417-0942,401 伊藤 Street,横浜市栄区,夷隅郡御宿町,493-0316,JP,Japan,JAPAN,Japanese,Consumer,None,2019-09-06,2019,RETURNING,True,MDM,2019-09-06,2026-04-17 15:58:34.136848
d2467b44-7024-4536-a33b-697ab4a2ba74,CUST-2019-JP-001077,裕太,渡辺,裕太 渡辺,Male,1954-08-24,user256.apple@yahoo.com,080-5274-9834,546 山下 Street,新島村,大島町,334-5946,JP,Japan,JAPAN,Japanese,Consumer,None,2019-01-05,2019,RETURNING,True,MDM,2019-01-05,2026-04-17 15:58:34.136850
0b402cf9-9dd6-460a-b52a-3fc43a84c7bf,CUST-2019-JP-000864,香織,井上,香織 井上,Female,1950-09-20,user112.apple@zoho.com,17-9953-4985,768 山田 Street,匝瑳市,南房総市,523-2191,JP,Japan,JAPAN,Japanese,Consumer,Platinum,2019-03-24,2019,RETURNING,True,MDM,2019-03-24,2026-04-17 15:58:34.136852
3cffeff5-869c-4bee-9da1-7d824c7d6901,CUST-2019-JP-001628,くみ子,太田,くみ子 太田,Male,1989-02-11,user799.apple@hotmail.com,070-6491-9589,068 橋本 Street,横浜市西区,安房郡鋸南町,741-2224,JP,Japan,JAPAN,Japanese,Consumer,None,2019-05-15,2019,RETURNING,True,MDM,2019-05-15,2026-04-17 15:58:34.136853
9ba51edb-d56f-4d58-aca6-86f87394e1fe,CUST-2019-JP-000327,充,山田,充 山田,Female,1975-10-15,user824.apple496@msn.com,090-6215-6610,161 斎藤 Street,川崎市幸区,白井市,583-7304,JP,Japan,JAPAN,Japanese,Consumer,Platinum,2019-05-28,2019,RETURNING,True,MDM,2019-05-28,2026-04-17 15:58:34.136855
294c6047-e717-4350-a1be-1528ca885c96,CUST-2019-JP-002156,淳,遠藤,淳 遠藤,Male,2007-05-10,user170.apple947@gmail.com,070-1921-5808,286 高橋 Street,小平市,あきる野市,031-7190,JP,Japan,JAPAN,Japanese,Consumer,Platinum,2019-07-23,2019,RETURNING,True,MDM,2019-07-23,2026-04-17 15:58:34.136856
aa59bf35-4cb1-498b-bcc4-1ad80431d702,CUST-2019-JP-002189,亮介,中村,亮介 中村,Female,2002-09-14,user515.apple@protonmail.com,070-4009-4417,147 岡本 Street,利島村,板橋区,243-3425,JP,Japan,JAPAN,Japanese,Business,Gold,2019-08-19,2019,RETURNING,True,MDM,2019-08-19,2026-04-17 15:58:34.136858
ecdabf24-d2da-4ab3-bad0-a4f5b1cef46f,CUST-2019-JP-001623,涼平,佐藤,涼平 佐藤,Male,1959-05-30,user788.apple@gmail.com,080-9030-2343,302 村上 Street,八千代市,三鷹市,811-2837,JP,Japan,JAPAN,Japanese,Consumer,Gold,2019-10-01,2019,RETURNING,True,MDM,2019-10-01,2026-04-17 15:58:34.136859
1e39b3c4-801d-4b1e-ad8d-b75079134119,CUST-2019-JP-000919,陽子,山下,陽子 山下,Male,1999-02-11,user418.apple@gmail.com,11-1694-0197,696 加藤 Street,長生郡長生村,西東京市,766-0331,JP,Japan,JAPAN,Japanese,Consumer,None,2019-11-10,2019,RETURNING,True,MDM,2019-11-10,2026-04-17 15:58:34.136861
3bc1ec3b-df76-4f18-8963-124757b03045,CUST-2019-JP-002135,加奈,阿部,加奈 阿部,Male,1988-12-14,user556.apple@gmail.com,070-8924-5797,687 近藤 Street,長生郡睦沢町,香取市,064-3302,JP,Japan,JAPAN,Japanese,Education,None,2019-08-07,2019,RETURNING,True,MDM,2019-08-07,2026-04-17 15:58:34.136863
46051e06-c762-45e3-abe1-be5d03840b61,CUST-2019-JP-000513,あすか,鈴木,あすか 鈴木,Male,1970-04-11,user765.apple733@msn.com,080-9653-8926,936 高橋 Street,青梅市,国分寺市,578-8760,JP,Japan,JAPAN,Japanese,Consumer,None,2019-02-26,2019,RETURNING,True,MDM,2019-02-26,2026-04-17 15:58:34.136864
d41336c0-02fc-4fbc-893c-753ed1a1e1e5,CUST-2019-JP-001429,涼平,山田,涼平 山田,Female,1978-02-09,user483.apple@msn.com,070-1924-8336,231 伊藤 Street,山武郡芝山町,日野市,819-9793,JP,Japan,JAPAN,Japanese,Consumer,None,2019-12-04,2019,RETURNING,True,MDM,2019-12-04,2026-04-17 15:58:34.136866
bae03714-2f4e-4138-95a5-e4e4745a4050,CUST-2019-JP-000718,明美,田中,明美 田中,Male,1964-11-30,user229.apple@hotmail.com,080-3898-5595,214 木村 Street,安房郡鋸南町,国分寺市,845-0804,JP,Japan,JAPAN,Japanese,Consumer,None,2019-11-12,2019,RETURNING,True,MDM,2019-11-12,2026-04-17 15:58:34.136868
94344613-9a01-4062-8a10-7074d4c2b011,CUST-2019-JP-000510,桃子,田中,桃子 田中,Male,1986-04-06,user651.apple@aol.com,070-1910-0852,503 松田 Street,富里市,小金井市,506-3720,JP,Japan,JAPAN,Japanese,Business,None,2019-08-19,2019,RETURNING,True,MDM,2019-08-19,2026-04-17 15:58:34.136871
a2e595ce-63cf-47c7-9544-c58289cb8580,CUST-2019-JP-000762,太郎,佐藤,太郎 佐藤,Male,1970-08-08,user889.apple@live.com,090-6959-7375,393 岡本 Street,葛飾区,長生郡睦沢町,653-2270,JP,Japan,JAPAN,Japanese,Consumer,Silver,2019-11-04,2019,RETURNING,True,MDM,2019-11-04,2026-04-17 15:58:34.136872
aea24536-6224-42fc-97fc-785ba693e24e,CUST-2019-JP-002068,和也,小林,和也 小林,Female,1986-10-29,user693.apple930@icloud.com,54-0381-6292,222 伊藤 Street,中央区,西多摩郡奥多摩町,463-7856,JP,Japan,JAPAN,Japanese,Consumer,None,2019-03-24,2019,RETURNING,True,MDM,2019-03-24,2026-04-17 15:58:34.136874
9e047413-97cc-4703-8f7a-790b51155de7,CUST-2019-JP-000845,明美,鈴木,明美 鈴木,Male,2004-02-15,user538.apple721@msn.com,090-2256-0548,972 三浦 Street,八丈島八丈町,新宿区,409-6103,JP,Japan,JAPAN,Japanese,Consumer,None,2019-03-27,2019,RETURNING,True,MDM,2019-03-27,2026-04-17 15:58:34.136876
86c5ef1d-957a-45f9-aa9d-909d8c5c937c,CUST-2019-JP-001868,桃子,小林,桃子 小林,Female,1959-10-19,user155.apple@outlook.com,070-0325-4948,419 池田 Street,長生郡一宮町,調布市,031-3835,JP,Japan,JAPAN,Japanese,Consumer,None,2019-09-23,2019,RETURNING,True,MDM,2019-09-23,2026-04-17 15:58:34.136878
f2683fb0-f523-4182-9a99-2677c0ad702f,CUST-2019-JP-001142,裕樹,吉田,裕樹 吉田,Female,1981-04-24,user786.apple@aol.com,09-9099-9090,723 山本 Street,山武郡九十九里町,三鷹市,222-1195,JP,Japan,JAPAN,Japanese,Consumer,None,2019-12-02,2019,RETURNING,True,MDM,2019-12-02,2026-04-17 15:58:34.136880
be69638f-accb-440c-b0ad-e46cdd196167,CUST-2019-JP-000562,淳,吉田,淳 吉田,Female,1959-09-03,user166.apple@aol.com,090-8684-6556,122 伊藤 Street,横浜市青葉区,君津市,841-9793,JP,Japan,JAPAN,Japanese,Business,None,2019-11-22,2019,RETURNING,True,MDM,2019-11-22,2026-04-17 15:58:34.136881
98801bfb-e875-45b1-847f-0053e3cc1c09,CUST-2019-JP-000125,七夏,渡辺,七夏 渡辺,Male,1986-03-12,user726.apple@gmx.com,070-0383-0550,741 池田 Street,西多摩郡檜原村,白井市,126-6565,JP,Japan,JAPAN,Japanese,Consumer,Platinum,2019-02-26,2019,RETURNING,True,MDM,2019-02-26,2026-04-17 15:58:34.136883
fb6f2d6a-9004-4df8-a380-6e911310b1bf,CUST-2019-JP-002040,さゆり,山崎,さゆり 山崎,Male,1953-02-22,user487.apple613@gmail.com,070-8008-5462,129 中村 Street,横浜市都筑区,印旛郡栄町,959-0724,JP,Japan,JAPAN,Japanese,Business,None,2019-06-18,2019,RETURNING,True,MDM,2019-06-18,2026-04-17 15:58:34.136885
65cd9b17-68b9-4b0e-ba87-37da6e891116,CUST-2019-JP-001946,聡太郎,森,聡太郎 森,Male,1970-02-18,user438.apple@gmail.com,090-4613-9532,236 渡辺 Street,白井市,小平市,462-4780,JP,Japan,JAPAN,Japanese,Consumer,Platinum,2019-12-12,2019,RETURNING,True,MDM,2019-12-12,2026-04-17 15:58:34.136886
9f47969e-c18f-4746-ad38-7634aecdd3db,CUST-2019-JP-001318,智也,山本,智也 山本,Female,1983-04-10,user614.apple@outlook.com,080-9088-0772,986 加藤 Street,台東区,横浜市泉区,643-3725,JP,Japan,JAPAN,Japanese,Consumer,Silver,2019-11-09,2019,RETURNING,True,MDM,2019-11-09,2026-04-17 15:58:34.136888
d375ec7f-c847-4c94-ab48-913df3b5221c,CUST-2019-JP-000697,晃,村上,晃 村上,Female,1979-04-22,user928.apple407@msn.com,63-5843-6764,201 高橋 Street,長生郡睦沢町,印旛郡印旛村,718-1513,JP,Japan,JAPAN,Japanese,Consumer,None,2019-04-24,2019,RETURNING,True,MDM,2019-04-24,2026-04-17 15:58:34.136890
8edfacd4-9339-41dd-800e-35e7c382e207,CUST-2019-JP-000804,さゆり,清水,さゆり 清水,Male,1969-08-08,user379.apple@outlook.com,070-9100-2225,993 渡辺 Street,山武郡芝山町,川崎市幸区,906-6158,JP,Japan,JAPAN,Japanese,Education,Gold,2019-01-17,2019,RETURNING,True,MDM,2019-01-17,2026-04-17 15:58:34.136891
eb7b4459-c72e-4913-81ea-fd372bd1b6b3,CUST-2019-JP-002092,晃,山口,晃 山口,Male,1975-02-04,user558.apple@icloud.com,61-8971-4844,647 田中 Street,北区,稲城市,967-8139,JP,Japan,JAPAN,Japanese,Consumer,None,2019-09-06,2019,RETURNING,True,MDM,2019-09-06,2026-04-17 15:58:34.136893
a1b5a0f5-2e93-428a-bd4f-516a1a213d3e,CUST-2019-JP-000313,幹,池田,幹 池田,Male,1984-12-05,user518.apple@gmx.com,62-8592-9813,399 田中 Street,川崎市宮前区,横浜市鶴見区,922-6742,JP,Japan,JAPAN,Japanese,Consumer,Silver,2019-01-10,2019,RETURNING,True,MDM,2019-01-10,2026-04-17 15:58:34.136894
a66001e7-9b21-4762-a1c3-fa8563cf4c1b,CUST-2019-JP-001111,淳,高橋,淳 高橋,Male,2006-03-30,user221.apple@gmail.com,070-8521-6241,830 佐藤 Street,横浜市磯子区,横浜市西区,761-5498,JP,Japan,JAPAN,Japanese,Consumer,None,2019-05-21,2019,RETURNING,True,MDM,2019-05-21,2026-04-17 15:58:34.136896
6b1ecd40-74fa-4be1-b5ab-409fa53da905,CUST-2019-JP-002448,洋介,福田,洋介 福田,Female,1957-11-17,user116.apple@gmx.com,25-4651-9856,217 中村 Street,横浜市港北区,横浜市港南区,811-3747,JP,Japan,JAPAN,Japanese,Consumer,None,2019-12-25,2019,RETURNING,True,MDM,2019-12-25,2026-04-17 15:58:34.136898
f7017f6d-f4c1-4686-988c-35760ab14512,CUST-2019-JP-000792,花子,山本,花子 山本,Male,1954-04-03,user261.apple@zoho.com,78-9745-6688,579 松本 Street,横浜市旭区,江東区,263-2020,JP,Japan,JAPAN,Japanese,Consumer,None,2019-02-02,2019,RETURNING,True,MDM,2019-02-02,2026-04-17 15:58:34.136900
84bdf525-52d2-46bc-a40b-4cb0e5ff09d2,CUST-2019-JP-001305,舞,林,舞 林,Female,1973-01-08,user334.apple@yahoo.com,070-2631-2867,013 佐藤 Street,夷隅郡御宿町,葛飾区,372-6474,JP,Japan,JAPAN,Japanese,Business,Silver,2019-09-23,2019,RETURNING,True,MDM,2019-09-23,2026-04-17 15:58:34.136902
dd0e9b09-3723-493d-b9ae-bf57ff4a9b92,CUST-2019-JP-000194,美加子,佐々木,美加子 佐々木,Male,1952-09-25,user541.apple@protonmail.com,070-2299-9977,858 中村 Street,台東区,川崎市宮前区,836-5767,JP,Japan,JAPAN,Japanese,Consumer,Gold,2019-03-06,2019,RETURNING,True,MDM,2019-03-06,2026-04-17 15:58:34.136903
da3787bc-fb6c-4538-aee3-a166a3986636,CUST-2019-JP-001196,幹,西村,幹 西村,Male,1999-12-04,user517.apple@live.com,070-7690-4647,292 中村 Street,小平市,大網白里市,631-6309,JP,Japan,JAPAN,Japanese,Consumer,Gold,2019-09-23,2019,RETURNING,True,MDM,2019-09-23,2026-04-17 15:58:34.136904
c278f725-bd80-423a-9a22-aad3925f9404,CUST-2019-JP-001580,さゆり,山本,さゆり 山本,Female,1979-10-18,user905.apple354@protonmail.com,070-1555-9541,844 吉田 Street,君津市,君津市,185-1931,JP,Japan,JAPAN,Japanese,Business,Silver,2019-09-10,2019,RETURNING,True,MDM,2019-09-10,2026-04-17 15:58:34.136906
bbf3bea6-64e1-4c51-b0cd-a56435917d79,CUST-2019-JP-000445,修平,岡本,修平 岡本,Male,1981-01-11,user782.apple@hotmail.com,34-6664-7959,550 三浦 Street,御蔵島村,横浜市磯子区,530-9818,JP,Japan,JAPAN,Japanese,Consumer,None,2019-09-15,2019,RETURNING,True,MDM,2019-09-15,2026-04-17 15:58:34.136908
774db51c-2511-4b88-893b-a98ff41854ed,CUST-2019-JP-000372,零,伊藤,零 伊藤,Female,1980-09-17,user497.apple443@mail.com,62-0225-9578,042 田中 Street,川崎市宮前区,印旛郡酒々井町,751-5727,JP,Japan,JAPAN,Japanese,Consumer,Silver,2019-05-24,2019,RETURNING,True,MDM,2019-05-24,2026-04-17 15:58:34.136910
0d9730aa-0d1b-48af-a445-d4ff791638a9,CUST-2019-JP-000543,智也,林,智也 林,Male,1956-01-17,user275.apple@live.com,070-3946-0631,153 池田 Street,川崎市宮前区,東久留米市,066-0984,JP,Japan,JAPAN,Japanese,Consumer,None,2019-07-10,2019,RETURNING,True,MDM,2019-07-10,2026-04-17 15:58:34.136913
d2b321d2-6bf4-41aa-a6ff-cce9d01c4221,CUST-2019-JP-002524,香織,山本,香織 山本,Female,1972-06-09,user991.apple140@yahoo.com,070-0421-0018,570 木村 Street,安房郡鋸南町,大島町,575-8300,JP,Japan,JAPAN,Japanese,Consumer,None,2019-05-29,2019,RETURNING,True,MDM,2019-05-29,2026-04-17 15:58:34.136914
2a711403-5aeb-4de4-af7a-d01272ddded8,CUST-2019-JP-000898,陽子,阿部,陽子 阿部,Female,1970-08-26,user834.apple679@outlook.com,090-1209-1520,071 渡辺 Street,調布市,安房郡鋸南町,559-5585,JP,Japan,JAPAN,Japanese,Consumer,None,2019-05-02,2019,RETURNING,True,MDM,2019-05-02,2026-04-17 15:58:34.136916
80b343c6-64b8-40e8-8a9f-7f82a9ce15e8,CUST-2019-JP-001512,陽子,岡田,陽子 岡田,Female,1987-03-05,user893.apple581@msn.com,070-3674-4031,881 鈴木 Street,清瀬市,江東区,658-3625,JP,Japan,JAPAN,Japanese,Consumer,Gold,2019-11-09,2019,RETURNING,True,MDM,2019-11-09,2026-04-17 15:58:34.136918
26ff05b4-96ff-4a83-a694-91dae223a4f9,CUST-2019-JP-001744,翼,石井,翼 石井,Male,1971-01-07,user866.apple@icloud.com,090-0424-5974,890 村上 Street,府中市,御蔵島村,515-4386,JP,Japan,JAPAN,Japanese,Consumer,Platinum,2019-10-29,2019,RETURNING,True,MDM,2019-10-29,2026-04-17 15:58:34.136919
cbcb4490-3b9b-40d0-9a1e-b67e69378a61,CUST-2019-JP-000773,真綾,加藤,真綾 加藤,Male,1994-10-16,user639.apple105@mail.com,070-8517-9043,674 吉田 Street,横浜市西区,台東区,990-9348,JP,Japan,JAPAN,Japanese,Consumer,Gold,2019-04-21,2019,RETURNING,True,MDM,2019-04-21,2026-04-17 15:58:34.136921
b5075f5d-f106-4bc4-82dc-81b4271dab4e,CUST-2019-JP-001517,太一,松本,太一 松本,Male,1980-09-24,user596.apple873@zoho.com,070-6061-1659,552 松本 Street,武蔵村山市,東久留米市,609-8466,JP,Japan,JAPAN,Japanese,Business,Platinum,2019-02-19,2019,RETURNING,True,MDM,2019-02-19,2026-04-17 15:58:34.136922
6d372ac7-4d97-42d6-be45-ffcfb101a90a,CUST-2019-JP-001168,七夏,山崎,七夏 山崎,Female,1952-06-07,user832.apple@hotmail.com,080-9419-0698,146 藤原 Street,印旛郡栄町,八丈島八丈町,809-6950,JP,Japan,JAPAN,Japanese,Consumer,None,2019-07-11,2019,RETURNING,True,MDM,2019-07-11,2026-04-17 15:58:34.136924
51249f1b-2c64-4e00-9a4b-b3fa61ec5f19,CUST-2019-JP-001342,翼,佐藤,翼 佐藤,Female,2001-01-01,user549.apple@msn.com,49-2660-7996,068 林 Street,西東京市,印旛郡印旛村,342-1451,JP,Japan,JAPAN,Japanese,Consumer,None,2019-08-05,2019,RETURNING,True,MDM,2019-08-05,2026-04-17 15:58:34.136926
42ff9688-b8e2-4525-abb7-c1b63840b436,CUST-2019-JP-000253,陽一,渡辺,陽一 渡辺,Male,1998-01-28,user614.apple243@gmx.com,070-2077-5515,579 高橋 Street,八王子市,横浜市都筑区,838-8711,JP,Japan,JAPAN,Japanese,Consumer,Silver,2019-12-01,2019,RETURNING,True,MDM,2019-12-01,2026-04-17 15:58:34.136928
f43a74dd-b3cb-4319-8d4e-9c76bb0ce4be,CUST-2019-JP-001193,拓真,田中,拓真 田中,Female,1987-02-06,user465.apple789@aol.com,070-4421-6801,438 岡田 Street,横浜市都筑区,豊島区,034-4769,JP,Japan,JAPAN,Japanese,Consumer,Silver,2019-02-19,2019,RETURNING,False,MDM,2019-02-19,2026-04-17 15:58:34.136929
3d3e44be-a8c9-4ed1-b984-c8edf64a9311,CUST-2019-JP-001720,春香,石川,春香 石川,Female,1978-10-08,user759.apple426@gmx.com,090-5211-1773,909 山本 Street,印旛郡印旛村,鎌ケ谷市,502-2940,JP,Japan,JAPAN,Japanese,Consumer,None,2019-03-21,2019,RETURNING,True,MDM,2019-03-21,2026-04-17 15:58:34.136931
09122f3b-a476-4846-8da9-a0eff83013b9,CUST-2019-JP-002367,智也,松田,智也 松田,Female,1962-11-16,user337.apple@zoho.com,080-7391-2429,793 高橋 Street,印旛郡印旛村,千代田区,890-4665,JP,Japan,JAPAN,Japanese,Consumer,Gold,2019-01-10,2019,RETURNING,True,MDM,2019-01-10,2026-04-17 15:58:34.136932
f23e690c-8c2c-4ab3-b613-b2749122809e,CUST-2019-JP-000700,桃子,中島,桃子 中島,Male,1955-02-23,user586.apple@msn.com,04-9051-4501,143 鈴木 Street,横浜市都筑区,杉並区,113-9443,JP,Japan,JAPAN,Japanese,Consumer,Silver,2019-05-18,2019,RETURNING,True,MDM,2019-05-18,2026-04-17 15:58:34.136934
afe9a3d4-09a9-4ff8-9fba-1f957b6a27ad,CUST-2019-JP-000752,和也,高橋,和也 高橋,Female,1992-12-03,user667.apple@yahoo.com,090-6512-1588,826 森 Street,富里市,横浜市鶴見区,357-5784,JP,Japan,JAPAN,Japanese,Consumer,None,2019-02-25,2019,RETURNING,True,MDM,2019-02-25,2026-04-17 15:58:34.136936
057cd2de-18c1-4ab3-8860-498ea1c821f5,CUST-2019-JP-001010,裕太,山下,裕太 山下,Female,1998-10-26,user160.apple397@hotmail.com,070-7922-7028,254 三浦 Street,小平市,江戸川区,977-4432,JP,Japan,JAPAN,Japanese,Consumer,None,2019-12-05,2019,RETURNING,True,MDM,2019-12-05,2026-04-17 15:58:34.136938
d0f0c1cc-e6c2-4010-9a5a-612e9739b101,CUST-2019-JP-000173,香織,三浦,香織 三浦,Female,1982-10-14,user521.apple266@gmx.com,86-5653-6938,342 中村 Street,横浜市神奈川区,清瀬市,572-3204,JP,Japan,JAPAN,Japanese,Consumer,Platinum,2019-07-25,2019,RETURNING,True,MDM,2019-07-25,2026-04-17 15:58:34.136939
86a2a247-97cf-4024-a491-063dfae8ff15,CUST-2019-JP-001796,太一,福田,太一 福田,Male,1998-01-26,user882.apple973@icloud.com,080-1916-5905,141 松本 Street,山武郡九十九里町,富里市,789-4742,JP,Japan,JAPAN,Japanese,Consumer,None,2019-01-29,2019,RETURNING,True,MDM,2019-01-29,2026-04-17 15:58:34.136942
7fa1a4e4-3b1a-4f1a-bca6-3cad3b19431f,CUST-2019-JP-002152,花子,石川,花子 石川,Female,1994-01-13,user722.apple546@gmail.com,36-5789-8969,059 加藤 Street,横浜市西区,目黒区,342-1489,JP,Japan,JAPAN,Japanese,Consumer,Gold,2019-10-04,2019,RETURNING,True,MDM,2019-10-04,2026-04-17 15:58:34.136943
68372c40-079b-4568-ac94-8552b1421d48,CUST-2019-JP-002490,健一,森,健一 森,Male,2005-09-08,user214.apple@hotmail.com,01-9001-1526,972 山本 Street,渋谷区,昭島市,380-3171,JP,Japan,JAPAN,Japanese,Consumer,None,2019-03-03,2019,RETURNING,True,MDM,2019-03-03,2026-04-17 15:58:34.136945
8cb4c783-9b54-4d22-93ee-cf04f79983ed,CUST-2019-JP-000557,翼,山口,翼 山口,Male,2006-08-22,user588.apple399@yahoo.com,080-0989-6478,936 松田 Street,西多摩郡檜原村,浦安市,833-4386,JP,Japan,JAPAN,Japanese,Consumer,None,2019-04-25,2019,RETURNING,True,MDM,2019-04-25,2026-04-17 15:58:34.136947
ad47e3ea-e692-4040-9932-faeaccdd8adf,CUST-2019-JP-000849,修平,山下,修平 山下,Female,1951-11-10,user850.apple@aol.com,07-6908-7588,755 橋本 Street,文京区,川崎市多摩区,329-7767,JP,Japan,JAPAN,Japanese,Consumer,None,2019-11-15,2019,RETURNING,True,MDM,2019-11-15,2026-04-17 15:58:34.136950
3d537fed-a309-43fd-ab8e-f756c925534a,CUST-2019-JP-001677,明美,佐々木,明美 佐々木,Male,1958-10-29,user385.apple524@gmx.com,74-9952-4400,817 渡辺 Street,荒川区,三宅島三宅村,958-8816,JP,Japan,JAPAN,Japanese,Education,Silver,2019-12-12,2019,RETURNING,True,MDM,2019-12-12,2026-04-17 15:58:34.136951
df483e41-20f2-41c7-91b2-a8d04f413958,CUST-2019-JP-000499,翼,阿部,翼 阿部,Male,1952-06-29,user121.apple@gmx.com,080-2954-9948,385 山口 Street,練馬区,横浜市港南区,384-9034,JP,Japan,JAPAN,Japanese,Consumer,None,2019-09-20,2019,RETURNING,True,MDM,2019-09-20,2026-04-17 15:58:34.136953
dedc9ec1-dbbc-42c4-af19-c18e11f8a5bb,CUST-2019-JP-001030,晃,山本,晃 山本,Female,2001-04-05,user639.apple@gmail.com,090-9598-7174,025 井上 Street,印西市,横浜市栄区,493-9783,JP,Japan,JAPAN,Japanese,Consumer,Silver,2019-04-26,2019,RETURNING,True,MDM,2019-04-26,2026-04-17 15:58:34.136955
fb6120bf-13bb-4f72-b016-dd81b5450a82,CUST-2019-JP-000523,聡太郎,後藤,聡太郎 後藤,Female,2000-08-07,user697.apple@live.com,56-5921-3969,158 木村 Street,利島村,渋谷区,156-2580,JP,Japan,JAPAN,Japanese,Consumer,None,2019-04-19,2019,RETURNING,True,MDM,2019-04-19,2026-04-17 15:58:34.136957
e20edd93-c279-42e3-90b3-d47315653f4b,CUST-2019-JP-002304,幹,中川,幹 中川,Female,1989-11-12,user228.apple52@aol.com,090-8902-7638,060 青木 Street,羽村市,長生郡白子町,849-0169,JP,Japan,JAPAN,Japanese,Consumer,Platinum,2019-08-05,2019,RETURNING,True,MDM,2019-08-05,2026-04-17 15:58:34.136958
878a19f4-f1f5-41b7-a75b-b13ecf204ddc,CUST-2019-JP-002287,康弘,後藤,康弘 後藤,Male,1994-01-18,user148.apple@zoho.com,090-4020-0068,431 池田 Street,長生郡長生村,世田谷区,638-3519,JP,Japan,JAPAN,Japanese,Consumer,None,2019-05-10,2019,RETURNING,True,MDM,2019-05-10,2026-04-17 15:58:34.136960
6ca1eb66-0f13-451a-a595-4effe22df69c,CUST-2019-JP-002687,さゆり,岡田,さゆり 岡田,Male,1986-01-11,user135.apple297@zoho.com,090-0723-8259,775 伊藤 Street,あきる野市,横浜市鶴見区,326-3032,JP,Japan,JAPAN,Japanese,Consumer,None,2019-01-15,2019,RETURNING,True,MDM,2019-01-15,2026-04-17 15:58:34.136962
04b859cc-118c-4926-ae68-e41718290539,CUST-2019-JP-000731,千代,鈴木,千代 鈴木,Male,1993-04-14,user420.apple@protonmail.com,090-2258-6547,976 後藤 Street,昭島市,横浜市西区,018-3589,JP,Japan,JAPAN,Japanese,Consumer,None,2019-07-19,2019,RETURNING,True,MDM,2019-07-19,2026-04-17 15:58:34.136964
ed77070d-fe79-4402-a231-f3ef63e8379d,CUST-2019-JP-001200,淳,後藤,淳 後藤,Female,1958-10-20,user465.apple@outlook.com,080-3858-2332,178 小川 Street,足立区,横浜市保土ケ谷区,764-3451,JP,Japan,JAPAN,Japanese,Business,None,2019-11-21,2019,RETURNING,True,MDM,2019-11-21,2026-04-17 15:58:34.136966
b17e1dfa-48c6-4710-a16c-9d015ab2ff7c,CUST-2019-JP-001127,洋介,高橋,洋介 高橋,Female,1992-12-26,user236.apple@mail.com,080-9385-7155,205 加藤 Street,武蔵野市,西多摩郡奥多摩町,657-3453,JP,Japan,JAPAN,Japanese,Consumer,Silver,2019-04-30,2019,RETURNING,True,MDM,2019-04-30,2026-04-17 15:58:34.136967
af832c98-807f-4aba-9ca2-ef9e2d87ed34,CUST-2019-JP-001244,あすか,田中,あすか 田中,Female,1964-07-31,user186.apple973@zoho.com,090-6961-2326,558 後藤 Street,横浜市戸塚区,杉並区,545-1244,JP,Japan,JAPAN,Japanese,Business,None,2019-11-03,2019,RETURNING,True,MDM,2019-11-03,2026-04-17 15:58:34.136969
ea26ca9a-f8d5-47ef-92ee-2a1f1ce91911,CUST-2019-JP-001695,千代,藤井,千代 藤井,Male,1972-10-11,user149.apple652@msn.com,070-4191-0427,717 長谷川 Street,八千代市,印旛郡栄町,508-3970,JP,Japan,JAPAN,Japanese,Consumer,Gold,2019-09-28,2019,RETURNING,True,MDM,2019-09-28,2026-04-17 15:58:34.136971
594f1fa0-3c91-43fe-bb7d-853ded333e1e,CUST-2019-JP-002147,さゆり,加藤,さゆり 加藤,Male,1967-01-05,user447.apple@gmail.com,080-3888-1901,900 橋本 Street,杉並区,日野市,949-2557,JP,Japan,JAPAN,Japanese,Consumer,Platinum,2019-07-30,2019,RETURNING,True,MDM,2019-07-30,2026-04-17 15:58:34.136972
32882a47-cb13-449c-bbe2-bdfb7f1aad82,CUST-2019-JP-000689,直樹,伊藤,直樹 伊藤,Female,1958-07-05,user353.apple@gmx.com,090-7726-4205,497 木村 Street,横浜市港南区,横浜市都筑区,108-7119,JP,Japan,JAPAN,Japanese,Consumer,Silver,2019-02-09,2019,RETURNING,True,MDM,2019-02-09,2026-04-17 15:58:34.136974
2bb9b88c-0a3b-449e-82a2-0015331825b7,CUST-2019-JP-001489,直人,加藤,直人 加藤,Female,1950-12-21,user324.apple@yahoo.com,080-6945-5830,270 鈴木 Street,多摩市,豊島区,619-1104,JP,Japan,JAPAN,Japanese,Consumer,Gold,2019-06-24,2019,RETURNING,True,MDM,2019-06-24,2026-04-17 15:58:34.136975
d4ff260e-1e31-4c35-a565-8b793278fc1a,CUST-2019-JP-001752,和也,伊藤,和也 伊藤,Male,1978-09-02,user240.apple@gmail.com,07-7912-5677,674 小川 Street,横浜市港南区,香取郡多古町,471-2790,JP,Japan,JAPAN,Japanese,Consumer,Gold,2019-06-30,2019,RETURNING,True,MDM,2019-06-30,2026-04-17 15:58:34.136977
f50ef05f-a05e-4e97-bd8d-eed9473cc974,CUST-2019-JP-000896,稔,高橋,稔 高橋,Male,1964-07-19,user568.apple230@gmail.com,080-5905-5450,081 福田 Street,八街市,南房総市,119-6057,JP,Japan,JAPAN,Japanese,Consumer,None,2019-11-19,2019,RETURNING,True,MDM,2019-11-19,2026-04-17 15:58:34.136979
73834cfb-be55-4d61-9ab6-de0e643aefb1,CUST-2019-JP-000439,里佳,山口,里佳 山口,Female,1957-08-31,user120.apple@aol.com,070-3576-8028,017 前田 Street,八千代市,青梅市,513-6645,JP,Japan,JAPAN,Japanese,Consumer,Platinum,2019-06-30,2019,RETURNING,True,MDM,2019-06-30,2026-04-17 15:58:34.136980
2c474bc2-b9c9-4e4a-849a-b62d7d991b7d,CUST-2019-JP-000632,幹,高橋,幹 高橋,Male,1993-05-09,user125.apple@zoho.com,090-1129-3017,203 中村 Street,山武市,あきる野市,623-4687,JP,Japan,JAPAN,Japanese,Consumer,None,2019-12-02,2019,RETURNING,True,MDM,2019-12-02,2026-04-17 15:58:34.136982
eab30578-1e52-4969-91ac-69dcb7f4d394,CUST-2019-JP-000218,花子,中村,花子 中村,Male,1968-07-31,user882.apple@zoho.com,13-7833-1364,055 西村 Street,調布市,三鷹市,501-5931,JP,Japan,JAPAN,Japanese,Consumer,Silver,2019-01-08,2019,RETURNING,True,MDM,2019-01-08,2026-04-17 15:58:34.136983
0fdd8f35-ac94-49a7-b7d9-98aa50bd448d,CUST-2019-JP-002579,舞,吉田,舞 吉田,Male,1953-06-13,user719.apple@protonmail.com,070-4317-5905,486 藤田 Street,長生郡長南町,西多摩郡瑞穂町,239-9277,JP,Japan,JAPAN,Japanese,Consumer,Silver,2019-08-28,2019,RETURNING,True,MDM,2019-08-28,2026-04-17 15:58:34.136985
4a29b0bf-8790-4b57-92f3-45a1e81e07a2,CUST-2019-JP-000846,零,松田,零 松田,Female,1953-08-19,user898.apple@msn.com,080-0448-2088,750 佐々木 Street,横浜市中区,中野区,412-3191,JP,Japan,JAPAN,Japanese,Consumer,Silver,2019-12-09,2019,RETURNING,True,MDM,2019-12-09,2026-04-17 15:58:34.136987
bd19af35-38f8-4752-95e5-d03c24035c0b,CUST-2019-JP-002032,聡太郎,三浦,聡太郎 三浦,Male,1979-03-25,user636.apple@gmx.com,090-4386-2399,102 加藤 Street,三宅島三宅村,立川市,459-7917,JP,Japan,JAPAN,Japanese,Consumer,None,2019-11-05,2019,RETURNING,True,MDM,2019-11-05,2026-04-17 15:58:34.136988
18a3a6e7-31d2-4eaf-8dd1-71ff53841215,CUST-2019-JP-002518,涼平,佐藤,涼平 佐藤,Female,1997-01-15,user581.apple467@protonmail.com,070-9165-5783,617 山本 Street,浦安市,昭島市,839-7613,JP,Japan,JAPAN,Japanese,Consumer,None,2019-11-15,2019,RETURNING,True,MDM,2019-11-15,2026-04-17 15:58:34.136990
0c6c9a68-0bc4-4312-8346-ec37d6f2ed13,CUST-2019-JP-000961,結衣,山本,結衣 山本,Female,1995-06-21,user380.apple@gmail.com,070-0688-4392,201 山本 Street,印西市,立川市,279-0197,JP,Japan,JAPAN,Japanese,Consumer,Platinum,2019-05-25,2019,RETURNING,True,MDM,2019-05-25,2026-04-17 15:58:34.136991
8c160d30-0e52-417a-8368-419931cf1f37,CUST-2019-JP-001935,洋介,藤田,洋介 藤田,Female,1970-08-09,user681.apple@icloud.com,070-3108-2015,391 斉藤 Street,夷隅郡御宿町,神津島村,410-7607,JP,Japan,JAPAN,Japanese,Consumer,None,2019-02-13,2019,RETURNING,True,MDM,2019-02-13,2026-04-17 15:58:34.136993
56a34e27-0c44-42f7-b308-a739756715bf,CUST-2019-JP-002541,治,藤井,治 藤井,Male,1988-12-11,user927.apple150@live.com,080-6519-8681,347 小川 Street,香取郡多古町,日野市,369-2611,JP,Japan,JAPAN,Japanese,Consumer,None,2019-02-20,2019,RETURNING,True,MDM,2019-02-20,2026-04-17 15:58:34.136995
a1083549-7fae-4b7e-8d8e-b28f3e0ea843,CUST-2019-JP-001908,翼,井上,翼 井上,Female,1964-05-21,user524.apple@zoho.com,090-3951-9669,658 田中 Street,文京区,北区,514-1818,JP,Japan,JAPAN,Japanese,Consumer,None,2019-06-22,2019,RETURNING,True,MDM,2019-06-22,2026-04-17 15:58:34.136997
8148ffa7-412e-425d-b3e8-0e87d0a24880,CUST-2019-JP-001273,春香,加藤,春香 加藤,Male,1959-03-10,user543.apple142@outlook.com,090-8147-8852,169 池田 Street,長生郡白子町,小金井市,657-9794,JP,Japan,JAPAN,Japanese,Business,Silver,2019-01-25,2019,RETURNING,True,MDM,2019-01-25,2026-04-17 15:58:34.136998
d19e2001-c695-41d6-8f9e-36b06a44daae,CUST-2019-JP-000038,和也,井上,和也 井上,Female,1984-01-31,user760.apple373@zoho.com,090-5971-9043,303 村上 Street,東大和市,長生郡一宮町,275-2465,JP,Japan,JAPAN,Japanese,Education,Platinum,2019-11-12,2019,RETURNING,True,MDM,2019-11-12,2026-04-17 15:58:34.137000
f4d79d04-145e-4f31-9f83-b2ccbc059992,CUST-2019-JP-000590,直人,中村,直人 中村,Female,1991-09-29,user472.apple@icloud.com,03-8401-6803,793 加藤 Street,川崎市高津区,府中市,394-4802,JP,Japan,JAPAN,Japanese,Consumer,None,2019-03-24,2019,RETURNING,True,MDM,2019-03-24,2026-04-17 15:58:34.137002
432fb669-4833-4838-a6ae-ef3c4a0d51ab,CUST-2019-JP-000375,治,佐藤,治 佐藤,Female,1960-07-14,user924.apple@yahoo.com,24-1041-3867,741 小林 Street,あきる野市,横浜市泉区,996-3041,JP,Japan,JAPAN,Japanese,Consumer,Silver,2019-11-18,2019,RETURNING,False,MDM,2019-11-18,2026-04-17 15:58:34.137003
5f01c3cd-c766-4250-99d9-f3d2af1794fd,CUST-2019-JP-000341,零,池田,零 池田,Female,1972-07-21,user180.apple@icloud.com,080-6226-9363,275 村上 Street,横浜市神奈川区,南房総市,457-1236,JP,Japan,JAPAN,Japanese,Consumer,Silver,2019-03-01,2019,RETURNING,True,MDM,2019-03-01,2026-04-17 15:58:34.137004
61ae17f4-5385-4de4-bd36-9f8b9dca8e09,CUST-2019-JP-001663,香織,藤原,香織 藤原,Male,2007-02-02,user510.apple@gmx.com,03-1945-2748,364 山田 Street,中野区,中央区,105-1561,JP,Japan,JAPAN,Japanese,Consumer,None,2019-10-21,2019,RETURNING,True,MDM,2019-10-21,2026-04-17 15:58:34.137006
29d9b0f8-93ed-4565-88c4-0517dd5d38ee,CUST-2019-JP-002480,里佳,青木,里佳 青木,Female,1973-08-25,user104.apple826@outlook.com,090-0010-9388,282 岡田 Street,世田谷区,利島村,432-7525,JP,Japan,JAPAN,Japanese,Consumer,None,2019-10-16,2019,RETURNING,True,MDM,2019-10-16,2026-04-17 15:58:34.137008
0bbab41f-264e-41d9-9681-39e9ec8d2508,CUST-2019-JP-000830,拓真,近藤,拓真 近藤,Male,1950-11-24,user505.apple@zoho.com,090-7804-6627,409 遠藤 Street,横浜市神奈川区,横浜市鶴見区,323-0641,JP,Japan,JAPAN,Japanese,Consumer,None,2019-11-09,2019,RETURNING,True,MDM,2019-11-09,2026-04-17 15:58:34.137010
fc900b31-5af2-419a-92d1-48eaf901ba57,CUST-2019-JP-001719,京助,岡本,京助 岡本,Male,1977-07-07,user622.apple@hotmail.com,080-2266-9403,044 森 Street,山武郡横芝光町,青梅市,114-3700,JP,Japan,JAPAN,Japanese,Consumer,None,2019-12-13,2019,RETURNING,True,MDM,2019-12-13,2026-04-17 15:58:34.137011
96e10727-42c2-4de1-88fa-fa8467e7f914,CUST-2019-JP-001805,知実,遠藤,知実 遠藤,Male,1986-03-12,user480.apple765@mail.com,090-6018-2033,535 池田 Street,我孫子市,長生郡一宮町,175-3954,JP,Japan,JAPAN,Japanese,Consumer,Silver,2019-05-29,2019,RETURNING,True,MDM,2019-05-29,2026-04-17 15:58:34.137013
3dce660b-1094-41be-addb-ae0e0afb1b44,CUST-2019-JP-000622,治,鈴木,治 鈴木,Male,2004-05-28,user980.apple@mail.com,080-2962-5992,259 鈴木 Street,横浜市中区,新宿区,106-3778,JP,Japan,JAPAN,Japanese,Consumer,Platinum,2019-05-04,2019,RETURNING,False,MDM,2019-05-04,2026-04-17 15:58:34.137015
387dfba6-2378-45a4-9bbb-94c433facc57,CUST-2019-JP-002036,智也,清水,智也 清水,Female,1982-03-02,user566.apple@outlook.com,090-9269-2583,128 遠藤 Street,香取郡東庄町,北区,735-4336,JP,Japan,JAPAN,Japanese,Consumer,Gold,2019-04-11,2019,RETURNING,True,MDM,2019-04-11,2026-04-17 15:58:34.137016
31092d6b-8ee9-4b18-aeae-208ca1311b36,CUST-2019-JP-001954,美加子,山本,美加子 山本,Male,1998-07-13,user422.apple@outlook.com,080-2983-4344,167 佐々木 Street,国立市,大島町,839-7531,JP,Japan,JAPAN,Japanese,Consumer,None,2019-01-22,2019,RETURNING,True,MDM,2019-01-22,2026-04-17 15:58:34.137018
103aac59-768a-4801-ac58-9a5be4753e09,CUST-2019-JP-002689,治,伊藤,治 伊藤,Female,1955-05-29,user571.apple@outlook.com,090-9244-6395,025 渡辺 Street,練馬区,八街市,109-6855,JP,Japan,JAPAN,Japanese,Consumer,Silver,2019-05-23,2019,RETURNING,True,MDM,2019-05-23,2026-04-17 15:58:34.137020
c5ced06b-7be0-4866-9b02-4dc7b1f471b9,CUST-2019-JP-002099,英樹,石井,英樹 石井,Female,1960-07-09,user522.apple@outlook.com,46-3004-6940,590 渡辺 Street,板橋区,八王子市,140-0894,JP,Japan,JAPAN,Japanese,Consumer,Platinum,2019-07-02,2019,RETURNING,True,MDM,2019-07-02,2026-04-17 15:58:34.137021
139cfd22-6d0f-43a0-b64a-d8276129087e,CUST-2019-JP-001393,聡太郎,小林,聡太郎 小林,Female,1971-02-01,user672.apple@zoho.com,14-6024-5260,217 田中 Street,横浜市磯子区,豊島区,614-2796,JP,Japan,JAPAN,Japanese,Consumer,Silver,2019-07-10,2019,RETURNING,True,MDM,2019-07-10,2026-04-17 15:58:34.137022
58c0e356-bdef-4f47-a39d-44f7400d2062,CUST-2019-JP-002571,拓真,鈴木,拓真 鈴木,Female,1963-06-08,user468.apple@live.com,64-6694-7041,771 伊藤 Street,富津市,東大和市,577-7281,JP,Japan,JAPAN,Japanese,Consumer,Silver,2019-04-06,2019,RETURNING,True,MDM,2019-04-06,2026-04-17 15:58:34.137024
c282e136-b66b-44fd-a257-1dc412d6312b,CUST-2019-JP-002680,智也,坂本,智也 坂本,Male,1962-12-10,user492.apple@hotmail.com,52-9098-3669,940 中村 Street,南房総市,文京区,428-9301,JP,Japan,JAPAN,Japanese,Consumer,None,2019-07-06,2019,RETURNING,True,MDM,2019-07-06,2026-04-17 15:58:34.137026
802c7d70-34d6-4123-89c6-abb4eec81a7e,CUST-2019-JP-002477,裕太,山田,裕太 山田,Male,1986-11-09,user763.apple686@hotmail.com,43-3364-7507,687 太田 Street,御蔵島村,川崎市幸区,612-1313,JP,Japan,JAPAN,Japanese,Education,None,2019-02-28,2019,RETURNING,True,MDM,2019-02-28,2026-04-17 15:58:34.137027
720d8b2b-938e-4542-b3ab-6d9b47d7f8ff,CUST-2019-JP-001501,幹,坂本,幹 坂本,Male,1985-05-17,user500.apple146@zoho.com,070-5526-9869,123 佐藤 Street,富里市,印旛郡栄町,453-1865,JP,Japan,JAPAN,Japanese,Consumer,Silver,2019-03-31,2019,RETURNING,True,MDM,2019-03-31,2026-04-17 15:58:34.137029
8f9c22b5-5f2b-4580-8032-f5aaa39debf4,CUST-2019-JP-001904,陽子,西村,陽子 西村,Female,1986-06-09,user844.apple@hotmail.com,070-5754-8509,442 山崎 Street,長生郡睦沢町,東大和市,946-2182,JP,Japan,JAPAN,Japanese,Education,Platinum,2019-06-01,2019,RETURNING,True,MDM,2019-06-01,2026-04-17 15:58:34.137030
af59b27d-bc9f-4951-804e-84e06c1ab5e6,CUST-2019-JP-001012,桃子,加藤,桃子 加藤,Male,1971-01-22,user517.apple860@live.com,070-8221-9227,549 鈴木 Street,匝瑳市,川崎市幸区,718-8493,JP,Japan,JAPAN,Japanese,Education,None,2019-10-09,2019,RETURNING,True,MDM,2019-10-09,2026-04-17 15:58:34.137032
01c9c9c8-ad8f-4047-8984-0957c7725760,CUST-2019-JP-000788,篤司,中村,篤司 中村,Female,1951-12-27,user632.apple@msn.com,080-6351-2797,479 岡本 Street,葛飾区,印旛郡印旛村,551-4337,JP,Japan,JAPAN,Japanese,Consumer,Silver,2019-02-16,2019,RETURNING,True,MDM,2019-02-16,2026-04-17 15:58:34.137033
83a47a63-05cb-41fb-92f5-332a7625a05d,CUST-2019-JP-001359,和也,岡本,和也 岡本,Female,2002-11-29,user497.apple@outlook.com,080-6411-2453,952 高橋 Street,袖ケ浦市,中央区,054-5608,JP,Japan,JAPAN,Japanese,Consumer,None,2019-07-07,2019,RETURNING,True,MDM,2019-07-07,2026-04-17 15:58:34.137035
39406e68-03fd-4d4a-9eb6-0b98b71880dc,CUST-2019-JP-002192,健一,遠藤,健一 遠藤,Female,1953-10-18,user474.apple@hotmail.com,080-9018-0649,928 佐藤 Street,川崎市多摩区,葛飾区,362-0455,JP,Japan,JAPAN,Japanese,Consumer,None,2019-09-17,2019,RETURNING,True,MDM,2019-09-17,2026-04-17 15:58:34.137037
75303bca-4a48-4efd-a6e6-0add5403855b,CUST-2019-JP-001166,加奈,山本,加奈 山本,Female,1974-03-02,user425.apple@protonmail.com,090-8293-0088,992 伊藤 Street,稲城市,川崎市川崎区,871-0342,JP,Japan,JAPAN,Japanese,Consumer,None,2019-01-21,2019,RETURNING,True,MDM,2019-01-21,2026-04-17 15:58:34.137039
4c8829d6-941d-4918-888f-acfd5ce96b8b,CUST-2019-JP-002545,零,松本,零 松本,Female,1952-11-10,user788.apple@yahoo.com,070-7173-2189,863 太田 Street,世田谷区,練馬区,013-0636,JP,Japan,JAPAN,Japanese,Consumer,Gold,2019-02-02,2019,RETURNING,True,MDM,2019-02-02,2026-04-17 15:58:34.137040
2963e6c8-a5f7-4c3e-97af-7d55421b32e2,CUST-2019-JP-000312,康弘,山本,康弘 山本,Male,1987-11-21,user770.apple@outlook.com,090-4162-3909,797 山田 Street,横浜市金沢区,長生郡長柄町,006-2942,JP,Japan,JAPAN,Japanese,Consumer,None,2019-01-11,2019,RETURNING,True,MDM,2019-01-11,2026-04-17 15:58:34.137042
c7a88947-a1bb-46db-86cf-7f5ba6b4516f,CUST-2019-JP-001741,稔,長谷川,稔 長谷川,Male,1961-01-10,user517.apple175@mail.com,080-9122-6843,109 岡本 Street,印旛郡本埜村,大島町,341-1634,JP,Japan,JAPAN,Japanese,Consumer,None,2019-09-02,2019,RETURNING,True,MDM,2019-09-02,2026-04-17 15:58:34.137043
63fc5048-a34f-40d5-94f0-d6eb8f2b21c1,CUST-2019-JP-002160,春香,鈴木,春香 鈴木,Female,1984-11-02,user855.apple592@icloud.com,28-1338-8264,614 田中 Street,横浜市保土ケ谷区,四街道市,633-2147,JP,Japan,JAPAN,Japanese,Consumer,Silver,2019-11-29,2019,RETURNING,False,MDM,2019-11-29,2026-04-17 15:58:34.137045
ef9b4498-31dc-41c4-a8ff-a9ba3b96155e,CUST-2019-JP-002312,晃,山本,晃 山本,Male,1968-03-09,user317.apple@live.com,070-4448-9849,333 鈴木 Street,あきる野市,武蔵野市,913-5492,JP,Japan,JAPAN,Japanese,Business,Gold,2019-06-17,2019,RETURNING,True,MDM,2019-06-17,2026-04-17 15:58:34.137046
b259fd97-4528-4777-935d-3fe91737df08,CUST-2019-JP-001097,桃子,近藤,桃子 近藤,Male,1960-04-28,user593.apple@yahoo.com,090-1420-1110,109 小川 Street,夷隅郡大多喜町,横浜市鶴見区,244-0751,JP,Japan,JAPAN,Japanese,Business,None,2019-12-17,2019,RETURNING,True,MDM,2019-12-17,2026-04-17 15:58:34.137048
adbc3c0a-583b-4add-a5f2-6fd6fcae778c,CUST-2019-JP-000868,晃,清水,晃 清水,Male,1994-07-15,user387.apple@gmx.com,93-0712-1237,464 木村 Street,渋谷区,三鷹市,075-5101,JP,Japan,JAPAN,Japanese,Consumer,None,2019-08-04,2019,RETURNING,True,MDM,2019-08-04,2026-04-17 15:58:34.137049
ddaa2e68-c697-4147-9cf2-d7d8d089c0a5,CUST-2019-JP-001733,知実,伊藤,知実 伊藤,Female,1971-09-16,user844.apple@yahoo.com,080-0451-7335,543 長谷川 Street,小笠原村,新宿区,400-7475,JP,Japan,JAPAN,Japanese,Education,Gold,2019-02-26,2019,RETURNING,True,MDM,2019-02-26,2026-04-17 15:58:34.137051
151d4ed8-eaa9-4685-b9b5-252a9a8f9b4a,CUST-2019-JP-000517,陽一,山崎,陽一 山崎,Female,1971-05-06,user971.apple@yahoo.com,33-7591-0499,137 山下 Street,我孫子市,長生郡長南町,133-8725,JP,Japan,JAPAN,Japanese,Consumer,Silver,2019-03-19,2019,RETURNING,True,MDM,2019-03-19,2026-04-17 15:58:34.137053
7439f945-906b-4eb6-b041-cdcd43137187,CUST-2019-JP-002798,真綾,高橋,真綾 高橋,Female,1983-06-15,user190.apple505@gmx.com,080-8539-3514,222 池田 Street,浦安市,横浜市栄区,539-3282,JP,Japan,JAPAN,Japanese,Consumer,Platinum,2019-11-27,2019,RETURNING,True,MDM,2019-11-27,2026-04-17 15:58:34.137054
7eeb4f8d-b810-4cc9-88d4-0b71399d4370,CUST-2019-JP-000815,稔,中村,稔 中村,Male,1979-11-02,user628.apple@icloud.com,60-5841-7463,062 佐々木 Street,多摩市,三鷹市,367-2290,JP,Japan,JAPAN,Japanese,Consumer,None,2019-11-25,2019,RETURNING,True,MDM,2019-11-25,2026-04-17 15:58:34.137056
3eee3cbc-6b7f-4a9b-a0f1-05e88c2c7ee6,CUST-2019-JP-001883,翼,佐藤,翼 佐藤,Male,1998-03-12,user214.apple@aol.com,070-0750-9072,903 佐藤 Street,香取市,西東京市,655-2500,JP,Japan,JAPAN,Japanese,Consumer,Silver,2019-03-26,2019,RETURNING,True,MDM,2019-03-26,2026-04-17 15:58:34.137057
0be6a5ba-4969-4392-a63c-6f69c23d7b8d,CUST-2019-JP-001426,康弘,橋本,康弘 橋本,Male,1995-03-28,user461.apple496@live.com,070-0232-8078,414 木村 Street,中野区,豊島区,886-7137,JP,Japan,JAPAN,Japanese,Consumer,None,2019-04-03,2019,RETURNING,True,MDM,2019-04-03,2026-04-17 15:58:34.137059
51b89f38-01f0-46cd-8486-79607e4ec5c6,CUST-2019-JP-000604,直子,渡辺,直子 渡辺,Male,1984-05-27,user453.apple@outlook.com,090-1111-5806,706 遠藤 Street,江東区,豊島区,832-8346,JP,Japan,JAPAN,Japanese,Consumer,Gold,2019-12-17,2019,RETURNING,True,MDM,2019-12-17,2026-04-17 15:58:34.137060
93d4d215-108e-4075-841b-ca60d0c2fe7c,CUST-2019-JP-000808,修平,前田,修平 前田,Male,1968-02-05,user837.apple209@outlook.com,070-0640-3986,118 山口 Street,山武郡横芝光町,川崎市多摩区,514-4094,JP,Japan,JAPAN,Japanese,Business,None,2019-11-16,2019,RETURNING,True,MDM,2019-11-16,2026-04-17 15:58:34.137062
b9eee8e5-7e63-43eb-848b-d4f37b930374,CUST-2019-JP-001041,篤司,藤井,篤司 藤井,Male,1975-08-20,user193.apple@gmail.com,97-8216-2280,538 中村 Street,小笠原村,川崎市宮前区,378-7619,JP,Japan,JAPAN,Japanese,Education,None,2019-04-25,2019,RETURNING,True,MDM,2019-04-25,2026-04-17 15:58:34.137064
795ed9b7-7d55-4c25-937f-380e9a203cae,CUST-2019-JP-002229,真綾,渡辺,真綾 渡辺,Female,1996-06-28,user978.apple@hotmail.com,82-8014-5458,649 高橋 Street,八千代市,長生郡睦沢町,746-3847,JP,Japan,JAPAN,Japanese,Consumer,Platinum,2019-06-24,2019,RETURNING,True,MDM,2019-06-24,2026-04-17 15:58:34.137066
6ab58577-9c19-41f3-8a5f-ba867f623ba2,CUST-2019-JP-002088,篤司,山下,篤司 山下,Female,1985-06-23,user826.apple@aol.com,090-8610-5185,291 林 Street,浦安市,横浜市泉区,694-5732,JP,Japan,JAPAN,Japanese,Consumer,None,2019-02-05,2019,RETURNING,True,MDM,2019-02-05,2026-04-17 15:58:34.137068
022b08fa-d160-4d3c-b2bf-eef49c002ba2,CUST-2019-JP-000733,桃子,佐藤,桃子 佐藤,Male,1995-01-25,user988.apple@gmx.com,01-5530-4814,281 林 Street,新宿区,白井市,252-0676,JP,Japan,JAPAN,Japanese,Consumer,Gold,2019-05-09,2019,RETURNING,False,MDM,2019-05-09,2026-04-17 15:58:34.137069
cc5a2892-781f-4b13-aa3f-74d0600df130,CUST-2019-JP-000127,直人,藤井,直人 藤井,Female,1970-04-29,user318.apple543@hotmail.com,080-2602-7574,445 高橋 Street,横浜市神奈川区,八街市,403-9983,JP,Japan,JAPAN,Japanese,Consumer,None,2019-06-25,2019,RETURNING,True,MDM,2019-06-25,2026-04-17 15:58:34.137071
b253cabd-297f-40cc-9cac-40b04f63232d,CUST-2019-JP-002282,聡太郎,佐々木,聡太郎 佐々木,Female,1965-04-14,user978.apple485@gmail.com,88-8501-8872,401 中島 Street,匝瑳市,神津島村,130-5650,JP,Japan,JAPAN,Japanese,Consumer,Gold,2019-07-04,2019,RETURNING,True,MDM,2019-07-04,2026-04-17 15:58:34.137073
57621319-9f38-4ae0-9f23-beec5def1de6,CUST-2019-JP-000392,浩,渡辺,浩 渡辺,Male,1975-09-11,user265.apple974@icloud.com,17-6269-1021,396 青木 Street,利島村,横浜市都筑区,528-6006,JP,Japan,JAPAN,Japanese,Consumer,Silver,2019-07-08,2019,RETURNING,True,MDM,2019-07-08,2026-04-17 15:58:34.137074
aa61a2dc-246a-4894-8233-4d80cb5c84c4,CUST-2019-JP-001026,裕樹,高橋,裕樹 高橋,Male,2007-08-16,user493.apple872@gmx.com,090-8441-3612,460 村上 Street,横浜市港北区,富里市,951-4984,JP,Japan,JAPAN,Japanese,Consumer,None,2019-10-17,2019,RETURNING,True,MDM,2019-10-17,2026-04-17 15:58:34.137076
f6e08f3a-ef77-46b6-9f82-b76894da8269,CUST-2019-JP-000577,里佳,西村,里佳 西村,Female,1969-12-26,user527.apple@icloud.com,080-2500-3890,866 佐々木 Street,印旛郡酒々井町,横浜市港南区,613-6225,JP,Japan,JAPAN,Japanese,Consumer,Silver,2019-06-05,2019,RETURNING,True,MDM,2019-06-05,2026-04-17 15:58:34.137077
08708569-c9cb-4f52-a6b2-d39ef39da89f,CUST-2019-JP-000227,英樹,吉田,英樹 吉田,Female,1977-09-02,user302.apple809@msn.com,84-5707-9328,691 山本 Street,東大和市,八王子市,079-4700,JP,Japan,JAPAN,Japanese,Consumer,None,2019-03-16,2019,RETURNING,True,MDM,2019-03-16,2026-04-17 15:58:34.137079
6a115d19-dcd8-46ca-980c-405ed6248922,CUST-2019-JP-002264,結衣,清水,結衣 清水,Male,1995-11-24,user313.apple399@protonmail.com,070-5136-8276,082 佐藤 Street,三宅島三宅村,川崎市中原区,435-5128,JP,Japan,JAPAN,Japanese,Consumer,None,2019-08-22,2019,RETURNING,True,MDM,2019-08-22,2026-04-17 15:58:34.137080
fa854211-08ab-4a8e-a92b-d21996071d71,CUST-2019-JP-000509,里佳,斎藤,里佳 斎藤,Male,1953-11-05,user199.apple@gmail.com,070-7524-6643,984 長谷川 Street,横浜市旭区,三宅島三宅村,332-1905,JP,Japan,JAPAN,Japanese,Consumer,None,2019-09-12,2019,RETURNING,False,MDM,2019-09-12,2026-04-17 15:58:34.137082
9a26f693-6f7d-4ea3-a115-7f8b71aad507,CUST-2019-JP-001591,幹,斉藤,幹 斉藤,Male,1990-11-29,user506.apple@yahoo.com,070-8686-5002,737 池田 Street,三宅島三宅村,江東区,005-7942,JP,Japan,JAPAN,Japanese,Education,Platinum,2019-10-17,2019,RETURNING,True,MDM,2019-10-17,2026-04-17 15:58:34.137084
9c5a9f0d-e589-4000-97f1-aa3f772ffc14,CUST-2019-JP-000567,舞,福田,舞 福田,Male,1973-04-05,user637.apple@aol.com,090-3110-3233,170 木村 Street,横浜市磯子区,夷隅郡御宿町,406-0587,JP,Japan,JAPAN,Japanese,Consumer,None,2019-10-14,2019,RETURNING,True,MDM,2019-10-14,2026-04-17 15:58:34.137085
c95708c7-c87a-439c-822d-239741580795,CUST-2019-JP-000598,真綾,高橋,真綾 高橋,Female,1963-02-18,user794.apple419@zoho.com,070-6507-1858,480 渡辺 Street,墨田区,あきる野市,890-4347,JP,Japan,JAPAN,Japanese,Consumer,Gold,2019-11-11,2019,RETURNING,True,MDM,2019-11-11,2026-04-17 15:58:34.137087
270c0106-76df-4680-93d7-1aa4a544ec65,CUST-2019-JP-000531,英樹,福田,英樹 福田,Female,1983-06-06,user660.apple547@mail.com,090-5993-1058,502 山田 Street,杉並区,香取郡神崎町,938-4892,JP,Japan,JAPAN,Japanese,Consumer,Platinum,2019-11-20,2019,RETURNING,True,MDM,2019-11-20,2026-04-17 15:58:34.137089
f9864ea7-a908-461c-8e5e-95d91c50dfe3,CUST-2019-JP-002280,裕樹,伊藤,裕樹 伊藤,Female,1992-04-30,user912.apple@icloud.com,19-0493-8914,353 渡辺 Street,中野区,多摩市,534-0677,JP,Japan,JAPAN,Japanese,Education,None,2019-01-11,2019,RETURNING,True,MDM,2019-01-11,2026-04-17 15:58:34.137091
7c9a5753-c296-4897-bada-4f9a97147fa8,CUST-2019-JP-001731,美加子,山本,美加子 山本,Male,1954-06-01,user679.apple@aol.com,67-0443-8098,363 佐藤 Street,横浜市栄区,東村山市,019-9824,JP,Japan,JAPAN,Japanese,Consumer,None,2019-09-22,2019,RETURNING,True,MDM,2019-09-22,2026-04-17 15:58:34.137093
ebb3d74a-a386-45b7-afda-d85d4e3ef32b,CUST-2019-JP-000298,陽子,山本,陽子 山本,Male,1986-01-17,user553.apple@yahoo.com,51-4158-2898,636 小林 Street,港区,御蔵島村,560-3377,JP,Japan,JAPAN,Japanese,Consumer,Gold,2019-06-26,2019,RETURNING,True,MDM,2019-06-26,2026-04-17 15:58:34.137094
fd197d58-9147-434e-9b87-7cece7f3b3fa,CUST-2019-JP-001320,千代,加藤,千代 加藤,Female,2002-03-16,user379.apple@hotmail.com,070-7779-7358,265 佐藤 Street,中央区,我孫子市,141-6705,JP,Japan,JAPAN,Japanese,Education,Silver,2019-12-05,2019,RETURNING,True,MDM,2019-12-05,2026-04-17 15:58:34.137095
71a0862d-bbef-4d00-9bd4-e824fa09e632,CUST-2019-JP-001113,結衣,山崎,結衣 山崎,Female,1973-07-23,user386.apple@gmail.com,090-3725-0298,508 高橋 Street,いすみ市,練馬区,416-3590,JP,Japan,JAPAN,Japanese,Consumer,Platinum,2019-04-07,2019,RETURNING,True,MDM,2019-04-07,2026-04-17 15:58:34.137097
df8e6f7b-2de1-45b9-9552-0be2ef8d54fa,CUST-2019-JP-000621,涼平,高橋,涼平 高橋,Female,2003-09-19,user514.apple895@yahoo.com,090-9573-5775,343 伊藤 Street,川崎市高津区,横浜市神奈川区,715-7949,JP,Japan,JAPAN,Japanese,Consumer,None,2019-07-15,2019,RETURNING,True,MDM,2019-07-15,2026-04-17 15:58:34.137099
dc37dfe3-4700-4595-ac8f-2e37fcc12983,CUST-2019-JP-001053,七夏,石川,七夏 石川,Male,1970-03-31,user678.apple@live.com,070-8808-0752,662 林 Street,品川区,夷隅郡大多喜町,317-0822,JP,Japan,JAPAN,Japanese,Consumer,None,2019-01-29,2019,RETURNING,True,MDM,2019-01-29,2026-04-17 15:58:34.137101
e0999a63-407d-4268-8996-8599b6a37c23,CUST-2019-JP-002329,亮介,井上,亮介 井上,Female,1953-11-19,user254.apple@msn.com,55-8575-0720,532 橋本 Street,新島村,豊島区,391-5420,JP,Japan,JAPAN,Japanese,Consumer,None,2019-09-28,2019,RETURNING,True,MDM,2019-09-28,2026-04-17 15:58:34.137103
5c7abb8e-4a87-462b-9458-a1bdba78ab1e,CUST-2019-JP-002455,幹,山崎,幹 山崎,Female,1976-04-09,user289.apple118@msn.com,070-2910-6377,011 中村 Street,横浜市中区,いすみ市,465-1922,JP,Japan,JAPAN,Japanese,Consumer,Silver,2019-03-31,2019,RETURNING,True,MDM,2019-03-31,2026-04-17 15:58:34.137104
5f5d94c7-65ae-4977-87c9-a25769f141fe,CUST-2019-JP-001222,稔,松本,稔 松本,Male,1983-01-20,user353.apple@zoho.com,090-6108-4951,417 中村 Street,川崎市幸区,多摩市,279-7341,JP,Japan,JAPAN,Japanese,Consumer,None,2019-05-13,2019,RETURNING,True,MDM,2019-05-13,2026-04-17 15:58:34.137106
d3683f1a-9d49-4a60-afca-8e544f7e0d32,CUST-2019-JP-002067,英樹,山田,英樹 山田,Male,1988-04-20,user593.apple@gmail.com,070-2997-4154,227 田中 Street,横浜市神奈川区,横浜市港南区,842-9117,JP,Japan,JAPAN,Japanese,Consumer,Silver,2019-07-23,2019,RETURNING,True,MDM,2019-07-23,2026-04-17 15:58:34.137107
e4f73a68-76c0-4d03-98af-d599b37d4dfa,CUST-2019-JP-001737,加奈,池田,加奈 池田,Female,1975-10-15,user579.apple@outlook.com,57-3975-9641,305 松田 Street,横浜市南区,西多摩郡日の出町,231-1673,JP,Japan,JAPAN,Japanese,Consumer,None,2019-10-05,2019,RETURNING,True,MDM,2019-10-05,2026-04-17 15:58:34.137109
db9e9e7d-5cce-4048-b954-2c66e948ce4a,CUST-2019-JP-000501,洋介,田中,洋介 田中,Male,1992-04-30,user557.apple@yahoo.com,080-2684-0262,313 井上 Street,荒川区,川崎市高津区,841-1876,JP,Japan,JAPAN,Japanese,Education,None,2019-01-31,2019,RETURNING,True,MDM,2019-01-31,2026-04-17 15:58:34.137111
470300c9-3e3b-4cff-b0af-cb7e1ecc4d54,CUST-2019-JP-000197,淳,松本,淳 松本,Male,1998-03-27,user425.apple@live.com,080-0364-6100,344 後藤 Street,浦安市,八丈島八丈町,132-1992,JP,Japan,JAPAN,Japanese,Consumer,Silver,2019-09-23,2019,RETURNING,True,MDM,2019-09-23,2026-04-17 15:58:34.137112
a6d4629d-948a-4003-9ce0-7ebd5d240c8e,CUST-2019-JP-000307,太郎,坂本,太郎 坂本,Female,1977-02-13,user333.apple@icloud.com,42-1495-5167,617 山口 Street,武蔵村山市,横浜市栄区,938-4859,JP,Japan,JAPAN,Japanese,Consumer,None,2019-09-10,2019,RETURNING,True,MDM,2019-09-10,2026-04-17 15:58:34.137114
835bbc8b-2c38-456f-8ec8-db516ec574da,CUST-2019-JP-000103,修平,佐藤,修平 佐藤,Male,1959-02-01,user672.apple@outlook.com,090-4756-0586,155 田中 Street,香取市,狛江市,959-6033,JP,Japan,JAPAN,Japanese,Consumer,None,2019-11-04,2019,RETURNING,True,MDM,2019-11-04,2026-04-17 15:58:34.137116
1185728b-2f30-42eb-b671-f95fa58be58f,CUST-2019-JP-002611,千代,田中,千代 田中,Female,1993-05-13,user603.apple@gmail.com,080-3066-5829,106 田中 Street,川崎市中原区,西東京市,451-8542,JP,Japan,JAPAN,Japanese,Consumer,Gold,2019-05-27,2019,RETURNING,True,MDM,2019-05-27,2026-04-17 15:58:34.137117
52082f25-0659-420a-9cab-1f53387f720c,CUST-2019-JP-001173,京助,鈴木,京助 鈴木,Female,1966-01-31,user341.apple994@yahoo.com,070-0775-2359,135 佐々木 Street,夷隅郡御宿町,杉並区,581-7093,JP,Japan,JAPAN,Japanese,Consumer,Silver,2019-12-05,2019,RETURNING,True,MDM,2019-12-05,2026-04-17 15:58:34.137118
b444f83a-6cac-4218-b8de-ac56d13de33e,CUST-2019-JP-000879,裕太,阿部,裕太 阿部,Male,1965-10-10,user416.apple@gmx.com,090-9719-5888,435 斎藤 Street,西多摩郡瑞穂町,杉並区,721-6633,JP,Japan,JAPAN,Japanese,Consumer,None,2019-10-18,2019,RETURNING,True,MDM,2019-10-18,2026-04-17 15:58:34.137120
75df916f-8ee8-4b3f-a3c0-22a6ca4e6848,CUST-2019-JP-001823,桃子,佐藤,桃子 佐藤,Female,1962-04-29,user571.apple104@live.com,28-0845-4988,471 渡辺 Street,長生郡長南町,西東京市,130-9549,JP,Japan,JAPAN,Japanese,Education,None,2019-01-11,2019,RETURNING,True,MDM,2019-01-11,2026-04-17 15:58:34.137123
5b943784-0910-4c31-9718-b18b618e72a2,CUST-2019-JP-002718,直子,村上,直子 村上,Female,1954-12-20,user967.apple@gmail.com,090-7649-6037,143 松本 Street,昭島市,国分寺市,426-5162,JP,Japan,JAPAN,Japanese,Consumer,Silver,2019-09-11,2019,RETURNING,True,MDM,2019-09-11,2026-04-17 15:58:34.137124
708d4f4b-f213-470f-8c01-2ff46d004285,CUST-2019-JP-000574,洋介,高橋,洋介 高橋,Female,1990-10-12,user999.apple@zoho.com,080-0955-9491,857 山口 Street,北区,豊島区,589-9121,JP,Japan,JAPAN,Japanese,Consumer,Silver,2019-02-01,2019,RETURNING,True,MDM,2019-02-01,2026-04-17 15:58:34.137125
867458e0-1ba5-4b1a-a1c4-d28cb3898ec3,CUST-2019-JP-001593,桃子,佐々木,桃子 佐々木,Female,1970-09-15,user284.apple@live.com,070-7927-5893,008 佐藤 Street,横浜市緑区,横浜市磯子区,922-5137,JP,Japan,JAPAN,Japanese,Consumer,Silver,2019-07-15,2019,RETURNING,True,MDM,2019-07-15,2026-04-17 15:58:34.137127
b8e632b6-e26f-4215-83db-711ca32cbb54,CUST-2019-JP-001479,裕美子,山口,裕美子 山口,Female,1963-12-24,user424.apple@hotmail.com,070-8796-1389,199 坂本 Street,印旛郡酒々井町,横浜市西区,672-9647,JP,Japan,JAPAN,Japanese,Education,None,2019-11-05,2019,RETURNING,True,MDM,2019-11-05,2026-04-17 15:58:34.137129
c2b6da5b-8d0c-488b-b9fa-1e6d0b3f1a32,CUST-2019-JP-000291,さゆり,中村,さゆり 中村,Female,1976-10-21,user925.apple@hotmail.com,47-7739-6784,560 田中 Street,江東区,印西市,867-2386,JP,Japan,JAPAN,Japanese,Consumer,None,2019-04-26,2019,RETURNING,True,MDM,2019-04-26,2026-04-17 15:58:34.137130
4534ad8e-39fb-43d7-8af1-a56bd08aef24,CUST-2019-JP-001400,裕美子,山下,裕美子 山下,Male,1952-03-14,user844.apple@msn.com,090-3278-0836,298 林 Street,山武郡横芝光町,台東区,520-1094,JP,Japan,JAPAN,Japanese,Consumer,Silver,2019-04-09,2019,RETURNING,True,MDM,2019-04-09,2026-04-17 15:58:34.137132
d93e58ac-42d8-449f-8b75-ad68b1b45995,CUST-2019-JP-000754,裕美子,中島,裕美子 中島,Female,1985-08-11,user110.apple749@mail.com,080-0905-5469,912 中村 Street,品川区,三鷹市,933-7331,JP,Japan,JAPAN,Japanese,Consumer,None,2019-01-24,2019,RETURNING,True,MDM,2019-01-24,2026-04-17 15:58:34.137133
999ed2db-7ce4-4a27-9ed1-dbea64d52d31,CUST-2019-JP-001374,拓真,村上,拓真 村上,Female,1987-04-13,user141.apple259@mail.com,070-0976-5772,253 高橋 Street,我孫子市,墨田区,873-3595,JP,Japan,JAPAN,Japanese,Education,None,2019-12-13,2019,RETURNING,True,MDM,2019-12-13,2026-04-17 15:58:34.137135
7c2e29b7-0c42-41ef-889c-7f7af07eaf85,CUST-2019-JP-002676,学,伊藤,学 伊藤,Male,1976-10-10,user416.apple@zoho.com,070-6962-0255,367 藤原 Street,四街道市,大田区,283-8982,JP,Japan,JAPAN,Japanese,Consumer,None,2019-06-09,2019,RETURNING,True,MDM,2019-06-09,2026-04-17 15:58:34.137137
228e8722-f999-4fcd-8666-932a87bb6ad3,CUST-2019-JP-002420,亮介,小川,亮介 小川,Female,1979-06-10,user828.apple@gmx.com,070-2379-4270,521 石井 Street,あきる野市,大島町,621-4579,JP,Japan,JAPAN,Japanese,Consumer,None,2019-02-02,2019,RETURNING,True,MDM,2019-02-02,2026-04-17 15:58:34.137139
9578f61a-4d29-4cf9-82b8-9687de3696b1,CUST-2019-JP-001790,智也,鈴木,智也 鈴木,Female,1967-09-27,user624.apple@icloud.com,090-3442-4614,388 伊藤 Street,台東区,府中市,617-7361,JP,Japan,JAPAN,Japanese,Consumer,None,2019-11-18,2019,RETURNING,True,MDM,2019-11-18,2026-04-17 15:58:34.137141
a3825203-001d-4ae0-af35-b9036933cb75,CUST-2019-JP-000107,太一,小林,太一 小林,Female,1990-05-04,user371.apple@icloud.com,090-8147-8278,016 小林 Street,品川区,印西市,658-4652,JP,Japan,JAPAN,Japanese,Consumer,Gold,2019-01-31,2019,RETURNING,True,MDM,2019-01-31,2026-04-17 15:58:34.137143
01cc7c37-f620-4c30-a4d9-73fb8d09b4c6,CUST-2019-JP-001523,あすか,福田,あすか 福田,Female,1968-11-29,user288.apple@gmail.com,090-3871-3639,670 田中 Street,昭島市,多摩市,154-9179,JP,Japan,JAPAN,Japanese,Consumer,None,2019-11-21,2019,RETURNING,True,MDM,2019-11-21,2026-04-17 15:58:34.137145
f319939f-5efb-4668-8dd3-5bb783dcb832,CUST-2019-JP-001088,真綾,井上,真綾 井上,Female,1959-12-10,user151.apple@mail.com,070-9320-5180,169 佐藤 Street,府中市,羽村市,972-9599,JP,Japan,JAPAN,Japanese,Consumer,Silver,2019-11-28,2019,RETURNING,True,MDM,2019-11-28,2026-04-17 15:58:34.137146
3c2bb90a-d3fc-4a1d-9444-d7b953234116,CUST-2019-JP-000742,亮介,藤田,亮介 藤田,Female,2006-05-10,user150.apple@msn.com,090-4822-7804,312 佐々木 Street,北区,白井市,946-7118,JP,Japan,JAPAN,Japanese,Education,Silver,2019-04-19,2019,RETURNING,False,MDM,2019-04-19,2026-04-17 15:58:34.137148
5d536ebd-76a8-4c19-818c-8d874e1a2f7c,CUST-2019-JP-000390,浩,林,浩 林,Male,1967-01-01,user579.apple102@icloud.com,71-0549-9593,538 山田 Street,印西市,南房総市,698-8025,JP,Japan,JAPAN,Japanese,Consumer,Gold,2019-10-12,2019,RETURNING,True,MDM,2019-10-12,2026-04-17 15:58:34.137149
a1c3640b-ce55-439b-8788-eab47ae6fba7,CUST-2019-JP-001762,直樹,小林,直樹 小林,Female,1981-04-02,user941.apple@live.com,070-9828-5157,962 三浦 Street,東久留米市,調布市,894-6363,JP,Japan,JAPAN,Japanese,Business,Silver,2019-09-27,2019,RETURNING,True,MDM,2019-09-27,2026-04-17 15:58:34.137151
3802c5a0-4171-4511-a9a6-22d006c6f22c,CUST-2019-JP-002745,春香,田中,春香 田中,Female,1977-02-11,user549.apple@outlook.com,080-1055-4874,410 西村 Street,世田谷区,川崎市多摩区,702-0024,JP,Japan,JAPAN,Japanese,Education,None,2019-04-10,2019,RETURNING,False,MDM,2019-04-10,2026-04-17 15:58:34.137153
2dd7e2a5-8606-4b94-b17c-07bf513d25e2,CUST-2019-JP-001045,聡太郎,清水,聡太郎 清水,Male,1999-07-21,user718.apple707@hotmail.com,070-8820-0784,661 山田 Street,八千代市,長生郡睦沢町,769-4361,JP,Japan,JAPAN,Japanese,Business,Gold,2019-03-19,2019,RETURNING,True,MDM,2019-03-19,2026-04-17 15:58:34.137154
8a17f460-d08f-477e-aca0-074628e0da5d,CUST-2019-JP-002618,康弘,高橋,康弘 高橋,Male,1997-07-20,user529.apple@protonmail.com,49-3795-6563,177 鈴木 Street,御蔵島村,立川市,751-3401,JP,Japan,JAPAN,Japanese,Consumer,Silver,2019-04-29,2019,RETURNING,True,MDM,2019-04-29,2026-04-17 15:58:34.137156
c399b7e4-3063-4c3b-b186-b328921b9e95,CUST-2019-JP-001912,洋介,岡本,洋介 岡本,Male,1975-12-19,user706.apple@msn.com,090-2373-1266,560 林 Street,新島村,山武郡芝山町,064-1266,JP,Japan,JAPAN,Japanese,Consumer,Silver,2019-06-16,2019,RETURNING,True,MDM,2019-06-16,2026-04-17 15:58:34.137158
baafb624-79b5-4884-b7f4-d836ae8d2dc7,CUST-2019-JP-001521,結衣,長谷川,結衣 長谷川,Female,1985-10-17,user959.apple368@live.com,090-4956-1202,210 井上 Street,狛江市,墨田区,953-6463,JP,Japan,JAPAN,Japanese,Consumer,None,2019-10-14,2019,RETURNING,True,MDM,2019-10-14,2026-04-17 15:58:34.137160
27e15ec7-852f-417f-b33a-fd857975a7a9,CUST-2019-JP-002071,晃,石川,晃 石川,Male,1954-09-03,user159.apple947@zoho.com,090-5415-3875,211 岡本 Street,横浜市瀬谷区,横浜市都筑区,885-8070,JP,Japan,JAPAN,Japanese,Consumer,Silver,2019-09-03,2019,RETURNING,True,MDM,2019-09-03,2026-04-17 15:58:34.137161
78a35e15-194f-4b9b-a641-c34210b7a2bc,CUST-2019-JP-001595,裕美子,木村,裕美子 木村,Female,1953-10-29,user426.apple@msn.com,070-7683-8669,230 小林 Street,大島町,八千代市,979-6813,JP,Japan,JAPAN,Japanese,Consumer,Silver,2019-06-09,2019,RETURNING,True,MDM,2019-06-09,2026-04-17 15:58:34.137163
d15e0dce-de71-41d0-bc2f-fd7a28ecb671,CUST-2019-JP-001689,直子,山田,直子 山田,Male,1977-05-30,user461.apple@zoho.com,35-7770-7159,241 橋本 Street,東村山市,浦安市,416-0489,JP,Japan,JAPAN,Japanese,Education,None,2019-04-13,2019,RETURNING,True,MDM,2019-04-13,2026-04-17 15:58:34.137164
572f47f5-6eae-4360-8550-df875fc44300,CUST-2019-JP-002768,香織,石川,香織 石川,Male,1966-04-26,user574.apple662@msn.com,53-0110-0761,123 渡辺 Street,小平市,長生郡一宮町,387-7938,JP,Japan,JAPAN,Japanese,Business,Gold,2019-07-26,2019,RETURNING,True,MDM,2019-07-26,2026-04-17 15:58:34.137166
0949b9a9-e7b0-4d8b-b63d-9d09748ec7c5,CUST-2019-JP-000832,陽一,松本,陽一 松本,Male,1979-11-25,user161.apple@live.com,97-3955-3070,767 渡辺 Street,君津市,横浜市中区,598-6900,JP,Japan,JAPAN,Japanese,Consumer,None,2019-04-14,2019,RETURNING,True,MDM,2019-04-14,2026-04-17 15:58:34.137168
1cb385b7-48fd-4b22-96dd-48d9a6db053a,CUST-2019-JP-002034,太郎,斎藤,太郎 斎藤,Male,1991-03-27,user463.apple@zoho.com,77-1924-2723,758 木村 Street,長生郡長生村,文京区,572-6802,JP,Japan,JAPAN,Japanese,Consumer,None,2019-06-23,2019,RETURNING,True,MDM,2019-06-23,2026-04-17 15:58:34.137169
60393294-4a2b-4797-9acf-87639cf0769b,CUST-2019-JP-002460,花子,加藤,花子 加藤,Male,1964-05-17,user672.apple@zoho.com,080-4333-2530,232 山口 Street,西多摩郡瑞穂町,杉並区,201-7211,JP,Japan,JAPAN,Japanese,Consumer,None,2019-10-03,2019,RETURNING,True,MDM,2019-10-03,2026-04-17 15:58:34.137171
bcb25fc3-4977-4d64-9c25-9b997f28a18b,CUST-2019-JP-002357,裕美子,石川,裕美子 石川,Male,1975-08-21,user463.apple@aol.com,090-5566-0728,500 小林 Street,夷隅郡大多喜町,町田市,715-5564,JP,Japan,JAPAN,Japanese,Business,None,2019-08-27,2019,RETURNING,True,MDM,2019-08-27,2026-04-17 15:58:34.137173
0f08a31d-0470-49f1-bf15-03e84d5d9ec5,CUST-2019-JP-002354,稔,長谷川,稔 長谷川,Male,1956-12-31,user638.apple@gmail.com,77-1256-7268,785 山口 Street,西東京市,東久留米市,339-2866,JP,Japan,JAPAN,Japanese,Consumer,Silver,2019-12-27,2019,RETURNING,True,MDM,2019-12-27,2026-04-17 15:58:34.137174
4ea5845f-1cb4-4864-9f77-5d30820a27d7,CUST-2019-JP-001690,加奈,鈴木,加奈 鈴木,Female,1953-06-28,user685.apple@icloud.com,070-2869-8933,489 田中 Street,山武郡横芝光町,武蔵村山市,933-3117,JP,Japan,JAPAN,Japanese,Consumer,None,2019-03-26,2019,RETURNING,True,MDM,2019-03-26,2026-04-17 15:58:34.137176
2e501463-e107-4348-991d-610a9610662c,CUST-2019-JP-000591,亮介,清水,亮介 清水,Female,1964-05-03,user485.apple@outlook.com,080-9273-0905,597 吉田 Street,昭島市,浦安市,942-0830,JP,Japan,JAPAN,Japanese,Consumer,None,2019-03-10,2019,RETURNING,False,MDM,2019-03-10,2026-04-17 15:58:34.137178
48cb2645-d00f-49b9-87a6-adf0904a456c,CUST-2019-JP-000716,結衣,小林,結衣 小林,Female,2005-10-12,user622.apple@aol.com,080-7767-5614,947 小川 Street,川崎市多摩区,川崎市宮前区,297-5274,JP,Japan,JAPAN,Japanese,Consumer,None,2019-02-15,2019,RETURNING,True,MDM,2019-02-15,2026-04-17 15:58:34.137180
6cbff730-5975-4d86-baa2-7abcf6d39f6c,CUST-2019-JP-002168,康弘,山崎,康弘 山崎,Male,1991-02-26,user753.apple839@msn.com,59-9451-1638,935 村上 Street,目黒区,調布市,882-5698,JP,Japan,JAPAN,Japanese,Consumer,None,2019-08-16,2019,RETURNING,True,MDM,2019-08-16,2026-04-17 15:58:34.137182
e88bc31e-8d96-4e86-9761-1e8cf090a03f,CUST-2019-JP-002052,康弘,林,康弘 林,Female,1950-09-22,user947.apple@protonmail.com,080-4722-8275,052 加藤 Street,長生郡白子町,小平市,112-1965,JP,Japan,JAPAN,Japanese,Consumer,None,2019-10-17,2019,RETURNING,True,MDM,2019-10-17,2026-04-17 15:58:34.137183
762f3a3b-17ab-423c-8ec7-45dafc95875e,CUST-2019-JP-002795,花子,藤原,花子 藤原,Female,1975-09-14,user643.apple@outlook.com,080-4237-9559,639 小林 Street,横浜市西区,練馬区,887-8558,JP,Japan,JAPAN,Japanese,Consumer,None,2019-07-22,2019,RETURNING,True,MDM,2019-07-22,2026-04-17 15:58:34.137185
f5e4b788-65a7-4c8b-92ce-e246ae40c0b4,CUST-2019-JP-001329,健一,近藤,健一 近藤,Male,1996-08-10,user722.apple@gmx.com,090-8765-8559,107 山本 Street,四街道市,北区,219-1148,JP,Japan,JAPAN,Japanese,Consumer,None,2019-12-23,2019,RETURNING,True,MDM,2019-12-23,2026-04-17 15:58:34.137187
4c2d76cf-6b34-40c7-b392-a5a18ce534fd,CUST-2019-JP-002743,翼,斎藤,翼 斎藤,Male,1967-01-13,user102.apple@gmx.com,70-1133-5395,079 加藤 Street,南房総市,横浜市保土ケ谷区,153-6648,JP,Japan,JAPAN,Japanese,Consumer,None,2019-05-15,2019,RETURNING,True,MDM,2019-05-15,2026-04-17 15:58:34.137188
68f3edeb-9a6e-4b2b-9da1-c0665ab42977,CUST-2019-JP-001569,裕美子,前田,裕美子 前田,Female,1987-07-05,user879.apple@icloud.com,76-0751-5503,823 藤田 Street,我孫子市,東久留米市,023-7942,JP,Japan,JAPAN,Japanese,Business,Silver,2019-12-18,2019,RETURNING,True,MDM,2019-12-18,2026-04-17 15:58:34.137190
92ec0cbf-f4d5-4a19-8dd1-759529b5e2db,CUST-2019-JP-002693,学,小林,学 小林,Female,1955-11-29,user527.apple46@live.com,16-5681-0310,335 中川 Street,八街市,西東京市,767-9422,JP,Japan,JAPAN,Japanese,Consumer,None,2019-06-23,2019,RETURNING,True,MDM,2019-06-23,2026-04-17 15:58:34.137191
5ed116d3-7e6c-418a-86a9-a48872e4c26a,CUST-2019-JP-000284,充,佐々木,充 佐々木,Female,2002-10-04,user815.apple@yahoo.com,090-7280-1676,809 近藤 Street,台東区,印旛郡本埜村,929-4281,JP,Japan,JAPAN,Japanese,Consumer,None,2019-10-13,2019,RETURNING,True,MDM,2019-10-13,2026-04-17 15:58:34.137194
cc5651cd-469c-4030-ba3a-7f50195f143b,CUST-2019-JP-000946,英樹,田中,英樹 田中,Female,1963-04-25,user448.apple@icloud.com,080-6338-0007,042 前田 Street,昭島市,日野市,250-0129,JP,Japan,JAPAN,Japanese,Consumer,Silver,2019-09-28,2019,RETURNING,True,MDM,2019-09-28,2026-04-17 15:58:34.137195
c514a955-f7be-4678-b5a7-8c87d59a81a5,CUST-2019-JP-002767,亮介,藤原,亮介 藤原,Female,1975-02-11,user182.apple928@zoho.com,080-6175-7605,422 中島 Street,東久留米市,西多摩郡日の出町,818-1702,JP,Japan,JAPAN,Japanese,Consumer,None,2019-07-14,2019,RETURNING,True,MDM,2019-07-14,2026-04-17 15:58:34.137197
9d072932-edee-46a6-8dbf-70570998c445,CUST-2019-JP-002633,春香,佐藤,春香 佐藤,Male,1980-06-14,user781.apple@live.com,090-5698-0368,334 佐々木 Street,鎌ケ谷市,小金井市,617-8242,JP,Japan,JAPAN,Japanese,Consumer,None,2019-07-17,2019,RETURNING,True,MDM,2019-07-17,2026-04-17 15:58:34.137199
964dbb32-f693-49ee-8771-6e4543463af2,CUST-2019-JP-001755,春香,村上,春香 村上,Male,1989-06-15,user835.apple@gmx.com,080-3490-5739,458 清水 Street,豊島区,目黒区,503-0689,JP,Japan,JAPAN,Japanese,Business,None,2019-03-02,2019,RETURNING,True,MDM,2019-03-02,2026-04-17 15:58:34.137201
738dad8c-4256-45bf-b8f9-583b23cbfa7b,CUST-2019-JP-000152,充,佐々木,充 佐々木,Female,2002-06-27,user292.apple@protonmail.com,070-3032-2261,400 橋本 Street,山武市,鎌ケ谷市,808-5125,JP,Japan,JAPAN,Japanese,Education,None,2019-02-24,2019,RETURNING,True,MDM,2019-02-24,2026-04-17 15:58:34.137203
c9cc7f42-2008-45ad-91dc-17531db76cc3,CUST-2019-JP-002289,真綾,伊藤,真綾 伊藤,Male,2002-11-20,user503.apple@yahoo.com,090-7785-6229,425 池田 Street,横浜市鶴見区,長生郡白子町,944-1895,JP,Japan,JAPAN,Japanese,Consumer,Platinum,2019-09-08,2019,RETURNING,True,MDM,2019-09-08,2026-04-17 15:58:34.137204
184cc55d-0ca4-47e2-84c7-ba6a3a77e099,CUST-2019-JP-002663,太一,小林,太一 小林,Male,1967-01-09,user990.apple@outlook.com,47-4417-6681,960 森 Street,品川区,国分寺市,296-4719,JP,Japan,JAPAN,Japanese,Consumer,Silver,2019-10-26,2019,RETURNING,True,MDM,2019-10-26,2026-04-17 15:58:34.137206
c90d4e04-22fe-4a49-aa08-0838500cb09a,CUST-2019-JP-001554,康弘,小林,康弘 小林,Male,1995-03-21,user496.apple@icloud.com,090-2020-7753,272 森 Street,山武郡横芝光町,あきる野市,927-5268,JP,Japan,JAPAN,Japanese,Consumer,None,2019-04-21,2019,RETURNING,True,MDM,2019-04-21,2026-04-17 15:58:34.137207
8ff42fcf-b757-46a9-baca-97ae72008d24,CUST-2019-JP-001668,裕樹,清水,裕樹 清水,Female,1992-04-20,user112.apple103@outlook.com,070-2680-1230,374 佐藤 Street,港区,青梅市,389-4017,JP,Japan,JAPAN,Japanese,Consumer,None,2019-06-15,2019,RETURNING,True,MDM,2019-06-15,2026-04-17 15:58:34.137209
f1c3c067-5276-4b6a-87d2-77256c7b6456,CUST-2019-JP-002219,七夏,伊藤,七夏 伊藤,Female,1959-02-02,user357.apple@mail.com,080-9183-1484,386 小川 Street,横浜市泉区,山武郡横芝光町,771-4120,JP,Japan,JAPAN,Japanese,Consumer,Gold,2019-04-18,2019,RETURNING,True,MDM,2019-04-18,2026-04-17 15:58:34.137211
5fe47ba6-d0c0-4632-b9dd-7193dcbb25cb,CUST-2019-JP-002072,晃,高橋,晃 高橋,Female,1960-08-27,user846.apple@hotmail.com,070-9495-0893,997 岡本 Street,府中市,東大和市,276-0498,JP,Japan,JAPAN,Japanese,Education,Silver,2019-11-24,2019,RETURNING,True,MDM,2019-11-24,2026-04-17 15:58:34.137212
c1665c8b-f663-46c2-a154-2bcf47e8cdac,CUST-2019-JP-002206,桃子,木村,桃子 木村,Female,1996-11-20,user916.apple@icloud.com,080-0140-7591,858 山口 Street,横浜市泉区,中央区,805-6370,JP,Japan,JAPAN,Japanese,Consumer,None,2019-10-07,2019,RETURNING,False,MDM,2019-10-07,2026-04-17 15:58:34.137215
1d167d2d-c795-475f-8828-292f6c682c2e,CUST-2019-JP-000387,浩,鈴木,浩 鈴木,Male,2002-03-20,user397.apple@icloud.com,070-6318-0718,893 吉田 Street,夷隅郡大多喜町,川崎市中原区,613-3474,JP,Japan,JAPAN,Japanese,Consumer,None,2019-10-07,2019,RETURNING,True,MDM,2019-10-07,2026-04-17 15:58:34.137217
1fc65117-eda0-40e9-9fb8-2835731b090d,CUST-2019-JP-000584,真綾,松本,真綾 松本,Male,1974-06-03,user228.apple@yahoo.com,090-9024-5098,853 渡辺 Street,川崎市川崎区,国分寺市,837-2599,JP,Japan,JAPAN,Japanese,Consumer,Platinum,2019-07-14,2019,RETURNING,True,MDM,2019-07-14,2026-04-17 15:58:34.137218
4f223b04-db7c-4e5e-b642-dfa79d34d46a,CUST-2019-JP-001453,直人,山崎,直人 山崎,Female,1962-10-08,user352.apple@yahoo.com,60-7212-8020,295 高橋 Street,府中市,横浜市都筑区,478-1649,JP,Japan,JAPAN,Japanese,Consumer,None,2019-08-12,2019,RETURNING,True,MDM,2019-08-12,2026-04-17 15:58:34.137220
1aeda976-9b39-4daf-95e3-6220c3599776,CUST-2019-JP-001539,稔,伊藤,稔 伊藤,Male,1970-01-10,user249.apple@live.com,090-3020-6028,861 中島 Street,小金井市,横浜市泉区,471-4373,JP,Japan,JAPAN,Japanese,Business,Gold,2019-09-13,2019,RETURNING,True,MDM,2019-09-13,2026-04-17 15:58:34.137221
4b2c1ff5-f1c8-429b-bdbb-3a43a0296f05,CUST-2019-JP-002454,裕樹,山口,裕樹 山口,Female,1997-06-23,user310.apple@live.com,080-5211-9681,616 佐藤 Street,横浜市緑区,台東区,697-0293,JP,Japan,JAPAN,Japanese,Consumer,Silver,2019-08-19,2019,RETURNING,True,MDM,2019-08-19,2026-04-17 15:58:34.137222
bdb5cad1-d75b-4ef4-8fde-2dcc6271df4f,CUST-2019-JP-001352,真綾,伊藤,真綾 伊藤,Female,1960-09-04,user859.apple@mail.com,090-1839-5751,034 田中 Street,長生郡白子町,横浜市都筑区,873-4974,JP,Japan,JAPAN,Japanese,Consumer,Silver,2019-06-11,2019,RETURNING,True,MDM,2019-06-11,2026-04-17 15:58:34.137224
f12fdf7d-91cb-4ab8-9c32-f83c9e93b42f,CUST-2019-JP-001389,晃,長谷川,晃 長谷川,Male,1976-12-19,user337.apple@yahoo.com,070-3146-0753,218 斉藤 Street,三宅島三宅村,横浜市港北区,747-9437,JP,Japan,JAPAN,Japanese,Consumer,Gold,2019-07-30,2019,RETURNING,True,MDM,2019-07-30,2026-04-17 15:58:34.137226
d0fa61a0-4607-4857-b2ce-5f9cbe629bae,CUST-2019-JP-000495,篤司,山田,篤司 山田,Female,1990-12-13,user247.apple@gmx.com,090-0330-3317,828 佐々木 Street,八街市,安房郡鋸南町,239-9584,JP,Japan,JAPAN,Japanese,Education,Gold,2019-10-08,2019,RETURNING,True,MDM,2019-10-08,2026-04-17 15:58:34.137227
45f4d7aa-82b7-4afc-868f-14299c4fb857,CUST-2019-JP-000628,真綾,山下,真綾 山下,Male,1976-02-15,user454.apple@zoho.com,070-3630-7201,606 渡辺 Street,小笠原村,目黒区,288-3383,JP,Japan,JAPAN,Japanese,Consumer,None,2019-07-16,2019,RETURNING,False,MDM,2019-07-16,2026-04-17 15:58:34.137230
ab8f9552-0a2d-4981-9c7b-0f58262e3295,CUST-2019-JP-001754,太郎,橋本,太郎 橋本,Female,1956-10-04,user784.apple@aol.com,070-9252-4437,272 山田 Street,横浜市中区,利島村,230-1063,JP,Japan,JAPAN,Japanese,Consumer,None,2019-11-10,2019,RETURNING,False,MDM,2019-11-10,2026-04-17 15:58:34.137232
17e2d305-b38d-4876-8694-9f8078c21aac,CUST-2019-JP-000249,裕樹,木村,裕樹 木村,Male,1953-12-13,user741.apple@gmail.com,080-7644-0084,649 佐藤 Street,新島村,西多摩郡日の出町,242-5576,JP,Japan,JAPAN,Japanese,Consumer,Gold,2019-07-17,2019,RETURNING,True,MDM,2019-07-17,2026-04-17 15:58:34.137233
1d7f602e-d8c7-427c-ac8a-0b2d520b5c56,CUST-2019-JP-002785,直人,後藤,直人 後藤,Female,1998-11-28,user373.apple@mail.com,080-8413-5867,982 福田 Street,横浜市西区,横浜市磯子区,835-6242,JP,Japan,JAPAN,Japanese,Consumer,Gold,2019-05-27,2019,RETURNING,True,MDM,2019-05-27,2026-04-17 15:58:34.137235
2175e8d5-48ba-414d-8a0a-c4156e8e00bb,CUST-2019-JP-002241,裕樹,高橋,裕樹 高橋,Female,1994-07-04,user156.apple153@aol.com,75-5058-2432,603 遠藤 Street,千代田区,三鷹市,096-0792,JP,Japan,JAPAN,Japanese,Consumer,None,2019-04-03,2019,RETURNING,True,MDM,2019-04-03,2026-04-17 15:58:34.137236
19aee499-57fd-4f90-a38b-b9f2392654d6,CUST-2019-JP-001021,涼平,中島,涼平 中島,Male,1980-06-16,user196.apple545@yahoo.com,80-9200-4240,934 山本 Street,長生郡白子町,武蔵村山市,290-1054,JP,Japan,JAPAN,Japanese,Consumer,None,2019-10-04,2019,RETURNING,False,MDM,2019-10-04,2026-04-17 15:58:34.137238
10258b8e-f418-45ac-93f6-d8c7c165aeba,CUST-2019-JP-001773,太郎,加藤,太郎 加藤,Male,1959-11-15,user733.apple@yahoo.com,090-9155-6541,954 山本 Street,西東京市,文京区,660-7510,JP,Japan,JAPAN,Japanese,Consumer,None,2019-02-13,2019,RETURNING,True,MDM,2019-02-13,2026-04-17 15:58:34.137240
3bd3e6cf-ec46-44c6-9ed7-cac6ddbba205,CUST-2019-JP-001775,花子,鈴木,花子 鈴木,Male,1989-11-24,user825.apple@gmx.com,070-8191-4547,970 松本 Street,横浜市磯子区,中央区,871-4512,JP,Japan,JAPAN,Japanese,Consumer,Gold,2019-07-07,2019,RETURNING,True,MDM,2019-07-07,2026-04-17 15:58:34.137241
cdbb3f32-f9cd-4140-a5e1-f6f10c6f953f,CUST-2019-JP-001560,陽一,佐藤,陽一 佐藤,Male,1954-11-12,user791.apple70@hotmail.com,87-7593-0247,186 山田 Street,府中市,利島村,278-4325,JP,Japan,JAPAN,Japanese,Business,None,2019-04-20,2019,RETURNING,True,MDM,2019-04-20,2026-04-17 15:58:34.137243
b6cc595d-f105-42dd-b6cd-130c5fd82982,CUST-2019-JP-000266,香織,三浦,香織 三浦,Male,2004-02-21,user872.apple@gmx.com,080-2372-6485,808 田中 Street,横浜市栄区,横浜市戸塚区,799-7352,JP,Japan,JAPAN,Japanese,Consumer,Silver,2019-07-04,2019,RETURNING,True,MDM,2019-07-04,2026-04-17 15:58:34.137245
f8600806-f845-42da-b8df-a4dba7546ea9,CUST-2019-JP-000314,知実,佐藤,知実 佐藤,Male,1997-08-13,user130.apple@protonmail.com,080-7459-0548,626 田中 Street,大網白里市,安房郡鋸南町,805-3882,JP,Japan,JAPAN,Japanese,Consumer,None,2019-10-24,2019,RETURNING,True,MDM,2019-10-24,2026-04-17 15:58:34.137246
0c7f9ea0-8fa7-4f0c-b9f9-da1f1190275e,CUST-2019-JP-002294,洋介,田中,洋介 田中,Female,1995-12-12,user640.apple849@outlook.com,070-4829-4685,475 小川 Street,中野区,香取郡多古町,456-4346,JP,Japan,JAPAN,Japanese,Consumer,None,2019-12-01,2019,RETURNING,True,MDM,2019-12-01,2026-04-17 15:58:34.137248
b9645cd4-0b65-48b4-8b90-29862ee4b5ae,CUST-2019-JP-000455,直子,鈴木,直子 鈴木,Female,1962-10-09,user714.apple@live.com,070-6069-9439,459 渡辺 Street,四街道市,福生市,035-8898,JP,Japan,JAPAN,Japanese,Consumer,Silver,2019-07-06,2019,RETURNING,True,MDM,2019-07-06,2026-04-17 15:58:34.137249
3f945175-82dc-46d0-90c4-19f884d1212b,CUST-2019-JP-002442,学,鈴木,学 鈴木,Female,1953-12-31,user116.apple@gmx.com,070-2523-6798,656 村上 Street,昭島市,横浜市西区,080-4272,JP,Japan,JAPAN,Japanese,Business,Silver,2019-05-21,2019,RETURNING,True,MDM,2019-05-21,2026-04-17 15:58:34.137251
7ff506b7-f93c-429c-919c-e0b09d218fea,CUST-2019-JP-002738,聡太郎,坂本,聡太郎 坂本,Female,1971-04-07,user105.apple@gmx.com,21-4935-4723,714 藤田 Street,川崎市川崎区,御蔵島村,616-3433,JP,Japan,JAPAN,Japanese,Business,Silver,2019-04-16,2019,RETURNING,True,MDM,2019-04-16,2026-04-17 15:58:34.137252
2b67a5ac-cf9c-4fa5-adb9-bd4294a591ba,CUST-2019-JP-000318,裕樹,山本,裕樹 山本,Female,1969-08-09,user882.apple@protonmail.com,090-1718-0195,971 石川 Street,浦安市,国分寺市,059-4627,JP,Japan,JAPAN,Japanese,Consumer,None,2019-05-24,2019,RETURNING,True,MDM,2019-05-24,2026-04-17 15:58:34.137254
a990bb40-9789-429e-849b-5c5014891f15,CUST-2019-JP-000916,裕美子,加藤,裕美子 加藤,Male,1998-09-14,user535.apple@gmx.com,070-0476-2360,565 佐藤 Street,東大和市,台東区,733-2802,JP,Japan,JAPAN,Japanese,Education,None,2019-08-11,2019,RETURNING,True,MDM,2019-08-11,2026-04-17 15:58:34.137256
6f473b31-d87a-403a-ab32-d1012cc08447,CUST-2019-JP-002347,真綾,藤原,真綾 藤原,Male,1978-01-29,user912.apple@mail.com,080-2932-3949,619 小林 Street,我孫子市,横浜市神奈川区,628-8241,JP,Japan,JAPAN,Japanese,Education,Gold,2019-05-12,2019,RETURNING,True,MDM,2019-05-12,2026-04-17 15:58:34.137257
1d8f6fe9-ead8-4aef-aa53-fd08d70f6f05,CUST-2019-JP-001657,くみ子,高橋,くみ子 高橋,Female,1968-03-16,user270.apple@live.com,070-4517-0680,273 清水 Street,荒川区,川崎市中原区,918-2810,JP,Japan,JAPAN,Japanese,Consumer,None,2019-12-03,2019,RETURNING,True,MDM,2019-12-03,2026-04-17 15:58:34.137259
a1c72f54-610d-4380-98f9-13088d4cbb82,CUST-2019-JP-002159,裕美子,山崎,裕美子 山崎,Female,1963-11-28,user366.apple834@protonmail.com,46-5041-5653,247 高橋 Street,横浜市都筑区,武蔵村山市,734-6730,JP,Japan,JAPAN,Japanese,Education,None,2019-05-06,2019,RETURNING,True,MDM,2019-05-06,2026-04-17 15:58:34.137261
24c37dae-38e2-480e-85b9-418fb8ca4e2e,CUST-2019-JP-000251,加奈,佐藤,加奈 佐藤,Male,1979-05-31,user120.apple@icloud.com,11-9109-0536,653 松田 Street,長生郡長柄町,港区,223-9299,JP,Japan,JAPAN,Japanese,Business,None,2019-06-26,2019,RETURNING,True,MDM,2019-06-26,2026-04-17 15:58:34.137262
f5987e14-fd97-4f44-aca6-e744256cacb4,CUST-2019-JP-000915,直樹,高橋,直樹 高橋,Male,1996-06-25,user857.apple@aol.com,080-1716-2803,052 佐々木 Street,中野区,八街市,090-2461,JP,Japan,JAPAN,Japanese,Business,Gold,2019-11-08,2019,RETURNING,True,MDM,2019-11-08,2026-04-17 15:58:34.137265
b7a5d585-bb5c-46bb-8d8d-dedca69c81c1,CUST-2019-JP-001862,晃,岡田,晃 岡田,Female,1999-04-02,user944.apple156@yahoo.com,070-1573-0850,424 佐々木 Street,横浜市鶴見区,横浜市瀬谷区,115-7170,JP,Japan,JAPAN,Japanese,Consumer,Platinum,2019-05-26,2019,RETURNING,True,MDM,2019-05-26,2026-04-17 15:58:34.137266
f80bf0f4-5208-4c28-82a3-6056a23c9b63,CUST-2019-JP-001686,直樹,石井,直樹 石井,Male,1953-12-25,user804.apple@zoho.com,070-8757-4405,558 森 Street,小笠原村,武蔵村山市,843-8348,JP,Japan,JAPAN,Japanese,Consumer,None,2019-12-23,2019,RETURNING,True,MDM,2019-12-23,2026-04-17 15:58:34.137268
6296d4d7-102b-4991-abd3-502f6880a776,CUST-2019-JP-001871,太郎,山口,太郎 山口,Female,1991-08-19,user889.apple879@msn.com,63-0450-1883,284 斎藤 Street,川崎市高津区,南房総市,149-3418,JP,Japan,JAPAN,Japanese,Consumer,None,2019-03-13,2019,RETURNING,True,MDM,2019-03-13,2026-04-17 15:58:34.137270
9ac4b338-9245-4c41-9724-514e089d6daa,CUST-2019-JP-000609,智也,山本,智也 山本,Female,2003-04-11,user959.apple886@outlook.com,80-7063-0562,709 石川 Street,印旛郡栄町,台東区,410-3035,JP,Japan,JAPAN,Japanese,Consumer,None,2019-06-28,2019,RETURNING,True,MDM,2019-06-28,2026-04-17 15:58:34.137272
6d863870-367d-4bab-a2b3-74006d1e8b07,CUST-2019-JP-001996,あすか,小林,あすか 小林,Male,1957-06-04,user435.apple862@yahoo.com,24-0149-2792,413 高橋 Street,香取郡多古町,横浜市旭区,772-7652,JP,Japan,JAPAN,Japanese,Consumer,None,2019-01-25,2019,RETURNING,True,MDM,2019-01-25,2026-04-17 15:58:34.137274
9e77e096-bd9a-43ef-aa67-d3d9a6aa813d,CUST-2019-JP-001579,健一,坂本,健一 坂本,Male,2003-02-16,user188.apple667@gmail.com,080-0854-8840,435 山崎 Street,川崎市幸区,台東区,873-2575,JP,Japan,JAPAN,Japanese,Consumer,None,2019-04-30,2019,RETURNING,True,MDM,2019-04-30,2026-04-17 15:58:34.137275
87091ff6-5875-41d4-83fa-7c7ea09eba6d,CUST-2019-JP-001206,明美,佐々木,明美 佐々木,Male,1985-09-23,user200.apple244@gmx.com,34-4858-7019,569 村上 Street,香取郡神崎町,山武郡九十九里町,786-6044,JP,Japan,JAPAN,Japanese,Consumer,Silver,2019-02-08,2019,RETURNING,True,MDM,2019-02-08,2026-04-17 15:58:34.137277
b1105f54-34ac-424f-a447-381ce7a21e55,CUST-2019-JP-001178,健一,藤井,健一 藤井,Male,1969-11-11,user900.apple615@live.com,070-6461-2016,534 斎藤 Street,稲城市,大島町,557-3318,JP,Japan,JAPAN,Japanese,Consumer,Gold,2019-11-20,2019,RETURNING,True,MDM,2019-11-20,2026-04-17 15:58:34.137278
4cf7efd1-1f35-4444-91e9-94b2632aa9b1,CUST-2019-JP-001457,英樹,山下,英樹 山下,Female,1966-09-13,user986.apple@gmx.com,070-5060-9220,687 木村 Street,昭島市,立川市,427-9860,JP,Japan,JAPAN,Japanese,Consumer,None,2019-01-07,2019,RETURNING,True,MDM,2019-01-07,2026-04-17 15:58:34.137280
52a4f6d5-63e5-400a-968a-103af98e0051,CUST-2019-JP-000538,篤司,林,篤司 林,Male,2003-05-15,user720.apple@zoho.com,080-6054-6276,646 藤田 Street,足立区,横浜市神奈川区,439-2100,JP,Japan,JAPAN,Japanese,Education,None,2019-01-30,2019,RETURNING,True,MDM,2019-01-30,2026-04-17 15:58:34.137282
440d28ef-7470-4edd-87f4-675daf41509f,CUST-2019-JP-001060,直樹,岡田,直樹 岡田,Female,1979-04-30,user297.apple645@hotmail.com,06-6769-8709,305 木村 Street,利島村,横浜市港北区,258-0259,JP,Japan,JAPAN,Japanese,Business,Platinum,2019-03-15,2019,RETURNING,True,MDM,2019-03-15,2026-04-17 15:58:34.137284
fc61c27f-9480-4248-80d9-310783598406,CUST-2019-JP-002747,篤司,小川,篤司 小川,Male,1957-06-26,user297.apple981@gmail.com,51-5755-8505,206 後藤 Street,中央区,印旛郡酒々井町,896-9561,JP,Japan,JAPAN,Japanese,Consumer,None,2019-07-28,2019,RETURNING,True,MDM,2019-07-28,2026-04-17 15:58:34.137285
76c1486a-900e-4bfc-825c-45a65d97a7d2,CUST-2019-JP-001275,学,山田,学 山田,Female,1955-04-12,user623.apple@aol.com,070-8060-6122,711 鈴木 Street,千代田区,西多摩郡檜原村,512-1126,JP,Japan,JAPAN,Japanese,Consumer,Silver,2019-05-05,2019,RETURNING,True,MDM,2019-05-05,2026-04-17 15:58:34.137287
b1d1594e-1e59-4b28-a5ba-3e807a92002b,CUST-2019-JP-001330,さゆり,西村,さゆり 西村,Male,1999-01-03,user826.apple@zoho.com,080-1271-7429,432 伊藤 Street,調布市,我孫子市,743-4242,JP,Japan,JAPAN,Japanese,Consumer,None,2019-10-07,2019,RETURNING,True,MDM,2019-10-07,2026-04-17 15:58:34.137289
88b48a67-3245-4434-aeee-70b1d751c5ec,CUST-2019-JP-000164,裕美子,中村,裕美子 中村,Male,2001-04-07,user665.apple889@gmx.com,090-6692-6313,160 太田 Street,八丈島八丈町,府中市,903-3029,JP,Japan,JAPAN,Japanese,Consumer,None,2019-07-29,2019,RETURNING,True,MDM,2019-07-29,2026-04-17 15:58:34.137290
13da0679-aa93-4a40-a646-d6c8cf6f5f66,CUST-2019-JP-002134,康弘,小林,康弘 小林,Male,1964-08-14,user387.apple@msn.com,070-4443-6079,324 松田 Street,横浜市緑区,山武郡横芝光町,570-9754,JP,Japan,JAPAN,Japanese,Business,Platinum,2019-05-30,2019,RETURNING,True,MDM,2019-05-30,2026-04-17 15:58:34.137292
cf55abb6-7a73-463c-ab42-c352fb8eae45,CUST-2019-JP-002719,翔太,木村,翔太 木村,Male,1974-01-10,user923.apple@gmx.com,080-1058-4629,801 斉藤 Street,中央区,君津市,205-0436,JP,Japan,JAPAN,Japanese,Business,Silver,2019-01-27,2019,RETURNING,True,MDM,2019-01-27,2026-04-17 15:58:34.137293
5701df8e-bfaf-47d5-9c71-1673688093ed,CUST-2019-JP-000795,くみ子,斉藤,くみ子 斉藤,Female,2001-04-07,user120.apple@icloud.com,070-7943-0159,182 阿部 Street,横浜市鶴見区,昭島市,382-8563,JP,Japan,JAPAN,Japanese,Consumer,Platinum,2019-02-04,2019,RETURNING,False,MDM,2019-02-04,2026-04-17 15:58:34.137295
dfaca985-5a54-4abd-9cc6-23d9684d9ce1,CUST-2019-JP-002587,陽一,小林,陽一 小林,Female,1979-10-02,user824.apple180@gmx.com,29-0988-1612,594 木村 Street,横浜市都筑区,香取郡東庄町,494-4208,JP,Japan,JAPAN,Japanese,Consumer,None,2019-04-05,2019,RETURNING,True,MDM,2019-04-05,2026-04-17 15:58:34.137297
fd436922-b45c-4fbd-8991-0cbdff982d4c,CUST-2019-JP-002002,和也,中島,和也 中島,Female,1962-08-17,user232.apple@zoho.com,85-9311-1970,225 池田 Street,葛飾区,葛飾区,254-8381,JP,Japan,JAPAN,Japanese,Business,Silver,2019-03-28,2019,RETURNING,True,MDM,2019-03-28,2026-04-17 15:58:34.137298
2bd3ab0b-4bcd-4269-b2da-8143de772a82,CUST-2019-JP-002274,太郎,木村,太郎 木村,Female,1999-08-05,user815.apple@msn.com,090-6841-3630,275 高橋 Street,川崎市川崎区,香取郡多古町,484-8527,JP,Japan,JAPAN,Japanese,Consumer,Gold,2019-06-26,2019,RETURNING,True,MDM,2019-06-26,2026-04-17 15:58:34.137300
e5e533ee-c021-4d79-bc8e-b65ca3ad636c,CUST-2019-JP-000205,陽一,小林,陽一 小林,Female,1961-03-07,user296.apple@live.com,01-0854-6110,469 田中 Street,国立市,国立市,428-8132,JP,Japan,JAPAN,Japanese,Consumer,Platinum,2019-04-14,2019,RETURNING,True,MDM,2019-04-14,2026-04-17 15:58:34.137302
22a78659-225b-41b9-bb07-9f65961d697f,CUST-2019-JP-002472,陽一,中川,陽一 中川,Male,1960-09-26,user328.apple@gmail.com,82-6077-5787,400 小林 Street,清瀬市,荒川区,511-8354,JP,Japan,JAPAN,Japanese,Consumer,None,2019-10-01,2019,RETURNING,True,MDM,2019-10-01,2026-04-17 15:58:34.137304
82396a39-de97-4796-9ba2-4a7e08fe5a2d,CUST-2019-JP-001654,香織,佐藤,香織 佐藤,Male,1958-04-15,user840.apple452@gmx.com,070-9628-9478,878 山本 Street,長生郡白子町,墨田区,715-6263,JP,Japan,JAPAN,Japanese,Consumer,Silver,2019-03-10,2019,RETURNING,True,MDM,2019-03-10,2026-04-17 15:58:34.137305
39c301f0-d9e6-43b9-86c7-804f566091ba,CUST-2019-JP-002362,洋介,伊藤,洋介 伊藤,Female,1999-06-20,user621.apple@yahoo.com,080-9184-7473,764 加藤 Street,八王子市,横浜市磯子区,277-1313,JP,Japan,JAPAN,Japanese,Consumer,None,2019-07-17,2019,RETURNING,True,MDM,2019-07-17,2026-04-17 15:58:34.137307
f6247906-6bcd-4bd2-bfbd-5b4d3bc81cfb,CUST-2019-JP-002417,涼平,前田,涼平 前田,Female,1985-09-21,user139.apple@gmail.com,090-5115-5595,244 伊藤 Street,袖ケ浦市,渋谷区,620-3599,JP,Japan,JAPAN,Japanese,Consumer,Silver,2019-08-11,2019,RETURNING,True,MDM,2019-08-11,2026-04-17 15:58:34.137309
e79ebbfc-a9fa-44bc-bc1b-9fb296d1f9f7,CUST-2019-JP-000696,治,池田,治 池田,Female,1961-12-30,user491.apple@protonmail.com,090-8131-8499,023 山本 Street,東大和市,山武郡横芝光町,696-9126,JP,Japan,JAPAN,Japanese,Consumer,Platinum,2019-12-26,2019,RETURNING,True,MDM,2019-12-26,2026-04-17 15:58:34.137310
67541658-206a-4a2d-b59a-ccb8af2b2811,CUST-2019-JP-000136,美加子,石井,美加子 石井,Female,1974-04-20,user419.apple258@live.com,090-9886-9723,825 山口 Street,横浜市中区,中央区,718-0913,JP,Japan,JAPAN,Japanese,Consumer,Silver,2019-06-23,2019,RETURNING,True,MDM,2019-06-23,2026-04-17 15:58:34.137311
832d27af-b131-4774-af36-eab6bd5a5c35,CUST-2019-JP-000045,健一,森,健一 森,Male,2000-02-24,user417.apple663@live.com,29-6549-6769,670 山崎 Street,三宅島三宅村,町田市,600-3872,JP,Japan,JAPAN,Japanese,Business,None,2019-03-29,2019,RETURNING,True,MDM,2019-03-29,2026-04-17 15:58:34.137313
aad6ad2c-e7fd-4bf0-81fb-6650e547cc85,CUST-2019-JP-001324,浩,山口,浩 山口,Male,1978-08-16,user577.apple@live.com,10-5722-2632,513 中村 Street,中野区,八丈島八丈町,869-7422,JP,Japan,JAPAN,Japanese,Consumer,None,2019-07-24,2019,RETURNING,True,MDM,2019-07-24,2026-04-17 15:58:34.137315
9e9f7f9b-3d06-43c0-b3ef-b9e8e1985d53,CUST-2019-JP-000322,稔,佐藤,稔 佐藤,Male,1997-05-06,user819.apple989@yahoo.com,090-3537-7151,250 藤井 Street,我孫子市,匝瑳市,397-7476,JP,Japan,JAPAN,Japanese,Consumer,Gold,2019-04-27,2019,RETURNING,True,MDM,2019-04-27,2026-04-17 15:58:34.137316
b76fbd5f-9391-4464-a348-826309147b4f,CUST-2019-JP-000507,拓真,前田,拓真 前田,Female,1995-06-05,user525.apple947@msn.com,090-7259-8391,715 山崎 Street,大網白里市,山武郡芝山町,018-6055,JP,Japan,JAPAN,Japanese,Consumer,None,2019-09-09,2019,RETURNING,True,MDM,2019-09-09,2026-04-17 15:58:34.137318
e8904db3-4c2e-4980-b82a-e54d67ac9fbe,CUST-2019-JP-002706,亮介,佐藤,亮介 佐藤,Male,2000-03-11,user172.apple34@outlook.com,080-2974-5230,096 前田 Street,東村山市,横浜市中区,083-0740,JP,Japan,JAPAN,Japanese,Consumer,Gold,2019-03-06,2019,RETURNING,True,MDM,2019-03-06,2026-04-17 15:58:34.137320
73f4e8c5-fe26-4420-9812-a37779499caa,CUST-2019-JP-001311,陽子,高橋,陽子 高橋,Male,1987-08-02,user890.apple@hotmail.com,080-9629-1705,087 山本 Street,夷隅郡大多喜町,八千代市,063-4406,JP,Japan,JAPAN,Japanese,Consumer,Gold,2019-06-24,2019,RETURNING,True,MDM,2019-06-24,2026-04-17 15:58:34.137321
c56d54be-63a0-4f58-8229-673c355448f5,CUST-2019-JP-001278,七夏,吉田,七夏 吉田,Male,1968-01-15,user367.apple490@aol.com,080-9290-8675,793 藤井 Street,青ヶ島村,横浜市金沢区,399-9188,JP,Japan,JAPAN,Japanese,Consumer,Platinum,2019-10-15,2019,RETURNING,True,MDM,2019-10-15,2026-04-17 15:58:34.137323
66fcc4cb-2768-4b08-868a-02bfb81361bf,CUST-2019-JP-001984,陽子,田中,陽子 田中,Female,1955-12-09,user315.apple23@msn.com,080-2296-2372,637 井上 Street,横浜市磯子区,国立市,028-2459,JP,Japan,JAPAN,Japanese,Consumer,Gold,2019-09-09,2019,RETURNING,False,MDM,2019-09-09,2026-04-17 15:58:34.137324
1dcb3da3-aac2-4621-9764-2b6badb289b3,CUST-2019-JP-002469,陽一,井上,陽一 井上,Female,1955-09-19,user782.apple@msn.com,080-1343-5065,308 西村 Street,日野市,山武郡横芝光町,418-8531,JP,Japan,JAPAN,Japanese,Consumer,None,2019-03-12,2019,RETURNING,True,MDM,2019-03-12,2026-04-17 15:58:34.137326
8232512c-be24-4398-8a68-78f08d4cc730,CUST-2019-JP-000903,京助,鈴木,京助 鈴木,Male,1965-06-11,user147.apple492@icloud.com,090-5220-5474,134 加藤 Street,立川市,町田市,579-4582,JP,Japan,JAPAN,Japanese,Consumer,None,2019-09-13,2019,RETURNING,True,MDM,2019-09-13,2026-04-17 15:58:34.137328
5ec65944-4a4a-4c3b-897b-721c9e7df74d,CUST-2019-JP-000987,香織,中川,香織 中川,Male,1975-04-13,user134.apple@aol.com,090-6903-6716,375 中村 Street,台東区,青梅市,001-2388,JP,Japan,JAPAN,Japanese,Consumer,Platinum,2019-10-12,2019,RETURNING,True,MDM,2019-10-12,2026-04-17 15:58:34.137329
1dc19b74-31d4-42b0-b21f-a952b80c39d2,CUST-2019-JP-001402,拓真,木村,拓真 木村,Male,1988-07-02,user619.apple727@icloud.com,070-9300-7346,848 小林 Street,富里市,長生郡睦沢町,627-4532,JP,Japan,JAPAN,Japanese,Consumer,None,2019-06-17,2019,RETURNING,True,MDM,2019-06-17,2026-04-17 15:58:34.137331
457a97d6-7d4c-4e67-af51-60d14ea3efc6,CUST-2019-JP-000119,健一,坂本,健一 坂本,Female,2006-10-01,user685.apple@mail.com,070-0755-7488,985 青木 Street,横浜市戸塚区,豊島区,948-5342,JP,Japan,JAPAN,Japanese,Consumer,None,2019-03-19,2019,RETURNING,True,MDM,2019-03-19,2026-04-17 15:58:34.137333
4c731796-c7e3-4f8f-9b3d-d162b0496fa8,CUST-2019-JP-002631,治,伊藤,治 伊藤,Female,1990-11-13,user887.apple@live.com,79-2578-4987,712 田中 Street,横浜市緑区,清瀬市,641-6851,JP,Japan,JAPAN,Japanese,Education,Gold,2019-03-18,2019,RETURNING,True,MDM,2019-03-18,2026-04-17 15:58:34.137335
d7302b59-03c8-43b6-9da3-b3fa3331c13e,CUST-2019-JP-000077,知実,青木,知実 青木,Female,2001-10-18,user388.apple@msn.com,090-7510-7017,728 田中 Street,大網白里市,横浜市保土ケ谷区,885-8849,JP,Japan,JAPAN,Japanese,Consumer,None,2019-05-05,2019,RETURNING,True,MDM,2019-05-05,2026-04-17 15:58:34.137336
17293cdb-e783-42a5-a24d-cf83ca858bf5,CUST-2019-JP-002395,翼,小林,翼 小林,Female,1954-01-04,user255.apple@msn.com,090-5070-9951,097 中島 Street,新島村,富津市,951-4195,JP,Japan,JAPAN,Japanese,Consumer,Silver,2019-09-12,2019,RETURNING,True,MDM,2019-09-12,2026-04-17 15:58:34.137338
13d23bdf-8c33-48bd-a311-2727e56d793b,CUST-2019-JP-002242,直人,近藤,直人 近藤,Female,1953-06-20,user711.apple@gmx.com,090-1293-8113,407 青木 Street,夷隅郡大多喜町,長生郡睦沢町,879-6223,JP,Japan,JAPAN,Japanese,Consumer,None,2019-01-11,2019,RETURNING,True,MDM,2019-01-11,2026-04-17 15:58:34.137340
71cb484e-eac0-40a3-a3ca-fa3fa626985b,CUST-2019-JP-001647,直樹,松本,直樹 松本,Female,1992-05-21,user368.apple@icloud.com,070-7557-2840,079 森 Street,印旛郡印旛村,横浜市旭区,950-5331,JP,Japan,JAPAN,Japanese,Business,Gold,2019-03-21,2019,RETURNING,True,MDM,2019-03-21,2026-04-17 15:58:34.137341
cb4bb534-6c67-471e-b129-0c150ccc7d34,CUST-2019-JP-000232,和也,中川,和也 中川,Male,1971-10-15,user611.apple@outlook.com,070-5752-2498,146 小川 Street,板橋区,青梅市,519-4982,JP,Japan,JAPAN,Japanese,Consumer,Silver,2019-05-26,2019,RETURNING,True,MDM,2019-05-26,2026-04-17 15:58:34.137343
29361be9-8d70-4df6-8d9c-17e4ba3dfb1b,CUST-2019-JP-002569,稔,小林,稔 小林,Female,2005-10-17,user784.apple387@yahoo.com,59-2614-6845,371 高橋 Street,豊島区,大網白里市,532-1094,JP,Japan,JAPAN,Japanese,Business,Silver,2019-01-07,2019,RETURNING,True,MDM,2019-01-07,2026-04-17 15:58:34.137344
1c468d7a-ad9c-4b66-a5f8-490d91762a3f,CUST-2019-JP-001694,修平,青木,修平 青木,Male,1956-06-24,user903.apple@icloud.com,070-7727-0265,351 渡辺 Street,山武郡九十九里町,富津市,097-6916,JP,Japan,JAPAN,Japanese,Consumer,None,2019-11-12,2019,RETURNING,True,MDM,2019-11-12,2026-04-17 15:58:34.137346
ff60c32d-dea3-461a-b47e-a5daf140c12f,CUST-2019-JP-002024,和也,山下,和也 山下,Female,1962-08-16,user430.apple622@yahoo.com,22-6613-2379,984 井上 Street,川崎市宮前区,横浜市磯子区,178-8916,JP,Japan,JAPAN,Japanese,Education,None,2019-07-13,2019,RETURNING,True,MDM,2019-07-13,2026-04-17 15:58:34.137348
df615183-5164-452d-9394-61d74b0d533d,CUST-2019-JP-002262,淳,福田,淳 福田,Male,2005-03-13,user185.apple@gmail.com,080-5785-7048,770 岡本 Street,山武郡九十九里町,印旛郡本埜村,686-3654,JP,Japan,JAPAN,Japanese,Consumer,None,2019-01-04,2019,RETURNING,True,MDM,2019-01-04,2026-04-17 15:58:34.137350
93d94ed8-beee-4d34-9e85-e4cd437ab0f6,CUST-2019-JP-000784,稔,中村,稔 中村,Male,1953-05-25,user256.apple718@hotmail.com,080-1416-9328,901 山崎 Street,長生郡長南町,山武郡横芝光町,350-0049,JP,Japan,JAPAN,Japanese,Consumer,None,2019-01-24,2019,RETURNING,True,MDM,2019-01-24,2026-04-17 15:58:34.137352
dbca8633-88a8-40bb-a10a-97e5b5502844,CUST-2019-JP-000308,直人,山本,直人 山本,Male,1957-09-28,user182.apple@aol.com,070-4082-1238,627 後藤 Street,印旛郡本埜村,品川区,504-2583,JP,Japan,JAPAN,Japanese,Consumer,Silver,2019-08-24,2019,RETURNING,True,MDM,2019-08-24,2026-04-17 15:58:34.137353
61d087be-b12b-4a11-9de8-86993f5b3162,CUST-2019-JP-001911,香織,木村,香織 木村,Male,1972-11-08,user657.apple@gmx.com,090-8801-2576,590 山本 Street,横浜市栄区,西東京市,803-0878,JP,Japan,JAPAN,Japanese,Consumer,None,2019-05-17,2019,RETURNING,True,MDM,2019-05-17,2026-04-17 15:58:34.137355
cb8cf1e5-e235-4f8f-b0c7-de7d5303be64,CUST-2019-JP-001546,美加子,佐藤,美加子 佐藤,Male,1989-12-02,user851.apple@msn.com,090-3891-3383,249 小林 Street,江東区,三鷹市,720-9441,JP,Japan,JAPAN,Japanese,Consumer,None,2019-08-01,2019,RETURNING,True,MDM,2019-08-01,2026-04-17 15:58:34.137357
42a611e7-258c-4d49-9e06-5e42289898bb,CUST-2019-JP-001421,治,石川,治 石川,Female,2000-04-19,user390.apple763@aol.com,070-4049-6287,168 高橋 Street,中央区,四街道市,966-4506,JP,Japan,JAPAN,Japanese,Consumer,None,2019-09-04,2019,RETURNING,True,MDM,2019-09-04,2026-04-17 15:58:34.137359
4a31cdea-07c9-4b3b-bcad-bdd05b9153c3,CUST-2019-JP-001780,香織,阿部,香織 阿部,Male,1974-07-14,user877.apple550@mail.com,81-3047-5139,323 中村 Street,小笠原村,中央区,978-4843,JP,Japan,JAPAN,Japanese,Consumer,None,2019-07-12,2019,RETURNING,True,MDM,2019-07-12,2026-04-17 15:58:34.137361
a7e5d881-b6ef-4008-ba03-eba120ed39f1,CUST-2019-JP-001650,聡太郎,渡辺,聡太郎 渡辺,Male,1963-01-18,user560.apple@hotmail.com,080-0965-8770,729 田中 Street,長生郡長柄町,多摩市,732-8913,JP,Japan,JAPAN,Japanese,Consumer,Silver,2019-10-15,2019,RETURNING,True,MDM,2019-10-15,2026-04-17 15:58:34.137363
0713b614-c11b-4417-a53c-653aacfb9242,CUST-2019-JP-001637,太一,後藤,太一 後藤,Male,1981-10-07,user755.apple677@outlook.com,070-1741-7343,734 鈴木 Street,川崎市多摩区,南房総市,780-0421,JP,Japan,JAPAN,Japanese,Consumer,Platinum,2019-04-15,2019,RETURNING,True,MDM,2019-04-15,2026-04-17 15:58:34.137364
5dc1a7ac-b9b7-4cc6-bb01-de6576852b37,CUST-2019-JP-002686,零,渡辺,零 渡辺,Male,1981-01-13,user560.apple@msn.com,070-7540-2602,743 藤田 Street,香取郡東庄町,品川区,025-1741,JP,Japan,JAPAN,Japanese,Consumer,None,2019-12-17,2019,RETURNING,True,MDM,2019-12-17,2026-04-17 15:58:34.137366
2f0b580d-86b3-4895-af8c-ad395085d995,CUST-2019-JP-000996,康弘,佐藤,康弘 佐藤,Male,2000-05-30,user251.apple@outlook.com,80-0948-0810,392 遠藤 Street,八千代市,長生郡睦沢町,954-5326,JP,Japan,JAPAN,Japanese,Business,Gold,2019-04-24,2019,RETURNING,True,MDM,2019-04-24,2026-04-17 15:58:34.137368
3f78b8fc-a62f-408d-918c-d97069b7656e,CUST-2019-JP-000724,くみ子,木村,くみ子 木村,Male,1981-03-05,user698.apple359@msn.com,39-7898-2100,895 太田 Street,いすみ市,横浜市港南区,218-4063,JP,Japan,JAPAN,Japanese,Consumer,None,2019-09-12,2019,RETURNING,True,MDM,2019-09-12,2026-04-17 15:58:34.137370
66761570-6f67-410c-a917-681f6751f8c7,CUST-2019-JP-001795,明美,木村,明美 木村,Female,1955-09-21,user290.apple@live.com,090-0807-9682,867 吉田 Street,横浜市青葉区,調布市,786-7861,JP,Japan,JAPAN,Japanese,Business,None,2019-08-14,2019,RETURNING,True,MDM,2019-08-14,2026-04-17 15:58:34.137372
ed5b3b23-8c9b-44c3-9000-71b03e64b73a,CUST-2019-JP-000009,涼平,田中,涼平 田中,Male,1999-11-19,user208.apple751@gmx.com,50-7410-8284,615 木村 Street,中野区,新宿区,335-2729,JP,Japan,JAPAN,Japanese,Consumer,Platinum,2019-01-30,2019,RETURNING,True,MDM,2019-01-30,2026-04-17 15:58:34.137374
9ac84b9b-de5a-4f11-9901-fdb207deda07,CUST-2019-JP-002565,翼,岡田,翼 岡田,Female,1970-06-12,user152.apple931@icloud.com,080-6661-6889,341 木村 Street,八王子市,山武市,048-2372,JP,Japan,JAPAN,Japanese,Consumer,Silver,2019-09-19,2019,RETURNING,True,MDM,2019-09-19,2026-04-17 15:58:34.137376
f0b91904-d8d6-4fcb-84fb-055508d73874,CUST-2019-JP-001483,学,前田,学 前田,Male,1987-05-10,user328.apple@aol.com,70-4263-2411,937 前田 Street,品川区,千代田区,781-4391,JP,Japan,JAPAN,Japanese,Education,None,2019-04-13,2019,RETURNING,True,MDM,2019-04-13,2026-04-17 15:58:34.137377
f56a3419-670e-469a-905d-cfbc463117c8,CUST-2019-JP-000614,陽一,坂本,陽一 坂本,Male,1975-10-14,user171.apple@zoho.com,080-2369-1515,337 佐藤 Street,富津市,袖ケ浦市,456-2131,JP,Japan,JAPAN,Japanese,Consumer,Silver,2019-12-30,2019,RETURNING,True,MDM,2019-12-30,2026-04-17 15:58:34.137379
e787b0dd-eab2-4665-b994-02dbe671e9d1,CUST-2019-JP-002057,真綾,井上,真綾 井上,Male,1972-02-11,user559.apple@yahoo.com,080-3684-5344,584 田中 Street,羽村市,匝瑳市,794-2285,JP,Japan,JAPAN,Japanese,Consumer,Gold,2019-10-20,2019,RETURNING,True,MDM,2019-10-20,2026-04-17 15:58:34.137380
f8b171c7-c180-4c88-bd9c-0df92d74486f,CUST-2019-JP-002250,稔,山本,稔 山本,Male,1990-07-28,user167.apple@zoho.com,070-3006-0091,638 渡辺 Street,清瀬市,山武郡芝山町,054-0984,JP,Japan,JAPAN,Japanese,Business,None,2019-08-22,2019,RETURNING,True,MDM,2019-08-22,2026-04-17 15:58:34.137382
d492785e-4ae2-4caa-85e6-d46c92b5596c,CUST-2019-JP-001774,直人,中村,直人 中村,Female,1985-03-05,user311.apple701@protonmail.com,090-3972-3091,920 前田 Street,台東区,調布市,833-4846,JP,Japan,JAPAN,Japanese,Business,None,2019-11-21,2019,RETURNING,True,MDM,2019-11-21,2026-04-17 15:58:34.137384
710031ba-c9ad-4a84-b33d-b0b7b4e9aead,CUST-2019-JP-000110,亮介,伊藤,亮介 伊藤,Male,1973-02-04,user625.apple@hotmail.com,20-8829-6907,553 高橋 Street,横浜市緑区,豊島区,307-4036,JP,Japan,JAPAN,Japanese,Business,Silver,2019-05-06,2019,RETURNING,True,MDM,2019-05-06,2026-04-17 15:58:34.137385
88949a4e-9d1a-40ac-afc5-f71a737f228f,CUST-2019-JP-002765,裕太,中村,裕太 中村,Male,1952-09-07,user648.apple@mail.com,85-0079-2800,821 高橋 Street,日野市,長生郡長柄町,500-6659,JP,Japan,JAPAN,Japanese,Education,Gold,2019-01-22,2019,RETURNING,True,MDM,2019-01-22,2026-04-17 15:58:34.137387
bdf1c577-f8e4-4da8-95d9-95adb442f456,CUST-2019-JP-002627,あすか,斎藤,あすか 斎藤,Female,1958-10-30,user120.apple@gmx.com,070-5200-5415,251 渡辺 Street,渋谷区,横浜市戸塚区,958-4833,JP,Japan,JAPAN,Japanese,Business,None,2019-05-04,2019,RETURNING,False,MDM,2019-05-04,2026-04-17 15:58:34.137389
f522bebe-def7-41e2-b675-59e2fcc3ff50,CUST-2019-JP-001531,英樹,山口,英樹 山口,Male,1978-09-19,user905.apple16@msn.com,080-0861-8064,797 藤井 Street,江東区,長生郡一宮町,976-8139,JP,Japan,JAPAN,Japanese,Business,Platinum,2019-08-20,2019,RETURNING,True,MDM,2019-08-20,2026-04-17 15:58:34.137393
00993a2b-8cc8-404c-bd16-53e0a4f80bc0,CUST-2019-JP-000290,裕太,西村,裕太 西村,Female,1999-12-11,user125.apple@yahoo.com,080-8449-5844,928 松本 Street,横浜市南区,武蔵村山市,376-5048,JP,Japan,JAPAN,Japanese,Consumer,None,2019-04-26,2019,RETURNING,True,MDM,2019-04-26,2026-04-17 15:58:34.137395
0de3d74e-3b33-4083-aa54-b01a45946815,CUST-2019-JP-001519,康弘,田中,康弘 田中,Male,1978-05-04,user866.apple@msn.com,080-9440-1315,631 青木 Street,渋谷区,印旛郡本埜村,500-2120,JP,Japan,JAPAN,Japanese,Consumer,Gold,2019-05-07,2019,RETURNING,True,MDM,2019-05-07,2026-04-17 15:58:34.137396
fe92ada2-3c0f-486d-9299-f532f690eb7f,CUST-2019-JP-000182,明美,斉藤,明美 斉藤,Female,1989-12-06,user896.apple493@mail.com,090-4047-9309,118 渡辺 Street,大網白里市,鴨川市,653-5397,JP,Japan,JAPAN,Japanese,Education,None,2019-07-07,2019,RETURNING,True,MDM,2019-07-07,2026-04-17 15:58:34.137398
d8a1a329-8962-41ff-b47e-6a84a07f0cad,CUST-2019-JP-001131,陽一,斎藤,陽一 斎藤,Male,1980-04-09,user926.apple@gmail.com,090-4869-7423,696 山本 Street,横浜市緑区,香取郡神崎町,334-3439,JP,Japan,JAPAN,Japanese,Education,None,2019-10-12,2019,RETURNING,True,MDM,2019-10-12,2026-04-17 15:58:34.137400
28321b87-e053-4a4d-bb7d-49f885a6986a,CUST-2019-JP-002705,零,中島,零 中島,Female,2006-11-07,user739.apple@zoho.com,070-7868-8487,083 中村 Street,横浜市鶴見区,大島町,923-7514,JP,Japan,JAPAN,Japanese,Consumer,None,2019-01-22,2019,RETURNING,True,MDM,2019-01-22,2026-04-17 15:58:34.137401
6086d8b4-6bd9-4f61-a468-043759d1f6aa,CUST-2019-JP-001976,涼平,前田,涼平 前田,Female,2005-10-20,user728.apple877@live.com,090-4290-5214,649 渡辺 Street,八王子市,印旛郡酒々井町,524-4439,JP,Japan,JAPAN,Japanese,Education,None,2019-10-02,2019,RETURNING,True,MDM,2019-10-02,2026-04-17 15:58:34.137403
9d509aae-f9c3-415c-9931-40faddda821a,CUST-2019-JP-001025,智也,森,智也 森,Female,2004-06-27,user995.apple@yahoo.com,090-3551-1845,500 橋本 Street,山武市,夷隅郡御宿町,501-8958,JP,Japan,JAPAN,Japanese,Consumer,Platinum,2019-06-14,2019,RETURNING,True,MDM,2019-06-14,2026-04-17 15:58:34.137405
4816555a-0414-476e-b9f4-93f662997e46,CUST-2019-JP-000611,くみ子,井上,くみ子 井上,Male,1972-10-07,user613.apple@yahoo.com,090-6162-0961,568 山本 Street,豊島区,横浜市青葉区,579-9947,JP,Japan,JAPAN,Japanese,Consumer,None,2019-09-27,2019,RETURNING,True,MDM,2019-09-27,2026-04-17 15:58:34.137406
e803062c-fdf8-4fce-8c4a-4d41b39c2af3,CUST-2019-JP-001506,修平,吉田,修平 吉田,Male,1975-04-07,user237.apple25@msn.com,16-9121-5870,517 吉田 Street,横浜市保土ケ谷区,荒川区,171-8526,JP,Japan,JAPAN,Japanese,Consumer,Platinum,2019-04-13,2019,RETURNING,True,MDM,2019-04-13,2026-04-17 15:58:34.137408
25c60e47-0f35-4bf7-9114-2acdefb008e2,CUST-2019-JP-001582,七夏,中島,七夏 中島,Female,1975-10-26,user466.apple@zoho.com,070-9554-6975,360 田中 Street,東村山市,横浜市港南区,254-1308,JP,Japan,JAPAN,Japanese,Consumer,None,2019-09-12,2019,RETURNING,True,MDM,2019-09-12,2026-04-17 15:58:34.137410
2620a07d-64b0-4768-81f7-5614937a344b,CUST-2019-JP-000180,明美,中川,明美 中川,Female,1955-04-05,user575.apple@live.com,97-6841-8396,086 渡辺 Street,東大和市,御蔵島村,080-6134,JP,Japan,JAPAN,Japanese,Business,None,2019-02-06,2019,RETURNING,True,MDM,2019-02-06,2026-04-17 15:58:34.137412
347d31a3-4ad4-4852-bf81-9e2cf46ab870,CUST-2019-JP-002499,康弘,遠藤,康弘 遠藤,Female,2007-12-31,user753.apple@outlook.com,070-4091-0942,215 佐藤 Street,大網白里市,あきる野市,800-3905,JP,Japan,JAPAN,Japanese,Consumer,None,2019-02-18,2019,RETURNING,True,MDM,2019-02-18,2026-04-17 15:58:34.137414
b70760e5-bb12-49a0-b66a-0b6ddf6cbe4d,CUST-2019-JP-001916,充,吉田,充 吉田,Female,1950-11-05,user691.apple@zoho.com,080-6405-6399,997 伊藤 Street,葛飾区,我孫子市,272-0484,JP,Japan,JAPAN,Japanese,Education,None,2019-09-10,2019,RETURNING,True,MDM,2019-09-10,2026-04-17 15:58:34.137416
94dac215-74ff-4a9c-bfc0-4d19eae84613,CUST-2019-JP-001485,亮介,渡辺,亮介 渡辺,Male,1989-01-31,user468.apple@yahoo.com,02-7430-8762,681 石川 Street,横浜市港南区,小平市,535-3819,JP,Japan,JAPAN,Japanese,Business,Gold,2019-06-10,2019,RETURNING,True,MDM,2019-06-10,2026-04-17 15:58:34.137418
c4ba0ef7-f1d3-4343-a3ab-45a215a1096f,CUST-2019-JP-002636,洋介,高橋,洋介 高橋,Female,1962-02-02,user423.apple616@aol.com,090-0387-0668,429 藤井 Street,白井市,八丈島八丈町,471-1420,JP,Japan,JAPAN,Japanese,Business,Platinum,2019-03-12,2019,RETURNING,True,MDM,2019-03-12,2026-04-17 15:58:34.137419
3dc9769c-cffd-4fd5-a5af-3ddd5ee9dbfd,CUST-2019-JP-000793,浩,佐藤,浩 佐藤,Male,1989-03-18,user338.apple912@aol.com,080-0369-8966,533 坂本 Street,大島町,横浜市保土ケ谷区,665-9227,JP,Japan,JAPAN,Japanese,Consumer,Silver,2019-04-25,2019,RETURNING,True,MDM,2019-04-25,2026-04-17 15:58:34.137420
7702f6f3-81ca-4ebd-97ee-db1cd357750f,CUST-2019-JP-002712,舞,山崎,舞 山崎,Male,1982-05-24,user124.apple@aol.com,080-0988-2757,384 佐藤 Street,大島町,夷隅郡大多喜町,311-4320,JP,Japan,JAPAN,Japanese,Consumer,None,2019-06-03,2019,RETURNING,True,MDM,2019-06-03,2026-04-17 15:58:34.137422
7e2beaaf-b546-4adc-8cfb-06aa01c67078,CUST-2019-JP-001272,さゆり,後藤,さゆり 後藤,Male,1972-12-16,user908.apple@gmx.com,090-5896-3259,550 佐藤 Street,あきる野市,日野市,062-6403,JP,Japan,JAPAN,Japanese,Consumer,None,2019-04-16,2019,RETURNING,True,MDM,2019-04-16,2026-04-17 15:58:34.137424
8d8ed05b-5034-4ea8-b76a-776728db307e,CUST-2019-JP-000362,加奈,山口,加奈 山口,Male,1979-01-04,user852.apple@zoho.com,090-0319-2975,425 岡本 Street,御蔵島村,長生郡一宮町,440-4735,JP,Japan,JAPAN,Japanese,Consumer,Platinum,2019-04-09,2019,RETURNING,True,MDM,2019-04-09,2026-04-17 15:58:34.137425
aef3a192-f576-426c-a29d-a8021017b51e,CUST-2019-JP-002406,直人,鈴木,直人 鈴木,Female,2001-01-20,user569.apple@gmail.com,080-7358-4766,071 中村 Street,日野市,日野市,069-1305,JP,Japan,JAPAN,Japanese,Education,None,2019-04-29,2019,RETURNING,False,MDM,2019-04-29,2026-04-17 15:58:34.137427
f550b44b-58ed-490c-be7a-64cd4bedc27d,CUST-2019-JP-000013,裕樹,佐藤,裕樹 佐藤,Male,2006-01-19,user213.apple@yahoo.com,080-7373-5699,373 鈴木 Street,品川区,小笠原村,822-6861,JP,Japan,JAPAN,Japanese,Consumer,Silver,2019-07-29,2019,RETURNING,False,MDM,2019-07-29,2026-04-17 15:58:34.137429
5ef1d8c7-ff79-422d-b3a8-48396701aaa2,CUST-2019-JP-001121,千代,高橋,千代 高橋,Female,1955-04-30,user118.apple@protonmail.com,090-0356-1062,627 前田 Street,鎌ケ谷市,長生郡長柄町,989-0540,JP,Japan,JAPAN,Japanese,Business,Gold,2019-01-09,2019,RETURNING,True,MDM,2019-01-09,2026-04-17 15:58:34.137430
c9fe6cb0-bfee-406a-bd99-b2dd825b152f,CUST-2019-JP-002368,里佳,佐藤,里佳 佐藤,Male,2006-09-19,user312.apple@outlook.com,070-0225-6064,498 鈴木 Street,新島村,川崎市川崎区,331-0738,JP,Japan,JAPAN,Japanese,Consumer,Platinum,2019-12-23,2019,RETURNING,True,MDM,2019-12-23,2026-04-17 15:58:34.137432
ead665cd-4bbc-45ef-9786-99a8bb2b9710,CUST-2019-JP-000886,加奈,加藤,加奈 加藤,Male,1970-09-08,user629.apple@gmx.com,090-9341-8395,632 藤井 Street,小笠原村,世田谷区,625-0662,JP,Japan,JAPAN,Japanese,Consumer,Silver,2019-10-25,2019,RETURNING,True,MDM,2019-10-25,2026-04-17 15:58:34.137433
06bff799-c891-4e35-aa77-e842ef312022,CUST-2019-JP-002622,里佳,佐藤,里佳 佐藤,Female,2002-11-12,user538.apple@live.com,95-4455-2935,805 小林 Street,山武郡九十九里町,八王子市,110-2021,JP,Japan,JAPAN,Japanese,Consumer,Gold,2019-01-13,2019,RETURNING,True,MDM,2019-01-13,2026-04-17 15:58:34.137435
7692f090-df8a-401c-a0bb-541520d703be,CUST-2019-JP-001190,あすか,斉藤,あすか 斉藤,Male,1993-11-17,user486.apple@msn.com,090-7178-3529,881 加藤 Street,渋谷区,文京区,716-9196,JP,Japan,JAPAN,Japanese,Consumer,None,2019-07-09,2019,RETURNING,True,MDM,2019-07-09,2026-04-17 15:58:34.137437
d66b3f3d-b8f5-4751-bf26-e74e20a1d67f,CUST-2019-JP-002318,幹,福田,幹 福田,Female,1956-09-10,user541.apple@outlook.com,070-4998-9242,190 佐藤 Street,香取郡多古町,川崎市多摩区,042-2225,JP,Japan,JAPAN,Japanese,Education,None,2019-06-14,2019,RETURNING,False,MDM,2019-06-14,2026-04-17 15:58:34.137439
b1fddb07-2d92-4ca2-87af-1f5fd738b894,CUST-2019-JP-001410,桃子,小林,桃子 小林,Female,1995-11-26,user603.apple@mail.com,080-8912-6728,506 小林 Street,白井市,杉並区,125-1037,JP,Japan,JAPAN,Japanese,Consumer,Silver,2019-05-13,2019,RETURNING,True,MDM,2019-05-13,2026-04-17 15:58:34.137440
99ca8aa7-9bd9-43cd-976c-cc06188c1132,CUST-2019-JP-001905,零,井上,零 井上,Female,1980-01-14,user794.apple@live.com,26-9347-6558,335 後藤 Street,多摩市,いすみ市,192-1463,JP,Japan,JAPAN,Japanese,Consumer,None,2019-05-22,2019,RETURNING,True,MDM,2019-05-22,2026-04-17 15:58:34.137442
e6d58c91-f88d-44e4-bce9-6d975b64047f,CUST-2019-JP-000429,智也,佐々木,智也 佐々木,Male,1986-12-15,user926.apple@mail.com,090-5820-9180,208 山下 Street,白井市,荒川区,437-6261,JP,Japan,JAPAN,Japanese,Consumer,None,2019-12-21,2019,RETURNING,True,MDM,2019-12-21,2026-04-17 15:58:34.137444
8f2fd0f4-a9f2-4317-9be4-0542674d9070,CUST-2019-JP-002400,加奈,橋本,加奈 橋本,Male,1984-06-28,user418.apple480@yahoo.com,080-6672-1146,675 吉田 Street,南房総市,墨田区,005-8833,JP,Japan,JAPAN,Japanese,Consumer,Platinum,2019-10-10,2019,RETURNING,False,MDM,2019-10-10,2026-04-17 15:58:34.137446
47cd6cde-fffe-475e-b343-f515729b8ed5,CUST-2019-JP-002741,知実,佐藤,知実 佐藤,Male,1955-09-25,user225.apple835@hotmail.com,080-3281-8632,378 佐々木 Street,大島町,練馬区,183-9269,JP,Japan,JAPAN,Japanese,Consumer,Silver,2019-03-20,2019,RETURNING,True,MDM,2019-03-20,2026-04-17 15:58:34.137448
fda75c75-bb5e-4013-9009-5ddd7979e537,CUST-2019-JP-001239,英樹,福田,英樹 福田,Male,1958-12-09,user826.apple@yahoo.com,070-9851-1236,663 高橋 Street,葛飾区,武蔵野市,986-9922,JP,Japan,JAPAN,Japanese,Business,None,2019-10-17,2019,RETURNING,True,MDM,2019-10-17,2026-04-17 15:58:34.137450
fbaa396f-8ddc-402c-adfa-8100070b8613,CUST-2019-JP-002098,智也,井上,智也 井上,Male,1972-06-23,user835.apple@outlook.com,66-8919-7529,747 山崎 Street,横浜市泉区,武蔵村山市,661-7236,JP,Japan,JAPAN,Japanese,Consumer,None,2019-12-22,2019,RETURNING,True,MDM,2019-12-22,2026-04-17 15:58:34.137451
d85024ff-9607-4773-9722-d9c4f22ceea4,CUST-2019-JP-000644,幹,森,幹 森,Male,2003-07-26,user611.apple77@live.com,070-4164-5506,379 林 Street,長生郡長生村,西多摩郡奥多摩町,111-6591,JP,Japan,JAPAN,Japanese,Consumer,Gold,2019-10-31,2019,RETURNING,True,MDM,2019-10-31,2026-04-17 15:58:34.137453
5ff27156-f759-403a-b549-15480affbc36,CUST-2019-JP-000541,篤司,佐藤,篤司 佐藤,Female,1967-02-16,user183.apple19@hotmail.com,89-2688-7192,770 森 Street,長生郡長南町,横浜市戸塚区,416-5192,JP,Japan,JAPAN,Japanese,Consumer,None,2019-08-11,2019,RETURNING,True,MDM,2019-08-11,2026-04-17 15:58:34.137455
0cb679ca-4205-4228-bb59-c2c93a02a18d,CUST-2019-JP-001106,裕太,加藤,裕太 加藤,Male,2004-05-30,user381.apple@outlook.com,090-4621-6048,156 斎藤 Street,夷隅郡御宿町,荒川区,096-7050,JP,Japan,JAPAN,Japanese,Education,Gold,2019-09-27,2019,RETURNING,True,MDM,2019-09-27,2026-04-17 15:58:34.137456
80ec71d9-70f4-4835-9f72-718e4cb4d1a4,CUST-2019-JP-002316,翔太,松本,翔太 松本,Male,1965-08-19,user606.apple@outlook.com,52-0918-4050,943 鈴木 Street,浦安市,北区,155-7218,JP,Japan,JAPAN,Japanese,Consumer,None,2019-12-05,2019,RETURNING,True,MDM,2019-12-05,2026-04-17 15:58:34.137458
d2acd872-8151-418d-80bd-307b48db4e41,CUST-2019-JP-002268,桃子,加藤,桃子 加藤,Female,1987-06-15,user383.apple@outlook.com,46-1613-7246,833 村上 Street,横浜市金沢区,港区,080-3436,JP,Japan,JAPAN,Japanese,Consumer,None,2019-05-22,2019,RETURNING,True,MDM,2019-05-22,2026-04-17 15:58:34.137460
59392742-4d4d-49e5-8969-c08f38a3a840,CUST-2019-JP-001727,直子,小林,直子 小林,Male,1964-04-02,user499.apple@icloud.com,090-3253-8917,393 藤田 Street,狛江市,荒川区,587-9594,JP,Japan,JAPAN,Japanese,Education,Platinum,2019-11-03,2019,RETURNING,True,MDM,2019-11-03,2026-04-17 15:58:34.137461
d4475517-1d6c-490b-bd61-f7443eea81af,CUST-2019-JP-001714,治,中村,治 中村,Female,1969-11-04,user674.apple@gmail.com,070-6450-0586,379 山口 Street,川崎市中原区,南房総市,107-2290,JP,Japan,JAPAN,Japanese,Business,None,2019-04-13,2019,RETURNING,True,MDM,2019-04-13,2026-04-17 15:58:34.137463
328ee533-c79e-45fe-967c-1476a604114c,CUST-2019-JP-000707,あすか,山崎,あすか 山崎,Male,2007-10-21,user423.apple@yahoo.com,36-5023-4904,479 佐藤 Street,袖ケ浦市,山武郡横芝光町,338-4388,JP,Japan,JAPAN,Japanese,Consumer,None,2019-04-16,2019,RETURNING,True,MDM,2019-04-16,2026-04-17 15:58:34.137465
644b219b-8294-453a-b2f1-06a22e9a3a54,CUST-2019-JP-000210,治,山田,治 山田,Female,1959-04-05,user501.apple@hotmail.com,080-7478-5666,505 伊藤 Street,香取市,御蔵島村,167-4630,JP,Japan,JAPAN,Japanese,Consumer,Platinum,2019-10-28,2019,RETURNING,True,MDM,2019-10-28,2026-04-17 15:58:34.137466
abed26a2-8e68-4fde-b2b6-68ba694be232,CUST-2019-JP-001480,千代,加藤,千代 加藤,Female,1960-04-24,user527.apple353@live.com,070-1629-9074,355 佐藤 Street,横浜市磯子区,調布市,985-6487,JP,Japan,JAPAN,Japanese,Consumer,None,2019-03-19,2019,RETURNING,True,MDM,2019-03-19,2026-04-17 15:58:34.137468
846b2a9b-095f-456b-874f-4de2d77a6c82,CUST-2019-JP-000528,晃,木村,晃 木村,Male,1957-03-28,user163.apple@hotmail.com,090-9245-2327,265 山下 Street,長生郡長柄町,小笠原村,472-6295,JP,Japan,JAPAN,Japanese,Consumer,Gold,2019-04-23,2019,RETURNING,True,MDM,2019-04-23,2026-04-17 15:58:34.137469
af2b7653-cf6c-4110-947d-a0c11e7f651c,CUST-2019-JP-001864,淳,山本,淳 山本,Male,2003-05-16,user624.apple@msn.com,070-3285-8116,369 太田 Street,八王子市,横浜市戸塚区,877-9383,JP,Japan,JAPAN,Japanese,Consumer,None,2019-06-15,2019,RETURNING,True,MDM,2019-06-15,2026-04-17 15:58:34.137471
b86aff81-8428-44ce-87ac-899a9164b01d,CUST-2019-JP-001638,裕美子,山本,裕美子 山本,Male,1975-01-23,user854.apple@zoho.com,46-9349-3369,162 長谷川 Street,江東区,川崎市多摩区,453-7597,JP,Japan,JAPAN,Japanese,Consumer,None,2019-08-26,2019,RETURNING,False,MDM,2019-08-26,2026-04-17 15:58:34.137473
0472a117-6066-4ad2-a7f0-9c5a405cf0aa,CUST-2019-JP-001376,篤司,西村,篤司 西村,Female,1993-01-07,user742.apple@protonmail.com,080-8124-7882,783 西村 Street,東久留米市,川崎市幸区,355-4838,JP,Japan,JAPAN,Japanese,Consumer,None,2019-04-26,2019,RETURNING,True,MDM,2019-04-26,2026-04-17 15:58:34.137475
e9d3cb64-1ec2-454a-acfd-16bcde85fc1f,CUST-2019-JP-000910,くみ子,青木,くみ子 青木,Female,1999-05-16,user882.apple@outlook.com,090-2797-9290,996 伊藤 Street,調布市,印旛郡印旛村,604-1935,JP,Japan,JAPAN,Japanese,Consumer,None,2019-09-19,2019,RETURNING,True,MDM,2019-09-19,2026-04-17 15:58:34.137477
5570238d-1f2b-481b-9409-d283af9dd7c9,CUST-2019-JP-001820,裕樹,清水,裕樹 清水,Male,2006-11-09,user805.apple@hotmail.com,88-5242-6435,261 佐々木 Street,西多摩郡奥多摩町,印旛郡印旛村,942-0772,JP,Japan,JAPAN,Japanese,Consumer,Platinum,2019-01-19,2019,RETURNING,True,MDM,2019-01-19,2026-04-17 15:58:34.137478
5855330f-afae-43d1-bda9-41a2cd9d2846,CUST-2019-JP-001234,さゆり,阿部,さゆり 阿部,Female,1976-12-13,user958.apple324@gmail.com,070-9027-5737,094 渡辺 Street,小笠原村,福生市,090-0541,JP,Japan,JAPAN,Japanese,Consumer,None,2019-11-12,2019,RETURNING,True,MDM,2019-11-12,2026-04-17 15:58:34.137480
49a0bf08-c0c2-4e9c-af05-187d2a13567e,CUST-2019-JP-002214,美加子,藤田,美加子 藤田,Male,1978-03-23,user447.apple@outlook.com,070-7758-4637,231 井上 Street,富津市,山武郡九十九里町,848-5891,JP,Japan,JAPAN,Japanese,Business,Platinum,2019-03-19,2019,RETURNING,True,MDM,2019-03-19,2026-04-17 15:58:34.137482
5c7d6279-81a1-464d-908a-f6bfc58a5ad6,CUST-2019-JP-000617,拓真,高橋,拓真 高橋,Female,1964-07-30,user333.apple343@live.com,67-6510-1770,725 清水 Street,清瀬市,文京区,880-4836,JP,Japan,JAPAN,Japanese,Consumer,Gold,2019-04-30,2019,RETURNING,True,MDM,2019-04-30,2026-04-17 15:58:34.137483
d843a1e4-4e53-42bd-ad60-b2c2b69edcbf,CUST-2019-JP-001923,和也,森,和也 森,Female,1968-10-14,user354.apple@live.com,090-0585-0846,757 三浦 Street,鴨川市,中野区,818-8474,JP,Japan,JAPAN,Japanese,Consumer,None,2019-01-18,2019,RETURNING,False,MDM,2019-01-18,2026-04-17 15:58:34.137485
de89fcdb-d4ab-4e51-a937-bc3caab9af74,CUST-2019-JP-000895,康弘,松本,康弘 松本,Male,2005-03-17,user644.apple@yahoo.com,090-6678-0703,601 井上 Street,狛江市,立川市,761-7862,JP,Japan,JAPAN,Japanese,Education,Gold,2019-02-08,2019,RETURNING,True,MDM,2019-02-08,2026-04-17 15:58:34.137487
cf2c7394-e284-4793-bcb6-cbcd9856bfd8,CUST-2019-JP-001616,涼平,藤原,涼平 藤原,Male,1977-12-24,user990.apple@gmx.com,92-4370-6142,735 鈴木 Street,杉並区,袖ケ浦市,572-5344,JP,Japan,JAPAN,Japanese,Consumer,Gold,2019-12-26,2019,RETURNING,True,MDM,2019-12-26,2026-04-17 15:58:34.137488
0e485495-4ca2-445a-b6e8-64ae144bcc04,CUST-2019-JP-001634,七夏,高橋,七夏 高橋,Male,1999-03-10,user912.apple@live.com,77-3186-9336,483 山田 Street,練馬区,富津市,281-0109,JP,Japan,JAPAN,Japanese,Consumer,None,2019-09-29,2019,RETURNING,True,MDM,2019-09-29,2026-04-17 15:58:34.137490
3d50ecf5-73ef-4f8f-b2dd-e089c9b99c0a,CUST-2019-JP-002422,京助,岡本,京助 岡本,Male,1990-05-07,user117.apple@mail.com,090-2025-2935,119 清水 Street,神津島村,八丈島八丈町,363-8254,JP,Japan,JAPAN,Japanese,Consumer,Gold,2019-10-28,2019,RETURNING,True,MDM,2019-10-28,2026-04-17 15:58:34.137491
c96c23da-f62d-458e-aa55-d2df11fe626f,CUST-2019-JP-001192,淳,加藤,淳 加藤,Male,1982-09-20,user161.apple@gmail.com,090-6887-1720,861 井上 Street,横浜市泉区,稲城市,705-7852,JP,Japan,JAPAN,Japanese,Consumer,None,2019-03-21,2019,RETURNING,True,MDM,2019-03-21,2026-04-17 15:58:34.137493
5d9fc621-ed22-4b14-ad17-bf620a68e154,CUST-2019-JP-002251,康弘,鈴木,康弘 鈴木,Female,1980-12-17,user992.apple@hotmail.com,080-9525-7342,140 藤田 Street,富津市,横浜市戸塚区,396-8989,JP,Japan,JAPAN,Japanese,Consumer,Silver,2019-02-17,2019,RETURNING,True,MDM,2019-02-17,2026-04-17 15:58:34.137495
7a9c2157-7350-4076-8a7d-212a21366f71,CUST-2019-JP-001215,直子,佐々木,直子 佐々木,Female,2005-07-20,user998.apple@gmail.com,090-7657-4917,222 伊藤 Street,いすみ市,八丈島八丈町,073-5704,JP,Japan,JAPAN,Japanese,Consumer,Gold,2019-06-20,2019,RETURNING,True,MDM,2019-06-20,2026-04-17 15:58:34.137496
c5f6d22b-e464-4ce9-913d-9a624436e796,CUST-2019-JP-001563,幹,山崎,幹 山崎,Male,1978-05-03,user412.apple@icloud.com,52-6936-5967,776 太田 Street,杉並区,横浜市保土ケ谷区,509-4860,JP,Japan,JAPAN,Japanese,Consumer,Silver,2019-04-06,2019,RETURNING,True,MDM,2019-04-06,2026-04-17 15:58:34.137497
6ed40efd-3229-4ac3-a5ef-ed5d7bbb00ad,CUST-2019-JP-001002,陽一,山田,陽一 山田,Male,1979-03-13,user805.apple7@hotmail.com,070-1636-8292,654 山口 Street,三宅島三宅村,狛江市,538-3520,JP,Japan,JAPAN,Japanese,Consumer,None,2019-09-16,2019,RETURNING,True,MDM,2019-09-16,2026-04-17 15:58:34.137499
d57f2641-bbb4-4e07-99e1-2936b15298a4,CUST-2019-JP-002154,治,中村,治 中村,Female,1986-01-18,user327.apple@yahoo.com,070-6638-3272,497 吉田 Street,川崎市宮前区,長生郡長生村,118-2780,JP,Japan,JAPAN,Japanese,Consumer,Silver,2019-04-18,2019,RETURNING,True,MDM,2019-04-18,2026-04-17 15:58:34.137501
b3a1224f-ea11-4f68-ab0d-199ad573febf,CUST-2019-JP-001712,幹,林,幹 林,Male,1955-03-22,user271.apple@live.com,070-6759-8050,704 伊藤 Street,東大和市,八王子市,178-1386,JP,Japan,JAPAN,Japanese,Consumer,Gold,2019-03-26,2019,RETURNING,True,MDM,2019-03-26,2026-04-17 15:58:34.137502
adbf8fd9-c633-4f0c-a47b-aa21df390df3,CUST-2019-JP-002332,浩,鈴木,浩 鈴木,Male,1996-10-31,user837.apple@mail.com,090-0430-5700,697 木村 Street,夷隅郡大多喜町,立川市,564-0047,JP,Japan,JAPAN,Japanese,Consumer,None,2019-03-03,2019,RETURNING,True,MDM,2019-03-03,2026-04-17 15:58:34.137504
f84d7b09-9704-4fc3-b05c-0ded62c9bca0,CUST-2019-JP-000443,零,中村,零 中村,Male,1965-12-18,user384.apple@protonmail.com,090-5707-8332,616 山下 Street,いすみ市,川崎市川崎区,071-1892,JP,Japan,JAPAN,Japanese,Consumer,None,2019-02-02,2019,RETURNING,True,MDM,2019-02-02,2026-04-17 15:58:34.137505
b12f357e-9308-4b72-b7ce-999cc0a0239e,CUST-2019-JP-001156,拓真,佐藤,拓真 佐藤,Female,1982-10-28,user871.apple@outlook.com,090-5376-1072,397 鈴木 Street,足立区,羽村市,265-5774,JP,Japan,JAPAN,Japanese,Consumer,Silver,2019-10-06,2019,RETURNING,True,MDM,2019-10-06,2026-04-17 15:58:34.137507
4fb26186-4779-4b00-877d-fe58ad60f489,CUST-2019-JP-000902,拓真,井上,拓真 井上,Female,1976-11-28,user270.apple599@yahoo.com,070-1388-9395,853 山崎 Street,練馬区,横浜市中区,058-7149,JP,Japan,JAPAN,Japanese,Education,None,2019-08-08,2019,RETURNING,True,MDM,2019-08-08,2026-04-17 15:58:34.137509
8c78c029-93f2-4fa7-be47-e0732f5ed0bd,CUST-2019-JP-000360,花子,中島,花子 中島,Female,1962-02-25,user643.apple@icloud.com,70-7105-2919,035 山本 Street,墨田区,横浜市青葉区,039-5807,JP,Japan,JAPAN,Japanese,Consumer,None,2019-03-09,2019,RETURNING,True,MDM,2019-03-09,2026-04-17 15:58:34.137511
021376b8-843b-43d3-a31a-22a70ceed8b9,CUST-2019-JP-001218,加奈,山下,加奈 山下,Female,1976-03-09,user848.apple@protonmail.com,070-9756-1372,897 岡本 Street,川崎市高津区,君津市,595-1591,JP,Japan,JAPAN,Japanese,Consumer,None,2019-04-29,2019,RETURNING,True,MDM,2019-04-29,2026-04-17 15:58:34.137512
4b8433e3-ceaf-4f72-b0a4-cd89c0758b3a,CUST-2019-JP-001545,陽子,松本,陽子 松本,Male,1951-09-21,user529.apple@hotmail.com,070-1846-5244,377 伊藤 Street,国分寺市,川崎市川崎区,526-3849,JP,Japan,JAPAN,Japanese,Consumer,None,2019-03-28,2019,RETURNING,True,MDM,2019-03-28,2026-04-17 15:58:34.137514
3b5ae0b9-ec8b-4786-86bc-f3043435ee20,CUST-2019-JP-002416,太郎,林,太郎 林,Female,1957-11-06,user735.apple@zoho.com,71-3904-6804,399 伊藤 Street,長生郡白子町,長生郡睦沢町,217-5465,JP,Japan,JAPAN,Japanese,Consumer,Silver,2019-12-08,2019,RETURNING,True,MDM,2019-12-08,2026-04-17 15:58:34.137516
b241897d-6937-499c-91bc-6025782d5901,CUST-2019-JP-002136,翔太,阿部,翔太 阿部,Male,1992-08-04,user310.apple425@msn.com,080-0529-0382,082 中村 Street,山武郡九十九里町,御蔵島村,410-8807,JP,Japan,JAPAN,Japanese,Consumer,None,2019-06-26,2019,RETURNING,True,MDM,2019-06-26,2026-04-17 15:58:34.137518
4b2940ff-392e-460a-a98f-e3643c8187a1,CUST-2019-JP-002112,明美,山田,明美 山田,Male,1977-06-28,user245.apple837@protonmail.com,69-5515-4371,471 佐藤 Street,品川区,墨田区,358-7876,JP,Japan,JAPAN,Japanese,Consumer,None,2019-11-10,2019,RETURNING,True,MDM,2019-11-10,2026-04-17 15:58:34.137520
3b463c13-ce88-4480-874e-7b58e63c2904,CUST-2019-JP-000856,治,田中,治 田中,Male,1997-03-10,user245.apple600@aol.com,070-1287-7286,933 小川 Street,横浜市緑区,南房総市,319-2607,JP,Japan,JAPAN,Japanese,Consumer,None,2019-12-10,2019,RETURNING,True,MDM,2019-12-10,2026-04-17 15:58:34.137521
5f4f7321-5d0f-4550-aa79-d9386c41f69b,CUST-2019-JP-001590,治,高橋,治 高橋,Female,1984-05-19,user726.apple137@gmail.com,090-3301-1027,305 小林 Street,横浜市神奈川区,東久留米市,048-2571,JP,Japan,JAPAN,Japanese,Consumer,Silver,2019-01-20,2019,RETURNING,True,MDM,2019-01-20,2026-04-17 15:58:34.137523
06440486-2ead-42bc-8e7a-da24f63a5844,CUST-2019-JP-000311,陽子,高橋,陽子 高橋,Male,1964-03-26,user926.apple@hotmail.com,05-0824-7494,018 山下 Street,御蔵島村,目黒区,024-5944,JP,Japan,JAPAN,Japanese,Consumer,Silver,2019-12-15,2019,RETURNING,False,MDM,2019-12-15,2026-04-17 15:58:34.137525
74413927-64ad-4f19-aec9-e8308be98756,CUST-2019-JP-002481,裕樹,渡辺,裕樹 渡辺,Male,1977-09-29,user877.apple@mail.com,090-9878-8110,550 長谷川 Street,町田市,富津市,136-0264,JP,Japan,JAPAN,Japanese,Consumer,Platinum,2019-12-14,2019,RETURNING,True,MDM,2019-12-14,2026-04-17 15:58:34.137526
2f8947a6-b7ec-4920-b3ce-25e15a5d10bd,CUST-2019-JP-001358,陽一,清水,陽一 清水,Male,1964-04-23,user659.apple397@icloud.com,080-5177-9028,953 松本 Street,大島町,小金井市,445-9595,JP,Japan,JAPAN,Japanese,Consumer,Silver,2019-10-13,2019,RETURNING,True,MDM,2019-10-13,2026-04-17 15:58:34.137528
737fe9e4-ccc5-4e78-8b3b-78e38c78abfb,CUST-2019-JP-001236,七夏,太田,七夏 太田,Female,1993-01-26,user917.apple@hotmail.com,090-7499-5286,468 田中 Street,三宅島三宅村,利島村,268-0745,JP,Japan,JAPAN,Japanese,Consumer,Gold,2019-05-14,2019,RETURNING,True,MDM,2019-05-14,2026-04-17 15:58:34.137529
6bb93965-9f7e-4e98-b492-ac3472a29fd2,CUST-2019-JP-000425,裕樹,阿部,裕樹 阿部,Female,1974-10-27,user169.apple@yahoo.com,080-2706-1033,622 小林 Street,中野区,横浜市旭区,998-7627,JP,Japan,JAPAN,Japanese,Consumer,None,2019-06-09,2019,RETURNING,True,MDM,2019-06-09,2026-04-17 15:58:34.137531
35780c11-007a-40b2-bb42-050a7d5e153e,CUST-2019-JP-000794,亮介,小林,亮介 小林,Female,1986-06-28,user407.apple@zoho.com,93-2235-8315,384 小林 Street,横浜市港南区,三宅島三宅村,292-5171,JP,Japan,JAPAN,Japanese,Consumer,None,2019-03-12,2019,RETURNING,True,MDM,2019-03-12,2026-04-17 15:58:34.137533
2069e143-600a-41fc-afcd-7421b21fa349,CUST-2019-JP-001810,稔,斎藤,稔 斎藤,Male,1951-01-23,user627.apple@mail.com,080-0028-6367,187 藤井 Street,横浜市港南区,西多摩郡瑞穂町,176-7064,JP,Japan,JAPAN,Japanese,Consumer,Silver,2019-12-01,2019,RETURNING,True,MDM,2019-12-01,2026-04-17 15:58:34.137534
ea2bbdec-8a35-42dd-b850-6a7059dc2c57,CUST-2019-JP-001761,花子,小川,花子 小川,Female,1993-06-15,user584.apple811@live.com,090-5121-0956,878 小林 Street,匝瑳市,江戸川区,187-3922,JP,Japan,JAPAN,Japanese,Business,Silver,2019-10-14,2019,RETURNING,True,MDM,2019-10-14,2026-04-17 15:58:34.137535
13694af7-d95c-4421-be8c-999f847540f6,CUST-2019-JP-000431,英樹,田中,英樹 田中,Female,1979-08-01,user448.apple@live.com,090-1285-0552,499 前田 Street,八千代市,富里市,382-6660,JP,Japan,JAPAN,Japanese,Business,None,2019-02-26,2019,RETURNING,True,MDM,2019-02-26,2026-04-17 15:58:34.137537
de288bcd-843b-4113-bbac-34f6b5bbc1f5,CUST-2019-JP-000694,聡太郎,中島,聡太郎 中島,Male,1951-11-13,user330.apple@gmail.com,080-8398-9948,385 遠藤 Street,武蔵村山市,御蔵島村,678-4269,JP,Japan,JAPAN,Japanese,Consumer,Silver,2019-09-17,2019,RETURNING,True,MDM,2019-09-17,2026-04-17 15:58:34.137539
d6213206-28d6-4c02-b45a-2e1bd1b99a51,CUST-2019-JP-002495,洋介,加藤,洋介 加藤,Male,1976-01-20,user634.apple216@gmail.com,090-0625-6007,667 吉田 Street,長生郡一宮町,夷隅郡御宿町,790-9573,JP,Japan,JAPAN,Japanese,Consumer,None,2019-01-15,2019,RETURNING,True,MDM,2019-01-15,2026-04-17 15:58:34.137541
926620e5-d115-436e-9635-1be22e8c4efa,CUST-2019-JP-000798,千代,中村,千代 中村,Male,1996-03-28,user564.apple@live.com,080-6947-3747,611 高橋 Street,東久留米市,川崎市川崎区,249-0649,JP,Japan,JAPAN,Japanese,Consumer,Silver,2019-02-12,2019,RETURNING,True,MDM,2019-02-12,2026-04-17 15:58:34.137542
9b5a0b5e-dd3d-4bba-9d91-2b731fac0d9a,CUST-2019-JP-001967,さゆり,清水,さゆり 清水,Male,1959-12-23,user422.apple@hotmail.com,070-3605-4176,567 井上 Street,世田谷区,足立区,012-6798,JP,Japan,JAPAN,Japanese,Education,None,2019-11-26,2019,RETURNING,True,MDM,2019-11-26,2026-04-17 15:58:34.137544
0044792e-15b1-4da8-bb12-ee601bc2ced6,CUST-2019-JP-002655,千代,阿部,千代 阿部,Male,1977-06-11,user780.apple@zoho.com,080-3495-5868,741 鈴木 Street,東村山市,足立区,639-5403,JP,Japan,JAPAN,Japanese,Consumer,None,2019-02-08,2019,RETURNING,True,MDM,2019-02-08,2026-04-17 15:58:34.137546
c512fa14-4088-4db2-90ec-27d25b5e810f,CUST-2019-JP-002794,治,村上,治 村上,Male,1980-10-22,user356.apple@gmail.com,090-0346-3108,163 小川 Street,利島村,江東区,744-9582,JP,Japan,JAPAN,Japanese,Consumer,Platinum,2019-07-20,2019,RETURNING,True,MDM,2019-07-20,2026-04-17 15:58:34.137547
eea7796b-3dbb-4081-8748-23f6de53b328,CUST-2019-JP-000302,零,山本,零 山本,Male,1964-08-05,user250.apple@gmx.com,080-1482-0691,309 小川 Street,横浜市港北区,新島村,207-2009,JP,Japan,JAPAN,Japanese,Consumer,None,2019-05-13,2019,RETURNING,True,MDM,2019-05-13,2026-04-17 15:58:34.137549
cd583728-fbc6-4628-b5cf-4ef7bf40c2af,CUST-2019-JP-000188,直樹,高橋,直樹 高橋,Female,1971-05-07,user589.apple92@live.com,070-1248-5612,655 田中 Street,香取郡神崎町,目黒区,975-9024,JP,Japan,JAPAN,Japanese,Consumer,Silver,2019-01-17,2019,RETURNING,True,MDM,2019-01-17,2026-04-17 15:58:34.137551
00944fcd-9239-4a4d-95a2-a978dd696a66,CUST-2019-JP-002645,修平,坂本,修平 坂本,Male,1970-10-13,user229.apple456@msn.com,080-8366-5499,048 斉藤 Street,山武市,荒川区,612-2623,JP,Japan,JAPAN,Japanese,Consumer,None,2019-04-26,2019,RETURNING,True,MDM,2019-04-26,2026-04-17 15:58:34.137553
a116eb00-3f11-4207-8eed-61cf04b5809b,CUST-2019-JP-001601,裕太,吉田,裕太 吉田,Female,1958-09-08,user941.apple@msn.com,080-7925-9934,087 高橋 Street,横浜市中区,あきる野市,257-1847,JP,Japan,JAPAN,Japanese,Consumer,Gold,2019-11-02,2019,RETURNING,False,MDM,2019-11-02,2026-04-17 15:58:34.137554
20a59dbc-3c53-438d-8f1c-25b634e6b428,CUST-2019-JP-001812,和也,山田,和也 山田,Female,1992-01-06,user843.apple@hotmail.com,070-2263-0570,707 山本 Street,山武郡芝山町,小金井市,519-8214,JP,Japan,JAPAN,Japanese,Consumer,Gold,2019-10-10,2019,RETURNING,True,MDM,2019-10-10,2026-04-17 15:58:34.137556
8f5c846d-2033-4571-90ed-2e126f67557f,CUST-2019-JP-001726,舞,高橋,舞 高橋,Male,1974-10-10,user480.apple@mail.com,070-1402-3561,280 佐藤 Street,山武郡九十九里町,渋谷区,966-3133,JP,Japan,JAPAN,Japanese,Consumer,None,2019-06-30,2019,RETURNING,True,MDM,2019-06-30,2026-04-17 15:58:34.137557
c2e3d076-58e0-48c7-851a-65843c94b07a,CUST-2019-JP-001079,翔太,近藤,翔太 近藤,Female,1961-12-25,user721.apple@mail.com,090-1002-0948,509 長谷川 Street,八丈島八丈町,練馬区,068-9212,JP,Japan,JAPAN,Japanese,Consumer,Silver,2019-05-10,2019,RETURNING,True,MDM,2019-05-10,2026-04-17 15:58:34.137559
46adbb31-1232-4f7b-bd1e-ca084283ac63,CUST-2019-JP-000061,太一,山本,太一 山本,Female,1961-07-13,user313.apple@icloud.com,090-9941-7253,480 西村 Street,西多摩郡瑞穂町,葛飾区,642-6668,JP,Japan,JAPAN,Japanese,Consumer,Gold,2019-03-09,2019,RETURNING,True,MDM,2019-03-09,2026-04-17 15:58:34.137560
42e10bb4-489e-477e-a266-c10532291d8b,CUST-2019-JP-002445,七夏,加藤,七夏 加藤,Male,2001-04-16,user724.apple280@yahoo.com,090-6088-4755,108 斎藤 Street,立川市,南房総市,736-2607,JP,Japan,JAPAN,Japanese,Consumer,Silver,2019-01-14,2019,RETURNING,True,MDM,2019-01-14,2026-04-17 15:58:34.137562
2c42728a-0d99-4413-b76d-50c7d41be8f4,CUST-2019-JP-001022,直子,佐藤,直子 佐藤,Male,1986-05-25,user210.apple@mail.com,070-4516-3670,341 渡辺 Street,武蔵村山市,山武市,208-1171,JP,Japan,JAPAN,Japanese,Consumer,None,2019-07-15,2019,RETURNING,True,MDM,2019-07-15,2026-04-17 15:58:34.137563
8734855d-998f-4622-b2fb-dee37fcca775,CUST-2019-JP-002704,春香,佐藤,春香 佐藤,Male,1990-09-26,user400.apple@outlook.com,090-9353-8224,341 中村 Street,香取郡東庄町,渋谷区,440-2848,JP,Japan,JAPAN,Japanese,Consumer,Silver,2019-04-08,2019,RETURNING,True,MDM,2019-04-08,2026-04-17 15:58:34.137565
f740d166-0ce4-4965-bc0a-e25f0a66b515,CUST-2019-JP-000891,篤司,藤井,篤司 藤井,Male,1970-03-22,user267.apple@icloud.com,58-3398-3814,870 村上 Street,いすみ市,鴨川市,016-7213,JP,Japan,JAPAN,Japanese,Business,Platinum,2019-09-09,2019,RETURNING,True,MDM,2019-09-09,2026-04-17 15:58:34.137566
f691ba38-6dcd-4838-bd9a-f8aec309713f,CUST-2019-JP-002474,千代,中村,千代 中村,Female,1990-08-07,user669.apple@gmail.com,090-2140-7612,296 佐藤 Street,長生郡睦沢町,横浜市港北区,001-6365,JP,Japan,JAPAN,Japanese,Consumer,Platinum,2019-04-21,2019,RETURNING,True,MDM,2019-04-21,2026-04-17 15:58:34.137567
af600723-710e-4fcc-9517-1626e009a435,CUST-2019-JP-002207,学,山本,学 山本,Male,1994-03-22,user255.apple159@live.com,75-9614-7863,351 前田 Street,目黒区,長生郡睦沢町,082-7360,JP,Japan,JAPAN,Japanese,Consumer,None,2019-10-17,2019,RETURNING,True,MDM,2019-10-17,2026-04-17 15:58:34.137569
10f608e6-b129-41c3-abdf-d66a73a6200d,CUST-2019-JP-000535,あすか,中島,あすか 中島,Female,1955-09-26,user480.apple@live.com,090-8379-7540,315 中川 Street,横浜市瀬谷区,横浜市西区,838-8039,JP,Japan,JAPAN,Japanese,Consumer,None,2019-03-31,2019,RETURNING,True,MDM,2019-03-31,2026-04-17 15:58:34.137571
5ea1a11d-5b31-4d32-8518-93d444924686,CUST-2019-JP-000720,学,長谷川,学 長谷川,Female,2007-03-08,user888.apple@yahoo.com,070-3089-6865,286 井上 Street,西多摩郡日の出町,中野区,194-0598,JP,Japan,JAPAN,Japanese,Consumer,Gold,2019-01-21,2019,RETURNING,True,MDM,2019-01-21,2026-04-17 15:58:34.137572
6823acac-4fbc-481e-87ad-fd632cbdb3c6,CUST-2019-JP-001151,千代,山本,千代 山本,Male,2005-07-08,user834.apple@aol.com,080-4190-8310,693 鈴木 Street,御蔵島村,浦安市,324-1043,JP,Japan,JAPAN,Japanese,Consumer,None,2019-05-30,2019,RETURNING,True,MDM,2019-05-30,2026-04-17 15:58:34.137574
09ceac0f-9a20-4eff-94c9-118f69d14878,CUST-2019-JP-002361,桃子,伊藤,桃子 伊藤,Male,1979-11-25,user310.apple@yahoo.com,13-4800-9847,178 橋本 Street,白井市,江戸川区,777-1874,JP,Japan,JAPAN,Japanese,Education,None,2019-02-22,2019,RETURNING,False,MDM,2019-02-22,2026-04-17 15:58:34.137576
8a525f9a-d21b-459d-a193-db7fe178766b,CUST-2019-JP-000805,亮介,鈴木,亮介 鈴木,Male,1988-06-14,user331.apple@hotmail.com,57-1314-3966,748 高橋 Street,青ヶ島村,足立区,552-6316,JP,Japan,JAPAN,Japanese,Consumer,None,2019-04-12,2019,RETURNING,True,MDM,2019-04-12,2026-04-17 15:58:34.137578
da49c802-90df-4994-b937-a0884a54143a,CUST-2019-JP-002568,涼平,小林,涼平 小林,Female,1965-02-19,user930.apple@yahoo.com,070-5537-1710,742 高橋 Street,昭島市,多摩市,525-3500,JP,Japan,JAPAN,Japanese,Consumer,Silver,2019-06-30,2019,RETURNING,True,MDM,2019-06-30,2026-04-17 15:58:34.137579
71e10bf5-7308-46c4-b583-fec26f6dbcce,CUST-2019-JP-001091,翼,清水,翼 清水,Female,1950-08-18,user987.apple@outlook.com,070-2412-9346,835 伊藤 Street,川崎市川崎区,国分寺市,479-9464,JP,Japan,JAPAN,Japanese,Education,Silver,2019-06-09,2019,RETURNING,True,MDM,2019-06-09,2026-04-17 15:58:34.137581
7b1c6a9d-4523-4210-81fe-d5836fe5c373,CUST-2019-JP-002505,学,長谷川,学 長谷川,Male,1960-01-30,user660.apple@aol.com,17-0175-2769,574 佐藤 Street,江東区,板橋区,033-6327,JP,Japan,JAPAN,Japanese,Business,Gold,2019-09-17,2019,RETURNING,True,MDM,2019-09-17,2026-04-17 15:58:34.137582
52611fef-b3b0-47c6-98a6-d2bc6aa43b2a,CUST-2019-JP-000111,春香,藤田,春香 藤田,Female,1988-06-04,user606.apple293@gmail.com,090-8821-7922,989 渡辺 Street,長生郡長生村,あきる野市,087-6462,JP,Japan,JAPAN,Japanese,Consumer,Platinum,2019-04-07,2019,RETURNING,True,MDM,2019-04-07,2026-04-17 15:58:34.137584
605f3ce7-08b6-4e46-b913-d7de0f1276e5,CUST-2019-JP-000479,直子,中村,直子 中村,Male,1968-12-26,user990.apple@yahoo.com,090-6428-0314,674 田中 Street,多摩市,品川区,010-7981,JP,Japan,JAPAN,Japanese,Business,Silver,2019-08-09,2019,RETURNING,True,MDM,2019-08-09,2026-04-17 15:58:34.137585
be01c334-c2d4-4d4e-a98e-d51b2f984621,CUST-2019-JP-002243,康弘,佐藤,康弘 佐藤,Female,1956-09-12,user850.apple@gmx.com,41-6130-7887,510 岡本 Street,横浜市戸塚区,横浜市南区,977-2303,JP,Japan,JAPAN,Japanese,Consumer,None,2019-12-11,2019,RETURNING,True,MDM,2019-12-11,2026-04-17 15:58:34.137587
a67d7697-6bbd-4536-afe0-a5276562baa3,CUST-2019-JP-000159,千代,伊藤,千代 伊藤,Male,2000-02-19,user150.apple@msn.com,070-4047-7829,338 石井 Street,横浜市南区,山武郡横芝光町,391-3888,JP,Japan,JAPAN,Japanese,Consumer,Silver,2019-10-31,2019,RETURNING,True,MDM,2019-10-31,2026-04-17 15:58:34.137589
bf0e4fa2-c56b-4d6f-b48e-bbc56f8af9fc,CUST-2019-JP-002667,直人,佐々木,直人 佐々木,Male,1995-09-14,user523.apple@outlook.com,070-3198-0428,648 吉田 Street,香取郡多古町,品川区,073-3033,JP,Japan,JAPAN,Japanese,Business,None,2019-01-16,2019,RETURNING,True,MDM,2019-01-16,2026-04-17 15:58:34.137590
4c43730b-d1b0-4610-88e1-78496f497e01,CUST-2019-JP-002535,健一,小林,健一 小林,Male,1970-05-05,user759.apple@yahoo.com,090-5515-3764,599 佐藤 Street,大田区,印西市,916-9327,JP,Japan,JAPAN,Japanese,Consumer,None,2019-02-26,2019,RETURNING,True,MDM,2019-02-26,2026-04-17 15:58:34.137592
0c010770-d7c9-4485-9f5f-4f061d6d11ab,CUST-2019-JP-000702,京助,田中,京助 田中,Female,1968-05-31,user225.apple878@aol.com,70-1072-8297,673 鈴木 Street,富里市,調布市,814-8877,JP,Japan,JAPAN,Japanese,Consumer,None,2019-05-06,2019,RETURNING,True,MDM,2019-05-06,2026-04-17 15:58:34.137594
a446a161-6631-49ad-b215-fdb7821c3497,CUST-2019-JP-002694,陽一,小林,陽一 小林,Female,1995-06-27,user462.apple@hotmail.com,090-1870-4221,137 鈴木 Street,川崎市多摩区,横浜市泉区,982-8353,JP,Japan,JAPAN,Japanese,Consumer,Silver,2019-01-18,2019,RETURNING,True,MDM,2019-01-18,2026-04-17 15:58:34.137595
bb2e1f2c-e88b-488f-88b2-5b44f7038f53,CUST-2019-JP-000018,陽一,渡辺,陽一 渡辺,Male,1986-08-27,user277.apple@outlook.com,080-3839-7008,476 清水 Street,香取郡東庄町,横浜市瀬谷区,294-8364,JP,Japan,JAPAN,Japanese,Consumer,Gold,2019-12-19,2019,RETURNING,True,MDM,2019-12-19,2026-04-17 15:58:34.137597
7242bf19-42ef-4e18-a7f7-3553e554050b,CUST-2019-JP-001789,花子,斉藤,花子 斉藤,Female,1994-08-28,user852.apple@mail.com,070-2867-9899,082 小林 Street,山武郡九十九里町,白井市,607-1207,JP,Japan,JAPAN,Japanese,Consumer,None,2019-08-11,2019,RETURNING,True,MDM,2019-08-11,2026-04-17 15:58:34.137599
81606667-67a0-40f0-9de4-e38ea054954b,CUST-2019-JP-000638,美加子,佐々木,美加子 佐々木,Female,1954-12-04,user600.apple@outlook.com,070-7759-8456,143 福田 Street,福生市,昭島市,129-4924,JP,Japan,JAPAN,Japanese,Consumer,None,2019-03-12,2019,RETURNING,True,MDM,2019-03-12,2026-04-17 15:58:34.137601
6c1f8aff-d387-4f73-82d4-5563a593badb,CUST-2019-JP-000970,和也,石川,和也 石川,Female,2004-10-29,user757.apple@outlook.com,20-7146-5809,646 高橋 Street,国立市,横浜市旭区,080-9730,JP,Japan,JAPAN,Japanese,Consumer,None,2019-09-26,2019,RETURNING,True,MDM,2019-09-26,2026-04-17 15:58:34.137603
fd7f4d01-1b0e-44ca-bfcd-46d88fd25a0c,CUST-2019-JP-002075,太一,林,太一 林,Male,1984-01-11,user726.apple709@zoho.com,72-6395-8110,381 小川 Street,八王子市,川崎市川崎区,101-0616,JP,Japan,JAPAN,Japanese,Education,Silver,2019-08-01,2019,RETURNING,True,MDM,2019-08-01,2026-04-17 15:58:34.137604
682f1b85-1bdc-496c-ba15-e7a035c34446,CUST-2019-JP-000170,舞,池田,舞 池田,Female,1957-02-27,user720.apple@protonmail.com,080-9108-4371,874 鈴木 Street,豊島区,南房総市,301-1682,JP,Japan,JAPAN,Japanese,Consumer,None,2019-02-01,2019,RETURNING,True,MDM,2019-02-01,2026-04-17 15:58:34.137606
61f582f3-2c9a-495c-9689-dd4187978c81,CUST-2019-JP-002255,零,青木,零 青木,Male,1990-07-24,user723.apple941@mail.com,090-1147-3975,124 小林 Street,西多摩郡瑞穂町,横浜市磯子区,241-5941,JP,Japan,JAPAN,Japanese,Consumer,None,2019-12-14,2019,RETURNING,True,MDM,2019-12-14,2026-04-17 15:58:34.137608
b43c33f6-2289-46a2-8652-58c4aa0b9cde,CUST-2019-JP-002022,直子,井上,直子 井上,Male,1950-08-23,user458.apple384@yahoo.com,080-3550-7002,176 藤田 Street,南房総市,横浜市瀬谷区,822-6711,JP,Japan,JAPAN,Japanese,Consumer,None,2019-01-31,2019,RETURNING,True,MDM,2019-01-31,2026-04-17 15:58:34.137610
28f04580-93ed-43e5-864a-cee0bc2527ae,CUST-2019-JP-002770,学,山口,学 山口,Female,1955-01-26,user499.apple@outlook.com,68-1329-5296,979 中村 Street,横浜市鶴見区,西多摩郡檜原村,079-1203,JP,Japan,JAPAN,Japanese,Consumer,None,2019-01-10,2019,RETURNING,True,MDM,2019-01-10,2026-04-17 15:58:34.137612
b2297777-7a33-467b-a6f0-27e7bac84864,CUST-2019-JP-001315,直人,岡本,直人 岡本,Male,1967-09-07,user506.apple@gmail.com,79-1057-3969,567 藤田 Street,新宿区,西多摩郡日の出町,381-2150,JP,Japan,JAPAN,Japanese,Consumer,None,2019-10-19,2019,RETURNING,True,MDM,2019-10-19,2026-04-17 15:58:34.137613
6dc007c3-31e4-4cf0-9083-e60667c04672,CUST-2019-JP-000037,修平,福田,修平 福田,Male,1976-11-02,user992.apple@gmx.com,070-4805-7056,925 田中 Street,国立市,千代田区,289-3852,JP,Japan,JAPAN,Japanese,Consumer,None,2019-11-05,2019,RETURNING,True,MDM,2019-11-05,2026-04-17 15:58:34.137615
6a8cb88b-585f-4ca0-9d27-d73ddd58346d,CUST-2019-JP-001876,浩,中村,浩 中村,Female,1975-05-23,user958.apple@mail.com,46-0488-1678,794 中村 Street,武蔵野市,墨田区,398-3473,JP,Japan,JAPAN,Japanese,Consumer,Silver,2019-02-04,2019,RETURNING,True,MDM,2019-02-04,2026-04-17 15:58:34.137617
4b2bd8d2-f13b-4329-97f1-f7fc5d876f89,CUST-2019-JP-000114,裕太,佐々木,裕太 佐々木,Male,1982-08-02,user278.apple@hotmail.com,090-7364-0537,592 井上 Street,世田谷区,小笠原村,124-2847,JP,Japan,JAPAN,Japanese,Consumer,Platinum,2019-02-12,2019,RETURNING,True,MDM,2019-02-12,2026-04-17 15:58:34.137618
68902969-ad45-43bc-b57b-67e89edf2a1a,CUST-2019-JP-001134,裕樹,佐々木,裕樹 佐々木,Female,1997-04-02,user371.apple@aol.com,44-8689-9228,300 佐藤 Street,稲城市,川崎市高津区,806-2297,JP,Japan,JAPAN,Japanese,Consumer,Silver,2019-03-11,2019,RETURNING,True,MDM,2019-03-11,2026-04-17 15:58:34.137621
35773b42-f927-4845-adfb-28405f5181a3,CUST-2019-JP-002390,真綾,小川,真綾 小川,Female,2003-10-09,user703.apple@protonmail.com,090-6152-8689,922 中川 Street,西多摩郡日の出町,長生郡白子町,570-5636,JP,Japan,JAPAN,Japanese,Business,Platinum,2019-08-07,2019,RETURNING,True,MDM,2019-08-07,2026-04-17 15:58:34.137622
542a3115-4cc4-41ed-ad2c-682786a87878,CUST-2019-JP-001291,花子,石井,花子 石井,Female,1972-07-21,user545.apple598@yahoo.com,41-6598-9848,492 佐々木 Street,横浜市神奈川区,浦安市,924-9860,JP,Japan,JAPAN,Japanese,Business,None,2019-12-10,2019,RETURNING,True,MDM,2019-12-10,2026-04-17 15:58:34.137624
b5fada97-1a31-44f6-be4e-52f0cacda273,CUST-2019-JP-001819,結衣,林,結衣 林,Female,1954-07-13,user486.apple@gmail.com,070-3658-9345,455 山本 Street,西多摩郡奥多摩町,港区,836-8198,JP,Japan,JAPAN,Japanese,Consumer,None,2019-12-28,2019,RETURNING,True,MDM,2019-12-28,2026-04-17 15:58:34.137626
87ccd910-af86-4c2b-bdc9-d270b547e55e,CUST-2019-JP-001083,太一,池田,太一 池田,Male,1977-01-03,user877.apple@zoho.com,070-1100-4509,178 加藤 Street,匝瑳市,小笠原村,277-9565,JP,Japan,JAPAN,Japanese,Consumer,Gold,2019-07-20,2019,RETURNING,True,MDM,2019-07-20,2026-04-17 15:58:34.137627
390ff1e0-a523-4387-b639-743aa21db3af,CUST-2019-JP-000028,浩,伊藤,浩 伊藤,Male,1954-11-08,user237.apple@icloud.com,070-2077-3633,784 高橋 Street,大田区,南房総市,689-4506,JP,Japan,JAPAN,Japanese,Education,None,2019-10-15,2019,RETURNING,True,MDM,2019-10-15,2026-04-17 15:58:34.137629
09501abb-5aa0-43d6-8df2-8b578907f4d5,CUST-2019-JP-000466,くみ子,山口,くみ子 山口,Female,1967-07-31,user780.apple@yahoo.com,080-9752-2478,778 林 Street,北区,夷隅郡御宿町,962-3549,JP,Japan,JAPAN,Japanese,Consumer,Platinum,2019-04-03,2019,RETURNING,True,MDM,2019-04-03,2026-04-17 15:58:34.137630
157a8b58-b73d-4817-9372-17c7e0e20304,CUST-2019-JP-002486,翼,西村,翼 西村,Female,1979-12-15,user757.apple@yahoo.com,09-7983-5623,258 佐々木 Street,長生郡長生村,小金井市,599-5366,JP,Japan,JAPAN,Japanese,Business,None,2019-04-07,2019,RETURNING,True,MDM,2019-04-07,2026-04-17 15:58:34.137632
1c8ae37a-ddbc-4e51-aebf-b44d6cf95852,CUST-2019-JP-000471,明美,前田,明美 前田,Female,1956-10-15,user156.apple836@mail.com,28-3926-5949,527 山本 Street,荒川区,長生郡長柄町,343-0742,JP,Japan,JAPAN,Japanese,Consumer,None,2019-12-09,2019,RETURNING,True,MDM,2019-12-09,2026-04-17 15:58:34.137634
e9e7d895-7657-43c0-b858-1eed287ebb0d,CUST-2019-JP-000385,学,中川,学 中川,Female,2002-09-16,user192.apple717@zoho.com,070-7262-3947,057 伊藤 Street,浦安市,西東京市,122-7044,JP,Japan,JAPAN,Japanese,Consumer,None,2019-06-14,2019,RETURNING,True,MDM,2019-06-14,2026-04-17 15:58:34.137635
a5a10fc5-8eb7-417a-8111-5e71d445028d,CUST-2019-JP-002066,陽子,加藤,陽子 加藤,Female,1964-04-20,user364.apple953@yahoo.com,080-8257-4428,738 鈴木 Street,川崎市高津区,横浜市都筑区,664-5987,JP,Japan,JAPAN,Japanese,Consumer,None,2019-07-21,2019,RETURNING,True,MDM,2019-07-21,2026-04-17 15:58:34.137637
1e718bf0-421f-4868-87c0-2fcd2d6eacec,CUST-2019-JP-000776,くみ子,松本,くみ子 松本,Male,1962-12-30,user991.apple@protonmail.com,070-5924-4822,660 松本 Street,浦安市,国立市,659-2403,JP,Japan,JAPAN,Japanese,Consumer,Silver,2019-06-09,2019,RETURNING,True,MDM,2019-06-09,2026-04-17 15:58:34.137639
266a7e30-d07a-49dc-bd43-e574643a159d,CUST-2019-JP-000367,陽一,渡辺,陽一 渡辺,Male,1985-04-18,user375.apple@gmail.com,080-8462-0459,292 吉田 Street,小笠原村,横浜市都筑区,737-8034,JP,Japan,JAPAN,Japanese,Consumer,Silver,2019-12-26,2019,RETURNING,True,MDM,2019-12-26,2026-04-17 15:58:34.137640
17615ed7-f2d7-4981-af46-801b6d13c28f,CUST-2019-JP-000074,七夏,木村,七夏 木村,Male,2003-03-23,user682.apple@aol.com,58-5786-5309,636 鈴木 Street,印旛郡本埜村,日野市,213-3015,JP,Japan,JAPAN,Japanese,Consumer,None,2019-09-24,2019,RETURNING,True,MDM,2019-09-24,2026-04-17 15:58:34.137642
d156ee02-009c-4dd0-82fd-ebf99625f1e0,CUST-2019-JP-002699,七夏,伊藤,七夏 伊藤,Female,1981-10-24,user211.apple@gmail.com,090-5714-0652,198 近藤 Street,横浜市旭区,四街道市,764-4549,JP,Japan,JAPAN,Japanese,Consumer,Silver,2019-06-06,2019,RETURNING,True,MDM,2019-06-06,2026-04-17 15:58:34.137644
40aeae85-ebb6-4574-8dc2-8216d819bf8f,CUST-2019-JP-000100,七夏,山下,七夏 山下,Male,1963-08-22,user608.apple@outlook.com,090-1436-0489,052 加藤 Street,小平市,大網白里市,536-4968,JP,Japan,JAPAN,Japanese,Consumer,None,2019-09-12,2019,RETURNING,True,MDM,2019-09-12,2026-04-17 15:58:34.137645
423ff090-16e8-44d5-bc40-cd8c7fa1bb7e,CUST-2019-JP-001039,翔太,伊藤,翔太 伊藤,Male,1976-09-22,user944.apple@live.com,28-8513-6276,374 佐藤 Street,長生郡長生村,横浜市緑区,699-1658,JP,Japan,JAPAN,Japanese,Business,Platinum,2019-10-13,2019,RETURNING,True,MDM,2019-10-13,2026-04-17 15:58:34.137647
9747774d-6e21-4305-a377-d473c2d16e57,CUST-2019-JP-000338,裕樹,田中,裕樹 田中,Female,1997-05-24,user745.apple@yahoo.com,19-8220-4189,251 池田 Street,多摩市,世田谷区,902-7678,JP,Japan,JAPAN,Japanese,Consumer,None,2019-08-28,2019,RETURNING,True,MDM,2019-08-28,2026-04-17 15:58:34.137649
31cd6bbd-6802-4c88-9320-d25b43aafd1d,CUST-2019-JP-000867,知実,小林,知実 小林,Female,1997-08-30,user305.apple@zoho.com,70-9464-2089,289 阿部 Street,神津島村,横浜市神奈川区,646-8178,JP,Japan,JAPAN,Japanese,Education,None,2019-02-27,2019,RETURNING,True,MDM,2019-02-27,2026-04-17 15:58:34.137650
16ea8101-5e30-4c82-9523-fb1f2f6b2250,CUST-2019-JP-001380,裕美子,近藤,裕美子 近藤,Male,1997-08-13,user970.apple677@yahoo.com,56-3635-0611,430 伊藤 Street,我孫子市,立川市,137-8473,JP,Japan,JAPAN,Japanese,Consumer,None,2019-12-18,2019,RETURNING,True,MDM,2019-12-18,2026-04-17 15:58:34.137652
d96b34bc-71f2-4fb1-a504-906f33231c54,CUST-2019-JP-002076,淳,清水,淳 清水,Male,1978-02-07,user434.apple@live.com,090-1003-7092,923 岡田 Street,横浜市旭区,横浜市青葉区,523-1622,JP,Japan,JAPAN,Japanese,Business,Platinum,2019-03-19,2019,RETURNING,True,MDM,2019-03-19,2026-04-17 15:58:34.137653
ad60a15a-1801-4934-8c65-3b5516527a18,CUST-2019-JP-001878,美加子,岡田,美加子 岡田,Male,1970-05-05,user852.apple@live.com,090-3482-9084,370 清水 Street,匝瑳市,東大和市,588-2810,JP,Japan,JAPAN,Japanese,Consumer,None,2019-04-21,2019,RETURNING,True,MDM,2019-04-21,2026-04-17 15:58:34.137656
46afa1d3-f753-4425-8f20-485028b5bdb4,CUST-2019-JP-001839,陽子,佐藤,陽子 佐藤,Female,1975-05-19,user132.apple@outlook.com,070-8902-2251,774 山口 Street,西多摩郡瑞穂町,国分寺市,746-5685,JP,Japan,JAPAN,Japanese,Business,Silver,2019-10-17,2019,RETURNING,True,MDM,2019-10-17,2026-04-17 15:58:34.137657
0fea15ed-3750-490e-af3a-5c3392229df2,CUST-2019-JP-000841,和也,三浦,和也 三浦,Female,2001-07-19,user558.apple@outlook.com,47-2669-4268,726 高橋 Street,日野市,山武郡横芝光町,701-3512,JP,Japan,JAPAN,Japanese,Consumer,Silver,2019-03-23,2019,RETURNING,True,MDM,2019-03-23,2026-04-17 15:58:34.137659
12282902-8403-4483-8e2d-e82b6d76750f,CUST-2019-JP-000057,涼平,中川,涼平 中川,Female,1984-12-13,user597.apple@outlook.com,090-2839-5473,173 伊藤 Street,中野区,武蔵野市,389-2215,JP,Japan,JAPAN,Japanese,Consumer,Platinum,2019-06-04,2019,RETURNING,True,MDM,2019-06-04,2026-04-17 15:58:34.137660
bcd0cec8-5f98-4422-9dbf-50b4c437455e,CUST-2019-JP-001232,亮介,田中,亮介 田中,Male,1992-05-27,user452.apple@msn.com,78-2153-4519,022 田中 Street,横浜市栄区,西多摩郡檜原村,548-9032,JP,Japan,JAPAN,Japanese,Consumer,Gold,2019-07-21,2019,RETURNING,True,MDM,2019-07-21,2026-04-17 15:58:34.137661
c5d738b5-90a9-4a12-8641-6964b957f567,CUST-2019-JP-001136,裕美子,伊藤,裕美子 伊藤,Male,1982-09-29,user805.apple@mail.com,070-7022-2938,616 山本 Street,富里市,中野区,282-1486,JP,Japan,JAPAN,Japanese,Consumer,Platinum,2019-10-10,2019,RETURNING,True,MDM,2019-10-10,2026-04-17 15:58:34.137663
b778b24e-bd33-4203-ba41-6fe025275177,CUST-2019-JP-001851,結衣,山口,結衣 山口,Male,1950-08-26,user697.apple527@msn.com,080-0929-7651,465 加藤 Street,立川市,目黒区,387-2164,JP,Japan,JAPAN,Japanese,Consumer,None,2019-07-15,2019,RETURNING,True,MDM,2019-07-15,2026-04-17 15:58:34.137664
1dc11d95-f226-41e9-bc34-c4af056cec0c,CUST-2019-JP-000607,篤司,中村,篤司 中村,Male,1972-08-15,user416.apple@live.com,67-9415-9402,555 鈴木 Street,立川市,長生郡長南町,835-8337,JP,Japan,JAPAN,Japanese,Business,None,2019-10-24,2019,RETURNING,True,MDM,2019-10-24,2026-04-17 15:58:34.137667
aac985f6-c82d-4271-b5da-e7ebc5a12461,CUST-2019-JP-000703,晃,清水,晃 清水,Female,1960-05-07,user227.apple613@protonmail.com,070-4680-7423,836 小林 Street,香取郡東庄町,国立市,944-8271,JP,Japan,JAPAN,Japanese,Consumer,None,2019-12-19,2019,RETURNING,True,MDM,2019-12-19,2026-04-17 15:58:34.137673
29beb9c4-6831-481c-8eab-1d83c79eee2f,CUST-2019-JP-000635,裕樹,長谷川,裕樹 長谷川,Male,1983-08-05,user480.apple412@msn.com,39-0660-3085,506 清水 Street,西多摩郡日の出町,印旛郡栄町,410-5018,JP,Japan,JAPAN,Japanese,Business,Gold,2019-12-24,2019,RETURNING,True,MDM,2019-12-24,2026-04-17 15:58:34.137674
581ed90a-6f68-4771-92c7-033a86adb8e3,CUST-2019-JP-002632,香織,佐藤,香織 佐藤,Female,2002-12-15,user630.apple@protonmail.com,080-9173-4391,018 三浦 Street,八丈島八丈町,山武郡九十九里町,658-3372,JP,Japan,JAPAN,Japanese,Education,None,2019-04-14,2019,RETURNING,True,MDM,2019-04-14,2026-04-17 15:58:34.137676
1f26ce2e-01b3-434c-80da-b9a6705cf2cf,CUST-2019-JP-002353,太一,前田,太一 前田,Female,1994-01-29,user871.apple80@icloud.com,070-4305-2845,253 前田 Street,我孫子市,目黒区,499-3510,JP,Japan,JAPAN,Japanese,Consumer,Platinum,2019-05-08,2019,RETURNING,True,MDM,2019-05-08,2026-04-17 15:58:34.137678
b456b73a-922e-4209-9ac7-b8a58c8f5f58,CUST-2019-JP-001201,健一,高橋,健一 高橋,Male,1957-06-13,user456.apple@icloud.com,090-1211-5178,605 林 Street,横浜市神奈川区,袖ケ浦市,856-7194,JP,Japan,JAPAN,Japanese,Business,Gold,2019-08-04,2019,RETURNING,True,MDM,2019-08-04,2026-04-17 15:58:34.137679
7726f1c7-47cb-4e09-a8b5-7b49dab766ba,CUST-2019-JP-001853,康弘,西村,康弘 西村,Female,1970-07-12,user749.apple@zoho.com,070-1179-2044,577 森 Street,江戸川区,長生郡一宮町,009-1343,JP,Japan,JAPAN,Japanese,Consumer,None,2019-07-12,2019,RETURNING,True,MDM,2019-07-12,2026-04-17 15:58:34.137681
b7717ba4-7a73-47a5-b364-29b2dc108843,CUST-2019-JP-000044,稔,佐藤,稔 佐藤,Female,1963-04-17,user156.apple@gmx.com,090-6775-1099,566 高橋 Street,香取郡神崎町,小金井市,092-8588,JP,Japan,JAPAN,Japanese,Consumer,None,2019-05-21,2019,RETURNING,True,MDM,2019-05-21,2026-04-17 15:58:34.137682
fa63dd3d-79a9-4ce6-8b72-a4a2226bc5bb,CUST-2019-JP-002623,淳,西村,淳 西村,Female,1989-10-18,user283.apple@msn.com,070-5923-3176,232 斉藤 Street,荒川区,鎌ケ谷市,807-1551,JP,Japan,JAPAN,Japanese,Consumer,Gold,2019-05-14,2019,RETURNING,True,MDM,2019-05-14,2026-04-17 15:58:34.137684
69c042cd-bc83-41d5-9c13-f052f9ae345b,CUST-2019-JP-000086,七夏,太田,七夏 太田,Male,1999-07-13,user518.apple257@aol.com,070-2701-3729,264 佐藤 Street,練馬区,西多摩郡奥多摩町,205-2715,JP,Japan,JAPAN,Japanese,Consumer,None,2019-04-10,2019,RETURNING,True,MDM,2019-04-10,2026-04-17 15:58:34.137685
3b6f18c1-8446-4093-ba17-cd6d288d8f3b,CUST-2019-JP-002244,知実,西村,知実 西村,Female,2003-06-15,user273.apple@gmail.com,76-0532-0159,329 岡本 Street,香取郡多古町,小笠原村,365-5580,JP,Japan,JAPAN,Japanese,Business,Platinum,2019-03-17,2019,RETURNING,True,MDM,2019-03-17,2026-04-17 15:58:34.137687
2928e84d-8580-4399-b001-d400045be5e0,CUST-2019-JP-002739,加奈,田中,加奈 田中,Male,2002-02-12,user178.apple@hotmail.com,070-2329-4452,685 鈴木 Street,八街市,西多摩郡檜原村,205-2025,JP,Japan,JAPAN,Japanese,Education,Silver,2019-04-09,2019,RETURNING,True,MDM,2019-04-09,2026-04-17 15:58:34.137688
6875dbcf-5f34-4960-a969-c044a81861fe,CUST-2019-JP-000373,直人,西村,直人 西村,Female,1955-05-19,user307.apple840@icloud.com,080-7133-5416,344 田中 Street,横浜市栄区,千代田区,282-4954,JP,Japan,JAPAN,Japanese,Consumer,None,2019-04-29,2019,RETURNING,True,MDM,2019-04-29,2026-04-17 15:58:34.137690
f3f0e62c-3665-4de3-8661-13f8964e4e98,CUST-2019-JP-001323,康弘,山田,康弘 山田,Male,1961-09-18,user318.apple@yahoo.com,05-1668-1251,210 斉藤 Street,小平市,武蔵村山市,084-8498,JP,Japan,JAPAN,Japanese,Consumer,None,2019-11-11,2019,RETURNING,True,MDM,2019-11-11,2026-04-17 15:58:34.137692
bdd2d6bc-588f-4751-855f-9b16d15f1923,CUST-2019-JP-002585,涼平,井上,涼平 井上,Male,2000-07-28,user836.apple111@outlook.com,070-0099-1212,446 西村 Street,町田市,利島村,552-8520,JP,Japan,JAPAN,Japanese,Business,Gold,2019-01-14,2019,RETURNING,True,MDM,2019-01-14,2026-04-17 15:58:34.137694
b1ef420d-7bcb-41dc-b408-c7c741687e44,CUST-2019-JP-002441,直人,岡田,直人 岡田,Male,1983-01-02,user485.apple660@icloud.com,86-3119-2654,750 山本 Street,八千代市,西多摩郡奥多摩町,775-8767,JP,Japan,JAPAN,Japanese,Education,None,2019-07-15,2019,RETURNING,True,MDM,2019-07-15,2026-04-17 15:58:34.137695
402b7e65-c99d-4ab5-b3bd-bf9422bed35e,CUST-2019-JP-002213,英樹,佐々木,英樹 佐々木,Female,1965-07-08,user202.apple@icloud.com,07-9671-1536,136 西村 Street,荒川区,夷隅郡御宿町,468-3346,JP,Japan,JAPAN,Japanese,Consumer,Gold,2019-09-27,2019,RETURNING,True,MDM,2019-09-27,2026-04-17 15:58:34.137697
ba8bcbaf-fba7-458c-b777-783a2c8ad383,CUST-2019-JP-002691,聡太郎,高橋,聡太郎 高橋,Female,1993-11-02,user446.apple411@hotmail.com,080-7111-4633,895 佐藤 Street,小金井市,青梅市,414-0846,JP,Japan,JAPAN,Japanese,Consumer,None,2019-08-16,2019,RETURNING,True,MDM,2019-08-16,2026-04-17 15:58:34.137698
009ddf46-69b1-4b9c-a7db-c1e6373394a6,CUST-2019-JP-002248,春香,渡辺,春香 渡辺,Male,1969-08-02,user614.apple@icloud.com,080-1789-0767,898 山口 Street,世田谷区,羽村市,720-0000,JP,Japan,JAPAN,Japanese,Consumer,None,2019-03-28,2019,RETURNING,True,MDM,2019-03-28,2026-04-17 15:58:34.137700
7fe1c0a5-bf85-4702-9c09-9e1bd3e355bc,CUST-2019-JP-001978,淳,小林,淳 小林,Male,2002-01-14,user586.apple@gmx.com,090-3827-6323,429 鈴木 Street,板橋区,横浜市戸塚区,345-5603,JP,Japan,JAPAN,Japanese,Consumer,Silver,2019-01-11,2019,RETURNING,True,MDM,2019-01-11,2026-04-17 15:58:34.137701
43384395-8bff-4f93-b17b-2de1d38f5767,CUST-2019-JP-000033,あすか,前田,あすか 前田,Female,1956-11-02,user272.apple367@gmail.com,080-9716-5691,355 田中 Street,世田谷区,鎌ケ谷市,872-0745,JP,Japan,JAPAN,Japanese,Consumer,None,2019-05-24,2019,RETURNING,True,MDM,2019-05-24,2026-04-17 15:58:34.137703
030b2055-727c-44b8-807b-ee6cb03fc6a7,CUST-2019-JP-001188,太郎,山本,太郎 山本,Female,1955-05-15,user215.apple@gmx.com,070-8374-0028,450 三浦 Street,富津市,新島村,665-6598,JP,Japan,JAPAN,Japanese,Consumer,None,2019-10-16,2019,RETURNING,True,MDM,2019-10-16,2026-04-17 15:58:34.137705
321cbc1e-6889-48c5-b7f9-f8cb52b0e7f8,CUST-2019-JP-000088,太一,高橋,太一 高橋,Male,1964-01-27,user666.apple@aol.com,090-3445-7751,530 加藤 Street,横浜市泉区,横浜市青葉区,607-5398,JP,Japan,JAPAN,Japanese,Consumer,Platinum,2019-03-08,2019,RETURNING,True,MDM,2019-03-08,2026-04-17 15:58:34.137706
7437dfac-ac3c-4f91-be1b-1dfe2e1a5e35,CUST-2019-JP-000998,英樹,木村,英樹 木村,Male,2006-04-25,user929.apple@yahoo.com,67-4650-6145,217 高橋 Street,印旛郡酒々井町,印西市,207-0716,JP,Japan,JAPAN,Japanese,Business,None,2019-10-30,2019,RETURNING,True,MDM,2019-10-30,2026-04-17 15:58:34.137708
41f93eff-cef8-4a1c-bb79-bd2370101593,CUST-2019-JP-001533,治,石川,治 石川,Male,1996-06-13,user618.apple352@outlook.com,090-5647-1201,580 森 Street,香取郡東庄町,川崎市中原区,510-3263,JP,Japan,JAPAN,Japanese,Consumer,None,2019-06-06,2019,RETURNING,True,MDM,2019-06-06,2026-04-17 15:58:34.137710
447176df-c615-4d8b-9ce5-5ec3c5f3c77a,CUST-2019-JP-000893,充,三浦,充 三浦,Female,1968-08-01,user714.apple@msn.com,090-7864-2108,369 高橋 Street,香取郡東庄町,西多摩郡奥多摩町,928-8094,JP,Japan,JAPAN,Japanese,Consumer,Gold,2019-11-30,2019,RETURNING,True,MDM,2019-11-30,2026-04-17 15:58:34.137712
07c647c7-d1e5-4ee5-8043-76c9ec56a11e,CUST-2019-JP-001571,千代,池田,千代 池田,Male,1960-09-12,user667.apple522@yahoo.com,070-3979-7545,227 高橋 Street,横浜市栄区,武蔵野市,123-8290,JP,Japan,JAPAN,Japanese,Business,None,2019-10-27,2019,RETURNING,True,MDM,2019-10-27,2026-04-17 15:58:34.137713
1ed09314-e96b-420c-8ab7-fb90753cd9d5,CUST-2019-JP-000183,洋介,前田,洋介 前田,Female,2003-04-14,user796.apple@live.com,080-1698-3312,509 山本 Street,葛飾区,東大和市,347-6323,JP,Japan,JAPAN,Japanese,Consumer,Gold,2019-11-01,2019,RETURNING,True,MDM,2019-11-01,2026-04-17 15:58:34.137715
155ac9a3-3f78-436a-9708-d5468d81c2a5,CUST-2019-JP-000093,春香,佐藤,春香 佐藤,Female,1955-01-07,user765.apple@zoho.com,080-3528-2365,076 山田 Street,横浜市南区,横浜市旭区,345-8999,JP,Japan,JAPAN,Japanese,Education,Silver,2019-05-11,2019,RETURNING,True,MDM,2019-05-11,2026-04-17 15:58:34.137717
c5b03f2c-ed04-4d51-a3cd-ccc53015984b,CUST-2019-JP-000550,翼,高橋,翼 高橋,Female,1974-02-18,user783.apple@gmx.com,070-4028-4791,554 佐々木 Street,日野市,国分寺市,670-2837,JP,Japan,JAPAN,Japanese,Consumer,Silver,2019-05-18,2019,RETURNING,True,MDM,2019-05-18,2026-04-17 15:58:34.137718
460edbbe-ea57-4a4e-a10f-f5fde8cd3d01,CUST-2019-JP-002647,淳,鈴木,淳 鈴木,Male,1958-01-31,user993.apple@protonmail.com,090-7884-2493,212 山本 Street,いすみ市,渋谷区,331-6936,JP,Japan,JAPAN,Japanese,Consumer,Silver,2019-09-14,2019,RETURNING,True,MDM,2019-09-14,2026-04-17 15:58:34.137720
de5cd387-0d6f-42de-9758-29bd4d42e256,CUST-2019-JP-000363,美加子,後藤,美加子 後藤,Male,1976-07-05,user433.apple@gmx.com,96-6638-5662,187 村上 Street,横浜市保土ケ谷区,長生郡白子町,536-7534,JP,Japan,JAPAN,Japanese,Consumer,None,2019-05-09,2019,RETURNING,True,MDM,2019-05-09,2026-04-17 15:58:34.137722
361b4689-c74e-4e84-8de8-cfcec84a8174,CUST-2019-JP-001541,洋介,佐藤,洋介 佐藤,Female,1952-01-22,user191.apple@msn.com,080-4048-6903,652 鈴木 Street,川崎市多摩区,調布市,380-4484,JP,Japan,JAPAN,Japanese,Consumer,Platinum,2019-02-09,2019,RETURNING,True,MDM,2019-02-09,2026-04-17 15:58:34.137723
c65aab66-625e-4b94-ad00-37bbea4c0781,CUST-2019-JP-001918,英樹,田中,英樹 田中,Male,1965-11-05,user319.apple@msn.com,65-6582-8820,489 田中 Street,羽村市,中央区,283-7045,JP,Japan,JAPAN,Japanese,Consumer,Platinum,2019-02-24,2019,RETURNING,True,MDM,2019-02-24,2026-04-17 15:58:34.137724
0353026c-5ba2-483a-a28f-63d72aba57a6,CUST-2019-JP-001907,真綾,佐藤,真綾 佐藤,Male,1978-03-24,user878.apple40@msn.com,090-4749-5448,502 田中 Street,東大和市,清瀬市,928-9226,JP,Japan,JAPAN,Japanese,Consumer,Gold,2019-04-01,2019,RETURNING,True,MDM,2019-04-01,2026-04-17 15:58:34.137726
0185c341-51f5-44a1-864e-0a2c9292f1a0,CUST-2019-JP-001797,直子,高橋,直子 高橋,Male,1966-07-18,user346.apple@live.com,080-5724-4600,233 井上 Street,横浜市神奈川区,小笠原村,064-0443,JP,Japan,JAPAN,Japanese,Consumer,None,2019-03-14,2019,RETURNING,True,MDM,2019-03-14,2026-04-17 15:58:34.137728
1b616331-3d9c-4ba6-a8c9-1e82d0da37b1,CUST-2019-JP-000723,翼,松本,翼 松本,Female,1983-09-23,user836.apple@yahoo.com,080-6781-5491,150 藤田 Street,武蔵野市,あきる野市,146-6224,JP,Japan,JAPAN,Japanese,Consumer,None,2019-11-18,2019,RETURNING,True,MDM,2019-11-18,2026-04-17 15:58:34.137730
99383bec-2c55-4a93-9c89-5d1e0b253620,CUST-2019-JP-001633,くみ子,佐藤,くみ子 佐藤,Female,2003-05-12,user605.apple@outlook.com,080-6898-5523,914 池田 Street,西東京市,横浜市鶴見区,903-5316,JP,Japan,JAPAN,Japanese,Consumer,None,2019-11-02,2019,RETURNING,True,MDM,2019-11-02,2026-04-17 15:58:34.137732
05e3772c-508c-4cca-9b1b-6df103bdce21,CUST-2019-JP-000016,学,岡本,学 岡本,Male,1964-03-11,user621.apple@gmx.com,080-0645-8432,532 石川 Street,多摩市,横浜市港南区,478-9559,JP,Japan,JAPAN,Japanese,Consumer,None,2019-10-18,2019,RETURNING,True,MDM,2019-10-18,2026-04-17 15:58:34.137734
e5c1ebca-7b82-485f-b93d-9633bf826119,CUST-2019-JP-001990,千代,松本,千代 松本,Female,1971-06-30,user137.apple@aol.com,080-7132-3942,092 山崎 Street,御蔵島村,中野区,688-0045,JP,Japan,JAPAN,Japanese,Consumer,Silver,2019-10-20,2019,RETURNING,True,MDM,2019-10-20,2026-04-17 15:58:34.137735
dd0e7d29-3aa8-4383-bcdd-e2d637a45188,CUST-2019-JP-001919,加奈,田中,加奈 田中,Male,1955-11-01,user748.apple809@aol.com,070-2565-2311,102 村上 Street,多摩市,匝瑳市,555-8747,JP,Japan,JAPAN,Japanese,Consumer,None,2019-12-11,2019,RETURNING,True,MDM,2019-12-11,2026-04-17 15:58:34.137737
fab6cac1-7f61-417f-9f5d-170283305bfc,CUST-2019-JP-002657,太一,加藤,太一 加藤,Female,1992-05-20,user592.apple@hotmail.com,080-1051-5248,256 村上 Street,江東区,川崎市宮前区,635-0773,JP,Japan,JAPAN,Japanese,Consumer,None,2019-02-19,2019,RETURNING,True,MDM,2019-02-19,2026-04-17 15:58:34.137739
57100651-15bc-46fc-b148-75004eca416e,CUST-2019-JP-000667,里佳,石井,里佳 石井,Female,1996-07-02,user554.apple@aol.com,080-9811-5592,312 田中 Street,印旛郡栄町,大島町,300-4283,JP,Japan,JAPAN,Japanese,Consumer,Silver,2019-09-29,2019,RETURNING,True,MDM,2019-09-29,2026-04-17 15:58:34.137740
8c957c0c-4e32-4e0a-afe5-9e5c91a0bb86,CUST-2019-JP-002485,太郎,伊藤,太郎 伊藤,Female,1973-09-20,user901.apple@gmail.com,090-6300-2260,554 鈴木 Street,三鷹市,夷隅郡御宿町,452-6124,JP,Japan,JAPAN,Japanese,Education,Gold,2019-06-26,2019,RETURNING,True,MDM,2019-06-26,2026-04-17 15:58:34.137742
a2458ce9-feea-4511-ac17-1598f1070700,CUST-2019-JP-001020,陽子,佐藤,陽子 佐藤,Male,2008-04-01,user908.apple910@zoho.com,090-7982-0704,618 木村 Street,国分寺市,杉並区,200-7705,JP,Japan,JAPAN,Japanese,Education,None,2019-01-10,2019,RETURNING,True,MDM,2019-01-10,2026-04-17 15:58:34.137744
9ac97897-3432-4459-a4d0-e2ebb440ba21,CUST-2019-JP-000350,舞,村上,舞 村上,Male,1965-06-10,user266.apple@hotmail.com,070-3759-3856,972 中村 Street,川崎市多摩区,八丈島八丈町,100-0146,JP,Japan,JAPAN,Japanese,Consumer,None,2019-04-04,2019,RETURNING,True,MDM,2019-04-04,2026-04-17 15:58:34.137746
8022d87d-c4d5-4686-8da3-9caaf3bcf243,CUST-2019-JP-000279,太郎,西村,太郎 西村,Male,1990-08-01,user277.apple456@hotmail.com,090-0694-1346,573 高橋 Street,長生郡長柄町,鎌ケ谷市,502-4532,JP,Japan,JAPAN,Japanese,Consumer,Silver,2019-06-01,2019,RETURNING,True,MDM,2019-06-01,2026-04-17 15:58:34.137747
d2b5c4bf-c32b-4ece-b670-6a22e7a6072c,CUST-2019-JP-002749,涼平,佐藤,涼平 佐藤,Female,1966-04-24,user644.apple@mail.com,070-4871-6468,619 山本 Street,横浜市中区,杉並区,017-1909,JP,Japan,JAPAN,Japanese,Consumer,None,2019-05-11,2019,RETURNING,False,MDM,2019-05-11,2026-04-17 15:58:34.137749
6fcfb009-8062-46b5-815d-9741b01e27fa,CUST-2019-JP-000982,裕樹,渡辺,裕樹 渡辺,Female,1982-02-23,user934.apple@live.com,61-6700-6439,556 後藤 Street,江東区,長生郡白子町,114-8657,JP,Japan,JAPAN,Japanese,Consumer,Silver,2019-12-14,2019,RETURNING,True,MDM,2019-12-14,2026-04-17 15:58:34.137750
36814320-45e2-40e8-9346-065b4f27dfcf,CUST-2019-JP-000055,篤司,高橋,篤司 高橋,Female,1953-08-15,user862.apple@aol.com,070-6314-2825,614 小林 Street,八丈島八丈町,港区,137-2193,JP,Japan,JAPAN,Japanese,Consumer,Gold,2019-12-13,2019,RETURNING,True,MDM,2019-12-13,2026-04-17 15:58:34.137751
9ada3247-d2b6-413d-b34b-e5661a963e80,CUST-2019-JP-002583,さゆり,福田,さゆり 福田,Female,1980-11-10,user883.apple@hotmail.com,090-1314-0635,280 山本 Street,南房総市,渋谷区,444-9346,JP,Japan,JAPAN,Japanese,Consumer,None,2019-06-08,2019,RETURNING,False,MDM,2019-06-08,2026-04-17 15:58:34.137753
873983ed-d698-4e06-9016-1549ef3bfc50,CUST-2019-JP-000837,太郎,鈴木,太郎 鈴木,Female,1994-10-05,user879.apple@msn.com,090-5451-1392,539 小川 Street,御蔵島村,千代田区,375-7470,JP,Japan,JAPAN,Japanese,Consumer,Silver,2019-07-04,2019,RETURNING,True,MDM,2019-07-04,2026-04-17 15:58:34.137755
7f96007e-4f92-49c4-abda-4e7522e55857,CUST-2019-JP-002514,知実,佐藤,知実 佐藤,Female,1988-11-20,user780.apple@outlook.com,070-6705-4772,448 木村 Street,印旛郡栄町,国立市,669-9443,JP,Japan,JAPAN,Japanese,Consumer,Gold,2019-03-28,2019,RETURNING,True,MDM,2019-03-28,2026-04-17 15:58:34.137756
5af41cec-624b-4310-abdb-c61912a0f472,CUST-2019-JP-000968,篤司,福田,篤司 福田,Female,1966-01-06,user690.apple@live.com,080-6589-2662,203 岡田 Street,八王子市,練馬区,187-0431,JP,Japan,JAPAN,Japanese,Education,None,2019-02-22,2019,RETURNING,True,MDM,2019-02-22,2026-04-17 15:58:34.137758
8c771174-c9ac-42d3-aaed-d77e504bbb01,CUST-2019-JP-000881,翔太,阿部,翔太 阿部,Female,1951-01-04,user446.apple@live.com,070-7228-9949,556 西村 Street,横浜市南区,国立市,730-4604,JP,Japan,JAPAN,Japanese,Consumer,None,2019-06-05,2019,RETURNING,True,MDM,2019-06-05,2026-04-17 15:58:34.137760
b535b90e-2032-4b61-b89b-80b39faa2dd9,CUST-2019-JP-000408,太一,山田,太一 山田,Female,1957-08-18,user449.apple539@aol.com,82-0297-3720,190 藤田 Street,印旛郡酒々井町,長生郡睦沢町,368-4663,JP,Japan,JAPAN,Japanese,Consumer,None,2019-11-17,2019,RETURNING,True,MDM,2019-11-17,2026-04-17 15:58:34.137761
b19c2139-0eee-451a-b1f9-944723c1303c,CUST-2019-JP-001909,拓真,斉藤,拓真 斉藤,Female,1994-01-19,user125.apple@gmail.com,16-7704-6700,954 森 Street,香取郡東庄町,調布市,216-2317,JP,Japan,JAPAN,Japanese,Education,Gold,2019-02-24,2019,RETURNING,True,MDM,2019-02-24,2026-04-17 15:58:34.137764
c0510168-d945-4a70-ab90-2d24369f5798,CUST-2019-JP-001495,拓真,佐藤,拓真 佐藤,Male,1965-05-05,user306.apple@mail.com,87-0820-8329,473 佐藤 Street,山武郡芝山町,立川市,486-0246,JP,Japan,JAPAN,Japanese,Business,Gold,2019-02-11,2019,RETURNING,True,MDM,2019-02-11,2026-04-17 15:58:34.137765
aea0eac7-4f04-404d-ae23-9425586d0e97,CUST-2019-JP-002321,真綾,松本,真綾 松本,Female,2002-08-22,user581.apple570@live.com,090-6554-3985,640 山崎 Street,練馬区,大網白里市,072-6278,JP,Japan,JAPAN,Japanese,Consumer,None,2019-06-29,2019,RETURNING,True,MDM,2019-06-29,2026-04-17 15:58:34.137767
d266de6b-f641-4fc1-bee9-af870334a26b,CUST-2019-JP-000670,稔,渡辺,稔 渡辺,Female,1961-11-01,user710.apple@protonmail.com,090-4462-9969,842 小林 Street,大網白里市,浦安市,273-5998,JP,Japan,JAPAN,Japanese,Consumer,Platinum,2019-12-24,2019,RETURNING,True,MDM,2019-12-24,2026-04-17 15:58:34.137768
092686e3-9f19-44e9-91c1-74b236604097,CUST-2019-JP-000829,聡太郎,長谷川,聡太郎 長谷川,Female,2003-11-16,user764.apple@hotmail.com,090-7052-9140,160 坂本 Street,町田市,香取郡東庄町,464-3638,JP,Japan,JAPAN,Japanese,Education,Platinum,2019-09-08,2019,RETURNING,True,MDM,2019-09-08,2026-04-17 15:58:34.137770
900c413b-a3f0-4a5b-b16b-d784624bebbc,CUST-2019-JP-001427,花子,井上,花子 井上,Female,1954-06-29,user716.apple@msn.com,070-1883-9384,732 井上 Street,横浜市港南区,印旛郡本埜村,026-4366,JP,Japan,JAPAN,Japanese,Business,Platinum,2019-12-26,2019,RETURNING,True,MDM,2019-12-26,2026-04-17 15:58:34.137771
f5005d29-1ae9-4d43-a6cf-509a4a3604ba,CUST-2019-JP-000186,学,佐藤,学 佐藤,Female,1988-12-15,user426.apple@live.com,070-8836-9400,263 高橋 Street,横浜市泉区,横浜市神奈川区,983-3385,JP,Japan,JAPAN,Japanese,Consumer,Gold,2019-07-29,2019,RETURNING,True,MDM,2019-07-29,2026-04-17 15:58:34.137772
f2310924-c3dc-451d-b3bd-19284a76858b,CUST-2019-JP-000708,修平,井上,修平 井上,Male,1982-11-29,user588.apple570@zoho.com,080-8146-9364,435 佐藤 Street,横浜市都筑区,日野市,015-9800,JP,Japan,JAPAN,Japanese,Consumer,Silver,2019-09-18,2019,RETURNING,False,MDM,2019-09-18,2026-04-17 15:58:34.137774
7ed748be-4d05-4689-a298-7f3a4d9a832f,CUST-2019-JP-000192,知実,岡田,知実 岡田,Male,2007-08-03,user535.apple@mail.com,080-3309-0079,779 松本 Street,鴨川市,我孫子市,085-9092,JP,Japan,JAPAN,Japanese,Consumer,Platinum,2019-10-26,2019,RETURNING,True,MDM,2019-10-26,2026-04-17 15:58:34.137775
434d55d4-a665-4a4e-ae03-6f812fd0245f,CUST-2019-JP-000911,直子,斎藤,直子 斎藤,Female,1967-07-21,user217.apple@gmx.com,08-3217-1249,610 長谷川 Street,清瀬市,西多摩郡日の出町,817-5706,JP,Japan,JAPAN,Japanese,Business,None,2019-12-29,2019,RETURNING,True,MDM,2019-12-29,2026-04-17 15:58:34.137777
fd7c6b1f-57e3-432a-a08b-cab9b3e17108,CUST-2019-JP-002127,裕美子,前田,裕美子 前田,Male,1953-10-02,user846.apple@outlook.com,37-9223-0341,488 石川 Street,台東区,横浜市保土ケ谷区,552-5487,JP,Japan,JAPAN,Japanese,Consumer,None,2019-02-18,2019,RETURNING,True,MDM,2019-02-18,2026-04-17 15:58:34.137779
6f49f307-2092-40c6-b5ae-4edeb82be833,CUST-2019-JP-001982,直樹,坂本,直樹 坂本,Female,2002-07-17,user865.apple@zoho.com,36-7194-2710,772 岡田 Street,横浜市中区,足立区,408-4507,JP,Japan,JAPAN,Japanese,Business,Platinum,2019-11-28,2019,RETURNING,True,MDM,2019-11-28,2026-04-17 15:58:34.137780
cb0576d2-e931-416d-a464-bf108059a4c5,CUST-2019-JP-002246,陽子,渡辺,陽子 渡辺,Male,2007-04-29,user389.apple370@msn.com,070-8297-7754,092 前田 Street,横浜市瀬谷区,品川区,041-3542,JP,Japan,JAPAN,Japanese,Consumer,Silver,2019-12-07,2019,RETURNING,True,MDM,2019-12-07,2026-04-17 15:58:34.137781
09f9246c-a2b5-404d-b2b7-25e0c165e21b,CUST-2019-JP-001115,明美,渡辺,明美 渡辺,Male,1956-12-16,user795.apple@live.com,17-3180-7180,224 近藤 Street,昭島市,印旛郡印旛村,696-3986,JP,Japan,JAPAN,Japanese,Consumer,Gold,2019-06-24,2019,RETURNING,True,MDM,2019-06-24,2026-04-17 15:58:34.137783
9cb9c672-966e-4392-8662-7f9322292549,CUST-2019-JP-001279,知実,田中,知実 田中,Female,2006-10-23,user692.apple271@live.com,090-5766-9072,388 木村 Street,調布市,川崎市宮前区,565-1976,JP,Japan,JAPAN,Japanese,Consumer,None,2019-10-01,2019,RETURNING,True,MDM,2019-10-01,2026-04-17 15:58:34.137785
0f4dcaa7-2b48-4b37-a018-9e45f146e06f,CUST-2019-JP-001786,明美,木村,明美 木村,Female,1982-07-18,user898.apple@mail.com,080-1279-9980,147 井上 Street,日野市,印旛郡印旛村,514-0281,JP,Japan,JAPAN,Japanese,Business,None,2019-09-01,2019,RETURNING,True,MDM,2019-09-01,2026-04-17 15:58:34.137786
e120da01-3f78-44cc-94ba-61d9c1ea5371,CUST-2019-JP-001316,さゆり,佐々木,さゆり 佐々木,Female,1965-01-31,user511.apple115@outlook.com,070-0696-6259,918 吉田 Street,川崎市高津区,横浜市栄区,453-5292,JP,Japan,JAPAN,Japanese,Consumer,Gold,2019-10-10,2019,RETURNING,True,MDM,2019-10-10,2026-04-17 15:58:34.137788
bbfee44a-39b4-41b1-9d42-380684df31a9,CUST-2019-JP-001143,香織,中村,香織 中村,Male,1999-03-11,user808.apple924@yahoo.com,090-0627-4346,714 佐藤 Street,小笠原村,東村山市,011-9479,JP,Japan,JAPAN,Japanese,Consumer,Silver,2019-01-01,2019,RETURNING,True,MDM,2019-01-01,2026-04-17 15:58:34.137789
a199341c-ed8e-4d1e-8f9b-ed1d76e3fd2c,CUST-2019-JP-001174,拓真,高橋,拓真 高橋,Female,1978-08-08,user737.apple@aol.com,65-8401-4811,391 中島 Street,印西市,鎌ケ谷市,374-6821,JP,Japan,JAPAN,Japanese,Business,None,2019-11-23,2019,RETURNING,True,MDM,2019-11-23,2026-04-17 15:58:34.137791
4e90788c-511a-4782-bf74-433b210707df,CUST-2019-JP-000962,直人,加藤,直人 加藤,Male,1955-09-11,user928.apple181@yahoo.com,080-2337-9866,819 佐藤 Street,大島町,武蔵野市,841-4121,JP,Japan,JAPAN,Japanese,Consumer,None,2019-02-03,2019,RETURNING,True,MDM,2019-02-03,2026-04-17 15:58:34.137793
d0a6f3d5-824e-476b-bd4b-6ef634b366e8,CUST-2019-JP-000826,直人,鈴木,直人 鈴木,Female,2002-12-12,user931.apple172@live.com,58-5373-2552,981 鈴木 Street,小平市,台東区,015-1408,JP,Japan,JAPAN,Japanese,Consumer,None,2019-07-15,2019,RETURNING,True,MDM,2019-07-15,2026-04-17 15:58:34.137795
5ca0e11d-93cb-4ff2-aee1-fe7c81d5f7a8,CUST-2019-JP-001007,桃子,山口,桃子 山口,Female,1950-10-04,user244.apple@zoho.com,080-8149-0392,725 高橋 Street,印旛郡酒々井町,町田市,325-5072,JP,Japan,JAPAN,Japanese,Consumer,None,2019-11-10,2019,RETURNING,True,MDM,2019-11-10,2026-04-17 15:58:34.137797
3f324c92-d5cb-466b-99db-0f25dd427589,CUST-2019-JP-002110,聡太郎,青木,聡太郎 青木,Female,2000-03-29,user240.apple@zoho.com,090-7138-9748,792 鈴木 Street,利島村,国立市,792-8791,JP,Japan,JAPAN,Japanese,Consumer,None,2019-07-08,2019,RETURNING,True,MDM,2019-07-08,2026-04-17 15:58:34.137799
d944331d-57b3-4da6-8f29-1d1c510fd694,CUST-2019-JP-001086,翔太,木村,翔太 木村,Female,1971-03-12,user667.apple23@hotmail.com,080-7762-4661,831 吉田 Street,川崎市幸区,横浜市緑区,870-1410,JP,Japan,JAPAN,Japanese,Consumer,None,2019-02-01,2019,RETURNING,True,MDM,2019-02-01,2026-04-17 15:58:34.137801
b6103dfb-c147-4415-8efd-e89256a96cfb,CUST-2019-JP-001176,陽子,斉藤,陽子 斉藤,Female,1992-02-17,user718.apple@protonmail.com,070-3141-5310,622 佐藤 Street,横浜市都筑区,杉並区,201-9318,JP,Japan,JAPAN,Japanese,Consumer,Gold,2019-11-14,2019,RETURNING,True,MDM,2019-11-14,2026-04-17 15:58:34.137802
dbbdffc4-13c5-4e3d-9451-4b9c930a38fe,CUST-2019-JP-000725,拓真,佐藤,拓真 佐藤,Female,1954-01-03,user694.apple@mail.com,090-7912-3570,475 渡辺 Street,横浜市都筑区,夷隅郡御宿町,131-8699,JP,Japan,JAPAN,Japanese,Consumer,Gold,2019-04-07,2019,RETURNING,True,MDM,2019-04-07,2026-04-17 15:58:34.137804
0218c838-ab86-4b40-b626-dcd6052094e2,CUST-2019-JP-002013,花子,森,花子 森,Male,1954-12-15,user383.apple@msn.com,080-3365-2932,348 藤井 Street,大島町,横浜市戸塚区,404-4126,JP,Japan,JAPAN,Japanese,Consumer,Silver,2019-06-26,2019,RETURNING,True,MDM,2019-06-26,2026-04-17 15:58:34.137805
96ca3c46-4f11-4194-aed2-d4663e549cce,CUST-2019-JP-000822,篤司,木村,篤司 木村,Male,1996-04-04,user541.apple@outlook.com,080-8001-1672,689 吉田 Street,山武郡九十九里町,横浜市南区,241-4398,JP,Japan,JAPAN,Japanese,Education,None,2019-05-12,2019,RETURNING,True,MDM,2019-05-12,2026-04-17 15:58:34.137807
d9f436ca-dee4-41f0-aa28-6d9c9ed76dc8,CUST-2019-JP-001280,七夏,池田,七夏 池田,Male,1979-02-09,user382.apple360@gmail.com,18-4063-9544,691 木村 Street,横浜市戸塚区,川崎市幸区,555-2697,JP,Japan,JAPAN,Japanese,Education,Gold,2019-01-25,2019,RETURNING,True,MDM,2019-01-25,2026-04-17 15:58:34.137808
0aa98f4d-bbeb-48e9-a7ac-5ca8f365b4b3,CUST-2019-JP-002291,学,鈴木,学 鈴木,Male,1984-09-26,user939.apple@yahoo.com,080-2343-4135,941 中村 Street,世田谷区,横浜市鶴見区,355-0351,JP,Japan,JAPAN,Japanese,Consumer,Silver,2019-08-27,2019,RETURNING,True,MDM,2019-08-27,2026-04-17 15:58:34.137809
aef3f00f-ffed-4fc0-89d3-a6134d001244,CUST-2019-JP-002232,零,高橋,零 高橋,Male,1953-05-08,user468.apple@zoho.com,080-9990-9154,968 林 Street,長生郡白子町,調布市,165-5786,JP,Japan,JAPAN,Japanese,Consumer,Platinum,2019-12-26,2019,RETURNING,True,MDM,2019-12-26,2026-04-17 15:58:34.137811
f6ec2cbd-89dc-46cd-8d1b-22c8c8f7ecca,CUST-2019-JP-002097,淳,佐々木,淳 佐々木,Female,1961-05-24,user249.apple@hotmail.com,070-8173-8829,791 山口 Street,川崎市多摩区,川崎市中原区,422-5044,JP,Japan,JAPAN,Japanese,Consumer,Silver,2019-03-07,2019,RETURNING,True,MDM,2019-03-07,2026-04-17 15:58:34.137812
ce2d98d9-c3e3-4c37-b548-13ac55a90827,CUST-2019-JP-002148,翼,佐々木,翼 佐々木,Female,1957-09-07,user511.apple@icloud.com,12-6889-9717,108 佐々木 Street,西東京市,長生郡長柄町,652-1046,JP,Japan,JAPAN,Japanese,Consumer,Silver,2019-12-11,2019,RETURNING,True,MDM,2019-12-11,2026-04-17 15:58:34.137813
13c2c8d8-7948-4570-b86e-b63a5f1f4292,CUST-2019-JP-000824,裕太,高橋,裕太 高橋,Male,2005-12-10,user417.apple163@zoho.com,070-5893-2149,431 鈴木 Street,匝瑳市,立川市,113-5017,JP,Japan,JAPAN,Japanese,Business,Silver,2019-01-21,2019,RETURNING,True,MDM,2019-01-21,2026-04-17 15:58:34.137815
4a1839ae-08cb-4725-80d6-cdde76bb1e9c,CUST-2019-JP-001707,直子,加藤,直子 加藤,Male,1995-12-22,user113.apple@icloud.com,070-1911-6199,565 山崎 Street,西多摩郡奥多摩町,墨田区,938-7546,JP,Japan,JAPAN,Japanese,Consumer,None,2019-07-09,2019,RETURNING,True,MDM,2019-07-09,2026-04-17 15:58:34.137817
bc01538c-1bc1-480c-b21d-f4688e7903c4,CUST-2019-JP-000512,直人,池田,直人 池田,Female,1995-07-07,user578.apple@mail.com,71-5837-6220,605 中村 Street,横浜市磯子区,南房総市,935-9930,JP,Japan,JAPAN,Japanese,Consumer,Silver,2019-09-04,2019,RETURNING,True,MDM,2019-09-04,2026-04-17 15:58:34.137818
0b9d9fa6-8696-4288-9446-53d87e59af3b,CUST-2019-JP-001238,直人,佐藤,直人 佐藤,Female,1987-04-23,user752.apple408@outlook.com,18-0517-1910,111 高橋 Street,横浜市泉区,大田区,112-8445,JP,Japan,JAPAN,Japanese,Consumer,None,2019-05-16,2019,RETURNING,True,MDM,2019-05-16,2026-04-17 15:58:34.137820
00d8d0d6-12e5-41e8-9801-22f54fd32114,CUST-2019-JP-002508,修平,山口,修平 山口,Male,1954-08-07,user400.apple@zoho.com,070-5675-4425,818 佐藤 Street,東久留米市,北区,034-0831,JP,Japan,JAPAN,Japanese,Consumer,Silver,2019-10-09,2019,RETURNING,True,MDM,2019-10-09,2026-04-17 15:58:34.137822
9a115ae4-911d-42ea-82b7-9a57404be7af,CUST-2019-JP-001723,明美,加藤,明美 加藤,Male,1950-07-08,user463.apple@yahoo.com,03-2366-7384,798 佐藤 Street,香取郡多古町,稲城市,949-1281,JP,Japan,JAPAN,Japanese,Consumer,None,2019-12-15,2019,RETURNING,True,MDM,2019-12-15,2026-04-17 15:58:34.137823
6c515949-0152-4d80-ab9b-aa10cad042fb,CUST-2019-JP-000274,くみ子,加藤,くみ子 加藤,Male,1982-12-15,user236.apple@icloud.com,070-6639-4252,408 加藤 Street,台東区,横浜市旭区,571-9643,JP,Japan,JAPAN,Japanese,Business,Silver,2019-07-04,2019,RETURNING,True,MDM,2019-07-04,2026-04-17 15:58:34.137825
02c5a1ae-22bb-4333-93e0-0915a4f9af1e,CUST-2019-JP-001818,明美,佐藤,明美 佐藤,Female,1964-10-27,user267.apple@mail.com,26-3608-9578,199 佐々木 Street,豊島区,横浜市泉区,436-7299,JP,Japan,JAPAN,Japanese,Education,None,2019-04-04,2019,RETURNING,True,MDM,2019-04-04,2026-04-17 15:58:34.137827
ddd8908b-8a55-4434-aee5-a1e39e215843,CUST-2019-JP-001443,裕美子,遠藤,裕美子 遠藤,Male,1955-10-15,user114.apple489@hotmail.com,070-9762-9497,544 伊藤 Street,印西市,香取市,736-8786,JP,Japan,JAPAN,Japanese,Consumer,Silver,2019-11-02,2019,RETURNING,True,MDM,2019-11-02,2026-04-17 15:58:34.137828
8051c122-2b00-4f63-be1f-b62b83716bb4,CUST-2019-JP-002343,淳,遠藤,淳 遠藤,Male,1989-03-28,user839.apple@protonmail.com,090-1766-1152,470 山田 Street,豊島区,横浜市鶴見区,382-0120,JP,Japan,JAPAN,Japanese,Consumer,None,2019-04-28,2019,RETURNING,False,MDM,2019-04-28,2026-04-17 15:58:34.137830
9218200d-a854-42e3-a1e9-5023b0b34acd,CUST-2019-JP-001014,結衣,前田,結衣 前田,Male,1953-05-14,user688.apple@mail.com,090-2348-8720,708 佐藤 Street,夷隅郡大多喜町,荒川区,366-2043,JP,Japan,JAPAN,Japanese,Consumer,Silver,2019-01-22,2019,RETURNING,True,MDM,2019-01-22,2026-04-17 15:58:34.137832
995d93be-872c-4ad6-bf4a-de67494495f7,CUST-2019-JP-000930,陽一,伊藤,陽一 伊藤,Female,1963-03-20,user694.apple@msn.com,85-4709-4263,712 斎藤 Street,鎌ケ谷市,目黒区,584-5533,JP,Japan,JAPAN,Japanese,Consumer,None,2019-01-13,2019,RETURNING,True,MDM,2019-01-13,2026-04-17 15:58:34.137833
a76aff46-5ace-411d-a823-3bd942a2a5fe,CUST-2019-JP-002080,裕樹,石川,裕樹 石川,Male,1973-04-13,user216.apple@mail.com,85-1077-1995,631 小林 Street,立川市,横浜市神奈川区,506-3865,JP,Japan,JAPAN,Japanese,Consumer,None,2019-09-28,2019,RETURNING,True,MDM,2019-09-28,2026-04-17 15:58:34.137835
b010e1e0-b96f-488e-90c2-9a4faa26db6d,CUST-2019-JP-001587,くみ子,青木,くみ子 青木,Female,1986-02-13,user158.apple@aol.com,60-3162-1926,091 清水 Street,横浜市港北区,印旛郡印旛村,183-4507,JP,Japan,JAPAN,Japanese,Consumer,Gold,2019-11-10,2019,RETURNING,True,MDM,2019-11-10,2026-04-17 15:58:34.137837
2f3ffe32-491e-41ff-b4e9-c9fd576f9425,CUST-2019-JP-000744,零,藤田,零 藤田,Female,1962-07-15,user771.apple@yahoo.com,11-7884-7315,713 鈴木 Street,江東区,長生郡一宮町,632-6140,JP,Japan,JAPAN,Japanese,Consumer,Silver,2019-09-07,2019,RETURNING,True,MDM,2019-09-07,2026-04-17 15:58:34.137838
ce54dd65-60f5-4674-a992-2cd2f8c623e9,CUST-2019-JP-001005,陽子,西村,陽子 西村,Male,1995-02-04,user626.apple42@protonmail.com,090-2431-1474,863 山下 Street,長生郡長南町,川崎市多摩区,588-1106,JP,Japan,JAPAN,Japanese,Consumer,None,2019-12-19,2019,RETURNING,True,MDM,2019-12-19,2026-04-17 15:58:34.137840
a21c5842-1257-47b4-b7cc-84dcda41a691,CUST-2019-JP-002497,舞,伊藤,舞 伊藤,Female,1992-06-23,user340.apple@yahoo.com,090-1582-6326,419 福田 Street,北区,千代田区,602-6961,JP,Japan,JAPAN,Japanese,Consumer,Silver,2019-01-22,2019,RETURNING,True,MDM,2019-01-22,2026-04-17 15:58:34.137841
57e7c5bf-e772-4b6c-b53d-a2feeb4b2583,CUST-2019-JP-000003,聡太郎,伊藤,聡太郎 伊藤,Female,1995-05-26,user122.apple299@mail.com,070-2735-0960,933 佐藤 Street,長生郡長柄町,八王子市,692-3928,JP,Japan,JAPAN,Japanese,Consumer,Gold,2019-05-19,2019,RETURNING,True,MDM,2019-05-19,2026-04-17 15:58:34.137843
7c9e06ee-36f8-431d-9d71-fbc5b65edcde,CUST-2019-JP-000042,晃,小林,晃 小林,Female,1963-06-05,user946.apple114@msn.com,21-4765-6553,875 山田 Street,品川区,川崎市多摩区,746-9218,JP,Japan,JAPAN,Japanese,Consumer,None,2019-02-05,2019,RETURNING,True,MDM,2019-02-05,2026-04-17 15:58:34.137845
144fc33b-af6e-4870-b706-8362f3a084a1,CUST-2019-JP-002534,太郎,林,太郎 林,Male,1988-01-23,user159.apple@mail.com,080-3415-2908,191 橋本 Street,町田市,長生郡長南町,349-3845,JP,Japan,JAPAN,Japanese,Consumer,Gold,2019-08-15,2019,RETURNING,True,MDM,2019-08-15,2026-04-17 15:58:34.137846
b234a374-4cdd-4ec1-aedc-0502c224be4d,CUST-2019-JP-002121,さゆり,西村,さゆり 西村,Male,1985-10-15,user456.apple279@icloud.com,45-3383-2473,510 後藤 Street,白井市,利島村,078-6149,JP,Japan,JAPAN,Japanese,Business,Silver,2019-07-01,2019,RETURNING,True,MDM,2019-07-01,2026-04-17 15:58:34.137848
63f52020-1e4c-43ae-bfdc-b146b3578df9,CUST-2019-JP-001988,陽子,阿部,陽子 阿部,Female,1996-12-30,user103.apple317@gmail.com,090-3551-7773,708 斉藤 Street,横浜市旭区,荒川区,808-4732,JP,Japan,JAPAN,Japanese,Education,None,2019-05-22,2019,RETURNING,True,MDM,2019-05-22,2026-04-17 15:58:34.137850
c0f1001f-4baf-4448-b1f5-2d2b4e56afc3,CUST-2019-JP-000286,聡太郎,小林,聡太郎 小林,Female,1999-11-14,user991.apple@icloud.com,070-6964-2405,027 山本 Street,東村山市,清瀬市,778-3241,JP,Japan,JAPAN,Japanese,Consumer,None,2019-03-02,2019,RETURNING,True,MDM,2019-03-02,2026-04-17 15:58:34.137851
9bf2ec8a-4779-4ef8-9929-e2be4c740747,CUST-2019-JP-001685,修平,藤井,修平 藤井,Female,1979-04-28,user440.apple815@hotmail.com,23-0365-1238,209 山本 Street,三宅島三宅村,香取郡神崎町,697-9891,JP,Japan,JAPAN,Japanese,Consumer,None,2019-12-21,2019,RETURNING,True,MDM,2019-12-21,2026-04-17 15:58:34.137853
889d2e91-e7ad-4123-a99b-95ce9ef4749a,CUST-2019-JP-001078,裕太,佐藤,裕太 佐藤,Female,1980-06-26,user606.apple@live.com,090-0749-8502,115 清水 Street,夷隅郡大多喜町,東村山市,114-8969,JP,Japan,JAPAN,Japanese,Business,None,2019-09-15,2019,RETURNING,True,MDM,2019-09-15,2026-04-17 15:58:34.137855
8b18c161-60ae-4594-ada0-fa12dbef515b,CUST-2019-JP-001975,翔太,木村,翔太 木村,Female,1971-08-09,user636.apple@aol.com,43-5251-9619,900 鈴木 Street,日野市,袖ケ浦市,782-6051,JP,Japan,JAPAN,Japanese,Consumer,None,2019-08-11,2019,RETURNING,True,MDM,2019-08-11,2026-04-17 15:58:34.137856
eb540dbd-207a-45be-897b-99c8803661b8,CUST-2019-JP-001144,千代,田中,千代 田中,Female,1957-03-25,user864.apple@gmail.com,090-9359-5357,262 清水 Street,横浜市金沢区,安房郡鋸南町,432-6839,JP,Japan,JAPAN,Japanese,Consumer,None,2019-03-03,2019,RETURNING,True,MDM,2019-03-03,2026-04-17 15:58:34.137858
f0723d04-d6ab-415d-8b56-99fa967eed17,CUST-2019-JP-000630,聡太郎,中村,聡太郎 中村,Male,2003-07-08,user475.apple999@gmx.com,090-1167-6529,195 三浦 Street,横浜市保土ケ谷区,神津島村,870-5477,JP,Japan,JAPAN,Japanese,Consumer,Platinum,2019-10-29,2019,RETURNING,True,MDM,2019-10-29,2026-04-17 15:58:34.137860
d803289f-3505-4637-9ffd-bd8be7f7480e,CUST-2019-JP-002426,陽子,阿部,陽子 阿部,Female,1984-09-24,user804.apple58@zoho.com,080-5355-2081,963 渡辺 Street,川崎市高津区,横浜市戸塚区,131-6170,JP,Japan,JAPAN,Japanese,Consumer,Silver,2019-06-23,2019,RETURNING,True,MDM,2019-06-23,2026-04-17 15:58:34.137861
bf100090-8055-4df8-8744-bc25e1bdac02,CUST-2019-JP-001496,和也,村上,和也 村上,Female,1959-08-09,user902.apple@protonmail.com,070-2129-4798,233 渡辺 Street,長生郡長南町,調布市,505-8728,JP,Japan,JAPAN,Japanese,Consumer,Silver,2019-04-29,2019,RETURNING,True,MDM,2019-04-29,2026-04-17 15:58:34.137862
3a74ca78-aee5-467d-8266-5b23fb30a351,CUST-2019-JP-002467,桃子,藤井,桃子 藤井,Male,2000-03-24,user620.apple@hotmail.com,070-8862-7096,409 山田 Street,狛江市,香取郡多古町,243-1869,JP,Japan,JAPAN,Japanese,Business,None,2019-07-16,2019,RETURNING,True,MDM,2019-07-16,2026-04-17 15:58:34.137864
55fbb817-dd97-414d-8f15-b0619582e4ff,CUST-2019-JP-000899,明美,村上,明美 村上,Male,1959-09-02,user486.apple@outlook.com,070-6496-1241,915 藤井 Street,品川区,長生郡一宮町,246-1478,JP,Japan,JAPAN,Japanese,Education,Platinum,2019-11-20,2019,RETURNING,True,MDM,2019-11-20,2026-04-17 15:58:34.137866
da34daa3-7c09-4284-b0cc-04ccf63e11f4,CUST-2019-JP-002756,聡太郎,三浦,聡太郎 三浦,Female,1977-03-27,user302.apple@icloud.com,070-5050-7850,526 山口 Street,東村山市,大網白里市,539-2001,JP,Japan,JAPAN,Japanese,Education,Silver,2019-01-08,2019,RETURNING,True,MDM,2019-01-08,2026-04-17 15:58:34.137867
604333ff-3193-4e13-827b-6fa4317074c7,CUST-2019-JP-000578,真綾,石井,真綾 石井,Male,1981-03-09,user443.apple@mail.com,090-2373-8614,652 阿部 Street,夷隅郡大多喜町,国分寺市,794-0526,JP,Japan,JAPAN,Japanese,Consumer,Silver,2019-11-17,2019,RETURNING,True,MDM,2019-11-17,2026-04-17 15:58:34.137868
91b5a086-420e-430c-90cd-ced3b4e313ef,CUST-2019-JP-000473,英樹,田中,英樹 田中,Male,2002-09-07,user851.apple@mail.com,070-0352-3184,314 福田 Street,鎌ケ谷市,横浜市保土ケ谷区,266-5994,JP,Japan,JAPAN,Japanese,Business,None,2019-03-14,2019,RETURNING,True,MDM,2019-03-14,2026-04-17 15:58:34.137870
f8c81a8a-d3ad-4e32-b62c-b93ccf98c881,CUST-2019-JP-000875,和也,岡田,和也 岡田,Female,1970-01-24,user590.apple580@protonmail.com,090-8472-4208,649 長谷川 Street,長生郡一宮町,八千代市,826-9687,JP,Japan,JAPAN,Japanese,Consumer,None,2019-05-29,2019,RETURNING,True,MDM,2019-05-29,2026-04-17 15:58:34.137872
5d2abf43-5ce5-46bf-8dc9-2aa98274aafa,CUST-2019-JP-000006,桃子,渡辺,桃子 渡辺,Female,1986-08-30,user521.apple@outlook.com,070-1146-3900,615 森 Street,山武市,西多摩郡瑞穂町,158-1709,JP,Japan,JAPAN,Japanese,Consumer,Platinum,2019-10-19,2019,RETURNING,True,MDM,2019-10-19,2026-04-17 15:58:34.137873
84c46920-e118-460a-9c3f-946471d9d547,CUST-2019-JP-000897,英樹,藤原,英樹 藤原,Female,1968-06-05,user100.apple@outlook.com,090-0270-1773,227 林 Street,小平市,世田谷区,666-0163,JP,Japan,JAPAN,Japanese,Consumer,Silver,2019-08-16,2019,RETURNING,True,MDM,2019-08-16,2026-04-17 15:58:34.137875
8e677fbe-864f-4374-953b-3865b3f07a7b,CUST-2019-JP-001346,充,山口,充 山口,Male,1991-01-25,user923.apple@hotmail.com,070-7944-1360,716 長谷川 Street,江東区,八丈島八丈町,798-1878,JP,Japan,JAPAN,Japanese,Consumer,Silver,2019-08-04,2019,RETURNING,True,MDM,2019-08-04,2026-04-17 15:58:34.137876
2dc0f2b0-1d9a-478d-9dd4-a92578ddf1a9,CUST-2019-JP-001314,零,山本,零 山本,Male,1986-07-30,user645.apple@gmx.com,15-9446-1217,459 伊藤 Street,横浜市港北区,西多摩郡奥多摩町,086-2712,JP,Japan,JAPAN,Japanese,Consumer,None,2019-03-14,2019,RETURNING,True,MDM,2019-03-14,2026-04-17 15:58:34.137878
73667897-31cf-4c36-8081-adb65323ee26,CUST-2019-JP-000195,桃子,鈴木,桃子 鈴木,Male,1991-08-12,user234.apple@gmail.com,080-2068-2060,546 鈴木 Street,横浜市鶴見区,横浜市泉区,825-2473,JP,Japan,JAPAN,Japanese,Business,None,2019-02-24,2019,RETURNING,True,MDM,2019-02-24,2026-04-17 15:58:34.137880
d3e21484-c0bf-4524-b110-a1c3457a4241,CUST-2019-JP-001217,零,佐々木,零 佐々木,Male,1979-11-13,user457.apple@mail.com,91-1343-3749,455 井上 Street,長生郡長南町,長生郡長柄町,501-9316,JP,Japan,JAPAN,Japanese,Business,None,2019-09-25,2019,RETURNING,True,MDM,2019-09-25,2026-04-17 15:58:34.137882
53907653-d169-4fa7-bb29-d5c2833d9594,CUST-2019-JP-001848,里佳,清水,里佳 清水,Female,1975-12-14,user814.apple808@hotmail.com,080-4408-1855,245 藤原 Street,中央区,山武市,383-3184,JP,Japan,JAPAN,Japanese,Education,Platinum,2019-10-07,2019,RETURNING,True,MDM,2019-10-07,2026-04-17 15:58:34.137883
5b9783e2-2a23-4e5d-8d69-df7b2e5b85cc,CUST-2019-JP-001906,陽一,中川,陽一 中川,Female,1976-02-25,user549.apple51@hotmail.com,090-7590-7857,364 鈴木 Street,印西市,香取郡神崎町,591-7060,JP,Japan,JAPAN,Japanese,Consumer,Gold,2019-10-09,2019,RETURNING,True,MDM,2019-10-09,2026-04-17 15:58:34.137884
75b22876-1f04-4535-883f-0472d0cdd43f,CUST-2019-JP-002375,淳,佐藤,淳 佐藤,Female,2001-03-18,user355.apple@msn.com,070-6345-0442,196 佐藤 Street,渋谷区,横浜市港南区,429-0826,JP,Japan,JAPAN,Japanese,Business,None,2019-12-23,2019,RETURNING,True,MDM,2019-12-23,2026-04-17 15:58:34.137886
ca8bc9fa-523e-4cb4-b968-21d11466037d,CUST-2019-JP-000022,香織,藤田,香織 藤田,Female,1996-03-29,user440.apple@aol.com,32-2290-3330,057 清水 Street,浦安市,八千代市,990-8848,JP,Japan,JAPAN,Japanese,Consumer,None,2019-04-22,2019,RETURNING,True,MDM,2019-04-22,2026-04-17 15:58:34.137888
55072bd0-6247-4bd3-9571-dd90390208d8,CUST-2019-JP-002685,充,中島,充 中島,Female,1962-08-09,user571.apple118@yahoo.com,070-8821-2019,265 太田 Street,千代田区,川崎市幸区,428-4592,JP,Japan,JAPAN,Japanese,Consumer,Platinum,2019-08-14,2019,RETURNING,True,MDM,2019-08-14,2026-04-17 15:58:34.137889
a565ec63-a8f6-40e5-962c-ffe213947ada,CUST-2019-JP-001463,修平,斎藤,修平 斎藤,Male,2003-11-29,user558.apple666@gmail.com,070-3860-9734,157 伊藤 Street,横浜市金沢区,富津市,335-5923,JP,Japan,JAPAN,Japanese,Consumer,None,2019-12-30,2019,RETURNING,True,MDM,2019-12-30,2026-04-17 15:58:34.137891
a5920656-87dc-4ca7-b019-72cd9c2f3545,CUST-2019-JP-002588,浩,渡辺,浩 渡辺,Female,1985-11-10,user863.apple36@msn.com,28-9632-2449,582 山本 Street,西東京市,小金井市,989-4467,JP,Japan,JAPAN,Japanese,Consumer,None,2019-03-31,2019,RETURNING,True,MDM,2019-03-31,2026-04-17 15:58:34.137893
b6817ffe-14f4-442d-bc50-878c0a2cf1b6,CUST-2019-JP-001146,千代,高橋,千代 高橋,Female,1982-11-05,user678.apple738@yahoo.com,080-0481-7247,066 佐藤 Street,長生郡長柄町,西多摩郡瑞穂町,955-9370,JP,Japan,JAPAN,Japanese,Consumer,None,2019-04-23,2019,RETURNING,True,MDM,2019-04-23,2026-04-17 15:58:34.137895
60bfdc09-43d3-4fd4-9de8-e9d7d5135487,CUST-2019-JP-001171,英樹,藤田,英樹 藤田,Male,1953-07-12,user578.apple@gmx.com,080-8477-6570,348 佐藤 Street,香取郡多古町,港区,399-3169,JP,Japan,JAPAN,Japanese,Consumer,None,2019-04-02,2019,RETURNING,True,MDM,2019-04-02,2026-04-17 15:58:34.137897
ab0c4f05-7ea8-42f5-92d6-9065e55e18f0,CUST-2019-JP-001625,真綾,佐藤,真綾 佐藤,Female,1980-08-13,user632.apple@gmx.com,66-2547-9125,910 坂本 Street,東村山市,いすみ市,100-5841,JP,Japan,JAPAN,Japanese,Consumer,Silver,2019-11-25,2019,RETURNING,True,MDM,2019-11-25,2026-04-17 15:58:34.137900
80d08704-993f-4b68-9bd7-11dee0567f88,CUST-2019-JP-002084,稔,斉藤,稔 斉藤,Male,1991-09-29,user238.apple599@icloud.com,070-5551-2560,313 長谷川 Street,青ヶ島村,町田市,078-1145,JP,Japan,JAPAN,Japanese,Consumer,None,2019-07-16,2019,RETURNING,True,MDM,2019-07-16,2026-04-17 15:58:34.137902
602593d2-7901-4109-ace6-fcbf225ae504,CUST-2019-JP-000222,花子,高橋,花子 高橋,Male,1996-05-28,user457.apple@aol.com,20-6779-3224,677 伊藤 Street,豊島区,武蔵村山市,552-5557,JP,Japan,JAPAN,Japanese,Consumer,Silver,2019-08-04,2019,RETURNING,True,MDM,2019-08-04,2026-04-17 15:58:34.137903
edbd993b-bd20-4b3d-8cf4-ff71b31226f3,CUST-2019-JP-000863,零,伊藤,零 伊藤,Male,1981-09-08,user601.apple364@protonmail.com,080-5142-9494,409 三浦 Street,富里市,千代田区,271-8315,JP,Japan,JAPAN,Japanese,Business,None,2019-02-16,2019,RETURNING,True,MDM,2019-02-16,2026-04-17 15:58:34.137905
be1eace3-83b2-4b7e-b5cc-89588e306556,CUST-2019-JP-001209,稔,小林,稔 小林,Male,1978-09-17,user914.apple@gmail.com,05-3241-3456,042 伊藤 Street,横浜市都筑区,横浜市青葉区,995-1810,JP,Japan,JAPAN,Japanese,Consumer,None,2019-09-07,2019,RETURNING,True,MDM,2019-09-07,2026-04-17 15:58:34.137907
719cd835-c2cd-4eeb-91f6-1db20df1b9f9,CUST-2019-JP-002228,直人,斎藤,直人 斎藤,Male,2006-08-23,user275.apple72@outlook.com,080-1131-6803,402 斎藤 Street,印旛郡栄町,御蔵島村,272-3796,JP,Japan,JAPAN,Japanese,Consumer,None,2019-02-24,2019,RETURNING,True,MDM,2019-02-24,2026-04-17 15:58:34.137909
994cd4e3-dd66-4854-89e2-b96f01ac5687,CUST-2019-JP-000064,修平,斎藤,修平 斎藤,Male,1989-08-22,user167.apple@yahoo.com,090-8608-6138,717 藤原 Street,八街市,日野市,932-0970,JP,Japan,JAPAN,Japanese,Business,None,2019-04-09,2019,RETURNING,True,MDM,2019-04-09,2026-04-17 15:58:34.137910
6c5a6dfc-624a-437c-8cab-372914e57210,CUST-2019-JP-001834,太郎,伊藤,太郎 伊藤,Female,1981-09-06,user172.apple@mail.com,090-9001-0242,096 渡辺 Street,富里市,印旛郡本埜村,628-3354,JP,Japan,JAPAN,Japanese,Consumer,Platinum,2019-05-18,2019,RETURNING,True,MDM,2019-05-18,2026-04-17 15:58:34.137912
08d9725c-eb37-42aa-8ffd-6442cd22b62c,CUST-2019-JP-002221,充,田中,充 田中,Male,1999-04-06,user751.apple@mail.com,090-5789-4793,819 中島 Street,足立区,八街市,168-9829,JP,Japan,JAPAN,Japanese,Consumer,Silver,2019-08-03,2019,RETURNING,True,MDM,2019-08-03,2026-04-17 15:58:34.137913
8e7e845a-a184-4a4c-a3f3-51e75ade937a,CUST-2019-JP-001288,京助,木村,京助 木村,Female,1994-03-09,user719.apple@yahoo.com,090-5853-6105,987 林 Street,足立区,横浜市旭区,286-4856,JP,Japan,JAPAN,Japanese,Consumer,Gold,2019-08-26,2019,RETURNING,True,MDM,2019-08-26,2026-04-17 15:58:34.137914
75cb4700-ac4e-420b-9aed-874162dc7084,CUST-2019-JP-002048,晃,長谷川,晃 長谷川,Male,1982-08-09,user361.apple@live.com,090-0486-0908,925 近藤 Street,印旛郡酒々井町,横浜市緑区,881-8459,JP,Japan,JAPAN,Japanese,Consumer,Gold,2019-08-18,2019,RETURNING,True,MDM,2019-08-18,2026-04-17 15:58:34.137916
11086502-dbde-4a02-a10c-aff23785b6c9,CUST-2019-JP-001411,学,佐藤,学 佐藤,Female,1993-07-03,user416.apple@protonmail.com,83-3064-4361,380 小林 Street,鴨川市,大網白里市,266-2477,JP,Japan,JAPAN,Japanese,Business,None,2019-05-13,2019,RETURNING,True,MDM,2019-05-13,2026-04-17 15:58:34.137918
a25b894e-9799-4bc0-b407-0aadff8e62fe,CUST-2019-JP-001942,翼,加藤,翼 加藤,Female,1960-05-17,user939.apple@aol.com,080-3279-4770,513 高橋 Street,浦安市,香取郡神崎町,455-0238,JP,Japan,JAPAN,Japanese,Business,Silver,2019-09-01,2019,RETURNING,True,MDM,2019-09-01,2026-04-17 15:58:34.137919
9777399e-a6b6-4a4f-a113-16a3477b8068,CUST-2019-JP-001220,あすか,加藤,あすか 加藤,Female,1967-03-05,user934.apple@gmx.com,84-7027-6511,052 伊藤 Street,三鷹市,中央区,866-1937,JP,Japan,JAPAN,Japanese,Consumer,None,2019-03-11,2019,RETURNING,True,MDM,2019-03-11,2026-04-17 15:58:34.137921
3f709150-5807-4fd2-a37b-563ff0a4b70e,CUST-2019-JP-002444,晃,西村,晃 西村,Female,2004-09-18,user240.apple@hotmail.com,070-8258-3341,475 清水 Street,横浜市瀬谷区,川崎市幸区,812-3508,JP,Japan,JAPAN,Japanese,Consumer,None,2019-06-21,2019,RETURNING,True,MDM,2019-06-21,2026-04-17 15:58:34.137922
a5564cb8-832e-49ca-8bc9-4ab0591cef6c,CUST-2019-JP-001558,裕美子,田中,裕美子 田中,Male,1968-11-29,user263.apple99@protonmail.com,28-5061-5858,984 渡辺 Street,横浜市青葉区,世田谷区,488-6730,JP,Japan,JAPAN,Japanese,Consumer,Silver,2019-10-12,2019,RETURNING,True,MDM,2019-10-12,2026-04-17 15:58:34.137924
4011d2d0-8249-42b0-9ac0-9b625023fe6a,CUST-2019-JP-001059,裕太,田中,裕太 田中,Male,1979-11-20,user142.apple@live.com,070-1364-4858,453 山口 Street,三鷹市,袖ケ浦市,414-7378,JP,Japan,JAPAN,Japanese,Consumer,Silver,2019-10-22,2019,RETURNING,True,MDM,2019-10-22,2026-04-17 15:58:34.137925
0dc58c35-bf2b-4fbc-b3dc-f07881800641,CUST-2019-JP-002231,美加子,井上,美加子 井上,Male,1958-07-26,user593.apple@mail.com,080-2930-6907,796 佐藤 Street,板橋区,鴨川市,877-5865,JP,Japan,JAPAN,Japanese,Consumer,None,2019-01-26,2019,RETURNING,True,MDM,2019-01-26,2026-04-17 15:58:34.137927
96adde67-1788-461c-b08d-1d6082d3df66,CUST-2019-JP-001096,零,渡辺,零 渡辺,Male,1995-08-01,user531.apple@icloud.com,080-9594-6097,425 渡辺 Street,白井市,富津市,153-2566,JP,Japan,JAPAN,Japanese,Consumer,None,2019-01-05,2019,RETURNING,True,MDM,2019-01-05,2026-04-17 15:58:34.137929
2b9d5b70-0275-48ed-af90-ffb78a84d400,CUST-2019-JP-002482,陽子,斉藤,陽子 斉藤,Female,1951-10-28,user196.apple@protonmail.com,070-5931-0114,625 後藤 Street,利島村,西多摩郡檜原村,433-3682,JP,Japan,JAPAN,Japanese,Consumer,Gold,2019-04-01,2019,RETURNING,True,MDM,2019-04-01,2026-04-17 15:58:34.137930
b75f9391-510d-416e-ba1d-e6c574b850a2,CUST-2019-JP-002174,健一,前田,健一 前田,Female,1997-03-18,user260.apple542@icloud.com,070-9563-2652,207 田中 Street,八千代市,鴨川市,136-2947,JP,Japan,JAPAN,Japanese,Education,Silver,2019-08-04,2019,RETURNING,True,MDM,2019-08-04,2026-04-17 15:58:34.137931
f62b0ddc-7f74-46ae-84de-6f6de9fcf4bc,CUST-2019-JP-000704,直子,高橋,直子 高橋,Male,1970-11-08,user358.apple@gmx.com,070-3423-6921,885 吉田 Street,香取郡東庄町,福生市,629-2273,JP,Japan,JAPAN,Japanese,Consumer,None,2019-09-10,2019,RETURNING,True,MDM,2019-09-10,2026-04-17 15:58:34.137934
1e50f073-4a29-4861-bd63-1934fade872b,CUST-2019-JP-000608,加奈,池田,加奈 池田,Female,1985-10-14,user811.apple@protonmail.com,070-6413-3837,811 中村 Street,多摩市,長生郡一宮町,677-4050,JP,Japan,JAPAN,Japanese,Education,None,2019-08-18,2019,RETURNING,True,MDM,2019-08-18,2026-04-17 15:58:34.137935
49f02f47-cc2f-484d-9da8-6c9669bde537,CUST-2019-JP-002276,修平,渡辺,修平 渡辺,Female,1983-07-18,user291.apple352@hotmail.com,090-4264-9353,883 高橋 Street,君津市,国立市,002-1664,JP,Japan,JAPAN,Japanese,Consumer,Silver,2019-05-28,2019,RETURNING,True,MDM,2019-05-28,2026-04-17 15:58:34.137937
ae55b837-24a5-43b9-92ec-d9b2ad603af5,CUST-2019-JP-000603,篤司,高橋,篤司 高橋,Female,1953-11-23,user459.apple@outlook.com,45-8007-5668,075 斎藤 Street,板橋区,品川区,823-8148,JP,Japan,JAPAN,Japanese,Business,Platinum,2019-07-08,2019,RETURNING,True,MDM,2019-07-08,2026-04-17 15:58:34.137938
6994bb4b-57ec-46e2-b453-f37dc7939809,CUST-2019-JP-000357,治,中村,治 中村,Male,1966-07-11,user991.apple@zoho.com,070-1513-3976,678 佐々木 Street,世田谷区,匝瑳市,151-5967,JP,Japan,JAPAN,Japanese,Consumer,Silver,2019-06-13,2019,RETURNING,True,MDM,2019-06-13,2026-04-17 15:58:34.137940
89c2fadb-dc6d-4160-9fc4-22cd1dfc0bb0,CUST-2019-JP-001231,亮介,鈴木,亮介 鈴木,Female,1988-04-10,user121.apple@msn.com,090-9320-5020,478 石川 Street,横浜市泉区,北区,606-7740,JP,Japan,JAPAN,Japanese,Business,Gold,2019-02-15,2019,RETURNING,True,MDM,2019-02-15,2026-04-17 15:58:34.137941
e85e5f70-c08e-4614-b921-f9086ebb4d0a,CUST-2019-JP-002371,七夏,近藤,七夏 近藤,Female,1971-07-27,user864.apple@hotmail.com,10-7622-2942,806 松田 Street,長生郡白子町,あきる野市,332-0335,JP,Japan,JAPAN,Japanese,Consumer,Silver,2019-08-24,2019,RETURNING,True,MDM,2019-08-24,2026-04-17 15:58:34.137942
1f53ccf5-8037-434d-902c-98a17620ac22,CUST-2019-JP-002677,美加子,山口,美加子 山口,Male,1991-02-11,user609.apple@outlook.com,88-3635-8253,010 山口 Street,羽村市,袖ケ浦市,055-2344,JP,Japan,JAPAN,Japanese,Consumer,None,2019-12-15,2019,RETURNING,True,MDM,2019-12-15,2026-04-17 15:58:34.137944
7e84ac3c-8e9e-4f1f-8b33-6214659e3265,CUST-2019-JP-000329,陽一,渡辺,陽一 渡辺,Male,1976-07-21,user151.apple@zoho.com,080-6673-2566,756 佐藤 Street,豊島区,板橋区,563-4384,JP,Japan,JAPAN,Japanese,Consumer,Silver,2019-07-31,2019,RETURNING,True,MDM,2019-07-31,2026-04-17 15:58:34.137946
33d142ff-2e8f-44ea-99ad-4832ff4018e0,CUST-2019-JP-000239,亮介,山下,亮介 山下,Male,1957-03-20,user238.apple@msn.com,23-8671-7923,778 佐藤 Street,山武市,狛江市,075-5898,JP,Japan,JAPAN,Japanese,Consumer,None,2019-11-29,2019,RETURNING,True,MDM,2019-11-29,2026-04-17 15:58:34.137947
9ddfe6e0-55c7-474a-90dd-d09cbe4af427,CUST-2019-JP-002683,直人,伊藤,直人 伊藤,Female,1958-11-05,user149.apple@protonmail.com,070-2857-1107,415 斉藤 Street,横浜市栄区,長生郡一宮町,629-9160,JP,Japan,JAPAN,Japanese,Consumer,None,2019-12-25,2019,RETURNING,True,MDM,2019-12-25,2026-04-17 15:58:34.137949
1eb84f5c-1a10-4acc-9dd1-7e50d5f18559,CUST-2019-JP-002199,さゆり,山田,さゆり 山田,Male,2006-01-02,user184.apple@gmail.com,080-4036-5932,369 三浦 Street,夷隅郡御宿町,御蔵島村,676-1717,JP,Japan,JAPAN,Japanese,Consumer,Platinum,2019-03-09,2019,RETURNING,True,MDM,2019-03-09,2026-04-17 15:58:34.137951
3df09e58-97ba-477d-9b7a-7665b1a35bdb,CUST-2019-JP-001691,康弘,近藤,康弘 近藤,Female,1984-07-30,user297.apple209@aol.com,090-5952-4578,870 伊藤 Street,横浜市保土ケ谷区,八丈島八丈町,263-6384,JP,Japan,JAPAN,Japanese,Business,Gold,2019-12-22,2019,RETURNING,False,MDM,2019-12-22,2026-04-17 15:58:34.137952
68c90c51-62e5-4f11-8dd5-7f3a6e799294,CUST-2019-JP-001765,結衣,吉田,結衣 吉田,Female,2005-03-26,user704.apple41@hotmail.com,090-0318-3452,091 佐藤 Street,富里市,品川区,571-4052,JP,Japan,JAPAN,Japanese,Consumer,Silver,2019-01-23,2019,RETURNING,True,MDM,2019-01-23,2026-04-17 15:58:34.137953
70991ef3-2d58-4fb0-9897-6e3d2a2efd33,CUST-2019-JP-001678,学,石井,学 石井,Male,1957-10-21,user101.apple322@gmx.com,070-2730-9741,445 石川 Street,川崎市川崎区,横浜市保土ケ谷区,328-4026,JP,Japan,JAPAN,Japanese,Consumer,Gold,2019-08-22,2019,RETURNING,True,MDM,2019-08-22,2026-04-17 15:58:34.137955
0762c9c6-f8d1-49b5-89ba-e5b2709559d9,CUST-2019-JP-000468,充,岡田,充 岡田,Male,1952-02-16,user237.apple52@live.com,090-1142-5314,970 松本 Street,千代田区,八王子市,100-0762,JP,Japan,JAPAN,Japanese,Consumer,None,2019-06-15,2019,RETURNING,True,MDM,2019-06-15,2026-04-17 15:58:34.137956
7646a3c9-f339-433b-ab24-7abc53db9d42,CUST-2019-JP-002556,知実,佐藤,知実 佐藤,Female,1951-06-25,user473.apple@gmx.com,090-5227-6514,403 清水 Street,墨田区,港区,408-2610,JP,Japan,JAPAN,Japanese,Consumer,None,2019-07-27,2019,RETURNING,True,MDM,2019-07-27,2026-04-17 15:58:34.137958
54fec41c-0200-4ac2-88f9-317a5c08fd3c,CUST-2019-JP-001645,直人,佐藤,直人 佐藤,Female,1951-06-12,user586.apple@outlook.com,07-0281-8889,311 伊藤 Street,香取市,練馬区,124-1198,JP,Japan,JAPAN,Japanese,Consumer,None,2019-06-21,2019,RETURNING,True,MDM,2019-06-21,2026-04-17 15:58:34.137960
8b9c9542-0eb2-4a1b-b849-42cf150c585b,CUST-2019-JP-002279,京助,中村,京助 中村,Male,1973-12-26,user898.apple@msn.com,080-1764-7629,920 斎藤 Street,君津市,横浜市南区,149-1736,JP,Japan,JAPAN,Japanese,Consumer,None,2019-11-29,2019,RETURNING,True,MDM,2019-11-29,2026-04-17 15:58:34.137962
f14eaa04-91ae-4871-9ace-af05e35b38ee,CUST-2019-JP-000122,太一,加藤,太一 加藤,Male,1972-03-19,user669.apple@live.com,85-1455-5887,992 山田 Street,富里市,小平市,388-8576,JP,Japan,JAPAN,Japanese,Consumer,Platinum,2019-10-28,2019,RETURNING,True,MDM,2019-10-28,2026-04-17 15:58:34.137963
fa069763-842d-4756-8cc4-36a8c3d8b015,CUST-2019-JP-001643,充,三浦,充 三浦,Male,1950-10-04,user737.apple455@hotmail.com,080-3407-5270,501 高橋 Street,羽村市,香取郡神崎町,988-4645,JP,Japan,JAPAN,Japanese,Consumer,None,2019-10-26,2019,RETURNING,True,MDM,2019-10-26,2026-04-17 15:58:34.137965
06491ab3-f418-4cc2-9992-01a5b71973b7,CUST-2019-JP-002688,治,阿部,治 阿部,Male,1954-04-21,user155.apple467@mail.com,090-0311-8894,660 鈴木 Street,福生市,印旛郡酒々井町,204-9666,JP,Japan,JAPAN,Japanese,Consumer,Silver,2019-01-31,2019,RETURNING,True,MDM,2019-01-31,2026-04-17 15:58:34.137966
fe71036b-6bf0-4f79-a07b-f02ca79874dc,CUST-2019-JP-002389,太一,山崎,太一 山崎,Male,1961-05-21,user444.apple@yahoo.com,080-8745-9844,247 橋本 Street,新宿区,江戸川区,843-7743,JP,Japan,JAPAN,Japanese,Consumer,None,2019-02-17,2019,RETURNING,True,MDM,2019-02-17,2026-04-17 15:58:34.137968
8c733ec4-9840-4db2-bd11-272f69b68aec,CUST-2019-JP-000089,あすか,伊藤,あすか 伊藤,Male,2000-09-11,user757.apple196@msn.com,42-3741-0710,731 松田 Street,山武郡九十九里町,西多摩郡奥多摩町,987-1164,JP,Japan,JAPAN,Japanese,Consumer,Silver,2019-02-23,2019,RETURNING,True,MDM,2019-02-23,2026-04-17 15:58:34.137970
ba147e05-d874-482b-8c1d-a83611a815df,CUST-2019-JP-000640,零,清水,零 清水,Male,1978-02-12,user162.apple@live.com,080-6472-6516,154 青木 Street,横浜市神奈川区,君津市,661-1232,JP,Japan,JAPAN,Japanese,Consumer,Silver,2019-07-05,2019,RETURNING,True,MDM,2019-07-05,2026-04-17 15:58:34.137971
b8d46919-0879-467d-8769-a28b1f70f8c4,CUST-2019-JP-001659,充,山本,充 山本,Male,1967-03-01,user503.apple@aol.com,080-2403-8723,751 加藤 Street,横浜市鶴見区,川崎市幸区,958-4532,JP,Japan,JAPAN,Japanese,Education,Silver,2019-11-07,2019,RETURNING,False,MDM,2019-11-07,2026-04-17 15:58:34.137973
21ffb208-a0e2-490c-b5a1-62b6b00ada22,CUST-2019-JP-002247,亮介,佐藤,亮介 佐藤,Female,2002-10-13,user273.apple@mail.com,090-1362-8104,048 岡本 Street,印旛郡酒々井町,川崎市幸区,684-5775,JP,Japan,JAPAN,Japanese,Consumer,Silver,2019-07-05,2019,RETURNING,True,MDM,2019-07-05,2026-04-17 15:58:34.137974
18a027da-167f-4703-ac75-8052d1f1a281,CUST-2019-JP-000379,春香,田中,春香 田中,Female,1967-11-06,user119.apple@zoho.com,090-6613-3600,109 藤原 Street,中央区,川崎市多摩区,177-3748,JP,Japan,JAPAN,Japanese,Consumer,None,2019-01-08,2019,RETURNING,True,MDM,2019-01-08,2026-04-17 15:58:34.137976
3cb1a11b-487e-4d33-a602-475272119c59,CUST-2019-JP-001574,淳,石井,淳 石井,Female,1979-12-14,user579.apple199@msn.com,070-2607-9135,435 阿部 Street,長生郡長柄町,横浜市旭区,035-3920,JP,Japan,JAPAN,Japanese,Consumer,None,2019-02-01,2019,RETURNING,True,MDM,2019-02-01,2026-04-17 15:58:34.137977
322eb104-2ade-4187-b4f5-0a53461f922b,CUST-2019-JP-000082,晃,池田,晃 池田,Female,1979-06-27,user617.apple@msn.com,070-1618-7044,626 渡辺 Street,横浜市戸塚区,香取市,790-9490,JP,Japan,JAPAN,Japanese,Consumer,Platinum,2019-01-10,2019,RETURNING,True,MDM,2019-01-10,2026-04-17 15:58:34.137979
f6610ade-6a7a-415f-a3e4-88a1d458bb77,CUST-2019-JP-002695,涼平,吉田,涼平 吉田,Female,1980-11-17,user762.apple@gmx.com,070-6361-5793,538 斎藤 Street,羽村市,白井市,172-5589,JP,Japan,JAPAN,Japanese,Education,Gold,2019-03-13,2019,RETURNING,True,MDM,2019-03-13,2026-04-17 15:58:34.137980
0fc72709-b1fa-41f6-a2d4-092429342ea4,CUST-2019-JP-001396,真綾,山口,真綾 山口,Male,1966-02-22,user724.apple@hotmail.com,090-0444-2024,613 小林 Street,東大和市,千代田区,840-7616,JP,Japan,JAPAN,Japanese,Education,Platinum,2019-04-15,2019,RETURNING,True,MDM,2019-04-15,2026-04-17 15:58:34.137981
6f3737ab-c72b-4b9c-a295-4e1437af28a4,CUST-2019-JP-000036,涼平,佐藤,涼平 佐藤,Male,1964-01-17,user153.apple@zoho.com,080-5457-1250,498 加藤 Street,横浜市旭区,川崎市中原区,795-9582,JP,Japan,JAPAN,Japanese,Consumer,None,2019-07-30,2019,RETURNING,True,MDM,2019-07-30,2026-04-17 15:58:34.137983
3330189d-9eb6-4d65-8566-3f777dc4f288,CUST-2019-JP-000292,浩,中川,浩 中川,Male,1956-01-16,user201.apple@protonmail.com,090-2692-8333,234 佐藤 Street,御蔵島村,新島村,877-2584,JP,Japan,JAPAN,Japanese,Consumer,Silver,2019-04-14,2019,RETURNING,True,MDM,2019-04-14,2026-04-17 15:58:34.137984
d78cf265-b20e-47a7-b730-37a564c2f7ad,CUST-2019-JP-002408,京助,青木,京助 青木,Female,1986-08-09,user393.apple@msn.com,080-3312-1858,670 清水 Street,八千代市,四街道市,747-5463,JP,Japan,JAPAN,Japanese,Business,Gold,2019-09-06,2019,RETURNING,True,MDM,2019-09-06,2026-04-17 15:58:34.137986
1f00ee68-8c21-4ad1-a33e-bea24869c17b,CUST-2019-JP-001006,知実,中島,知実 中島,Male,1962-11-14,user528.apple@gmail.com,080-6778-0815,049 松本 Street,鴨川市,豊島区,576-9436,JP,Japan,JAPAN,Japanese,Consumer,None,2019-08-27,2019,RETURNING,True,MDM,2019-08-27,2026-04-17 15:58:34.137988
42263ac6-cb78-4be7-9173-e3991c7af177,CUST-2019-JP-001725,千代,福田,千代 福田,Male,1989-03-20,user898.apple@hotmail.com,72-8722-0225,302 青木 Street,長生郡長生村,新島村,215-3720,JP,Japan,JAPAN,Japanese,Business,None,2019-07-06,2019,RETURNING,True,MDM,2019-07-06,2026-04-17 15:58:34.137989
5e712c00-6ed3-409b-9538-5971747377a4,CUST-2019-JP-002476,裕美子,山本,裕美子 山本,Female,1960-07-18,user507.apple756@aol.com,080-7402-2589,692 井上 Street,鎌ケ谷市,西多摩郡檜原村,101-0089,JP,Japan,JAPAN,Japanese,Business,None,2019-12-27,2019,RETURNING,True,MDM,2019-12-27,2026-04-17 15:58:34.137991
7767499c-1597-4ed5-a3f2-8d560d5a7cbe,CUST-2019-JP-001397,洋介,中島,洋介 中島,Female,1970-12-22,user271.apple@live.com,03-8677-1551,118 高橋 Street,武蔵村山市,江戸川区,435-6567,JP,Japan,JAPAN,Japanese,Consumer,Gold,2019-03-02,2019,RETURNING,True,MDM,2019-03-02,2026-04-17 15:58:34.137992
320b7030-0923-4eb0-a847-f6060b7e129c,CUST-2019-JP-002421,裕美子,石川,裕美子 石川,Female,1986-08-15,user479.apple@icloud.com,070-0601-9903,092 佐藤 Street,横浜市瀬谷区,横浜市泉区,403-1162,JP,Japan,JAPAN,Japanese,Business,None,2019-03-28,2019,RETURNING,True,MDM,2019-03-28,2026-04-17 15:58:34.137994
7a0f54bb-61d0-40b5-9237-a27783bc3d8c,CUST-2019-JP-001367,千代,藤井,千代 藤井,Male,1962-02-01,user260.apple367@protonmail.com,070-4120-6384,001 渡辺 Street,横浜市旭区,小笠原村,697-1807,JP,Japan,JAPAN,Japanese,Consumer,Silver,2019-04-20,2019,RETURNING,True,MDM,2019-04-20,2026-04-17 15:58:34.137995
32ebe938-0f89-43c4-a883-28b4c1a583ae,CUST-2019-JP-001199,京助,吉田,京助 吉田,Male,1960-11-21,user784.apple524@hotmail.com,080-4681-8097,151 橋本 Street,東大和市,安房郡鋸南町,528-1456,JP,Japan,JAPAN,Japanese,Consumer,None,2019-07-27,2019,RETURNING,True,MDM,2019-07-27,2026-04-17 15:58:34.137997
9c37d3f0-c43a-4d43-9b3d-b00e8ad45810,CUST-2019-JP-002085,淳,佐藤,淳 佐藤,Male,1978-03-22,user204.apple@outlook.com,60-2810-7162,796 藤田 Street,北区,世田谷区,371-9182,JP,Japan,JAPAN,Japanese,Consumer,None,2019-01-26,2019,RETURNING,True,MDM,2019-01-26,2026-04-17 15:58:34.137999
b6e352b5-ef98-4ab2-9cff-a6a6d4814919,CUST-2019-JP-001835,晃,斎藤,晃 斎藤,Female,1991-03-15,user739.apple@protonmail.com,79-1566-9821,319 中村 Street,匝瑳市,長生郡白子町,940-5272,JP,Japan,JAPAN,Japanese,Education,Silver,2019-10-28,2019,RETURNING,True,MDM,2019-10-28,2026-04-17 15:58:34.138001
0c3dd66e-7b59-465b-aca7-1ccb213e945c,CUST-2019-JP-000317,浩,三浦,浩 三浦,Male,1954-10-27,user370.apple@outlook.com,090-6361-0571,639 岡田 Street,東大和市,台東区,754-6432,JP,Japan,JAPAN,Japanese,Consumer,None,2019-01-26,2019,RETURNING,True,MDM,2019-01-26,2026-04-17 15:58:34.138002
841abf18-6d46-421e-a192-314ca3ca8c74,CUST-2019-JP-002573,篤司,井上,篤司 井上,Female,2002-02-18,user525.apple@msn.com,090-3817-2800,125 田中 Street,八王子市,印旛郡本埜村,354-8982,JP,Japan,JAPAN,Japanese,Business,None,2019-11-11,2019,RETURNING,True,MDM,2019-11-11,2026-04-17 15:58:34.138004
57948af7-e1d5-4cbb-82f9-e4180bc50bfc,CUST-2019-JP-000831,直子,清水,直子 清水,Female,1953-01-05,user471.apple@icloud.com,080-4622-9733,384 佐藤 Street,小平市,神津島村,736-2972,JP,Japan,JAPAN,Japanese,Consumer,None,2019-02-20,2019,RETURNING,True,MDM,2019-02-20,2026-04-17 15:58:34.138006
dad14b20-6de3-411e-acd0-c72bc39850d2,CUST-2019-JP-002764,治,太田,治 太田,Male,1976-04-03,user129.apple166@yahoo.com,61-3487-8949,514 清水 Street,川崎市高津区,川崎市川崎区,126-4456,JP,Japan,JAPAN,Japanese,Business,None,2019-08-13,2019,RETURNING,True,MDM,2019-08-13,2026-04-17 15:58:34.138007
ad45ae77-fc18-4f98-b4a5-bc3cb7c33346,CUST-2019-JP-000766,稔,山下,稔 山下,Male,1962-05-20,user237.apple945@gmail.com,85-7211-5998,051 鈴木 Street,山武市,香取郡神崎町,196-1737,JP,Japan,JAPAN,Japanese,Consumer,Silver,2019-02-22,2019,RETURNING,True,MDM,2019-02-22,2026-04-17 15:58:34.138009
c7b83cbd-ddff-4665-b951-29e7ce072f41,CUST-2019-JP-001867,加奈,村上,加奈 村上,Female,2003-04-13,user725.apple522@mail.com,070-7562-8823,775 石井 Street,稲城市,西多摩郡瑞穂町,046-9830,JP,Japan,JAPAN,Japanese,Business,Silver,2019-04-25,2019,RETURNING,True,MDM,2019-04-25,2026-04-17 15:58:34.138010
684cb43e-33c5-4193-8717-61bbb578ec60,CUST-2019-JP-002523,淳,伊藤,淳 伊藤,Female,1993-10-08,user647.apple@icloud.com,080-5642-3169,643 山本 Street,印旛郡栄町,川崎市川崎区,401-0897,JP,Japan,JAPAN,Japanese,Consumer,None,2019-05-23,2019,RETURNING,True,MDM,2019-05-23,2026-04-17 15:58:34.138012
357d548b-1430-493d-8bf6-b76a83253183,CUST-2019-JP-000237,充,中島,充 中島,Female,1981-05-05,user291.apple@msn.com,080-3977-9116,706 渡辺 Street,東久留米市,目黒区,212-2156,JP,Japan,JAPAN,Japanese,Business,Platinum,2019-10-14,2019,RETURNING,True,MDM,2019-10-14,2026-04-17 15:58:34.138013
bb6714b0-bf6b-4fb8-a758-2da2740433ab,CUST-2019-JP-000931,晃,高橋,晃 高橋,Female,2006-03-12,user564.apple@gmx.com,080-2830-1490,603 吉田 Street,町田市,横浜市緑区,247-5547,JP,Japan,JAPAN,Japanese,Consumer,None,2019-06-08,2019,RETURNING,True,MDM,2019-06-08,2026-04-17 15:58:34.138015
8383ad32-d056-43e0-9dfb-0f2b5ae5cd07,CUST-2019-JP-000402,篤司,村上,篤司 村上,Female,1991-07-02,user845.apple971@msn.com,080-8765-0399,330 鈴木 Street,君津市,八丈島八丈町,215-0967,JP,Japan,JAPAN,Japanese,Consumer,Platinum,2019-06-19,2019,RETURNING,True,MDM,2019-06-19,2026-04-17 15:58:34.138016
c1a21ddc-e6e2-4b72-88fc-8442eb2f7ea7,CUST-2019-JP-002308,結衣,佐藤,結衣 佐藤,Female,1984-05-27,user303.apple@zoho.com,090-6419-1315,341 前田 Street,富里市,羽村市,241-4001,JP,Japan,JAPAN,Japanese,Consumer,None,2019-06-23,2019,RETURNING,True,MDM,2019-06-23,2026-04-17 15:58:34.138018
d015eeb8-4080-4cec-b3d7-c2fa069a282c,CUST-2019-JP-001356,亮介,鈴木,亮介 鈴木,Male,2001-10-01,user620.apple364@outlook.com,090-5756-7117,889 坂本 Street,香取市,長生郡一宮町,456-7189,JP,Japan,JAPAN,Japanese,Education,None,2019-10-03,2019,RETURNING,True,MDM,2019-10-03,2026-04-17 15:58:34.138020
3902d655-3571-46f0-87e7-2e0e410a4f6f,CUST-2019-JP-000518,聡太郎,山本,聡太郎 山本,Male,1994-08-27,user954.apple@hotmail.com,090-8870-2547,913 佐藤 Street,我孫子市,三鷹市,625-7393,JP,Japan,JAPAN,Japanese,Consumer,Silver,2019-09-15,2019,RETURNING,True,MDM,2019-09-15,2026-04-17 15:58:34.138021
959154bc-a798-4e84-a97c-d84354b0e4f4,CUST-2019-JP-000957,さゆり,伊藤,さゆり 伊藤,Female,2005-11-12,user253.apple@gmx.com,090-3363-4012,413 小林 Street,日野市,大島町,729-0809,JP,Japan,JAPAN,Japanese,Consumer,None,2019-03-26,2019,RETURNING,True,MDM,2019-03-26,2026-04-17 15:58:34.138023
a5a6bd12-97a6-427d-b85a-8e13d95526bd,CUST-2019-JP-001900,春香,藤田,春香 藤田,Female,1966-12-08,user326.apple@msn.com,090-2852-7647,768 藤田 Street,西多摩郡檜原村,川崎市多摩区,320-2780,JP,Japan,JAPAN,Japanese,Business,Silver,2019-10-20,2019,RETURNING,True,MDM,2019-10-20,2026-04-17 15:58:34.138024
60369a8b-72dd-4f58-a4da-ea993d16a08c,CUST-2019-JP-000436,英樹,鈴木,英樹 鈴木,Female,1987-06-20,user284.apple@mail.com,090-7387-5413,281 伊藤 Street,多摩市,立川市,556-7179,JP,Japan,JAPAN,Japanese,Consumer,Gold,2019-07-06,2019,RETURNING,True,MDM,2019-07-06,2026-04-17 15:58:34.138026
9f828478-f2ec-4aff-8cd2-d59baa24a29b,CUST-2019-JP-002356,太郎,渡辺,太郎 渡辺,Female,1961-05-05,user244.apple@mail.com,070-1161-7942,108 吉田 Street,横浜市鶴見区,横浜市戸塚区,567-6302,JP,Japan,JAPAN,Japanese,Consumer,None,2019-06-12,2019,RETURNING,True,MDM,2019-06-12,2026-04-17 15:58:34.138027
2a003b67-4d51-4cf8-80cb-b238fe724adc,CUST-2019-JP-002006,知実,小林,知実 小林,Male,1969-05-31,user920.apple@protonmail.com,77-8836-5860,984 渡辺 Street,三宅島三宅村,小笠原村,765-7725,JP,Japan,JAPAN,Japanese,Education,Gold,2019-06-17,2019,RETURNING,True,MDM,2019-06-17,2026-04-17 15:58:34.138029
78576365-93d5-4c8a-b70e-da07e30580e8,CUST-2019-JP-000147,春香,加藤,春香 加藤,Male,1999-10-20,user723.apple@mail.com,070-0118-8750,454 森 Street,夷隅郡大多喜町,青ヶ島村,097-7237,JP,Japan,JAPAN,Japanese,Education,Silver,2019-11-30,2019,RETURNING,False,MDM,2019-11-30,2026-04-17 15:58:34.138030
0c4933a0-438f-4196-83a4-8e50d1b5d3e6,CUST-2019-JP-002779,淳,鈴木,淳 鈴木,Female,1966-07-09,user325.apple759@aol.com,070-6093-3458,394 山田 Street,横浜市中区,府中市,936-9743,JP,Japan,JAPAN,Japanese,Consumer,Silver,2019-04-15,2019,RETURNING,True,MDM,2019-04-15,2026-04-17 15:58:34.138032
3a9de366-bb39-43fa-a802-000110335da5,CUST-2019-JP-002101,里佳,伊藤,里佳 伊藤,Female,1958-10-20,user188.apple@mail.com,080-0797-2729,736 渡辺 Street,三宅島三宅村,袖ケ浦市,138-2034,JP,Japan,JAPAN,Japanese,Consumer,None,2019-06-19,2019,RETURNING,True,MDM,2019-06-19,2026-04-17 15:58:34.138034
fd38e08e-c16d-406b-aabd-7ab15a9b55c7,CUST-2019-JP-000979,くみ子,橋本,くみ子 橋本,Male,1951-08-28,user871.apple@yahoo.com,070-8169-4844,550 山本 Street,横浜市瀬谷区,横浜市中区,537-8827,JP,Japan,JAPAN,Japanese,Consumer,None,2019-04-22,2019,RETURNING,True,MDM,2019-04-22,2026-04-17 15:58:34.138035
ab8731cb-fd76-4fd0-8f7d-1ff8476f9f78,CUST-2019-JP-000213,涼平,斎藤,涼平 斎藤,Female,1959-11-09,user590.apple283@msn.com,56-9997-1411,575 藤田 Street,港区,八街市,775-8966,JP,Japan,JAPAN,Japanese,Business,None,2019-03-19,2019,RETURNING,True,MDM,2019-03-19,2026-04-17 15:58:34.138037
0f2c09e3-e7aa-4a39-bbbd-33ca87d447a9,CUST-2019-JP-001621,亮介,岡田,亮介 岡田,Female,1973-10-08,user582.apple@protonmail.com,24-7023-1856,245 石井 Street,横浜市青葉区,立川市,696-2228,JP,Japan,JAPAN,Japanese,Consumer,Gold,2019-01-08,2019,RETURNING,True,MDM,2019-01-08,2026-04-17 15:58:34.138039
9d509e0a-3b8e-48b6-aff9-64b66e3da273,CUST-2019-JP-000337,裕太,三浦,裕太 三浦,Female,1988-12-23,user739.apple@outlook.com,71-7640-0327,287 佐藤 Street,北区,大島町,296-9277,JP,Japan,JAPAN,Japanese,Education,None,2019-03-16,2019,RETURNING,True,MDM,2019-03-16,2026-04-17 15:58:34.138040
81d7f0f2-0184-4f93-bd00-dd078fc5d485,CUST-2019-JP-000485,治,斉藤,治 斉藤,Female,1965-08-17,user653.apple@yahoo.com,56-7224-5144,717 村上 Street,御蔵島村,杉並区,443-9869,JP,Japan,JAPAN,Japanese,Consumer,Gold,2019-05-03,2019,RETURNING,True,MDM,2019-05-03,2026-04-17 15:58:34.138042
9e3b354e-02fa-4dd6-91d4-44d7a5582483,CUST-2019-JP-001024,花子,高橋,花子 高橋,Female,1956-11-24,user484.apple@mail.com,090-1441-4108,879 木村 Street,神津島村,横浜市緑区,272-5278,JP,Japan,JAPAN,Japanese,Consumer,Silver,2019-06-20,2019,RETURNING,True,MDM,2019-06-20,2026-04-17 15:58:34.138043
fdb11a5b-22e6-47a1-a5df-6da6709269ff,CUST-2019-JP-001229,さゆり,佐藤,さゆり 佐藤,Male,1987-11-10,user926.apple555@live.com,070-2965-4705,278 井上 Street,荒川区,横浜市保土ケ谷区,120-1234,JP,Japan,JAPAN,Japanese,Business,Platinum,2019-05-19,2019,RETURNING,True,MDM,2019-05-19,2026-04-17 15:58:34.138044
8f8cde40-1b14-43d0-8748-9d25568eeef2,CUST-2019-JP-000353,涼平,山田,涼平 山田,Male,1959-02-10,user647.apple917@outlook.com,090-7679-7279,042 後藤 Street,横浜市中区,新島村,953-2317,JP,Japan,JAPAN,Japanese,Business,Platinum,2019-03-19,2019,RETURNING,False,MDM,2019-03-19,2026-04-17 15:58:34.138046
9d1b08dd-9367-41ee-a141-1a2feaaf66e7,CUST-2019-JP-000398,稔,吉田,稔 吉田,Male,1982-03-11,user921.apple@aol.com,090-6519-2588,078 山田 Street,品川区,印西市,570-2487,JP,Japan,JAPAN,Japanese,Business,None,2019-06-15,2019,RETURNING,True,MDM,2019-06-15,2026-04-17 15:58:34.138048
5a40e58b-c0d7-4beb-a960-ced7e057083e,CUST-2019-JP-000069,康弘,山本,康弘 山本,Male,1961-06-24,user304.apple575@gmail.com,070-4554-1561,530 阿部 Street,千代田区,港区,313-2995,JP,Japan,JAPAN,Japanese,Education,Silver,2019-09-24,2019,RETURNING,True,MDM,2019-09-24,2026-04-17 15:58:34.138049
d243f4d4-0702-489e-a0b0-7a1d6e303476,CUST-2019-JP-001202,拓真,伊藤,拓真 伊藤,Female,1983-11-26,user751.apple@live.com,090-3394-5119,872 吉田 Street,練馬区,国立市,949-4281,JP,Japan,JAPAN,Japanese,Consumer,Gold,2019-12-28,2019,RETURNING,True,MDM,2019-12-28,2026-04-17 15:58:34.138050
017d6a59-a1c8-4852-8e4d-3504b63c8294,CUST-2019-JP-001991,明美,木村,明美 木村,Female,1993-08-23,user693.apple@msn.com,080-2613-7754,724 石井 Street,横浜市緑区,横浜市保土ケ谷区,721-8194,JP,Japan,JAPAN,Japanese,Consumer,Gold,2019-10-06,2019,RETURNING,True,MDM,2019-10-06,2026-04-17 15:58:34.138052
a3e21d56-4fec-4a1c-88d8-48c8ecae3098,CUST-2019-JP-001423,学,田中,学 田中,Female,1975-11-04,user697.apple@protonmail.com,080-7955-0432,142 加藤 Street,長生郡長生村,西多摩郡檜原村,171-6342,JP,Japan,JAPAN,Japanese,Business,None,2019-05-09,2019,RETURNING,True,MDM,2019-05-09,2026-04-17 15:58:34.138054
79b11c65-91a6-44cf-b767-57ff55f3186f,CUST-2019-JP-002009,太一,清水,太一 清水,Female,1999-10-21,user820.apple@gmx.com,49-2421-6424,037 小林 Street,羽村市,葛飾区,640-2027,JP,Japan,JAPAN,Japanese,Business,None,2019-03-06,2019,RETURNING,True,MDM,2019-03-06,2026-04-17 15:58:34.138055
83496044-614d-4671-a478-fac6e3047bf4,CUST-2019-JP-002399,花子,高橋,花子 高橋,Female,1965-12-16,user921.apple229@zoho.com,42-5618-1603,492 鈴木 Street,鎌ケ谷市,墨田区,260-2355,JP,Japan,JAPAN,Japanese,Business,Silver,2019-12-30,2019,RETURNING,True,MDM,2019-12-30,2026-04-17 15:58:34.138058
7cfbc92b-c814-4ab8-8bec-9dc978c79d36,CUST-2019-JP-000029,陽子,森,陽子 森,Male,1990-07-05,user833.apple114@aol.com,090-6049-6443,981 佐藤 Street,横浜市磯子区,港区,578-6153,JP,Japan,JAPAN,Japanese,Consumer,Gold,2019-09-13,2019,RETURNING,True,MDM,2019-09-13,2026-04-17 15:58:34.138059
45f1080c-9b6d-4d47-8c8b-7bfe6c963198,CUST-2019-JP-001872,陽一,木村,陽一 木村,Male,2003-09-16,user589.apple@hotmail.com,070-9290-5522,190 田中 Street,長生郡一宮町,夷隅郡大多喜町,792-1103,JP,Japan,JAPAN,Japanese,Business,Silver,2019-12-19,2019,RETURNING,True,MDM,2019-12-19,2026-04-17 15:58:34.138061
24074670-ae50-4806-b513-4f155b42e0c7,CUST-2019-JP-000085,直樹,井上,直樹 井上,Male,1985-05-03,user143.apple@yahoo.com,070-0888-0447,136 山口 Street,東久留米市,荒川区,090-2962,JP,Japan,JAPAN,Japanese,Consumer,None,2019-01-16,2019,RETURNING,True,MDM,2019-01-16,2026-04-17 15:58:34.138065
8487023c-6922-44bb-b9d0-5ea1dd7e2a4c,CUST-2019-JP-000774,稔,阿部,稔 阿部,Male,1963-02-28,user493.apple39@gmail.com,070-2986-0626,629 小川 Street,横浜市磯子区,川崎市川崎区,793-8660,JP,Japan,JAPAN,Japanese,Business,None,2019-04-10,2019,RETURNING,True,MDM,2019-04-10,2026-04-17 15:58:34.138067
0a02591c-fbd6-4db6-9995-d2fee9c70168,CUST-2019-JP-000801,裕樹,太田,裕樹 太田,Male,2006-08-10,user107.apple784@msn.com,29-3094-4443,741 中村 Street,世田谷区,千代田区,366-6622,JP,Japan,JAPAN,Japanese,Consumer,None,2019-12-30,2019,RETURNING,True,MDM,2019-12-30,2026-04-17 15:58:34.138069
0f6778a6-a444-461d-ba63-e68426ccc3d7,CUST-2019-JP-001448,太一,木村,太一 木村,Male,1984-03-28,user834.apple686@hotmail.com,74-2391-8670,919 佐藤 Street,香取市,横浜市戸塚区,273-0598,JP,Japan,JAPAN,Japanese,Consumer,None,2019-01-11,2019,RETURNING,True,MDM,2019-01-11,2026-04-17 15:58:34.138071
7f2fbc82-a2f6-44d5-97ee-40fb4413b9fa,CUST-2019-JP-002507,学,池田,学 池田,Female,1968-04-15,user164.apple@aol.com,37-8077-0370,472 岡田 Street,山武郡九十九里町,印旛郡印旛村,356-5779,JP,Japan,JAPAN,Japanese,Consumer,Silver,2019-06-26,2019,RETURNING,True,MDM,2019-06-26,2026-04-17 15:58:34.138072
baae5724-98b9-4c47-b074-d5df471c09ab,CUST-2019-JP-000230,舞,藤田,舞 藤田,Male,1967-05-07,user646.apple@live.com,070-6310-3521,783 松本 Street,西東京市,新宿区,970-2299,JP,Japan,JAPAN,Japanese,Consumer,None,2019-05-09,2019,RETURNING,True,MDM,2019-05-09,2026-04-17 15:58:34.138074
c0ffdaa9-c99c-401b-b4d6-5bd28bf04651,CUST-2019-JP-001704,くみ子,高橋,くみ子 高橋,Female,1966-07-20,user356.apple38@aol.com,080-9508-1320,368 高橋 Street,印旛郡酒々井町,いすみ市,650-3567,JP,Japan,JAPAN,Japanese,Education,Silver,2019-02-21,2019,RETURNING,True,MDM,2019-02-21,2026-04-17 15:58:34.138075
82da527b-aff6-4f34-aa5e-81cf22ac2fe1,CUST-2019-JP-000887,零,佐藤,零 佐藤,Female,1989-02-23,user559.apple317@icloud.com,40-7979-1763,500 遠藤 Street,香取郡神崎町,三鷹市,416-3632,JP,Japan,JAPAN,Japanese,Consumer,None,2019-05-27,2019,RETURNING,True,MDM,2019-05-27,2026-04-17 15:58:34.138077
5b431e29-986f-46f8-8955-c4998ef57977,CUST-2019-JP-001983,陽一,佐藤,陽一 佐藤,Male,1950-05-12,user314.apple@outlook.com,70-6316-6499,810 林 Street,横浜市保土ケ谷区,横浜市瀬谷区,797-6831,JP,Japan,JAPAN,Japanese,Consumer,None,2019-06-24,2019,RETURNING,True,MDM,2019-06-24,2026-04-17 15:58:34.138078
5b13e483-adcb-4b02-acbc-248db3213e8c,CUST-2019-JP-000960,真綾,林,真綾 林,Female,1963-10-05,user698.apple751@live.com,080-9728-4248,064 村上 Street,江東区,匝瑳市,676-4708,JP,Japan,JAPAN,Japanese,Consumer,None,2019-02-17,2019,RETURNING,True,MDM,2019-02-17,2026-04-17 15:58:34.138080
6b915ed3-21bc-44d2-ab8f-402066e636ba,CUST-2019-JP-002185,真綾,斉藤,真綾 斉藤,Female,1995-02-18,user229.apple@mail.com,070-7194-0779,040 山口 Street,国分寺市,あきる野市,923-7145,JP,Japan,JAPAN,Japanese,Consumer,Gold,2019-03-12,2019,RETURNING,True,MDM,2019-03-12,2026-04-17 15:58:34.138082
f4b9b6f9-1367-4b83-9c74-752a03394231,CUST-2019-JP-000745,修平,松本,修平 松本,Female,1993-02-09,user784.apple326@gmx.com,080-2023-8443,935 斉藤 Street,練馬区,武蔵野市,486-0021,JP,Japan,JAPAN,Japanese,Consumer,Platinum,2019-10-06,2019,RETURNING,True,MDM,2019-10-06,2026-04-17 15:58:34.138083
a7f6e822-37ef-46fe-a228-83e082e8583e,CUST-2019-JP-001670,零,山口,零 山口,Male,1984-06-08,user491.apple@icloud.com,080-0404-4777,933 藤田 Street,安房郡鋸南町,足立区,496-8336,JP,Japan,JAPAN,Japanese,Consumer,Silver,2019-09-03,2019,RETURNING,True,MDM,2019-09-03,2026-04-17 15:58:34.138084
c497e2d3-0166-45b3-b707-8a026cde5592,CUST-2019-JP-001048,春香,伊藤,春香 伊藤,Male,1961-09-13,user189.apple723@mail.com,080-8864-6412,610 山田 Street,羽村市,福生市,706-7645,JP,Japan,JAPAN,Japanese,Consumer,None,2019-07-07,2019,RETURNING,True,MDM,2019-07-07,2026-04-17 15:58:34.138086
8a78a878-714c-4036-a9a2-6717f98f03a4,CUST-2019-JP-001535,裕美子,松本,裕美子 松本,Male,1974-07-04,user719.apple@protonmail.com,090-6759-8404,371 山下 Street,横浜市南区,練馬区,205-3029,JP,Japan,JAPAN,Japanese,Consumer,Platinum,2019-12-23,2019,RETURNING,True,MDM,2019-12-23,2026-04-17 15:58:34.138087
6fedae53-c78e-4ece-ae45-56b842864b54,CUST-2019-JP-001758,太一,田中,太一 田中,Male,1960-12-13,user237.apple@hotmail.com,070-6978-4948,937 佐藤 Street,小笠原村,三鷹市,325-8285,JP,Japan,JAPAN,Japanese,Consumer,None,2019-01-03,2019,RETURNING,True,MDM,2019-01-03,2026-04-17 15:58:34.138089
9fd3c8e2-72ca-4344-913d-949c3952ae97,CUST-2019-JP-002078,七夏,加藤,七夏 加藤,Female,1984-07-23,user512.apple@gmx.com,090-3132-2590,278 岡本 Street,千代田区,長生郡長生村,440-2478,JP,Japan,JAPAN,Japanese,Education,Gold,2019-03-05,2019,RETURNING,True,MDM,2019-03-05,2026-04-17 15:58:34.138091
226f7cbd-c203-42ea-b5b5-fc57f1875a09,CUST-2019-JP-001067,裕美子,高橋,裕美子 高橋,Female,1989-04-29,user229.apple@mail.com,070-2027-4760,050 佐々木 Street,横浜市戸塚区,日野市,709-3482,JP,Japan,JAPAN,Japanese,Business,Silver,2019-10-25,2019,RETURNING,True,MDM,2019-10-25,2026-04-17 15:58:34.138092
d5901eff-93dc-4bf7-b448-dba1f6243622,CUST-2019-JP-000174,太郎,伊藤,太郎 伊藤,Female,1983-04-06,user203.apple@zoho.com,090-9613-8149,787 藤井 Street,富津市,八丈島八丈町,466-3641,JP,Japan,JAPAN,Japanese,Education,None,2019-08-30,2019,RETURNING,True,MDM,2019-08-30,2026-04-17 15:58:34.138094
33d6598c-770a-4f17-99a8-eca14fc3acad,CUST-2019-JP-002649,舞,渡辺,舞 渡辺,Male,1971-01-10,user576.apple590@protonmail.com,080-1096-2865,917 高橋 Street,渋谷区,横浜市保土ケ谷区,873-7499,JP,Japan,JAPAN,Japanese,Consumer,Silver,2019-03-02,2019,RETURNING,True,MDM,2019-03-02,2026-04-17 15:58:34.138095
445e08f1-c5cf-4242-add2-b8a238f8fd2f,CUST-2019-JP-001042,篤司,中川,篤司 中川,Male,1955-11-29,user659.apple389@yahoo.com,65-5924-7628,677 加藤 Street,八丈島八丈町,長生郡睦沢町,691-6317,JP,Japan,JAPAN,Japanese,Education,Silver,2019-05-05,2019,RETURNING,True,MDM,2019-05-05,2026-04-17 15:58:34.138096
b4116331-5f12-44ff-a6bc-97ac3fc15990,CUST-2019-JP-000950,翔太,後藤,翔太 後藤,Female,1960-10-21,user947.apple550@outlook.com,11-2430-9106,784 鈴木 Street,袖ケ浦市,港区,554-1905,JP,Japan,JAPAN,Japanese,Consumer,Silver,2019-09-06,2019,RETURNING,True,MDM,2019-09-06,2026-04-17 15:58:34.138098
59b31b9b-ee3f-46f0-93bd-2c0f03364489,CUST-2019-JP-000782,翼,池田,翼 池田,Female,1954-02-20,user664.apple@yahoo.com,090-3602-7979,410 渡辺 Street,横浜市青葉区,清瀬市,916-1865,JP,Japan,JAPAN,Japanese,Business,None,2019-03-27,2019,RETURNING,True,MDM,2019-03-27,2026-04-17 15:58:34.138099
f4114d3c-01a6-46e7-8575-d4ababe9faf5,CUST-2019-JP-000293,千代,斉藤,千代 斉藤,Male,1963-11-21,user366.apple@msn.com,090-0114-5705,122 鈴木 Street,横浜市戸塚区,豊島区,724-3360,JP,Japan,JAPAN,Japanese,Education,Gold,2019-01-27,2019,RETURNING,True,MDM,2019-01-27,2026-04-17 15:58:34.138101
cbc6be43-4f6f-4099-a543-4d8c76bb236f,CUST-2019-JP-000396,京助,吉田,京助 吉田,Female,1970-06-01,user204.apple558@aol.com,090-5535-0754,377 福田 Street,練馬区,川崎市幸区,229-5584,JP,Japan,JAPAN,Japanese,Consumer,None,2019-03-09,2019,RETURNING,True,MDM,2019-03-09,2026-04-17 15:58:34.138103
32a16c23-bb83-4dec-aeb0-5225f76c6685,CUST-2019-JP-000813,裕樹,中島,裕樹 中島,Female,2000-09-20,user883.apple@hotmail.com,77-7451-1927,596 高橋 Street,横浜市戸塚区,目黒区,729-9363,JP,Japan,JAPAN,Japanese,Consumer,None,2019-01-13,2019,RETURNING,True,MDM,2019-01-13,2026-04-17 15:58:34.138105
f8645ab2-0347-4c05-a949-542d3ad33cec,CUST-2019-JP-001886,さゆり,佐藤,さゆり 佐藤,Female,1965-09-28,user721.apple@msn.com,070-4601-8203,175 中島 Street,国立市,練馬区,584-0312,JP,Japan,JAPAN,Japanese,Consumer,None,2019-09-28,2019,RETURNING,True,MDM,2019-09-28,2026-04-17 15:58:34.138107
a9b79f98-358a-4f08-944a-f819857c2249,CUST-2019-JP-001309,聡太郎,山本,聡太郎 山本,Female,2002-04-03,user455.apple597@yahoo.com,090-6411-9919,393 林 Street,横浜市港南区,君津市,879-1119,JP,Japan,JAPAN,Japanese,Education,Platinum,2019-08-28,2019,RETURNING,True,MDM,2019-08-28,2026-04-17 15:58:34.138108
8a3fd9ba-c5ad-4c9b-ba01-4bee2475f66a,CUST-2019-JP-001711,結衣,藤原,結衣 藤原,Female,1954-12-13,user238.apple62@outlook.com,070-6045-2417,364 石井 Street,浦安市,新島村,369-1292,JP,Japan,JAPAN,Japanese,Consumer,None,2019-05-27,2019,RETURNING,True,MDM,2019-05-27,2026-04-17 15:58:34.138110
2f29588f-a7f9-4e43-8489-5f751369b802,CUST-2019-JP-001221,涼平,橋本,涼平 橋本,Male,1952-05-18,user213.apple@zoho.com,080-4492-2635,102 伊藤 Street,横浜市磯子区,足立区,485-5525,JP,Japan,JAPAN,Japanese,Consumer,Platinum,2019-01-18,2019,RETURNING,True,MDM,2019-01-18,2026-04-17 15:58:34.138111
f8214fa3-f742-4dfc-980a-b3a43597bc3e,CUST-2019-JP-001052,幹,藤原,幹 藤原,Male,1957-01-05,user335.apple@protonmail.com,070-5162-3242,661 藤田 Street,横浜市保土ケ谷区,新島村,518-1101,JP,Japan,JAPAN,Japanese,Business,None,2019-11-27,2019,RETURNING,True,MDM,2019-11-27,2026-04-17 15:58:34.138113
07e0a09c-978e-4f94-a8a1-4321d184df0c,CUST-2019-JP-002054,舞,渡辺,舞 渡辺,Female,1962-04-08,user500.apple963@live.com,080-9461-2183,853 小林 Street,横浜市鶴見区,横浜市中区,526-1812,JP,Japan,JAPAN,Japanese,Business,Platinum,2019-10-07,2019,RETURNING,True,MDM,2019-10-07,2026-04-17 15:58:34.138114
fdae9fcc-b53a-4fa3-829d-2a34042b1f0b,CUST-2019-JP-002405,翔太,中村,翔太 中村,Female,1975-08-21,user422.apple@icloud.com,070-9467-5883,755 松本 Street,東村山市,小金井市,673-9637,JP,Japan,JAPAN,Japanese,Consumer,Gold,2019-11-17,2019,RETURNING,True,MDM,2019-11-17,2026-04-17 15:58:34.138116
bf87b6ab-fd7a-49f9-9eb1-21f0b203679e,CUST-2019-JP-002315,陽一,渡辺,陽一 渡辺,Male,1966-10-03,user845.apple@aol.com,76-6753-4715,382 田中 Street,四街道市,山武郡芝山町,489-1169,JP,Japan,JAPAN,Japanese,Consumer,Gold,2019-03-09,2019,RETURNING,True,MDM,2019-03-09,2026-04-17 15:58:34.138117
2a133fda-fcd2-48d7-a5a3-261f0bfce16b,CUST-2019-JP-002792,結衣,伊藤,結衣 伊藤,Male,2004-03-18,user289.apple147@yahoo.com,87-2330-0860,862 前田 Street,品川区,山武郡芝山町,329-4661,JP,Japan,JAPAN,Japanese,Consumer,None,2019-10-30,2019,RETURNING,True,MDM,2019-10-30,2026-04-17 15:58:34.138119
28b4600d-45a3-4815-a5ff-0ee9617321e9,CUST-2019-JP-002083,篤司,阿部,篤司 阿部,Female,1954-07-21,user884.apple360@gmail.com,090-9963-2658,061 小川 Street,四街道市,調布市,293-1359,JP,Japan,JAPAN,Japanese,Consumer,None,2019-01-22,2019,RETURNING,True,MDM,2019-01-22,2026-04-17 15:58:34.138120
5f43a72d-b38b-4eab-9684-444733068358,CUST-2019-JP-001428,太一,松本,太一 松本,Male,1979-08-21,user600.apple739@protonmail.com,76-4837-0760,333 山下 Street,大島町,渋谷区,805-4069,JP,Japan,JAPAN,Japanese,Consumer,Gold,2019-07-10,2019,RETURNING,True,MDM,2019-07-10,2026-04-17 15:58:34.138122
cf528bd7-6b30-4b92-a094-8062a6f93b32,CUST-2019-JP-001460,晃,藤田,晃 藤田,Male,1959-01-07,user431.apple@mail.com,15-2513-9173,971 加藤 Street,富津市,北区,025-9151,JP,Japan,JAPAN,Japanese,Education,Silver,2019-02-09,2019,RETURNING,True,MDM,2019-02-09,2026-04-17 15:58:34.138123
8d7af11c-1498-431f-9997-d4e453372dbc,CUST-2019-JP-000388,康弘,遠藤,康弘 遠藤,Male,1964-05-12,user828.apple@mail.com,18-4945-6854,413 鈴木 Street,長生郡白子町,横浜市南区,844-2879,JP,Japan,JAPAN,Japanese,Consumer,None,2019-10-28,2019,RETURNING,True,MDM,2019-10-28,2026-04-17 15:58:34.138125
1c6dff0d-fa65-4c27-9c2e-681058b8f5f3,CUST-2019-JP-000332,裕太,山崎,裕太 山崎,Male,1958-09-22,user251.apple@yahoo.com,09-7430-5941,415 清水 Street,調布市,豊島区,654-8338,JP,Japan,JAPAN,Japanese,Consumer,None,2019-10-14,2019,RETURNING,True,MDM,2019-10-14,2026-04-17 15:58:34.138127
a013e02e-9eaa-45df-b881-5b533babc6a8,CUST-2019-JP-002058,晃,前田,晃 前田,Female,1984-10-31,user889.apple@outlook.com,070-0387-7295,082 遠藤 Street,四街道市,匝瑳市,558-9278,JP,Japan,JAPAN,Japanese,Consumer,Silver,2019-10-28,2019,RETURNING,True,MDM,2019-10-28,2026-04-17 15:58:34.138128
9f134b22-96a0-4bdb-b40d-04ed3630fe70,CUST-2019-JP-002529,舞,林,舞 林,Male,1957-07-13,user621.apple@aol.com,090-0801-7963,831 山田 Street,印旛郡本埜村,武蔵村山市,713-5072,JP,Japan,JAPAN,Japanese,Consumer,Silver,2019-02-24,2019,RETURNING,True,MDM,2019-02-24,2026-04-17 15:58:34.138129
e4f8227d-0157-4261-946a-3e190beaf8bd,CUST-2019-JP-001972,京助,渡辺,京助 渡辺,Male,1974-08-10,user860.apple@msn.com,38-1839-6113,747 藤田 Street,川崎市多摩区,長生郡一宮町,326-0094,JP,Japan,JAPAN,Japanese,Consumer,Gold,2019-06-22,2019,RETURNING,True,MDM,2019-06-22,2026-04-17 15:58:34.138131
d1f0a43c-21d7-4844-b840-a5fe1169e9fb,CUST-2019-JP-000215,学,山下,学 山下,Male,1952-11-03,user606.apple378@gmx.com,080-7575-9056,120 佐藤 Street,練馬区,横浜市金沢区,284-5807,JP,Japan,JAPAN,Japanese,Consumer,None,2019-08-27,2019,RETURNING,True,MDM,2019-08-27,2026-04-17 15:58:34.138132
31f1b250-f11b-4235-b4bf-00f54d273485,CUST-2019-JP-000370,直樹,小林,直樹 小林,Female,1984-06-25,user433.apple131@icloud.com,54-0014-2425,269 近藤 Street,袖ケ浦市,八街市,503-6946,JP,Japan,JAPAN,Japanese,Consumer,Gold,2019-10-27,2019,RETURNING,True,MDM,2019-10-27,2026-04-17 15:58:34.138134
8ec1e678-318c-4603-8c44-1701dc255097,CUST-2019-JP-002404,知実,前田,知実 前田,Male,2006-04-17,user377.apple@aol.com,83-4096-1818,898 岡本 Street,香取市,香取市,654-2777,JP,Japan,JAPAN,Japanese,Business,None,2019-07-28,2019,RETURNING,True,MDM,2019-07-28,2026-04-17 15:58:34.138136
1c9fc0b3-3b39-4876-81ef-ffcc97868ab8,CUST-2019-JP-000079,幹,斎藤,幹 斎藤,Female,2005-10-07,user472.apple@aol.com,090-3214-7631,862 鈴木 Street,印旛郡印旛村,日野市,197-0334,JP,Japan,JAPAN,Japanese,Business,None,2019-07-01,2019,RETURNING,True,MDM,2019-07-01,2026-04-17 15:58:34.138138
95bc9178-ca45-4800-85e4-a304e3204340,CUST-2019-JP-001692,亮介,山本,亮介 山本,Male,1965-01-19,user909.apple@gmail.com,070-7371-1344,876 藤井 Street,長生郡睦沢町,世田谷区,588-0019,JP,Japan,JAPAN,Japanese,Business,None,2019-08-20,2019,RETURNING,True,MDM,2019-08-20,2026-04-17 15:58:34.138139
8bc4cdce-f664-4f5f-aa0f-3ff8ff6e55b3,CUST-2019-JP-001395,直人,岡田,直人 岡田,Female,1980-06-14,user193.apple@protonmail.com,080-3235-2218,185 鈴木 Street,西多摩郡瑞穂町,墨田区,443-8865,JP,Japan,JAPAN,Japanese,Consumer,Silver,2019-10-27,2019,RETURNING,True,MDM,2019-10-27,2026-04-17 15:58:34.138141
475abc9f-b057-4651-9172-43a84f1d68d2,CUST-2019-JP-000624,和也,田中,和也 田中,Male,1956-07-29,user865.apple@live.com,070-2843-0313,929 池田 Street,西東京市,安房郡鋸南町,170-6986,JP,Japan,JAPAN,Japanese,Consumer,Silver,2019-10-19,2019,RETURNING,True,MDM,2019-10-19,2026-04-17 15:58:34.138142
a75108ad-8e5b-4411-ab86-f93c74fea03a,CUST-2019-JP-000054,晃,前田,晃 前田,Female,1979-05-23,user287.apple386@gmx.com,070-4738-5071,138 佐々木 Street,横浜市中区,荒川区,906-2948,JP,Japan,JAPAN,Japanese,Business,Gold,2019-06-17,2019,RETURNING,True,MDM,2019-06-17,2026-04-17 15:58:34.138144
a65c462b-57bd-461d-93a9-d6f55db25f5a,CUST-2019-JP-002120,桃子,伊藤,桃子 伊藤,Male,1998-09-18,user300.apple@mail.com,19-9872-6625,014 小林 Street,横浜市西区,八千代市,620-5398,JP,Japan,JAPAN,Japanese,Consumer,None,2019-05-30,2019,RETURNING,True,MDM,2019-05-30,2026-04-17 15:58:34.138145
a80156cc-6334-4700-8cae-df8bdbb7caf5,CUST-2019-JP-001609,翔太,石川,翔太 石川,Male,1956-01-23,user802.apple913@gmail.com,090-7147-7439,459 森 Street,夷隅郡大多喜町,横浜市中区,021-8769,JP,Japan,JAPAN,Japanese,Consumer,None,2019-12-23,2019,RETURNING,True,MDM,2019-12-23,2026-04-17 15:58:34.138147
23f32806-0a96-4a48-9ed1-bb071cb15146,CUST-2019-JP-000208,零,山下,零 山下,Female,1992-09-25,user189.apple979@zoho.com,090-2859-6134,324 石井 Street,富里市,横浜市港北区,196-4277,JP,Japan,JAPAN,Japanese,Consumer,Silver,2019-03-20,2019,RETURNING,True,MDM,2019-03-20,2026-04-17 15:58:34.138149
a502efa1-c841-416a-8787-bfe2aaa982ec,CUST-2019-JP-002045,七夏,阿部,七夏 阿部,Male,1956-12-31,user890.apple@msn.com,070-7195-1793,179 高橋 Street,武蔵村山市,山武郡九十九里町,330-8843,JP,Japan,JAPAN,Japanese,Consumer,Silver,2019-12-01,2019,RETURNING,True,MDM,2019-12-01,2026-04-17 15:58:34.138150
dd268223-2a53-4102-8efa-cdc442af9edb,CUST-2019-JP-001992,健一,松本,健一 松本,Female,2007-12-21,user134.apple@aol.com,080-5994-3707,450 遠藤 Street,香取郡多古町,横浜市鶴見区,457-4372,JP,Japan,JAPAN,Japanese,Consumer,None,2019-08-27,2019,RETURNING,True,MDM,2019-08-27,2026-04-17 15:58:34.138152
d72ae7e7-fc08-4cbe-8b41-b2ef1d5faef0,CUST-2019-JP-001551,翼,木村,翼 木村,Male,1996-06-26,user502.apple577@live.com,090-8184-9722,820 伊藤 Street,夷隅郡大多喜町,横浜市鶴見区,087-3485,JP,Japan,JAPAN,Japanese,Consumer,Platinum,2019-07-27,2019,RETURNING,True,MDM,2019-07-27,2026-04-17 15:58:34.138153
ed652673-2d80-4234-b823-c6ae05ff4da5,CUST-2019-JP-001785,健一,清水,健一 清水,Male,1980-07-13,user440.apple@protonmail.com,080-5574-2769,818 石井 Street,国分寺市,武蔵野市,041-7162,JP,Japan,JAPAN,Japanese,Consumer,Platinum,2019-12-23,2019,RETURNING,True,MDM,2019-12-23,2026-04-17 15:58:34.138154
5b1c9bef-ff67-4da4-b5af-dccdb8a8b07e,CUST-2019-JP-000023,花子,田中,花子 田中,Female,1977-02-08,user846.apple@live.com,16-3787-1305,034 西村 Street,印旛郡栄町,小金井市,127-7711,JP,Japan,JAPAN,Japanese,Business,Silver,2019-06-30,2019,RETURNING,True,MDM,2019-06-30,2026-04-17 15:58:34.138156
050d16f6-644c-4b31-94c6-2635fb684653,CUST-2019-JP-001716,花子,鈴木,花子 鈴木,Female,1976-09-03,user654.apple@mail.com,080-2745-7410,659 田中 Street,長生郡一宮町,大網白里市,906-1418,JP,Japan,JAPAN,Japanese,Consumer,None,2019-11-08,2019,RETURNING,True,MDM,2019-11-08,2026-04-17 15:58:34.138158
0b9fc8cd-1434-498f-ad39-2bc9471e9fb0,CUST-2019-JP-002654,太郎,山本,太郎 山本,Male,1980-07-05,user454.apple@aol.com,090-1497-2919,686 福田 Street,西多摩郡奥多摩町,渋谷区,714-4291,JP,Japan,JAPAN,Japanese,Consumer,None,2019-11-19,2019,RETURNING,True,MDM,2019-11-19,2026-04-17 15:58:34.138159
1ff3eeda-3d45-45be-a134-93a1bc7b3df6,CUST-2019-JP-000154,浩,田中,浩 田中,Female,1966-03-22,user629.apple@hotmail.com,070-6914-2427,351 石井 Street,匝瑳市,山武郡芝山町,650-5254,JP,Japan,JAPAN,Japanese,Education,Gold,2019-02-23,2019,RETURNING,True,MDM,2019-02-23,2026-04-17 15:58:34.138161
153e24ba-41a1-4c21-bf4f-d9b220024d99,CUST-2019-JP-002540,淳,山田,淳 山田,Female,2002-04-21,user149.apple6@msn.com,090-7443-5642,369 山口 Street,横浜市南区,横浜市西区,773-3145,JP,Japan,JAPAN,Japanese,Consumer,Silver,2019-05-27,2019,RETURNING,True,MDM,2019-05-27,2026-04-17 15:58:34.138162
a718b767-a4df-464d-aaa0-c3ad37090cae,CUST-2019-JP-002429,学,山本,学 山本,Female,2003-03-01,user402.apple@gmx.com,070-2750-3073,411 村上 Street,横浜市緑区,山武郡芝山町,866-0028,JP,Japan,JAPAN,Japanese,Consumer,None,2019-08-12,2019,RETURNING,True,MDM,2019-08-12,2026-04-17 15:58:34.138164
3acb7370-8a76-43e5-bfd8-4282feb72b94,CUST-2019-JP-000857,治,小林,治 小林,Female,1964-02-03,user755.apple@icloud.com,080-1721-0914,286 佐藤 Street,香取郡東庄町,日野市,190-9223,JP,Japan,JAPAN,Japanese,Business,None,2019-04-19,2019,RETURNING,True,MDM,2019-04-19,2026-04-17 15:58:34.138166
32efe7d2-8c55-4688-9443-6290785bf3e0,CUST-2019-JP-000084,裕美子,斎藤,裕美子 斎藤,Male,2008-01-30,user831.apple239@aol.com,090-3354-8622,647 高橋 Street,横浜市泉区,西多摩郡檜原村,243-9728,JP,Japan,JAPAN,Japanese,Consumer,None,2019-05-29,2019,RETURNING,True,MDM,2019-05-29,2026-04-17 15:58:34.138168
a89f0cb8-1aab-46ac-90a9-ba73a218ef0a,CUST-2019-JP-001183,加奈,山崎,加奈 山崎,Female,1959-07-02,user873.apple433@aol.com,070-6701-0855,075 福田 Street,印旛郡酒々井町,福生市,259-0368,JP,Japan,JAPAN,Japanese,Consumer,Silver,2019-08-14,2019,RETURNING,True,MDM,2019-08-14,2026-04-17 15:58:34.138169
e46cc294-1132-46e5-8b15-7776f10c16fe,CUST-2019-JP-001576,直樹,加藤,直樹 加藤,Female,1971-01-23,user600.apple@zoho.com,080-4224-9519,674 阿部 Street,三宅島三宅村,南房総市,829-3893,JP,Japan,JAPAN,Japanese,Consumer,None,2019-08-04,2019,RETURNING,True,MDM,2019-08-04,2026-04-17 15:58:34.138171
350a66b4-943e-4c6b-9547-e440e69195af,CUST-2019-JP-002261,涼平,伊藤,涼平 伊藤,Female,1998-08-09,user162.apple@gmail.com,090-7637-6224,442 橋本 Street,夷隅郡大多喜町,いすみ市,023-7559,JP,Japan,JAPAN,Japanese,Consumer,Gold,2019-06-06,2019,RETURNING,True,MDM,2019-06-06,2026-04-17 15:58:34.138173
3ca4a4e8-fc77-4f9e-8a63-302262ce372c,CUST-2019-JP-001257,陽子,藤田,陽子 藤田,Female,1977-06-12,user622.apple@zoho.com,090-4452-6161,506 吉田 Street,中野区,東村山市,682-1618,JP,Japan,JAPAN,Japanese,Consumer,Silver,2019-05-28,2019,RETURNING,True,MDM,2019-05-28,2026-04-17 15:58:34.138174
003b359f-9fe7-4c4f-9e80-69ad9da6e854,CUST-2019-JP-000540,美加子,青木,美加子 青木,Male,2004-09-19,user446.apple@live.com,080-0355-0497,710 高橋 Street,中央区,山武郡芝山町,340-3879,JP,Japan,JAPAN,Japanese,Consumer,None,2019-03-26,2019,RETURNING,True,MDM,2019-03-26,2026-04-17 15:58:34.138176
dd4a6cdd-0e3d-48ac-adc5-2fbb5c2dea80,CUST-2019-JP-001936,桃子,中村,桃子 中村,Female,1967-08-30,user628.apple@msn.com,080-5373-6855,381 小林 Street,浦安市,東村山市,043-8462,JP,Japan,JAPAN,Japanese,Consumer,Platinum,2019-06-10,2019,RETURNING,True,MDM,2019-06-10,2026-04-17 15:58:34.138177
42a7463c-3a4e-4e07-b1d0-8694037f8e4b,CUST-2019-JP-000020,知実,木村,知実 木村,Male,1992-10-28,user796.apple@aol.com,090-9089-1567,629 中村 Street,大田区,練馬区,967-1598,JP,Japan,JAPAN,Japanese,Consumer,Platinum,2019-08-16,2019,RETURNING,False,MDM,2019-08-16,2026-04-17 15:58:34.138178
ecba53ac-4069-4de1-9949-5a644cc8b8f4,CUST-2019-JP-002218,裕美子,山口,裕美子 山口,Male,1985-04-12,user718.apple@icloud.com,080-4783-3671,392 遠藤 Street,狛江市,山武郡九十九里町,800-5396,JP,Japan,JAPAN,Japanese,Consumer,None,2019-08-26,2019,RETURNING,True,MDM,2019-08-26,2026-04-17 15:58:34.138180
79b003cf-934a-446b-8c6b-9d1528dfb981,CUST-2019-JP-002423,千代,山下,千代 山下,Male,1953-03-31,user576.apple@gmx.com,89-8366-9247,906 森 Street,南房総市,八丈島八丈町,688-9976,JP,Japan,JAPAN,Japanese,Consumer,Silver,2019-04-09,2019,RETURNING,True,MDM,2019-04-09,2026-04-17 15:58:34.138181
bc4b540e-ad5d-4db3-b67e-1051edec8f9a,CUST-2019-JP-000524,さゆり,山本,さゆり 山本,Female,2003-06-23,user241.apple@live.com,080-1709-8846,782 佐藤 Street,横浜市旭区,江東区,051-1576,JP,Japan,JAPAN,Japanese,Consumer,Platinum,2019-12-04,2019,RETURNING,True,MDM,2019-12-04,2026-04-17 15:58:34.138183
beb19996-6414-4544-8dec-796887c2cf2a,CUST-2019-JP-001306,太郎,後藤,太郎 後藤,Female,1956-09-07,user598.apple@protonmail.com,090-9702-3489,927 西村 Street,稲城市,大田区,301-9131,JP,Japan,JAPAN,Japanese,Consumer,Silver,2019-05-15,2019,RETURNING,True,MDM,2019-05-15,2026-04-17 15:58:34.138184
a31feb00-acf3-4c1e-a682-b6c8012f09c6,CUST-2019-JP-001825,七夏,中島,七夏 中島,Female,1985-12-05,user628.apple31@gmail.com,090-1795-8233,768 鈴木 Street,福生市,日野市,748-4883,JP,Japan,JAPAN,Japanese,Consumer,Silver,2019-01-23,2019,RETURNING,True,MDM,2019-01-23,2026-04-17 15:58:34.138186
f4e513dc-4b65-44f9-8599-140fd618586b,CUST-2019-JP-002434,学,青木,学 青木,Female,1999-06-27,user389.apple@outlook.com,080-5478-5921,924 高橋 Street,横浜市港南区,鎌ケ谷市,652-2198,JP,Japan,JAPAN,Japanese,Consumer,None,2019-07-15,2019,RETURNING,True,MDM,2019-07-15,2026-04-17 15:58:34.138187
a8960196-5167-4072-9013-05d43ff7d1ee,CUST-2019-JP-001170,稔,森,稔 森,Female,2007-09-24,user392.apple@protonmail.com,080-4631-0321,625 遠藤 Street,中央区,立川市,000-3349,JP,Japan,JAPAN,Japanese,Business,None,2019-01-08,2019,RETURNING,True,MDM,2019-01-08,2026-04-17 15:58:34.138189
de849afb-a14c-4dae-aa79-c315062006fe,CUST-2019-JP-000560,篤司,前田,篤司 前田,Female,1991-07-17,user752.apple@yahoo.com,080-0031-1920,227 松田 Street,夷隅郡大多喜町,我孫子市,094-2443,JP,Japan,JAPAN,Japanese,Education,Gold,2019-08-10,2019,RETURNING,True,MDM,2019-08-10,2026-04-17 15:58:34.138191
8c09d875-a33f-4a68-8526-b614ae4bde5b,CUST-2019-JP-002172,里佳,渡辺,里佳 渡辺,Female,1984-05-02,user125.apple@live.com,070-7852-6500,468 前田 Street,荒川区,東村山市,619-8734,JP,Japan,JAPAN,Japanese,Consumer,None,2019-09-27,2019,RETURNING,True,MDM,2019-09-27,2026-04-17 15:58:34.138192
7a00ce7b-ed18-47ed-8e09-128695ba99b8,CUST-2019-JP-000876,修平,福田,修平 福田,Male,1990-01-26,user834.apple386@aol.com,08-2803-9456,771 鈴木 Street,長生郡白子町,横浜市港南区,823-2126,JP,Japan,JAPAN,Japanese,Consumer,None,2019-10-14,2019,RETURNING,True,MDM,2019-10-14,2026-04-17 15:58:34.138194
f25bd6f6-7e4f-43fe-bf3c-17afe1ec900e,CUST-2019-JP-000132,学,佐藤,学 佐藤,Male,1982-09-27,user492.apple@hotmail.com,090-4843-2174,832 近藤 Street,横浜市緑区,川崎市多摩区,786-6461,JP,Japan,JAPAN,Japanese,Education,Silver,2019-07-03,2019,RETURNING,True,MDM,2019-07-03,2026-04-17 15:58:34.138196
ce10c875-546e-4bcb-a2fe-0a2377eda98e,CUST-2019-JP-001403,淳,中村,淳 中村,Male,2006-07-12,user195.apple@hotmail.com,080-1886-9061,318 石川 Street,青梅市,長生郡長南町,752-6253,JP,Japan,JAPAN,Japanese,Consumer,None,2019-07-05,2019,RETURNING,False,MDM,2019-07-05,2026-04-17 15:58:34.138197
76898620-9058-41c0-a5f7-9df6e9934814,CUST-2019-JP-001998,裕太,坂本,裕太 坂本,Male,1950-10-01,user916.apple933@live.com,070-3487-5266,694 石井 Street,武蔵村山市,長生郡長柄町,840-0427,JP,Japan,JAPAN,Japanese,Consumer,None,2019-01-04,2019,RETURNING,True,MDM,2019-01-04,2026-04-17 15:58:34.138199
3315161b-707f-4a26-860c-41556c797000,CUST-2019-JP-000437,知実,山本,知実 山本,Male,1969-02-11,user570.apple931@gmail.com,48-9861-9055,664 田中 Street,狛江市,文京区,476-2138,JP,Japan,JAPAN,Japanese,Education,None,2019-01-12,2019,RETURNING,True,MDM,2019-01-12,2026-04-17 15:58:34.138201
59330c43-21a9-44ff-817b-f63689c2da0c,CUST-2019-JP-001888,晃,高橋,晃 高橋,Female,1973-01-28,user568.apple836@msn.com,22-7049-6886,907 石川 Street,あきる野市,北区,497-8007,JP,Japan,JAPAN,Japanese,Consumer,Silver,2019-05-23,2019,RETURNING,True,MDM,2019-05-23,2026-04-17 15:58:34.138203
b0c5b15a-f154-453d-96c4-d3ed4c1a00f2,CUST-2019-JP-000810,香織,坂本,香織 坂本,Male,1975-08-07,user746.apple438@zoho.com,080-9110-2363,052 中島 Street,川崎市川崎区,あきる野市,387-1948,JP,Japan,JAPAN,Japanese,Consumer,Silver,2019-09-09,2019,RETURNING,True,MDM,2019-09-09,2026-04-17 15:58:34.138204
15147e6e-6f22-4f32-8477-b70231a45df6,CUST-2019-JP-000278,裕樹,石井,裕樹 石井,Female,2006-07-20,user186.apple968@aol.com,070-1768-6775,992 小林 Street,山武郡芝山町,横浜市西区,603-4125,JP,Japan,JAPAN,Japanese,Consumer,Silver,2019-03-25,2019,RETURNING,True,MDM,2019-03-25,2026-04-17 15:58:34.138206
72f4f006-5957-4f39-a23d-e58293ac239e,CUST-2019-JP-001387,里佳,加藤,里佳 加藤,Female,1987-06-10,user664.apple@zoho.com,090-2716-3177,754 山崎 Street,墨田区,横浜市鶴見区,913-0416,JP,Japan,JAPAN,Japanese,Education,Gold,2019-09-27,2019,RETURNING,True,MDM,2019-09-27,2026-04-17 15:58:34.138207
73e94215-5d77-41d3-b1e4-4a839dd3f2a9,CUST-2019-JP-001949,翔太,中川,翔太 中川,Male,1991-04-17,user172.apple@gmail.com,090-6498-7069,140 藤原 Street,青梅市,南房総市,835-3393,JP,Japan,JAPAN,Japanese,Consumer,Platinum,2019-02-13,2019,RETURNING,True,MDM,2019-02-13,2026-04-17 15:58:34.138208
7f165d25-993f-4622-8c84-228f2adaf93e,CUST-2019-JP-000383,篤司,松本,篤司 松本,Female,2000-05-10,user601.apple@aol.com,97-5271-9091,629 西村 Street,新島村,山武市,515-3411,JP,Japan,JAPAN,Japanese,Consumer,None,2019-12-08,2019,RETURNING,True,MDM,2019-12-08,2026-04-17 15:58:34.138210
b9226993-feac-4551-94e4-14f7e06660f0,CUST-2019-JP-002554,さゆり,鈴木,さゆり 鈴木,Male,1998-01-07,user560.apple@msn.com,070-7995-3679,981 中川 Street,足立区,新島村,350-6143,JP,Japan,JAPAN,Japanese,Business,Silver,2019-04-14,2019,RETURNING,True,MDM,2019-04-14,2026-04-17 15:58:34.138212
c3661a88-4013-4904-b2ef-787d0f8da425,CUST-2019-JP-000019,康弘,林,康弘 林,Male,1996-03-14,user243.apple951@mail.com,090-7645-6591,435 岡本 Street,長生郡白子町,利島村,412-7259,JP,Japan,JAPAN,Japanese,Consumer,Silver,2019-05-18,2019,RETURNING,True,MDM,2019-05-18,2026-04-17 15:58:34.138213
1847215f-404c-4d4a-82ba-d421e4b7b935,CUST-2019-JP-000763,翔太,高橋,翔太 高橋,Female,1999-01-23,user418.apple910@mail.com,070-3949-3435,467 岡田 Street,山武市,武蔵村山市,404-6374,JP,Japan,JAPAN,Japanese,Education,Gold,2019-08-15,2019,RETURNING,True,MDM,2019-08-15,2026-04-17 15:58:34.138214
a14b455a-0cd3-4c86-9bc4-ac79d501e32e,CUST-2019-JP-001461,七夏,鈴木,七夏 鈴木,Female,1959-11-04,user420.apple@protonmail.com,08-5159-5355,333 森 Street,板橋区,富津市,166-3654,JP,Japan,JAPAN,Japanese,Consumer,Gold,2019-04-16,2019,RETURNING,True,MDM,2019-04-16,2026-04-17 15:58:34.138216
54582e66-da38-4c4b-8f73-bf231828f97e,CUST-2019-JP-000212,香織,藤原,香織 藤原,Female,1997-09-26,user806.apple@zoho.com,080-7957-4248,207 青木 Street,国分寺市,世田谷区,135-9214,JP,Japan,JAPAN,Japanese,Consumer,Platinum,2019-03-17,2019,RETURNING,True,MDM,2019-03-17,2026-04-17 15:58:34.138217
4c9edc90-58a8-4f5f-b09c-267581bf645e,CUST-2019-JP-001424,結衣,佐藤,結衣 佐藤,Female,1997-10-04,user362.apple@gmx.com,070-6576-2776,090 鈴木 Street,四街道市,三鷹市,463-3762,JP,Japan,JAPAN,Japanese,Education,None,2019-07-04,2019,RETURNING,True,MDM,2019-07-04,2026-04-17 15:58:34.138219
33f7b890-334c-4fe7-a50c-dd0dcebece90,CUST-2019-JP-002403,淳,田中,淳 田中,Male,1988-06-20,user998.apple@live.com,070-9396-1655,192 坂本 Street,小平市,山武市,110-8416,JP,Japan,JAPAN,Japanese,Consumer,Silver,2019-05-27,2019,RETURNING,True,MDM,2019-05-27,2026-04-17 15:58:34.138220
3ea9bd28-ef5f-4af9-84b5-4d678316e65b,CUST-2019-JP-001749,陽子,中村,陽子 中村,Female,1977-10-18,user958.apple@outlook.com,090-5438-8568,269 遠藤 Street,荒川区,東村山市,022-7490,JP,Japan,JAPAN,Japanese,Consumer,None,2019-06-15,2019,RETURNING,True,MDM,2019-06-15,2026-04-17 15:58:34.138222
ffcb9d35-1865-4f0b-9c32-19680c3be7de,CUST-2019-JP-001494,裕美子,佐々木,裕美子 佐々木,Male,1976-01-31,user288.apple@live.com,070-1902-9480,956 村上 Street,横浜市西区,八丈島八丈町,863-6333,JP,Japan,JAPAN,Japanese,Consumer,None,2019-09-05,2019,RETURNING,True,MDM,2019-09-05,2026-04-17 15:58:34.138224
d3795d29-664b-4ff8-8403-692f4f27929f,CUST-2019-JP-000800,七夏,藤田,七夏 藤田,Male,1955-11-07,user883.apple@hotmail.com,070-2820-8257,652 山本 Street,町田市,小笠原村,424-6359,JP,Japan,JAPAN,Japanese,Consumer,Silver,2019-10-30,2019,RETURNING,True,MDM,2019-10-30,2026-04-17 15:58:34.138225
433b9d0f-160d-44bd-b46f-1e7e87214065,CUST-2019-JP-002096,裕樹,中川,裕樹 中川,Male,1984-10-19,user212.apple938@msn.com,070-2340-5450,634 橋本 Street,大田区,山武郡横芝光町,440-0461,JP,Japan,JAPAN,Japanese,Consumer,None,2019-12-16,2019,RETURNING,True,MDM,2019-12-16,2026-04-17 15:58:34.138227
a8b433dc-9dc9-4b35-9aa1-4ad58ffbd8c9,CUST-2019-JP-000677,真綾,山下,真綾 山下,Female,2000-03-09,user817.apple@msn.com,070-1071-9936,665 石川 Street,板橋区,横浜市青葉区,391-7467,JP,Japan,JAPAN,Japanese,Consumer,Silver,2019-04-10,2019,RETURNING,True,MDM,2019-04-10,2026-04-17 15:58:34.138228
a9ebe235-32cf-4cc2-b2fd-c72ea7d8683d,CUST-2019-JP-001286,あすか,田中,あすか 田中,Male,1990-03-05,user986.apple@protonmail.com,070-2651-9872,127 山崎 Street,安房郡鋸南町,目黒区,399-7963,JP,Japan,JAPAN,Japanese,Consumer,None,2019-06-04,2019,RETURNING,True,MDM,2019-06-04,2026-04-17 15:58:34.138230
6f1cdde2-eefa-48a0-8307-6a4e31cffc99,CUST-2019-JP-000416,直人,伊藤,直人 伊藤,Female,2000-03-02,user725.apple@gmail.com,54-0930-3854,955 山本 Street,青ヶ島村,八街市,805-5647,JP,Japan,JAPAN,Japanese,Business,Platinum,2019-01-27,2019,RETURNING,True,MDM,2019-01-27,2026-04-17 15:58:34.138231
04373c4b-7320-43f5-9c09-5cc2d5d39ce1,CUST-2019-JP-000564,和也,佐藤,和也 佐藤,Female,1961-03-26,user134.apple@yahoo.com,22-4449-5494,814 近藤 Street,東村山市,青梅市,654-6791,JP,Japan,JAPAN,Japanese,Consumer,Silver,2019-10-18,2019,RETURNING,True,MDM,2019-10-18,2026-04-17 15:58:34.138233
d87c0638-a749-4ed4-be64-e8e3f90414a2,CUST-2019-JP-002797,香織,池田,香織 池田,Male,1981-11-25,user759.apple579@icloud.com,32-8737-9367,054 佐藤 Street,鎌ケ谷市,川崎市宮前区,329-6975,JP,Japan,JAPAN,Japanese,Education,Silver,2019-08-09,2019,RETURNING,True,MDM,2019-08-09,2026-04-17 15:58:34.138234
91b62f4f-3b1f-473b-bec4-1cefaebd5090,CUST-2019-JP-001642,学,佐藤,学 佐藤,Male,1969-01-31,user878.apple@mail.com,080-8128-4222,143 鈴木 Street,長生郡睦沢町,鎌ケ谷市,858-2346,JP,Japan,JAPAN,Japanese,Education,Gold,2019-12-22,2019,RETURNING,True,MDM,2019-12-22,2026-04-17 15:58:34.138237
8c5498ee-a4f6-4b36-998a-cce70d4e2fb8,CUST-2019-JP-001299,直樹,高橋,直樹 高橋,Male,1993-04-29,user182.apple@gmx.com,080-5716-7812,425 佐々木 Street,匝瑳市,白井市,274-0574,JP,Japan,JAPAN,Japanese,Consumer,None,2019-07-20,2019,RETURNING,True,MDM,2019-07-20,2026-04-17 15:58:34.138239
a97e460a-087d-4952-980f-443fc4e13661,CUST-2019-JP-000345,花子,田中,花子 田中,Female,1977-09-17,user508.apple@msn.com,080-1348-3778,405 山口 Street,長生郡長柄町,文京区,279-6843,JP,Japan,JAPAN,Japanese,Business,None,2019-03-21,2019,RETURNING,True,MDM,2019-03-21,2026-04-17 15:58:34.138240
bbb5f4aa-16db-4d3e-9a03-667a7de162f2,CUST-2019-JP-001208,直人,田中,直人 田中,Male,2002-01-08,user452.apple820@msn.com,74-6409-8165,251 渡辺 Street,長生郡長南町,長生郡睦沢町,628-9088,JP,Japan,JAPAN,Japanese,Business,Silver,2019-07-03,2019,RETURNING,True,MDM,2019-07-03,2026-04-17 15:58:34.138242
3bd7c364-91cc-4437-b98a-6cdd323c623a,CUST-2019-JP-001435,篤司,佐藤,篤司 佐藤,Male,1955-03-08,user226.apple268@hotmail.com,080-2040-1399,991 松本 Street,千代田区,長生郡一宮町,541-1996,JP,Japan,JAPAN,Japanese,Consumer,None,2019-04-07,2019,RETURNING,False,MDM,2019-04-07,2026-04-17 15:58:34.138243
24c7d2be-c542-4b89-a113-f6f62bfb23dc,CUST-2019-JP-002733,洋介,田中,洋介 田中,Male,1952-01-20,user155.apple191@gmail.com,090-1772-6151,185 林 Street,我孫子市,君津市,695-6854,JP,Japan,JAPAN,Japanese,Consumer,Platinum,2019-12-23,2019,RETURNING,True,MDM,2019-12-23,2026-04-17 15:58:34.138245
5d1cb1a9-5c82-40fa-bb08-0cc8151efb68,CUST-2019-JP-002584,稔,小林,稔 小林,Male,1953-04-09,user671.apple@gmail.com,090-0566-7570,340 鈴木 Street,三宅島三宅村,印旛郡印旛村,247-0992,JP,Japan,JAPAN,Japanese,Consumer,None,2019-05-15,2019,RETURNING,True,MDM,2019-05-15,2026-04-17 15:58:34.138247
f27da800-e836-4c1f-87e3-40cf895c506b,CUST-2019-JP-000412,晃,鈴木,晃 鈴木,Male,1954-04-30,user866.apple@msn.com,70-1218-8218,053 清水 Street,横浜市青葉区,葛飾区,379-6094,JP,Japan,JAPAN,Japanese,Consumer,Gold,2019-04-11,2019,RETURNING,True,MDM,2019-04-11,2026-04-17 15:58:34.138248
d811c6a7-08f2-4d2f-89fa-16b2c6eb0c20,CUST-2019-JP-002256,明美,山口,明美 山口,Male,1995-10-24,user316.apple@outlook.com,080-9570-4357,942 藤井 Street,八街市,川崎市宮前区,768-4837,JP,Japan,JAPAN,Japanese,Consumer,Gold,2019-06-25,2019,RETURNING,True,MDM,2019-06-25,2026-04-17 15:58:34.138250
c44cb2cd-b4d2-400f-9d7c-131219f5468f,CUST-2019-JP-002413,洋介,三浦,洋介 三浦,Male,1957-10-08,user324.apple@gmail.com,090-9369-5830,664 高橋 Street,川崎市多摩区,港区,697-5774,JP,Japan,JAPAN,Japanese,Business,None,2019-06-18,2019,RETURNING,True,MDM,2019-06-18,2026-04-17 15:58:34.138251
b7dc6794-9be8-4e70-ae80-00b2d975676d,CUST-2019-JP-000361,里佳,岡田,里佳 岡田,Female,2006-06-23,user828.apple@outlook.com,41-0569-9189,554 村上 Street,大田区,西多摩郡奥多摩町,439-4980,JP,Japan,JAPAN,Japanese,Consumer,Silver,2019-06-12,2019,RETURNING,True,MDM,2019-06-12,2026-04-17 15:58:34.138253
3abbd0d0-960c-45ea-b1b7-72136e3a461d,CUST-2019-JP-000653,零,石川,零 石川,Female,2005-02-19,user652.apple@protonmail.com,01-8705-2532,275 佐々木 Street,品川区,横浜市青葉区,984-6011,JP,Japan,JAPAN,Japanese,Education,Platinum,2019-06-09,2019,RETURNING,True,MDM,2019-06-09,2026-04-17 15:58:34.138254
198f8ea1-b38e-4141-938c-f98dba965849,CUST-2019-JP-000969,直子,加藤,直子 加藤,Female,1954-12-11,user822.apple@msn.com,090-1273-5274,370 田中 Street,品川区,香取郡東庄町,329-8143,JP,Japan,JAPAN,Japanese,Business,Gold,2019-01-27,2019,RETURNING,True,MDM,2019-01-27,2026-04-17 15:58:34.138256
2f0cf312-e843-4dc3-9494-d6e3339e7017,CUST-2019-JP-002253,亮介,井上,亮介 井上,Male,1970-04-23,user307.apple@gmx.com,080-2160-6911,806 渡辺 Street,横浜市西区,御蔵島村,533-5130,JP,Japan,JAPAN,Japanese,Consumer,Platinum,2019-08-23,2019,RETURNING,False,MDM,2019-08-23,2026-04-17 15:58:34.138257
0f8116b3-9a31-49af-86ba-6e30b355710c,CUST-2019-JP-000414,幹,加藤,幹 加藤,Male,1991-09-16,user934.apple415@mail.com,080-6938-5489,689 村上 Street,八丈島八丈町,印旛郡印旛村,912-4705,JP,Japan,JAPAN,Japanese,Consumer,Platinum,2019-09-25,2019,RETURNING,True,MDM,2019-09-25,2026-04-17 15:58:34.138259
38c1b7fb-a2f2-46dc-a311-68f68af9470e,CUST-2019-JP-001344,健一,村上,健一 村上,Female,1970-12-28,user479.apple@icloud.com,11-8455-6460,376 鈴木 Street,北区,鎌ケ谷市,864-0905,JP,Japan,JAPAN,Japanese,Consumer,None,2019-09-10,2019,RETURNING,True,MDM,2019-09-10,2026-04-17 15:58:34.138260
6a38a40e-730a-4e00-9834-94876bbe1ec8,CUST-2019-JP-000294,花子,鈴木,花子 鈴木,Male,1953-09-26,user109.apple@icloud.com,080-2162-0806,804 山下 Street,横浜市青葉区,夷隅郡御宿町,908-0839,JP,Japan,JAPAN,Japanese,Consumer,None,2019-02-22,2019,RETURNING,True,MDM,2019-02-22,2026-04-17 15:58:34.138262
a4775858-9f88-4c49-84f3-45c969ea07bb,CUST-2019-JP-001721,明美,山田,明美 山田,Male,2004-01-30,user756.apple348@msn.com,080-7254-4351,146 鈴木 Street,横浜市西区,目黒区,532-1536,JP,Japan,JAPAN,Japanese,Consumer,None,2019-02-16,2019,RETURNING,True,MDM,2019-02-16,2026-04-17 15:58:34.138264
79afa76b-efe2-4de0-8dd0-f0a290412082,CUST-2019-JP-000869,健一,太田,健一 太田,Female,1972-05-04,user763.apple@live.com,080-0544-3110,088 吉田 Street,川崎市川崎区,東久留米市,237-8382,JP,Japan,JAPAN,Japanese,Consumer,Silver,2019-10-03,2019,RETURNING,True,MDM,2019-10-03,2026-04-17 15:58:34.138265
8d157331-22d6-4951-9d6d-353312134033,CUST-2019-JP-000842,洋介,山口,洋介 山口,Female,1985-05-24,user574.apple@yahoo.com,070-2942-6651,974 岡田 Street,横浜市旭区,日野市,965-5613,JP,Japan,JAPAN,Japanese,Consumer,None,2019-12-20,2019,RETURNING,True,MDM,2019-12-20,2026-04-17 15:58:34.138267
857cb6a0-74ed-4d0a-8499-54fcf7735037,CUST-2019-JP-001661,香織,太田,香織 太田,Male,1972-10-02,user299.apple813@gmail.com,080-6783-9825,732 加藤 Street,横浜市栄区,荒川区,042-4597,JP,Japan,JAPAN,Japanese,Consumer,Gold,2019-09-21,2019,RETURNING,True,MDM,2019-09-21,2026-04-17 15:58:34.138269
b7a5351c-374a-4d96-a87e-a06c60b3f555,CUST-2019-JP-000448,学,近藤,学 近藤,Female,1992-12-16,user735.apple@icloud.com,24-7910-5228,175 佐藤 Street,横浜市泉区,狛江市,691-1343,JP,Japan,JAPAN,Japanese,Business,None,2019-01-09,2019,RETURNING,True,MDM,2019-01-09,2026-04-17 15:58:34.138271
fb4ce030-1d3a-4471-8712-62299fbdf0b7,CUST-2019-JP-001487,花子,佐々木,花子 佐々木,Female,1955-12-18,user760.apple943@msn.com,090-8600-9673,870 田中 Street,板橋区,八街市,417-3920,JP,Japan,JAPAN,Japanese,Consumer,Platinum,2019-03-11,2019,RETURNING,True,MDM,2019-03-11,2026-04-17 15:58:34.138272
4a671e8b-856a-4e49-bd9e-9a631c584d4f,CUST-2019-JP-001528,春香,高橋,春香 高橋,Female,1960-04-30,user900.apple973@mail.com,05-7832-5745,933 山崎 Street,杉並区,白井市,414-5343,JP,Japan,JAPAN,Japanese,Education,Silver,2019-10-25,2019,RETURNING,True,MDM,2019-10-25,2026-04-17 15:58:34.138273
c90dc26e-05e1-4774-8be8-6ae562cf2bd7,CUST-2019-JP-000049,修平,佐藤,修平 佐藤,Female,1964-12-18,user534.apple324@icloud.com,73-5379-6715,503 鈴木 Street,印西市,新宿区,179-3543,JP,Japan,JAPAN,Japanese,Consumer,None,2019-04-08,2019,RETURNING,True,MDM,2019-04-08,2026-04-17 15:58:34.138275
d68d10d6-1c19-469c-8653-ba9aaa16d924,CUST-2019-JP-000456,淳,加藤,淳 加藤,Male,1973-05-27,user543.apple929@zoho.com,080-5323-7981,922 佐藤 Street,夷隅郡大多喜町,白井市,807-7709,JP,Japan,JAPAN,Japanese,Consumer,Silver,2019-06-13,2019,RETURNING,True,MDM,2019-06-13,2026-04-17 15:58:34.138276
1ceb26f4-2f71-487c-b060-7a11e607bf9e,CUST-2019-JP-001890,さゆり,藤井,さゆり 藤井,Female,2007-09-04,user857.apple787@gmail.com,080-7680-2354,835 鈴木 Street,江戸川区,武蔵村山市,112-1298,JP,Japan,JAPAN,Japanese,Consumer,Silver,2019-11-17,2019,RETURNING,True,MDM,2019-11-17,2026-04-17 15:58:34.138278
d56135df-e2c7-4ede-8ff7-e5a332afdcd6,CUST-2019-JP-002379,淳,高橋,淳 高橋,Male,2003-05-31,user660.apple@mail.com,070-0840-5944,746 松本 Street,横浜市緑区,香取郡東庄町,311-3602,JP,Japan,JAPAN,Japanese,Business,None,2019-01-13,2019,RETURNING,True,MDM,2019-01-13,2026-04-17 15:58:34.138280
495c01b1-4dfa-4948-a658-496a4a6f470b,CUST-2019-JP-002734,春香,山口,春香 山口,Male,1978-10-03,user850.apple@hotmail.com,06-5829-5440,916 佐々木 Street,鎌ケ谷市,横浜市旭区,089-0237,JP,Japan,JAPAN,Japanese,Consumer,None,2019-08-22,2019,RETURNING,True,MDM,2019-08-22,2026-04-17 15:58:34.138281
c454004b-2bc0-4cb6-89fd-accd026e325b,CUST-2019-JP-000113,結衣,長谷川,結衣 長谷川,Male,1965-09-04,user691.apple@mail.com,080-4219-4903,784 石井 Street,三鷹市,四街道市,465-6832,JP,Japan,JAPAN,Japanese,Consumer,Platinum,2019-02-07,2019,RETURNING,True,MDM,2019-02-07,2026-04-17 15:58:34.138283
cec84192-4b74-423f-8b70-6d26f80d9c1c,CUST-2019-JP-002091,翼,渡辺,翼 渡辺,Male,1998-12-31,user591.apple@live.com,59-6630-4006,729 遠藤 Street,新宿区,香取郡東庄町,638-0346,JP,Japan,JAPAN,Japanese,Business,Silver,2019-04-02,2019,RETURNING,True,MDM,2019-04-02,2026-04-17 15:58:34.138284
fa9ae2d2-2cb4-4b24-acd1-cc26d4b16789,CUST-2019-JP-001981,真綾,佐藤,真綾 佐藤,Female,1951-08-18,user941.apple@live.com,090-2746-0627,988 阿部 Street,青梅市,東大和市,098-5681,JP,Japan,JAPAN,Japanese,Consumer,None,2019-11-23,2019,RETURNING,True,MDM,2019-11-23,2026-04-17 15:58:34.138286
32b8e36b-cc31-4e95-b5ed-c79f54b00eda,CUST-2019-JP-001258,翔太,渡辺,翔太 渡辺,Male,2000-04-30,user821.apple@outlook.com,090-7674-7795,677 加藤 Street,匝瑳市,三宅島三宅村,394-2476,JP,Japan,JAPAN,Japanese,Consumer,Silver,2019-07-11,2019,RETURNING,True,MDM,2019-07-11,2026-04-17 15:58:34.138287
7186e423-fe03-4132-95c5-67101cbd0809,CUST-2019-JP-002322,浩,鈴木,浩 鈴木,Male,1958-10-18,user639.apple@msn.com,080-2618-2179,187 鈴木 Street,夷隅郡大多喜町,長生郡睦沢町,556-3594,JP,Japan,JAPAN,Japanese,Consumer,None,2019-11-15,2019,RETURNING,True,MDM,2019-11-15,2026-04-17 15:58:34.138289
66c748a7-a113-4162-8c9a-d598fc9c4def,CUST-2019-JP-000637,裕美子,中村,裕美子 中村,Female,1993-06-22,user631.apple@outlook.com,63-1601-0863,959 岡本 Street,横浜市港南区,山武郡横芝光町,143-0701,JP,Japan,JAPAN,Japanese,Consumer,Gold,2019-09-13,2019,RETURNING,False,MDM,2019-09-13,2026-04-17 15:58:34.138291
3ca1cc29-59b6-4a7a-a674-3f248b6cbce3,CUST-2019-JP-002500,陽子,小林,陽子 小林,Female,2003-06-20,user729.apple@mail.com,090-7680-5083,789 遠藤 Street,江戸川区,横浜市保土ケ谷区,709-3737,JP,Japan,JAPAN,Japanese,Consumer,None,2019-03-12,2019,RETURNING,True,MDM,2019-03-12,2026-04-17 15:58:34.138292
547cffc6-93f2-43b9-9b50-e8c7a995f4cd,CUST-2019-JP-000803,聡太郎,佐藤,聡太郎 佐藤,Male,1973-05-30,user616.apple@mail.com,070-7103-4967,412 山崎 Street,八千代市,北区,048-2674,JP,Japan,JAPAN,Japanese,Consumer,None,2019-12-20,2019,RETURNING,True,MDM,2019-12-20,2026-04-17 15:58:34.138294
519617b9-31f4-431a-9cdc-6f269d495f03,CUST-2019-JP-001830,真綾,吉田,真綾 吉田,Female,1991-12-31,user716.apple@msn.com,070-3071-5279,104 藤田 Street,稲城市,板橋区,715-5954,JP,Japan,JAPAN,Japanese,Consumer,Platinum,2019-10-01,2019,RETURNING,True,MDM,2019-10-01,2026-04-17 15:58:34.138295
de0ff38e-e9e9-4494-8ced-3ae328731585,CUST-2019-JP-001162,直人,阿部,直人 阿部,Female,1970-04-07,user744.apple@hotmail.com,070-0591-2524,238 中村 Street,府中市,横浜市戸塚区,623-8230,JP,Japan,JAPAN,Japanese,Consumer,None,2019-10-18,2019,RETURNING,True,MDM,2019-10-18,2026-04-17 15:58:34.138297
8668fd13-b1ae-4ddd-a2ef-c3a5171efbbc,CUST-2019-JP-000820,幹,加藤,幹 加藤,Female,2002-05-17,user883.apple814@mail.com,080-6871-1396,050 鈴木 Street,小金井市,調布市,417-0956,JP,Japan,JAPAN,Japanese,Business,Gold,2019-06-12,2019,RETURNING,True,MDM,2019-06-12,2026-04-17 15:58:34.138298
c781c0c8-bea3-4e8d-be08-45e93d3a0098,CUST-2019-JP-001572,直樹,木村,直樹 木村,Male,1998-12-28,user627.apple@msn.com,090-4111-5632,361 佐藤 Street,江東区,横浜市旭区,699-0696,JP,Japan,JAPAN,Japanese,Consumer,Silver,2019-11-14,2019,RETURNING,True,MDM,2019-11-14,2026-04-17 15:58:34.138300
f93bcd46-15d9-4905-a763-13e8638113b6,CUST-2019-JP-001361,美加子,遠藤,美加子 遠藤,Female,1965-04-20,user831.apple@yahoo.com,070-2551-6637,640 松田 Street,横浜市泉区,横浜市緑区,412-8553,JP,Japan,JAPAN,Japanese,Consumer,Gold,2019-12-16,2019,RETURNING,True,MDM,2019-12-16,2026-04-17 15:58:34.138302
eb19b4e2-a3aa-45b9-835d-0784fcaff002,CUST-2019-JP-002176,篤司,佐々木,篤司 佐々木,Male,1979-09-26,user698.apple@aol.com,090-7835-2630,154 渡辺 Street,八丈島八丈町,港区,926-4256,JP,Japan,JAPAN,Japanese,Consumer,None,2019-06-29,2019,RETURNING,True,MDM,2019-06-29,2026-04-17 15:58:34.138303
de38a5a0-c175-45c4-937c-2b35775e3d5b,CUST-2019-JP-002744,晃,山口,晃 山口,Male,1951-12-04,user411.apple@aol.com,080-6388-0376,750 佐藤 Street,葛飾区,横浜市金沢区,168-4228,JP,Japan,JAPAN,Japanese,Consumer,Gold,2019-09-29,2019,RETURNING,True,MDM,2019-09-29,2026-04-17 15:58:34.138305
57c145b1-6188-4441-b219-1c9d1c6c09fb,CUST-2019-JP-002215,あすか,阿部,あすか 阿部,Male,1985-01-24,user375.apple@protonmail.com,11-0365-8859,740 小林 Street,横浜市中区,江東区,950-8181,JP,Japan,JAPAN,Japanese,Consumer,None,2019-08-07,2019,RETURNING,True,MDM,2019-08-07,2026-04-17 15:58:34.138306
44cce171-97f1-4e7c-b92d-62fd03ae285e,CUST-2019-JP-000470,陽一,後藤,陽一 後藤,Male,1991-02-11,user809.apple@icloud.com,090-7637-5609,878 岡本 Street,八街市,西多摩郡檜原村,971-4762,JP,Japan,JAPAN,Japanese,Consumer,None,2019-11-26,2019,RETURNING,True,MDM,2019-11-26,2026-04-17 15:58:34.138308
413c8e0c-1949-40bb-a07a-84b472ff0c90,CUST-2019-JP-001648,加奈,三浦,加奈 三浦,Male,1953-07-27,user828.apple@hotmail.com,090-9385-6434,375 藤原 Street,江東区,白井市,796-2695,JP,Japan,JAPAN,Japanese,Business,Silver,2019-11-21,2019,RETURNING,True,MDM,2019-11-21,2026-04-17 15:58:34.138310
08b54626-1cee-4d48-b29a-a57881de3945,CUST-2019-JP-002373,あすか,鈴木,あすか 鈴木,Female,2002-08-09,user128.apple@gmx.com,080-4120-7483,291 木村 Street,山武郡芝山町,小平市,220-0997,JP,Japan,JAPAN,Japanese,Consumer,Silver,2019-12-25,2019,RETURNING,True,MDM,2019-12-25,2026-04-17 15:58:34.138311
f8136c27-7a0a-4e81-bd28-7bd681afeaf4,CUST-2019-JP-002144,修平,林,修平 林,Female,1986-06-11,user670.apple@mail.com,37-3686-7568,581 佐藤 Street,君津市,利島村,220-4492,JP,Japan,JAPAN,Japanese,Consumer,Gold,2019-11-08,2019,RETURNING,True,MDM,2019-11-08,2026-04-17 15:58:34.138312
001e8b27-2b2c-407e-9789-ae6a47540196,CUST-2019-JP-000241,治,井上,治 井上,Female,1967-09-19,user173.apple@aol.com,070-6514-7815,840 中村 Street,長生郡白子町,調布市,445-5852,JP,Japan,JAPAN,Japanese,Education,Platinum,2019-01-17,2019,RETURNING,True,MDM,2019-01-17,2026-04-17 15:58:34.138314
026e3808-d823-427d-9705-d5ffe8dfa48a,CUST-2019-JP-000099,春香,小林,春香 小林,Male,1956-04-25,user765.apple@hotmail.com,070-1521-6663,457 三浦 Street,西東京市,中野区,167-5239,JP,Japan,JAPAN,Japanese,Consumer,None,2019-09-26,2019,RETURNING,True,MDM,2019-09-26,2026-04-17 15:58:34.138316
30bfec9c-3af6-4072-847c-a78df05712c0,CUST-2019-JP-002063,聡太郎,橋本,聡太郎 橋本,Female,1961-04-21,user841.apple@msn.com,080-9558-4473,800 石井 Street,横浜市磯子区,横浜市戸塚区,341-4068,JP,Japan,JAPAN,Japanese,Consumer,None,2019-09-02,2019,RETURNING,True,MDM,2019-09-02,2026-04-17 15:58:34.138317
f95651f9-ac07-4f1b-8cab-75c6aac8cf32,CUST-2019-JP-000090,裕太,井上,裕太 井上,Female,1968-12-09,user551.apple@outlook.com,24-0857-3097,748 渡辺 Street,長生郡長南町,香取郡多古町,621-3245,JP,Japan,JAPAN,Japanese,Consumer,Gold,2019-10-31,2019,RETURNING,True,MDM,2019-10-31,2026-04-17 15:58:34.138319
024b2c68-b517-4657-b417-0a54415b0d9f,CUST-2019-JP-000272,晃,山口,晃 山口,Female,1961-12-30,user779.apple225@live.com,070-2616-8779,465 渡辺 Street,国分寺市,川崎市中原区,979-3823,JP,Japan,JAPAN,Japanese,Consumer,Platinum,2019-02-18,2019,RETURNING,True,MDM,2019-02-18,2026-04-17 15:58:34.138320
932745be-1b89-4177-ae7e-5d74d31967b7,CUST-2019-JP-001100,亮介,中島,亮介 中島,Female,1971-12-06,user249.apple@mail.com,53-0792-6526,330 松田 Street,西多摩郡日の出町,山武郡九十九里町,587-5624,JP,Japan,JAPAN,Japanese,Business,None,2019-05-26,2019,RETURNING,True,MDM,2019-05-26,2026-04-17 15:58:34.138322
1933b2c1-3976-4a44-a5b7-95fc3f1c26eb,CUST-2019-JP-002257,陽子,阿部,陽子 阿部,Male,1987-10-23,user743.apple498@outlook.com,070-1103-4647,208 松本 Street,三宅島三宅村,南房総市,544-8313,JP,Japan,JAPAN,Japanese,Education,Gold,2019-01-18,2019,RETURNING,True,MDM,2019-01-18,2026-04-17 15:58:34.138323
72190193-acd5-44a9-a600-c1fbf4976e98,CUST-2019-JP-000503,淳,佐藤,淳 佐藤,Female,1956-05-04,user243.apple@live.com,080-6988-2970,411 小林 Street,新宿区,三宅島三宅村,619-0488,JP,Japan,JAPAN,Japanese,Business,Gold,2019-10-05,2019,RETURNING,True,MDM,2019-10-05,2026-04-17 15:58:34.138325
6d39e9cd-8a53-44cf-9544-5d2ad55db7dd,CUST-2019-JP-001508,美加子,木村,美加子 木村,Female,1987-04-10,user949.apple@icloud.com,090-4899-8223,292 藤田 Street,川崎市高津区,川崎市多摩区,303-2881,JP,Japan,JAPAN,Japanese,Consumer,None,2019-08-13,2019,RETURNING,True,MDM,2019-08-13,2026-04-17 15:58:34.138326
8d9a5cc6-0293-4930-b537-1d7ec2cb2e53,CUST-2019-JP-000861,淳,加藤,淳 加藤,Male,1974-04-02,user156.apple@hotmail.com,090-8653-8797,943 井上 Street,袖ケ浦市,渋谷区,247-2309,JP,Japan,JAPAN,Japanese,Consumer,None,2019-03-15,2019,RETURNING,True,MDM,2019-03-15,2026-04-17 15:58:34.138328
5787d6dc-cc1e-459f-b31c-10a81749cd25,CUST-2019-JP-002730,裕樹,林,裕樹 林,Female,1996-06-06,user885.apple343@hotmail.com,090-9809-0285,397 山下 Street,長生郡白子町,横浜市泉区,344-4712,JP,Japan,JAPAN,Japanese,Consumer,None,2019-08-23,2019,RETURNING,True,MDM,2019-08-23,2026-04-17 15:58:34.138330
fa92f5bd-3e8a-4930-8d66-d0fbb64be3ab,CUST-2019-JP-000238,太一,松本,太一 松本,Male,1958-09-27,user171.apple@aol.com,19-3533-8190,008 鈴木 Street,西多摩郡檜原村,杉並区,270-6784,JP,Japan,JAPAN,Japanese,Consumer,Silver,2019-09-20,2019,RETURNING,True,MDM,2019-09-20,2026-04-17 15:58:34.138331
9d6e4d6a-c946-43c6-a6db-9fe247dd387d,CUST-2019-JP-000997,涼平,山下,涼平 山下,Male,1974-08-05,user909.apple648@protonmail.com,080-2712-5407,407 山田 Street,山武市,南房総市,973-1626,JP,Japan,JAPAN,Japanese,Consumer,Silver,2019-06-15,2019,RETURNING,True,MDM,2019-06-15,2026-04-17 15:58:34.138333
b821273e-6282-4c8f-a931-dd93182096c8,CUST-2019-JP-002310,加奈,小林,加奈 小林,Male,2006-02-15,user919.apple334@msn.com,080-3030-3539,115 山田 Street,山武郡九十九里町,鎌ケ谷市,257-8893,JP,Japan,JAPAN,Japanese,Consumer,Gold,2019-10-22,2019,RETURNING,True,MDM,2019-10-22,2026-04-17 15:58:34.138335
57dcb900-213f-4402-87c1-2c0b0b1488c5,CUST-2019-JP-001880,春香,山崎,春香 山崎,Male,1987-08-13,user365.apple@gmx.com,090-4638-8039,678 渡辺 Street,川崎市中原区,新島村,227-5685,JP,Japan,JAPAN,Japanese,Consumer,Gold,2019-01-13,2019,RETURNING,True,MDM,2019-01-13,2026-04-17 15:58:34.138336
d95a93d3-cd05-4d47-87a7-c1b8040ee022,CUST-2019-JP-001270,洋介,石井,洋介 石井,Female,2004-01-14,user690.apple565@yahoo.com,22-2724-1802,013 石川 Street,横浜市瀬谷区,青ヶ島村,541-4352,JP,Japan,JAPAN,Japanese,Business,Gold,2019-09-22,2019,RETURNING,True,MDM,2019-09-22,2026-04-17 15:58:34.138338
3aa0624c-56b1-41eb-ad45-6fe4de5eff75,CUST-2019-JP-000051,陽子,山本,陽子 山本,Male,1985-07-30,user530.apple@mail.com,070-7375-2667,491 佐々木 Street,東大和市,江戸川区,948-4845,JP,Japan,JAPAN,Japanese,Consumer,Silver,2019-06-01,2019,RETURNING,True,MDM,2019-06-01,2026-04-17 15:58:34.138339
483c7c20-507f-4040-aeef-17a6bf20d539,CUST-2019-JP-002435,聡太郎,山下,聡太郎 山下,Male,1953-01-04,user260.apple427@gmx.com,070-4545-2073,356 吉田 Street,三宅島三宅村,横浜市栄区,793-8125,JP,Japan,JAPAN,Japanese,Consumer,None,2019-02-01,2019,RETURNING,True,MDM,2019-02-01,2026-04-17 15:58:34.138341
91d72992-ca4f-4089-8a66-3cb884261523,CUST-2019-JP-001450,明美,藤井,明美 藤井,Male,1973-08-04,user803.apple@hotmail.com,070-1936-6350,168 田中 Street,立川市,多摩市,497-5212,JP,Japan,JAPAN,Japanese,Consumer,None,2019-05-12,2019,RETURNING,True,MDM,2019-05-12,2026-04-17 15:58:34.138343
2b355196-bfe0-4dcc-aa9a-55078a3a2f35,CUST-2019-JP-000994,幹,佐藤,幹 佐藤,Female,2001-03-22,user969.apple573@hotmail.com,090-8048-0247,736 吉田 Street,世田谷区,町田市,482-9856,JP,Japan,JAPAN,Japanese,Consumer,Platinum,2019-09-09,2019,RETURNING,True,MDM,2019-09-09,2026-04-17 15:58:34.138344
65a63e06-a9f5-4698-8001-20989d271456,CUST-2019-JP-002640,健一,鈴木,健一 鈴木,Male,1998-07-27,user956.apple@gmx.com,070-4331-5505,669 近藤 Street,南房総市,我孫子市,928-7849,JP,Japan,JAPAN,Japanese,Business,Gold,2019-09-16,2019,RETURNING,True,MDM,2019-09-16,2026-04-17 15:58:34.138345
696eaa7a-4995-4c7c-aec5-07e655378adb,CUST-2019-JP-002637,美加子,池田,美加子 池田,Female,1992-01-29,user867.apple181@gmx.com,070-2737-5777,859 青木 Street,中野区,八街市,453-9973,JP,Japan,JAPAN,Japanese,Business,None,2019-07-15,2019,RETURNING,True,MDM,2019-07-15,2026-04-17 15:58:34.138347
9929846a-b934-4013-b76c-b21cd84bcad7,CUST-2019-JP-002519,治,太田,治 太田,Male,1994-06-01,user887.apple693@live.com,58-1826-2348,862 山崎 Street,夷隅郡御宿町,長生郡一宮町,630-7784,JP,Japan,JAPAN,Japanese,Consumer,Silver,2019-01-20,2019,RETURNING,True,MDM,2019-01-20,2026-04-17 15:58:34.138348
0bfc72c5-d0d7-498c-80a8-b44182298fd4,CUST-2019-JP-002732,加奈,木村,加奈 木村,Female,1986-05-05,user931.apple@yahoo.com,090-3065-7309,944 小林 Street,北区,印西市,284-3314,JP,Japan,JAPAN,Japanese,Consumer,None,2019-12-03,2019,RETURNING,True,MDM,2019-12-03,2026-04-17 15:58:34.138350
c48e96e6-9474-421b-9a19-c290e541ddab,CUST-2019-JP-000712,和也,山本,和也 山本,Male,1950-08-27,user636.apple@protonmail.com,070-0369-8800,557 清水 Street,練馬区,夷隅郡御宿町,162-0604,JP,Japan,JAPAN,Japanese,Consumer,Platinum,2019-02-11,2019,RETURNING,True,MDM,2019-02-11,2026-04-17 15:58:34.138352
3b073810-69d5-438b-8550-f0bd7ee5b41b,CUST-2019-JP-001901,香織,青木,香織 青木,Female,1988-07-21,user642.apple@yahoo.com,080-6978-1110,812 高橋 Street,三宅島三宅村,杉並区,616-6384,JP,Japan,JAPAN,Japanese,Consumer,None,2019-10-13,2019,RETURNING,True,MDM,2019-10-13,2026-04-17 15:58:34.138353
39501225-de92-4901-a9f8-bf6ad5b38caf,CUST-2019-JP-001265,陽子,藤井,陽子 藤井,Male,1988-09-11,user687.apple@protonmail.com,080-0234-7873,088 渡辺 Street,杉並区,香取市,419-4937,JP,Japan,JAPAN,Japanese,Consumer,None,2019-05-12,2019,RETURNING,True,MDM,2019-05-12,2026-04-17 15:58:34.138355
efd36c01-0480-42c7-b2d4-b13c108a9572,CUST-2019-JP-002025,学,田中,学 田中,Female,2006-03-29,user672.apple@live.com,070-6337-4571,354 森 Street,川崎市中原区,長生郡一宮町,503-2565,JP,Japan,JAPAN,Japanese,Consumer,None,2019-04-01,2019,RETURNING,True,MDM,2019-04-01,2026-04-17 15:58:34.138357
5635ac86-7297-4f32-a12e-e2d5b1104fc9,CUST-2019-JP-001627,香織,西村,香織 西村,Female,1960-09-13,user645.apple@aol.com,080-0799-4095,144 渡辺 Street,西多摩郡日の出町,川崎市中原区,096-2247,JP,Japan,JAPAN,Japanese,Consumer,Silver,2019-08-18,2019,RETURNING,True,MDM,2019-08-18,2026-04-17 15:58:34.138358
a0eee6fb-3265-4608-acc6-95a759a2ea4d,CUST-2019-JP-000108,里佳,井上,里佳 井上,Female,1980-11-29,user714.apple909@gmail.com,080-5625-6069,515 中村 Street,鎌ケ谷市,富津市,670-6502,JP,Japan,JAPAN,Japanese,Business,Platinum,2019-06-29,2019,RETURNING,True,MDM,2019-06-29,2026-04-17 15:58:34.138360
f549f286-5943-4a05-8e6f-d93a0f7bf905,CUST-2019-JP-002702,和也,山田,和也 山田,Male,1989-12-28,user523.apple471@gmx.com,84-5959-5324,718 佐藤 Street,香取郡多古町,台東区,058-2091,JP,Japan,JAPAN,Japanese,Consumer,None,2019-03-06,2019,RETURNING,True,MDM,2019-03-06,2026-04-17 15:58:34.138361
836635dd-0506-4ed4-ade1-305ba8ff929e,CUST-2019-JP-001966,涼平,高橋,涼平 高橋,Female,1988-08-29,user156.apple@msn.com,94-3848-4607,676 佐藤 Street,板橋区,香取郡東庄町,336-6226,JP,Japan,JAPAN,Japanese,Consumer,None,2019-03-03,2019,RETURNING,True,MDM,2019-03-03,2026-04-17 15:58:34.138363
d4df377f-81ba-44fa-a5b1-e529b065f1aa,CUST-2019-JP-001989,康弘,斎藤,康弘 斎藤,Male,1955-12-31,user611.apple916@yahoo.com,090-6285-3899,113 渡辺 Street,狛江市,西多摩郡日の出町,810-4123,JP,Japan,JAPAN,Japanese,Consumer,None,2019-04-20,2019,RETURNING,False,MDM,2019-04-20,2026-04-17 15:58:34.138365
839068ce-5283-42d1-ac0f-35533fc0bb04,CUST-2019-JP-002393,結衣,山口,結衣 山口,Female,1956-03-12,user593.apple@hotmail.com,070-1977-5707,213 斉藤 Street,山武市,富里市,880-0654,JP,Japan,JAPAN,Japanese,Business,None,2019-06-10,2019,RETURNING,True,MDM,2019-06-10,2026-04-17 15:58:34.138367
5a9ead80-85d8-4edb-83f0-1865c95b4de8,CUST-2019-JP-001910,太郎,斉藤,太郎 斉藤,Female,2005-11-11,user375.apple@hotmail.com,090-0226-4772,285 阿部 Street,香取郡多古町,横浜市都筑区,784-0180,JP,Japan,JAPAN,Japanese,Consumer,None,2019-03-01,2019,RETURNING,True,MDM,2019-03-01,2026-04-17 15:58:34.138369
f7285e3a-809b-4ede-84df-86ba97ec83cc,CUST-2019-JP-002666,くみ子,青木,くみ子 青木,Male,1965-10-10,user761.apple@aol.com,070-5213-6173,983 石川 Street,白井市,武蔵村山市,610-2918,JP,Japan,JAPAN,Japanese,Business,None,2019-10-03,2019,RETURNING,True,MDM,2019-10-03,2026-04-17 15:58:34.138371
80347d5b-08c4-40b6-a7b8-62cc738ee942,CUST-2019-JP-000698,浩,小林,浩 小林,Male,2006-09-28,user247.apple@gmail.com,070-1297-9709,347 石川 Street,江戸川区,匝瑳市,723-7223,JP,Japan,JAPAN,Japanese,Education,Gold,2019-08-22,2019,RETURNING,True,MDM,2019-08-22,2026-04-17 15:58:34.138372
c5457162-736e-478f-ac06-a134f3cfe4e9,CUST-2019-JP-002479,直樹,林,直樹 林,Female,1979-08-02,user133.apple@protonmail.com,070-2786-4384,145 岡田 Street,長生郡白子町,神津島村,207-2377,JP,Japan,JAPAN,Japanese,Consumer,None,2019-01-28,2019,RETURNING,True,MDM,2019-01-28,2026-04-17 15:58:34.138374
0591054a-900b-4f7d-a84d-4a98d97f3548,CUST-2019-JP-000469,知実,山本,知実 山本,Male,1997-12-10,user500.apple195@yahoo.com,090-0739-1981,974 山口 Street,港区,狛江市,086-5381,JP,Japan,JAPAN,Japanese,Business,Gold,2019-09-02,2019,RETURNING,True,MDM,2019-09-02,2026-04-17 15:58:34.138375
555ab8b8-5cac-44ce-9693-3d3bb20f8695,CUST-2019-JP-002465,七夏,佐藤,七夏 佐藤,Male,1960-12-08,user561.apple@gmail.com,47-5545-5687,719 木村 Street,香取市,昭島市,899-9078,JP,Japan,JAPAN,Japanese,Consumer,Silver,2019-12-01,2019,RETURNING,True,MDM,2019-12-01,2026-04-17 15:58:34.138377
53206965-be71-4e1b-9577-bb8c1a4bfe2f,CUST-2019-JP-001343,裕美子,石川,裕美子 石川,Male,1954-10-28,user666.apple@yahoo.com,080-5080-1708,976 渡辺 Street,三鷹市,横浜市都筑区,992-6820,JP,Japan,JAPAN,Japanese,Consumer,Platinum,2019-03-21,2019,RETURNING,True,MDM,2019-03-21,2026-04-17 15:58:34.138378
29308eb5-aea6-475f-9531-47a62e81ef1f,CUST-2019-JP-001759,裕美子,佐藤,裕美子 佐藤,Female,1984-11-20,user287.apple849@protonmail.com,090-2667-1074,548 佐藤 Street,港区,青ヶ島村,062-8986,JP,Japan,JAPAN,Japanese,Education,Platinum,2019-04-17,2019,RETURNING,True,MDM,2019-04-17,2026-04-17 15:58:34.138379
4faf4e44-4b74-4e51-957a-5414e6ef91c6,CUST-2019-JP-001779,和也,佐藤,和也 佐藤,Female,1967-11-04,user751.apple@aol.com,90-6258-4001,121 加藤 Street,西東京市,東久留米市,983-1996,JP,Japan,JAPAN,Japanese,Business,Silver,2019-02-18,2019,RETURNING,True,MDM,2019-02-18,2026-04-17 15:58:34.138381
3d8cd77e-be7c-4f28-80d0-80278009fdb0,CUST-2019-JP-000924,陽子,吉田,陽子 吉田,Female,1985-02-02,user908.apple@zoho.com,080-3530-7188,507 福田 Street,羽村市,安房郡鋸南町,541-2532,JP,Japan,JAPAN,Japanese,Consumer,Platinum,2019-07-07,2019,RETURNING,True,MDM,2019-07-07,2026-04-17 15:58:34.138382
40bc9d22-eb16-4797-bfb4-31d369e82a57,CUST-2019-JP-002366,治,山田,治 山田,Female,2005-11-27,user638.apple312@icloud.com,070-1170-0418,353 松本 Street,横浜市瀬谷区,墨田区,443-7754,JP,Japan,JAPAN,Japanese,Consumer,Platinum,2019-10-13,2019,RETURNING,True,MDM,2019-10-13,2026-04-17 15:58:34.138383
0000b158-784e-441f-86c2-6eee1d908ec8,CUST-2019-JP-002711,あすか,田中,あすか 田中,Female,1976-09-03,user390.apple@protonmail.com,070-4910-3459,921 山田 Street,三鷹市,安房郡鋸南町,451-6982,JP,Japan,JAPAN,Japanese,Education,None,2019-07-23,2019,RETURNING,True,MDM,2019-07-23,2026-04-17 15:58:34.138385
d5f08f4e-296a-4777-932f-4b714cf73abc,CUST-2019-JP-000589,くみ子,小林,くみ子 小林,Male,2001-06-10,user283.apple@zoho.com,090-2674-0597,092 佐藤 Street,富里市,西多摩郡檜原村,486-4481,JP,Japan,JAPAN,Japanese,Business,None,2019-02-24,2019,RETURNING,True,MDM,2019-02-24,2026-04-17 15:58:34.138387
a47c828b-152a-4706-892d-1a7f88d31995,CUST-2019-JP-000839,直子,清水,直子 清水,Male,1952-05-03,user726.apple261@live.com,070-0306-2203,694 鈴木 Street,青ヶ島村,狛江市,014-5010,JP,Japan,JAPAN,Japanese,Consumer,None,2019-08-29,2019,RETURNING,True,MDM,2019-08-29,2026-04-17 15:58:34.138389
962f825c-1c74-400d-9e0d-d2fd53475320,CUST-2019-JP-001941,治,前田,治 前田,Female,2006-10-15,user289.apple@msn.com,67-9961-0597,537 吉田 Street,三宅島三宅村,東久留米市,499-2722,JP,Japan,JAPAN,Japanese,Consumer,None,2019-08-17,2019,RETURNING,True,MDM,2019-08-17,2026-04-17 15:58:34.138390
a92b4343-a523-44fd-b708-fd500b624811,CUST-2019-JP-001537,知実,山田,知実 山田,Female,2005-06-10,user561.apple@aol.com,090-6683-0114,726 清水 Street,多摩市,袖ケ浦市,255-6476,JP,Japan,JAPAN,Japanese,Consumer,None,2019-02-08,2019,RETURNING,True,MDM,2019-02-08,2026-04-17 15:58:34.138392
04851683-584c-46b2-bcf4-e39d70fa866f,CUST-2019-JP-002438,陽子,藤田,陽子 藤田,Female,2004-08-01,user517.apple@protonmail.com,080-7332-6772,296 渡辺 Street,福生市,日野市,132-9110,JP,Japan,JAPAN,Japanese,Consumer,None,2019-11-20,2019,RETURNING,True,MDM,2019-11-20,2026-04-17 15:58:34.138394
d23199f5-f2cf-4ab9-b41a-4002ff750b8d,CUST-2019-JP-000932,裕太,木村,裕太 木村,Female,1963-09-07,user872.apple@yahoo.com,080-7431-3546,618 吉田 Street,八王子市,横浜市神奈川区,284-1393,JP,Japan,JAPAN,Japanese,Business,None,2019-01-23,2019,RETURNING,True,MDM,2019-01-23,2026-04-17 15:58:34.138396
9f60511e-6f2d-400f-a8b0-aa3554fef790,CUST-2019-JP-001640,加奈,岡田,加奈 岡田,Female,1980-02-07,user829.apple545@outlook.com,070-2926-3034,099 伊藤 Street,横浜市戸塚区,八丈島八丈町,686-2358,JP,Japan,JAPAN,Japanese,Consumer,None,2019-12-23,2019,RETURNING,True,MDM,2019-12-23,2026-04-17 15:58:34.138398
a192a201-1660-4ff9-b35f-1c5ea998595f,CUST-2019-JP-002430,さゆり,山本,さゆり 山本,Female,2002-05-06,user690.apple@protonmail.com,070-2672-4650,672 伊藤 Street,横浜市保土ケ谷区,我孫子市,547-0456,JP,Japan,JAPAN,Japanese,Consumer,Silver,2019-06-28,2019,RETURNING,True,MDM,2019-06-28,2026-04-17 15:58:34.138399
c29b2ccd-8d01-4f3d-8b62-e613f9d29abf,CUST-2019-JP-001313,明美,渡辺,明美 渡辺,Female,1954-11-23,user730.apple@aol.com,87-0042-3494,753 渡辺 Street,横浜市緑区,狛江市,492-9737,JP,Japan,JAPAN,Japanese,Consumer,None,2019-06-23,2019,RETURNING,True,MDM,2019-06-23,2026-04-17 15:58:34.138401
666d6840-5a79-46e6-b78e-c7369adfde58,CUST-2019-JP-001811,太一,藤田,太一 藤田,Male,1971-05-26,user338.apple853@gmx.com,090-8594-1552,923 佐藤 Street,文京区,大田区,880-6952,JP,Japan,JAPAN,Japanese,Consumer,None,2019-12-15,2019,RETURNING,True,MDM,2019-12-15,2026-04-17 15:58:34.138403
8d88b1cb-2f10-4364-838b-85f2ceeb475d,CUST-2019-JP-002608,健一,高橋,健一 高橋,Female,1989-10-14,user876.apple@zoho.com,080-6979-1912,287 加藤 Street,印旛郡印旛村,板橋区,205-5593,JP,Japan,JAPAN,Japanese,Consumer,Platinum,2019-11-23,2019,RETURNING,True,MDM,2019-11-23,2026-04-17 15:58:34.138404
4f0f03d2-e4b6-4e42-a090-f09f356b1ad6,CUST-2019-JP-002266,亮介,斎藤,亮介 斎藤,Male,2000-09-03,user272.apple@outlook.com,07-3884-8508,249 斎藤 Street,香取郡多古町,調布市,066-6522,JP,Japan,JAPAN,Japanese,Consumer,None,2019-10-06,2019,RETURNING,True,MDM,2019-10-06,2026-04-17 15:58:34.138406
0d35d61b-cdd5-4911-8d14-b7f96a37c885,CUST-2019-JP-002323,陽子,鈴木,陽子 鈴木,Male,1999-07-02,user205.apple@gmx.com,080-5225-0281,751 渡辺 Street,長生郡長南町,中野区,754-7893,JP,Japan,JAPAN,Japanese,Consumer,Silver,2019-09-12,2019,RETURNING,True,MDM,2019-09-12,2026-04-17 15:58:34.138408
ad6690c6-08e9-43ef-9fc7-bec62c9c1909,CUST-2019-JP-002410,明美,山本,明美 山本,Female,1973-04-16,user498.apple@gmail.com,02-6065-9301,420 小林 Street,横浜市南区,安房郡鋸南町,842-5423,JP,Japan,JAPAN,Japanese,Consumer,Gold,2019-10-16,2019,RETURNING,True,MDM,2019-10-16,2026-04-17 15:58:34.138409
a08b277f-d3fe-4e1b-b1a0-43b5f4972dba,CUST-2019-JP-000882,明美,吉田,明美 吉田,Female,1950-06-07,user777.apple@msn.com,090-0743-6081,035 佐々木 Street,調布市,文京区,286-7911,JP,Japan,JAPAN,Japanese,Consumer,None,2019-04-02,2019,RETURNING,True,MDM,2019-04-02,2026-04-17 15:58:34.138411
afb93e46-120c-44fa-9bd9-c35133dadc01,CUST-2019-JP-000848,さゆり,斎藤,さゆり 斎藤,Male,1996-06-01,user584.apple@zoho.com,090-0322-6648,601 中村 Street,川崎市川崎区,印旛郡印旛村,728-4172,JP,Japan,JAPAN,Japanese,Consumer,None,2019-01-17,2019,RETURNING,True,MDM,2019-01-17,2026-04-17 15:58:34.138412
9b9d7f05-3e25-4f8b-8bb2-268a5cf59583,CUST-2019-JP-002725,春香,鈴木,春香 鈴木,Female,1958-05-30,user762.apple@outlook.com,75-0984-1157,842 佐藤 Street,西多摩郡檜原村,調布市,842-8543,JP,Japan,JAPAN,Japanese,Consumer,None,2019-06-28,2019,RETURNING,True,MDM,2019-06-28,2026-04-17 15:58:34.138414
0bc4c466-15a0-4014-93a7-3ea8bb46b97d,CUST-2019-JP-001164,和也,佐々木,和也 佐々木,Male,1956-08-01,user904.apple@yahoo.com,090-6755-6439,270 渡辺 Street,山武郡芝山町,印旛郡酒々井町,082-5972,JP,Japan,JAPAN,Japanese,Consumer,Gold,2019-09-22,2019,RETURNING,True,MDM,2019-09-22,2026-04-17 15:58:34.138415
4ad07c0b-50a4-4ca0-94ef-cfd72b8045ae,CUST-2019-JP-000844,裕太,吉田,裕太 吉田,Female,1984-05-04,user340.apple71@yahoo.com,080-3349-9150,606 加藤 Street,横浜市旭区,印西市,344-6476,JP,Japan,JAPAN,Japanese,Consumer,Silver,2019-03-28,2019,RETURNING,True,MDM,2019-03-28,2026-04-17 15:58:34.138417
7ca4e66a-4cf2-49ed-adf3-5039250200f5,CUST-2019-JP-000059,篤司,山崎,篤司 山崎,Female,1958-01-16,user336.apple@yahoo.com,090-4280-9850,638 阿部 Street,川崎市中原区,浦安市,876-8795,JP,Japan,JAPAN,Japanese,Consumer,None,2019-11-30,2019,RETURNING,True,MDM,2019-11-30,2026-04-17 15:58:34.138418
6725cb1c-7ebb-4f69-b628-0de5ba6d0f4e,CUST-2019-JP-002129,洋介,鈴木,洋介 鈴木,Male,1964-10-15,user686.apple@icloud.com,62-6107-2162,544 山本 Street,川崎市多摩区,山武郡九十九里町,335-4415,JP,Japan,JAPAN,Japanese,Consumer,None,2019-10-21,2019,RETURNING,True,MDM,2019-10-21,2026-04-17 15:58:34.138420
2158498a-db5d-49a1-ad6b-c0e88e9a243a,CUST-2019-JP-001095,篤司,高橋,篤司 高橋,Male,1994-12-02,user315.apple@outlook.com,070-0037-4133,359 木村 Street,横浜市戸塚区,鎌ケ谷市,078-8467,JP,Japan,JAPAN,Japanese,Consumer,Platinum,2019-02-25,2019,RETURNING,True,MDM,2019-02-25,2026-04-17 15:58:34.138422
04720d06-8379-42ff-a1a5-4df789915c36,CUST-2019-JP-002391,加奈,山本,加奈 山本,Male,1967-12-07,user436.apple30@mail.com,090-8660-6518,696 佐藤 Street,南房総市,渋谷区,330-6448,JP,Japan,JAPAN,Japanese,Business,None,2019-07-07,2019,RETURNING,True,MDM,2019-07-07,2026-04-17 15:58:34.138423
0aa45609-a61b-4b0f-a718-c82283c04ab7,CUST-2019-JP-000620,京助,佐藤,京助 佐藤,Male,1984-11-19,user738.apple@live.com,070-1055-8389,056 林 Street,山武郡九十九里町,安房郡鋸南町,954-2099,JP,Japan,JAPAN,Japanese,Education,None,2019-03-03,2019,RETURNING,True,MDM,2019-03-03,2026-04-17 15:58:34.138425
1a50a557-c35a-49c7-9f83-bf735d334666,CUST-2019-JP-001509,香織,渡辺,香織 渡辺,Female,1954-03-14,user707.apple@protonmail.com,090-1296-6469,629 石井 Street,長生郡白子町,足立区,178-5868,JP,Japan,JAPAN,Japanese,Consumer,None,2019-11-10,2019,RETURNING,True,MDM,2019-11-10,2026-04-17 15:58:34.138427
6de6c4a7-5b52-4278-8779-e9678ab18617,CUST-2019-JP-002331,結衣,池田,結衣 池田,Female,2002-02-04,user107.apple@gmx.com,080-3645-2438,234 伊藤 Street,日野市,多摩市,476-7124,JP,Japan,JAPAN,Japanese,Consumer,Silver,2019-01-27,2019,RETURNING,True,MDM,2019-01-27,2026-04-17 15:58:34.138428
22f1e16d-6eb7-4d41-8ffa-d639de74ab3b,CUST-2019-JP-000971,京助,佐藤,京助 佐藤,Male,1967-07-10,user198.apple143@outlook.com,080-0722-6244,542 藤田 Street,八王子市,横浜市金沢区,034-6352,JP,Japan,JAPAN,Japanese,Consumer,Silver,2019-10-27,2019,RETURNING,True,MDM,2019-10-27,2026-04-17 15:58:34.138430
8682a9ca-c087-491e-b10c-a9a6c4ad981b,CUST-2019-JP-002062,陽一,森,陽一 森,Male,1995-12-05,user275.apple@outlook.com,19-7164-3085,108 田中 Street,匝瑳市,横浜市緑区,842-8517,JP,Japan,JAPAN,Japanese,Consumer,None,2019-08-06,2019,RETURNING,True,MDM,2019-08-06,2026-04-17 15:58:34.138431
38061889-ecaf-4ed6-886e-1a686d8862af,CUST-2019-JP-001102,結衣,山下,結衣 山下,Male,1977-03-29,user573.apple@yahoo.com,090-4886-8606,666 福田 Street,東久留米市,横浜市金沢区,622-7015,JP,Japan,JAPAN,Japanese,Business,Silver,2019-10-18,2019,RETURNING,True,MDM,2019-10-18,2026-04-17 15:58:34.138433
c9f49821-58b0-4444-aad6-37fc75415fdd,CUST-2019-JP-002186,淳,岡田,淳 岡田,Male,1966-12-03,user637.apple@zoho.com,090-3007-7981,001 鈴木 Street,日野市,香取郡神崎町,836-5714,JP,Japan,JAPAN,Japanese,Consumer,None,2019-02-27,2019,RETURNING,True,MDM,2019-02-27,2026-04-17 15:58:34.138435
5f6832af-7306-4161-80aa-424f923b0639,CUST-2019-JP-001498,洋介,山本,洋介 山本,Male,1987-05-27,user372.apple358@gmx.com,070-8137-7072,663 佐藤 Street,狛江市,稲城市,297-4370,JP,Japan,JAPAN,Japanese,Business,Platinum,2019-05-26,2019,RETURNING,True,MDM,2019-05-26,2026-04-17 15:58:34.138437
9286bafb-620d-43ae-9e8b-b0c3d0404e17,CUST-2019-JP-000502,桃子,吉田,桃子 吉田,Female,1965-12-06,user997.apple@msn.com,090-1357-7586,262 太田 Street,長生郡一宮町,西多摩郡檜原村,708-4496,JP,Japan,JAPAN,Japanese,Consumer,None,2019-01-25,2019,RETURNING,True,MDM,2019-01-25,2026-04-17 15:58:34.138438
73f79f8c-7196-4fd5-b6b2-78b8d4838076,CUST-2019-JP-002095,舞,高橋,舞 高橋,Female,2008-03-30,user168.apple@msn.com,090-2844-7748,304 田中 Street,川崎市高津区,御蔵島村,103-5789,JP,Japan,JAPAN,Japanese,Education,None,2019-12-17,2019,RETURNING,True,MDM,2019-12-17,2026-04-17 15:58:34.138440
386b1b86-f8fb-4603-b40b-79362c6e447c,CUST-2019-JP-000678,裕美子,清水,裕美子 清水,Female,2007-01-02,user501.apple@protonmail.com,070-1577-5067,799 遠藤 Street,横浜市南区,夷隅郡大多喜町,227-4776,JP,Japan,JAPAN,Japanese,Consumer,None,2019-01-22,2019,RETURNING,True,MDM,2019-01-22,2026-04-17 15:58:34.138442
30470268-fa49-434e-9093-3a28f1a8babc,CUST-2019-JP-002539,健一,清水,健一 清水,Male,1999-10-15,user492.apple@gmail.com,070-2811-1992,008 伊藤 Street,品川区,印旛郡印旛村,119-8130,JP,Japan,JAPAN,Japanese,Consumer,Silver,2019-10-05,2019,RETURNING,True,MDM,2019-10-05,2026-04-17 15:58:34.138443
1c8370c0-0d6a-473f-8c76-ad35b0311f62,CUST-2019-JP-002626,和也,前田,和也 前田,Female,1970-11-28,user420.apple524@outlook.com,080-1284-3874,166 中村 Street,狛江市,東村山市,361-9932,JP,Japan,JAPAN,Japanese,Consumer,None,2019-01-02,2019,RETURNING,True,MDM,2019-01-02,2026-04-17 15:58:34.138445
8214fc32-1365-4e46-9550-646e4b9945d8,CUST-2019-JP-001961,真綾,近藤,真綾 近藤,Male,1977-11-11,user701.apple@outlook.com,070-9084-7624,363 小林 Street,鎌ケ谷市,横浜市保土ケ谷区,172-7973,JP,Japan,JAPAN,Japanese,Consumer,Gold,2019-09-06,2019,RETURNING,True,MDM,2019-09-06,2026-04-17 15:58:34.138446
556843a6-b1bd-4449-86b5-ca27500d6e4d,CUST-2019-JP-002742,翼,佐藤,翼 佐藤,Male,1955-08-29,user975.apple@yahoo.com,61-4043-0802,190 伊藤 Street,安房郡鋸南町,大田区,249-1074,JP,Japan,JAPAN,Japanese,Consumer,None,2019-06-23,2019,RETURNING,True,MDM,2019-06-23,2026-04-17 15:58:34.138448
08787502-7c4b-49ec-a66d-d2adab3f1019,CUST-2019-JP-002157,知実,岡田,知実 岡田,Male,1963-10-23,user845.apple@outlook.com,080-4701-5612,506 松田 Street,練馬区,長生郡白子町,163-9128,JP,Japan,JAPAN,Japanese,Consumer,Silver,2019-10-02,2019,RETURNING,True,MDM,2019-10-02,2026-04-17 15:58:34.138449
7d8ee98e-4b20-487c-81d0-97673caad319,CUST-2019-JP-001062,聡太郎,石井,聡太郎 石井,Female,2006-11-02,user377.apple@msn.com,080-4326-9303,513 阿部 Street,昭島市,匝瑳市,228-2551,JP,Japan,JAPAN,Japanese,Consumer,Silver,2019-12-31,2019,RETURNING,True,MDM,2019-12-31,2026-04-17 15:58:34.138451
6b56a441-da0c-47db-a693-62e7dbd82a15,CUST-2019-JP-000424,裕樹,斉藤,裕樹 斉藤,Male,1961-01-24,user447.apple@mail.com,080-9002-8972,746 福田 Street,三鷹市,あきる野市,280-5833,JP,Japan,JAPAN,Japanese,Business,None,2019-09-15,2019,RETURNING,True,MDM,2019-09-15,2026-04-17 15:58:34.138453
dd3db7a0-b94a-4157-a098-6e9cb17a2ff8,CUST-2019-JP-001000,和也,藤田,和也 藤田,Male,1963-08-22,user465.apple787@gmx.com,080-3398-7686,824 三浦 Street,府中市,川崎市多摩区,975-3281,JP,Japan,JAPAN,Japanese,Consumer,None,2019-07-19,2019,RETURNING,True,MDM,2019-07-19,2026-04-17 15:58:34.138454
8406aef2-17b8-4c9f-89df-5a67c58e4161,CUST-2019-JP-001484,健一,石井,健一 石井,Female,1984-01-09,user147.apple@icloud.com,070-2556-4514,713 山崎 Street,世田谷区,目黒区,668-1903,JP,Japan,JAPAN,Japanese,Consumer,None,2019-09-03,2019,RETURNING,True,MDM,2019-09-03,2026-04-17 15:58:34.138456
717b8ebc-4238-4916-95ee-c38486d9e90e,CUST-2019-JP-002020,学,山下,学 山下,Female,2003-08-29,user500.apple@msn.com,080-3389-1884,265 森 Street,横浜市瀬谷区,白井市,617-0339,JP,Japan,JAPAN,Japanese,Business,None,2019-01-30,2019,RETURNING,True,MDM,2019-01-30,2026-04-17 15:58:34.138458
d27fe685-eee0-4e16-875a-654e7d188f3b,CUST-2019-JP-001019,直人,鈴木,直人 鈴木,Female,1985-11-24,user157.apple@aol.com,080-9327-4497,340 高橋 Street,君津市,福生市,546-9539,JP,Japan,JAPAN,Japanese,Consumer,None,2019-10-13,2019,RETURNING,True,MDM,2019-10-13,2026-04-17 15:58:34.138460
0139cf1f-e128-4979-b18f-025c18596797,CUST-2019-JP-002722,太郎,佐藤,太郎 佐藤,Male,1969-10-12,user595.apple131@zoho.com,42-4585-4769,468 小川 Street,大田区,香取市,717-0131,JP,Japan,JAPAN,Japanese,Consumer,None,2019-02-04,2019,RETURNING,True,MDM,2019-02-04,2026-04-17 15:58:34.138461
4deafc34-8cd8-4304-961c-2ae7054302f8,CUST-2019-JP-002205,拓真,太田,拓真 太田,Male,1957-10-17,user335.apple@gmx.com,080-2951-8299,467 高橋 Street,長生郡一宮町,神津島村,985-5281,JP,Japan,JAPAN,Japanese,Business,Silver,2019-08-31,2019,RETURNING,True,MDM,2019-08-31,2026-04-17 15:58:34.138463
6e7ca090-975c-41ee-8751-89c02cfbcb34,CUST-2019-JP-002610,裕美子,石川,裕美子 石川,Male,1967-08-08,user261.apple@mail.com,070-8905-5078,613 小林 Street,大島町,横浜市南区,757-6667,JP,Japan,JAPAN,Japanese,Consumer,None,2019-08-22,2019,RETURNING,True,MDM,2019-08-22,2026-04-17 15:58:34.138464
507aac12-8702-4644-846e-c68d0b37b58b,CUST-2019-JP-000411,和也,吉田,和也 吉田,Male,1998-05-24,user119.apple719@yahoo.com,080-9711-9813,195 高橋 Street,四街道市,港区,023-5316,JP,Japan,JAPAN,Japanese,Business,Gold,2019-07-18,2019,RETURNING,True,MDM,2019-07-18,2026-04-17 15:58:34.138466
2f68db78-0a2a-4b19-93bd-88314eeb7f19,CUST-2019-JP-001225,翼,松本,翼 松本,Female,1991-12-30,user694.apple@msn.com,090-6446-6908,646 斉藤 Street,印旛郡印旛村,印旛郡印旛村,228-7398,JP,Japan,JAPAN,Japanese,Business,None,2019-07-25,2019,RETURNING,True,MDM,2019-07-25,2026-04-17 15:58:34.138468
3e5e5d80-1cf2-433c-b227-860986ec7a61,CUST-2019-JP-002087,裕樹,小林,裕樹 小林,Male,1972-02-23,user524.apple@live.com,34-8996-2351,313 鈴木 Street,大網白里市,豊島区,549-7962,JP,Japan,JAPAN,Japanese,Consumer,Silver,2019-05-06,2019,RETURNING,True,MDM,2019-05-06,2026-04-17 15:58:34.138469
372b5831-a1f6-4da3-a190-9592157efbeb,CUST-2019-JP-001267,聡太郎,田中,聡太郎 田中,Female,1958-01-21,user147.apple@live.com,070-8714-4900,603 中島 Street,川崎市中原区,新宿区,270-6804,JP,Japan,JAPAN,Japanese,Consumer,Gold,2019-12-27,2019,RETURNING,True,MDM,2019-12-27,2026-04-17 15:58:34.138471
e86806ff-b0ec-40b7-96b6-7b0112a58216,CUST-2019-JP-000052,香織,山本,香織 山本,Female,1970-02-02,user571.apple@live.com,070-7549-0276,581 西村 Street,印旛郡本埜村,横浜市神奈川区,443-4985,JP,Japan,JAPAN,Japanese,Consumer,None,2019-11-14,2019,RETURNING,False,MDM,2019-11-14,2026-04-17 15:58:34.138473
20e617e3-038c-4cc5-a74d-eff8f6742cff,CUST-2019-JP-001037,聡太郎,前田,聡太郎 前田,Female,2007-01-28,user984.apple@gmx.com,43-2087-6885,417 吉田 Street,三宅島三宅村,横浜市泉区,227-4283,JP,Japan,JAPAN,Japanese,Consumer,Gold,2019-11-20,2019,RETURNING,True,MDM,2019-11-20,2026-04-17 15:58:34.138474
3b9fbcf2-3b76-4823-81ad-d17536829f02,CUST-2019-JP-000301,太郎,長谷川,太郎 長谷川,Female,1977-02-18,user993.apple@icloud.com,090-8247-7595,544 坂本 Street,長生郡睦沢町,目黒区,803-2779,JP,Japan,JAPAN,Japanese,Consumer,Gold,2019-08-25,2019,RETURNING,True,MDM,2019-08-25,2026-04-17 15:58:34.138475
26c1d68a-8b7d-4aa4-b22b-8ca8390b09f3,CUST-2019-JP-001962,舞,佐々木,舞 佐々木,Male,1959-11-27,user213.apple@msn.com,27-5274-9047,318 村上 Street,西東京市,西多摩郡瑞穂町,143-2543,JP,Japan,JAPAN,Japanese,Education,Platinum,2019-01-15,2019,RETURNING,True,MDM,2019-01-15,2026-04-17 15:58:34.138477
0cd402c3-e1bf-4ed4-9211-4f596de200f4,CUST-2019-JP-001855,陽一,青木,陽一 青木,Male,1979-08-04,user798.apple@outlook.com,070-0482-5535,775 山崎 Street,三宅島三宅村,大島町,682-1589,JP,Japan,JAPAN,Japanese,Consumer,None,2019-11-15,2019,RETURNING,True,MDM,2019-11-15,2026-04-17 15:58:34.138479
14099334-ca98-4b65-82c8-42b2886ff6a3,CUST-2019-JP-002305,充,松本,充 松本,Male,1969-04-27,user623.apple@msn.com,070-7416-5688,673 山本 Street,印旛郡本埜村,横浜市旭区,243-0307,JP,Japan,JAPAN,Japanese,Consumer,None,2019-04-04,2019,RETURNING,True,MDM,2019-04-04,2026-04-17 15:58:34.138480
9f3eda1b-b0c8-4324-83a2-a6309aea2898,CUST-2019-JP-001863,くみ子,池田,くみ子 池田,Female,2002-12-29,user598.apple@mail.com,090-0183-7813,616 斎藤 Street,横浜市鶴見区,富里市,799-4135,JP,Japan,JAPAN,Japanese,Consumer,None,2019-08-20,2019,RETURNING,True,MDM,2019-08-20,2026-04-17 15:58:34.138482
095c1626-dc0d-4fb6-8d5b-51251de738f4,CUST-2019-JP-002453,桃子,吉田,桃子 吉田,Female,1999-09-07,user440.apple@protonmail.com,070-2103-4001,042 石川 Street,夷隅郡大多喜町,三宅島三宅村,441-2831,JP,Japan,JAPAN,Japanese,Consumer,None,2019-10-04,2019,RETURNING,True,MDM,2019-10-04,2026-04-17 15:58:34.138484
fd92bed5-521c-44ef-a7ba-22c440b8999f,CUST-2019-JP-000457,花子,鈴木,花子 鈴木,Female,1952-02-03,user426.apple@hotmail.com,080-6602-1853,099 小林 Street,御蔵島村,杉並区,838-6873,JP,Japan,JAPAN,Japanese,Education,Silver,2019-11-26,2019,RETURNING,True,MDM,2019-11-26,2026-04-17 15:58:34.138485
69817fb9-28d2-409a-9082-13bffcf5cf7d,CUST-2019-JP-001456,さゆり,加藤,さゆり 加藤,Male,1991-03-15,user885.apple566@mail.com,090-5261-0334,997 岡本 Street,匝瑳市,横浜市栄区,535-7498,JP,Japan,JAPAN,Japanese,Business,Silver,2019-03-18,2019,RETURNING,True,MDM,2019-03-18,2026-04-17 15:58:34.138486
58092f60-0990-43cd-b635-f454f2a36a9e,CUST-2019-JP-002335,里佳,加藤,里佳 加藤,Female,1951-04-25,user618.apple980@yahoo.com,090-8635-2094,531 林 Street,御蔵島村,横浜市瀬谷区,178-1180,JP,Japan,JAPAN,Japanese,Consumer,None,2019-10-18,2019,RETURNING,True,MDM,2019-10-18,2026-04-17 15:58:34.138488
e42311ed-48fb-45f2-8c8a-e9d9eeeccb59,CUST-2019-JP-000976,稔,吉田,稔 吉田,Male,1966-11-15,user914.apple@yahoo.com,22-0320-8618,113 小林 Street,日野市,西東京市,117-4207,JP,Japan,JAPAN,Japanese,Consumer,None,2019-02-24,2019,RETURNING,True,MDM,2019-02-24,2026-04-17 15:58:34.138490
8742a140-4f44-42b0-b990-c633d551cb55,CUST-2019-JP-002324,陽子,小川,陽子 小川,Male,1961-07-14,user418.apple174@mail.com,070-2339-6926,476 井上 Street,長生郡長柄町,武蔵村山市,114-1992,JP,Japan,JAPAN,Japanese,Education,None,2019-12-11,2019,RETURNING,True,MDM,2019-12-11,2026-04-17 15:58:34.138492
683981d0-88ed-45ef-a4a1-10353fc8d4ab,CUST-2019-JP-001581,健一,山本,健一 山本,Male,1989-02-04,user731.apple@gmail.com,85-6826-7912,040 中村 Street,長生郡長生村,日野市,001-7373,JP,Japan,JAPAN,Japanese,Consumer,Silver,2019-08-12,2019,RETURNING,True,MDM,2019-08-12,2026-04-17 15:58:34.138493
09a86ac1-0dae-463c-bf33-7e21fcb60090,CUST-2019-JP-000421,七夏,福田,七夏 福田,Male,2001-11-20,user828.apple@msn.com,090-0367-3145,592 伊藤 Street,国立市,三鷹市,312-2595,JP,Japan,JAPAN,Japanese,Consumer,Gold,2019-12-12,2019,RETURNING,True,MDM,2019-12-12,2026-04-17 15:58:34.138495
653a2a24-03f8-4b2f-b9ae-6af6708ea63d,CUST-2019-JP-001606,健一,斎藤,健一 斎藤,Male,1985-07-09,user759.apple@icloud.com,89-9159-0710,056 山口 Street,袖ケ浦市,渋谷区,937-6677,JP,Japan,JAPAN,Japanese,Consumer,Gold,2019-02-26,2019,RETURNING,True,MDM,2019-02-26,2026-04-17 15:58:34.138496
26f49dc3-a454-44d4-88e1-6abfe331c46a,CUST-2019-JP-000135,七夏,佐藤,七夏 佐藤,Female,1993-12-01,user592.apple@outlook.com,51-3201-0842,755 鈴木 Street,三鷹市,横浜市瀬谷区,129-5746,JP,Japan,JAPAN,Japanese,Consumer,Platinum,2019-08-07,2019,RETURNING,True,MDM,2019-08-07,2026-04-17 15:58:34.138498
e1c55b6f-9a59-418f-a820-4b9a207f8473,CUST-2019-JP-002558,直子,佐藤,直子 佐藤,Female,2005-11-18,user615.apple@hotmail.com,090-7774-0966,623 斎藤 Street,渋谷区,国分寺市,578-2576,JP,Japan,JAPAN,Japanese,Consumer,Gold,2019-01-26,2019,RETURNING,True,MDM,2019-01-26,2026-04-17 15:58:34.138499
fdebc242-daf7-4e26-8733-86eabd27294c,CUST-2019-JP-001658,晃,松田,晃 松田,Male,1952-02-05,user767.apple@zoho.com,070-8604-4183,052 佐藤 Street,我孫子市,長生郡一宮町,640-5498,JP,Japan,JAPAN,Japanese,Consumer,None,2019-02-06,2019,RETURNING,True,MDM,2019-02-06,2026-04-17 15:58:34.138501
bb4ee600-44ec-424a-a19c-db033a8255e4,CUST-2019-JP-000778,香織,村上,香織 村上,Female,1965-09-29,user607.apple@gmail.com,11-9795-1952,532 伊藤 Street,西多摩郡日の出町,長生郡一宮町,409-6751,JP,Japan,JAPAN,Japanese,Consumer,Gold,2019-10-07,2019,RETURNING,True,MDM,2019-10-07,2026-04-17 15:58:34.138503
3123b59d-7c92-4d96-aa77-045d9739a413,CUST-2019-JP-000497,淳,鈴木,淳 鈴木,Male,1987-05-21,user707.apple@mail.com,96-4852-7394,106 近藤 Street,あきる野市,東久留米市,540-0614,JP,Japan,JAPAN,Japanese,Consumer,None,2019-03-07,2019,RETURNING,True,MDM,2019-03-07,2026-04-17 15:58:34.138505
abaad388-de07-4978-bd75-87c3bad1fde7,CUST-2019-JP-002035,桃子,山下,桃子 山下,Female,1973-07-17,user282.apple913@hotmail.com,090-2091-3013,019 伊藤 Street,小笠原村,昭島市,554-5440,JP,Japan,JAPAN,Japanese,Consumer,None,2019-12-02,2019,RETURNING,True,MDM,2019-12-02,2026-04-17 15:58:34.138507
9305be16-a96e-4ded-8f45-8519b39424c5,CUST-2019-JP-002338,京助,西村,京助 西村,Female,1999-07-17,user519.apple@live.com,92-8132-4842,497 伊藤 Street,長生郡長南町,横浜市磯子区,684-1538,JP,Japan,JAPAN,Japanese,Business,Platinum,2019-08-10,2019,RETURNING,True,MDM,2019-08-10,2026-04-17 15:58:34.138508
0ee51f9e-fa2a-4132-a507-74f5642cfbf1,CUST-2019-JP-002492,明美,中島,明美 中島,Female,1954-02-28,user240.apple@yahoo.com,60-2991-7764,436 小林 Street,品川区,新島村,743-0481,JP,Japan,JAPAN,Japanese,Consumer,Gold,2019-09-05,2019,RETURNING,True,MDM,2019-09-05,2026-04-17 15:58:34.138510
b087bf98-1327-4047-a95b-02182793dd84,CUST-2019-JP-001504,春香,佐藤,春香 佐藤,Male,1992-01-14,user542.apple@icloud.com,080-3711-0226,679 斎藤 Street,大島町,新宿区,135-9974,JP,Japan,JAPAN,Japanese,Consumer,None,2019-04-08,2019,RETURNING,True,MDM,2019-04-08,2026-04-17 15:58:34.138511
1927cf7f-17fb-44be-8bac-326cdd97a745,CUST-2019-JP-002074,和也,石川,和也 石川,Male,1957-11-20,user764.apple@yahoo.com,14-6471-4892,990 山口 Street,鎌ケ谷市,小金井市,376-1927,JP,Japan,JAPAN,Japanese,Education,Gold,2019-04-09,2019,RETURNING,True,MDM,2019-04-09,2026-04-17 15:58:34.138513
f6259710-3042-4cf9-8af0-68bca1150267,CUST-2019-JP-001442,美加子,山口,美加子 山口,Male,2000-07-19,user293.apple@outlook.com,080-4672-9330,908 斎藤 Street,立川市,杉並区,094-6698,JP,Japan,JAPAN,Japanese,Education,Gold,2019-12-26,2019,RETURNING,True,MDM,2019-12-26,2026-04-17 15:58:34.138514
e8992be8-98f7-477f-9c05-fb775efd77f1,CUST-2019-JP-000553,太郎,佐藤,太郎 佐藤,Male,1956-01-31,user266.apple27@aol.com,080-4650-1568,960 木村 Street,横浜市瀬谷区,八王子市,751-7284,JP,Japan,JAPAN,Japanese,Consumer,None,2019-10-13,2019,RETURNING,True,MDM,2019-10-13,2026-04-17 15:58:34.138516
e37b7f4f-4977-4211-97e2-a65e484ee5c6,CUST-2019-JP-001631,直子,伊藤,直子 伊藤,Male,1950-12-12,user242.apple@protonmail.com,38-7023-8922,122 佐藤 Street,横浜市都筑区,西多摩郡瑞穂町,347-0528,JP,Japan,JAPAN,Japanese,Consumer,Platinum,2019-10-26,2019,RETURNING,True,MDM,2019-10-26,2026-04-17 15:58:34.138517
75444625-32f3-408a-ad70-71c8189039bf,CUST-2019-JP-001861,晃,森,晃 森,Female,1966-09-27,user844.apple@gmx.com,070-0190-3324,210 伊藤 Street,横浜市旭区,西多摩郡瑞穂町,152-1552,JP,Japan,JAPAN,Japanese,Consumer,Gold,2019-11-03,2019,RETURNING,True,MDM,2019-11-03,2026-04-17 15:58:34.138519
f13326c7-4b2f-41d4-bead-6250469f4cf3,CUST-2019-JP-001431,太郎,阿部,太郎 阿部,Male,1982-01-09,user974.apple@yahoo.com,52-5922-0910,472 井上 Street,横浜市泉区,横浜市瀬谷区,294-1618,JP,Japan,JAPAN,Japanese,Business,Silver,2019-04-12,2019,RETURNING,True,MDM,2019-04-12,2026-04-17 15:58:34.138520
d4b3a1f8-5826-4f62-9472-e3fce69a442d,CUST-2019-JP-000825,治,高橋,治 高橋,Female,1973-01-26,user379.apple@yahoo.com,080-7861-3141,620 渡辺 Street,川崎市高津区,立川市,640-3916,JP,Japan,JAPAN,Japanese,Consumer,None,2019-05-09,2019,RETURNING,True,MDM,2019-05-09,2026-04-17 15:58:34.138522
f77a2c02-b82c-4d6c-8389-140db6188115,CUST-2019-JP-001071,陽一,福田,陽一 福田,Female,1983-01-30,user306.apple@yahoo.com,070-7472-3790,024 加藤 Street,横浜市戸塚区,東久留米市,397-3245,JP,Japan,JAPAN,Japanese,Consumer,Silver,2019-12-31,2019,RETURNING,True,MDM,2019-12-31,2026-04-17 15:58:34.138524
7daf2086-4c0b-47d0-bde1-9a875c0e51b9,CUST-2019-JP-000814,和也,林,和也 林,Male,1954-12-10,user746.apple@mail.com,090-7263-8895,343 高橋 Street,府中市,立川市,634-6591,JP,Japan,JAPAN,Japanese,Consumer,Silver,2019-09-18,2019,RETURNING,True,MDM,2019-09-18,2026-04-17 15:58:34.138525
4cfca8c6-cb37-4800-89c4-b01562c1bb71,CUST-2019-JP-002431,真綾,鈴木,真綾 鈴木,Female,1995-01-02,user302.apple@yahoo.com,090-7174-6513,654 中村 Street,大田区,国分寺市,706-4605,JP,Japan,JAPAN,Japanese,Consumer,None,2019-12-11,2019,RETURNING,True,MDM,2019-12-11,2026-04-17 15:58:34.138527
5e4e2435-39b6-4256-812b-3427971429f4,CUST-2019-JP-001522,京助,佐々木,京助 佐々木,Female,2006-10-08,user262.apple@mail.com,070-7777-2111,277 長谷川 Street,小笠原村,山武郡九十九里町,092-4321,JP,Japan,JAPAN,Japanese,Consumer,Silver,2019-05-16,2019,RETURNING,True,MDM,2019-05-16,2026-04-17 15:58:34.138528
2444758d-c442-4188-b123-5a24a8ec4d8f,CUST-2019-JP-000058,零,井上,零 井上,Female,1969-03-18,user759.apple829@gmx.com,60-1608-4609,096 松本 Street,香取市,山武市,271-0187,JP,Japan,JAPAN,Japanese,Consumer,None,2019-02-01,2019,RETURNING,True,MDM,2019-02-01,2026-04-17 15:58:34.138530
ca4c4661-9fc1-4055-a205-6c3fe1130f33,CUST-2019-JP-000344,直樹,山本,直樹 山本,Male,2008-03-14,user605.apple824@gmail.com,090-3254-9481,039 田中 Street,国立市,横浜市磯子区,636-2022,JP,Japan,JAPAN,Japanese,Consumer,Silver,2019-05-07,2019,RETURNING,True,MDM,2019-05-07,2026-04-17 15:58:34.138532
3d3148e9-fa5b-40c3-a267-6393677d5d28,CUST-2019-JP-002570,和也,太田,和也 太田,Female,1977-12-19,user340.apple@yahoo.com,61-0021-1461,286 田中 Street,横浜市金沢区,府中市,640-4975,JP,Japan,JAPAN,Japanese,Business,Gold,2019-06-20,2019,RETURNING,True,MDM,2019-06-20,2026-04-17 15:58:34.138533
72aec095-2f89-46de-bb26-0aa1f3af887c,CUST-2019-JP-000566,太郎,中島,太郎 中島,Female,2003-05-26,user351.apple@hotmail.com,090-4799-7432,334 山本 Street,横浜市磯子区,西多摩郡檜原村,280-0315,JP,Japan,JAPAN,Japanese,Business,None,2019-04-21,2019,RETURNING,True,MDM,2019-04-21,2026-04-17 15:58:34.138535
2e0005ec-4ba0-4b26-bb54-149539412196,CUST-2019-JP-001261,翔太,小林,翔太 小林,Male,1973-07-05,user101.apple965@aol.com,070-4492-7499,160 松田 Street,横浜市中区,武蔵村山市,390-3126,JP,Japan,JAPAN,Japanese,Business,Silver,2019-12-14,2019,RETURNING,True,MDM,2019-12-14,2026-04-17 15:58:34.138537
9f01b51b-0320-4e94-88b5-181f2dd80192,CUST-2019-JP-001772,学,山田,学 山田,Female,1985-02-20,user108.apple991@msn.com,080-8535-0563,760 中村 Street,西多摩郡檜原村,川崎市宮前区,483-0516,JP,Japan,JAPAN,Japanese,Business,None,2019-03-05,2019,RETURNING,True,MDM,2019-03-05,2026-04-17 15:58:34.138539
7c99eae6-85c2-49a4-9669-676757cb13f2,CUST-2019-JP-000359,浩,遠藤,浩 遠藤,Male,1987-02-14,user819.apple@aol.com,090-3151-7472,627 斎藤 Street,南房総市,いすみ市,492-2984,JP,Japan,JAPAN,Japanese,Education,None,2019-04-27,2019,RETURNING,True,MDM,2019-04-27,2026-04-17 15:58:34.138541
dfac75da-44ae-4ba5-83ea-f7e85eebb553,CUST-2019-JP-000071,花子,中川,花子 中川,Male,1987-09-20,user199.apple@mail.com,080-0822-8192,635 高橋 Street,中央区,渋谷区,554-4358,JP,Japan,JAPAN,Japanese,Consumer,Platinum,2019-06-09,2019,RETURNING,True,MDM,2019-06-09,2026-04-17 15:58:34.138542
0fb6095e-981a-4de2-bcb2-99a3d8f2c459,CUST-2019-JP-001649,淳,岡本,淳 岡本,Female,1951-10-07,user693.apple2@protonmail.com,080-3277-0093,064 佐藤 Street,夷隅郡大多喜町,横浜市南区,271-0155,JP,Japan,JAPAN,Japanese,Consumer,None,2019-05-22,2019,RETURNING,True,MDM,2019-05-22,2026-04-17 15:58:34.138544
84245d8f-8ae6-4c72-bba3-e71eafb78ac9,CUST-2019-JP-001122,智也,鈴木,智也 鈴木,Male,1970-04-09,user644.apple@aol.com,070-2421-7089,858 中川 Street,足立区,三宅島三宅村,756-0777,JP,Japan,JAPAN,Japanese,Consumer,Gold,2019-08-28,2019,RETURNING,True,MDM,2019-08-28,2026-04-17 15:58:34.138545
fa80012e-bb41-47b0-85ce-2d45a6664c37,CUST-2019-JP-002751,京助,山崎,京助 山崎,Female,1963-04-11,user509.apple@outlook.com,98-6804-6177,759 井上 Street,西多摩郡檜原村,横浜市緑区,200-3066,JP,Japan,JAPAN,Japanese,Consumer,None,2019-08-16,2019,RETURNING,True,MDM,2019-08-16,2026-04-17 15:58:34.138547
d18ea5c2-ba5b-456e-babf-d16746a13a25,CUST-2019-JP-001538,裕美子,渡辺,裕美子 渡辺,Male,1963-03-19,user681.apple@yahoo.com,070-6312-3033,555 伊藤 Street,長生郡白子町,横浜市青葉区,548-7946,JP,Japan,JAPAN,Japanese,Consumer,None,2019-11-10,2019,RETURNING,True,MDM,2019-11-10,2026-04-17 15:58:34.138549
2de78928-f0c4-4201-b0c7-2f96d6a26dec,CUST-2019-JP-002170,陽一,佐藤,陽一 佐藤,Female,1956-03-06,user989.apple@outlook.com,89-5658-0399,350 吉田 Street,香取市,日野市,504-5502,JP,Japan,JAPAN,Japanese,Business,None,2019-02-04,2019,RETURNING,True,MDM,2019-02-04,2026-04-17 15:58:34.138550
d2eff1e4-384b-4705-9323-cde72a0128cf,CUST-2019-JP-000756,健一,小林,健一 小林,Female,1962-07-28,user363.apple@icloud.com,070-1561-6190,758 後藤 Street,小笠原村,横浜市旭区,776-3916,JP,Japan,JAPAN,Japanese,Consumer,None,2019-02-26,2019,RETURNING,True,MDM,2019-02-26,2026-04-17 15:58:34.138552
0b6f5d19-db96-40e7-a709-5d89cb7fa593,CUST-2019-JP-001700,学,山本,学 山本,Female,1959-11-03,user942.apple314@live.com,080-5736-5611,845 加藤 Street,豊島区,大田区,049-2356,JP,Japan,JAPAN,Japanese,Education,None,2019-07-15,2019,RETURNING,True,MDM,2019-07-15,2026-04-17 15:58:34.138554
f404fbf2-98f9-4a68-a636-6a1dfc7d7e23,CUST-2019-JP-002648,あすか,佐藤,あすか 佐藤,Female,1982-07-05,user286.apple@icloud.com,070-8874-1400,490 斎藤 Street,三宅島三宅村,あきる野市,448-7578,JP,Japan,JAPAN,Japanese,Business,None,2019-04-24,2019,RETURNING,True,MDM,2019-04-24,2026-04-17 15:58:34.138556
3e0de70d-70cf-43fe-9ae0-5ae95a750402,CUST-2019-JP-001310,裕美子,佐々木,裕美子 佐々木,Male,1951-06-14,user469.apple@live.com,01-5865-6319,764 吉田 Street,新島村,長生郡一宮町,146-0504,JP,Japan,JAPAN,Japanese,Education,Gold,2019-10-22,2019,RETURNING,True,MDM,2019-10-22,2026-04-17 15:58:34.138557
26e29f7c-0032-4116-968b-e9332a2f93bd,CUST-2019-JP-000730,翔太,渡辺,翔太 渡辺,Male,1994-08-05,user116.apple982@zoho.com,090-9554-6286,633 加藤 Street,立川市,横浜市神奈川区,474-9609,JP,Japan,JAPAN,Japanese,Consumer,None,2019-12-15,2019,RETURNING,True,MDM,2019-12-15,2026-04-17 15:58:34.138559
d75ec14f-b2a5-4df1-bda4-65c79108df57,CUST-2019-JP-000004,加奈,長谷川,加奈 長谷川,Male,1987-06-20,user439.apple710@gmail.com,080-0854-9870,298 小林 Street,昭島市,鎌ケ谷市,424-2209,JP,Japan,JAPAN,Japanese,Consumer,Platinum,2019-04-23,2019,RETURNING,True,MDM,2019-04-23,2026-04-17 15:58:34.138560
dfa3e23e-c693-41fc-bceb-8461504a31fc,CUST-2019-JP-002681,英樹,加藤,英樹 加藤,Female,1979-02-12,user533.apple789@msn.com,070-7114-6239,264 斉藤 Street,青梅市,板橋区,249-3811,JP,Japan,JAPAN,Japanese,Consumer,None,2019-04-18,2019,RETURNING,True,MDM,2019-04-18,2026-04-17 15:58:34.138562
4f7e80f7-f0c9-4783-af6e-35f9fce4e08b,CUST-2019-JP-001943,太一,佐々木,太一 佐々木,Male,1983-08-27,user110.apple934@icloud.com,080-5555-8938,213 青木 Street,我孫子市,新島村,803-9278,JP,Japan,JAPAN,Japanese,Consumer,Silver,2019-12-28,2019,RETURNING,True,MDM,2019-12-28,2026-04-17 15:58:34.138563
c73f590a-6513-4233-8c6e-b36d35262663,CUST-2019-JP-001058,和也,吉田,和也 吉田,Female,1977-12-28,user127.apple@live.com,96-9260-2246,664 山田 Street,豊島区,小平市,906-5353,JP,Japan,JAPAN,Japanese,Education,None,2019-07-10,2019,RETURNING,True,MDM,2019-07-10,2026-04-17 15:58:34.138565
32ad6fa0-db66-4ff4-8a70-f0d3648633cf,CUST-2019-JP-000349,洋介,清水,洋介 清水,Male,1958-08-12,user591.apple@hotmail.com,29-9712-8753,418 吉田 Street,大田区,印西市,223-8170,JP,Japan,JAPAN,Japanese,Consumer,Silver,2019-12-30,2019,RETURNING,True,MDM,2019-12-30,2026-04-17 15:58:34.138567
2496aa2c-d38f-4c60-baac-7fd3cc798bd3,CUST-2019-JP-001745,裕太,鈴木,裕太 鈴木,Male,1991-07-26,user978.apple@msn.com,070-5660-7572,127 山田 Street,長生郡長南町,富津市,022-9911,JP,Japan,JAPAN,Japanese,Consumer,Silver,2019-03-31,2019,RETURNING,True,MDM,2019-03-31,2026-04-17 15:58:34.138568
6d8eee33-89cb-4268-9d6d-cc319dff5962,CUST-2019-JP-000304,京助,中村,京助 中村,Male,1956-12-08,user784.apple487@live.com,070-9181-1963,509 山口 Street,大田区,小金井市,671-9193,JP,Japan,JAPAN,Japanese,Consumer,None,2019-01-18,2019,RETURNING,True,MDM,2019-01-18,2026-04-17 15:58:34.138570
a0dec7e2-9f1a-4689-a5f0-fa9238e7d1d6,CUST-2019-JP-001584,花子,後藤,花子 後藤,Male,2000-04-03,user778.apple@gmail.com,080-1085-3350,257 山本 Street,西多摩郡瑞穂町,横浜市磯子区,847-5092,JP,Japan,JAPAN,Japanese,Consumer,Silver,2019-04-09,2019,RETURNING,True,MDM,2019-04-09,2026-04-17 15:58:34.138572
35eda909-5d69-4c34-8c53-e6023581679e,CUST-2019-JP-000626,知実,山下,知実 山下,Female,1961-03-10,user110.apple@gmail.com,090-6914-9795,798 中村 Street,目黒区,横浜市港南区,201-4050,JP,Japan,JAPAN,Japanese,Consumer,None,2019-12-29,2019,RETURNING,True,MDM,2019-12-29,2026-04-17 15:58:34.138573
38ba1ab8-28f3-48ff-9751-e27e848e227a,CUST-2019-JP-001354,くみ子,高橋,くみ子 高橋,Female,1984-04-18,user957.apple980@icloud.com,070-1411-4214,283 太田 Street,西多摩郡檜原村,印旛郡印旛村,210-8374,JP,Japan,JAPAN,Japanese,Consumer,Platinum,2019-06-12,2019,RETURNING,True,MDM,2019-06-12,2026-04-17 15:58:34.138575
3b0f35b8-c45c-445d-a580-d279e59ffc23,CUST-2019-JP-002340,直人,高橋,直人 高橋,Male,1982-05-21,user786.apple273@live.com,40-1206-8922,073 岡本 Street,豊島区,長生郡長南町,937-4579,JP,Japan,JAPAN,Japanese,Consumer,Platinum,2019-06-15,2019,RETURNING,True,MDM,2019-06-15,2026-04-17 15:58:34.138576
fb912646-511a-4b67-8e94-b344de59e69f,CUST-2019-JP-002037,香織,佐藤,香織 佐藤,Female,1971-12-15,user949.apple@zoho.com,070-4894-9582,007 清水 Street,昭島市,千代田区,053-3704,JP,Japan,JAPAN,Japanese,Consumer,Gold,2019-06-02,2019,RETURNING,True,MDM,2019-06-02,2026-04-17 15:58:34.138577
9f2e06e6-9f60-4aae-b6aa-3c594aed1fc9,CUST-2019-JP-000907,千代,斎藤,千代 斎藤,Female,1954-11-28,user911.apple752@mail.com,96-4024-5354,266 橋本 Street,武蔵野市,横浜市神奈川区,450-1915,JP,Japan,JAPAN,Japanese,Business,None,2019-04-03,2019,RETURNING,True,MDM,2019-04-03,2026-04-17 15:58:34.138579
a176810b-dc61-4349-bb20-266b24012780,CUST-2019-JP-001065,直子,山田,直子 山田,Male,1999-01-22,user913.apple574@aol.com,090-0662-4972,252 池田 Street,川崎市川崎区,杉並区,634-7392,JP,Japan,JAPAN,Japanese,Business,None,2019-01-17,2019,RETURNING,True,MDM,2019-01-17,2026-04-17 15:58:34.138581
05f1878f-b152-49ba-8758-5458ad250014,CUST-2019-JP-002149,幹,林,幹 林,Male,1979-07-04,user859.apple@protonmail.com,88-9924-0538,124 山田 Street,西多摩郡檜原村,富津市,051-9131,JP,Japan,JAPAN,Japanese,Consumer,None,2019-01-23,2019,RETURNING,True,MDM,2019-01-23,2026-04-17 15:58:34.138583
136fd6f6-24cf-4204-9910-06081ae31047,CUST-2019-JP-001577,里佳,後藤,里佳 後藤,Female,1996-11-19,user130.apple@protonmail.com,090-5829-3479,311 斉藤 Street,大島町,鎌ケ谷市,177-9536,JP,Japan,JAPAN,Japanese,Education,None,2019-08-13,2019,RETURNING,True,MDM,2019-08-13,2026-04-17 15:58:34.138584
329f6126-afb0-4191-b689-30dbdcb7d167,CUST-2019-JP-001248,舞,小林,舞 小林,Male,1989-02-01,user801.apple@outlook.com,60-1896-3932,653 池田 Street,新島村,稲城市,191-5337,JP,Japan,JAPAN,Japanese,Consumer,None,2019-09-23,2019,RETURNING,True,MDM,2019-09-23,2026-04-17 15:58:34.138586
c555c150-69c1-44db-bc56-053e0dfa8d69,CUST-2019-JP-002652,治,伊藤,治 伊藤,Male,1970-01-20,user892.apple@protonmail.com,080-2762-7037,751 鈴木 Street,神津島村,横浜市都筑区,815-1380,JP,Japan,JAPAN,Japanese,Education,None,2019-04-12,2019,RETURNING,True,MDM,2019-04-12,2026-04-17 15:58:34.138588
54c2d445-7ec0-4879-878c-dec86c3c1b65,CUST-2019-JP-002345,充,渡辺,充 渡辺,Male,1986-04-12,user798.apple@mail.com,090-4363-2032,531 山田 Street,東久留米市,西多摩郡瑞穂町,001-3946,JP,Japan,JAPAN,Japanese,Consumer,Gold,2019-02-28,2019,RETURNING,True,MDM,2019-02-28,2026-04-17 15:58:34.138589
1fea4eb3-ab1f-4d55-9b3e-b0bf7d0bb162,CUST-2019-JP-000836,直樹,後藤,直樹 後藤,Male,1994-05-19,user184.apple@icloud.com,070-3778-0736,858 伊藤 Street,君津市,大田区,157-9661,JP,Japan,JAPAN,Japanese,Consumer,None,2019-12-28,2019,RETURNING,True,MDM,2019-12-28,2026-04-17 15:58:34.138591
bf08ded8-3a70-44b4-95c0-34e37c124935,CUST-2019-JP-000735,康弘,中島,康弘 中島,Male,1969-03-10,user293.apple45@protonmail.com,090-7971-4218,711 中島 Street,立川市,東大和市,182-1006,JP,Japan,JAPAN,Japanese,Consumer,None,2019-09-07,2019,RETURNING,True,MDM,2019-09-07,2026-04-17 15:58:34.138593
66f6d12d-90e3-43f5-820b-ec6620ebead5,CUST-2019-JP-002567,知実,佐藤,知実 佐藤,Male,1993-08-29,user814.apple@zoho.com,070-8840-8953,724 池田 Street,御蔵島村,大田区,731-5971,JP,Japan,JAPAN,Japanese,Consumer,None,2019-06-30,2019,RETURNING,True,MDM,2019-06-30,2026-04-17 15:58:34.138595
efc8e827-70f1-4445-9404-946badc4068d,CUST-2019-JP-002164,香織,池田,香織 池田,Male,2005-08-24,user236.apple@outlook.com,070-0854-9727,021 中村 Street,横浜市港北区,清瀬市,870-3147,JP,Japan,JAPAN,Japanese,Education,Gold,2019-01-15,2019,RETURNING,True,MDM,2019-01-15,2026-04-17 15:58:34.138596
686341df-2b86-4679-b3ef-2b019e343fd6,CUST-2019-JP-000949,拓真,吉田,拓真 吉田,Male,1956-06-29,user620.apple52@hotmail.com,070-9499-6549,476 山口 Street,荒川区,長生郡長柄町,137-5915,JP,Japan,JAPAN,Japanese,Consumer,Silver,2019-09-08,2019,RETURNING,True,MDM,2019-09-08,2026-04-17 15:58:34.138598
0c737c81-3fd1-4216-bfd9-5c29a7a1e061,CUST-2019-JP-002740,あすか,山口,あすか 山口,Female,1996-10-24,user630.apple778@gmail.com,14-8181-0738,478 高橋 Street,山武郡芝山町,印西市,503-0819,JP,Japan,JAPAN,Japanese,Consumer,None,2019-12-02,2019,RETURNING,True,MDM,2019-12-02,2026-04-17 15:58:34.138600
ece0ae84-c517-439f-9622-f0aea6138b17,CUST-2019-JP-002195,知実,松田,知実 松田,Female,1970-10-05,user411.apple@zoho.com,69-5279-7276,979 伊藤 Street,港区,青梅市,440-4941,JP,Japan,JAPAN,Japanese,Consumer,Gold,2019-10-04,2019,RETURNING,True,MDM,2019-10-04,2026-04-17 15:58:34.138601
bca20258-e3dd-4e29-a938-9b3429cc659b,CUST-2019-JP-002224,あすか,清水,あすか 清水,Male,1979-09-02,user757.apple656@yahoo.com,090-2716-1788,398 斉藤 Street,香取郡東庄町,八街市,689-6598,JP,Japan,JAPAN,Japanese,Business,None,2019-01-31,2019,RETURNING,True,MDM,2019-01-31,2026-04-17 15:58:34.138603
4d386cd5-7e7d-4e72-96f6-d8f013827ed5,CUST-2019-JP-000908,直人,石川,直人 石川,Female,1991-06-29,user186.apple733@hotmail.com,27-3423-9949,903 長谷川 Street,小金井市,昭島市,402-6490,JP,Japan,JAPAN,Japanese,Consumer,None,2019-10-29,2019,RETURNING,True,MDM,2019-10-29,2026-04-17 15:58:34.138605
ef5a847c-6779-4510-b0b0-d93bddf58f62,CUST-2019-JP-000669,あすか,田中,あすか 田中,Female,1954-03-18,user449.apple307@live.com,080-3885-2064,349 小川 Street,鎌ケ谷市,渋谷区,768-7281,JP,Japan,JAPAN,Japanese,Consumer,Gold,2019-08-13,2019,RETURNING,True,MDM,2019-08-13,2026-04-17 15:58:34.138607
cbb2e28f-b125-47a2-ac77-f0eb38770318,CUST-2019-JP-002737,聡太郎,小林,聡太郎 小林,Female,1969-08-23,user962.apple@aol.com,070-2950-9220,557 阿部 Street,町田市,渋谷区,292-9717,JP,Japan,JAPAN,Japanese,Consumer,None,2019-12-27,2019,RETURNING,False,MDM,2019-12-27,2026-04-17 15:58:34.138608
a45d0ea9-5984-46c2-8624-f0142a6d8d32,CUST-2019-JP-002606,篤司,松本,篤司 松本,Male,1970-09-25,user701.apple@icloud.com,090-0167-4134,413 佐藤 Street,横浜市緑区,中央区,984-9941,JP,Japan,JAPAN,Japanese,Education,None,2019-06-20,2019,RETURNING,True,MDM,2019-06-20,2026-04-17 15:58:34.138610
36d93462-2a49-444e-bd77-2260fe8e47e2,CUST-2019-JP-002107,京助,清水,京助 清水,Female,2001-11-01,user963.apple@protonmail.com,22-0132-2295,334 佐藤 Street,横浜市都筑区,稲城市,548-5047,JP,Japan,JAPAN,Japanese,Consumer,None,2019-11-20,2019,RETURNING,True,MDM,2019-11-20,2026-04-17 15:58:34.138612
e70a8ef2-6433-4953-84a1-dc94feefce95,CUST-2019-JP-001672,香織,山本,香織 山本,Male,2006-12-03,user932.apple@mail.com,070-4542-0495,016 伊藤 Street,新島村,福生市,449-4589,JP,Japan,JAPAN,Japanese,Education,Gold,2019-06-12,2019,RETURNING,True,MDM,2019-06-12,2026-04-17 15:58:34.138613
b2dc9671-050e-48f6-a8ac-a21b02a795e3,CUST-2019-JP-002656,陽子,中村,陽子 中村,Female,1952-04-08,user720.apple@aol.com,17-2303-1690,227 松本 Street,西多摩郡日の出町,横浜市旭区,669-4184,JP,Japan,JAPAN,Japanese,Education,Gold,2019-07-13,2019,RETURNING,True,MDM,2019-07-13,2026-04-17 15:58:34.138615
6f831a5f-8b69-4d09-8c99-84840fab6dc7,CUST-2019-JP-000185,裕樹,斉藤,裕樹 斉藤,Male,1980-08-28,user822.apple@icloud.com,080-7009-9088,451 鈴木 Street,板橋区,国立市,164-3407,JP,Japan,JAPAN,Japanese,Consumer,None,2019-11-20,2019,RETURNING,True,MDM,2019-11-20,2026-04-17 15:58:34.138617
e39f2126-3998-4079-a980-d516c6afa8fd,CUST-2019-JP-002753,京助,小林,京助 小林,Male,1961-05-10,user164.apple175@mail.com,080-7257-1615,551 佐藤 Street,御蔵島村,印西市,502-4938,JP,Japan,JAPAN,Japanese,Consumer,None,2019-09-01,2019,RETURNING,True,MDM,2019-09-01,2026-04-17 15:58:34.138618
fd12a8ae-b751-49b8-a11d-f75b3d095fb4,CUST-2019-JP-002284,洋介,佐藤,洋介 佐藤,Female,1967-09-22,user286.apple@icloud.com,070-5348-0881,563 中島 Street,夷隅郡御宿町,横浜市緑区,447-5237,JP,Japan,JAPAN,Japanese,Business,None,2019-04-04,2019,RETURNING,True,MDM,2019-04-04,2026-04-17 15:58:34.138620
c1b6df26-4355-47a0-9be8-ef4da19ad20b,CUST-2019-JP-000548,知実,藤井,知実 藤井,Female,1993-12-25,user890.apple109@gmail.com,40-5515-8560,579 小林 Street,荒川区,利島村,380-6990,JP,Japan,JAPAN,Japanese,Education,Gold,2019-11-15,2019,RETURNING,True,MDM,2019-11-15,2026-04-17 15:58:34.138622
9f59f530-81e9-4b9a-af28-ee51109b1244,CUST-2019-JP-000520,里佳,渡辺,里佳 渡辺,Male,1957-01-06,user547.apple950@outlook.com,070-4814-0648,311 斉藤 Street,横浜市港北区,印旛郡本埜村,698-2867,JP,Japan,JAPAN,Japanese,Business,None,2019-04-04,2019,RETURNING,True,MDM,2019-04-04,2026-04-17 15:58:34.138624
f70de26b-e41b-4dde-a9c9-784ce65dcfe4,CUST-2019-JP-002781,修平,中島,修平 中島,Female,1991-12-13,user444.apple@gmail.com,090-2758-2899,800 青木 Street,横浜市神奈川区,いすみ市,271-6035,JP,Japan,JAPAN,Japanese,Consumer,Silver,2019-04-21,2019,RETURNING,True,MDM,2019-04-21,2026-04-17 15:58:34.138625
0c1818e6-fc0b-4765-bc64-d96fa023620e,CUST-2019-JP-000224,真綾,木村,真綾 木村,Female,1954-06-22,user691.apple398@protonmail.com,080-2622-1979,353 佐藤 Street,袖ケ浦市,長生郡睦沢町,788-2747,JP,Japan,JAPAN,Japanese,Consumer,Gold,2019-01-25,2019,RETURNING,True,MDM,2019-01-25,2026-04-17 15:58:34.138627
e43e2610-e483-403d-9e3c-9b730c2b3eee,CUST-2019-JP-002069,健一,鈴木,健一 鈴木,Male,1952-04-07,user522.apple215@hotmail.com,43-8701-0965,516 山口 Street,町田市,あきる野市,322-3625,JP,Japan,JAPAN,Japanese,Consumer,Silver,2019-06-27,2019,RETURNING,True,MDM,2019-06-27,2026-04-17 15:58:34.138628
754baaaa-5e18-47fb-a5e4-488a7bb53f2e,CUST-2019-JP-002428,裕美子,佐藤,裕美子 佐藤,Female,1993-09-26,user874.apple@outlook.com,080-6222-6697,632 木村 Street,三鷹市,小笠原村,230-8014,JP,Japan,JAPAN,Japanese,Consumer,None,2019-09-03,2019,RETURNING,False,MDM,2019-09-03,2026-04-17 15:58:34.138630
384e51a2-888e-4e93-b4d1-030de5c88454,CUST-2019-JP-002502,淳,林,淳 林,Male,2003-02-24,user649.apple21@mail.com,93-2037-6233,754 藤田 Street,国分寺市,清瀬市,888-4601,JP,Japan,JAPAN,Japanese,Consumer,None,2019-03-08,2019,RETURNING,True,MDM,2019-03-08,2026-04-17 15:58:34.138632
39d8ae24-c0b4-4d3e-974e-b0f33d283220,CUST-2019-JP-001226,零,佐々木,零 佐々木,Female,1996-07-01,user247.apple@live.com,080-5660-0244,132 池田 Street,足立区,武蔵村山市,496-0471,JP,Japan,JAPAN,Japanese,Consumer,Silver,2019-03-12,2019,RETURNING,True,MDM,2019-03-12,2026-04-17 15:58:34.138633
06ef46f4-93af-4db6-b374-047c54c82b72,CUST-2019-JP-000833,裕美子,木村,裕美子 木村,Male,1957-05-01,user205.apple215@gmail.com,070-1593-2171,913 山崎 Street,横浜市南区,長生郡長柄町,545-5367,JP,Japan,JAPAN,Japanese,Business,Silver,2019-09-10,2019,RETURNING,True,MDM,2019-09-10,2026-04-17 15:58:34.138634
dd693184-6cb2-4cc4-9409-726ff777d34c,CUST-2019-JP-002288,涼平,井上,涼平 井上,Male,1968-03-02,user318.apple@gmail.com,090-5777-5560,846 鈴木 Street,香取市,新宿区,715-7791,JP,Japan,JAPAN,Japanese,Business,Silver,2019-07-31,2019,RETURNING,True,MDM,2019-07-31,2026-04-17 15:58:34.138636
01bfdff9-d9e8-4600-8a76-f2e15ca1b00f,CUST-2019-JP-001405,聡太郎,山口,聡太郎 山口,Male,1985-07-29,user880.apple@hotmail.com,070-5717-7950,526 斉藤 Street,川崎市中原区,中央区,708-9952,JP,Japan,JAPAN,Japanese,Consumer,None,2019-08-09,2019,RETURNING,True,MDM,2019-08-09,2026-04-17 15:58:34.138637
e76bdbe1-caf7-4eb2-90f8-4fb2a45c9f63,CUST-2019-JP-000942,七夏,中島,七夏 中島,Female,1983-11-30,user406.apple@hotmail.com,090-9537-3504,667 佐藤 Street,世田谷区,横浜市金沢区,727-4794,JP,Japan,JAPAN,Japanese,Education,None,2019-11-15,2019,RETURNING,True,MDM,2019-11-15,2026-04-17 15:58:34.138639
e9ec80f8-2dfb-44dd-8705-a1379efa4521,CUST-2019-JP-000178,智也,小林,智也 小林,Male,1997-10-27,user436.apple@yahoo.com,080-8773-0690,215 山口 Street,横浜市戸塚区,清瀬市,032-8432,JP,Japan,JAPAN,Japanese,Consumer,Platinum,2019-04-22,2019,RETURNING,True,MDM,2019-04-22,2026-04-17 15:58:34.138641
e470eb98-eb65-43ca-b34a-8ccacbe0764b,CUST-2019-JP-001799,学,藤井,学 藤井,Male,1967-02-24,user440.apple986@zoho.com,080-5440-7397,797 吉田 Street,香取市,江東区,751-2233,JP,Japan,JAPAN,Japanese,Consumer,Platinum,2019-12-14,2019,RETURNING,True,MDM,2019-12-14,2026-04-17 15:58:34.138642
c6de953d-d8e4-4dab-8709-389fb60b9188,CUST-2019-JP-001602,智也,山本,智也 山本,Female,1964-10-11,user361.apple@live.com,82-7237-5187,487 山田 Street,川崎市高津区,稲城市,572-7057,JP,Japan,JAPAN,Japanese,Consumer,Gold,2019-10-12,2019,RETURNING,True,MDM,2019-10-12,2026-04-17 15:58:34.138644
1627086f-95e9-4838-992f-02d830158e6e,CUST-2019-JP-002456,桃子,伊藤,桃子 伊藤,Male,1957-02-21,user311.apple@yahoo.com,090-9796-0122,032 阿部 Street,印西市,品川区,702-1103,JP,Japan,JAPAN,Japanese,Consumer,Silver,2019-11-25,2019,RETURNING,True,MDM,2019-11-25,2026-04-17 15:58:34.138645
04658b32-6cb8-4057-9702-6687977deec3,CUST-2019-JP-000406,七夏,近藤,七夏 近藤,Female,2005-10-19,user511.apple@mail.com,070-0122-2779,500 井上 Street,八丈島八丈町,狛江市,223-8093,JP,Japan,JAPAN,Japanese,Education,Gold,2019-01-09,2019,RETURNING,True,MDM,2019-01-09,2026-04-17 15:58:34.138646
1f755d3c-b436-48f7-bff2-8b48960178b2,CUST-2019-JP-000783,稔,前田,稔 前田,Male,1953-10-03,user228.apple@mail.com,090-8060-6706,376 岡田 Street,長生郡白子町,町田市,540-4723,JP,Japan,JAPAN,Japanese,Education,None,2019-12-27,2019,RETURNING,True,MDM,2019-12-27,2026-04-17 15:58:34.138648
f6228820-7290-429e-a14e-8ab01646d9ab,CUST-2019-JP-001197,浩,山本,浩 山本,Female,1951-01-20,user692.apple@aol.com,090-7778-8243,241 佐藤 Street,立川市,香取郡東庄町,943-2351,JP,Japan,JAPAN,Japanese,Consumer,None,2019-11-07,2019,RETURNING,True,MDM,2019-11-07,2026-04-17 15:58:34.138650
9b6e8dd1-b581-4b04-b382-9f8634e7bd5c,CUST-2019-JP-001075,零,村上,零 村上,Female,1977-06-20,user343.apple@protonmail.com,070-8566-7165,122 山本 Street,南房総市,八千代市,417-6356,JP,Japan,JAPAN,Japanese,Business,Silver,2019-09-02,2019,RETURNING,True,MDM,2019-09-02,2026-04-17 15:58:34.138651
52fc933a-9140-45eb-a660-5d0c12cfbfcf,CUST-2019-JP-000941,さゆり,加藤,さゆり 加藤,Female,1981-02-24,user119.apple@gmail.com,070-8346-4410,190 高橋 Street,福生市,青梅市,269-5144,JP,Japan,JAPAN,Japanese,Consumer,None,2019-07-13,2019,RETURNING,True,MDM,2019-07-13,2026-04-17 15:58:34.138653
6f30db64-e020-4e48-870a-711328458230,CUST-2019-JP-000400,智也,山田,智也 山田,Male,1977-08-15,user283.apple@msn.com,080-5692-1237,598 小川 Street,荒川区,大田区,067-3850,JP,Japan,JAPAN,Japanese,Consumer,None,2019-10-16,2019,RETURNING,True,MDM,2019-10-16,2026-04-17 15:58:34.138655
daa40e71-2a6c-4b16-bee2-1bd8b418dd6b,CUST-2019-JP-001334,太一,佐々木,太一 佐々木,Female,2003-02-17,user185.apple@live.com,080-7685-5149,080 鈴木 Street,川崎市中原区,目黒区,053-4932,JP,Japan,JAPAN,Japanese,Business,None,2019-05-21,2019,RETURNING,False,MDM,2019-05-21,2026-04-17 15:58:34.138656
48d5be14-6eb8-4368-af9b-df99b57aaa5c,CUST-2019-JP-002011,充,山田,充 山田,Female,1964-01-19,user613.apple566@gmail.com,070-1920-8637,564 坂本 Street,長生郡睦沢町,八丈島八丈町,005-7404,JP,Japan,JAPAN,Japanese,Consumer,Platinum,2019-08-10,2019,RETURNING,True,MDM,2019-08-10,2026-04-17 15:58:34.138658
c595713c-0659-4e01-a1bd-ad22a08fc1f3,CUST-2019-JP-002341,あすか,山本,あすか 山本,Female,1992-03-25,user408.apple16@aol.com,090-5953-2789,309 佐藤 Street,南房総市,横浜市瀬谷区,322-2217,JP,Japan,JAPAN,Japanese,Education,Gold,2019-04-19,2019,RETURNING,True,MDM,2019-04-19,2026-04-17 15:58:34.138659
b62ef1f3-c85f-4f84-b7f8-69b7a4fdd110,CUST-2019-JP-001777,直樹,清水,直樹 清水,Male,2008-03-03,user301.apple@aol.com,090-3261-4867,801 中川 Street,日野市,文京区,230-7608,JP,Japan,JAPAN,Japanese,Consumer,Silver,2019-12-26,2019,RETURNING,True,MDM,2019-12-26,2026-04-17 15:58:34.138661
f452d537-9bcb-4825-899c-8413473d4927,CUST-2019-JP-002285,明美,加藤,明美 加藤,Male,1953-05-03,user580.apple930@outlook.com,44-1022-5845,403 長谷川 Street,八千代市,香取郡東庄町,571-6534,JP,Japan,JAPAN,Japanese,Consumer,Gold,2019-10-18,2019,RETURNING,True,MDM,2019-10-18,2026-04-17 15:58:34.138662
3f808f32-efae-4adc-a7bc-17b598818e54,CUST-2019-JP-001594,くみ子,阿部,くみ子 阿部,Female,1951-09-25,user691.apple860@hotmail.com,070-8500-9865,974 小川 Street,千代田区,匝瑳市,509-9056,JP,Japan,JAPAN,Japanese,Education,None,2019-11-05,2019,RETURNING,True,MDM,2019-11-05,2026-04-17 15:58:34.138664
d3e6d35e-9958-4fa1-b4c2-d68b8be55ae7,CUST-2019-JP-000714,英樹,岡本,英樹 岡本,Male,2007-03-14,user182.apple73@yahoo.com,090-6181-2690,138 長谷川 Street,立川市,横浜市青葉区,930-9513,JP,Japan,JAPAN,Japanese,Consumer,Silver,2019-08-10,2019,RETURNING,True,MDM,2019-08-10,2026-04-17 15:58:34.138665
b4765052-6dc0-44f5-8f7c-011385b3dc56,CUST-2019-JP-000552,翔太,木村,翔太 木村,Male,1962-02-22,user606.apple230@hotmail.com,090-3336-8772,093 青木 Street,長生郡長南町,四街道市,134-3601,JP,Japan,JAPAN,Japanese,Consumer,None,2019-07-16,2019,RETURNING,True,MDM,2019-07-16,2026-04-17 15:58:34.138667
ec7816f0-ac67-46c5-b348-525f15f91380,CUST-2019-JP-002365,花子,佐藤,花子 佐藤,Male,1961-01-12,user414.apple@mail.com,79-5963-5774,866 渡辺 Street,千代田区,福生市,914-4763,JP,Japan,JAPAN,Japanese,Consumer,None,2019-07-04,2019,RETURNING,True,MDM,2019-07-04,2026-04-17 15:58:34.138669
f4f14135-6969-471a-80ae-e41d7baed245,CUST-2019-JP-001605,美加子,中村,美加子 中村,Male,2001-08-03,user776.apple@live.com,080-2597-6588,311 阿部 Street,長生郡長生村,日野市,525-1705,JP,Japan,JAPAN,Japanese,Consumer,Gold,2019-03-15,2019,RETURNING,True,MDM,2019-03-15,2026-04-17 15:58:34.138670
072e3ff7-aa87-423e-aeef-79d543e925b3,CUST-2019-JP-001139,千代,青木,千代 青木,Male,2008-01-19,user626.apple397@icloud.com,080-3937-3268,604 高橋 Street,川崎市多摩区,文京区,296-4899,JP,Japan,JAPAN,Japanese,Consumer,None,2019-01-23,2019,RETURNING,True,MDM,2019-01-23,2026-04-17 15:58:34.138672
2e851cb4-e18d-4e9b-a86b-ea15494c32ba,CUST-2019-JP-000075,花子,井上,花子 井上,Male,1958-08-10,user843.apple@mail.com,45-2337-8487,336 三浦 Street,君津市,東大和市,611-4205,JP,Japan,JAPAN,Japanese,Consumer,Platinum,2019-03-16,2019,RETURNING,True,MDM,2019-03-16,2026-04-17 15:58:34.138674
2a1bc084-ed36-4fd8-8b03-e55117c4fc11,CUST-2019-JP-001276,充,山口,充 山口,Female,1965-04-21,user463.apple@protonmail.com,90-9186-3956,175 青木 Street,千代田区,大島町,494-4185,JP,Japan,JAPAN,Japanese,Business,Platinum,2019-03-04,2019,RETURNING,True,MDM,2019-03-04,2026-04-17 15:58:34.138676
7704ee14-cca2-4eb6-a6d7-b499aeb4c953,CUST-2019-JP-002370,幹,佐藤,幹 佐藤,Male,1953-08-30,user347.apple@gmail.com,070-0417-0859,955 小林 Street,板橋区,香取郡神崎町,459-4267,JP,Japan,JAPAN,Japanese,Business,Silver,2019-03-25,2019,RETURNING,True,MDM,2019-03-25,2026-04-17 15:58:34.138678
030f53aa-c110-41e3-8cca-411fd4d71e78,CUST-2019-JP-001341,健一,小林,健一 小林,Female,1996-12-08,user465.apple238@msn.com,090-7197-0989,727 前田 Street,三鷹市,横浜市栄区,972-6678,JP,Japan,JAPAN,Japanese,Consumer,None,2019-09-06,2019,RETURNING,True,MDM,2019-09-06,2026-04-17 15:58:34.138679
980e13c5-e8a2-416b-8c26-2e115f9d3a56,CUST-2019-JP-001887,里佳,松本,里佳 松本,Female,1969-07-08,user930.apple@live.com,080-4061-0699,773 近藤 Street,小金井市,小笠原村,057-4966,JP,Japan,JAPAN,Japanese,Consumer,Gold,2019-06-03,2019,RETURNING,True,MDM,2019-06-03,2026-04-17 15:58:34.138681
de499000-b10f-4466-af63-d64229b3a906,CUST-2019-JP-000679,舞,三浦,舞 三浦,Female,1988-01-13,user550.apple@msn.com,070-5734-1657,232 池田 Street,横浜市南区,夷隅郡御宿町,429-9566,JP,Japan,JAPAN,Japanese,Consumer,None,2019-05-11,2019,RETURNING,True,MDM,2019-05-11,2026-04-17 15:58:34.138683
3d2bebd6-3531-4f1a-a29d-f5f7680eab3b,CUST-2019-JP-000580,千代,池田,千代 池田,Female,1989-07-26,user365.apple@hotmail.com,090-1823-8872,096 福田 Street,日野市,大網白里市,463-7647,JP,Japan,JAPAN,Japanese,Consumer,Gold,2019-05-14,2019,RETURNING,True,MDM,2019-05-14,2026-04-17 15:58:34.138684
ba91dc45-9248-48ee-91e0-7fd7216af1f0,CUST-2019-JP-002759,直樹,山崎,直樹 山崎,Male,2006-02-02,user718.apple@msn.com,080-0302-5475,596 伊藤 Street,横浜市港北区,川崎市宮前区,090-2407,JP,Japan,JAPAN,Japanese,Business,None,2019-09-30,2019,RETURNING,True,MDM,2019-09-30,2026-04-17 15:58:34.138686
c96867ed-389e-49be-90e1-10472f0e5611,CUST-2019-JP-000366,春香,伊藤,春香 伊藤,Female,1981-07-12,user229.apple581@live.com,080-8399-1617,176 藤田 Street,日野市,西多摩郡日の出町,785-2942,JP,Japan,JAPAN,Japanese,Consumer,Gold,2019-05-27,2019,RETURNING,True,MDM,2019-05-27,2026-04-17 15:58:34.138688
f8658f29-5057-4c6d-8279-16de8f3d760a,CUST-2019-JP-000544,治,山田,治 山田,Male,1980-12-22,user655.apple@mail.com,080-8493-3471,188 山口 Street,新島村,西多摩郡檜原村,883-3423,JP,Japan,JAPAN,Japanese,Business,Platinum,2019-10-22,2019,RETURNING,True,MDM,2019-10-22,2026-04-17 15:58:34.138689
800c4125-79a4-409f-9790-0e965925fade,CUST-2019-JP-001098,さゆり,山口,さゆり 山口,Male,2004-05-07,user994.apple@msn.com,090-5998-3457,587 鈴木 Street,山武郡芝山町,西多摩郡瑞穂町,696-7291,JP,Japan,JAPAN,Japanese,Consumer,Platinum,2019-01-15,2019,RETURNING,True,MDM,2019-01-15,2026-04-17 15:58:34.138690
7fe30ecd-147c-473b-8e59-6666e356345c,CUST-2019-JP-001438,聡太郎,三浦,聡太郎 三浦,Female,1978-04-03,user444.apple@live.com,080-7424-2184,179 佐藤 Street,千代田区,長生郡長柄町,414-7317,JP,Japan,JAPAN,Japanese,Business,None,2019-03-18,2019,RETURNING,True,MDM,2019-03-18,2026-04-17 15:58:34.138692
19f17698-7eb0-46cc-97f0-752cfce12f58,CUST-2019-JP-002488,零,渡辺,零 渡辺,Female,1956-02-08,user566.apple@yahoo.com,090-8284-1481,938 加藤 Street,長生郡白子町,川崎市宮前区,969-1015,JP,Japan,JAPAN,Japanese,Business,Gold,2019-04-25,2019,RETURNING,True,MDM,2019-04-25,2026-04-17 15:58:34.138693
ab282c38-8d6c-44c0-b291-f3776f116752,CUST-2019-JP-000091,京助,佐藤,京助 佐藤,Female,1961-06-18,user144.apple@mail.com,080-1287-7695,749 木村 Street,西多摩郡瑞穂町,中央区,639-8265,JP,Japan,JAPAN,Japanese,Consumer,None,2019-02-09,2019,RETURNING,True,MDM,2019-02-09,2026-04-17 15:58:34.138695
a9525206-5ec1-49fe-8316-7ac5aaf2c9c5,CUST-2019-JP-000233,舞,木村,舞 木村,Male,1965-01-29,user665.apple@aol.com,070-9609-8766,338 藤原 Street,清瀬市,西多摩郡瑞穂町,627-7994,JP,Japan,JAPAN,Japanese,Consumer,None,2019-11-10,2019,RETURNING,True,MDM,2019-11-10,2026-04-17 15:58:34.138697
da498aca-5bd6-4806-b311-e9ccdbe36db4,CUST-2019-JP-002117,京助,林,京助 林,Male,2001-03-16,user260.apple@hotmail.com,55-2301-7705,134 斎藤 Street,港区,西多摩郡瑞穂町,565-9866,JP,Japan,JAPAN,Japanese,Consumer,Gold,2019-01-22,2019,RETURNING,True,MDM,2019-01-22,2026-04-17 15:58:34.138698
d7a2a7df-fcf5-481b-804a-be718329820a,CUST-2019-JP-000612,涼平,田中,涼平 田中,Male,1971-08-06,user643.apple@mail.com,30-2524-3651,764 中村 Street,文京区,川崎市川崎区,347-2544,JP,Japan,JAPAN,Japanese,Consumer,Silver,2019-05-23,2019,RETURNING,True,MDM,2019-05-23,2026-04-17 15:58:34.138700
59d8badb-9103-49c1-bce4-0a6e873fb3e2,CUST-2019-JP-002800,陽子,伊藤,陽子 伊藤,Male,2004-11-10,user189.apple429@aol.com,78-8801-5888,053 加藤 Street,新島村,富里市,606-4583,JP,Japan,JAPAN,Japanese,Consumer,Silver,2019-02-08,2019,RETURNING,True,MDM,2019-02-08,2026-04-17 15:58:34.138701
b206513c-2705-44fc-b24c-ba789ef1b865,CUST-2019-JP-000758,裕太,山本,裕太 山本,Female,1956-01-18,user204.apple@hotmail.com,090-5021-5041,456 斎藤 Street,長生郡長南町,新島村,538-9061,JP,Japan,JAPAN,Japanese,Business,None,2019-09-07,2019,RETURNING,True,MDM,2019-09-07,2026-04-17 15:58:34.138703
812493b8-9b0a-4a45-899b-3e0b2be6cdb9,CUST-2019-JP-002211,康弘,後藤,康弘 後藤,Male,1992-07-09,user265.apple@protonmail.com,090-0421-1432,289 佐藤 Street,福生市,豊島区,684-8172,JP,Japan,JAPAN,Japanese,Consumer,Silver,2019-01-13,2019,RETURNING,True,MDM,2019-01-13,2026-04-17 15:58:34.138704
260c3840-eb9e-4fa5-9482-13dd818868ec,CUST-2019-JP-001205,翔太,山口,翔太 山口,Female,1966-11-02,user217.apple@mail.com,080-7581-5628,043 佐藤 Street,台東区,横浜市都筑区,374-5502,JP,Japan,JAPAN,Japanese,Consumer,None,2019-01-19,2019,RETURNING,True,MDM,2019-01-19,2026-04-17 15:58:34.138706
609ec295-66b3-4848-a4ac-bffdc8ca3a95,CUST-2019-JP-000799,淳,斉藤,淳 斉藤,Female,1967-09-06,user194.apple365@yahoo.com,52-0815-5353,779 石井 Street,山武市,鴨川市,320-8432,JP,Japan,JAPAN,Japanese,Consumer,None,2019-02-23,2019,RETURNING,False,MDM,2019-02-23,2026-04-17 15:58:34.138708
908f3e48-9a6f-4766-a351-2e069f7f87fc,CUST-2019-JP-000050,くみ子,中村,くみ子 中村,Female,1969-05-17,user495.apple@outlook.com,070-4458-8011,690 遠藤 Street,品川区,鴨川市,957-2381,JP,Japan,JAPAN,Japanese,Business,None,2019-10-13,2019,RETURNING,True,MDM,2019-10-13,2026-04-17 15:58:34.138710
6d6f7726-7e0d-49ef-bfb8-86ed679eb799,CUST-2019-JP-002023,太一,中島,太一 中島,Male,1995-02-24,user791.apple@yahoo.com,080-6280-8114,008 井上 Street,長生郡長生村,清瀬市,307-5802,JP,Japan,JAPAN,Japanese,Consumer,None,2019-04-19,2019,RETURNING,True,MDM,2019-04-19,2026-04-17 15:58:34.138712
44511fb2-cfa7-4c1a-b27c-077f5882d4ee,CUST-2019-JP-001803,花子,中村,花子 中村,Female,1981-07-06,user272.apple@zoho.com,080-3515-0685,445 石井 Street,我孫子市,香取市,420-5067,JP,Japan,JAPAN,Japanese,Consumer,None,2019-12-31,2019,RETURNING,True,MDM,2019-12-31,2026-04-17 15:58:34.138713
9d942cbd-3d8f-4f90-aca3-c9ffb69dd6d6,CUST-2019-JP-002178,淳,小川,淳 小川,Female,1959-12-07,user183.apple@protonmail.com,99-9925-8701,077 斎藤 Street,山武郡横芝光町,香取市,932-0505,JP,Japan,JAPAN,Japanese,Education,Gold,2019-02-28,2019,RETURNING,True,MDM,2019-02-28,2026-04-17 15:58:34.138715
fa5f7f33-4dbf-4a19-9f46-21724d7c3498,CUST-2019-JP-001679,裕美子,伊藤,裕美子 伊藤,Male,1987-05-16,user915.apple@aol.com,97-8608-3913,607 三浦 Street,御蔵島村,鎌ケ谷市,992-4292,JP,Japan,JAPAN,Japanese,Education,None,2019-02-07,2019,RETURNING,True,MDM,2019-02-07,2026-04-17 15:58:34.138717
4346bc04-a373-4a6a-a944-9c54c3488134,CUST-2019-JP-002616,亮介,松田,亮介 松田,Male,1987-01-05,user974.apple@gmx.com,080-1332-2036,608 山崎 Street,昭島市,横浜市泉区,228-3291,JP,Japan,JAPAN,Japanese,Consumer,Silver,2019-09-23,2019,RETURNING,True,MDM,2019-09-23,2026-04-17 15:58:34.138718
54f92683-267f-491e-8258-8b822a22bacc,CUST-2019-JP-002621,幹,佐藤,幹 佐藤,Male,1999-10-29,user134.apple@zoho.com,080-1878-2908,911 中村 Street,町田市,川崎市中原区,134-8924,JP,Japan,JAPAN,Japanese,Consumer,None,2019-03-27,2019,RETURNING,True,MDM,2019-03-27,2026-04-17 15:58:34.138720
3cc93186-bb91-452c-af07-51aca6be744f,CUST-2019-JP-001076,裕太,鈴木,裕太 鈴木,Female,1960-04-18,user503.apple173@gmx.com,090-6756-8601,646 小林 Street,印旛郡栄町,山武市,256-4953,JP,Japan,JAPAN,Japanese,Consumer,Platinum,2019-07-30,2019,RETURNING,True,MDM,2019-07-30,2026-04-17 15:58:34.138721
2fd1c702-1f5b-42d5-ae22-1aaaa6daba8d,CUST-2019-JP-000610,知実,田中,知実 田中,Female,1993-03-12,user623.apple373@aol.com,07-7115-5520,248 清水 Street,町田市,八街市,929-6469,JP,Japan,JAPAN,Japanese,Education,Silver,2019-09-14,2019,RETURNING,True,MDM,2019-09-14,2026-04-17 15:58:34.138723
bc9c9076-e74f-443b-8b35-e8f515deb236,CUST-2019-JP-002125,康弘,渡辺,康弘 渡辺,Female,1993-08-20,user185.apple631@icloud.com,070-9118-7862,155 佐藤 Street,川崎市中原区,西多摩郡日の出町,103-3036,JP,Japan,JAPAN,Japanese,Education,Gold,2019-11-26,2019,RETURNING,True,MDM,2019-11-26,2026-04-17 15:58:34.138724
1723823d-390e-4136-8f52-f2225a0ebb23,CUST-2019-JP-002641,洋介,伊藤,洋介 伊藤,Female,1999-01-23,user393.apple@protonmail.com,090-4213-4855,600 前田 Street,横浜市西区,南房総市,398-3433,JP,Japan,JAPAN,Japanese,Consumer,Gold,2019-10-02,2019,RETURNING,True,MDM,2019-10-02,2026-04-17 15:58:34.138726
b33c9172-806b-4c04-94f0-2dc8bb015f1e,CUST-2019-JP-002696,京助,遠藤,京助 遠藤,Female,1998-07-27,user461.apple@icloud.com,77-0464-0641,224 清水 Street,羽村市,東久留米市,249-9780,JP,Japan,JAPAN,Japanese,Education,None,2019-07-13,2019,RETURNING,True,MDM,2019-07-13,2026-04-17 15:58:34.138727
8dbc6113-1372-4be5-b7f8-59957c7b8825,CUST-2019-JP-002752,康弘,清水,康弘 清水,Male,1995-12-11,user395.apple106@msn.com,070-8782-3741,448 岡田 Street,北区,文京区,910-6546,JP,Japan,JAPAN,Japanese,Consumer,None,2019-01-11,2019,RETURNING,True,MDM,2019-01-11,2026-04-17 15:58:34.138729
a9d364bb-aa00-402a-a9be-4f072353a685,CUST-2019-JP-000267,亮介,石井,亮介 石井,Male,1985-11-08,user649.apple@aol.com,090-3956-9071,482 井上 Street,鴨川市,横浜市旭区,816-0619,JP,Japan,JAPAN,Japanese,Business,Silver,2019-06-21,2019,RETURNING,True,MDM,2019-06-21,2026-04-17 15:58:34.138730
cb4bd912-b86e-4cbc-94c0-c0e2568d9a54,CUST-2019-JP-000866,美加子,佐藤,美加子 佐藤,Female,1994-03-26,user921.apple@hotmail.com,090-5724-2007,771 岡田 Street,青梅市,稲城市,155-6892,JP,Japan,JAPAN,Japanese,Consumer,Gold,2019-10-28,2019,RETURNING,True,MDM,2019-10-28,2026-04-17 15:58:34.138732
3676a42d-e4f1-4bdb-aa89-7abbd71b9d62,CUST-2019-JP-001877,明美,佐藤,明美 佐藤,Male,1985-09-18,user634.apple898@live.com,42-3580-3592,901 近藤 Street,富津市,我孫子市,716-9727,JP,Japan,JAPAN,Japanese,Consumer,None,2019-05-22,2019,RETURNING,True,MDM,2019-05-22,2026-04-17 15:58:34.138733
8f00c4f0-563a-40ee-84be-c9800adac9a0,CUST-2019-JP-000935,修平,田中,修平 田中,Female,1982-08-28,user997.apple@gmail.com,090-8428-8786,979 山口 Street,鎌ケ谷市,西多摩郡檜原村,220-4609,JP,Japan,JAPAN,Japanese,Education,None,2019-10-22,2019,RETURNING,True,MDM,2019-10-22,2026-04-17 15:58:34.138735
13fa3cd9-7e9f-4d83-8ac2-c27a7da5787f,CUST-2019-JP-001017,直子,佐々木,直子 佐々木,Male,1973-11-19,user860.apple@zoho.com,070-1273-5699,831 伊藤 Street,葛飾区,印旛郡酒々井町,941-2832,JP,Japan,JAPAN,Japanese,Consumer,Platinum,2019-12-13,2019,RETURNING,True,MDM,2019-12-13,2026-04-17 15:58:34.138737
1e99b854-40b3-486a-af14-96d6dd24d216,CUST-2019-JP-001370,春香,伊藤,春香 伊藤,Male,1985-01-24,user648.apple@icloud.com,080-9093-2228,525 渡辺 Street,小金井市,足立区,145-4693,JP,Japan,JAPAN,Japanese,Consumer,None,2019-10-30,2019,RETURNING,True,MDM,2019-10-30,2026-04-17 15:58:34.138738
b0244cb9-12cb-428f-8734-b01d8ab250fd,CUST-2019-JP-000446,聡太郎,鈴木,聡太郎 鈴木,Male,1986-10-12,user919.apple@yahoo.com,070-1198-4696,966 佐藤 Street,横浜市都筑区,横浜市栄区,706-8949,JP,Japan,JAPAN,Japanese,Consumer,None,2019-04-21,2019,RETURNING,True,MDM,2019-04-21,2026-04-17 15:58:34.138740
aa27251c-e322-494f-9cf3-489dbe298728,CUST-2019-JP-000109,美加子,斎藤,美加子 斎藤,Male,1987-10-03,user722.apple438@hotmail.com,070-5038-7982,161 林 Street,福生市,匝瑳市,073-9387,JP,Japan,JAPAN,Japanese,Consumer,None,2019-07-16,2019,RETURNING,True,MDM,2019-07-16,2026-04-17 15:58:34.138742
956102a0-3383-46d3-a91a-86068b4bcf71,CUST-2019-JP-000280,英樹,岡田,英樹 岡田,Male,2002-09-10,user118.apple@mail.com,72-7377-4095,841 鈴木 Street,山武郡九十九里町,小笠原村,965-2830,JP,Japan,JAPAN,Japanese,Consumer,None,2019-08-25,2019,RETURNING,True,MDM,2019-08-25,2026-04-17 15:58:34.138744
6df8d4a2-3ca8-4108-be17-2b7f9bfee556,CUST-2019-JP-002726,花子,高橋,花子 高橋,Male,1973-02-25,user717.apple@zoho.com,090-8742-1674,972 渡辺 Street,武蔵村山市,川崎市中原区,472-8621,JP,Japan,JAPAN,Japanese,Consumer,Gold,2019-07-29,2019,RETURNING,True,MDM,2019-07-29,2026-04-17 15:58:34.138745
624d36b8-d943-4e54-a4e6-7c830d1c8a2b,CUST-2019-JP-001994,幹,石川,幹 石川,Female,1988-07-16,user300.apple@yahoo.com,080-8489-0022,308 佐々木 Street,武蔵野市,白井市,449-2710,JP,Japan,JAPAN,Japanese,Consumer,None,2019-07-31,2019,RETURNING,True,MDM,2019-07-31,2026-04-17 15:58:34.138747
d025ec18-d864-4eeb-b1d4-8fef5163a96d,CUST-2019-JP-002564,充,池田,充 池田,Female,1966-12-02,user725.apple@live.com,090-7422-5397,335 鈴木 Street,中央区,印西市,767-2804,JP,Japan,JAPAN,Japanese,Consumer,Silver,2019-12-27,2019,RETURNING,True,MDM,2019-12-27,2026-04-17 15:58:34.138749
9dd18039-0ac3-4316-b387-b4e13ed7f7bc,CUST-2019-JP-000993,修平,佐々木,修平 佐々木,Female,1961-03-05,user447.apple@live.com,090-9862-7113,721 田中 Street,鎌ケ谷市,横浜市都筑区,904-8444,JP,Japan,JAPAN,Japanese,Education,None,2019-01-25,2019,RETURNING,True,MDM,2019-01-25,2026-04-17 15:58:34.138750
4024f8b0-5383-4721-b1e7-df2007168e54,CUST-2019-JP-002418,学,清水,学 清水,Male,1985-01-05,user566.apple@msn.com,080-3053-1109,057 中川 Street,印旛郡印旛村,長生郡睦沢町,513-1753,JP,Japan,JAPAN,Japanese,Business,Silver,2019-12-19,2019,RETURNING,True,MDM,2019-12-19,2026-04-17 15:58:34.138752
f941f11d-78b5-4d63-aa5f-939a1a61b8bf,CUST-2019-JP-000288,加奈,後藤,加奈 後藤,Female,1967-07-12,user677.apple436@hotmail.com,070-4226-6341,162 中村 Street,西多摩郡日の出町,長生郡長柄町,602-7666,JP,Japan,JAPAN,Japanese,Consumer,Platinum,2019-11-23,2019,RETURNING,True,MDM,2019-11-23,2026-04-17 15:58:34.138753
cd83d03e-b460-4d71-86cb-db9362bb4050,CUST-2019-JP-002532,直樹,遠藤,直樹 遠藤,Male,1999-08-09,user962.apple@mail.com,070-2822-1250,211 福田 Street,山武郡九十九里町,山武郡芝山町,464-4750,JP,Japan,JAPAN,Japanese,Consumer,None,2019-02-22,2019,RETURNING,True,MDM,2019-02-22,2026-04-17 15:58:34.138755
fcd69f72-0b44-4cdc-a168-326b479fb939,CUST-2019-JP-002672,幹,加藤,幹 加藤,Male,1976-01-14,user953.apple25@mail.com,070-3710-8294,323 坂本 Street,夷隅郡御宿町,夷隅郡御宿町,701-2403,JP,Japan,JAPAN,Japanese,Consumer,None,2019-08-15,2019,RETURNING,True,MDM,2019-08-15,2026-04-17 15:58:34.138757
bad1979c-fe41-4800-9bb6-e1739b01fd61,CUST-2019-JP-000738,里佳,佐藤,里佳 佐藤,Male,1972-11-17,user506.apple@hotmail.com,090-4010-3478,692 吉田 Street,文京区,目黒区,490-9606,JP,Japan,JAPAN,Japanese,Business,Silver,2019-09-19,2019,RETURNING,True,MDM,2019-09-19,2026-04-17 15:58:34.138758
d15cf8cd-6ac3-4b24-a88c-bf9d257ac07d,CUST-2019-JP-001287,淳,藤原,淳 藤原,Male,1959-07-25,user679.apple@icloud.com,070-5722-1084,996 小林 Street,江戸川区,袖ケ浦市,872-6875,JP,Japan,JAPAN,Japanese,Consumer,None,2019-06-21,2019,RETURNING,True,MDM,2019-06-21,2026-04-17 15:58:34.138760
e870dda7-96d8-4a2d-ab88-df7d314d316d,CUST-2019-JP-002158,春香,佐藤,春香 佐藤,Female,1978-07-06,user798.apple@gmail.com,69-9559-9614,011 藤原 Street,川崎市多摩区,府中市,251-2537,JP,Japan,JAPAN,Japanese,Consumer,None,2019-04-29,2019,RETURNING,True,MDM,2019-04-29,2026-04-17 15:58:34.138761
55021430-6cca-4ca4-9970-e90ad422706c,CUST-2019-JP-000631,桃子,坂本,桃子 坂本,Male,1994-04-03,user510.apple@gmx.com,81-1443-5908,297 佐藤 Street,台東区,山武市,877-3002,JP,Japan,JAPAN,Japanese,Education,None,2019-05-07,2019,RETURNING,True,MDM,2019-05-07,2026-04-17 15:58:34.138763
1db07467-83c1-471b-916b-6c1c4128ddb8,CUST-2019-JP-002607,健一,佐藤,健一 佐藤,Female,1961-02-10,user213.apple@aol.com,070-8707-6793,243 佐藤 Street,板橋区,浦安市,320-5744,JP,Japan,JAPAN,Japanese,Consumer,None,2019-01-13,2019,RETURNING,True,MDM,2019-01-13,2026-04-17 15:58:34.138765
7e6ece9b-c835-4391-b163-d761c9c724f6,CUST-2019-JP-001974,陽子,近藤,陽子 近藤,Male,2001-03-08,user831.apple262@aol.com,45-9102-5941,205 橋本 Street,川崎市宮前区,東大和市,642-4543,JP,Japan,JAPAN,Japanese,Consumer,Silver,2019-06-18,2019,RETURNING,True,MDM,2019-06-18,2026-04-17 15:58:34.138766
d3473086-2c91-487d-ab85-6ca3df5ba85c,CUST-2019-JP-002290,亮介,太田,亮介 太田,Male,1962-10-06,user606.apple@gmail.com,080-5043-0509,682 高橋 Street,板橋区,国立市,471-3519,JP,Japan,JAPAN,Japanese,Consumer,None,2019-09-28,2019,RETURNING,False,MDM,2019-09-28,2026-04-17 15:58:34.138768
b49fd19d-e18f-416a-af57-c81ce43b43e9,CUST-2019-JP-002778,洋介,高橋,洋介 高橋,Male,1963-08-14,user455.apple@yahoo.com,63-7007-0039,606 岡本 Street,横浜市鶴見区,横浜市南区,356-4837,JP,Japan,JAPAN,Japanese,Consumer,None,2019-08-22,2019,RETURNING,False,MDM,2019-08-22,2026-04-17 15:58:34.138770
a42c1893-0f83-4e70-a3bf-77935888a47e,CUST-2019-JP-002007,京助,山下,京助 山下,Female,1988-07-12,user651.apple@msn.com,48-1399-7706,068 高橋 Street,東大和市,千代田区,393-9730,JP,Japan,JAPAN,Japanese,Consumer,None,2019-10-23,2019,RETURNING,True,MDM,2019-10-23,2026-04-17 15:58:34.138772
62c43694-66a0-44bb-ae60-2041452cf13e,CUST-2019-JP-001285,美加子,松本,美加子 松本,Male,1983-06-29,user639.apple@gmail.com,090-7423-2208,018 佐藤 Street,荒川区,匝瑳市,628-7046,JP,Japan,JAPAN,Japanese,Business,Gold,2019-10-31,2019,RETURNING,True,MDM,2019-10-31,2026-04-17 15:58:34.138773
87ff9184-652e-4f7b-ba8b-a1e1cd976fc6,CUST-2019-JP-000034,洋介,石川,洋介 石川,Female,1965-01-10,user893.apple466@gmail.com,070-2939-8018,738 井上 Street,印西市,台東区,872-7151,JP,Japan,JAPAN,Japanese,Consumer,None,2019-06-10,2019,RETURNING,True,MDM,2019-06-10,2026-04-17 15:58:34.138775
bc9bea34-1936-43fa-a8b4-c48c93bfd4c7,CUST-2019-JP-002336,健一,山田,健一 山田,Male,1953-11-13,user799.apple824@hotmail.com,080-4742-8828,846 加藤 Street,中野区,横浜市都筑区,095-0434,JP,Japan,JAPAN,Japanese,Consumer,Silver,2019-11-15,2019,RETURNING,True,MDM,2019-11-15,2026-04-17 15:58:34.138776
9dc35b13-bea8-4e21-8167-b951cbda6a86,CUST-2019-JP-001598,明美,山口,明美 山口,Female,1972-04-05,user429.apple@aol.com,080-8316-9315,905 藤田 Street,川崎市宮前区,我孫子市,609-7029,JP,Japan,JAPAN,Japanese,Consumer,None,2019-09-18,2019,RETURNING,True,MDM,2019-09-18,2026-04-17 15:58:34.138778
71904e2d-9e68-495e-9289-9d4354e3fed3,CUST-2019-JP-001771,千代,佐藤,千代 佐藤,Female,1955-09-18,user262.apple356@mail.com,090-3480-7366,958 中村 Street,長生郡白子町,横浜市瀬谷区,670-4044,JP,Japan,JAPAN,Japanese,Business,Silver,2019-04-18,2019,RETURNING,True,MDM,2019-04-18,2026-04-17 15:58:34.138780
44ecc4ff-1606-4255-b897-97d70b4ca18d,CUST-2019-JP-000834,淳,山田,淳 山田,Male,1989-11-27,user177.apple@yahoo.com,080-5396-2317,617 鈴木 Street,国立市,四街道市,049-6273,JP,Japan,JAPAN,Japanese,Business,None,2019-10-18,2019,RETURNING,True,MDM,2019-10-18,2026-04-17 15:58:34.138781
1670a2d1-15b0-45e7-adea-0a2ce9545a7b,CUST-2019-JP-001615,美加子,鈴木,美加子 鈴木,Male,1951-10-06,user348.apple@yahoo.com,070-1949-9535,545 吉田 Street,横浜市泉区,清瀬市,688-5523,JP,Japan,JAPAN,Japanese,Business,Platinum,2019-12-24,2019,RETURNING,True,MDM,2019-12-24,2026-04-17 15:58:34.138783
a0477d88-5601-431b-8a98-c8c5934e7912,CUST-2019-JP-001952,和也,中村,和也 中村,Male,2004-09-22,user329.apple254@protonmail.com,070-9366-9436,736 伊藤 Street,多摩市,夷隅郡御宿町,816-9412,JP,Japan,JAPAN,Japanese,Consumer,Silver,2019-07-08,2019,RETURNING,True,MDM,2019-07-08,2026-04-17 15:58:34.138784
f5b4a9d5-2714-4ff9-b74b-37dcf9c5f553,CUST-2019-JP-002265,浩,佐々木,浩 佐々木,Female,1989-06-26,user583.apple@gmx.com,070-1740-9827,903 青木 Street,横浜市南区,川崎市高津区,520-6050,JP,Japan,JAPAN,Japanese,Consumer,None,2019-05-10,2019,RETURNING,True,MDM,2019-05-10,2026-04-17 15:58:34.138786
fd910386-498d-4244-962f-9fc2fc9a1c88,CUST-2019-JP-000571,春香,高橋,春香 高橋,Male,2004-01-22,user718.apple@outlook.com,42-9680-5493,429 小林 Street,川崎市幸区,横浜市中区,999-1823,JP,Japan,JAPAN,Japanese,Education,None,2019-11-14,2019,RETURNING,True,MDM,2019-11-14,2026-04-17 15:58:34.138788
b9cedc2d-30ff-4546-bd2d-bfdd9d920106,CUST-2019-JP-002506,裕樹,前田,裕樹 前田,Male,1969-01-01,user595.apple394@msn.com,080-8343-4653,052 青木 Street,川崎市宮前区,香取市,985-4467,JP,Japan,JAPAN,Japanese,Consumer,None,2019-07-06,2019,RETURNING,True,MDM,2019-07-06,2026-04-17 15:58:34.138790
07e4ef49-75cf-4b43-a9aa-201aff785614,CUST-2019-JP-000491,裕太,斎藤,裕太 斎藤,Female,2008-02-11,user902.apple889@msn.com,070-9995-2979,571 佐藤 Street,香取郡東庄町,八丈島八丈町,028-6398,JP,Japan,JAPAN,Japanese,Consumer,None,2019-02-04,2019,RETURNING,True,MDM,2019-02-04,2026-04-17 15:58:34.138791
26b59e18-0fe3-4455-9f9b-37cc94830814,CUST-2019-JP-002598,翔太,小林,翔太 小林,Male,1951-01-04,user754.apple@gmail.com,080-5618-2047,229 山本 Street,川崎市多摩区,我孫子市,760-9461,JP,Japan,JAPAN,Japanese,Consumer,Silver,2019-08-30,2019,RETURNING,True,MDM,2019-08-30,2026-04-17 15:58:34.138793
0f083ce0-f350-4cca-a38f-de4902431048,CUST-2019-JP-001357,充,高橋,充 高橋,Female,1978-10-21,user699.apple@gmx.com,85-8986-9280,462 佐々木 Street,南房総市,中野区,795-2925,JP,Japan,JAPAN,Japanese,Business,Platinum,2019-01-15,2019,RETURNING,True,MDM,2019-01-15,2026-04-17 15:58:34.138794
be165955-1fb3-4ec9-90d9-7e7026ac591d,CUST-2019-JP-001325,篤司,小川,篤司 小川,Female,1964-07-27,user346.apple758@live.com,080-9800-5888,007 山本 Street,北区,国分寺市,199-8717,JP,Japan,JAPAN,Japanese,Consumer,None,2019-01-04,2019,RETURNING,True,MDM,2019-01-04,2026-04-17 15:58:34.138796
76a5ca9b-7f1e-4f8b-aca2-92a1974bc907,CUST-2019-JP-001800,七夏,吉田,七夏 吉田,Female,1964-05-20,user233.apple@live.com,090-2398-1100,930 長谷川 Street,横浜市南区,豊島区,752-5906,JP,Japan,JAPAN,Japanese,Education,Gold,2019-09-30,2019,RETURNING,True,MDM,2019-09-30,2026-04-17 15:58:34.138798
2f5ffe5b-8c0f-42a0-98fb-ffffd7ee4c6b,CUST-2019-JP-000743,真綾,木村,真綾 木村,Male,1994-10-02,user566.apple914@protonmail.com,080-0067-5798,737 長谷川 Street,横浜市緑区,東久留米市,238-7520,JP,Japan,JAPAN,Japanese,Business,None,2019-05-14,2019,RETURNING,True,MDM,2019-05-14,2026-04-17 15:58:34.138799
ca118013-e1b0-4ae9-8301-63cab3f7c527,CUST-2019-JP-001503,篤司,吉田,篤司 吉田,Female,2003-03-04,user935.apple935@msn.com,090-6734-7150,456 渡辺 Street,横浜市旭区,羽村市,231-7287,JP,Japan,JAPAN,Japanese,Consumer,None,2019-07-27,2019,RETURNING,True,MDM,2019-07-27,2026-04-17 15:58:34.138801
0e792fe0-6e41-4443-865d-bd8032a83973,CUST-2019-JP-002017,翔太,林,翔太 林,Female,1990-09-29,user853.apple@zoho.com,090-7367-0735,738 中島 Street,東大和市,利島村,478-5078,JP,Japan,JAPAN,Japanese,Consumer,Silver,2019-12-15,2019,RETURNING,True,MDM,2019-12-15,2026-04-17 15:58:34.138803
05eacd8d-a1a9-4242-8190-f6501ebde00d,CUST-2019-JP-002382,和也,藤原,和也 藤原,Female,1990-11-09,user892.apple@gmx.com,090-5493-9704,013 山口 Street,八千代市,横浜市青葉区,058-6955,JP,Japan,JAPAN,Japanese,Consumer,Silver,2019-08-10,2019,RETURNING,True,MDM,2019-08-10,2026-04-17 15:58:34.138804
7a8e0c1b-18c7-4a86-abf2-b29faa103320,CUST-2019-JP-000764,香織,斎藤,香織 斎藤,Female,1962-10-28,user289.apple@yahoo.com,080-0116-0687,356 長谷川 Street,いすみ市,長生郡一宮町,704-3791,JP,Japan,JAPAN,Japanese,Consumer,None,2019-10-12,2019,RETURNING,True,MDM,2019-10-12,2026-04-17 15:58:34.138806
9480e742-9591-45a3-982d-7e4d7925751e,CUST-2019-JP-000283,裕美子,佐藤,裕美子 佐藤,Female,1994-06-09,user499.apple345@icloud.com,87-9471-9741,439 鈴木 Street,富津市,小平市,694-6739,JP,Japan,JAPAN,Japanese,Consumer,Silver,2019-12-21,2019,RETURNING,True,MDM,2019-12-21,2026-04-17 15:58:34.138807
bcd2c913-49a5-4b56-ba25-19ee86cd3f3b,CUST-2019-JP-001243,桃子,山口,桃子 山口,Male,1995-06-20,user701.apple@mail.com,080-3619-4757,149 鈴木 Street,いすみ市,神津島村,668-2740,JP,Japan,JAPAN,Japanese,Consumer,None,2019-07-23,2019,RETURNING,False,MDM,2019-07-23,2026-04-17 15:58:34.138809
83a4966b-4472-40a6-a320-3b402e4d23ce,CUST-2019-JP-001568,聡太郎,伊藤,聡太郎 伊藤,Female,1987-06-21,user898.apple@outlook.com,080-3658-5236,503 松本 Street,新島村,夷隅郡大多喜町,313-3261,JP,Japan,JAPAN,Japanese,Consumer,Silver,2019-03-04,2019,RETURNING,True,MDM,2019-03-04,2026-04-17 15:58:34.138811
d415fc52-fbaa-49b0-a4e6-e252b7bcb9c4,CUST-2019-JP-001970,翔太,福田,翔太 福田,Male,1952-01-04,user696.apple@hotmail.com,090-0187-8650,684 池田 Street,新宿区,多摩市,054-2778,JP,Japan,JAPAN,Japanese,Education,None,2019-08-08,2019,RETURNING,True,MDM,2019-08-08,2026-04-17 15:58:34.138813
8ca5eec6-6524-4da1-8c89-0923fffffe7a,CUST-2019-JP-000141,くみ子,鈴木,くみ子 鈴木,Male,2004-01-10,user622.apple422@live.com,070-0246-8134,191 鈴木 Street,山武郡横芝光町,品川区,146-6739,JP,Japan,JAPAN,Japanese,Consumer,Silver,2019-05-17,2019,RETURNING,True,MDM,2019-05-17,2026-04-17 15:58:34.138814
6e4dd2ee-1330-4e0c-8be3-37d7c42325c3,CUST-2019-JP-001128,涼平,渡辺,涼平 渡辺,Male,1987-08-26,user141.apple@gmail.com,57-9923-9547,192 加藤 Street,狛江市,川崎市高津区,948-1245,JP,Japan,JAPAN,Japanese,Business,None,2019-08-26,2019,RETURNING,True,MDM,2019-08-26,2026-04-17 15:58:34.138816
a36e4f1b-e13e-4ad6-9e08-b3a3b85fd566,CUST-2019-JP-001814,聡太郎,伊藤,聡太郎 伊藤,Male,1955-09-06,user491.apple@hotmail.com,070-6273-5904,376 斎藤 Street,三宅島三宅村,富津市,760-2034,JP,Japan,JAPAN,Japanese,Consumer,None,2019-02-04,2019,RETURNING,True,MDM,2019-02-04,2026-04-17 15:58:34.138817
4d013a11-9565-4485-9dac-cf7913ea9bb8,CUST-2019-JP-001437,直人,田中,直人 田中,Male,1988-08-22,user384.apple@hotmail.com,080-4100-9047,273 田中 Street,稲城市,荒川区,350-5601,JP,Japan,JAPAN,Japanese,Consumer,Gold,2019-06-29,2019,RETURNING,True,MDM,2019-06-29,2026-04-17 15:58:34.138819
61da2481-fdd9-4131-9362-be8cf74264a5,CUST-2019-JP-002103,洋介,小川,洋介 小川,Female,1987-08-09,user815.apple391@icloud.com,080-1196-5426,375 藤井 Street,狛江市,西多摩郡日の出町,272-1758,JP,Japan,JAPAN,Japanese,Business,Platinum,2019-01-08,2019,RETURNING,True,MDM,2019-01-08,2026-04-17 15:58:34.138820
bd5bc6cf-48ca-402e-91cd-0af633f3ff32,CUST-2019-JP-001284,太郎,伊藤,太郎 伊藤,Female,2000-12-17,user419.apple@zoho.com,090-3498-3927,794 坂本 Street,大田区,八街市,180-2580,JP,Japan,JAPAN,Japanese,Consumer,Gold,2019-11-28,2019,RETURNING,True,MDM,2019-11-28,2026-04-17 15:58:34.138822
d2b5028f-fe01-411f-913c-3a06b15640ef,CUST-2019-JP-002384,康弘,井上,康弘 井上,Female,1987-01-27,user269.apple845@live.com,32-2901-5092,260 林 Street,国立市,鎌ケ谷市,020-5852,JP,Japan,JAPAN,Japanese,Consumer,Gold,2019-12-19,2019,RETURNING,True,MDM,2019-12-19,2026-04-17 15:58:34.138823
574b3eb9-8eb0-4630-b27d-36a82280913a,CUST-2019-JP-000080,舞,伊藤,舞 伊藤,Male,1960-07-09,user266.apple@aol.com,64-0870-0213,031 後藤 Street,町田市,横浜市泉区,163-3858,JP,Japan,JAPAN,Japanese,Consumer,None,2019-08-09,2019,RETURNING,True,MDM,2019-08-09,2026-04-17 15:58:34.138825
42cdcada-f93b-4590-830e-fa1306fb8892,CUST-2019-JP-001304,結衣,高橋,結衣 高橋,Male,1985-07-23,user303.apple@icloud.com,75-0471-0450,508 岡田 Street,横浜市港南区,長生郡一宮町,924-5523,JP,Japan,JAPAN,Japanese,Consumer,None,2019-06-26,2019,RETURNING,True,MDM,2019-06-26,2026-04-17 15:58:34.138826
44d3a550-5dc5-4dde-b4f7-6ffa7386c117,CUST-2019-JP-002703,陽子,太田,陽子 太田,Female,1974-05-11,user224.apple@outlook.com,090-3552-2760,509 中村 Street,三鷹市,印西市,918-2224,JP,Japan,JAPAN,Japanese,Business,None,2019-06-23,2019,RETURNING,True,MDM,2019-06-23,2026-04-17 15:58:34.138828
ab731a4d-4a71-411e-97fa-52adae42c011,CUST-2019-JP-002525,晃,佐藤,晃 佐藤,Female,1956-09-12,user614.apple@protonmail.com,070-8338-5657,118 小林 Street,調布市,鎌ケ谷市,980-3269,JP,Japan,JAPAN,Japanese,Consumer,None,2019-09-11,2019,RETURNING,True,MDM,2019-09-11,2026-04-17 15:58:34.138830
032750b5-575f-444e-8b81-90ef453c50e8,CUST-2019-JP-000206,亮介,加藤,亮介 加藤,Female,2005-04-08,user944.apple@aol.com,43-8964-3750,782 山口 Street,横浜市港南区,横浜市中区,539-0270,JP,Japan,JAPAN,Japanese,Consumer,None,2019-08-16,2019,RETURNING,False,MDM,2019-08-16,2026-04-17 15:58:34.138832
286e56dc-891b-4ac0-ae29-17cb8e5a67f4,CUST-2019-JP-001651,充,佐藤,充 佐藤,Male,1996-11-01,user810.apple@protonmail.com,62-7268-2993,327 佐藤 Street,あきる野市,山武郡九十九里町,363-1153,JP,Japan,JAPAN,Japanese,Consumer,None,2019-07-25,2019,RETURNING,True,MDM,2019-07-25,2026-04-17 15:58:34.138833
3e12d16b-59bf-4f07-ab9c-a13f4c91f8bd,CUST-2019-JP-000526,晃,石川,晃 石川,Female,1951-02-08,user842.apple@gmx.com,080-0911-3168,451 田中 Street,長生郡長南町,香取市,068-5261,JP,Japan,JAPAN,Japanese,Education,None,2019-08-10,2019,RETURNING,True,MDM,2019-08-10,2026-04-17 15:58:34.138835
80b21daa-d3bd-4fed-9638-8a6be6fc9e4d,CUST-2019-JP-000905,洋介,山本,洋介 山本,Male,1952-05-05,user727.apple@protonmail.com,070-4847-3661,895 松田 Street,江戸川区,横浜市栄区,595-4462,JP,Japan,JAPAN,Japanese,Consumer,Silver,2019-07-15,2019,RETURNING,True,MDM,2019-07-15,2026-04-17 15:58:34.138836
07992cef-6c86-4805-b70b-0dcd9bee6e7a,CUST-2019-JP-000542,春香,渡辺,春香 渡辺,Female,1971-09-16,user263.apple@aol.com,080-9518-8802,301 池田 Street,利島村,清瀬市,734-1534,JP,Japan,JAPAN,Japanese,Consumer,Silver,2019-10-30,2019,RETURNING,True,MDM,2019-10-30,2026-04-17 15:58:34.138838
22e75fb9-3f33-4980-ac44-4bc30ba5cf8d,CUST-2019-JP-001490,浩,森,浩 森,Male,1963-11-19,user651.apple@hotmail.com,090-0190-2105,606 山崎 Street,鎌ケ谷市,印旛郡栄町,575-3498,JP,Japan,JAPAN,Japanese,Consumer,Silver,2019-06-12,2019,RETURNING,False,MDM,2019-06-12,2026-04-17 15:58:34.138839
70b25797-e32e-452e-86de-d5bfbd1db08a,CUST-2019-JP-000427,春香,岡田,春香 岡田,Female,1977-10-12,user384.apple@protonmail.com,090-5787-3220,018 青木 Street,八丈島八丈町,横浜市磯子区,161-9230,JP,Japan,JAPAN,Japanese,Business,Gold,2019-05-22,2019,RETURNING,True,MDM,2019-05-22,2026-04-17 15:58:34.138841
4ea2473b-3a64-4465-ac61-4d9a9f6f992e,CUST-2019-JP-001808,明美,渡辺,明美 渡辺,Male,2006-11-12,user540.apple@yahoo.com,070-4377-7996,894 森 Street,国立市,横浜市中区,891-0175,JP,Japan,JAPAN,Japanese,Consumer,Platinum,2019-08-16,2019,RETURNING,True,MDM,2019-08-16,2026-04-17 15:58:34.138842
4b99656d-5cec-436c-8acf-6c62b804650c,CUST-2019-JP-001510,真綾,山田,真綾 山田,Male,1986-05-22,user282.apple@aol.com,090-5587-8282,921 佐藤 Street,北区,匝瑳市,892-5468,JP,Japan,JAPAN,Japanese,Consumer,Gold,2019-01-25,2019,RETURNING,True,MDM,2019-01-25,2026-04-17 15:58:34.138844
2914f56e-907a-46f7-a99f-61f549b6a51a,CUST-2019-JP-001004,花子,佐藤,花子 佐藤,Female,1981-09-20,user474.apple301@msn.com,67-2656-2106,474 高橋 Street,大田区,東久留米市,357-1465,JP,Japan,JAPAN,Japanese,Consumer,Silver,2019-08-31,2019,RETURNING,True,MDM,2019-08-31,2026-04-17 15:58:34.138845
94fd2e65-e712-4186-933c-e8fbb6707366,CUST-2019-JP-001253,真綾,小林,真綾 小林,Female,1986-11-14,user686.apple@mail.com,070-8541-3229,661 福田 Street,北区,千代田区,813-6520,JP,Japan,JAPAN,Japanese,Consumer,Gold,2019-09-18,2019,RETURNING,True,MDM,2019-09-18,2026-04-17 15:58:34.138847
c82df47c-12c9-44c4-98b6-a71f6edbd77f,CUST-2019-JP-000191,稔,三浦,稔 三浦,Male,1979-02-14,user256.apple@mail.com,080-6172-1121,977 池田 Street,荒川区,横浜市鶴見区,953-2983,JP,Japan,JAPAN,Japanese,Consumer,Silver,2019-08-12,2019,RETURNING,True,MDM,2019-08-12,2026-04-17 15:58:34.138848
7f73b1ef-2cec-4813-946d-6eb4685575ef,CUST-2019-JP-002064,くみ子,松本,くみ子 松本,Female,1978-07-25,user918.apple@aol.com,080-9231-0490,764 阿部 Street,横浜市南区,昭島市,783-8702,JP,Japan,JAPAN,Japanese,Consumer,Silver,2019-01-06,2019,RETURNING,True,MDM,2019-01-06,2026-04-17 15:58:34.138850
49ef69f4-48c6-4059-b794-d1d7dee7ca3d,CUST-2019-JP-002635,さゆり,佐藤,さゆり 佐藤,Female,1995-04-30,user296.apple@outlook.com,080-2697-6121,481 松本 Street,練馬区,四街道市,695-1646,JP,Japan,JAPAN,Japanese,Consumer,Silver,2019-09-02,2019,RETURNING,True,MDM,2019-09-02,2026-04-17 15:58:34.138851
7522b8eb-1511-482b-89b2-9d64172939ff,CUST-2019-JP-002089,太郎,石井,太郎 石井,Female,1987-07-06,user202.apple@hotmail.com,31-2895-4545,074 吉田 Street,狛江市,新宿区,232-5158,JP,Japan,JAPAN,Japanese,Consumer,Gold,2019-10-20,2019,RETURNING,True,MDM,2019-10-20,2026-04-17 15:58:34.138852
27efa806-dbcc-43a7-a210-7def361666d5,CUST-2019-JP-001029,直子,鈴木,直子 鈴木,Female,1966-01-04,user509.apple@outlook.com,090-6197-8145,620 遠藤 Street,東大和市,長生郡白子町,471-3097,JP,Japan,JAPAN,Japanese,Education,None,2019-02-02,2019,RETURNING,True,MDM,2019-02-02,2026-04-17 15:58:34.138854
8cb2dab7-f179-4235-ad96-2b5f4e46b43b,CUST-2019-JP-002386,さゆり,小林,さゆり 小林,Male,1986-07-01,user706.apple725@yahoo.com,080-3437-4002,792 山本 Street,江東区,横浜市港南区,585-9569,JP,Japan,JAPAN,Japanese,Consumer,Platinum,2019-07-29,2019,RETURNING,True,MDM,2019-07-29,2026-04-17 15:58:34.138855
4db3371e-a83b-43d6-8725-c0defe220630,CUST-2019-JP-002662,真綾,中村,真綾 中村,Male,1982-06-22,user998.apple@mail.com,090-6299-8342,307 佐々木 Street,町田市,港区,007-2630,JP,Japan,JAPAN,Japanese,Consumer,Platinum,2019-01-18,2019,RETURNING,True,MDM,2019-01-18,2026-04-17 15:58:34.138857
42841f2d-af1a-4679-9b61-c94005e2205e,CUST-2019-JP-002181,直人,藤原,直人 藤原,Female,1993-10-10,user336.apple@live.com,47-1216-3913,056 小林 Street,渋谷区,印西市,182-9161,JP,Japan,JAPAN,Japanese,Consumer,Silver,2019-12-02,2019,RETURNING,True,MDM,2019-12-02,2026-04-17 15:58:34.138858
5fcb4791-348e-486a-9d68-28c3bead2c67,CUST-2019-JP-001653,英樹,吉田,英樹 吉田,Female,1973-10-12,user151.apple587@gmx.com,080-5877-2433,916 渡辺 Street,福生市,川崎市中原区,491-1631,JP,Japan,JAPAN,Japanese,Education,Silver,2019-08-29,2019,RETURNING,True,MDM,2019-08-29,2026-04-17 15:58:34.138860
bd9645c9-1a02-41b8-95ac-972858315db4,CUST-2019-JP-001141,洋介,高橋,洋介 高橋,Female,1956-05-31,user131.apple101@hotmail.com,03-4375-1891,816 鈴木 Street,八街市,横浜市泉区,453-0176,JP,Japan,JAPAN,Japanese,Consumer,None,2019-05-21,2019,RETURNING,True,MDM,2019-05-21,2026-04-17 15:58:34.138862
6ec80ca0-b633-4c3e-9b09-fc5cea4cb9ac,CUST-2019-JP-001160,香織,渡辺,香織 渡辺,Female,1961-05-07,user791.apple@zoho.com,090-2853-0304,391 坂本 Street,大網白里市,青ヶ島村,296-1671,JP,Japan,JAPAN,Japanese,Consumer,None,2019-09-21,2019,RETURNING,True,MDM,2019-09-21,2026-04-17 15:58:34.138864
b433b811-47ea-4305-b228-18f1c636eef9,CUST-2019-JP-001230,裕太,三浦,裕太 三浦,Female,1974-06-24,user229.apple806@mail.com,090-7625-1178,673 山本 Street,八千代市,西多摩郡日の出町,244-2110,JP,Japan,JAPAN,Japanese,Education,Gold,2019-08-04,2019,RETURNING,True,MDM,2019-08-04,2026-04-17 15:58:34.138865
cf55423c-39ea-4ed2-9cc8-21907bc0eda6,CUST-2019-JP-000909,香織,井上,香織 井上,Female,2008-03-15,user966.apple@icloud.com,080-9037-0080,509 石川 Street,横浜市中区,匝瑳市,721-1960,JP,Japan,JAPAN,Japanese,Consumer,None,2019-06-08,2019,RETURNING,True,MDM,2019-06-08,2026-04-17 15:58:34.138867
9813ca70-e351-4c51-91f3-05f2f5a3ee15,CUST-2019-JP-000117,春香,田中,春香 田中,Female,1979-09-30,user129.apple@outlook.com,080-7168-4695,650 山崎 Street,八丈島八丈町,山武郡九十九里町,798-1199,JP,Japan,JAPAN,Japanese,Consumer,None,2019-09-26,2019,RETURNING,True,MDM,2019-09-26,2026-04-17 15:58:34.138869
43cfd0a4-5b99-4b01-96d2-cae0aec24694,CUST-2019-JP-002165,京助,吉田,京助 吉田,Male,1967-09-03,user846.apple@gmx.com,070-6237-0501,816 小林 Street,墨田区,御蔵島村,325-3617,JP,Japan,JAPAN,Japanese,Education,None,2019-12-02,2019,RETURNING,True,MDM,2019-12-02,2026-04-17 15:58:34.138870
6a24d7a9-07a6-4f6e-915c-d233974192ff,CUST-2019-JP-000297,加奈,松本,加奈 松本,Male,1954-06-20,user813.apple745@live.com,080-4698-2422,384 田中 Street,八王子市,長生郡白子町,298-0130,JP,Japan,JAPAN,Japanese,Consumer,None,2019-02-28,2019,RETURNING,True,MDM,2019-02-28,2026-04-17 15:58:34.138872
d38e6cf0-6a0d-49b0-b98c-f31adcee44e4,CUST-2019-JP-001224,舞,山田,舞 山田,Female,1999-06-27,user213.apple@outlook.com,090-5559-6719,929 池田 Street,横浜市旭区,青梅市,037-7333,JP,Japan,JAPAN,Japanese,Consumer,None,2019-06-19,2019,RETURNING,True,MDM,2019-06-19,2026-04-17 15:58:34.138874
051b41bc-ff5b-46d5-bf31-c6076705c4e2,CUST-2019-JP-000076,聡太郎,後藤,聡太郎 後藤,Female,2000-08-29,user106.apple@mail.com,070-6293-1285,611 佐藤 Street,東久留米市,川崎市幸区,876-2736,JP,Japan,JAPAN,Japanese,Business,Platinum,2019-03-11,2019,RETURNING,True,MDM,2019-03-11,2026-04-17 15:58:34.138875
8c939316-f21c-43b2-b339-96a5b2fdfe60,CUST-2019-JP-000335,亮介,吉田,亮介 吉田,Female,1951-03-31,user521.apple@zoho.com,12-4611-7632,523 中島 Street,青ヶ島村,小笠原村,165-4461,JP,Japan,JAPAN,Japanese,Consumer,Silver,2019-02-04,2019,RETURNING,True,MDM,2019-02-04,2026-04-17 15:58:34.138877
60a02d05-43bd-42e4-8565-42b560f4a35f,CUST-2019-JP-000244,英樹,阿部,英樹 阿部,Male,1951-10-16,user556.apple@live.com,070-2481-9223,850 小川 Street,横浜市港南区,利島村,704-7249,JP,Japan,JAPAN,Japanese,Consumer,None,2019-06-15,2019,RETURNING,True,MDM,2019-06-15,2026-04-17 15:58:34.138879
3f0488c2-e85f-4ba7-8e1f-c0cfbebb5c50,CUST-2019-JP-002301,直人,斉藤,直人 斉藤,Female,1970-03-13,user705.apple@protonmail.com,090-5402-6801,022 山本 Street,いすみ市,印旛郡酒々井町,459-9638,JP,Japan,JAPAN,Japanese,Consumer,None,2019-02-06,2019,RETURNING,True,MDM,2019-02-06,2026-04-17 15:58:34.138881
0ea41ca6-e86f-476c-a7c3-f686d785483e,CUST-2019-JP-001518,直樹,池田,直樹 池田,Male,1956-04-12,user864.apple@protonmail.com,070-9835-2344,727 池田 Street,青ヶ島村,北区,310-6837,JP,Japan,JAPAN,Japanese,Consumer,Gold,2019-05-31,2019,RETURNING,True,MDM,2019-05-31,2026-04-17 15:58:34.138882
6fb560e3-0e1f-4929-84dc-d68d6f93c9fd,CUST-2019-JP-002709,陽子,田中,陽子 田中,Female,1961-11-17,user644.apple@live.com,68-1592-5838,372 山本 Street,西多摩郡奥多摩町,印西市,308-5983,JP,Japan,JAPAN,Japanese,Consumer,Gold,2019-09-15,2019,RETURNING,True,MDM,2019-09-15,2026-04-17 15:58:34.138884
ba9e8b31-cc7b-4d2e-b356-75b001d871be,CUST-2019-JP-000415,結衣,小川,結衣 小川,Male,2007-11-09,user565.apple@zoho.com,090-9484-0101,587 小林 Street,印西市,長生郡白子町,569-4147,JP,Japan,JAPAN,Japanese,Consumer,Silver,2019-11-15,2019,RETURNING,False,MDM,2019-11-15,2026-04-17 15:58:34.138885
15cb1b11-5b08-4f07-a69c-948bfda8225f,CUST-2019-JP-000755,治,林,治 林,Male,1994-08-09,user142.apple@gmail.com,070-1333-5551,203 山口 Street,日野市,清瀬市,529-7069,JP,Japan,JAPAN,Japanese,Consumer,Platinum,2019-04-16,2019,RETURNING,True,MDM,2019-04-16,2026-04-17 15:58:34.138887
a9b6872e-9172-4072-b41f-7ea855f1e661,CUST-2019-JP-000729,七夏,高橋,七夏 高橋,Male,1996-08-29,user545.apple@mail.com,090-3922-2106,556 藤田 Street,中野区,印西市,737-3277,JP,Japan,JAPAN,Japanese,Education,None,2019-07-31,2019,RETURNING,True,MDM,2019-07-31,2026-04-17 15:58:34.138888
d01e81f6-b7e3-40a0-a49a-ee5a4b53238c,CUST-2019-JP-002788,充,佐藤,充 佐藤,Male,1979-09-05,user248.apple@aol.com,090-5465-2343,309 田中 Street,北区,武蔵村山市,897-3920,JP,Japan,JAPAN,Japanese,Consumer,None,2019-05-16,2019,RETURNING,True,MDM,2019-05-16,2026-04-17 15:58:34.138890
ee1bf2b6-40a8-436d-af33-421e760869d2,CUST-2019-JP-001987,洋介,鈴木,洋介 鈴木,Male,1978-08-07,user618.apple@zoho.com,070-9303-5627,279 伊藤 Street,狛江市,富津市,255-0632,JP,Japan,JAPAN,Japanese,Consumer,None,2019-05-25,2019,RETURNING,True,MDM,2019-05-25,2026-04-17 15:58:34.138892
80293582-52b6-4135-a5bd-c27a1439bdb9,CUST-2019-JP-002183,花子,林,花子 林,Male,1960-12-14,user341.apple800@zoho.com,070-5503-3671,366 井上 Street,横浜市磯子区,横浜市旭区,840-6679,JP,Japan,JAPAN,Japanese,Consumer,None,2019-01-17,2019,RETURNING,True,MDM,2019-01-17,2026-04-17 15:58:34.138894
cf637e19-d8b5-45b8-9515-aebca2b1e78e,CUST-2019-JP-002484,春香,山崎,春香 山崎,Male,1988-03-01,user655.apple@mail.com,090-2431-9774,567 高橋 Street,横浜市港北区,狛江市,297-8297,JP,Japan,JAPAN,Japanese,Consumer,Silver,2019-08-17,2019,RETURNING,True,MDM,2019-08-17,2026-04-17 15:58:34.138895
ab46e907-c1fb-48bd-8de5-f33c7ccc5185,CUST-2019-JP-000938,淳,渡辺,淳 渡辺,Male,2002-05-06,user991.apple@yahoo.com,070-7327-9545,326 高橋 Street,足立区,長生郡長生村,863-1750,JP,Japan,JAPAN,Japanese,Business,None,2019-08-15,2019,RETURNING,True,MDM,2019-08-15,2026-04-17 15:58:34.138897
bbdf172c-3f8e-4b84-8460-aaa15c23e1c1,CUST-2019-JP-001092,明美,伊藤,明美 伊藤,Male,1957-02-03,user786.apple@zoho.com,070-0611-0777,828 田中 Street,横浜市西区,中央区,212-5399,JP,Japan,JAPAN,Japanese,Consumer,None,2019-12-09,2019,RETURNING,True,MDM,2019-12-09,2026-04-17 15:58:34.138899
ffa9523e-ba1e-48a1-be28-7c5c1e3791aa,CUST-2019-JP-000740,直人,佐藤,直人 佐藤,Male,2005-04-05,user351.apple@hotmail.com,090-7852-3095,132 福田 Street,杉並区,北区,060-0493,JP,Japan,JAPAN,Japanese,Consumer,None,2019-12-07,2019,RETURNING,True,MDM,2019-12-07,2026-04-17 15:58:34.138900
08ba6ba0-65bb-4698-9de7-359b40ce715d,CUST-2019-JP-001666,健一,遠藤,健一 遠藤,Male,1957-04-09,user465.apple999@msn.com,080-3071-2416,428 中村 Street,川崎市川崎区,横浜市戸塚区,174-1276,JP,Japan,JAPAN,Japanese,Consumer,None,2019-12-11,2019,RETURNING,True,MDM,2019-12-11,2026-04-17 15:58:34.138902
30302b38-5b43-48c8-ab50-339baa823013,CUST-2019-JP-002617,浩,阿部,浩 阿部,Female,1973-03-12,user857.apple@live.com,090-9333-0943,877 佐藤 Street,稲城市,江戸川区,559-4225,JP,Japan,JAPAN,Japanese,Consumer,Platinum,2019-12-03,2019,RETURNING,True,MDM,2019-12-03,2026-04-17 15:58:34.138903
5f7923b9-995c-4c11-880f-218c9431d3b3,CUST-2019-JP-000123,康弘,加藤,康弘 加藤,Male,1978-02-14,user171.apple152@yahoo.com,080-9340-5520,931 鈴木 Street,武蔵村山市,西多摩郡奥多摩町,664-0608,JP,Japan,JAPAN,Japanese,Consumer,Silver,2019-03-20,2019,RETURNING,True,MDM,2019-03-20,2026-04-17 15:58:34.138905
451af86c-fa6f-42a3-b724-5d104ca21074,CUST-2019-JP-000925,桃子,坂本,桃子 坂本,Male,2002-12-12,user616.apple774@msn.com,070-9783-5229,423 藤田 Street,横浜市西区,横浜市金沢区,987-1677,JP,Japan,JAPAN,Japanese,Business,Platinum,2019-12-27,2019,RETURNING,True,MDM,2019-12-27,2026-04-17 15:58:34.138906
289d01a7-8d3e-4e22-b0b6-41683f24597c,CUST-2019-JP-001856,真綾,佐藤,真綾 佐藤,Male,1962-01-20,user247.apple@yahoo.com,070-8263-9356,772 佐藤 Street,立川市,横浜市金沢区,398-0120,JP,Japan,JAPAN,Japanese,Consumer,Platinum,2019-08-15,2019,RETURNING,True,MDM,2019-08-15,2026-04-17 15:58:34.138908
ed7b326d-633c-4f68-a700-e816ede4b43b,CUST-2019-JP-001885,治,井上,治 井上,Female,1953-01-19,user284.apple@aol.com,070-9275-3069,273 中川 Street,新島村,長生郡長生村,741-1995,JP,Japan,JAPAN,Japanese,Consumer,None,2019-05-07,2019,RETURNING,True,MDM,2019-05-07,2026-04-17 15:58:34.138909
1bcad54d-874b-4917-b2fe-feaf8b6b0ae6,CUST-2019-JP-002450,裕太,渡辺,裕太 渡辺,Female,1983-12-17,user191.apple@hotmail.com,070-4693-7096,718 長谷川 Street,港区,横浜市戸塚区,452-5394,JP,Japan,JAPAN,Japanese,Consumer,None,2019-11-26,2019,RETURNING,True,MDM,2019-11-26,2026-04-17 15:58:34.138912
0feb23d0-7135-470d-a039-2d27b58fda91,CUST-2019-JP-002543,智也,高橋,智也 高橋,Male,1988-04-03,user139.apple@gmail.com,090-5884-1621,246 井上 Street,大島町,夷隅郡御宿町,359-5658,JP,Japan,JAPAN,Japanese,Consumer,Silver,2019-07-07,2019,RETURNING,True,MDM,2019-07-07,2026-04-17 15:58:34.138913
ff768ae2-4463-4cb0-8c98-5359e38c6b95,CUST-2019-JP-002483,千代,鈴木,千代 鈴木,Male,2007-10-27,user946.apple@msn.com,080-2119-0843,348 中村 Street,八街市,狛江市,060-8185,JP,Japan,JAPAN,Japanese,Consumer,None,2019-11-02,2019,RETURNING,True,MDM,2019-11-02,2026-04-17 15:58:34.138915
5ed69ce6-51c1-4181-a2cf-d1a972fd7a9e,CUST-2019-JP-000324,涼平,小林,涼平 小林,Female,1967-08-02,user524.apple@zoho.com,070-0384-3614,858 鈴木 Street,青ヶ島村,青ヶ島村,246-1898,JP,Japan,JAPAN,Japanese,Consumer,None,2019-03-30,2019,RETURNING,True,MDM,2019-03-30,2026-04-17 15:58:34.138917
54884e7b-b4d0-47ef-98d0-bb43abd005ed,CUST-2019-JP-000862,翔太,林,翔太 林,Female,2000-07-23,user414.apple@protonmail.com,090-6177-0483,761 佐々木 Street,川崎市高津区,大網白里市,065-5607,JP,Japan,JAPAN,Japanese,Consumer,None,2019-10-19,2019,RETURNING,True,MDM,2019-10-19,2026-04-17 15:58:34.138918
d1851b3d-76c0-4fef-900c-6160ca2de03d,CUST-2019-JP-001929,裕樹,小林,裕樹 小林,Female,1995-09-05,user228.apple@icloud.com,54-5933-7707,368 鈴木 Street,鎌ケ谷市,大島町,811-2123,JP,Japan,JAPAN,Japanese,Consumer,Silver,2019-09-05,2019,RETURNING,True,MDM,2019-09-05,2026-04-17 15:58:34.138920
e6792c97-f360-4064-ac64-38152b081e14,CUST-2019-JP-001718,くみ子,小林,くみ子 小林,Female,1992-11-25,user705.apple@hotmail.com,070-8536-3375,869 渡辺 Street,香取郡神崎町,山武郡九十九里町,533-1282,JP,Japan,JAPAN,Japanese,Consumer,Silver,2019-07-05,2019,RETURNING,True,MDM,2019-07-05,2026-04-17 15:58:34.138921
cfa1c388-b0f6-4d54-9d55-f7034726f2a6,CUST-2019-JP-002029,真綾,田中,真綾 田中,Male,1983-05-08,user268.apple@yahoo.com,080-1329-6072,891 佐藤 Street,港区,新島村,542-6043,JP,Japan,JAPAN,Japanese,Consumer,None,2019-09-01,2019,RETURNING,True,MDM,2019-09-01,2026-04-17 15:58:34.138923
5e435c00-e991-4682-867d-c0a99938c648,CUST-2019-JP-002008,桃子,高橋,桃子 高橋,Female,1974-09-30,user564.apple654@gmx.com,090-7578-3646,434 斎藤 Street,台東区,横浜市港北区,986-5450,JP,Japan,JAPAN,Japanese,Business,None,2019-10-22,2019,RETURNING,True,MDM,2019-10-22,2026-04-17 15:58:34.138925
010608e3-a0b6-44a3-adb2-2d10f7172994,CUST-2019-JP-000646,洋介,吉田,洋介 吉田,Male,1977-11-17,user477.apple839@hotmail.com,17-9169-5456,964 高橋 Street,東村山市,横浜市中区,637-8360,JP,Japan,JAPAN,Japanese,Consumer,Silver,2019-12-24,2019,RETURNING,True,MDM,2019-12-24,2026-04-17 15:58:34.138926
8741eec1-d401-4266-9364-75ad0420b925,CUST-2019-JP-002130,聡太郎,木村,聡太郎 木村,Female,1978-11-28,user173.apple@hotmail.com,080-6117-9812,164 佐々木 Street,君津市,国立市,220-0249,JP,Japan,JAPAN,Japanese,Consumer,None,2019-01-30,2019,RETURNING,True,MDM,2019-01-30,2026-04-17 15:58:34.138928
665804f0-3506-4f9e-8b09-b751139b9c50,CUST-2019-JP-002581,太郎,木村,太郎 木村,Female,1962-08-06,user308.apple@icloud.com,080-4330-5586,916 渡辺 Street,川崎市高津区,山武郡芝山町,223-7540,JP,Japan,JAPAN,Japanese,Consumer,Platinum,2019-10-11,2019,RETURNING,True,MDM,2019-10-11,2026-04-17 15:58:34.138929
0c5dc6d7-97f5-4671-8166-56c64f558dea,CUST-2019-JP-001833,直樹,渡辺,直樹 渡辺,Male,1952-08-17,user925.apple@msn.com,090-2288-9619,286 藤井 Street,安房郡鋸南町,府中市,726-1332,JP,Japan,JAPAN,Japanese,Consumer,Gold,2019-03-24,2019,RETURNING,False,MDM,2019-03-24,2026-04-17 15:58:34.138931
5763f175-2460-417e-84d5-2c39ea13303a,CUST-2019-JP-002776,学,石井,学 石井,Male,1975-08-31,user324.apple958@hotmail.com,080-4088-5946,184 佐藤 Street,横浜市保土ケ谷区,山武郡横芝光町,349-9100,JP,Japan,JAPAN,Japanese,Consumer,None,2019-04-05,2019,RETURNING,False,MDM,2019-04-05,2026-04-17 15:58:34.138932
aab5ad86-929d-4cdd-9fb6-286242cd6f75,CUST-2019-JP-000981,直子,橋本,直子 橋本,Male,2000-08-05,user147.apple@aol.com,68-1325-1792,140 村上 Street,横浜市神奈川区,八丈島八丈町,273-7198,JP,Japan,JAPAN,Japanese,Business,Silver,2019-10-14,2019,RETURNING,True,MDM,2019-10-14,2026-04-17 15:58:34.138935
aec3e7e3-9a06-40ff-8128-030e1bd85404,CUST-2019-JP-000811,京助,小林,京助 小林,Male,1990-06-09,user215.apple@icloud.com,090-9978-6611,339 木村 Street,横浜市戸塚区,小平市,144-7604,JP,Japan,JAPAN,Japanese,Consumer,Gold,2019-11-02,2019,RETURNING,True,MDM,2019-11-02,2026-04-17 15:58:34.138936
f9c649ee-bf17-4b6c-ab98-58b6cc728e67,CUST-2019-JP-001931,智也,山田,智也 山田,Female,1972-03-27,user129.apple946@icloud.com,090-0978-7952,980 鈴木 Street,長生郡睦沢町,富津市,569-0621,JP,Japan,JAPAN,Japanese,Consumer,Silver,2019-10-04,2019,RETURNING,True,MDM,2019-10-04,2026-04-17 15:58:34.138938
d60c15de-d755-4f17-b877-af2b384b8f8f,CUST-2019-JP-001459,修平,山崎,修平 山崎,Female,1956-12-21,user118.apple679@mail.com,070-0716-9143,966 渡辺 Street,目黒区,青ヶ島村,968-4093,JP,Japan,JAPAN,Japanese,Education,Silver,2019-01-05,2019,RETURNING,True,MDM,2019-01-05,2026-04-17 15:58:34.138939
035bf45f-e78a-4e87-846d-55747083a750,CUST-2019-JP-000116,直子,斉藤,直子 斉藤,Female,1986-07-23,user814.apple@aol.com,070-9925-4278,950 長谷川 Street,町田市,西多摩郡瑞穂町,978-1577,JP,Japan,JAPAN,Japanese,Consumer,Silver,2019-08-22,2019,RETURNING,True,MDM,2019-08-22,2026-04-17 15:58:34.138940
59a2f6b0-09e2-496a-85c5-89b3ebd3841a,CUST-2019-JP-001955,直樹,山本,直樹 山本,Female,1985-07-05,user907.apple442@zoho.com,070-5780-3621,247 山口 Street,君津市,足立区,283-8425,JP,Japan,JAPAN,Japanese,Business,None,2019-05-23,2019,RETURNING,True,MDM,2019-05-23,2026-04-17 15:58:34.138942
b1656711-1146-443e-8b83-440ec466192d,CUST-2019-JP-000639,直樹,藤原,直樹 藤原,Male,1958-10-03,user869.apple@protonmail.com,89-1850-3520,275 中島 Street,長生郡長南町,白井市,816-0949,JP,Japan,JAPAN,Japanese,Business,None,2019-12-05,2019,RETURNING,True,MDM,2019-12-05,2026-04-17 15:58:34.138944
291bc80e-1530-4cec-a662-f5c8d9075c66,CUST-2019-JP-001135,裕太,山本,裕太 山本,Male,1997-04-22,user750.apple@mail.com,080-6688-9839,561 森 Street,新宿区,羽村市,792-9385,JP,Japan,JAPAN,Japanese,Consumer,Platinum,2019-01-07,2019,RETURNING,True,MDM,2019-01-07,2026-04-17 15:58:34.138946
115cdee2-fb59-4b63-b108-f08a92c666d3,CUST-2019-JP-002599,健一,山本,健一 山本,Female,1984-09-14,user305.apple@gmx.com,89-6851-9135,897 山田 Street,清瀬市,山武郡横芝光町,732-5859,JP,Japan,JAPAN,Japanese,Consumer,Platinum,2019-05-01,2019,RETURNING,True,MDM,2019-05-01,2026-04-17 15:58:34.138947
6a3414d6-63e8-4558-bbaa-eb80a577840a,CUST-2019-JP-001219,くみ子,橋本,くみ子 橋本,Female,2002-10-09,user454.apple@gmail.com,82-1936-5776,886 池田 Street,鎌ケ谷市,西多摩郡奥多摩町,495-2429,JP,Japan,JAPAN,Japanese,Education,None,2019-07-28,2019,RETURNING,True,MDM,2019-07-28,2026-04-17 15:58:34.138949
497c14ed-1823-4a24-b27a-a6a1cee49a97,CUST-2019-JP-000706,翔太,遠藤,翔太 遠藤,Male,1952-05-31,user418.apple948@msn.com,15-8603-8180,722 太田 Street,新島村,武蔵野市,940-0314,JP,Japan,JAPAN,Japanese,Consumer,None,2019-07-29,2019,RETURNING,True,MDM,2019-07-29,2026-04-17 15:58:34.138951
edf2d401-6239-4988-acac-9e315c390e05,CUST-2019-JP-000636,智也,遠藤,智也 遠藤,Male,1970-06-21,user182.apple758@protonmail.com,070-8803-8701,140 鈴木 Street,君津市,あきる野市,803-0915,JP,Japan,JAPAN,Japanese,Consumer,Silver,2019-02-24,2019,RETURNING,True,MDM,2019-02-24,2026-04-17 15:58:34.138952
b20aa8d4-d6b0-4cf6-8651-b5d67aa6629d,CUST-2019-JP-002789,花子,田中,花子 田中,Male,1983-09-15,user215.apple@aol.com,080-1402-3389,017 佐藤 Street,横浜市青葉区,東村山市,893-7161,JP,Japan,JAPAN,Japanese,Consumer,Silver,2019-11-09,2019,RETURNING,True,MDM,2019-11-09,2026-04-17 15:58:34.138954
27b18be9-ed5d-4cc7-b637-0c2e4ab28ce3,CUST-2019-JP-001860,桃子,山本,桃子 山本,Female,1978-04-14,user663.apple@gmail.com,18-0259-1038,270 藤井 Street,世田谷区,北区,641-1147,JP,Japan,JAPAN,Japanese,Business,None,2019-06-29,2019,RETURNING,True,MDM,2019-06-29,2026-04-17 15:58:34.138956
80f88085-4d3c-4e57-b3b7-a9399f5fccd5,CUST-2019-JP-001511,裕美子,伊藤,裕美子 伊藤,Female,1951-06-19,user505.apple@msn.com,58-6190-1204,137 後藤 Street,印旛郡酒々井町,府中市,886-6962,JP,Japan,JAPAN,Japanese,Consumer,Gold,2019-01-29,2019,RETURNING,True,MDM,2019-01-29,2026-04-17 15:58:34.138957
c89ae966-cb36-4fa6-8eaa-0e498a5d20ad,CUST-2019-JP-001466,陽子,伊藤,陽子 伊藤,Female,1998-03-08,user248.apple@aol.com,26-4453-5134,353 渡辺 Street,台東区,狛江市,701-8550,JP,Japan,JAPAN,Japanese,Consumer,None,2019-10-26,2019,RETURNING,True,MDM,2019-10-26,2026-04-17 15:58:34.138959
a2097eed-b618-4ae0-90f5-13e39be7bc89,CUST-2019-JP-000121,桃子,木村,桃子 木村,Male,1961-06-09,user378.apple@mail.com,080-3472-7790,363 田中 Street,台東区,印旛郡栄町,609-2926,JP,Japan,JAPAN,Japanese,Consumer,Silver,2019-03-04,2019,RETURNING,True,MDM,2019-03-04,2026-04-17 15:58:34.138960
414ee1f1-4672-45b9-b49b-37004b06d273,CUST-2019-JP-000533,太郎,鈴木,太郎 鈴木,Female,1998-08-19,user907.apple833@live.com,080-7444-9188,538 池田 Street,三鷹市,長生郡長生村,582-0707,JP,Japan,JAPAN,Japanese,Consumer,Silver,2019-08-16,2019,RETURNING,True,MDM,2019-08-16,2026-04-17 15:58:34.138962
9ba980ae-6606-477e-b9d7-43041e6c61ab,CUST-2019-JP-000948,春香,伊藤,春香 伊藤,Male,1978-04-08,user486.apple@zoho.com,070-9335-8593,248 近藤 Street,墨田区,青ヶ島村,740-5575,JP,Japan,JAPAN,Japanese,Business,Platinum,2019-04-03,2019,RETURNING,True,MDM,2019-04-03,2026-04-17 15:58:34.138963
e3b9d99a-845a-4563-b685-61de9b552a5b,CUST-2019-JP-002333,桃子,井上,桃子 井上,Male,1966-07-30,user336.apple@gmx.com,04-8722-7563,435 加藤 Street,横浜市磯子区,袖ケ浦市,105-3695,JP,Japan,JAPAN,Japanese,Consumer,None,2019-03-10,2019,RETURNING,True,MDM,2019-03-10,2026-04-17 15:58:34.138965
74a5c9bd-590c-4857-830f-ce6b7d48551d,CUST-2019-JP-002491,裕美子,石井,裕美子 石井,Female,2001-01-30,user331.apple251@outlook.com,090-3191-3632,165 山口 Street,横浜市戸塚区,世田谷区,205-9192,JP,Japan,JAPAN,Japanese,Business,None,2019-05-18,2019,RETURNING,True,MDM,2019-05-18,2026-04-17 15:58:34.138967
76df9324-eebd-49b5-987e-d46db0e3dd6e,CUST-2019-JP-000236,桃子,佐藤,桃子 佐藤,Male,1973-04-30,user405.apple955@protonmail.com,090-8718-0082,039 渡辺 Street,横浜市中区,長生郡長生村,696-0686,JP,Japan,JAPAN,Japanese,Education,Platinum,2019-08-15,2019,RETURNING,True,MDM,2019-08-15,2026-04-17 15:58:34.138968
153ca54a-6c7a-44b3-971f-2e1562cc3ce1,CUST-2019-JP-002118,学,松本,学 松本,Male,1990-05-05,user348.apple6@zoho.com,080-4826-0128,027 後藤 Street,匝瑳市,羽村市,034-0238,JP,Japan,JAPAN,Japanese,Consumer,None,2019-01-05,2019,RETURNING,True,MDM,2019-01-05,2026-04-17 15:58:34.138970
e557c85c-5c3a-48e1-b69c-48058bf2bead,CUST-2019-JP-000790,翼,坂本,翼 坂本,Female,2006-03-07,user554.apple803@aol.com,070-1735-5510,969 小川 Street,羽村市,山武郡横芝光町,892-1740,JP,Japan,JAPAN,Japanese,Business,None,2019-09-21,2019,RETURNING,True,MDM,2019-09-21,2026-04-17 15:58:34.138972
f938a01d-a099-443e-83a5-9dc59b681e8b,CUST-2019-JP-001756,直子,松本,直子 松本,Female,1996-07-29,user922.apple@gmail.com,82-0709-0728,080 福田 Street,足立区,我孫子市,166-8250,JP,Japan,JAPAN,Japanese,Consumer,None,2019-01-13,2019,RETURNING,True,MDM,2019-01-13,2026-04-17 15:58:34.138973
1951d54a-df78-46ce-93d3-c93ac53385ce,CUST-2019-JP-002603,直樹,斎藤,直樹 斎藤,Male,2005-11-16,user483.apple702@zoho.com,83-8022-0160,626 井上 Street,日野市,横浜市緑区,192-7770,JP,Japan,JAPAN,Japanese,Consumer,None,2019-05-16,2019,RETURNING,True,MDM,2019-05-16,2026-04-17 15:58:34.138975
a9e5d7d4-1006-4d20-a020-309ec6c6874f,CUST-2019-JP-000701,春香,田中,春香 田中,Male,1990-06-10,user542.apple301@icloud.com,090-5197-5279,308 岡本 Street,三宅島三宅村,福生市,126-5137,JP,Japan,JAPAN,Japanese,Consumer,None,2019-08-20,2019,RETURNING,True,MDM,2019-08-20,2026-04-17 15:58:34.138977
371b9e31-4411-4654-a798-51d756ca00b0,CUST-2019-JP-001732,翼,小林,翼 小林,Female,1969-12-02,user914.apple@zoho.com,070-9191-2675,523 村上 Street,君津市,江東区,278-1573,JP,Japan,JAPAN,Japanese,Consumer,Silver,2019-05-15,2019,RETURNING,True,MDM,2019-05-15,2026-04-17 15:58:34.138978
507ce672-3950-4819-af09-5813e03c6b19,CUST-2019-JP-002651,拓真,福田,拓真 福田,Male,1997-01-01,user993.apple@outlook.com,080-9719-4633,140 後藤 Street,清瀬市,川崎市川崎区,677-9793,JP,Japan,JAPAN,Japanese,Consumer,None,2019-09-27,2019,RETURNING,True,MDM,2019-09-27,2026-04-17 15:58:34.138980
054ad722-9212-4c25-998a-1f94a6eaf932,CUST-2019-JP-000319,陽子,前田,陽子 前田,Male,1995-09-12,user599.apple674@live.com,080-5914-4699,867 井上 Street,横浜市鶴見区,青梅市,406-6765,JP,Japan,JAPAN,Japanese,Education,Silver,2019-04-23,2019,RETURNING,True,MDM,2019-04-23,2026-04-17 15:58:34.138982
4dfca4c2-7556-415e-a57d-6e2abd037adf,CUST-2019-JP-000753,洋介,村上,洋介 村上,Female,1953-08-24,user429.apple247@hotmail.com,080-6976-5462,840 池田 Street,新島村,福生市,166-7920,JP,Japan,JAPAN,Japanese,Consumer,Gold,2019-09-14,2019,RETURNING,True,MDM,2019-09-14,2026-04-17 15:58:34.138983
bcbfdc79-5d1a-418b-b496-b2fc83608bdb,CUST-2019-JP-002155,里佳,佐藤,里佳 佐藤,Male,1978-06-28,user959.apple@aol.com,45-7681-6321,056 伊藤 Street,世田谷区,横浜市中区,878-6120,JP,Japan,JAPAN,Japanese,Consumer,None,2019-06-18,2019,RETURNING,True,MDM,2019-06-18,2026-04-17 15:58:34.138985
3af3afe2-cd66-436a-866c-a04192620d0d,CUST-2019-JP-000454,翼,伊藤,翼 伊藤,Male,1952-08-18,user700.apple86@zoho.com,77-9701-4152,728 加藤 Street,羽村市,夷隅郡御宿町,466-6417,JP,Japan,JAPAN,Japanese,Consumer,Gold,2019-12-02,2019,RETURNING,True,MDM,2019-12-02,2026-04-17 15:58:34.138986
72aa0031-975d-44c9-a4da-87bd5f3c9475,CUST-2019-JP-001001,陽子,佐藤,陽子 佐藤,Female,1957-11-26,user736.apple@gmail.com,09-2406-8327,228 村上 Street,板橋区,渋谷区,093-1512,JP,Japan,JAPAN,Japanese,Business,None,2019-03-12,2019,RETURNING,True,MDM,2019-03-12,2026-04-17 15:58:34.138988
e2e2b4c0-94ff-4a43-b4fc-fe4d362ca0a7,CUST-2019-JP-002501,さゆり,木村,さゆり 木村,Female,1951-01-24,user418.apple259@msn.com,090-5088-5426,446 青木 Street,横浜市港北区,印旛郡本埜村,972-0182,JP,Japan,JAPAN,Japanese,Consumer,Gold,2019-06-26,2019,RETURNING,True,MDM,2019-06-26,2026-04-17 15:58:34.138990
14467bd0-1991-44da-8a94-aedf6f8e5022,CUST-2019-JP-000433,修平,山本,修平 山本,Male,1973-08-31,user872.apple986@icloud.com,070-9408-3220,149 加藤 Street,鴨川市,中央区,594-8342,JP,Japan,JAPAN,Japanese,Consumer,None,2019-01-10,2019,RETURNING,True,MDM,2019-01-10,2026-04-17 15:58:34.138991
3ea0d6fa-00df-40cf-a4b6-def2fe4ab8ec,CUST-2019-JP-001099,淳,伊藤,淳 伊藤,Female,1959-02-02,user435.apple@icloud.com,090-4759-5473,746 小林 Street,青梅市,東大和市,001-2409,JP,Japan,JAPAN,Japanese,Education,Gold,2019-01-30,2019,RETURNING,True,MDM,2019-01-30,2026-04-17 15:58:34.138993
d3718aba-5648-4307-8a91-b5f5e7cd9d00,CUST-2019-JP-001969,くみ子,藤田,くみ子 藤田,Female,1991-04-12,user339.apple@yahoo.com,090-5649-0151,367 山本 Street,富津市,西多摩郡檜原村,420-6379,JP,Japan,JAPAN,Japanese,Consumer,None,2019-10-06,2019,RETURNING,True,MDM,2019-10-06,2026-04-17 15:58:34.138994
89c8ae9b-529e-4ff8-baf8-b40f69fd341c,CUST-2019-JP-001381,淳,山下,淳 山下,Female,1968-08-27,user957.apple@aol.com,080-3986-4925,351 田中 Street,匝瑳市,山武郡芝山町,709-1566,JP,Japan,JAPAN,Japanese,Business,None,2019-01-21,2019,RETURNING,True,MDM,2019-01-21,2026-04-17 15:58:34.138996
0aa3ca85-b717-4c40-ac86-a57accd7676d,CUST-2019-JP-002004,和也,前田,和也 前田,Male,2004-02-26,user678.apple178@yahoo.com,090-0012-9788,148 佐藤 Street,清瀬市,南房総市,327-6149,JP,Japan,JAPAN,Japanese,Education,Silver,2019-05-22,2019,RETURNING,False,MDM,2019-05-22,2026-04-17 15:58:34.138997
b8979a68-678c-4f67-81d9-53c52935f23e,CUST-2019-JP-002638,聡太郎,橋本,聡太郎 橋本,Male,1978-01-09,user736.apple@protonmail.com,080-0544-2873,438 伊藤 Street,富津市,西多摩郡瑞穂町,981-7395,JP,Japan,JAPAN,Japanese,Consumer,Silver,2019-08-19,2019,RETURNING,True,MDM,2019-08-19,2026-04-17 15:58:34.138999
9a8b2311-767e-4a29-8364-b62c89f05879,CUST-2019-JP-002761,智也,中村,智也 中村,Male,1970-06-11,user925.apple540@icloud.com,090-3569-2534,419 池田 Street,青ヶ島村,川崎市川崎区,789-9823,JP,Japan,JAPAN,Japanese,Consumer,Gold,2019-09-30,2019,RETURNING,True,MDM,2019-09-30,2026-04-17 15:58:34.139000
1a251389-4f9a-45c9-a920-9a10518ce0a1,CUST-2019-JP-001683,裕樹,佐々木,裕樹 佐々木,Female,2001-09-01,user956.apple966@msn.com,070-5313-0174,875 中島 Street,横浜市青葉区,目黒区,152-3739,JP,Japan,JAPAN,Japanese,Business,Gold,2019-04-09,2019,RETURNING,True,MDM,2019-04-09,2026-04-17 15:58:34.139002
50a51f34-4fb8-4095-81bb-37df2a44bcfb,CUST-2019-JP-000347,治,高橋,治 高橋,Female,1988-04-09,user249.apple@hotmail.com,070-9145-9490,781 加藤 Street,板橋区,四街道市,133-2655,JP,Japan,JAPAN,Japanese,Consumer,None,2019-04-18,2019,RETURNING,True,MDM,2019-04-18,2026-04-17 15:58:34.139004
2c9665e5-f559-46c5-940d-42f687eaa21b,CUST-2019-JP-000894,陽子,坂本,陽子 坂本,Female,1962-09-03,user485.apple818@mail.com,22-9358-3590,818 吉田 Street,印西市,四街道市,956-4634,JP,Japan,JAPAN,Japanese,Consumer,None,2019-06-03,2019,RETURNING,True,MDM,2019-06-03,2026-04-17 15:58:34.139005
3106035c-4a4e-4ad6-8dec-806bba74e75b,CUST-2019-JP-000657,太一,吉田,太一 吉田,Female,1988-09-22,user182.apple545@outlook.com,070-7033-2539,803 高橋 Street,横浜市緑区,中央区,657-6590,JP,Japan,JAPAN,Japanese,Consumer,None,2019-04-29,2019,RETURNING,True,MDM,2019-04-29,2026-04-17 15:58:34.139007
5666c51a-e1aa-4a86-b03f-9db8f806eca0,CUST-2019-JP-001578,明美,鈴木,明美 鈴木,Female,1969-07-28,user402.apple401@outlook.com,080-0790-4954,462 渡辺 Street,夷隅郡御宿町,横浜市西区,119-6301,JP,Japan,JAPAN,Japanese,Consumer,None,2019-07-06,2019,RETURNING,True,MDM,2019-07-06,2026-04-17 15:58:34.139009
ad7f5e4d-b780-4e05-a735-817b2b476caa,CUST-2019-JP-001973,充,近藤,充 近藤,Female,1991-03-25,user426.apple@hotmail.com,070-1927-6344,602 斎藤 Street,あきる野市,中野区,023-8538,JP,Japan,JAPAN,Japanese,Consumer,Silver,2019-11-22,2019,RETURNING,True,MDM,2019-11-22,2026-04-17 15:58:34.139010
434507aa-7307-41ee-815e-85e1ff437378,CUST-2019-JP-001124,拓真,西村,拓真 西村,Male,1991-10-07,user595.apple@aol.com,080-6680-9008,076 木村 Street,横浜市鶴見区,西多摩郡檜原村,761-2756,JP,Japan,JAPAN,Japanese,Consumer,Silver,2019-08-26,2019,RETURNING,True,MDM,2019-08-26,2026-04-17 15:58:34.139012
000307c9-5750-4c28-ae69-52bb96890f3e,CUST-2019-JP-000128,真綾,山口,真綾 山口,Female,1996-08-06,user444.apple@protonmail.com,080-3052-5354,484 小川 Street,横浜市栄区,横浜市神奈川区,653-8695,JP,Japan,JAPAN,Japanese,Consumer,None,2019-06-18,2019,RETURNING,True,MDM,2019-06-18,2026-04-17 15:58:34.139014
3d36878b-3c85-4d91-a6f0-c896f3145bde,CUST-2019-JP-001617,裕太,林,裕太 林,Female,1973-07-01,user172.apple38@protonmail.com,83-4767-9369,935 森 Street,八千代市,江東区,108-9402,JP,Japan,JAPAN,Japanese,Consumer,Silver,2019-08-06,2019,RETURNING,True,MDM,2019-08-06,2026-04-17 15:58:34.139015
eaaa1d27-e756-4eaa-b58b-019d9ed3d098,CUST-2019-JP-001613,涼平,田中,涼平 田中,Female,1970-11-23,user394.apple@protonmail.com,070-2874-1028,363 森 Street,御蔵島村,横浜市栄区,997-2698,JP,Japan,JAPAN,Japanese,Consumer,None,2019-04-26,2019,RETURNING,True,MDM,2019-04-26,2026-04-17 15:58:34.139017
34832ad7-21da-4c6f-addc-57e2e76c2908,CUST-2019-JP-001159,洋介,高橋,洋介 高橋,Female,1963-08-11,user700.apple@live.com,070-5307-6507,887 山下 Street,山武郡横芝光町,西多摩郡奥多摩町,036-9741,JP,Japan,JAPAN,Japanese,Consumer,Platinum,2019-06-25,2019,RETURNING,True,MDM,2019-06-25,2026-04-17 15:58:34.139018
88af2955-718e-48e6-9631-64a1f391ec04,CUST-2019-JP-001055,聡太郎,岡田,聡太郎 岡田,Female,1972-12-17,user518.apple443@yahoo.com,070-3977-4843,893 山田 Street,香取郡東庄町,印旛郡酒々井町,908-4886,JP,Japan,JAPAN,Japanese,Consumer,Platinum,2019-08-01,2019,RETURNING,True,MDM,2019-08-01,2026-04-17 15:58:34.139020
874ece10-8984-4c99-87e7-f6164ef55f50,CUST-2019-JP-002313,京助,佐藤,京助 佐藤,Female,1976-06-03,user654.apple341@zoho.com,090-1509-3841,824 岡本 Street,大網白里市,青ヶ島村,738-8206,JP,Japan,JAPAN,Japanese,Consumer,Gold,2019-08-14,2019,RETURNING,True,MDM,2019-08-14,2026-04-17 15:58:34.139021
d24ae665-114b-4c0c-a4a7-270fc8e799f0,CUST-2019-JP-002773,淳,遠藤,淳 遠藤,Female,1970-01-22,user826.apple@gmx.com,90-0463-6472,035 斉藤 Street,香取郡神崎町,川崎市川崎区,914-8462,JP,Japan,JAPAN,Japanese,Consumer,None,2019-08-01,2019,RETURNING,True,MDM,2019-08-01,2026-04-17 15:58:34.139023
ac2b164f-93c7-4940-b727-5dec655303a4,CUST-2019-JP-002401,治,鈴木,治 鈴木,Male,1997-08-25,user346.apple@yahoo.com,25-3938-6348,730 佐々木 Street,八丈島八丈町,川崎市川崎区,716-1763,JP,Japan,JAPAN,Japanese,Business,None,2019-03-19,2019,RETURNING,True,MDM,2019-03-19,2026-04-17 15:58:34.139025
232f51e8-c284-4dcf-ac3d-600d9da485fd,CUST-2019-JP-000777,稔,石川,稔 石川,Female,1955-11-15,user678.apple@live.com,12-2430-2179,776 渡辺 Street,立川市,川崎市川崎区,840-5331,JP,Japan,JAPAN,Japanese,Consumer,Gold,2019-02-20,2019,RETURNING,True,MDM,2019-02-20,2026-04-17 15:58:34.139026
3abfebc5-4617-4f10-9be4-5db81b0d19fe,CUST-2019-JP-001873,香織,山田,香織 山田,Female,1954-02-09,user754.apple667@yahoo.com,090-2270-2056,288 池田 Street,新宿区,横浜市鶴見区,971-4343,JP,Japan,JAPAN,Japanese,Business,Gold,2019-01-06,2019,RETURNING,True,MDM,2019-01-06,2026-04-17 15:58:34.139028
bb623eb4-679d-4e19-95a5-06cb1b3c2c05,CUST-2019-JP-000404,知実,中村,知実 中村,Female,2001-03-28,user556.apple@gmail.com,87-9946-0449,471 中村 Street,印旛郡本埜村,国立市,169-0615,JP,Japan,JAPAN,Japanese,Consumer,None,2019-12-30,2019,RETURNING,True,MDM,2019-12-30,2026-04-17 15:58:34.139029
e47889e6-90ad-43ae-9eab-b293e688643e,CUST-2019-JP-000380,あすか,山田,あすか 山田,Female,1951-08-15,user921.apple307@outlook.com,080-0503-7883,555 伊藤 Street,横浜市栄区,大網白里市,535-8577,JP,Japan,JAPAN,Japanese,Education,None,2019-09-06,2019,RETURNING,True,MDM,2019-09-06,2026-04-17 15:58:34.139031
d040ebfc-8534-4cef-9225-4130fc3ed0e7,CUST-2019-JP-000214,太一,池田,太一 池田,Male,1993-06-26,user252.apple@protonmail.com,14-2169-4301,157 岡本 Street,南房総市,足立区,220-0486,JP,Japan,JAPAN,Japanese,Consumer,Platinum,2019-05-15,2019,RETURNING,True,MDM,2019-05-15,2026-04-17 15:58:34.139033
a5f3effe-1ca9-40cb-a741-4a1eff1706f8,CUST-2019-JP-002414,直樹,遠藤,直樹 遠藤,Female,1998-05-16,user760.apple@outlook.com,090-5281-9487,397 伊藤 Street,鎌ケ谷市,大島町,812-8973,JP,Japan,JAPAN,Japanese,Consumer,None,2019-06-09,2019,RETURNING,True,MDM,2019-06-09,2026-04-17 15:58:34.139034
bbfc29e5-b6b4-4fe6-ba36-5a0bfcdc0749,CUST-2019-JP-002150,零,松本,零 松本,Male,1967-10-16,user102.apple@gmx.com,30-2440-2967,512 太田 Street,国分寺市,三鷹市,664-7100,JP,Japan,JAPAN,Japanese,Business,Platinum,2019-09-23,2019,RETURNING,True,MDM,2019-09-23,2026-04-17 15:58:34.139036
3406b846-9a54-4ce2-a7aa-637441d32350,CUST-2019-JP-000967,和也,山崎,和也 山崎,Female,1974-08-23,user366.apple@zoho.com,080-0773-0721,607 伊藤 Street,三鷹市,日野市,766-6689,JP,Japan,JAPAN,Japanese,Consumer,Silver,2019-10-22,2019,RETURNING,False,MDM,2019-10-22,2026-04-17 15:58:34.139037
1ea95d3f-15b7-445a-9b2d-83c3b93f089e,CUST-2019-JP-000040,裕樹,佐藤,裕樹 佐藤,Male,1987-05-13,user867.apple@aol.com,080-9899-5284,502 鈴木 Street,鎌ケ谷市,利島村,818-1420,JP,Japan,JAPAN,Japanese,Consumer,Platinum,2019-06-19,2019,RETURNING,True,MDM,2019-06-19,2026-04-17 15:58:34.139039
3cfe6d3e-3dde-4581-b77d-7fd2a9c4f073,CUST-2019-JP-000270,七夏,田中,七夏 田中,Female,1969-03-04,user978.apple@hotmail.com,87-4602-6791,261 佐藤 Street,中野区,神津島村,720-3203,JP,Japan,JAPAN,Japanese,Consumer,None,2019-05-22,2019,RETURNING,True,MDM,2019-05-22,2026-04-17 15:58:34.139040
d12d96d5-b771-46c3-8863-fd5741854c91,CUST-2019-JP-002187,美加子,斉藤,美加子 斉藤,Female,1959-07-10,user722.apple330@protonmail.com,090-6454-0040,174 高橋 Street,品川区,鎌ケ谷市,442-6227,JP,Japan,JAPAN,Japanese,Business,Silver,2019-08-06,2019,RETURNING,True,MDM,2019-08-06,2026-04-17 15:58:34.139042
78050919-fb44-48fa-961c-7183807be050,CUST-2019-JP-000162,さゆり,伊藤,さゆり 伊藤,Male,1965-05-13,user493.apple@icloud.com,080-2279-8919,954 佐藤 Street,中央区,横浜市南区,627-6601,JP,Japan,JAPAN,Japanese,Consumer,None,2019-05-06,2019,RETURNING,True,MDM,2019-05-06,2026-04-17 15:58:34.139044
15ee295b-e9c3-485e-8b79-a36d979eedb3,CUST-2019-JP-001959,洋介,山崎,洋介 山崎,Female,2006-02-01,user914.apple@gmx.com,090-2751-2832,551 中村 Street,多摩市,荒川区,889-4791,JP,Japan,JAPAN,Japanese,Consumer,None,2019-05-15,2019,RETURNING,True,MDM,2019-05-15,2026-04-17 15:58:34.139046
d3d6174d-496d-4add-8fce-945fba4d2976,CUST-2019-JP-002582,涼平,小林,涼平 小林,Female,2001-11-17,user704.apple854@gmail.com,090-2326-2846,529 藤井 Street,板橋区,安房郡鋸南町,707-6507,JP,Japan,JAPAN,Japanese,Consumer,Gold,2019-10-24,2019,RETURNING,True,MDM,2019-10-24,2026-04-17 15:58:34.139048
b5c7bbb6-5dea-4524-956d-257a4e901596,CUST-2019-JP-001951,聡太郎,長谷川,聡太郎 長谷川,Female,1966-01-18,user514.apple@protonmail.com,080-8718-3198,861 鈴木 Street,羽村市,千代田区,145-8492,JP,Japan,JAPAN,Japanese,Consumer,Silver,2019-11-22,2019,RETURNING,True,MDM,2019-11-22,2026-04-17 15:58:34.139049
b57d9455-6016-4898-91f8-f95b59f12082,CUST-2019-JP-000453,裕太,山田,裕太 山田,Female,1970-10-31,user970.apple@outlook.com,080-8187-9286,064 石川 Street,中央区,横浜市瀬谷区,176-6256,JP,Japan,JAPAN,Japanese,Consumer,None,2019-03-04,2019,RETURNING,True,MDM,2019-03-04,2026-04-17 15:58:34.139051
2d7ca258-328b-4ee0-8dde-c41894a29d39,CUST-2019-JP-002216,英樹,藤井,英樹 藤井,Male,1996-06-23,user796.apple@gmx.com,080-1366-2610,961 藤田 Street,横浜市磯子区,北区,473-9523,JP,Japan,JAPAN,Japanese,Consumer,Silver,2019-07-02,2019,RETURNING,True,MDM,2019-07-02,2026-04-17 15:58:34.139052
888c093c-a6d5-43d2-8fea-6a6cdca94b7a,CUST-2019-JP-000789,くみ子,伊藤,くみ子 伊藤,Male,1951-11-14,user854.apple@gmx.com,080-8004-4068,376 井上 Street,練馬区,文京区,321-9079,JP,Japan,JAPAN,Japanese,Consumer,Platinum,2019-06-19,2019,RETURNING,True,MDM,2019-06-19,2026-04-17 15:58:34.139054
a9040da1-55a8-451f-9b03-727c3e3cea49,CUST-2019-JP-001894,幹,伊藤,幹 伊藤,Female,1998-12-12,user190.apple@gmail.com,070-8042-0637,682 山本 Street,東村山市,西多摩郡奥多摩町,307-3634,JP,Japan,JAPAN,Japanese,Consumer,Platinum,2019-07-06,2019,RETURNING,True,MDM,2019-07-06,2026-04-17 15:58:34.139055
d0decf7a-ad50-4dba-976a-826f3b0cb059,CUST-2019-JP-001440,裕太,村上,裕太 村上,Male,1963-11-20,user246.apple@msn.com,090-3861-8392,585 近藤 Street,印旛郡印旛村,山武市,390-4727,JP,Japan,JAPAN,Japanese,Consumer,Platinum,2019-08-17,2019,RETURNING,True,MDM,2019-08-17,2026-04-17 15:58:34.139056
85c08dec-531e-4d28-b8c7-502882567979,CUST-2019-JP-002162,康弘,岡本,康弘 岡本,Male,1951-05-17,user467.apple@mail.com,070-8792-0941,538 加藤 Street,国分寺市,東久留米市,720-9046,JP,Japan,JAPAN,Japanese,Consumer,Gold,2019-01-24,2019,RETURNING,True,MDM,2019-01-24,2026-04-17 15:58:34.139058
3d3e0b89-5afa-4a9f-b84c-4bff1c059af5,CUST-2019-JP-001467,晃,高橋,晃 高橋,Female,1956-02-22,user485.apple888@gmail.com,080-5567-2696,052 石川 Street,浦安市,西多摩郡檜原村,090-9801,JP,Japan,JAPAN,Japanese,Consumer,None,2019-04-11,2019,RETURNING,True,MDM,2019-04-11,2026-04-17 15:58:34.139060
dbe3dbab-7080-42df-aa86-314b644ffdef,CUST-2019-JP-001051,直子,佐藤,直子 佐藤,Female,1973-08-18,user316.apple@zoho.com,080-4470-9666,977 藤井 Street,東久留米市,あきる野市,205-2306,JP,Japan,JAPAN,Japanese,Consumer,None,2019-07-14,2019,RETURNING,True,MDM,2019-07-14,2026-04-17 15:58:34.139061
075caf1d-9526-42ab-8040-fc4627e2174e,CUST-2019-JP-000964,涼平,伊藤,涼平 伊藤,Female,1970-01-22,user618.apple@msn.com,090-8601-4455,488 伊藤 Street,国分寺市,横浜市緑区,989-4586,JP,Japan,JAPAN,Japanese,Consumer,Silver,2019-06-30,2019,RETURNING,True,MDM,2019-06-30,2026-04-17 15:58:34.139063
e37a6284-2dbf-496b-a9e5-ceb3558386a0,CUST-2019-JP-001335,くみ子,伊藤,くみ子 伊藤,Female,1966-03-12,user637.apple706@gmx.com,080-7399-4543,935 伊藤 Street,安房郡鋸南町,世田谷区,958-5821,JP,Japan,JAPAN,Japanese,Consumer,Gold,2019-08-13,2019,RETURNING,True,MDM,2019-08-13,2026-04-17 15:58:34.139064
2dd7ecf4-490c-4b58-8123-7577db0c7df4,CUST-2019-JP-001854,翼,佐々木,翼 佐々木,Female,1971-08-25,user266.apple413@hotmail.com,070-3471-8717,467 小林 Street,新宿区,北区,672-7961,JP,Japan,JAPAN,Japanese,Consumer,Platinum,2019-04-30,2019,RETURNING,True,MDM,2019-04-30,2026-04-17 15:58:34.139066
a2bafda7-803f-4ed3-aaf6-817f5ca53406,CUST-2019-JP-001413,洋介,山本,洋介 山本,Female,1984-07-19,user783.apple306@yahoo.com,080-9430-6362,049 三浦 Street,鎌ケ谷市,西多摩郡瑞穂町,648-7652,JP,Japan,JAPAN,Japanese,Consumer,None,2019-01-22,2019,RETURNING,True,MDM,2019-01-22,2026-04-17 15:58:34.139067
96e3e772-7430-4b2d-8870-161c4fdb2c19,CUST-2019-JP-001832,太郎,田中,太郎 田中,Male,1981-06-08,user984.apple@yahoo.com,080-2820-4046,667 藤田 Street,横浜市戸塚区,川崎市中原区,019-6145,JP,Japan,JAPAN,Japanese,Consumer,Platinum,2019-06-02,2019,RETURNING,True,MDM,2019-06-02,2026-04-17 15:58:34.139069
4f09939f-7923-40d7-81c3-a5eb9bff5261,CUST-2019-JP-002355,亮介,吉田,亮介 吉田,Male,1989-03-20,user804.apple@mail.com,89-0273-5746,445 藤田 Street,北区,町田市,561-7763,JP,Japan,JAPAN,Japanese,Consumer,None,2019-10-13,2019,RETURNING,False,MDM,2019-10-13,2026-04-17 15:58:34.139071
7a5c53e7-ccf9-4229-851a-906919b0a336,CUST-2019-JP-002799,涼平,佐藤,涼平 佐藤,Male,1970-11-20,user654.apple@aol.com,070-4782-6038,894 後藤 Street,八街市,大網白里市,369-7555,JP,Japan,JAPAN,Japanese,Business,None,2019-06-17,2019,RETURNING,True,MDM,2019-06-17,2026-04-17 15:58:34.139072
eab4c750-6b84-4663-ad6a-5ad02c1b48bf,CUST-2019-JP-001549,修平,佐藤,修平 佐藤,Female,1989-06-03,user518.apple@yahoo.com,070-0855-8226,364 佐藤 Street,匝瑳市,東大和市,920-3386,JP,Japan,JAPAN,Japanese,Consumer,Silver,2019-10-31,2019,RETURNING,True,MDM,2019-10-31,2026-04-17 15:58:34.139074
08ac508c-a749-4eb7-96f1-bc26eb3744dc,CUST-2019-JP-002402,翔太,木村,翔太 木村,Female,1979-07-06,user144.apple@live.com,090-1664-5238,555 藤原 Street,港区,白井市,053-6636,JP,Japan,JAPAN,Japanese,Consumer,None,2019-06-23,2019,RETURNING,True,MDM,2019-06-23,2026-04-17 15:58:34.139076
81bd6210-81b9-4ad9-a401-3871a037bd7f,CUST-2019-JP-000246,七夏,中川,七夏 中川,Female,1985-09-26,user459.apple@aol.com,56-8028-7919,724 林 Street,豊島区,東村山市,050-7096,JP,Japan,JAPAN,Japanese,Consumer,None,2019-01-28,2019,RETURNING,True,MDM,2019-01-28,2026-04-17 15:58:34.139077
2854538e-bab1-48eb-a32c-9979cae67a33,CUST-2019-JP-000985,七夏,西村,七夏 西村,Male,1994-02-13,user842.apple@zoho.com,090-3285-6969,181 伊藤 Street,香取市,府中市,820-0940,JP,Japan,JAPAN,Japanese,Business,None,2019-01-20,2019,RETURNING,True,MDM,2019-01-20,2026-04-17 15:58:34.139079
adc33f4d-94a0-4481-ae26-ebc743e32693,CUST-2019-JP-000257,知実,坂本,知実 坂本,Female,1997-12-28,user859.apple@outlook.com,070-6360-5378,274 鈴木 Street,清瀬市,利島村,133-6391,JP,Japan,JAPAN,Japanese,Education,None,2019-09-08,2019,RETURNING,True,MDM,2019-09-08,2026-04-17 15:58:34.139081
4b2a9d12-ccdb-47e8-b588-1ebfaefa5f3a,CUST-2019-JP-000650,淳,山下,淳 山下,Female,1979-01-21,user557.apple@gmail.com,080-1462-2986,305 藤田 Street,府中市,長生郡睦沢町,681-0362,JP,Japan,JAPAN,Japanese,Consumer,Silver,2019-08-14,2019,RETURNING,True,MDM,2019-08-14,2026-04-17 15:58:34.139083
f7882e19-a5eb-4514-bc67-d873c860ce50,CUST-2019-JP-002109,翼,佐藤,翼 佐藤,Male,1989-08-18,user781.apple@hotmail.com,40-5858-0254,933 前田 Street,長生郡白子町,長生郡睦沢町,638-7247,JP,Japan,JAPAN,Japanese,Consumer,None,2019-06-21,2019,RETURNING,True,MDM,2019-06-21,2026-04-17 15:58:34.139085
c740dabf-8e87-45e6-b7ea-cbb4ad194e3c,CUST-2019-JP-002766,充,橋本,充 橋本,Female,1994-08-16,user719.apple@msn.com,080-0936-8538,779 橋本 Street,板橋区,神津島村,937-4554,JP,Japan,JAPAN,Japanese,Consumer,None,2019-03-11,2019,RETURNING,True,MDM,2019-03-11,2026-04-17 15:58:34.139086
7e7b3976-a7c9-4f4a-85c4-d3ab2368c546,CUST-2019-JP-001532,修平,伊藤,修平 伊藤,Male,1983-01-04,user877.apple@protonmail.com,070-2691-0505,307 太田 Street,府中市,川崎市多摩区,886-5211,JP,Japan,JAPAN,Japanese,Consumer,None,2019-04-20,2019,RETURNING,True,MDM,2019-04-20,2026-04-17 15:58:34.139088
d2ca71dc-6c9f-4d16-ae83-cac4e2c6f90b,CUST-2019-JP-002381,健一,渡辺,健一 渡辺,Female,1979-02-28,user898.apple@live.com,01-3117-4435,924 加藤 Street,横浜市磯子区,横浜市保土ケ谷区,009-5179,JP,Japan,JAPAN,Japanese,Consumer,None,2019-10-15,2019,RETURNING,False,MDM,2019-10-15,2026-04-17 15:58:34.139090
47c8773d-155c-48ff-9d6f-eff8a706af83,CUST-2019-JP-001418,七夏,木村,七夏 木村,Female,1992-10-09,user759.apple238@aol.com,99-6732-9016,554 高橋 Street,香取市,いすみ市,310-0801,JP,Japan,JAPAN,Japanese,Consumer,Platinum,2019-06-01,2019,RETURNING,True,MDM,2019-06-01,2026-04-17 15:58:34.139091
e64d19db-b185-46c5-a95f-1f4ebf1ec2d8,CUST-2019-JP-001611,康弘,木村,康弘 木村,Female,1951-03-22,user162.apple593@protonmail.com,080-2748-0397,623 佐々木 Street,練馬区,杉並区,311-7295,JP,Japan,JAPAN,Japanese,Consumer,None,2019-11-06,2019,RETURNING,True,MDM,2019-11-06,2026-04-17 15:58:34.139093
60f2e9bf-f19c-40cb-a0f6-7a6964cc77a9,CUST-2019-JP-002643,太一,田中,太一 田中,Female,1963-09-25,user659.apple94@aol.com,090-0841-0867,594 福田 Street,横浜市中区,荒川区,521-6948,JP,Japan,JAPAN,Japanese,Consumer,Gold,2019-02-03,2019,RETURNING,True,MDM,2019-02-03,2026-04-17 15:58:34.139095
47fb2528-e001-4ae8-bfba-9a0ca9828fbf,CUST-2019-JP-000027,拓真,加藤,拓真 加藤,Male,1990-08-23,user913.apple@live.com,95-2475-8813,215 加藤 Street,武蔵村山市,横浜市磯子区,327-0551,JP,Japan,JAPAN,Japanese,Consumer,None,2019-12-16,2019,RETURNING,True,MDM,2019-12-16,2026-04-17 15:58:34.139097
1f2deb62-9723-4052-b846-c9356ff027e9,CUST-2019-JP-001256,和也,西村,和也 西村,Male,1979-04-27,user847.apple@gmail.com,070-4662-0803,232 木村 Street,鴨川市,長生郡長南町,317-1407,JP,Japan,JAPAN,Japanese,Consumer,None,2019-07-02,2019,RETURNING,True,MDM,2019-07-02,2026-04-17 15:58:34.139098
7273efdd-c9cc-4b90-96a3-54fcd3a52f61,CUST-2019-JP-000749,結衣,山本,結衣 山本,Female,1977-07-28,user347.apple@gmail.com,39-3024-2033,010 吉田 Street,杉並区,小金井市,489-9345,JP,Japan,JAPAN,Japanese,Consumer,None,2019-10-29,2019,RETURNING,True,MDM,2019-10-29,2026-04-17 15:58:34.139100
78640f77-4421-42d2-b97a-038eb626585f,CUST-2019-JP-000296,修平,伊藤,修平 伊藤,Female,1965-06-23,user368.apple566@icloud.com,070-9358-0945,831 近藤 Street,浦安市,文京区,276-3976,JP,Japan,JAPAN,Japanese,Education,None,2019-04-17,2019,RETURNING,True,MDM,2019-04-17,2026-04-17 15:58:34.139102
2840f0e8-3793-4910-a912-a173a50e1d96,CUST-2019-JP-000505,淳,石川,淳 石川,Female,2005-02-22,user550.apple@outlook.com,82-7876-3939,424 山崎 Street,利島村,山武郡横芝光町,222-4249,JP,Japan,JAPAN,Japanese,Consumer,Silver,2019-12-04,2019,RETURNING,True,MDM,2019-12-04,2026-04-17 15:58:34.139103
81e5f28b-f098-478b-bdf4-5598ee1ec1dd,CUST-2019-JP-000087,京助,小林,京助 小林,Female,1956-06-22,user367.apple497@gmx.com,090-3153-5530,128 鈴木 Street,文京区,横浜市港南区,322-4181,JP,Japan,JAPAN,Japanese,Consumer,None,2019-01-14,2019,RETURNING,True,MDM,2019-01-14,2026-04-17 15:58:34.139105
8b13f519-f446-46d6-b8c0-3632b132ed6f,CUST-2019-JP-000585,太一,遠藤,太一 遠藤,Female,1989-02-18,user875.apple744@yahoo.com,090-6524-9381,786 長谷川 Street,国分寺市,山武郡芝山町,193-0220,JP,Japan,JAPAN,Japanese,Consumer,None,2019-11-28,2019,RETURNING,True,MDM,2019-11-28,2026-04-17 15:58:34.139107
5c4a0068-23b1-40b6-963b-db34d6b6aa40,CUST-2019-JP-000228,さゆり,佐々木,さゆり 佐々木,Male,1961-08-13,user927.apple84@gmx.com,080-4408-5620,628 田中 Street,中野区,狛江市,835-0694,JP,Japan,JAPAN,Japanese,Consumer,Silver,2019-12-02,2019,RETURNING,True,MDM,2019-12-02,2026-04-17 15:58:34.139108
196a4b35-7a9c-4d60-a175-55e2eaaac89a,CUST-2019-JP-000234,修平,林,修平 林,Female,1972-09-04,user362.apple@mail.com,090-8568-2809,766 中村 Street,横浜市都筑区,港区,687-1992,JP,Japan,JAPAN,Japanese,Consumer,None,2019-05-09,2019,RETURNING,True,MDM,2019-05-09,2026-04-17 15:58:34.139110
e4286eb7-3d82-4d75-8f69-9d74e65ad92e,CUST-2019-JP-000035,学,山本,学 山本,Male,1992-08-13,user185.apple@protonmail.com,090-7586-0726,611 森 Street,八王子市,西東京市,219-1307,JP,Japan,JAPAN,Japanese,Consumer,None,2019-07-05,2019,RETURNING,False,MDM,2019-07-05,2026-04-17 15:58:34.139112
e591d292-83e7-47a3-a365-4e2e44327f5e,CUST-2019-JP-001947,智也,高橋,智也 高橋,Female,1970-04-23,user118.apple669@mail.com,090-5533-0619,528 中村 Street,小金井市,葛飾区,194-3192,JP,Japan,JAPAN,Japanese,Consumer,Platinum,2019-06-24,2019,RETURNING,True,MDM,2019-06-24,2026-04-17 15:58:34.139113
7ecdbf26-1d1d-48e2-b08c-659267999b43,CUST-2019-JP-000688,篤司,近藤,篤司 近藤,Male,1999-01-16,user579.apple@aol.com,080-2088-4666,623 鈴木 Street,西多摩郡日の出町,横浜市青葉区,413-7324,JP,Japan,JAPAN,Japanese,Education,None,2019-06-19,2019,RETURNING,True,MDM,2019-06-19,2026-04-17 15:58:34.139115
2abff41e-854d-4138-9549-9b77a3d39399,CUST-2019-JP-001736,浩,佐藤,浩 佐藤,Male,1957-06-27,user615.apple155@gmail.com,070-1708-3887,362 鈴木 Street,川崎市多摩区,富津市,288-1175,JP,Japan,JAPAN,Japanese,Consumer,Platinum,2019-02-10,2019,RETURNING,True,MDM,2019-02-10,2026-04-17 15:58:34.139117
dcec5419-5e53-4aaf-9b93-17874a79eaf3,CUST-2019-JP-000691,直樹,小川,直樹 小川,Female,1968-07-28,user143.apple193@yahoo.com,070-4687-7958,157 清水 Street,神津島村,鎌ケ谷市,824-8972,JP,Japan,JAPAN,Japanese,Consumer,None,2019-01-06,2019,RETURNING,True,MDM,2019-01-06,2026-04-17 15:58:34.139119
d7437b36-efc5-47e0-a6df-99de9f9be4bb,CUST-2019-JP-001879,学,佐藤,学 佐藤,Male,1993-03-23,user545.apple780@aol.com,070-1834-4291,643 渡辺 Street,印旛郡本埜村,川崎市宮前区,098-0610,JP,Japan,JAPAN,Japanese,Business,None,2019-01-03,2019,RETURNING,True,MDM,2019-01-03,2026-04-17 15:58:34.139121
c04bce8d-ef1d-431f-9da8-2560c51d13ed,CUST-2019-JP-001297,加奈,村上,加奈 村上,Female,1998-11-12,user699.apple@mail.com,070-7481-3612,897 中島 Street,印旛郡印旛村,中央区,316-9660,JP,Japan,JAPAN,Japanese,Consumer,Gold,2019-05-27,2019,RETURNING,True,MDM,2019-05-27,2026-04-17 15:58:34.139122
5a05ca71-e31f-42a6-b243-17588caada9b,CUST-2019-JP-002715,充,藤田,充 藤田,Female,2003-05-17,user171.apple@yahoo.com,080-4911-9920,355 佐藤 Street,西多摩郡瑞穂町,立川市,230-0140,JP,Japan,JAPAN,Japanese,Consumer,Silver,2019-12-26,2019,RETURNING,True,MDM,2019-12-26,2026-04-17 15:58:34.139124
a4cee112-0dc3-40e1-83f8-bfaffcbd3363,CUST-2019-JP-001743,健一,小林,健一 小林,Male,1974-07-09,user607.apple@live.com,070-4263-3268,368 清水 Street,川崎市多摩区,南房総市,979-3951,JP,Japan,JAPAN,Japanese,Consumer,None,2019-04-17,2019,RETURNING,True,MDM,2019-04-17,2026-04-17 15:58:34.139125
d9ce61e5-0214-47c8-b354-81e9e7314678,CUST-2019-JP-001502,学,田中,学 田中,Female,1966-10-06,user237.apple@zoho.com,00-0629-1630,524 斎藤 Street,横浜市神奈川区,文京区,249-5717,JP,Japan,JAPAN,Japanese,Consumer,None,2019-08-04,2019,RETURNING,True,MDM,2019-08-04,2026-04-17 15:58:34.139127
43821ee7-b8c2-4e22-815a-156955e43af9,CUST-2019-JP-000705,篤司,中村,篤司 中村,Female,1972-04-06,user313.apple@outlook.com,070-7182-2870,743 鈴木 Street,横浜市青葉区,長生郡一宮町,745-0883,JP,Japan,JAPAN,Japanese,Business,Silver,2019-10-04,2019,RETURNING,True,MDM,2019-10-04,2026-04-17 15:58:34.139129
577505b1-a320-4858-b0ac-c70369462bb6,CUST-2019-JP-002169,里佳,加藤,里佳 加藤,Female,1980-05-27,user478.apple934@yahoo.com,080-0184-0814,096 井上 Street,長生郡長南町,清瀬市,918-8023,JP,Japan,JAPAN,Japanese,Consumer,Silver,2019-04-03,2019,RETURNING,True,MDM,2019-04-03,2026-04-17 15:58:34.139130
8a4ad042-2ce2-4100-bcc1-6dff670d12f3,CUST-2019-JP-002145,英樹,橋本,英樹 橋本,Female,2002-04-11,user552.apple813@outlook.com,75-5861-4184,689 鈴木 Street,長生郡長生村,三鷹市,688-2302,JP,Japan,JAPAN,Japanese,Business,None,2019-02-14,2019,RETURNING,True,MDM,2019-02-14,2026-04-17 15:58:34.139132
f712c84d-ef15-463d-91d7-42397a7ae398,CUST-2019-JP-002604,充,阿部,充 阿部,Female,1989-07-30,user234.apple922@zoho.com,080-0737-9379,483 山本 Street,練馬区,新宿区,999-1472,JP,Japan,JAPAN,Japanese,Consumer,None,2019-02-11,2019,RETURNING,True,MDM,2019-02-11,2026-04-17 15:58:34.139134
cfed3803-c656-4a03-b4ed-3cf24ecee846,CUST-2019-JP-002542,陽子,井上,陽子 井上,Female,1993-11-30,user505.apple@outlook.com,080-5293-1246,014 坂本 Street,川崎市中原区,川崎市中原区,992-0719,JP,Japan,JAPAN,Japanese,Consumer,Silver,2019-05-30,2019,RETURNING,True,MDM,2019-05-30,2026-04-17 15:58:34.139135
893d1157-f9ef-4e72-949b-b00daf4a42ba,CUST-2019-JP-000570,直子,池田,直子 池田,Male,1998-03-12,user856.apple@live.com,080-5392-4390,777 福田 Street,清瀬市,川崎市川崎区,899-2001,JP,Japan,JAPAN,Japanese,Consumer,None,2019-10-01,2019,RETURNING,True,MDM,2019-10-01,2026-04-17 15:58:34.139137
7b8c3804-1722-44f5-82b9-39bddb72797e,CUST-2019-JP-001312,千代,佐藤,千代 佐藤,Male,2002-10-09,user697.apple@aol.com,080-6316-3039,250 村上 Street,稲城市,中野区,696-1243,JP,Japan,JAPAN,Japanese,Business,Silver,2019-07-03,2019,RETURNING,True,MDM,2019-07-03,2026-04-17 15:58:34.139138
59c3098b-7e4d-4f5f-b0c2-183377d32ed3,CUST-2019-JP-001684,和也,福田,和也 福田,Male,2002-12-24,user772.apple@zoho.com,080-7643-7739,319 松本 Street,足立区,横浜市金沢区,867-5080,JP,Japan,JAPAN,Japanese,Consumer,Gold,2019-01-18,2019,RETURNING,True,MDM,2019-01-18,2026-04-17 15:58:34.139140
e66efef6-fdb7-480f-b696-aa09fa33537e,CUST-2019-JP-001792,太一,中村,太一 中村,Female,1975-02-09,user494.apple999@msn.com,070-4066-9414,987 小林 Street,御蔵島村,大田区,192-1793,JP,Japan,JAPAN,Japanese,Consumer,Gold,2019-03-20,2019,RETURNING,True,MDM,2019-03-20,2026-04-17 15:58:34.139141
0492968b-41c1-41a3-b5fb-c35cd2342753,CUST-2019-JP-000827,聡太郎,西村,聡太郎 西村,Female,1989-01-08,user516.apple@yahoo.com,070-6068-7056,021 石井 Street,安房郡鋸南町,東村山市,469-1923,JP,Japan,JAPAN,Japanese,Consumer,Silver,2019-04-11,2019,RETURNING,True,MDM,2019-04-11,2026-04-17 15:58:34.139143
5dcd519b-eabd-4b4d-aef5-776a1b5155c4,CUST-2019-JP-000823,英樹,阿部,英樹 阿部,Male,1965-11-04,user831.apple229@live.com,27-3788-5741,557 清水 Street,足立区,横浜市緑区,296-9427,JP,Japan,JAPAN,Japanese,Consumer,Silver,2019-05-10,2019,RETURNING,True,MDM,2019-05-10,2026-04-17 15:58:34.139144
c5d0bd84-a2a3-4a79-bd6a-e69cbdc65725,CUST-2019-JP-000024,稔,伊藤,稔 伊藤,Male,1961-05-01,user872.apple@gmx.com,090-2383-4246,809 小林 Street,匝瑳市,横浜市青葉区,192-6128,JP,Japan,JAPAN,Japanese,Consumer,None,2019-07-15,2019,RETURNING,True,MDM,2019-07-15,2026-04-17 15:58:34.139146
dbba223c-3a7e-4e6a-a8b1-ab7dd0a9f5c6,CUST-2019-JP-001050,明美,佐藤,明美 佐藤,Male,1978-07-09,user570.apple@yahoo.com,090-6549-1706,268 橋本 Street,杉並区,狛江市,838-1006,JP,Japan,JAPAN,Japanese,Business,None,2019-01-07,2019,RETURNING,True,MDM,2019-01-07,2026-04-17 15:58:34.139148
bed724df-dc8d-4224-a09a-48f40c61611a,CUST-2019-JP-002019,亮介,橋本,亮介 橋本,Male,2001-07-23,user833.apple@gmail.com,090-5055-2988,818 中村 Street,大島町,我孫子市,279-6810,JP,Japan,JAPAN,Japanese,Consumer,None,2019-11-05,2019,RETURNING,False,MDM,2019-11-05,2026-04-17 15:58:34.139149
c32fb547-682f-4ecb-9856-042431e28c21,CUST-2019-JP-001849,拓真,遠藤,拓真 遠藤,Male,2004-05-14,user562.apple@gmail.com,070-0034-6986,895 伊藤 Street,川崎市宮前区,印旛郡本埜村,510-6999,JP,Japan,JAPAN,Japanese,Consumer,Silver,2019-02-14,2019,RETURNING,True,MDM,2019-02-14,2026-04-17 15:58:34.139151
9c5ec9ed-0f10-4148-87b1-6df65db374ba,CUST-2019-JP-000247,晃,小林,晃 小林,Female,1995-02-14,user257.apple257@outlook.com,090-6058-6694,351 村上 Street,国分寺市,川崎市中原区,719-5603,JP,Japan,JAPAN,Japanese,Consumer,None,2019-06-24,2019,RETURNING,True,MDM,2019-06-24,2026-04-17 15:58:34.139153
741e58b7-2942-4ac6-ab5d-437498d2995b,CUST-2019-JP-001474,春香,山崎,春香 山崎,Male,1989-03-02,user833.apple@protonmail.com,15-2176-1320,188 林 Street,印旛郡印旛村,浦安市,245-8455,JP,Japan,JAPAN,Japanese,Business,Platinum,2019-05-03,2019,RETURNING,True,MDM,2019-05-03,2026-04-17 15:58:34.139155
62f615b9-d770-4612-a9d7-63e9711139b7,CUST-2019-JP-002105,太郎,佐藤,太郎 佐藤,Male,2001-02-19,user558.apple145@protonmail.com,090-7813-8639,945 清水 Street,あきる野市,香取市,237-2274,JP,Japan,JAPAN,Japanese,Consumer,Gold,2019-04-19,2019,RETURNING,True,MDM,2019-04-19,2026-04-17 15:58:34.139156
ca4690af-bdc5-4844-a442-39bc12ad8034,CUST-2019-JP-001255,直樹,清水,直樹 清水,Male,1977-02-23,user184.apple@gmx.com,03-6393-2022,751 中島 Street,香取郡東庄町,鴨川市,175-6210,JP,Japan,JAPAN,Japanese,Consumer,Gold,2019-03-16,2019,RETURNING,True,MDM,2019-03-16,2026-04-17 15:58:34.139158
72e93bc3-0492-4486-9bf5-c45766c37c5f,CUST-2019-JP-001542,陽一,小林,陽一 小林,Male,1975-05-15,user418.apple@yahoo.com,42-5774-2762,915 高橋 Street,香取郡神崎町,横浜市南区,965-1509,JP,Japan,JAPAN,Japanese,Consumer,Gold,2019-08-18,2019,RETURNING,True,MDM,2019-08-18,2026-04-17 15:58:34.139159
bc39bc60-0c7f-4a9d-a1ad-ba5574419b8f,CUST-2019-JP-000699,裕太,近藤,裕太 近藤,Female,1950-05-04,user889.apple@yahoo.com,080-0937-2043,905 松本 Street,印旛郡本埜村,三宅島三宅村,575-9514,JP,Japan,JAPAN,Japanese,Consumer,None,2019-04-24,2019,RETURNING,True,MDM,2019-04-24,2026-04-17 15:58:34.139161
f52ef018-bf4f-44a2-bafd-5cb655bdc9f7,CUST-2019-JP-000929,修平,田中,修平 田中,Female,2005-06-29,user354.apple@live.com,070-1944-2283,525 山下 Street,夷隅郡御宿町,印旛郡栄町,834-9311,JP,Japan,JAPAN,Japanese,Consumer,Gold,2019-02-09,2019,RETURNING,True,MDM,2019-02-09,2026-04-17 15:58:34.139162
14d0c205-9f11-4c63-8833-c942fc63f317,CUST-2019-JP-000081,裕太,小林,裕太 小林,Male,1995-10-06,user266.apple@aol.com,070-0534-2985,441 佐藤 Street,立川市,青ヶ島村,574-8808,JP,Japan,JAPAN,Japanese,Business,None,2019-02-18,2019,RETURNING,True,MDM,2019-02-18,2026-04-17 15:58:34.139164
525e1944-e294-4153-9bd6-e450e5cfc22e,CUST-2019-JP-000721,健一,高橋,健一 高橋,Female,1992-11-22,user745.apple@live.com,10-8774-4345,640 池田 Street,君津市,墨田区,960-8039,JP,Japan,JAPAN,Japanese,Consumer,Gold,2019-07-25,2019,RETURNING,True,MDM,2019-07-25,2026-04-17 15:58:34.139166
521a7367-2d48-4839-8e6c-ef47c3ed039e,CUST-2019-JP-000573,直人,後藤,直人 後藤,Female,1965-02-04,user487.apple@msn.com,080-3235-6047,730 坂本 Street,横浜市泉区,安房郡鋸南町,703-6228,JP,Japan,JAPAN,Japanese,Consumer,None,2019-06-23,2019,RETURNING,True,MDM,2019-06-23,2026-04-17 15:58:34.139167
fcc3c310-0f87-4fcd-93c9-6c2cf5b79433,CUST-2019-JP-000235,真綾,山本,真綾 山本,Female,1974-12-07,user814.apple@zoho.com,31-0699-8591,415 井上 Street,横浜市鶴見区,長生郡睦沢町,176-5056,JP,Japan,JAPAN,Japanese,Consumer,None,2019-02-08,2019,RETURNING,True,MDM,2019-02-08,2026-04-17 15:58:34.139169
de7d28ad-707d-4545-9fe0-4f1505cbae39,CUST-2019-JP-000642,さゆり,渡辺,さゆり 渡辺,Female,2001-04-04,user831.apple@live.com,090-1521-0679,964 松本 Street,八王子市,袖ケ浦市,171-3558,JP,Japan,JAPAN,Japanese,Consumer,Silver,2019-01-18,2019,RETURNING,True,MDM,2019-01-18,2026-04-17 15:58:34.139171
662d5c52-1457-4081-9a5d-1c25f601c25b,CUST-2019-JP-000593,康弘,山崎,康弘 山崎,Male,1994-04-22,user466.apple@icloud.com,090-4101-6103,326 佐藤 Street,白井市,武蔵村山市,569-9240,JP,Japan,JAPAN,Japanese,Consumer,Silver,2019-05-03,2019,RETURNING,True,MDM,2019-05-03,2026-04-17 15:58:34.139172
f986ef75-3cbc-44e7-b4dc-8ed73842e466,CUST-2019-JP-000112,直子,伊藤,直子 伊藤,Female,1976-07-12,user954.apple@gmail.com,090-5387-8782,283 後藤 Street,香取市,横浜市磯子区,945-1459,JP,Japan,JAPAN,Japanese,Consumer,None,2019-08-03,2019,RETURNING,True,MDM,2019-08-03,2026-04-17 15:58:34.139174
6ad757b5-232b-4095-bc89-0a61040aee70,CUST-2019-JP-001008,稔,中川,稔 中川,Female,1996-04-15,user129.apple@zoho.com,080-8324-4447,723 西村 Street,横浜市旭区,葛飾区,452-9297,JP,Japan,JAPAN,Japanese,Consumer,Platinum,2019-02-17,2019,RETURNING,True,MDM,2019-02-17,2026-04-17 15:58:34.139175
4f9d89e3-7581-4faf-97ea-735fd70ce0b6,CUST-2019-JP-000999,淳,太田,淳 太田,Male,1990-06-16,user448.apple@aol.com,080-2015-9066,269 鈴木 Street,横浜市西区,町田市,860-3931,JP,Japan,JAPAN,Japanese,Consumer,Gold,2019-07-24,2019,RETURNING,True,MDM,2019-07-24,2026-04-17 15:58:34.139176
1c83335e-1563-4522-900c-776c47fab287,CUST-2019-JP-001852,幹,山下,幹 山下,Male,1977-11-08,user653.apple@live.com,070-3689-6069,909 松田 Street,新島村,横浜市中区,341-6093,JP,Japan,JAPAN,Japanese,Consumer,None,2019-12-14,2019,RETURNING,False,MDM,2019-12-14,2026-04-17 15:58:34.139178
a3dcfeeb-b3d0-4c04-b798-7898615d59f3,CUST-2019-JP-000063,陽一,山本,陽一 山本,Male,1991-03-22,user619.apple@hotmail.com,090-3506-2901,817 佐藤 Street,福生市,御蔵島村,990-2844,JP,Japan,JAPAN,Japanese,Consumer,Gold,2019-09-06,2019,RETURNING,True,MDM,2019-09-06,2026-04-17 15:58:34.139180
2a0cd6c3-abee-4653-8d72-b0bae4116cff,CUST-2019-JP-002769,智也,坂本,智也 坂本,Female,2001-01-02,user493.apple96@live.com,090-9184-9445,401 井上 Street,三鷹市,青梅市,030-8999,JP,Japan,JAPAN,Japanese,Consumer,None,2019-11-01,2019,RETURNING,True,MDM,2019-11-01,2026-04-17 15:58:34.139181
09750d49-6ae8-4843-8f51-b1e12b8ca9c1,CUST-2019-JP-000860,陽子,加藤,陽子 加藤,Male,2003-04-27,user223.apple@outlook.com,90-6881-7476,979 鈴木 Street,町田市,国分寺市,861-8718,JP,Japan,JAPAN,Japanese,Consumer,Gold,2019-11-10,2019,RETURNING,True,MDM,2019-11-10,2026-04-17 15:58:34.139183
24cf4128-58f8-4e7b-9398-25bad34c34e5,CUST-2019-JP-001147,太一,山本,太一 山本,Female,1957-01-02,user660.apple@gmx.com,080-3649-8566,092 西村 Street,三鷹市,いすみ市,595-2355,JP,Japan,JAPAN,Japanese,Business,Gold,2019-05-02,2019,RETURNING,True,MDM,2019-05-02,2026-04-17 15:58:34.139185
6d3fe128-3003-4461-bc26-213d3071ce0a,CUST-2019-JP-001290,充,渡辺,充 渡辺,Female,1981-03-01,user844.apple@protonmail.com,080-8607-0240,445 高橋 Street,鴨川市,夷隅郡御宿町,510-5708,JP,Japan,JAPAN,Japanese,Consumer,None,2019-01-25,2019,RETURNING,True,MDM,2019-01-25,2026-04-17 15:58:34.139186
45c2c8f6-ffd5-4b3f-90b2-226c4c667b27,CUST-2019-JP-001971,康弘,伊藤,康弘 伊藤,Male,1958-04-09,user793.apple@hotmail.com,30-2419-9682,562 小林 Street,狛江市,横浜市緑区,009-3806,JP,Japan,JAPAN,Japanese,Consumer,Silver,2019-05-11,2019,RETURNING,True,MDM,2019-05-11,2026-04-17 15:58:34.139188
f188a388-efa1-4af0-890d-b0f6554a5534,CUST-2019-JP-001061,学,佐藤,学 佐藤,Female,1973-12-22,user659.apple68@outlook.com,93-7938-3238,268 伊藤 Street,渋谷区,足立区,181-3330,JP,Japan,JAPAN,Japanese,Consumer,Silver,2019-06-05,2019,RETURNING,True,MDM,2019-06-05,2026-04-17 15:58:34.139189
ce0647ec-38a4-4c0e-a250-478cdab78782,CUST-2019-JP-001770,裕美子,伊藤,裕美子 伊藤,Male,1960-11-09,user793.apple536@zoho.com,080-4073-5169,988 加藤 Street,小笠原村,長生郡長南町,092-6857,JP,Japan,JAPAN,Japanese,Education,None,2019-04-02,2019,RETURNING,True,MDM,2019-04-02,2026-04-17 15:58:34.139191
e2b4eb61-bbd1-4fe0-8b18-5b56405987c9,CUST-2019-JP-000106,智也,吉田,智也 吉田,Male,1963-11-28,user736.apple@icloud.com,090-2705-6559,971 後藤 Street,横浜市神奈川区,江東区,217-8278,JP,Japan,JAPAN,Japanese,Consumer,Gold,2019-06-01,2019,RETURNING,True,MDM,2019-06-01,2026-04-17 15:58:34.139192
a61d75c6-dcae-4385-9da5-fcbe786e1e2c,CUST-2019-JP-001351,加奈,伊藤,加奈 伊藤,Male,1979-08-10,user615.apple351@live.com,070-2736-0555,654 山口 Street,長生郡長生村,武蔵野市,208-3338,JP,Japan,JAPAN,Japanese,Consumer,None,2019-05-21,2019,RETURNING,True,MDM,2019-05-21,2026-04-17 15:58:34.139194
9cd5358c-efc5-42ef-bd49-2db2b08a7610,CUST-2019-JP-002721,治,中村,治 中村,Male,1950-07-17,user145.apple262@zoho.com,080-1522-4963,156 佐々木 Street,横浜市南区,山武郡横芝光町,828-2495,JP,Japan,JAPAN,Japanese,Education,None,2019-07-25,2019,RETURNING,True,MDM,2019-07-25,2026-04-17 15:58:34.139196
a61bd04d-1e32-464a-90f1-9a0d75cdafc7,CUST-2019-JP-000129,結衣,佐藤,結衣 佐藤,Female,1978-05-31,user968.apple@hotmail.com,090-4655-9199,434 近藤 Street,御蔵島村,北区,478-0537,JP,Japan,JAPAN,Japanese,Education,None,2019-09-30,2019,RETURNING,False,MDM,2019-09-30,2026-04-17 15:58:34.139197
e7d4253a-8b06-47f6-8682-e3fd5e81f4b2,CUST-2019-JP-002307,桃子,高橋,桃子 高橋,Female,1996-05-25,user378.apple62@icloud.com,070-2722-2739,382 佐藤 Street,横浜市瀬谷区,山武郡横芝光町,408-9196,JP,Japan,JAPAN,Japanese,Education,Silver,2019-06-13,2019,RETURNING,True,MDM,2019-06-13,2026-04-17 15:58:34.139199
93812da1-df0a-47e2-b532-76ff49d57e74,CUST-2019-JP-001252,健一,青木,健一 青木,Male,1976-07-26,user613.apple608@outlook.com,080-2156-4348,824 中村 Street,安房郡鋸南町,袖ケ浦市,728-8427,JP,Japan,JAPAN,Japanese,Business,None,2019-05-03,2019,RETURNING,True,MDM,2019-05-03,2026-04-17 15:58:34.139200
946fd317-883c-4408-a1b7-9bd0d571cae6,CUST-2019-JP-001939,翼,石井,翼 石井,Female,1996-07-05,user127.apple@aol.com,070-9107-9147,706 佐々木 Street,横浜市鶴見区,荒川区,499-0791,JP,Japan,JAPAN,Japanese,Consumer,Silver,2019-09-14,2019,RETURNING,False,MDM,2019-09-14,2026-04-17 15:58:34.139202
d1076fa7-e080-4015-bd79-fd4626fc9154,CUST-2019-JP-000066,幹,清水,幹 清水,Male,2003-12-02,user984.apple272@gmail.com,090-6238-8953,821 岡田 Street,白井市,町田市,859-6217,JP,Japan,JAPAN,Japanese,Consumer,Platinum,2019-10-16,2019,RETURNING,True,MDM,2019-10-16,2026-04-17 15:58:34.139203
63e6cad2-6120-40e2-9875-8bdb9d80b733,CUST-2019-JP-000105,七夏,前田,七夏 前田,Male,2005-03-18,user943.apple895@mail.com,070-2564-4223,441 石井 Street,川崎市中原区,横浜市保土ケ谷区,707-6331,JP,Japan,JAPAN,Japanese,Consumer,None,2019-01-08,2019,RETURNING,True,MDM,2019-01-08,2026-04-17 15:58:34.139205
50c9107c-6bf2-4b4b-8fb8-4d25b22b1615,CUST-2019-JP-000287,智也,佐藤,智也 佐藤,Female,2002-09-27,user173.apple8@msn.com,080-4527-9389,472 木村 Street,羽村市,港区,760-5624,JP,Japan,JAPAN,Japanese,Consumer,None,2019-06-10,2019,RETURNING,True,MDM,2019-06-10,2026-04-17 15:58:34.139207
07c00d7d-1cbf-4f84-9bcd-1848a9421537,CUST-2019-JP-001735,直人,山口,直人 山口,Male,1967-02-17,user464.apple@protonmail.com,22-1611-9015,341 高橋 Street,長生郡長柄町,川崎市宮前区,410-1992,JP,Japan,JAPAN,Japanese,Education,None,2019-03-05,2019,RETURNING,True,MDM,2019-03-05,2026-04-17 15:58:34.139209
d1e4302b-31f2-415b-9822-740aadcff343,CUST-2019-JP-001446,修平,鈴木,修平 鈴木,Male,1954-11-05,user588.apple@protonmail.com,80-5739-9706,468 佐々木 Street,横浜市港南区,印旛郡酒々井町,098-7780,JP,Japan,JAPAN,Japanese,Consumer,None,2019-04-16,2019,RETURNING,True,MDM,2019-04-16,2026-04-17 15:58:34.139210
d5d2258a-a992-4c25-996f-efcbd539e22d,CUST-2019-JP-000409,陽子,佐藤,陽子 佐藤,Female,1989-11-06,user205.apple6@aol.com,98-0768-8008,765 加藤 Street,長生郡睦沢町,町田市,677-7899,JP,Japan,JAPAN,Japanese,Consumer,None,2019-04-28,2019,RETURNING,True,MDM,2019-04-28,2026-04-17 15:58:34.139212
42432a9a-5943-44df-a9c2-3dd83e4f265e,CUST-2019-JP-001644,香織,田中,香織 田中,Female,2002-04-02,user664.apple552@gmail.com,58-2029-6181,926 藤田 Street,川崎市宮前区,印旛郡酒々井町,167-8331,JP,Japan,JAPAN,Japanese,Consumer,None,2019-06-15,2019,RETURNING,True,MDM,2019-06-15,2026-04-17 15:58:34.139214
6d988880-b360-4ba4-9d12-74b58b7899cf,CUST-2019-JP-002133,真綾,佐々木,真綾 佐々木,Female,2003-05-07,user348.apple@yahoo.com,090-9864-3004,569 佐藤 Street,渋谷区,目黒区,116-1242,JP,Japan,JAPAN,Japanese,Consumer,None,2019-08-07,2019,RETURNING,True,MDM,2019-08-07,2026-04-17 15:58:34.139215
48f88293-6c33-4c14-a216-188e42b6c690,CUST-2019-JP-001056,和也,高橋,和也 高橋,Female,2001-02-06,user738.apple@gmail.com,90-3564-9784,592 阿部 Street,荒川区,山武市,207-0239,JP,Japan,JAPAN,Japanese,Consumer,None,2019-01-10,2019,RETURNING,True,MDM,2019-01-10,2026-04-17 15:58:34.139217
cb0bc27b-e889-489d-abdc-19db420b4f83,CUST-2019-JP-002014,真綾,三浦,真綾 三浦,Male,1959-01-12,user391.apple@msn.com,090-8168-2819,576 小川 Street,横浜市保土ケ谷区,安房郡鋸南町,613-7197,JP,Japan,JAPAN,Japanese,Consumer,None,2019-05-05,2019,RETURNING,True,MDM,2019-05-05,2026-04-17 15:58:34.139222
2e3e3286-619e-431e-bace-02ae0a841a73,CUST-2019-JP-001875,亮介,藤原,亮介 藤原,Male,1988-09-06,user378.apple@gmail.com,59-4053-0965,737 鈴木 Street,羽村市,大島町,834-6311,JP,Japan,JAPAN,Japanese,Consumer,None,2019-05-23,2019,RETURNING,True,MDM,2019-05-23,2026-04-17 15:58:34.139224
03145692-d595-4580-9100-aed3311542fe,CUST-2019-JP-001259,健一,中村,健一 中村,Male,2006-10-28,user983.apple@yahoo.com,090-9388-5268,646 青木 Street,武蔵野市,武蔵村山市,967-3808,JP,Japan,JAPAN,Japanese,Consumer,Silver,2019-03-31,2019,RETURNING,True,MDM,2019-03-31,2026-04-17 15:58:34.139225
a4a67962-f4fa-48c2-b041-c0e16756b837,CUST-2019-JP-000917,桃子,遠藤,桃子 遠藤,Male,1973-08-11,user707.apple631@zoho.com,090-2109-3191,029 加藤 Street,八王子市,大島町,432-0453,JP,Japan,JAPAN,Japanese,Consumer,Gold,2019-04-07,2019,RETURNING,True,MDM,2019-04-07,2026-04-17 15:58:34.139227
e7d8d21a-305c-4ec6-93e3-aafcbbc850e6,CUST-2019-JP-002594,健一,佐々木,健一 佐々木,Male,1989-09-14,user785.apple@mail.com,080-9744-2119,565 井上 Street,印西市,国分寺市,983-2227,JP,Japan,JAPAN,Japanese,Consumer,Silver,2019-01-23,2019,RETURNING,True,MDM,2019-01-23,2026-04-17 15:58:34.139228
871b0610-9668-4923-9b61-9f315378030a,CUST-2019-JP-001926,花子,鈴木,花子 鈴木,Female,2006-11-01,user511.apple@aol.com,070-5983-8214,262 高橋 Street,八王子市,三宅島三宅村,660-7992,JP,Japan,JAPAN,Japanese,Consumer,None,2019-05-10,2019,RETURNING,True,MDM,2019-05-10,2026-04-17 15:58:34.139230
32d6908d-076d-40f6-815f-1becc1a2aa92,CUST-2019-JP-000328,篤司,井上,篤司 井上,Male,1982-02-13,user921.apple@protonmail.com,55-3382-5908,018 山本 Street,墨田区,中野区,129-3941,JP,Japan,JAPAN,Japanese,Education,None,2019-04-15,2019,RETURNING,True,MDM,2019-04-15,2026-04-17 15:58:34.139232
cf8659c3-7467-4a76-a676-1274695192d5,CUST-2019-JP-002639,淳,佐藤,淳 佐藤,Female,1969-08-07,user117.apple840@icloud.com,080-9184-2282,071 石川 Street,山武郡横芝光町,印旛郡酒々井町,805-8439,JP,Japan,JAPAN,Japanese,Consumer,Gold,2019-04-01,2019,RETURNING,True,MDM,2019-04-01,2026-04-17 15:58:34.139233
5cf031da-7815-41d9-a7cd-0f594cd539dc,CUST-2019-JP-001702,学,石川,学 石川,Male,2006-04-24,user849.apple@protonmail.com,89-5921-2335,073 藤田 Street,匝瑳市,四街道市,068-1565,JP,Japan,JAPAN,Japanese,Consumer,None,2019-06-05,2019,RETURNING,True,MDM,2019-06-05,2026-04-17 15:58:34.139235
f742ad8a-a15e-4ab4-afe6-35cb46ce5949,CUST-2019-JP-000936,亮介,高橋,亮介 高橋,Male,1968-10-14,user664.apple@gmail.com,090-1730-8252,290 佐藤 Street,横浜市瀬谷区,大島町,342-2593,JP,Japan,JAPAN,Japanese,Consumer,None,2019-11-19,2019,RETURNING,True,MDM,2019-11-19,2026-04-17 15:58:34.139240
54371373-069b-453f-aaa8-6d915aaf446b,CUST-2019-JP-001870,浩,加藤,浩 加藤,Male,2006-01-12,user418.apple@mail.com,070-8166-0548,234 佐々木 Street,香取郡東庄町,横浜市栄区,304-1214,JP,Japan,JAPAN,Japanese,Consumer,Silver,2019-08-16,2019,RETURNING,True,MDM,2019-08-16,2026-04-17 15:58:34.139242
c0f0cd8d-adf6-4a2c-ad11-325aaca3bd79,CUST-2019-JP-002358,七夏,橋本,七夏 橋本,Male,1980-03-11,user557.apple60@hotmail.com,070-2055-6790,278 加藤 Street,長生郡睦沢町,香取郡東庄町,239-8629,JP,Japan,JAPAN,Japanese,Business,None,2019-02-02,2019,RETURNING,True,MDM,2019-02-02,2026-04-17 15:58:34.139243
2e69d703-f7b0-4cdd-b2a5-d6b0212ccba7,CUST-2019-JP-001082,幹,山本,幹 山本,Male,2000-09-03,user546.apple@gmail.com,070-5551-2203,558 松田 Street,港区,西多摩郡日の出町,792-8551,JP,Japan,JAPAN,Japanese,Consumer,None,2019-01-10,2019,RETURNING,True,MDM,2019-01-10,2026-04-17 15:58:34.139245
d748cc27-b323-4f70-be67-5d6cec7419f0,CUST-2019-JP-000352,花子,岡本,花子 岡本,Male,1977-02-26,user112.apple@yahoo.com,09-1674-6459,077 清水 Street,印旛郡栄町,青梅市,625-1637,JP,Japan,JAPAN,Japanese,Education,Gold,2019-07-27,2019,RETURNING,True,MDM,2019-07-27,2026-04-17 15:58:34.139247
8d4d7de2-3d8d-431e-9ae3-b0fada218835,CUST-2019-JP-000809,あすか,斎藤,あすか 斎藤,Female,1984-10-30,user504.apple@outlook.com,070-1268-6342,948 岡田 Street,横浜市青葉区,川崎市多摩区,000-7935,JP,Japan,JAPAN,Japanese,Consumer,Gold,2019-10-24,2019,RETURNING,True,MDM,2019-10-24,2026-04-17 15:58:34.139248
a513cd9b-b21a-4bbc-96b3-1e7a3d46fd4d,CUST-2019-JP-002538,篤司,石川,篤司 石川,Male,1997-10-25,user749.apple370@yahoo.com,070-9911-2261,349 藤田 Street,目黒区,西多摩郡日の出町,060-7795,JP,Japan,JAPAN,Japanese,Consumer,Silver,2019-10-17,2019,RETURNING,True,MDM,2019-10-17,2026-04-17 15:58:34.139249
79f8bc54-0eb2-4c1b-bf79-8399ba846dae,CUST-2019-JP-001028,裕太,山本,裕太 山本,Male,1973-05-28,user785.apple@protonmail.com,070-9534-2613,773 遠藤 Street,荒川区,横浜市神奈川区,492-8711,JP,Japan,JAPAN,Japanese,Consumer,Gold,2019-09-11,2019,RETURNING,True,MDM,2019-09-11,2026-04-17 15:58:34.139251
4e5070b4-f4e2-4caa-9fba-aac6b6a1f862,CUST-2019-JP-000771,太郎,清水,太郎 清水,Male,1977-08-18,user307.apple@yahoo.com,080-4421-5892,856 高橋 Street,小金井市,西多摩郡日の出町,783-1953,JP,Japan,JAPAN,Japanese,Consumer,None,2019-07-23,2019,RETURNING,True,MDM,2019-07-23,2026-04-17 15:58:34.139253
3d2d78f4-9152-4e92-a875-472c619e74fe,CUST-2019-JP-002123,あすか,佐藤,あすか 佐藤,Male,1960-10-13,user994.apple@zoho.com,070-2826-4583,923 中村 Street,福生市,福生市,741-3602,JP,Japan,JAPAN,Japanese,Consumer,None,2019-02-24,2019,RETURNING,True,MDM,2019-02-24,2026-04-17 15:58:34.139258
278b24eb-40d3-403f-b674-21bcbf891aff,CUST-2019-JP-000258,翔太,松本,翔太 松本,Male,2006-10-22,user338.apple235@msn.com,35-8145-2061,917 中島 Street,香取郡多古町,中央区,855-5001,JP,Japan,JAPAN,Japanese,Consumer,Silver,2019-02-19,2019,RETURNING,True,MDM,2019-02-19,2026-04-17 15:58:34.139260
8ec403a5-e867-4766-b1a2-62fc2ff7021b,CUST-2019-JP-002197,くみ子,鈴木,くみ子 鈴木,Male,1964-12-06,user283.apple@live.com,070-3851-0185,467 鈴木 Street,葛飾区,品川区,702-3291,JP,Japan,JAPAN,Japanese,Consumer,Silver,2019-10-16,2019,RETURNING,False,MDM,2019-10-16,2026-04-17 15:58:34.139261
71d762dc-4f0c-4be5-965f-8e2627f76bf3,CUST-2019-JP-000687,幹,青木,幹 青木,Male,1974-03-18,user450.apple@mail.com,070-1120-1529,613 高橋 Street,横浜市栄区,国立市,633-2837,JP,Japan,JAPAN,Japanese,Business,None,2019-07-28,2019,RETURNING,True,MDM,2019-07-28,2026-04-17 15:58:34.139263
5a3fd43f-d957-4578-9e5f-408a408451ae,CUST-2019-JP-001114,聡太郎,小林,聡太郎 小林,Female,1973-07-03,user550.apple@outlook.com,080-6977-9969,723 鈴木 Street,長生郡長南町,袖ケ浦市,777-3700,JP,Japan,JAPAN,Japanese,Consumer,None,2019-10-10,2019,RETURNING,False,MDM,2019-10-10,2026-04-17 15:58:34.139265
0eeaf2f4-08d3-4e7e-9928-ae2cb7e81800,CUST-2019-JP-001846,幹,山本,幹 山本,Female,1989-08-10,user325.apple894@yahoo.com,36-0961-1236,436 藤田 Street,川崎市幸区,横浜市戸塚区,167-3920,JP,Japan,JAPAN,Japanese,Consumer,None,2019-03-21,2019,RETURNING,False,MDM,2019-03-21,2026-04-17 15:58:34.139267
5e386713-d74c-4c67-a67f-f82a31664308,CUST-2019-JP-002537,真綾,山田,真綾 山田,Male,1976-10-15,user472.apple499@live.com,090-0684-5495,213 中川 Street,清瀬市,印旛郡印旛村,402-7870,JP,Japan,JAPAN,Japanese,Consumer,None,2019-03-21,2019,RETURNING,True,MDM,2019-03-21,2026-04-17 15:58:34.139269
155689e9-6701-456d-b584-978c4ab58433,CUST-2019-JP-002184,治,伊藤,治 伊藤,Male,1969-10-11,user903.apple@gmail.com,080-2145-9949,920 太田 Street,横浜市泉区,中央区,774-9018,JP,Japan,JAPAN,Japanese,Consumer,Silver,2019-04-25,2019,RETURNING,True,MDM,2019-04-25,2026-04-17 15:58:34.139270
0b10cb52-663e-4d55-b496-07e71501e1e0,CUST-2019-JP-001433,太郎,渡辺,太郎 渡辺,Female,1997-09-30,user676.apple717@mail.com,090-9095-8449,653 中村 Street,白井市,西多摩郡瑞穂町,225-1969,JP,Japan,JAPAN,Japanese,Consumer,None,2019-04-03,2019,RETURNING,True,MDM,2019-04-03,2026-04-17 15:58:34.139272
c3e18af1-14d1-4a3e-a836-38c65710f1cf,CUST-2019-JP-002634,結衣,木村,結衣 木村,Female,2001-03-15,user552.apple@icloud.com,090-2956-2210,893 松本 Street,練馬区,足立区,482-0528,JP,Japan,JAPAN,Japanese,Consumer,Platinum,2019-11-21,2019,RETURNING,True,MDM,2019-11-21,2026-04-17 15:58:34.139274
1c1f6105-5667-4d3e-a6a3-a3bb87c14b14,CUST-2019-JP-001089,裕太,中島,裕太 中島,Male,1997-12-18,user514.apple750@icloud.com,080-6207-4623,466 石井 Street,川崎市宮前区,東久留米市,587-3302,JP,Japan,JAPAN,Japanese,Consumer,None,2019-10-02,2019,RETURNING,False,MDM,2019-10-02,2026-04-17 15:58:34.139276
9bc42e8b-8f98-4a38-bf23-5047eece99ee,CUST-2019-JP-000519,桃子,加藤,桃子 加藤,Female,1992-10-23,user978.apple229@aol.com,090-3461-6236,623 山口 Street,浦安市,小平市,461-7175,JP,Japan,JAPAN,Japanese,Business,None,2019-08-24,2019,RETURNING,False,MDM,2019-08-24,2026-04-17 15:58:34.139278
31e8e529-4a7c-407c-b471-bf6fca22e1d8,CUST-2019-JP-002046,あすか,松本,あすか 松本,Male,1970-06-20,user979.apple@protonmail.com,090-8182-0134,664 山本 Street,富津市,いすみ市,993-8747,JP,Japan,JAPAN,Japanese,Consumer,None,2019-05-21,2019,RETURNING,True,MDM,2019-05-21,2026-04-17 15:58:34.139279
934adcd9-dafd-4a46-a904-e55596d1d8a8,CUST-2019-JP-000693,香織,石井,香織 石井,Female,1995-07-06,user201.apple@msn.com,090-4085-7896,876 中島 Street,横浜市鶴見区,多摩市,608-6875,JP,Japan,JAPAN,Japanese,Business,None,2019-10-08,2019,RETURNING,True,MDM,2019-10-08,2026-04-17 15:58:34.139281
8e227988-59e4-4495-82f2-2b0590a2deca,CUST-2019-JP-000555,花子,岡田,花子 岡田,Female,2003-07-06,user754.apple4@hotmail.com,090-9293-3315,859 高橋 Street,利島村,横浜市南区,147-0352,JP,Japan,JAPAN,Japanese,Consumer,Silver,2019-06-16,2019,RETURNING,True,MDM,2019-06-16,2026-04-17 15:58:34.139282
db05bf60-e3a6-4a5a-b855-89b137ccb87e,CUST-2019-JP-000671,修平,福田,修平 福田,Female,2002-05-19,user678.apple@gmail.com,090-9389-6640,344 佐々木 Street,横浜市栄区,匝瑳市,653-2711,JP,Japan,JAPAN,Japanese,Consumer,Silver,2019-07-21,2019,RETURNING,True,MDM,2019-07-21,2026-04-17 15:58:34.139284
d00de90a-e095-4a93-9e6a-1dac8866a116,CUST-2019-JP-000821,涼平,西村,涼平 西村,Male,1978-07-09,user226.apple@protonmail.com,070-5680-1746,306 石川 Street,川崎市高津区,西多摩郡日の出町,404-3649,JP,Japan,JAPAN,Japanese,Business,Gold,2019-07-24,2019,RETURNING,True,MDM,2019-07-24,2026-04-17 15:58:34.139285
1de06b65-9257-42a7-8230-1f713b166a63,CUST-2019-JP-000937,淳,田中,淳 田中,Male,1978-03-29,user839.apple@gmail.com,080-0695-9712,884 林 Street,長生郡白子町,長生郡一宮町,166-6217,JP,Japan,JAPAN,Japanese,Consumer,None,2019-01-01,2019,RETURNING,True,MDM,2019-01-01,2026-04-17 15:58:34.139287
6ec074c7-5377-42b9-ae4b-1bc5208316f0,CUST-2019-JP-000031,結衣,阿部,結衣 阿部,Female,1953-08-21,user933.apple@zoho.com,070-9662-6945,228 長谷川 Street,袖ケ浦市,青梅市,415-2128,JP,Japan,JAPAN,Japanese,Consumer,Silver,2019-05-19,2019,RETURNING,True,MDM,2019-05-19,2026-04-17 15:58:34.139288
0696673c-c5f4-4ee6-bf2c-fb230f8935f7,CUST-2019-JP-002731,あすか,三浦,あすか 三浦,Female,1973-04-19,user238.apple536@gmail.com,090-5003-5572,199 山崎 Street,横浜市瀬谷区,青梅市,095-5684,JP,Japan,JAPAN,Japanese,Consumer,None,2019-01-04,2019,RETURNING,True,MDM,2019-01-04,2026-04-17 15:58:34.139290
9cb133b4-6fd8-4223-b451-8aa903905ec4,CUST-2019-JP-001816,結衣,松田,結衣 松田,Male,1980-11-19,user842.apple455@yahoo.com,080-5797-6368,016 佐藤 Street,浦安市,台東区,314-6423,JP,Japan,JAPAN,Japanese,Consumer,Silver,2019-07-13,2019,RETURNING,True,MDM,2019-07-13,2026-04-17 15:58:34.139294
316463b4-873d-4773-b445-c0cd5683b8ea,CUST-2019-JP-000120,裕太,岡本,裕太 岡本,Female,1969-10-21,user742.apple@mail.com,080-0257-5988,009 渡辺 Street,八王子市,大網白里市,962-7701,JP,Japan,JAPAN,Japanese,Consumer,None,2019-08-05,2019,RETURNING,True,MDM,2019-08-05,2026-04-17 15:58:34.139296
1769cf18-da8c-4419-bd72-a97e17f65086,CUST-2019-JP-002267,太一,岡本,太一 岡本,Male,1984-10-14,user678.apple@gmx.com,070-3791-7427,123 小林 Street,千代田区,福生市,059-4272,JP,Japan,JAPAN,Japanese,Business,None,2019-07-21,2019,RETURNING,True,MDM,2019-07-21,2026-04-17 15:58:34.139298
48d60294-bc3a-4ca0-a4fe-bd29eb00b2a6,CUST-2019-JP-000187,康弘,森,康弘 森,Female,1985-03-08,user108.apple@icloud.com,070-6147-7714,705 山本 Street,利島村,大島町,672-7983,JP,Japan,JAPAN,Japanese,Consumer,Platinum,2019-09-23,2019,RETURNING,True,MDM,2019-09-23,2026-04-17 15:58:34.139300
314bddea-fd76-4fc9-8175-1aa45290d45a,CUST-2019-JP-002000,晃,佐藤,晃 佐藤,Male,1978-01-10,user563.apple@gmail.com,070-7950-6421,006 高橋 Street,香取市,山武郡芝山町,064-4268,JP,Japan,JAPAN,Japanese,Consumer,None,2019-04-30,2019,RETURNING,True,MDM,2019-04-30,2026-04-17 15:58:34.139302
1eb7ccde-f021-45fb-ba38-cfd7d3e5a5a8,CUST-2019-JP-002230,太一,高橋,太一 高橋,Female,1975-10-19,user884.apple@hotmail.com,72-0462-7692,581 前田 Street,印旛郡本埜村,青梅市,865-2032,JP,Japan,JAPAN,Japanese,Consumer,Silver,2019-05-29,2019,RETURNING,True,MDM,2019-05-29,2026-04-17 15:58:34.139303
70186609-571b-477e-873e-8e3a9e380049,CUST-2019-JP-001917,京助,山本,京助 山本,Female,1990-01-10,user595.apple@live.com,69-6239-3582,915 斎藤 Street,横浜市南区,渋谷区,552-5337,JP,Japan,JAPAN,Japanese,Consumer,Silver,2019-10-30,2019,RETURNING,True,MDM,2019-10-30,2026-04-17 15:58:34.139305
f7a1e937-fae9-4c0a-af34-bd3cde206993,CUST-2019-JP-000656,裕美子,中村,裕美子 中村,Female,2002-10-07,user470.apple@live.com,080-2671-3466,134 田中 Street,山武郡九十九里町,御蔵島村,385-6275,JP,Japan,JAPAN,Japanese,Consumer,Silver,2019-07-29,2019,RETURNING,True,MDM,2019-07-29,2026-04-17 15:58:34.139306
3704363c-f4a9-47f4-93fc-5c4b5fe3587b,CUST-2019-JP-000420,淳,伊藤,淳 伊藤,Female,2003-02-21,user353.apple@mail.com,070-9407-4473,393 山本 Street,練馬区,安房郡鋸南町,393-1072,JP,Japan,JAPAN,Japanese,Consumer,Silver,2019-04-26,2019,RETURNING,True,MDM,2019-04-26,2026-04-17 15:58:34.139308
77e27700-131e-4b78-9ebe-0b6cdcb7c46f,CUST-2019-JP-000984,桃子,小川,桃子 小川,Female,1978-08-04,user232.apple@msn.com,070-5774-6699,511 高橋 Street,青ヶ島村,袖ケ浦市,819-5607,JP,Japan,JAPAN,Japanese,Consumer,None,2019-04-12,2019,RETURNING,True,MDM,2019-04-12,2026-04-17 15:58:34.139309
74c577f9-1320-4fce-894c-26883e1cd1bd,CUST-2019-JP-000102,稔,田中,稔 田中,Female,1971-10-26,user391.apple@gmail.com,070-1187-5239,954 山口 Street,南房総市,印旛郡印旛村,512-9400,JP,Japan,JAPAN,Japanese,Consumer,None,2019-08-12,2019,RETURNING,True,MDM,2019-08-12,2026-04-17 15:58:34.139311
7b7b7d28-064c-4afe-b29d-f250e250343d,CUST-2019-JP-002412,太一,吉田,太一 吉田,Male,1988-06-05,user624.apple233@msn.com,090-7392-1642,516 高橋 Street,山武郡九十九里町,墨田区,369-2236,JP,Japan,JAPAN,Japanese,Business,None,2019-03-13,2019,RETURNING,True,MDM,2019-03-13,2026-04-17 15:58:34.139313
f4ee6bba-2949-4a3f-b161-9534d38845fb,CUST-2019-JP-000840,香織,山田,香織 山田,Male,1995-05-29,user647.apple698@yahoo.com,77-7012-4226,991 藤田 Street,小平市,品川区,869-6926,JP,Japan,JAPAN,Japanese,Consumer,None,2019-10-16,2019,RETURNING,True,MDM,2019-10-16,2026-04-17 15:58:34.139315
3cb36935-2fd1-48b7-8a53-acff6d49a603,CUST-2019-JP-002748,聡太郎,高橋,聡太郎 高橋,Male,1972-08-01,user806.apple@live.com,070-6716-7639,112 岡本 Street,台東区,横浜市中区,244-1870,JP,Japan,JAPAN,Japanese,Consumer,None,2019-09-05,2019,RETURNING,True,MDM,2019-09-05,2026-04-17 15:58:34.139317
271c8f1b-7298-4bba-908c-46600fd32a7c,CUST-2019-JP-000616,京助,高橋,京助 高橋,Male,2004-01-19,user732.apple@outlook.com,090-4636-9064,433 中島 Street,西東京市,夷隅郡御宿町,230-8438,JP,Japan,JAPAN,Japanese,Consumer,None,2019-01-29,2019,RETURNING,True,MDM,2019-01-29,2026-04-17 15:58:34.139318
9c25bbad-7b5c-4d94-8fe0-3f6bee155179,CUST-2019-JP-002359,康弘,長谷川,康弘 長谷川,Male,1954-09-08,user738.apple195@gmx.com,090-3193-9524,957 高橋 Street,横浜市神奈川区,青梅市,716-8759,JP,Japan,JAPAN,Japanese,Consumer,Silver,2019-01-05,2019,RETURNING,True,MDM,2019-01-05,2026-04-17 15:58:34.139320
b6899202-5519-4a8c-858e-fb2938119f47,CUST-2019-JP-000877,結衣,遠藤,結衣 遠藤,Male,1977-03-03,user474.apple757@yahoo.com,090-8124-8236,243 斎藤 Street,川崎市川崎区,南房総市,471-8610,JP,Japan,JAPAN,Japanese,Consumer,None,2019-05-11,2019,RETURNING,True,MDM,2019-05-11,2026-04-17 15:58:34.139321
4417cfa4-1b0f-4edf-8353-25ffc07064cb,CUST-2019-JP-001583,結衣,高橋,結衣 高橋,Male,1993-08-24,user784.apple920@hotmail.com,090-6971-3975,698 鈴木 Street,安房郡鋸南町,中央区,460-1741,JP,Japan,JAPAN,Japanese,Business,Silver,2019-07-15,2019,RETURNING,True,MDM,2019-07-15,2026-04-17 15:58:34.139323
9df671eb-4c5d-4056-af01-c5a89ffd043e,CUST-2019-JP-001956,康弘,山本,康弘 山本,Male,1982-07-21,user372.apple68@zoho.com,070-9997-0685,020 池田 Street,青梅市,荒川区,107-7490,JP,Japan,JAPAN,Japanese,Consumer,Gold,2019-06-01,2019,RETURNING,True,MDM,2019-06-01,2026-04-17 15:58:34.139324
acbf6a5b-4eec-428c-b71e-b60e40d8028c,CUST-2019-JP-000772,陽子,西村,陽子 西村,Male,1993-11-20,user598.apple969@yahoo.com,090-0105-0617,354 佐藤 Street,葛飾区,新島村,558-6142,JP,Japan,JAPAN,Japanese,Consumer,None,2019-11-29,2019,RETURNING,True,MDM,2019-11-29,2026-04-17 15:58:34.139326
ea3f29cb-113d-4043-8653-69a20b6ea848,CUST-2019-JP-000664,零,鈴木,零 鈴木,Male,1982-07-18,user238.apple@gmail.com,080-3261-0478,332 山本 Street,香取郡東庄町,八王子市,500-9875,JP,Japan,JAPAN,Japanese,Consumer,None,2019-01-08,2019,RETURNING,True,MDM,2019-01-08,2026-04-17 15:58:34.139328
a512c7d7-763e-4ccf-8347-d5386ec29eed,CUST-2019-JP-000209,淳,鈴木,淳 鈴木,Male,1987-03-18,user380.apple822@outlook.com,080-9204-4260,696 松田 Street,長生郡長柄町,横浜市中区,773-4383,JP,Japan,JAPAN,Japanese,Business,Platinum,2019-08-13,2019,RETURNING,True,MDM,2019-08-13,2026-04-17 15:58:34.139329
01a21c4a-7847-43b2-b91f-f00fa97491b4,CUST-2019-JP-002424,稔,鈴木,稔 鈴木,Female,1997-06-29,user815.apple@msn.com,070-0062-4141,254 山田 Street,白井市,白井市,336-6531,JP,Japan,JAPAN,Japanese,Consumer,None,2019-02-22,2019,RETURNING,True,MDM,2019-02-22,2026-04-17 15:58:34.139331
b9a392b5-bb1d-4e7f-aa05-4ce26f238faf,CUST-2019-JP-001893,太郎,伊藤,太郎 伊藤,Male,1963-12-09,user868.apple406@msn.com,090-9884-6023,684 岡田 Street,川崎市幸区,目黒区,648-1975,JP,Japan,JAPAN,Japanese,Consumer,None,2019-01-21,2019,RETURNING,True,MDM,2019-01-21,2026-04-17 15:58:34.139332
05975b71-5ff2-49dc-aaac-0d6e1f420d01,CUST-2019-JP-002503,裕樹,中川,裕樹 中川,Male,1967-05-23,user677.apple310@hotmail.com,080-5466-9097,681 中川 Street,江戸川区,葛飾区,451-1762,JP,Japan,JAPAN,Japanese,Business,Platinum,2019-07-19,2019,RETURNING,True,MDM,2019-07-19,2026-04-17 15:58:34.139334
98dec330-b963-45ae-9a4d-b06785458bd1,CUST-2019-JP-002281,明美,林,明美 林,Female,1999-09-18,user392.apple@hotmail.com,090-3505-6408,574 小林 Street,三鷹市,君津市,178-4477,JP,Japan,JAPAN,Japanese,Consumer,Silver,2019-04-18,2019,RETURNING,True,MDM,2019-04-18,2026-04-17 15:58:34.139336
240b9bbf-222f-4c60-a186-94e00ff1c8c7,CUST-2019-JP-001688,陽一,山口,陽一 山口,Female,1990-12-26,user358.apple@gmx.com,070-1145-2047,933 岡田 Street,夷隅郡御宿町,小金井市,991-6458,JP,Japan,JAPAN,Japanese,Education,None,2019-07-02,2019,RETURNING,True,MDM,2019-07-02,2026-04-17 15:58:34.139337
34debef7-7d3b-41b4-b28c-0e1581816292,CUST-2019-JP-000269,稔,田中,稔 田中,Male,1957-04-18,user641.apple@outlook.com,54-4907-5236,074 渡辺 Street,川崎市川崎区,横浜市泉区,357-9478,JP,Japan,JAPAN,Japanese,Consumer,None,2019-04-04,2019,RETURNING,True,MDM,2019-04-04,2026-04-17 15:58:34.139339
8db08648-cf19-4c8c-9a6a-8fe8a9a65ec4,CUST-2019-JP-001214,里佳,三浦,里佳 三浦,Female,1972-12-17,user684.apple803@aol.com,090-1485-9493,917 山崎 Street,横浜市瀬谷区,台東区,069-7550,JP,Japan,JAPAN,Japanese,Consumer,None,2019-08-01,2019,RETURNING,True,MDM,2019-08-01,2026-04-17 15:58:34.139341
8f8e2fc1-a2a5-4a57-86d9-d75ad88fa6f7,CUST-2019-JP-002194,桃子,田中,桃子 田中,Female,1981-04-05,user594.apple873@gmx.com,070-5396-2007,452 石井 Street,川崎市幸区,横浜市緑区,623-9994,JP,Japan,JAPAN,Japanese,Consumer,Platinum,2019-01-04,2019,RETURNING,True,MDM,2019-01-04,2026-04-17 15:58:34.139342
8a178743-1314-46f7-a860-fdd02222c9f6,CUST-2019-JP-002093,淳,佐藤,淳 佐藤,Female,1957-07-27,user473.apple@msn.com,090-1081-8224,376 山本 Street,八千代市,横浜市保土ケ谷区,455-4227,JP,Japan,JAPAN,Japanese,Consumer,None,2019-01-19,2019,RETURNING,True,MDM,2019-01-19,2026-04-17 15:58:34.139344
dc8c0ddd-0041-4fd6-8cfb-293ed4b81899,CUST-2019-JP-001728,陽子,前田,陽子 前田,Male,2001-08-23,user578.apple@zoho.com,44-6298-8653,544 木村 Street,長生郡白子町,中央区,131-4834,JP,Japan,JAPAN,Japanese,Consumer,Platinum,2019-06-09,2019,RETURNING,True,MDM,2019-06-09,2026-04-17 15:58:34.139345
fbaafd06-b189-480f-b6dc-a07f09d5ca6b,CUST-2019-JP-000990,明美,佐々木,明美 佐々木,Male,1966-08-14,user601.apple418@msn.com,76-4402-8998,615 鈴木 Street,夷隅郡大多喜町,武蔵野市,756-9056,JP,Japan,JAPAN,Japanese,Consumer,Gold,2019-06-01,2019,RETURNING,True,MDM,2019-06-01,2026-04-17 15:58:34.139347
dc575c91-e3a8-442c-af3e-24c4236b1c9f,CUST-2019-JP-001191,あすか,山下,あすか 山下,Female,1957-05-26,user942.apple@live.com,090-9564-3198,965 松本 Street,川崎市中原区,豊島区,518-0961,JP,Japan,JAPAN,Japanese,Consumer,None,2019-03-09,2019,RETURNING,True,MDM,2019-03-09,2026-04-17 15:58:34.139349
ac28ab20-e714-46f4-8f86-0c3e2d04246f,CUST-2019-JP-000850,美加子,小川,美加子 小川,Female,1978-09-10,user396.apple@msn.com,69-6213-6112,062 佐藤 Street,御蔵島村,青梅市,139-7133,JP,Japan,JAPAN,Japanese,Consumer,Platinum,2019-09-19,2019,RETURNING,True,MDM,2019-09-19,2026-04-17 15:58:34.139350
7318dd21-07de-4bd4-8758-0d6b61cffdff,CUST-2019-JP-001283,明美,山本,明美 山本,Male,1975-01-24,user375.apple@zoho.com,070-6291-4863,112 伊藤 Street,東大和市,長生郡長柄町,715-0236,JP,Japan,JAPAN,Japanese,Business,None,2019-06-07,2019,RETURNING,True,MDM,2019-06-07,2026-04-17 15:58:34.139352
e233e725-82ca-4bab-93b2-af5b7c5b19fe,CUST-2019-JP-002668,陽子,岡本,陽子 岡本,Female,1952-02-10,user778.apple@mail.com,080-6801-7114,998 山崎 Street,渋谷区,横浜市泉区,292-2064,JP,Japan,JAPAN,Japanese,Consumer,None,2019-01-26,2019,RETURNING,True,MDM,2019-01-26,2026-04-17 15:58:34.139354
72d29682-08c4-44e4-a105-b592412e67a8,CUST-2019-JP-000760,修平,伊藤,修平 伊藤,Male,1954-01-23,user716.apple@icloud.com,090-7174-8149,670 伊藤 Street,国分寺市,北区,134-7742,JP,Japan,JAPAN,Japanese,Consumer,None,2019-11-03,2019,RETURNING,True,MDM,2019-11-03,2026-04-17 15:58:34.139355
8fb752fb-6ed0-400c-8b1d-52ee650dc958,CUST-2019-JP-000190,あすか,加藤,あすか 加藤,Male,2002-03-26,user905.apple794@icloud.com,31-7360-2076,115 山口 Street,文京区,西多摩郡奥多摩町,229-7564,JP,Japan,JAPAN,Japanese,Consumer,None,2019-10-13,2019,RETURNING,True,MDM,2019-10-13,2026-04-17 15:58:34.139357
ee90989a-4bb9-4a37-b697-d676e3da2df3,CUST-2019-JP-002774,美加子,中村,美加子 中村,Female,1998-02-07,user598.apple@gmail.com,070-7063-7325,164 山下 Street,西多摩郡奥多摩町,狛江市,322-2154,JP,Japan,JAPAN,Japanese,Consumer,None,2019-03-14,2019,RETURNING,True,MDM,2019-03-14,2026-04-17 15:58:34.139359
acdadf5e-abf2-4ee0-810c-f90a9bd1d573,CUST-2019-JP-001347,浩,小林,浩 小林,Male,2002-11-29,user700.apple@hotmail.com,090-9955-7329,344 山崎 Street,多摩市,多摩市,672-0766,JP,Japan,JAPAN,Japanese,Consumer,Gold,2019-11-03,2019,RETURNING,True,MDM,2019-11-03,2026-04-17 15:58:34.139360
b7348a87-cbd6-462f-8a3b-0ab427d2db7c,CUST-2019-JP-000496,知実,坂本,知実 坂本,Female,1999-03-18,user386.apple@mail.com,070-2004-1839,169 青木 Street,大島町,荒川区,385-8510,JP,Japan,JAPAN,Japanese,Consumer,Platinum,2019-05-01,2019,RETURNING,True,MDM,2019-05-01,2026-04-17 15:58:34.139362
aa2e6b39-2beb-45fa-869b-992d5aea1d1f,CUST-2019-JP-001365,充,橋本,充 橋本,Male,1976-03-24,user947.apple@gmail.com,080-6345-6369,196 長谷川 Street,鴨川市,長生郡長生村,804-9835,JP,Japan,JAPAN,Japanese,Business,None,2019-04-27,2019,RETURNING,True,MDM,2019-04-27,2026-04-17 15:58:34.139364
68626b7d-dad6-4107-add3-aa93843e7ae7,CUST-2019-JP-002520,明美,斎藤,明美 斎藤,Male,1989-10-25,user913.apple@gmail.com,070-1496-0496,560 林 Street,武蔵野市,豊島区,302-5909,JP,Japan,JAPAN,Japanese,Consumer,Gold,2019-01-31,2019,RETURNING,True,MDM,2019-01-31,2026-04-17 15:58:34.139365
6b2683ee-7e10-4f83-a147-8ec814287966,CUST-2019-JP-001333,康弘,佐々木,康弘 佐々木,Female,1973-12-03,user900.apple@hotmail.com,31-5376-7651,751 林 Street,調布市,横浜市栄区,176-2938,JP,Japan,JAPAN,Japanese,Consumer,Silver,2019-10-15,2019,RETURNING,True,MDM,2019-10-15,2026-04-17 15:58:34.139367
c2ffbd2a-472a-4cdd-92ea-7e437ed7ab76,CUST-2019-JP-001040,春香,近藤,春香 近藤,Male,1974-12-24,user184.apple@zoho.com,27-7742-3980,202 加藤 Street,台東区,三鷹市,365-5919,JP,Japan,JAPAN,Japanese,Consumer,Silver,2019-09-16,2019,RETURNING,True,MDM,2019-09-16,2026-04-17 15:58:34.139368
c1c9a2d0-3849-4ca4-8395-d14d6f197a73,CUST-2019-JP-002016,結衣,小林,結衣 小林,Male,1979-11-01,user913.apple@zoho.com,18-1627-9139,055 藤田 Street,国立市,安房郡鋸南町,281-2251,JP,Japan,JAPAN,Japanese,Education,None,2019-01-29,2019,RETURNING,True,MDM,2019-01-29,2026-04-17 15:58:34.139370
a147adca-8165-4205-9734-52f2bf6d5f57,CUST-2019-JP-002516,美加子,山本,美加子 山本,Female,1999-06-13,user566.apple@live.com,07-3715-2376,890 渡辺 Street,横浜市港南区,千代田区,538-8819,JP,Japan,JAPAN,Japanese,Consumer,Silver,2019-01-10,2019,RETURNING,True,MDM,2019-01-10,2026-04-17 15:58:34.139372
066f539d-6f32-45f3-8639-f4d02fa7237d,CUST-2019-JP-001391,篤司,福田,篤司 福田,Male,1963-02-25,user973.apple654@outlook.com,090-6577-7825,558 吉田 Street,多摩市,立川市,391-3458,JP,Japan,JAPAN,Japanese,Consumer,Silver,2019-09-21,2019,RETURNING,True,MDM,2019-09-21,2026-04-17 15:58:34.139373
b8f0db17-2709-414d-9afc-b7121f35c0a1,CUST-2019-JP-000472,治,岡田,治 岡田,Male,1961-03-28,user353.apple@outlook.com,14-7084-6843,771 藤田 Street,世田谷区,山武郡芝山町,561-2453,JP,Japan,JAPAN,Japanese,Business,Platinum,2019-02-12,2019,RETURNING,True,MDM,2019-02-12,2026-04-17 15:58:34.139375
7f4a9dbf-9916-4410-a0e8-6e620ee42f52,CUST-2019-JP-002126,結衣,中村,結衣 中村,Male,1969-03-17,user838.apple@aol.com,070-7769-2731,945 加藤 Street,横浜市神奈川区,横浜市港北区,798-2515,JP,Japan,JAPAN,Japanese,Education,Platinum,2019-02-11,2019,RETURNING,True,MDM,2019-02-11,2026-04-17 15:58:34.139376
dfc51849-e312-4490-abf7-97530287bbed,CUST-2019-JP-000143,陽一,山下,陽一 山下,Female,1988-07-27,user334.apple@aol.com,15-7717-7065,208 西村 Street,我孫子市,山武郡横芝光町,400-7534,JP,Japan,JAPAN,Japanese,Education,Platinum,2019-09-14,2019,RETURNING,True,MDM,2019-09-14,2026-04-17 15:58:34.139378
603b2df3-8743-4184-b773-31542ea73a61,CUST-2019-JP-000690,裕美子,山本,裕美子 山本,Female,1964-07-27,user561.apple@gmail.com,080-5877-1777,010 鈴木 Street,横浜市港北区,港区,643-5198,JP,Japan,JAPAN,Japanese,Education,Silver,2019-02-17,2019,RETURNING,True,MDM,2019-02-17,2026-04-17 15:58:34.139379
9de45f66-6056-4161-bc36-050c03724766,CUST-2019-JP-000951,真綾,小川,真綾 小川,Female,1998-06-17,user924.apple231@msn.com,090-3363-9507,579 佐藤 Street,福生市,中央区,692-8859,JP,Japan,JAPAN,Japanese,Education,None,2019-09-18,2019,RETURNING,True,MDM,2019-09-18,2026-04-17 15:58:34.139381
6d384d32-f224-46b6-97a5-8bdf77262af5,CUST-2019-JP-002396,里佳,田中,里佳 田中,Female,1958-12-26,user989.apple@yahoo.com,090-0274-5321,544 中村 Street,長生郡白子町,横浜市金沢区,593-7094,JP,Japan,JAPAN,Japanese,Consumer,None,2019-03-16,2019,RETURNING,True,MDM,2019-03-16,2026-04-17 15:58:34.139383
38fe9248-c4c5-4122-940e-93d8257d61e3,CUST-2019-JP-000802,充,松本,充 松本,Male,1987-12-03,user956.apple@yahoo.com,070-9461-2941,247 福田 Street,白井市,浦安市,969-2613,JP,Japan,JAPAN,Japanese,Consumer,None,2019-10-23,2019,RETURNING,True,MDM,2019-10-23,2026-04-17 15:58:34.139384
9a68d7e8-2258-4c24-9963-035107979508,CUST-2019-JP-001561,修平,山口,修平 山口,Female,1987-10-05,user694.apple@live.com,36-1494-9733,371 鈴木 Street,青ヶ島村,足立区,349-4291,JP,Japan,JAPAN,Japanese,Consumer,None,2019-12-13,2019,RETURNING,True,MDM,2019-12-13,2026-04-17 15:58:34.139386
cec386dd-d5c5-4ee8-a284-5fea04986761,CUST-2019-JP-002173,くみ子,松本,くみ子 松本,Female,1983-09-19,user401.apple312@aol.com,080-9003-7429,476 清水 Street,八千代市,印旛郡本埜村,533-6281,JP,Japan,JAPAN,Japanese,Consumer,None,2019-01-16,2019,RETURNING,True,MDM,2019-01-16,2026-04-17 15:58:34.139388
47642aea-256d-48b3-83c8-f78f7da2ff34,CUST-2019-JP-000435,桃子,佐々木,桃子 佐々木,Male,1982-02-09,user216.apple@gmx.com,080-6536-9811,387 山下 Street,利島村,日野市,991-4712,JP,Japan,JAPAN,Japanese,Consumer,Gold,2019-05-23,2019,RETURNING,True,MDM,2019-05-23,2026-04-17 15:58:34.139389
0e7c095a-078f-4ef7-90ea-271f14ecf122,CUST-2019-JP-001608,京助,高橋,京助 高橋,Male,2000-04-11,user996.apple@hotmail.com,69-4663-2374,768 近藤 Street,香取市,鎌ケ谷市,095-7189,JP,Japan,JAPAN,Japanese,Consumer,Platinum,2019-11-18,2019,RETURNING,True,MDM,2019-11-18,2026-04-17 15:58:34.139391
abf32a44-4231-4e30-ba77-b679e788b80b,CUST-2019-JP-001507,稔,木村,稔 木村,Female,1997-03-30,user167.apple@icloud.com,070-9538-2513,553 鈴木 Street,我孫子市,南房総市,230-1980,JP,Japan,JAPAN,Japanese,Consumer,None,2019-06-30,2019,RETURNING,True,MDM,2019-06-30,2026-04-17 15:58:34.139393
985698e9-80c5-40f3-8244-717ade8417c8,CUST-2019-JP-000554,浩,山本,浩 山本,Male,1981-09-02,user261.apple@outlook.com,34-2677-2526,566 池田 Street,豊島区,北区,383-4526,JP,Japan,JAPAN,Japanese,Education,Platinum,2019-04-10,2019,RETURNING,True,MDM,2019-04-10,2026-04-17 15:58:34.139394
c22798cb-1f83-40b2-88f3-6b884ff221f8,CUST-2019-JP-001392,智也,岡田,智也 岡田,Male,1957-11-14,user345.apple@mail.com,080-6131-9909,358 佐々木 Street,横浜市港北区,長生郡長生村,805-4456,JP,Japan,JAPAN,Japanese,Consumer,None,2019-02-21,2019,RETURNING,True,MDM,2019-02-21,2026-04-17 15:58:34.139396
b722c871-7a51-4241-ae74-ad7ec66874ae,CUST-2019-JP-002561,太一,加藤,太一 加藤,Female,1968-09-13,user515.apple255@outlook.com,16-5086-1277,239 中川 Street,千代田区,富津市,064-6403,JP,Japan,JAPAN,Japanese,Business,None,2019-02-16,2019,RETURNING,True,MDM,2019-02-16,2026-04-17 15:58:34.139398
c0222947-e5c0-4229-be29-7206de2b28e4,CUST-2019-JP-002108,零,遠藤,零 遠藤,Male,1960-10-28,user841.apple@protonmail.com,080-9780-6494,409 井上 Street,香取郡多古町,長生郡睦沢町,789-8854,JP,Japan,JAPAN,Japanese,Education,Silver,2019-10-18,2019,RETURNING,False,MDM,2019-10-18,2026-04-17 15:58:34.139399
2e12d140-dbb0-4a36-8430-797548271ebc,CUST-2019-JP-002190,淳,中村,淳 中村,Male,1994-03-20,user864.apple@gmx.com,090-4421-5618,425 小林 Street,あきる野市,稲城市,514-6615,JP,Japan,JAPAN,Japanese,Consumer,Silver,2019-11-06,2019,RETURNING,True,MDM,2019-11-06,2026-04-17 15:58:34.139401
72d54b5a-efc8-449b-8cf3-99c23f4aed5e,CUST-2019-JP-002660,健一,近藤,健一 近藤,Male,1997-12-13,user308.apple@hotmail.com,080-3033-4833,315 伊藤 Street,香取郡多古町,東久留米市,861-4758,JP,Japan,JAPAN,Japanese,Consumer,Silver,2019-04-03,2019,RETURNING,True,MDM,2019-04-03,2026-04-17 15:58:34.139402
c430fc66-87af-424b-a657-80c10f87ef5a,CUST-2019-JP-000965,充,木村,充 木村,Female,1976-11-20,user233.apple@zoho.com,070-4892-8324,220 高橋 Street,川崎市中原区,横浜市戸塚区,464-5309,JP,Japan,JAPAN,Japanese,Consumer,Silver,2019-06-23,2019,RETURNING,True,MDM,2019-06-23,2026-04-17 15:58:34.139404
b63f60e2-f155-4964-b61b-8f5dcca03daf,CUST-2019-JP-000493,零,吉田,零 吉田,Male,2004-01-31,user955.apple@gmail.com,090-4392-9498,708 鈴木 Street,長生郡長柄町,府中市,671-1208,JP,Japan,JAPAN,Japanese,Business,None,2019-11-11,2019,RETURNING,False,MDM,2019-11-11,2026-04-17 15:58:34.139406
984c45db-af3f-47df-ac6a-f7a5892c1a6c,CUST-2019-JP-002559,裕樹,加藤,裕樹 加藤,Female,1976-07-31,user829.apple@mail.com,71-0873-7277,408 加藤 Street,青梅市,印旛郡印旛村,692-4420,JP,Japan,JAPAN,Japanese,Business,None,2019-05-20,2019,RETURNING,True,MDM,2019-05-20,2026-04-17 15:58:34.139407
44259f5a-08a6-44df-948b-8105f30f2b91,CUST-2019-JP-000709,香織,渡辺,香織 渡辺,Male,2002-10-05,user212.apple@icloud.com,62-2021-5788,753 前田 Street,新島村,香取市,797-4132,JP,Japan,JAPAN,Japanese,Consumer,None,2019-12-13,2019,RETURNING,True,MDM,2019-12-13,2026-04-17 15:58:34.139409
c93d8489-a83d-417f-8a35-839ab456f066,CUST-2019-JP-001603,香織,佐藤,香織 佐藤,Male,1959-09-20,user143.apple@msn.com,090-1388-2498,011 遠藤 Street,荒川区,千代田区,479-8409,JP,Japan,JAPAN,Japanese,Consumer,Gold,2019-03-09,2019,RETURNING,True,MDM,2019-03-09,2026-04-17 15:58:34.139410
6f4d8ca9-2e2b-456b-a565-64bbb8d89535,CUST-2019-JP-000963,くみ子,加藤,くみ子 加藤,Female,2005-05-16,user192.apple@outlook.com,080-8065-8898,096 高橋 Street,長生郡長柄町,利島村,984-0213,JP,Japan,JAPAN,Japanese,Consumer,None,2019-02-13,2019,RETURNING,True,MDM,2019-02-13,2026-04-17 15:58:34.139412
48e5b56c-c8f0-4a34-81d6-ed87a9b15ca5,CUST-2019-JP-000525,くみ子,後藤,くみ子 後藤,Male,1962-03-18,user483.apple@mail.com,070-7884-0449,582 佐々木 Street,西東京市,川崎市高津区,062-6475,JP,Japan,JAPAN,Japanese,Consumer,Platinum,2019-08-09,2019,RETURNING,True,MDM,2019-08-09,2026-04-17 15:58:34.139414
efe8344b-a53d-4836-943d-3dd111625fdb,CUST-2019-JP-002409,さゆり,松本,さゆり 松本,Male,2003-11-08,user649.apple@zoho.com,070-1609-3220,121 山田 Street,安房郡鋸南町,小金井市,269-8518,JP,Japan,JAPAN,Japanese,Consumer,None,2019-12-21,2019,RETURNING,True,MDM,2019-12-21,2026-04-17 15:58:34.139415
8935d1bf-9ebd-492c-89bf-d2a13ec95a0e,CUST-2019-JP-001646,明美,高橋,明美 高橋,Male,2000-07-14,user125.apple@outlook.com,090-8936-7262,277 中村 Street,練馬区,夷隅郡大多喜町,391-3696,JP,Japan,JAPAN,Japanese,Consumer,None,2019-06-30,2019,RETURNING,True,MDM,2019-06-30,2026-04-17 15:58:34.139417
3ae44066-8ab1-4eb1-9fb0-e55ad51687af,CUST-2019-JP-001680,拓真,井上,拓真 井上,Male,1950-12-13,user896.apple@protonmail.com,070-4634-5348,131 佐藤 Street,豊島区,横浜市保土ケ谷区,626-6136,JP,Japan,JAPAN,Japanese,Education,None,2019-05-07,2019,RETURNING,False,MDM,2019-05-07,2026-04-17 15:58:34.139419
8788ace7-c742-4435-bc13-7e8a63ffe69d,CUST-2019-JP-000619,和也,山田,和也 山田,Male,1998-09-26,user288.apple@gmail.com,070-1515-5203,443 斉藤 Street,日野市,袖ケ浦市,576-7616,JP,Japan,JAPAN,Japanese,Consumer,None,2019-01-13,2019,RETURNING,True,MDM,2019-01-13,2026-04-17 15:58:34.139421
52c5913f-1c3a-41f3-9ea7-562b9e7aacf8,CUST-2019-JP-001295,知実,松本,知実 松本,Male,2000-01-25,user849.apple862@icloud.com,30-4094-3442,638 遠藤 Street,横浜市金沢区,君津市,748-2127,JP,Japan,JAPAN,Japanese,Consumer,Gold,2019-05-25,2019,RETURNING,True,MDM,2019-05-25,2026-04-17 15:58:34.139422
42616297-4c84-4aae-a8e9-90ab235cdd69,CUST-2019-JP-002234,裕樹,遠藤,裕樹 遠藤,Female,1954-02-21,user386.apple@mail.com,070-2034-9040,746 佐々木 Street,鴨川市,山武市,266-6551,JP,Japan,JAPAN,Japanese,Business,Platinum,2019-10-14,2019,RETURNING,True,MDM,2019-10-14,2026-04-17 15:58:34.139424
73bc202e-bff7-41df-b87e-27bd3867bc11,CUST-2019-JP-000426,幹,三浦,幹 三浦,Female,1983-10-23,user122.apple477@live.com,32-3607-0574,657 田中 Street,品川区,小金井市,295-5367,JP,Japan,JAPAN,Japanese,Consumer,None,2019-05-03,2019,RETURNING,True,MDM,2019-05-03,2026-04-17 15:58:34.139426
96fa5f5c-580a-4f1c-9194-f41c21be13b2,CUST-2019-JP-000818,零,太田,零 太田,Male,1965-06-07,user147.apple@yahoo.com,74-4592-8799,114 林 Street,長生郡長南町,印旛郡栄町,919-3211,JP,Japan,JAPAN,Japanese,Business,Silver,2019-07-11,2019,RETURNING,True,MDM,2019-07-11,2026-04-17 15:58:34.139427
2f17254a-0816-462e-8dbf-3db693f68a6f,CUST-2019-JP-001620,零,松本,零 松本,Male,1965-08-04,user257.apple@protonmail.com,070-1363-6955,783 佐藤 Street,川崎市中原区,江戸川区,049-6021,JP,Japan,JAPAN,Japanese,Consumer,None,2019-10-07,2019,RETURNING,True,MDM,2019-10-07,2026-04-17 15:58:34.139429
8e00e0db-15ab-4a1e-89f3-f58eef155e8d,CUST-2019-JP-000255,学,近藤,学 近藤,Male,1981-04-05,user465.apple@outlook.com,47-6462-6766,980 三浦 Street,港区,足立区,715-6805,JP,Japan,JAPAN,Japanese,Business,None,2019-09-27,2019,RETURNING,True,MDM,2019-09-27,2026-04-17 15:58:34.139431
3d0ef6cd-b4d4-4f19-b0cb-917cadc35e94,CUST-2019-JP-000405,直樹,池田,直樹 池田,Male,1968-04-24,user498.apple@zoho.com,090-2721-7029,108 福田 Street,町田市,横浜市緑区,996-6118,JP,Japan,JAPAN,Japanese,Consumer,None,2019-07-23,2019,RETURNING,True,MDM,2019-07-23,2026-04-17 15:58:34.139432
3f44c1bc-82b8-4731-95cc-182cee8795b1,CUST-2019-JP-001033,健一,森,健一 森,Female,1993-10-30,user682.apple@protonmail.com,090-1162-1147,396 高橋 Street,新島村,三宅島三宅村,456-0563,JP,Japan,JAPAN,Japanese,Education,Silver,2019-01-17,2019,RETURNING,True,MDM,2019-01-17,2026-04-17 15:58:34.139434
6446cf5f-a57b-491a-8828-8485a9ec555a,CUST-2019-JP-002650,和也,木村,和也 木村,Male,2002-01-27,user504.apple@zoho.com,070-3410-7397,197 松田 Street,印旛郡印旛村,横浜市磯子区,676-3699,JP,Japan,JAPAN,Japanese,Consumer,None,2019-05-04,2019,RETURNING,True,MDM,2019-05-04,2026-04-17 15:58:34.139436
bf34a50e-a28b-4a2a-a07d-5b8b17b86be1,CUST-2019-JP-002369,晃,田中,晃 田中,Male,1971-08-06,user981.apple472@protonmail.com,080-4145-2393,397 山口 Street,川崎市宮前区,青ヶ島村,938-3595,JP,Japan,JAPAN,Japanese,Education,Silver,2019-06-20,2019,RETURNING,True,MDM,2019-06-20,2026-04-17 15:58:34.139437
6ff24e4b-35bf-4d2c-a3c5-fa029ee9b766,CUST-2019-JP-001132,陽子,橋本,陽子 橋本,Male,2007-08-03,user948.apple@aol.com,87-7837-0814,150 山下 Street,横浜市西区,長生郡白子町,666-9387,JP,Japan,JAPAN,Japanese,Consumer,None,2019-11-28,2019,RETURNING,True,MDM,2019-11-28,2026-04-17 15:58:34.139439
80f06f8a-3a21-49ee-ad7d-d80135725db1,CUST-2019-JP-000161,裕樹,小林,裕樹 小林,Female,2001-05-06,user322.apple@gmx.com,090-2625-8050,218 小川 Street,君津市,夷隅郡大多喜町,509-3185,JP,Japan,JAPAN,Japanese,Business,Gold,2019-12-19,2019,RETURNING,True,MDM,2019-12-19,2026-04-17 15:58:34.139441
6897b1b4-1689-45f6-a55d-f3af1e9108fa,CUST-2019-JP-002602,晃,岡田,晃 岡田,Male,1985-11-06,user895.apple@gmail.com,96-4190-4442,757 佐藤 Street,国立市,横浜市緑区,543-8198,JP,Japan,JAPAN,Japanese,Education,Gold,2019-01-04,2019,RETURNING,True,MDM,2019-01-04,2026-04-17 15:58:34.139442
7498bafd-54c8-4210-a905-610320d71878,CUST-2019-JP-000681,翔太,前田,翔太 前田,Female,1973-09-24,user881.apple@mail.com,070-0741-8380,227 吉田 Street,印西市,狛江市,273-2402,JP,Japan,JAPAN,Japanese,Consumer,Silver,2019-04-19,2019,RETURNING,True,MDM,2019-04-19,2026-04-17 15:58:34.139444
e785880b-2567-483e-8381-cefdbbee2b9f,CUST-2019-JP-002750,里佳,小林,里佳 小林,Male,1972-07-01,user152.apple@protonmail.com,070-7005-0354,143 伊藤 Street,浦安市,横浜市神奈川区,506-0543,JP,Japan,JAPAN,Japanese,Consumer,None,2019-08-28,2019,RETURNING,True,MDM,2019-08-28,2026-04-17 15:58:34.139445
1457e76d-7884-4be1-a628-dcb46348a93b,CUST-2019-JP-000719,健一,伊藤,健一 伊藤,Female,2006-04-26,user752.apple@protonmail.com,080-3412-6269,506 山崎 Street,横浜市中区,横浜市戸塚区,520-7276,JP,Japan,JAPAN,Japanese,Consumer,None,2019-10-17,2019,RETURNING,True,MDM,2019-10-17,2026-04-17 15:58:34.139447
9e6e3165-a1a7-47c9-9459-a4cc27a56e7d,CUST-2019-JP-002605,聡太郎,遠藤,聡太郎 遠藤,Female,1955-04-21,user458.apple196@outlook.com,070-2117-4830,945 加藤 Street,八街市,世田谷区,975-6852,JP,Japan,JAPAN,Japanese,Business,None,2019-12-24,2019,RETURNING,True,MDM,2019-12-24,2026-04-17 15:58:34.139449
43e9e2b9-bb14-4e2e-b188-29ff794402a0,CUST-2019-JP-000575,くみ子,橋本,くみ子 橋本,Male,1975-02-08,user924.apple@aol.com,35-0647-6495,660 小林 Street,香取郡東庄町,川崎市多摩区,473-6080,JP,Japan,JAPAN,Japanese,Consumer,Silver,2019-02-27,2019,RETURNING,True,MDM,2019-02-27,2026-04-17 15:58:34.139450
719ba9c0-fa82-4e4f-b71e-c6f10f0e0b31,CUST-2019-JP-002782,智也,佐々木,智也 佐々木,Female,1994-01-09,user631.apple@zoho.com,070-4556-0557,805 伊藤 Street,山武郡九十九里町,中央区,859-8969,JP,Japan,JAPAN,Japanese,Education,None,2019-03-16,2019,RETURNING,True,MDM,2019-03-16,2026-04-17 15:58:34.139452
40de9664-e6e4-4789-bbdc-3ee6814ccc20,CUST-2019-JP-001047,洋介,中島,洋介 中島,Male,1969-10-11,user951.apple@yahoo.com,080-1105-9110,256 中村 Street,大島町,横浜市瀬谷区,457-8169,JP,Japan,JAPAN,Japanese,Consumer,Silver,2019-05-11,2019,RETURNING,True,MDM,2019-05-11,2026-04-17 15:58:34.139453
a5393b5a-9960-477a-93e5-5e25cdcdcf3e,CUST-2019-JP-002209,修平,加藤,修平 加藤,Male,1954-11-04,user377.apple@protonmail.com,070-7511-3178,537 佐藤 Street,東村山市,横浜市瀬谷区,451-8652,JP,Japan,JAPAN,Japanese,Consumer,Gold,2019-09-22,2019,RETURNING,False,MDM,2019-09-22,2026-04-17 15:58:34.139455
fa711b4b-9431-4759-a39a-cc757041fe26,CUST-2019-JP-001125,翔太,小林,翔太 小林,Male,2005-03-30,user758.apple747@msn.com,31-9256-4201,697 前田 Street,印西市,香取郡東庄町,639-9531,JP,Japan,JAPAN,Japanese,Consumer,Silver,2019-05-18,2019,RETURNING,True,MDM,2019-05-18,2026-04-17 15:58:34.139456
8e984bbd-360d-4e20-ac6c-869bd72d7753,CUST-2019-JP-001348,里佳,林,里佳 林,Female,2000-09-11,user716.apple@aol.com,070-1052-9921,576 山口 Street,稲城市,横浜市鶴見区,387-8707,JP,Japan,JAPAN,Japanese,Consumer,None,2019-05-11,2019,RETURNING,True,MDM,2019-05-11,2026-04-17 15:58:34.139458
d8339587-1eb1-43a9-a858-b951f1974de0,CUST-2019-JP-002210,学,森,学 森,Male,1958-07-24,user836.apple14@gmail.com,090-6350-4522,556 長谷川 Street,印旛郡印旛村,台東区,844-1596,JP,Japan,JAPAN,Japanese,Consumer,None,2019-08-04,2019,RETURNING,True,MDM,2019-08-04,2026-04-17 15:58:34.139460
80467d1e-0e6b-481a-bffa-1b3efb7cf637,CUST-2019-JP-000160,健一,小川,健一 小川,Female,1952-01-10,user946.apple@protonmail.com,080-1170-7401,932 高橋 Street,葛飾区,西多摩郡瑞穂町,067-4963,JP,Japan,JAPAN,Japanese,Consumer,None,2019-11-30,2019,RETURNING,True,MDM,2019-11-30,2026-04-17 15:58:34.139462
94ea502f-3341-443a-b6d9-91704f728c01,CUST-2019-JP-001826,裕美子,前田,裕美子 前田,Female,1978-01-17,user273.apple@yahoo.com,070-1413-0841,087 福田 Street,国分寺市,江東区,402-9777,JP,Japan,JAPAN,Japanese,Consumer,None,2019-03-03,2019,RETURNING,True,MDM,2019-03-03,2026-04-17 15:58:34.139463
e761f592-9031-4815-9f53-ee8606d37302,CUST-2019-JP-002225,翼,前田,翼 前田,Male,2002-06-15,user386.apple@zoho.com,080-5064-6047,281 鈴木 Street,山武市,印旛郡酒々井町,084-7006,JP,Japan,JAPAN,Japanese,Consumer,Gold,2019-09-16,2019,RETURNING,True,MDM,2019-09-16,2026-04-17 15:58:34.139465
20b30cef-8bbd-4e3f-b762-bba411e39c43,CUST-2019-JP-001778,治,高橋,治 高橋,Male,1992-08-18,user756.apple954@aol.com,090-2373-6686,469 佐藤 Street,安房郡鋸南町,北区,484-6968,JP,Japan,JAPAN,Japanese,Consumer,None,2019-08-23,2019,RETURNING,True,MDM,2019-08-23,2026-04-17 15:58:34.139466
ea94c724-1896-431d-8145-b62811b3366b,CUST-2019-JP-000477,亮介,佐藤,亮介 佐藤,Male,1959-04-01,user897.apple626@mail.com,090-6727-6949,461 小林 Street,大網白里市,大島町,769-0120,JP,Japan,JAPAN,Japanese,Consumer,Silver,2019-02-20,2019,RETURNING,False,MDM,2019-02-20,2026-04-17 15:58:34.139468
7a645c12-c9a2-4f11-87ff-45d5b1c8abeb,CUST-2019-JP-000506,くみ子,佐藤,くみ子 佐藤,Female,2008-03-22,user436.apple719@hotmail.com,080-5850-1996,055 山口 Street,目黒区,川崎市多摩区,031-1665,JP,Japan,JAPAN,Japanese,Consumer,None,2019-10-20,2019,RETURNING,True,MDM,2019-10-20,2026-04-17 15:58:34.139470
6dce8ae7-31fd-4d6f-a8a9-130ea414b8ce,CUST-2019-JP-001319,明美,近藤,明美 近藤,Female,1954-06-22,user698.apple@outlook.com,080-9223-2773,380 佐藤 Street,横浜市戸塚区,横浜市戸塚区,854-1361,JP,Japan,JAPAN,Japanese,Consumer,Gold,2019-04-18,2019,RETURNING,True,MDM,2019-04-18,2026-04-17 15:58:34.139471
f82d517f-6bef-4108-bed1-9d7f914ec193,CUST-2019-JP-001107,香織,渡辺,香織 渡辺,Male,1987-08-11,user569.apple946@outlook.com,66-7456-6025,317 高橋 Street,川崎市川崎区,川崎市高津区,369-4370,JP,Japan,JAPAN,Japanese,Business,Gold,2019-07-05,2019,RETURNING,True,MDM,2019-07-05,2026-04-17 15:58:34.139473
ca59100c-96b0-463b-a5f5-1b1dc2dbe199,CUST-2019-JP-002436,洋介,前田,洋介 前田,Male,2004-12-10,user211.apple468@hotmail.com,080-5379-3147,610 藤田 Street,江東区,板橋区,476-1238,JP,Japan,JAPAN,Japanese,Consumer,Silver,2019-06-14,2019,RETURNING,True,MDM,2019-06-14,2026-04-17 15:58:34.139474
d4067c3d-ee33-4fad-bc4e-b9944ccff543,CUST-2019-JP-002665,舞,山本,舞 山本,Male,1987-05-03,user257.apple@gmail.com,090-2826-9741,108 岡田 Street,長生郡白子町,横浜市戸塚区,794-4334,JP,Japan,JAPAN,Japanese,Consumer,Silver,2019-12-24,2019,RETURNING,True,MDM,2019-12-24,2026-04-17 15:58:34.139475
d309bff4-0f20-407c-8521-937f3b1e8bc4,CUST-2019-JP-001177,京助,佐々木,京助 佐々木,Female,1995-04-20,user599.apple@mail.com,080-5856-5361,997 三浦 Street,長生郡長柄町,福生市,602-4729,JP,Japan,JAPAN,Japanese,Business,Silver,2019-07-16,2019,RETURNING,True,MDM,2019-07-16,2026-04-17 15:58:34.139477
1caa6946-b52a-416f-9897-110e21f422ef,CUST-2019-JP-000660,明美,松田,明美 松田,Male,1993-01-31,user417.apple978@zoho.com,94-8430-5492,530 山本 Street,清瀬市,横浜市瀬谷区,332-3789,JP,Japan,JAPAN,Japanese,Consumer,Platinum,2019-04-27,2019,RETURNING,True,MDM,2019-04-27,2026-04-17 15:58:34.139478
72d81d6c-6ddb-4f86-a43f-da1547b420d4,CUST-2019-JP-000333,翼,後藤,翼 後藤,Female,1972-11-17,user787.apple@yahoo.com,27-1279-2962,246 橋本 Street,川崎市多摩区,長生郡長生村,023-9208,JP,Japan,JAPAN,Japanese,Consumer,Silver,2019-01-17,2019,RETURNING,True,MDM,2019-01-17,2026-04-17 15:58:34.139480
6e69b2d9-83e1-470c-9fe1-406c5cca4822,CUST-2019-JP-002713,翼,清水,翼 清水,Male,1984-05-12,user577.apple@protonmail.com,99-6820-4027,245 池田 Street,練馬区,横浜市神奈川区,015-9248,JP,Japan,JAPAN,Japanese,Consumer,None,2019-11-27,2019,RETURNING,True,MDM,2019-11-27,2026-04-17 15:58:34.139482
629a221a-38f5-4d1b-ad15-d5fbad37a049,CUST-2019-JP-000592,七夏,山本,七夏 山本,Female,2001-02-06,user475.apple@zoho.com,090-5084-8866,253 加藤 Street,山武郡九十九里町,小金井市,415-1351,JP,Japan,JAPAN,Japanese,Consumer,Gold,2019-05-03,2019,RETURNING,True,MDM,2019-05-03,2026-04-17 15:58:34.139483
2ba7d3fc-76c4-4041-b9aa-4b2dc72d0303,CUST-2019-JP-002350,あすか,遠藤,あすか 遠藤,Male,1979-03-18,user671.apple@icloud.com,80-0001-5002,558 鈴木 Street,青ヶ島村,長生郡長生村,937-7870,JP,Japan,JAPAN,Japanese,Business,Platinum,2019-03-20,2019,RETURNING,True,MDM,2019-03-20,2026-04-17 15:58:34.139484
a53cea4b-e137-40da-8711-13143f0e6474,CUST-2019-JP-002111,英樹,吉田,英樹 吉田,Male,1982-06-12,user408.apple@protonmail.com,090-7402-8697,445 藤井 Street,利島村,長生郡長柄町,263-7470,JP,Japan,JAPAN,Japanese,Consumer,None,2019-12-04,2019,RETURNING,True,MDM,2019-12-04,2026-04-17 15:58:34.139486
69cd5ddc-240d-4bb1-a4d9-4eb40cebbf86,CUST-2019-JP-000768,結衣,佐藤,結衣 佐藤,Female,1988-11-19,user743.apple@hotmail.com,080-0380-0412,834 後藤 Street,西多摩郡奥多摩町,西多摩郡瑞穂町,632-9821,JP,Japan,JAPAN,Japanese,Business,Silver,2019-06-14,2019,RETURNING,True,MDM,2019-06-14,2026-04-17 15:58:34.139488
0f9cef76-4d7c-4c90-a5f0-69b1704dc89c,CUST-2019-JP-002780,あすか,橋本,あすか 橋本,Male,1987-10-26,user773.apple@zoho.com,44-9600-2246,205 山田 Street,川崎市中原区,横浜市緑区,962-8691,JP,Japan,JAPAN,Japanese,Consumer,None,2019-09-23,2019,RETURNING,True,MDM,2019-09-23,2026-04-17 15:58:34.139489
3ae81db3-f33b-4587-b508-b42a4b94a6a7,CUST-2019-JP-002226,陽一,中村,陽一 中村,Female,1967-05-02,user466.apple186@mail.com,22-1469-8583,613 佐々木 Street,川崎市高津区,山武郡横芝光町,476-7476,JP,Japan,JAPAN,Japanese,Business,Gold,2019-05-30,2019,RETURNING,True,MDM,2019-05-30,2026-04-17 15:58:34.139491
7bec515f-f41d-40ed-9c5e-dde446619d79,CUST-2019-JP-000715,あすか,森,あすか 森,Male,1954-07-18,user909.apple@msn.com,080-8241-3097,708 清水 Street,西多摩郡瑞穂町,杉並区,030-9075,JP,Japan,JAPAN,Japanese,Consumer,Silver,2019-06-13,2019,RETURNING,True,MDM,2019-06-13,2026-04-17 15:58:34.139492
7ea5adb0-6cef-45a6-a7f7-c948be5c8b94,CUST-2019-JP-001080,直子,木村,直子 木村,Male,1975-05-10,user345.apple@gmx.com,080-8489-3150,674 山田 Street,横浜市西区,川崎市幸区,246-9934,JP,Japan,JAPAN,Japanese,Education,None,2019-11-07,2019,RETURNING,True,MDM,2019-11-07,2026-04-17 15:58:34.139494
7a71be3c-f919-46d8-85b0-c01178499ded,CUST-2019-JP-000563,幹,石井,幹 石井,Female,2004-10-29,user677.apple@mail.com,090-9384-3080,779 清水 Street,狛江市,八千代市,213-3977,JP,Japan,JAPAN,Japanese,Business,None,2019-07-14,2019,RETURNING,True,MDM,2019-07-14,2026-04-17 15:58:34.139495
82bee94c-cb50-4ac1-b140-eb9c0a5335ba,CUST-2019-JP-000275,舞,岡田,舞 岡田,Male,2007-07-08,user335.apple@msn.com,090-1813-6082,592 吉田 Street,立川市,清瀬市,325-1496,JP,Japan,JAPAN,Japanese,Consumer,Platinum,2019-01-21,2019,RETURNING,True,MDM,2019-01-21,2026-04-17 15:58:34.139497
9a913333-f48a-4930-90d3-b607dc1241f7,CUST-2019-JP-001072,桃子,小川,桃子 小川,Male,1974-02-06,user980.apple@aol.com,070-6715-5112,520 田中 Street,立川市,山武市,987-2790,JP,Japan,JAPAN,Japanese,Business,Silver,2019-07-29,2019,RETURNING,True,MDM,2019-07-29,2026-04-17 15:58:34.139498
dbd0c66d-cd3c-482e-a6a4-c889314b1eca,CUST-2019-JP-002512,充,佐藤,充 佐藤,Male,1971-03-22,user119.apple316@outlook.com,47-6775-5287,809 森 Street,浦安市,横浜市都筑区,659-7555,JP,Japan,JAPAN,Japanese,Consumer,Silver,2019-12-23,2019,RETURNING,True,MDM,2019-12-23,2026-04-17 15:58:34.139500
ea45dd58-69a1-42ef-a975-81828a9b7e1b,CUST-2019-JP-001798,さゆり,田中,さゆり 田中,Female,1966-01-03,user934.apple@icloud.com,09-4241-6647,756 石井 Street,西多摩郡奥多摩町,八千代市,206-5333,JP,Japan,JAPAN,Japanese,Consumer,None,2019-06-29,2019,RETURNING,True,MDM,2019-06-29,2026-04-17 15:58:34.139501
fdecc09d-099f-477b-9613-eee29f77bf42,CUST-2019-JP-002030,くみ子,田中,くみ子 田中,Female,1964-01-02,user207.apple@gmail.com,090-5275-9778,233 石川 Street,香取郡神崎町,豊島区,285-1536,JP,Japan,JAPAN,Japanese,Consumer,Platinum,2019-09-28,2019,RETURNING,True,MDM,2019-09-28,2026-04-17 15:58:34.139503
332889a0-8a5b-4cdf-a3dc-16f56a70c968,CUST-2019-JP-000259,あすか,佐々木,あすか 佐々木,Female,1996-02-09,user280.apple@mail.com,080-6016-1994,331 山口 Street,立川市,狛江市,821-3552,JP,Japan,JAPAN,Japanese,Consumer,Platinum,2019-10-02,2019,RETURNING,True,MDM,2019-10-02,2026-04-17 15:58:34.139505
d6957d49-3206-4067-a0cc-eddb470f0cc9,CUST-2019-JP-001902,幹,前田,幹 前田,Female,1954-07-15,user251.apple871@icloud.com,62-1072-6519,061 池田 Street,国分寺市,西多摩郡日の出町,069-1045,JP,Japan,JAPAN,Japanese,Consumer,None,2019-10-09,2019,RETURNING,True,MDM,2019-10-09,2026-04-17 15:58:34.139506
857a638b-6dd5-4b08-aa27-f60f3598e6db,CUST-2019-JP-002727,桃子,田中,桃子 田中,Male,1959-03-24,user886.apple@icloud.com,080-6828-3317,186 中村 Street,立川市,川崎市川崎区,208-3690,JP,Japan,JAPAN,Japanese,Consumer,None,2019-09-07,2019,RETURNING,True,MDM,2019-09-07,2026-04-17 15:58:34.139508
003fdbbf-c71b-4b54-8cfe-c75b17aa2d6a,CUST-2019-JP-000986,裕樹,加藤,裕樹 加藤,Male,1990-05-15,user894.apple@zoho.com,080-3184-5081,758 遠藤 Street,あきる野市,稲城市,301-9868,JP,Japan,JAPAN,Japanese,Consumer,Gold,2019-01-16,2019,RETURNING,True,MDM,2019-01-16,2026-04-17 15:58:34.139509
f53e1ea7-5fdd-4013-bbfe-64db67cbe5f8,CUST-2019-JP-000248,知実,田中,知実 田中,Female,1992-07-12,user467.apple452@live.com,070-3793-9393,829 山本 Street,印旛郡酒々井町,西東京市,901-2219,JP,Japan,JAPAN,Japanese,Education,Silver,2019-12-11,2019,RETURNING,True,MDM,2019-12-11,2026-04-17 15:58:34.139511
4de02f28-eaa5-4fed-a35c-1d356058d084,CUST-2019-JP-001409,幹,山崎,幹 山崎,Female,1969-03-19,user403.apple621@msn.com,080-8299-4079,982 田中 Street,杉並区,北区,305-8542,JP,Japan,JAPAN,Japanese,Consumer,Silver,2019-04-27,2019,RETURNING,True,MDM,2019-04-27,2026-04-17 15:58:34.139512
fbb6ce35-48ac-4316-8a9d-225d6a92c3c2,CUST-2019-JP-001986,晃,山田,晃 山田,Male,1994-10-10,user441.apple@msn.com,090-0170-5259,083 中島 Street,いすみ市,白井市,493-4348,JP,Japan,JAPAN,Japanese,Consumer,Platinum,2019-02-03,2019,RETURNING,True,MDM,2019-02-03,2026-04-17 15:58:34.139514
461e99d1-b70c-4124-9249-a0cdddd38ae0,CUST-2019-JP-002601,和也,中川,和也 中川,Male,2002-03-16,user700.apple@gmx.com,58-2995-3005,636 中村 Street,鎌ケ谷市,国立市,886-1342,JP,Japan,JAPAN,Japanese,Education,None,2019-01-18,2019,RETURNING,True,MDM,2019-01-18,2026-04-17 15:58:34.139515
6129e6cc-4ff5-44ee-a197-b1714483bdbb,CUST-2019-JP-001565,治,山本,治 山本,Female,1999-06-29,user412.apple@live.com,51-6985-6205,445 長谷川 Street,横浜市神奈川区,印旛郡本埜村,074-8835,JP,Japan,JAPAN,Japanese,Consumer,Silver,2019-12-24,2019,RETURNING,True,MDM,2019-12-24,2026-04-17 15:58:34.139517
d35f5b55-9df8-4b0c-9169-8762989b58b1,CUST-2019-JP-000787,舞,中村,舞 中村,Female,1961-03-23,user180.apple128@protonmail.com,080-7333-8853,349 山下 Street,袖ケ浦市,東久留米市,669-6482,JP,Japan,JAPAN,Japanese,Consumer,Gold,2019-03-05,2019,RETURNING,True,MDM,2019-03-05,2026-04-17 15:58:34.139518
066ce6dd-8c90-4c2d-890d-618d4fbcf1fb,CUST-2019-JP-001321,洋介,藤田,洋介 藤田,Male,1976-08-16,user794.apple701@outlook.com,090-1847-9628,119 長谷川 Street,長生郡長生村,長生郡一宮町,662-4786,JP,Japan,JAPAN,Japanese,Consumer,Platinum,2019-06-13,2019,RETURNING,True,MDM,2019-06-13,2026-04-17 15:58:34.139519
182bb332-aa0c-41b4-bd88-3e67ee7e6d57,CUST-2019-JP-000231,零,高橋,零 高橋,Female,1953-03-08,user635.apple@hotmail.com,070-9569-4803,490 岡田 Street,浦安市,八千代市,227-2300,JP,Japan,JAPAN,Japanese,Consumer,None,2019-07-13,2019,RETURNING,True,MDM,2019-07-13,2026-04-17 15:58:34.139521
d17c7851-fa3a-44c0-be2b-b06ba33cb1d3,CUST-2019-JP-001556,康弘,高橋,康弘 高橋,Female,2003-01-31,user585.apple@icloud.com,070-5754-4072,588 佐々木 Street,葛飾区,江戸川区,023-6703,JP,Japan,JAPAN,Japanese,Consumer,None,2019-08-16,2019,RETURNING,True,MDM,2019-08-16,2026-04-17 15:58:34.139523
5526453c-c1a8-486a-8bbf-f4a3c51be8b7,CUST-2019-JP-001036,七夏,藤原,七夏 藤原,Male,2002-09-04,user819.apple@live.com,080-3883-5983,121 松田 Street,板橋区,世田谷区,041-5982,JP,Japan,JAPAN,Japanese,Consumer,Silver,2019-08-17,2019,RETURNING,True,MDM,2019-08-17,2026-04-17 15:58:34.139525
4d209eac-f8bd-44b6-87fd-28d47eeb7679,CUST-2019-JP-001009,零,佐藤,零 佐藤,Male,1988-08-02,user540.apple400@icloud.com,61-5564-7465,923 山田 Street,葛飾区,西東京市,685-6967,JP,Japan,JAPAN,Japanese,Consumer,Gold,2019-10-21,2019,RETURNING,True,MDM,2019-10-21,2026-04-17 15:58:34.139526
fd2ff702-35af-4d52-93f0-2b7d8c2714fb,CUST-2019-JP-000797,裕美子,小林,裕美子 小林,Male,2000-07-26,user682.apple@outlook.com,070-6232-6797,691 山下 Street,小金井市,立川市,080-9216,JP,Japan,JAPAN,Japanese,Consumer,None,2019-08-14,2019,RETURNING,True,MDM,2019-08-14,2026-04-17 15:58:34.139528
4a05c1d9-5183-45f8-9612-7a624f3a0820,CUST-2019-JP-001470,直子,高橋,直子 高橋,Female,1960-02-17,user670.apple17@yahoo.com,090-0455-6405,946 中村 Street,横浜市栄区,豊島区,381-3502,JP,Japan,JAPAN,Japanese,Consumer,None,2019-01-12,2019,RETURNING,True,MDM,2019-01-12,2026-04-17 15:58:34.139529
45bb8210-72ff-451a-8a89-4664bfbcd6a8,CUST-2019-JP-000545,英樹,小林,英樹 小林,Male,1950-06-01,user291.apple@yahoo.com,090-1945-9702,071 伊藤 Street,世田谷区,東久留米市,507-6654,JP,Japan,JAPAN,Japanese,Business,Platinum,2019-09-07,2019,RETURNING,True,MDM,2019-09-07,2026-04-17 15:58:34.139531
cf8573eb-dc7a-4c85-a040-9e5f7ea27a2c,CUST-2019-JP-000354,篤司,高橋,篤司 高橋,Male,1961-04-24,user205.apple162@hotmail.com,080-4828-0436,626 加藤 Street,横浜市神奈川区,我孫子市,175-0491,JP,Japan,JAPAN,Japanese,Consumer,Gold,2019-06-15,2019,RETURNING,True,MDM,2019-06-15,2026-04-17 15:58:34.139532
d70efc40-2b38-4da8-a383-40bd6957c6d9,CUST-2019-JP-001764,涼平,清水,涼平 清水,Female,1968-10-30,user555.apple833@aol.com,090-1450-4759,464 近藤 Street,横浜市栄区,香取郡東庄町,991-2827,JP,Japan,JAPAN,Japanese,Consumer,None,2019-06-29,2019,RETURNING,True,MDM,2019-06-29,2026-04-17 15:58:34.139534
c819eecd-b2a2-4c7a-a472-36fda9124a2f,CUST-2019-JP-002041,零,斉藤,零 斉藤,Male,1979-04-20,user309.apple632@gmail.com,070-3863-1367,697 山下 Street,練馬区,千代田区,106-5313,JP,Japan,JAPAN,Japanese,Consumer,None,2019-04-16,2019,RETURNING,True,MDM,2019-04-16,2026-04-17 15:58:34.139536
b552198b-516a-4b6a-95ff-7d7f73b006f8,CUST-2019-JP-000434,晃,松田,晃 松田,Male,1972-03-28,user621.apple@outlook.com,01-4435-6459,338 加藤 Street,杉並区,印旛郡酒々井町,918-4796,JP,Japan,JAPAN,Japanese,Consumer,None,2019-03-29,2019,RETURNING,True,MDM,2019-03-29,2026-04-17 15:58:34.139538
db7f9a93-8603-4361-b19e-091d1f09c2d5,CUST-2019-JP-001264,淳,中島,淳 中島,Male,1995-06-05,user726.apple@live.com,090-8597-3463,345 伊藤 Street,青ヶ島村,利島村,503-1232,JP,Japan,JAPAN,Japanese,Education,Silver,2019-08-14,2019,RETURNING,True,MDM,2019-08-14,2026-04-17 15:58:34.139539
e5786038-9316-49f3-8657-a3a76b814220,CUST-2019-JP-000046,陽子,中村,陽子 中村,Male,1965-01-06,user131.apple33@aol.com,080-3817-1329,817 山田 Street,新宿区,武蔵村山市,574-6224,JP,Japan,JAPAN,Japanese,Consumer,Silver,2019-10-28,2019,RETURNING,True,MDM,2019-10-28,2026-04-17 15:58:34.139541
67e30033-6a80-427a-a187-a00379e0d096,CUST-2019-JP-000601,零,鈴木,零 鈴木,Female,1972-11-19,user262.apple268@mail.com,080-4282-7948,969 中村 Street,中央区,小笠原村,673-3446,JP,Japan,JAPAN,Japanese,Consumer,None,2019-01-16,2019,RETURNING,True,MDM,2019-01-16,2026-04-17 15:58:34.139542
4d6ca436-bd46-4716-aed1-d4d3d8e471a7,CUST-2019-JP-001477,淳,鈴木,淳 鈴木,Male,1986-09-11,user381.apple@hotmail.com,090-3512-4319,338 山田 Street,葛飾区,夷隅郡御宿町,687-2996,JP,Japan,JAPAN,Japanese,Business,None,2019-03-21,2019,RETURNING,True,MDM,2019-03-21,2026-04-17 15:58:34.139544
344443ad-ad51-4f90-9099-74ff54e55dbf,CUST-2019-JP-002028,千代,伊藤,千代 伊藤,Female,1952-10-21,user998.apple@hotmail.com,080-6603-3912,243 鈴木 Street,江戸川区,武蔵村山市,455-0236,JP,Japan,JAPAN,Japanese,Consumer,None,2019-08-20,2019,RETURNING,True,MDM,2019-08-20,2026-04-17 15:58:34.139546
6d6bf692-baad-4d68-bbdc-83eac834bb9f,CUST-2019-JP-000358,裕太,清水,裕太 清水,Male,1959-09-25,user994.apple@protonmail.com,090-6688-6299,916 小林 Street,世田谷区,君津市,283-1541,JP,Japan,JAPAN,Japanese,Consumer,None,2019-03-25,2019,RETURNING,False,MDM,2019-03-25,2026-04-17 15:58:34.139547
0f84507c-6b1b-4e93-bcfe-983f5111dadb,CUST-2019-JP-001317,千代,吉田,千代 吉田,Male,2001-05-25,user839.apple61@protonmail.com,080-9137-4442,021 高橋 Street,印旛郡酒々井町,横浜市都筑区,785-9024,JP,Japan,JAPAN,Japanese,Consumer,Silver,2019-04-21,2019,RETURNING,True,MDM,2019-04-21,2026-04-17 15:58:34.139549
74a179d0-4928-4cb7-b3c3-748499759518,CUST-2019-JP-000189,涼平,鈴木,涼平 鈴木,Female,1991-02-10,user951.apple508@msn.com,45-4612-0944,580 加藤 Street,川崎市宮前区,福生市,521-2591,JP,Japan,JAPAN,Japanese,Consumer,None,2019-12-24,2019,RETURNING,True,MDM,2019-12-24,2026-04-17 15:58:34.139551
d6c707c0-c376-4e88-b014-b6375d4e8bf2,CUST-2019-JP-000017,裕美子,福田,裕美子 福田,Male,1990-04-18,user143.apple@gmail.com,090-2082-0996,990 佐々木 Street,横浜市戸塚区,横浜市金沢区,212-3889,JP,Japan,JAPAN,Japanese,Business,None,2019-11-20,2019,RETURNING,True,MDM,2019-11-20,2026-04-17 15:58:34.139552
c219c4e7-8f8f-445e-bc4e-2bc990859156,CUST-2019-JP-002595,直子,中村,直子 中村,Female,1962-06-10,user810.apple@live.com,32-9179-4939,512 岡田 Street,目黒区,西東京市,526-7535,JP,Japan,JAPAN,Japanese,Consumer,None,2019-01-18,2019,RETURNING,True,MDM,2019-01-18,2026-04-17 15:58:34.139554
cf2aa558-32a4-4e9e-8e11-762ba3b2fa40,CUST-2019-JP-002278,零,西村,零 西村,Male,2004-03-19,user418.apple179@gmail.com,090-3406-9103,150 斉藤 Street,安房郡鋸南町,川崎市高津区,126-4772,JP,Japan,JAPAN,Japanese,Education,None,2019-11-18,2019,RETURNING,False,MDM,2019-11-18,2026-04-17 15:58:34.139556
07348b5f-44f7-4ea6-a368-7e530edc0135,CUST-2019-JP-000633,学,近藤,学 近藤,Male,2003-01-02,user964.apple640@gmx.com,46-1452-4489,866 吉田 Street,横浜市港北区,練馬区,207-9814,JP,Japan,JAPAN,Japanese,Education,None,2019-11-25,2019,RETURNING,True,MDM,2019-11-25,2026-04-17 15:58:34.139558
ceeec4e1-3362-4456-bcd8-49348bcc23d7,CUST-2019-JP-000852,加奈,太田,加奈 太田,Male,1990-02-07,user461.apple@live.com,070-2869-4985,915 佐々木 Street,町田市,長生郡睦沢町,761-5939,JP,Japan,JAPAN,Japanese,Consumer,None,2019-11-18,2019,RETURNING,True,MDM,2019-11-18,2026-04-17 15:58:34.139559
5d76b0f4-be11-4540-a751-1b0cd54040b4,CUST-2019-JP-001821,浩,清水,浩 清水,Female,1958-11-07,user610.apple@icloud.com,070-2826-7922,039 斎藤 Street,長生郡白子町,浦安市,987-5544,JP,Japan,JAPAN,Japanese,Consumer,None,2019-01-12,2019,RETURNING,True,MDM,2019-01-12,2026-04-17 15:58:34.139561
b19489e8-2e30-4e5e-98e5-6d39d2c41a38,CUST-2019-JP-002166,七夏,池田,七夏 池田,Male,1958-09-28,user603.apple146@yahoo.com,080-9489-5842,984 山口 Street,横浜市中区,目黒区,756-9854,JP,Japan,JAPAN,Japanese,Consumer,None,2019-09-18,2019,RETURNING,True,MDM,2019-09-18,2026-04-17 15:58:34.139563
b47eb974-edad-4e45-8874-e6a8c9ba0732,CUST-2019-JP-000972,結衣,遠藤,結衣 遠藤,Female,2006-05-27,user830.apple@mail.com,080-8810-5914,740 遠藤 Street,文京区,長生郡長柄町,682-6636,JP,Japan,JAPAN,Japanese,Consumer,Silver,2019-07-09,2019,RETURNING,True,MDM,2019-07-09,2026-04-17 15:58:34.139564
cff352fe-777e-4d3c-b064-e95dc1737e26,CUST-2019-JP-002720,直樹,森,直樹 森,Female,1952-10-22,user830.apple970@icloud.com,080-4804-8413,258 鈴木 Street,調布市,稲城市,021-1913,JP,Japan,JAPAN,Japanese,Consumer,Silver,2019-01-30,2019,RETURNING,True,MDM,2019-01-30,2026-04-17 15:58:34.139566
eb752d9b-5aed-4ece-849c-1c7ca0a73378,CUST-2019-JP-000184,涼平,佐々木,涼平 佐々木,Male,1999-04-23,user571.apple@msn.com,21-8621-2428,213 佐々木 Street,国立市,我孫子市,468-6468,JP,Japan,JAPAN,Japanese,Consumer,Silver,2019-02-21,2019,RETURNING,True,MDM,2019-02-21,2026-04-17 15:58:34.139567
b6ce84b7-c25c-4642-ace0-41799507e02c,CUST-2019-JP-001266,裕太,高橋,裕太 高橋,Female,1976-05-19,user716.apple970@aol.com,090-9590-4720,909 木村 Street,横浜市保土ケ谷区,港区,642-6229,JP,Japan,JAPAN,Japanese,Consumer,Silver,2019-12-13,2019,RETURNING,True,MDM,2019-12-13,2026-04-17 15:58:34.139569
d1538234-a144-46a7-95d0-b8f2b6adebb4,CUST-2019-JP-001112,春香,田中,春香 田中,Female,1966-08-05,user635.apple@gmail.com,080-0456-0243,996 小川 Street,青ヶ島村,横浜市南区,495-2074,JP,Japan,JAPAN,Japanese,Business,None,2019-04-17,2019,RETURNING,True,MDM,2019-04-17,2026-04-17 15:58:34.139571
231cfe68-9f8b-4716-bfd0-581c6c0be06e,CUST-2019-JP-002252,学,高橋,学 高橋,Male,1977-11-08,user457.apple@live.com,090-6908-2701,707 田中 Street,印西市,足立区,913-0839,JP,Japan,JAPAN,Japanese,Education,Platinum,2019-01-12,2019,RETURNING,True,MDM,2019-01-12,2026-04-17 15:58:34.139573
5a487997-7b48-44b0-8e5a-285441791114,CUST-2019-JP-002478,さゆり,加藤,さゆり 加藤,Male,2005-11-14,user705.apple844@gmail.com,36-1780-8764,652 田中 Street,横浜市瀬谷区,青ヶ島村,965-7367,JP,Japan,JAPAN,Japanese,Business,Silver,2019-08-21,2019,RETURNING,True,MDM,2019-08-21,2026-04-17 15:58:34.139575
d768ed2d-fe74-49fa-bb7a-188fcd4b6bd4,CUST-2019-JP-001064,拓真,伊藤,拓真 伊藤,Male,1980-04-30,user390.apple@msn.com,080-6516-7590,374 斉藤 Street,港区,西多摩郡瑞穂町,555-7312,JP,Japan,JAPAN,Japanese,Consumer,Gold,2019-06-16,2019,RETURNING,True,MDM,2019-06-16,2026-04-17 15:58:34.139576
31565a5d-385f-4a10-8272-884f11f704d3,CUST-2019-JP-001375,舞,佐々木,舞 佐々木,Male,1950-06-18,user107.apple@gmx.com,12-5636-9502,462 清水 Street,小平市,山武郡芝山町,263-4667,JP,Japan,JAPAN,Japanese,Consumer,Gold,2019-05-09,2019,RETURNING,True,MDM,2019-05-09,2026-04-17 15:58:34.139579
a84d933b-e733-4b6c-9ab6-017d271a3fbc,CUST-2019-JP-001730,翔太,佐藤,翔太 佐藤,Male,1968-12-19,user555.apple595@aol.com,56-3106-2736,735 高橋 Street,新宿区,横浜市磯子区,802-4155,JP,Japan,JAPAN,Japanese,Education,None,2019-11-25,2019,RETURNING,True,MDM,2019-11-25,2026-04-17 15:58:34.139581
c9df8a22-bf2c-4f9b-8970-c1b36329f106,CUST-2019-JP-002060,あすか,近藤,あすか 近藤,Female,1999-12-16,user313.apple@hotmail.com,57-1141-4258,345 渡辺 Street,狛江市,長生郡睦沢町,905-0727,JP,Japan,JAPAN,Japanese,Consumer,None,2019-10-27,2019,RETURNING,True,MDM,2019-10-27,2026-04-17 15:58:34.139582
f26bd0c7-832b-4910-8840-275838d4db14,CUST-2019-JP-001455,翔太,長谷川,翔太 長谷川,Female,1963-08-07,user818.apple@protonmail.com,080-1303-2333,518 池田 Street,荒川区,目黒区,200-2934,JP,Japan,JAPAN,Japanese,Consumer,Gold,2019-03-22,2019,RETURNING,True,MDM,2019-03-22,2026-04-17 15:58:34.139584
9686e54b-5aa1-4b0e-8988-cef0357652d0,CUST-2019-JP-001109,くみ子,後藤,くみ子 後藤,Female,1976-01-22,user572.apple@protonmail.com,91-9102-3312,489 近藤 Street,印西市,鴨川市,909-7755,JP,Japan,JAPAN,Japanese,Consumer,Gold,2019-03-13,2019,RETURNING,True,MDM,2019-03-13,2026-04-17 15:58:34.139585
13c77b3b-6d37-43cf-a342-3f821d46298c,CUST-2019-JP-001180,幹,中川,幹 中川,Male,1983-03-04,user124.apple952@live.com,080-6986-4221,760 藤井 Street,浦安市,杉並区,645-4368,JP,Japan,JAPAN,Japanese,Consumer,None,2019-02-23,2019,RETURNING,False,MDM,2019-02-23,2026-04-17 15:58:34.139587
ae1503a6-28c1-4a11-81ab-c492acf96e39,CUST-2019-JP-001573,充,伊藤,充 伊藤,Male,1969-08-25,user963.apple@protonmail.com,48-6526-4551,584 加藤 Street,西多摩郡奥多摩町,小平市,786-8382,JP,Japan,JAPAN,Japanese,Business,None,2019-12-11,2019,RETURNING,True,MDM,2019-12-11,2026-04-17 15:58:34.139589
322e1ac1-a7eb-4e35-b764-5b9f3a310826,CUST-2019-JP-000096,英樹,中村,英樹 中村,Female,1955-02-04,user526.apple@gmail.com,73-1093-9012,529 中村 Street,足立区,横浜市金沢区,406-2916,JP,Japan,JAPAN,Japanese,Consumer,Gold,2019-08-15,2019,RETURNING,True,MDM,2019-08-15,2026-04-17 15:58:34.139590
32dd0943-8818-4811-8f05-cd1566034727,CUST-2019-JP-002240,淳,中島,淳 中島,Female,1992-08-08,user442.apple@yahoo.com,090-4092-3952,217 高橋 Street,横浜市鶴見区,台東区,588-3135,JP,Japan,JAPAN,Japanese,Consumer,None,2019-03-25,2019,RETURNING,True,MDM,2019-03-25,2026-04-17 15:58:34.139592
6db96201-0f4a-4a71-8263-7b410d02deba,CUST-2019-JP-000384,健一,木村,健一 木村,Male,1971-07-23,user186.apple@gmx.com,070-0457-0845,187 松田 Street,八千代市,北区,783-7576,JP,Japan,JAPAN,Japanese,Business,None,2019-11-05,2019,RETURNING,True,MDM,2019-11-05,2026-04-17 15:58:34.139594
fd050d24-56b0-4414-8052-e2da6c10e563,CUST-2019-JP-002146,幹,藤原,幹 藤原,Female,1970-09-30,user675.apple@yahoo.com,080-3261-8628,281 藤田 Street,調布市,港区,335-3504,JP,Japan,JAPAN,Japanese,Business,Platinum,2019-09-06,2019,RETURNING,True,MDM,2019-09-06,2026-04-17 15:58:34.139595
1f69cdda-8a8d-4915-9a9c-133f9fb9770b,CUST-2019-JP-002053,亮介,山本,亮介 山本,Female,1975-10-25,user182.apple852@gmail.com,63-9391-2002,709 前田 Street,白井市,品川区,240-4994,JP,Japan,JAPAN,Japanese,Consumer,None,2019-12-18,2019,RETURNING,False,MDM,2019-12-18,2026-04-17 15:58:34.139597
42165f30-4348-409e-b2ac-50ac589b8675,CUST-2019-JP-001699,くみ子,佐藤,くみ子 佐藤,Male,1954-10-11,user286.apple247@gmail.com,080-1096-4594,955 斎藤 Street,横浜市都筑区,川崎市中原区,645-2138,JP,Japan,JAPAN,Japanese,Consumer,Platinum,2019-11-08,2019,RETURNING,True,MDM,2019-11-08,2026-04-17 15:58:34.139598
578f2697-a91b-4e51-9831-372d0e766012,CUST-2019-JP-000252,聡太郎,佐藤,聡太郎 佐藤,Male,1986-12-06,user526.apple@aol.com,090-5714-1183,545 小川 Street,安房郡鋸南町,江戸川区,334-2910,JP,Japan,JAPAN,Japanese,Consumer,Platinum,2019-02-13,2019,RETURNING,True,MDM,2019-02-13,2026-04-17 15:58:34.139600
338b75ee-7a5b-4179-bb2b-e2414911f430,CUST-2019-JP-002578,翼,福田,翼 福田,Male,2003-10-26,user517.apple7@aol.com,070-3294-3682,046 山本 Street,大網白里市,長生郡長南町,099-8645,JP,Japan,JAPAN,Japanese,Business,Silver,2019-10-06,2019,RETURNING,True,MDM,2019-10-06,2026-04-17 15:58:34.139601
fb869ff1-4912-4584-be1e-ed145875b7c0,CUST-2019-JP-002658,拓真,小林,拓真 小林,Male,1984-03-17,user592.apple@icloud.com,080-3623-3492,134 清水 Street,墨田区,印旛郡本埜村,707-6187,JP,Japan,JAPAN,Japanese,Education,None,2019-09-19,2019,RETURNING,True,MDM,2019-09-19,2026-04-17 15:58:34.139603
9028dbc5-4d9b-4c19-95da-9b1532dae455,CUST-2019-JP-002056,真綾,吉田,真綾 吉田,Female,2001-11-09,user426.apple@aol.com,080-9378-0633,980 前田 Street,山武郡九十九里町,横浜市鶴見区,918-7660,JP,Japan,JAPAN,Japanese,Business,Silver,2019-10-06,2019,RETURNING,True,MDM,2019-10-06,2026-04-17 15:58:34.139604
21c2b17b-2a5b-418c-b8f1-38c6e79cb0b8,CUST-2019-JP-002328,智也,石川,智也 石川,Male,1958-01-28,user946.apple@icloud.com,080-5039-4056,052 清水 Street,西多摩郡奥多摩町,横浜市保土ケ谷区,593-1679,JP,Japan,JAPAN,Japanese,Consumer,None,2019-12-14,2019,RETURNING,True,MDM,2019-12-14,2026-04-17 15:58:34.139606
4235f7f0-7381-4804-9e4d-8fc6d0015631,CUST-2019-JP-001462,さゆり,加藤,さゆり 加藤,Female,1994-03-13,user637.apple@mail.com,080-0201-4727,658 佐藤 Street,御蔵島村,横浜市保土ケ谷区,095-9113,JP,Japan,JAPAN,Japanese,Consumer,Platinum,2019-01-09,2019,RETURNING,True,MDM,2019-01-09,2026-04-17 15:58:34.139608
5d342f93-c7a0-49f2-b590-b54ab0247792,CUST-2019-JP-002325,里佳,池田,里佳 池田,Male,1963-06-25,user852.apple@msn.com,070-2957-6957,092 山本 Street,あきる野市,大田区,394-0844,JP,Japan,JAPAN,Japanese,Consumer,Silver,2019-07-07,2019,RETURNING,True,MDM,2019-07-07,2026-04-17 15:58:34.139610
96c5bf46-95b8-47e7-860a-4ce240a3fe6a,CUST-2019-JP-000534,浩,田中,浩 田中,Female,1997-10-24,user488.apple419@msn.com,090-9971-0762,972 後藤 Street,横浜市緑区,長生郡睦沢町,989-5180,JP,Japan,JAPAN,Japanese,Consumer,None,2019-07-23,2019,RETURNING,True,MDM,2019-07-23,2026-04-17 15:58:34.139612
bbc1b212-fbad-40dd-8cde-f0db7ae407d2,CUST-2019-JP-000007,和也,岡田,和也 岡田,Female,1975-01-14,user666.apple@live.com,070-8209-0614,100 藤原 Street,いすみ市,横浜市栄区,458-0455,JP,Japan,JAPAN,Japanese,Consumer,None,2019-04-28,2019,RETURNING,True,MDM,2019-04-28,2026-04-17 15:58:34.139613
409536cd-d662-410e-b73d-229afe3e6a96,CUST-2019-JP-000613,直人,高橋,直人 高橋,Male,2003-09-11,user678.apple@gmx.com,090-0542-5173,306 加藤 Street,足立区,西多摩郡瑞穂町,582-7667,JP,Japan,JAPAN,Japanese,Consumer,None,2019-03-20,2019,RETURNING,True,MDM,2019-03-20,2026-04-17 15:58:34.139615
9841cb0c-66ca-4231-a36a-0d296e379907,CUST-2019-JP-000146,直子,西村,直子 西村,Male,1989-05-22,user624.apple946@zoho.com,090-8547-6805,930 田中 Street,東大和市,川崎市多摩区,731-4989,JP,Japan,JAPAN,Japanese,Consumer,None,2019-03-02,2019,RETURNING,True,MDM,2019-03-02,2026-04-17 15:58:34.139617
ea23a385-ebbd-4461-82d8-0fbdf49b0f8f,CUST-2019-JP-002407,健一,田中,健一 田中,Female,1956-08-20,user155.apple@live.com,07-0917-1499,284 石川 Street,横浜市緑区,府中市,752-1435,JP,Japan,JAPAN,Japanese,Consumer,Silver,2019-07-14,2019,RETURNING,True,MDM,2019-07-14,2026-04-17 15:58:34.139618
bc7741ce-ef42-48b9-a490-a6f3d380a76f,CUST-2019-JP-002319,聡太郎,渡辺,聡太郎 渡辺,Male,1999-05-03,user104.apple@mail.com,070-2720-6013,947 鈴木 Street,杉並区,武蔵村山市,142-2870,JP,Japan,JAPAN,Japanese,Consumer,None,2019-08-29,2019,RETURNING,True,MDM,2019-08-29,2026-04-17 15:58:34.139620
e6e3fcac-2357-4543-bb23-d5cd2c15b4e4,CUST-2019-JP-001717,稔,石川,稔 石川,Male,1961-01-08,user155.apple@aol.com,090-3645-6643,990 後藤 Street,新島村,鎌ケ谷市,379-9355,JP,Japan,JAPAN,Japanese,Consumer,Gold,2019-07-07,2019,RETURNING,True,MDM,2019-07-07,2026-04-17 15:58:34.139622
37b490e6-d4d4-4fd3-96cd-932548f894ed,CUST-2019-JP-001018,稔,岡本,稔 岡本,Male,1965-09-14,user265.apple@icloud.com,070-8553-7094,394 佐々木 Street,横浜市西区,匝瑳市,255-0212,JP,Japan,JAPAN,Japanese,Consumer,Platinum,2019-06-03,2019,RETURNING,False,MDM,2019-06-03,2026-04-17 15:58:34.139623
4f136f59-44a1-4bff-a592-cfa3b39ae03d,CUST-2019-JP-000133,千代,藤原,千代 藤原,Female,1975-02-06,user603.apple306@yahoo.com,080-5983-9220,541 中島 Street,台東区,横浜市磯子区,419-7826,JP,Japan,JAPAN,Japanese,Consumer,Silver,2019-06-24,2019,RETURNING,True,MDM,2019-06-24,2026-04-17 15:58:34.139625
9ca2e296-04ca-4d45-9597-e849faffb7ed,CUST-2019-JP-000683,裕樹,山口,裕樹 山口,Female,1992-08-06,user120.apple837@mail.com,080-0324-0780,345 藤井 Street,横浜市港北区,印旛郡印旛村,184-7765,JP,Japan,JAPAN,Japanese,Consumer,None,2019-10-15,2019,RETURNING,True,MDM,2019-10-15,2026-04-17 15:58:34.139627
e21b76e7-e3d7-49a6-8d7f-4d9775b2ee38,CUST-2019-JP-002223,裕樹,岡田,裕樹 岡田,Male,1966-02-03,user420.apple@outlook.com,080-3862-6077,344 前田 Street,匝瑳市,立川市,069-4337,JP,Japan,JAPAN,Japanese,Education,None,2019-12-10,2019,RETURNING,True,MDM,2019-12-10,2026-04-17 15:58:34.139628
a3616538-9cdf-4109-bb32-74fa0dddaf4b,CUST-2019-JP-001788,康弘,伊藤,康弘 伊藤,Male,1982-10-23,user669.apple17@mail.com,23-6461-0287,454 渡辺 Street,夷隅郡大多喜町,多摩市,399-2613,JP,Japan,JAPAN,Japanese,Consumer,None,2019-11-21,2019,RETURNING,True,MDM,2019-11-21,2026-04-17 15:58:34.139630
fe0d83a0-6645-4d00-b231-ed6017344b3b,CUST-2019-JP-001553,充,近藤,充 近藤,Male,1981-06-26,user356.apple@protonmail.com,080-4182-3668,492 三浦 Street,あきる野市,板橋区,961-5206,JP,Japan,JAPAN,Japanese,Consumer,Silver,2019-06-12,2019,RETURNING,True,MDM,2019-06-12,2026-04-17 15:58:34.139632
3bebf411-d482-4f44-b21e-dc22888948d0,CUST-2019-JP-001865,裕樹,加藤,裕樹 加藤,Male,1992-07-23,user499.apple@outlook.com,080-7760-2080,997 田中 Street,横浜市鶴見区,町田市,751-7311,JP,Japan,JAPAN,Japanese,Consumer,None,2019-10-02,2019,RETURNING,True,MDM,2019-10-02,2026-04-17 15:58:34.139634
d5feda2c-385d-4d75-bb5a-0059d47d0bc1,CUST-2019-JP-001338,真綾,斉藤,真綾 斉藤,Female,1957-07-24,user280.apple531@live.com,080-1620-0326,724 鈴木 Street,国分寺市,品川区,428-3161,JP,Japan,JAPAN,Japanese,Consumer,None,2019-09-27,2019,RETURNING,True,MDM,2019-09-27,2026-04-17 15:58:34.139635
1b23da19-2a70-4181-b266-6218eed9c310,CUST-2019-JP-000464,里佳,加藤,里佳 加藤,Female,2001-11-12,user458.apple@msn.com,77-7539-7334,204 田中 Street,君津市,横浜市西区,580-6117,JP,Japan,JAPAN,Japanese,Consumer,None,2019-02-22,2019,RETURNING,True,MDM,2019-02-22,2026-04-17 15:58:34.139637
915f9c76-9058-4c4d-af9b-b163f7f4fbaa,CUST-2019-JP-002701,千代,鈴木,千代 鈴木,Male,1978-01-10,user113.apple@live.com,090-2289-2121,147 福田 Street,香取郡東庄町,羽村市,451-4031,JP,Japan,JAPAN,Japanese,Education,Platinum,2019-09-06,2019,RETURNING,True,MDM,2019-09-06,2026-04-17 15:58:34.139638
8bf9a2f7-be44-4ab5-9892-966fd1ecbaa3,CUST-2019-JP-000939,あすか,加藤,あすか 加藤,Female,1977-05-11,user840.apple@msn.com,090-3087-7362,986 山本 Street,横浜市瀬谷区,神津島村,199-8301,JP,Japan,JAPAN,Japanese,Consumer,None,2019-04-26,2019,RETURNING,True,MDM,2019-04-26,2026-04-17 15:58:34.139640
aa5e7c21-aab7-4bda-8884-06495f956edd,CUST-2019-JP-000138,晃,高橋,晃 高橋,Male,1984-02-04,user202.apple319@live.com,38-6682-0104,364 鈴木 Street,横浜市磯子区,稲城市,622-2739,JP,Japan,JAPAN,Japanese,Consumer,Silver,2019-09-23,2019,RETURNING,False,MDM,2019-09-23,2026-04-17 15:58:34.139642
a09aa165-da1d-46cd-8239-195ad32f9f93,CUST-2019-JP-001216,治,林,治 林,Male,1962-10-03,user567.apple@hotmail.com,070-5596-1829,249 高橋 Street,いすみ市,いすみ市,484-1679,JP,Japan,JAPAN,Japanese,Education,None,2019-11-09,2019,RETURNING,True,MDM,2019-11-09,2026-04-17 15:58:34.139644
947bc9be-942d-4c98-bbe6-b4487cb31fce,CUST-2019-JP-000511,涼平,佐藤,涼平 佐藤,Male,1999-09-17,user677.apple822@mail.com,070-8194-8984,076 渡辺 Street,印西市,安房郡鋸南町,759-0485,JP,Japan,JAPAN,Japanese,Consumer,Gold,2019-08-02,2019,RETURNING,True,MDM,2019-08-02,2026-04-17 15:58:34.139645
0314ecef-a520-49c5-97d5-3e0ffc4a0e97,CUST-2019-JP-000546,充,鈴木,充 鈴木,Male,1973-03-09,user364.apple@live.com,090-8023-8281,981 吉田 Street,横浜市南区,印旛郡栄町,438-0908,JP,Japan,JAPAN,Japanese,Consumer,None,2019-12-15,2019,RETURNING,True,MDM,2019-12-15,2026-04-17 15:58:34.139647
ed1690af-5f9f-4ada-b88e-da20fa7a5fa5,CUST-2019-JP-001150,香織,中村,香織 中村,Male,1951-06-17,user156.apple@msn.com,080-6067-7931,712 田中 Street,鎌ケ谷市,いすみ市,093-8484,JP,Japan,JAPAN,Japanese,Consumer,Silver,2019-11-20,2019,RETURNING,False,MDM,2019-11-20,2026-04-17 15:58:34.139649
57a04c15-a70b-4990-b6eb-48cbd1374e80,CUST-2019-JP-000177,智也,吉田,智也 吉田,Female,1977-12-28,user483.apple@aol.com,090-9762-3008,697 佐藤 Street,渋谷区,袖ケ浦市,738-8545,JP,Japan,JAPAN,Japanese,Consumer,None,2019-11-08,2019,RETURNING,True,MDM,2019-11-08,2026-04-17 15:58:34.139650
c5f1b4ca-e273-4c56-b7c2-e3b93c608d90,CUST-2019-JP-001776,桃子,山本,桃子 山本,Female,2007-08-07,user473.apple831@msn.com,070-1396-1780,071 長谷川 Street,青ヶ島村,大島町,221-1241,JP,Japan,JAPAN,Japanese,Business,None,2019-02-27,2019,RETURNING,True,MDM,2019-02-27,2026-04-17 15:58:34.139652
187665cd-c05d-464d-b889-df40dcde167d,CUST-2019-JP-001384,里佳,太田,里佳 太田,Male,1988-04-01,user601.apple@yahoo.com,080-2619-2721,173 鈴木 Street,稲城市,横浜市瀬谷区,427-8840,JP,Japan,JAPAN,Japanese,Consumer,None,2019-07-09,2019,RETURNING,True,MDM,2019-07-09,2026-04-17 15:58:34.139654
9f0be0bb-9ec0-481b-9408-10a95b9edd4c,CUST-2019-JP-002051,加奈,田中,加奈 田中,Male,1983-12-20,user950.apple@gmx.com,090-0907-5378,764 中川 Street,目黒区,我孫子市,382-9171,JP,Japan,JAPAN,Japanese,Consumer,Silver,2019-06-14,2019,RETURNING,True,MDM,2019-06-14,2026-04-17 15:58:34.139655
d02bc9d5-a1c7-4788-ae84-bb8f1ec80cb0,CUST-2019-JP-001681,和也,橋本,和也 橋本,Male,2000-11-02,user464.apple165@gmx.com,070-7346-0724,455 遠藤 Street,中野区,匝瑳市,495-9835,JP,Japan,JAPAN,Japanese,Consumer,Gold,2019-05-21,2019,RETURNING,True,MDM,2019-05-21,2026-04-17 15:58:34.139657
068bd591-7ce2-42a8-a6bc-a54fc084e83b,CUST-2019-JP-000428,真綾,斎藤,真綾 斎藤,Female,1992-08-26,user702.apple46@yahoo.com,090-0045-3201,972 中村 Street,香取郡東庄町,浦安市,300-2110,JP,Japan,JAPAN,Japanese,Consumer,Silver,2019-02-12,2019,RETURNING,True,MDM,2019-02-12,2026-04-17 15:58:34.139658
0411754f-1dbf-42fb-8e1c-691eb6216808,CUST-2019-JP-001665,さゆり,佐藤,さゆり 佐藤,Female,1953-03-13,user915.apple@aol.com,080-4210-7186,357 山田 Street,白井市,南房総市,315-9483,JP,Japan,JAPAN,Japanese,Consumer,Platinum,2019-10-10,2019,RETURNING,True,MDM,2019-10-10,2026-04-17 15:58:34.139660
c67b9179-50a5-4788-9ffd-f507e2e1f2e5,CUST-2019-JP-000668,くみ子,加藤,くみ子 加藤,Male,1982-07-15,user515.apple255@zoho.com,080-7349-6561,194 佐藤 Street,青ヶ島村,八王子市,871-7367,JP,Japan,JAPAN,Japanese,Business,None,2019-10-30,2019,RETURNING,True,MDM,2019-10-30,2026-04-17 15:58:34.139662
474ef3a1-ef0c-4970-86d1-2ccee43ccfee,CUST-2019-JP-001787,英樹,中村,英樹 中村,Male,1994-06-19,user369.apple101@aol.com,090-6605-4669,221 山下 Street,印旛郡印旛村,中野区,731-9151,JP,Japan,JAPAN,Japanese,Consumer,None,2019-03-23,2019,RETURNING,True,MDM,2019-03-23,2026-04-17 15:58:34.139664
7f165cac-e098-4bd4-97c1-ad64c518380e,CUST-2019-JP-002613,翔太,木村,翔太 木村,Male,1970-12-03,user728.apple@gmail.com,080-9774-0147,017 森 Street,横浜市泉区,夷隅郡御宿町,437-0243,JP,Japan,JAPAN,Japanese,Consumer,Platinum,2019-04-02,2019,RETURNING,True,MDM,2019-04-02,2026-04-17 15:58:34.139665
b563a020-4f9e-4f92-b7e2-4d5856412391,CUST-2019-JP-001747,修平,佐藤,修平 佐藤,Male,1970-07-16,user668.apple190@live.com,090-4245-2328,750 松田 Street,川崎市多摩区,八丈島八丈町,884-7516,JP,Japan,JAPAN,Japanese,Business,None,2019-02-01,2019,RETURNING,True,MDM,2019-02-01,2026-04-17 15:58:34.139667
d9f37ddd-8509-4a7a-8bf1-ee1f451010aa,CUST-2019-JP-002237,篤司,伊藤,篤司 伊藤,Female,1993-10-01,user456.apple@msn.com,30-8108-6900,806 山下 Street,香取郡東庄町,多摩市,634-3106,JP,Japan,JAPAN,Japanese,Consumer,Platinum,2019-02-24,2019,RETURNING,True,MDM,2019-02-24,2026-04-17 15:58:34.139668
8d4f96ed-99e4-4496-9ce6-78c1652b98a8,CUST-2019-JP-001600,翔太,加藤,翔太 加藤,Male,1980-02-28,user644.apple@gmx.com,070-4572-5434,759 青木 Street,いすみ市,西多摩郡檜原村,333-8963,JP,Japan,JAPAN,Japanese,Consumer,Gold,2019-02-07,2019,RETURNING,True,MDM,2019-02-07,2026-04-17 15:58:34.139670
06e91965-b3c8-4979-b368-75d2cb562dcc,CUST-2019-JP-002783,翔太,山崎,翔太 山崎,Male,1972-07-26,user113.apple@aol.com,090-2256-4482,551 池田 Street,横浜市瀬谷区,鎌ケ谷市,514-6846,JP,Japan,JAPAN,Japanese,Consumer,Platinum,2019-01-30,2019,RETURNING,True,MDM,2019-01-30,2026-04-17 15:58:34.139671
4e8361c9-fd95-49eb-9cd2-68399915f850,CUST-2019-JP-001924,裕太,佐々木,裕太 佐々木,Female,1965-10-13,user552.apple416@gmx.com,090-9543-1559,265 石井 Street,立川市,利島村,942-9053,JP,Japan,JAPAN,Japanese,Consumer,Gold,2019-02-23,2019,RETURNING,True,MDM,2019-02-23,2026-04-17 15:58:34.139673
37982741-fbad-4737-abfa-98bdfdf97566,CUST-2019-JP-002496,篤司,岡田,篤司 岡田,Female,1969-10-19,user294.apple@gmail.com,080-2772-9121,730 阿部 Street,文京区,香取市,945-2400,JP,Japan,JAPAN,Japanese,Consumer,None,2019-10-30,2019,RETURNING,True,MDM,2019-10-30,2026-04-17 15:58:34.139674
9323562c-af5b-44d7-b5cb-9ce3a7c2933b,CUST-2019-JP-000067,裕太,藤井,裕太 藤井,Female,1957-01-11,user160.apple@live.com,080-1198-7980,695 前田 Street,鴨川市,横浜市南区,542-1576,JP,Japan,JAPAN,Japanese,Consumer,None,2019-06-23,2019,RETURNING,True,MDM,2019-06-23,2026-04-17 15:58:34.139676
f64b21bd-072d-4076-8e01-54989a06fb43,CUST-2019-JP-001944,拓真,青木,拓真 青木,Male,1956-11-15,user124.apple@msn.com,23-9424-3409,446 山口 Street,横浜市南区,国立市,459-3496,JP,Japan,JAPAN,Japanese,Consumer,None,2019-06-23,2019,RETURNING,True,MDM,2019-06-23,2026-04-17 15:58:34.139678
7ae3219e-9be3-423b-8aad-77db442fea5b,CUST-2019-JP-001251,亮介,橋本,亮介 橋本,Female,2003-08-26,user263.apple972@icloud.com,090-0281-8263,703 山本 Street,町田市,白井市,813-8128,JP,Japan,JAPAN,Japanese,Consumer,None,2019-02-27,2019,RETURNING,True,MDM,2019-02-27,2026-04-17 15:58:34.139680
d6b98404-671e-4782-9248-973b45ecb202,CUST-2019-JP-001254,美加子,佐々木,美加子 佐々木,Female,1973-01-05,user276.apple@icloud.com,080-4799-2205,167 高橋 Street,多摩市,横浜市南区,414-6564,JP,Japan,JAPAN,Japanese,Consumer,None,2019-06-01,2019,RETURNING,False,MDM,2019-06-01,2026-04-17 15:58:34.139682
96010d28-41f4-44b8-8616-a4fedd61fe97,CUST-2019-JP-001766,直人,近藤,直人 近藤,Male,1989-09-12,user208.apple468@outlook.com,090-8645-8986,879 佐々木 Street,北区,江戸川区,952-7394,JP,Japan,JAPAN,Japanese,Consumer,Silver,2019-07-19,2019,RETURNING,True,MDM,2019-07-19,2026-04-17 15:58:34.139683
b3b647b7-b868-404a-912e-0d03e5b4c482,CUST-2019-JP-001165,里佳,後藤,里佳 後藤,Male,1994-04-19,user399.apple445@protonmail.com,62-2454-4596,706 林 Street,西多摩郡檜原村,川崎市高津区,863-2680,JP,Japan,JAPAN,Japanese,Consumer,Silver,2019-09-24,2019,RETURNING,True,MDM,2019-09-24,2026-04-17 15:58:34.139685
d3b9ce99-f416-4682-9666-c41d7402a171,CUST-2019-JP-002471,零,伊藤,零 伊藤,Female,2007-02-11,user987.apple@gmail.com,070-2109-1760,102 田中 Street,江東区,横浜市旭区,740-7759,JP,Japan,JAPAN,Japanese,Consumer,None,2019-07-21,2019,RETURNING,True,MDM,2019-07-21,2026-04-17 15:58:34.139686
b1622286-60f7-4d75-967b-8af4b04632f6,CUST-2019-JP-000529,洋介,三浦,洋介 三浦,Female,1969-04-01,user427.apple@hotmail.com,89-7935-3781,191 中村 Street,香取郡多古町,墨田区,900-7919,JP,Japan,JAPAN,Japanese,Consumer,Platinum,2019-05-18,2019,RETURNING,True,MDM,2019-05-18,2026-04-17 15:58:34.139688
1ee7cea0-44a5-449c-bfb9-033d2b5cb513,CUST-2019-JP-001074,太郎,長谷川,太郎 長谷川,Male,1984-10-06,user730.apple@mail.com,080-1728-8767,779 山口 Street,三宅島三宅村,荒川区,146-9928,JP,Japan,JAPAN,Japanese,Business,None,2019-10-27,2019,RETURNING,True,MDM,2019-10-27,2026-04-17 15:58:34.139689
dd67311d-a49d-48a0-b114-9e5258c936b8,CUST-2019-JP-002620,晃,村上,晃 村上,Male,1973-09-03,user816.apple484@msn.com,99-8322-0188,277 林 Street,御蔵島村,長生郡睦沢町,312-6214,JP,Japan,JAPAN,Japanese,Consumer,None,2019-10-19,2019,RETURNING,True,MDM,2019-10-19,2026-04-17 15:58:34.139691
9e140421-65aa-461b-a5e2-87751e13cc1c,CUST-2019-JP-000634,太一,清水,太一 清水,Female,1993-05-11,user905.apple@yahoo.com,080-6837-9003,151 斉藤 Street,調布市,横浜市緑区,135-4909,JP,Japan,JAPAN,Japanese,Consumer,None,2019-01-31,2019,RETURNING,True,MDM,2019-01-31,2026-04-17 15:58:34.139693
3e195598-72dc-440c-b5d2-40f11792e7d2,CUST-2019-JP-002296,零,伊藤,零 伊藤,Female,2004-07-26,user846.apple32@yahoo.com,68-0866-1644,671 山崎 Street,福生市,杉並区,218-0400,JP,Japan,JAPAN,Japanese,Consumer,Platinum,2019-10-04,2019,RETURNING,True,MDM,2019-10-04,2026-04-17 15:58:34.139694
7d72b791-63ff-43a7-8773-7a5d6f25e1a4,CUST-2019-JP-002796,裕樹,鈴木,裕樹 鈴木,Male,1958-07-30,user491.apple145@icloud.com,68-5683-3510,678 井上 Street,狛江市,千代田区,576-8886,JP,Japan,JAPAN,Japanese,Business,Silver,2019-08-16,2019,RETURNING,True,MDM,2019-08-16,2026-04-17 15:58:34.139696
4d007e8e-8884-4eb7-ab5b-d24df91cfcfc,CUST-2019-JP-000641,里佳,佐藤,里佳 佐藤,Male,2003-10-27,user272.apple@icloud.com,080-3536-9717,893 鈴木 Street,横浜市栄区,横浜市鶴見区,667-3541,JP,Japan,JAPAN,Japanese,Education,None,2019-09-21,2019,RETURNING,True,MDM,2019-09-21,2026-04-17 15:58:34.139697
a4b6e12c-fad1-4b2a-af5a-9431621b479b,CUST-2019-JP-001228,智也,鈴木,智也 鈴木,Male,1966-05-23,user239.apple750@aol.com,090-7287-9959,205 林 Street,横浜市緑区,夷隅郡大多喜町,628-8326,JP,Japan,JAPAN,Japanese,Business,None,2019-02-15,2019,RETURNING,True,MDM,2019-02-15,2026-04-17 15:58:34.139699
e5ee11a1-05df-4cfd-b42a-150a418f73ec,CUST-2019-JP-000438,花子,加藤,花子 加藤,Male,1977-10-02,user897.apple@yahoo.com,11-1373-8364,760 佐々木 Street,八街市,印西市,896-2273,JP,Japan,JAPAN,Japanese,Consumer,Silver,2019-11-26,2019,RETURNING,True,MDM,2019-11-26,2026-04-17 15:58:34.139700
becc754a-9a3a-4a9a-9a12-23e8efad0c14,CUST-2019-JP-000672,亮介,小林,亮介 小林,Female,1971-08-12,user323.apple63@msn.com,23-7356-2388,738 高橋 Street,品川区,香取市,263-4132,JP,Japan,JAPAN,Japanese,Business,None,2019-08-18,2019,RETURNING,True,MDM,2019-08-18,2026-04-17 15:58:34.139702
479c15b2-791b-47db-a1c5-0689257f1c56,CUST-2019-JP-002073,健一,三浦,健一 三浦,Female,1961-11-10,user995.apple628@live.com,070-6443-5405,227 佐々木 Street,川崎市多摩区,白井市,816-3250,JP,Japan,JAPAN,Japanese,Consumer,Silver,2019-06-13,2019,RETURNING,True,MDM,2019-06-13,2026-04-17 15:58:34.139704
dd244e93-3d64-4e5a-84d6-d23b64a24288,CUST-2019-JP-000221,千代,高橋,千代 高橋,Female,1960-03-20,user994.apple@hotmail.com,080-3259-8795,081 渡辺 Street,葛飾区,中央区,752-3685,JP,Japan,JAPAN,Japanese,Education,None,2019-02-16,2019,RETURNING,True,MDM,2019-02-16,2026-04-17 15:58:34.139705
f48ee65d-de0a-44c9-816a-e17795df4fc5,CUST-2019-JP-002619,直人,高橋,直人 高橋,Female,1985-02-09,user776.apple@zoho.com,080-5595-7194,265 斎藤 Street,浦安市,小平市,084-4276,JP,Japan,JAPAN,Japanese,Consumer,Silver,2019-11-15,2019,RETURNING,False,MDM,2019-11-15,2026-04-17 15:58:34.139707
24f8677e-bf22-4bd7-97c2-627636305c1c,CUST-2019-JP-000153,京助,遠藤,京助 遠藤,Male,2007-09-17,user137.apple@msn.com,080-1819-1386,886 林 Street,袖ケ浦市,東大和市,268-4345,JP,Japan,JAPAN,Japanese,Consumer,Silver,2019-05-26,2019,RETURNING,True,MDM,2019-05-26,2026-04-17 15:58:34.139708
b5c7f9e4-33f2-4263-bc73-2591d38c3a22,CUST-2019-JP-001696,裕美子,山田,裕美子 山田,Female,1993-05-11,user107.apple596@icloud.com,090-8152-4028,655 伊藤 Street,国分寺市,三鷹市,916-9605,JP,Japan,JAPAN,Japanese,Consumer,Gold,2019-12-19,2019,RETURNING,True,MDM,2019-12-19,2026-04-17 15:58:34.139710
0f3b3207-be24-40bb-b24e-3ef952c03ecb,CUST-2019-JP-002208,聡太郎,福田,聡太郎 福田,Male,1991-03-05,user748.apple@zoho.com,070-2289-1417,090 三浦 Street,武蔵野市,袖ケ浦市,714-4049,JP,Japan,JAPAN,Japanese,Consumer,Gold,2019-01-03,2019,RETURNING,True,MDM,2019-01-03,2026-04-17 15:58:34.139712
18b5cb2b-13c5-4ce1-b1ce-206f77e124e4,CUST-2019-JP-002171,里佳,近藤,里佳 近藤,Female,2007-04-18,user668.apple@protonmail.com,090-8970-9250,497 福田 Street,長生郡長生村,三鷹市,995-3763,JP,Japan,JAPAN,Japanese,Consumer,Gold,2019-08-26,2019,RETURNING,True,MDM,2019-08-26,2026-04-17 15:58:34.139713
a5916df8-6b82-442f-98e2-70575f565cf0,CUST-2019-JP-002309,花子,伊藤,花子 伊藤,Male,1975-12-18,user892.apple@icloud.com,56-3979-4274,194 佐藤 Street,板橋区,横浜市鶴見区,188-5385,JP,Japan,JAPAN,Japanese,Consumer,None,2019-02-27,2019,RETURNING,True,MDM,2019-02-27,2026-04-17 15:58:34.139715
66c7f6ea-29c7-4870-888e-bd7b491b9167,CUST-2019-JP-000323,治,渡辺,治 渡辺,Male,2001-02-02,user241.apple@yahoo.com,090-4738-9503,287 吉田 Street,国分寺市,富里市,333-6623,JP,Japan,JAPAN,Japanese,Consumer,None,2019-09-29,2019,RETURNING,True,MDM,2019-09-29,2026-04-17 15:58:34.139716
8cf36aa0-737a-43cb-bab1-211e14ebb27e,CUST-2019-JP-000928,充,高橋,充 高橋,Female,1975-10-07,user307.apple699@gmx.com,090-5386-2940,729 森 Street,荒川区,昭島市,227-8793,JP,Japan,JAPAN,Japanese,Business,None,2019-12-13,2019,RETURNING,True,MDM,2019-12-13,2026-04-17 15:58:34.139718
9963542d-2c66-455e-a930-1c2b7a0a50f7,CUST-2019-JP-001597,篤司,佐藤,篤司 佐藤,Male,2001-01-20,user662.apple@zoho.com,070-3373-0195,893 池田 Street,江戸川区,大田区,768-8988,JP,Japan,JAPAN,Japanese,Consumer,None,2019-11-16,2019,RETURNING,False,MDM,2019-11-16,2026-04-17 15:58:34.139720
8e8a9eab-e374-493c-9879-c8c8aed3cc56,CUST-2019-JP-000012,あすか,石川,あすか 石川,Female,1978-08-14,user396.apple175@outlook.com,070-7958-1519,831 中村 Street,稲城市,白井市,638-0106,JP,Japan,JAPAN,Japanese,Consumer,Platinum,2019-03-02,2019,RETURNING,True,MDM,2019-03-02,2026-04-17 15:58:34.139721
8f5b4ca6-f608-46c3-b834-565c86e815a5,CUST-2019-JP-001530,陽一,佐藤,陽一 佐藤,Female,1996-03-05,user557.apple357@outlook.com,070-2263-8820,192 高橋 Street,国立市,西多摩郡奥多摩町,087-8801,JP,Japan,JAPAN,Japanese,Business,Silver,2019-08-14,2019,RETURNING,True,MDM,2019-08-14,2026-04-17 15:58:34.139723
fb380f41-35b0-47a6-9ead-f0873c3d9b3d,CUST-2019-JP-001223,充,中村,充 中村,Male,1969-11-02,user868.apple@aol.com,88-6775-5470,230 伊藤 Street,東久留米市,西多摩郡瑞穂町,572-6803,JP,Japan,JAPAN,Japanese,Business,Silver,2019-06-20,2019,RETURNING,True,MDM,2019-06-20,2026-04-17 15:58:34.139724
5571ad12-e48b-4736-a8b9-efd7b15220b6,CUST-2019-JP-000193,涼平,清水,涼平 清水,Male,1997-02-09,user819.apple902@hotmail.com,090-9725-3316,410 青木 Street,横浜市瀬谷区,大網白里市,541-9412,JP,Japan,JAPAN,Japanese,Consumer,None,2019-10-11,2019,RETURNING,True,MDM,2019-10-11,2026-04-17 15:58:34.139726
e32fc02c-26fa-4305-8e92-808ad5c4cfcd,CUST-2019-JP-001589,智也,佐藤,智也 佐藤,Female,2008-03-16,user145.apple@aol.com,080-5945-3503,314 伊藤 Street,長生郡長南町,大網白里市,421-3074,JP,Japan,JAPAN,Japanese,Consumer,None,2019-01-27,2019,RETURNING,True,MDM,2019-01-27,2026-04-17 15:58:34.139728
00a576e1-c2f5-4035-b8cc-4fcf375be64f,CUST-2019-JP-001693,里佳,村上,里佳 村上,Male,1957-08-19,user206.apple@gmail.com,080-5659-4255,105 橋本 Street,狛江市,立川市,366-5954,JP,Japan,JAPAN,Japanese,Consumer,None,2019-09-26,2019,RETURNING,True,MDM,2019-09-26,2026-04-17 15:58:34.139729
7b4f952c-bc7e-4828-9a1f-72aa2f315d4e,CUST-2019-JP-000500,舞,渡辺,舞 渡辺,Female,1956-07-29,user241.apple983@zoho.com,070-1397-6270,406 清水 Street,我孫子市,香取郡多古町,335-6760,JP,Japan,JAPAN,Japanese,Consumer,Gold,2019-06-28,2019,RETURNING,False,MDM,2019-06-28,2026-04-17 15:58:34.139731
1439e9bf-430a-4456-b80c-350296e0697b,CUST-2019-JP-002736,京助,伊藤,京助 伊藤,Female,1955-10-23,user741.apple959@zoho.com,070-8024-3175,112 山本 Street,横浜市都筑区,品川区,412-0944,JP,Japan,JAPAN,Japanese,Consumer,Silver,2019-09-24,2019,RETURNING,True,MDM,2019-09-24,2026-04-17 15:58:34.139732
4e9ebea0-12df-4de1-bc11-34cad60a785e,CUST-2019-JP-001963,亮介,鈴木,亮介 鈴木,Male,1963-03-02,user685.apple@icloud.com,080-4613-3946,938 佐藤 Street,小金井市,武蔵村山市,494-7782,JP,Japan,JAPAN,Japanese,Consumer,None,2019-06-29,2019,RETURNING,True,MDM,2019-06-29,2026-04-17 15:58:34.139734
46688bec-da68-46fd-977e-428632a335e9,CUST-2019-JP-000459,裕樹,鈴木,裕樹 鈴木,Female,1985-06-23,user848.apple282@msn.com,080-5165-7206,057 坂本 Street,横浜市青葉区,西多摩郡日の出町,437-1657,JP,Japan,JAPAN,Japanese,Business,None,2019-08-04,2019,RETURNING,True,MDM,2019-08-04,2026-04-17 15:58:34.139736
1f10061f-6fda-4939-83d2-c312058f4179,CUST-2019-JP-000200,篤司,藤原,篤司 藤原,Male,1989-04-25,user512.apple@outlook.com,090-2213-7929,374 高橋 Street,北区,横浜市港北区,631-0116,JP,Japan,JAPAN,Japanese,Education,Gold,2019-06-11,2019,RETURNING,True,MDM,2019-06-11,2026-04-17 15:58:34.139737
f199c3ed-4336-47ed-aa46-a7f1a777d79d,CUST-2019-JP-001491,充,中島,充 中島,Female,2001-10-25,user299.apple@protonmail.com,090-3224-9820,347 林 Street,福生市,国立市,022-7384,JP,Japan,JAPAN,Japanese,Consumer,Platinum,2019-07-10,2019,RETURNING,True,MDM,2019-07-10,2026-04-17 15:58:34.139739
74866557-ca7b-42b5-93b9-ea7c6da9a3b2,CUST-2019-JP-000216,幹,佐藤,幹 佐藤,Male,1971-02-10,user988.apple@gmx.com,070-7423-1913,441 近藤 Street,荒川区,長生郡白子町,284-7493,JP,Japan,JAPAN,Japanese,Education,Silver,2019-09-29,2019,RETURNING,True,MDM,2019-09-29,2026-04-17 15:58:34.139740
6cda9d21-6600-4e7a-8956-d25efc1f6aaa,CUST-2019-JP-001607,加奈,加藤,加奈 加藤,Male,1978-11-07,user703.apple464@gmx.com,070-8012-3189,661 小川 Street,横浜市西区,新島村,714-5427,JP,Japan,JAPAN,Japanese,Education,Platinum,2019-01-28,2019,RETURNING,True,MDM,2019-01-28,2026-04-17 15:58:34.139742
9dbc75db-224f-4808-ac6a-db2613e2b9ae,CUST-2019-JP-002388,陽子,高橋,陽子 高橋,Female,1972-07-29,user480.apple@msn.com,080-4395-3335,308 高橋 Street,清瀬市,袖ケ浦市,126-5287,JP,Japan,JAPAN,Japanese,Consumer,None,2019-11-17,2019,RETURNING,True,MDM,2019-11-17,2026-04-17 15:58:34.139743
2dfece84-f144-49b6-ba96-c1fb62761baf,CUST-2019-JP-001416,翼,田中,翼 田中,Male,1954-10-16,user115.apple@aol.com,01-1554-1514,146 佐藤 Street,長生郡睦沢町,八千代市,025-3736,JP,Japan,JAPAN,Japanese,Consumer,None,2019-09-07,2019,RETURNING,True,MDM,2019-09-07,2026-04-17 15:58:34.139749
c053bf19-1c67-4d3e-b80e-9cea8a1b7789,CUST-2019-JP-001063,春香,長谷川,春香 長谷川,Male,1977-12-22,user667.apple@live.com,48-3286-6045,528 林 Street,川崎市高津区,新島村,963-4778,JP,Japan,JAPAN,Japanese,Consumer,None,2019-01-16,2019,RETURNING,False,MDM,2019-01-16,2026-04-17 15:58:34.139751
83fe2650-8809-408a-a280-3ed3629d424e,CUST-2019-JP-000889,英樹,伊藤,英樹 伊藤,Female,1997-01-25,user595.apple729@msn.com,080-8505-9873,685 田中 Street,匝瑳市,中央区,806-9688,JP,Japan,JAPAN,Japanese,Consumer,Silver,2019-01-23,2019,RETURNING,True,MDM,2019-01-23,2026-04-17 15:58:34.139753
ad686666-1bc6-4f4a-85fe-e57de786550e,CUST-2019-JP-000682,美加子,山下,美加子 山下,Male,1989-06-05,user322.apple369@hotmail.com,090-2693-4306,686 阿部 Street,いすみ市,川崎市宮前区,406-2436,JP,Japan,JAPAN,Japanese,Business,None,2019-08-11,2019,RETURNING,True,MDM,2019-08-11,2026-04-17 15:58:34.139754
e2f27621-1dbd-4cfd-b806-135236f19a69,CUST-2019-JP-000310,康弘,西村,康弘 西村,Male,1988-05-03,user460.apple@hotmail.com,080-9781-0404,642 清水 Street,品川区,世田谷区,452-2904,JP,Japan,JAPAN,Japanese,Consumer,None,2019-04-15,2019,RETURNING,True,MDM,2019-04-15,2026-04-17 15:58:34.139756
4f0920bd-bd8f-42db-b868-53f469532365,CUST-2019-JP-000376,花子,小川,花子 小川,Male,1975-07-17,user879.apple@mail.com,080-4792-4545,499 中島 Street,長生郡白子町,横浜市泉区,423-6883,JP,Japan,JAPAN,Japanese,Consumer,None,2019-03-08,2019,RETURNING,True,MDM,2019-03-08,2026-04-17 15:58:34.139758
935aaa65-4ce4-4c4d-ae3c-80283220fcd5,CUST-2019-JP-002306,治,山崎,治 山崎,Female,1967-12-18,user578.apple@aol.com,090-4470-4349,457 岡本 Street,中野区,稲城市,468-3676,JP,Japan,JAPAN,Japanese,Consumer,Gold,2019-09-01,2019,RETURNING,True,MDM,2019-09-01,2026-04-17 15:58:34.139759
865f9993-a850-4dd8-8e9f-13b8e1f7cf9c,CUST-2019-JP-001436,直人,山田,直人 山田,Female,1968-08-03,user371.apple674@live.com,080-5922-6472,315 斎藤 Street,日野市,新宿区,740-2282,JP,Japan,JAPAN,Japanese,Consumer,Silver,2019-06-04,2019,RETURNING,True,MDM,2019-06-04,2026-04-17 15:58:34.139761
f2c1319d-0b24-4b96-bea1-c00268ee42f2,CUST-2019-JP-000685,太郎,佐藤,太郎 佐藤,Female,1954-04-16,user715.apple480@icloud.com,080-1091-1313,027 中村 Street,葛飾区,夷隅郡御宿町,372-3410,JP,Japan,JAPAN,Japanese,Business,None,2019-06-20,2019,RETURNING,True,MDM,2019-06-20,2026-04-17 15:58:34.139762
a50f81f5-f5d5-4c48-8952-426114dbf4d6,CUST-2019-JP-002671,修平,中島,修平 中島,Male,1993-05-20,user212.apple@gmx.com,59-0968-0566,358 池田 Street,福生市,横浜市港北区,885-7509,JP,Japan,JAPAN,Japanese,Consumer,Silver,2019-10-22,2019,RETURNING,True,MDM,2019-10-22,2026-04-17 15:58:34.139764
ebd0ffba-a4a1-4d70-935d-0bff327a4292,CUST-2019-JP-000658,康弘,伊藤,康弘 伊藤,Male,1965-11-02,user914.apple@hotmail.com,080-1979-0120,265 石井 Street,渋谷区,横浜市神奈川区,860-6360,JP,Japan,JAPAN,Japanese,Consumer,Gold,2019-07-13,2019,RETURNING,True,MDM,2019-07-13,2026-04-17 15:58:34.139765
d6b6fa84-7cfa-4f4e-b185-ac050be3cb6c,CUST-2019-JP-000732,修平,松田,修平 松田,Male,1950-09-26,user181.apple368@protonmail.com,080-2343-1960,507 渡辺 Street,長生郡睦沢町,西多摩郡日の出町,128-9653,JP,Japan,JAPAN,Japanese,Education,None,2019-08-18,2019,RETURNING,True,MDM,2019-08-18,2026-04-17 15:58:34.139767
c045adef-d782-4e1d-a948-9364be54d426,CUST-2019-JP-001155,洋介,鈴木,洋介 鈴木,Male,1988-10-22,user150.apple@icloud.com,070-7461-8732,899 佐藤 Street,香取郡東庄町,長生郡長柄町,539-1255,JP,Japan,JAPAN,Japanese,Consumer,None,2019-01-12,2019,RETURNING,True,MDM,2019-01-12,2026-04-17 15:58:34.139768
11c2173b-a642-4fce-a732-13c016d3ac5c,CUST-2019-JP-002449,洋介,小林,洋介 小林,Male,1987-11-15,user805.apple@aol.com,080-6952-1903,429 前田 Street,横浜市戸塚区,板橋区,639-2902,JP,Japan,JAPAN,Japanese,Consumer,None,2019-06-30,2019,RETURNING,True,MDM,2019-06-30,2026-04-17 15:58:34.139770
345d7ce5-919b-4b49-a6bb-1f594ff1195f,CUST-2019-JP-001920,涼平,山田,涼平 山田,Male,2000-04-17,user780.apple@msn.com,090-6625-4270,957 佐藤 Street,小笠原村,日野市,628-4129,JP,Japan,JAPAN,Japanese,Consumer,Silver,2019-05-31,2019,RETURNING,True,MDM,2019-05-31,2026-04-17 15:58:34.139772
4c59419d-0f54-4228-8f57-313cdb4b1718,CUST-2019-JP-000806,修平,中島,修平 中島,Male,2000-11-29,user168.apple@zoho.com,090-7405-2208,816 石川 Street,昭島市,千代田区,102-1458,JP,Japan,JAPAN,Japanese,Business,Platinum,2019-02-10,2019,RETURNING,True,MDM,2019-02-10,2026-04-17 15:58:34.139773
9ac002d2-2f35-4c44-92ee-4eda5587f072,CUST-2019-JP-001158,七夏,近藤,七夏 近藤,Male,1992-03-02,user727.apple@zoho.com,090-3641-7938,659 池田 Street,長生郡睦沢町,江戸川区,673-6672,JP,Japan,JAPAN,Japanese,Consumer,None,2019-10-25,2019,RETURNING,True,MDM,2019-10-25,2026-04-17 15:58:34.139775
fbba5d10-57a8-41bb-bf32-c027aba31a63,CUST-2019-JP-001724,拓真,佐藤,拓真 佐藤,Male,1998-08-03,user493.apple@zoho.com,75-0222-6644,761 吉田 Street,北区,八街市,246-0589,JP,Japan,JAPAN,Japanese,Consumer,Silver,2019-02-03,2019,RETURNING,True,MDM,2019-02-03,2026-04-17 15:58:34.139776
7212b3e1-ccbf-4b24-ab5b-4c7e5c7c6027,CUST-2019-JP-001958,春香,小川,春香 小川,Female,1986-01-05,user209.apple@msn.com,090-0088-9645,000 木村 Street,横浜市青葉区,横浜市緑区,861-9636,JP,Japan,JAPAN,Japanese,Consumer,None,2019-11-04,2019,RETURNING,True,MDM,2019-11-04,2026-04-17 15:58:34.139778
f8db6582-ab22-479c-9289-f0db3c457626,CUST-2019-JP-000661,香織,井上,香織 井上,Female,1967-03-16,user101.apple@outlook.com,080-3551-0939,827 井上 Street,調布市,北区,204-6744,JP,Japan,JAPAN,Japanese,Education,None,2019-02-19,2019,RETURNING,True,MDM,2019-02-19,2026-04-17 15:58:34.139780
1dc80b08-e48d-41e5-b803-023b61e44574,CUST-2019-JP-001845,拓真,藤田,拓真 藤田,Female,1962-04-02,user260.apple@yahoo.com,070-0244-1826,826 山下 Street,横浜市金沢区,稲城市,742-8923,JP,Japan,JAPAN,Japanese,Education,Gold,2019-06-15,2019,RETURNING,True,MDM,2019-06-15,2026-04-17 15:58:34.139781
92be9620-1067-4e3d-bfb1-4891c967af3e,CUST-2019-JP-000717,あすか,伊藤,あすか 伊藤,Female,1950-04-23,user580.apple581@outlook.com,65-8162-5720,763 小林 Street,小平市,三鷹市,659-6987,JP,Japan,JAPAN,Japanese,Consumer,None,2019-04-04,2019,RETURNING,True,MDM,2019-04-04,2026-04-17 15:58:34.139784
108b86e4-fba3-4037-a67d-5798f0a4d3f9,CUST-2019-JP-000588,美加子,伊藤,美加子 伊藤,Male,1997-03-18,user549.apple@outlook.com,070-6049-0189,988 藤田 Street,多摩市,国分寺市,499-9908,JP,Japan,JAPAN,Japanese,Consumer,None,2019-08-15,2019,RETURNING,True,MDM,2019-08-15,2026-04-17 15:58:34.139785
bddba6af-e14e-4f1b-8e9e-c747433e913c,CUST-2019-JP-000648,京助,山下,京助 山下,Female,2005-10-04,user203.apple@aol.com,090-7582-0103,407 木村 Street,中央区,荒川区,151-5250,JP,Japan,JAPAN,Japanese,Education,None,2019-05-31,2019,RETURNING,True,MDM,2019-05-31,2026-04-17 15:58:34.139787
66b77369-49b9-4e98-99b8-97b90af50374,CUST-2019-JP-001302,聡太郎,山田,聡太郎 山田,Female,2005-12-18,user507.apple686@hotmail.com,55-8194-4082,552 伊藤 Street,横浜市南区,杉並区,926-4355,JP,Japan,JAPAN,Japanese,Business,None,2019-06-16,2019,RETURNING,True,MDM,2019-06-16,2026-04-17 15:58:34.139789
2d21f4ac-ce8b-4b76-8652-7575f0c420c7,CUST-2019-JP-001408,結衣,山田,結衣 山田,Female,2004-12-31,user742.apple@hotmail.com,99-3291-4641,222 加藤 Street,中央区,川崎市川崎区,302-6428,JP,Japan,JAPAN,Japanese,Consumer,None,2019-09-28,2019,RETURNING,True,MDM,2019-09-28,2026-04-17 15:58:34.139791
43b8c3a1-571b-4ba0-9134-afa6c96f8165,CUST-2019-JP-001390,くみ子,加藤,くみ子 加藤,Female,1986-09-14,user502.apple811@aol.com,26-2212-9266,848 吉田 Street,川崎市多摩区,西多摩郡日の出町,952-5231,JP,Japan,JAPAN,Japanese,Business,None,2019-04-08,2019,RETURNING,True,MDM,2019-04-08,2026-04-17 15:58:34.139792
29c21b28-63ae-44c1-b7b5-7d8637a84377,CUST-2019-JP-001626,幹,松田,幹 松田,Male,2003-09-20,user849.apple@hotmail.com,080-7864-3515,882 山本 Street,香取市,長生郡長生村,039-5524,JP,Japan,JAPAN,Japanese,Business,Gold,2019-01-05,2019,RETURNING,True,MDM,2019-01-05,2026-04-17 15:58:34.139794
43e22857-7404-4129-ae5a-6816d2e35271,CUST-2019-JP-001960,治,長谷川,治 長谷川,Male,1959-02-28,user158.apple@mail.com,080-7501-2997,127 加藤 Street,長生郡一宮町,横浜市西区,934-1163,JP,Japan,JAPAN,Japanese,Consumer,None,2019-04-27,2019,RETURNING,True,MDM,2019-04-27,2026-04-17 15:58:34.139795
a1b7d5a6-64f4-4850-8f21-6fd6103889d9,CUST-2019-JP-001247,陽子,伊藤,陽子 伊藤,Male,1953-06-07,user497.apple@aol.com,93-9827-5792,883 高橋 Street,夷隅郡御宿町,新島村,219-2466,JP,Japan,JAPAN,Japanese,Consumer,None,2019-06-29,2019,RETURNING,True,MDM,2019-06-29,2026-04-17 15:58:34.139797
d828e234-3831-4f22-b259-0e04384cee09,CUST-2019-JP-000597,あすか,小林,あすか 小林,Female,1984-10-07,user405.apple791@icloud.com,090-0130-3712,170 加藤 Street,横浜市都筑区,横浜市旭区,494-0884,JP,Japan,JAPAN,Japanese,Consumer,None,2019-12-23,2019,RETURNING,True,MDM,2019-12-23,2026-04-17 15:58:34.139799
c91b8ded-b3e5-4ecb-8a71-12a365efbc43,CUST-2019-JP-001163,直人,坂本,直人 坂本,Female,1962-05-29,user872.apple898@yahoo.com,080-7045-6380,352 松本 Street,足立区,川崎市川崎区,377-9685,JP,Japan,JAPAN,Japanese,Consumer,None,2019-05-03,2019,RETURNING,True,MDM,2019-05-03,2026-04-17 15:58:34.139801
3033f246-671a-4b98-ac3e-4c09b4c9ac74,CUST-2019-JP-001570,康弘,吉田,康弘 吉田,Female,1959-07-16,user473.apple@gmail.com,070-0569-5274,889 村上 Street,小笠原村,青梅市,162-5107,JP,Japan,JAPAN,Japanese,Consumer,None,2019-02-06,2019,RETURNING,True,MDM,2019-02-06,2026-04-17 15:58:34.139803
116661ec-0ee8-42dd-abef-35901dc0f621,CUST-2019-JP-000419,和也,山本,和也 山本,Male,1957-10-17,user931.apple681@mail.com,43-2050-4277,623 中村 Street,荒川区,横浜市都筑区,338-8226,JP,Japan,JAPAN,Japanese,Education,None,2019-06-03,2019,RETURNING,False,MDM,2019-06-03,2026-04-17 15:58:34.139805
0bd61558-f756-44ff-a3e4-12d9634ae5d5,CUST-2019-JP-001169,裕太,松本,裕太 松本,Female,1993-07-05,user858.apple@mail.com,070-3680-8525,928 加藤 Street,横浜市瀬谷区,横浜市南区,901-3254,JP,Japan,JAPAN,Japanese,Consumer,Silver,2019-10-28,2019,RETURNING,True,MDM,2019-10-28,2026-04-17 15:58:34.139806
3f9ee30b-7b91-46cd-909c-260cd7f38a8e,CUST-2019-JP-000914,翼,伊藤,翼 伊藤,Male,1975-10-25,user228.apple@live.com,080-6064-6340,394 高橋 Street,君津市,川崎市中原区,555-5387,JP,Japan,JAPAN,Japanese,Consumer,None,2019-06-16,2019,RETURNING,True,MDM,2019-06-16,2026-04-17 15:58:34.139808
ec98ad40-adc9-4975-9e33-ad1982891890,CUST-2019-JP-000888,健一,佐々木,健一 佐々木,Female,1985-07-15,user931.apple@hotmail.com,090-0249-8253,804 中島 Street,長生郡長生村,夷隅郡大多喜町,763-0549,JP,Japan,JAPAN,Japanese,Consumer,None,2019-04-22,2019,RETURNING,True,MDM,2019-04-22,2026-04-17 15:58:34.139810
8f1e66a8-92dc-4abb-bed6-ba5b8fea7ccb,CUST-2019-JP-001895,翼,佐藤,翼 佐藤,Male,1954-02-04,user725.apple@msn.com,080-4497-0741,762 斎藤 Street,渋谷区,印旛郡印旛村,475-5506,JP,Japan,JAPAN,Japanese,Education,Gold,2019-07-21,2019,RETURNING,False,MDM,2019-07-21,2026-04-17 15:58:34.139811
df325677-f217-4c40-b82f-a165fee71db1,CUST-2019-JP-001884,晃,池田,晃 池田,Female,1971-08-28,user177.apple@yahoo.com,090-7227-1730,986 村上 Street,荒川区,山武市,879-9629,JP,Japan,JAPAN,Japanese,Consumer,None,2019-07-21,2019,RETURNING,True,MDM,2019-07-21,2026-04-17 15:58:34.139813
2d6daaf6-ec6b-42c1-910f-c5c01e16b3ea,CUST-2019-JP-001753,陽子,佐藤,陽子 佐藤,Female,1979-12-16,user504.apple@gmx.com,070-6139-4118,244 山田 Street,富里市,横浜市金沢区,249-9119,JP,Japan,JAPAN,Japanese,Consumer,None,2019-06-01,2019,RETURNING,True,MDM,2019-06-01,2026-04-17 15:58:34.139815
e7d9af26-43ee-481e-bd1a-14d543847f93,CUST-2019-JP-001751,京助,渡辺,京助 渡辺,Female,2002-12-17,user348.apple@gmail.com,80-6152-7339,309 山本 Street,羽村市,長生郡長南町,942-7218,JP,Japan,JAPAN,Japanese,Consumer,Platinum,2019-05-30,2019,RETURNING,True,MDM,2019-05-30,2026-04-17 15:58:34.139816
c1a2a56a-a762-4371-9162-917ca6f0eb8d,CUST-2019-JP-000073,直人,木村,直人 木村,Female,2000-09-18,user382.apple@hotmail.com,090-4549-5221,202 伊藤 Street,日野市,小金井市,579-3561,JP,Japan,JAPAN,Japanese,Consumer,None,2019-08-20,2019,RETURNING,True,MDM,2019-08-20,2026-04-17 15:58:34.139818
64075e19-0c4f-41d4-b174-9b0ff0701aa8,CUST-2019-JP-001153,零,伊藤,零 伊藤,Male,1992-07-02,user843.apple@gmail.com,070-3112-7181,749 高橋 Street,川崎市中原区,横浜市神奈川区,625-1178,JP,Japan,JAPAN,Japanese,Consumer,Silver,2019-11-12,2019,RETURNING,True,MDM,2019-11-12,2026-04-17 15:58:34.139820
e2d622d1-b2c3-4a93-94f6-cc507810192f,CUST-2019-JP-001154,加奈,高橋,加奈 高橋,Male,1994-05-27,user935.apple695@gmail.com,070-3682-4856,110 佐々木 Street,横浜市南区,武蔵村山市,365-4055,JP,Japan,JAPAN,Japanese,Consumer,Platinum,2019-10-20,2019,RETURNING,True,MDM,2019-10-20,2026-04-17 15:58:34.139821
00e05e3f-4f58-48a1-bcff-4066cc2b6709,CUST-2019-JP-001439,香織,小林,香織 小林,Male,1982-03-12,user956.apple@yahoo.com,070-0391-3596,387 木村 Street,君津市,横浜市神奈川区,453-0712,JP,Japan,JAPAN,Japanese,Consumer,None,2019-10-17,2019,RETURNING,True,MDM,2019-10-17,2026-04-17 15:58:34.139823
d1f32252-e7a8-44c5-b101-1ab75bb8b0f6,CUST-2019-JP-001152,くみ子,山本,くみ子 山本,Female,1982-10-27,user491.apple@icloud.com,32-2646-1517,129 高橋 Street,長生郡長柄町,横浜市港北区,757-9482,JP,Japan,JAPAN,Japanese,Education,None,2019-01-17,2019,RETURNING,True,MDM,2019-01-17,2026-04-17 15:58:34.139825
27ee8927-cbab-4e76-b44e-84b7d7eed15e,CUST-2019-JP-000576,涼平,伊藤,涼平 伊藤,Female,1971-12-05,user595.apple@mail.com,75-0634-3252,022 山本 Street,西多摩郡奥多摩町,品川区,718-1155,JP,Japan,JAPAN,Japanese,Education,None,2019-04-16,2019,RETURNING,True,MDM,2019-04-16,2026-04-17 15:58:34.139827
158710df-7731-489b-b87b-f28017062304,CUST-2019-JP-001250,康弘,藤井,康弘 藤井,Male,2005-08-04,user850.apple7@gmail.com,090-0996-8343,153 森 Street,横浜市緑区,川崎市中原区,941-9335,JP,Japan,JAPAN,Japanese,Education,Silver,2019-09-08,2019,RETURNING,True,MDM,2019-09-08,2026-04-17 15:58:34.139828
1d758736-4800-4880-95ea-0f5286d97862,CUST-2019-JP-002376,裕美子,木村,裕美子 木村,Male,2006-01-30,user996.apple@outlook.com,080-0815-2530,117 岡本 Street,神津島村,世田谷区,256-0645,JP,Japan,JAPAN,Japanese,Consumer,None,2019-12-10,2019,RETURNING,True,MDM,2019-12-10,2026-04-17 15:58:34.139830
5887259c-5af5-4dd6-a235-93fba2a2d46d,CUST-2019-JP-002504,充,伊藤,充 伊藤,Male,1952-08-22,user432.apple934@hotmail.com,070-6518-6899,489 阿部 Street,世田谷区,大島町,912-0401,JP,Japan,JAPAN,Japanese,Education,Platinum,2019-12-20,2019,RETURNING,True,MDM,2019-12-20,2026-04-17 15:58:34.139831
72dd3e03-380d-4574-92d7-7e1b5e69b69e,CUST-2019-JP-002466,直樹,石井,直樹 石井,Female,2001-02-17,user493.apple@icloud.com,71-6621-6294,321 佐々木 Street,白井市,川崎市中原区,148-8673,JP,Japan,JAPAN,Japanese,Consumer,None,2019-06-15,2019,RETURNING,True,MDM,2019-06-15,2026-04-17 15:58:34.139833
c00cda0a-ba4b-4587-969e-18fa630be70b,CUST-2019-JP-001492,淳,近藤,淳 近藤,Female,1972-11-19,user329.apple321@live.com,53-1834-1234,735 井上 Street,君津市,横浜市磯子区,794-3523,JP,Japan,JAPAN,Japanese,Consumer,None,2019-08-21,2019,RETURNING,True,MDM,2019-08-21,2026-04-17 15:58:34.139835
f1effca9-47aa-4add-a4ed-49e4c284b226,CUST-2019-JP-002377,修平,佐藤,修平 佐藤,Male,1951-05-02,user648.apple@zoho.com,080-9028-2491,546 林 Street,八丈島八丈町,大網白里市,622-7846,JP,Japan,JAPAN,Japanese,Consumer,None,2019-01-01,2019,RETURNING,True,MDM,2019-01-01,2026-04-17 15:58:34.139837
2bd82c53-32c6-4c34-bb19-111f2299005e,CUST-2019-JP-001362,陽子,加藤,陽子 加藤,Female,1962-09-10,user549.apple@outlook.com,090-1960-7693,351 小林 Street,横浜市瀬谷区,福生市,306-1093,JP,Japan,JAPAN,Japanese,Consumer,None,2019-02-11,2019,RETURNING,True,MDM,2019-02-11,2026-04-17 15:58:34.139839
a8ec9287-7857-4e0f-8834-1e840fc08123,CUST-2019-JP-002026,稔,前田,稔 前田,Male,1983-02-21,user741.apple@hotmail.com,080-8961-0412,588 松本 Street,調布市,横浜市戸塚区,827-7833,JP,Japan,JAPAN,Japanese,Consumer,Gold,2019-01-26,2019,RETURNING,True,MDM,2019-01-26,2026-04-17 15:58:34.139840
83815a31-0e47-4b25-9147-4736e07113c8,CUST-2019-JP-001420,晃,渡辺,晃 渡辺,Female,1965-03-23,user589.apple@aol.com,090-0911-4570,158 中村 Street,昭島市,三宅島三宅村,051-6983,JP,Japan,JAPAN,Japanese,Business,None,2019-08-07,2019,RETURNING,True,MDM,2019-08-07,2026-04-17 15:58:34.139842
6cf7867d-54be-453c-8ab9-d0b09cda898e,CUST-2019-JP-000325,千代,山下,千代 山下,Male,1970-03-06,user210.apple@zoho.com,080-9303-0172,764 中川 Street,新宿区,小笠原村,021-6722,JP,Japan,JAPAN,Japanese,Education,Platinum,2019-08-17,2019,RETURNING,True,MDM,2019-08-17,2026-04-17 15:58:34.139843
3323f4ae-ed02-4822-b3da-8cde909cac68,CUST-2019-JP-001524,結衣,吉田,結衣 吉田,Male,1954-09-11,user461.apple971@msn.com,070-3994-5489,033 藤田 Street,鴨川市,いすみ市,937-3096,JP,Japan,JAPAN,Japanese,Consumer,None,2019-02-26,2019,RETURNING,True,MDM,2019-02-26,2026-04-17 15:58:34.139845
e591851f-0e3a-4a9d-854c-15ea220cc847,CUST-2019-JP-000728,千代,佐藤,千代 佐藤,Female,1956-01-18,user546.apple@mail.com,74-6591-9736,579 鈴木 Street,八千代市,鎌ケ谷市,722-8659,JP,Japan,JAPAN,Japanese,Consumer,Platinum,2019-06-21,2019,RETURNING,True,MDM,2019-06-21,2026-04-17 15:58:34.139846
13981e97-b397-45a0-8ebd-9379c28d9bd8,CUST-2019-JP-001388,舞,松田,舞 松田,Female,1979-03-13,user797.apple@msn.com,080-6520-0315,738 中川 Street,八街市,千代田区,665-1089,JP,Japan,JAPAN,Japanese,Education,None,2019-05-10,2019,RETURNING,True,MDM,2019-05-10,2026-04-17 15:58:34.139848
d05b810c-fb45-4f93-bfb3-30c8912442c2,CUST-2019-JP-002682,翔太,鈴木,翔太 鈴木,Male,1993-02-18,user809.apple@gmail.com,30-7154-3695,993 山田 Street,横浜市保土ケ谷区,町田市,272-1972,JP,Japan,JAPAN,Japanese,Business,Gold,2019-10-13,2019,RETURNING,True,MDM,2019-10-13,2026-04-17 15:58:34.139849
86608514-bea8-4e02-a87a-40416aa4942e,CUST-2019-JP-002530,康弘,前田,康弘 前田,Female,1969-08-27,user290.apple@yahoo.com,090-7538-3579,428 山田 Street,長生郡白子町,西多摩郡奥多摩町,773-3329,JP,Japan,JAPAN,Japanese,Consumer,None,2019-09-20,2019,RETURNING,True,MDM,2019-09-20,2026-04-17 15:58:34.139851
54c47120-29d0-432f-8bf3-941ca30025b2,CUST-2019-JP-001398,さゆり,中村,さゆり 中村,Male,1969-03-02,user920.apple@live.com,090-8456-2559,009 坂本 Street,羽村市,長生郡睦沢町,390-2548,JP,Japan,JAPAN,Japanese,Consumer,Silver,2019-04-10,2019,RETURNING,False,MDM,2019-04-10,2026-04-17 15:58:34.139853
7dfbc25c-bf06-4e25-81bb-d4d8d64eb537,CUST-2019-JP-001303,治,福田,治 福田,Male,1954-04-28,user795.apple@live.com,080-6696-2427,198 林 Street,中央区,世田谷区,601-3747,JP,Japan,JAPAN,Japanese,Consumer,Gold,2019-11-24,2019,RETURNING,True,MDM,2019-11-24,2026-04-17 15:58:34.139855
225ba495-ca89-46c3-a809-8b35850d3e76,CUST-2019-JP-000870,零,鈴木,零 鈴木,Female,2003-09-01,user866.apple@hotmail.com,080-6335-8781,284 近藤 Street,西多摩郡奥多摩町,羽村市,415-8595,JP,Japan,JAPAN,Japanese,Consumer,None,2019-12-28,2019,RETURNING,True,MDM,2019-12-28,2026-04-17 15:58:34.139856
66d7189a-0667-4ec5-9fdb-8491de97bf36,CUST-2019-JP-001957,花子,橋本,花子 橋本,Male,1982-10-27,user795.apple@hotmail.com,090-2185-4043,568 木村 Street,武蔵村山市,横浜市旭区,790-5404,JP,Japan,JAPAN,Japanese,Consumer,None,2019-09-21,2019,RETURNING,True,MDM,2019-09-21,2026-04-17 15:58:34.139858
6e0418bb-236a-47b5-b8f3-5e65f2dd191f,CUST-2019-JP-002757,智也,福田,智也 福田,Male,1971-01-03,user442.apple743@gmx.com,070-1544-5330,987 清水 Street,長生郡白子町,文京区,908-0811,JP,Japan,JAPAN,Japanese,Consumer,Silver,2019-04-28,2019,RETURNING,True,MDM,2019-04-28,2026-04-17 15:58:34.139860
342f4eeb-1997-4813-9d3c-fd01cc80022d,CUST-2019-JP-002710,香織,後藤,香織 後藤,Female,1982-10-24,user768.apple@gmx.com,070-7009-4542,147 中村 Street,足立区,江戸川区,632-5301,JP,Japan,JAPAN,Japanese,Consumer,Silver,2019-01-08,2019,RETURNING,True,MDM,2019-01-08,2026-04-17 15:58:34.139861
acbf87da-b446-48ae-8977-475c600b375e,CUST-2019-JP-002298,京助,遠藤,京助 遠藤,Female,1972-10-22,user913.apple780@live.com,080-7267-5694,347 高橋 Street,山武郡横芝光町,長生郡長南町,087-5982,JP,Japan,JAPAN,Japanese,Consumer,None,2019-09-12,2019,RETURNING,False,MDM,2019-09-12,2026-04-17 15:58:34.139863
940ecc2b-bf40-4d90-bfcd-26afb491f552,CUST-2019-JP-000148,太郎,小川,太郎 小川,Male,1999-05-22,user313.apple@protonmail.com,87-7054-7570,308 松田 Street,足立区,墨田区,167-8642,JP,Japan,JAPAN,Japanese,Consumer,None,2019-03-03,2019,RETURNING,True,MDM,2019-03-03,2026-04-17 15:58:34.139865
03d0f6fc-585f-4d48-a290-9a9aa2f0e191,CUST-2019-JP-001246,くみ子,池田,くみ子 池田,Female,1963-07-26,user249.apple@live.com,090-3452-7496,495 岡本 Street,渋谷区,横浜市西区,695-9806,JP,Japan,JAPAN,Japanese,Consumer,Gold,2019-04-06,2019,RETURNING,True,MDM,2019-04-06,2026-04-17 15:58:34.139866
f6fe80c5-e690-472a-9c2d-2a32383566f2,CUST-2019-JP-002777,直子,山崎,直子 山崎,Female,1957-02-18,user327.apple672@gmx.com,070-1083-2642,087 佐藤 Street,川崎市宮前区,狛江市,475-4863,JP,Japan,JAPAN,Japanese,Consumer,Silver,2019-01-01,2019,RETURNING,True,MDM,2019-01-01,2026-04-17 15:58:34.139867
d41d553c-599a-4f31-a0f2-2d627777f452,CUST-2019-JP-002586,治,木村,治 木村,Female,2000-11-01,user490.apple836@protonmail.com,080-5534-5514,846 吉田 Street,多摩市,川崎市高津区,790-5051,JP,Japan,JAPAN,Japanese,Consumer,Silver,2019-05-28,2019,RETURNING,True,MDM,2019-05-28,2026-04-17 15:58:34.139869
18f6cc85-5d2e-4575-a2fa-bc4a3d8f2edc,CUST-2019-JP-002227,香織,藤井,香織 藤井,Male,1952-01-20,user167.apple@gmx.com,080-4078-1061,521 渡辺 Street,荒川区,山武市,908-3275,JP,Japan,JAPAN,Japanese,Consumer,None,2019-05-31,2019,RETURNING,True,MDM,2019-05-31,2026-04-17 15:58:34.139871
81211bf2-5e42-4564-b2f5-a0df978fc59a,CUST-2019-JP-000736,晃,佐藤,晃 佐藤,Male,1989-10-23,user375.apple132@msn.com,090-2000-2653,698 吉田 Street,四街道市,川崎市宮前区,536-4670,JP,Japan,JAPAN,Japanese,Consumer,None,2019-02-04,2019,RETURNING,True,MDM,2019-02-04,2026-04-17 15:58:34.139872
f8cac1fd-7bb3-41f1-a9a6-eb638af02fed,CUST-2019-JP-000623,零,田中,零 田中,Female,1987-05-08,user222.apple@protonmail.com,070-4085-1369,795 小川 Street,立川市,八王子市,975-9924,JP,Japan,JAPAN,Japanese,Consumer,Gold,2019-05-10,2019,RETURNING,True,MDM,2019-05-10,2026-04-17 15:58:34.139874
86e62032-c73f-4f85-861a-fc2f67606326,CUST-2019-JP-000450,篤司,中村,篤司 中村,Female,1970-07-16,user193.apple@aol.com,070-2787-5981,556 鈴木 Street,印旛郡酒々井町,横浜市栄区,436-7900,JP,Japan,JAPAN,Japanese,Consumer,Silver,2019-05-08,2019,RETURNING,True,MDM,2019-05-08,2026-04-17 15:58:34.139875
2f1ecc46-aad0-4215-8ebf-600333abb635,CUST-2019-JP-001034,春香,加藤,春香 加藤,Male,1975-03-27,user188.apple944@aol.com,090-1365-5486,254 田中 Street,匝瑳市,浦安市,975-3168,JP,Japan,JAPAN,Japanese,Consumer,None,2019-07-20,2019,RETURNING,True,MDM,2019-07-20,2026-04-17 15:58:34.139877
79576470-1180-4483-8366-313fb1fb42df,CUST-2019-JP-001844,健一,高橋,健一 高橋,Male,1979-10-30,user974.apple672@aol.com,090-6264-8996,929 山本 Street,渋谷区,山武郡横芝光町,166-8053,JP,Japan,JAPAN,Japanese,Consumer,Platinum,2019-10-27,2019,RETURNING,False,MDM,2019-10-27,2026-04-17 15:58:34.139878
60b7daef-6013-4bad-9028-35d34a5859c0,CUST-2019-JP-000407,康弘,清水,康弘 清水,Female,1976-04-20,user367.apple@zoho.com,56-9557-4846,128 小林 Street,白井市,長生郡長柄町,429-4012,JP,Japan,JAPAN,Japanese,Consumer,Gold,2019-08-22,2019,RETURNING,True,MDM,2019-08-22,2026-04-17 15:58:34.139880
52d30dd4-c3f2-4754-a76a-6b500b306246,CUST-2019-JP-000005,和也,山田,和也 山田,Male,1994-11-20,user513.apple490@protonmail.com,080-9772-2280,438 中村 Street,立川市,八王子市,273-5212,JP,Japan,JAPAN,Japanese,Consumer,None,2019-01-09,2019,RETURNING,True,MDM,2019-01-09,2026-04-17 15:58:34.139882
aa7d44fa-4417-4364-94e6-4b5b77c3b1b3,CUST-2019-JP-002311,稔,小林,稔 小林,Male,1957-06-22,user335.apple@aol.com,070-8505-2797,215 高橋 Street,匝瑳市,日野市,789-6970,JP,Japan,JAPAN,Japanese,Consumer,Gold,2019-08-29,2019,RETURNING,True,MDM,2019-08-29,2026-04-17 15:58:34.139883
c6250ca2-2a5b-4815-8158-573deb28d737,CUST-2019-JP-000973,聡太郎,岡本,聡太郎 岡本,Female,1982-05-23,user710.apple@outlook.com,080-6120-7715,040 吉田 Street,練馬区,香取市,508-9674,JP,Japan,JAPAN,Japanese,Consumer,None,2019-02-28,2019,RETURNING,True,MDM,2019-02-28,2026-04-17 15:58:34.139885
f26d4995-2ef8-495a-866e-020b99750c3e,CUST-2019-JP-002425,陽一,斎藤,陽一 斎藤,Female,2007-09-18,user659.apple@icloud.com,64-7215-0021,758 山本 Street,安房郡鋸南町,武蔵村山市,289-3589,JP,Japan,JAPAN,Japanese,Consumer,None,2019-08-18,2019,RETURNING,True,MDM,2019-08-18,2026-04-17 15:58:34.139887
3b2dbe09-33d8-46ee-af77-56811a7e7e87,CUST-2019-JP-001203,知実,斉藤,知実 斉藤,Male,1993-12-19,user486.apple@gmail.com,080-5901-9083,652 斎藤 Street,狛江市,品川区,887-0460,JP,Japan,JAPAN,Japanese,Business,None,2019-11-24,2019,RETURNING,True,MDM,2019-11-24,2026-04-17 15:58:34.139889
082e4dba-0be6-44ce-a1a1-833e3aa017ff,CUST-2019-JP-000600,学,山田,学 山田,Female,1978-10-17,user309.apple@mail.com,17-6999-8951,711 高橋 Street,鎌ケ谷市,江東区,714-6202,JP,Japan,JAPAN,Japanese,Consumer,Silver,2019-07-01,2019,RETURNING,True,MDM,2019-07-01,2026-04-17 15:58:34.139890
6f3032c9-8fb6-4aad-8aee-172b4aac9297,CUST-2019-JP-000812,和也,山本,和也 山本,Male,1980-12-10,user761.apple@protonmail.com,82-1995-6903,908 渡辺 Street,川崎市幸区,江戸川区,095-2772,JP,Japan,JAPAN,Japanese,Consumer,Platinum,2019-07-09,2019,RETURNING,True,MDM,2019-07-09,2026-04-17 15:58:34.139892
b398f738-0bd2-41a6-85f3-eb0d0bd4b10b,CUST-2019-JP-001567,健一,村上,健一 村上,Male,1963-11-08,user540.apple@aol.com,54-2920-8186,213 佐藤 Street,横浜市磯子区,長生郡一宮町,815-7900,JP,Japan,JAPAN,Japanese,Consumer,None,2019-06-23,2019,RETURNING,False,MDM,2019-06-23,2026-04-17 15:58:34.139893
2cace3d8-e383-4882-a568-884c93f5e679,CUST-2019-JP-002203,桃子,渡辺,桃子 渡辺,Female,1972-03-15,user571.apple@outlook.com,080-0647-8142,868 山田 Street,神津島村,鎌ケ谷市,628-5122,JP,Japan,JAPAN,Japanese,Consumer,Gold,2019-06-08,2019,RETURNING,True,MDM,2019-06-08,2026-04-17 15:58:34.139895
7fc9f408-14d9-4ca6-a287-64c062f16855,CUST-2019-JP-001108,太一,山口,太一 山口,Male,1953-09-28,user556.apple563@hotmail.com,070-4582-2503,332 近藤 Street,墨田区,山武郡九十九里町,998-9608,JP,Japan,JAPAN,Japanese,Education,Gold,2019-12-03,2019,RETURNING,True,MDM,2019-12-03,2026-04-17 15:58:34.139896
75f7249c-214e-4394-b43d-477a00d1e37b,CUST-2019-JP-001497,修平,中川,修平 中川,Male,1985-06-22,user739.apple426@protonmail.com,72-2833-8765,161 藤井 Street,川崎市中原区,香取市,295-2905,JP,Japan,JAPAN,Japanese,Consumer,Silver,2019-08-05,2019,RETURNING,True,MDM,2019-08-05,2026-04-17 15:58:34.139898
ba4186d8-d287-4f62-9422-60374389e75c,CUST-2019-JP-002457,陽一,吉田,陽一 吉田,Male,2003-08-31,user719.apple@gmx.com,090-3327-9624,171 山田 Street,横浜市保土ケ谷区,横浜市栄区,123-4339,JP,Japan,JAPAN,Japanese,Consumer,Silver,2019-08-19,2019,RETURNING,True,MDM,2019-08-19,2026-04-17 15:58:34.139899
cdddde70-f691-484d-a341-abdb00103d45,CUST-2019-JP-001011,和也,山本,和也 山本,Male,1970-07-20,user404.apple@aol.com,080-5943-8983,317 田中 Street,港区,山武郡芝山町,060-3271,JP,Japan,JAPAN,Japanese,Business,Gold,2019-09-24,2019,RETURNING,True,MDM,2019-09-24,2026-04-17 15:58:34.139900
3a5ff6a1-cc4a-4e32-bbba-1cbf10368dc6,CUST-2019-JP-001768,さゆり,清水,さゆり 清水,Male,1965-02-25,user899.apple537@icloud.com,080-5238-7172,914 吉田 Street,横浜市旭区,川崎市高津区,172-7191,JP,Japan,JAPAN,Japanese,Education,Silver,2019-03-13,2019,RETURNING,True,MDM,2019-03-13,2026-04-17 15:58:34.139902
a6934625-bfc5-4a18-a10b-525623f67ade,CUST-2019-JP-001827,智也,近藤,智也 近藤,Female,2005-06-18,user236.apple461@outlook.com,070-9774-6187,605 佐々木 Street,横浜市港北区,青梅市,895-8286,JP,Japan,JAPAN,Japanese,Consumer,None,2019-05-18,2019,RETURNING,True,MDM,2019-05-18,2026-04-17 15:58:34.139903
d43e1fa9-0887-4295-8c9e-ee48e262c9d2,CUST-2019-JP-000032,舞,伊藤,舞 伊藤,Female,1986-03-02,user104.apple700@gmail.com,080-6769-6964,482 田中 Street,墨田区,江戸川区,155-0851,JP,Japan,JAPAN,Japanese,Consumer,None,2019-03-21,2019,RETURNING,True,MDM,2019-03-21,2026-04-17 15:58:34.139905
40a3e536-2642-4377-ad39-3c731f18b5a7,CUST-2019-JP-000741,学,後藤,学 後藤,Female,2001-04-26,user213.apple845@mail.com,070-6972-4258,743 木村 Street,匝瑳市,横浜市栄区,692-1833,JP,Japan,JAPAN,Japanese,Consumer,Gold,2019-06-04,2019,RETURNING,True,MDM,2019-06-04,2026-04-17 15:58:34.139907
444eb6fe-7a9e-48ee-9db3-9d7a11de4f08,CUST-2019-JP-000070,花子,中川,花子 中川,Female,1965-02-19,user820.apple309@aol.com,090-0069-0522,583 山本 Street,北区,香取市,786-3648,JP,Japan,JAPAN,Japanese,Education,None,2019-12-28,2019,RETURNING,True,MDM,2019-12-28,2026-04-17 15:58:34.139908
d12e28e0-b18d-4a58-b006-c37ae5f34797,CUST-2019-JP-002560,花子,近藤,花子 近藤,Female,1970-08-08,user980.apple675@aol.com,090-9708-4782,521 藤田 Street,武蔵村山市,小金井市,840-6960,JP,Japan,JAPAN,Japanese,Consumer,None,2019-07-11,2019,RETURNING,True,MDM,2019-07-11,2026-04-17 15:58:34.139910
99265bca-3049-4af7-a9e1-90046816d928,CUST-2019-JP-000452,結衣,加藤,結衣 加藤,Female,1950-05-16,user513.apple497@aol.com,090-4748-5039,947 中村 Street,国立市,武蔵野市,613-5516,JP,Japan,JAPAN,Japanese,Consumer,None,2019-09-14,2019,RETURNING,True,MDM,2019-09-14,2026-04-17 15:58:34.139912
64105cb8-1af4-48c5-ba33-647c9d1bf27a,CUST-2019-JP-001750,陽一,高橋,陽一 高橋,Female,1959-03-31,user822.apple@mail.com,080-4821-2505,538 西村 Street,山武市,横浜市保土ケ谷区,972-7057,JP,Japan,JAPAN,Japanese,Consumer,None,2019-07-20,2019,RETURNING,True,MDM,2019-07-20,2026-04-17 15:58:34.139914
3a2e159b-87f3-4e03-8cbf-ed0693235db2,CUST-2019-JP-001027,浩,田中,浩 田中,Female,1981-07-17,user408.apple56@outlook.com,070-7088-2853,036 山田 Street,狛江市,武蔵野市,606-1952,JP,Japan,JAPAN,Japanese,Consumer,Gold,2019-10-12,2019,RETURNING,True,MDM,2019-10-12,2026-04-17 15:58:34.139915
79a88d99-be0f-48be-8915-1b56cad42b77,CUST-2019-JP-000596,直子,森,直子 森,Female,1979-01-26,user453.apple957@hotmail.com,95-5220-1427,696 岡田 Street,印西市,横浜市金沢区,431-5007,JP,Japan,JAPAN,Japanese,Education,None,2019-03-26,2019,RETURNING,True,MDM,2019-03-26,2026-04-17 15:58:34.139917
01c5e69a-246d-4826-9ca8-609bb1c58588,CUST-2019-JP-000947,花子,木村,花子 木村,Male,1950-06-08,user245.apple@hotmail.com,080-5255-1858,281 斉藤 Street,調布市,西多摩郡奥多摩町,815-1309,JP,Japan,JAPAN,Japanese,Consumer,None,2019-11-21,2019,RETURNING,True,MDM,2019-11-21,2026-04-17 15:58:34.139919
018f3665-85a1-4a87-8a1a-b188e45a9972,CUST-2019-JP-002039,陽一,藤原,陽一 藤原,Male,1961-11-28,user925.apple@gmail.com,070-2508-8344,405 林 Street,三宅島三宅村,鎌ケ谷市,261-5432,JP,Japan,JAPAN,Japanese,Education,Platinum,2019-03-16,2019,RETURNING,True,MDM,2019-03-16,2026-04-17 15:58:34.139920
0b7c1107-b0da-4c6c-bbb4-24d4b629d446,CUST-2019-JP-001430,京助,山口,京助 山口,Female,2001-04-06,user395.apple@msn.com,090-5433-0454,687 山崎 Street,川崎市川崎区,清瀬市,296-1702,JP,Japan,JAPAN,Japanese,Consumer,None,2019-03-04,2019,RETURNING,True,MDM,2019-03-04,2026-04-17 15:58:34.139923
1eb12f5e-e43e-4762-b0f9-c855ed3af57e,CUST-2019-JP-001915,拓真,山口,拓真 山口,Female,1997-09-10,user921.apple@yahoo.com,070-0397-5273,872 山田 Street,板橋区,山武郡九十九里町,121-5523,JP,Japan,JAPAN,Japanese,Education,None,2019-10-04,2019,RETURNING,True,MDM,2019-10-04,2026-04-17 15:58:34.139925
1f45156d-44d6-4a3f-b17e-84e8f34197db,CUST-2019-JP-001345,英樹,鈴木,英樹 鈴木,Female,1952-11-19,user505.apple318@gmx.com,28-7836-6023,978 佐々木 Street,長生郡長生村,横浜市金沢区,290-4637,JP,Japan,JAPAN,Japanese,Consumer,Silver,2019-04-25,2019,RETURNING,True,MDM,2019-04-25,2026-04-17 15:58:34.139926
c6209527-593d-4696-a81d-eb33cf16691f,CUST-2019-JP-002270,亮介,山口,亮介 山口,Female,1977-07-14,user152.apple@zoho.com,070-2908-1704,822 佐藤 Street,我孫子市,小笠原村,218-7291,JP,Japan,JAPAN,Japanese,Business,Silver,2019-05-28,2019,RETURNING,True,MDM,2019-05-28,2026-04-17 15:58:34.139928
ffa20676-6506-4b17-a17e-33b872b43e36,CUST-2019-JP-002628,春香,池田,春香 池田,Male,1951-09-10,user755.apple129@msn.com,090-2208-4043,170 佐藤 Street,横浜市港北区,八丈島八丈町,424-0406,JP,Japan,JAPAN,Japanese,Business,Silver,2019-04-09,2019,RETURNING,True,MDM,2019-04-09,2026-04-17 15:58:34.139929
18f32f87-99a2-4f4d-b3d5-f9978923353b,CUST-2019-JP-001204,桃子,中村,桃子 中村,Female,1997-08-31,user967.apple903@yahoo.com,090-6389-3707,861 松本 Street,中野区,小笠原村,968-0904,JP,Japan,JAPAN,Japanese,Consumer,None,2019-12-05,2019,RETURNING,False,MDM,2019-12-05,2026-04-17 15:58:34.139931
6111c591-a6e2-4d1b-afcc-f2103b03dbcf,CUST-2019-JP-002364,幹,小林,幹 小林,Male,2004-10-14,user647.apple@protonmail.com,080-0275-0988,525 佐々木 Street,横浜市磯子区,目黒区,615-8526,JP,Japan,JAPAN,Japanese,Consumer,None,2019-09-01,2019,RETURNING,True,MDM,2019-09-01,2026-04-17 15:58:34.139933
dbbd2b52-1601-44cd-a0ca-d96fce0994c1,CUST-2019-JP-000883,さゆり,小林,さゆり 小林,Male,1968-10-04,user906.apple@zoho.com,070-4783-3823,339 藤井 Street,川崎市幸区,夷隅郡御宿町,785-8100,JP,Japan,JAPAN,Japanese,Consumer,None,2019-06-07,2019,RETURNING,True,MDM,2019-06-07,2026-04-17 15:58:34.139934
9fe97035-8056-4f06-b6b8-ecb4f5b9e8b3,CUST-2019-JP-000579,春香,青木,春香 青木,Female,1972-02-01,user588.apple@msn.com,090-4156-7601,756 中村 Street,四街道市,青梅市,029-7615,JP,Japan,JAPAN,Japanese,Education,Silver,2019-10-27,2019,RETURNING,False,MDM,2019-10-27,2026-04-17 15:58:34.139936
ab45c85f-338f-48c5-aba8-9b62bee3159b,CUST-2019-JP-001140,裕樹,佐藤,裕樹 佐藤,Female,1987-07-20,user554.apple298@live.com,070-6311-0980,731 加藤 Street,大田区,長生郡白子町,881-0466,JP,Japan,JAPAN,Japanese,Consumer,Platinum,2019-12-21,2019,RETURNING,True,MDM,2019-12-21,2026-04-17 15:58:34.139937
f4f2bfa3-3efe-45fd-b9a4-bb6fed896d16,CUST-2019-JP-001641,舞,小林,舞 小林,Male,1994-10-29,user945.apple@gmail.com,080-3700-6831,172 長谷川 Street,横浜市緑区,西多摩郡瑞穂町,804-8747,JP,Japan,JAPAN,Japanese,Consumer,Silver,2019-02-06,2019,RETURNING,True,MDM,2019-02-06,2026-04-17 15:58:34.139939
1de352e9-783d-40b5-b31f-c2896f4dde44,CUST-2019-JP-002653,翼,小林,翼 小林,Female,1974-07-19,user707.apple@gmx.com,080-3940-9567,750 小林 Street,港区,浦安市,384-6834,JP,Japan,JAPAN,Japanese,Consumer,None,2019-03-14,2019,RETURNING,True,MDM,2019-03-14,2026-04-17 15:58:34.139941
999e690e-7aac-4a3e-a32c-8d4789f385a4,CUST-2019-JP-001550,浩,山口,浩 山口,Male,1969-11-27,user412.apple@gmx.com,070-2770-4087,963 小林 Street,長生郡白子町,横浜市栄区,900-6894,JP,Japan,JAPAN,Japanese,Consumer,Platinum,2019-06-09,2019,RETURNING,True,MDM,2019-06-09,2026-04-17 15:58:34.139942
21cda297-8377-414d-882b-68f4d4b2d90c,CUST-2019-JP-002114,和也,山下,和也 山下,Male,1980-10-18,user883.apple@gmx.com,080-9944-8680,867 松本 Street,川崎市宮前区,三鷹市,343-0806,JP,Japan,JAPAN,Japanese,Business,None,2019-12-22,2019,RETURNING,True,MDM,2019-12-22,2026-04-17 15:58:34.139944
c3d50e5a-b541-4a2c-85c5-317111b8271b,CUST-2019-JP-001379,美加子,橋本,美加子 橋本,Female,1963-07-09,user603.apple@gmail.com,070-9046-1234,685 高橋 Street,台東区,渋谷区,153-4690,JP,Japan,JAPAN,Japanese,Business,None,2019-12-05,2019,RETURNING,True,MDM,2019-12-05,2026-04-17 15:58:34.139945
831f2781-d611-4f43-82da-ed25ac4c1e97,CUST-2019-JP-000918,翔太,田中,翔太 田中,Female,1976-10-13,user739.apple@hotmail.com,080-3932-2866,851 山口 Street,稲城市,横浜市鶴見区,372-3847,JP,Japan,JAPAN,Japanese,Consumer,None,2019-12-05,2019,RETURNING,True,MDM,2019-12-05,2026-04-17 15:58:34.139947
c8e5cc1b-2f68-46cc-904e-ad24c2cfbccf,CUST-2020-JP-000001,亮介,井上,亮介 井上,Male,1973-06-10,user106.apple548@gmail.com,090-4218-9068,507 鈴木 Street,富里市,香取郡神崎町,263-2591,JP,Japan,JAPAN,Japanese,Consumer,Silver,2020-06-04,2020,NEW,True,MDM,2020-06-04 00:00:00,2026-04-17 15:58:34.140130
a37ae1d4-5af8-4e48-be8a-ae3d5e4f0bec,CUST-2020-JP-000002,亮介,藤原,亮介 藤原,Male,1977-09-16,user491.apple@gmx.com,090-7219-4904,015 坂本 Street,長生郡長生村,横浜市磯子区,248-1837,JP,Japan,JAPAN,Japanese,Consumer,Gold,2020-10-21,2020,NEW,True,MDM,2020-10-21 00:00:00,2026-04-17 15:58:34.140201
5533a355-42d2-4fe4-b52a-a4067dd2421d,CUST-2020-JP-000003,加奈,山田,加奈 山田,Male,1983-04-30,user339.apple@protonmail.com,080-0727-2400,153 斎藤 Street,杉並区,西多摩郡瑞穂町,066-6127,JP,Japan,JAPAN,Japanese,Education,Gold,2020-02-23,2020,NEW,False,MDM,2020-02-23 00:00:00,2026-04-17 15:58:34.140264
5189e989-5dfc-44eb-b6c8-f63e191a654c,CUST-2020-JP-000004,淳,山本,淳 山本,Female,1972-03-24,user601.apple@zoho.com,85-3126-3089,521 斎藤 Street,印旛郡酒々井町,長生郡長柄町,314-6644,JP,Japan,JAPAN,Japanese,Consumer,Silver,2020-06-17,2020,NEW,True,MDM,2020-06-17 00:00:00,2026-04-17 15:58:34.140324
b6a353a4-378d-4668-a02f-065b0ac9ba1a,CUST-2020-JP-000005,陽子,中村,陽子 中村,Female,1971-10-28,user597.apple@hotmail.com,070-6223-6516,308 佐藤 Street,利島村,四街道市,371-9809,JP,Japan,JAPAN,Japanese,Consumer,Gold,2020-11-12,2020,NEW,False,MDM,2020-11-12 00:00:00,2026-04-17 15:58:34.140383
c1cde45f-4bc3-47ae-aed8-b8ad14851091,CUST-2020-JP-000006,康弘,加藤,康弘 加藤,Female,1973-01-22,user624.apple@aol.com,090-8899-5898,172 小林 Street,横浜市西区,川崎市中原区,834-4371,JP,Japan,JAPAN,Japanese,Consumer,Silver,2020-05-24,2020,NEW,True,MDM,2020-05-24 00:00:00,2026-04-17 15:58:34.140441
eae4fc48-e669-41b0-9be2-c0bef2858e18,CUST-2020-JP-000007,晃,渡辺,晃 渡辺,Male,1993-01-29,user999.apple@gmail.com,070-9098-5012,885 山口 Street,西東京市,夷隅郡御宿町,572-0840,JP,Japan,JAPAN,Japanese,Consumer,None,2020-03-04,2020,NEW,True,MDM,2020-03-04 00:00:00,2026-04-17 15:58:34.140499
f075ada0-579f-4a58-9564-6411e158f962,CUST-2020-JP-000008,直樹,松本,直樹 松本,Male,1999-12-05,user672.apple@icloud.com,090-5202-9457,923 鈴木 Street,横浜市西区,八千代市,664-4605,JP,Japan,JAPAN,Japanese,Consumer,None,2020-07-29,2020,NEW,True,MDM,2020-07-29 00:00:00,2026-04-17 15:58:34.140556
bcba289f-0bb7-433b-bdc0-043c072c6b14,CUST-2020-JP-000009,裕樹,松田,裕樹 松田,Male,1967-06-23,user336.apple@zoho.com,090-6681-5755,283 木村 Street,横浜市旭区,横浜市中区,022-4046,JP,Japan,JAPAN,Japanese,Consumer,None,2020-01-10,2020,NEW,False,MDM,2020-01-10 00:00:00,2026-04-17 15:58:34.140614
6138b174-ec9c-4856-b642-85178449f3b5,CUST-2020-JP-000010,京助,吉田,京助 吉田,Male,2004-10-10,user819.apple23@yahoo.com,48-0777-3139,715 小林 Street,横浜市神奈川区,山武郡九十九里町,586-0097,JP,Japan,JAPAN,Japanese,Business,Gold,2020-01-31,2020,NEW,True,MDM,2020-01-31 00:00:00,2026-04-17 15:58:34.140673
1adae6cf-9d20-4741-9e2b-8ff2fb73bcb2,CUST-2020-JP-000011,さゆり,小川,さゆり 小川,Male,2002-11-19,user963.apple653@mail.com,54-0487-2195,752 鈴木 Street,多摩市,八街市,999-2426,JP,Japan,JAPAN,Japanese,Consumer,Silver,2020-01-21,2020,NEW,True,MDM,2020-01-21 00:00:00,2026-04-17 15:58:34.140731
a3fc420c-ef57-44a0-8fb3-9c1769f04eb5,CUST-2020-JP-000012,太一,山本,太一 山本,Female,1998-09-15,user220.apple@msn.com,090-6211-0161,170 井上 Street,横浜市瀬谷区,稲城市,360-7469,JP,Japan,JAPAN,Japanese,Consumer,None,2020-07-17,2020,NEW,True,MDM,2020-07-17 00:00:00,2026-04-17 15:58:34.140787
d6f4ad61-7c3b-4c48-8274-e1821d3a68ed,CUST-2020-JP-000013,涼平,鈴木,涼平 鈴木,Male,1989-08-31,user332.apple@zoho.com,070-8807-1041,854 渡辺 Street,いすみ市,川崎市川崎区,645-3990,JP,Japan,JAPAN,Japanese,Consumer,None,2020-12-31,2020,NEW,True,MDM,2020-12-31 00:00:00,2026-04-17 15:58:34.140844
688de478-ddf7-42d2-9b0d-aedc73b8c15b,CUST-2020-JP-000014,あすか,池田,あすか 池田,Male,1982-01-29,user902.apple@yahoo.com,080-6292-9519,041 後藤 Street,浦安市,山武郡九十九里町,875-8834,JP,Japan,JAPAN,Japanese,Education,Gold,2020-09-18,2020,NEW,True,MDM,2020-09-18 00:00:00,2026-04-17 15:58:34.140900
58dca494-f366-46be-9a6d-e7d9ac49aade,CUST-2020-JP-000015,春香,渡辺,春香 渡辺,Female,1991-05-18,user263.apple@protonmail.com,070-1836-4527,354 森 Street,香取市,長生郡睦沢町,456-2596,JP,Japan,JAPAN,Japanese,Business,Silver,2020-09-13,2020,NEW,True,MDM,2020-09-13 00:00:00,2026-04-17 15:58:34.140956
53168e8d-f3fc-4778-be75-5df272936587,CUST-2020-JP-000016,修平,太田,修平 太田,Male,1960-12-10,user112.apple@aol.com,090-7867-4564,042 鈴木 Street,川崎市高津区,香取郡多古町,150-2782,JP,Japan,JAPAN,Japanese,Consumer,Silver,2020-09-05,2020,NEW,True,MDM,2020-09-05 00:00:00,2026-04-17 15:58:34.141015
2cac8909-47a7-4a29-aee8-6c508d82a62f,CUST-2020-JP-000017,結衣,石川,結衣 石川,Male,1981-01-28,user554.apple705@yahoo.com,95-7084-6215,096 高橋 Street,世田谷区,四街道市,224-4501,JP,Japan,JAPAN,Japanese,Business,None,2020-08-15,2020,NEW,True,MDM,2020-08-15 00:00:00,2026-04-17 15:58:34.141072
836732d5-5c6e-4413-ba07-b92d68b485e9,CUST-2020-JP-000018,零,鈴木,零 鈴木,Male,1976-03-13,user694.apple186@aol.com,080-4954-5775,833 高橋 Street,福生市,荒川区,333-5226,JP,Japan,JAPAN,Japanese,Consumer,Silver,2020-09-07,2020,NEW,True,MDM,2020-09-07 00:00:00,2026-04-17 15:58:34.141128
b2830c6e-f4fd-4c97-bcbc-8368402f4add,CUST-2020-JP-000019,真綾,渡辺,真綾 渡辺,Female,1963-07-30,user382.apple@yahoo.com,090-9285-6638,978 斎藤 Street,三鷹市,横浜市磯子区,293-2351,JP,Japan,JAPAN,Japanese,Consumer,None,2020-10-04,2020,NEW,True,MDM,2020-10-04 00:00:00,2026-04-17 15:58:34.141184
79aa3f18-82da-4d72-b4a8-602083f6511c,CUST-2020-JP-000020,拓真,渡辺,拓真 渡辺,Male,1988-10-30,user604.apple@gmail.com,080-6146-1228,964 池田 Street,横浜市都筑区,横浜市神奈川区,357-0179,JP,Japan,JAPAN,Japanese,Consumer,Gold,2020-05-04,2020,NEW,False,MDM,2020-05-04 00:00:00,2026-04-17 15:58:34.141242
c724439f-3f6b-49ae-a547-75aef43a0d03,CUST-2020-JP-000021,淳,田中,淳 田中,Female,1967-03-08,user736.apple@zoho.com,070-6699-0187,843 田中 Street,板橋区,板橋区,538-1520,JP,Japan,JAPAN,Japanese,Consumer,None,2020-10-18,2020,NEW,True,MDM,2020-10-18 00:00:00,2026-04-17 15:58:34.141300
f9e141f1-69a7-484a-99af-d350a64e149e,CUST-2020-JP-000022,明美,小川,明美 小川,Female,1961-01-04,user183.apple@gmail.com,070-1212-9630,475 佐々木 Street,御蔵島村,富津市,233-3761,JP,Japan,JAPAN,Japanese,Consumer,None,2020-08-02,2020,NEW,True,MDM,2020-08-02 00:00:00,2026-04-17 15:58:34.141358
d84e1be6-52ee-4fa1-a297-a3c4dce7eda8,CUST-2020-JP-000023,和也,山本,和也 山本,Male,1950-11-25,user345.apple@live.com,090-9315-5004,339 斉藤 Street,世田谷区,印旛郡本埜村,299-0250,JP,Japan,JAPAN,Japanese,Consumer,Gold,2020-09-27,2020,NEW,True,MDM,2020-09-27 00:00:00,2026-04-17 15:58:34.141414
6f5a8755-d43c-49a9-88b4-68b7240f51e8,CUST-2020-JP-000024,くみ子,渡辺,くみ子 渡辺,Female,1989-05-20,user515.apple@hotmail.com,080-8225-4401,081 小林 Street,青ヶ島村,杉並区,161-0314,JP,Japan,JAPAN,Japanese,Consumer,None,2020-07-04,2020,NEW,False,MDM,2020-07-04 00:00:00,2026-04-17 15:58:34.141470
e6282c38-1a92-46ff-bc9c-f141afc0ffe3,CUST-2020-JP-000025,明美,石井,明美 石井,Male,2005-07-07,user746.apple233@hotmail.com,070-1929-9189,573 山口 Street,我孫子市,北区,171-3926,JP,Japan,JAPAN,Japanese,Business,Platinum,2020-08-06,2020,NEW,True,MDM,2020-08-06 00:00:00,2026-04-17 15:58:34.141527
243e352d-3f07-46aa-938e-f37b4a85aca7,CUST-2020-JP-000026,和也,福田,和也 福田,Male,1988-06-20,user110.apple@aol.com,090-3462-0085,075 佐々木 Street,武蔵野市,北区,693-2681,JP,Japan,JAPAN,Japanese,Consumer,Gold,2020-08-19,2020,NEW,True,MDM,2020-08-19 00:00:00,2026-04-17 15:58:34.141583
efcbd087-22a7-42e5-9e85-9aa046c143f8,CUST-2020-JP-000027,太郎,吉田,太郎 吉田,Female,1999-11-06,user487.apple@mail.com,080-2004-5897,901 佐藤 Street,横浜市中区,青ヶ島村,865-3972,JP,Japan,JAPAN,Japanese,Consumer,None,2020-11-06,2020,NEW,True,MDM,2020-11-06 00:00:00,2026-04-17 15:58:34.141639
09fc6261-4a3f-426f-a131-455695d2cdaf,CUST-2020-JP-000028,太一,渡辺,太一 渡辺,Male,1996-02-19,user830.apple@gmail.com,080-5981-6886,235 山田 Street,あきる野市,三宅島三宅村,516-9643,JP,Japan,JAPAN,Japanese,Business,Gold,2020-10-23,2020,NEW,True,MDM,2020-10-23 00:00:00,2026-04-17 15:58:34.141695
8a52b8ed-7c5d-468e-a5a2-4a5d0f6b2b39,CUST-2020-JP-000029,修平,鈴木,修平 鈴木,Female,1998-06-27,user206.apple904@aol.com,080-3767-4984,025 長谷川 Street,国分寺市,大島町,168-4007,JP,Japan,JAPAN,Japanese,Business,Silver,2020-03-25,2020,NEW,True,MDM,2020-03-25 00:00:00,2026-04-17 15:58:34.141751
1fd0b80c-42ab-41ce-827c-f4eeb9b30f47,CUST-2020-JP-000030,零,橋本,零 橋本,Male,1955-07-07,user748.apple@protonmail.com,070-6873-4482,270 近藤 Street,調布市,横浜市港南区,689-2689,JP,Japan,JAPAN,Japanese,Consumer,None,2020-03-05,2020,NEW,True,MDM,2020-03-05 00:00:00,2026-04-17 15:58:34.141807
d41aa3b5-275e-420d-84c6-ce8eb4763f57,CUST-2020-JP-000031,陽一,吉田,陽一 吉田,Male,1975-07-28,user136.apple@gmx.com,070-8306-8592,400 吉田 Street,匝瑳市,匝瑳市,249-9973,JP,Japan,JAPAN,Japanese,Consumer,None,2020-04-06,2020,NEW,True,MDM,2020-04-06 00:00:00,2026-04-17 15:58:34.141864
4f2d4a0a-a298-4b29-9335-b7ee360f4dce,CUST-2020-JP-000032,零,橋本,零 橋本,Male,1999-11-15,user377.apple881@mail.com,080-9199-7154,111 斎藤 Street,江東区,世田谷区,707-9697,JP,Japan,JAPAN,Japanese,Consumer,Silver,2020-02-05,2020,NEW,True,MDM,2020-02-05 00:00:00,2026-04-17 15:58:34.141919
2435fee3-bee2-46e5-864e-0c6e4dad7ac1,CUST-2020-JP-000033,太一,山口,太一 山口,Male,1989-01-01,user144.apple73@gmx.com,090-3913-8506,934 藤井 Street,新宿区,利島村,099-9926,JP,Japan,JAPAN,Japanese,Business,None,2020-02-12,2020,NEW,True,MDM,2020-02-12 00:00:00,2026-04-17 15:58:34.141975
7b79b995-1081-4005-b9fc-dab3d779a047,CUST-2020-JP-000034,翼,佐々木,翼 佐々木,Male,1992-04-17,user641.apple@mail.com,090-8109-0439,004 田中 Street,印旛郡印旛村,立川市,494-7336,JP,Japan,JAPAN,Japanese,Consumer,Gold,2020-06-22,2020,NEW,True,MDM,2020-06-22 00:00:00,2026-04-17 15:58:34.142032
cfa7548b-b275-4457-8b42-ab643f0115eb,CUST-2020-JP-000035,智也,山下,智也 山下,Female,2003-07-04,user112.apple133@hotmail.com,070-0665-8644,672 佐藤 Street,立川市,大島町,891-8807,JP,Japan,JAPAN,Japanese,Consumer,Silver,2020-03-12,2020,NEW,True,MDM,2020-03-12 00:00:00,2026-04-17 15:58:34.142088
cfa48822-2f4e-496f-ad17-8ffdc9582a3c,CUST-2020-JP-000036,充,石川,充 石川,Male,1970-11-13,user370.apple@live.com,090-9425-3404,496 中村 Street,清瀬市,印西市,746-4200,JP,Japan,JAPAN,Japanese,Consumer,Gold,2020-06-26,2020,NEW,True,MDM,2020-06-26 00:00:00,2026-04-17 15:58:34.142144
aa69189a-3f22-4e58-ba72-07f94c63c1b1,CUST-2020-JP-000037,幹,山崎,幹 山崎,Male,1993-11-07,user701.apple@icloud.com,090-8413-0591,562 田中 Street,葛飾区,印旛郡本埜村,443-1652,JP,Japan,JAPAN,Japanese,Consumer,Platinum,2020-10-24,2020,NEW,True,MDM,2020-10-24 00:00:00,2026-04-17 15:58:34.142200
9a5159d4-621e-469c-9094-8bb89a97bf94,CUST-2020-JP-000038,浩,池田,浩 池田,Female,1990-10-27,user802.apple@hotmail.com,080-2615-6255,130 遠藤 Street,大島町,鎌ケ谷市,172-6122,JP,Japan,JAPAN,Japanese,Education,None,2020-12-20,2020,NEW,True,MDM,2020-12-20 00:00:00,2026-04-17 15:58:34.142255
ab4a191d-cc92-407a-b8e6-5cdeec6adc93,CUST-2020-JP-000039,陽子,木村,陽子 木村,Male,1960-01-25,user472.apple@mail.com,070-4298-1342,284 佐藤 Street,大網白里市,青ヶ島村,680-6620,JP,Japan,JAPAN,Japanese,Consumer,Silver,2020-10-20,2020,NEW,True,MDM,2020-10-20 00:00:00,2026-04-17 15:58:34.142310
5b372dca-0ace-4961-be88-8732886a743f,CUST-2020-JP-000040,桃子,斉藤,桃子 斉藤,Female,1962-10-06,user734.apple@gmail.com,080-5568-1089,507 小林 Street,台東区,府中市,965-5188,JP,Japan,JAPAN,Japanese,Consumer,Platinum,2020-11-29,2020,NEW,True,MDM,2020-11-29 00:00:00,2026-04-17 15:58:34.142367
301bafa3-2c31-4a07-a832-ddf7cfa655eb,CUST-2020-JP-000041,裕樹,池田,裕樹 池田,Female,2002-09-26,user772.apple@aol.com,080-9713-4331,036 近藤 Street,夷隅郡御宿町,香取郡多古町,871-5301,JP,Japan,JAPAN,Japanese,Consumer,Silver,2020-12-07,2020,NEW,True,MDM,2020-12-07 00:00:00,2026-04-17 15:58:34.142422
1bee50f1-d171-4b76-a91e-3669df3e20f3,CUST-2020-JP-000042,陽子,坂本,陽子 坂本,Male,2003-09-20,user960.apple@icloud.com,51-7282-6387,773 山口 Street,葛飾区,印旛郡栄町,477-4627,JP,Japan,JAPAN,Japanese,Consumer,None,2020-12-07,2020,NEW,False,MDM,2020-12-07 00:00:00,2026-04-17 15:58:34.142479
0d11093b-72fb-4e44-8825-3d175de99a58,CUST-2020-JP-000043,治,渡辺,治 渡辺,Male,2007-04-14,user187.apple996@hotmail.com,070-9822-9838,604 岡本 Street,八王子市,千代田区,684-6073,JP,Japan,JAPAN,Japanese,Consumer,Silver,2020-09-19,2020,NEW,True,MDM,2020-09-19 00:00:00,2026-04-17 15:58:34.142536
9074c9b7-af5a-4a6b-9d1b-00e08cbbf1f7,CUST-2020-JP-000044,洋介,太田,洋介 太田,Male,1963-08-08,user130.apple@gmx.com,40-0044-7721,436 阿部 Street,香取郡神崎町,印旛郡酒々井町,957-2910,JP,Japan,JAPAN,Japanese,Consumer,Platinum,2020-12-05,2020,NEW,True,MDM,2020-12-05 00:00:00,2026-04-17 15:58:34.142592
15312429-ae3b-43ce-a37c-c563439c966e,CUST-2020-JP-000045,あすか,高橋,あすか 高橋,Male,1950-05-09,user458.apple904@live.com,070-7517-4852,692 高橋 Street,御蔵島村,鴨川市,585-0053,JP,Japan,JAPAN,Japanese,Consumer,None,2020-12-04,2020,NEW,True,MDM,2020-12-04 00:00:00,2026-04-17 15:58:34.142648
67569df3-6126-4cd5-96be-9a07059185ae,CUST-2020-JP-000046,直子,斉藤,直子 斉藤,Female,1960-11-08,user389.apple@zoho.com,090-5704-9265,428 青木 Street,清瀬市,夷隅郡御宿町,484-0009,JP,Japan,JAPAN,Japanese,Consumer,Silver,2020-08-01,2020,NEW,True,MDM,2020-08-01 00:00:00,2026-04-17 15:58:34.142704
3349709a-ab08-440e-8fa0-17d03fb88229,CUST-2020-JP-000047,学,佐藤,学 佐藤,Male,1951-11-15,user188.apple@mail.com,26-6870-7662,729 山田 Street,武蔵野市,横浜市金沢区,862-3944,JP,Japan,JAPAN,Japanese,Consumer,Silver,2020-06-28,2020,NEW,True,MDM,2020-06-28 00:00:00,2026-04-17 15:58:34.142761
f072ea7a-f6c0-4c01-9401-0e2d16b87c34,CUST-2020-JP-000048,浩,山崎,浩 山崎,Male,1973-05-19,user590.apple556@outlook.com,40-8984-8052,255 山本 Street,八街市,横浜市南区,978-4928,JP,Japan,JAPAN,Japanese,Consumer,Gold,2020-07-23,2020,NEW,True,MDM,2020-07-23 00:00:00,2026-04-17 15:58:34.142935
043bda7e-cfe2-46b4-a29c-dbc2320c03cb,CUST-2020-JP-000049,治,石川,治 石川,Male,1953-06-11,user632.apple@outlook.com,080-8532-8565,746 吉田 Street,三宅島三宅村,横浜市旭区,662-7406,JP,Japan,JAPAN,Japanese,Consumer,Gold,2020-02-19,2020,NEW,False,MDM,2020-02-19 00:00:00,2026-04-17 15:58:34.143029
8c41a880-9c6a-462b-a610-e370acc86e99,CUST-2020-JP-000050,結衣,伊藤,結衣 伊藤,Female,1974-05-15,user583.apple@gmx.com,78-6951-1795,113 遠藤 Street,夷隅郡大多喜町,調布市,808-5957,JP,Japan,JAPAN,Japanese,Education,Gold,2020-12-04,2020,NEW,True,MDM,2020-12-04 00:00:00,2026-04-17 15:58:34.143101
6f8a7eb4-8844-4ec9-98ee-4b137f676c76,CUST-2020-JP-000051,拓真,佐々木,拓真 佐々木,Male,1974-10-20,user729.apple@zoho.com,080-7893-1276,388 松本 Street,武蔵村山市,浦安市,635-0378,JP,Japan,JAPAN,Japanese,Consumer,Gold,2020-08-03,2020,NEW,True,MDM,2020-08-03 00:00:00,2026-04-17 15:58:34.143173
ba7a4ea7-6209-410f-8199-4765cc64ae2f,CUST-2020-JP-000052,京助,鈴木,京助 鈴木,Female,1950-05-21,user213.apple@live.com,070-1467-4261,962 佐藤 Street,港区,町田市,042-3163,JP,Japan,JAPAN,Japanese,Consumer,Gold,2020-06-13,2020,NEW,True,MDM,2020-06-13 00:00:00,2026-04-17 15:58:34.143239
91aa43a7-6145-4503-987d-89a573afa8f4,CUST-2020-JP-000053,和也,高橋,和也 高橋,Female,1971-02-21,user614.apple@msn.com,090-2371-8145,387 鈴木 Street,青ヶ島村,横浜市旭区,243-8614,JP,Japan,JAPAN,Japanese,Consumer,Platinum,2020-06-13,2020,NEW,True,MDM,2020-06-13 00:00:00,2026-04-17 15:58:34.143305
3df95e9d-7506-4aa4-98c0-e9021192f7c6,CUST-2020-JP-000054,舞,山本,舞 山本,Male,1953-07-16,user157.apple625@msn.com,090-4478-5905,126 中川 Street,印旛郡栄町,横浜市港南区,419-5197,JP,Japan,JAPAN,Japanese,Consumer,None,2020-03-09,2020,NEW,True,MDM,2020-03-09 00:00:00,2026-04-17 15:58:34.143373
b666f898-ba07-48b6-af02-761a6f54bf52,CUST-2020-JP-000055,拓真,小林,拓真 小林,Female,1957-07-28,user825.apple@zoho.com,080-1249-6605,979 小林 Street,印旛郡本埜村,印旛郡印旛村,181-1275,JP,Japan,JAPAN,Japanese,Consumer,Silver,2020-01-26,2020,NEW,True,MDM,2020-01-26 00:00:00,2026-04-17 15:58:34.143438
815803a7-5f80-40d6-a22d-e1a969f5dd18,CUST-2020-JP-000056,晃,加藤,晃 加藤,Male,1959-09-12,user894.apple@outlook.com,090-1789-4556,989 岡田 Street,横浜市瀬谷区,匝瑳市,159-3415,JP,Japan,JAPAN,Japanese,Consumer,Silver,2020-09-23,2020,NEW,True,MDM,2020-09-23 00:00:00,2026-04-17 15:58:34.143499
5f99f6fc-eaa3-4df5-a1d5-e701ed8f00b0,CUST-2020-JP-000057,篤司,渡辺,篤司 渡辺,Female,1996-01-20,user601.apple@mail.com,080-1296-5729,953 太田 Street,横浜市港南区,国分寺市,761-3420,JP,Japan,JAPAN,Japanese,Consumer,None,2020-05-18,2020,NEW,True,MDM,2020-05-18 00:00:00,2026-04-17 15:58:34.143561
69391f7b-12aa-42f2-823f-6a0668b8e537,CUST-2020-JP-000058,千代,清水,千代 清水,Female,1983-09-21,user640.apple@hotmail.com,090-2772-2302,290 青木 Street,大田区,葛飾区,411-3450,JP,Japan,JAPAN,Japanese,Education,None,2020-01-27,2020,NEW,True,MDM,2020-01-27 00:00:00,2026-04-17 15:58:34.143625
f02bcfd4-39c7-40ed-abaf-0ddac20ad1c0,CUST-2020-JP-000059,晃,村上,晃 村上,Male,1974-01-29,user782.apple@yahoo.com,070-3371-8378,809 小林 Street,横浜市磯子区,川崎市幸区,186-5919,JP,Japan,JAPAN,Japanese,Business,Gold,2020-01-15,2020,NEW,True,MDM,2020-01-15 00:00:00,2026-04-17 15:58:34.143692
063da742-0c75-4469-b26e-0d684b156524,CUST-2020-JP-000060,充,鈴木,充 鈴木,Male,1972-04-01,user669.apple38@protonmail.com,070-3591-2375,975 坂本 Street,西多摩郡檜原村,荒川区,187-2963,JP,Japan,JAPAN,Japanese,Consumer,None,2020-09-07,2020,NEW,True,MDM,2020-09-07 00:00:00,2026-04-17 15:58:34.143754
ee8deb5a-f050-4236-b449-28d6525fca40,CUST-2020-JP-000061,舞,鈴木,舞 鈴木,Female,2007-01-02,user644.apple@icloud.com,090-0611-9476,649 小川 Street,江戸川区,長生郡睦沢町,416-4277,JP,Japan,JAPAN,Japanese,Consumer,None,2020-08-07,2020,NEW,True,MDM,2020-08-07 00:00:00,2026-04-17 15:58:34.143815
ebb366b8-e5b5-41b9-958a-702ec492c973,CUST-2020-JP-000062,涼平,田中,涼平 田中,Male,1971-10-28,user540.apple@aol.com,080-2368-4343,724 山本 Street,安房郡鋸南町,我孫子市,568-1498,JP,Japan,JAPAN,Japanese,Consumer,Gold,2020-10-07,2020,NEW,True,MDM,2020-10-07 00:00:00,2026-04-17 15:58:34.143881
85359694-0485-43aa-a463-2a9e8686635f,CUST-2020-JP-000063,太郎,鈴木,太郎 鈴木,Male,1953-08-25,user754.apple@live.com,090-5244-3702,158 三浦 Street,横浜市磯子区,昭島市,557-2654,JP,Japan,JAPAN,Japanese,Consumer,Silver,2020-03-21,2020,NEW,True,MDM,2020-03-21 00:00:00,2026-04-17 15:58:34.143939
cb422e86-6833-4244-b18e-9f6e454b42a1,CUST-2020-JP-000064,淳,森,淳 森,Male,1978-12-03,user930.apple@outlook.com,070-1524-3687,521 佐藤 Street,印旛郡本埜村,横浜市磯子区,931-4444,JP,Japan,JAPAN,Japanese,Consumer,None,2020-04-30,2020,NEW,True,MDM,2020-04-30 00:00:00,2026-04-17 15:58:34.143998
a35f626a-b9c2-4027-9d6d-8f83f18e7d2b,CUST-2020-JP-000065,直人,清水,直人 清水,Female,2004-12-07,user794.apple823@msn.com,090-1584-1303,603 山下 Street,横浜市都筑区,横浜市港北区,988-9994,JP,Japan,JAPAN,Japanese,Consumer,None,2020-05-18,2020,NEW,True,MDM,2020-05-18 00:00:00,2026-04-17 15:58:34.144061
59ffd63f-38c6-406a-a485-7c9dfa838087,CUST-2020-JP-000066,翔太,木村,翔太 木村,Male,1978-09-20,user602.apple@live.com,070-2301-1135,486 山田 Street,練馬区,東村山市,291-8539,JP,Japan,JAPAN,Japanese,Consumer,None,2020-01-23,2020,NEW,True,MDM,2020-01-23 00:00:00,2026-04-17 15:58:34.144117
c8af74d0-b3e4-4371-9c41-43318f1d3622,CUST-2020-JP-000067,学,佐藤,学 佐藤,Female,2002-03-10,user819.apple@outlook.com,090-9146-8285,971 佐藤 Street,品川区,千代田区,372-6162,JP,Japan,JAPAN,Japanese,Consumer,None,2020-02-11,2020,NEW,False,MDM,2020-02-11 00:00:00,2026-04-17 15:58:34.144179
3013b089-0696-410e-b46b-e26f79f587f9,CUST-2020-JP-000068,直子,小林,直子 小林,Male,1971-11-21,user298.apple@gmail.com,070-6317-2203,836 藤原 Street,新島村,山武郡芝山町,102-9386,JP,Japan,JAPAN,Japanese,Consumer,None,2020-03-02,2020,NEW,True,MDM,2020-03-02 00:00:00,2026-04-17 15:58:34.144283
fb9b79b1-df35-41c0-9027-a3b002fb8034,CUST-2020-JP-000069,洋介,阿部,洋介 阿部,Male,1972-08-26,user922.apple@zoho.com,080-5440-7337,159 三浦 Street,長生郡睦沢町,西多摩郡檜原村,564-9963,JP,Japan,JAPAN,Japanese,Consumer,Silver,2020-07-27,2020,NEW,True,MDM,2020-07-27 00:00:00,2026-04-17 15:58:34.144388
2bc1256a-d4fa-42ee-91af-4bd1185dc824,CUST-2020-JP-000070,修平,松田,修平 松田,Male,1975-11-18,user896.apple69@icloud.com,080-6845-4198,211 伊藤 Street,世田谷区,四街道市,097-3753,JP,Japan,JAPAN,Japanese,Consumer,None,2020-08-29,2020,NEW,True,MDM,2020-08-29 00:00:00,2026-04-17 15:58:34.144462
60556cf6-ec26-4193-af2f-81825a51b59f,CUST-2020-JP-000071,拓真,井上,拓真 井上,Female,1983-12-09,user615.apple80@yahoo.com,080-6317-6334,151 阿部 Street,利島村,浦安市,790-6659,JP,Japan,JAPAN,Japanese,Consumer,Silver,2020-02-05,2020,NEW,True,MDM,2020-02-05 00:00:00,2026-04-17 15:58:34.144524
f0ab132e-770b-4e84-976d-894e945cbfcd,CUST-2020-JP-000072,明美,小川,明美 小川,Male,1954-11-28,user529.apple268@gmx.com,090-7184-6128,942 山下 Street,印西市,横浜市泉区,033-7620,JP,Japan,JAPAN,Japanese,Business,Platinum,2020-12-05,2020,NEW,True,MDM,2020-12-05 00:00:00,2026-04-17 15:58:34.144587
bf2f0c9d-d954-4a43-a6ea-de1bba0a2cf2,CUST-2020-JP-000073,健一,佐藤,健一 佐藤,Male,1957-10-14,user729.apple227@aol.com,07-7513-1493,539 遠藤 Street,横浜市神奈川区,清瀬市,206-3160,JP,Japan,JAPAN,Japanese,Consumer,Gold,2020-07-14,2020,NEW,True,MDM,2020-07-14 00:00:00,2026-04-17 15:58:34.144649
268eb9e0-0ed8-4d92-ae76-467b35105888,CUST-2020-JP-000074,舞,坂本,舞 坂本,Male,1950-12-24,user801.apple301@outlook.com,090-8289-4491,587 三浦 Street,江戸川区,香取市,273-8507,JP,Japan,JAPAN,Japanese,Business,None,2020-09-25,2020,NEW,True,MDM,2020-09-25 00:00:00,2026-04-17 15:58:34.144712
db21c5b5-b8cc-45c6-8558-3f9ed353e95a,CUST-2020-JP-000075,京助,小林,京助 小林,Male,2003-10-07,user630.apple968@live.com,070-1759-7052,914 井上 Street,山武郡芝山町,新島村,716-7880,JP,Japan,JAPAN,Japanese,Business,None,2020-04-09,2020,NEW,True,MDM,2020-04-09 00:00:00,2026-04-17 15:58:34.144773
c3044b1e-3181-4b97-98a7-d4dc21b5f815,CUST-2020-JP-000076,あすか,藤田,あすか 藤田,Female,1985-09-28,user738.apple134@protonmail.com,24-6599-4562,915 清水 Street,荒川区,鴨川市,745-2059,JP,Japan,JAPAN,Japanese,Consumer,Platinum,2020-12-26,2020,NEW,True,MDM,2020-12-26 00:00:00,2026-04-17 15:58:34.144835
a710bea4-e384-4c19-937c-c9f8d60aa7ba,CUST-2020-JP-000077,直人,吉田,直人 吉田,Female,2004-01-24,user425.apple@aol.com,090-4043-0946,809 佐藤 Street,安房郡鋸南町,北区,904-3346,JP,Japan,JAPAN,Japanese,Business,Silver,2020-11-28,2020,NEW,True,MDM,2020-11-28 00:00:00,2026-04-17 15:58:34.144895
04e3fc9f-79cc-4a91-91c8-3f78ed5a9824,CUST-2020-JP-000078,拓真,山田,拓真 山田,Male,1992-09-17,user773.apple778@yahoo.com,080-6993-1270,846 長谷川 Street,横浜市保土ケ谷区,利島村,889-2496,JP,Japan,JAPAN,Japanese,Consumer,Gold,2020-01-06,2020,NEW,True,MDM,2020-01-06 00:00:00,2026-04-17 15:58:34.144956
c9d7b0ff-3178-40af-811b-9fd89baa3d47,CUST-2020-JP-000079,洋介,木村,洋介 木村,Female,1959-05-02,user451.apple@protonmail.com,080-2328-2840,174 森 Street,香取郡多古町,武蔵村山市,064-3411,JP,Japan,JAPAN,Japanese,Consumer,Silver,2020-09-04,2020,NEW,True,MDM,2020-09-04 00:00:00,2026-04-17 15:58:34.145013
0612ccdb-09ca-4eab-b874-784de70228ac,CUST-2020-JP-000080,充,加藤,充 加藤,Female,1987-12-07,user267.apple@live.com,090-6175-0401,641 田中 Street,武蔵村山市,袖ケ浦市,914-1193,JP,Japan,JAPAN,Japanese,Consumer,Silver,2020-04-19,2020,NEW,True,MDM,2020-04-19 00:00:00,2026-04-17 15:58:34.145071
f6b36c3d-b5f2-45e0-aa4d-832e1adba3ea,CUST-2020-JP-000081,知実,井上,知実 井上,Male,1996-10-18,user817.apple@msn.com,01-1688-7338,491 加藤 Street,川崎市多摩区,富里市,266-5605,JP,Japan,JAPAN,Japanese,Consumer,Gold,2020-07-07,2020,NEW,True,MDM,2020-07-07 00:00:00,2026-04-17 15:58:34.145137
9ed1157a-f124-46db-8d41-ed771c2b7155,CUST-2020-JP-000082,修平,山本,修平 山本,Male,1999-04-26,user197.apple@icloud.com,080-4594-1668,018 森 Street,鎌ケ谷市,印旛郡酒々井町,546-7859,JP,Japan,JAPAN,Japanese,Consumer,Gold,2020-01-16,2020,NEW,True,MDM,2020-01-16 00:00:00,2026-04-17 15:58:34.145193
c426882f-094b-4bdc-b2dc-5326b6d620e1,CUST-2020-JP-000083,直人,田中,直人 田中,Male,1992-10-19,user800.apple@aol.com,090-9470-3691,627 田中 Street,東大和市,横浜市南区,934-6438,JP,Japan,JAPAN,Japanese,Consumer,None,2020-01-20,2020,NEW,True,MDM,2020-01-20 00:00:00,2026-04-17 15:58:34.145253
7eeac920-43c2-4249-9bb4-a319c5ed4bb8,CUST-2020-JP-000084,浩,西村,浩 西村,Male,1975-02-17,user311.apple730@outlook.com,080-5520-7503,601 長谷川 Street,渋谷区,国分寺市,803-2624,JP,Japan,JAPAN,Japanese,Consumer,Silver,2020-08-13,2020,NEW,True,MDM,2020-08-13 00:00:00,2026-04-17 15:58:34.145313
5db3df39-3560-44ad-ba4d-2a204f3f91d9,CUST-2020-JP-000085,裕美子,阿部,裕美子 阿部,Female,1993-05-10,user904.apple@protonmail.com,070-0105-1038,759 岡田 Street,杉並区,安房郡鋸南町,862-6162,JP,Japan,JAPAN,Japanese,Consumer,Silver,2020-09-01,2020,NEW,True,MDM,2020-09-01 00:00:00,2026-04-17 15:58:34.145370
97ffcfd3-b876-4402-a751-6357462b8ef6,CUST-2020-JP-000086,太郎,斉藤,太郎 斉藤,Male,2004-05-06,user358.apple@hotmail.com,26-8606-6985,768 松本 Street,横浜市戸塚区,印旛郡印旛村,185-6659,JP,Japan,JAPAN,Japanese,Consumer,Platinum,2020-03-26,2020,NEW,True,MDM,2020-03-26 00:00:00,2026-04-17 15:58:34.145430
2b4e321c-6aa2-4ac8-9714-de338eba7df5,CUST-2020-JP-000087,智也,中島,智也 中島,Male,1988-11-14,user888.apple862@mail.com,34-8392-1419,916 岡田 Street,中央区,八丈島八丈町,764-3575,JP,Japan,JAPAN,Japanese,Consumer,None,2020-02-18,2020,NEW,False,MDM,2020-02-18 00:00:00,2026-04-17 15:58:34.145494
7e0d5b76-e3a7-46c1-855c-1e193c2aae70,CUST-2020-JP-000088,洋介,山田,洋介 山田,Female,1972-10-11,user534.apple@outlook.com,070-9672-8731,078 伊藤 Street,中央区,鴨川市,863-2560,JP,Japan,JAPAN,Japanese,Consumer,None,2020-10-29,2020,NEW,True,MDM,2020-10-29 00:00:00,2026-04-17 15:58:34.145550
66858887-b47e-4a9d-a749-8c6ad582cf2c,CUST-2020-JP-000089,桃子,加藤,桃子 加藤,Male,1983-01-09,user949.apple@mail.com,71-7924-5643,921 藤原 Street,神津島村,利島村,482-9236,JP,Japan,JAPAN,Japanese,Consumer,Gold,2020-03-10,2020,NEW,True,MDM,2020-03-10 00:00:00,2026-04-17 15:58:34.145608
d946a24f-3bf1-4319-a6fe-b1e276c5ebb0,CUST-2020-JP-000090,くみ子,鈴木,くみ子 鈴木,Female,1986-09-30,user568.apple629@outlook.com,090-6921-9722,851 田中 Street,大島町,足立区,100-2031,JP,Japan,JAPAN,Japanese,Consumer,Silver,2020-05-11,2020,NEW,True,MDM,2020-05-11 00:00:00,2026-04-17 15:58:34.145667
ae4ddbf5-82a8-47ea-b3ad-a7ee11d19083,CUST-2020-JP-000091,涼平,三浦,涼平 三浦,Male,1973-11-06,user514.apple@hotmail.com,20-2979-0219,015 村上 Street,横浜市港北区,中央区,133-0929,JP,Japan,JAPAN,Japanese,Consumer,None,2020-11-30,2020,NEW,True,MDM,2020-11-30 00:00:00,2026-04-17 15:58:34.145725
e449c342-6317-492e-b2b9-d41dc33377f5,CUST-2020-JP-000092,陽子,加藤,陽子 加藤,Male,1983-10-06,user716.apple@protonmail.com,95-0137-8102,203 田中 Street,山武郡九十九里町,八丈島八丈町,241-5438,JP,Japan,JAPAN,Japanese,Consumer,None,2020-12-07,2020,NEW,True,MDM,2020-12-07 00:00:00,2026-04-17 15:58:34.145784
15548723-fb0f-4a4e-98ad-f4c0c41fc9b2,CUST-2020-JP-000093,直人,高橋,直人 高橋,Female,1959-11-10,user688.apple@gmail.com,090-3097-6898,443 松本 Street,墨田区,安房郡鋸南町,364-6783,JP,Japan,JAPAN,Japanese,Consumer,None,2020-10-06,2020,NEW,True,MDM,2020-10-06 00:00:00,2026-04-17 15:58:34.145842
67a67502-2540-455d-a0e5-4f603c5c545c,CUST-2020-JP-000094,翔太,山本,翔太 山本,Male,1998-06-19,user258.apple@gmail.com,080-2337-5640,652 藤井 Street,東村山市,稲城市,695-1747,JP,Japan,JAPAN,Japanese,Business,None,2020-12-12,2020,NEW,True,MDM,2020-12-12 00:00:00,2026-04-17 15:58:34.145901
3f876d83-58c3-4c65-9813-90d125873a37,CUST-2020-JP-000095,加奈,森,加奈 森,Female,1992-12-19,user636.apple306@outlook.com,080-9092-5549,809 遠藤 Street,国立市,御蔵島村,201-7278,JP,Japan,JAPAN,Japanese,Consumer,Platinum,2020-08-22,2020,NEW,True,MDM,2020-08-22 00:00:00,2026-04-17 15:58:34.145959
ec86b9aa-dec6-4e4a-a3c4-ec081777a5ce,CUST-2020-JP-000096,裕太,中村,裕太 中村,Female,1992-03-18,user782.apple965@msn.com,070-0270-6712,830 前田 Street,川崎市多摩区,品川区,147-7878,JP,Japan,JAPAN,Japanese,Consumer,Silver,2020-10-24,2020,NEW,True,MDM,2020-10-24 00:00:00,2026-04-17 15:58:34.146017
58a2ea19-235a-404d-b397-23b15279bfd3,CUST-2020-JP-000097,篤司,前田,篤司 前田,Female,1989-01-02,user903.apple@mail.com,070-7811-7198,005 小林 Street,練馬区,匝瑳市,638-0655,JP,Japan,JAPAN,Japanese,Consumer,Platinum,2020-09-06,2020,NEW,True,MDM,2020-09-06 00:00:00,2026-04-17 15:58:34.146075
60b8c629-ce5f-4aa2-aa9c-7d16dc23f846,CUST-2020-JP-000098,康弘,松田,康弘 松田,Male,1990-09-11,user988.apple@yahoo.com,080-6519-4922,513 木村 Street,君津市,東村山市,735-9038,JP,Japan,JAPAN,Japanese,Consumer,Silver,2020-11-26,2020,NEW,True,MDM,2020-11-26 00:00:00,2026-04-17 15:58:34.146138
23dacc51-b5e5-43dd-9bd2-eb8e619898c5,CUST-2020-JP-000099,京助,吉田,京助 吉田,Male,1981-04-11,user909.apple@yahoo.com,070-1865-5503,480 山崎 Street,立川市,江戸川区,748-3898,JP,Japan,JAPAN,Japanese,Consumer,Silver,2020-08-18,2020,NEW,True,MDM,2020-08-18 00:00:00,2026-04-17 15:58:34.146195
3ff9d95c-1a5b-48b5-9a2d-1e0253cdfdb6,CUST-2020-JP-000100,香織,森,香織 森,Male,2006-03-15,user663.apple@gmail.com,090-9474-2831,401 山崎 Street,川崎市多摩区,横浜市保土ケ谷区,334-6871,JP,Japan,JAPAN,Japanese,Consumer,None,2020-09-24,2020,NEW,True,MDM,2020-09-24 00:00:00,2026-04-17 15:58:34.146253
1ed1c91d-996b-4d46-8be7-002e99753805,CUST-2020-JP-000101,美加子,中島,美加子 中島,Male,1971-01-20,user580.apple@gmail.com,080-3336-6572,615 池田 Street,品川区,匝瑳市,961-7330,JP,Japan,JAPAN,Japanese,Consumer,Silver,2020-11-18,2020,NEW,True,MDM,2020-11-18 00:00:00,2026-04-17 15:58:34.146310
23d62ba9-aade-4933-90fd-0f2b0169c74c,CUST-2020-JP-000102,智也,伊藤,智也 伊藤,Female,2006-07-15,user163.apple@gmx.com,77-2305-6036,008 石川 Street,川崎市幸区,豊島区,247-4078,JP,Japan,JAPAN,Japanese,Consumer,None,2020-06-03,2020,NEW,True,MDM,2020-06-03 00:00:00,2026-04-17 15:58:34.146372
a6a511c5-ad93-4a97-ae00-686939f43b76,CUST-2020-JP-000103,翔太,伊藤,翔太 伊藤,Male,1968-05-25,user122.apple@outlook.com,070-4024-8270,872 田中 Street,稲城市,墨田区,504-7052,JP,Japan,JAPAN,Japanese,Consumer,Gold,2020-03-01,2020,NEW,True,MDM,2020-03-01 00:00:00,2026-04-17 15:58:34.146430
df78893a-7e6b-4e2c-89c6-45a1b1a4ff3f,CUST-2020-JP-000104,篤司,岡田,篤司 岡田,Male,1990-09-29,user135.apple455@msn.com,090-4793-2030,456 山本 Street,君津市,品川区,751-1195,JP,Japan,JAPAN,Japanese,Consumer,Platinum,2020-12-10,2020,NEW,False,MDM,2020-12-10 00:00:00,2026-04-17 15:58:34.146491
342046da-b4ec-4f2b-97c0-6201b5c0cf39,CUST-2020-JP-000105,治,井上,治 井上,Female,1951-02-04,user419.apple@icloud.com,090-3059-9509,222 田中 Street,三鷹市,横浜市鶴見区,306-9046,JP,Japan,JAPAN,Japanese,Business,Silver,2020-06-16,2020,NEW,True,MDM,2020-06-16 00:00:00,2026-04-17 15:58:34.146547
a14d70a1-3c97-4877-9f85-a459d193e546,CUST-2020-JP-000106,直樹,鈴木,直樹 鈴木,Female,1969-11-12,user287.apple385@gmx.com,090-3719-0825,256 藤井 Street,中野区,小金井市,223-1699,JP,Japan,JAPAN,Japanese,Consumer,None,2020-07-08,2020,NEW,False,MDM,2020-07-08 00:00:00,2026-04-17 15:58:34.146603
2bdefe13-21ae-4750-8239-7c46ed74e7a4,CUST-2020-JP-000107,太一,高橋,太一 高橋,Male,1967-06-14,user919.apple920@mail.com,090-8268-0938,881 小川 Street,長生郡長生村,横浜市都筑区,619-8251,JP,Japan,JAPAN,Japanese,Consumer,Platinum,2020-09-25,2020,NEW,True,MDM,2020-09-25 00:00:00,2026-04-17 15:58:34.146662
9a59c6a9-3f9f-4d85-9505-1f2adc685c0a,CUST-2020-JP-000108,京助,清水,京助 清水,Female,1988-05-29,user546.apple@yahoo.com,090-0518-3494,068 伊藤 Street,三宅島三宅村,長生郡一宮町,148-5305,JP,Japan,JAPAN,Japanese,Consumer,Platinum,2020-11-15,2020,NEW,True,MDM,2020-11-15 00:00:00,2026-04-17 15:58:34.146720
f3c04249-ec43-4739-b587-725d58bb816d,CUST-2020-JP-000109,和也,佐藤,和也 佐藤,Female,2007-01-31,user943.apple@aol.com,070-8050-0413,219 佐藤 Street,長生郡長南町,横浜市泉区,498-1290,JP,Japan,JAPAN,Japanese,Consumer,None,2020-01-09,2020,NEW,True,MDM,2020-01-09 00:00:00,2026-04-17 15:58:34.146778
dff7d82d-8225-4005-b91c-db06ea5b30e3,CUST-2020-JP-000110,翔太,松田,翔太 松田,Female,1962-02-24,user907.apple995@yahoo.com,090-4887-0547,629 山崎 Street,山武市,富里市,110-0790,JP,Japan,JAPAN,Japanese,Consumer,None,2020-04-29,2020,NEW,True,MDM,2020-04-29 00:00:00,2026-04-17 15:58:34.146837
f789da07-f5c1-4e27-bec2-c5b14bd60463,CUST-2020-JP-000111,翔太,山下,翔太 山下,Male,1972-02-07,user991.apple744@live.com,090-6136-8832,261 田中 Street,山武郡横芝光町,大田区,579-1559,JP,Japan,JAPAN,Japanese,Consumer,Silver,2020-11-13,2020,NEW,True,MDM,2020-11-13 00:00:00,2026-04-17 15:58:34.146895
9dcd8d1e-17d1-43e4-ac6c-b11a2bba1e8a,CUST-2020-JP-000112,裕太,中村,裕太 中村,Male,2006-11-28,user145.apple@aol.com,83-8956-3351,091 佐藤 Street,足立区,八王子市,824-9743,JP,Japan,JAPAN,Japanese,Business,None,2020-03-03,2020,NEW,True,MDM,2020-03-03 00:00:00,2026-04-17 15:58:34.146953
6f6e2827-0009-4285-96d5-b184481a8099,CUST-2020-JP-000113,涼平,長谷川,涼平 長谷川,Female,1955-03-02,user829.apple@protonmail.com,080-0061-5860,063 藤井 Street,山武郡九十九里町,川崎市多摩区,911-0479,JP,Japan,JAPAN,Japanese,Consumer,None,2020-01-05,2020,NEW,True,MDM,2020-01-05 00:00:00,2026-04-17 15:58:34.147010
138c9847-9c23-4f11-8bd2-75c848f0a818,CUST-2020-JP-000114,くみ子,田中,くみ子 田中,Female,1973-02-28,user539.apple@hotmail.com,99-7504-0612,443 斎藤 Street,西多摩郡日の出町,多摩市,535-1833,JP,Japan,JAPAN,Japanese,Consumer,None,2020-12-18,2020,NEW,True,MDM,2020-12-18 00:00:00,2026-04-17 15:58:34.147069
6b7b3961-7ffe-44bc-9bd8-83e3b7b500aa,CUST-2020-JP-000115,涼平,田中,涼平 田中,Male,1968-03-18,user844.apple@icloud.com,090-8495-5578,349 吉田 Street,横浜市泉区,山武郡芝山町,745-3286,JP,Japan,JAPAN,Japanese,Education,Gold,2020-07-16,2020,NEW,True,MDM,2020-07-16 00:00:00,2026-04-17 15:58:34.147130
104bb8be-0fbc-470b-b5ee-1afe1c197a7c,CUST-2020-JP-000116,直樹,前田,直樹 前田,Female,1959-01-01,user207.apple@live.com,080-0218-8034,384 佐藤 Street,袖ケ浦市,八千代市,925-8856,JP,Japan,JAPAN,Japanese,Education,Silver,2020-04-30,2020,NEW,True,MDM,2020-04-30 00:00:00,2026-04-17 15:58:34.147192
34026e8c-3cce-4808-ba38-83755570e7d7,CUST-2020-JP-000117,あすか,阿部,あすか 阿部,Male,1951-09-26,user864.apple@gmail.com,070-4768-1463,342 橋本 Street,神津島村,横浜市都筑区,646-2195,JP,Japan,JAPAN,Japanese,Consumer,Silver,2020-06-26,2020,NEW,True,MDM,2020-06-26 00:00:00,2026-04-17 15:58:34.147254
4eba246a-72f8-4e1b-afd9-58c7347ebe7c,CUST-2020-JP-000118,直樹,佐藤,直樹 佐藤,Female,2001-03-13,user942.apple@live.com,080-0500-0050,578 後藤 Street,四街道市,練馬区,608-7871,JP,Japan,JAPAN,Japanese,Business,Gold,2020-09-10,2020,NEW,True,MDM,2020-09-10 00:00:00,2026-04-17 15:58:34.147314
0270199b-15d2-4c58-9e6f-5024bca5732c,CUST-2020-JP-000119,洋介,山崎,洋介 山崎,Male,1985-01-01,user281.apple772@outlook.com,090-6325-5663,371 山本 Street,多摩市,横浜市西区,886-3024,JP,Japan,JAPAN,Japanese,Consumer,Platinum,2020-06-26,2020,NEW,True,MDM,2020-06-26 00:00:00,2026-04-17 15:58:34.147373
74e8f392-6fc6-4860-940b-6b061dd7e439,CUST-2020-JP-000120,さゆり,藤原,さゆり 藤原,Female,1961-06-12,user461.apple@outlook.com,88-7961-8007,059 田中 Street,新島村,西多摩郡檜原村,624-8317,JP,Japan,JAPAN,Japanese,Education,None,2020-03-09,2020,NEW,True,MDM,2020-03-09 00:00:00,2026-04-17 15:58:34.147434
0072dc64-f7c1-4e1c-91b5-1e0c76118bde,CUST-2020-JP-000121,結衣,小林,結衣 小林,Female,1994-03-08,user361.apple@gmx.com,090-9429-0538,319 伊藤 Street,東村山市,三宅島三宅村,166-5475,JP,Japan,JAPAN,Japanese,Consumer,None,2020-03-29,2020,NEW,False,MDM,2020-03-29 00:00:00,2026-04-17 15:58:34.147496
599c2a7c-aafb-42e6-904e-15d1d873989e,CUST-2020-JP-000122,太郎,中村,太郎 中村,Male,2005-10-13,user720.apple963@hotmail.com,080-4330-4551,373 石川 Street,文京区,横浜市中区,558-6133,JP,Japan,JAPAN,Japanese,Business,Silver,2020-09-12,2020,NEW,True,MDM,2020-09-12 00:00:00,2026-04-17 15:58:34.147553
df239ff6-e3c6-4e7a-bcb3-88e308f7bfec,CUST-2020-JP-000123,晃,高橋,晃 高橋,Male,1991-01-04,user212.apple484@zoho.com,080-8102-5150,119 岡田 Street,調布市,八街市,116-8782,JP,Japan,JAPAN,Japanese,Consumer,None,2020-08-16,2020,NEW,True,MDM,2020-08-16 00:00:00,2026-04-17 15:58:34.147609
5b8bb3d9-f06e-4e54-ace6-dee8dd0b20a6,CUST-2020-JP-000124,陽子,田中,陽子 田中,Male,1976-03-11,user496.apple896@msn.com,090-2761-9136,989 渡辺 Street,文京区,印旛郡印旛村,292-0402,JP,Japan,JAPAN,Japanese,Consumer,Silver,2020-07-22,2020,NEW,False,MDM,2020-07-22 00:00:00,2026-04-17 15:58:34.147669
92402d0b-4b56-4df0-84a8-ae6d1b976655,CUST-2020-JP-000125,修平,遠藤,修平 遠藤,Male,1985-04-05,user853.apple@hotmail.com,52-4037-0035,182 近藤 Street,香取郡多古町,横浜市瀬谷区,716-9699,JP,Japan,JAPAN,Japanese,Consumer,None,2020-06-24,2020,NEW,True,MDM,2020-06-24 00:00:00,2026-04-17 15:58:34.147730
3af1ad99-f1b7-4805-897a-bea77d775b4e,CUST-2020-JP-000126,知実,三浦,知実 三浦,Female,2001-06-04,user108.apple@hotmail.com,070-9157-0407,758 小川 Street,横浜市鶴見区,横浜市泉区,576-1626,JP,Japan,JAPAN,Japanese,Consumer,Silver,2020-12-31,2020,NEW,True,MDM,2020-12-31 00:00:00,2026-04-17 15:58:34.147786
1c279ddf-2436-4605-a7f3-d27f37cabd48,CUST-2020-JP-000127,裕美子,吉田,裕美子 吉田,Male,1996-10-30,user966.apple@live.com,10-6478-9958,075 斎藤 Street,国分寺市,長生郡長生村,224-4160,JP,Japan,JAPAN,Japanese,Education,None,2020-12-21,2020,NEW,True,MDM,2020-12-21 00:00:00,2026-04-17 15:58:34.147877
f46a3821-0ce5-4fb4-a44a-ceccfcd8e48e,CUST-2020-JP-000128,和也,鈴木,和也 鈴木,Female,1966-11-20,user779.apple@yahoo.com,080-9426-9481,798 長谷川 Street,台東区,西多摩郡檜原村,672-2058,JP,Japan,JAPAN,Japanese,Business,None,2020-09-26,2020,NEW,True,MDM,2020-09-26 00:00:00,2026-04-17 15:58:34.147952
d151dc7a-6405-4ce1-beac-26b7ba866f3a,CUST-2020-JP-000129,智也,鈴木,智也 鈴木,Male,1987-01-26,user234.apple5@yahoo.com,85-4416-9133,712 山本 Street,横浜市旭区,利島村,912-9577,JP,Japan,JAPAN,Japanese,Consumer,None,2020-08-21,2020,NEW,True,MDM,2020-08-21 00:00:00,2026-04-17 15:58:34.148015
7005103f-04fe-42bf-8dd7-f8634335771c,CUST-2020-JP-000130,太一,池田,太一 池田,Male,1973-04-07,user822.apple@msn.com,090-8498-9615,692 井上 Street,福生市,横浜市青葉区,274-5378,JP,Japan,JAPAN,Japanese,Consumer,Platinum,2020-09-23,2020,NEW,True,MDM,2020-09-23 00:00:00,2026-04-17 15:58:34.148076
e5362179-6d18-49bc-92cb-6d133bf8ab7b,CUST-2020-JP-000131,裕樹,近藤,裕樹 近藤,Female,1968-04-08,user224.apple@icloud.com,29-0611-0180,590 青木 Street,川崎市川崎区,山武郡横芝光町,030-1360,JP,Japan,JAPAN,Japanese,Consumer,None,2020-04-15,2020,NEW,True,MDM,2020-04-15 00:00:00,2026-04-17 15:58:34.148142
6cffb654-b4c4-409c-9d56-71c52eb596a3,CUST-2020-JP-000132,裕太,松本,裕太 松本,Female,1980-04-07,user128.apple@outlook.com,070-4774-3787,022 斎藤 Street,横浜市港南区,町田市,142-3734,JP,Japan,JAPAN,Japanese,Business,Silver,2020-09-23,2020,NEW,True,MDM,2020-09-23 00:00:00,2026-04-17 15:58:34.148203
14c32886-4a08-48eb-b510-07b8f54a641c,CUST-2020-JP-000133,涼平,池田,涼平 池田,Male,2008-03-26,user459.apple@yahoo.com,97-1909-5048,159 加藤 Street,国立市,羽村市,093-3773,JP,Japan,JAPAN,Japanese,Consumer,Platinum,2020-01-15,2020,NEW,True,MDM,2020-01-15 00:00:00,2026-04-17 15:58:34.148263
0b7d78e1-22d0-4f6b-80f4-64066b337a16,CUST-2020-JP-000134,京助,橋本,京助 橋本,Male,1960-02-17,user430.apple607@hotmail.com,080-2185-6052,861 山下 Street,山武郡横芝光町,安房郡鋸南町,374-6309,JP,Japan,JAPAN,Japanese,Consumer,None,2020-06-03,2020,NEW,True,MDM,2020-06-03 00:00:00,2026-04-17 15:58:34.148323
e2e44ffa-7bae-43a0-a3fb-585392ced503,CUST-2020-JP-000135,充,佐々木,充 佐々木,Female,1953-08-10,user944.apple@zoho.com,080-0437-1931,667 松本 Street,鎌ケ谷市,府中市,799-1427,JP,Japan,JAPAN,Japanese,Consumer,None,2020-04-19,2020,NEW,True,MDM,2020-04-19 00:00:00,2026-04-17 15:58:34.148387
fab348d9-8bfd-45aa-8a92-aa0114b51bfb,CUST-2020-JP-000136,桃子,山下,桃子 山下,Female,1969-09-22,user207.apple678@protonmail.com,070-4724-0123,502 高橋 Street,横浜市旭区,小笠原村,365-2048,JP,Japan,JAPAN,Japanese,Consumer,None,2020-08-13,2020,NEW,True,MDM,2020-08-13 00:00:00,2026-04-17 15:58:34.148446
3f8e7880-3fd4-46d3-bc37-3bf00047bb1b,CUST-2020-JP-000137,淳,山口,淳 山口,Male,1965-06-14,user186.apple@outlook.com,090-5385-3652,706 佐藤 Street,新宿区,目黒区,326-3791,JP,Japan,JAPAN,Japanese,Consumer,None,2020-06-01,2020,NEW,True,MDM,2020-06-01 00:00:00,2026-04-17 15:58:34.148505
5acb62f6-e99f-4981-81ac-cfe653207fb9,CUST-2020-JP-000138,洋介,吉田,洋介 吉田,Female,2002-07-19,user455.apple@hotmail.com,080-9126-9518,607 池田 Street,西多摩郡檜原村,横浜市南区,216-8082,JP,Japan,JAPAN,Japanese,Consumer,Gold,2020-08-09,2020,NEW,True,MDM,2020-08-09 00:00:00,2026-04-17 15:58:34.148561
4b133767-b9e3-4f40-a5fc-317233a0ea10,CUST-2020-JP-000139,亮介,林,亮介 林,Male,1969-01-03,user935.apple@gmail.com,090-2020-2876,106 山口 Street,横浜市泉区,清瀬市,626-6895,JP,Japan,JAPAN,Japanese,Business,None,2020-06-23,2020,NEW,False,MDM,2020-06-23 00:00:00,2026-04-17 15:58:34.148627
48d45985-e35e-4678-a5a8-e7639da99acf,CUST-2020-JP-000140,直子,小川,直子 小川,Male,1992-07-11,user269.apple@outlook.com,070-9613-2671,446 田中 Street,川崎市宮前区,我孫子市,546-1931,JP,Japan,JAPAN,Japanese,Business,Gold,2020-07-12,2020,NEW,True,MDM,2020-07-12 00:00:00,2026-04-17 15:58:34.148686
cfcb0990-2019-4e55-9260-15b07ef41a31,CUST-2020-JP-000141,裕美子,鈴木,裕美子 鈴木,Female,1952-01-12,user461.apple@outlook.com,080-4010-7146,279 林 Street,清瀬市,長生郡長柄町,880-2126,JP,Japan,JAPAN,Japanese,Consumer,None,2020-03-07,2020,NEW,True,MDM,2020-03-07 00:00:00,2026-04-17 15:58:34.148743
59199598-a77c-4707-8d82-5bb29613e095,CUST-2020-JP-000142,太一,山下,太一 山下,Male,2002-12-03,user963.apple@gmx.com,080-2814-8949,055 佐藤 Street,香取郡多古町,豊島区,880-4354,JP,Japan,JAPAN,Japanese,Consumer,Gold,2020-10-04,2020,NEW,True,MDM,2020-10-04 00:00:00,2026-04-17 15:58:34.148798
68ba2901-9af2-4106-bf83-3ad92f4be253,CUST-2020-JP-000143,洋介,西村,洋介 西村,Male,1979-12-11,user334.apple528@zoho.com,070-6089-9488,205 藤原 Street,練馬区,長生郡白子町,596-5439,JP,Japan,JAPAN,Japanese,Business,None,2020-12-07,2020,NEW,True,MDM,2020-12-07 00:00:00,2026-04-17 15:58:34.148855
3050418b-8675-4862-8b63-f7bb6050c69f,CUST-2020-JP-000144,涼平,井上,涼平 井上,Female,1973-11-10,user947.apple@protonmail.com,090-0642-6579,507 井上 Street,武蔵村山市,長生郡長生村,141-4114,JP,Japan,JAPAN,Japanese,Consumer,Silver,2020-05-08,2020,NEW,True,MDM,2020-05-08 00:00:00,2026-04-17 15:58:34.148911
e3bd318e-b7a3-4e1a-8de7-fcd98e3a8e19,CUST-2020-JP-000145,さゆり,佐藤,さゆり 佐藤,Female,1959-11-15,user453.apple@icloud.com,090-7935-4427,513 遠藤 Street,品川区,香取郡東庄町,651-2177,JP,Japan,JAPAN,Japanese,Consumer,None,2020-12-15,2020,NEW,True,MDM,2020-12-15 00:00:00,2026-04-17 15:58:34.148967
4393a451-a9a3-41a8-8b58-495c0fbb5eb9,CUST-2020-JP-000146,美加子,岡田,美加子 岡田,Male,1953-11-23,user521.apple@yahoo.com,080-0420-9393,955 山下 Street,長生郡睦沢町,印旛郡栄町,181-7411,JP,Japan,JAPAN,Japanese,Education,Silver,2020-09-24,2020,NEW,True,MDM,2020-09-24 00:00:00,2026-04-17 15:58:34.149023
69f46637-90fd-4cd9-b601-2ea5ce156a7f,CUST-2020-JP-000147,稔,山本,稔 山本,Male,1963-05-03,user311.apple@zoho.com,080-1668-9933,027 佐々木 Street,新島村,長生郡一宮町,987-1624,JP,Japan,JAPAN,Japanese,Consumer,Silver,2020-12-05,2020,NEW,True,MDM,2020-12-05 00:00:00,2026-04-17 15:58:34.149081
da5e0eae-60b0-40f3-ad78-328623ba6d4c,CUST-2020-JP-000148,知実,高橋,知実 高橋,Female,1998-05-24,user449.apple@gmx.com,070-9592-0037,172 鈴木 Street,長生郡長柄町,世田谷区,302-9107,JP,Japan,JAPAN,Japanese,Consumer,None,2020-12-03,2020,NEW,True,MDM,2020-12-03 00:00:00,2026-04-17 15:58:34.149138
ee97ad95-e1b2-46ab-9a1a-c74a4adfe737,CUST-2020-JP-000149,和也,坂本,和也 坂本,Male,1998-05-12,user612.apple@protonmail.com,06-4328-6229,758 佐藤 Street,三鷹市,大網白里市,238-1534,JP,Japan,JAPAN,Japanese,Consumer,Silver,2020-07-27,2020,NEW,True,MDM,2020-07-27 00:00:00,2026-04-17 15:58:34.149196
e03bcf82-66ed-4a2b-8d92-be9881fdff36,CUST-2020-JP-000150,陽子,松本,陽子 松本,Female,1980-06-06,user508.apple@protonmail.com,080-7077-2310,921 佐々木 Street,青梅市,横浜市金沢区,095-4796,JP,Japan,JAPAN,Japanese,Consumer,None,2020-03-18,2020,NEW,True,MDM,2020-03-18 00:00:00,2026-04-17 15:58:34.149254
bb2ef051-f5e7-4833-94f9-02cc67b552ee,CUST-2020-JP-000151,淳,三浦,淳 三浦,Male,1973-01-04,user801.apple@protonmail.com,090-2724-4482,938 佐藤 Street,板橋区,長生郡長生村,458-8151,JP,Japan,JAPAN,Japanese,Consumer,None,2020-05-25,2020,NEW,True,MDM,2020-05-25 00:00:00,2026-04-17 15:58:34.149311
c8993351-5e3f-464b-b479-d4097cc039aa,CUST-2020-JP-000152,真綾,小川,真綾 小川,Male,1976-11-05,user669.apple@aol.com,080-1638-4748,674 村上 Street,御蔵島村,羽村市,925-3637,JP,Japan,JAPAN,Japanese,Consumer,Gold,2020-04-27,2020,NEW,True,MDM,2020-04-27 00:00:00,2026-04-17 15:58:34.149368
9c228ff8-2347-4b74-888a-82a6b6ea79b5,CUST-2020-JP-000153,智也,岡本,智也 岡本,Male,1977-12-23,user385.apple@mail.com,070-1171-8578,973 山田 Street,千代田区,横浜市青葉区,382-1071,JP,Japan,JAPAN,Japanese,Consumer,Platinum,2020-07-29,2020,NEW,False,MDM,2020-07-29 00:00:00,2026-04-17 15:58:34.149429
131bb9d9-60c3-4b9b-b0d2-455404de9bfc,CUST-2020-JP-000154,学,青木,学 青木,Male,2008-04-08,user725.apple@live.com,080-5664-8275,277 遠藤 Street,目黒区,西多摩郡日の出町,036-5901,JP,Japan,JAPAN,Japanese,Business,Gold,2020-09-20,2020,NEW,True,MDM,2020-09-20 00:00:00,2026-04-17 15:58:34.149493
d87c72f1-f86f-4ded-a318-087f73ead043,CUST-2020-JP-000155,加奈,中川,加奈 中川,Female,1956-02-08,user696.apple@zoho.com,080-3929-3755,247 森 Street,鴨川市,印旛郡印旛村,581-7856,JP,Japan,JAPAN,Japanese,Consumer,None,2020-02-08,2020,NEW,True,MDM,2020-02-08 00:00:00,2026-04-17 15:58:34.149554
09c5781f-b0e8-4f6c-b64b-66f6356b31ff,CUST-2020-JP-000156,春香,山口,春香 山口,Male,1973-10-20,user175.apple@zoho.com,080-1173-3047,046 長谷川 Street,横浜市鶴見区,練馬区,444-9650,JP,Japan,JAPAN,Japanese,Education,None,2020-08-03,2020,NEW,True,MDM,2020-08-03 00:00:00,2026-04-17 15:58:34.149616
282a4720-963e-4bcf-89f6-00d1f2c5f0c9,CUST-2020-JP-000157,涼平,山口,涼平 山口,Female,2006-07-13,user381.apple@zoho.com,090-3000-2828,783 小林 Street,国立市,八街市,978-9022,JP,Japan,JAPAN,Japanese,Consumer,Silver,2020-06-27,2020,NEW,True,MDM,2020-06-27 00:00:00,2026-04-17 15:58:34.149681
f922cd78-3b96-40b2-b44e-0482f3aa90b4,CUST-2020-JP-000158,くみ子,高橋,くみ子 高橋,Male,1954-03-09,user366.apple@outlook.com,48-7787-8874,339 高橋 Street,立川市,南房総市,708-6054,JP,Japan,JAPAN,Japanese,Consumer,None,2020-08-27,2020,NEW,True,MDM,2020-08-27 00:00:00,2026-04-17 15:58:34.149740
933a2b0a-9499-4e4a-9fba-6b64b2b9e718,CUST-2020-JP-000159,裕樹,山崎,裕樹 山崎,Male,2007-11-23,user960.apple288@outlook.com,070-3638-1575,908 近藤 Street,川崎市幸区,世田谷区,402-2876,JP,Japan,JAPAN,Japanese,Consumer,Silver,2020-11-17,2020,NEW,True,MDM,2020-11-17 00:00:00,2026-04-17 15:58:34.149799
30636bbd-f7b1-4cbc-8c04-5c32f29d457d,CUST-2020-JP-000160,花子,木村,花子 木村,Male,1953-05-18,user260.apple179@mail.com,090-8129-2440,609 山田 Street,大島町,西多摩郡瑞穂町,565-5252,JP,Japan,JAPAN,Japanese,Consumer,None,2020-06-02,2020,NEW,True,MDM,2020-06-02 00:00:00,2026-04-17 15:58:34.149855
5ae20570-acb0-4c21-af5d-54ce21d0088f,CUST-2020-JP-000161,結衣,高橋,結衣 高橋,Male,1983-11-17,user297.apple@msn.com,090-7070-5972,727 中村 Street,横浜市栄区,長生郡長生村,465-6076,JP,Japan,JAPAN,Japanese,Consumer,None,2020-06-13,2020,NEW,True,MDM,2020-06-13 00:00:00,2026-04-17 15:58:34.149921
56e3f5e4-10fb-4975-8300-5b506cf0bb90,CUST-2020-JP-000162,裕美子,藤原,裕美子 藤原,Female,1989-12-01,user141.apple769@gmail.com,070-4164-5867,434 加藤 Street,川崎市多摩区,東村山市,972-7079,JP,Japan,JAPAN,Japanese,Consumer,Silver,2020-10-13,2020,NEW,True,MDM,2020-10-13 00:00:00,2026-04-17 15:58:34.149984
d7c01a09-4b9d-431d-91c3-9acc02d53b99,CUST-2020-JP-000163,京助,加藤,京助 加藤,Male,1972-02-17,user404.apple@gmail.com,080-8092-9608,528 鈴木 Street,清瀬市,福生市,812-4103,JP,Japan,JAPAN,Japanese,Consumer,Silver,2020-02-06,2020,NEW,True,MDM,2020-02-06 00:00:00,2026-04-17 15:58:34.150041
5602b3c1-987d-4ff6-9679-7b0a43b0c9fc,CUST-2020-JP-000164,真綾,木村,真綾 木村,Male,2004-10-24,user573.apple@gmx.com,070-9532-6367,107 田中 Street,中央区,府中市,665-0353,JP,Japan,JAPAN,Japanese,Consumer,None,2020-11-24,2020,NEW,True,MDM,2020-11-24 00:00:00,2026-04-17 15:58:34.150101
5b89ef04-de38-4c90-88de-9b28c427003f,CUST-2020-JP-000165,七夏,清水,七夏 清水,Male,1993-04-17,user487.apple@icloud.com,070-2441-2258,176 木村 Street,八街市,川崎市幸区,879-5254,JP,Japan,JAPAN,Japanese,Consumer,Gold,2020-07-11,2020,NEW,True,MDM,2020-07-11 00:00:00,2026-04-17 15:58:34.150161
c286f332-0cc7-4cb9-8147-65eeae940a36,CUST-2020-JP-000166,直人,木村,直人 木村,Male,1958-04-04,user245.apple@yahoo.com,18-4878-2138,258 木村 Street,西多摩郡奥多摩町,印旛郡酒々井町,427-0478,JP,Japan,JAPAN,Japanese,Consumer,Gold,2020-01-10,2020,NEW,False,MDM,2020-01-10 00:00:00,2026-04-17 15:58:34.150223
98b223ed-c22b-4382-a420-cd1a56209e83,CUST-2020-JP-000167,結衣,林,結衣 林,Female,1974-08-22,user943.apple@hotmail.com,090-3832-0484,205 吉田 Street,白井市,横浜市鶴見区,496-3165,JP,Japan,JAPAN,Japanese,Consumer,Silver,2020-08-12,2020,NEW,True,MDM,2020-08-12 00:00:00,2026-04-17 15:58:34.150284
235c984c-c0fe-48a3-bcc7-02625f9f19ab,CUST-2020-JP-000168,千代,斎藤,千代 斎藤,Male,1955-04-05,user800.apple@hotmail.com,070-7982-7703,313 遠藤 Street,香取市,立川市,743-0663,JP,Japan,JAPAN,Japanese,Consumer,Platinum,2020-12-23,2020,NEW,True,MDM,2020-12-23 00:00:00,2026-04-17 15:58:34.150342
9396461b-bb71-423d-a8d9-cac75b2ba0fa,CUST-2020-JP-000169,篤司,田中,篤司 田中,Female,1977-01-11,user340.apple620@live.com,080-5364-2052,837 鈴木 Street,墨田区,横浜市緑区,349-3532,JP,Japan,JAPAN,Japanese,Consumer,Gold,2020-03-22,2020,NEW,True,MDM,2020-03-22 00:00:00,2026-04-17 15:58:34.150400
693877e6-b722-472c-8d22-052f73e004c0,CUST-2020-JP-000170,篤司,長谷川,篤司 長谷川,Male,1956-12-20,user499.apple@icloud.com,08-9163-5505,806 山田 Street,練馬区,大島町,472-1330,JP,Japan,JAPAN,Japanese,Consumer,Gold,2020-03-28,2020,NEW,True,MDM,2020-03-28 00:00:00,2026-04-17 15:58:34.150459
581060ee-dc45-4f1b-a000-28c4ad16af4c,CUST-2020-JP-000171,美加子,吉田,美加子 吉田,Female,2006-09-22,user971.apple@yahoo.com,080-2734-6034,344 石川 Street,長生郡一宮町,印旛郡本埜村,386-2283,JP,Japan,JAPAN,Japanese,Consumer,Silver,2020-02-07,2020,NEW,True,MDM,2020-02-07 00:00:00,2026-04-17 15:58:34.150518
ed662c64-a8d3-4ec5-935d-c7e724fb7a10,CUST-2020-JP-000172,篤司,池田,篤司 池田,Female,1957-08-17,user658.apple@protonmail.com,080-7284-4482,342 佐藤 Street,横浜市鶴見区,東久留米市,176-0917,JP,Japan,JAPAN,Japanese,Consumer,Silver,2020-12-08,2020,NEW,True,MDM,2020-12-08 00:00:00,2026-04-17 15:58:34.150576
12e31696-8c20-48bd-8608-e585211dee98,CUST-2020-JP-000173,陽一,山本,陽一 山本,Female,1975-08-08,user966.apple@zoho.com,93-1450-6651,852 中村 Street,足立区,長生郡長南町,549-9189,JP,Japan,JAPAN,Japanese,Consumer,None,2020-08-09,2020,NEW,True,MDM,2020-08-09 00:00:00,2026-04-17 15:58:34.150636
84e3e6f5-39f0-46c7-b0a4-7d77fb6f2737,CUST-2020-JP-000174,稔,後藤,稔 後藤,Female,2007-09-16,user326.apple481@aol.com,080-4941-7258,388 池田 Street,武蔵野市,東大和市,944-3870,JP,Japan,JAPAN,Japanese,Business,Silver,2020-03-31,2020,NEW,True,MDM,2020-03-31 00:00:00,2026-04-17 15:58:34.150693
77c362dc-30ae-4fb1-ac62-828bd12a7948,CUST-2020-JP-000175,裕美子,伊藤,裕美子 伊藤,Male,2001-02-10,user714.apple@live.com,080-6903-9406,824 山下 Street,横浜市都筑区,板橋区,284-9795,JP,Japan,JAPAN,Japanese,Consumer,Silver,2020-11-16,2020,NEW,True,MDM,2020-11-16 00:00:00,2026-04-17 15:58:34.150749
1088815c-da3b-46bf-938f-c4c57f4600c6,CUST-2020-JP-000176,零,長谷川,零 長谷川,Male,1967-12-11,user369.apple@outlook.com,080-0398-2429,702 阿部 Street,長生郡長生村,印旛郡印旛村,812-0149,JP,Japan,JAPAN,Japanese,Education,None,2020-02-19,2020,NEW,True,MDM,2020-02-19 00:00:00,2026-04-17 15:58:34.150809
b0778505-2ba6-49ac-8ab5-10b2ef6fd55c,CUST-2020-JP-000177,篤司,藤田,篤司 藤田,Male,1955-10-25,user966.apple@mail.com,080-3529-2812,327 高橋 Street,君津市,夷隅郡大多喜町,636-4240,JP,Japan,JAPAN,Japanese,Business,Gold,2020-05-27,2020,NEW,True,MDM,2020-05-27 00:00:00,2026-04-17 15:58:34.150865
890ff999-099b-4a5c-9043-7cb3ff4dcab3,CUST-2020-JP-000178,充,鈴木,充 鈴木,Female,1969-09-29,user422.apple@hotmail.com,66-1573-4438,663 鈴木 Street,八千代市,三鷹市,252-4128,JP,Japan,JAPAN,Japanese,Consumer,None,2020-09-26,2020,NEW,True,MDM,2020-09-26 00:00:00,2026-04-17 15:58:34.150924
f3406ed2-2fd9-4a18-b39e-d19e2982192c,CUST-2020-JP-000179,稔,岡田,稔 岡田,Female,1996-09-21,user399.apple@outlook.com,07-7793-7071,408 高橋 Street,香取郡神崎町,千代田区,903-0483,JP,Japan,JAPAN,Japanese,Consumer,None,2020-12-10,2020,NEW,True,MDM,2020-12-10 00:00:00,2026-04-17 15:58:34.150981
68835340-9df7-43e2-95c4-21bf26745352,CUST-2020-JP-000180,陽子,田中,陽子 田中,Female,1966-04-09,user209.apple@aol.com,090-1977-9474,931 中村 Street,横浜市青葉区,羽村市,232-1249,JP,Japan,JAPAN,Japanese,Consumer,Gold,2020-02-28,2020,NEW,True,MDM,2020-02-28 00:00:00,2026-04-17 15:58:34.151042
7f16e5dc-ec74-4dd1-ad2e-c1ec22dc66c6,CUST-2020-JP-000181,康弘,遠藤,康弘 遠藤,Male,1994-03-13,user847.apple@live.com,070-9161-3869,018 佐々木 Street,匝瑳市,江戸川区,154-9347,JP,Japan,JAPAN,Japanese,Consumer,Silver,2020-09-01,2020,NEW,True,MDM,2020-09-01 00:00:00,2026-04-17 15:58:34.151101
0b55400f-acc4-4be1-ba77-d6c016b2a70d,CUST-2020-JP-000182,浩,小林,浩 小林,Female,2006-01-18,user474.apple@aol.com,070-1056-8902,160 藤井 Street,横浜市瀬谷区,長生郡長南町,695-8666,JP,Japan,JAPAN,Japanese,Consumer,Gold,2020-07-27,2020,NEW,True,MDM,2020-07-27 00:00:00,2026-04-17 15:58:34.151164
c3d4fa44-2d57-4e83-ac62-1bb6e5e4228b,CUST-2020-JP-000183,香織,鈴木,香織 鈴木,Female,1951-03-28,user684.apple@mail.com,080-3446-4333,528 太田 Street,北区,世田谷区,550-9006,JP,Japan,JAPAN,Japanese,Consumer,None,2020-07-01,2020,NEW,True,MDM,2020-07-01 00:00:00,2026-04-17 15:58:34.151224
fe908372-fb3b-4b40-a730-c6f4b599d85d,CUST-2020-JP-000184,稔,鈴木,稔 鈴木,Female,1985-11-29,user827.apple75@gmail.com,080-7999-6057,282 木村 Street,印西市,横浜市旭区,699-5971,JP,Japan,JAPAN,Japanese,Education,Gold,2020-09-06,2020,NEW,True,MDM,2020-09-06 00:00:00,2026-04-17 15:58:34.151283
aad51411-c2f5-412e-a66b-f2b66caf8e42,CUST-2020-JP-000185,亮介,田中,亮介 田中,Male,1954-01-12,user417.apple@gmx.com,070-6969-5557,806 山下 Street,中央区,横浜市神奈川区,092-2131,JP,Japan,JAPAN,Japanese,Consumer,Silver,2020-08-21,2020,NEW,True,MDM,2020-08-21 00:00:00,2026-04-17 15:58:34.151339
1e67ea81-9c15-42a2-a81b-9952066c3d95,CUST-2020-JP-000186,真綾,佐々木,真綾 佐々木,Female,2005-11-14,user178.apple953@aol.com,18-8468-3960,965 山下 Street,横浜市旭区,墨田区,458-9315,JP,Japan,JAPAN,Japanese,Consumer,Silver,2020-03-23,2020,NEW,True,MDM,2020-03-23 00:00:00,2026-04-17 15:58:34.151397
aa24ef30-496e-4f89-b32f-1d3e3b9b1e4b,CUST-2020-JP-000187,裕美子,佐々木,裕美子 佐々木,Male,2000-12-27,user628.apple@protonmail.com,080-3946-5291,183 井上 Street,青梅市,山武郡芝山町,170-0882,JP,Japan,JAPAN,Japanese,Consumer,None,2020-04-03,2020,NEW,True,MDM,2020-04-03 00:00:00,2026-04-17 15:58:34.151453
d12bfc8b-3fcc-4f66-a25c-71c2f2f67750,CUST-2020-JP-000188,治,池田,治 池田,Female,1994-09-13,user990.apple@msn.com,070-6248-0255,402 山本 Street,横浜市瀬谷区,足立区,439-7380,JP,Japan,JAPAN,Japanese,Consumer,Platinum,2020-05-21,2020,NEW,True,MDM,2020-05-21 00:00:00,2026-04-17 15:58:34.151511
171b797f-a19d-4462-81c7-6cb7cad8d27b,CUST-2020-JP-000189,翔太,中村,翔太 中村,Female,1964-03-29,user929.apple@live.com,090-2023-6049,778 藤田 Street,横浜市港北区,御蔵島村,974-9554,JP,Japan,JAPAN,Japanese,Consumer,Silver,2020-07-24,2020,NEW,True,MDM,2020-07-24 00:00:00,2026-04-17 15:58:34.151569
27d4d0e3-9d9e-45a8-8b94-9ff272cd58b9,CUST-2020-JP-000190,七夏,木村,七夏 木村,Female,1997-12-04,user617.apple@mail.com,090-4962-2705,282 阿部 Street,北区,長生郡長生村,528-5620,JP,Japan,JAPAN,Japanese,Consumer,Silver,2020-10-30,2020,NEW,True,MDM,2020-10-30 00:00:00,2026-04-17 15:58:34.151629
34f2be84-4df5-436f-bf46-e2a36162893c,CUST-2020-JP-000191,春香,渡辺,春香 渡辺,Male,1951-08-01,user701.apple188@yahoo.com,090-1248-7787,706 池田 Street,大田区,江東区,819-5803,JP,Japan,JAPAN,Japanese,Business,Platinum,2020-05-05,2020,NEW,True,MDM,2020-05-05 00:00:00,2026-04-17 15:58:34.151686
e3c1a61d-f8c9-43be-b623-8459419a6fe7,CUST-2020-JP-000192,裕美子,鈴木,裕美子 鈴木,Female,1953-01-06,user354.apple@gmail.com,070-4604-6185,940 渡辺 Street,国立市,八丈島八丈町,036-0112,JP,Japan,JAPAN,Japanese,Consumer,None,2020-08-28,2020,NEW,True,MDM,2020-08-28 00:00:00,2026-04-17 15:58:34.151745
601173d2-6135-40ab-ae85-aeab1f1caf81,CUST-2020-JP-000193,浩,林,浩 林,Male,1991-11-07,user359.apple688@hotmail.com,090-9141-5232,256 三浦 Street,台東区,南房総市,414-8647,JP,Japan,JAPAN,Japanese,Consumer,None,2020-04-05,2020,NEW,True,MDM,2020-04-05 00:00:00,2026-04-17 15:58:34.151804
0b91e40d-3a75-47a8-8858-f689a311a9ff,CUST-2020-JP-000194,里佳,中村,里佳 中村,Male,1987-07-11,user728.apple@aol.com,93-8154-5562,689 高橋 Street,印旛郡栄町,長生郡睦沢町,546-6065,JP,Japan,JAPAN,Japanese,Education,None,2020-10-05,2020,NEW,True,MDM,2020-10-05 00:00:00,2026-04-17 15:58:34.151860
5167f1e2-4b4a-4e6c-bae4-fe732e70434c,CUST-2020-JP-000195,涼平,木村,涼平 木村,Male,1994-03-26,user680.apple@mail.com,080-1978-4340,316 渡辺 Street,品川区,長生郡睦沢町,433-1319,JP,Japan,JAPAN,Japanese,Consumer,None,2020-10-02,2020,NEW,True,MDM,2020-10-02 00:00:00,2026-04-17 15:58:34.151915
fde7f88f-3640-4c75-881b-861d9ba151cb,CUST-2020-JP-000196,晃,渡辺,晃 渡辺,Male,1985-12-03,user965.apple@outlook.com,070-3470-4773,841 藤原 Street,小金井市,西多摩郡檜原村,837-8642,JP,Japan,JAPAN,Japanese,Consumer,None,2020-02-15,2020,NEW,True,MDM,2020-02-15 00:00:00,2026-04-17 15:58:34.151975
b6f9198c-9f99-4318-867d-0916127ce559,CUST-2020-JP-000197,浩,山田,浩 山田,Female,1998-01-20,user144.apple@gmail.com,090-5147-2965,909 山田 Street,大島町,江東区,567-5942,JP,Japan,JAPAN,Japanese,Consumer,Silver,2020-05-17,2020,NEW,True,MDM,2020-05-17 00:00:00,2026-04-17 15:58:34.152032
93037252-415f-4896-a1d1-4645b9641a80,CUST-2020-JP-000198,裕美子,清水,裕美子 清水,Female,1990-04-10,user805.apple@live.com,070-5813-9630,222 加藤 Street,北区,日野市,725-7846,JP,Japan,JAPAN,Japanese,Consumer,Silver,2020-02-07,2020,NEW,True,MDM,2020-02-07 00:00:00,2026-04-17 15:58:34.152087
df10809f-f40b-47ef-bf45-a6d96d5f21d8,CUST-2020-JP-000199,里佳,近藤,里佳 近藤,Male,2005-11-16,user401.apple@gmail.com,070-1899-6191,452 高橋 Street,御蔵島村,三宅島三宅村,840-6329,JP,Japan,JAPAN,Japanese,Consumer,Gold,2020-11-23,2020,NEW,True,MDM,2020-11-23 00:00:00,2026-04-17 15:58:34.152143
2ea3b0d5-ebda-4aee-82c7-b7f421d6bd60,CUST-2020-JP-000200,聡太郎,阿部,聡太郎 阿部,Male,1986-03-23,user953.apple848@protonmail.com,080-8507-8887,708 山口 Street,北区,文京区,271-1727,JP,Japan,JAPAN,Japanese,Consumer,Silver,2020-06-18,2020,NEW,True,MDM,2020-06-18 00:00:00,2026-04-17 15:58:34.152199
68e24fc0-fe7c-4e75-9496-1a88bd1dcfba,CUST-2020-JP-000201,美加子,青木,美加子 青木,Female,1961-10-22,user990.apple@zoho.com,080-9098-4497,372 斎藤 Street,西東京市,青梅市,542-5749,JP,Japan,JAPAN,Japanese,Consumer,Silver,2020-11-17,2020,NEW,True,MDM,2020-11-17 00:00:00,2026-04-17 15:58:34.152255
6703f6fb-809c-4d08-a4b1-3a1d8cfd1b5c,CUST-2020-JP-000202,淳,加藤,淳 加藤,Female,1976-07-31,user562.apple@outlook.com,070-9389-4327,375 後藤 Street,横浜市泉区,川崎市宮前区,932-2843,JP,Japan,JAPAN,Japanese,Consumer,Silver,2020-10-24,2020,NEW,True,MDM,2020-10-24 00:00:00,2026-04-17 15:58:34.152311
7b3694a2-f28e-4159-b05c-7faa6c2dd5da,CUST-2020-JP-000203,太一,林,太一 林,Male,1961-10-04,user555.apple@hotmail.com,070-9871-9013,496 山田 Street,横浜市港北区,川崎市川崎区,128-3492,JP,Japan,JAPAN,Japanese,Consumer,Gold,2020-01-04,2020,NEW,True,MDM,2020-01-04 00:00:00,2026-04-17 15:58:34.152370
4607184a-b590-42ab-bdec-2332bada140d,CUST-2020-JP-000204,陽一,渡辺,陽一 渡辺,Female,2003-03-21,user261.apple@hotmail.com,090-3415-9389,029 佐藤 Street,小平市,稲城市,306-4387,JP,Japan,JAPAN,Japanese,Consumer,Silver,2020-05-29,2020,NEW,True,MDM,2020-05-29 00:00:00,2026-04-17 15:58:34.152425
20aa3397-9125-41a1-be90-8534e60c7701,CUST-2020-JP-000205,和也,佐々木,和也 佐々木,Female,1958-07-19,user342.apple905@msn.com,090-0223-7584,650 森 Street,横浜市泉区,長生郡長柄町,056-5707,JP,Japan,JAPAN,Japanese,Education,Silver,2020-10-17,2020,NEW,True,MDM,2020-10-17 00:00:00,2026-04-17 15:58:34.152482
4ed0698c-4b2c-4f1c-90f3-5a00fb2cc44e,CUST-2020-JP-000206,美加子,中村,美加子 中村,Male,2001-08-19,user360.apple924@live.com,090-7987-4687,906 池田 Street,狛江市,鎌ケ谷市,680-1175,JP,Japan,JAPAN,Japanese,Consumer,None,2020-07-19,2020,NEW,True,MDM,2020-07-19 00:00:00,2026-04-17 15:58:34.152537
f16a213f-00e9-434a-8586-128659b5b8de,CUST-2020-JP-000207,香織,加藤,香織 加藤,Female,1979-01-28,user796.apple@gmx.com,080-9867-3293,908 阿部 Street,富津市,浦安市,666-7583,JP,Japan,JAPAN,Japanese,Consumer,Platinum,2020-11-18,2020,NEW,True,MDM,2020-11-18 00:00:00,2026-04-17 15:58:34.152733
01a2a4ee-e9fc-4418-8e42-69d3c24c5fd7,CUST-2020-JP-000208,あすか,小林,あすか 小林,Female,1965-09-16,user621.apple@icloud.com,50-6763-7126,067 青木 Street,山武市,大田区,833-0046,JP,Japan,JAPAN,Japanese,Consumer,None,2020-08-23,2020,NEW,True,MDM,2020-08-23 00:00:00,2026-04-17 15:58:34.152803
284b4aab-6074-4ab3-b42a-91336d42dddd,CUST-2020-JP-000209,洋介,池田,洋介 池田,Male,1975-11-13,user193.apple@mail.com,090-4030-8043,462 中村 Street,北区,香取郡東庄町,490-7176,JP,Japan,JAPAN,Japanese,Consumer,Silver,2020-07-18,2020,NEW,True,MDM,2020-07-18 00:00:00,2026-04-17 15:58:34.152860
babc1054-4674-4a5d-9b69-20152c28f1df,CUST-2020-JP-000210,学,佐藤,学 佐藤,Male,2002-06-30,user726.apple@icloud.com,53-5106-6109,764 山下 Street,長生郡一宮町,多摩市,428-0206,JP,Japan,JAPAN,Japanese,Business,Gold,2020-06-02,2020,NEW,True,MDM,2020-06-02 00:00:00,2026-04-17 15:58:34.152919
0032de5b-c15f-4503-835d-032b3dbe2fe6,CUST-2020-JP-000211,結衣,山崎,結衣 山崎,Male,2004-09-17,user921.apple490@hotmail.com,92-9353-2119,466 村上 Street,府中市,長生郡一宮町,000-2927,JP,Japan,JAPAN,Japanese,Business,Gold,2020-06-08,2020,NEW,True,MDM,2020-06-08 00:00:00,2026-04-17 15:58:34.152978
45a48294-785b-4c0d-8476-b2fb694d2305,CUST-2020-JP-000212,幹,小川,幹 小川,Female,1997-08-18,user420.apple@protonmail.com,080-1028-2831,311 遠藤 Street,横浜市磯子区,長生郡睦沢町,500-7057,JP,Japan,JAPAN,Japanese,Consumer,Platinum,2020-01-26,2020,NEW,True,MDM,2020-01-26 00:00:00,2026-04-17 15:58:34.153039
bc903299-bf9c-46c9-8da9-d6a80a0c79a8,CUST-2020-JP-000213,修平,林,修平 林,Female,1982-05-04,user303.apple@icloud.com,070-7202-2264,707 阿部 Street,匝瑳市,横浜市泉区,557-9372,JP,Japan,JAPAN,Japanese,Consumer,None,2020-03-23,2020,NEW,True,MDM,2020-03-23 00:00:00,2026-04-17 15:58:34.153101
475a5447-8768-4978-9001-79c68b8a2f29,CUST-2020-JP-000214,七夏,斉藤,七夏 斉藤,Male,1974-10-28,user920.apple@yahoo.com,070-7576-2371,747 鈴木 Street,横浜市戸塚区,墨田区,999-5742,JP,Japan,JAPAN,Japanese,Education,Silver,2020-12-09,2020,NEW,True,MDM,2020-12-09 00:00:00,2026-04-17 15:58:34.153159
4d82d3fc-06bf-494d-b152-837185f65521,CUST-2020-JP-000215,香織,中村,香織 中村,Male,1965-05-22,user654.apple@zoho.com,90-1269-8797,591 中村 Street,町田市,横浜市都筑区,473-0858,JP,Japan,JAPAN,Japanese,Consumer,None,2020-03-28,2020,NEW,True,MDM,2020-03-28 00:00:00,2026-04-17 15:58:34.153216
cbb0c32e-d38a-4f21-9836-cf1a0ceb41e7,CUST-2020-JP-000216,太郎,佐々木,太郎 佐々木,Female,1953-03-07,user101.apple868@hotmail.com,76-6563-1777,761 山田 Street,台東区,福生市,245-2014,JP,Japan,JAPAN,Japanese,Consumer,Platinum,2020-05-06,2020,NEW,True,MDM,2020-05-06 00:00:00,2026-04-17 15:58:34.153273
18e96ae7-bbb5-49a6-81ab-d538128aa628,CUST-2020-JP-000217,涼平,佐藤,涼平 佐藤,Female,1990-06-11,user384.apple129@hotmail.com,080-9656-9982,374 藤井 Street,小金井市,大網白里市,997-5964,JP,Japan,JAPAN,Japanese,Business,Silver,2020-04-01,2020,NEW,True,MDM,2020-04-01 00:00:00,2026-04-17 15:58:34.153330
cf394d7d-cbd2-468d-a7b8-532eb1984d85,CUST-2020-JP-000218,真綾,佐藤,真綾 佐藤,Male,2002-03-05,user143.apple@outlook.com,90-1096-0316,913 藤井 Street,三鷹市,青ヶ島村,916-5234,JP,Japan,JAPAN,Japanese,Consumer,Silver,2020-09-28,2020,NEW,True,MDM,2020-09-28 00:00:00,2026-04-17 15:58:34.153389
22d1568f-8a48-490c-a2fc-623eaf22884e,CUST-2020-JP-000219,直人,吉田,直人 吉田,Female,1992-03-05,user224.apple@protonmail.com,56-7459-6734,478 山本 Street,東大和市,多摩市,675-0922,JP,Japan,JAPAN,Japanese,Consumer,None,2020-06-15,2020,NEW,True,MDM,2020-06-15 00:00:00,2026-04-17 15:58:34.153448
985fcc1b-6800-4ce4-81d3-7d882d0e72b4,CUST-2020-JP-000220,洋介,石川,洋介 石川,Male,1959-05-17,user378.apple404@gmail.com,01-3401-1781,035 斎藤 Street,浦安市,大網白里市,105-5453,JP,Japan,JAPAN,Japanese,Business,Silver,2020-03-04,2020,NEW,True,MDM,2020-03-04 00:00:00,2026-04-17 15:58:34.153504
6285a768-a851-4413-93fc-b70af6d31a0c,CUST-2020-JP-000221,稔,山口,稔 山口,Female,2004-11-18,user198.apple@hotmail.com,84-5587-5482,734 佐藤 Street,台東区,西多摩郡檜原村,102-2238,JP,Japan,JAPAN,Japanese,Consumer,None,2020-12-31,2020,NEW,True,MDM,2020-12-31 00:00:00,2026-04-17 15:58:34.153561
93d909bd-b959-4457-bc10-124275130ad4,CUST-2020-JP-000222,康弘,井上,康弘 井上,Female,1999-09-21,user537.apple808@gmx.com,090-0054-6200,847 岡田 Street,中央区,青梅市,903-2072,JP,Japan,JAPAN,Japanese,Consumer,None,2020-07-28,2020,NEW,False,MDM,2020-07-28 00:00:00,2026-04-17 15:58:34.153617
98cef06f-3ed2-43bc-8f88-fe01118e739d,CUST-2020-JP-000223,春香,阿部,春香 阿部,Female,2002-06-24,user296.apple865@aol.com,090-3268-3651,554 小林 Street,夷隅郡大多喜町,西東京市,642-8611,JP,Japan,JAPAN,Japanese,Consumer,None,2020-06-10,2020,NEW,True,MDM,2020-06-10 00:00:00,2026-04-17 15:58:34.153676
f65273ee-a111-4fe1-91fe-1b887771b0db,CUST-2020-JP-000224,陽子,松田,陽子 松田,Female,1962-09-29,user727.apple@mail.com,070-7717-4474,992 木村 Street,いすみ市,香取市,785-4842,JP,Japan,JAPAN,Japanese,Consumer,None,2020-01-30,2020,NEW,True,MDM,2020-01-30 00:00:00,2026-04-17 15:58:34.153734
bfa034ae-64fc-42e3-b399-e45f0dfd716f,CUST-2020-JP-000225,里佳,清水,里佳 清水,Male,1957-06-09,user737.apple@hotmail.com,090-7936-0853,056 佐々木 Street,杉並区,目黒区,106-3698,JP,Japan,JAPAN,Japanese,Consumer,Silver,2020-05-16,2020,NEW,False,MDM,2020-05-16 00:00:00,2026-04-17 15:58:34.153789
7640042c-7b15-4525-bf05-5e3499387bf2,CUST-2020-JP-000226,春香,中川,春香 中川,Female,1996-03-23,user854.apple@icloud.com,070-8625-7061,397 小林 Street,八王子市,横浜市西区,322-2928,JP,Japan,JAPAN,Japanese,Consumer,None,2020-06-25,2020,NEW,True,MDM,2020-06-25 00:00:00,2026-04-17 15:58:34.153847
4c81811a-5159-4346-a147-9648fedaccca,CUST-2020-JP-000227,充,佐藤,充 佐藤,Male,1954-06-03,user412.apple471@zoho.com,070-1610-2365,347 吉田 Street,横浜市中区,日野市,566-2564,JP,Japan,JAPAN,Japanese,Business,None,2020-02-11,2020,NEW,False,MDM,2020-02-11 00:00:00,2026-04-17 15:58:34.153903
c0b4f009-adbd-4698-951e-ebd86a96f8bb,CUST-2020-JP-000228,真綾,石川,真綾 石川,Male,1999-05-19,user868.apple@zoho.com,080-5499-2087,308 岡本 Street,清瀬市,鴨川市,697-2977,JP,Japan,JAPAN,Japanese,Consumer,None,2020-01-15,2020,NEW,True,MDM,2020-01-15 00:00:00,2026-04-17 15:58:34.153959
ae74f834-b462-42a2-be58-a309c4880ad0,CUST-2020-JP-000229,治,池田,治 池田,Female,1995-01-24,user146.apple@icloud.com,090-0653-1562,900 佐々木 Street,板橋区,横浜市瀬谷区,428-1857,JP,Japan,JAPAN,Japanese,Consumer,None,2020-08-26,2020,NEW,True,MDM,2020-08-26 00:00:00,2026-04-17 15:58:34.154017
1c3cffb1-d2e9-4d31-9ecb-aae09ba0c47d,CUST-2020-JP-000230,稔,山本,稔 山本,Male,1995-07-18,user486.apple@icloud.com,76-9168-4845,740 佐々木 Street,東村山市,横浜市金沢区,175-9310,JP,Japan,JAPAN,Japanese,Consumer,None,2020-11-25,2020,NEW,True,MDM,2020-11-25 00:00:00,2026-04-17 15:58:34.154075
1e194652-57c4-4f10-a0ab-faadd332768c,CUST-2020-JP-000231,拓真,山田,拓真 山田,Female,1988-06-03,user281.apple549@icloud.com,070-7898-6079,715 中村 Street,三鷹市,武蔵村山市,649-5222,JP,Japan,JAPAN,Japanese,Consumer,None,2020-03-26,2020,NEW,True,MDM,2020-03-26 00:00:00,2026-04-17 15:58:34.154130
ddf7430c-73e0-423b-9852-c627bf78b608,CUST-2020-JP-000232,拓真,藤田,拓真 藤田,Male,1978-08-28,user291.apple@protonmail.com,64-2147-8875,295 三浦 Street,西多摩郡檜原村,武蔵村山市,844-4725,JP,Japan,JAPAN,Japanese,Consumer,None,2020-11-01,2020,NEW,False,MDM,2020-11-01 00:00:00,2026-04-17 15:58:34.154186
9037cc2d-7d8b-451f-aa4f-94d6733a31b8,CUST-2020-JP-000233,知実,長谷川,知実 長谷川,Male,1976-12-17,user634.apple@msn.com,070-1217-0651,360 橋本 Street,川崎市宮前区,横浜市緑区,057-9889,JP,Japan,JAPAN,Japanese,Consumer,None,2020-08-08,2020,NEW,True,MDM,2020-08-08 00:00:00,2026-04-17 15:58:34.154241
77c3f6b5-3929-423d-b577-daa4d07525ac,CUST-2020-JP-000234,結衣,田中,結衣 田中,Female,1950-08-27,user555.apple748@protonmail.com,070-5750-4748,373 高橋 Street,港区,富津市,077-5502,JP,Japan,JAPAN,Japanese,Consumer,Silver,2020-04-07,2020,NEW,True,MDM,2020-04-07 00:00:00,2026-04-17 15:58:34.154297
89c4a2ea-a64c-418a-9fd8-1cc74b9841df,CUST-2020-JP-000235,千代,加藤,千代 加藤,Male,1960-07-04,user717.apple@aol.com,090-9207-9682,523 伊藤 Street,練馬区,富津市,293-0119,JP,Japan,JAPAN,Japanese,Education,Gold,2020-03-11,2020,NEW,True,MDM,2020-03-11 00:00:00,2026-04-17 15:58:34.154353
456879c4-d974-4f85-86c7-f244dd0f6a4d,CUST-2020-JP-000236,健一,佐藤,健一 佐藤,Male,1995-01-05,user566.apple@outlook.com,080-8488-9075,358 高橋 Street,長生郡白子町,長生郡長生村,403-6146,JP,Japan,JAPAN,Japanese,Consumer,Gold,2020-03-25,2020,NEW,True,MDM,2020-03-25 00:00:00,2026-04-17 15:58:34.154411
f96d22e3-8e16-4bb1-9671-9278d07be065,CUST-2020-JP-000237,健一,池田,健一 池田,Male,1990-08-21,user556.apple864@gmx.com,090-4519-0588,321 渡辺 Street,我孫子市,横浜市港南区,112-3644,JP,Japan,JAPAN,Japanese,Consumer,Platinum,2020-06-30,2020,NEW,True,MDM,2020-06-30 00:00:00,2026-04-17 15:58:34.154466
99322de9-1535-4ac3-94a3-c5ec86ba5276,CUST-2020-JP-000238,加奈,鈴木,加奈 鈴木,Male,1974-10-10,user939.apple@outlook.com,080-2431-6965,259 鈴木 Street,横浜市保土ケ谷区,北区,898-3396,JP,Japan,JAPAN,Japanese,Consumer,None,2020-09-15,2020,NEW,True,MDM,2020-09-15 00:00:00,2026-04-17 15:58:34.154522
7e40c04b-e6a8-486d-a212-31a327520f32,CUST-2020-JP-000239,知実,松本,知実 松本,Male,2008-01-18,user616.apple928@yahoo.com,070-2707-1645,713 田中 Street,北区,八千代市,085-1371,JP,Japan,JAPAN,Japanese,Consumer,None,2020-11-23,2020,NEW,True,MDM,2020-11-23 00:00:00,2026-04-17 15:58:34.154581
4200fc37-b9fe-437e-915c-80a9bbb4483f,CUST-2020-JP-000240,涼平,山本,涼平 山本,Female,1964-06-21,user608.apple752@mail.com,72-8361-0232,135 中村 Street,大網白里市,東久留米市,401-8229,JP,Japan,JAPAN,Japanese,Consumer,None,2020-08-31,2020,NEW,False,MDM,2020-08-31 00:00:00,2026-04-17 15:58:34.154640
766c7320-2dcf-45a5-b4d3-8c5fe78001b5,CUST-2020-JP-000241,香織,前田,香織 前田,Female,1986-02-08,user108.apple@zoho.com,080-6995-1318,868 井上 Street,国立市,富里市,979-3988,JP,Japan,JAPAN,Japanese,Consumer,None,2020-09-13,2020,NEW,True,MDM,2020-09-13 00:00:00,2026-04-17 15:58:34.154695
5f4aebe9-88d5-4795-96d3-c42e8105b369,CUST-2020-JP-000242,治,小林,治 小林,Female,1975-08-04,user547.apple304@zoho.com,080-8020-0270,185 三浦 Street,山武郡横芝光町,墨田区,509-8413,JP,Japan,JAPAN,Japanese,Consumer,Silver,2020-04-01,2020,NEW,True,MDM,2020-04-01 00:00:00,2026-04-17 15:58:34.154751
641ae177-86af-4008-a224-d78e0be20b77,CUST-2020-JP-000243,真綾,高橋,真綾 高橋,Female,1967-04-12,user148.apple@zoho.com,090-2698-6069,232 中島 Street,浦安市,四街道市,930-4554,JP,Japan,JAPAN,Japanese,Consumer,Gold,2020-12-02,2020,NEW,True,MDM,2020-12-02 00:00:00,2026-04-17 15:58:34.154810
3338f520-8c9e-4a72-90ec-199e55369b3a,CUST-2020-JP-000244,加奈,石川,加奈 石川,Male,1984-03-14,user749.apple@outlook.com,38-0570-7549,528 福田 Street,川崎市幸区,青梅市,019-7139,JP,Japan,JAPAN,Japanese,Business,Gold,2020-05-21,2020,NEW,True,MDM,2020-05-21 00:00:00,2026-04-17 15:58:34.154868
26701abe-4516-421d-9686-3f685e50ecce,CUST-2020-JP-000245,七夏,西村,七夏 西村,Male,1986-09-03,user309.apple770@yahoo.com,070-2610-4777,514 鈴木 Street,福生市,豊島区,261-2862,JP,Japan,JAPAN,Japanese,Education,None,2020-01-22,2020,NEW,True,MDM,2020-01-22 00:00:00,2026-04-17 15:58:34.154923
72c038cb-4aca-4279-9ae9-d3eed5f84603,CUST-2020-JP-000246,太郎,中島,太郎 中島,Male,1950-09-11,user378.apple@outlook.com,51-4259-2021,710 山口 Street,武蔵村山市,横浜市戸塚区,174-3356,JP,Japan,JAPAN,Japanese,Consumer,None,2020-03-04,2020,NEW,True,MDM,2020-03-04 00:00:00,2026-04-17 15:58:34.154979
9a7869b6-028f-4bdb-8558-55b09eb0a79f,CUST-2020-JP-000247,加奈,橋本,加奈 橋本,Female,1969-06-12,user895.apple170@hotmail.com,080-8537-9418,998 佐々木 Street,国立市,山武郡横芝光町,267-1450,JP,Japan,JAPAN,Japanese,Education,None,2020-09-06,2020,NEW,True,MDM,2020-09-06 00:00:00,2026-04-17 15:58:34.155034
c0b66413-2617-4c46-96db-b817ed78459a,CUST-2020-JP-000248,直子,山本,直子 山本,Female,1976-08-01,user587.apple@yahoo.com,78-3655-3286,858 山口 Street,世田谷区,横浜市中区,845-3800,JP,Japan,JAPAN,Japanese,Consumer,Silver,2020-01-05,2020,NEW,True,MDM,2020-01-05 00:00:00,2026-04-17 15:58:34.155090
f0bd6d5d-8b96-45aa-9ed6-92f5a19c748f,CUST-2020-JP-000249,陽一,小川,陽一 小川,Male,1973-02-25,user759.apple@aol.com,70-9603-7622,852 鈴木 Street,川崎市宮前区,港区,777-1282,JP,Japan,JAPAN,Japanese,Consumer,Platinum,2020-12-12,2020,NEW,True,MDM,2020-12-12 00:00:00,2026-04-17 15:58:34.155146
2b3959af-048f-4a28-9117-4480f87ca9c2,CUST-2020-JP-000250,里佳,長谷川,里佳 長谷川,Male,1986-10-09,user577.apple@hotmail.com,43-2314-0991,866 岡田 Street,御蔵島村,東村山市,456-4956,JP,Japan,JAPAN,Japanese,Education,None,2020-12-04,2020,NEW,True,MDM,2020-12-04 00:00:00,2026-04-17 15:58:34.155202
0df18c05-3288-4721-a1e3-63a232f71c25,CUST-2020-JP-000251,里佳,中村,里佳 中村,Male,1968-10-22,user832.apple@live.com,090-4443-8859,164 山崎 Street,いすみ市,豊島区,137-8588,JP,Japan,JAPAN,Japanese,Consumer,Silver,2020-12-20,2020,NEW,True,MDM,2020-12-20 00:00:00,2026-04-17 15:58:34.155259
5e363c0b-6442-4006-95c3-fb8cdc70502b,CUST-2020-JP-000252,翼,高橋,翼 高橋,Male,2002-08-05,user736.apple188@hotmail.com,070-8362-6544,267 藤田 Street,板橋区,夷隅郡大多喜町,641-5255,JP,Japan,JAPAN,Japanese,Consumer,Silver,2020-02-17,2020,NEW,False,MDM,2020-02-17 00:00:00,2026-04-17 15:58:34.155314
7069e16d-fb12-41a5-b079-ae6bb0eb6913,CUST-2020-JP-000253,聡太郎,山口,聡太郎 山口,Female,2007-11-28,user179.apple@live.com,080-5230-6275,615 福田 Street,横浜市南区,横浜市金沢区,128-9305,JP,Japan,JAPAN,Japanese,Education,None,2020-12-25,2020,NEW,True,MDM,2020-12-25 00:00:00,2026-04-17 15:58:34.155370
bbd45126-f271-40b8-8f80-618fa629fef3,CUST-2020-JP-000254,香織,高橋,香織 高橋,Male,2004-10-07,user621.apple35@hotmail.com,090-9111-5412,062 中村 Street,夷隅郡大多喜町,西多摩郡瑞穂町,870-2040,JP,Japan,JAPAN,Japanese,Consumer,None,2020-12-01,2020,NEW,True,MDM,2020-12-01 00:00:00,2026-04-17 15:58:34.155425
2fa394cc-d49a-4a0b-a2f7-012165dd42b1,CUST-2020-JP-000255,香織,石川,香織 石川,Male,1953-03-26,user737.apple782@aol.com,87-0705-3395,770 木村 Street,西多摩郡瑞穂町,渋谷区,667-4702,JP,Japan,JAPAN,Japanese,Consumer,Gold,2020-02-24,2020,NEW,True,MDM,2020-02-24 00:00:00,2026-04-17 15:58:34.155484
66d01426-b23a-4160-94a8-afbec349296d,CUST-2020-JP-000256,学,佐藤,学 佐藤,Male,1974-02-07,user200.apple@mail.com,090-4258-2159,913 木村 Street,御蔵島村,大田区,008-7481,JP,Japan,JAPAN,Japanese,Consumer,Silver,2020-08-08,2020,NEW,True,MDM,2020-08-08 00:00:00,2026-04-17 15:58:34.155539
81b84b44-6b4c-4cb5-88b4-4c644b420db1,CUST-2020-JP-000257,千代,石川,千代 石川,Male,1967-02-19,user394.apple@outlook.com,080-1172-9208,096 阿部 Street,豊島区,武蔵野市,468-9832,JP,Japan,JAPAN,Japanese,Consumer,Gold,2020-11-09,2020,NEW,True,MDM,2020-11-09 00:00:00,2026-04-17 15:58:34.155594
6b3ef231-aafd-42f0-9ad2-566d32a01bc9,CUST-2020-JP-000258,真綾,高橋,真綾 高橋,Male,1964-07-19,user139.apple@live.com,070-0193-9581,241 藤井 Street,袖ケ浦市,山武市,686-4114,JP,Japan,JAPAN,Japanese,Consumer,Silver,2020-05-28,2020,NEW,True,MDM,2020-05-28 00:00:00,2026-04-17 15:58:34.155652
416c5b5f-719f-4662-b7ab-0fa1cba0d976,CUST-2020-JP-000259,裕樹,清水,裕樹 清水,Male,1988-08-25,user915.apple@zoho.com,090-4451-9399,021 渡辺 Street,品川区,長生郡長柄町,682-3661,JP,Japan,JAPAN,Japanese,Consumer,None,2020-03-13,2020,NEW,True,MDM,2020-03-13 00:00:00,2026-04-17 15:58:34.155708
39fe696b-582e-42ce-b59c-88c15cd7b712,CUST-2020-JP-000260,拓真,佐藤,拓真 佐藤,Male,1985-07-12,user744.apple@yahoo.com,070-1068-2238,818 山崎 Street,江東区,横浜市旭区,698-4852,JP,Japan,JAPAN,Japanese,Consumer,Gold,2020-12-03,2020,NEW,True,MDM,2020-12-03 00:00:00,2026-04-17 15:58:34.155764
22f41936-5da3-4ce3-9cfd-472eaa60015f,CUST-2020-JP-000261,さゆり,中村,さゆり 中村,Female,1959-12-12,user600.apple@mail.com,76-5829-1970,353 中川 Street,武蔵村山市,西多摩郡奥多摩町,250-0646,JP,Japan,JAPAN,Japanese,Consumer,Platinum,2020-05-29,2020,NEW,True,MDM,2020-05-29 00:00:00,2026-04-17 15:58:34.155822
27b2330e-f051-4acd-a787-7abcf2c04aca,CUST-2020-JP-000262,修平,吉田,修平 吉田,Male,1957-04-14,user611.apple@protonmail.com,090-1137-8664,650 清水 Street,鴨川市,横浜市神奈川区,607-1996,JP,Japan,JAPAN,Japanese,Consumer,None,2020-05-08,2020,NEW,True,MDM,2020-05-08 00:00:00,2026-04-17 15:58:34.155877
99d19b12-8833-4dec-9ad3-c74521cdbfee,CUST-2020-JP-000263,さゆり,渡辺,さゆり 渡辺,Female,1978-03-24,user576.apple176@outlook.com,83-4326-9905,953 木村 Street,板橋区,横浜市栄区,171-8623,JP,Japan,JAPAN,Japanese,Consumer,Gold,2020-03-05,2020,NEW,True,MDM,2020-03-05 00:00:00,2026-04-17 15:58:34.155937
c2bc9d7d-99f3-4596-8780-d4f5ed908adb,CUST-2020-JP-000264,陽子,加藤,陽子 加藤,Male,1955-04-07,user430.apple@gmx.com,090-4164-3133,604 加藤 Street,夷隅郡御宿町,豊島区,524-5793,JP,Japan,JAPAN,Japanese,Consumer,Platinum,2020-12-16,2020,NEW,True,MDM,2020-12-16 00:00:00,2026-04-17 15:58:34.155992
d3ad5567-3b4b-43c7-b16c-d346e35e0b65,CUST-2020-JP-000265,太一,石井,太一 石井,Male,1992-09-30,user315.apple@outlook.com,080-7109-7687,520 高橋 Street,川崎市高津区,西多摩郡瑞穂町,956-9001,JP,Japan,JAPAN,Japanese,Consumer,None,2020-08-09,2020,NEW,True,MDM,2020-08-09 00:00:00,2026-04-17 15:58:34.156051
a5209413-953a-438a-b603-22d3e0939993,CUST-2020-JP-000266,京助,高橋,京助 高橋,Male,1971-05-26,user604.apple@aol.com,090-0278-8110,127 石川 Street,山武郡芝山町,横浜市金沢区,076-7221,JP,Japan,JAPAN,Japanese,Consumer,None,2020-02-14,2020,NEW,True,MDM,2020-02-14 00:00:00,2026-04-17 15:58:34.156109
dc1db1b6-77e6-4d92-8cda-9fe26f161477,CUST-2020-JP-000267,直人,山下,直人 山下,Male,1953-04-20,user884.apple@aol.com,080-9506-5235,288 森 Street,台東区,鎌ケ谷市,193-2792,JP,Japan,JAPAN,Japanese,Consumer,Silver,2020-05-05,2020,NEW,True,MDM,2020-05-05 00:00:00,2026-04-17 15:58:34.156164
8eac7b4d-c74d-4da6-8b32-6a1232b23951,CUST-2020-JP-000268,千代,林,千代 林,Female,1951-06-07,user122.apple@msn.com,090-9482-5076,475 小川 Street,富里市,袖ケ浦市,450-6010,JP,Japan,JAPAN,Japanese,Consumer,None,2020-10-05,2020,NEW,True,MDM,2020-10-05 00:00:00,2026-04-17 15:58:34.156219
dad0478f-9249-44ca-8618-98177bf9a678,CUST-2020-JP-000269,千代,高橋,千代 高橋,Male,1974-04-05,user314.apple@live.com,070-3440-4894,110 山口 Street,横浜市港南区,我孫子市,640-2406,JP,Japan,JAPAN,Japanese,Consumer,None,2020-07-28,2020,NEW,True,MDM,2020-07-28 00:00:00,2026-04-17 15:58:34.156275
8ad12334-00cf-424c-9af9-2ff88119430f,CUST-2020-JP-000270,里佳,渡辺,里佳 渡辺,Female,1977-02-01,user825.apple979@msn.com,070-4543-6528,646 森 Street,福生市,利島村,140-4767,JP,Japan,JAPAN,Japanese,Business,None,2020-04-04,2020,NEW,True,MDM,2020-04-04 00:00:00,2026-04-17 15:58:34.156332
029ec419-d7bc-4b33-a662-d8d72dacad8a,CUST-2020-JP-000271,零,高橋,零 高橋,Female,1981-02-19,user761.apple@zoho.com,070-4796-1685,915 佐々木 Street,調布市,南房総市,213-1752,JP,Japan,JAPAN,Japanese,Business,None,2020-02-20,2020,NEW,True,MDM,2020-02-20 00:00:00,2026-04-17 15:58:34.156386
d2b77243-a598-42f5-9b56-0cf3e03a25de,CUST-2020-JP-000272,洋介,高橋,洋介 高橋,Male,1995-10-10,user346.apple@mail.com,67-8437-6963,456 佐藤 Street,狛江市,福生市,320-7405,JP,Japan,JAPAN,Japanese,Consumer,None,2020-08-30,2020,NEW,True,MDM,2020-08-30 00:00:00,2026-04-17 15:58:34.156442
6e9cddc2-e8de-45d9-b3a8-8583e9c4af0c,CUST-2020-JP-000273,和也,池田,和也 池田,Female,1981-12-14,user359.apple450@outlook.com,11-8742-9562,548 小林 Street,横浜市港北区,長生郡長南町,758-1652,JP,Japan,JAPAN,Japanese,Consumer,Platinum,2020-08-01,2020,NEW,True,MDM,2020-08-01 00:00:00,2026-04-17 15:58:34.156498
091f5274-0f87-4a6e-bda2-99729d3e1cde,CUST-2020-JP-000274,翔太,木村,翔太 木村,Male,1966-09-11,user953.apple@zoho.com,090-5710-4201,571 高橋 Street,安房郡鋸南町,富津市,286-4610,JP,Japan,JAPAN,Japanese,Consumer,None,2020-04-16,2020,NEW,True,MDM,2020-04-16 00:00:00,2026-04-17 15:58:34.156554
78829338-0237-4369-ab5f-6b9017fb9df0,CUST-2020-JP-000275,治,中村,治 中村,Male,1972-08-02,user323.apple484@hotmail.com,080-3956-5642,839 西村 Street,横浜市中区,八千代市,086-0785,JP,Japan,JAPAN,Japanese,Consumer,Silver,2020-03-27,2020,NEW,True,MDM,2020-03-27 00:00:00,2026-04-17 15:58:34.156610
ee875c54-42c5-440b-bafd-868ac8729018,CUST-2020-JP-000276,春香,佐藤,春香 佐藤,Male,1984-05-19,user814.apple982@gmx.com,090-7858-2446,714 斉藤 Street,夷隅郡大多喜町,小金井市,067-8079,JP,Japan,JAPAN,Japanese,Consumer,None,2020-03-06,2020,NEW,True,MDM,2020-03-06 00:00:00,2026-04-17 15:58:34.156665
7f42b70d-834b-4ab5-b54d-e4f91ecd8d15,CUST-2020-JP-000277,零,中村,零 中村,Male,1982-06-21,user922.apple187@hotmail.com,080-8104-6262,070 伊藤 Street,世田谷区,印西市,714-1098,JP,Japan,JAPAN,Japanese,Consumer,None,2020-10-08,2020,NEW,True,MDM,2020-10-08 00:00:00,2026-04-17 15:58:34.156721
54d4583d-7e82-4be3-ba17-ab7553c8cdec,CUST-2020-JP-000278,智也,石川,智也 石川,Male,2000-09-09,user437.apple889@yahoo.com,090-9928-9868,630 木村 Street,袖ケ浦市,川崎市川崎区,289-8122,JP,Japan,JAPAN,Japanese,Business,Silver,2020-08-16,2020,NEW,True,MDM,2020-08-16 00:00:00,2026-04-17 15:58:34.156776
ab060f5f-c369-42df-8597-35e98417ffd4,CUST-2020-JP-000279,篤司,石川,篤司 石川,Female,1958-04-23,user924.apple@gmx.com,090-7668-0807,885 阿部 Street,墨田区,目黒区,016-9913,JP,Japan,JAPAN,Japanese,Consumer,Platinum,2020-09-19,2020,NEW,True,MDM,2020-09-19 00:00:00,2026-04-17 15:58:34.156831
0b06ef4d-ef5c-4557-878b-95c0a40b4806,CUST-2020-JP-000280,浩,佐々木,浩 佐々木,Female,1959-03-21,user102.apple@mail.com,070-4910-2890,102 渡辺 Street,あきる野市,横浜市保土ケ谷区,895-7508,JP,Japan,JAPAN,Japanese,Consumer,None,2020-07-12,2020,NEW,True,MDM,2020-07-12 00:00:00,2026-04-17 15:58:34.156887
f34a8cd2-e162-44f8-93d5-b92c8b3ce5c0,CUST-2020-JP-000281,裕樹,山口,裕樹 山口,Female,1973-07-23,user550.apple@yahoo.com,070-4378-6834,376 佐藤 Street,八王子市,港区,004-7537,JP,Japan,JAPAN,Japanese,Consumer,Silver,2020-10-30,2020,NEW,True,MDM,2020-10-30 00:00:00,2026-04-17 15:58:34.156942
1ddee13a-58fa-4ddf-8c96-87a85b99ba71,CUST-2020-JP-000282,美加子,福田,美加子 福田,Male,1979-12-30,user116.apple324@icloud.com,090-2474-5238,624 後藤 Street,立川市,荒川区,076-5387,JP,Japan,JAPAN,Japanese,Business,Silver,2020-05-09,2020,NEW,True,MDM,2020-05-09 00:00:00,2026-04-17 15:58:34.156997
edd33839-eabd-4b0b-b24e-74bb3e32c0c4,CUST-2020-JP-000283,翔太,西村,翔太 西村,Female,1997-01-12,user947.apple@hotmail.com,080-7267-6315,787 小林 Street,香取郡神崎町,西多摩郡日の出町,385-8987,JP,Japan,JAPAN,Japanese,Business,None,2020-06-23,2020,NEW,True,MDM,2020-06-23 00:00:00,2026-04-17 15:58:34.157052
ef624109-ea6a-4b06-bd04-e1778216fc38,CUST-2020-JP-000284,智也,中村,智也 中村,Male,1984-03-22,user449.apple528@msn.com,080-0843-5186,019 渡辺 Street,多摩市,稲城市,134-1989,JP,Japan,JAPAN,Japanese,Consumer,None,2020-05-30,2020,NEW,False,MDM,2020-05-30 00:00:00,2026-04-17 15:58:34.157107
e00c2e73-3fbb-466d-bf68-f47449283ea2,CUST-2020-JP-000285,陽一,田中,陽一 田中,Female,1964-10-21,user993.apple@zoho.com,070-4594-5717,821 佐藤 Street,文京区,長生郡長南町,498-5582,JP,Japan,JAPAN,Japanese,Business,Silver,2020-09-29,2020,NEW,True,MDM,2020-09-29 00:00:00,2026-04-17 15:58:34.157162
007c0726-0063-467b-b1f7-1a816781876c,CUST-2020-JP-000286,明美,池田,明美 池田,Male,1990-10-13,user213.apple@aol.com,080-5824-1395,555 後藤 Street,香取郡神崎町,練馬区,049-8629,JP,Japan,JAPAN,Japanese,Business,Silver,2020-12-24,2020,NEW,True,MDM,2020-12-24 00:00:00,2026-04-17 15:58:34.157218
1f07b9a1-e74f-4de6-a2c3-84d988ca749e,CUST-2020-JP-000287,千代,高橋,千代 高橋,Female,1953-05-20,user424.apple454@aol.com,85-3056-2445,427 松田 Street,利島村,横浜市戸塚区,932-6063,JP,Japan,JAPAN,Japanese,Consumer,None,2020-08-21,2020,NEW,True,MDM,2020-08-21 00:00:00,2026-04-17 15:58:34.157274
0269a32e-8b5a-4277-9192-1f3aff630c86,CUST-2020-JP-000288,くみ子,太田,くみ子 太田,Male,1977-07-27,user128.apple@yahoo.com,090-8768-7096,188 小林 Street,目黒区,板橋区,007-7562,JP,Japan,JAPAN,Japanese,Consumer,Gold,2020-04-30,2020,NEW,True,MDM,2020-04-30 00:00:00,2026-04-17 15:58:34.157330
a1f62c83-e0ee-45b5-9436-9f698d0f53e8,CUST-2020-JP-000289,充,小川,充 小川,Female,1953-05-25,user252.apple101@protonmail.com,15-0349-0628,928 三浦 Street,八丈島八丈町,印西市,425-6659,JP,Japan,JAPAN,Japanese,Consumer,Silver,2020-04-06,2020,NEW,True,MDM,2020-04-06 00:00:00,2026-04-17 15:58:34.157388
d6cb60f6-0c26-4d61-882a-d17354b8ede1,CUST-2020-JP-000290,裕太,林,裕太 林,Female,1992-03-09,user746.apple@zoho.com,090-5615-5336,860 吉田 Street,香取郡神崎町,日野市,205-6441,JP,Japan,JAPAN,Japanese,Consumer,None,2020-02-13,2020,NEW,True,MDM,2020-02-13 00:00:00,2026-04-17 15:58:34.157444
c21834be-80c2-427e-9feb-6a887c4842f5,CUST-2020-JP-000291,裕樹,池田,裕樹 池田,Female,1968-02-17,user520.apple495@gmail.com,68-4350-4514,627 後藤 Street,新宿区,狛江市,844-3704,JP,Japan,JAPAN,Japanese,Consumer,Platinum,2020-02-24,2020,NEW,True,MDM,2020-02-24 00:00:00,2026-04-17 15:58:34.157501
5192f4c7-ab03-42a5-b08b-c7504e6e04ee,CUST-2020-JP-000292,晃,松本,晃 松本,Male,1992-06-19,user350.apple@outlook.com,070-2027-3373,076 前田 Street,小笠原村,横浜市泉区,319-7848,JP,Japan,JAPAN,Japanese,Consumer,Silver,2020-01-23,2020,NEW,True,MDM,2020-01-23 00:00:00,2026-04-17 15:58:34.157555
dcc77ce8-e1a8-46b0-a80d-6ba0859e7a4c,CUST-2020-JP-000293,亮介,伊藤,亮介 伊藤,Male,1954-12-21,user228.apple@hotmail.com,080-3475-6234,819 岡田 Street,横浜市金沢区,渋谷区,465-1974,JP,Japan,JAPAN,Japanese,Consumer,None,2020-10-12,2020,NEW,True,MDM,2020-10-12 00:00:00,2026-04-17 15:58:34.157610
89b658ed-3c8d-416c-a941-d2dd87a9c442,CUST-2020-JP-000294,康弘,吉田,康弘 吉田,Male,1976-02-29,user914.apple@aol.com,070-2012-6865,061 鈴木 Street,印旛郡印旛村,墨田区,627-7573,JP,Japan,JAPAN,Japanese,Consumer,None,2020-06-17,2020,NEW,True,MDM,2020-06-17 00:00:00,2026-04-17 15:58:34.157666
f82b7e34-88ad-46f6-9849-551c97996414,CUST-2020-JP-000295,智也,山崎,智也 山崎,Male,1981-07-16,user776.apple336@hotmail.com,080-4158-6611,801 石川 Street,川崎市幸区,武蔵野市,610-6817,JP,Japan,JAPAN,Japanese,Consumer,Silver,2020-10-01,2020,NEW,True,MDM,2020-10-01 00:00:00,2026-04-17 15:58:34.157723
510155f8-b38e-4081-b746-acf82faf7066,CUST-2020-JP-000296,結衣,高橋,結衣 高橋,Male,1964-11-06,user897.apple@hotmail.com,53-6294-9613,381 山崎 Street,日野市,日野市,731-3937,JP,Japan,JAPAN,Japanese,Consumer,None,2020-12-29,2020,NEW,True,MDM,2020-12-29 00:00:00,2026-04-17 15:58:34.157781
ae3cc5f9-0143-4415-9ba0-f1faed718377,CUST-2020-JP-000297,京助,橋本,京助 橋本,Female,1952-06-06,user188.apple556@icloud.com,080-4436-4999,229 中島 Street,利島村,鴨川市,578-6292,JP,Japan,JAPAN,Japanese,Consumer,Platinum,2020-02-29,2020,NEW,True,MDM,2020-02-29 00:00:00,2026-04-17 15:58:34.157838
f7a6a3c9-4d20-4186-92cf-43bd4d77dca9,CUST-2020-JP-000298,舞,山崎,舞 山崎,Female,2002-08-14,user475.apple@zoho.com,070-8491-7010,851 近藤 Street,夷隅郡御宿町,羽村市,459-5700,JP,Japan,JAPAN,Japanese,Consumer,None,2020-12-31,2020,NEW,True,MDM,2020-12-31 00:00:00,2026-04-17 15:58:34.157894
de05486b-4c7b-408e-810a-99b31d3ebea5,CUST-2020-JP-000299,陽一,石川,陽一 石川,Male,1984-09-28,user736.apple@live.com,01-0505-6856,559 渡辺 Street,江東区,渋谷区,261-7503,JP,Japan,JAPAN,Japanese,Education,Platinum,2020-05-01,2020,NEW,True,MDM,2020-05-01 00:00:00,2026-04-17 15:58:34.157952
7f934658-e985-4a00-8c9d-9edf415e4824,CUST-2020-JP-000300,直樹,青木,直樹 青木,Male,1973-03-21,user441.apple260@yahoo.com,070-2822-0587,544 中村 Street,青梅市,豊島区,761-4333,JP,Japan,JAPAN,Japanese,Consumer,None,2020-03-07,2020,NEW,True,MDM,2020-03-07 00:00:00,2026-04-17 15:58:34.158009
d29071b7-d7b5-4ad3-8466-ddb0954a77dd,CUST-2020-JP-000301,真綾,青木,真綾 青木,Female,1951-06-28,user656.apple@hotmail.com,25-0691-5510,297 斎藤 Street,香取郡神崎町,荒川区,163-4458,JP,Japan,JAPAN,Japanese,Consumer,Gold,2020-03-04,2020,NEW,True,MDM,2020-03-04 00:00:00,2026-04-17 15:58:34.158067
6cb8c3ce-a57a-485b-99b6-15b08044ac8b,CUST-2020-JP-000302,美加子,藤田,美加子 藤田,Female,1955-07-11,user538.apple@outlook.com,080-8967-7545,101 松本 Street,横浜市都筑区,浦安市,922-2967,JP,Japan,JAPAN,Japanese,Consumer,Silver,2020-05-03,2020,NEW,True,MDM,2020-05-03 00:00:00,2026-04-17 15:58:34.158124
466d1fc9-44bd-4cf3-98db-fa1e3c0d2217,CUST-2020-JP-000303,花子,加藤,花子 加藤,Female,1965-01-19,user635.apple121@gmx.com,090-9172-1964,876 高橋 Street,横浜市西区,八街市,225-6905,JP,Japan,JAPAN,Japanese,Consumer,None,2020-07-06,2020,NEW,True,MDM,2020-07-06 00:00:00,2026-04-17 15:58:34.158181
be0d8fa6-dde8-4a13-8f30-54ef8dadb6fb,CUST-2020-JP-000304,あすか,山崎,あすか 山崎,Male,1953-02-01,user845.apple@yahoo.com,15-6284-2711,612 山本 Street,台東区,目黒区,792-6162,JP,Japan,JAPAN,Japanese,Consumer,Gold,2020-07-30,2020,NEW,True,MDM,2020-07-30 00:00:00,2026-04-17 15:58:34.158236
6d864c1f-9970-452f-9e3a-a1f8bdbd9a37,CUST-2020-JP-000305,充,鈴木,充 鈴木,Male,1966-08-06,user566.apple889@yahoo.com,070-1302-1999,199 池田 Street,江戸川区,小笠原村,589-3442,JP,Japan,JAPAN,Japanese,Business,None,2020-03-30,2020,NEW,True,MDM,2020-03-30 00:00:00,2026-04-17 15:58:34.158400
fb0b6c29-13e8-4f2c-bb70-d141a860500e,CUST-2020-JP-000306,涼平,吉田,涼平 吉田,Male,1986-04-11,user674.apple@gmail.com,090-4625-4715,737 木村 Street,北区,荒川区,879-3648,JP,Japan,JAPAN,Japanese,Business,Silver,2020-03-05,2020,NEW,False,MDM,2020-03-05 00:00:00,2026-04-17 15:58:34.158475
81cb2581-a17c-4c62-beb0-9ab0e12c4e9b,CUST-2020-JP-000307,淳,高橋,淳 高橋,Male,1977-08-06,user978.apple@gmail.com,090-9140-3881,783 小林 Street,川崎市多摩区,青ヶ島村,745-4102,JP,Japan,JAPAN,Japanese,Consumer,None,2020-08-13,2020,NEW,True,MDM,2020-08-13 00:00:00,2026-04-17 15:58:34.158540
b140ac84-279a-4275-87a1-9581f715e01b,CUST-2020-JP-000308,太郎,小林,太郎 小林,Female,2006-05-12,user107.apple924@yahoo.com,97-5910-8855,946 小林 Street,国分寺市,千代田区,804-5883,JP,Japan,JAPAN,Japanese,Consumer,Silver,2020-12-27,2020,NEW,True,MDM,2020-12-27 00:00:00,2026-04-17 15:58:34.158604
ca00c215-4029-49f4-aabd-14f681b098a7,CUST-2020-JP-000309,太郎,西村,太郎 西村,Male,1950-05-09,user620.apple698@yahoo.com,090-7867-8631,468 西村 Street,狛江市,国分寺市,990-8924,JP,Japan,JAPAN,Japanese,Consumer,Silver,2020-03-03,2020,NEW,True,MDM,2020-03-03 00:00:00,2026-04-17 15:58:34.158666
913acf2a-8fc4-4166-bb52-ef6613f3f118,CUST-2020-JP-000310,陽一,鈴木,陽一 鈴木,Female,1991-11-06,user927.apple@gmail.com,50-7869-6494,824 青木 Street,八街市,横浜市磯子区,268-0145,JP,Japan,JAPAN,Japanese,Consumer,None,2020-10-09,2020,NEW,True,MDM,2020-10-09 00:00:00,2026-04-17 15:58:34.158729
4d0e3302-6c89-4807-a501-7ef077d64953,CUST-2020-JP-000311,里佳,高橋,里佳 高橋,Male,1996-12-18,user625.apple893@protonmail.com,070-3515-9539,157 小林 Street,千代田区,東久留米市,105-4502,JP,Japan,JAPAN,Japanese,Consumer,Platinum,2020-02-23,2020,NEW,True,MDM,2020-02-23 00:00:00,2026-04-17 15:58:34.158791
5f252f46-8d65-4d49-b8d0-45867719f340,CUST-2020-JP-000312,千代,阿部,千代 阿部,Female,1989-01-24,user407.apple239@outlook.com,090-6478-0151,986 吉田 Street,長生郡一宮町,横浜市緑区,222-5188,JP,Japan,JAPAN,Japanese,Consumer,Gold,2020-06-08,2020,NEW,True,MDM,2020-06-08 00:00:00,2026-04-17 15:58:34.158856
c0827283-d3f2-4f17-8cb5-2ae2d5dbb1ac,CUST-2020-JP-000313,陽一,中村,陽一 中村,Female,1957-07-19,user342.apple@outlook.com,070-2931-4563,242 高橋 Street,府中市,江東区,142-8432,JP,Japan,JAPAN,Japanese,Consumer,None,2020-02-23,2020,NEW,True,MDM,2020-02-23 00:00:00,2026-04-17 15:58:34.158924
d67b205f-f850-407e-981e-e6d0f17f8b2e,CUST-2020-JP-000314,健一,伊藤,健一 伊藤,Female,1955-05-06,user189.apple@zoho.com,090-2889-8453,832 前田 Street,我孫子市,八王子市,409-3426,JP,Japan,JAPAN,Japanese,Consumer,Silver,2020-01-05,2020,NEW,True,MDM,2020-01-05 00:00:00,2026-04-17 15:58:34.158988
23a0ea2c-3846-443c-b6b6-006ed54d789b,CUST-2020-JP-000315,治,石井,治 石井,Male,1999-11-29,user533.apple@zoho.com,63-1264-3783,115 福田 Street,調布市,東久留米市,973-7158,JP,Japan,JAPAN,Japanese,Consumer,Gold,2020-07-06,2020,NEW,True,MDM,2020-07-06 00:00:00,2026-04-17 15:58:34.159050
b53eacae-ec4b-4cd5-917d-99f9e54a243a,CUST-2020-JP-000316,亮介,小林,亮介 小林,Female,1953-04-08,user478.apple@gmx.com,79-0097-2200,079 三浦 Street,袖ケ浦市,長生郡長生村,935-4502,JP,Japan,JAPAN,Japanese,Education,Gold,2020-07-10,2020,NEW,True,MDM,2020-07-10 00:00:00,2026-04-17 15:58:34.159111
9a443c99-1efc-436c-9153-454226172432,CUST-2020-JP-000317,裕樹,藤井,裕樹 藤井,Male,1964-05-10,user408.apple@msn.com,080-1030-1266,307 高橋 Street,八千代市,葛飾区,288-4943,JP,Japan,JAPAN,Japanese,Consumer,None,2020-07-10,2020,NEW,True,MDM,2020-07-10 00:00:00,2026-04-17 15:58:34.159172
aa210d3b-601f-47d3-86ca-49999babdaf2,CUST-2020-JP-000318,直樹,鈴木,直樹 鈴木,Male,1980-01-17,user299.apple@zoho.com,080-8407-2870,929 山田 Street,大田区,台東区,481-7833,JP,Japan,JAPAN,Japanese,Consumer,None,2020-02-11,2020,NEW,True,MDM,2020-02-11 00:00:00,2026-04-17 15:58:34.159233
3f924b78-47fe-45ae-8fa5-44cbc9d7afee,CUST-2020-JP-000319,桃子,加藤,桃子 加藤,Male,1958-05-30,user974.apple@aol.com,080-1442-3125,785 加藤 Street,横浜市神奈川区,立川市,511-5827,JP,Japan,JAPAN,Japanese,Consumer,Silver,2020-09-20,2020,NEW,True,MDM,2020-09-20 00:00:00,2026-04-17 15:58:34.159294
fe7ecb3b-03a9-41c8-802c-54460262741e,CUST-2020-JP-000320,花子,藤井,花子 藤井,Female,2000-08-06,user970.apple@hotmail.com,75-4617-4301,641 小林 Street,青ヶ島村,印西市,098-4828,JP,Japan,JAPAN,Japanese,Consumer,Silver,2020-10-16,2020,NEW,True,MDM,2020-10-16 00:00:00,2026-04-17 15:58:34.159355
d1b60c61-fe66-458e-a8e5-7e4306a8d2ad,CUST-2020-JP-000321,篤司,山下,篤司 山下,Female,1956-04-25,user593.apple950@icloud.com,080-6952-8077,565 中島 Street,夷隅郡御宿町,文京区,400-7619,JP,Japan,JAPAN,Japanese,Consumer,Silver,2020-08-30,2020,NEW,True,MDM,2020-08-30 00:00:00,2026-04-17 15:58:34.159415
a6bc2dfb-7b22-4882-a002-04ed3b65fa37,CUST-2020-JP-000322,千代,中村,千代 中村,Female,1990-07-29,user667.apple886@msn.com,070-6033-1288,162 近藤 Street,東大和市,御蔵島村,906-7074,JP,Japan,JAPAN,Japanese,Consumer,None,2020-09-23,2020,NEW,True,MDM,2020-09-23 00:00:00,2026-04-17 15:58:34.159477
35c10c47-7dbf-406a-95df-2b68adccbca5,CUST-2020-JP-000323,晃,中島,晃 中島,Female,1968-07-11,user317.apple@gmail.com,080-7249-3258,576 中村 Street,北区,安房郡鋸南町,748-1273,JP,Japan,JAPAN,Japanese,Business,Gold,2020-11-19,2020,NEW,True,MDM,2020-11-19 00:00:00,2026-04-17 15:58:34.159543
30db8ea9-aece-47a6-ad15-1da58a1cc980,CUST-2020-JP-000324,美加子,小林,美加子 小林,Female,1987-12-10,user207.apple199@hotmail.com,080-5292-3523,528 渡辺 Street,香取郡多古町,富津市,152-7418,JP,Japan,JAPAN,Japanese,Business,None,2020-03-02,2020,NEW,True,MDM,2020-03-02 00:00:00,2026-04-17 15:58:34.159603
c1175a2d-7d28-43ac-bd80-0f97b1f9a3a9,CUST-2020-JP-000325,くみ子,渡辺,くみ子 渡辺,Male,2005-03-03,user718.apple@live.com,090-3028-6368,595 田中 Street,印旛郡本埜村,横浜市神奈川区,201-5078,JP,Japan,JAPAN,Japanese,Consumer,None,2020-06-23,2020,NEW,False,MDM,2020-06-23 00:00:00,2026-04-17 15:58:34.159671
22cf2072-8675-494a-87ef-de43c4cd6b31,CUST-2020-JP-000326,康弘,佐藤,康弘 佐藤,Female,1957-07-12,user516.apple@icloud.com,090-2979-8477,913 山口 Street,西東京市,清瀬市,240-7323,JP,Japan,JAPAN,Japanese,Business,Silver,2020-08-02,2020,NEW,True,MDM,2020-08-02 00:00:00,2026-04-17 15:58:34.159730
3da13b75-67bf-4fad-9fa2-3989d11657c0,CUST-2020-JP-000327,修平,小川,修平 小川,Male,1989-05-05,user435.apple@outlook.com,14-6405-6977,590 松田 Street,福生市,西多摩郡檜原村,798-7094,JP,Japan,JAPAN,Japanese,Consumer,Silver,2020-07-23,2020,NEW,False,MDM,2020-07-23 00:00:00,2026-04-17 15:58:34.159787
00989316-1db5-43d2-bc18-b41da1182086,CUST-2020-JP-000328,治,鈴木,治 鈴木,Female,1992-06-07,user439.apple@outlook.com,090-8197-3189,871 長谷川 Street,新島村,稲城市,570-2320,JP,Japan,JAPAN,Japanese,Consumer,Silver,2020-02-03,2020,NEW,True,MDM,2020-02-03 00:00:00,2026-04-17 15:58:34.159847
b5474a6e-dcfd-4990-837e-c6ed360c05a7,CUST-2020-JP-000329,裕美子,斎藤,裕美子 斎藤,Female,1961-10-06,user876.apple@msn.com,56-9363-0083,688 木村 Street,荒川区,横浜市青葉区,430-5791,JP,Japan,JAPAN,Japanese,Education,None,2020-02-22,2020,NEW,True,MDM,2020-02-22 00:00:00,2026-04-17 15:58:34.159905
7e0a09e9-1e9c-4233-a52d-fb76074655bc,CUST-2020-JP-000330,裕美子,前田,裕美子 前田,Female,1983-07-09,user516.apple495@icloud.com,13-0647-9700,663 鈴木 Street,八丈島八丈町,八千代市,228-9474,JP,Japan,JAPAN,Japanese,Education,None,2020-10-08,2020,NEW,True,MDM,2020-10-08 00:00:00,2026-04-17 15:58:34.159963
eba46c99-b14b-4388-97c8-a7c31a09a3c6,CUST-2020-JP-000331,さゆり,清水,さゆり 清水,Male,1955-01-08,user882.apple@aol.com,070-2674-3700,970 吉田 Street,羽村市,国立市,106-2479,JP,Japan,JAPAN,Japanese,Consumer,None,2020-05-29,2020,NEW,True,MDM,2020-05-29 00:00:00,2026-04-17 15:58:34.160023
0f81b5c1-3e92-4209-8857-9a141b76bb7d,CUST-2020-JP-000332,美加子,林,美加子 林,Female,1962-06-06,user911.apple627@hotmail.com,080-9678-9289,532 吉田 Street,大田区,富里市,438-7942,JP,Japan,JAPAN,Japanese,Consumer,None,2020-04-30,2020,NEW,True,MDM,2020-04-30 00:00:00,2026-04-17 15:58:34.160083
e4616253-ed8d-43a9-8233-9d79749c3a28,CUST-2020-JP-000333,学,渡辺,学 渡辺,Male,2005-12-10,user868.apple496@aol.com,10-3969-6635,608 前田 Street,大田区,長生郡長南町,606-4918,JP,Japan,JAPAN,Japanese,Education,None,2020-10-22,2020,NEW,True,MDM,2020-10-22 00:00:00,2026-04-17 15:58:34.160144
e8d0d051-1320-4dce-8b4d-7d4517443933,CUST-2020-JP-000334,直子,渡辺,直子 渡辺,Female,1974-09-20,user486.apple@icloud.com,09-6965-0791,021 斉藤 Street,川崎市中原区,杉並区,540-7271,JP,Japan,JAPAN,Japanese,Consumer,Silver,2020-06-19,2020,NEW,False,MDM,2020-06-19 00:00:00,2026-04-17 15:58:34.160204
858ae581-ca4f-4ca8-aac5-1ddcb202c89d,CUST-2020-JP-000335,京助,斎藤,京助 斎藤,Male,1997-09-16,user236.apple@protonmail.com,39-2796-0768,009 木村 Street,香取郡多古町,八王子市,739-9327,JP,Japan,JAPAN,Japanese,Consumer,None,2020-07-29,2020,NEW,True,MDM,2020-07-29 00:00:00,2026-04-17 15:58:34.160264
6746c94b-9083-4122-958c-ecad0162585d,CUST-2020-JP-000336,直樹,三浦,直樹 三浦,Male,1956-01-01,user485.apple@aol.com,080-4738-9465,649 高橋 Street,西東京市,川崎市中原区,129-8046,JP,Japan,JAPAN,Japanese,Consumer,None,2020-10-01,2020,NEW,True,MDM,2020-10-01 00:00:00,2026-04-17 15:58:34.160323
34a7051c-3b9c-4659-b693-78037e9e01ed,CUST-2020-JP-000337,千代,伊藤,千代 伊藤,Male,1954-03-05,user600.apple@yahoo.com,070-9397-7684,416 渡辺 Street,白井市,日野市,271-3734,JP,Japan,JAPAN,Japanese,Business,Gold,2020-11-16,2020,NEW,True,MDM,2020-11-16 00:00:00,2026-04-17 15:58:34.160427
58efb63e-a232-4a2e-9858-10a84c84bc08,CUST-2020-JP-000338,翔太,前田,翔太 前田,Female,1999-03-10,user538.apple967@hotmail.com,070-3847-1026,214 小林 Street,横浜市磯子区,横浜市都筑区,931-8817,JP,Japan,JAPAN,Japanese,Consumer,None,2020-02-15,2020,NEW,True,MDM,2020-02-15 00:00:00,2026-04-17 15:58:34.160530
c7830dde-d5dc-406d-b851-e7d81e0760bd,CUST-2020-JP-000339,智也,佐藤,智也 佐藤,Female,1998-05-24,user570.apple@live.com,36-4662-4639,969 吉田 Street,夷隅郡大多喜町,西多摩郡檜原村,887-0507,JP,Japan,JAPAN,Japanese,Consumer,Silver,2020-07-14,2020,NEW,True,MDM,2020-07-14 00:00:00,2026-04-17 15:58:34.160605
aa15bc0d-cea5-43cd-a00c-c56942be93ad,CUST-2020-JP-000340,和也,近藤,和也 近藤,Female,1990-07-25,user786.apple@yahoo.com,35-8019-1444,959 斎藤 Street,東村山市,印旛郡酒々井町,563-5729,JP,Japan,JAPAN,Japanese,Consumer,Platinum,2020-02-07,2020,NEW,True,MDM,2020-02-07 00:00:00,2026-04-17 15:58:34.160671
fbe9df09-90f0-4b64-8582-1eabf72360a7,CUST-2020-JP-000341,くみ子,小林,くみ子 小林,Male,1987-04-01,user561.apple@yahoo.com,090-5442-4510,255 鈴木 Street,八丈島八丈町,富津市,901-3464,JP,Japan,JAPAN,Japanese,Consumer,Platinum,2020-10-08,2020,NEW,True,MDM,2020-10-08 00:00:00,2026-04-17 15:58:34.160735
d035c404-5d86-479b-9d92-de2a3417c4e6,CUST-2020-JP-000342,春香,田中,春香 田中,Male,1989-06-20,user293.apple308@icloud.com,070-7723-2939,603 伊藤 Street,神津島村,山武郡九十九里町,755-4875,JP,Japan,JAPAN,Japanese,Education,Silver,2020-10-27,2020,NEW,True,MDM,2020-10-27 00:00:00,2026-04-17 15:58:34.160796
90c8d183-c473-485a-aa9e-d2d8eab241f0,CUST-2020-JP-000343,修平,岡田,修平 岡田,Male,1989-07-05,user921.apple@mail.com,080-8217-4936,879 石川 Street,横浜市港北区,立川市,223-1950,JP,Japan,JAPAN,Japanese,Consumer,None,2020-01-09,2020,NEW,True,MDM,2020-01-09 00:00:00,2026-04-17 15:58:34.160859
ee28dcfc-cdd7-4a06-8109-4977d8660877,CUST-2020-JP-000344,直樹,池田,直樹 池田,Male,1995-06-13,user126.apple@protonmail.com,090-3940-2130,283 佐々木 Street,東大和市,中央区,001-8469,JP,Japan,JAPAN,Japanese,Consumer,Gold,2020-06-22,2020,NEW,True,MDM,2020-06-22 00:00:00,2026-04-17 15:58:34.160999
986117f6-fdd3-4c88-840c-628ec1d27955,CUST-2020-JP-000345,涼平,中村,涼平 中村,Male,1975-12-23,user346.apple@icloud.com,090-8464-1616,544 高橋 Street,神津島村,国立市,387-9465,JP,Japan,JAPAN,Japanese,Consumer,Silver,2020-01-26,2020,NEW,True,MDM,2020-01-26 00:00:00,2026-04-17 15:58:34.161084
8b1a1f3a-4f5d-42e9-850d-8ab6e222a112,CUST-2020-JP-000346,明美,太田,明美 太田,Female,1953-05-03,user508.apple@live.com,080-9509-6457,333 木村 Street,鎌ケ谷市,横浜市瀬谷区,071-0866,JP,Japan,JAPAN,Japanese,Consumer,Gold,2020-03-02,2020,NEW,True,MDM,2020-03-02 00:00:00,2026-04-17 15:58:34.161148
b08ac09d-3129-4cac-9687-3fd8a01041fe,CUST-2020-JP-000347,加奈,田中,加奈 田中,Male,1959-10-26,user637.apple@hotmail.com,090-4106-9028,766 渡辺 Street,利島村,君津市,254-8000,JP,Japan,JAPAN,Japanese,Business,Platinum,2020-09-19,2020,NEW,True,MDM,2020-09-19 00:00:00,2026-04-17 15:58:34.161210
e0e8bf10-3294-4e0e-85ca-f356a0339b09,CUST-2020-JP-000348,裕美子,小川,裕美子 小川,Female,1974-10-15,user187.apple831@outlook.com,080-6574-6266,276 高橋 Street,香取郡多古町,川崎市宮前区,152-5368,JP,Japan,JAPAN,Japanese,Business,None,2020-08-11,2020,NEW,True,MDM,2020-08-11 00:00:00,2026-04-17 15:58:34.161270
f94b1e4e-02c1-4b81-ae8c-228f17640f49,CUST-2020-JP-000349,結衣,岡田,結衣 岡田,Male,2005-11-27,user697.apple@mail.com,090-1898-8153,292 加藤 Street,北区,荒川区,171-1120,JP,Japan,JAPAN,Japanese,Consumer,None,2020-04-13,2020,NEW,True,MDM,2020-04-13 00:00:00,2026-04-17 15:58:34.161328
b222e4f7-3b19-4719-84ae-bc34c343580b,CUST-2020-JP-000350,七夏,鈴木,七夏 鈴木,Female,1951-05-01,user768.apple@mail.com,080-4956-1549,829 前田 Street,四街道市,川崎市宮前区,064-9348,JP,Japan,JAPAN,Japanese,Consumer,None,2020-03-28,2020,NEW,True,MDM,2020-03-28 00:00:00,2026-04-17 15:58:34.161386
2c252ec9-659d-4f68-8791-8512f6a8ebfd,CUST-2020-JP-000351,裕樹,山田,裕樹 山田,Female,1984-08-31,user231.apple@msn.com,090-1588-8243,903 石井 Street,八千代市,長生郡長柄町,470-2190,JP,Japan,JAPAN,Japanese,Consumer,None,2020-09-23,2020,NEW,True,MDM,2020-09-23 00:00:00,2026-04-17 15:58:34.161443
43236296-9235-4dfa-bb81-f01465ada12c,CUST-2020-JP-000352,修平,木村,修平 木村,Female,1981-07-12,user717.apple@aol.com,080-4052-4926,745 村上 Street,横浜市港南区,横浜市神奈川区,800-2705,JP,Japan,JAPAN,Japanese,Consumer,None,2020-05-29,2020,NEW,True,MDM,2020-05-29 00:00:00,2026-04-17 15:58:34.161500
7a8f612f-9683-4ac2-ba71-a9474f8b7ad2,CUST-2020-JP-000353,英樹,山口,英樹 山口,Male,1983-06-19,user601.apple@outlook.com,72-9960-1230,940 山本 Street,川崎市川崎区,東久留米市,729-4384,JP,Japan,JAPAN,Japanese,Education,Gold,2020-12-03,2020,NEW,True,MDM,2020-12-03 00:00:00,2026-04-17 15:58:34.161560
ee8cda7c-8792-461b-9a54-e4b43de35313,CUST-2020-JP-000354,里佳,高橋,里佳 高橋,Male,2005-08-31,user271.apple@hotmail.com,070-9448-2005,598 藤井 Street,横浜市瀬谷区,青梅市,621-3050,JP,Japan,JAPAN,Japanese,Business,Silver,2020-04-08,2020,NEW,True,MDM,2020-04-08 00:00:00,2026-04-17 15:58:34.161617
938fb0ce-1589-4a96-a5c0-e648c6a6aced,CUST-2020-JP-000355,稔,山口,稔 山口,Male,1966-05-23,user441.apple@hotmail.com,090-5415-9616,032 斎藤 Street,神津島村,長生郡白子町,017-4663,JP,Japan,JAPAN,Japanese,Business,Silver,2020-11-24,2020,NEW,True,MDM,2020-11-24 00:00:00,2026-04-17 15:58:34.161762
0d0afb5c-c7d5-4e90-a921-4c89f6e4ac38,CUST-2020-JP-000356,桃子,鈴木,桃子 鈴木,Male,1987-12-01,user991.apple@msn.com,080-4461-2324,249 山田 Street,足立区,我孫子市,543-7417,JP,Japan,JAPAN,Japanese,Consumer,Gold,2020-02-21,2020,NEW,True,MDM,2020-02-21 00:00:00,2026-04-17 15:58:34.161833
9c7288c0-7862-45f4-93f7-6ef81d3042c3,CUST-2020-JP-000357,浩,山田,浩 山田,Female,1957-09-01,user117.apple628@msn.com,070-9498-0448,485 鈴木 Street,匝瑳市,印旛郡印旛村,817-1622,JP,Japan,JAPAN,Japanese,Consumer,Gold,2020-09-12,2020,NEW,True,MDM,2020-09-12 00:00:00,2026-04-17 15:58:34.161890
4da27ede-15a3-4938-b291-cbe325dad682,CUST-2020-JP-000358,康弘,岡本,康弘 岡本,Male,1984-07-26,user167.apple@mail.com,55-7739-0348,679 佐々木 Street,横浜市港北区,西多摩郡檜原村,915-8516,JP,Japan,JAPAN,Japanese,Consumer,None,2020-07-04,2020,NEW,True,MDM,2020-07-04 00:00:00,2026-04-17 15:58:34.161947
0d08d4d8-f7ec-414c-bc24-4e3e588fcf89,CUST-2020-JP-000359,幹,池田,幹 池田,Male,1955-08-29,user802.apple707@protonmail.com,090-0731-4348,103 太田 Street,川崎市多摩区,世田谷区,617-3664,JP,Japan,JAPAN,Japanese,Consumer,None,2020-01-20,2020,NEW,True,MDM,2020-01-20 00:00:00,2026-04-17 15:58:34.162004
15c8f70b-32e1-4cad-8683-9c8c45ce3e22,CUST-2020-JP-000360,聡太郎,山本,聡太郎 山本,Male,1990-02-03,user644.apple@icloud.com,090-8999-4141,744 藤井 Street,四街道市,墨田区,548-8124,JP,Japan,JAPAN,Japanese,Consumer,Gold,2020-09-02,2020,NEW,True,MDM,2020-09-02 00:00:00,2026-04-17 15:58:34.162067
ae5c0ec2-bc98-4995-ba7c-54b9278628a1,CUST-2020-JP-000361,修平,村上,修平 村上,Male,1950-05-29,user253.apple@mail.com,090-3053-0844,934 山口 Street,あきる野市,品川区,913-2874,JP,Japan,JAPAN,Japanese,Business,Platinum,2020-06-13,2020,NEW,True,MDM,2020-06-13 00:00:00,2026-04-17 15:58:34.162124
8f6e81e5-333d-4a0b-a66e-ad6073425726,CUST-2020-JP-000362,陽子,池田,陽子 池田,Female,1963-08-06,user102.apple@hotmail.com,070-5794-4995,815 田中 Street,八王子市,羽村市,633-4503,JP,Japan,JAPAN,Japanese,Consumer,Silver,2020-11-02,2020,NEW,True,MDM,2020-11-02 00:00:00,2026-04-17 15:58:34.162183
956bee08-669c-497c-b465-a8467b079f4b,CUST-2020-JP-000363,太一,阿部,太一 阿部,Male,1999-06-27,user800.apple265@gmail.com,070-9876-4571,246 岡田 Street,八千代市,目黒区,140-2970,JP,Japan,JAPAN,Japanese,Consumer,None,2020-10-05,2020,NEW,True,MDM,2020-10-05 00:00:00,2026-04-17 15:58:34.162239
e735b413-66ec-40cb-bb1f-d64c8551f116,CUST-2020-JP-000364,稔,斎藤,稔 斎藤,Male,1991-01-25,user481.apple@gmail.com,090-3003-5246,707 山本 Street,夷隅郡御宿町,富里市,149-4934,JP,Japan,JAPAN,Japanese,Consumer,None,2020-12-11,2020,NEW,True,MDM,2020-12-11 00:00:00,2026-04-17 15:58:34.162299
fc940e90-0cef-4c55-a66f-32b508cf29c9,CUST-2020-JP-000365,京助,橋本,京助 橋本,Female,2007-04-22,user597.apple771@live.com,090-6243-2208,243 岡田 Street,浦安市,印旛郡本埜村,957-6337,JP,Japan,JAPAN,Japanese,Consumer,None,2020-07-06,2020,NEW,True,MDM,2020-07-06 00:00:00,2026-04-17 15:58:34.162354
69ebe704-1204-4de7-bf3b-22a79643b1b7,CUST-2020-JP-000366,香織,斎藤,香織 斎藤,Male,2007-03-11,user995.apple@aol.com,070-4732-9061,340 小川 Street,三鷹市,大網白里市,451-8434,JP,Japan,JAPAN,Japanese,Consumer,None,2020-01-14,2020,NEW,False,MDM,2020-01-14 00:00:00,2026-04-17 15:58:34.162409
3e141353-2e53-4207-8cf6-90cc295e5f28,CUST-2020-JP-000367,和也,青木,和也 青木,Male,2006-04-11,user990.apple393@gmail.com,74-7142-1132,744 中村 Street,町田市,目黒区,850-1516,JP,Japan,JAPAN,Japanese,Consumer,Silver,2020-11-20,2020,NEW,True,MDM,2020-11-20 00:00:00,2026-04-17 15:58:34.162466
16c5189a-df82-47e6-ba2f-af0fd998aca3,CUST-2020-JP-000368,千代,小川,千代 小川,Female,1997-03-03,user338.apple640@hotmail.com,070-2672-9919,607 長谷川 Street,南房総市,狛江市,757-1071,JP,Japan,JAPAN,Japanese,Consumer,None,2020-03-14,2020,NEW,False,MDM,2020-03-14 00:00:00,2026-04-17 15:58:34.162523
bf7932e3-fc4c-4626-a147-8835f079205e,CUST-2020-JP-000369,陽子,木村,陽子 木村,Male,1972-08-13,user291.apple@live.com,080-6351-7549,997 岡本 Street,印旛郡本埜村,山武市,051-3114,JP,Japan,JAPAN,Japanese,Business,None,2020-06-10,2020,NEW,True,MDM,2020-06-10 00:00:00,2026-04-17 15:58:34.162578
efb457d3-15be-49fb-8e69-f40792f14ff3,CUST-2020-JP-000370,太郎,村上,太郎 村上,Female,1991-08-14,user176.apple@live.com,080-5805-6209,728 中村 Street,福生市,横浜市中区,283-2409,JP,Japan,JAPAN,Japanese,Consumer,Gold,2020-06-19,2020,NEW,True,MDM,2020-06-19 00:00:00,2026-04-17 15:58:34.162632
9c8d467e-ba68-4235-97c7-60cb20037d48,CUST-2020-JP-000371,裕樹,鈴木,裕樹 鈴木,Female,1950-10-02,user842.apple188@aol.com,080-8628-4017,932 伊藤 Street,安房郡鋸南町,香取郡東庄町,911-2590,JP,Japan,JAPAN,Japanese,Education,Silver,2020-05-05,2020,NEW,True,MDM,2020-05-05 00:00:00,2026-04-17 15:58:34.162688
2daa6d44-eb2c-4aa1-ba46-87aadf03c0a0,CUST-2020-JP-000372,稔,佐藤,稔 佐藤,Female,2004-10-11,user614.apple@yahoo.com,080-6614-1336,517 鈴木 Street,印旛郡本埜村,川崎市宮前区,572-3712,JP,Japan,JAPAN,Japanese,Consumer,Gold,2020-04-29,2020,NEW,True,MDM,2020-04-29 00:00:00,2026-04-17 15:58:34.162744
5caf48e4-f300-4d94-ac21-f6530311d968,CUST-2020-JP-000373,里佳,伊藤,里佳 伊藤,Female,1954-08-31,user866.apple228@hotmail.com,070-6210-6892,676 山田 Street,横浜市保土ケ谷区,横浜市青葉区,412-1068,JP,Japan,JAPAN,Japanese,Education,None,2020-07-15,2020,NEW,True,MDM,2020-07-15 00:00:00,2026-04-17 15:58:34.162799
2a96fa51-d3f1-448e-b0e8-c8ea5f947759,CUST-2020-JP-000374,七夏,松本,七夏 松本,Female,1961-06-13,user786.apple@yahoo.com,090-2449-5365,401 小林 Street,横浜市戸塚区,横浜市金沢区,003-4614,JP,Japan,JAPAN,Japanese,Consumer,None,2020-08-20,2020,NEW,True,MDM,2020-08-20 00:00:00,2026-04-17 15:58:34.162855
76a69b14-f61b-4f8b-91ce-df445324077c,CUST-2020-JP-000375,さゆり,山下,さゆり 山下,Male,1984-04-03,user488.apple@live.com,080-3479-4059,578 佐藤 Street,鎌ケ谷市,大網白里市,366-5612,JP,Japan,JAPAN,Japanese,Consumer,None,2020-03-06,2020,NEW,True,MDM,2020-03-06 00:00:00,2026-04-17 15:58:34.162910
2f35ec2e-7c02-42e2-871e-84b7e0cac334,CUST-2020-JP-000376,英樹,中村,英樹 中村,Female,1980-07-07,user624.apple@outlook.com,090-0148-7437,284 佐々木 Street,横浜市緑区,香取郡東庄町,398-8278,JP,Japan,JAPAN,Japanese,Consumer,None,2020-11-01,2020,NEW,True,MDM,2020-11-01 00:00:00,2026-04-17 15:58:34.162965
113b40dc-6d99-4cef-9f48-32ba5d5e0b50,CUST-2020-JP-000377,修平,山口,修平 山口,Female,1982-04-25,user638.apple@icloud.com,97-6497-9225,699 田中 Street,武蔵村山市,川崎市中原区,925-2711,JP,Japan,JAPAN,Japanese,Business,None,2020-03-22,2020,NEW,True,MDM,2020-03-22 00:00:00,2026-04-17 15:58:34.163103
18e6020a-4a93-476e-9287-6ba8fc7fd618,CUST-2020-JP-000378,太一,山田,太一 山田,Male,1998-04-13,user653.apple@msn.com,090-2576-8573,043 太田 Street,練馬区,八丈島八丈町,068-5898,JP,Japan,JAPAN,Japanese,Consumer,Platinum,2020-12-28,2020,NEW,True,MDM,2020-12-28 00:00:00,2026-04-17 15:58:34.163187
b27ab713-e06f-41ef-adf7-76a693ecfe84,CUST-2020-JP-000379,七夏,山本,七夏 山本,Female,1985-10-23,user210.apple@live.com,88-3410-6701,229 佐藤 Street,山武郡九十九里町,香取郡神崎町,357-9027,JP,Japan,JAPAN,Japanese,Consumer,None,2020-08-10,2020,NEW,True,MDM,2020-08-10 00:00:00,2026-04-17 15:58:34.163259
3814c27e-28a4-49e7-a062-f249bfa2ae6a,CUST-2020-JP-000380,淳,佐藤,淳 佐藤,Female,1975-09-27,user901.apple740@aol.com,090-6818-9033,852 斎藤 Street,山武郡九十九里町,あきる野市,122-0129,JP,Japan,JAPAN,Japanese,Business,None,2020-10-15,2020,NEW,True,MDM,2020-10-15 00:00:00,2026-04-17 15:58:34.163330
2b9165b9-cded-43da-b165-623e96ce1e90,CUST-2020-JP-000381,知実,山本,知実 山本,Female,1993-10-18,user444.apple@zoho.com,070-3861-9069,433 渡辺 Street,調布市,君津市,193-8403,JP,Japan,JAPAN,Japanese,Consumer,Gold,2020-11-15,2020,NEW,True,MDM,2020-11-15 00:00:00,2026-04-17 15:58:34.163393
e2ebe4a8-f5f6-45e2-8b69-b26ee4d0fd10,CUST-2020-JP-000382,智也,田中,智也 田中,Female,1957-08-26,user989.apple@msn.com,27-6544-7030,747 高橋 Street,香取郡多古町,多摩市,502-5799,JP,Japan,JAPAN,Japanese,Consumer,None,2020-05-03,2020,NEW,True,MDM,2020-05-03 00:00:00,2026-04-17 15:58:34.163456
225f8bd3-2e82-4998-9708-3fffb6451bf3,CUST-2020-JP-000383,春香,中村,春香 中村,Female,1970-01-31,user126.apple44@aol.com,080-2628-3503,350 小林 Street,横浜市金沢区,横浜市戸塚区,699-3303,JP,Japan,JAPAN,Japanese,Consumer,None,2020-09-28,2020,NEW,True,MDM,2020-09-28 00:00:00,2026-04-17 15:58:34.163520
683c3ae5-f9d5-4afa-a3a8-99f430334a96,CUST-2020-JP-000384,智也,鈴木,智也 鈴木,Female,1973-06-12,user600.apple@hotmail.com,47-8332-9436,723 清水 Street,練馬区,長生郡長生村,860-6105,JP,Japan,JAPAN,Japanese,Business,Platinum,2020-03-04,2020,NEW,True,MDM,2020-03-04 00:00:00,2026-04-17 15:58:34.163581
01b5d092-8231-4054-b385-d39a6b2fec6a,CUST-2020-JP-000385,知実,後藤,知実 後藤,Male,1996-11-18,user894.apple@zoho.com,080-0867-2038,201 渡辺 Street,府中市,羽村市,778-3824,JP,Japan,JAPAN,Japanese,Consumer,Gold,2020-12-04,2020,NEW,True,MDM,2020-12-04 00:00:00,2026-04-17 15:58:34.163646
5b910a08-414e-4d77-b598-4a404cb94fc7,CUST-2020-JP-000386,洋介,山下,洋介 山下,Female,1966-03-22,user571.apple@icloud.com,090-4081-2702,736 松本 Street,練馬区,我孫子市,472-2351,JP,Japan,JAPAN,Japanese,Consumer,Platinum,2020-07-31,2020,NEW,True,MDM,2020-07-31 00:00:00,2026-04-17 15:58:34.163707
f4d7b8e3-e394-4946-9aec-98d6612595b8,CUST-2020-JP-000387,加奈,中島,加奈 中島,Male,1981-06-24,user942.apple@mail.com,080-9688-9376,993 田中 Street,西多摩郡奥多摩町,町田市,226-3784,JP,Japan,JAPAN,Japanese,Business,None,2020-06-04,2020,NEW,True,MDM,2020-06-04 00:00:00,2026-04-17 15:58:34.163776
2c156a69-75ee-4f79-bd4a-e83aaff3b7aa,CUST-2020-JP-000388,裕美子,鈴木,裕美子 鈴木,Male,1970-11-13,user467.apple@outlook.com,090-2351-5663,618 清水 Street,川崎市川崎区,香取郡神崎町,212-5940,JP,Japan,JAPAN,Japanese,Consumer,Silver,2020-10-27,2020,NEW,True,MDM,2020-10-27 00:00:00,2026-04-17 15:58:34.163841
9d8302cb-b5a2-4f64-9217-dc4220760f83,CUST-2020-JP-000389,健一,井上,健一 井上,Female,1959-01-03,user601.apple99@gmx.com,090-3746-2139,439 山田 Street,荒川区,三宅島三宅村,533-1764,JP,Japan,JAPAN,Japanese,Consumer,Silver,2020-10-23,2020,NEW,True,MDM,2020-10-23 00:00:00,2026-04-17 15:58:34.163906
46680ec9-3048-4c6c-8516-023e4273f4cd,CUST-2020-JP-000390,結衣,村上,結衣 村上,Male,1955-12-22,user755.apple@aol.com,090-9882-7464,816 佐藤 Street,横浜市緑区,西多摩郡瑞穂町,518-7206,JP,Japan,JAPAN,Japanese,Consumer,Silver,2020-04-12,2020,NEW,True,MDM,2020-04-12 00:00:00,2026-04-17 15:58:34.163973
3235956b-f314-473a-80c9-2ab722335eb0,CUST-2020-JP-000391,洋介,佐々木,洋介 佐々木,Male,1981-08-16,user847.apple@icloud.com,070-9748-3434,795 伊藤 Street,横浜市港南区,西多摩郡檜原村,174-4067,JP,Japan,JAPAN,Japanese,Consumer,None,2020-01-07,2020,NEW,True,MDM,2020-01-07 00:00:00,2026-04-17 15:58:34.164034
cdcc573a-4bb5-433a-84a1-77316e4d0999,CUST-2020-JP-000392,翼,鈴木,翼 鈴木,Male,1952-02-09,user734.apple@yahoo.com,070-5343-4224,453 山本 Street,横浜市保土ケ谷区,富津市,422-7339,JP,Japan,JAPAN,Japanese,Consumer,Platinum,2020-11-17,2020,NEW,True,MDM,2020-11-17 00:00:00,2026-04-17 15:58:34.164092
6ba23028-06f6-40af-a152-5dcf3cabcf55,CUST-2020-JP-000393,太一,加藤,太一 加藤,Male,2005-11-25,user983.apple@zoho.com,58-3490-5030,874 清水 Street,国立市,印旛郡栄町,463-1956,JP,Japan,JAPAN,Japanese,Business,None,2020-08-30,2020,NEW,True,MDM,2020-08-30 00:00:00,2026-04-17 15:58:34.164152
795cd84e-a0da-46db-af04-10187f9ce390,CUST-2020-JP-000394,直樹,松本,直樹 松本,Female,2005-02-05,user975.apple@mail.com,070-9686-1528,555 佐藤 Street,台東区,長生郡一宮町,217-9719,JP,Japan,JAPAN,Japanese,Consumer,None,2020-10-03,2020,NEW,True,MDM,2020-10-03 00:00:00,2026-04-17 15:58:34.164217
1388f4de-c1fe-4ae5-bdbc-7c7d16c7b34d,CUST-2020-JP-000395,結衣,近藤,結衣 近藤,Male,1955-10-22,user655.apple670@live.com,090-5962-2427,140 長谷川 Street,御蔵島村,印西市,156-9751,JP,Japan,JAPAN,Japanese,Business,Silver,2020-02-26,2020,NEW,True,MDM,2020-02-26 00:00:00,2026-04-17 15:58:34.164277
f860bc7f-824d-4834-a113-9cda780f4721,CUST-2020-JP-000396,聡太郎,斉藤,聡太郎 斉藤,Female,1951-10-26,user221.apple@hotmail.com,43-8417-3734,498 井上 Street,立川市,長生郡長南町,789-1295,JP,Japan,JAPAN,Japanese,Consumer,Silver,2020-06-19,2020,NEW,True,MDM,2020-06-19 00:00:00,2026-04-17 15:58:34.164343
9ae89477-a4a2-4a0b-aa88-ac0a936c53aa,CUST-2020-JP-000397,太一,青木,太一 青木,Female,1998-12-22,user643.apple447@outlook.com,080-6452-6813,216 高橋 Street,八王子市,川崎市川崎区,944-1616,JP,Japan,JAPAN,Japanese,Consumer,Silver,2020-02-07,2020,NEW,True,MDM,2020-02-07 00:00:00,2026-04-17 15:58:34.164405
baac3af7-af0d-492f-83d2-30150afe58d5,CUST-2020-JP-000398,あすか,村上,あすか 村上,Male,1980-08-08,user520.apple@outlook.com,070-8788-5605,198 加藤 Street,練馬区,新島村,233-4502,JP,Japan,JAPAN,Japanese,Consumer,None,2020-12-09,2020,NEW,True,MDM,2020-12-09 00:00:00,2026-04-17 15:58:34.164469
9ed9d591-4f43-4bf9-8424-8d679a3d899d,CUST-2020-JP-000399,春香,高橋,春香 高橋,Female,1954-07-25,user725.apple295@gmx.com,080-7042-0977,996 阿部 Street,新宿区,長生郡一宮町,148-0520,JP,Japan,JAPAN,Japanese,Business,None,2020-07-28,2020,NEW,True,MDM,2020-07-28 00:00:00,2026-04-17 15:58:34.164527
8a68a20a-bd81-4cbd-9dd5-ca3cf8a5fcd1,CUST-2020-JP-000400,洋介,佐藤,洋介 佐藤,Female,1995-08-13,user750.apple@msn.com,070-1612-8192,016 山本 Street,山武市,印旛郡本埜村,700-5776,JP,Japan,JAPAN,Japanese,Consumer,None,2020-10-06,2020,NEW,True,MDM,2020-10-06 00:00:00,2026-04-17 15:58:34.164585
75bbc5a1-0f15-418a-b106-b31f9f41ef5b,CUST-2020-JP-000401,陽子,斎藤,陽子 斎藤,Female,1979-05-12,user806.apple@protonmail.com,89-7453-6105,244 近藤 Street,印西市,長生郡睦沢町,567-3091,JP,Japan,JAPAN,Japanese,Consumer,None,2020-06-19,2020,NEW,True,MDM,2020-06-19 00:00:00,2026-04-17 15:58:34.164644
fd5f73df-2b76-4d08-80d6-ddb6079a7695,CUST-2020-JP-000402,里佳,橋本,里佳 橋本,Female,1993-02-13,user305.apple@gmail.com,070-1149-3248,016 佐藤 Street,江戸川区,印旛郡本埜村,782-9993,JP,Japan,JAPAN,Japanese,Business,None,2020-10-11,2020,NEW,True,MDM,2020-10-11 00:00:00,2026-04-17 15:58:34.164705
272efe6b-f6bf-448a-8c7c-f24fff30b83c,CUST-2020-JP-000403,英樹,西村,英樹 西村,Male,1966-08-17,user922.apple@live.com,090-8360-4888,572 鈴木 Street,西多摩郡奥多摩町,山武郡芝山町,195-9345,JP,Japan,JAPAN,Japanese,Consumer,Silver,2020-01-29,2020,NEW,True,MDM,2020-01-29 00:00:00,2026-04-17 15:58:34.164768
a977b2f0-8f61-4f8b-96a6-ace758fef648,CUST-2020-JP-000404,修平,小林,修平 小林,Male,1969-01-14,user905.apple@msn.com,31-9743-8758,872 西村 Street,夷隅郡御宿町,国立市,200-0603,JP,Japan,JAPAN,Japanese,Consumer,Silver,2020-04-30,2020,NEW,False,MDM,2020-04-30 00:00:00,2026-04-17 15:58:34.164830
d78f33ae-376e-4411-9196-54270bdcaa5a,CUST-2020-JP-000405,真綾,渡辺,真綾 渡辺,Female,1969-01-03,user754.apple@mail.com,090-0044-3137,635 吉田 Street,印旛郡印旛村,御蔵島村,183-5778,JP,Japan,JAPAN,Japanese,Consumer,Silver,2020-09-27,2020,NEW,True,MDM,2020-09-27 00:00:00,2026-04-17 15:58:34.164889
f7a40385-4d13-467a-8708-d7a868f2dfc5,CUST-2020-JP-000406,陽子,山口,陽子 山口,Female,1982-07-04,user122.apple@mail.com,070-2217-9831,815 村上 Street,八千代市,昭島市,383-6363,JP,Japan,JAPAN,Japanese,Consumer,Silver,2020-08-04,2020,NEW,True,MDM,2020-08-04 00:00:00,2026-04-17 15:58:34.164950
704fdffd-6188-4c4d-9fc9-d1e385df54a4,CUST-2020-JP-000407,零,山口,零 山口,Female,1967-07-30,user947.apple396@gmail.com,080-5091-3667,576 中島 Street,利島村,長生郡白子町,687-1978,JP,Japan,JAPAN,Japanese,Consumer,Gold,2020-02-04,2020,NEW,True,MDM,2020-02-04 00:00:00,2026-04-17 15:58:34.165010
65ebfa80-facc-4ff8-b0f4-d93124fe5a72,CUST-2020-JP-000408,さゆり,阿部,さゆり 阿部,Female,2001-12-15,user134.apple@gmx.com,56-8997-2688,501 清水 Street,武蔵野市,川崎市宮前区,179-7474,JP,Japan,JAPAN,Japanese,Consumer,Gold,2020-10-31,2020,NEW,True,MDM,2020-10-31 00:00:00,2026-04-17 15:58:34.165073
a1dd503d-8c3d-4ea4-bdee-c13c82d8b767,CUST-2020-JP-000409,零,山本,零 山本,Female,1993-01-22,user764.apple418@hotmail.com,090-6016-4435,901 近藤 Street,袖ケ浦市,東村山市,261-2925,JP,Japan,JAPAN,Japanese,Consumer,None,2020-11-23,2020,NEW,True,MDM,2020-11-23 00:00:00,2026-04-17 15:58:34.165136
3dad6679-26e4-4b26-88d4-2155bc7dbeda,CUST-2020-JP-000410,直子,中村,直子 中村,Female,1963-01-15,user444.apple699@yahoo.com,070-7452-7283,587 渡辺 Street,長生郡白子町,山武郡横芝光町,483-4115,JP,Japan,JAPAN,Japanese,Consumer,Platinum,2020-06-26,2020,NEW,True,MDM,2020-06-26 00:00:00,2026-04-17 15:58:34.165199
dcd74b53-2dcc-4247-a013-5f37e74e618a,CUST-2020-JP-000411,里佳,山田,里佳 山田,Male,1951-11-02,user392.apple@yahoo.com,090-4940-6549,552 阿部 Street,府中市,台東区,404-0030,JP,Japan,JAPAN,Japanese,Consumer,None,2020-02-05,2020,NEW,True,MDM,2020-02-05 00:00:00,2026-04-17 15:58:34.165263
32915abe-16d7-4330-a875-e69f5efc4275,CUST-2020-JP-000412,直樹,中村,直樹 中村,Male,1972-08-15,user500.apple475@mail.com,68-1871-3521,784 中村 Street,君津市,青ヶ島村,031-8583,JP,Japan,JAPAN,Japanese,Consumer,Platinum,2020-10-30,2020,NEW,True,MDM,2020-10-30 00:00:00,2026-04-17 15:58:34.165324
6e565b02-aa69-4abf-83c0-f6054ce7a475,CUST-2020-JP-000413,和也,鈴木,和也 鈴木,Male,1960-10-11,user627.apple@zoho.com,090-6194-3862,720 佐藤 Street,長生郡睦沢町,西多摩郡日の出町,396-9796,JP,Japan,JAPAN,Japanese,Education,Gold,2020-02-19,2020,NEW,True,MDM,2020-02-19 00:00:00,2026-04-17 15:58:34.165388
6058b8c1-564d-4c79-aab2-cd72534913f6,CUST-2020-JP-000414,里佳,藤原,里佳 藤原,Female,1955-02-28,user494.apple@yahoo.com,070-3523-1546,875 渡辺 Street,鴨川市,長生郡長生村,872-6439,JP,Japan,JAPAN,Japanese,Education,None,2020-11-09,2020,NEW,True,MDM,2020-11-09 00:00:00,2026-04-17 15:58:34.165450
5e6ad568-2178-4afb-ad1e-d55038fac295,CUST-2020-JP-000415,治,加藤,治 加藤,Male,1997-06-30,user657.apple@hotmail.com,070-4200-8424,592 加藤 Street,荒川区,我孫子市,326-4368,JP,Japan,JAPAN,Japanese,Consumer,None,2020-01-19,2020,NEW,True,MDM,2020-01-19 00:00:00,2026-04-17 15:58:34.165510
f973101e-df57-432d-afca-8dacbb0dc66b,CUST-2020-JP-000416,晃,鈴木,晃 鈴木,Male,1994-11-26,user640.apple@zoho.com,090-5437-6562,458 渡辺 Street,三鷹市,葛飾区,967-4101,JP,Japan,JAPAN,Japanese,Consumer,Silver,2020-01-26,2020,NEW,True,MDM,2020-01-26 00:00:00,2026-04-17 15:58:34.165571
f4c586e4-ff95-4af1-a3f5-a22c14706a0a,CUST-2020-JP-000417,直人,佐藤,直人 佐藤,Female,1957-05-02,user557.apple@hotmail.com,070-5071-3317,754 林 Street,横浜市磯子区,多摩市,362-7611,JP,Japan,JAPAN,Japanese,Education,None,2020-08-13,2020,NEW,True,MDM,2020-08-13 00:00:00,2026-04-17 15:58:34.165632
ef2bb0a1-e831-49ad-bf46-99cb5faf046a,CUST-2020-JP-000418,翔太,池田,翔太 池田,Male,1998-01-22,user763.apple@gmx.com,080-9153-0192,020 高橋 Street,神津島村,稲城市,219-4099,JP,Japan,JAPAN,Japanese,Consumer,Silver,2020-12-17,2020,NEW,True,MDM,2020-12-17 00:00:00,2026-04-17 15:58:34.165692
705e9b17-9304-40e0-90b8-e3055ae5f282,CUST-2020-JP-000419,太一,小林,太一 小林,Female,1950-11-22,user428.apple285@icloud.com,090-6658-1706,070 佐藤 Street,調布市,横浜市都筑区,924-5575,JP,Japan,JAPAN,Japanese,Consumer,Gold,2020-10-02,2020,NEW,True,MDM,2020-10-02 00:00:00,2026-04-17 15:58:34.165750
de35140b-fdf8-46d3-8881-433469a5e2a2,CUST-2020-JP-000420,真綾,鈴木,真綾 鈴木,Female,1977-04-26,user783.apple@yahoo.com,080-8539-7077,916 斉藤 Street,台東区,杉並区,996-0396,JP,Japan,JAPAN,Japanese,Consumer,Silver,2020-06-25,2020,NEW,True,MDM,2020-06-25 00:00:00,2026-04-17 15:58:34.165813
fbe5d70b-9d12-46d6-8186-aa503f35626b,CUST-2020-JP-000421,翔太,田中,翔太 田中,Male,1986-12-10,user852.apple@gmail.com,080-4937-6390,259 松本 Street,東村山市,文京区,142-3766,JP,Japan,JAPAN,Japanese,Consumer,Silver,2020-05-08,2020,NEW,True,MDM,2020-05-08 00:00:00,2026-04-17 15:58:34.165875
fc2ed1a0-d918-4dfa-be90-7573d3f38d22,CUST-2020-JP-000422,洋介,吉田,洋介 吉田,Male,1984-03-03,user142.apple@live.com,86-0574-4953,665 山本 Street,西多摩郡檜原村,横浜市青葉区,990-3351,JP,Japan,JAPAN,Japanese,Consumer,Platinum,2020-03-06,2020,NEW,True,MDM,2020-03-06 00:00:00,2026-04-17 15:58:34.165933
f85364ec-d3d1-443a-92b1-fd0dae3a1826,CUST-2020-JP-000423,加奈,中島,加奈 中島,Female,1969-09-14,user254.apple@gmx.com,090-1202-9939,996 中村 Street,清瀬市,東大和市,265-9631,JP,Japan,JAPAN,Japanese,Business,None,2020-02-01,2020,NEW,True,MDM,2020-02-01 00:00:00,2026-04-17 15:58:34.165990
c26137d1-70e2-4531-bd19-8808268046c7,CUST-2020-JP-000424,拓真,高橋,拓真 高橋,Female,1961-01-10,user118.apple629@msn.com,080-6975-0572,753 山下 Street,川崎市多摩区,大田区,497-1761,JP,Japan,JAPAN,Japanese,Education,None,2020-09-23,2020,NEW,True,MDM,2020-09-23 00:00:00,2026-04-17 15:58:34.166054
08388e23-af36-4226-bf69-12fba3d0fe2c,CUST-2020-JP-000425,和也,渡辺,和也 渡辺,Male,1954-08-29,user699.apple@live.com,13-1846-4428,912 斉藤 Street,神津島村,横浜市南区,528-8242,JP,Japan,JAPAN,Japanese,Consumer,None,2020-09-10,2020,NEW,True,MDM,2020-09-10 00:00:00,2026-04-17 15:58:34.166118
59de86a7-e46d-44ba-b41a-427c0df6ecd1,CUST-2020-JP-000426,健一,加藤,健一 加藤,Female,1975-08-11,user400.apple@gmail.com,080-1991-0587,035 伊藤 Street,新島村,福生市,701-5629,JP,Japan,JAPAN,Japanese,Consumer,None,2020-08-28,2020,NEW,True,MDM,2020-08-28 00:00:00,2026-04-17 15:58:34.166175
f61d82e7-0530-4c55-ad53-1723da852129,CUST-2020-JP-000427,智也,加藤,智也 加藤,Female,1958-09-12,user337.apple112@yahoo.com,090-5870-6063,852 青木 Street,いすみ市,長生郡長南町,068-4913,JP,Japan,JAPAN,Japanese,Consumer,Silver,2020-09-12,2020,NEW,True,MDM,2020-09-12 00:00:00,2026-04-17 15:58:34.166302
994472ea-7c9f-42c2-b3e0-3b62cc53b388,CUST-2020-JP-000428,翼,斉藤,翼 斉藤,Male,2005-03-25,user167.apple@yahoo.com,25-5172-4122,695 森 Street,練馬区,西多摩郡日の出町,290-8674,JP,Japan,JAPAN,Japanese,Consumer,Silver,2020-08-27,2020,NEW,True,MDM,2020-08-27 00:00:00,2026-04-17 15:58:34.166382
3b41977f-c552-4072-adf3-11fc2bf3ce1b,CUST-2020-JP-000429,零,鈴木,零 鈴木,Female,1954-08-14,user815.apple@msn.com,090-9428-9506,145 山下 Street,我孫子市,港区,873-1519,JP,Japan,JAPAN,Japanese,Business,None,2020-10-02,2020,NEW,True,MDM,2020-10-02 00:00:00,2026-04-17 15:58:34.166438
e6b68f27-ad16-443d-bfea-5afe9ae4819e,CUST-2020-JP-000430,知実,中村,知実 中村,Female,1974-06-14,user724.apple@gmx.com,090-9780-1895,563 石川 Street,鴨川市,横浜市旭区,834-1891,JP,Japan,JAPAN,Japanese,Consumer,Gold,2020-08-22,2020,NEW,True,MDM,2020-08-22 00:00:00,2026-04-17 15:58:34.166493
62f7ed23-d31d-4771-8c56-21818d3c0d75,CUST-2020-JP-000431,明美,加藤,明美 加藤,Male,1964-09-10,user477.apple@gmx.com,56-0826-5934,816 伊藤 Street,八千代市,匝瑳市,900-4684,JP,Japan,JAPAN,Japanese,Consumer,None,2020-12-28,2020,NEW,True,MDM,2020-12-28 00:00:00,2026-04-17 15:58:34.166551
0e383482-cb1e-4549-b0f3-401a8e1c52d2,CUST-2020-JP-000432,翔太,山本,翔太 山本,Female,1999-06-15,user286.apple@msn.com,13-5725-1982,038 遠藤 Street,清瀬市,横浜市南区,769-7100,JP,Japan,JAPAN,Japanese,Education,None,2020-10-10,2020,NEW,True,MDM,2020-10-10 00:00:00,2026-04-17 15:58:34.166606
3b4a1882-24c3-4dc0-a8b6-53d19db828c6,CUST-2020-JP-000433,陽一,佐藤,陽一 佐藤,Male,1954-10-22,user994.apple@mail.com,89-5256-6027,384 佐藤 Street,横浜市保土ケ谷区,山武市,512-5482,JP,Japan,JAPAN,Japanese,Consumer,Gold,2020-10-30,2020,NEW,True,MDM,2020-10-30 00:00:00,2026-04-17 15:58:34.166662
9713df38-4022-4fd5-b227-1d5d090895b9,CUST-2020-JP-000434,直子,小林,直子 小林,Male,1996-11-10,user871.apple@zoho.com,090-1642-0553,676 小川 Street,袖ケ浦市,香取郡神崎町,554-7969,JP,Japan,JAPAN,Japanese,Business,Silver,2020-03-26,2020,NEW,True,MDM,2020-03-26 00:00:00,2026-04-17 15:58:34.166718
11060d16-6b76-4894-986d-eabd889f2261,CUST-2020-JP-000435,舞,佐藤,舞 佐藤,Female,1966-04-05,user162.apple@msn.com,080-1125-9118,378 青木 Street,東久留米市,杉並区,625-0609,JP,Japan,JAPAN,Japanese,Business,None,2020-06-21,2020,NEW,True,MDM,2020-06-21 00:00:00,2026-04-17 15:58:34.166773
9f789286-d5fa-4734-b6dd-7260e54395d3,CUST-2020-JP-000436,さゆり,高橋,さゆり 高橋,Male,1977-01-22,user960.apple@gmx.com,49-2779-5494,772 中村 Street,世田谷区,三宅島三宅村,273-3940,JP,Japan,JAPAN,Japanese,Consumer,Gold,2020-12-02,2020,NEW,True,MDM,2020-12-02 00:00:00,2026-04-17 15:58:34.166831
6b6aeebd-3046-4c41-ba2f-cb183307a167,CUST-2020-JP-000437,翔太,小林,翔太 小林,Female,1952-04-23,user186.apple861@hotmail.com,080-2835-7602,427 山田 Street,匝瑳市,長生郡長柄町,597-7258,JP,Japan,JAPAN,Japanese,Consumer,None,2020-11-21,2020,NEW,False,MDM,2020-11-21 00:00:00,2026-04-17 15:58:34.166889
32bce21d-1a8e-422d-a476-4381e76ae0a2,CUST-2020-JP-000438,明美,太田,明美 太田,Male,1958-12-07,user151.apple387@gmx.com,090-3536-1735,446 藤田 Street,横浜市保土ケ谷区,新島村,937-1652,JP,Japan,JAPAN,Japanese,Consumer,None,2020-01-28,2020,NEW,True,MDM,2020-01-28 00:00:00,2026-04-17 15:58:34.166945
738a9cd0-de1a-4d3d-b74a-2f05b3b40eda,CUST-2020-JP-000439,春香,中川,春香 中川,Male,1987-07-20,user278.apple@outlook.com,39-6616-1209,289 山本 Street,富里市,山武郡芝山町,847-5997,JP,Japan,JAPAN,Japanese,Consumer,Silver,2020-11-09,2020,NEW,True,MDM,2020-11-09 00:00:00,2026-04-17 15:58:34.167001
414af02e-a61d-4ad9-bfa6-1c362ab5717d,CUST-2020-JP-000440,亮介,坂本,亮介 坂本,Female,1994-02-15,user888.apple@gmx.com,070-9720-8977,172 斉藤 Street,川崎市川崎区,東久留米市,786-2327,JP,Japan,JAPAN,Japanese,Consumer,None,2020-12-02,2020,NEW,True,MDM,2020-12-02 00:00:00,2026-04-17 15:58:34.167056
1db71029-a5ea-4f3f-8daf-ac2a3e98396c,CUST-2020-JP-000441,裕美子,渡辺,裕美子 渡辺,Female,1994-05-12,user439.apple@mail.com,96-5723-5915,121 山本 Street,品川区,豊島区,274-9694,JP,Japan,JAPAN,Japanese,Consumer,None,2020-12-04,2020,NEW,True,MDM,2020-12-04 00:00:00,2026-04-17 15:58:34.167112
02d312b6-cb0b-4eee-92f9-68236fb61cdc,CUST-2020-JP-000442,陽一,中村,陽一 中村,Male,2000-06-11,user188.apple@msn.com,080-5280-2313,265 佐藤 Street,西多摩郡檜原村,横浜市泉区,083-5802,JP,Japan,JAPAN,Japanese,Education,None,2020-05-27,2020,NEW,True,MDM,2020-05-27 00:00:00,2026-04-17 15:58:34.167168
2109e582-ea89-4122-9927-d19589ecacf8,CUST-2020-JP-000443,真綾,斉藤,真綾 斉藤,Female,1971-02-10,user845.apple@hotmail.com,090-9188-1768,532 井上 Street,長生郡睦沢町,川崎市幸区,733-7734,JP,Japan,JAPAN,Japanese,Consumer,None,2020-10-15,2020,NEW,True,MDM,2020-10-15 00:00:00,2026-04-17 15:58:34.167223
b8835513-2095-4593-a4b9-e2835ee094c4,CUST-2020-JP-000444,直子,高橋,直子 高橋,Female,1967-01-31,user421.apple@aol.com,090-8330-5371,576 鈴木 Street,川崎市幸区,横浜市栄区,419-8595,JP,Japan,JAPAN,Japanese,Business,None,2020-08-22,2020,NEW,True,MDM,2020-08-22 00:00:00,2026-04-17 15:58:34.167278
a8540463-fb00-432b-82c6-ba9675b5649c,CUST-2020-JP-000445,康弘,西村,康弘 西村,Female,2003-02-18,user633.apple29@gmx.com,070-4152-1634,191 阿部 Street,武蔵村山市,鎌ケ谷市,049-3081,JP,Japan,JAPAN,Japanese,Consumer,None,2020-05-01,2020,NEW,True,MDM,2020-05-01 00:00:00,2026-04-17 15:58:34.167333
73066839-593e-47a1-b4f0-5ed76cad2497,CUST-2020-JP-000446,修平,斉藤,修平 斉藤,Female,1992-11-08,user803.apple207@msn.com,65-0602-2421,347 山田 Street,八千代市,江東区,852-2777,JP,Japan,JAPAN,Japanese,Consumer,Silver,2020-01-02,2020,NEW,True,MDM,2020-01-02 00:00:00,2026-04-17 15:58:34.167389
513ad134-2135-4a7e-8d1a-a42e90e3a7e2,CUST-2020-JP-000447,太一,後藤,太一 後藤,Female,2005-03-27,user924.apple@msn.com,080-7725-9837,644 松田 Street,荒川区,北区,559-9381,JP,Japan,JAPAN,Japanese,Consumer,Gold,2020-05-16,2020,NEW,True,MDM,2020-05-16 00:00:00,2026-04-17 15:58:34.167444
b3c04c59-66ba-40b9-b25d-7418b83ca3df,CUST-2020-JP-000448,充,中村,充 中村,Male,2003-06-16,user487.apple@aol.com,070-2971-4719,327 渡辺 Street,夷隅郡大多喜町,長生郡睦沢町,405-5269,JP,Japan,JAPAN,Japanese,Consumer,None,2020-12-07,2020,NEW,True,MDM,2020-12-07 00:00:00,2026-04-17 15:58:34.167502
f5767950-f183-47ae-b1ad-4ae9cd683797,CUST-2020-JP-000449,舞,村上,舞 村上,Female,1988-12-24,user210.apple@live.com,080-7952-9584,742 斎藤 Street,御蔵島村,小平市,624-8089,JP,Japan,JAPAN,Japanese,Consumer,Gold,2020-10-22,2020,NEW,True,MDM,2020-10-22 00:00:00,2026-04-17 15:58:34.167556
79fa1075-a95c-437d-b345-4da0bc77fb2a,CUST-2020-JP-000450,陽子,山崎,陽子 山崎,Male,1987-08-29,user830.apple59@gmx.com,070-8188-3242,777 森 Street,大島町,袖ケ浦市,766-3798,JP,Japan,JAPAN,Japanese,Consumer,Silver,2020-06-09,2020,NEW,True,MDM,2020-06-09 00:00:00,2026-04-17 15:58:34.167612
0fd705f3-fe0e-4ffe-b732-9458b67c90b6,CUST-2020-JP-000451,淳,佐藤,淳 佐藤,Male,1968-04-15,user143.apple@zoho.com,23-7655-6687,950 西村 Street,香取郡多古町,長生郡睦沢町,130-1951,JP,Japan,JAPAN,Japanese,Consumer,Silver,2020-09-18,2020,NEW,True,MDM,2020-09-18 00:00:00,2026-04-17 15:58:34.167668
cdb80a46-8a7b-4bcb-9ea0-5228fa5b08de,CUST-2020-JP-000452,陽一,太田,陽一 太田,Female,1969-11-24,user800.apple385@mail.com,090-2685-5654,372 山田 Street,東久留米市,横浜市旭区,218-9066,JP,Japan,JAPAN,Japanese,Consumer,None,2020-12-25,2020,NEW,True,MDM,2020-12-25 00:00:00,2026-04-17 15:58:34.167723
ed3badc9-f49e-4fd7-9add-e488f6cf428c,CUST-2020-JP-000453,聡太郎,村上,聡太郎 村上,Female,1998-07-11,user568.apple867@yahoo.com,39-8917-7912,138 中川 Street,東久留米市,あきる野市,587-4640,JP,Japan,JAPAN,Japanese,Business,Gold,2020-06-22,2020,NEW,True,MDM,2020-06-22 00:00:00,2026-04-17 15:58:34.167780
cdc71502-db0a-42a6-8651-c09069729dc4,CUST-2020-JP-000454,浩,鈴木,浩 鈴木,Female,1979-06-22,user734.apple758@live.com,080-4708-0636,735 近藤 Street,鴨川市,世田谷区,839-7678,JP,Japan,JAPAN,Japanese,Consumer,None,2020-03-30,2020,NEW,True,MDM,2020-03-30 00:00:00,2026-04-17 15:58:34.167835
6774cb48-6fff-4d65-b327-c43708aa973b,CUST-2020-JP-000455,洋介,鈴木,洋介 鈴木,Female,2002-10-17,user109.apple@protonmail.com,070-0068-9545,760 伊藤 Street,南房総市,横浜市西区,061-1240,JP,Japan,JAPAN,Japanese,Consumer,Silver,2020-12-05,2020,NEW,True,MDM,2020-12-05 00:00:00,2026-04-17 15:58:34.167891
eee34ede-5450-4022-aa9a-55d352b3da94,CUST-2020-JP-000456,淳,中川,淳 中川,Female,2007-11-26,user535.apple@gmail.com,070-9307-9438,192 阿部 Street,横浜市南区,渋谷区,260-5255,JP,Japan,JAPAN,Japanese,Consumer,Platinum,2020-05-03,2020,NEW,True,MDM,2020-05-03 00:00:00,2026-04-17 15:58:34.167945
517e2fd6-fe32-4688-bbd8-12ccc6c63b82,CUST-2020-JP-000457,知実,佐々木,知実 佐々木,Female,1977-08-28,user826.apple943@gmx.com,17-9431-1406,412 坂本 Street,杉並区,江東区,983-4545,JP,Japan,JAPAN,Japanese,Consumer,None,2020-01-25,2020,NEW,True,MDM,2020-01-25 00:00:00,2026-04-17 15:58:34.168002
0e8a231c-814d-4b6c-8071-598c8459e844,CUST-2020-JP-000458,裕美子,伊藤,裕美子 伊藤,Male,1969-01-07,user285.apple@yahoo.com,070-1159-6302,397 伊藤 Street,長生郡長柄町,川崎市高津区,622-7267,JP,Japan,JAPAN,Japanese,Business,Platinum,2020-05-29,2020,NEW,True,MDM,2020-05-29 00:00:00,2026-04-17 15:58:34.168057
9e6b1987-6efe-4896-b420-fa8257650411,CUST-2020-JP-000459,拓真,山田,拓真 山田,Female,1976-08-17,user372.apple67@protonmail.com,54-9755-4442,939 吉田 Street,練馬区,鎌ケ谷市,421-9363,JP,Japan,JAPAN,Japanese,Consumer,Silver,2020-06-28,2020,NEW,True,MDM,2020-06-28 00:00:00,2026-04-17 15:58:34.168114
63870463-e194-424e-9b82-9c6f180ce024,CUST-2020-JP-000460,和也,渡辺,和也 渡辺,Male,1951-12-17,user167.apple@icloud.com,070-5139-5139,763 山下 Street,神津島村,横浜市緑区,998-3020,JP,Japan,JAPAN,Japanese,Consumer,None,2020-06-23,2020,NEW,True,MDM,2020-06-23 00:00:00,2026-04-17 15:58:34.168169
103db029-adca-4f37-92cd-ead995133c86,CUST-2020-JP-000461,健一,伊藤,健一 伊藤,Female,1981-11-23,user410.apple@yahoo.com,59-8109-1702,714 山崎 Street,小平市,鴨川市,119-9566,JP,Japan,JAPAN,Japanese,Business,Silver,2020-05-06,2020,NEW,True,MDM,2020-05-06 00:00:00,2026-04-17 15:58:34.168225
7fb6c467-988d-4605-bc48-3b7629e09e78,CUST-2020-JP-000462,七夏,高橋,七夏 高橋,Female,1956-02-08,user549.apple@mail.com,78-7849-5076,448 高橋 Street,世田谷区,浦安市,847-3619,JP,Japan,JAPAN,Japanese,Consumer,None,2020-10-03,2020,NEW,True,MDM,2020-10-03 00:00:00,2026-04-17 15:58:34.168283
59f85a5d-223d-4c29-84f7-e19174ef3369,CUST-2020-JP-000463,篤司,中村,篤司 中村,Male,1974-04-29,user150.apple@icloud.com,080-2030-8272,930 長谷川 Street,八王子市,横浜市磯子区,902-2003,JP,Japan,JAPAN,Japanese,Consumer,None,2020-06-03,2020,NEW,True,MDM,2020-06-03 00:00:00,2026-04-17 15:58:34.168340
704dc77a-00f0-4363-a3cd-5d7d388a28a3,CUST-2020-JP-000464,幹,田中,幹 田中,Female,2000-11-03,user264.apple@yahoo.com,080-6807-8427,550 福田 Street,西多摩郡奥多摩町,長生郡長南町,119-2677,JP,Japan,JAPAN,Japanese,Business,Silver,2020-10-17,2020,NEW,True,MDM,2020-10-17 00:00:00,2026-04-17 15:58:34.168395
efeb8ad2-58fd-4276-92f1-2a254d04e39f,CUST-2020-JP-000465,学,佐藤,学 佐藤,Male,1956-11-11,user724.apple@yahoo.com,090-2600-4961,011 高橋 Street,白井市,横浜市青葉区,996-8035,JP,Japan,JAPAN,Japanese,Business,None,2020-05-07,2020,NEW,True,MDM,2020-05-07 00:00:00,2026-04-17 15:58:34.168450
990fd5ef-007a-4ab0-b275-4266e26a155a,CUST-2020-JP-000466,聡太郎,加藤,聡太郎 加藤,Female,1987-12-27,user435.apple339@yahoo.com,070-1731-5922,619 佐藤 Street,東久留米市,横浜市青葉区,162-9164,JP,Japan,JAPAN,Japanese,Business,Silver,2020-11-17,2020,NEW,True,MDM,2020-11-17 00:00:00,2026-04-17 15:58:34.168506
b8764aef-ac25-456e-82ad-41fb56d42d98,CUST-2020-JP-000467,治,近藤,治 近藤,Female,1979-07-03,user470.apple@mail.com,080-0746-2227,021 西村 Street,東久留米市,袖ケ浦市,251-9220,JP,Japan,JAPAN,Japanese,Consumer,Platinum,2020-01-13,2020,NEW,True,MDM,2020-01-13 00:00:00,2026-04-17 15:58:34.168560
c20df28d-c87f-47cc-88c8-adae147275b6,CUST-2020-JP-000468,洋介,佐藤,洋介 佐藤,Female,2001-03-19,user194.apple@outlook.com,090-3854-3761,186 渡辺 Street,狛江市,横浜市中区,004-2143,JP,Japan,JAPAN,Japanese,Business,None,2020-01-10,2020,NEW,True,MDM,2020-01-10 00:00:00,2026-04-17 15:58:34.168616
a032d79c-aabe-4dc9-820f-348971be6264,CUST-2020-JP-000469,充,阿部,充 阿部,Female,2006-05-23,user167.apple@msn.com,090-6685-3210,971 林 Street,夷隅郡御宿町,長生郡白子町,729-9572,JP,Japan,JAPAN,Japanese,Consumer,None,2020-04-17,2020,NEW,True,MDM,2020-04-17 00:00:00,2026-04-17 15:58:34.168672
ad891692-c73c-4c9f-a11a-73a25b903801,CUST-2020-JP-000470,陽子,高橋,陽子 高橋,Female,1992-06-25,user362.apple507@protonmail.com,080-2797-1517,013 伊藤 Street,鴨川市,長生郡一宮町,977-8074,JP,Japan,JAPAN,Japanese,Business,Gold,2020-12-27,2020,NEW,True,MDM,2020-12-27 00:00:00,2026-04-17 15:58:34.168728
46c8eba8-b924-4aec-8ee8-a537475dba11,CUST-2020-JP-000471,稔,佐藤,稔 佐藤,Female,1995-01-20,user758.apple@gmail.com,25-1410-4488,282 山口 Street,川崎市多摩区,品川区,102-9722,JP,Japan,JAPAN,Japanese,Consumer,None,2020-04-28,2020,NEW,True,MDM,2020-04-28 00:00:00,2026-04-17 15:58:34.168785
9007fe7f-d1d6-42e4-b05a-764719781925,CUST-2020-JP-000472,洋介,岡田,洋介 岡田,Female,1950-07-26,user424.apple762@mail.com,080-1227-4953,015 清水 Street,北区,香取郡多古町,071-5962,JP,Japan,JAPAN,Japanese,Business,None,2020-10-12,2020,NEW,True,MDM,2020-10-12 00:00:00,2026-04-17 15:58:34.168840
f5c6b042-f959-4a01-b737-bda618e4b361,CUST-2020-JP-000473,裕樹,山本,裕樹 山本,Female,2005-08-28,user999.apple450@zoho.com,070-1540-2010,862 山田 Street,台東区,夷隅郡御宿町,209-8386,JP,Japan,JAPAN,Japanese,Consumer,Gold,2020-11-16,2020,NEW,True,MDM,2020-11-16 00:00:00,2026-04-17 15:58:34.168895
9b19bb58-85bf-41ef-adc9-7816c6819bb5,CUST-2020-JP-000474,花子,橋本,花子 橋本,Female,2003-08-27,user668.apple@msn.com,090-9960-7517,008 松田 Street,いすみ市,中央区,899-9042,JP,Japan,JAPAN,Japanese,Business,None,2020-10-17,2020,NEW,True,MDM,2020-10-17 00:00:00,2026-04-17 15:58:34.168951
c2cff76c-35b3-4b28-a8e4-f8ccae8e43ef,CUST-2020-JP-000475,裕美子,岡田,裕美子 岡田,Male,1973-02-11,user280.apple@gmx.com,090-5106-1126,074 田中 Street,文京区,小笠原村,573-4144,JP,Japan,JAPAN,Japanese,Consumer,Gold,2020-08-01,2020,NEW,True,MDM,2020-08-01 00:00:00,2026-04-17 15:58:34.169006
d20f4ebd-8995-4616-a00e-cee244ecb00a,CUST-2020-JP-000476,直子,岡田,直子 岡田,Male,1958-10-28,user104.apple@gmx.com,60-2360-3482,278 鈴木 Street,墨田区,富里市,960-4822,JP,Japan,JAPAN,Japanese,Consumer,None,2020-12-30,2020,NEW,True,MDM,2020-12-30 00:00:00,2026-04-17 15:58:34.169062
dd9db300-a43c-4aeb-96ce-8904dc0a028a,CUST-2020-JP-000477,亮介,小林,亮介 小林,Female,2001-06-11,user909.apple@live.com,070-5357-6347,269 佐藤 Street,富津市,香取郡東庄町,701-4764,JP,Japan,JAPAN,Japanese,Consumer,Silver,2020-06-17,2020,NEW,True,MDM,2020-06-17 00:00:00,2026-04-17 15:58:34.169117
ee109aed-141d-494d-83cd-288d7d7ad1ea,CUST-2020-JP-000478,知実,渡辺,知実 渡辺,Male,2003-12-24,user957.apple@yahoo.com,080-5908-0632,971 前田 Street,中野区,中野区,265-7695,JP,Japan,JAPAN,Japanese,Consumer,None,2020-03-21,2020,NEW,True,MDM,2020-03-21 00:00:00,2026-04-17 15:58:34.169172
52539114-01d2-4306-87d2-b860fa78caca,CUST-2020-JP-000479,稔,青木,稔 青木,Female,1995-10-23,user822.apple@zoho.com,090-1527-9427,182 鈴木 Street,品川区,南房総市,278-0439,JP,Japan,JAPAN,Japanese,Education,Silver,2020-02-25,2020,NEW,True,MDM,2020-02-25 00:00:00,2026-04-17 15:58:34.169257
15e32f36-390f-464b-906b-87a6ed8f97c4,CUST-2020-JP-000480,智也,石井,智也 石井,Female,1961-11-13,user324.apple@outlook.com,080-0790-3160,568 高橋 Street,青梅市,横浜市緑区,370-6557,JP,Japan,JAPAN,Japanese,Consumer,Gold,2020-03-29,2020,NEW,True,MDM,2020-03-29 00:00:00,2026-04-17 15:58:34.169323
8fd08d15-093a-4d15-8540-d3ef042a464c,CUST-2020-JP-000481,裕太,小林,裕太 小林,Male,1964-02-01,user584.apple@hotmail.com,090-0230-4907,382 山崎 Street,横浜市西区,中央区,650-9936,JP,Japan,JAPAN,Japanese,Consumer,Gold,2020-09-02,2020,NEW,True,MDM,2020-09-02 00:00:00,2026-04-17 15:58:34.169381
cffee808-c102-4260-92e6-250ad5d8e436,CUST-2020-JP-000482,美加子,藤井,美加子 藤井,Male,1954-08-09,user146.apple@gmail.com,080-4966-7366,417 太田 Street,横浜市都筑区,中央区,609-4272,JP,Japan,JAPAN,Japanese,Consumer,None,2020-06-29,2020,NEW,True,MDM,2020-06-29 00:00:00,2026-04-17 15:58:34.169438
b57a8438-1391-490e-bcbd-b0a3cd981f54,CUST-2020-JP-000483,くみ子,石井,くみ子 石井,Female,1953-11-13,user885.apple@yahoo.com,02-9900-9142,539 坂本 Street,稲城市,台東区,109-6737,JP,Japan,JAPAN,Japanese,Consumer,Platinum,2020-03-14,2020,NEW,True,MDM,2020-03-14 00:00:00,2026-04-17 15:58:34.169498
df3bafb6-be5e-4cdf-9bb1-99b49f5f64c1,CUST-2020-JP-000484,健一,中川,健一 中川,Male,1950-09-09,user353.apple@zoho.com,82-0972-7338,963 山下 Street,中央区,立川市,969-1467,JP,Japan,JAPAN,Japanese,Consumer,None,2020-10-15,2020,NEW,True,MDM,2020-10-15 00:00:00,2026-04-17 15:58:34.169556
058c0616-1b9d-4502-89f7-9392b27250d1,CUST-2020-JP-000485,亮介,山下,亮介 山下,Male,2004-08-22,user163.apple744@aol.com,070-1990-8607,981 田中 Street,小金井市,西多摩郡瑞穂町,495-6923,JP,Japan,JAPAN,Japanese,Consumer,None,2020-02-13,2020,NEW,True,MDM,2020-02-13 00:00:00,2026-04-17 15:58:34.169618
85a757ea-10cb-4470-9a8a-46ea183f902c,CUST-2020-JP-000486,香織,佐藤,香織 佐藤,Male,1994-11-20,user392.apple@hotmail.com,080-5187-1945,256 池田 Street,横浜市栄区,大網白里市,448-8401,JP,Japan,JAPAN,Japanese,Consumer,None,2020-09-04,2020,NEW,True,MDM,2020-09-04 00:00:00,2026-04-17 15:58:34.169676
cc902e0c-df5c-4ad3-b92b-01ddab4e7b0e,CUST-2020-JP-000487,淳,斎藤,淳 斎藤,Female,1950-12-04,user611.apple@outlook.com,070-1629-4219,187 三浦 Street,印旛郡本埜村,千代田区,307-3599,JP,Japan,JAPAN,Japanese,Consumer,Silver,2020-08-01,2020,NEW,True,MDM,2020-08-01 00:00:00,2026-04-17 15:58:34.169734
7fd2cd6a-be4d-4b50-8b90-58ae46a5ba0e,CUST-2020-JP-000488,稔,斉藤,稔 斉藤,Male,1992-02-20,user721.apple240@msn.com,090-8108-0180,065 青木 Street,印旛郡印旛村,三鷹市,378-0896,JP,Japan,JAPAN,Japanese,Consumer,Silver,2020-04-20,2020,NEW,True,MDM,2020-04-20 00:00:00,2026-04-17 15:58:34.169794
39848e51-d783-42f8-b86d-321166ed7c7a,CUST-2020-JP-000489,陽一,坂本,陽一 坂本,Female,1958-06-15,user906.apple@live.com,090-1880-1514,417 前田 Street,印旛郡本埜村,横浜市中区,596-8874,JP,Japan,JAPAN,Japanese,Consumer,None,2020-06-08,2020,NEW,True,MDM,2020-06-08 00:00:00,2026-04-17 15:58:34.169852
da1dcdca-6abd-4f6e-bc12-f85a07e39eb8,CUST-2020-JP-000490,七夏,斎藤,七夏 斎藤,Female,1956-09-20,user801.apple600@outlook.com,070-7493-3189,939 後藤 Street,横浜市栄区,大網白里市,856-9890,JP,Japan,JAPAN,Japanese,Business,None,2020-05-08,2020,NEW,True,MDM,2020-05-08 00:00:00,2026-04-17 15:58:34.169913
07c7b10f-bdbb-4fdc-a528-ad3f793b7989,CUST-2020-JP-000491,太郎,高橋,太郎 高橋,Female,1994-06-04,user110.apple167@zoho.com,080-8442-8188,644 石井 Street,横浜市泉区,香取市,190-0468,JP,Japan,JAPAN,Japanese,Consumer,None,2020-12-28,2020,NEW,True,MDM,2020-12-28 00:00:00,2026-04-17 15:58:34.169973
ffcd8d8b-4bd1-4f72-9135-cc56be94821d,CUST-2020-JP-000492,知実,鈴木,知実 鈴木,Female,1961-10-04,user282.apple647@yahoo.com,080-3323-5127,523 中村 Street,山武郡九十九里町,荒川区,810-0927,JP,Japan,JAPAN,Japanese,Business,None,2020-10-12,2020,NEW,True,MDM,2020-10-12 00:00:00,2026-04-17 15:58:34.170033
97590205-7488-40d2-97b7-b54734c43d53,CUST-2020-JP-000493,涼平,田中,涼平 田中,Female,2002-05-02,user484.apple814@mail.com,080-0782-9663,073 佐々木 Street,八街市,板橋区,759-9532,JP,Japan,JAPAN,Japanese,Consumer,Gold,2020-04-17,2020,NEW,True,MDM,2020-04-17 00:00:00,2026-04-17 15:58:34.170090
3c3fe5a1-f033-4e81-abd4-e97fa6660278,CUST-2020-JP-000494,康弘,佐藤,康弘 佐藤,Female,2003-07-03,user959.apple@yahoo.com,080-9328-2430,920 橋本 Street,荒川区,八千代市,854-4976,JP,Japan,JAPAN,Japanese,Consumer,None,2020-02-18,2020,NEW,True,MDM,2020-02-18 00:00:00,2026-04-17 15:58:34.170147
e354ddca-65ff-4f81-9051-74c7672772de,CUST-2020-JP-000495,京助,木村,京助 木村,Female,1978-04-12,user260.apple@live.com,080-1883-6695,197 西村 Street,印旛郡栄町,川崎市多摩区,697-3371,JP,Japan,JAPAN,Japanese,Consumer,None,2020-03-09,2020,NEW,True,MDM,2020-03-09 00:00:00,2026-04-17 15:58:34.170205
c4ff2690-2e39-425e-9d60-5c9f96ea1017,CUST-2020-JP-000496,直樹,鈴木,直樹 鈴木,Female,1973-06-17,user434.apple@gmx.com,070-1084-2887,819 鈴木 Street,東大和市,大網白里市,285-6804,JP,Japan,JAPAN,Japanese,Consumer,None,2020-08-29,2020,NEW,True,MDM,2020-08-29 00:00:00,2026-04-17 15:58:34.170263
ea8dc6bc-af24-4761-80cc-390b9a147b9a,CUST-2020-JP-000497,桃子,渡辺,桃子 渡辺,Female,1958-08-07,user583.apple@aol.com,20-9570-7805,980 山口 Street,大田区,八丈島八丈町,804-9724,JP,Japan,JAPAN,Japanese,Consumer,Silver,2020-08-20,2020,NEW,True,MDM,2020-08-20 00:00:00,2026-04-17 15:58:34.170322
8d0865a8-fb21-48f7-a6ef-a480e4069666,CUST-2020-JP-000498,亮介,田中,亮介 田中,Female,1953-12-23,user310.apple@live.com,01-1698-7267,540 田中 Street,北区,匝瑳市,640-5691,JP,Japan,JAPAN,Japanese,Education,Gold,2020-12-27,2020,NEW,True,MDM,2020-12-27 00:00:00,2026-04-17 15:58:34.170380
083b320c-eb84-4710-91d0-f268486f34b9,CUST-2020-JP-000499,康弘,清水,康弘 清水,Male,1993-04-24,user198.apple@protonmail.com,080-9934-0423,930 加藤 Street,神津島村,川崎市多摩区,155-8431,JP,Japan,JAPAN,Japanese,Consumer,None,2020-01-25,2020,NEW,True,MDM,2020-01-25 00:00:00,2026-04-17 15:58:34.170438
cdd95011-54a1-4372-a86b-93a87b87445d,CUST-2020-JP-000500,太郎,橋本,太郎 橋本,Male,1993-04-01,user901.apple579@icloud.com,16-0245-5819,059 清水 Street,中野区,山武市,449-2963,JP,Japan,JAPAN,Japanese,Consumer,Gold,2020-02-14,2020,NEW,True,MDM,2020-02-14 00:00:00,2026-04-17 15:58:34.170496
b5c5f125-0474-49f4-89b9-211f1ac8841f,CUST-2020-JP-000501,涼平,西村,涼平 西村,Male,1973-01-21,user866.apple@outlook.com,070-9806-9816,716 伊藤 Street,香取郡神崎町,印旛郡栄町,500-7257,JP,Japan,JAPAN,Japanese,Consumer,None,2020-07-31,2020,NEW,True,MDM,2020-07-31 00:00:00,2026-04-17 15:58:34.170554
c1e195c8-f706-49c9-894d-1ff0c288c58b,CUST-2020-JP-000502,太郎,佐藤,太郎 佐藤,Female,1986-10-27,user852.apple@hotmail.com,75-4912-9131,562 山本 Street,中央区,日野市,853-8714,JP,Japan,JAPAN,Japanese,Consumer,Platinum,2020-11-30,2020,NEW,True,MDM,2020-11-30 00:00:00,2026-04-17 15:58:34.170612
3dea3ec9-31d2-4cad-a2cc-de6e03e0666c,CUST-2020-JP-000503,零,加藤,零 加藤,Male,2007-06-26,user126.apple@mail.com,33-3058-3900,727 鈴木 Street,江東区,西多摩郡檜原村,488-7638,JP,Japan,JAPAN,Japanese,Consumer,None,2020-10-07,2020,NEW,True,MDM,2020-10-07 00:00:00,2026-04-17 15:58:34.170673
94b7ac2c-73f2-4f6c-96f9-80296bebabe8,CUST-2020-JP-000504,篤司,清水,篤司 清水,Male,1953-08-04,user113.apple@live.com,090-5968-5315,188 渡辺 Street,富里市,清瀬市,111-7079,JP,Japan,JAPAN,Japanese,Consumer,None,2020-07-19,2020,NEW,True,MDM,2020-07-19 00:00:00,2026-04-17 15:58:34.170732
5b2d37e0-bcf2-4208-82a8-3f959979f774,CUST-2020-JP-000505,陽子,伊藤,陽子 伊藤,Female,1973-04-16,user191.apple@gmx.com,090-0515-1043,778 鈴木 Street,文京区,中央区,320-8101,JP,Japan,JAPAN,Japanese,Consumer,Platinum,2020-07-23,2020,NEW,True,MDM,2020-07-23 00:00:00,2026-04-17 15:58:34.170790
d302ae2b-32be-4410-996a-6ee39aa0e4cc,CUST-2020-JP-000506,直人,山田,直人 山田,Female,1960-03-15,user491.apple@msn.com,090-5740-7440,133 高橋 Street,白井市,日野市,360-5786,JP,Japan,JAPAN,Japanese,Consumer,None,2020-02-26,2020,NEW,True,MDM,2020-02-26 00:00:00,2026-04-17 15:58:34.170846
7f4cd960-16ab-4e51-a7f7-1854ba1555cc,CUST-2020-JP-000507,智也,井上,智也 井上,Male,1995-04-06,user918.apple849@live.com,080-1006-3306,135 小林 Street,豊島区,御蔵島村,506-8559,JP,Japan,JAPAN,Japanese,Consumer,Gold,2020-11-11,2020,NEW,True,MDM,2020-11-11 00:00:00,2026-04-17 15:58:34.170901
b42ba355-a9ac-4266-a532-d9e030e56479,CUST-2020-JP-000508,桃子,渡辺,桃子 渡辺,Male,1968-09-18,user882.apple@aol.com,92-9563-1938,221 佐々木 Street,長生郡一宮町,山武郡九十九里町,526-5327,JP,Japan,JAPAN,Japanese,Consumer,None,2020-09-21,2020,NEW,True,MDM,2020-09-21 00:00:00,2026-04-17 15:58:34.170962
1c36fb55-3142-424a-8aed-f4ad88a42936,CUST-2020-JP-000509,亮介,伊藤,亮介 伊藤,Female,1965-11-09,user324.apple941@aol.com,13-4327-6055,633 山崎 Street,千代田区,新島村,542-4826,JP,Japan,JAPAN,Japanese,Consumer,None,2020-04-05,2020,NEW,True,MDM,2020-04-05 00:00:00,2026-04-17 15:58:34.171019
089f937b-6ae6-445d-83cd-0526fdaaafa7,CUST-2020-JP-000510,直人,山田,直人 山田,Male,1954-02-27,user111.apple@zoho.com,070-7825-4292,502 鈴木 Street,川崎市中原区,三鷹市,545-4351,JP,Japan,JAPAN,Japanese,Consumer,None,2020-09-24,2020,NEW,False,MDM,2020-09-24 00:00:00,2026-04-17 15:58:34.171075
702e58a7-85fc-4f1c-8599-83066368d484,CUST-2020-JP-000511,太一,山崎,太一 山崎,Female,2003-04-06,user880.apple@gmail.com,070-4069-7636,318 鈴木 Street,西東京市,横浜市泉区,746-8847,JP,Japan,JAPAN,Japanese,Consumer,Gold,2020-11-02,2020,NEW,True,MDM,2020-11-02 00:00:00,2026-04-17 15:58:34.171131
f9df2156-3db3-44d7-aa63-034c40fc622c,CUST-2020-JP-000512,裕樹,田中,裕樹 田中,Female,1955-04-12,user238.apple393@live.com,080-8897-8437,369 田中 Street,大田区,東村山市,165-1300,JP,Japan,JAPAN,Japanese,Consumer,None,2020-08-16,2020,NEW,True,MDM,2020-08-16 00:00:00,2026-04-17 15:58:34.171186
f911b76b-e9ce-419b-888f-8d11032af065,CUST-2020-JP-000513,浩,中島,浩 中島,Male,1994-04-19,user526.apple576@icloud.com,39-1075-2214,999 中島 Street,清瀬市,長生郡一宮町,368-0188,JP,Japan,JAPAN,Japanese,Education,Silver,2020-06-22,2020,NEW,True,MDM,2020-06-22 00:00:00,2026-04-17 15:58:34.171243
d4ba0568-1804-485f-b91e-a9c88043ec12,CUST-2020-JP-000514,翔太,福田,翔太 福田,Female,1991-09-28,user620.apple@yahoo.com,080-4724-6603,700 鈴木 Street,世田谷区,町田市,593-2736,JP,Japan,JAPAN,Japanese,Consumer,Platinum,2020-02-09,2020,NEW,True,MDM,2020-02-09 00:00:00,2026-04-17 15:58:34.171298
b792892f-cb99-4413-8038-13918f6288e4,CUST-2020-JP-000515,幹,中島,幹 中島,Female,1965-09-09,user153.apple@mail.com,070-9224-2919,092 藤井 Street,大網白里市,匝瑳市,566-1630,JP,Japan,JAPAN,Japanese,Consumer,None,2020-11-16,2020,NEW,True,MDM,2020-11-16 00:00:00,2026-04-17 15:58:34.171355
e5d9f2bc-0b02-4ec4-86f2-5d7c26baf9e9,CUST-2020-JP-000516,結衣,山本,結衣 山本,Male,1979-03-14,user790.apple@icloud.com,080-6061-4664,196 伊藤 Street,山武郡芝山町,横浜市港南区,106-9410,JP,Japan,JAPAN,Japanese,Consumer,Silver,2020-04-12,2020,NEW,True,MDM,2020-04-12 00:00:00,2026-04-17 15:58:34.171410
0daa0f82-f745-47df-a98c-93c10548b0c4,CUST-2020-JP-000517,篤司,岡田,篤司 岡田,Female,2007-03-02,user167.apple@zoho.com,080-0635-5592,721 鈴木 Street,利島村,川崎市中原区,485-7622,JP,Japan,JAPAN,Japanese,Business,None,2020-05-23,2020,NEW,True,MDM,2020-05-23 00:00:00,2026-04-17 15:58:34.171466
43c59316-69e6-4723-8cb6-68cff75dc5d6,CUST-2020-JP-000518,幹,松田,幹 松田,Male,2003-12-10,user136.apple@live.com,54-2026-9973,322 佐藤 Street,印旛郡酒々井町,国分寺市,025-7134,JP,Japan,JAPAN,Japanese,Education,Gold,2020-11-21,2020,NEW,True,MDM,2020-11-21 00:00:00,2026-04-17 15:58:34.171523
b74cbb18-de87-4cc3-b889-ca55c7ea9fc5,CUST-2020-JP-000519,充,斎藤,充 斎藤,Female,1979-11-04,user703.apple@gmail.com,68-0542-9140,174 佐藤 Street,横浜市都筑区,横浜市神奈川区,178-7915,JP,Japan,JAPAN,Japanese,Consumer,Gold,2020-04-07,2020,NEW,True,MDM,2020-04-07 00:00:00,2026-04-17 15:58:34.171579
7820b494-971a-48ba-9384-3d172791bc8d,CUST-2020-JP-000520,さゆり,池田,さゆり 池田,Female,1989-03-05,user474.apple@outlook.com,090-4806-7880,958 渡辺 Street,印旛郡酒々井町,長生郡長柄町,808-4586,JP,Japan,JAPAN,Japanese,Consumer,None,2020-02-28,2020,NEW,True,MDM,2020-02-28 00:00:00,2026-04-17 15:58:34.171635
6680ecc3-eceb-4d93-881d-b5dfda495555,CUST-2020-JP-000521,篤司,鈴木,篤司 鈴木,Male,1972-05-03,user423.apple@gmx.com,070-6713-3526,181 斎藤 Street,小平市,墨田区,693-9581,JP,Japan,JAPAN,Japanese,Consumer,None,2020-11-30,2020,NEW,True,MDM,2020-11-30 00:00:00,2026-04-17 15:58:34.171691
ea0ff6e4-b71e-4647-83c6-52702cfb9deb,CUST-2020-JP-000522,学,岡本,学 岡本,Male,1957-12-05,user491.apple@protonmail.com,090-0813-6935,387 中村 Street,江東区,府中市,692-2462,JP,Japan,JAPAN,Japanese,Education,Gold,2020-06-16,2020,NEW,True,MDM,2020-06-16 00:00:00,2026-04-17 15:58:34.171746
b3a95ce2-cec6-473d-bffe-c6cb2ef68f4b,CUST-2020-JP-000523,陽子,鈴木,陽子 鈴木,Female,1979-06-09,user704.apple618@hotmail.com,090-4206-1739,553 鈴木 Street,長生郡長南町,印旛郡酒々井町,807-2251,JP,Japan,JAPAN,Japanese,Education,None,2020-12-18,2020,NEW,True,MDM,2020-12-18 00:00:00,2026-04-17 15:58:34.171802
3961c845-189d-4fed-b13c-3968a9989bf1,CUST-2020-JP-000524,充,橋本,充 橋本,Male,1965-07-19,user113.apple@gmail.com,070-8055-8064,892 松田 Street,北区,立川市,929-1468,JP,Japan,JAPAN,Japanese,Consumer,None,2020-01-19,2020,NEW,False,MDM,2020-01-19 00:00:00,2026-04-17 15:58:34.171862
b4beb4a4-9bbb-4ca8-8457-c71e2e8da570,CUST-2020-JP-000525,裕太,中川,裕太 中川,Male,1991-11-12,user130.apple@live.com,090-3508-1017,765 山本 Street,横浜市都筑区,府中市,215-7146,JP,Japan,JAPAN,Japanese,Business,Silver,2020-10-02,2020,NEW,True,MDM,2020-10-02 00:00:00,2026-04-17 15:58:34.171917
8c825472-ad23-4ef2-a61e-5d3ab1f41b3e,CUST-2020-JP-000526,美加子,木村,美加子 木村,Male,2006-05-12,user491.apple@icloud.com,090-2183-1482,593 佐藤 Street,横浜市港南区,目黒区,072-7179,JP,Japan,JAPAN,Japanese,Business,None,2020-09-14,2020,NEW,True,MDM,2020-09-14 00:00:00,2026-04-17 15:58:34.171973
8bcf0ec3-dd1e-4f62-8c96-cf72d970da15,CUST-2020-JP-000527,裕太,伊藤,裕太 伊藤,Male,1987-11-15,user334.apple@msn.com,08-1870-7086,423 鈴木 Street,杉並区,西多摩郡檜原村,191-6121,JP,Japan,JAPAN,Japanese,Education,Silver,2020-04-03,2020,NEW,True,MDM,2020-04-03 00:00:00,2026-04-17 15:58:34.172029
e3c261aa-d7ba-4aa2-9b39-cbb7d45bd2a8,CUST-2020-JP-000528,智也,伊藤,智也 伊藤,Female,1958-02-23,user931.apple@hotmail.com,090-6278-7621,509 伊藤 Street,江戸川区,川崎市高津区,341-4586,JP,Japan,JAPAN,Japanese,Consumer,None,2020-07-28,2020,NEW,True,MDM,2020-07-28 00:00:00,2026-04-17 15:58:34.172085
80f04579-7314-43c9-bde6-18c633d79b9c,CUST-2020-JP-000529,知実,池田,知実 池田,Female,1994-07-27,user808.apple@gmail.com,080-1848-1420,696 田中 Street,八千代市,国立市,312-7722,JP,Japan,JAPAN,Japanese,Consumer,None,2020-05-06,2020,NEW,False,MDM,2020-05-06 00:00:00,2026-04-17 15:58:34.172141
b730454a-b852-439a-a287-cc8895336705,CUST-2020-JP-000530,里佳,石井,里佳 石井,Female,1993-08-30,user765.apple@mail.com,080-2131-1004,567 佐藤 Street,八千代市,大田区,589-8922,JP,Japan,JAPAN,Japanese,Consumer,Silver,2020-11-05,2020,NEW,True,MDM,2020-11-05 00:00:00,2026-04-17 15:58:34.172199
babdb121-0f32-4d34-85e4-ccf511306652,CUST-2020-JP-000531,智也,藤田,智也 藤田,Female,1974-03-01,user553.apple409@gmail.com,73-2321-2479,149 加藤 Street,横浜市港北区,山武郡九十九里町,952-4053,JP,Japan,JAPAN,Japanese,Consumer,None,2020-04-13,2020,NEW,True,MDM,2020-04-13 00:00:00,2026-04-17 15:58:34.172258
7ba1f2d6-fb11-441b-a2bb-a43df0e7ab10,CUST-2020-JP-000532,知実,山本,知実 山本,Male,1970-09-25,user322.apple@yahoo.com,080-8477-0204,625 鈴木 Street,新宿区,横浜市金沢区,188-4106,JP,Japan,JAPAN,Japanese,Business,Gold,2020-07-22,2020,NEW,True,MDM,2020-07-22 00:00:00,2026-04-17 15:58:34.172315
717ba3b7-29d0-4fb6-a2e2-d888267bff4d,CUST-2020-JP-000533,七夏,池田,七夏 池田,Female,2001-12-15,user534.apple@zoho.com,090-5835-7912,148 佐々木 Street,匝瑳市,富里市,589-7247,JP,Japan,JAPAN,Japanese,Consumer,Gold,2020-11-06,2020,NEW,True,MDM,2020-11-06 00:00:00,2026-04-17 15:58:34.172370
9a759de9-2e14-4cde-8762-c8effd500ca4,CUST-2020-JP-000534,桃子,清水,桃子 清水,Male,1995-08-17,user886.apple705@hotmail.com,070-7660-2461,858 遠藤 Street,北区,横浜市都筑区,714-7106,JP,Japan,JAPAN,Japanese,Consumer,Silver,2020-08-09,2020,NEW,True,MDM,2020-08-09 00:00:00,2026-04-17 15:58:34.172432
67ae1749-69a6-4faf-86d0-cb18ff24a314,CUST-2020-JP-000535,里佳,村上,里佳 村上,Male,1963-07-23,user875.apple@mail.com,60-5395-5809,603 藤井 Street,西多摩郡檜原村,印旛郡栄町,615-6075,JP,Japan,JAPAN,Japanese,Consumer,None,2020-07-27,2020,NEW,True,MDM,2020-07-27 00:00:00,2026-04-17 15:58:34.172490
d0a87946-5cc7-4c16-adcd-7cd2f97450ed,CUST-2020-JP-000536,直人,池田,直人 池田,Male,1955-01-08,user196.apple@gmx.com,57-9665-3127,240 吉田 Street,富津市,印旛郡印旛村,750-2391,JP,Japan,JAPAN,Japanese,Consumer,None,2020-10-05,2020,NEW,True,MDM,2020-10-05 00:00:00,2026-04-17 15:58:34.172551
ca5d3e20-bf34-45e0-a8a7-0dd6ec093d9a,CUST-2020-JP-000537,千代,伊藤,千代 伊藤,Male,1993-03-31,user209.apple@hotmail.com,080-8471-2837,215 斎藤 Street,印旛郡本埜村,山武郡九十九里町,985-3635,JP,Japan,JAPAN,Japanese,Consumer,Gold,2020-10-03,2020,NEW,True,MDM,2020-10-03 00:00:00,2026-04-17 15:58:34.172608
7033fa03-f42c-43f2-9211-650c3f25f4d8,CUST-2020-JP-000538,春香,石井,春香 石井,Female,1955-07-31,user112.apple@gmail.com,070-0535-8796,962 山崎 Street,国分寺市,長生郡一宮町,597-4266,JP,Japan,JAPAN,Japanese,Consumer,Platinum,2020-09-11,2020,NEW,True,MDM,2020-09-11 00:00:00,2026-04-17 15:58:34.172665
903ec342-a06b-486d-bb9f-d585ae2fc985,CUST-2020-JP-000539,翔太,渡辺,翔太 渡辺,Female,1961-02-28,user732.apple@yahoo.com,090-3831-8658,926 岡田 Street,小笠原村,目黒区,718-3664,JP,Japan,JAPAN,Japanese,Consumer,None,2020-12-16,2020,NEW,True,MDM,2020-12-16 00:00:00,2026-04-17 15:58:34.172722
239f94e6-6156-4014-bd76-b202948a7dc9,CUST-2020-JP-000540,陽子,中村,陽子 中村,Male,1975-09-30,user185.apple@yahoo.com,070-8206-9739,146 加藤 Street,川崎市川崎区,長生郡白子町,664-8632,JP,Japan,JAPAN,Japanese,Consumer,None,2020-01-11,2020,NEW,True,MDM,2020-01-11 00:00:00,2026-04-17 15:58:34.172778
7c215ad3-f58b-4f64-968f-cc4e9e308f14,CUST-2020-JP-000541,聡太郎,石川,聡太郎 石川,Female,1968-09-26,user867.apple@yahoo.com,58-7769-5881,673 渡辺 Street,横浜市神奈川区,東村山市,506-8663,JP,Japan,JAPAN,Japanese,Consumer,None,2020-08-30,2020,NEW,True,MDM,2020-08-30 00:00:00,2026-04-17 15:58:34.172835
c3d723b2-fda0-408a-b07e-ac4508ad36b8,CUST-2020-JP-000542,結衣,木村,結衣 木村,Male,1994-11-09,user176.apple945@gmx.com,080-4770-7980,054 佐藤 Street,印旛郡酒々井町,横浜市緑区,149-0181,JP,Japan,JAPAN,Japanese,Consumer,None,2020-05-08,2020,NEW,True,MDM,2020-05-08 00:00:00,2026-04-17 15:58:34.172891
d970211e-f7f9-4440-88ba-053d5c039775,CUST-2020-JP-000543,翼,高橋,翼 高橋,Female,1988-11-04,user332.apple837@icloud.com,56-2306-0336,635 山崎 Street,横浜市神奈川区,横浜市鶴見区,319-8794,JP,Japan,JAPAN,Japanese,Consumer,None,2020-10-07,2020,NEW,True,MDM,2020-10-07 00:00:00,2026-04-17 15:58:34.172948
ad7d2a4d-5d70-4149-b86f-95e543c41614,CUST-2020-JP-000544,健一,加藤,健一 加藤,Female,1994-02-07,user882.apple@aol.com,090-4266-2821,505 田中 Street,昭島市,西多摩郡檜原村,002-5028,JP,Japan,JAPAN,Japanese,Consumer,None,2020-09-04,2020,NEW,True,MDM,2020-09-04 00:00:00,2026-04-17 15:58:34.173007
c925a531-aa4f-435b-8b45-2cb2052691d6,CUST-2020-JP-000545,裕美子,山田,裕美子 山田,Female,1951-12-31,user180.apple@gmail.com,03-8522-1985,946 三浦 Street,府中市,東村山市,499-9368,JP,Japan,JAPAN,Japanese,Consumer,Platinum,2020-04-18,2020,NEW,True,MDM,2020-04-18 00:00:00,2026-04-17 15:58:34.173066
670c85ed-a2a3-43ae-bdc7-5a6d023508eb,CUST-2020-JP-000546,裕太,高橋,裕太 高橋,Female,1975-06-19,user144.apple@icloud.com,070-9098-7329,239 青木 Street,横浜市保土ケ谷区,八丈島八丈町,655-6921,JP,Japan,JAPAN,Japanese,Consumer,None,2020-11-03,2020,NEW,True,MDM,2020-11-03 00:00:00,2026-04-17 15:58:34.173299
acbb6139-30aa-49eb-b921-c29c4f91ed45,CUST-2020-JP-000547,太一,佐藤,太一 佐藤,Female,2002-11-16,user556.apple@hotmail.com,070-7398-7236,217 鈴木 Street,富里市,夷隅郡大多喜町,711-7949,JP,Japan,JAPAN,Japanese,Consumer,None,2020-09-08,2020,NEW,True,MDM,2020-09-08 00:00:00,2026-04-17 15:58:34.173377
fcb329d3-934c-49c9-924c-63aba3f5d141,CUST-2020-JP-000548,稔,伊藤,稔 伊藤,Female,1996-05-04,user428.apple547@mail.com,070-3953-0195,474 高橋 Street,富里市,小平市,985-3995,JP,Japan,JAPAN,Japanese,Consumer,None,2020-01-05,2020,NEW,True,MDM,2020-01-05 00:00:00,2026-04-17 15:58:34.173443
64fbcb20-6249-4a94-ac18-4b9f32e8c714,CUST-2020-JP-000549,真綾,石川,真綾 石川,Male,1968-03-24,user193.apple473@aol.com,090-4786-9007,743 伊藤 Street,東大和市,江戸川区,836-6586,JP,Japan,JAPAN,Japanese,Consumer,Gold,2020-04-22,2020,NEW,True,MDM,2020-04-22 00:00:00,2026-04-17 15:58:34.173514
0af42595-8bd5-465a-8803-a0a2567e6817,CUST-2020-JP-000550,翔太,中川,翔太 中川,Female,1950-07-08,user455.apple@yahoo.com,080-2366-8975,169 山口 Street,川崎市中原区,香取市,157-0498,JP,Japan,JAPAN,Japanese,Consumer,None,2020-09-23,2020,NEW,False,MDM,2020-09-23 00:00:00,2026-04-17 15:58:34.173584
f74d73c1-0fe0-4f28-a56e-48a871b2237f,CUST-2020-JP-000551,さゆり,岡本,さゆり 岡本,Male,1958-06-12,user731.apple@zoho.com,090-8557-1777,887 吉田 Street,富里市,八千代市,922-3972,JP,Japan,JAPAN,Japanese,Business,None,2020-05-22,2020,NEW,True,MDM,2020-05-22 00:00:00,2026-04-17 15:58:34.173653
ec7715cb-4cb1-49c6-8a75-5be979110ac6,CUST-2020-JP-000552,花子,佐藤,花子 佐藤,Male,1998-01-26,user720.apple@zoho.com,26-8433-9512,645 山崎 Street,西多摩郡奥多摩町,西多摩郡奥多摩町,219-3162,JP,Japan,JAPAN,Japanese,Consumer,Silver,2020-02-19,2020,NEW,True,MDM,2020-02-19 00:00:00,2026-04-17 15:58:34.173734
3444820d-82b5-4ab0-b968-7725fabab1ce,CUST-2020-JP-000553,香織,池田,香織 池田,Male,1973-09-16,user879.apple@gmx.com,080-3299-1443,891 清水 Street,白井市,山武郡横芝光町,721-5313,JP,Japan,JAPAN,Japanese,Education,Gold,2020-02-14,2020,NEW,True,MDM,2020-02-14 00:00:00,2026-04-17 15:58:34.173798
2f85ccd7-e9d0-476d-a91e-8f790eea6aac,CUST-2020-JP-000554,直子,鈴木,直子 鈴木,Female,2000-12-14,user290.apple@live.com,090-8301-2942,401 吉田 Street,東村山市,横浜市港北区,328-4732,JP,Japan,JAPAN,Japanese,Business,None,2020-06-02,2020,NEW,True,MDM,2020-06-02 00:00:00,2026-04-17 15:58:34.173860
87a05f39-1324-44e2-bca6-16d8311e417f,CUST-2020-JP-000555,春香,伊藤,春香 伊藤,Male,1987-07-14,user885.apple@icloud.com,38-4310-1274,708 福田 Street,墨田区,町田市,340-4948,JP,Japan,JAPAN,Japanese,Consumer,Gold,2020-01-07,2020,NEW,True,MDM,2020-01-07 00:00:00,2026-04-17 15:58:34.173956
906edeb4-7f15-4820-a493-b65830f2a849,CUST-2020-JP-000556,学,林,学 林,Male,1962-03-20,user193.apple@outlook.com,070-9033-7054,590 後藤 Street,川崎市高津区,港区,586-5230,JP,Japan,JAPAN,Japanese,Business,Silver,2020-07-20,2020,NEW,True,MDM,2020-07-20 00:00:00,2026-04-17 15:58:34.174038
d035ac7c-454a-459f-a55a-ccc083be3949,CUST-2020-JP-000557,春香,阿部,春香 阿部,Female,1997-05-26,user154.apple@icloud.com,56-0788-6741,397 遠藤 Street,川崎市高津区,香取市,328-3699,JP,Japan,JAPAN,Japanese,Business,Silver,2020-11-04,2020,NEW,True,MDM,2020-11-04 00:00:00,2026-04-17 15:58:34.174097
88f21997-6295-48a6-bf83-5f1e6c186898,CUST-2020-JP-000558,聡太郎,藤原,聡太郎 藤原,Female,1991-03-25,user885.apple@hotmail.com,080-9966-2730,093 田中 Street,狛江市,文京区,529-3869,JP,Japan,JAPAN,Japanese,Business,None,2020-03-15,2020,NEW,True,MDM,2020-03-15 00:00:00,2026-04-17 15:58:34.174153
deb4218b-9fc8-48d8-aac8-ae66f2d02d4a,CUST-2020-JP-000559,翼,藤原,翼 藤原,Male,1972-10-31,user150.apple980@gmx.com,090-6516-4476,485 林 Street,八丈島八丈町,袖ケ浦市,064-9831,JP,Japan,JAPAN,Japanese,Consumer,None,2020-07-24,2020,NEW,True,MDM,2020-07-24 00:00:00,2026-04-17 15:58:34.174210
38a36f29-df0a-4722-9447-202c087481a1,CUST-2020-JP-000560,幹,池田,幹 池田,Female,1994-05-14,user120.apple@protonmail.com,090-5250-8874,251 小川 Street,大網白里市,中央区,692-4774,JP,Japan,JAPAN,Japanese,Business,None,2020-05-19,2020,NEW,True,MDM,2020-05-19 00:00:00,2026-04-17 15:58:34.174266
f9244c86-5fea-41f0-85ba-840e48e8e355,CUST-2020-JP-000561,くみ子,佐々木,くみ子 佐々木,Female,1975-07-02,user457.apple@gmx.com,090-1011-7065,302 山本 Street,鴨川市,小笠原村,062-7392,JP,Japan,JAPAN,Japanese,Consumer,Silver,2020-06-02,2020,NEW,True,MDM,2020-06-02 00:00:00,2026-04-17 15:58:34.174322
cc76bac4-442e-4c6a-87f3-90202281eafe,CUST-2020-JP-000562,稔,山本,稔 山本,Female,1993-01-30,user124.apple@protonmail.com,070-7992-6062,281 林 Street,北区,江戸川区,298-2695,JP,Japan,JAPAN,Japanese,Business,Silver,2020-02-15,2020,NEW,True,MDM,2020-02-15 00:00:00,2026-04-17 15:58:34.174378
c4d47c9b-6fee-48b4-9af2-f5e0ab6cb87f,CUST-2020-JP-000563,晃,鈴木,晃 鈴木,Female,1953-01-31,user611.apple@gmail.com,080-3485-5560,020 森 Street,羽村市,中野区,749-7784,JP,Japan,JAPAN,Japanese,Consumer,None,2020-08-06,2020,NEW,True,MDM,2020-08-06 00:00:00,2026-04-17 15:58:34.174441
dba3220f-82fd-4f8c-8502-a44215b720db,CUST-2020-JP-000564,太郎,池田,太郎 池田,Male,1974-09-05,user222.apple@live.com,090-2413-5279,194 中村 Street,香取市,大網白里市,999-4825,JP,Japan,JAPAN,Japanese,Consumer,Silver,2020-05-09,2020,NEW,True,MDM,2020-05-09 00:00:00,2026-04-17 15:58:34.174497
f85e8304-73ce-42f4-938b-6de030448365,CUST-2020-JP-000565,直樹,中島,直樹 中島,Female,1964-02-28,user902.apple@zoho.com,070-4681-4892,694 佐藤 Street,北区,小平市,700-2639,JP,Japan,JAPAN,Japanese,Consumer,None,2020-11-05,2020,NEW,True,MDM,2020-11-05 00:00:00,2026-04-17 15:58:34.174553
71317ee8-991d-4d0b-b92a-ca94ec7005c7,CUST-2020-JP-000566,太一,井上,太一 井上,Female,1986-10-24,user645.apple@gmx.com,080-4481-2673,399 岡田 Street,三鷹市,練馬区,394-9074,JP,Japan,JAPAN,Japanese,Consumer,Gold,2020-12-07,2020,NEW,True,MDM,2020-12-07 00:00:00,2026-04-17 15:58:34.174608
cab4824d-a854-47bd-a316-54aea53c915a,CUST-2020-JP-000567,翔太,山下,翔太 山下,Female,1997-10-27,user954.apple@live.com,080-1181-3413,876 小林 Street,横浜市金沢区,台東区,800-3535,JP,Japan,JAPAN,Japanese,Education,Silver,2020-10-16,2020,NEW,True,MDM,2020-10-16 00:00:00,2026-04-17 15:58:34.174667
2ae76187-2dbc-4bee-b3fc-21becc5702ee,CUST-2020-JP-000568,裕太,伊藤,裕太 伊藤,Male,1959-10-14,user427.apple@hotmail.com,090-2541-7522,632 伊藤 Street,川崎市中原区,港区,233-5248,JP,Japan,JAPAN,Japanese,Business,None,2020-06-24,2020,NEW,False,MDM,2020-06-24 00:00:00,2026-04-17 15:58:34.174725
e946d86e-8290-44d7-b85b-75414358841e,CUST-2020-JP-000569,晃,田中,晃 田中,Female,1989-08-30,user809.apple@msn.com,090-6097-0868,834 森 Street,昭島市,西多摩郡日の出町,826-4732,JP,Japan,JAPAN,Japanese,Consumer,None,2020-02-26,2020,NEW,True,MDM,2020-02-26 00:00:00,2026-04-17 15:58:34.174782
49d9f471-0050-4d2c-baba-7c577043513b,CUST-2020-JP-000570,治,山口,治 山口,Male,1981-04-08,user818.apple250@gmx.com,090-8887-3378,074 西村 Street,千代田区,横浜市金沢区,375-8495,JP,Japan,JAPAN,Japanese,Education,Silver,2020-08-15,2020,NEW,True,MDM,2020-08-15 00:00:00,2026-04-17 15:58:34.174837
558aaa1e-796a-4554-aa16-1d0efd18785a,CUST-2020-JP-000571,修平,池田,修平 池田,Male,1989-11-22,user609.apple@live.com,090-4768-7404,545 鈴木 Street,山武郡横芝光町,福生市,212-3364,JP,Japan,JAPAN,Japanese,Consumer,None,2020-03-21,2020,NEW,True,MDM,2020-03-21 00:00:00,2026-04-17 15:58:34.174892
a23d6c8b-2294-46f6-865d-964eaa44fa96,CUST-2020-JP-000572,治,吉田,治 吉田,Male,1958-04-11,user684.apple657@zoho.com,090-5551-3957,837 太田 Street,香取市,小笠原村,942-2741,JP,Japan,JAPAN,Japanese,Consumer,None,2020-04-21,2020,NEW,False,MDM,2020-04-21 00:00:00,2026-04-17 15:58:34.174948
2af51656-b291-49cc-a808-3d648d0e3ac6,CUST-2020-JP-000573,涼平,伊藤,涼平 伊藤,Female,1978-02-26,user237.apple@icloud.com,090-2800-9864,108 吉田 Street,調布市,浦安市,709-7824,JP,Japan,JAPAN,Japanese,Consumer,Silver,2020-04-19,2020,NEW,True,MDM,2020-04-19 00:00:00,2026-04-17 15:58:34.175003
4deebecb-3230-4d0d-a423-b8950a6a47a0,CUST-2020-JP-000574,太郎,松本,太郎 松本,Male,1972-02-28,user327.apple@aol.com,090-3055-2305,784 中村 Street,袖ケ浦市,横浜市保土ケ谷区,737-6609,JP,Japan,JAPAN,Japanese,Consumer,None,2020-03-27,2020,NEW,True,MDM,2020-03-27 00:00:00,2026-04-17 15:58:34.175060
e9453e1f-8861-4b3d-9508-4080ae868e19,CUST-2020-JP-000575,太一,佐藤,太一 佐藤,Female,1984-06-30,user727.apple@mail.com,090-3402-6145,272 中村 Street,武蔵野市,横浜市鶴見区,880-3331,JP,Japan,JAPAN,Japanese,Education,None,2020-03-23,2020,NEW,True,MDM,2020-03-23 00:00:00,2026-04-17 15:58:34.175115
d974d710-8230-4991-bbf9-aa4db7b815db,CUST-2020-JP-000576,修平,小林,修平 小林,Male,1985-10-05,user202.apple@hotmail.com,57-4856-1525,416 中村 Street,横浜市鶴見区,山武郡芝山町,053-6872,JP,Japan,JAPAN,Japanese,Business,Silver,2020-07-02,2020,NEW,True,MDM,2020-07-02 00:00:00,2026-04-17 15:58:34.175171
284f6249-0ba8-4856-b690-38cb5ca3810e,CUST-2020-JP-000577,春香,加藤,春香 加藤,Female,2001-11-28,user193.apple@aol.com,25-7796-3521,978 田中 Street,横浜市泉区,西多摩郡瑞穂町,389-1145,JP,Japan,JAPAN,Japanese,Consumer,None,2020-05-15,2020,NEW,True,MDM,2020-05-15 00:00:00,2026-04-17 15:58:34.175228
491846db-bb61-4ad3-9608-231c4d51eeab,CUST-2020-JP-000578,明美,山崎,明美 山崎,Female,1991-02-08,user565.apple@protonmail.com,090-7608-0702,498 田中 Street,西多摩郡瑞穂町,荒川区,683-9935,JP,Japan,JAPAN,Japanese,Consumer,None,2020-01-24,2020,NEW,True,MDM,2020-01-24 00:00:00,2026-04-17 15:58:34.175283
5cfecce2-77f2-4295-9e32-b42f769abec5,CUST-2020-JP-000579,七夏,加藤,七夏 加藤,Female,1979-08-04,user192.apple@aol.com,090-7145-5275,839 三浦 Street,北区,新宿区,660-3585,JP,Japan,JAPAN,Japanese,Business,Silver,2020-11-11,2020,NEW,True,MDM,2020-11-11 00:00:00,2026-04-17 15:58:34.175338
0f655368-1f59-4b39-8a72-e39c44025ad9,CUST-2020-JP-000580,晃,遠藤,晃 遠藤,Male,1979-07-25,user194.apple@live.com,080-4794-3102,826 渡辺 Street,八千代市,横浜市港北区,644-0615,JP,Japan,JAPAN,Japanese,Consumer,None,2020-09-26,2020,NEW,True,MDM,2020-09-26 00:00:00,2026-04-17 15:58:34.175394
e22059b3-04dc-4353-b21f-b8bb596fe6e8,CUST-2020-JP-000581,太郎,鈴木,太郎 鈴木,Male,1976-08-24,user670.apple841@outlook.com,080-9904-1879,069 井上 Street,三宅島三宅村,横浜市港南区,004-8421,JP,Japan,JAPAN,Japanese,Business,Gold,2020-08-02,2020,NEW,True,MDM,2020-08-02 00:00:00,2026-04-17 15:58:34.175453
5a7da621-ec37-4616-b62e-d7e1037c9dba,CUST-2020-JP-000582,修平,中村,修平 中村,Male,1984-09-13,user653.apple31@mail.com,090-0113-2801,350 山口 Street,三宅島三宅村,横浜市栄区,330-4587,JP,Japan,JAPAN,Japanese,Consumer,Silver,2020-09-14,2020,NEW,True,MDM,2020-09-14 00:00:00,2026-04-17 15:58:34.175510
701b2f43-f8aa-4847-a790-6f0adb924298,CUST-2020-JP-000583,英樹,鈴木,英樹 鈴木,Male,1964-08-30,user279.apple264@live.com,56-5193-2171,167 吉田 Street,調布市,横浜市瀬谷区,182-5873,JP,Japan,JAPAN,Japanese,Consumer,Silver,2020-02-16,2020,NEW,True,MDM,2020-02-16 00:00:00,2026-04-17 15:58:34.175581
52a05e19-21c6-4f34-a786-57bc7c2fb1d3,CUST-2020-JP-000584,加奈,池田,加奈 池田,Male,1995-10-08,user387.apple@gmail.com,40-7900-0520,944 田中 Street,香取郡東庄町,中央区,639-2203,JP,Japan,JAPAN,Japanese,Consumer,Silver,2020-02-11,2020,NEW,True,MDM,2020-02-11 00:00:00,2026-04-17 15:58:34.175637
d2a9dc3a-03c6-4a18-989f-1f35915ab1c9,CUST-2020-JP-000585,智也,三浦,智也 三浦,Female,1955-02-09,user586.apple@zoho.com,11-9100-2281,179 中村 Street,横浜市中区,江東区,209-0023,JP,Japan,JAPAN,Japanese,Consumer,Silver,2020-04-14,2020,NEW,True,MDM,2020-04-14 00:00:00,2026-04-17 15:58:34.175693
64b91dfa-40f2-43f7-8daf-df4e52fffeff,CUST-2020-JP-000586,充,森,充 森,Female,1977-03-13,user281.apple@outlook.com,080-1603-0503,240 山田 Street,安房郡鋸南町,国分寺市,275-9296,JP,Japan,JAPAN,Japanese,Consumer,Platinum,2020-10-29,2020,NEW,True,MDM,2020-10-29 00:00:00,2026-04-17 15:58:34.175749
7abff4e6-d20c-46c5-b083-8b6954dc3f6a,CUST-2020-JP-000587,七夏,橋本,七夏 橋本,Female,2003-05-16,user139.apple@live.com,080-9176-5375,406 藤原 Street,八街市,いすみ市,671-3490,JP,Japan,JAPAN,Japanese,Consumer,Silver,2020-09-22,2020,NEW,True,MDM,2020-09-22 00:00:00,2026-04-17 15:58:34.175805
17fb5899-91dc-4694-894a-daff83c750f3,CUST-2020-JP-000588,美加子,木村,美加子 木村,Female,1979-04-22,user872.apple688@live.com,090-3541-7840,239 渡辺 Street,御蔵島村,横浜市西区,184-2013,JP,Japan,JAPAN,Japanese,Consumer,Platinum,2020-07-06,2020,NEW,True,MDM,2020-07-06 00:00:00,2026-04-17 15:58:34.175861
1221fac8-61b2-442a-b2d4-0dfca4819bb7,CUST-2020-JP-000589,香織,中川,香織 中川,Female,1959-03-07,user450.apple@yahoo.com,18-5827-6697,199 森 Street,横浜市磯子区,板橋区,242-1508,JP,Japan,JAPAN,Japanese,Consumer,Silver,2020-06-16,2020,NEW,True,MDM,2020-06-16 00:00:00,2026-04-17 15:58:34.175920
327bdd7c-5909-4ca6-b72d-d3a48266077a,CUST-2020-JP-000590,陽一,高橋,陽一 高橋,Female,1979-03-28,user131.apple187@gmx.com,080-2822-8156,692 橋本 Street,横浜市南区,印旛郡酒々井町,740-8165,JP,Japan,JAPAN,Japanese,Business,None,2020-06-21,2020,NEW,True,MDM,2020-06-21 00:00:00,2026-04-17 15:58:34.175976
84029d7f-8656-4222-92ea-91022ee530bc,CUST-2020-JP-000591,千代,佐々木,千代 佐々木,Female,1968-05-23,user155.apple198@gmail.com,45-1710-0618,291 高橋 Street,横浜市保土ケ谷区,我孫子市,823-9521,JP,Japan,JAPAN,Japanese,Consumer,None,2020-07-11,2020,NEW,True,MDM,2020-07-11 00:00:00,2026-04-17 15:58:34.176033
7528f241-e036-4d1c-be65-8bb136e1371f,CUST-2020-JP-000592,治,佐藤,治 佐藤,Female,1954-08-26,user426.apple240@protonmail.com,080-8609-1878,949 山本 Street,国立市,東久留米市,821-2211,JP,Japan,JAPAN,Japanese,Business,None,2020-08-24,2020,NEW,True,MDM,2020-08-24 00:00:00,2026-04-17 15:58:34.176127
e418f84b-c200-40a8-8b97-00b3192bcf96,CUST-2020-JP-000593,浩,佐々木,浩 佐々木,Male,1952-04-13,user563.apple167@protonmail.com,070-7231-0937,824 吉田 Street,横浜市瀬谷区,長生郡長南町,717-3539,JP,Japan,JAPAN,Japanese,Consumer,None,2020-02-25,2020,NEW,True,MDM,2020-02-25 00:00:00,2026-04-17 15:58:34.176217
3bdc9d46-61a7-4e0a-9814-7bb7c8aadadf,CUST-2020-JP-000594,くみ子,山本,くみ子 山本,Male,1987-12-11,user890.apple900@outlook.com,080-7049-2959,196 山田 Street,川崎市中原区,袖ケ浦市,156-8145,JP,Japan,JAPAN,Japanese,Consumer,Platinum,2020-07-15,2020,NEW,True,MDM,2020-07-15 00:00:00,2026-04-17 15:58:34.176276
bf050424-a6d2-48c8-9f06-0010e2985c03,CUST-2020-JP-000595,裕太,西村,裕太 西村,Male,1953-03-28,user560.apple@hotmail.com,03-4196-8564,808 田中 Street,香取市,清瀬市,444-3147,JP,Japan,JAPAN,Japanese,Business,Silver,2020-10-10,2020,NEW,True,MDM,2020-10-10 00:00:00,2026-04-17 15:58:34.176336
5eb93142-21f3-4c4e-b8f2-7a09ac36f4e4,CUST-2020-JP-000596,あすか,山本,あすか 山本,Female,1952-08-18,user821.apple@outlook.com,090-4018-0976,358 橋本 Street,川崎市高津区,府中市,591-6513,JP,Japan,JAPAN,Japanese,Business,None,2020-11-14,2020,NEW,True,MDM,2020-11-14 00:00:00,2026-04-17 15:58:34.176393
682b8c89-b1c7-429f-94ce-415f8a0cf45a,CUST-2020-JP-000597,直樹,佐々木,直樹 佐々木,Female,1974-05-09,user999.apple@gmail.com,080-0098-0418,759 山田 Street,夷隅郡御宿町,安房郡鋸南町,831-3017,JP,Japan,JAPAN,Japanese,Business,None,2020-01-02,2020,NEW,True,MDM,2020-01-02 00:00:00,2026-04-17 15:58:34.176452
15cc933e-fcb9-46f8-b90a-3f06d8a12ebf,CUST-2020-JP-000598,淳,鈴木,淳 鈴木,Male,1974-09-05,user413.apple@zoho.com,070-0381-6926,523 山崎 Street,東村山市,長生郡長生村,903-1194,JP,Japan,JAPAN,Japanese,Consumer,None,2020-07-18,2020,NEW,True,MDM,2020-07-18 00:00:00,2026-04-17 15:58:34.176511
17b1f03a-1687-45fd-80e0-e5dc2d69591f,CUST-2020-JP-000599,翔太,松本,翔太 松本,Female,1997-01-08,user670.apple@msn.com,090-8887-7761,064 橋本 Street,横浜市金沢区,八丈島八丈町,156-7302,JP,Japan,JAPAN,Japanese,Education,Gold,2020-01-04,2020,NEW,True,MDM,2020-01-04 00:00:00,2026-04-17 15:58:34.176568
1e644944-e8d4-474f-9e31-17ff6fd681d3,CUST-2020-JP-000600,舞,森,舞 森,Female,1989-06-27,user631.apple639@gmx.com,080-6714-2567,877 藤田 Street,横浜市神奈川区,印旛郡酒々井町,457-8922,JP,Japan,JAPAN,Japanese,Consumer,None,2020-11-02,2020,NEW,True,MDM,2020-11-02 00:00:00,2026-04-17 15:58:34.176631
12dcfe0f-9a3c-4bc8-bb74-82dc865a5a11,CUST-2020-JP-000601,直人,山口,直人 山口,Male,1960-09-30,user674.apple@icloud.com,090-3114-0836,485 井上 Street,八王子市,夷隅郡大多喜町,549-1043,JP,Japan,JAPAN,Japanese,Consumer,None,2020-08-07,2020,NEW,True,MDM,2020-08-07 00:00:00,2026-04-17 15:58:34.176688
6ecd8362-5443-42ae-a443-f20e1db4ecdd,CUST-2020-JP-000602,学,鈴木,学 鈴木,Female,2001-12-20,user899.apple@gmx.com,02-9282-3467,342 渡辺 Street,富津市,夷隅郡御宿町,738-9397,JP,Japan,JAPAN,Japanese,Consumer,Silver,2020-09-29,2020,NEW,True,MDM,2020-09-29 00:00:00,2026-04-17 15:58:34.176744
1167ac39-97f4-4070-8466-e85d40b559d2,CUST-2020-JP-000603,裕太,石川,裕太 石川,Male,1979-04-18,user877.apple@zoho.com,080-1272-1339,323 高橋 Street,中央区,横浜市緑区,004-4463,JP,Japan,JAPAN,Japanese,Consumer,None,2020-01-26,2020,NEW,True,MDM,2020-01-26 00:00:00,2026-04-17 15:58:34.176800
1f610d63-e9c9-44b8-bee3-23ecc5fd547f,CUST-2020-JP-000604,翔太,山口,翔太 山口,Female,1970-05-31,user596.apple278@protonmail.com,090-3144-5208,436 山田 Street,横浜市青葉区,富津市,015-4271,JP,Japan,JAPAN,Japanese,Consumer,Silver,2020-01-08,2020,NEW,True,MDM,2020-01-08 00:00:00,2026-04-17 15:58:34.176856
86f69c37-e012-4458-b8b6-081a08074e56,CUST-2020-JP-000605,聡太郎,山田,聡太郎 山田,Female,2001-07-21,user411.apple797@msn.com,94-0882-6733,007 三浦 Street,長生郡白子町,長生郡長柄町,643-5767,JP,Japan,JAPAN,Japanese,Consumer,Gold,2020-03-18,2020,NEW,True,MDM,2020-03-18 00:00:00,2026-04-17 15:58:34.176913
60cc7f52-dd07-4c18-9b95-95308e1534ea,CUST-2020-JP-000606,桃子,後藤,桃子 後藤,Female,1979-11-19,user413.apple@aol.com,090-4662-4245,663 吉田 Street,東大和市,印西市,251-9440,JP,Japan,JAPAN,Japanese,Education,Silver,2020-09-21,2020,NEW,True,MDM,2020-09-21 00:00:00,2026-04-17 15:58:34.176969
2f56a113-e158-47d2-a3bc-aad4dc114eb9,CUST-2020-JP-000607,直子,吉田,直子 吉田,Female,2003-09-13,user692.apple365@hotmail.com,090-2743-0847,434 山崎 Street,横浜市青葉区,墨田区,459-9117,JP,Japan,JAPAN,Japanese,Business,None,2020-08-17,2020,NEW,True,MDM,2020-08-17 00:00:00,2026-04-17 15:58:34.177025
eae437f3-404f-47fb-bce3-03065d853fcf,CUST-2020-JP-000608,桃子,藤井,桃子 藤井,Male,1951-06-09,user505.apple@gmx.com,25-1320-8386,141 木村 Street,西東京市,富津市,001-4351,JP,Japan,JAPAN,Japanese,Consumer,Silver,2020-11-14,2020,NEW,True,MDM,2020-11-14 00:00:00,2026-04-17 15:58:34.177084
f648f3a4-ac1f-45e3-9e1b-ebb7712bf66d,CUST-2020-JP-000609,拓真,中村,拓真 中村,Female,1963-08-16,user752.apple@protonmail.com,70-3094-6395,620 前田 Street,足立区,福生市,716-5627,JP,Japan,JAPAN,Japanese,Consumer,None,2020-07-15,2020,NEW,True,MDM,2020-07-15 00:00:00,2026-04-17 15:58:34.177143
0f3449ec-ae2f-48f0-abf1-a6b8d31fa9be,CUST-2020-JP-000610,真綾,中島,真綾 中島,Male,1958-05-28,user640.apple@zoho.com,080-8244-6931,526 小林 Street,調布市,西多摩郡瑞穂町,436-2631,JP,Japan,JAPAN,Japanese,Education,None,2020-04-06,2020,NEW,True,MDM,2020-04-06 00:00:00,2026-04-17 15:58:34.177198
35023954-62cb-4360-8dd2-12b725d50785,CUST-2020-JP-000611,くみ子,佐藤,くみ子 佐藤,Male,1994-07-22,user756.apple@hotmail.com,070-7901-7456,669 佐々木 Street,横浜市泉区,印西市,426-0836,JP,Japan,JAPAN,Japanese,Consumer,None,2020-03-27,2020,NEW,True,MDM,2020-03-27 00:00:00,2026-04-17 15:58:34.177254
22ae5c4b-d7a9-4194-99fb-2ff7fd922b85,CUST-2020-JP-000612,結衣,藤井,結衣 藤井,Female,1995-01-07,user925.apple622@outlook.com,090-1503-5879,953 佐藤 Street,稲城市,新島村,283-8357,JP,Japan,JAPAN,Japanese,Business,None,2020-02-17,2020,NEW,True,MDM,2020-02-17 00:00:00,2026-04-17 15:58:34.177314
7578e375-1d11-416d-83bb-0baa3bd7fc3f,CUST-2020-JP-000613,智也,鈴木,智也 鈴木,Female,1985-04-22,user295.apple@protonmail.com,070-1538-8041,246 伊藤 Street,袖ケ浦市,印西市,108-8901,JP,Japan,JAPAN,Japanese,Consumer,Silver,2020-08-09,2020,NEW,True,MDM,2020-08-09 00:00:00,2026-04-17 15:58:34.177372
0e7e8f74-7152-42f4-8c5b-6df3c369de41,CUST-2020-JP-000614,翔太,長谷川,翔太 長谷川,Female,2000-04-19,user614.apple@outlook.com,070-7904-5371,535 中川 Street,鎌ケ谷市,練馬区,663-5416,JP,Japan,JAPAN,Japanese,Education,Silver,2020-09-15,2020,NEW,True,MDM,2020-09-15 00:00:00,2026-04-17 15:58:34.177428
00995ab2-a63e-4739-98ad-a1b85eab01b8,CUST-2020-JP-000615,翔太,鈴木,翔太 鈴木,Female,1968-06-02,user509.apple@zoho.com,070-6912-0121,168 山崎 Street,匝瑳市,川崎市中原区,693-0874,JP,Japan,JAPAN,Japanese,Consumer,None,2020-01-03,2020,NEW,True,MDM,2020-01-03 00:00:00,2026-04-17 15:58:34.177486
8dd1f06d-4d7b-4733-8170-3192c1b530e9,CUST-2020-JP-000616,康弘,中村,康弘 中村,Male,1974-04-11,user737.apple@gmx.com,080-5180-2604,020 吉田 Street,調布市,町田市,808-1387,JP,Japan,JAPAN,Japanese,Business,Silver,2020-05-20,2020,NEW,False,MDM,2020-05-20 00:00:00,2026-04-17 15:58:34.177545
251f4a22-6c30-4826-9ef6-e758885c7509,CUST-2020-JP-000617,直人,後藤,直人 後藤,Male,1965-07-22,user417.apple@live.com,090-6036-1932,488 中村 Street,新島村,浦安市,652-8071,JP,Japan,JAPAN,Japanese,Consumer,None,2020-10-04,2020,NEW,True,MDM,2020-10-04 00:00:00,2026-04-17 15:58:34.177602
8994679c-cdd2-4692-ba51-b99492023146,CUST-2020-JP-000618,充,山崎,充 山崎,Female,1985-07-29,user773.apple@yahoo.com,090-1881-6950,187 佐藤 Street,小金井市,江戸川区,565-4833,JP,Japan,JAPAN,Japanese,Consumer,Silver,2020-03-28,2020,NEW,True,MDM,2020-03-28 00:00:00,2026-04-17 15:58:34.177658
57d87c9b-fa80-4bbc-8440-56f6f9cc6472,CUST-2020-JP-000619,さゆり,鈴木,さゆり 鈴木,Male,1952-11-04,user754.apple@gmail.com,080-6580-5075,848 山田 Street,横浜市鶴見区,八千代市,895-3709,JP,Japan,JAPAN,Japanese,Consumer,None,2020-11-18,2020,NEW,False,MDM,2020-11-18 00:00:00,2026-04-17 15:58:34.177713
85f3c452-6df7-44dd-bb2e-a72b96ca34a5,CUST-2020-JP-000620,陽一,山崎,陽一 山崎,Male,1958-06-08,user379.apple@aol.com,74-4671-5727,604 伊藤 Street,川崎市高津区,横浜市瀬谷区,359-2267,JP,Japan,JAPAN,Japanese,Consumer,None,2020-08-19,2020,NEW,True,MDM,2020-08-19 00:00:00,2026-04-17 15:58:34.177771
ddbdc6e3-1414-4099-ad5e-7773f1bba5ac,CUST-2020-JP-000621,亮介,池田,亮介 池田,Male,1972-01-14,user592.apple201@mail.com,080-2712-0820,482 池田 Street,八街市,川崎市宮前区,852-2299,JP,Japan,JAPAN,Japanese,Consumer,None,2020-10-11,2020,NEW,True,MDM,2020-10-11 00:00:00,2026-04-17 15:58:34.177827
5b24192b-d825-4c5f-9207-ede3e64a4fc0,CUST-2020-JP-000622,淳,石川,淳 石川,Female,1955-09-25,user233.apple@live.com,070-9247-3292,796 伊藤 Street,鴨川市,中野区,476-6310,JP,Japan,JAPAN,Japanese,Consumer,None,2020-12-04,2020,NEW,True,MDM,2020-12-04 00:00:00,2026-04-17 15:58:34.177882
09f79f51-770f-43ad-b3bb-131ddef069a0,CUST-2020-JP-000623,英樹,前田,英樹 前田,Male,1999-03-22,user969.apple@icloud.com,35-1167-3841,221 前田 Street,横浜市金沢区,袖ケ浦市,562-4737,JP,Japan,JAPAN,Japanese,Consumer,Silver,2020-12-19,2020,NEW,True,MDM,2020-12-19 00:00:00,2026-04-17 15:58:34.177938
ac924326-f56f-4387-b0d0-ed0a796a743a,CUST-2020-JP-000624,裕太,青木,裕太 青木,Male,2003-10-13,user811.apple268@gmail.com,080-4759-2376,434 藤井 Street,西東京市,山武郡九十九里町,622-7589,JP,Japan,JAPAN,Japanese,Consumer,Silver,2020-03-14,2020,NEW,True,MDM,2020-03-14 00:00:00,2026-04-17 15:58:34.177995
667bfa8f-d272-469d-86b4-623a2233363e,CUST-2020-JP-000625,治,岡本,治 岡本,Female,1966-01-14,user301.apple@protonmail.com,070-4346-2671,869 中村 Street,印西市,西多摩郡日の出町,072-1611,JP,Japan,JAPAN,Japanese,Consumer,Platinum,2020-02-14,2020,NEW,True,MDM,2020-02-14 00:00:00,2026-04-17 15:58:34.178050
c29444fe-4b51-46a4-815b-077e4191fc86,CUST-2020-JP-000626,直人,鈴木,直人 鈴木,Male,2003-02-18,user916.apple@zoho.com,070-9497-3073,495 加藤 Street,浦安市,横浜市青葉区,983-2635,JP,Japan,JAPAN,Japanese,Consumer,Gold,2020-10-18,2020,NEW,True,MDM,2020-10-18 00:00:00,2026-04-17 15:58:34.178105
ccbffe19-b334-4d5d-91be-c24b5476d406,CUST-2020-JP-000627,零,吉田,零 吉田,Female,2006-10-14,user479.apple@gmx.com,090-7169-2275,986 斎藤 Street,長生郡長生村,八千代市,228-4934,JP,Japan,JAPAN,Japanese,Consumer,Silver,2020-09-12,2020,NEW,True,MDM,2020-09-12 00:00:00,2026-04-17 15:58:34.178164
e6ffcfa8-fcb0-4773-a07f-2eb6dc85eb30,CUST-2020-JP-000628,千代,森,千代 森,Male,2002-03-25,user525.apple@gmx.com,090-4188-5230,538 森 Street,日野市,日野市,205-1450,JP,Japan,JAPAN,Japanese,Consumer,Silver,2020-07-25,2020,NEW,True,MDM,2020-07-25 00:00:00,2026-04-17 15:58:34.178220
89d045ff-b944-4de5-9b05-d5471513cc2b,CUST-2020-JP-000629,淳,木村,淳 木村,Female,1978-06-08,user276.apple@mail.com,080-7091-2352,675 岡田 Street,杉並区,川崎市幸区,771-4234,JP,Japan,JAPAN,Japanese,Consumer,Silver,2020-11-13,2020,NEW,True,MDM,2020-11-13 00:00:00,2026-04-17 15:58:34.178275
a240bc46-1c76-4755-9378-e1433bcbd506,CUST-2020-JP-000630,零,中村,零 中村,Male,1992-01-07,user243.apple@gmail.com,080-2517-8751,166 三浦 Street,印旛郡本埜村,安房郡鋸南町,104-8889,JP,Japan,JAPAN,Japanese,Consumer,None,2020-04-27,2020,NEW,True,MDM,2020-04-27 00:00:00,2026-04-17 15:58:34.178331
58ee73ae-02b9-4b9b-af41-f8094c5d2479,CUST-2020-JP-000631,舞,斉藤,舞 斉藤,Male,2004-10-18,user888.apple@mail.com,070-4061-7671,865 太田 Street,豊島区,世田谷区,939-4050,JP,Japan,JAPAN,Japanese,Business,None,2020-08-29,2020,NEW,True,MDM,2020-08-29 00:00:00,2026-04-17 15:58:34.178389
4a60afcd-29b5-487f-9d31-03a37b8d1a67,CUST-2020-JP-000632,翼,森,翼 森,Male,1998-03-24,user200.apple@gmx.com,080-0201-7892,583 太田 Street,川崎市幸区,山武郡芝山町,161-9709,JP,Japan,JAPAN,Japanese,Consumer,None,2020-11-26,2020,NEW,True,MDM,2020-11-26 00:00:00,2026-04-17 15:58:34.178443
da815976-4254-4d62-a71d-64ca1b886a04,CUST-2020-JP-000633,聡太郎,佐藤,聡太郎 佐藤,Female,2003-03-26,user580.apple444@yahoo.com,070-0525-9921,035 山口 Street,荒川区,江戸川区,920-4437,JP,Japan,JAPAN,Japanese,Consumer,None,2020-01-17,2020,NEW,True,MDM,2020-01-17 00:00:00,2026-04-17 15:58:34.178498
6bc67d9a-2be5-482f-8ec2-e0979f7e609c,CUST-2020-JP-000634,聡太郎,近藤,聡太郎 近藤,Female,1976-06-06,user657.apple@gmx.com,070-6764-0418,768 阿部 Street,国立市,国立市,377-0611,JP,Japan,JAPAN,Japanese,Consumer,Silver,2020-02-06,2020,NEW,False,MDM,2020-02-06 00:00:00,2026-04-17 15:58:34.178565
d85e151d-fe34-4c5b-9f0e-0d46700d9237,CUST-2020-JP-000635,陽子,後藤,陽子 後藤,Male,1973-03-28,user738.apple@hotmail.com,080-9357-5911,670 佐藤 Street,西東京市,白井市,402-8385,JP,Japan,JAPAN,Japanese,Consumer,None,2020-08-12,2020,NEW,True,MDM,2020-08-12 00:00:00,2026-04-17 15:58:34.178626
721b57fc-bfc6-4776-b382-e879b7c7eb49,CUST-2020-JP-000636,晃,後藤,晃 後藤,Male,2006-10-09,user787.apple@msn.com,10-3277-8346,604 吉田 Street,富里市,四街道市,162-3586,JP,Japan,JAPAN,Japanese,Education,Silver,2020-05-03,2020,NEW,True,MDM,2020-05-03 00:00:00,2026-04-17 15:58:34.178682
5f875965-2375-4620-a68e-767537c4d69f,CUST-2020-JP-000637,太郎,阿部,太郎 阿部,Male,1967-03-01,user884.apple307@hotmail.com,080-0170-1424,729 山下 Street,昭島市,立川市,812-0873,JP,Japan,JAPAN,Japanese,Consumer,Gold,2020-05-12,2020,NEW,True,MDM,2020-05-12 00:00:00,2026-04-17 15:58:34.178739
5fce746d-e9a0-4503-99a0-8582277029d5,CUST-2020-JP-000638,舞,阿部,舞 阿部,Female,2004-11-02,user133.apple@live.com,070-6912-4922,166 石井 Street,印旛郡酒々井町,香取市,240-9563,JP,Japan,JAPAN,Japanese,Consumer,Gold,2020-08-11,2020,NEW,False,MDM,2020-08-11 00:00:00,2026-04-17 15:58:34.178795
96b5e5fe-f41c-45f3-927a-f81d6755c3dd,CUST-2020-JP-000639,陽子,井上,陽子 井上,Female,1972-01-25,user974.apple@live.com,32-8378-8971,657 池田 Street,横浜市泉区,横浜市旭区,612-4696,JP,Japan,JAPAN,Japanese,Consumer,None,2020-12-10,2020,NEW,True,MDM,2020-12-10 00:00:00,2026-04-17 15:58:34.178850
33ffab86-9748-46fe-b13a-715203a6a5c7,CUST-2020-JP-000640,香織,近藤,香織 近藤,Male,1998-08-06,user223.apple119@yahoo.com,070-0633-5848,568 伊藤 Street,安房郡鋸南町,三鷹市,832-8270,JP,Japan,JAPAN,Japanese,Consumer,None,2020-02-17,2020,NEW,True,MDM,2020-02-17 00:00:00,2026-04-17 15:58:34.178906
73c5a637-2944-4062-8b07-dffc77348ba5,CUST-2020-JP-000641,零,伊藤,零 伊藤,Male,2006-10-24,user672.apple@icloud.com,080-9642-6469,792 小林 Street,江東区,夷隅郡大多喜町,896-3850,JP,Japan,JAPAN,Japanese,Consumer,None,2020-10-04,2020,NEW,True,MDM,2020-10-04 00:00:00,2026-04-17 15:58:34.178961
1f3ce4c1-7aa5-48ae-ba38-b58b4494a2c2,CUST-2020-JP-000642,洋介,橋本,洋介 橋本,Male,1954-02-02,user941.apple753@hotmail.com,090-3934-8193,344 斎藤 Street,浦安市,長生郡長南町,520-0524,JP,Japan,JAPAN,Japanese,Education,Silver,2020-04-23,2020,NEW,True,MDM,2020-04-23 00:00:00,2026-04-17 15:58:34.179016
dd4b091d-280e-4a17-8238-cff66db3c1f4,CUST-2020-JP-000643,陽一,小林,陽一 小林,Male,1986-09-09,user415.apple800@msn.com,070-9065-5764,074 中村 Street,西多摩郡檜原村,袖ケ浦市,826-1732,JP,Japan,JAPAN,Japanese,Education,Silver,2020-05-22,2020,NEW,True,MDM,2020-05-22 00:00:00,2026-04-17 15:58:34.179072
7560093e-c655-4d1e-b5b4-b74e542853d6,CUST-2020-JP-000644,春香,斎藤,春香 斎藤,Male,1970-04-14,user117.apple@msn.com,070-2990-8115,008 佐藤 Street,印西市,山武郡芝山町,470-6054,JP,Japan,JAPAN,Japanese,Education,Silver,2020-12-01,2020,NEW,True,MDM,2020-12-01 00:00:00,2026-04-17 15:58:34.179127
98aab76e-f518-4b44-a5f0-e45a76712bd1,CUST-2020-JP-000645,結衣,渡辺,結衣 渡辺,Male,1958-04-09,user870.apple513@yahoo.com,090-5257-9379,822 森 Street,富津市,長生郡長生村,821-6467,JP,Japan,JAPAN,Japanese,Consumer,Platinum,2020-02-19,2020,NEW,True,MDM,2020-02-19 00:00:00,2026-04-17 15:58:34.179182
a6413cf0-55fa-4cff-9b5f-5134e2f07927,CUST-2020-JP-000646,くみ子,山崎,くみ子 山崎,Female,1981-08-23,user444.apple@gmail.com,090-3760-6266,049 太田 Street,清瀬市,豊島区,069-1373,JP,Japan,JAPAN,Japanese,Consumer,None,2020-09-11,2020,NEW,True,MDM,2020-09-11 00:00:00,2026-04-17 15:58:34.179237
cdb3eb14-ed22-4f59-9fe5-34e81f82aeb8,CUST-2020-JP-000647,充,井上,充 井上,Male,1987-11-06,user650.apple@icloud.com,75-4952-2177,505 高橋 Street,横浜市栄区,横浜市栄区,545-4062,JP,Japan,JAPAN,Japanese,Business,Silver,2020-01-24,2020,NEW,True,MDM,2020-01-24 00:00:00,2026-04-17 15:58:34.179295
f2e82c0f-ffa7-4572-8189-0cab64f86fde,CUST-2020-JP-000648,春香,遠藤,春香 遠藤,Male,1964-05-17,user672.apple820@mail.com,070-3281-1161,639 鈴木 Street,鎌ケ谷市,杉並区,991-9358,JP,Japan,JAPAN,Japanese,Consumer,None,2020-09-27,2020,NEW,True,MDM,2020-09-27 00:00:00,2026-04-17 15:58:34.179350
86cb2d9d-8d4c-4258-9ad8-1032c9393c43,CUST-2020-JP-000649,里佳,藤井,里佳 藤井,Female,1991-05-08,user749.apple@outlook.com,070-6030-0594,461 鈴木 Street,山武郡九十九里町,山武郡横芝光町,669-3877,JP,Japan,JAPAN,Japanese,Business,None,2020-03-03,2020,NEW,True,MDM,2020-03-03 00:00:00,2026-04-17 15:58:34.179405
b1ccc9be-101e-4cb2-8784-37003e7ea74b,CUST-2020-JP-000650,学,木村,学 木村,Female,1984-03-24,user119.apple@gmx.com,080-1304-5840,149 長谷川 Street,世田谷区,我孫子市,955-7326,JP,Japan,JAPAN,Japanese,Consumer,Silver,2020-10-23,2020,NEW,True,MDM,2020-10-23 00:00:00,2026-04-17 15:58:34.179460
880c19cc-b8aa-401b-ba85-fbd2d9aed761,CUST-2020-JP-000651,くみ子,鈴木,くみ子 鈴木,Male,1984-03-28,user980.apple341@outlook.com,070-9089-0766,224 高橋 Street,目黒区,長生郡睦沢町,903-4128,JP,Japan,JAPAN,Japanese,Consumer,Gold,2020-02-06,2020,NEW,True,MDM,2020-02-06 00:00:00,2026-04-17 15:58:34.179515
5385b042-1a7e-42fb-add9-bca3f57ee6c2,CUST-2020-JP-000652,篤司,後藤,篤司 後藤,Male,1993-10-22,user557.apple934@gmail.com,080-4990-5297,196 高橋 Street,江東区,小笠原村,097-0542,JP,Japan,JAPAN,Japanese,Business,Gold,2020-03-28,2020,NEW,True,MDM,2020-03-28 00:00:00,2026-04-17 15:58:34.179571
50ae6a62-d91d-44be-8ea5-2f6d144629d8,CUST-2020-JP-000653,翼,高橋,翼 高橋,Male,1986-12-06,user921.apple@yahoo.com,070-4203-6730,469 後藤 Street,山武郡横芝光町,白井市,805-0545,JP,Japan,JAPAN,Japanese,Consumer,None,2020-09-23,2020,NEW,True,MDM,2020-09-23 00:00:00,2026-04-17 15:58:34.179626
188829ae-23f4-42d5-9e1e-90fad25fce3a,CUST-2020-JP-000654,零,渡辺,零 渡辺,Male,2006-06-22,user617.apple@live.com,090-2330-6741,765 遠藤 Street,富里市,横浜市金沢区,803-7410,JP,Japan,JAPAN,Japanese,Consumer,Silver,2020-09-29,2020,NEW,True,MDM,2020-09-29 00:00:00,2026-04-17 15:58:34.179680
1aa1aae9-e0a3-4c1b-bdd7-649b714cd2aa,CUST-2020-JP-000655,涼平,中村,涼平 中村,Male,1992-05-11,user696.apple@live.com,070-4463-9982,702 斎藤 Street,荒川区,足立区,172-9403,JP,Japan,JAPAN,Japanese,Education,Silver,2020-02-19,2020,NEW,True,MDM,2020-02-19 00:00:00,2026-04-17 15:58:34.179735
7aeddede-2ab3-4147-9826-89ecddbd7b6a,CUST-2020-JP-000656,智也,山崎,智也 山崎,Male,1988-04-29,user326.apple@icloud.com,080-4207-7655,336 斉藤 Street,横浜市港南区,山武市,254-6586,JP,Japan,JAPAN,Japanese,Consumer,None,2020-06-02,2020,NEW,True,MDM,2020-06-02 00:00:00,2026-04-17 15:58:34.179790
a353ae30-0f2b-4f67-975e-c874b7a8ec4a,CUST-2020-JP-000657,智也,鈴木,智也 鈴木,Male,1956-09-30,user565.apple@live.com,080-6617-2397,432 石川 Street,夷隅郡御宿町,横浜市磯子区,082-5716,JP,Japan,JAPAN,Japanese,Consumer,None,2020-12-28,2020,NEW,True,MDM,2020-12-28 00:00:00,2026-04-17 15:58:34.179845
299e741d-686f-4323-ade6-3849d8f6915c,CUST-2020-JP-000658,裕樹,小川,裕樹 小川,Male,1982-03-30,user260.apple@yahoo.com,96-5058-7446,857 藤井 Street,大田区,川崎市高津区,902-7278,JP,Japan,JAPAN,Japanese,Education,Platinum,2020-04-05,2020,NEW,True,MDM,2020-04-05 00:00:00,2026-04-17 15:58:34.179902
bf07c0f6-85cd-4d6f-a738-7fdcce0c8256,CUST-2020-JP-000659,晃,斎藤,晃 斎藤,Female,1975-06-27,user520.apple@gmail.com,42-2843-9050,719 斉藤 Street,川崎市多摩区,東大和市,903-6400,JP,Japan,JAPAN,Japanese,Consumer,Platinum,2020-02-10,2020,NEW,True,MDM,2020-02-10 00:00:00,2026-04-17 15:58:34.179957
1ab1d280-f4dc-4030-bfa8-d9f70d5dbd77,CUST-2020-JP-000660,さゆり,池田,さゆり 池田,Female,2004-08-14,user109.apple@mail.com,080-2033-7844,883 佐藤 Street,小金井市,国分寺市,871-9273,JP,Japan,JAPAN,Japanese,Consumer,Silver,2020-07-31,2020,NEW,True,MDM,2020-07-31 00:00:00,2026-04-17 15:58:34.180013
c12f870a-10f2-404f-9c54-26bf2bfa7faf,CUST-2020-JP-000661,洋介,伊藤,洋介 伊藤,Female,2004-06-22,user876.apple998@mail.com,070-3464-1410,726 木村 Street,香取郡神崎町,新島村,189-2688,JP,Japan,JAPAN,Japanese,Consumer,None,2020-06-04,2020,NEW,True,MDM,2020-06-04 00:00:00,2026-04-17 15:58:34.180068
0e35592b-b574-4cd8-811e-18a05327b969,CUST-2020-JP-000662,淳,坂本,淳 坂本,Female,1975-05-26,user930.apple@msn.com,070-9815-7807,198 西村 Street,富里市,墨田区,444-8261,JP,Japan,JAPAN,Japanese,Education,None,2020-07-29,2020,NEW,True,MDM,2020-07-29 00:00:00,2026-04-17 15:58:34.180123
ef8b10c6-1d3d-4af9-86f7-68b3496c0165,CUST-2020-JP-000663,篤司,佐々木,篤司 佐々木,Male,1997-09-17,user751.apple@msn.com,090-9596-1652,917 小川 Street,いすみ市,西多摩郡檜原村,693-3132,JP,Japan,JAPAN,Japanese,Consumer,Silver,2020-06-11,2020,NEW,True,MDM,2020-06-11 00:00:00,2026-04-17 15:58:34.180177
e91ba913-584c-44eb-a473-240eb03e7a16,CUST-2020-JP-000664,充,小川,充 小川,Male,2000-11-29,user511.apple@aol.com,070-0275-4814,424 藤田 Street,長生郡一宮町,三鷹市,900-4395,JP,Japan,JAPAN,Japanese,Consumer,Silver,2020-06-01,2020,NEW,True,MDM,2020-06-01 00:00:00,2026-04-17 15:58:34.180232
d1d03f6f-0f83-429c-bbbb-f74036c929a1,CUST-2020-JP-000665,浩,藤原,浩 藤原,Male,1997-07-06,user454.apple@gmx.com,18-9416-1273,959 藤原 Street,品川区,印西市,655-7160,JP,Japan,JAPAN,Japanese,Business,None,2020-04-24,2020,NEW,True,MDM,2020-04-24 00:00:00,2026-04-17 15:58:34.180288
a7171d55-85fe-4e73-83c3-577c961d406d,CUST-2020-JP-000666,智也,中島,智也 中島,Male,1957-12-11,user990.apple@live.com,070-3617-1746,252 加藤 Street,川崎市多摩区,横浜市鶴見区,902-4573,JP,Japan,JAPAN,Japanese,Consumer,Gold,2020-10-05,2020,NEW,True,MDM,2020-10-05 00:00:00,2026-04-17 15:58:34.180343
f448cdb5-479a-4641-9201-fab71f890389,CUST-2020-JP-000667,結衣,井上,結衣 井上,Male,1967-05-13,user584.apple507@mail.com,070-9891-5706,885 西村 Street,横浜市金沢区,長生郡一宮町,348-8052,JP,Japan,JAPAN,Japanese,Education,None,2020-05-14,2020,NEW,False,MDM,2020-05-14 00:00:00,2026-04-17 15:58:34.180398
253796e3-2d43-4ed5-a0de-ee3bc36a6469,CUST-2020-JP-000668,結衣,石井,結衣 石井,Male,1969-03-16,user936.apple282@icloud.com,55-0072-7070,073 山本 Street,羽村市,白井市,808-9679,JP,Japan,JAPAN,Japanese,Consumer,None,2020-05-30,2020,NEW,True,MDM,2020-05-30 00:00:00,2026-04-17 15:58:34.180454
d1d4a1da-e27c-4562-83ae-ed380e27ea7e,CUST-2020-JP-000669,健一,斎藤,健一 斎藤,Male,1969-05-17,user893.apple@gmx.com,080-4785-7427,138 田中 Street,中野区,川崎市中原区,442-8647,JP,Japan,JAPAN,Japanese,Education,None,2020-10-25,2020,NEW,True,MDM,2020-10-25 00:00:00,2026-04-17 15:58:34.180508
cb3a3568-6987-4d18-bfec-b5e845ce3b88,CUST-2020-JP-000670,和也,伊藤,和也 伊藤,Female,1960-09-07,user417.apple@msn.com,080-6899-9467,486 池田 Street,山武郡横芝光町,羽村市,512-6270,JP,Japan,JAPAN,Japanese,Business,Platinum,2020-03-12,2020,NEW,True,MDM,2020-03-12 00:00:00,2026-04-17 15:58:34.180563
1b5b8f10-9598-4449-8de1-8b293a1fb5e9,CUST-2020-JP-000671,裕美子,佐藤,裕美子 佐藤,Female,1971-12-21,user227.apple@mail.com,080-1320-9127,015 山本 Street,三鷹市,いすみ市,833-4507,JP,Japan,JAPAN,Japanese,Business,None,2020-02-06,2020,NEW,False,MDM,2020-02-06 00:00:00,2026-04-17 15:58:34.180618
94baa018-f7fc-46ef-85bb-1f0b7b573b3f,CUST-2020-JP-000672,京助,池田,京助 池田,Female,1988-12-12,user198.apple@outlook.com,17-7907-0908,292 山崎 Street,小笠原村,稲城市,393-9413,JP,Japan,JAPAN,Japanese,Consumer,None,2020-07-16,2020,NEW,True,MDM,2020-07-16 00:00:00,2026-04-17 15:58:34.180675
9b0c2681-ec31-4a5b-b1d5-4395e4070329,CUST-2020-JP-000673,加奈,池田,加奈 池田,Female,1966-07-22,user636.apple427@gmail.com,98-2132-7659,538 岡本 Street,足立区,新島村,933-6068,JP,Japan,JAPAN,Japanese,Consumer,Silver,2020-05-30,2020,NEW,True,MDM,2020-05-30 00:00:00,2026-04-17 15:58:34.180732
5d9733b8-8a07-44ed-a3be-b5eb4e5f2fa3,CUST-2020-JP-000674,翼,吉田,翼 吉田,Female,1982-09-01,user922.apple819@outlook.com,090-4568-0873,812 佐藤 Street,千代田区,横浜市戸塚区,025-6611,JP,Japan,JAPAN,Japanese,Consumer,Silver,2020-09-04,2020,NEW,True,MDM,2020-09-04 00:00:00,2026-04-17 15:58:34.180789
77f27def-d89f-4127-aa22-eeaa94f7757e,CUST-2020-JP-000675,七夏,山本,七夏 山本,Male,1989-02-19,user891.apple@aol.com,47-4235-0095,420 山口 Street,杉並区,山武郡芝山町,994-5433,JP,Japan,JAPAN,Japanese,Consumer,Silver,2020-08-10,2020,NEW,True,MDM,2020-08-10 00:00:00,2026-04-17 15:58:34.180848
00a102bf-de35-470b-963a-bbd1387e93e0,CUST-2020-JP-000676,直子,佐藤,直子 佐藤,Female,1969-11-22,user491.apple@gmx.com,070-8008-3369,762 高橋 Street,小平市,横浜市都筑区,766-3019,JP,Japan,JAPAN,Japanese,Consumer,None,2020-09-17,2020,NEW,True,MDM,2020-09-17 00:00:00,2026-04-17 15:58:34.180905
d5e44535-aa13-4b9d-9f56-fdc32d82aada,CUST-2020-JP-000677,翔太,田中,翔太 田中,Male,1969-11-27,user775.apple230@msn.com,69-4449-1926,544 中村 Street,利島村,浦安市,979-7539,JP,Japan,JAPAN,Japanese,Business,Silver,2020-07-09,2020,NEW,True,MDM,2020-07-09 00:00:00,2026-04-17 15:58:34.180961
05ac8d5f-d111-4170-b01d-7b066190fdcf,CUST-2020-JP-000678,京助,中村,京助 中村,Male,1957-03-05,user713.apple@outlook.com,090-1423-0851,879 山田 Street,調布市,川崎市幸区,381-1223,JP,Japan,JAPAN,Japanese,Consumer,None,2020-02-23,2020,NEW,True,MDM,2020-02-23 00:00:00,2026-04-17 15:58:34.181017
dc4039e2-7437-4683-b1b2-f72919850604,CUST-2020-JP-000679,京助,山本,京助 山本,Male,1985-03-15,user740.apple561@msn.com,090-1301-8077,397 田中 Street,八王子市,香取郡神崎町,266-4233,JP,Japan,JAPAN,Japanese,Consumer,None,2020-05-17,2020,NEW,False,MDM,2020-05-17 00:00:00,2026-04-17 15:58:34.181073
24b19b83-75d5-47d5-bf87-ddb4a1d3242b,CUST-2020-JP-000680,香織,太田,香織 太田,Female,1979-08-31,user846.apple@icloud.com,02-5321-9034,227 中村 Street,浦安市,山武郡九十九里町,301-9425,JP,Japan,JAPAN,Japanese,Consumer,None,2020-03-14,2020,NEW,True,MDM,2020-03-14 00:00:00,2026-04-17 15:58:34.181129
1ba292e0-4dba-43f2-8c0c-7840154fe4f9,CUST-2020-JP-000681,浩,木村,浩 木村,Female,1976-02-17,user525.apple353@mail.com,080-9246-0044,029 山本 Street,西多摩郡檜原村,川崎市高津区,375-7511,JP,Japan,JAPAN,Japanese,Business,None,2020-09-04,2020,NEW,True,MDM,2020-09-04 00:00:00,2026-04-17 15:58:34.181184
204400b9-a585-4e01-ade8-7220a2a83725,CUST-2020-JP-000682,直子,中村,直子 中村,Female,1966-07-17,user838.apple@mail.com,080-4383-8747,099 田中 Street,山武市,府中市,342-0890,JP,Japan,JAPAN,Japanese,Consumer,None,2020-01-30,2020,NEW,True,MDM,2020-01-30 00:00:00,2026-04-17 15:58:34.181239
47388871-7fe4-48e6-8229-2176fc57192d,CUST-2020-JP-000683,稔,佐々木,稔 佐々木,Male,1952-10-07,user575.apple@gmail.com,090-5082-6988,147 山本 Street,横浜市保土ケ谷区,小金井市,829-6468,JP,Japan,JAPAN,Japanese,Consumer,Gold,2020-05-08,2020,NEW,True,MDM,2020-05-08 00:00:00,2026-04-17 15:58:34.181294
738f4d58-7682-42ba-9b30-50538e1d63f4,CUST-2020-JP-000684,桃子,高橋,桃子 高橋,Female,1960-04-20,user169.apple@gmx.com,070-2547-1453,582 渡辺 Street,川崎市宮前区,夷隅郡大多喜町,206-7470,JP,Japan,JAPAN,Japanese,Consumer,None,2020-02-14,2020,NEW,True,MDM,2020-02-14 00:00:00,2026-04-17 15:58:34.181348
0fa5c8de-abd3-4543-afd2-1d43140743b2,CUST-2020-JP-000685,晃,遠藤,晃 遠藤,Male,1990-02-19,user584.apple@yahoo.com,080-7449-2339,967 佐藤 Street,三鷹市,横浜市青葉区,740-7944,JP,Japan,JAPAN,Japanese,Consumer,None,2020-07-10,2020,NEW,True,MDM,2020-07-10 00:00:00,2026-04-17 15:58:34.181404
d1749e1c-3193-4991-b042-6d7087335a3e,CUST-2020-JP-000686,治,高橋,治 高橋,Male,1966-11-01,user496.apple@msn.com,070-9240-0544,893 藤原 Street,横浜市泉区,台東区,805-2918,JP,Japan,JAPAN,Japanese,Consumer,None,2020-01-28,2020,NEW,True,MDM,2020-01-28 00:00:00,2026-04-17 15:58:34.181462
aaaa37ae-7aa8-4745-a114-a5169ae34aff,CUST-2020-JP-000687,篤司,木村,篤司 木村,Female,2003-12-21,user610.apple@msn.com,090-6534-0086,789 木村 Street,夷隅郡大多喜町,昭島市,811-1332,JP,Japan,JAPAN,Japanese,Consumer,Silver,2020-12-28,2020,NEW,True,MDM,2020-12-28 00:00:00,2026-04-17 15:58:34.181517
b415502d-aba0-4708-b374-8b05210085ac,CUST-2020-JP-000688,陽一,斉藤,陽一 斉藤,Female,1987-05-31,user900.apple@gmx.com,98-0107-9736,491 三浦 Street,南房総市,青梅市,625-3950,JP,Japan,JAPAN,Japanese,Education,None,2020-08-19,2020,NEW,True,MDM,2020-08-19 00:00:00,2026-04-17 15:58:34.181573
2a572028-c2ad-42d2-9947-9a9bcf028418,CUST-2020-JP-000689,直人,佐藤,直人 佐藤,Female,2002-03-31,user735.apple981@msn.com,080-5821-0279,674 橋本 Street,横浜市瀬谷区,東村山市,668-7892,JP,Japan,JAPAN,Japanese,Consumer,Silver,2020-09-17,2020,NEW,True,MDM,2020-09-17 00:00:00,2026-04-17 15:58:34.181628
cab49ed7-05b4-4fc8-bde4-329c6f37760b,CUST-2020-JP-000690,知実,佐藤,知実 佐藤,Male,1971-04-18,user966.apple@zoho.com,53-8287-2882,278 佐藤 Street,品川区,八王子市,603-2297,JP,Japan,JAPAN,Japanese,Consumer,Platinum,2020-10-06,2020,NEW,True,MDM,2020-10-06 00:00:00,2026-04-17 15:58:34.181684
d747703e-dc65-4a7c-ad4e-da6e3d996905,CUST-2020-JP-000691,真綾,長谷川,真綾 長谷川,Male,1979-06-20,user152.apple@hotmail.com,70-6414-0445,263 森 Street,東大和市,西多摩郡日の出町,095-4837,JP,Japan,JAPAN,Japanese,Consumer,None,2020-10-20,2020,NEW,True,MDM,2020-10-20 00:00:00,2026-04-17 15:58:34.181743
164f0f0a-dad1-4f0b-ad55-d40255f2378b,CUST-2020-JP-000692,七夏,鈴木,七夏 鈴木,Female,1955-06-03,user889.apple@outlook.com,11-2274-8590,544 鈴木 Street,夷隅郡御宿町,印旛郡印旛村,554-4855,JP,Japan,JAPAN,Japanese,Education,Gold,2020-04-07,2020,NEW,True,MDM,2020-04-07 00:00:00,2026-04-17 15:58:34.181801
e5ccc485-ea3e-457a-9f35-b01edaf4f267,CUST-2020-JP-000693,幹,清水,幹 清水,Male,1981-12-19,user941.apple@yahoo.com,090-5459-4587,397 松本 Street,西多摩郡瑞穂町,袖ケ浦市,718-5457,JP,Japan,JAPAN,Japanese,Consumer,Platinum,2020-03-28,2020,NEW,True,MDM,2020-03-28 00:00:00,2026-04-17 15:58:34.181857
8569d5ee-96a7-4e25-9025-d230ba11c47a,CUST-2020-JP-000694,翼,渡辺,翼 渡辺,Female,1982-12-26,user110.apple@aol.com,080-3294-2153,388 坂本 Street,八千代市,横浜市緑区,728-6897,JP,Japan,JAPAN,Japanese,Consumer,Silver,2020-03-15,2020,NEW,True,MDM,2020-03-15 00:00:00,2026-04-17 15:58:34.181912
6c39bee2-e840-44c3-a392-7de76dcd54b3,CUST-2020-JP-000695,花子,吉田,花子 吉田,Female,1990-09-03,user591.apple@gmx.com,080-5299-2897,937 田中 Street,山武郡芝山町,横浜市港北区,779-8341,JP,Japan,JAPAN,Japanese,Education,None,2020-05-05,2020,NEW,True,MDM,2020-05-05 00:00:00,2026-04-17 15:58:34.181970
12eaa8df-4ca1-45a2-b175-adebccbac1eb,CUST-2020-JP-000696,修平,藤原,修平 藤原,Male,1997-12-19,user349.apple@aol.com,51-4977-8247,611 池田 Street,夷隅郡御宿町,川崎市中原区,411-2430,JP,Japan,JAPAN,Japanese,Business,Gold,2020-12-04,2020,NEW,True,MDM,2020-12-04 00:00:00,2026-04-17 15:58:34.182027
d1b51144-ea43-4242-9f8f-a0f54db06ce9,CUST-2020-JP-000697,康弘,山本,康弘 山本,Male,1951-10-21,user131.apple498@gmail.com,090-7817-9277,813 山本 Street,山武郡九十九里町,神津島村,310-8774,JP,Japan,JAPAN,Japanese,Consumer,None,2020-04-29,2020,NEW,True,MDM,2020-04-29 00:00:00,2026-04-17 15:58:34.182083
fa226d57-ec05-4b72-a67d-e08f13b4e617,CUST-2020-JP-000698,舞,前田,舞 前田,Male,1973-05-27,user427.apple@live.com,05-2870-1965,073 山本 Street,台東区,君津市,024-4543,JP,Japan,JAPAN,Japanese,Consumer,None,2020-02-11,2020,NEW,True,MDM,2020-02-11 00:00:00,2026-04-17 15:58:34.182139
e2926af8-8598-4ec8-9b20-4b56fcf17258,CUST-2020-JP-000699,英樹,佐藤,英樹 佐藤,Female,1956-04-18,user979.apple131@yahoo.com,39-3284-1418,471 石川 Street,中央区,横浜市都筑区,641-2203,JP,Japan,JAPAN,Japanese,Consumer,None,2020-09-21,2020,NEW,True,MDM,2020-09-21 00:00:00,2026-04-17 15:58:34.182199
1939e4a8-3da7-478c-9778-b4573e4520c4,CUST-2020-JP-000700,花子,林,花子 林,Male,1959-10-12,user425.apple@mail.com,090-7032-9464,913 中島 Street,大網白里市,山武郡芝山町,643-9625,JP,Japan,JAPAN,Japanese,Consumer,Platinum,2020-10-01,2020,NEW,True,MDM,2020-10-01 00:00:00,2026-04-17 15:58:34.182256
3f3cc6cc-dba5-458b-bd65-64828bce579c,CUST-2020-JP-000701,充,加藤,充 加藤,Female,1976-12-01,user786.apple762@mail.com,090-1363-2729,537 森 Street,横浜市南区,印旛郡栄町,843-5806,JP,Japan,JAPAN,Japanese,Consumer,None,2020-06-06,2020,NEW,True,MDM,2020-06-06 00:00:00,2026-04-17 15:58:34.182313
c7ff2fa2-0349-4674-b09f-3e856a7640e5,CUST-2020-JP-000702,あすか,前田,あすか 前田,Male,1983-07-07,user389.apple@aol.com,070-1948-6050,952 池田 Street,新宿区,長生郡一宮町,493-5986,JP,Japan,JAPAN,Japanese,Consumer,Silver,2020-09-06,2020,NEW,True,MDM,2020-09-06 00:00:00,2026-04-17 15:58:34.182368
42392fa5-b0df-419c-b474-d48adc74b4fa,CUST-2020-JP-000703,さゆり,石井,さゆり 石井,Male,1977-04-05,user419.apple657@live.com,090-3537-8120,542 長谷川 Street,西東京市,印旛郡印旛村,390-1709,JP,Japan,JAPAN,Japanese,Consumer,None,2020-06-08,2020,NEW,True,MDM,2020-06-08 00:00:00,2026-04-17 15:58:34.182423
6ccc0261-ef93-4f0c-8b6b-421c4cbad20b,CUST-2020-JP-000704,智也,鈴木,智也 鈴木,Male,1960-05-08,user864.apple@outlook.com,070-1861-2945,076 石井 Street,印旛郡酒々井町,御蔵島村,570-6509,JP,Japan,JAPAN,Japanese,Education,None,2020-11-22,2020,NEW,True,MDM,2020-11-22 00:00:00,2026-04-17 15:58:34.182479
c356bb69-cbb4-460d-90d5-dace266da49f,CUST-2020-JP-000705,陽一,中村,陽一 中村,Male,1980-01-30,user837.apple@aol.com,070-5927-3897,615 池田 Street,大島町,武蔵野市,487-8823,JP,Japan,JAPAN,Japanese,Business,None,2020-08-02,2020,NEW,True,MDM,2020-08-02 00:00:00,2026-04-17 15:58:34.182534
723a5803-04a4-40f0-a1cd-b1b2537d2119,CUST-2020-JP-000706,健一,近藤,健一 近藤,Male,1950-08-03,user231.apple@yahoo.com,32-8037-9596,106 中村 Street,長生郡長生村,南房総市,246-1241,JP,Japan,JAPAN,Japanese,Consumer,None,2020-05-27,2020,NEW,True,MDM,2020-05-27 00:00:00,2026-04-17 15:58:34.182591
85f0ef09-b376-4941-a72e-b31ab75131a9,CUST-2020-JP-000707,里佳,藤井,里佳 藤井,Female,1981-01-04,user598.apple393@yahoo.com,05-3088-9040,727 岡田 Street,香取郡神崎町,南房総市,164-9719,JP,Japan,JAPAN,Japanese,Consumer,None,2020-07-18,2020,NEW,True,MDM,2020-07-18 00:00:00,2026-04-17 15:58:34.182647
af45442a-078c-43a5-a07c-8112a11d6544,CUST-2020-JP-000708,舞,西村,舞 西村,Male,1968-09-01,user607.apple715@icloud.com,090-0618-5973,113 井上 Street,羽村市,横浜市磯子区,430-5057,JP,Japan,JAPAN,Japanese,Consumer,None,2020-01-29,2020,NEW,True,MDM,2020-01-29 00:00:00,2026-04-17 15:58:34.182703
3b19681c-a9ed-42b1-83fe-127d320ec30b,CUST-2020-JP-000709,修平,田中,修平 田中,Female,1964-04-08,user232.apple290@zoho.com,090-7902-4647,035 渡辺 Street,御蔵島村,印西市,169-6378,JP,Japan,JAPAN,Japanese,Business,Silver,2020-01-17,2020,NEW,True,MDM,2020-01-17 00:00:00,2026-04-17 15:58:34.182758
c88c7ee4-9263-4053-a5d1-b4d0bb8f6aa6,CUST-2020-JP-000710,健一,山口,健一 山口,Male,1989-11-21,user278.apple@live.com,10-0616-9626,854 小川 Street,横浜市都筑区,南房総市,879-3221,JP,Japan,JAPAN,Japanese,Consumer,None,2020-08-20,2020,NEW,True,MDM,2020-08-20 00:00:00,2026-04-17 15:58:34.182813
83a642d1-0ed7-4976-889f-c05553da9635,CUST-2020-JP-000711,学,吉田,学 吉田,Female,1988-06-15,user139.apple@gmx.com,69-9958-2199,783 佐藤 Street,夷隅郡御宿町,富里市,672-0265,JP,Japan,JAPAN,Japanese,Education,Gold,2020-07-09,2020,NEW,True,MDM,2020-07-09 00:00:00,2026-04-17 15:58:34.182869
1619c4fe-801e-44eb-91c6-e820824f0fc2,CUST-2020-JP-000712,陽子,前田,陽子 前田,Female,1957-05-03,user918.apple@hotmail.com,070-1093-7613,868 遠藤 Street,江戸川区,立川市,755-3761,JP,Japan,JAPAN,Japanese,Consumer,None,2020-09-15,2020,NEW,True,MDM,2020-09-15 00:00:00,2026-04-17 15:58:34.182925
58145e71-bd08-4ecb-aac6-c4fc472f0449,CUST-2020-JP-000713,七夏,小林,七夏 小林,Male,1968-07-18,user160.apple102@icloud.com,090-4619-3818,250 鈴木 Street,印西市,香取郡東庄町,316-4160,JP,Japan,JAPAN,Japanese,Education,Silver,2020-09-27,2020,NEW,True,MDM,2020-09-27 00:00:00,2026-04-17 15:58:34.182980
53dcd555-41df-4d92-8758-a004e592682a,CUST-2020-JP-000714,智也,山田,智也 山田,Male,1954-07-02,user136.apple@outlook.com,070-5788-9448,381 近藤 Street,富里市,我孫子市,312-2877,JP,Japan,JAPAN,Japanese,Business,Gold,2020-10-02,2020,NEW,True,MDM,2020-10-02 00:00:00,2026-04-17 15:58:34.183035
690d7028-7c80-421c-b978-6cbbfc43f56f,CUST-2020-JP-000715,真綾,佐藤,真綾 佐藤,Male,1950-04-27,user786.apple@msn.com,78-5684-1945,040 石川 Street,西多摩郡瑞穂町,文京区,012-1223,JP,Japan,JAPAN,Japanese,Consumer,Platinum,2020-07-20,2020,NEW,True,MDM,2020-07-20 00:00:00,2026-04-17 15:58:34.183092
77eb0ea8-a699-45f4-acdf-ec4f7748051a,CUST-2020-JP-000716,陽子,中村,陽子 中村,Female,1957-02-06,user800.apple@hotmail.com,080-9937-1768,381 佐藤 Street,長生郡白子町,川崎市幸区,800-7457,JP,Japan,JAPAN,Japanese,Consumer,Silver,2020-12-14,2020,NEW,True,MDM,2020-12-14 00:00:00,2026-04-17 15:58:34.183195
cfb6b4b5-6960-4e99-b969-b8ba2c83852a,CUST-2020-JP-000717,京助,佐々木,京助 佐々木,Male,1980-06-21,user511.apple@aol.com,090-7433-9632,573 中島 Street,神津島村,小金井市,418-3033,JP,Japan,JAPAN,Japanese,Consumer,None,2020-06-22,2020,NEW,True,MDM,2020-06-22 00:00:00,2026-04-17 15:58:34.183301
49d337ef-5933-406d-996a-6813c3f106e5,CUST-2020-JP-000718,舞,西村,舞 西村,Female,1972-02-19,user443.apple@zoho.com,080-0704-7467,853 中村 Street,千代田区,西東京市,519-9885,JP,Japan,JAPAN,Japanese,Consumer,Silver,2020-01-15,2020,NEW,True,MDM,2020-01-15 00:00:00,2026-04-17 15:58:34.183364
cd69f9af-b2b0-440e-b559-de43cbe7e425,CUST-2020-JP-000719,和也,林,和也 林,Female,1958-07-31,user419.apple807@hotmail.com,070-5071-7746,143 高橋 Street,国分寺市,印旛郡栄町,469-1919,JP,Japan,JAPAN,Japanese,Education,None,2020-10-09,2020,NEW,True,MDM,2020-10-09 00:00:00,2026-04-17 15:58:34.183427
90cd239d-457e-442a-8dbc-4889b4c95bb7,CUST-2020-JP-000720,篤司,高橋,篤司 高橋,Female,1986-12-11,user535.apple749@gmx.com,080-6280-1762,456 中川 Street,袖ケ浦市,西多摩郡檜原村,848-7459,JP,Japan,JAPAN,Japanese,Consumer,Silver,2020-01-18,2020,NEW,True,MDM,2020-01-18 00:00:00,2026-04-17 15:58:34.183505
f13f6716-1247-4085-bd63-a48b5f216ae5,CUST-2020-JP-000721,裕太,藤井,裕太 藤井,Male,1986-11-07,user962.apple@icloud.com,080-5617-4648,966 鈴木 Street,板橋区,山武郡芝山町,254-0110,JP,Japan,JAPAN,Japanese,Consumer,None,2020-12-11,2020,NEW,True,MDM,2020-12-11 00:00:00,2026-04-17 15:58:34.183596
59884857-5feb-4af4-9e4d-8254f9ba57f7,CUST-2020-JP-000722,裕太,田中,裕太 田中,Female,1972-02-13,user330.apple@outlook.com,070-9845-5266,136 斎藤 Street,横浜市青葉区,横浜市都筑区,421-8989,JP,Japan,JAPAN,Japanese,Consumer,None,2020-05-01,2020,NEW,True,MDM,2020-05-01 00:00:00,2026-04-17 15:58:34.183657
bb70e43a-8661-4aef-8904-0e8d3d9b3481,CUST-2020-JP-000723,香織,佐藤,香織 佐藤,Female,1961-06-08,user732.apple@msn.com,080-7953-8140,282 井上 Street,横浜市磯子区,四街道市,114-8507,JP,Japan,JAPAN,Japanese,Consumer,Gold,2020-08-29,2020,NEW,True,MDM,2020-08-29 00:00:00,2026-04-17 15:58:34.183715
79e0dea1-86ff-4ace-b071-7c28343fb8b5,CUST-2020-JP-000724,充,吉田,充 吉田,Female,1962-11-02,user125.apple@zoho.com,080-6912-9758,383 斉藤 Street,国分寺市,富里市,574-1171,JP,Japan,JAPAN,Japanese,Consumer,Silver,2020-01-01,2020,NEW,False,MDM,2020-01-01 00:00:00,2026-04-17 15:58:34.183774
63fc518c-3c3a-45d3-b0df-a3ac0a454c0c,CUST-2020-JP-000725,美加子,渡辺,美加子 渡辺,Male,1958-08-04,user641.apple@hotmail.com,090-5872-8082,553 山下 Street,西東京市,四街道市,989-3219,JP,Japan,JAPAN,Japanese,Consumer,None,2020-04-28,2020,NEW,True,MDM,2020-04-28 00:00:00,2026-04-17 15:58:34.183832
971225d2-d372-4079-9107-54cdf4501b2e,CUST-2020-JP-000726,英樹,山口,英樹 山口,Male,1977-03-08,user222.apple964@gmail.com,22-8433-5082,309 佐々木 Street,あきる野市,武蔵野市,694-6624,JP,Japan,JAPAN,Japanese,Consumer,Platinum,2020-12-07,2020,NEW,True,MDM,2020-12-07 00:00:00,2026-04-17 15:58:34.183891
c6358e84-c07c-4080-a451-3aa7e4443ea8,CUST-2020-JP-000727,稔,太田,稔 太田,Female,1987-11-12,user907.apple@gmail.com,080-0713-2043,338 佐藤 Street,墨田区,香取郡神崎町,416-6813,JP,Japan,JAPAN,Japanese,Business,None,2020-08-19,2020,NEW,True,MDM,2020-08-19 00:00:00,2026-04-17 15:58:34.183949
47aacf7e-4494-4b3c-aef0-31ec73fdd8e5,CUST-2020-JP-000728,京助,小林,京助 小林,Female,1957-03-06,user509.apple561@gmx.com,84-3223-0992,572 斉藤 Street,長生郡長南町,横浜市旭区,040-8708,JP,Japan,JAPAN,Japanese,Consumer,Silver,2020-11-27,2020,NEW,True,MDM,2020-11-27 00:00:00,2026-04-17 15:58:34.184011
b07a147b-666f-4a51-a01e-972037634b1a,CUST-2020-JP-000729,太一,青木,太一 青木,Female,1987-07-01,user310.apple@gmx.com,080-3204-8596,387 佐々木 Street,西多摩郡瑞穂町,新宿区,885-8927,JP,Japan,JAPAN,Japanese,Consumer,None,2020-11-10,2020,NEW,True,MDM,2020-11-10 00:00:00,2026-04-17 15:58:34.184068
d63c7366-4b1f-487c-9115-8e6188e106b1,CUST-2020-JP-000730,智也,後藤,智也 後藤,Male,2001-04-07,user921.apple179@live.com,080-0517-6046,826 清水 Street,安房郡鋸南町,安房郡鋸南町,688-4910,JP,Japan,JAPAN,Japanese,Consumer,Platinum,2020-03-07,2020,NEW,True,MDM,2020-03-07 00:00:00,2026-04-17 15:58:34.184123
28aff93d-3019-4eb5-8ad6-201a1b225f8d,CUST-2020-JP-000731,零,福田,零 福田,Female,1960-07-05,user204.apple@gmx.com,070-4749-8495,481 斎藤 Street,横浜市磯子区,横浜市神奈川区,405-6711,JP,Japan,JAPAN,Japanese,Consumer,Gold,2020-09-17,2020,NEW,True,MDM,2020-09-17 00:00:00,2026-04-17 15:58:34.184178
cb93baee-93f1-4ae4-9857-dc9ef331cd8b,CUST-2020-JP-000732,健一,鈴木,健一 鈴木,Male,1986-03-14,user283.apple579@yahoo.com,070-7352-7545,618 松本 Street,墨田区,鴨川市,721-8986,JP,Japan,JAPAN,Japanese,Consumer,None,2020-05-31,2020,NEW,True,MDM,2020-05-31 00:00:00,2026-04-17 15:58:34.184234
6070168d-d7f7-4491-8124-091e59a23432,CUST-2020-JP-000733,智也,高橋,智也 高橋,Male,2002-11-14,user637.apple@protonmail.com,090-5969-6613,284 岡田 Street,香取市,横浜市都筑区,928-4516,JP,Japan,JAPAN,Japanese,Consumer,Silver,2020-03-14,2020,NEW,False,MDM,2020-03-14 00:00:00,2026-04-17 15:58:34.184289
28164212-a926-4fef-9004-03a4ce862bb1,CUST-2020-JP-000734,治,加藤,治 加藤,Male,1966-08-21,user216.apple559@aol.com,080-0528-9018,081 山田 Street,青ヶ島村,利島村,965-0058,JP,Japan,JAPAN,Japanese,Consumer,Silver,2020-12-03,2020,NEW,True,MDM,2020-12-03 00:00:00,2026-04-17 15:58:34.184345
7cd08aa1-827a-454b-b059-276babc25fc9,CUST-2020-JP-000735,拓真,近藤,拓真 近藤,Female,1968-12-14,user826.apple@mail.com,070-4499-1815,841 伊藤 Street,印旛郡印旛村,いすみ市,901-7337,JP,Japan,JAPAN,Japanese,Consumer,Gold,2020-03-08,2020,NEW,True,MDM,2020-03-08 00:00:00,2026-04-17 15:58:34.184401
c97c9b57-576c-40c9-84cb-85caba04ec2d,CUST-2020-JP-000736,智也,阿部,智也 阿部,Female,1982-12-02,user476.apple@outlook.com,080-1606-6544,568 中村 Street,横浜市西区,足立区,517-5243,JP,Japan,JAPAN,Japanese,Consumer,None,2020-12-11,2020,NEW,True,MDM,2020-12-11 00:00:00,2026-04-17 15:58:34.184457
db520444-91a5-4b91-a13b-a2b762c4281e,CUST-2020-JP-000737,翔太,松田,翔太 松田,Male,2000-09-15,user690.apple@gmx.com,080-7395-9383,986 斎藤 Street,横浜市旭区,東大和市,674-0942,JP,Japan,JAPAN,Japanese,Consumer,Platinum,2020-06-16,2020,NEW,True,MDM,2020-06-16 00:00:00,2026-04-17 15:58:34.184512
108f12e3-3ed5-4435-806c-6947068e6d75,CUST-2020-JP-000738,翔太,近藤,翔太 近藤,Female,1996-03-31,user848.apple@outlook.com,080-9720-6564,124 渡辺 Street,横浜市磯子区,いすみ市,161-4391,JP,Japan,JAPAN,Japanese,Education,None,2020-04-24,2020,NEW,True,MDM,2020-04-24 00:00:00,2026-04-17 15:58:34.184567
0b0aa12c-13d8-4be9-86e4-8565621231bf,CUST-2020-JP-000739,涼平,佐藤,涼平 佐藤,Female,1984-10-24,user469.apple@yahoo.com,090-0214-4609,735 小林 Street,夷隅郡大多喜町,横浜市泉区,348-3285,JP,Japan,JAPAN,Japanese,Consumer,None,2020-10-23,2020,NEW,False,MDM,2020-10-23 00:00:00,2026-04-17 15:58:34.184623
165c06f4-dbfe-444a-a8f7-7ac5befde300,CUST-2020-JP-000740,零,山本,零 山本,Male,2003-08-06,user905.apple@zoho.com,070-6874-9187,712 青木 Street,川崎市川崎区,荒川区,307-1992,JP,Japan,JAPAN,Japanese,Business,None,2020-11-13,2020,NEW,True,MDM,2020-11-13 00:00:00,2026-04-17 15:58:34.184679
7e756224-a00f-4d1c-aea7-caffe27ff8f7,CUST-2020-JP-000741,翔太,井上,翔太 井上,Male,2002-11-07,user586.apple@aol.com,070-7195-7494,156 山田 Street,富里市,清瀬市,295-1519,JP,Japan,JAPAN,Japanese,Business,Gold,2020-04-08,2020,NEW,True,MDM,2020-04-08 00:00:00,2026-04-17 15:58:34.184734
ad390703-1668-4834-819d-c66cfc46cc4a,CUST-2020-JP-000742,さゆり,山口,さゆり 山口,Male,1979-06-27,user437.apple879@yahoo.com,070-0047-8096,321 佐々木 Street,稲城市,利島村,878-5430,JP,Japan,JAPAN,Japanese,Consumer,Platinum,2020-02-05,2020,NEW,True,MDM,2020-02-05 00:00:00,2026-04-17 15:58:34.184791
bb670fe3-0f4c-46ec-b2ce-9df9b4ecaf23,CUST-2020-JP-000743,明美,吉田,明美 吉田,Male,2000-10-25,user565.apple152@live.com,080-6879-8607,452 岡田 Street,大島町,中央区,194-2723,JP,Japan,JAPAN,Japanese,Consumer,None,2020-08-07,2020,NEW,True,MDM,2020-08-07 00:00:00,2026-04-17 15:58:34.184846
d2c8c8d5-1f21-4a67-a288-4370a5c32d60,CUST-2020-JP-000744,加奈,吉田,加奈 吉田,Female,2002-04-17,user947.apple446@gmx.com,070-4883-7223,895 池田 Street,西東京市,北区,598-8474,JP,Japan,JAPAN,Japanese,Consumer,None,2020-08-06,2020,NEW,True,MDM,2020-08-06 00:00:00,2026-04-17 15:58:34.184902
47ea241c-20ec-4b69-a32b-44d853d127c4,CUST-2020-JP-000745,修平,井上,修平 井上,Female,1970-07-06,user905.apple@gmail.com,080-6368-0041,256 長谷川 Street,狛江市,香取郡多古町,254-5672,JP,Japan,JAPAN,Japanese,Consumer,Silver,2020-10-18,2020,NEW,True,MDM,2020-10-18 00:00:00,2026-04-17 15:58:34.184958
1246cb3b-bc1a-48a1-97a9-540555259bac,CUST-2020-JP-000746,翼,斉藤,翼 斉藤,Male,1971-03-23,user693.apple@protonmail.com,90-5422-6811,580 藤原 Street,安房郡鋸南町,豊島区,880-9244,JP,Japan,JAPAN,Japanese,Consumer,None,2020-09-15,2020,NEW,True,MDM,2020-09-15 00:00:00,2026-04-17 15:58:34.185014
e62a430c-1978-4135-a099-1a44eef9a56c,CUST-2020-JP-000747,真綾,藤井,真綾 藤井,Female,1994-11-28,user228.apple@protonmail.com,070-8368-7326,412 石井 Street,印旛郡酒々井町,袖ケ浦市,424-6526,JP,Japan,JAPAN,Japanese,Consumer,Platinum,2020-03-06,2020,NEW,True,MDM,2020-03-06 00:00:00,2026-04-17 15:58:34.185070
acd6544b-8efa-49eb-b5db-634892175408,CUST-2020-JP-000748,加奈,斎藤,加奈 斎藤,Male,1953-06-14,user615.apple@hotmail.com,070-3952-6551,967 渡辺 Street,豊島区,印旛郡印旛村,125-1320,JP,Japan,JAPAN,Japanese,Consumer,Platinum,2020-05-10,2020,NEW,True,MDM,2020-05-10 00:00:00,2026-04-17 15:58:34.185125
813a328a-74c1-48f4-89fe-fc24d44f49f3,CUST-2020-JP-000749,千代,高橋,千代 高橋,Female,1960-11-14,user405.apple602@gmx.com,080-1428-7400,899 阿部 Street,足立区,八街市,156-9358,JP,Japan,JAPAN,Japanese,Education,None,2020-06-19,2020,NEW,True,MDM,2020-06-19 00:00:00,2026-04-17 15:58:34.185181
97b7e581-b43f-40b7-8069-33443bd5bbc2,CUST-2020-JP-000750,裕樹,森,裕樹 森,Female,1953-09-01,user670.apple741@yahoo.com,080-5753-3431,931 藤原 Street,葛飾区,横浜市鶴見区,506-9685,JP,Japan,JAPAN,Japanese,Education,Silver,2020-12-03,2020,NEW,False,MDM,2020-12-03 00:00:00,2026-04-17 15:58:34.185237
b75e8ccd-a372-477c-9250-933f2d6abb69,CUST-2020-JP-000751,里佳,近藤,里佳 近藤,Male,1957-03-09,user409.apple@outlook.com,070-9713-2066,733 加藤 Street,御蔵島村,町田市,878-1556,JP,Japan,JAPAN,Japanese,Consumer,Silver,2020-04-17,2020,NEW,True,MDM,2020-04-17 00:00:00,2026-04-17 15:58:34.185292
6a8e29af-db15-44d5-8b6e-b6aa50467dd6,CUST-2020-JP-000752,翔太,池田,翔太 池田,Male,1954-10-26,user967.apple36@msn.com,090-7255-5123,189 山田 Street,小金井市,品川区,482-8252,JP,Japan,JAPAN,Japanese,Consumer,Silver,2020-03-14,2020,NEW,True,MDM,2020-03-14 00:00:00,2026-04-17 15:58:34.185347
1adf13d5-3fae-42f8-aafa-ce90193edb3c,CUST-2020-JP-000753,太郎,山口,太郎 山口,Female,1985-09-07,user470.apple@mail.com,070-0632-3910,813 清水 Street,国分寺市,清瀬市,098-3352,JP,Japan,JAPAN,Japanese,Education,None,2020-01-28,2020,NEW,True,MDM,2020-01-28 00:00:00,2026-04-17 15:58:34.185403
90d74c19-3842-45ab-974a-70893803b142,CUST-2020-JP-000754,亮介,石川,亮介 石川,Female,2002-04-28,user462.apple@zoho.com,090-4959-6749,891 福田 Street,神津島村,東大和市,921-4134,JP,Japan,JAPAN,Japanese,Consumer,Silver,2020-10-25,2020,NEW,True,MDM,2020-10-25 00:00:00,2026-04-17 15:58:34.185462
bbb5beba-e21b-4242-83ff-9bc0d4739b9a,CUST-2020-JP-000755,裕美子,吉田,裕美子 吉田,Female,1953-09-30,user287.apple@aol.com,070-4471-5297,673 小林 Street,西東京市,三鷹市,460-9379,JP,Japan,JAPAN,Japanese,Consumer,None,2020-03-14,2020,NEW,True,MDM,2020-03-14 00:00:00,2026-04-17 15:58:34.185517
2312eb16-0fbe-4c78-834f-6c5223dd2c86,CUST-2020-JP-000756,修平,中川,修平 中川,Male,1958-05-15,user789.apple759@aol.com,65-8647-8753,641 三浦 Street,横浜市西区,川崎市川崎区,553-0102,JP,Japan,JAPAN,Japanese,Business,Gold,2020-12-26,2020,NEW,True,MDM,2020-12-26 00:00:00,2026-04-17 15:58:34.185573
0cd35ee6-0ad6-4285-87f0-35dd2a50ee88,CUST-2020-JP-000757,くみ子,中島,くみ子 中島,Female,1967-06-24,user774.apple605@aol.com,070-0953-7237,971 田中 Street,香取郡東庄町,東村山市,223-6733,JP,Japan,JAPAN,Japanese,Consumer,None,2020-05-10,2020,NEW,True,MDM,2020-05-10 00:00:00,2026-04-17 15:58:34.185629
8d8e5f31-b2f0-4160-978e-e0da55a1b6da,CUST-2020-JP-000758,直人,山口,直人 山口,Male,1975-12-14,user932.apple@outlook.com,090-5936-0919,578 田中 Street,小笠原村,長生郡睦沢町,276-6317,JP,Japan,JAPAN,Japanese,Consumer,None,2020-02-12,2020,NEW,True,MDM,2020-02-12 00:00:00,2026-04-17 15:58:34.185683
da18392e-c477-462d-a8ac-23816866558c,CUST-2020-JP-000759,京助,鈴木,京助 鈴木,Female,1997-12-06,user595.apple@gmail.com,74-4314-5180,673 藤原 Street,長生郡長南町,国立市,768-2022,JP,Japan,JAPAN,Japanese,Consumer,None,2020-02-11,2020,NEW,True,MDM,2020-02-11 00:00:00,2026-04-17 15:58:34.185739
091ab370-0edd-4f56-8b7b-436ca168d035,CUST-2020-JP-000760,篤司,近藤,篤司 近藤,Male,1952-11-19,user999.apple@mail.com,080-3146-9748,210 吉田 Street,清瀬市,大田区,710-4310,JP,Japan,JAPAN,Japanese,Consumer,None,2020-10-29,2020,NEW,True,MDM,2020-10-29 00:00:00,2026-04-17 15:58:34.185794
837b984a-4930-4f80-8afc-5655e32ca7ee,CUST-2020-JP-000761,知実,松本,知実 松本,Male,1988-05-26,user267.apple696@protonmail.com,070-5516-0216,462 後藤 Street,羽村市,横浜市西区,480-2102,JP,Japan,JAPAN,Japanese,Consumer,Gold,2020-05-18,2020,NEW,True,MDM,2020-05-18 00:00:00,2026-04-17 15:58:34.185850
d64c6f96-5d16-4c78-9add-959dd29bef6d,CUST-2020-JP-000762,稔,太田,稔 太田,Female,2001-06-02,user125.apple@aol.com,090-2534-1890,227 太田 Street,横浜市旭区,川崎市幸区,392-7467,JP,Japan,JAPAN,Japanese,Consumer,Platinum,2020-01-11,2020,NEW,True,MDM,2020-01-11 00:00:00,2026-04-17 15:58:34.185958
96890bbb-d16b-4c0f-9ae7-0da0a7e92250,CUST-2020-JP-000763,美加子,三浦,美加子 三浦,Male,1982-07-05,user552.apple@hotmail.com,09-3654-6550,154 中村 Street,日野市,川崎市幸区,507-1434,JP,Japan,JAPAN,Japanese,Consumer,Silver,2020-07-27,2020,NEW,True,MDM,2020-07-27 00:00:00,2026-04-17 15:58:34.186023
e225b0f7-1b62-4c62-9cd4-013793e6a811,CUST-2020-JP-000764,太一,木村,太一 木村,Male,1984-05-30,user614.apple633@live.com,090-6574-5855,452 藤田 Street,大田区,利島村,903-4840,JP,Japan,JAPAN,Japanese,Business,None,2020-05-23,2020,NEW,True,MDM,2020-05-23 00:00:00,2026-04-17 15:58:34.186084
c611c40b-53e8-4030-b6eb-3261284172ce,CUST-2020-JP-000765,翔太,佐々木,翔太 佐々木,Male,1966-11-29,user942.apple640@yahoo.com,24-4694-2854,452 岡本 Street,品川区,立川市,529-1397,JP,Japan,JAPAN,Japanese,Consumer,Gold,2020-06-26,2020,NEW,True,MDM,2020-06-26 00:00:00,2026-04-17 15:58:34.186144
aba974e0-8909-4659-b06b-456333a22aed,CUST-2020-JP-000766,翼,村上,翼 村上,Male,1999-03-02,user285.apple@outlook.com,090-3658-7927,021 橋本 Street,武蔵村山市,横浜市港北区,854-5361,JP,Japan,JAPAN,Japanese,Consumer,None,2020-01-11,2020,NEW,True,MDM,2020-01-11 00:00:00,2026-04-17 15:58:34.186203
41e81c5a-5706-4516-8186-d92f1b6de486,CUST-2020-JP-000767,亮介,阿部,亮介 阿部,Female,1950-05-09,user821.apple@msn.com,070-4394-8935,290 伊藤 Street,白井市,横浜市旭区,431-2229,JP,Japan,JAPAN,Japanese,Consumer,Gold,2020-09-02,2020,NEW,True,MDM,2020-09-02 00:00:00,2026-04-17 15:58:34.186261
57f23cbb-e66a-4f3c-a1d6-bc83923f2364,CUST-2020-JP-000768,あすか,加藤,あすか 加藤,Female,1990-04-15,user900.apple@gmx.com,97-0146-6523,354 村上 Street,印旛郡印旛村,夷隅郡御宿町,494-8011,JP,Japan,JAPAN,Japanese,Consumer,None,2020-04-02,2020,NEW,True,MDM,2020-04-02 00:00:00,2026-04-17 15:58:34.186321
48d241b1-cb75-4548-9115-4f211f81f7b8,CUST-2020-JP-000769,香織,藤原,香織 藤原,Female,1982-11-21,user107.apple827@yahoo.com,51-5348-3369,234 西村 Street,清瀬市,袖ケ浦市,602-4877,JP,Japan,JAPAN,Japanese,Business,None,2020-03-26,2020,NEW,True,MDM,2020-03-26 00:00:00,2026-04-17 15:58:34.186382
b7912ec7-540b-4213-9214-67937c465fe2,CUST-2020-JP-000770,結衣,佐々木,結衣 佐々木,Female,1968-06-29,user733.apple990@protonmail.com,090-7445-8578,843 森 Street,日野市,新島村,410-8028,JP,Japan,JAPAN,Japanese,Consumer,None,2020-06-16,2020,NEW,False,MDM,2020-06-16 00:00:00,2026-04-17 15:58:34.186442
e87be2f1-227b-4a3f-857a-768eb5789887,CUST-2020-JP-000771,春香,佐藤,春香 佐藤,Male,1973-03-18,user196.apple685@live.com,090-6926-9507,908 山本 Street,調布市,府中市,347-0492,JP,Japan,JAPAN,Japanese,Education,Silver,2020-09-25,2020,NEW,True,MDM,2020-09-25 00:00:00,2026-04-17 15:58:34.186502
4debf8da-d8de-421a-b438-9599d1b4969c,CUST-2020-JP-000772,七夏,渡辺,七夏 渡辺,Male,2001-02-11,user772.apple@protonmail.com,52-3698-1806,771 松田 Street,川崎市高津区,横浜市瀬谷区,914-4485,JP,Japan,JAPAN,Japanese,Consumer,None,2020-07-06,2020,NEW,True,MDM,2020-07-06 00:00:00,2026-04-17 15:58:34.186561
9cc526b0-30ab-4d75-9658-242694a067db,CUST-2020-JP-000773,明美,森,明美 森,Male,1951-02-08,user522.apple@protonmail.com,080-5378-0652,805 岡本 Street,印旛郡酒々井町,横浜市港北区,352-7973,JP,Japan,JAPAN,Japanese,Consumer,None,2020-10-02,2020,NEW,True,MDM,2020-10-02 00:00:00,2026-04-17 15:58:34.186620
9f59b9c9-ba00-4a07-8944-9b88bdadcc80,CUST-2020-JP-000774,学,遠藤,学 遠藤,Male,1981-03-17,user507.apple@protonmail.com,090-2587-6379,421 岡田 Street,文京区,横浜市瀬谷区,098-3857,JP,Japan,JAPAN,Japanese,Consumer,Silver,2020-03-24,2020,NEW,False,MDM,2020-03-24 00:00:00,2026-04-17 15:58:34.186679
5761c569-8c4a-44f9-afbf-d9c32e4dce86,CUST-2020-JP-000775,結衣,阿部,結衣 阿部,Female,2007-03-19,user587.apple@aol.com,090-0315-2213,697 近藤 Street,横浜市栄区,横浜市港南区,958-0238,JP,Japan,JAPAN,Japanese,Consumer,None,2020-06-17,2020,NEW,True,MDM,2020-06-17 00:00:00,2026-04-17 15:58:34.186738
74733f35-b3c5-494a-9cab-783918c2f34f,CUST-2020-JP-000776,篤司,後藤,篤司 後藤,Female,2003-12-11,user246.apple@msn.com,080-2089-6459,452 田中 Street,荒川区,新宿区,869-4226,JP,Japan,JAPAN,Japanese,Consumer,None,2020-11-10,2020,NEW,True,MDM,2020-11-10 00:00:00,2026-04-17 15:58:34.186797
ef8566bc-50b0-44d4-b023-9d6b57023021,CUST-2020-JP-000777,里佳,石川,里佳 石川,Female,1964-11-22,user653.apple@outlook.com,090-4306-2087,057 山崎 Street,小金井市,横浜市都筑区,083-4732,JP,Japan,JAPAN,Japanese,Business,None,2020-03-05,2020,NEW,True,MDM,2020-03-05 00:00:00,2026-04-17 15:58:34.186856
2a3a580a-307c-4896-8c45-6be3a0b269cf,CUST-2020-JP-000778,太郎,西村,太郎 西村,Male,1972-03-06,user521.apple@gmx.com,080-5145-0651,689 石井 Street,山武郡横芝光町,西多摩郡檜原村,641-7051,JP,Japan,JAPAN,Japanese,Consumer,Silver,2020-02-29,2020,NEW,True,MDM,2020-02-29 00:00:00,2026-04-17 15:58:34.186915
1b78b087-2515-4526-85b9-198f3601b054,CUST-2020-JP-000779,康弘,鈴木,康弘 鈴木,Male,1959-04-14,user206.apple538@gmx.com,12-9452-5217,294 高橋 Street,横浜市保土ケ谷区,川崎市宮前区,649-8966,JP,Japan,JAPAN,Japanese,Business,None,2020-05-28,2020,NEW,True,MDM,2020-05-28 00:00:00,2026-04-17 15:58:34.186976
6ab6a203-5bf2-4c2c-b180-700a41e479ef,CUST-2020-JP-000780,明美,林,明美 林,Female,1982-10-25,user426.apple@yahoo.com,080-7128-5370,740 木村 Street,西多摩郡檜原村,杉並区,186-1061,JP,Japan,JAPAN,Japanese,Consumer,Silver,2020-08-20,2020,NEW,True,MDM,2020-08-20 00:00:00,2026-04-17 15:58:34.187035
4affb13a-0cfd-4364-9456-4cc0d455d529,CUST-2020-JP-000781,健一,伊藤,健一 伊藤,Male,1955-07-29,user449.apple170@zoho.com,090-6199-8072,376 中村 Street,横浜市戸塚区,西多摩郡日の出町,794-3458,JP,Japan,JAPAN,Japanese,Consumer,None,2020-03-10,2020,NEW,True,MDM,2020-03-10 00:00:00,2026-04-17 15:58:34.187093
fd940dad-ee6b-470a-8eb8-1e0be0103042,CUST-2020-JP-000782,舞,伊藤,舞 伊藤,Male,1965-04-22,user116.apple@protonmail.com,080-7743-8559,018 山本 Street,香取市,狛江市,131-6398,JP,Japan,JAPAN,Japanese,Consumer,Gold,2020-05-27,2020,NEW,True,MDM,2020-05-27 00:00:00,2026-04-17 15:58:34.187150
b8fdfd9b-8c56-420a-8f67-080a060f07f4,CUST-2020-JP-000783,さゆり,林,さゆり 林,Female,1992-12-31,user605.apple@protonmail.com,090-5216-0954,990 吉田 Street,台東区,鴨川市,022-6951,JP,Japan,JAPAN,Japanese,Consumer,Silver,2020-12-27,2020,NEW,True,MDM,2020-12-27 00:00:00,2026-04-17 15:58:34.187206
90b63666-b44e-449e-a447-b018510102cb,CUST-2020-JP-000784,舞,青木,舞 青木,Male,1994-04-11,user739.apple@live.com,090-3506-6146,408 山本 Street,長生郡白子町,三宅島三宅村,916-7507,JP,Japan,JAPAN,Japanese,Business,None,2020-06-06,2020,NEW,True,MDM,2020-06-06 00:00:00,2026-04-17 15:58:34.187263
8c18c39d-2887-426b-b6a2-b781840f667b,CUST-2020-JP-000785,浩,青木,浩 青木,Female,1962-05-02,user422.apple@gmx.com,070-2768-1078,613 佐々木 Street,武蔵村山市,調布市,872-1829,JP,Japan,JAPAN,Japanese,Consumer,Silver,2020-03-23,2020,NEW,True,MDM,2020-03-23 00:00:00,2026-04-17 15:58:34.187318
96782e3f-ad9d-4b68-959f-09ac7e945063,CUST-2020-JP-000786,稔,長谷川,稔 長谷川,Female,1964-03-28,user503.apple@yahoo.com,16-1014-6777,086 阿部 Street,あきる野市,印旛郡本埜村,106-8714,JP,Japan,JAPAN,Japanese,Consumer,Silver,2020-11-02,2020,NEW,True,MDM,2020-11-02 00:00:00,2026-04-17 15:58:34.187374
686e8cb9-fc8f-45eb-8c80-4231fec79c8a,CUST-2020-JP-000787,裕樹,松田,裕樹 松田,Male,1976-07-26,user937.apple374@icloud.com,080-4580-7326,733 森 Street,西多摩郡日の出町,印旛郡印旛村,115-4733,JP,Japan,JAPAN,Japanese,Consumer,Gold,2020-09-17,2020,NEW,True,MDM,2020-09-17 00:00:00,2026-04-17 15:58:34.187430
91f285e0-70df-4720-888f-9239ad477dc9,CUST-2020-JP-000788,裕太,高橋,裕太 高橋,Male,1974-06-07,user415.apple@aol.com,080-1292-7403,346 小林 Street,狛江市,武蔵野市,346-4270,JP,Japan,JAPAN,Japanese,Consumer,None,2020-06-22,2020,NEW,True,MDM,2020-06-22 00:00:00,2026-04-17 15:58:34.187485
17f76679-631a-40fa-b926-10961c922f1e,CUST-2020-JP-000789,京助,山本,京助 山本,Female,1975-02-06,user924.apple@gmx.com,090-3759-7122,207 斉藤 Street,八王子市,横浜市金沢区,393-1038,JP,Japan,JAPAN,Japanese,Consumer,Platinum,2020-03-31,2020,NEW,True,MDM,2020-03-31 00:00:00,2026-04-17 15:58:34.187541
06616861-6343-4b6b-a84f-2767944b2990,CUST-2020-JP-000790,裕樹,田中,裕樹 田中,Female,1961-03-23,user485.apple@mail.com,090-1627-5548,917 加藤 Street,横浜市西区,八街市,774-4618,JP,Japan,JAPAN,Japanese,Consumer,None,2020-06-28,2020,NEW,True,MDM,2020-06-28 00:00:00,2026-04-17 15:58:34.187597
f505aee4-cd82-4073-9db6-90de33900edb,CUST-2020-JP-000791,太一,山本,太一 山本,Male,1952-06-02,user336.apple@aol.com,090-4059-1657,921 井上 Street,国立市,長生郡長南町,193-3794,JP,Japan,JAPAN,Japanese,Consumer,None,2020-10-28,2020,NEW,True,MDM,2020-10-28 00:00:00,2026-04-17 15:58:34.187655
7b536c5e-2691-4fc0-b661-5e36142decd0,CUST-2020-JP-000792,結衣,松本,結衣 松本,Male,1969-08-11,user237.apple@icloud.com,080-6250-7111,018 佐藤 Street,山武郡九十九里町,横浜市港北区,062-0300,JP,Japan,JAPAN,Japanese,Business,Platinum,2020-04-16,2020,NEW,True,MDM,2020-04-16 00:00:00,2026-04-17 15:58:34.187712
b2c6c8f8-0cdc-4605-b91d-d94ea1ccd295,CUST-2020-JP-000793,康弘,加藤,康弘 加藤,Male,2001-01-16,user438.apple@protonmail.com,090-2175-8717,616 前田 Street,横浜市金沢区,君津市,222-0434,JP,Japan,JAPAN,Japanese,Education,Silver,2020-01-16,2020,NEW,True,MDM,2020-01-16 00:00:00,2026-04-17 15:58:34.187770
7b289c37-cd62-40bb-ac14-f73e2965fafd,CUST-2020-JP-000794,稔,佐々木,稔 佐々木,Male,1985-06-05,user495.apple862@msn.com,090-8217-5691,395 太田 Street,匝瑳市,江東区,428-7588,JP,Japan,JAPAN,Japanese,Consumer,None,2020-09-13,2020,NEW,False,MDM,2020-09-13 00:00:00,2026-04-17 15:58:34.187827
7d3ecfa4-6018-4caa-83ee-f8ee7fdef342,CUST-2020-JP-000795,さゆり,小林,さゆり 小林,Female,2007-09-06,user177.apple@hotmail.com,080-2209-0947,738 佐藤 Street,板橋区,江戸川区,911-1433,JP,Japan,JAPAN,Japanese,Consumer,None,2020-04-07,2020,NEW,True,MDM,2020-04-07 00:00:00,2026-04-17 15:58:34.187888
1012e040-276b-4b3a-8389-93c49c72a63f,CUST-2020-JP-000796,春香,木村,春香 木村,Male,1984-06-14,user261.apple@zoho.com,98-4497-2429,367 山崎 Street,長生郡長南町,山武郡九十九里町,583-1559,JP,Japan,JAPAN,Japanese,Consumer,None,2020-11-28,2020,NEW,True,MDM,2020-11-28 00:00:00,2026-04-17 15:58:34.187947
aaeaf3dc-0d30-404d-8a72-33e996dffc81,CUST-2020-JP-000797,くみ子,松本,くみ子 松本,Female,2005-09-20,user552.apple@mail.com,090-7463-3124,675 加藤 Street,東大和市,横浜市港北区,568-4648,JP,Japan,JAPAN,Japanese,Consumer,Gold,2020-01-19,2020,NEW,True,MDM,2020-01-19 00:00:00,2026-04-17 15:58:34.188004
7ae9951a-6af2-43c5-aa8b-343af734ae54,CUST-2020-JP-000798,亮介,岡本,亮介 岡本,Male,1966-06-04,user363.apple100@yahoo.com,070-3589-7512,733 前田 Street,国立市,神津島村,422-9156,JP,Japan,JAPAN,Japanese,Consumer,None,2020-09-05,2020,NEW,True,MDM,2020-09-05 00:00:00,2026-04-17 15:58:34.188059
679b56f3-9d19-4089-9cb9-dfcc115692ec,CUST-2020-JP-000799,明美,森,明美 森,Male,1965-12-28,user323.apple@gmx.com,080-0277-2946,635 石井 Street,夷隅郡大多喜町,西多摩郡奥多摩町,140-6928,JP,Japan,JAPAN,Japanese,Consumer,Silver,2020-12-01,2020,NEW,True,MDM,2020-12-01 00:00:00,2026-04-17 15:58:34.188115
73771043-b48d-4cbc-b088-6fff54bf3d38,CUST-2020-JP-000800,千代,吉田,千代 吉田,Male,1972-12-26,user135.apple@gmx.com,090-1252-1453,499 渡辺 Street,横浜市鶴見区,横浜市南区,253-9918,JP,Japan,JAPAN,Japanese,Consumer,Platinum,2020-03-10,2020,NEW,True,MDM,2020-03-10 00:00:00,2026-04-17 15:58:34.188171
70c77ecc-2d46-46d4-8642-750396f38b6a,CUST-2020-JP-000801,里佳,加藤,里佳 加藤,Female,1998-12-05,user280.apple@mail.com,91-8498-3535,328 小林 Street,川崎市高津区,足立区,294-5761,JP,Japan,JAPAN,Japanese,Business,Platinum,2020-09-16,2020,NEW,True,MDM,2020-09-16 00:00:00,2026-04-17 15:58:34.188227
3c2e0032-540f-442e-b867-65ae9807d931,CUST-2020-JP-000802,亮介,高橋,亮介 高橋,Female,2003-11-20,user597.apple@aol.com,080-4564-1431,871 山本 Street,横浜市保土ケ谷区,中野区,667-9710,JP,Japan,JAPAN,Japanese,Consumer,None,2020-12-11,2020,NEW,True,MDM,2020-12-11 00:00:00,2026-04-17 15:58:34.188282
5004aac3-1723-48fe-a0f0-a2439a6ceb79,CUST-2020-JP-000803,健一,山本,健一 山本,Male,1983-03-23,user996.apple@live.com,19-1604-8045,076 佐々木 Street,袖ケ浦市,長生郡睦沢町,250-1109,JP,Japan,JAPAN,Japanese,Consumer,Gold,2020-12-16,2020,NEW,True,MDM,2020-12-16 00:00:00,2026-04-17 15:58:34.188338
03c674e5-803b-4861-87cb-84c390a35c67,CUST-2020-JP-000804,裕美子,山崎,裕美子 山崎,Male,1972-04-23,user733.apple223@hotmail.com,27-8416-0957,518 岡田 Street,豊島区,新宿区,567-2875,JP,Japan,JAPAN,Japanese,Consumer,Silver,2020-09-10,2020,NEW,True,MDM,2020-09-10 00:00:00,2026-04-17 15:58:34.188396
7513bde3-8c50-4ae3-a98f-cfa41f75ea37,CUST-2020-JP-000805,明美,田中,明美 田中,Male,1997-10-22,user546.apple@icloud.com,070-2117-0581,917 藤井 Street,国分寺市,山武郡横芝光町,873-8484,JP,Japan,JAPAN,Japanese,Consumer,None,2020-04-30,2020,NEW,True,MDM,2020-04-30 00:00:00,2026-04-17 15:58:34.188452
b4f5df72-0541-455c-bea8-c0fa7e1ded18,CUST-2020-JP-000806,真綾,渡辺,真綾 渡辺,Male,1980-02-21,user531.apple@outlook.com,080-3445-4193,346 山口 Street,足立区,川崎市川崎区,392-5175,JP,Japan,JAPAN,Japanese,Consumer,Gold,2020-04-07,2020,NEW,True,MDM,2020-04-07 00:00:00,2026-04-17 15:58:34.188507
281a6ca9-fabc-4b8e-93bb-5e58eb5996c5,CUST-2020-JP-000807,真綾,小林,真綾 小林,Female,1960-05-31,user958.apple941@yahoo.com,090-1614-6918,381 鈴木 Street,東大和市,横浜市鶴見区,309-2156,JP,Japan,JAPAN,Japanese,Consumer,None,2020-06-15,2020,NEW,True,MDM,2020-06-15 00:00:00,2026-04-17 15:58:34.188562
870de8a9-6ccf-4e82-8cfd-4984526b8f24,CUST-2020-JP-000808,美加子,加藤,美加子 加藤,Male,1981-04-05,user922.apple374@yahoo.com,070-0454-7849,085 渡辺 Street,横浜市保土ケ谷区,横浜市戸塚区,570-1426,JP,Japan,JAPAN,Japanese,Education,None,2020-02-27,2020,NEW,True,MDM,2020-02-27 00:00:00,2026-04-17 15:58:34.188618
e043038c-6886-4cbf-9673-0b69f32ab397,CUST-2020-JP-000809,涼平,中村,涼平 中村,Male,1998-12-07,user992.apple297@mail.com,070-5195-4219,880 小林 Street,武蔵野市,文京区,708-8734,JP,Japan,JAPAN,Japanese,Consumer,Silver,2020-09-27,2020,NEW,True,MDM,2020-09-27 00:00:00,2026-04-17 15:58:34.188674
2d833775-9c01-4f39-9e03-000c98acaef4,CUST-2020-JP-000810,七夏,藤田,七夏 藤田,Female,1960-05-21,user190.apple@hotmail.com,080-8815-0417,877 吉田 Street,川崎市幸区,立川市,436-6102,JP,Japan,JAPAN,Japanese,Consumer,Platinum,2020-07-25,2020,NEW,True,MDM,2020-07-25 00:00:00,2026-04-17 15:58:34.188729
430d51d8-1c2e-4ec0-83a6-d482965da12b,CUST-2020-JP-000811,舞,小川,舞 小川,Female,2005-11-17,user335.apple@outlook.com,080-3829-5780,979 井上 Street,国分寺市,八千代市,161-6799,JP,Japan,JAPAN,Japanese,Consumer,None,2020-08-30,2020,NEW,True,MDM,2020-08-30 00:00:00,2026-04-17 15:58:34.188784
38486c79-0b48-4d54-8c55-813e7f71dd1a,CUST-2020-JP-000812,裕樹,鈴木,裕樹 鈴木,Male,1989-11-14,user937.apple@hotmail.com,070-6137-6266,914 橋本 Street,清瀬市,東大和市,182-9640,JP,Japan,JAPAN,Japanese,Consumer,None,2020-11-27,2020,NEW,True,MDM,2020-11-27 00:00:00,2026-04-17 15:58:34.188839
77ad269a-bb6e-42c1-bb94-d753c9dc891e,CUST-2020-JP-000813,千代,青木,千代 青木,Male,1965-05-05,user361.apple@gmail.com,02-2765-7850,681 伊藤 Street,横浜市金沢区,川崎市中原区,597-2507,JP,Japan,JAPAN,Japanese,Consumer,Silver,2020-10-08,2020,NEW,False,MDM,2020-10-08 00:00:00,2026-04-17 15:58:34.188896
c26080ee-9a44-48e2-8d4d-6431c952fbaf,CUST-2020-JP-000814,治,渡辺,治 渡辺,Female,2008-01-20,user201.apple32@msn.com,070-1779-4532,028 鈴木 Street,板橋区,長生郡一宮町,372-5261,JP,Japan,JAPAN,Japanese,Consumer,None,2020-02-05,2020,NEW,True,MDM,2020-02-05 00:00:00,2026-04-17 15:58:34.188951
992ba1c0-2982-43ee-8544-e4dcf48f4cee,CUST-2020-JP-000815,健一,渡辺,健一 渡辺,Female,1981-09-07,user536.apple@gmail.com,070-5938-2108,925 西村 Street,杉並区,山武郡九十九里町,575-8358,JP,Japan,JAPAN,Japanese,Consumer,Gold,2020-02-29,2020,NEW,True,MDM,2020-02-29 00:00:00,2026-04-17 15:58:34.189007
f6c55798-86b0-4b7e-8eb3-d2786d296b46,CUST-2020-JP-000816,香織,高橋,香織 高橋,Male,1973-05-04,user662.apple@gmx.com,080-0107-9264,060 吉田 Street,富津市,福生市,819-9054,JP,Japan,JAPAN,Japanese,Consumer,Gold,2020-05-06,2020,NEW,True,MDM,2020-05-06 00:00:00,2026-04-17 15:58:34.189063
7a2bb30a-1462-4f1b-935b-d1ba0df87945,CUST-2020-JP-000817,拓真,松本,拓真 松本,Male,1975-04-24,user659.apple306@yahoo.com,080-2881-5222,657 吉田 Street,川崎市中原区,横浜市戸塚区,959-1266,JP,Japan,JAPAN,Japanese,Consumer,None,2020-04-03,2020,NEW,True,MDM,2020-04-03 00:00:00,2026-04-17 15:58:34.189118
a143cf34-d6f0-450c-8904-2d38dd84cc37,CUST-2020-JP-000818,翔太,長谷川,翔太 長谷川,Female,1957-01-15,user213.apple@icloud.com,070-8383-8900,711 長谷川 Street,青梅市,川崎市中原区,642-5483,JP,Japan,JAPAN,Japanese,Consumer,None,2020-03-20,2020,NEW,True,MDM,2020-03-20 00:00:00,2026-04-17 15:58:34.189173
e69ee690-4fdd-46b7-a8d7-401710a2fb66,CUST-2020-JP-000819,七夏,加藤,七夏 加藤,Male,2004-07-12,user529.apple@gmail.com,070-6282-4865,541 中村 Street,狛江市,南房総市,549-5939,JP,Japan,JAPAN,Japanese,Consumer,Gold,2020-02-04,2020,NEW,True,MDM,2020-02-04 00:00:00,2026-04-17 15:58:34.189229
424572f5-5cde-4931-919b-04b03cf73666,CUST-2020-JP-000820,裕樹,山本,裕樹 山本,Female,1985-08-29,user484.apple@outlook.com,090-7767-7843,255 加藤 Street,北区,荒川区,449-5414,JP,Japan,JAPAN,Japanese,Education,Silver,2020-06-10,2020,NEW,True,MDM,2020-06-10 00:00:00,2026-04-17 15:58:34.189284
15c28785-d6d4-47fe-988b-0ff467eac65b,CUST-2020-JP-000821,浩,長谷川,浩 長谷川,Male,1951-11-22,user441.apple207@icloud.com,090-2250-9022,469 山本 Street,台東区,渋谷区,591-0820,JP,Japan,JAPAN,Japanese,Consumer,None,2020-12-20,2020,NEW,False,MDM,2020-12-20 00:00:00,2026-04-17 15:58:34.189339
28f99f1a-e47c-48ee-bcc7-2550790bc612,CUST-2020-JP-000822,淳,山田,淳 山田,Female,1993-04-14,user254.apple84@msn.com,080-2987-0845,410 斎藤 Street,横浜市栄区,荒川区,156-6848,JP,Japan,JAPAN,Japanese,Consumer,Gold,2020-04-23,2020,NEW,False,MDM,2020-04-23 00:00:00,2026-04-17 15:58:34.189395
939ddadb-fa48-43f0-b530-1ec7e4026365,CUST-2020-JP-000823,零,高橋,零 高橋,Male,1951-05-19,user484.apple@hotmail.com,080-9905-3462,453 吉田 Street,羽村市,中央区,759-8351,JP,Japan,JAPAN,Japanese,Consumer,None,2020-04-17,2020,NEW,True,MDM,2020-04-17 00:00:00,2026-04-17 15:58:34.189451
cf81cbaf-cab5-4df1-8bc8-f83289de2141,CUST-2020-JP-000824,里佳,佐藤,里佳 佐藤,Male,1950-06-01,user993.apple@icloud.com,090-0014-1977,806 山口 Street,西多摩郡奥多摩町,山武郡横芝光町,288-1830,JP,Japan,JAPAN,Japanese,Consumer,Gold,2020-06-10,2020,NEW,True,MDM,2020-06-10 00:00:00,2026-04-17 15:58:34.189506
e8e42507-5d8a-4bd0-b22d-5a799e4763d0,CUST-2020-JP-000825,春香,斎藤,春香 斎藤,Male,1987-09-08,user941.apple@gmail.com,080-7335-0651,240 中島 Street,長生郡長生村,世田谷区,738-5659,JP,Japan,JAPAN,Japanese,Consumer,Gold,2020-03-22,2020,NEW,True,MDM,2020-03-22 00:00:00,2026-04-17 15:58:34.189561
2a451333-1f41-49c1-a740-7100725abaab,CUST-2020-JP-000826,京助,清水,京助 清水,Female,1950-06-12,user862.apple@mail.com,080-8284-6164,694 清水 Street,山武郡芝山町,小平市,057-1060,JP,Japan,JAPAN,Japanese,Consumer,Silver,2020-01-09,2020,NEW,True,MDM,2020-01-09 00:00:00,2026-04-17 15:58:34.189617
e30e9caf-3926-4afb-a616-098b589dc583,CUST-2020-JP-000827,美加子,渡辺,美加子 渡辺,Female,1982-11-09,user881.apple@zoho.com,61-0164-0642,632 吉田 Street,江東区,横浜市瀬谷区,084-1570,JP,Japan,JAPAN,Japanese,Consumer,None,2020-04-02,2020,NEW,True,MDM,2020-04-02 00:00:00,2026-04-17 15:58:34.189673
b6c6a67b-3911-46a5-9125-16d3bf8d5a3e,CUST-2020-JP-000828,浩,高橋,浩 高橋,Female,1951-07-28,user244.apple598@outlook.com,09-5790-4750,536 吉田 Street,袖ケ浦市,横浜市泉区,595-6548,JP,Japan,JAPAN,Japanese,Consumer,None,2020-06-12,2020,NEW,True,MDM,2020-06-12 00:00:00,2026-04-17 15:58:34.189729
364328a3-3b09-4c7d-a271-8c160d7881ff,CUST-2020-JP-000829,智也,清水,智也 清水,Female,1967-08-23,user902.apple@yahoo.com,070-4580-4456,867 森 Street,稲城市,鎌ケ谷市,885-1586,JP,Japan,JAPAN,Japanese,Consumer,Gold,2020-11-22,2020,NEW,True,MDM,2020-11-22 00:00:00,2026-04-17 15:58:34.189784
34ec8b85-6312-48cf-b0ec-ffcd96fe6663,CUST-2020-JP-000830,舞,中島,舞 中島,Male,1999-04-05,user711.apple@hotmail.com,080-6218-0007,300 山崎 Street,君津市,香取市,793-7169,JP,Japan,JAPAN,Japanese,Consumer,Silver,2020-08-27,2020,NEW,True,MDM,2020-08-27 00:00:00,2026-04-17 15:58:34.189839
32487548-5dd2-4ab5-8da2-85c282de675e,CUST-2020-JP-000831,裕太,坂本,裕太 坂本,Male,1985-03-11,user209.apple@gmail.com,070-4622-7523,597 高橋 Street,中央区,大網白里市,880-5847,JP,Japan,JAPAN,Japanese,Consumer,None,2020-09-07,2020,NEW,True,MDM,2020-09-07 00:00:00,2026-04-17 15:58:34.189894
ee15f238-bb13-4e05-9093-fea445075296,CUST-2020-JP-000832,明美,佐藤,明美 佐藤,Male,1959-12-20,user658.apple@outlook.com,090-2520-4101,275 佐藤 Street,港区,長生郡睦沢町,038-0300,JP,Japan,JAPAN,Japanese,Consumer,None,2020-07-23,2020,NEW,True,MDM,2020-07-23 00:00:00,2026-04-17 15:58:34.189950
896ac881-f81e-4d42-99c8-1efb3eb01778,CUST-2020-JP-000833,結衣,中村,結衣 中村,Male,1961-10-29,user891.apple@zoho.com,090-9864-7698,637 藤原 Street,横浜市磯子区,川崎市宮前区,079-9507,JP,Japan,JAPAN,Japanese,Education,Gold,2020-08-07,2020,NEW,True,MDM,2020-08-07 00:00:00,2026-04-17 15:58:34.190005
1cd2eb09-3d4f-4ccf-b407-c5124e847e51,CUST-2020-JP-000834,桃子,木村,桃子 木村,Male,1961-08-01,user644.apple@aol.com,090-0932-2639,335 山下 Street,渋谷区,渋谷区,336-4302,JP,Japan,JAPAN,Japanese,Business,Silver,2020-01-08,2020,NEW,False,MDM,2020-01-08 00:00:00,2026-04-17 15:58:34.190060
22e53401-cba7-4962-80e1-a06e7b5c488a,CUST-2020-JP-000835,京助,伊藤,京助 伊藤,Male,1970-11-03,user663.apple@outlook.com,090-0601-9527,787 井上 Street,富津市,山武郡九十九里町,650-2094,JP,Japan,JAPAN,Japanese,Consumer,None,2020-12-01,2020,NEW,True,MDM,2020-12-01 00:00:00,2026-04-17 15:58:34.190115
57b84512-9faf-4019-8b45-d62eef932fc3,CUST-2020-JP-000836,春香,渡辺,春香 渡辺,Male,2003-11-09,user897.apple@mail.com,080-5014-0938,239 高橋 Street,葛飾区,横浜市旭区,848-7610,JP,Japan,JAPAN,Japanese,Business,None,2020-07-15,2020,NEW,True,MDM,2020-07-15 00:00:00,2026-04-17 15:58:34.190169
9a63f266-7776-40d6-9993-11b383846daa,CUST-2020-JP-000837,洋介,坂本,洋介 坂本,Male,1958-01-30,user397.apple@outlook.com,090-4929-9053,672 加藤 Street,町田市,三宅島三宅村,477-8079,JP,Japan,JAPAN,Japanese,Business,Silver,2020-03-01,2020,NEW,True,MDM,2020-03-01 00:00:00,2026-04-17 15:58:34.190225
b6d556f6-204f-428e-9147-9e8fe9cc3948,CUST-2020-JP-000838,陽一,佐藤,陽一 佐藤,Female,1981-03-01,user123.apple368@aol.com,070-2430-0461,760 藤田 Street,香取市,狛江市,336-5100,JP,Japan,JAPAN,Japanese,Consumer,None,2020-11-29,2020,NEW,True,MDM,2020-11-29 00:00:00,2026-04-17 15:58:34.190280
45db5ffb-3cd9-44b4-9e8b-ca7c8573bfb1,CUST-2020-JP-000839,明美,小林,明美 小林,Female,1986-06-09,user744.apple@mail.com,070-4521-8726,291 井上 Street,横浜市鶴見区,御蔵島村,229-2360,JP,Japan,JAPAN,Japanese,Consumer,Gold,2020-07-24,2020,NEW,True,MDM,2020-07-24 00:00:00,2026-04-17 15:58:34.190335
29c982ec-0be1-4fce-9d68-92828fc3cfea,CUST-2020-JP-000840,明美,田中,明美 田中,Female,1959-12-25,user409.apple275@protonmail.com,95-8697-4592,405 三浦 Street,横浜市戸塚区,東村山市,723-3780,JP,Japan,JAPAN,Japanese,Consumer,None,2020-02-12,2020,NEW,True,MDM,2020-02-12 00:00:00,2026-04-17 15:58:34.190392
e4c1f3df-4603-48d9-ba9c-7488b9a67108,CUST-2020-JP-000841,桃子,佐藤,桃子 佐藤,Female,1997-12-14,user337.apple49@aol.com,71-0087-3678,316 林 Street,荒川区,港区,017-0913,JP,Japan,JAPAN,Japanese,Consumer,None,2020-03-02,2020,NEW,True,MDM,2020-03-02 00:00:00,2026-04-17 15:58:34.190449
2efd159d-dc2c-4416-b8cd-3e151e108695,CUST-2020-JP-000842,陽子,藤田,陽子 藤田,Male,2005-05-25,user865.apple@hotmail.com,78-8473-5614,635 鈴木 Street,山武郡九十九里町,羽村市,448-8506,JP,Japan,JAPAN,Japanese,Business,None,2020-08-09,2020,NEW,True,MDM,2020-08-09 00:00:00,2026-04-17 15:58:34.190505
839715ef-aa41-4466-8715-fb71870617ed,CUST-2020-JP-000843,真綾,岡本,真綾 岡本,Female,1958-03-06,user498.apple@aol.com,080-8422-0906,199 岡本 Street,利島村,八王子市,151-8600,JP,Japan,JAPAN,Japanese,Consumer,None,2020-06-12,2020,NEW,False,MDM,2020-06-12 00:00:00,2026-04-17 15:58:34.190560
a72194fa-5c7e-4482-83e5-d715536ce4f3,CUST-2020-JP-000844,陽一,吉田,陽一 吉田,Male,1981-07-28,user350.apple328@aol.com,54-6207-9950,952 小林 Street,長生郡睦沢町,川崎市高津区,158-0906,JP,Japan,JAPAN,Japanese,Education,None,2020-04-09,2020,NEW,True,MDM,2020-04-09 00:00:00,2026-04-17 15:58:34.190616
05b0cc9b-e2b6-41a7-b66d-e9bce7647a1a,CUST-2020-JP-000845,治,福田,治 福田,Female,1968-09-30,user953.apple@zoho.com,080-9623-8564,939 佐藤 Street,板橋区,香取郡神崎町,485-8921,JP,Japan,JAPAN,Japanese,Consumer,Silver,2020-01-04,2020,NEW,True,MDM,2020-01-04 00:00:00,2026-04-17 15:58:34.190672
c65b1783-8a8e-42e2-9903-88cd79ef053b,CUST-2020-JP-000846,里佳,長谷川,里佳 長谷川,Female,1976-10-25,user182.apple@mail.com,080-6580-8353,902 佐々木 Street,昭島市,印旛郡栄町,704-6408,JP,Japan,JAPAN,Japanese,Business,Silver,2020-01-02,2020,NEW,True,MDM,2020-01-02 00:00:00,2026-04-17 15:58:34.190728
cccc7adf-2b40-4bd5-bab9-7fa385163b16,CUST-2020-JP-000847,治,鈴木,治 鈴木,Male,1975-05-26,user954.apple139@yahoo.com,93-1328-2907,830 鈴木 Street,武蔵野市,三鷹市,069-8614,JP,Japan,JAPAN,Japanese,Consumer,None,2020-04-24,2020,NEW,True,MDM,2020-04-24 00:00:00,2026-04-17 15:58:34.190785
5bc00669-65c0-41fb-bc58-3702072f7a7b,CUST-2020-JP-000848,智也,鈴木,智也 鈴木,Female,1999-03-24,user144.apple@hotmail.com,080-5543-9181,671 長谷川 Street,西多摩郡日の出町,横浜市泉区,352-5604,JP,Japan,JAPAN,Japanese,Consumer,Gold,2020-09-09,2020,NEW,False,MDM,2020-09-09 00:00:00,2026-04-17 15:58:34.190841
ade48994-f5fd-43f7-9c02-2c0433597373,CUST-2020-JP-000849,和也,中川,和也 中川,Female,1961-06-28,user223.apple@hotmail.com,090-0446-1798,039 石井 Street,横浜市栄区,長生郡一宮町,942-9168,JP,Japan,JAPAN,Japanese,Consumer,None,2020-10-15,2020,NEW,True,MDM,2020-10-15 00:00:00,2026-04-17 15:58:34.190900
c65d6e67-bb63-48cf-a1d3-b60595094e64,CUST-2020-JP-000850,翔太,清水,翔太 清水,Female,1991-08-14,user595.apple694@gmx.com,080-4354-0845,592 前田 Street,長生郡睦沢町,東大和市,175-4758,JP,Japan,JAPAN,Japanese,Consumer,Silver,2020-12-22,2020,NEW,True,MDM,2020-12-22 00:00:00,2026-04-17 15:58:34.190958
03df924f-0b21-45ba-b658-e6698b574e5f,CUST-2020-JP-000851,裕美子,藤井,裕美子 藤井,Female,1996-05-06,user301.apple974@gmx.com,080-2497-7342,605 渡辺 Street,西多摩郡瑞穂町,山武郡芝山町,061-7397,JP,Japan,JAPAN,Japanese,Consumer,Silver,2020-11-13,2020,NEW,True,MDM,2020-11-13 00:00:00,2026-04-17 15:58:34.191015
7074cdb5-9f03-4eaf-8610-fa1584ae03f4,CUST-2020-JP-000852,健一,松田,健一 松田,Male,1964-04-09,user645.apple@outlook.com,080-2531-2921,770 森 Street,袖ケ浦市,横浜市栄区,746-4346,JP,Japan,JAPAN,Japanese,Consumer,None,2020-03-19,2020,NEW,True,MDM,2020-03-19 00:00:00,2026-04-17 15:58:34.191073
f613de37-ec7d-4ff8-a42c-7787f797c8cc,CUST-2020-JP-000853,治,石川,治 石川,Female,1971-10-22,user107.apple450@msn.com,45-8769-3618,920 藤田 Street,川崎市中原区,北区,665-7261,JP,Japan,JAPAN,Japanese,Consumer,Platinum,2020-11-25,2020,NEW,True,MDM,2020-11-25 00:00:00,2026-04-17 15:58:34.191131
7882335c-3c0c-45a7-81bf-c78066094f5d,CUST-2020-JP-000854,香織,山崎,香織 山崎,Female,1974-11-30,user869.apple@hotmail.com,070-5406-9951,314 前田 Street,鴨川市,横浜市緑区,410-1850,JP,Japan,JAPAN,Japanese,Consumer,None,2020-12-25,2020,NEW,True,MDM,2020-12-25 00:00:00,2026-04-17 15:58:34.191188
5be19bc1-4146-48ce-be70-9a0f4a179555,CUST-2020-JP-000855,洋介,岡本,洋介 岡本,Female,1980-04-28,user490.apple@gmail.com,080-0452-2978,572 鈴木 Street,西多摩郡瑞穂町,江東区,202-9820,JP,Japan,JAPAN,Japanese,Business,Silver,2020-09-20,2020,NEW,True,MDM,2020-09-20 00:00:00,2026-04-17 15:58:34.191245
7469bda3-04a5-4e50-bf71-0646f7031a1c,CUST-2020-JP-000856,直人,吉田,直人 吉田,Male,1959-03-08,user831.apple389@gmail.com,090-6133-4912,102 山田 Street,青ヶ島村,印旛郡酒々井町,764-1198,JP,Japan,JAPAN,Japanese,Consumer,Silver,2020-04-22,2020,NEW,True,MDM,2020-04-22 00:00:00,2026-04-17 15:58:34.191303
058822ec-81f5-4623-9bed-aa57f09ff17d,CUST-2020-JP-000857,明美,近藤,明美 近藤,Female,1966-04-13,user968.apple@zoho.com,090-0204-7199,251 岡田 Street,香取郡神崎町,武蔵村山市,127-1082,JP,Japan,JAPAN,Japanese,Consumer,None,2020-02-18,2020,NEW,True,MDM,2020-02-18 00:00:00,2026-04-17 15:58:34.191360
354f0e7c-4600-4f05-b049-d166c0ab8e4f,CUST-2020-JP-000858,京助,田中,京助 田中,Male,2004-08-12,user364.apple@mail.com,76-5423-1016,533 松本 Street,いすみ市,三鷹市,540-5309,JP,Japan,JAPAN,Japanese,Education,Silver,2020-02-22,2020,NEW,True,MDM,2020-02-22 00:00:00,2026-04-17 15:58:34.191420
4d6c38b3-c4e2-458e-a9d7-a13f1589b947,CUST-2020-JP-000859,直樹,三浦,直樹 三浦,Female,1985-06-17,user251.apple@msn.com,080-8446-4595,949 山本 Street,白井市,山武郡芝山町,019-9256,JP,Japan,JAPAN,Japanese,Consumer,None,2020-01-05,2020,NEW,True,MDM,2020-01-05 00:00:00,2026-04-17 15:58:34.191479
952eb822-115d-476a-9d1c-86e242c7cefa,CUST-2020-JP-000860,健一,長谷川,健一 長谷川,Female,1952-04-26,user161.apple563@protonmail.com,090-1680-4632,684 中村 Street,品川区,横浜市旭区,825-4998,JP,Japan,JAPAN,Japanese,Consumer,Gold,2020-01-16,2020,NEW,True,MDM,2020-01-16 00:00:00,2026-04-17 15:58:34.191538
fa0b2fac-3dd9-4d1c-ac78-bb5dbf1ac04e,CUST-2020-JP-000861,翔太,前田,翔太 前田,Female,1958-11-25,user922.apple@live.com,080-3106-4883,277 高橋 Street,町田市,鎌ケ谷市,381-5668,JP,Japan,JAPAN,Japanese,Consumer,Silver,2020-05-11,2020,NEW,True,MDM,2020-05-11 00:00:00,2026-04-17 15:58:34.191596
0dc0c644-4484-46df-b1be-3e9281f34f69,CUST-2020-JP-000862,充,加藤,充 加藤,Female,1952-12-08,user491.apple30@zoho.com,23-7999-0767,683 斉藤 Street,江戸川区,印旛郡印旛村,389-8797,JP,Japan,JAPAN,Japanese,Consumer,None,2020-07-09,2020,NEW,True,MDM,2020-07-09 00:00:00,2026-04-17 15:58:34.191656
30b72a3d-6319-4768-acf2-37a04760c91f,CUST-2020-JP-000863,拓真,伊藤,拓真 伊藤,Male,1977-06-09,user387.apple@zoho.com,070-3425-3768,663 田中 Street,富里市,大島町,497-4854,JP,Japan,JAPAN,Japanese,Consumer,Platinum,2020-09-19,2020,NEW,True,MDM,2020-09-19 00:00:00,2026-04-17 15:58:34.191716
dc5c0bb5-19c8-4c0e-86f6-4f77668e7036,CUST-2020-JP-000864,零,小林,零 小林,Female,1991-09-18,user198.apple@hotmail.com,080-5972-6712,546 佐藤 Street,日野市,武蔵村山市,440-4433,JP,Japan,JAPAN,Japanese,Consumer,None,2020-01-08,2020,NEW,True,MDM,2020-01-08 00:00:00,2026-04-17 15:58:34.191776
b191f079-a92c-41bc-b318-bf494d08cf0d,CUST-2020-JP-000865,稔,佐々木,稔 佐々木,Male,1984-02-22,user262.apple@yahoo.com,090-4277-5260,480 加藤 Street,川崎市中原区,横浜市西区,948-6657,JP,Japan,JAPAN,Japanese,Consumer,Silver,2020-05-11,2020,NEW,True,MDM,2020-05-11 00:00:00,2026-04-17 15:58:34.191835
f069aab3-ef4e-4e84-9533-766a3e7ff7fe,CUST-2020-JP-000866,舞,松本,舞 松本,Female,1976-01-08,user797.apple@msn.com,070-6305-4857,447 小林 Street,台東区,君津市,640-0219,JP,Japan,JAPAN,Japanese,Consumer,Silver,2020-06-26,2020,NEW,True,MDM,2020-06-26 00:00:00,2026-04-17 15:58:34.191893
92aaa76f-57aa-4cf9-91f1-780068220c30,CUST-2020-JP-000867,桃子,田中,桃子 田中,Female,1952-12-28,user893.apple574@gmx.com,070-7535-0821,196 青木 Street,日野市,利島村,836-4071,JP,Japan,JAPAN,Japanese,Consumer,None,2020-06-14,2020,NEW,True,MDM,2020-06-14 00:00:00,2026-04-17 15:58:34.191951
6dd9aeb2-8c89-41b9-90aa-99329f8a889c,CUST-2020-JP-000868,稔,林,稔 林,Male,1986-09-24,user335.apple526@icloud.com,070-2860-5970,134 山下 Street,新島村,三鷹市,706-7498,JP,Japan,JAPAN,Japanese,Consumer,Platinum,2020-03-11,2020,NEW,True,MDM,2020-03-11 00:00:00,2026-04-17 15:58:34.192010
