customer_id,customer_number,first_name,last_name,full_name,gender,date_of_birth,email,phone_number,street_address,city,state_province,postal_code,country_code,country_name,region,preferred_language,customer_segment,loyalty_tier,registration_date,acquisition_year,customer_type,is_active,source_system,created_at,updated_at
6f017df5-bba9-41d4-97f8-a8b506aebba4,CUST-2021-HK-000010,麗華,何,麗華 何,Female,2000-03-28,user809.apple@outlook.com,(01) 97651655,天母街659號,北竿,台南縣,537,HK,Hong Kong,GREATER_CHINA,Chinese,Business,Gold,2021-11-22,2021,RETURNING,True,MDM,2021-11-22 00:00:00,2026-04-17 15:58:41.199122
dec873c3-e7e3-406f-afa2-ff69c1054808,CUST-2019-HK-000238,欣怡,張,欣怡 張,Male,1961-01-30,user512.apple@live.com,00-11715129,公園路17號,北竿市,豐原市,628,HK,Hong Kong,GREATER_CHINA,Chinese,Consumer,Silver,2019-10-14,2019,RETURNING,True,MDM,2019-10-14,2026-04-17 15:58:41.199129
349933a5-b924-4c1d-9c74-d0bc8460e52b,CUST-2020-HK-000015,玉琴,黃,玉琴 黃,Male,1966-07-08,user841.apple893@hotmail.com,04 8906222,石牌路8號,台南,褒忠,953,HK,Hong Kong,GREATER_CHINA,Chinese,Consumer,None,2020-07-15,2020,RETURNING,True,MDM,2020-07-15 00:00:00,2026-04-17 15:58:41.199133
d4f25c0c-94ca-44b5-bdcc-e4accb016582,CUST-2019-HK-000480,冠宏,張,冠宏 張,Male,1976-01-10,user614.apple225@mail.com,0985-646175,忠義巷417號,阿里山縣,苗栗市,595,HK,Hong Kong,GREATER_CHINA,Chinese,Business,Gold,2019-09-09,2019,RETURNING,True,MDM,2019-09-09,2026-04-17 15:58:41.199135
96fc8e7f-3b12-4de4-aa71-e9f488b24002,CUST-2020-HK-000074,淑華,黃,淑華 黃,Female,1962-04-10,user867.apple@live.com,(07) 99224509,民治路8段684號,中壢,台南縣,365,HK,Hong Kong,GREATER_CHINA,Chinese,Consumer,Gold,2020-08-29,2020,RETURNING,True,MDM,2020-08-29 00:00:00,2026-04-17 15:58:41.199137
31244d1f-20c6-413f-a084-05bc33c93a5d,CUST-2019-HK-000367,國雄,胡,國雄 胡,Male,2006-03-29,user457.apple@icloud.com,04-63471096,廣慈街9段30號,新營縣,蘆洲,27560,HK,Hong Kong,GREATER_CHINA,Chinese,Consumer,Platinum,2019-04-07,2019,RETURNING,True,MDM,2019-04-07,2026-04-17 15:58:41.199139
5db4ee2d-aba3-4e75-ac70-9119074d52eb,CUST-2021-HK-000109,建宏,柯,建宏 柯,Female,1972-03-29,user897.apple322@icloud.com,01 7697681,民富街3段160號,新竹,澎湖市,770,HK,Hong Kong,GREATER_CHINA,Chinese,Consumer,None,2021-02-24,2021,RETURNING,True,MDM,2021-02-24 00:00:00,2026-04-17 15:58:41.199141
8d6f5b61-bab0-4cab-873b-64e7a0001f94,CUST-2019-HK-000400,永昌,鄭,永昌 鄭,Male,2003-03-01,user583.apple825@hotmail.com,0967-207166,五福街501號,馬公,中和,74530,HK,Hong Kong,GREATER_CHINA,Chinese,Consumer,None,2019-11-25,2019,RETURNING,True,MDM,2019-11-25,2026-04-17 15:58:41.199143
0628cd65-f89c-498a-a388-9de169c8d98b,CUST-2019-HK-000095,美玲,周,美玲 周,Female,1955-06-04,user651.apple621@gmail.com,04-21939739,景美巷7段5號,牡丹,三重,46446,HK,Hong Kong,GREATER_CHINA,Chinese,Business,None,2019-11-22,2019,RETURNING,True,MDM,2019-11-22,2026-04-17 15:58:41.199145
21c8301d-2433-441e-b74f-a65cd54fc474,CUST-2021-HK-000103,淑芳,李,淑芳 李,Female,1971-10-26,user453.apple@gmail.com,0944-375833,廣慈巷1段348號,新竹,永康,295,HK,Hong Kong,GREATER_CHINA,Chinese,Consumer,Silver,2021-08-09,2021,RETURNING,True,MDM,2021-08-09 00:00:00,2026-04-17 15:58:41.199146
b35e94f0-4675-4ae4-ba76-8ac7bc0c2f8c,CUST-2019-HK-000018,月娥,賴,月娥 賴,Male,1990-05-01,user282.apple689@icloud.com,04-68608437,文化路4號,蘆洲,宜蘭,624,HK,Hong Kong,GREATER_CHINA,Chinese,Consumer,None,2019-06-28,2019,RETURNING,True,MDM,2019-06-28,2026-04-17 15:58:41.199148
1aeff989-c2d7-41c8-8a0e-404d537d8ef6,CUST-2021-HK-000041,志豪,陳,志豪 陳,Female,2000-05-20,user214.apple@msn.com,00 8469492,延平街42號,古坑市,竹北縣,790,HK,Hong Kong,GREATER_CHINA,Chinese,Consumer,Silver,2021-07-10,2021,RETURNING,True,MDM,2021-07-10 00:00:00,2026-04-17 15:58:41.199150
247ce296-ac9f-4509-8b20-eaa52f804c95,CUST-2019-HK-000035,美珠,林,美珠 林,Male,1967-04-16,user105.apple@zoho.com,095 22861532,光明街6段611號,金門縣,新營市,994,HK,Hong Kong,GREATER_CHINA,Chinese,Consumer,None,2019-12-10,2019,RETURNING,True,MDM,2019-12-10,2026-04-17 15:58:41.199152
55e9d647-9f8a-4654-b450-f4eed5c52973,CUST-2020-HK-000013,志宏,丁,志宏 丁,Male,1999-01-26,user336.apple193@aol.com,01-7602637,劍潭街2號,屏東市,澎湖,94875,HK,Hong Kong,GREATER_CHINA,Chinese,Consumer,None,2020-04-22,2020,RETURNING,True,MDM,2020-04-22 00:00:00,2026-04-17 15:58:41.199153
fd252931-ba2e-434c-87c5-ee66ef405bde,CUST-2021-HK-000047,淑娟,顏,淑娟 顏,Female,1974-10-05,user657.apple@aol.com,0965-273282,新興街759號,桃園,古坑,630,HK,Hong Kong,GREATER_CHINA,Chinese,Consumer,None,2021-12-21,2021,RETURNING,True,MDM,2021-12-21 00:00:00,2026-04-17 15:58:41.199156
046e5436-7e97-4ff2-829b-ab8034c93381,CUST-2021-HK-000164,麗華,林,麗華 林,Female,1983-11-17,user889.apple821@hotmail.com,(03) 91317504,西門路637號,蘆竹縣,斗六,122,HK,Hong Kong,GREATER_CHINA,Chinese,Business,Silver,2021-07-03,2021,RETURNING,True,MDM,2021-07-03 00:00:00,2026-04-17 15:58:41.199157
f9915acc-9a50-4269-b5f2-5b82d8fec1fe,CUST-2019-HK-000002,靜宜,潘,靜宜 潘,Female,2001-11-26,user896.apple@zoho.com,07 5945322,新生路165號,桃園縣,台東,85633,HK,Hong Kong,GREATER_CHINA,Chinese,Consumer,None,2019-05-12,2019,RETURNING,True,MDM,2019-05-12,2026-04-17 15:58:41.199159
f025c409-0214-4487-98fd-fa43960da0eb,CUST-2019-HK-000419,建銘,郭,建銘 郭,Female,2007-05-20,user782.apple@zoho.com,(02) 44489007,迴龍巷1段172號,鳳山縣,草屯,65835,HK,Hong Kong,GREATER_CHINA,Chinese,Consumer,Gold,2019-02-12,2019,RETURNING,True,MDM,2019-02-12,2026-04-17 15:58:41.199160
94dbadfa-e0d8-4d68-9280-8a179087f8d7,CUST-2019-HK-000117,聰明,潘,聰明 潘,Female,1997-04-26,user464.apple@yahoo.com,0903-685737,育英巷79號,桃園市,澎湖,292,HK,Hong Kong,GREATER_CHINA,Chinese,Consumer,None,2019-05-06,2019,RETURNING,True,MDM,2019-05-06,2026-04-17 15:58:41.199162
368e4bea-ff04-43df-96db-48791839342d,CUST-2019-HK-000343,美玲,廖,美玲 廖,Female,1992-03-27,user995.apple854@icloud.com,062 34628752,民治街70號,新營縣,金門,16076,HK,Hong Kong,GREATER_CHINA,Chinese,Business,None,2019-03-07,2019,RETURNING,True,MDM,2019-03-07,2026-04-17 15:58:41.199164
85f46596-5a39-44da-bcd8-45f1e3af1a99,CUST-2019-HK-000067,美華,廖,美華 廖,Male,1966-12-24,user989.apple@gmail.com,04-76647200,復興街731號,楊梅縣,頭份市,366,HK,Hong Kong,GREATER_CHINA,Chinese,Consumer,None,2019-07-16,2019,RETURNING,True,MDM,2019-07-16,2026-04-17 15:58:41.199166
a1b9ca0e-7f18-489e-ba87-83e60d99f942,CUST-2019-HK-000498,志誠,何,志誠 何,Male,1958-01-21,user322.apple943@outlook.com,(09) 11310569,文昌路99號,新竹市,鳳山,67985,HK,Hong Kong,GREATER_CHINA,Chinese,Business,None,2019-12-16,2019,RETURNING,False,MDM,2019-12-16,2026-04-17 15:58:41.199167
76e18b11-f8c5-48ba-a088-2dc0de2520cf,CUST-2019-HK-000474,美雲,許,美雲 許,Male,1953-04-03,user806.apple223@gmx.com,048 21087593,劍南路6號,光復,北竿市,410,HK,Hong Kong,GREATER_CHINA,Chinese,Consumer,None,2019-09-11,2019,RETURNING,True,MDM,2019-09-11,2026-04-17 15:58:41.199169
651c84b6-f602-4a06-900e-5d852788858b,CUST-2021-HK-000095,淑芳,曾,淑芳 曾,Female,1991-06-05,user825.apple@yahoo.com,0958733225,紅樹林街5號,屏東,牡丹市,816,HK,Hong Kong,GREATER_CHINA,Chinese,Consumer,Gold,2021-01-04,2021,RETURNING,True,MDM,2021-01-04 00:00:00,2026-04-17 15:58:41.199171
6e8dab88-49c9-4953-a21d-8332de66816f,CUST-2019-HK-000169,美珍,彭,美珍 彭,Male,2005-10-19,user144.apple344@icloud.com,0974372219,文化街52號,中壢,花蓮,78464,HK,Hong Kong,GREATER_CHINA,Chinese,Consumer,Silver,2019-07-11,2019,RETURNING,True,MDM,2019-07-11,2026-04-17 15:58:41.199172
52bb6893-ffdc-47b0-911c-4c1539e1647f,CUST-2019-HK-000468,麗卿,謝,麗卿 謝,Male,1988-04-12,user784.apple@icloud.com,0999966749,昆陽巷5號,梅山,澎湖市,16026,HK,Hong Kong,GREATER_CHINA,Chinese,Consumer,None,2019-02-24,2019,RETURNING,True,MDM,2019-02-24,2026-04-17 15:58:41.199174
24b50238-6f60-4044-82ad-3a792cdc8195,CUST-2019-HK-000436,素珠,呂,素珠 呂,Male,1998-01-28,user186.apple@gmail.com,08 2254648,大勇巷4號,彰化,台北,67663,HK,Hong Kong,GREATER_CHINA,Chinese,Consumer,None,2019-12-26,2019,RETURNING,True,MDM,2019-12-26,2026-04-17 15:58:41.199176
1df09f73-df80-409f-ac1e-464323c6603a,CUST-2020-HK-000140,玉蘭,洪,玉蘭 洪,Female,1967-07-23,user774.apple@mail.com,0944-439255,仁愛巷659號,中和縣,新北縣,57353,HK,Hong Kong,GREATER_CHINA,Chinese,Consumer,Silver,2020-04-26,2020,RETURNING,True,MDM,2020-04-26 00:00:00,2026-04-17 15:58:41.199177
4b61ada1-a18d-45a2-aa30-931cc3a3ea24,CUST-2020-HK-000011,秀蓮,伍,秀蓮 伍,Female,2000-08-30,user583.apple@mail.com,0995-446589,復興街7段686號,永康縣,三重市,86667,HK,Hong Kong,GREATER_CHINA,Chinese,Business,Silver,2020-07-17,2020,RETURNING,True,MDM,2020-07-17 00:00:00,2026-04-17 15:58:41.199178
28aa6a67-4b9d-4b0e-ad67-60d10dd0763f,CUST-2019-HK-000186,秀珍,鄧,秀珍 鄧,Male,1980-07-27,user982.apple@outlook.com,0948875660,福安巷7號,阿里山,高雄縣,546,HK,Hong Kong,GREATER_CHINA,Chinese,Consumer,Platinum,2019-01-15,2019,RETURNING,True,MDM,2019-01-15,2026-04-17 15:58:41.199180
37cd413b-a60e-4708-bcbc-c5b6f3421036,CUST-2019-HK-000191,明宗,龔,明宗 龔,Male,2008-01-13,user815.apple@outlook.com,0952158906,自立巷6號,宜蘭,古坑,502,HK,Hong Kong,GREATER_CHINA,Chinese,Business,Silver,2019-03-09,2019,RETURNING,True,MDM,2019-03-09,2026-04-17 15:58:41.199181
021e7e00-9cf5-4ddb-8853-f3d1963cf6c0,CUST-2019-HK-000446,冠宇,吳,冠宇 吳,Female,1953-10-29,user161.apple@hotmail.com,02 2241365,自立巷711號,豐原市,竹北縣,558,HK,Hong Kong,GREATER_CHINA,Chinese,Consumer,None,2019-12-14,2019,RETURNING,True,MDM,2019-12-14,2026-04-17 15:58:41.199183
d0d08629-90e7-4511-933b-3f57b1dca8b8,CUST-2021-HK-000092,家宏,陳,家宏 陳,Female,1996-06-09,user257.apple@icloud.com,08-65225347,中和街9號,台東縣,新營,59107,HK,Hong Kong,GREATER_CHINA,Chinese,Consumer,Silver,2021-06-16,2021,RETURNING,True,MDM,2021-06-16 00:00:00,2026-04-17 15:58:41.199184
12062e65-d39d-4ad3-95df-aba0093f43b2,CUST-2021-HK-000050,秀霞,高,秀霞 高,Male,1953-02-10,user132.apple@yahoo.com,01-69674719,學府巷9段7號,竹北,員林,52251,HK,Hong Kong,GREATER_CHINA,Chinese,Consumer,None,2021-02-19,2021,RETURNING,True,MDM,2021-02-19 00:00:00,2026-04-17 15:58:41.199187
9f07cf5e-0a7c-44f0-a688-efe3a95556cc,CUST-2021-HK-000046,惠玲,丁,惠玲 丁,Female,2003-03-25,user828.apple@aol.com,0990-844423,博愛街901號,蘆竹,金門縣,88760,HK,Hong Kong,GREATER_CHINA,Chinese,Consumer,Gold,2021-06-25,2021,RETURNING,True,MDM,2021-06-25 00:00:00,2026-04-17 15:58:41.199188
c6aa34a6-0b3b-4675-8dee-89dc59fbe558,CUST-2019-HK-000178,淑芬,陳,淑芬 陳,Female,1952-10-11,user302.apple95@gmx.com,0927612623,自由巷681號,橫山市,褒忠市,56347,HK,Hong Kong,GREATER_CHINA,Chinese,Consumer,None,2019-06-06,2019,RETURNING,True,MDM,2019-06-06,2026-04-17 15:58:41.199190
d2aee55f-b91d-4be9-bf56-f517895082ea,CUST-2021-HK-000121,子豪,林,子豪 林,Female,1996-02-05,user798.apple@yahoo.com,01-8945360,松山路282號,朴子市,牡丹,11856,HK,Hong Kong,GREATER_CHINA,Chinese,Consumer,Gold,2021-05-10,2021,RETURNING,True,MDM,2021-05-10 00:00:00,2026-04-17 15:58:41.199192
5b92f045-48c1-4d62-a382-bbb66b74d02e,CUST-2019-HK-000256,睿恩,黃,睿恩 黃,Female,1951-10-11,user964.apple@msn.com,01 9597435,文昌巷6號,太保市,蘆竹縣,822,HK,Hong Kong,GREATER_CHINA,Chinese,Consumer,Silver,2019-06-08,2019,RETURNING,True,MDM,2019-06-08,2026-04-17 15:58:41.199193
1a22692b-b491-4797-bee4-20e4fd6be998,CUST-2020-HK-000158,信宏,陳,信宏 陳,Female,1956-05-06,user319.apple689@hotmail.com,0962808185,永寧路639號,永和縣,蘆洲市,435,HK,Hong Kong,GREATER_CHINA,Chinese,Consumer,Platinum,2020-02-05,2020,RETURNING,True,MDM,2020-02-05 00:00:00,2026-04-17 15:58:41.199194
4c3fde69-8503-442b-98d6-87aba7a264aa,CUST-2021-HK-000112,建成,田,建成 田,Female,2008-01-21,user163.apple399@aol.com,09 6346647,關渡巷1號,大里,竹北,738,HK,Hong Kong,GREATER_CHINA,Chinese,Consumer,Gold,2021-03-11,2021,RETURNING,True,MDM,2021-03-11 00:00:00,2026-04-17 15:58:41.199196
0036d208-6b83-42aa-a7ed-528fecd7a449,CUST-2019-HK-000307,子翔,鄭,子翔 鄭,Male,1961-01-11,user197.apple@gmail.com,(00) 65780733,中正路3段96號,阿里山,馬公縣,251,HK,Hong Kong,GREATER_CHINA,Chinese,Education,Platinum,2019-08-13,2019,RETURNING,True,MDM,2019-08-13,2026-04-17 15:58:41.199197
2c9db0ca-0d2d-4b5e-90d9-0d68e77bfd2a,CUST-2021-HK-000064,素卿,陳,素卿 陳,Female,1951-11-13,user815.apple304@zoho.com,0929-667066,自立路7段977號,新竹縣,平鎮,284,HK,Hong Kong,GREATER_CHINA,Chinese,Business,None,2021-11-28,2021,RETURNING,True,MDM,2021-11-28 00:00:00,2026-04-17 15:58:41.199199
6846426a-2f56-47a2-98ba-6c26c707694d,CUST-2019-HK-000363,秀玉,陳,秀玉 陳,Male,1981-12-09,user737.apple@aol.com,02-23347841,古亭路41號,竹田縣,中和縣,31469,HK,Hong Kong,GREATER_CHINA,Chinese,Consumer,Gold,2019-05-24,2019,RETURNING,True,MDM,2019-05-24,2026-04-17 15:58:41.199201
54c04cd0-294c-4077-9378-c8354ed63bc7,CUST-2021-HK-000049,冠廷,蘇,冠廷 蘇,Male,1989-09-02,user409.apple911@icloud.com,029 85024279,民治路6號,澎湖,草屯,781,HK,Hong Kong,GREATER_CHINA,Chinese,Consumer,None,2021-07-17,2021,RETURNING,True,MDM,2021-07-17 00:00:00,2026-04-17 15:58:41.199203
18c6a0a6-63a8-488c-8255-1f725ebd4ba0,CUST-2019-HK-000312,秀雲,林,秀雲 林,Male,1962-05-28,user549.apple@mail.com,02 2573685,正義路280號,北港縣,三重,20343,HK,Hong Kong,GREATER_CHINA,Chinese,Consumer,Platinum,2019-12-16,2019,RETURNING,False,MDM,2019-12-16,2026-04-17 15:58:41.199204
9d3c31ed-c3d1-4731-a075-bce3d9471c96,CUST-2019-HK-000227,淑玲,高,淑玲 高,Male,1991-09-06,user897.apple@aol.com,09-25716589,土城路2號,馬公,嘉義,50752,HK,Hong Kong,GREATER_CHINA,Chinese,Consumer,Gold,2019-03-14,2019,RETURNING,True,MDM,2019-03-14,2026-04-17 15:58:41.199205
30e7a8c4-2c67-4d5e-94ce-e97d9ea1b731,CUST-2021-HK-000007,秀珠,辜,秀珠 辜,Male,1993-10-23,user910.apple993@gmail.com,04 7639521,福安巷1號,牡丹,澎湖,98492,HK,Hong Kong,GREATER_CHINA,Chinese,Education,None,2021-02-18,2021,RETURNING,True,MDM,2021-02-18 00:00:00,2026-04-17 15:58:41.199207
68043a4a-94f2-452f-a0af-427adfdc5e6c,CUST-2020-HK-000064,秀琴,謝,秀琴 謝,Female,1983-02-05,user328.apple@zoho.com,0967-353525,忠孝巷7段89號,光復縣,臺中市,477,HK,Hong Kong,GREATER_CHINA,Chinese,Consumer,None,2020-07-10,2020,RETURNING,True,MDM,2020-07-10 00:00:00,2026-04-17 15:58:41.199209
d7fffd25-5b03-4be2-bd7f-aec30d477059,CUST-2020-HK-000056,麗卿,沈,麗卿 沈,Male,1951-01-04,user106.apple@msn.com,0929-151404,福德街66號,太保,橫山,60877,HK,Hong Kong,GREATER_CHINA,Chinese,Education,Silver,2020-01-01,2020,RETURNING,True,MDM,2020-01-01 00:00:00,2026-04-17 15:58:41.199210
8ab6e427-4398-4977-82f4-81401892e769,CUST-2019-HK-000329,淑娟,羅,淑娟 羅,Male,1951-09-14,user417.apple@aol.com,0913-066088,國凱八德巷8號,斗六,頭份,35077,HK,Hong Kong,GREATER_CHINA,Chinese,Consumer,None,2019-02-19,2019,RETURNING,True,MDM,2019-02-19,2026-04-17 15:58:41.199212
13825d4b-58ec-46fd-81cb-3a19c4c4cc7d,CUST-2019-HK-000422,玉蘭,韓,玉蘭 韓,Female,1984-05-26,user713.apple@gmail.com,0922568747,信義巷7號,光復市,彰化縣,305,HK,Hong Kong,GREATER_CHINA,Chinese,Consumer,Silver,2019-02-22,2019,RETURNING,True,MDM,2019-02-22,2026-04-17 15:58:41.199213
595773a0-22ce-463e-8219-bb1d973f6638,CUST-2021-HK-000071,淑惠,李,淑惠 李,Female,1958-01-19,user399.apple@mail.com,03-2704429,民族路5段26號,新北,蘆竹市,43828,HK,Hong Kong,GREATER_CHINA,Chinese,Consumer,Silver,2021-02-13,2021,RETURNING,True,MDM,2021-02-13 00:00:00,2026-04-17 15:58:41.199215
3ec63568-b2e1-4783-91fc-c00fa3fbe321,CUST-2021-HK-000087,宗翰,林,宗翰 林,Male,1997-09-08,user397.apple997@protonmail.com,0945783318,建國街8號,太平縣,屏東,53715,HK,Hong Kong,GREATER_CHINA,Chinese,Business,Platinum,2021-05-30,2021,RETURNING,True,MDM,2021-05-30 00:00:00,2026-04-17 15:58:41.199216
da2d304b-0d5f-4086-80ae-ad1be143ddf2,CUST-2019-HK-000319,秀琴,劉,秀琴 劉,Male,1961-03-09,user487.apple243@protonmail.com,01-29591932,永寧路564號,平鎮,關山,63831,HK,Hong Kong,GREATER_CHINA,Chinese,Consumer,Platinum,2019-11-21,2019,RETURNING,True,MDM,2019-11-21,2026-04-17 15:58:41.199218
a76d058a-bff8-496b-b6e4-101dfa9236fd,CUST-2020-HK-000059,文祥,徐,文祥 徐,Female,1966-02-18,user285.apple@msn.com,0928189970,中和路819號,蘆洲縣,頭份縣,143,HK,Hong Kong,GREATER_CHINA,Chinese,Consumer,None,2020-09-28,2020,RETURNING,True,MDM,2020-09-28 00:00:00,2026-04-17 15:58:41.199219
8987c1ab-505a-4e24-a3e0-75a53c8cefb2,CUST-2021-HK-000043,明輝,張,明輝 張,Male,1996-02-22,user493.apple@gmx.com,092 38545562,新埔路6段997號,桃園,台東市,468,HK,Hong Kong,GREATER_CHINA,Chinese,Consumer,None,2021-01-16,2021,RETURNING,True,MDM,2021-01-16 00:00:00,2026-04-17 15:58:41.199221
79a17dd0-0556-4de3-80b8-a9842cdfc4c0,CUST-2021-HK-000144,承翰,顏,承翰 顏,Male,1980-07-02,user122.apple@mail.com,04 2631199,水源街69號,大里,古坑市,205,HK,Hong Kong,GREATER_CHINA,Chinese,Consumer,Platinum,2021-11-28,2021,RETURNING,True,MDM,2021-11-28 00:00:00,2026-04-17 15:58:41.199223
f7a05b31-091d-47e6-9b42-e948f3046f7e,CUST-2019-HK-000397,素蘭,張,素蘭 張,Female,1984-02-27,user565.apple@aol.com,03-44543285,龍山寺路3號,新營,南投,589,HK,Hong Kong,GREATER_CHINA,Chinese,Consumer,None,2019-08-15,2019,RETURNING,True,MDM,2019-08-15,2026-04-17 15:58:41.199225
72291323-af7c-40c1-be82-60f567f78f7d,CUST-2019-HK-000078,承翰,侯,承翰 侯,Male,1976-04-28,user484.apple@yahoo.com,03-24145552,自立路76號,光復,桃園市,370,HK,Hong Kong,GREATER_CHINA,Chinese,Consumer,Silver,2019-03-07,2019,RETURNING,True,MDM,2019-03-07,2026-04-17 15:58:41.199226
7c44cfba-a572-4e2e-8ac5-b63cbb8ffa86,CUST-2019-HK-000274,志明,林,志明 林,Female,1980-05-01,user797.apple@yahoo.com,0950-946260,文化巷38號,新營,朴子縣,78061,HK,Hong Kong,GREATER_CHINA,Chinese,Consumer,Gold,2019-02-18,2019,RETURNING,True,MDM,2019-02-18,2026-04-17 15:58:41.199227
d1dfe751-ef57-4a9c-8029-6e3bbc6b75de,CUST-2021-HK-000034,玉梅,林,玉梅 林,Female,1975-03-13,user123.apple@hotmail.com,024 43138793,長春街415號,桃園市,草屯,605,HK,Hong Kong,GREATER_CHINA,Chinese,Business,Silver,2021-05-06,2021,RETURNING,True,MDM,2021-05-06 00:00:00,2026-04-17 15:58:41.199229
547035c7-d630-45fa-b1b2-79f5338e3fb0,CUST-2019-HK-000317,玉鳳,張,玉鳳 張,Male,1962-06-25,user649.apple@outlook.com,0939193281,延平巷6號,北港市,台東,631,HK,Hong Kong,GREATER_CHINA,Chinese,Consumer,Gold,2019-04-16,2019,RETURNING,True,MDM,2019-04-16,2026-04-17 15:58:41.199230
fac1c29c-13c6-46a6-be81-afd5890a8a34,CUST-2019-HK-000189,柏宇,林,柏宇 林,Male,1951-10-06,user955.apple@aol.com,0981247580,文昌街8段40號,白沙,蘆竹市,79466,HK,Hong Kong,GREATER_CHINA,Chinese,Consumer,Gold,2019-11-05,2019,RETURNING,True,MDM,2019-11-05,2026-04-17 15:58:41.199232
51b8395d-05ac-432a-aaf8-9a90ac8af224,CUST-2021-HK-000131,素琴,劉,素琴 劉,Female,1999-09-28,user529.apple@mail.com,0986-291191,興街802號,關山,大里,98241,HK,Hong Kong,GREATER_CHINA,Chinese,Consumer,Silver,2021-03-16,2021,RETURNING,True,MDM,2021-03-16 00:00:00,2026-04-17 15:58:41.199233
430d4efe-decb-40b1-aaaf-a9e994e73476,CUST-2021-HK-000158,怡婷,高,怡婷 高,Male,1977-04-18,user364.apple@gmx.com,027 47698411,忠義路64號,連江,彰化,55270,HK,Hong Kong,GREATER_CHINA,Chinese,Education,Platinum,2021-06-03,2021,RETURNING,True,MDM,2021-06-03 00:00:00,2026-04-17 15:58:41.199234
75d82bc3-7359-4461-909c-75958db1b28c,CUST-2019-HK-000433,美玲,尤,美玲 尤,Male,2001-04-05,user270.apple@aol.com,0970-711412,信義街25號,竹北,頭份,234,HK,Hong Kong,GREATER_CHINA,Chinese,Consumer,Platinum,2019-02-19,2019,RETURNING,True,MDM,2019-02-19,2026-04-17 15:58:41.199236
1ab6115b-f877-4571-8878-319805d78531,CUST-2019-HK-000407,志強,呂,志強 呂,Male,1996-04-26,user708.apple150@protonmail.com,0913-426698,永和路3號,台中縣,台南縣,42041,HK,Hong Kong,GREATER_CHINA,Chinese,Consumer,None,2019-09-04,2019,RETURNING,True,MDM,2019-09-04,2026-04-17 15:58:41.199238
3c0dca4d-92b7-4688-bf9b-6810e83fcc55,CUST-2020-HK-000091,秀珠,林,秀珠 林,Male,1969-10-16,user676.apple@live.com,0925670652,民權巷79號,永和市,頭份,772,HK,Hong Kong,GREATER_CHINA,Chinese,Consumer,Silver,2020-07-28,2020,RETURNING,True,MDM,2020-07-28 00:00:00,2026-04-17 15:58:41.199239
61e0a54a-3e92-496d-96a5-281b51b5a184,CUST-2019-HK-000010,美玲,蕭,美玲 蕭,Male,1994-10-13,user534.apple920@mail.com,07-49242892,平和巷9號,南投,北港市,341,HK,Hong Kong,GREATER_CHINA,Chinese,Consumer,None,2019-07-12,2019,RETURNING,True,MDM,2019-07-12,2026-04-17 15:58:41.199241
f07152d5-5514-4623-9361-7374f3b32ff3,CUST-2019-HK-000401,承翰,陳,承翰 陳,Female,1962-01-06,user961.apple911@outlook.com,0998-076753,象山巷219號,永和縣,平鎮市,69712,HK,Hong Kong,GREATER_CHINA,Chinese,Consumer,Silver,2019-03-18,2019,RETURNING,True,MDM,2019-03-18,2026-04-17 15:58:41.199242
b3cd8678-b572-4dd7-98b1-2f5ebaf51e90,CUST-2021-HK-000146,雅婷,劉,雅婷 劉,Male,1985-06-10,user439.apple@icloud.com,0970-050459,文昌巷6段79號,屏東,竹北,315,HK,Hong Kong,GREATER_CHINA,Chinese,Consumer,Gold,2021-02-17,2021,RETURNING,True,MDM,2021-02-17 00:00:00,2026-04-17 15:58:41.199244
1cb27da6-31a0-4a58-9eb0-2e62d02153ea,CUST-2019-HK-000155,子晴,詹,子晴 詹,Female,2002-02-20,user548.apple@hotmail.com,07 2954263,福安路7號,基隆,新北,13607,HK,Hong Kong,GREATER_CHINA,Chinese,Consumer,None,2019-05-26,2019,RETURNING,True,MDM,2019-05-26,2026-04-17 15:58:41.199245
00ca3585-03e8-41bb-8956-acb094b6ead5,CUST-2020-HK-000043,秀玲,温,秀玲 温,Female,1951-04-13,user350.apple@msn.com,0917317440,和街路702號,北斗市,橫山,906,HK,Hong Kong,GREATER_CHINA,Chinese,Consumer,None,2020-07-21,2020,RETURNING,True,MDM,2020-07-21 00:00:00,2026-04-17 15:58:41.199247
3b8c74d3-7baa-48a9-a155-8891c061fb4f,CUST-2020-HK-000038,榮華,蕭,榮華 蕭,Female,1973-07-13,user473.apple@zoho.com,(09) 33756306,勝利街4段337號,朴子,蘆竹,429,HK,Hong Kong,GREATER_CHINA,Chinese,Consumer,None,2020-01-12,2020,RETURNING,True,MDM,2020-01-12 00:00:00,2026-04-17 15:58:41.199249
8b4dfbec-d733-4301-9598-71a24c601872,CUST-2021-HK-000068,俊宇,闕,俊宇 闕,Male,1994-11-08,user782.apple727@hotmail.com,(08) 69393651,忠孝路1段955號,高雄市,竹田,993,HK,Hong Kong,GREATER_CHINA,Chinese,Consumer,Gold,2021-09-30,2021,RETURNING,True,MDM,2021-09-30 00:00:00,2026-04-17 15:58:41.199250
090aea4a-446d-4ff1-8b78-8dbd67ab3836,CUST-2021-HK-000024,怡婷,黃,怡婷 黃,Male,1999-12-08,user501.apple@protonmail.com,07-52980404,和街街491號,三重市,宜蘭,54296,HK,Hong Kong,GREATER_CHINA,Chinese,Consumer,None,2021-09-21,2021,RETURNING,True,MDM,2021-09-21 00:00:00,2026-04-17 15:58:41.199252
884999b4-59e1-47b8-9e31-558bd640086a,CUST-2019-HK-000040,玉英,郭,玉英 郭,Male,1984-10-30,user991.apple@yahoo.com,004 85540049,南路688號,古坑,宜蘭,13429,HK,Hong Kong,GREATER_CHINA,Chinese,Education,None,2019-03-27,2019,RETURNING,False,MDM,2019-03-27,2026-04-17 15:58:41.199254
d93fdcc9-bf00-41c2-9594-cabe12e42ff5,CUST-2019-HK-000272,秀珠,翁,秀珠 翁,Male,1964-07-17,user389.apple792@mail.com,01-7160002,大勇路238號,宜蘭,蘆竹,476,HK,Hong Kong,GREATER_CHINA,Chinese,Consumer,Silver,2019-11-24,2019,RETURNING,True,MDM,2019-11-24,2026-04-17 15:58:41.199256
1158a5c4-2413-48fa-95c8-8219db6b56f9,CUST-2020-HK-000069,冠廷,吳,冠廷 吳,Male,2001-10-09,user584.apple658@aol.com,04-35509309,中正街327號,北港市,板橋市,960,HK,Hong Kong,GREATER_CHINA,Chinese,Consumer,None,2020-06-29,2020,RETURNING,True,MDM,2020-06-29 00:00:00,2026-04-17 15:58:41.199258
2528f033-7f17-4343-8b6e-c016c8a11e07,CUST-2019-HK-000100,哲瑋,趙,哲瑋 趙,Male,1989-03-08,user623.apple@gmail.com,0949-129085,民有街4號,頭份,台中,17713,HK,Hong Kong,GREATER_CHINA,Chinese,Consumer,Gold,2019-08-19,2019,RETURNING,True,MDM,2019-08-19,2026-04-17 15:58:41.199259
eadecf68-0797-4315-a129-8b0cf14458c6,CUST-2020-HK-000121,淑芬,吳,淑芬 吳,Male,1984-07-02,user395.apple@protonmail.com,06-88463599,太平街7段8號,三重縣,彰化,15733,HK,Hong Kong,GREATER_CHINA,Chinese,Consumer,Gold,2020-05-20,2020,RETURNING,True,MDM,2020-05-20 00:00:00,2026-04-17 15:58:41.199261
b84a95d8-4dc2-4ce1-a077-bf3a88c74e98,CUST-2019-HK-000096,宗翰,黃,宗翰 黃,Male,1961-04-17,user950.apple34@gmail.com,0901-588409,福德路9號,朴子,台南,43401,HK,Hong Kong,GREATER_CHINA,Chinese,Consumer,Gold,2019-06-03,2019,RETURNING,True,MDM,2019-06-03,2026-04-17 15:58:41.199262
ee6ee1a1-3fae-42ea-8f8d-90f6e2104118,CUST-2021-HK-000074,秀玉,黃,秀玉 黃,Female,1998-12-07,user973.apple510@msn.com,038 61214115,長安路441號,新竹縣,中壢,199,HK,Hong Kong,GREATER_CHINA,Chinese,Business,None,2021-06-17,2021,RETURNING,True,MDM,2021-06-17 00:00:00,2026-04-17 15:58:41.199264
870a7d33-d2ca-4c9a-9337-6310dfc22427,CUST-2021-HK-000016,冠廷,陳,冠廷 陳,Male,1960-08-06,user365.apple@protonmail.com,071 63703557,正義街22號,板橋縣,光復市,727,HK,Hong Kong,GREATER_CHINA,Chinese,Business,Silver,2021-08-01,2021,RETURNING,True,MDM,2021-08-01 00:00:00,2026-04-17 15:58:41.199265
31dc44bd-6980-4abe-a63c-0d41ed7365a9,CUST-2019-HK-000439,惠美,林,惠美 林,Female,1994-01-19,user884.apple96@mail.com,0923-951596,自由巷6段6號,古坑市,員林,871,HK,Hong Kong,GREATER_CHINA,Chinese,Consumer,Gold,2019-01-19,2019,RETURNING,True,MDM,2019-01-19,2026-04-17 15:58:41.199267
9a6c74be-748b-4b89-9a4c-5a03a3b910ac,CUST-2021-HK-000113,建成,王,建成 王,Male,1956-02-23,user469.apple@live.com,(03) 74358961,天母街3號,阿里山市,員林市,89170,HK,Hong Kong,GREATER_CHINA,Chinese,Consumer,None,2021-05-22,2021,RETURNING,True,MDM,2021-05-22 00:00:00,2026-04-17 15:58:41.199268
a236dbab-a701-4be6-844d-d9e977e77480,CUST-2019-HK-000404,淑芬,江,淑芬 江,Female,1994-02-03,user571.apple356@live.com,092 91473469,大同巷7號,板橋縣,台東,689,HK,Hong Kong,GREATER_CHINA,Chinese,Consumer,Gold,2019-02-10,2019,RETURNING,True,MDM,2019-02-10,2026-04-17 15:58:41.199270
f52be070-af80-49a7-8441-f31e03aeac08,CUST-2019-HK-000285,美鳳,張,美鳳 張,Female,1999-08-15,user580.apple760@outlook.com,0959789470,長春街72號,北斗,八德縣,608,HK,Hong Kong,GREATER_CHINA,Chinese,Business,None,2019-10-15,2019,RETURNING,True,MDM,2019-10-15,2026-04-17 15:58:41.199271
68015b09-a9fe-445c-80ec-2e933e521f13,CUST-2019-HK-000361,俊傑,廖,俊傑 廖,Female,2005-11-15,user621.apple@gmail.com,0972-018476,中山巷81號,高雄,彰化,99389,HK,Hong Kong,GREATER_CHINA,Chinese,Consumer,None,2019-08-09,2019,RETURNING,True,MDM,2019-08-09,2026-04-17 15:58:41.199273
e9a8a769-451e-4f68-836e-ef235797d04e,CUST-2020-HK-000014,志強,黃,志強 黃,Female,1965-07-13,user169.apple761@yahoo.com,0959-986468,長安巷121號,花蓮縣,高雄,161,HK,Hong Kong,GREATER_CHINA,Chinese,Business,Silver,2020-10-08,2020,RETURNING,True,MDM,2020-10-08 00:00:00,2026-04-17 15:58:41.199275
25bf7a0b-635b-44a4-ada3-63241c2498b1,CUST-2021-HK-000099,雅雯,陳,雅雯 陳,Male,1984-03-20,user324.apple237@protonmail.com,(00) 39939342,平和路8號,澎湖,北竿縣,918,HK,Hong Kong,GREATER_CHINA,Chinese,Consumer,Gold,2021-04-14,2021,RETURNING,True,MDM,2021-04-14 00:00:00,2026-04-17 15:58:41.199276
89139a5b-5000-47bf-9157-3d628d8fe231,CUST-2019-HK-000360,雅慧,陳,雅慧 陳,Male,1954-03-06,user805.apple180@gmail.com,09 4642876,林森街49號,宜蘭,彰化縣,489,HK,Hong Kong,GREATER_CHINA,Chinese,Consumer,Silver,2019-07-17,2019,RETURNING,True,MDM,2019-07-17,2026-04-17 15:58:41.199278
3258fa04-333d-471c-975f-8d734574f34f,CUST-2019-HK-000396,淑玲,張,淑玲 張,Female,1961-02-17,user983.apple@gmx.com,0992-486936,仁愛路8號,白沙,員林市,40603,HK,Hong Kong,GREATER_CHINA,Chinese,Education,None,2019-04-22,2019,RETURNING,True,MDM,2019-04-22,2026-04-17 15:58:41.199279
53e08495-bcf1-4b3d-a1c4-b2085a3db88b,CUST-2019-HK-000184,信宏,陳,信宏 陳,Female,1951-12-16,user694.apple@gmail.com,010 58000549,新北投街3號,草屯,褒忠市,304,HK,Hong Kong,GREATER_CHINA,Chinese,Consumer,Silver,2019-11-07,2019,RETURNING,True,MDM,2019-11-07,2026-04-17 15:58:41.199281
0d6ba425-a171-46d6-8d9c-fe1f6b10e5fe,CUST-2020-HK-000024,惠玲,許,惠玲 許,Male,1976-01-07,user311.apple@icloud.com,01-8326552,民富街3段33號,大里,平鎮,54262,HK,Hong Kong,GREATER_CHINA,Chinese,Business,Silver,2020-09-24,2020,RETURNING,True,MDM,2020-09-24 00:00:00,2026-04-17 15:58:41.199282
88ca3137-7c2e-4887-bebd-664cc68a3854,CUST-2019-HK-000050,秀梅,蔡,秀梅 蔡,Male,2007-09-23,user168.apple@msn.com,(09) 92040647,奇岩街745號,臺東縣,南投,609,HK,Hong Kong,GREATER_CHINA,Chinese,Consumer,None,2019-12-27,2019,RETURNING,True,MDM,2019-12-27,2026-04-17 15:58:41.199284
ac706133-57d8-486e-b2d9-4d7b3f51f8a9,CUST-2021-HK-000107,建志,尤,建志 尤,Female,1963-06-25,user646.apple@icloud.com,09 3765979,大智巷36號,宜蘭,斗六,731,HK,Hong Kong,GREATER_CHINA,Chinese,Consumer,Gold,2021-03-23,2021,RETURNING,True,MDM,2021-03-23 00:00:00,2026-04-17 15:58:41.199285
9d077173-777d-4e47-aeb4-90752d70700f,CUST-2021-HK-000030,淑芬,莊,淑芬 莊,Female,1979-01-23,user180.apple383@protonmail.com,05-54592868,松山路707號,員林市,八德,25211,HK,Hong Kong,GREATER_CHINA,Chinese,Consumer,None,2021-03-12,2021,RETURNING,True,MDM,2021-03-12 00:00:00,2026-04-17 15:58:41.199287
68638e8a-2851-4471-ac19-064f33d09027,CUST-2020-HK-000087,淑華,林,淑華 林,Female,1972-01-04,user952.apple14@live.com,06-5649868,迴龍巷296號,馬公縣,新竹,87885,HK,Hong Kong,GREATER_CHINA,Chinese,Consumer,Platinum,2020-11-16,2020,RETURNING,True,MDM,2020-11-16 00:00:00,2026-04-17 15:58:41.199289
4edcffaa-2ca6-4b19-b6f7-3bcf92dbb6ba,CUST-2019-HK-000277,淑美,林,淑美 林,Female,1995-06-29,user213.apple988@aol.com,(03) 80549239,民富巷2號,員林縣,花蓮,424,HK,Hong Kong,GREATER_CHINA,Chinese,Consumer,None,2019-10-12,2019,RETURNING,True,MDM,2019-10-12,2026-04-17 15:58:41.199291
b4154e4a-86ca-45f9-b947-d336dae3ee91,CUST-2020-HK-000127,淑芬,陳,淑芬 陳,Female,1961-04-15,user362.apple@hotmail.com,05-60434488,莒光路74號,花蓮市,台東,65008,HK,Hong Kong,GREATER_CHINA,Chinese,Consumer,Silver,2020-12-01,2020,RETURNING,True,MDM,2020-12-01 00:00:00,2026-04-17 15:58:41.199292
fea754f6-dc9c-4d8e-bfe4-a45f30a1bd22,CUST-2021-HK-000084,永昌,洪,永昌 洪,Male,1955-09-02,user480.apple271@gmail.com,0965-771963,學府路89號,桃園縣,永和,18575,HK,Hong Kong,GREATER_CHINA,Chinese,Consumer,None,2021-09-17,2021,RETURNING,True,MDM,2021-09-17 00:00:00,2026-04-17 15:58:41.199294
025c4bf7-cd60-4c7d-b4a8-fa34e3c310e4,CUST-2019-HK-000039,秀英,何,秀英 何,Female,1968-04-24,user366.apple829@yahoo.com,0931-423587,忠義巷726號,嘉義,中和市,56975,HK,Hong Kong,GREATER_CHINA,Chinese,Education,None,2019-03-04,2019,RETURNING,True,MDM,2019-03-04,2026-04-17 15:58:41.199295
67c697ad-b7f6-493a-b96c-e6609874eb4c,CUST-2019-HK-000338,聰明,林,聰明 林,Male,2000-11-10,user600.apple@icloud.com,08-34607677,學府巷804號,鳳山市,蘆竹,71795,HK,Hong Kong,GREATER_CHINA,Chinese,Business,Silver,2019-11-12,2019,RETURNING,True,MDM,2019-11-12,2026-04-17 15:58:41.199297
8ac0921a-1aec-446b-9bea-877c31a251ef,CUST-2019-HK-000322,明德,周,明德 周,Female,1976-05-01,user582.apple@protonmail.com,0937025182,劍南路57號,卑南,屏東市,94785,HK,Hong Kong,GREATER_CHINA,Chinese,Consumer,None,2019-12-27,2019,RETURNING,True,MDM,2019-12-27,2026-04-17 15:58:41.199298
2f83ac88-201b-4693-81f6-20b46e15905a,CUST-2021-HK-000134,宸睿,楊,宸睿 楊,Female,1989-10-23,user624.apple@hotmail.com,06-53802469,景美巷72號,草屯縣,楊梅縣,268,HK,Hong Kong,GREATER_CHINA,Chinese,Consumer,None,2021-11-07,2021,RETURNING,True,MDM,2021-11-07 00:00:00,2026-04-17 15:58:41.199300
ca11f07c-445b-4e5b-8e68-8e077d5e6ae0,CUST-2021-HK-000073,靜宜,陳,靜宜 陳,Female,1965-07-18,user371.apple@aol.com,09-42228956,劍南街673號,蘆竹,北港縣,455,HK,Hong Kong,GREATER_CHINA,Chinese,Consumer,Silver,2021-06-12,2021,RETURNING,True,MDM,2021-06-12 00:00:00,2026-04-17 15:58:41.199302
dbd1c67a-5a97-4a39-b4b4-d8dbafef2666,CUST-2020-HK-000111,志銘,林,志銘 林,Female,1985-08-05,user310.apple750@msn.com,0997227749,信義街5段38號,金門市,永康市,18465,HK,Hong Kong,GREATER_CHINA,Chinese,Consumer,None,2020-08-13,2020,RETURNING,False,MDM,2020-08-13 00:00:00,2026-04-17 15:58:41.199303
9cb6b0e9-c4c5-4a2a-98ca-5188da8f66c0,CUST-2019-HK-000315,美雲,吳,美雲 吳,Female,1980-03-23,user883.apple@yahoo.com,(05) 99330572,永安路705號,牡丹,臺東,92061,HK,Hong Kong,GREATER_CHINA,Chinese,Consumer,None,2019-12-02,2019,RETURNING,True,MDM,2019-12-02,2026-04-17 15:58:41.199305
4dc4f689-803f-4c14-98f0-5bb39c25d7aa,CUST-2021-HK-000153,志文,李,志文 李,Female,2007-07-18,user381.apple@gmx.com,0957436386,紅樹林路72號,鳳山,北竿縣,480,HK,Hong Kong,GREATER_CHINA,Chinese,Consumer,Gold,2021-07-05,2021,RETURNING,True,MDM,2021-07-05 00:00:00,2026-04-17 15:58:41.199307
7aefb119-863b-4f6a-a863-d2b708425704,CUST-2021-HK-000096,秀梅,胡,秀梅 胡,Male,1969-01-14,user583.apple@zoho.com,06-7490029,昆陽街695號,太平,平鎮縣,24415,HK,Hong Kong,GREATER_CHINA,Chinese,Consumer,Platinum,2021-12-27,2021,RETURNING,True,MDM,2021-12-27 00:00:00,2026-04-17 15:58:41.199308
c7bd2620-fbd9-4b72-8fea-297edd1339a5,CUST-2019-HK-000463,恩碩,徐,恩碩 徐,Male,1970-07-22,user621.apple@outlook.com,0914-761606,林森路21號,新營縣,卑南縣,27915,HK,Hong Kong,GREATER_CHINA,Chinese,Consumer,None,2019-08-20,2019,RETURNING,True,MDM,2019-08-20,2026-04-17 15:58:41.199310
953edeb7-bc22-4747-baf5-b9b096493c1e,CUST-2021-HK-000056,素蘭,王,素蘭 王,Female,1986-11-15,user379.apple913@gmx.com,040 64691062,三民街840號,花蓮,中壢,340,HK,Hong Kong,GREATER_CHINA,Chinese,Consumer,Silver,2021-02-28,2021,RETURNING,True,MDM,2021-02-28 00:00:00,2026-04-17 15:58:41.199311
9c7c1f0c-6f8b-45d2-b847-a191936c07ee,CUST-2019-HK-000020,淑惠,温,淑惠 温,Male,1985-09-07,user686.apple@live.com,07-8334082,復興路8號,臺東,豐原,49152,HK,Hong Kong,GREATER_CHINA,Chinese,Consumer,Gold,2019-08-27,2019,RETURNING,False,MDM,2019-08-27,2026-04-17 15:58:41.199313
dd377998-0add-49e5-9411-a3676eb2e491,CUST-2021-HK-000160,雅婷,林,雅婷 林,Female,1953-05-02,user682.apple@yahoo.com,(08) 67699122,大勇街693號,苗栗,台中,52479,HK,Hong Kong,GREATER_CHINA,Chinese,Consumer,None,2021-06-30,2021,RETURNING,True,MDM,2021-06-30 00:00:00,2026-04-17 15:58:41.199315
5f56feda-5cc4-458c-b176-0268b844a881,CUST-2021-HK-000083,淑惠,范,淑惠 范,Male,2003-01-05,user376.apple@gmx.com,02-70829917,大坪街549號,草屯市,北港,16198,HK,Hong Kong,GREATER_CHINA,Chinese,Consumer,Gold,2021-09-13,2021,RETURNING,True,MDM,2021-09-13 00:00:00,2026-04-17 15:58:41.199316
1beaa774-f7bd-4066-a599-487d5f9e3338,CUST-2021-HK-000044,冠霖,黃,冠霖 黃,Male,1969-09-30,user856.apple@mail.com,(09) 28290552,新莊街784號,太保,台南,907,HK,Hong Kong,GREATER_CHINA,Chinese,Consumer,Platinum,2021-10-24,2021,RETURNING,True,MDM,2021-10-24 00:00:00,2026-04-17 15:58:41.199317
a1789cbc-fc30-45af-a71c-77b512164f1b,CUST-2021-HK-000075,麗珠,郭,麗珠 郭,Male,2003-01-03,user105.apple@icloud.com,0925591744,萬隆路56號,中和市,連江市,13392,HK,Hong Kong,GREATER_CHINA,Chinese,Consumer,Silver,2021-05-30,2021,RETURNING,True,MDM,2021-05-30 00:00:00,2026-04-17 15:58:41.199319
9c73f4f4-33bf-47a3-9a4a-f493ca146d6a,CUST-2019-HK-000057,家豪,張,家豪 張,Female,1964-03-04,user876.apple@gmx.com,06-3166788,東興路790號,朴子市,員林市,206,HK,Hong Kong,GREATER_CHINA,Chinese,Consumer,None,2019-08-05,2019,RETURNING,True,MDM,2019-08-05,2026-04-17 15:58:41.199320
3ea4b87a-f011-4717-9a27-ed05eb6f5245,CUST-2021-HK-000018,正義,蕭,正義 蕭,Male,1992-02-22,user519.apple@msn.com,0919845372,廣慈巷1號,竹田,太平,21981,HK,Hong Kong,GREATER_CHINA,Chinese,Consumer,Silver,2021-12-21,2021,RETURNING,True,MDM,2021-12-21 00:00:00,2026-04-17 15:58:41.199322
324c4c03-bb67-470a-9f11-ac0e93414025,CUST-2021-HK-000035,淑芬,蕭,淑芬 蕭,Female,2003-08-19,user990.apple@outlook.com,00 1456869,古亭巷144號,平鎮縣,卑南縣,40954,HK,Hong Kong,GREATER_CHINA,Chinese,Consumer,Platinum,2021-09-04,2021,RETURNING,True,MDM,2021-09-04 00:00:00,2026-04-17 15:58:41.199323
562ee917-8ae6-4e41-8714-b61947c86796,CUST-2020-HK-000062,欣怡,張,欣怡 張,Female,2000-08-03,user426.apple@outlook.com,0941673245,頂福州巷84號,朴子,大里,721,HK,Hong Kong,GREATER_CHINA,Chinese,Consumer,None,2020-11-03,2020,RETURNING,True,MDM,2020-11-03 00:00:00,2026-04-17 15:58:41.199325
31f14ab3-c7bc-4111-8537-eb5cf4649b24,CUST-2019-HK-000265,雅惠,王,雅惠 王,Male,2005-10-06,user706.apple@zoho.com,08-25518390,芝山街9號,豐原市,澎湖,799,HK,Hong Kong,GREATER_CHINA,Chinese,Consumer,None,2019-09-28,2019,RETURNING,True,MDM,2019-09-28,2026-04-17 15:58:41.199327
42866714-be1e-4196-8f27-6143ddde7337,CUST-2019-HK-000001,家瑋,林,家瑋 林,Male,1981-01-22,user685.apple@gmx.com,03-4244730,中山路985號,關山,阿里山,97404,HK,Hong Kong,GREATER_CHINA,Chinese,Business,Silver,2019-07-14,2019,RETURNING,True,MDM,2019-07-14,2026-04-17 15:58:41.199328
b0d0edf6-ad0c-4122-8303-7e80e62d4500,CUST-2019-HK-000241,素珍,彭,素珍 彭,Female,2001-10-01,user602.apple@protonmail.com,08 8943452,忠義街95號,馬公縣,彰化市,19419,HK,Hong Kong,GREATER_CHINA,Chinese,Consumer,Platinum,2019-04-18,2019,RETURNING,True,MDM,2019-04-18,2026-04-17 15:58:41.199330
e47f007b-2973-4506-9f11-14e19e4911b0,CUST-2021-HK-000040,俊廷,葉,俊廷 葉,Female,1996-12-30,user209.apple@gmx.com,03 8606309,水源巷915號,台東,金門,506,HK,Hong Kong,GREATER_CHINA,Chinese,Consumer,None,2021-04-05,2021,RETURNING,True,MDM,2021-04-05 00:00:00,2026-04-17 15:58:41.199331
44b9a31b-b6c5-4d8f-9ebf-711a093a08e2,CUST-2019-HK-000181,志誠,劉,志誠 劉,Female,1950-08-23,user870.apple@protonmail.com,064 38468567,民享巷50號,白沙,桃園縣,25923,HK,Hong Kong,GREATER_CHINA,Chinese,Consumer,Gold,2019-04-13,2019,RETURNING,True,MDM,2019-04-13,2026-04-17 15:58:41.199333
e2dc75fa-c102-4ea1-844d-ded3e1a6153a,CUST-2020-HK-000153,子翔,簡,子翔 簡,Female,1972-11-07,user224.apple@aol.com,01-65943328,五福巷80號,臺東縣,竹北,18576,HK,Hong Kong,GREATER_CHINA,Chinese,Consumer,Gold,2020-02-28,2020,RETURNING,True,MDM,2020-02-28 00:00:00,2026-04-17 15:58:41.199334
62f8f96f-09b8-403d-84f6-7cdf78a127f9,CUST-2019-HK-000086,文賢,鄭,文賢 鄭,Female,1957-04-16,user685.apple714@live.com,0924-545773,龍山寺街64號,鳳山,連江縣,22321,HK,Hong Kong,GREATER_CHINA,Chinese,Consumer,Silver,2019-06-29,2019,RETURNING,True,MDM,2019-06-29,2026-04-17 15:58:41.199335
99635105-bef2-46d5-b062-b9cc65e49953,CUST-2019-HK-000202,慧玲,陳,慧玲 陳,Male,1973-01-21,user135.apple@msn.com,0952291710,新北投巷3段40號,馬公市,澎湖縣,25433,HK,Hong Kong,GREATER_CHINA,Chinese,Business,None,2019-08-05,2019,RETURNING,False,MDM,2019-08-05,2026-04-17 15:58:41.199338
fea5b17c-748f-46fc-b5ce-ec2bce698a2d,CUST-2019-HK-000106,俊男,林,俊男 林,Female,2007-07-29,user403.apple51@mail.com,01 6266372,雙連街8段7號,永康市,八德縣,436,HK,Hong Kong,GREATER_CHINA,Chinese,Consumer,None,2019-07-06,2019,RETURNING,True,MDM,2019-07-06,2026-04-17 15:58:41.199340
d20f865c-0e87-48da-a303-5113fcb6b8ec,CUST-2020-HK-000023,玉美,王,玉美 王,Male,1952-08-04,user710.apple@protonmail.com,06-36427638,動物園巷395號,大里,臺東縣,846,HK,Hong Kong,GREATER_CHINA,Chinese,Consumer,Silver,2020-06-01,2020,RETURNING,True,MDM,2020-06-01 00:00:00,2026-04-17 15:58:41.199341
e602b555-1ad0-4985-9947-b5683ad6fe9b,CUST-2021-HK-000070,淑華,丁,淑華 丁,Male,2000-02-04,user451.apple@msn.com,(09) 66777024,四維路66號,大里市,北竿,47865,HK,Hong Kong,GREATER_CHINA,Chinese,Business,Platinum,2021-03-27,2021,RETURNING,True,MDM,2021-03-27 00:00:00,2026-04-17 15:58:41.199343
46b45024-f6c2-40bc-b0d7-8bdecba77c09,CUST-2020-HK-000084,麗玲,楊,麗玲 楊,Female,1990-04-10,user263.apple@yahoo.com,00 7047087,永安街552號,梅山,宜蘭縣,619,HK,Hong Kong,GREATER_CHINA,Chinese,Consumer,None,2020-05-19,2020,RETURNING,True,MDM,2020-05-19 00:00:00,2026-04-17 15:58:41.199345
650e7abc-0a40-41b7-a18e-7a9b778991bc,CUST-2021-HK-000114,世昌,張,世昌 張,Male,1978-03-31,user860.apple@hotmail.com,0914507508,蘆洲路49號,員林,高雄,647,HK,Hong Kong,GREATER_CHINA,Chinese,Consumer,Gold,2021-12-06,2021,RETURNING,True,MDM,2021-12-06 00:00:00,2026-04-17 15:58:41.199346
16b46314-a33d-492c-b778-1717cca2b163,CUST-2019-HK-000334,春美,蔡,春美 蔡,Female,1996-12-05,user161.apple613@outlook.com,063 13286775,天母路3號,汐止縣,員林,82191,HK,Hong Kong,GREATER_CHINA,Chinese,Consumer,Silver,2019-10-05,2019,RETURNING,True,MDM,2019-10-05,2026-04-17 15:58:41.199347
b9ac8590-9ef9-445d-a4ec-2c8d349f33bb,CUST-2019-HK-000017,怡萱,羅,怡萱 羅,Male,1954-07-23,user704.apple@outlook.com,(09) 10276016,延平巷11號,員林市,苗栗市,204,HK,Hong Kong,GREATER_CHINA,Chinese,Consumer,Gold,2019-10-08,2019,RETURNING,False,MDM,2019-10-08,2026-04-17 15:58:41.199349
f6dae768-47f8-43e6-b686-4b96fe4ecbc2,CUST-2021-HK-000052,武雄,陳,武雄 陳,Male,1988-11-28,user506.apple@msn.com,0966-718453,民有巷6段63號,中壢市,新北縣,71914,HK,Hong Kong,GREATER_CHINA,Chinese,Consumer,Platinum,2021-01-28,2021,RETURNING,True,MDM,2021-01-28 00:00:00,2026-04-17 15:58:41.199350
d9cf11d0-ba8a-49b5-8a07-133eb6297ca5,CUST-2019-HK-000210,麗玉,楊,麗玉 楊,Male,2000-12-12,user140.apple@hotmail.com,03-5552475,石牌巷3號,員林市,台北縣,51641,HK,Hong Kong,GREATER_CHINA,Chinese,Consumer,None,2019-08-17,2019,RETURNING,True,MDM,2019-08-17,2026-04-17 15:58:41.199352
52994161-79c9-4393-9468-f5e6fdb50c0a,CUST-2021-HK-000157,寶珠,林,寶珠 林,Male,1989-05-11,user671.apple@outlook.com,04 8818482,南巷3段263號,白沙市,台南,315,HK,Hong Kong,GREATER_CHINA,Chinese,Consumer,None,2021-10-10,2021,RETURNING,True,MDM,2021-10-10 00:00:00,2026-04-17 15:58:41.199354
4a397727-bf83-4dd3-b438-051861a9df79,CUST-2020-HK-000102,怡君,林,怡君 林,Female,1994-01-30,user523.apple@aol.com,06 1829441,自由路8段5號,台東市,台東,933,HK,Hong Kong,GREATER_CHINA,Chinese,Business,None,2020-04-30,2020,RETURNING,True,MDM,2020-04-30 00:00:00,2026-04-17 15:58:41.199356
5ec19cdc-861e-4633-a8a7-1872875f17da,CUST-2020-HK-000138,雅雯,簡,雅雯 簡,Female,1979-06-07,user172.apple@zoho.com,01-7168638,華興巷24號,新竹縣,卑南市,60003,HK,Hong Kong,GREATER_CHINA,Chinese,Consumer,Silver,2020-08-05,2020,RETURNING,True,MDM,2020-08-05 00:00:00,2026-04-17 15:58:41.199357
67135c2f-3a75-437f-b141-5fbb38994924,CUST-2019-HK-000497,淑美,陳,淑美 陳,Female,1979-01-17,user554.apple@icloud.com,0946-426122,景美街2段53號,朴子縣,臺中市,46985,HK,Hong Kong,GREATER_CHINA,Chinese,Consumer,None,2019-05-05,2019,RETURNING,True,MDM,2019-05-05,2026-04-17 15:58:41.199359
c6f39255-7b40-4faf-8c34-c9cc2a9ccba3,CUST-2021-HK-000090,家豪,劉,家豪 劉,Male,1959-08-07,user203.apple768@aol.com,06 7685969,永和路4段4號,三重市,樹林,23052,HK,Hong Kong,GREATER_CHINA,Chinese,Consumer,Silver,2021-04-16,2021,RETURNING,True,MDM,2021-04-16 00:00:00,2026-04-17 15:58:41.199360
9a5c994a-e5f9-4708-aff8-5e061f30a4d1,CUST-2021-HK-000120,麗娟,張,麗娟 張,Male,1980-12-04,user235.apple669@yahoo.com,0972-214960,五福路5段9號,彰化市,員林縣,56028,HK,Hong Kong,GREATER_CHINA,Chinese,Consumer,None,2021-03-21,2021,RETURNING,True,MDM,2021-03-21 00:00:00,2026-04-17 15:58:41.199362
1afd0690-05af-4899-9cea-26d05ac8cebb,CUST-2021-HK-000061,欣怡,謝,欣怡 謝,Male,1962-05-03,user326.apple@hotmail.com,031 41888727,勝利巷409號,台南市,臺東,940,HK,Hong Kong,GREATER_CHINA,Chinese,Consumer,Silver,2021-12-06,2021,RETURNING,True,MDM,2021-12-06 00:00:00,2026-04-17 15:58:41.199363
4be3edbc-ff69-4622-8285-c11672f1606e,CUST-2019-HK-000267,文雄,廖,文雄 廖,Female,1964-02-07,user843.apple752@live.com,0936473247,中和路260號,新竹,褒忠,392,HK,Hong Kong,GREATER_CHINA,Chinese,Consumer,Silver,2019-03-30,2019,RETURNING,True,MDM,2019-03-30,2026-04-17 15:58:41.199365
1924c6b8-a292-4360-9df2-3c5661600a4d,CUST-2019-HK-000208,秀英,許,秀英 許,Female,1981-11-06,user290.apple@gmx.com,04-30941259,新北投街608號,大里市,八德,44317,HK,Hong Kong,GREATER_CHINA,Chinese,Consumer,None,2019-08-26,2019,RETURNING,True,MDM,2019-08-26,2026-04-17 15:58:41.199366
b9534861-07fb-4bdd-8243-74b1bc498fad,CUST-2021-HK-000055,品妍,葉,品妍 葉,Female,1960-03-28,user943.apple653@live.com,08-66692487,福德巷42號,竹北縣,白沙,59947,HK,Hong Kong,GREATER_CHINA,Chinese,Consumer,Silver,2021-10-14,2021,RETURNING,True,MDM,2021-10-14 00:00:00,2026-04-17 15:58:41.199368
db7aaa5c-b447-43cd-abaf-6f137fa6b1b8,CUST-2019-HK-000410,欣怡,鄭,欣怡 鄭,Male,1980-09-07,user940.apple629@hotmail.com,01-4496545,東湖路3號,新營,古坑,59455,HK,Hong Kong,GREATER_CHINA,Chinese,Consumer,None,2019-06-26,2019,RETURNING,True,MDM,2019-06-26,2026-04-17 15:58:41.199370
3720a674-b37c-4b17-8c9b-8ccaf4e5abaa,CUST-2019-HK-000173,淑華,李,淑華 李,Female,1997-10-25,user700.apple@outlook.com,0904832342,蘆洲巷9號,臺東縣,澎湖,65280,HK,Hong Kong,GREATER_CHINA,Chinese,Education,None,2019-01-01,2019,RETURNING,True,MDM,2019-01-01,2026-04-17 15:58:41.199372
0baff316-de9d-4f77-9091-4c2df9a4ea34,CUST-2020-HK-000104,寶珠,魏,寶珠 魏,Male,1985-05-10,user254.apple@protonmail.com,(09) 35821972,關渡路932號,新竹市,蘆洲市,23938,HK,Hong Kong,GREATER_CHINA,Chinese,Consumer,None,2020-05-06,2020,RETURNING,True,MDM,2020-05-06 00:00:00,2026-04-17 15:58:41.199373
b5b1a27e-04f3-4aa6-8bad-443cce0f3a5e,CUST-2020-HK-000092,子豪,陳,子豪 陳,Male,1953-06-22,user917.apple622@gmx.com,(04) 67068582,土城路91號,汐止縣,關山市,562,HK,Hong Kong,GREATER_CHINA,Chinese,Education,None,2020-07-25,2020,RETURNING,True,MDM,2020-07-25 00:00:00,2026-04-17 15:58:41.199375
8ca6dcea-7f6f-4d31-b3f6-1e7d12f9b4dd,CUST-2021-HK-000156,建興,林,建興 林,Female,1992-05-19,user271.apple@zoho.com,04 3126807,頂福州路49號,臺東縣,苗栗市,76599,HK,Hong Kong,GREATER_CHINA,Chinese,Consumer,None,2021-12-09,2021,RETURNING,True,MDM,2021-12-09 00:00:00,2026-04-17 15:58:41.199377
c3b50f59-75b8-47b0-b139-c5c9e6ad517b,CUST-2019-HK-000062,美玲,劉,美玲 劉,Female,1984-12-19,user245.apple@icloud.com,05-2239109,四維街4號,新營,金門,461,HK,Hong Kong,GREATER_CHINA,Chinese,Consumer,Silver,2019-09-15,2019,RETURNING,False,MDM,2019-09-15,2026-04-17 15:58:41.199378
93cbbc17-9d0e-45fe-b5f6-1dc6e401c088,CUST-2019-HK-000216,哲瑋,蔡,哲瑋 蔡,Female,1964-06-05,user954.apple@hotmail.com,03 7854224,中山街98號,宜蘭市,嘉義,800,HK,Hong Kong,GREATER_CHINA,Chinese,Consumer,None,2019-05-25,2019,RETURNING,True,MDM,2019-05-25,2026-04-17 15:58:41.199380
01b5948c-0134-488b-8e93-9672787b69b2,CUST-2020-HK-000110,恩碩,林,恩碩 林,Male,1951-08-12,user959.apple@hotmail.com,0987922385,新生街737號,新營市,新營縣,88812,HK,Hong Kong,GREATER_CHINA,Chinese,Consumer,Silver,2020-02-15,2020,RETURNING,True,MDM,2020-02-15 00:00:00,2026-04-17 15:58:41.199381
a1efbe99-92e8-4db4-904f-5bcf20fb33c0,CUST-2019-HK-000084,志忠,柳,志忠 柳,Male,2000-03-19,user286.apple923@mail.com,(02) 49153667,福安巷311號,苗栗,新營市,865,HK,Hong Kong,GREATER_CHINA,Chinese,Consumer,Gold,2019-07-01,2019,RETURNING,True,MDM,2019-07-01,2026-04-17 15:58:41.199383
16f2129e-27c0-4c0a-b5f9-c99b96f1e4e2,CUST-2021-HK-000152,進興,洪,進興 洪,Female,2003-04-25,user574.apple@outlook.com,0978-964790,士林巷34號,桃園縣,蘆洲縣,40466,HK,Hong Kong,GREATER_CHINA,Chinese,Consumer,None,2021-09-03,2021,RETURNING,True,MDM,2021-09-03 00:00:00,2026-04-17 15:58:41.199384
79808aa3-cc11-461c-a63f-76670798c58f,CUST-2019-HK-000142,家宏,謝,家宏 謝,Female,1989-09-02,user522.apple@protonmail.com,0941-726166,長安街4號,中壢,卑南縣,91579,HK,Hong Kong,GREATER_CHINA,Chinese,Education,Silver,2019-01-21,2019,RETURNING,True,MDM,2019-01-21,2026-04-17 15:58:41.199386
e267f5d6-1c49-4b7c-8688-6e488dc3dd18,CUST-2021-HK-000029,冠廷,陳,冠廷 陳,Female,1982-02-10,user301.apple346@mail.com,097 80288504,頂福州巷8段5號,牡丹,新營市,376,HK,Hong Kong,GREATER_CHINA,Chinese,Consumer,Silver,2021-12-14,2021,RETURNING,True,MDM,2021-12-14 00:00:00,2026-04-17 15:58:41.199387
e7fac567-5806-4e9b-a096-3bfe83af5dbb,CUST-2019-HK-000262,家銘,郭,家銘 郭,Female,1964-06-21,user446.apple@outlook.com,(03) 54916551,大同街23號,梅山,金門市,60067,HK,Hong Kong,GREATER_CHINA,Chinese,Consumer,None,2019-03-08,2019,RETURNING,True,MDM,2019-03-08,2026-04-17 15:58:41.199389
19ddea16-3bf2-473b-b810-b38fea0315d9,CUST-2019-HK-000333,淑敏,徐,淑敏 徐,Female,1971-02-28,user993.apple@yahoo.com,04-6168438,中正路616號,彰化,中壢市,14388,HK,Hong Kong,GREATER_CHINA,Chinese,Consumer,None,2019-06-24,2019,RETURNING,True,MDM,2019-06-24,2026-04-17 15:58:41.199391
ecfd335c-e211-4c49-84c6-a38f2ea4fe16,CUST-2021-HK-000129,雅婷,林,雅婷 林,Female,1955-09-20,user514.apple@icloud.com,0969-400588,古亭路8段480號,北斗市,高雄,64469,HK,Hong Kong,GREATER_CHINA,Chinese,Consumer,None,2021-08-24,2021,RETURNING,True,MDM,2021-08-24 00:00:00,2026-04-17 15:58:41.199393
cf2bb92a-5027-4de9-be62-108427d67a86,CUST-2019-HK-000237,怡婷,翁,怡婷 翁,Female,2006-02-07,user778.apple@hotmail.com,01-9566524,林森巷20號,臺東縣,蘆竹縣,195,HK,Hong Kong,GREATER_CHINA,Chinese,Consumer,None,2019-01-14,2019,RETURNING,True,MDM,2019-01-14,2026-04-17 15:58:41.199394
cc8f336d-7b98-4d01-b276-d3722ca7dcee,CUST-2021-HK-000137,俊宏,邱,俊宏 邱,Male,1972-01-12,user470.apple@icloud.com,02-8411167,福安街9號,褒忠,北斗縣,615,HK,Hong Kong,GREATER_CHINA,Chinese,Consumer,Gold,2021-02-04,2021,RETURNING,False,MDM,2021-02-04 00:00:00,2026-04-17 15:58:41.199396
dbab9836-6172-4461-8736-c61bddbed5c7,CUST-2021-HK-000059,家銘,彭,家銘 彭,Male,1962-07-28,user189.apple@live.com,064 96992078,新生巷8號,汐止,竹田,39701,HK,Hong Kong,GREATER_CHINA,Chinese,Consumer,Gold,2021-01-10,2021,RETURNING,True,MDM,2021-01-10 00:00:00,2026-04-17 15:58:41.199397
10e660fd-a3cd-4fd2-b7d3-bf74e69a6a30,CUST-2020-HK-000145,美鳳,朱,美鳳 朱,Female,1965-12-03,user428.apple@mail.com,063 93337981,新興街7段24號,高雄市,白沙,54940,HK,Hong Kong,GREATER_CHINA,Chinese,Consumer,Gold,2020-06-04,2020,RETURNING,True,MDM,2020-06-04 00:00:00,2026-04-17 15:58:41.199399
112ecaf4-5e89-4756-8b3a-fe88dad78827,CUST-2019-HK-000387,麗美,蔣,麗美 蔣,Male,1950-12-22,user567.apple942@zoho.com,0971975753,古亭巷9段781號,豐原縣,豐原市,99159,HK,Hong Kong,GREATER_CHINA,Chinese,Consumer,None,2019-02-05,2019,RETURNING,True,MDM,2019-02-05,2026-04-17 15:58:41.199400
40e0dc6b-d854-43ac-ac3b-04a8a078b97d,CUST-2020-HK-000086,怡君,楊,怡君 楊,Female,2000-12-24,user832.apple@gmail.com,066 16926566,自立街1號,台中市,竹田,544,HK,Hong Kong,GREATER_CHINA,Chinese,Business,Platinum,2020-11-08,2020,RETURNING,True,MDM,2020-11-08 00:00:00,2026-04-17 15:58:41.199402
c618d07f-c296-4e04-a1a2-a784a3dc44cb,CUST-2021-HK-000167,柏宇,張,柏宇 張,Female,1979-10-23,user504.apple@mail.com,05-53057030,大安巷6段874號,花蓮市,馬公,893,HK,Hong Kong,GREATER_CHINA,Chinese,Consumer,Platinum,2021-08-21,2021,RETURNING,True,MDM,2021-08-21 00:00:00,2026-04-17 15:58:41.199403
43ffadd3-a56b-4640-ad0d-7b127f1aaf37,CUST-2019-HK-000089,淑惠,林,淑惠 林,Male,1995-10-08,user834.apple242@gmail.com,0977158152,府中街479號,白沙,斗六市,37355,HK,Hong Kong,GREATER_CHINA,Chinese,Consumer,None,2019-10-24,2019,RETURNING,True,MDM,2019-10-24,2026-04-17 15:58:41.199405
c950ce60-8b81-4923-aed0-3c7c11a6e480,CUST-2019-HK-000141,秀美,王,秀美 王,Female,1955-01-09,user550.apple@hotmail.com,0963544387,光華路914號,樹林,白沙市,89173,HK,Hong Kong,GREATER_CHINA,Chinese,Business,None,2019-07-13,2019,RETURNING,True,MDM,2019-07-13,2026-04-17 15:58:41.199407
e6706ef8-60d9-4d61-a531-c019e7703242,CUST-2019-HK-000499,秀珠,曾,秀珠 曾,Female,1991-06-30,user991.apple707@aol.com,(07) 23177669,民權巷4號,嘉義,金門,68314,HK,Hong Kong,GREATER_CHINA,Chinese,Consumer,Gold,2019-06-15,2019,RETURNING,True,MDM,2019-06-15,2026-04-17 15:58:41.199408
6dbc8447-4d27-4b8f-9fee-1ac5106a8796,CUST-2019-HK-000351,淑芳,涂,淑芳 涂,Female,2003-12-18,user391.apple@icloud.com,0991-347463,劍潭路213號,臺東,頭份,371,HK,Hong Kong,GREATER_CHINA,Chinese,Education,None,2019-01-25,2019,RETURNING,True,MDM,2019-01-25,2026-04-17 15:58:41.199410
81ed3c0d-2f8d-4e85-b330-a171010bd06e,CUST-2019-HK-000479,羽彤,魏,羽彤 魏,Male,1959-07-02,user232.apple@icloud.com,(01) 36476891,博愛街520號,雲林,古坑,41042,HK,Hong Kong,GREATER_CHINA,Chinese,Consumer,Platinum,2019-12-26,2019,RETURNING,True,MDM,2019-12-26,2026-04-17 15:58:41.199411
f720e7e6-5578-4002-8bbe-3955802a085b,CUST-2019-HK-000308,玉珍,殷,玉珍 殷,Female,1974-10-08,user312.apple@aol.com,0968772556,劍潭巷152號,中和市,宜蘭,978,HK,Hong Kong,GREATER_CHINA,Chinese,Consumer,Silver,2019-01-09,2019,RETURNING,True,MDM,2019-01-09,2026-04-17 15:58:41.199413
e078afa9-9148-409c-bfc8-fccdf215fc4b,CUST-2021-HK-000166,秀蘭,林,秀蘭 林,Female,1974-08-06,user387.apple@mail.com,090 46141786,永安路8段752號,新竹市,橫山,132,HK,Hong Kong,GREATER_CHINA,Chinese,Business,Silver,2021-04-14,2021,RETURNING,True,MDM,2021-04-14 00:00:00,2026-04-17 15:58:41.199414
6a9a6a63-64b6-4029-97a1-8b26e4681533,CUST-2019-HK-000347,淑華,徐,淑華 徐,Female,1995-01-24,user936.apple68@yahoo.com,039 33149254,大同街390號,臺東,古坑,752,HK,Hong Kong,GREATER_CHINA,Chinese,Consumer,None,2019-12-03,2019,RETURNING,False,MDM,2019-12-03,2026-04-17 15:58:41.199416
75f11690-cc0a-4eed-9b6c-62eb0b304d84,CUST-2019-HK-000378,淑慧,羅,淑慧 羅,Male,1977-11-19,user346.apple813@mail.com,08-63632615,水源街857號,新營,宜蘭,10159,HK,Hong Kong,GREATER_CHINA,Chinese,Consumer,None,2019-07-21,2019,RETURNING,True,MDM,2019-07-21,2026-04-17 15:58:41.199418
22d037dc-cb13-4c8b-b484-6c70fbc163c2,CUST-2019-HK-000371,美玉,江,美玉 江,Male,1981-08-26,user687.apple942@gmail.com,01-3722696,大勇街4號,頭份,台北市,24225,HK,Hong Kong,GREATER_CHINA,Chinese,Consumer,Gold,2019-08-17,2019,RETURNING,True,MDM,2019-08-17,2026-04-17 15:58:41.199419
aab383b9-d088-48b5-a1ef-899f371913bf,CUST-2019-HK-000255,月娥,李,月娥 李,Male,1970-04-02,user507.apple@yahoo.com,0954-773743,中和路1段7號,永康,中壢,69474,HK,Hong Kong,GREATER_CHINA,Chinese,Consumer,None,2019-06-24,2019,RETURNING,True,MDM,2019-06-24,2026-04-17 15:58:41.199421
6d6d0d40-837b-4e12-bbbb-599c91639d13,CUST-2019-HK-000087,金龍,吳,金龍 吳,Female,1999-02-06,user535.apple585@mail.com,055 93789289,蘆洲巷321號,金門,板橋,60167,HK,Hong Kong,GREATER_CHINA,Chinese,Consumer,Platinum,2019-12-16,2019,RETURNING,True,MDM,2019-12-16,2026-04-17 15:58:41.199423
af717732-c6e2-4ef1-b346-aa8b6084eb02,CUST-2021-HK-000058,冠霖,黃,冠霖 黃,Male,2000-01-19,user666.apple@zoho.com,03-1531641,紅樹林街46號,永康,北竿,139,HK,Hong Kong,GREATER_CHINA,Chinese,Consumer,None,2021-07-06,2021,RETURNING,True,MDM,2021-07-06 00:00:00,2026-04-17 15:58:41.199424
78b6e4eb-8f10-4474-8197-873cfd4eff6c,CUST-2019-HK-000299,美雲,朱,美雲 朱,Female,1961-11-03,user954.apple@zoho.com,0972-322644,水源巷6段4號,楊梅市,苗栗縣,65108,HK,Hong Kong,GREATER_CHINA,Chinese,Education,None,2019-01-01,2019,RETURNING,True,MDM,2019-01-01,2026-04-17 15:58:41.199426
696aaa39-686f-43c9-a7ec-6b465d7718fb,CUST-2021-HK-000006,俊佑,李,俊佑 李,Male,1953-08-01,user752.apple@msn.com,0919497064,小碧潭街5段37號,澎湖,汐止,33589,HK,Hong Kong,GREATER_CHINA,Chinese,Business,None,2021-07-24,2021,RETURNING,True,MDM,2021-07-24 00:00:00,2026-04-17 15:58:41.199428
6fbe9ede-9bd4-4323-a5ab-6bd19c005708,CUST-2019-HK-000215,國雄,李,國雄 李,Male,1961-04-30,user224.apple451@mail.com,04-28165605,民富巷906號,台北,竹北縣,74805,HK,Hong Kong,GREATER_CHINA,Chinese,Consumer,Silver,2019-10-29,2019,RETURNING,True,MDM,2019-10-29,2026-04-17 15:58:41.199429
737cacd0-ddf1-4069-95d1-2fd2a7d37be1,CUST-2019-HK-000015,秀霞,王,秀霞 王,Male,1955-08-18,user795.apple@zoho.com,05 8878561,福德路59號,三重,員林縣,688,HK,Hong Kong,GREATER_CHINA,Chinese,Business,Platinum,2019-09-23,2019,RETURNING,True,MDM,2019-09-23,2026-04-17 15:58:41.199430
7faee6f7-fb91-45d5-9c47-f4bddca42438,CUST-2021-HK-000115,承恩,李,承恩 李,Female,1996-12-08,user376.apple@mail.com,080 80330383,三民巷7段910號,大里,雲林縣,430,HK,Hong Kong,GREATER_CHINA,Chinese,Consumer,Silver,2021-11-13,2021,RETURNING,True,MDM,2021-11-13 00:00:00,2026-04-17 15:58:41.199432
e483eeb0-4238-4d08-a01a-66e63894a107,CUST-2019-HK-000377,淑芳,彭,淑芳 彭,Female,1988-11-06,user817.apple@icloud.com,004 37383502,五福街9號,光復,新竹,96803,HK,Hong Kong,GREATER_CHINA,Chinese,Business,Platinum,2019-11-03,2019,RETURNING,True,MDM,2019-11-03,2026-04-17 15:58:41.199433
38176a38-06cb-429e-9071-618281f638f2,CUST-2020-HK-000155,靜怡,許,靜怡 許,Female,1993-08-04,user692.apple@gmail.com,0941631912,迴龍巷970號,桃園,南投,980,HK,Hong Kong,GREATER_CHINA,Chinese,Business,None,2020-05-19,2020,RETURNING,True,MDM,2020-05-19 00:00:00,2026-04-17 15:58:41.199435
719d7b31-d902-42d1-86f8-3e1ccd6e84df,CUST-2021-HK-000117,俊賢,劉,俊賢 劉,Male,1974-04-22,user372.apple@yahoo.com,09-77644474,太平街638號,關山市,澎湖縣,32830,HK,Hong Kong,GREATER_CHINA,Chinese,Consumer,Gold,2021-07-12,2021,RETURNING,True,MDM,2021-07-12 00:00:00,2026-04-17 15:58:41.199436
4de5534e-02c3-4d18-b1a1-7fa8a9e2c60f,CUST-2020-HK-000033,美麗,林,美麗 林,Female,1999-07-18,user145.apple54@protonmail.com,(04) 16125739,自由路94號,台東市,北港市,62050,HK,Hong Kong,GREATER_CHINA,Chinese,Consumer,None,2020-01-30,2020,RETURNING,True,MDM,2020-01-30 00:00:00,2026-04-17 15:58:41.199438
6be93aba-650b-4f08-bfd9-67ac7f5a0a69,CUST-2019-HK-000121,永昌,劉,永昌 劉,Male,1950-11-22,user119.apple@msn.com,(03) 29721710,關渡路3號,古坑縣,馬公市,69505,HK,Hong Kong,GREATER_CHINA,Chinese,Business,Silver,2019-11-26,2019,RETURNING,True,MDM,2019-11-26,2026-04-17 15:58:41.199439
883cc3d1-e4ab-4702-aa17-26e386d262b3,CUST-2020-HK-000029,鈺婷,黃,鈺婷 黃,Male,2002-04-16,user647.apple@zoho.com,(01) 13871586,三民巷2號,北港,牡丹,75581,HK,Hong Kong,GREATER_CHINA,Chinese,Consumer,None,2020-03-20,2020,RETURNING,True,MDM,2020-03-20 00:00:00,2026-04-17 15:58:41.199441
a7041936-b1a7-497b-b37e-a4d033085225,CUST-2020-HK-000083,淑卿,陳,淑卿 陳,Male,1961-04-28,user530.apple266@yahoo.com,(00) 12074255,中興路8段67號,苗栗,中和縣,12312,HK,Hong Kong,GREATER_CHINA,Chinese,Consumer,Silver,2020-07-03,2020,RETURNING,True,MDM,2020-07-03 00:00:00,2026-04-17 15:58:41.199442
724d19d6-7d52-4e74-b8b4-42b8b87edbb4,CUST-2019-HK-000153,秀玉,湯,秀玉 湯,Male,1995-01-17,user904.apple392@protonmail.com,02-94270005,中正路2段670號,樹林縣,竹田,308,HK,Hong Kong,GREATER_CHINA,Chinese,Education,Gold,2019-03-12,2019,RETURNING,True,MDM,2019-03-12,2026-04-17 15:58:41.199444
1a0041e3-7dc3-42e3-a529-5b3be4ecf092,CUST-2021-HK-000063,建興,高,建興 高,Female,1994-08-07,user833.apple815@gmx.com,00-28987746,仁愛路4段4號,竹北市,中壢,93531,HK,Hong Kong,GREATER_CHINA,Chinese,Consumer,Silver,2021-07-31,2021,RETURNING,True,MDM,2021-07-31 00:00:00,2026-04-17 15:58:41.199445
e520ba3d-0d2c-4104-b16f-7f46f6abbb5e,CUST-2021-HK-000078,文傑,王,文傑 王,Male,1966-09-17,user666.apple@aol.com,(02) 26077936,福安街49號,樹林,大里,324,HK,Hong Kong,GREATER_CHINA,Chinese,Business,None,2021-06-18,2021,RETURNING,True,MDM,2021-06-18 00:00:00,2026-04-17 15:58:41.199447
44f0952b-af14-43c6-b43e-3bb367123160,CUST-2021-HK-000130,淑美,田,淑美 田,Female,1985-11-23,user360.apple@icloud.com,05-54494679,士林街6號,鳳山縣,新竹市,56168,HK,Hong Kong,GREATER_CHINA,Chinese,Consumer,None,2021-01-24,2021,RETURNING,True,MDM,2021-01-24 00:00:00,2026-04-17 15:58:41.199449
a849de63-ce30-442f-9e30-3b3cb997251d,CUST-2019-HK-000033,秀英,陳,秀英 陳,Female,1983-08-09,user630.apple@yahoo.com,000 61815297,國凱八德路5號,新北市,苗栗,101,HK,Hong Kong,GREATER_CHINA,Chinese,Business,None,2019-01-03,2019,RETURNING,False,MDM,2019-01-03,2026-04-17 15:58:41.199450
c83a8a6a-1e05-4815-aad7-5b371d499499,CUST-2020-HK-000151,家豪,蔡,家豪 蔡,Male,1960-04-18,user443.apple@live.com,09 2479652,民享路1號,北竿,頭份市,12603,HK,Hong Kong,GREATER_CHINA,Chinese,Consumer,None,2020-07-11,2020,RETURNING,True,MDM,2020-07-11 00:00:00,2026-04-17 15:58:41.199452
de1b56e4-a041-4026-a268-f2d4e7eed367,CUST-2019-HK-000188,秀華,張,秀華 張,Female,1961-03-20,user256.apple@protonmail.com,014 53305327,林森巷76號,馬公,豐原縣,953,HK,Hong Kong,GREATER_CHINA,Chinese,Consumer,Silver,2019-02-21,2019,RETURNING,True,MDM,2019-02-21,2026-04-17 15:58:41.199454
d8ddbe84-8776-456c-848e-979160b4c716,CUST-2019-HK-000462,信宏,陳,信宏 陳,Female,1969-03-20,user397.apple@live.com,(05) 43068476,自強路18號,鳳山,草屯,467,HK,Hong Kong,GREATER_CHINA,Chinese,Education,Gold,2019-10-29,2019,RETURNING,True,MDM,2019-10-29,2026-04-17 15:58:41.199455
7c5e93f7-3d53-491a-b3d3-1a3432e70a7e,CUST-2020-HK-000117,麗珠,藍,麗珠 藍,Male,2007-11-20,user670.apple@hotmail.com,03 4585171,古亭路2段42號,北港,草屯,79450,HK,Hong Kong,GREATER_CHINA,Chinese,Consumer,None,2020-11-15,2020,RETURNING,True,MDM,2020-11-15 00:00:00,2026-04-17 15:58:41.199457
83ee212d-961b-4367-9a1b-0530e6dd4b14,CUST-2019-HK-000483,怡婷,張,怡婷 張,Male,1968-04-12,user778.apple701@zoho.com,0905129606,忠義巷57號,斗六市,板橋縣,455,HK,Hong Kong,GREATER_CHINA,Chinese,Education,None,2019-11-04,2019,RETURNING,True,MDM,2019-11-04,2026-04-17 15:58:41.199459
94688d0b-cfca-44aa-980a-ab33edc47930,CUST-2021-HK-000098,美珍,許,美珍 許,Female,1958-01-05,user992.apple352@yahoo.com,08 7999707,三民巷389號,基隆,竹田,21489,HK,Hong Kong,GREATER_CHINA,Chinese,Business,None,2021-03-17,2021,RETURNING,True,MDM,2021-03-17 00:00:00,2026-04-17 15:58:41.199461
7058bdad-3ede-4c17-9bd5-3e84880a056f,CUST-2021-HK-000154,佳蓉,陳,佳蓉 陳,Female,2003-08-13,user593.apple@mail.com,06-2242186,大坪路44號,豐原縣,金門市,61286,HK,Hong Kong,GREATER_CHINA,Chinese,Consumer,Gold,2021-03-23,2021,RETURNING,True,MDM,2021-03-23 00:00:00,2026-04-17 15:58:41.199462
56f46a14-b91e-404b-8253-338ca1d73407,CUST-2019-HK-000116,淑美,王,淑美 王,Male,1957-07-15,user116.apple@live.com,(07) 43876224,大仁路2號,中壢縣,褒忠,487,HK,Hong Kong,GREATER_CHINA,Chinese,Consumer,Silver,2019-06-09,2019,RETURNING,True,MDM,2019-06-09,2026-04-17 15:58:41.199464
711efa5a-530a-44d8-84b5-1df4ac122d39,CUST-2020-HK-000005,淑玲,劉,淑玲 劉,Female,1950-11-16,user330.apple@mail.com,0904477337,關渡街260號,草屯,光復縣,91063,HK,Hong Kong,GREATER_CHINA,Chinese,Consumer,None,2020-02-06,2020,RETURNING,True,MDM,2020-02-06 00:00:00,2026-04-17 15:58:41.199465
d5c8818e-a053-4972-9e92-ed182c576f47,CUST-2020-HK-000002,志遠,吳,志遠 吳,Female,1976-12-26,user707.apple@gmail.com,03-2663102,長春巷367號,大里市,新營市,597,HK,Hong Kong,GREATER_CHINA,Chinese,Business,None,2020-01-01,2020,RETURNING,True,MDM,2020-01-01 00:00:00,2026-04-17 15:58:41.199467
94c03efd-58f2-451e-91e6-2233b8627fc9,CUST-2020-HK-000018,淑芬,張,淑芬 張,Male,2004-01-25,user952.apple@outlook.com,079 89587733,士林巷4號,樹林,褒忠,50226,HK,Hong Kong,GREATER_CHINA,Chinese,Consumer,None,2020-08-20,2020,RETURNING,True,MDM,2020-08-20 00:00:00,2026-04-17 15:58:41.199469
71e0fe1e-43fa-4045-ba21-5345d3d38739,CUST-2021-HK-000069,宗翰,林,宗翰 林,Female,1992-02-23,user668.apple498@hotmail.com,0930553839,中華巷91號,竹北市,高雄市,591,HK,Hong Kong,GREATER_CHINA,Chinese,Consumer,Gold,2021-03-27,2021,RETURNING,True,MDM,2021-03-27 00:00:00,2026-04-17 15:58:41.199470
b711a718-0c2b-4083-8bf6-aa43dddad3b0,CUST-2019-HK-000032,志誠,張,志誠 張,Female,1980-12-23,user529.apple173@yahoo.com,(00) 64669629,大同路7段506號,澎湖,彰化,630,HK,Hong Kong,GREATER_CHINA,Chinese,Education,Silver,2019-05-19,2019,RETURNING,True,MDM,2019-05-19,2026-04-17 15:58:41.199472
8918aec2-7f46-451d-a080-9f2c7e609c9e,CUST-2019-HK-000492,秀琴,鍾,秀琴 鍾,Male,1983-05-19,user426.apple336@outlook.com,0976554039,新興路1號,三重縣,梅山市,421,HK,Hong Kong,GREATER_CHINA,Chinese,Consumer,None,2019-09-04,2019,RETURNING,True,MDM,2019-09-04,2026-04-17 15:58:41.199473
831e5120-a1ad-42f7-83c6-bf58d1221a21,CUST-2020-HK-000066,麗珍,許,麗珍 許,Female,1964-01-21,user983.apple@live.com,026 74266820,福安路311號,桃園,新竹市,994,HK,Hong Kong,GREATER_CHINA,Chinese,Education,None,2020-06-29,2020,RETURNING,True,MDM,2020-06-29 00:00:00,2026-04-17 15:58:41.199475
2391992e-441f-48a0-9073-d10032cbfa79,CUST-2021-HK-000065,秋月,施,秋月 施,Male,1981-11-13,user903.apple@gmx.com,08-5124109,大智街87號,苗栗市,金門,811,HK,Hong Kong,GREATER_CHINA,Chinese,Consumer,Silver,2021-11-03,2021,RETURNING,True,MDM,2021-11-03 00:00:00,2026-04-17 15:58:41.199476
de9c1adf-5ca5-4d3a-a26d-023c7e2af789,CUST-2021-HK-000155,麗玲,倪,麗玲 倪,Female,1978-04-06,user310.apple892@outlook.com,04 3336948,大仁巷370號,竹北,北斗市,20154,HK,Hong Kong,GREATER_CHINA,Chinese,Consumer,None,2021-02-22,2021,RETURNING,True,MDM,2021-02-22 00:00:00,2026-04-17 15:58:41.199478
9d11c3a7-c150-4fb3-9689-faaef4ae1224,CUST-2019-HK-000129,家榮,簡,家榮 簡,Female,1966-12-19,user675.apple@icloud.com,01-2349797,新莊路454號,臺中市,鳳山縣,508,HK,Hong Kong,GREATER_CHINA,Chinese,Consumer,None,2019-09-17,2019,RETURNING,True,MDM,2019-09-17,2026-04-17 15:58:41.199480
92d6679b-550f-4159-a083-16c5879bbf52,CUST-2019-HK-000473,柏宏,曾,柏宏 曾,Female,1974-05-21,user752.apple@gmail.com,00-7285890,新埔街7號,連江市,雲林,94408,HK,Hong Kong,GREATER_CHINA,Chinese,Consumer,Silver,2019-10-06,2019,RETURNING,True,MDM,2019-10-06,2026-04-17 15:58:41.199481
ffbc52e4-57f3-43c5-9c41-8384771189c4,CUST-2021-HK-000135,正雄,洪,正雄 洪,Male,1953-04-11,user111.apple@hotmail.com,0983601289,四維巷9段79號,橫山,新北縣,41297,HK,Hong Kong,GREATER_CHINA,Chinese,Education,None,2021-06-14,2021,RETURNING,True,MDM,2021-06-14 00:00:00,2026-04-17 15:58:41.199483
db763747-01e9-48ff-a11d-f8ed934a90f5,CUST-2021-HK-000033,秀琴,邱,秀琴 邱,Female,1964-08-02,user271.apple@zoho.com,05 3680498,光明路7號,板橋,太平市,95782,HK,Hong Kong,GREATER_CHINA,Chinese,Consumer,None,2021-04-22,2021,RETURNING,True,MDM,2021-04-22 00:00:00,2026-04-17 15:58:41.199485
3cd064c2-1029-4c1d-abd5-16324537c0bd,CUST-2019-HK-000171,碧雲,李,碧雲 李,Female,1970-11-05,user502.apple@msn.com,09 6734112,中山街705號,新營縣,員林市,808,HK,Hong Kong,GREATER_CHINA,Chinese,Business,Silver,2019-04-15,2019,RETURNING,True,MDM,2019-04-15,2026-04-17 15:58:41.199486
443bb975-38ac-44b0-848b-ee737b60a65f,CUST-2019-HK-000193,淑貞,蕭,淑貞 蕭,Male,1973-04-10,user236.apple5@yahoo.com,06 9628799,長春路34號,大里,竹北市,337,HK,Hong Kong,GREATER_CHINA,Chinese,Business,None,2019-07-22,2019,RETURNING,True,MDM,2019-07-22,2026-04-17 15:58:41.199488
e0016906-e0eb-4b94-96eb-fd748a361ce8,CUST-2019-HK-000123,世明,楊,世明 楊,Male,1966-11-02,user537.apple@zoho.com,03-89260465,國凱八德街77號,關山市,永康,108,HK,Hong Kong,GREATER_CHINA,Chinese,Consumer,Platinum,2019-06-15,2019,RETURNING,False,MDM,2019-06-15,2026-04-17 15:58:41.199489
6c0b7486-c07c-418f-91da-323dbfcb0d4f,CUST-2019-HK-000470,承恩,黃,承恩 黃,Male,1984-06-26,user272.apple@msn.com,0957499777,勝利路82號,斗六市,蘆洲,706,HK,Hong Kong,GREATER_CHINA,Chinese,Consumer,None,2019-07-18,2019,RETURNING,True,MDM,2019-07-18,2026-04-17 15:58:41.199491
e56b42e6-111e-4eaa-ac81-ece315a97d2d,CUST-2020-HK-000078,麗香,劉,麗香 劉,Male,1980-08-20,user677.apple@yahoo.com,093 38274462,大同巷287號,中壢縣,台東,46905,HK,Hong Kong,GREATER_CHINA,Chinese,Education,Silver,2020-05-15,2020,RETURNING,False,MDM,2020-05-15 00:00:00,2026-04-17 15:58:41.199493
c9bb8402-055b-4adb-b43c-f92951ea6a10,CUST-2020-HK-000025,信宏,徐,信宏 徐,Female,1993-07-26,user254.apple976@gmail.com,0990-949625,景美街88號,中壢,北斗縣,46064,HK,Hong Kong,GREATER_CHINA,Chinese,Consumer,Silver,2020-01-14,2020,RETURNING,True,MDM,2020-01-14 00:00:00,2026-04-17 15:58:41.199494
dd468390-d14b-4c44-9075-3a5403bb0918,CUST-2019-HK-000455,欣怡,黃,欣怡 黃,Female,1965-05-15,user742.apple@yahoo.com,05-59681122,迴龍巷8號,永和縣,草屯,35211,HK,Hong Kong,GREATER_CHINA,Chinese,Education,Gold,2019-06-30,2019,RETURNING,True,MDM,2019-06-30,2026-04-17 15:58:41.199495
53898309-a5d8-4c7b-8756-bb19a2f045dd,CUST-2019-HK-000328,志成,吳,志成 吳,Male,1996-01-29,user345.apple79@aol.com,0904622433,仁愛街99號,苗栗,新北市,976,HK,Hong Kong,GREATER_CHINA,Chinese,Business,Silver,2019-07-22,2019,RETURNING,True,MDM,2019-07-22,2026-04-17 15:58:41.199497
7b96e953-e5b6-405e-864b-bc44a518943f,CUST-2021-HK-000022,淑芳,高,淑芳 高,Female,1979-03-01,user618.apple@outlook.com,08-3744058,長春街5段8號,新竹,蘆竹,49389,HK,Hong Kong,GREATER_CHINA,Chinese,Consumer,Silver,2021-12-17,2021,RETURNING,True,MDM,2021-12-17 00:00:00,2026-04-17 15:58:41.199498
0f05065c-cde6-49d1-8eaa-f2c79197106c,CUST-2020-HK-000112,玉英,鄒,玉英 鄒,Female,1969-09-25,user419.apple@icloud.com,08 3219301,光華街247號,楊梅,大里市,60417,HK,Hong Kong,GREATER_CHINA,Chinese,Consumer,None,2020-05-13,2020,RETURNING,False,MDM,2020-05-13 00:00:00,2026-04-17 15:58:41.199500
80215159-bbe3-4dc3-87a0-91e8803dcb64,CUST-2021-HK-000019,秀玲,陳,秀玲 陳,Female,1986-12-28,user205.apple@mail.com,0927-068056,新莊路5號,澎湖,澎湖縣,78370,HK,Hong Kong,GREATER_CHINA,Chinese,Business,None,2021-01-26,2021,RETURNING,True,MDM,2021-01-26 00:00:00,2026-04-17 15:58:41.199501
72efe4cf-d7a1-403f-bfc1-6a88333071f8,CUST-2019-HK-000046,秀鳳,楊,秀鳳 楊,Female,1982-10-10,user719.apple@outlook.com,03 4459602,民生街39號,褒忠縣,台東縣,18802,HK,Hong Kong,GREATER_CHINA,Chinese,Consumer,None,2019-06-27,2019,RETURNING,True,MDM,2019-06-27,2026-04-17 15:58:41.199503
733f4bad-412f-4fd8-8088-e55dd585828d,CUST-2020-HK-000141,雅婷,林,雅婷 林,Male,1974-03-05,user238.apple@zoho.com,09-40543595,興街627號,嘉義市,梅山,63823,HK,Hong Kong,GREATER_CHINA,Chinese,Consumer,None,2020-10-08,2020,RETURNING,True,MDM,2020-10-08 00:00:00,2026-04-17 15:58:41.199505
53e7a2d7-3206-44db-a381-58e12296a608,CUST-2020-HK-000057,志偉,蔡,志偉 蔡,Female,1986-05-06,user215.apple@icloud.com,00-49817964,關渡巷595號,台南市,澎湖市,51851,HK,Hong Kong,GREATER_CHINA,Chinese,Education,Platinum,2020-05-20,2020,RETURNING,True,MDM,2020-05-20 00:00:00,2026-04-17 15:58:41.199507
a17d3d13-b422-4f53-b472-f683fccd3c57,CUST-2021-HK-000082,志成,李,志成 李,Male,1985-01-30,user384.apple@gmx.com,03-94849557,文昌巷3號,花蓮市,屏東,880,HK,Hong Kong,GREATER_CHINA,Chinese,Consumer,Platinum,2021-05-31,2021,RETURNING,True,MDM,2021-05-31 00:00:00,2026-04-17 15:58:41.199508
85ce979b-927a-4c91-bd27-a41786e0747f,CUST-2019-HK-000069,美玲,許,美玲 許,Male,1992-06-20,user904.apple240@icloud.com,008 82692696,大坪巷74號,桃園,北竿縣,587,HK,Hong Kong,GREATER_CHINA,Chinese,Consumer,None,2019-01-30,2019,RETURNING,True,MDM,2019-01-30,2026-04-17 15:58:41.199510
9c49267b-a24d-4fe6-b179-487cc4058220,CUST-2019-HK-000224,麗卿,張,麗卿 張,Female,1951-08-10,user882.apple@gmail.com,0920600147,勝利路308號,馬公,苗栗,230,HK,Hong Kong,GREATER_CHINA,Chinese,Consumer,Gold,2019-01-21,2019,RETURNING,True,MDM,2019-01-21,2026-04-17 15:58:41.199511
08ffd3b9-d90b-43e3-b680-606c967f7c12,CUST-2019-HK-000268,雅雯,呂,雅雯 呂,Female,1972-03-31,user854.apple@gmail.com,(07) 56442912,大安路254號,古坑縣,臺東,863,HK,Hong Kong,GREATER_CHINA,Chinese,Consumer,None,2019-12-30,2019,RETURNING,True,MDM,2019-12-30,2026-04-17 15:58:41.199513
0d90490c-b332-47ea-b194-6564fe492874,CUST-2020-HK-000106,秀枝,林,秀枝 林,Male,1969-05-23,user814.apple@gmail.com,073 85239684,頂福州路252號,北港,台南市,895,HK,Hong Kong,GREATER_CHINA,Chinese,Consumer,Gold,2020-12-15,2020,RETURNING,True,MDM,2020-12-15 00:00:00,2026-04-17 15:58:41.199514
4c8cec8b-f268-4d46-8468-ac731da5604c,CUST-2020-HK-000113,國雄,陳,國雄 陳,Male,1970-04-25,user583.apple@zoho.com,00-7245859,昆陽巷2號,新竹,雲林,54801,HK,Hong Kong,GREATER_CHINA,Chinese,Consumer,None,2020-01-21,2020,RETURNING,True,MDM,2020-01-21 00:00:00,2026-04-17 15:58:41.199516
e9ffe0ff-1e7d-4f00-9260-fff78580bb3f,CUST-2020-HK-000060,淑惠,周,淑惠 周,Female,1970-06-10,user782.apple@yahoo.com,(05) 97098584,延平巷3號,中壢市,八德,45480,HK,Hong Kong,GREATER_CHINA,Chinese,Consumer,Platinum,2020-11-26,2020,RETURNING,True,MDM,2020-11-26 00:00:00,2026-04-17 15:58:41.199518
93ae8133-d338-4a18-8901-f10d61a8f68d,CUST-2019-HK-000416,玉琴,吳,玉琴 吳,Male,1966-10-11,user486.apple742@gmail.com,03 9419669,新生街1號,三重市,新竹市,235,HK,Hong Kong,GREATER_CHINA,Chinese,Business,Silver,2019-07-08,2019,RETURNING,True,MDM,2019-07-08,2026-04-17 15:58:41.199519
4ca8172b-2a8c-4e4e-9159-f01715a80a49,CUST-2019-HK-000325,美雲,陳,美雲 陳,Male,1991-01-20,user343.apple@gmx.com,05 7648508,民權巷6段3號,連江,桃園市,169,HK,Hong Kong,GREATER_CHINA,Chinese,Business,Silver,2019-05-31,2019,RETURNING,True,MDM,2019-05-31,2026-04-17 15:58:41.199521
b40d6618-3e07-4f31-9343-c7734bcfcf31,CUST-2021-HK-000151,正雄,范,正雄 范,Male,1953-01-28,user925.apple@yahoo.com,(00) 55341866,自由路6號,員林縣,彰化市,79735,HK,Hong Kong,GREATER_CHINA,Chinese,Consumer,None,2021-04-26,2021,RETURNING,True,MDM,2021-04-26 00:00:00,2026-04-17 15:58:41.199523
d968e7ee-5486-463d-b639-506556a85b2c,CUST-2021-HK-000148,麗華,鍾,麗華 鍾,Female,1961-05-21,user277.apple149@hotmail.com,051 54370251,民權街351號,臺中,南投,893,HK,Hong Kong,GREATER_CHINA,Chinese,Consumer,None,2021-08-09,2021,RETURNING,True,MDM,2021-08-09 00:00:00,2026-04-17 15:58:41.199525
8c639573-b326-4031-84d3-b0b46b8c9e63,CUST-2020-HK-000047,禹彤,張,禹彤 張,Female,1955-11-15,user291.apple@gmx.com,07-26202314,象山路99號,蘆洲,北港,213,HK,Hong Kong,GREATER_CHINA,Chinese,Business,None,2020-10-21,2020,RETURNING,True,MDM,2020-10-21 00:00:00,2026-04-17 15:58:41.199527
b5e8bd0e-fcdc-4265-9429-c36a8817c4a5,CUST-2019-HK-000494,信宏,任,信宏 任,Male,1999-09-29,user879.apple@zoho.com,0934528161,西門街6段7號,中壢縣,苗栗,239,HK,Hong Kong,GREATER_CHINA,Chinese,Consumer,Silver,2019-06-07,2019,RETURNING,True,MDM,2019-06-07,2026-04-17 15:58:41.199528
3fbb4616-4cf7-43f0-8be8-b69855af8618,CUST-2019-HK-000013,玉美,吳,玉美 吳,Female,1959-05-31,user818.apple@mail.com,0900-662902,小碧潭巷15號,大里市,竹北,279,HK,Hong Kong,GREATER_CHINA,Chinese,Consumer,None,2019-11-25,2019,RETURNING,True,MDM,2019-11-25,2026-04-17 15:58:41.199530
71dcbb08-5221-41e2-b298-d17fd4f7e2ee,CUST-2020-HK-000126,秀霞,盧,秀霞 盧,Male,1994-03-25,user625.apple@live.com,02-32101260,公園巷175號,永康縣,桃園縣,98020,HK,Hong Kong,GREATER_CHINA,Chinese,Consumer,Platinum,2020-11-29,2020,RETURNING,True,MDM,2020-11-29 00:00:00,2026-04-17 15:58:41.199531
116a54d2-65f9-450f-8581-ca3922b52517,CUST-2021-HK-000009,宜蓁,郭,宜蓁 郭,Male,1962-12-26,user794.apple147@gmx.com,0934366038,忠孝街1號,樹林縣,竹北縣,66498,HK,Hong Kong,GREATER_CHINA,Chinese,Consumer,None,2021-09-07,2021,RETURNING,True,MDM,2021-09-07 00:00:00,2026-04-17 15:58:41.199533
982aadf0-cfb2-4362-bc09-f87562cf956e,CUST-2019-HK-000118,美雲,簡,美雲 簡,Male,1968-07-14,user822.apple425@yahoo.com,07-9499779,公園巷56號,中壢市,臺東市,89458,HK,Hong Kong,GREATER_CHINA,Chinese,Consumer,None,2019-05-29,2019,RETURNING,True,MDM,2019-05-29,2026-04-17 15:58:41.199535
10031dcd-0962-4f59-b1c7-c3365f386577,CUST-2020-HK-000065,雅婷,詹,雅婷 詹,Male,1990-11-24,user129.apple@gmail.com,(08) 40130255,關渡街156號,中壢,卑南縣,65070,HK,Hong Kong,GREATER_CHINA,Chinese,Consumer,Platinum,2020-09-24,2020,RETURNING,True,MDM,2020-09-24 00:00:00,2026-04-17 15:58:41.199536
a5db8d20-88e7-42af-8e80-5e129478d9f4,CUST-2021-HK-000122,淑娟,葉,淑娟 葉,Female,1975-08-24,user298.apple@outlook.com,0952038795,中山路2號,豐原市,蘆洲市,53019,HK,Hong Kong,GREATER_CHINA,Chinese,Consumer,Silver,2021-04-04,2021,RETURNING,True,MDM,2021-04-04 00:00:00,2026-04-17 15:58:41.199538
2b73b9c3-7708-45ee-afab-fd8d302b26ea,CUST-2021-HK-000020,美鳳,吳,美鳳 吳,Female,1991-03-22,user642.apple336@zoho.com,0915-811735,龍山寺街3段878號,蘆竹縣,竹北,940,HK,Hong Kong,GREATER_CHINA,Chinese,Consumer,None,2021-10-22,2021,RETURNING,True,MDM,2021-10-22 00:00:00,2026-04-17 15:58:41.199539
d67a3e78-150b-4fc8-928d-5c90bdd25571,CUST-2020-HK-000097,俊宇,鄧,俊宇 鄧,Female,1983-03-17,user985.apple@aol.com,08-89466846,大仁街5段16號,台北縣,雲林縣,81730,HK,Hong Kong,GREATER_CHINA,Chinese,Business,Gold,2020-08-26,2020,RETURNING,True,MDM,2020-08-26 00:00:00,2026-04-17 15:58:41.199541
a206caf8-0a81-4b3c-a9a6-43cfb637ee0b,CUST-2019-HK-000248,永昌,鍾,永昌 鍾,Male,1996-03-18,user143.apple@yahoo.com,(06) 78713421,正義巷3號,苗栗市,連江,10463,HK,Hong Kong,GREATER_CHINA,Chinese,Consumer,None,2019-06-24,2019,RETURNING,True,MDM,2019-06-24,2026-04-17 15:58:41.199542
3fcfa9a9-8c0a-41c3-9ab3-29c8350270f9,CUST-2019-HK-000454,玉琴,柳,玉琴 柳,Male,2006-09-07,user221.apple@protonmail.com,0999381589,新生路98號,蘆竹市,蘆竹縣,79777,HK,Hong Kong,GREATER_CHINA,Chinese,Consumer,Platinum,2019-10-21,2019,RETURNING,True,MDM,2019-10-21,2026-04-17 15:58:41.199544
a33bd1eb-b183-4ea4-999c-7d1c02a459d4,CUST-2019-HK-000159,美麗,李,美麗 李,Male,1965-09-21,user723.apple@yahoo.com,09-44166211,東興路556號,鳳山市,板橋市,15242,HK,Hong Kong,GREATER_CHINA,Chinese,Consumer,None,2019-07-17,2019,RETURNING,True,MDM,2019-07-17,2026-04-17 15:58:41.199546
8590cc05-6bb8-4cff-83ce-a8ee487b5fb1,CUST-2019-HK-000172,信宏,張,信宏 張,Female,2002-06-11,user593.apple@icloud.com,098 65153879,文昌巷1號,白沙,臺中,614,HK,Hong Kong,GREATER_CHINA,Chinese,Consumer,None,2019-02-14,2019,RETURNING,True,MDM,2019-02-14,2026-04-17 15:58:41.199547
b3e9953d-bac4-4722-9892-0929c836da9f,CUST-2019-HK-000434,文正,陳,文正 陳,Female,1952-06-23,user125.apple@hotmail.com,0934747406,民權巷2號,澎湖,基隆,751,HK,Hong Kong,GREATER_CHINA,Chinese,Consumer,None,2019-07-10,2019,RETURNING,True,MDM,2019-07-10,2026-04-17 15:58:41.199549
a47f7489-3c6d-4345-b9fa-e3d4cecaace4,CUST-2021-HK-000124,佳玲,錢,佳玲 錢,Female,1973-05-12,user896.apple@zoho.com,0906820075,士林巷93號,臺中,關山縣,37696,HK,Hong Kong,GREATER_CHINA,Chinese,Consumer,None,2021-06-16,2021,RETURNING,True,MDM,2021-06-16 00:00:00,2026-04-17 15:58:41.199551
36189412-f6e9-4b47-8a45-66f4105c6a46,CUST-2019-HK-000301,世昌,吳,世昌 吳,Male,1950-05-03,user400.apple@gmail.com,0904896673,土城巷42號,樹林,斗六縣,548,HK,Hong Kong,GREATER_CHINA,Chinese,Consumer,Silver,2019-12-30,2019,RETURNING,True,MDM,2019-12-30,2026-04-17 15:58:41.199552
bec4d785-b812-4cc0-990f-5041aa9b827d,CUST-2021-HK-000116,美雲,張,美雲 張,Male,2000-07-03,user260.apple887@gmail.com,065 36376695,大安街4段4號,嘉義,北港,60963,HK,Hong Kong,GREATER_CHINA,Chinese,Consumer,Silver,2021-06-18,2021,RETURNING,True,MDM,2021-06-18 00:00:00,2026-04-17 15:58:41.199554
ac276d77-3e4c-4d67-a586-d19b9407675b,CUST-2019-HK-000362,碧雲,簡,碧雲 簡,Male,2002-01-23,user982.apple308@mail.com,0936-444750,新莊路38號,八德,橫山市,253,HK,Hong Kong,GREATER_CHINA,Chinese,Consumer,Platinum,2019-04-28,2019,RETURNING,True,MDM,2019-04-28,2026-04-17 15:58:41.199555
6eeb37bd-a423-4954-a20d-ce549e23b363,CUST-2019-HK-000146,明輝,林,明輝 林,Female,1989-08-27,user131.apple@icloud.com,06-4243465,文化巷8號,台中縣,永和,86456,HK,Hong Kong,GREATER_CHINA,Chinese,Consumer,None,2019-07-29,2019,RETURNING,True,MDM,2019-07-29,2026-04-17 15:58:41.199557
5983e46b-ab96-44fc-a447-f69d32db90ba,CUST-2021-HK-000165,秀華,江,秀華 江,Female,1950-11-04,user272.apple@live.com,(05) 48782494,光復巷3號,關山,三重,19052,HK,Hong Kong,GREATER_CHINA,Chinese,Consumer,None,2021-11-28,2021,RETURNING,True,MDM,2021-11-28 00:00:00,2026-04-17 15:58:41.199559
9c4e2b8e-0d54-4cc9-9e69-c6b354ffc2cf,CUST-2020-HK-000116,麗華,賴,麗華 賴,Male,1993-06-19,user392.apple658@yahoo.com,020 22269871,府中路132號,古坑縣,北港,777,HK,Hong Kong,GREATER_CHINA,Chinese,Consumer,None,2020-10-21,2020,RETURNING,True,MDM,2020-10-21 00:00:00,2026-04-17 15:58:41.199561
f036abcb-0a67-4500-a3d7-d5f1c4a1f668,CUST-2021-HK-000015,靜怡,薛,靜怡 薛,Male,1997-04-08,user674.apple@gmx.com,07 6009617,大同街7段603號,白沙,新竹,791,HK,Hong Kong,GREATER_CHINA,Chinese,Consumer,None,2021-06-19,2021,RETURNING,True,MDM,2021-06-19 00:00:00,2026-04-17 15:58:41.199562
ac14d193-7c9a-40c9-b167-80321170920c,CUST-2021-HK-000094,詩涵,張,詩涵 張,Female,1966-01-19,user191.apple276@aol.com,02-74322726,光復巷38號,中壢,梅山,100,HK,Hong Kong,GREATER_CHINA,Chinese,Consumer,Silver,2021-09-07,2021,RETURNING,True,MDM,2021-09-07 00:00:00,2026-04-17 15:58:41.199564
aa75baa3-f03f-4052-aece-9a810d3114d5,CUST-2021-HK-000123,文雄,黃,文雄 黃,Female,2003-03-22,user651.apple@yahoo.com,082 38448859,大仁巷999號,白沙,褒忠,48939,HK,Hong Kong,GREATER_CHINA,Chinese,Consumer,None,2021-11-18,2021,RETURNING,False,MDM,2021-11-18 00:00:00,2026-04-17 15:58:41.199566
d76bc7a2-a1f7-4090-b2d1-3231dcc63f6f,CUST-2021-HK-000003,欣妤,陳,欣妤 陳,Female,2006-04-21,user115.apple@mail.com,0997-082669,萬隆路751號,竹田縣,楊梅縣,88765,HK,Hong Kong,GREATER_CHINA,Chinese,Consumer,None,2021-07-19,2021,RETURNING,True,MDM,2021-07-19 00:00:00,2026-04-17 15:58:41.199567
b1598ee6-f106-4339-9268-8f510bcaa96b,CUST-2019-HK-000461,佳玲,蔡,佳玲 蔡,Male,1953-06-06,user679.apple179@hotmail.com,0943491205,劍潭巷699號,金門縣,連江,120,HK,Hong Kong,GREATER_CHINA,Chinese,Consumer,None,2019-09-25,2019,RETURNING,True,MDM,2019-09-25,2026-04-17 15:58:41.199569
a040f132-2ca8-49ab-a85e-d8d9601a13d7,CUST-2019-HK-000304,志成,李,志成 李,Male,1971-02-25,user943.apple80@mail.com,(07) 41039803,大坪巷970號,永和縣,草屯,98440,HK,Hong Kong,GREATER_CHINA,Chinese,Consumer,Gold,2019-08-02,2019,RETURNING,True,MDM,2019-08-02,2026-04-17 15:58:41.199570
1d046665-11f4-44e9-b543-6642bac28c9c,CUST-2019-HK-000414,美惠,傅,美惠 傅,Male,1999-07-21,user637.apple@outlook.com,0982-913751,信義巷24號,屏東,新營市,142,HK,Hong Kong,GREATER_CHINA,Chinese,Consumer,Gold,2019-11-01,2019,RETURNING,True,MDM,2019-11-01,2026-04-17 15:58:41.199572
dc1b2792-e183-4e01-b876-9bfa8d168a41,CUST-2020-HK-000128,素貞,沈,素貞 沈,Female,1969-12-26,user657.apple@icloud.com,02 4675853,迴龍路763號,苗栗,金門,822,HK,Hong Kong,GREATER_CHINA,Chinese,Consumer,Silver,2020-10-07,2020,RETURNING,True,MDM,2020-10-07 00:00:00,2026-04-17 15:58:41.199573
e5358c1e-6004-4299-8bba-f159df0b7da3,CUST-2020-HK-000072,博文,邱,博文 邱,Female,1958-12-25,user642.apple@protonmail.com,063 62695330,淡水街7號,臺中,嘉義市,980,HK,Hong Kong,GREATER_CHINA,Chinese,Consumer,Gold,2020-12-28,2020,RETURNING,True,MDM,2020-12-28 00:00:00,2026-04-17 15:58:41.199575
d12fc204-97f1-4d02-8abe-003fe51f36c1,CUST-2020-HK-000070,冠宇,楊,冠宇 楊,Female,1994-08-28,user783.apple@hotmail.com,(01) 99319980,自由巷2段56號,馬公縣,台南市,45904,HK,Hong Kong,GREATER_CHINA,Chinese,Consumer,None,2020-05-18,2020,RETURNING,True,MDM,2020-05-18 00:00:00,2026-04-17 15:58:41.199576
d8747aca-34a2-48f7-9d3e-3887ea969f30,CUST-2019-HK-000225,寶珠,林,寶珠 林,Female,2006-12-04,user468.apple809@yahoo.com,035 84752591,新生巷77號,古坑,中和縣,30428,HK,Hong Kong,GREATER_CHINA,Chinese,Consumer,Gold,2019-04-18,2019,RETURNING,True,MDM,2019-04-18,2026-04-17 15:58:41.199578
c8a2822a-fe2c-4d7a-a54e-f715eff5dd68,CUST-2021-HK-000110,金蓮,謝,金蓮 謝,Male,1971-10-01,user460.apple@aol.com,(04) 26412521,新埔巷7號,竹北,褒忠,15841,HK,Hong Kong,GREATER_CHINA,Chinese,Education,Platinum,2021-09-06,2021,RETURNING,True,MDM,2021-09-06 00:00:00,2026-04-17 15:58:41.199579
3e3e09d3-e780-4725-b0f0-aacdd6a11c69,CUST-2019-HK-000451,麗玲,王,麗玲 王,Female,1966-04-13,user679.apple738@outlook.com,06-72392694,光復路7號,台北,臺東市,89107,HK,Hong Kong,GREATER_CHINA,Chinese,Consumer,None,2019-02-21,2019,RETURNING,True,MDM,2019-02-21,2026-04-17 15:58:41.199581
00bf55db-1ca9-4955-b0f8-d4ae501a0dac,CUST-2020-HK-000041,秀美,邱,秀美 邱,Male,1958-11-21,user701.apple@protonmail.com,05-30543083,長安街27號,員林縣,雲林縣,454,HK,Hong Kong,GREATER_CHINA,Chinese,Consumer,Gold,2020-01-04,2020,RETURNING,True,MDM,2020-01-04 00:00:00,2026-04-17 15:58:41.199582
6b6cd313-604f-4866-b87b-e9398e051e8d,CUST-2019-HK-000450,麗玉,陳,麗玉 陳,Female,1964-10-10,user380.apple@aol.com,01 3237000,太平巷84號,花蓮,大里,417,HK,Hong Kong,GREATER_CHINA,Chinese,Consumer,Silver,2019-09-24,2019,RETURNING,True,MDM,2019-09-24,2026-04-17 15:58:41.199584
d27fd331-fca6-4aea-aa67-750cc871d4c9,CUST-2020-HK-000080,品妤,黃,品妤 黃,Male,1996-07-28,user420.apple@mail.com,073 33489492,和平街90號,平鎮縣,板橋,82865,HK,Hong Kong,GREATER_CHINA,Chinese,Consumer,None,2020-05-31,2020,RETURNING,True,MDM,2020-05-31 00:00:00,2026-04-17 15:58:41.199586
9670648e-a461-47f4-a19a-bf81cc535fd3,CUST-2020-HK-000157,秀枝,謝,秀枝 謝,Female,1982-02-02,user961.apple@gmail.com,038 68912625,德街371號,臺中,台中市,372,HK,Hong Kong,GREATER_CHINA,Chinese,Consumer,None,2020-09-05,2020,RETURNING,True,MDM,2020-09-05 00:00:00,2026-04-17 15:58:41.199587
04616023-11ef-41cf-bb8b-df72f89953a4,CUST-2021-HK-000132,鈺婷,蘇,鈺婷 蘇,Female,1987-08-27,user864.apple@hotmail.com,05-96799948,民權路93號,大里,高雄,844,HK,Hong Kong,GREATER_CHINA,Chinese,Consumer,Silver,2021-05-22,2021,RETURNING,True,MDM,2021-05-22 00:00:00,2026-04-17 15:58:41.199589
7b05e0be-9b4d-40c2-a08c-bf816956f03e,CUST-2019-HK-000175,淑娟,林,淑娟 林,Female,2005-08-21,user518.apple395@gmx.com,09 7790316,三民街9號,台中縣,竹田,76698,HK,Hong Kong,GREATER_CHINA,Chinese,Consumer,None,2019-07-15,2019,RETURNING,True,MDM,2019-07-15,2026-04-17 15:58:41.199591
615f779a-06ff-4ba6-9934-6633841e95c4,CUST-2020-HK-000107,俊豪,楊,俊豪 楊,Female,1954-05-21,user123.apple102@protonmail.com,(08) 46695766,勝利路792號,樹林,永康,83241,HK,Hong Kong,GREATER_CHINA,Chinese,Education,Silver,2020-06-01,2020,RETURNING,True,MDM,2020-06-01 00:00:00,2026-04-17 15:58:41.199592
6748d529-a5a9-4acc-8a11-80e2a58e385e,CUST-2020-HK-000095,佳玲,李,佳玲 李,Male,1951-06-19,user412.apple802@hotmail.com,074 17988959,士林路7段7號,台東縣,台北,965,HK,Hong Kong,GREATER_CHINA,Chinese,Consumer,None,2020-01-06,2020,RETURNING,True,MDM,2020-01-06 00:00:00,2026-04-17 15:58:41.199594
0cf04fae-4b86-4e14-a3fc-e3c84843a735,CUST-2019-HK-000420,世昌,王,世昌 王,Male,1957-06-17,user516.apple@zoho.com,01-7522896,蘆洲路4段233號,關山市,新竹,79070,HK,Hong Kong,GREATER_CHINA,Chinese,Consumer,Silver,2019-06-18,2019,RETURNING,True,MDM,2019-06-18,2026-04-17 15:58:41.199595
58466a4d-d4c8-4914-87b5-aecf805272ee,CUST-2021-HK-000080,冠宏,彭,冠宏 彭,Male,1994-06-09,user322.apple570@zoho.com,0905666576,永安路689號,白沙市,中壢市,65649,HK,Hong Kong,GREATER_CHINA,Chinese,Consumer,Platinum,2021-07-18,2021,RETURNING,True,MDM,2021-07-18 00:00:00,2026-04-17 15:58:41.199597
9c0db2a5-49b0-4ecd-a26e-6583027a990a,CUST-2019-HK-000235,惠珍,陳,惠珍 陳,Female,1974-09-30,user677.apple@aol.com,(04) 61539183,迴龍路195號,中和,北港縣,789,HK,Hong Kong,GREATER_CHINA,Chinese,Consumer,Platinum,2019-03-17,2019,RETURNING,True,MDM,2019-03-17,2026-04-17 15:58:41.199598
98a225a8-a747-4a32-993a-809ef6a06010,CUST-2020-HK-000085,志遠,陳,志遠 陳,Male,1954-11-10,user130.apple543@protonmail.com,0986799489,華興街81號,樹林縣,草屯縣,359,HK,Hong Kong,GREATER_CHINA,Chinese,Consumer,Gold,2020-10-12,2020,RETURNING,True,MDM,2020-10-12 00:00:00,2026-04-17 15:58:41.199600
3c380b8e-210c-45f5-82e8-e81285ab5135,CUST-2019-HK-000403,寶珠,吳,寶珠 吳,Male,1962-07-06,user943.apple@gmx.com,0959-895958,東興街7段4號,蘆竹市,彰化縣,151,HK,Hong Kong,GREATER_CHINA,Chinese,Consumer,None,2019-01-01,2019,RETURNING,True,MDM,2019-01-01,2026-04-17 15:58:41.199602
b473956c-c304-4409-ba50-09e40036e825,CUST-2021-HK-000149,雅萍,莊,雅萍 莊,Female,2005-08-08,user792.apple585@hotmail.com,(09) 23222886,國凱八德巷8段5號,鳳山縣,蘆竹縣,22782,HK,Hong Kong,GREATER_CHINA,Chinese,Consumer,None,2021-12-04,2021,RETURNING,True,MDM,2021-12-04 00:00:00,2026-04-17 15:58:41.199603
3f1a9c40-98f0-4aae-9725-4e3cbf51b864,CUST-2020-HK-000055,秀琴,張,秀琴 張,Male,1977-09-30,user830.apple439@outlook.com,08-42231761,松山巷1號,桃園,宜蘭縣,340,HK,Hong Kong,GREATER_CHINA,Chinese,Consumer,None,2020-03-27,2020,RETURNING,True,MDM,2020-03-27 00:00:00,2026-04-17 15:58:41.199605
053d7416-ddb2-43b5-8a53-3a05fa69d894,CUST-2019-HK-000024,淑慧,賴,淑慧 賴,Male,1967-11-30,user913.apple763@outlook.com,(09) 64824441,民權路744號,連江,新營市,72174,HK,Hong Kong,GREATER_CHINA,Chinese,Consumer,Platinum,2019-07-28,2019,RETURNING,True,MDM,2019-07-28,2026-04-17 15:58:41.199606
0635c79f-8609-41a7-afab-4e3e561229fc,CUST-2020-HK-000156,麗卿,陳,麗卿 陳,Male,1991-08-12,user372.apple48@hotmail.com,08-28332261,中山巷1號,北竿,北港,324,HK,Hong Kong,GREATER_CHINA,Chinese,Consumer,None,2020-12-08,2020,RETURNING,True,MDM,2020-12-08 00:00:00,2026-04-17 15:58:41.199608
dfbf45a3-f76d-4213-bb40-bf962b245b58,CUST-2019-HK-000345,雅惠,周,雅惠 周,Female,1990-04-10,user732.apple@icloud.com,0902-126453,新北投街138號,關山,台中,25381,HK,Hong Kong,GREATER_CHINA,Chinese,Consumer,Silver,2019-05-07,2019,RETURNING,True,MDM,2019-05-07,2026-04-17 15:58:41.199610
12fedc30-6afb-48dc-82b2-e55898c947a4,CUST-2019-HK-000335,美玲,范,美玲 范,Female,1951-01-12,user356.apple@zoho.com,0909656017,民富路389號,斗六縣,頭份縣,496,HK,Hong Kong,GREATER_CHINA,Chinese,Consumer,None,2019-09-24,2019,RETURNING,True,MDM,2019-09-24,2026-04-17 15:58:41.199611
b1892194-bcfb-4abd-a801-4af4538081c0,CUST-2019-HK-000431,志誠,楊,志誠 楊,Male,2003-10-02,user785.apple45@yahoo.com,(01) 28711445,蘆洲街5號,大里,太平市,12941,HK,Hong Kong,GREATER_CHINA,Chinese,Education,Platinum,2019-01-21,2019,RETURNING,True,MDM,2019-01-21,2026-04-17 15:58:41.199613
e8249ec4-b7b2-4e40-983d-f8dd672de13a,CUST-2019-HK-000203,秀珠,陳,秀珠 陳,Female,1958-06-08,user455.apple@zoho.com,06 5234919,蘆洲路5號,北港市,臺中,23830,HK,Hong Kong,GREATER_CHINA,Chinese,Consumer,Gold,2019-07-07,2019,RETURNING,True,MDM,2019-07-07,2026-04-17 15:58:41.199614
8c53ad14-a3dd-456c-8cda-4e2600770d8a,CUST-2019-HK-000174,麗華,李,麗華 李,Female,1954-09-13,user865.apple@hotmail.com,07 7976630,新生街428號,新營,南投,398,HK,Hong Kong,GREATER_CHINA,Chinese,Consumer,None,2019-02-05,2019,RETURNING,True,MDM,2019-02-05,2026-04-17 15:58:41.199616
7d698a8e-ec0a-44ba-a36a-9d100e61a589,CUST-2021-HK-000023,俊宏,江,俊宏 江,Male,1980-03-21,user227.apple@icloud.com,0983-122727,新生街364號,頭份,新北,182,HK,Hong Kong,GREATER_CHINA,Chinese,Business,Gold,2021-02-19,2021,RETURNING,True,MDM,2021-02-19 00:00:00,2026-04-17 15:58:41.199617
ab9242cd-62b9-4236-855e-ac574f930898,CUST-2019-HK-000282,靜宜,王,靜宜 王,Female,1999-06-15,user501.apple@live.com,09-3351016,文化路36號,員林,八德,593,HK,Hong Kong,GREATER_CHINA,Chinese,Consumer,None,2019-05-24,2019,RETURNING,True,MDM,2019-05-24,2026-04-17 15:58:41.199619
8ada438b-e193-496a-b478-7549aced95e2,CUST-2021-HK-000045,美玉,趙,美玉 趙,Male,1951-04-28,user892.apple900@aol.com,0980-938794,新生巷1段98號,白沙,樹林市,342,HK,Hong Kong,GREATER_CHINA,Chinese,Consumer,Gold,2021-12-15,2021,RETURNING,True,MDM,2021-12-15 00:00:00,2026-04-17 15:58:41.199620
c41e42ca-6e9c-443b-9102-a8c2a614660e,CUST-2019-HK-000199,家銘,吳,家銘 吳,Female,1993-09-24,user121.apple@gmx.com,(09) 56776157,民生路2號,蘆竹縣,橫山,700,HK,Hong Kong,GREATER_CHINA,Chinese,Education,None,2019-10-31,2019,RETURNING,False,MDM,2019-10-31,2026-04-17 15:58:41.199622
67796624-ff90-4eee-ad84-67146d4434ba,CUST-2019-HK-000074,志豪,游,志豪 游,Male,1970-07-30,user655.apple@gmx.com,01 3910133,新埔路65號,高雄,卑南市,249,HK,Hong Kong,GREATER_CHINA,Chinese,Business,Silver,2019-03-09,2019,RETURNING,True,MDM,2019-03-09,2026-04-17 15:58:41.199624
a44d2b7b-941b-4a63-8e64-302a2864723e,CUST-2019-HK-000103,欣怡,向,欣怡 向,Female,1952-02-22,user732.apple@zoho.com,0963-194954,永和街4段55號,樹林,褒忠縣,308,HK,Hong Kong,GREATER_CHINA,Chinese,Business,None,2019-10-25,2019,RETURNING,True,MDM,2019-10-25,2026-04-17 15:58:41.199626
97597cc1-4576-4de5-a660-bc9d72240e57,CUST-2021-HK-000088,柏宏,李,柏宏 李,Female,1969-03-09,user973.apple@icloud.com,03-10263762,民富街3段822號,蘆洲縣,桃園縣,654,HK,Hong Kong,GREATER_CHINA,Chinese,Consumer,Gold,2021-10-15,2021,RETURNING,True,MDM,2021-10-15 00:00:00,2026-04-17 15:58:41.199627
d7a2b75e-515a-412f-b5cc-037430d4d72a,CUST-2019-HK-000354,文彬,吳,文彬 吳,Male,1988-07-17,user503.apple@aol.com,0923-971087,芝山路499號,嘉義市,台中,540,HK,Hong Kong,GREATER_CHINA,Chinese,Education,None,2019-02-27,2019,RETURNING,True,MDM,2019-02-27,2026-04-17 15:58:41.199629
53812124-a358-40f5-8f34-785bd6e7104e,CUST-2021-HK-000127,碧珠,劉,碧珠 劉,Male,1951-02-28,user905.apple@aol.com,(06) 97580929,勝利巷1號,豐原市,澎湖,45560,HK,Hong Kong,GREATER_CHINA,Chinese,Consumer,Silver,2021-04-18,2021,RETURNING,True,MDM,2021-04-18 00:00:00,2026-04-17 15:58:41.199630
27c72c3f-33d6-490b-b5f2-ecf8212ca047,CUST-2019-HK-000364,宇恩,陳,宇恩 陳,Female,2002-04-30,user160.apple@hotmail.com,034 25649585,文化路1段547號,白沙,馬公,799,HK,Hong Kong,GREATER_CHINA,Chinese,Consumer,Gold,2019-12-23,2019,RETURNING,True,MDM,2019-12-23,2026-04-17 15:58:41.199632
66421eb4-dd91-4b85-aaa0-d3d46cd41e60,CUST-2019-HK-000430,品妤,陳,品妤 陳,Female,2001-09-28,user709.apple55@yahoo.com,(01) 92733204,建國街2號,北斗縣,汐止,565,HK,Hong Kong,GREATER_CHINA,Chinese,Consumer,None,2019-04-26,2019,RETURNING,True,MDM,2019-04-26,2026-04-17 15:58:41.199634
3739ce00-9db9-452e-9874-4e3066d04e74,CUST-2021-HK-000011,玉鳳,吳,玉鳳 吳,Male,2005-01-08,user294.apple@gmx.com,009 45879745,東興街8號,宜蘭市,永康,748,HK,Hong Kong,GREATER_CHINA,Chinese,Business,None,2021-08-17,2021,RETURNING,True,MDM,2021-08-17 00:00:00,2026-04-17 15:58:41.199635
a0f920ac-bb47-4d66-8d93-12f4d44782f3,CUST-2019-HK-000408,宗翰,吳,宗翰 吳,Male,1967-03-11,user256.apple@live.com,08-7597706,劍潭巷269號,朴子,三重縣,57538,HK,Hong Kong,GREATER_CHINA,Chinese,Business,Silver,2019-10-02,2019,RETURNING,True,MDM,2019-10-02,2026-04-17 15:58:41.199637
29851878-55f4-4deb-9e3c-6462694e71b6,CUST-2019-HK-000374,淑惠,黃,淑惠 黃,Male,1997-01-10,user691.apple@yahoo.com,06-9543113,芝山街717號,連江,北斗縣,312,HK,Hong Kong,GREATER_CHINA,Chinese,Education,None,2019-05-06,2019,RETURNING,True,MDM,2019-05-06,2026-04-17 15:58:41.199639
a1fc612f-d1ed-41f3-8a44-c7514051ca5a,CUST-2019-HK-000352,秀鳳,黃,秀鳳 黃,Male,1956-05-05,user833.apple@gmail.com,090 98639575,福安街183號,草屯,永康,88368,HK,Hong Kong,GREATER_CHINA,Chinese,Consumer,None,2019-04-08,2019,RETURNING,False,MDM,2019-04-08,2026-04-17 15:58:41.199641
7fc1cafb-af01-4c0a-b74a-f3b50c0670dc,CUST-2019-HK-000381,秀梅,黃,秀梅 黃,Male,1973-05-26,user871.apple487@icloud.com,09 2746939,興路1段3號,中和縣,苗栗,815,HK,Hong Kong,GREATER_CHINA,Chinese,Consumer,None,2019-11-03,2019,RETURNING,False,MDM,2019-11-03,2026-04-17 15:58:41.199643
72e6b000-c54f-43ca-bbec-65b69f291a01,CUST-2021-HK-000079,玉美,郭,玉美 郭,Male,1963-05-26,user181.apple@protonmail.com,0981074090,延平路5段899號,太平市,橫山,68911,HK,Hong Kong,GREATER_CHINA,Chinese,Consumer,None,2021-02-14,2021,RETURNING,True,MDM,2021-02-14 00:00:00,2026-04-17 15:58:41.199645
6feceeb3-1976-457c-b7b0-05a4b87b61b2,CUST-2020-HK-000081,春美,沈,春美 沈,Female,2001-03-17,user584.apple176@yahoo.com,07 5091186,仁愛巷5段77號,朴子,台東,929,HK,Hong Kong,GREATER_CHINA,Chinese,Consumer,Platinum,2020-01-08,2020,RETURNING,True,MDM,2020-01-08 00:00:00,2026-04-17 15:58:41.199647
feac7bce-82a8-4455-850f-1bf745b6cd2e,CUST-2019-HK-000453,淑玲,余,淑玲 余,Male,2002-11-27,user192.apple@live.com,08-2474553,福安街8段2號,臺中,斗六,578,HK,Hong Kong,GREATER_CHINA,Chinese,Consumer,None,2019-12-05,2019,RETURNING,True,MDM,2019-12-05,2026-04-17 15:58:41.199649
8fa174f9-3008-452f-88f0-45dc87c92e0b,CUST-2021-HK-000026,淑美,張,淑美 張,Female,1974-01-22,user289.apple@msn.com,09-45750184,奇岩街4號,中和,白沙市,412,HK,Hong Kong,GREATER_CHINA,Chinese,Education,Platinum,2021-07-05,2021,RETURNING,True,MDM,2021-07-05 00:00:00,2026-04-17 15:58:41.199650
bd03b8ca-0692-44ea-81b4-6797a79ad9a9,CUST-2019-HK-000124,正義,丘,正義 丘,Female,1956-03-10,user742.apple@gmx.com,0934-178394,石牌街800號,桃園縣,台中,52977,HK,Hong Kong,GREATER_CHINA,Chinese,Consumer,None,2019-05-31,2019,RETURNING,True,MDM,2019-05-31,2026-04-17 15:58:41.199652
b5a514cf-e733-40f6-a49e-20ea5b159464,CUST-2019-HK-000209,素珍,謝,素珍 謝,Male,1972-07-17,user444.apple24@gmail.com,0936973220,淡水路1號,斗六市,基隆,78257,HK,Hong Kong,GREATER_CHINA,Chinese,Consumer,None,2019-04-04,2019,RETURNING,True,MDM,2019-04-04,2026-04-17 15:58:41.199654
d3825d5d-7a3b-484d-8163-07f867eed864,CUST-2021-HK-000141,冠霖,張,冠霖 張,Male,1956-11-22,user603.apple@live.com,0949360823,三民街534號,彰化,花蓮市,777,HK,Hong Kong,GREATER_CHINA,Chinese,Consumer,None,2021-06-26,2021,RETURNING,True,MDM,2021-06-26 00:00:00,2026-04-17 15:58:41.199655
24675fa4-dabd-48f3-8144-89a8794e154d,CUST-2020-HK-000144,冠霖,侯,冠霖 侯,Male,2002-03-27,user613.apple@gmail.com,01-9287755,新興巷6段624號,彰化,嘉義,142,HK,Hong Kong,GREATER_CHINA,Chinese,Consumer,None,2020-03-26,2020,RETURNING,True,MDM,2020-03-26 00:00:00,2026-04-17 15:58:41.199657
92556887-f258-41b3-b906-ed9bad3f6e64,CUST-2019-HK-000484,美玲,王,美玲 王,Male,1953-09-03,user214.apple@outlook.com,01-42613649,光復巷715號,朴子縣,北斗,538,HK,Hong Kong,GREATER_CHINA,Chinese,Consumer,Platinum,2019-08-28,2019,RETURNING,True,MDM,2019-08-28,2026-04-17 15:58:41.199659
50ac74ee-d97d-4654-8517-e58afd0fe843,CUST-2020-HK-000135,美鳳,彭,美鳳 彭,Female,1979-12-11,user105.apple@aol.com,(07) 46634136,德路5號,中和,橫山,91393,HK,Hong Kong,GREATER_CHINA,Chinese,Consumer,Silver,2020-05-19,2020,RETURNING,True,MDM,2020-05-19 00:00:00,2026-04-17 15:58:41.199660
0d29c6ce-b893-4a29-bd86-51b64a49fcb3,CUST-2019-HK-000136,苡安,林,苡安 林,Female,1986-08-09,user311.apple@mail.com,01-12756840,新生路66號,古坑,太保,27830,HK,Hong Kong,GREATER_CHINA,Chinese,Consumer,None,2019-07-04,2019,RETURNING,True,MDM,2019-07-04,2026-04-17 15:58:41.199662
720499e0-7013-43a9-8302-ae92fdd04317,CUST-2020-HK-000042,宜蓁,詹,宜蓁 詹,Female,1987-06-19,user318.apple@hotmail.com,09 6243569,自立街9號,阿里山,台東縣,463,HK,Hong Kong,GREATER_CHINA,Chinese,Consumer,Platinum,2020-09-21,2020,RETURNING,True,MDM,2020-09-21 00:00:00,2026-04-17 15:58:41.199664
0cae64de-886c-4aaa-a499-1393d9fae001,CUST-2019-HK-000289,淑惠,陳,淑惠 陳,Male,1997-12-14,user456.apple@yahoo.com,0964261037,雙連路9號,新竹,台東縣,990,HK,Hong Kong,GREATER_CHINA,Chinese,Education,None,2019-05-24,2019,RETURNING,True,MDM,2019-05-24,2026-04-17 15:58:41.199666
d10f9b5e-d49b-448e-ab03-8cd01cedf578,CUST-2019-HK-000259,信宏,林,信宏 林,Female,1983-10-12,user699.apple441@protonmail.com,02 6368003,興巷3號,關山縣,台北,71759,HK,Hong Kong,GREATER_CHINA,Chinese,Consumer,None,2019-07-16,2019,RETURNING,True,MDM,2019-07-16,2026-04-17 15:58:41.199668
8fd81fa9-279c-4d38-a9b7-e1803647d89c,CUST-2019-HK-000077,怡婷,林,怡婷 林,Female,1958-03-15,user886.apple@outlook.com,(02) 92661839,永安巷8段71號,草屯,台南,31016,HK,Hong Kong,GREATER_CHINA,Chinese,Consumer,Gold,2019-07-21,2019,RETURNING,True,MDM,2019-07-21,2026-04-17 15:58:41.199669
56638405-6a3f-4a26-966d-4b4e1dd96d53,CUST-2020-HK-000105,雅雯,黃,雅雯 黃,Female,1971-01-15,user414.apple@live.com,06-20486435,龍山寺路9號,蘆竹縣,豐原,26624,HK,Hong Kong,GREATER_CHINA,Chinese,Consumer,None,2020-04-05,2020,RETURNING,True,MDM,2020-04-05 00:00:00,2026-04-17 15:58:41.199671
1517403c-f602-4065-840b-73f81c8ca3a0,CUST-2019-HK-000152,美娟,胡,美娟 胡,Female,1990-10-15,user797.apple795@icloud.com,00 5979898,忠義街706號,斗六縣,頭份市,37062,HK,Hong Kong,GREATER_CHINA,Chinese,Consumer,Gold,2019-07-01,2019,RETURNING,True,MDM,2019-07-01,2026-04-17 15:58:41.199672
9c9634a0-816c-4ebb-a890-775957b740f5,CUST-2021-HK-000105,麗雲,唐,麗雲 唐,Male,1968-04-15,user507.apple@aol.com,08-3314393,莒光巷608號,新營,馬公市,24728,HK,Hong Kong,GREATER_CHINA,Chinese,Consumer,Gold,2021-03-06,2021,RETURNING,True,MDM,2021-03-06 00:00:00,2026-04-17 15:58:41.199674
4c0b4594-cdbe-49ac-aab1-fcf97019cde6,CUST-2021-HK-000057,美麗,施,美麗 施,Female,1993-10-27,user948.apple206@icloud.com,0957-485982,中山街5號,樹林縣,褒忠,124,HK,Hong Kong,GREATER_CHINA,Chinese,Consumer,None,2021-03-12,2021,RETURNING,True,MDM,2021-03-12 00:00:00,2026-04-17 15:58:41.199676
e99fa585-1410-4dcf-bc22-cb441c9cdc85,CUST-2021-HK-000031,淑貞,張,淑貞 張,Male,1981-08-13,user726.apple@mail.com,03 6397537,東興街41號,卑南,蘆竹,964,HK,Hong Kong,GREATER_CHINA,Chinese,Consumer,None,2021-06-07,2021,RETURNING,True,MDM,2021-06-07 00:00:00,2026-04-17 15:58:41.199677
d41f6765-3ce1-4598-b66e-91396242b0f1,CUST-2021-HK-000004,素貞,吳,素貞 吳,Female,1993-05-09,user438.apple@yahoo.com,067 15707168,育英街64號,阿里山,竹田,309,HK,Hong Kong,GREATER_CHINA,Chinese,Consumer,Gold,2021-09-07,2021,RETURNING,True,MDM,2021-09-07 00:00:00,2026-04-17 15:58:41.199679
c6c618d9-a0c4-40d2-9aa1-3cfb46525ef2,CUST-2020-HK-000054,佳玲,杜,佳玲 杜,Female,1965-10-06,user752.apple@yahoo.com,088 86442596,勝利街61號,屏東市,台南,365,HK,Hong Kong,GREATER_CHINA,Chinese,Education,None,2020-06-21,2020,RETURNING,True,MDM,2020-06-21 00:00:00,2026-04-17 15:58:41.199681
677ff644-bb51-4720-87f8-2b8791cc2ea2,CUST-2021-HK-000021,美慧,林,美慧 林,Female,2002-04-26,user350.apple@zoho.com,014 67174902,信義巷6段28號,苗栗,永和市,91445,HK,Hong Kong,GREATER_CHINA,Chinese,Consumer,None,2021-04-17,2021,RETURNING,True,MDM,2021-04-17 00:00:00,2026-04-17 15:58:41.199683
28c91aa2-c573-4191-88a7-2b5dcfaf88b1,CUST-2021-HK-000138,建宏,黃,建宏 黃,Male,1956-02-09,user267.apple251@gmx.com,05-1570538,新埔巷2號,苗栗縣,橫山,94098,HK,Hong Kong,GREATER_CHINA,Chinese,Consumer,Gold,2021-05-31,2021,RETURNING,True,MDM,2021-05-31 00:00:00,2026-04-17 15:58:41.199684
9191fdb0-bb40-4d70-834c-2c7b3aadc3ad,CUST-2020-HK-000129,秀琴,羅,秀琴 羅,Female,1955-06-05,user633.apple@live.com,(04) 87612312,長春巷99號,新營市,草屯市,81072,HK,Hong Kong,GREATER_CHINA,Chinese,Consumer,Silver,2020-03-26,2020,RETURNING,True,MDM,2020-03-26 00:00:00,2026-04-17 15:58:41.199686
fbfc0f8f-d98c-4de4-9497-1482ec201c51,CUST-2019-HK-000195,志成,陳,志成 陳,Female,1969-10-03,user925.apple578@outlook.com,02-76680894,雙連巷9段93號,平鎮市,竹田,484,HK,Hong Kong,GREATER_CHINA,Chinese,Consumer,None,2019-10-04,2019,RETURNING,True,MDM,2019-10-04,2026-04-17 15:58:41.199687
736c6a38-2c2c-444a-9644-305c5cdba670,CUST-2019-HK-000280,俊豪,洪,俊豪 洪,Male,2004-04-17,user335.apple@hotmail.com,0931465273,文山街33號,永康,頭份市,983,HK,Hong Kong,GREATER_CHINA,Chinese,Consumer,None,2019-05-27,2019,RETURNING,True,MDM,2019-05-27,2026-04-17 15:58:41.199689
def0eb23-111e-4fca-9243-ae4418b1db0b,CUST-2019-HK-000460,國華,粘,國華 粘,Female,1953-07-26,user547.apple@icloud.com,0978-962373,中山街29號,朴子市,光復,14251,HK,Hong Kong,GREATER_CHINA,Chinese,Consumer,None,2019-02-04,2019,RETURNING,False,MDM,2019-02-04,2026-04-17 15:58:41.199691
799875cd-ae35-443f-aa48-3ac529578650,CUST-2019-HK-000389,秀蘭,官,秀蘭 官,Male,1953-03-14,user261.apple@msn.com,0931-162519,自立街59號,三重,板橋,92387,HK,Hong Kong,GREATER_CHINA,Chinese,Business,None,2019-11-17,2019,RETURNING,True,MDM,2019-11-17,2026-04-17 15:58:41.199693
fdac13da-dd09-4aad-9a1d-3537f8331717,CUST-2021-HK-000147,俊賢,孟,俊賢 孟,Male,2006-02-07,user186.apple@live.com,04-97839400,建國巷996號,苗栗,北港,966,HK,Hong Kong,GREATER_CHINA,Chinese,Consumer,Gold,2021-06-02,2021,RETURNING,True,MDM,2021-06-02 00:00:00,2026-04-17 15:58:41.199694
a8087f44-b969-4cb7-a947-55d9e5cbe71b,CUST-2019-HK-000176,家豪,徐,家豪 徐,Female,1994-09-16,user341.apple@hotmail.com,09-99800425,大橋頭街4號,新北,新竹,74108,HK,Hong Kong,GREATER_CHINA,Chinese,Consumer,None,2019-10-21,2019,RETURNING,True,MDM,2019-10-21,2026-04-17 15:58:41.199696
9c50bacc-e487-4688-ba39-7d5070ad071e,CUST-2021-HK-000027,秀玉,鄭,秀玉 鄭,Female,1987-10-25,user683.apple@aol.com,0976-444277,公園街8段3號,太平市,桃園縣,38927,HK,Hong Kong,GREATER_CHINA,Chinese,Business,Gold,2021-02-22,2021,RETURNING,True,MDM,2021-02-22 00:00:00,2026-04-17 15:58:41.199698
f0331e9f-98b5-46b6-bf34-e9bc8b946327,CUST-2021-HK-000108,玉英,陳,玉英 陳,Female,1980-10-26,user634.apple@protonmail.com,(07) 51676122,新生路6段73號,新竹縣,桃園,39226,HK,Hong Kong,GREATER_CHINA,Chinese,Consumer,None,2021-09-06,2021,RETURNING,True,MDM,2021-09-06 00:00:00,2026-04-17 15:58:41.199700
8a0777b6-0b2f-42c4-9492-ae2d2397d09b,CUST-2019-HK-000380,建宏,温,建宏 温,Male,2004-07-20,user908.apple@mail.com,0906431755,劍潭路390號,北竿,彰化,72974,HK,Hong Kong,GREATER_CHINA,Chinese,Consumer,Silver,2019-09-25,2019,RETURNING,True,MDM,2019-09-25,2026-04-17 15:58:41.199701
02949687-4b4d-4bcd-8fee-143ea326812d,CUST-2019-HK-000490,金龍,莊,金龍 莊,Female,1958-06-29,user888.apple999@outlook.com,(04) 32668150,石牌巷98號,新營縣,台南,29434,HK,Hong Kong,GREATER_CHINA,Chinese,Consumer,Silver,2019-12-01,2019,RETURNING,True,MDM,2019-12-01,2026-04-17 15:58:41.199703
c29638b8-ebea-4b3d-8b9f-1ff05ce8ac0f,CUST-2021-HK-000001,玉鳳,蘇,玉鳳 蘇,Female,1987-11-20,user417.apple@mail.com,(07) 79292100,光華路473號,臺中縣,台中市,263,HK,Hong Kong,GREATER_CHINA,Chinese,Consumer,None,2021-08-29,2021,RETURNING,True,MDM,2021-08-29 00:00:00,2026-04-17 15:58:41.199705
af43c982-03cc-4d97-8220-665b13afd98d,CUST-2019-HK-000252,素琴,許,素琴 許,Female,1997-12-15,user241.apple@msn.com,07 8216296,東興巷857號,嘉義縣,新竹縣,37915,HK,Hong Kong,GREATER_CHINA,Chinese,Education,None,2019-12-02,2019,RETURNING,True,MDM,2019-12-02,2026-04-17 15:58:41.199707
1a16c62a-cfa8-4b73-a823-4750eab413f3,CUST-2019-HK-000276,秀枝,魏,秀枝 魏,Male,1982-09-27,user858.apple411@msn.com,(05) 13742093,文昌街9號,新營,桃園,393,HK,Hong Kong,GREATER_CHINA,Chinese,Consumer,None,2019-11-02,2019,RETURNING,True,MDM,2019-11-02,2026-04-17 15:58:41.199708
49cd763e-ff9c-4728-92d5-56ac9359e18c,CUST-2021-HK-000037,品妍,韓,品妍 韓,Female,1976-05-09,user501.apple@zoho.com,06 3481364,仁愛街9號,屏東,新竹,183,HK,Hong Kong,GREATER_CHINA,Chinese,Consumer,Silver,2021-05-29,2021,RETURNING,True,MDM,2021-05-29 00:00:00,2026-04-17 15:58:41.199710
ed7174c3-3f37-4038-991b-e103eb871b10,CUST-2021-HK-000140,秀美,洪,秀美 洪,Male,1974-04-12,user183.apple@aol.com,03 4309340,大勇街7號,花蓮,橫山縣,565,HK,Hong Kong,GREATER_CHINA,Chinese,Consumer,None,2021-01-08,2021,RETURNING,True,MDM,2021-01-08 00:00:00,2026-04-17 15:58:41.199712
1b2203cd-0c50-446d-83c1-f8f3c8c34413,CUST-2019-HK-000139,美惠,林,美惠 林,Female,1981-04-03,user345.apple789@gmx.com,0945488112,天母路97號,白沙,板橋,71499,HK,Hong Kong,GREATER_CHINA,Chinese,Consumer,None,2019-02-03,2019,RETURNING,True,MDM,2019-02-03,2026-04-17 15:58:41.199713
ae2df43e-1e5c-4503-9187-6b2abb039ba5,CUST-2020-HK-000026,俊雄,謝,俊雄 謝,Male,1957-09-03,user736.apple@mail.com,(09) 71230750,雙連巷17號,豐原縣,樹林,52329,HK,Hong Kong,GREATER_CHINA,Chinese,Business,Silver,2020-02-28,2020,RETURNING,True,MDM,2020-02-28 00:00:00,2026-04-17 15:58:41.199715
c7a33bcc-4dd2-4786-b9d8-5eea4958b868,CUST-2019-HK-000344,雅惠,連,雅惠 連,Female,1998-05-18,user484.apple@protonmail.com,(00) 26787420,新生街8段846號,楊梅市,台北市,73286,HK,Hong Kong,GREATER_CHINA,Chinese,Consumer,Silver,2019-02-05,2019,RETURNING,True,MDM,2019-02-05,2026-04-17 15:58:41.199716
1e7b5029-42fd-46ec-8fb6-8e4f32968038,CUST-2019-HK-000217,宇軒,林,宇軒 林,Female,2005-03-01,user980.apple@protonmail.com,09 2197244,水源街5號,竹田市,八德,489,HK,Hong Kong,GREATER_CHINA,Chinese,Consumer,Platinum,2019-06-17,2019,RETURNING,True,MDM,2019-06-17,2026-04-17 15:58:41.199718
017cd65d-9652-41ea-a5a8-8c4f063565ab,CUST-2019-HK-000366,淑芬,林,淑芬 林,Male,1977-06-05,user970.apple@zoho.com,07-75602654,迴龍街401號,永康,八德,897,HK,Hong Kong,GREATER_CHINA,Chinese,Consumer,Silver,2019-11-30,2019,RETURNING,True,MDM,2019-11-30,2026-04-17 15:58:41.199719
45ca902a-f99f-4cf8-9f50-3c5512c78e5d,CUST-2021-HK-000017,冠廷,潘,冠廷 潘,Male,2001-11-05,user513.apple@protonmail.com,(06) 14436432,大坪巷86號,永康市,卑南,63912,HK,Hong Kong,GREATER_CHINA,Chinese,Consumer,Silver,2021-12-05,2021,RETURNING,True,MDM,2021-12-05 00:00:00,2026-04-17 15:58:41.199720
5a641320-e892-4c25-8fea-2a16cbe98a9d,CUST-2019-HK-000348,美英,張,美英 張,Male,1965-01-20,user229.apple@msn.com,02 8132703,新埔街501號,朴子,太平縣,594,HK,Hong Kong,GREATER_CHINA,Chinese,Consumer,None,2019-03-12,2019,RETURNING,True,MDM,2019-03-12,2026-04-17 15:58:41.199722
a458761c-27fb-4aa2-8a82-865d2eeeb9fb,CUST-2019-HK-000088,麗美,黃,麗美 黃,Male,1982-01-13,user804.apple@yahoo.com,0909-479432,建國街2號,連江,橫山,878,HK,Hong Kong,GREATER_CHINA,Chinese,Education,Platinum,2019-01-01,2019,RETURNING,False,MDM,2019-01-01,2026-04-17 15:58:41.199723
86496a33-0377-480d-8a29-7f024d3c3bff,CUST-2019-HK-000185,秀英,蕭,秀英 蕭,Female,1977-07-03,user744.apple@yahoo.com,076 91199995,中山街636號,鳳山,北竿市,610,HK,Hong Kong,GREATER_CHINA,Chinese,Consumer,Gold,2019-08-28,2019,RETURNING,True,MDM,2019-08-28,2026-04-17 15:58:41.199725
cd0486ff-ec22-4a7a-b767-4ececcbdd619,CUST-2021-HK-000012,文祥,游,文祥 游,Female,1975-12-06,user173.apple327@yahoo.com,030 47645932,永和路7段4號,北竿市,阿里山,781,HK,Hong Kong,GREATER_CHINA,Chinese,Education,Platinum,2021-10-02,2021,RETURNING,True,MDM,2021-10-02 00:00:00,2026-04-17 15:58:41.199726
b3062e60-e2b3-4e77-80b4-10e8ce26bf74,CUST-2021-HK-000089,承翰,吳,承翰 吳,Female,2003-08-21,user572.apple@hotmail.com,03 2966443,三民路920號,台中,豐原,88348,HK,Hong Kong,GREATER_CHINA,Chinese,Consumer,None,2021-08-22,2021,RETURNING,True,MDM,2021-08-22 00:00:00,2026-04-17 15:58:41.199728
3bf71215-005d-414f-a544-bd8d053a4207,CUST-2019-HK-000229,明宗,鐘,明宗 鐘,Male,1952-12-10,user966.apple@aol.com,(03) 62261325,光復街243號,基隆,花蓮市,545,HK,Hong Kong,GREATER_CHINA,Chinese,Consumer,Silver,2019-07-25,2019,RETURNING,True,MDM,2019-07-25,2026-04-17 15:58:41.199730
b70335ea-230c-41e3-8f88-09f7e74fbddb,CUST-2019-HK-000004,素珍,江,素珍 江,Female,2000-08-23,user348.apple365@yahoo.com,05 8789307,大安路2號,古坑,台中,90400,HK,Hong Kong,GREATER_CHINA,Chinese,Consumer,None,2019-06-18,2019,RETURNING,True,MDM,2019-06-18,2026-04-17 15:58:41.199731
9d05507b-5b13-4a13-a99e-3962bfd36dbc,CUST-2019-HK-000114,淑惠,陳,淑惠 陳,Female,1962-06-03,user532.apple664@outlook.com,06-8367825,成功路5段2號,白沙市,蘆洲縣,905,HK,Hong Kong,GREATER_CHINA,Chinese,Consumer,None,2019-10-13,2019,RETURNING,True,MDM,2019-10-13,2026-04-17 15:58:41.199733
26693d5a-d158-457d-9e89-fe11d08e8836,CUST-2021-HK-000028,秀雲,梁,秀雲 梁,Female,1999-07-02,user421.apple@yahoo.com,06-79460205,莒光巷589號,連江,平鎮,64178,HK,Hong Kong,GREATER_CHINA,Chinese,Consumer,None,2021-09-10,2021,RETURNING,True,MDM,2021-09-10 00:00:00,2026-04-17 15:58:41.199735
a5dee654-29ee-45ad-b55f-bacccfa0bcad,CUST-2020-HK-000125,子宸,蔡,子宸 蔡,Male,1990-09-16,user135.apple@zoho.com,08 8765320,頂福州巷427號,台東,板橋市,37792,HK,Hong Kong,GREATER_CHINA,Chinese,Consumer,Silver,2020-03-05,2020,RETURNING,True,MDM,2020-03-05 00:00:00,2026-04-17 15:58:41.199736
56cda202-cbd5-49f7-84af-b1b61cf8f53b,CUST-2019-HK-000365,淑華,曾,淑華 曾,Female,1969-01-05,user487.apple@outlook.com,06-49070836,天母巷20號,永康市,澎湖縣,397,HK,Hong Kong,GREATER_CHINA,Chinese,Business,None,2019-01-03,2019,RETURNING,True,MDM,2019-01-03,2026-04-17 15:58:41.199738
8154d983-a509-4695-bbbd-33d2f37bbeae,CUST-2019-HK-000398,義雄,吳,義雄 吳,Male,1993-04-30,user881.apple@outlook.com,09-66095374,華興巷3段187號,台東,北港,41573,HK,Hong Kong,GREATER_CHINA,Chinese,Education,None,2019-03-28,2019,RETURNING,True,MDM,2019-03-28,2026-04-17 15:58:41.199740
73bf8de6-ebc2-4f45-a343-f8c010c8c05c,CUST-2019-HK-000221,美鳳,李,美鳳 李,Male,1982-12-06,user994.apple931@protonmail.com,(07) 94164861,天母巷2段3號,斗六,雲林,98695,HK,Hong Kong,GREATER_CHINA,Chinese,Consumer,None,2019-09-20,2019,RETURNING,True,MDM,2019-09-20,2026-04-17 15:58:41.199741
2eebf627-4f70-4830-ad6b-4fd15f35bbb6,CUST-2021-HK-000051,威廷,黃,威廷 黃,Female,1974-11-12,user449.apple@hotmail.com,030 44879650,中山巷8段80號,蘆竹縣,桃園市,66250,HK,Hong Kong,GREATER_CHINA,Chinese,Consumer,None,2021-11-26,2021,RETURNING,True,MDM,2021-11-26 00:00:00,2026-04-17 15:58:41.199743
94af240d-867f-40f6-9a4a-96f91f84cfce,CUST-2019-HK-000306,怡君,金,怡君 金,Male,1968-07-27,user129.apple@msn.com,0984-281988,天母巷2段30號,嘉義市,新營,66138,HK,Hong Kong,GREATER_CHINA,Chinese,Business,None,2019-10-16,2019,RETURNING,True,MDM,2019-10-16,2026-04-17 15:58:41.199745
70ceb2df-42f0-4456-a8f1-035554ef1530,CUST-2020-HK-000050,淑芬,柯,淑芬 柯,Female,1992-12-13,user926.apple994@gmail.com,0953487652,光明巷6號,鳳山縣,宜蘭市,39636,HK,Hong Kong,GREATER_CHINA,Chinese,Consumer,None,2020-03-29,2020,RETURNING,True,MDM,2020-03-29 00:00:00,2026-04-17 15:58:41.199747
d5c33f5d-8f57-45d2-bde8-c2f14f075e44,CUST-2019-HK-000254,淑芬,姚,淑芬 姚,Male,1972-04-21,user537.apple469@yahoo.com,0970-255767,忠義路333號,樹林市,苗栗,38552,HK,Hong Kong,GREATER_CHINA,Chinese,Consumer,Silver,2019-10-26,2019,RETURNING,True,MDM,2019-10-26,2026-04-17 15:58:41.199748
eedbe762-a44d-4707-a56b-875a51a3d0a8,CUST-2020-HK-000093,麗玲,李,麗玲 李,Male,2007-06-25,user361.apple@msn.com,07-5029769,明德路6號,斗六縣,雲林,12977,HK,Hong Kong,GREATER_CHINA,Chinese,Consumer,None,2020-03-17,2020,RETURNING,True,MDM,2020-03-17 00:00:00,2026-04-17 15:58:41.199750
71200a28-5dfd-4843-b9f1-cc162c6fe81c,CUST-2019-HK-000467,仁傑,林,仁傑 林,Female,1983-06-11,user956.apple@gmail.com,06 9269469,萬隆街44號,澎湖縣,苗栗市,559,HK,Hong Kong,GREATER_CHINA,Chinese,Consumer,Gold,2019-09-04,2019,RETURNING,True,MDM,2019-09-04,2026-04-17 15:58:41.199751
671bd112-3fae-476d-8e40-b8e277bc452f,CUST-2019-HK-000220,雅雯,黃,雅雯 黃,Female,1991-10-03,user452.apple143@yahoo.com,05 2376545,中山街1號,板橋,宜蘭市,909,HK,Hong Kong,GREATER_CHINA,Chinese,Consumer,None,2019-12-14,2019,RETURNING,True,MDM,2019-12-14,2026-04-17 15:58:41.199753
f63ce58a-39e2-4727-a432-aa82ab693c9a,CUST-2021-HK-000085,佳玲,龔,佳玲 龔,Male,1997-08-01,user405.apple@protonmail.com,0932647624,新埔巷810號,員林,苗栗,503,HK,Hong Kong,GREATER_CHINA,Chinese,Consumer,Platinum,2021-05-21,2021,RETURNING,True,MDM,2021-05-21 00:00:00,2026-04-17 15:58:41.199754
1a5a57d2-c9e4-432a-9c63-937a021cdeb6,CUST-2021-HK-000093,彥廷,黃,彥廷 黃,Female,1968-11-21,user322.apple298@protonmail.com,08-60437059,西門巷7段51號,光復,台北,32697,HK,Hong Kong,GREATER_CHINA,Chinese,Consumer,Gold,2021-06-21,2021,RETURNING,True,MDM,2021-06-21 00:00:00,2026-04-17 15:58:41.199756
40fe169d-afdd-4bc3-8888-73acde57ed39,CUST-2021-HK-000162,金龍,鐘,金龍 鐘,Female,1950-08-27,user118.apple@zoho.com,0951993310,民富路142號,竹田市,苗栗縣,36301,HK,Hong Kong,GREATER_CHINA,Chinese,Consumer,Silver,2021-10-07,2021,RETURNING,True,MDM,2021-10-07 00:00:00,2026-04-17 15:58:41.199757
f4969097-9937-48a8-a992-c4307b157b34,CUST-2020-HK-000150,雅惠,林,雅惠 林,Female,1976-01-10,user985.apple@hotmail.com,(02) 52110804,新埔街8段97號,新營,平鎮,539,HK,Hong Kong,GREATER_CHINA,Chinese,Consumer,None,2020-05-08,2020,RETURNING,True,MDM,2020-05-08 00:00:00,2026-04-17 15:58:41.199759
53521869-ce3a-43fe-b988-132321cfb7ef,CUST-2022-HK-000001,建宏,陳,建宏 陳,Male,2000-08-14,user414.apple876@aol.com,067 31345594,大坪巷7段184號,平鎮,阿里山市,739,HK,Hong Kong,GREATER_CHINA,Chinese,Consumer,None,2022-10-25,2022,NEW,True,MDM,2022-10-25 00:00:00,2026-04-17 15:58:41.199956
63f5777a-9632-40fe-a695-3f87dbafadf1,CUST-2022-HK-000002,美娟,黃,美娟 黃,Female,1982-11-12,user890.apple826@zoho.com,08-15322875,忠孝巷1號,北港縣,新北,80956,HK,Hong Kong,GREATER_CHINA,Chinese,Consumer,None,2022-12-25,2022,NEW,True,MDM,2022-12-25 00:00:00,2026-04-17 15:58:41.200051
9c38bb8a-5528-4a4f-968f-29c0beb411e1,CUST-2022-HK-000003,玉鳳,張,玉鳳 張,Female,1982-08-29,user870.apple@outlook.com,00-39980223,自強街891號,斗六,中壢,14045,HK,Hong Kong,GREATER_CHINA,Chinese,Education,Gold,2022-07-15,2022,NEW,True,MDM,2022-07-15 00:00:00,2026-04-17 15:58:41.200138
2c73393e-3482-474b-acc0-1f2ed8788eb3,CUST-2022-HK-000004,宇軒,洪,宇軒 洪,Male,1970-08-09,user361.apple709@zoho.com,0908997804,蘆洲路168號,樹林縣,牡丹市,81226,HK,Hong Kong,GREATER_CHINA,Chinese,Consumer,None,2022-04-03,2022,NEW,True,MDM,2022-04-03 00:00:00,2026-04-17 15:58:41.200224
4c6ca1bf-eaf3-4255-b527-427f53ed67ed,CUST-2022-HK-000005,月娥,林,月娥 林,Male,1979-06-18,user779.apple170@outlook.com,0954-597603,光華巷520號,連江市,台南,247,HK,Hong Kong,GREATER_CHINA,Chinese,Consumer,Silver,2022-08-06,2022,NEW,True,MDM,2022-08-06 00:00:00,2026-04-17 15:58:41.200307
cc052f31-a0af-438d-b0eb-99954aca63b1,CUST-2022-HK-000006,宇軒,龔,宇軒 龔,Female,2004-11-24,user530.apple@gmx.com,01 5053615,自由路189號,臺中,竹田市,58728,HK,Hong Kong,GREATER_CHINA,Chinese,Consumer,Silver,2022-02-21,2022,NEW,True,MDM,2022-02-21 00:00:00,2026-04-17 15:58:41.200390
d119cdd5-48aa-4885-aae2-a0be96d27db2,CUST-2022-HK-000007,淑芬,林,淑芬 林,Male,1952-01-27,user443.apple@gmx.com,00-7545778,中興路994號,金門市,竹北市,83809,HK,Hong Kong,GREATER_CHINA,Chinese,Consumer,None,2022-02-11,2022,NEW,True,MDM,2022-02-11 00:00:00,2026-04-17 15:58:41.200474
d44dac17-c2cd-425b-b3ad-2a2e645ff550,CUST-2022-HK-000008,家瑋,林,家瑋 林,Female,1975-12-31,user566.apple@mail.com,(06) 49743035,光華巷34號,草屯市,澎湖縣,73582,HK,Hong Kong,GREATER_CHINA,Chinese,Consumer,Silver,2022-08-10,2022,NEW,True,MDM,2022-08-10 00:00:00,2026-04-17 15:58:41.200559
f2e3f95a-37ec-4777-8410-4240c4600995,CUST-2022-HK-000009,素珠,吳,素珠 吳,Female,1979-12-19,user795.apple@msn.com,0917364189,府中巷495號,蘆竹市,太平縣,62131,HK,Hong Kong,GREATER_CHINA,Chinese,Education,Gold,2022-10-17,2022,NEW,True,MDM,2022-10-17 00:00:00,2026-04-17 15:58:41.200643
aa3b2121-a8d2-4f84-becf-7d8b765e3b70,CUST-2022-HK-000010,淑惠,柯,淑惠 柯,Male,1955-05-18,user524.apple690@mail.com,0957-356950,蘆洲巷40號,台中,光復縣,18030,HK,Hong Kong,GREATER_CHINA,Chinese,Consumer,Silver,2022-07-12,2022,NEW,True,MDM,2022-07-12 00:00:00,2026-04-17 15:58:41.200727
6ebd14a9-6c29-4134-b714-d53e0248b03e,CUST-2022-HK-000011,志強,馮,志強 馮,Female,1967-01-29,user546.apple@protonmail.com,062 22843766,育英路11號,嘉義,三重,11137,HK,Hong Kong,GREATER_CHINA,Chinese,Consumer,Gold,2022-01-19,2022,NEW,False,MDM,2022-01-19 00:00:00,2026-04-17 15:58:41.200809
c1996f9a-605f-41b8-96ef-ce851ebb3717,CUST-2022-HK-000012,素卿,陳,素卿 陳,Female,1971-05-25,user634.apple@gmail.com,04-3200922,關渡街49號,新竹縣,桃園,71887,HK,Hong Kong,GREATER_CHINA,Chinese,Consumer,Silver,2022-09-13,2022,NEW,True,MDM,2022-09-13 00:00:00,2026-04-17 15:58:41.200890
178f7f21-d7fe-4c2e-8bce-9aade07da783,CUST-2022-HK-000013,美珠,高,美珠 高,Male,2003-02-20,user668.apple@icloud.com,01-5604350,奇岩街545號,梅山,臺中,55452,HK,Hong Kong,GREATER_CHINA,Chinese,Consumer,Gold,2022-06-29,2022,NEW,True,MDM,2022-06-29 00:00:00,2026-04-17 15:58:41.200969
b44e3600-ee4a-4c23-aab8-62b4ffab3c9c,CUST-2022-HK-000014,永昌,蔡,永昌 蔡,Male,1997-03-03,user975.apple@outlook.com,02-85201714,莒光路77號,梅山縣,北竿,49124,HK,Hong Kong,GREATER_CHINA,Chinese,Consumer,Gold,2022-03-18,2022,NEW,False,MDM,2022-03-18 00:00:00,2026-04-17 15:58:41.201050
7a4dc417-1ecf-4858-9a81-1cdf97b1b772,CUST-2022-HK-000015,淑芬,呂,淑芬 呂,Male,1986-05-02,user855.apple@yahoo.com,(00) 73153867,中正路1號,褒忠縣,平鎮縣,745,HK,Hong Kong,GREATER_CHINA,Chinese,Consumer,Platinum,2022-04-09,2022,NEW,False,MDM,2022-04-09 00:00:00,2026-04-17 15:58:41.201133
cd7d6be8-4323-414d-ab5c-c64ba38d5c27,CUST-2022-HK-000016,建興,張,建興 張,Male,2000-07-18,user670.apple@hotmail.com,0963999077,中華路15號,鳳山,台北市,324,HK,Hong Kong,GREATER_CHINA,Chinese,Consumer,None,2022-09-21,2022,NEW,True,MDM,2022-09-21 00:00:00,2026-04-17 15:58:41.201213
18192d9b-05a4-4a88-b0a8-f3c4982b256d,CUST-2022-HK-000017,秀琴,吳,秀琴 吳,Female,1970-10-28,user484.apple@live.com,010 59417998,淡水巷53號,八德市,新竹,761,HK,Hong Kong,GREATER_CHINA,Chinese,Consumer,None,2022-09-04,2022,NEW,True,MDM,2022-09-04 00:00:00,2026-04-17 15:58:41.201295
41809ed5-1dca-48a5-a7bd-859edcd3629f,CUST-2022-HK-000018,碧珠,林,碧珠 林,Male,1976-04-24,user949.apple599@icloud.com,(05) 36487983,自由街8段5號,臺東,員林,544,HK,Hong Kong,GREATER_CHINA,Chinese,Consumer,Platinum,2022-12-24,2022,NEW,True,MDM,2022-12-24 00:00:00,2026-04-17 15:58:41.201374
17f7fed0-b782-43a7-a028-fb4586cac7ea,CUST-2022-HK-000019,碧雲,許,碧雲 許,Male,1977-01-23,user124.apple@hotmail.com,02-54262827,民生街6段497號,板橋,牡丹市,585,HK,Hong Kong,GREATER_CHINA,Chinese,Consumer,None,2022-11-13,2022,NEW,True,MDM,2022-11-13 00:00:00,2026-04-17 15:58:41.201456
ec92e561-db7f-43c7-9d6c-42058bba20d2,CUST-2022-HK-000020,博文,賴,博文 賴,Female,2006-07-27,user965.apple54@outlook.com,(09) 81530424,士林巷853號,臺東縣,永康市,412,HK,Hong Kong,GREATER_CHINA,Chinese,Consumer,None,2022-10-21,2022,NEW,True,MDM,2022-10-21 00:00:00,2026-04-17 15:58:41.201539
f90d21b5-0485-40eb-8bd7-bf0bad786260,CUST-2022-HK-000021,淑貞,莊,淑貞 莊,Female,2005-09-22,user115.apple@aol.com,051 36949241,學府街908號,嘉義,太平,99341,HK,Hong Kong,GREATER_CHINA,Chinese,Consumer,Gold,2022-08-01,2022,NEW,True,MDM,2022-08-01 00:00:00,2026-04-17 15:58:41.201618
db8c0518-0eb3-46d3-90ad-cd3cfa44114f,CUST-2022-HK-000022,明宗,韋,明宗 韋,Male,1964-08-21,user915.apple@aol.com,016 44242534,新埔巷25號,梅山縣,基隆,550,HK,Hong Kong,GREATER_CHINA,Chinese,Education,None,2022-11-02,2022,NEW,True,MDM,2022-11-02 00:00:00,2026-04-17 15:58:41.201699
4f18f48f-3cf6-4afd-87ee-de043be28c6f,CUST-2022-HK-000023,明珠,徐,明珠 徐,Female,1983-03-16,user976.apple@icloud.com,04 9501160,新北投巷16號,三重,澎湖,753,HK,Hong Kong,GREATER_CHINA,Chinese,Consumer,Gold,2022-04-20,2022,NEW,True,MDM,2022-04-20 00:00:00,2026-04-17 15:58:41.201778
0d56ca59-a536-4e26-9e9c-89df670c57ca,CUST-2022-HK-000024,秀玉,鄭,秀玉 鄭,Female,2001-02-14,user845.apple@mail.com,0978891134,長春街47號,員林縣,澎湖,43574,HK,Hong Kong,GREATER_CHINA,Chinese,Consumer,None,2022-07-11,2022,NEW,True,MDM,2022-07-11 00:00:00,2026-04-17 15:58:41.201860
9c50f492-7ced-492d-be59-2e93741d6d3e,CUST-2022-HK-000025,語彤,陳,語彤 陳,Female,1981-11-16,user933.apple@icloud.com,0972-054304,天母巷5段215號,大里市,豐原縣,75690,HK,Hong Kong,GREATER_CHINA,Chinese,Consumer,None,2022-03-17,2022,NEW,True,MDM,2022-03-17 00:00:00,2026-04-17 15:58:41.201944
25ebadd3-856d-4ed0-b9df-92e244dcf548,CUST-2022-HK-000026,麗美,柯,麗美 柯,Male,2005-02-16,user792.apple@protonmail.com,08 4451807,自由街3號,屏東,褒忠縣,810,HK,Hong Kong,GREATER_CHINA,Chinese,Consumer,Platinum,2022-09-01,2022,NEW,True,MDM,2022-09-01 00:00:00,2026-04-17 15:58:41.202023
fd6d30d9-3152-4231-9582-f23738a8a232,CUST-2022-HK-000027,哲瑋,楊,哲瑋 楊,Male,2006-07-01,user258.apple@hotmail.com,016 55089816,民富路1號,金門,新營縣,55684,HK,Hong Kong,GREATER_CHINA,Chinese,Consumer,None,2022-02-20,2022,NEW,True,MDM,2022-02-20 00:00:00,2026-04-17 15:58:41.202103
55db1cd6-1494-4798-90e1-f34e61b896c7,CUST-2022-HK-000028,宗翰,胡,宗翰 胡,Male,1979-06-04,user431.apple803@live.com,(08) 50472012,成功巷519號,台東市,板橋市,53052,HK,Hong Kong,GREATER_CHINA,Chinese,Consumer,Silver,2022-11-03,2022,NEW,True,MDM,2022-11-03 00:00:00,2026-04-17 15:58:41.202185
659e5823-8b8b-4f4c-b3ce-e3a97807cb98,CUST-2022-HK-000029,靜宜,巫,靜宜 巫,Female,1973-05-23,user735.apple396@gmail.com,(07) 76991868,長春街16號,楊梅市,連江,995,HK,Hong Kong,GREATER_CHINA,Chinese,Business,None,2022-07-18,2022,NEW,True,MDM,2022-07-18 00:00:00,2026-04-17 15:58:41.202265
b62738c8-579f-4a56-8792-f60f0df1af90,CUST-2022-HK-000030,志銘,李,志銘 李,Female,1987-07-06,user421.apple@hotmail.com,0939-856431,東湖路5段2號,樹林縣,大里,17286,HK,Hong Kong,GREATER_CHINA,Chinese,Consumer,None,2022-07-24,2022,NEW,True,MDM,2022-07-24 00:00:00,2026-04-17 15:58:41.202345
a8ca9329-abe1-437d-9028-767cc4a455aa,CUST-2022-HK-000031,淑敏,蕭,淑敏 蕭,Male,1956-10-03,user397.apple@mail.com,01-96924354,學府街4號,牡丹市,高雄,929,HK,Hong Kong,GREATER_CHINA,Chinese,Education,Gold,2022-05-06,2022,NEW,False,MDM,2022-05-06 00:00:00,2026-04-17 15:58:41.202424
5cf66a92-c28d-4a21-9f94-3ba78a42fccb,CUST-2022-HK-000032,淑芬,華,淑芬 華,Male,1998-05-02,user588.apple@hotmail.com,(02) 85121625,雙連街1段8號,牡丹,橫山縣,23549,HK,Hong Kong,GREATER_CHINA,Chinese,Consumer,Gold,2022-10-30,2022,NEW,True,MDM,2022-10-30 00:00:00,2026-04-17 15:58:41.202505
b526cc6c-ec05-4be1-9546-50e722306f02,CUST-2022-HK-000033,志強,邱,志強 邱,Female,1956-01-08,user955.apple@yahoo.com,03-89650823,忠孝路125號,澎湖,新竹市,33707,HK,Hong Kong,GREATER_CHINA,Chinese,Consumer,Platinum,2022-12-20,2022,NEW,False,MDM,2022-12-20 00:00:00,2026-04-17 15:58:41.202586
8b535427-9556-4234-85d8-bc93fcca916a,CUST-2022-HK-000034,志明,陳,志明 陳,Female,1996-10-19,user892.apple@msn.com,01-53664896,三民路776號,高雄市,竹北縣,851,HK,Hong Kong,GREATER_CHINA,Chinese,Consumer,None,2022-11-07,2022,NEW,True,MDM,2022-11-07 00:00:00,2026-04-17 15:58:41.202667
b47f0454-e500-456c-874e-500402ac64e3,CUST-2022-HK-000035,凱翔,邱,凱翔 邱,Female,1999-01-11,user698.apple461@protonmail.com,09-35761335,太平路6段270號,蘆竹縣,桃園縣,261,HK,Hong Kong,GREATER_CHINA,Chinese,Consumer,None,2022-10-30,2022,NEW,True,MDM,2022-10-30 00:00:00,2026-04-17 15:58:41.202751
fc65881b-ccf8-4628-9f52-23fb1669be10,CUST-2022-HK-000036,淑娟,廖,淑娟 廖,Male,1989-06-02,user723.apple@aol.com,03 7802801,象山路1段5號,竹田市,大里市,604,HK,Hong Kong,GREATER_CHINA,Chinese,Consumer,Silver,2022-07-26,2022,NEW,True,MDM,2022-07-26 00:00:00,2026-04-17 15:58:41.202832
8ef90a81-2c1c-4fde-869e-ed965b0cdc84,CUST-2022-HK-000037,俊男,陳,俊男 陳,Male,1984-09-21,user853.apple696@outlook.com,064 43318312,大仁街481號,板橋市,北斗縣,285,HK,Hong Kong,GREATER_CHINA,Chinese,Consumer,None,2022-11-27,2022,NEW,True,MDM,2022-11-27 00:00:00,2026-04-17 15:58:41.202914
ad98fa5c-6f62-4e13-81a7-9d447bae133e,CUST-2022-HK-000038,秀珠,蘇,秀珠 蘇,Female,1977-12-28,user540.apple@yahoo.com,0997-037312,四維路8段809號,馬公,光復縣,681,HK,Hong Kong,GREATER_CHINA,Chinese,Education,None,2022-02-15,2022,NEW,True,MDM,2022-02-15 00:00:00,2026-04-17 15:58:41.202994
6c53bb14-9934-4f85-a432-f6b1a86ca428,CUST-2022-HK-000039,秀鳳,阮,秀鳳 阮,Male,1987-07-18,user990.apple640@zoho.com,00 9341529,新莊路39號,阿里山,卑南市,72893,HK,Hong Kong,GREATER_CHINA,Chinese,Consumer,Gold,2022-01-18,2022,NEW,True,MDM,2022-01-18 00:00:00,2026-04-17 15:58:41.203073
7d6331e8-da14-4563-b89f-7a9a6587425d,CUST-2022-HK-000040,志賢,曾,志賢 曾,Male,1997-09-30,user188.apple@icloud.com,02-6856705,延平路7段858號,板橋,八德,689,HK,Hong Kong,GREATER_CHINA,Chinese,Consumer,Gold,2022-06-02,2022,NEW,True,MDM,2022-06-02 00:00:00,2026-04-17 15:58:41.203152
d8041b28-887d-4633-9e7c-5b82cda10e59,CUST-2022-HK-000041,進財,林,進財 林,Male,1950-08-05,user102.apple@zoho.com,090 87093241,東湖街740號,橫山縣,汐止縣,813,HK,Hong Kong,GREATER_CHINA,Chinese,Consumer,None,2022-10-29,2022,NEW,True,MDM,2022-10-29 00:00:00,2026-04-17 15:58:41.203238
e60d4f7e-df65-462d-8928-1719f62df47a,CUST-2022-HK-000042,怡君,王,怡君 王,Male,1994-05-20,user333.apple@mail.com,0946948530,三民巷8號,新竹,三重市,198,HK,Hong Kong,GREATER_CHINA,Chinese,Consumer,Silver,2022-03-09,2022,NEW,True,MDM,2022-03-09 00:00:00,2026-04-17 15:58:41.203316
3ed00cd2-0456-4a58-aeb2-9d53aaf899aa,CUST-2022-HK-000043,宇翔,許,宇翔 許,Male,1985-08-02,user178.apple@gmail.com,018 54230678,新生街1號,桃園市,頭份市,976,HK,Hong Kong,GREATER_CHINA,Chinese,Consumer,Silver,2022-02-06,2022,NEW,True,MDM,2022-02-06 00:00:00,2026-04-17 15:58:41.203398
1fc15064-758f-4a3b-b3eb-e9b0a42c9ead,CUST-2022-HK-000044,玉鳳,楊,玉鳳 楊,Female,1992-08-31,user914.apple351@aol.com,(02) 82801860,士林巷7號,朴子市,阿里山,703,HK,Hong Kong,GREATER_CHINA,Chinese,Business,Gold,2022-04-09,2022,NEW,True,MDM,2022-04-09 00:00:00,2026-04-17 15:58:41.203477
0ddffda8-5464-4866-a87e-4b9f789302a2,CUST-2022-HK-000045,明德,曾,明德 曾,Male,1964-10-17,user902.apple@yahoo.com,058 79532075,關渡街6號,金門,北港市,668,HK,Hong Kong,GREATER_CHINA,Chinese,Business,None,2022-04-20,2022,NEW,True,MDM,2022-04-20 00:00:00,2026-04-17 15:58:41.203557
61ce7f99-2786-4a69-9b6e-64de4de5a8c2,CUST-2022-HK-000046,美華,呂,美華 呂,Male,1975-10-06,user439.apple833@protonmail.com,04 4474401,關渡街3號,桃園市,永和市,500,HK,Hong Kong,GREATER_CHINA,Chinese,Consumer,Silver,2022-05-01,2022,NEW,True,MDM,2022-05-01 00:00:00,2026-04-17 15:58:41.203638
aac253e2-d7b6-41e9-b851-dedc107588f7,CUST-2022-HK-000047,麗雪,范,麗雪 范,Male,1959-03-19,user225.apple@gmx.com,057 57250458,古亭路64號,北斗縣,永和,888,HK,Hong Kong,GREATER_CHINA,Chinese,Consumer,Platinum,2022-12-28,2022,NEW,True,MDM,2022-12-28 00:00:00,2026-04-17 15:58:41.203718
a6d0af48-cda4-4c80-a483-12daf764e846,CUST-2022-HK-000048,宜蓁,戴,宜蓁 戴,Female,1992-10-09,user583.apple@hotmail.com,02 8812147,文昌街22號,古坑,蘆洲縣,41286,HK,Hong Kong,GREATER_CHINA,Chinese,Consumer,None,2022-06-12,2022,NEW,True,MDM,2022-06-12 00:00:00,2026-04-17 15:58:41.203798
a9ff0475-c1a1-48a7-9c92-e0675a02fe1d,CUST-2022-HK-000049,美麗,王,美麗 王,Male,1978-10-03,user427.apple806@mail.com,0991623094,中華巷261號,臺東縣,桃園,740,HK,Hong Kong,GREATER_CHINA,Chinese,Consumer,None,2022-02-21,2022,NEW,False,MDM,2022-02-21 00:00:00,2026-04-17 15:58:41.203878
50997888-4762-4e29-a9b3-6f67526b844e,CUST-2022-HK-000050,佳穎,李,佳穎 李,Female,1971-01-17,user579.apple@live.com,0921-372794,昆陽路8段23號,橫山市,平鎮市,28644,HK,Hong Kong,GREATER_CHINA,Chinese,Education,Silver,2022-10-05,2022,NEW,True,MDM,2022-10-05 00:00:00,2026-04-17 15:58:41.203961
af385517-a29a-4766-9838-8267cedb8252,CUST-2022-HK-000051,麗玲,黃,麗玲 黃,Male,1990-09-15,user309.apple572@live.com,081 68026138,長春巷460號,鳳山縣,斗六市,58364,HK,Hong Kong,GREATER_CHINA,Chinese,Consumer,None,2022-07-09,2022,NEW,True,MDM,2022-07-09 00:00:00,2026-04-17 15:58:41.204045
4a7afd0d-0365-4ed1-8a10-ca03922c9297,CUST-2022-HK-000052,淑娟,蔡,淑娟 蔡,Female,2003-04-07,user870.apple@yahoo.com,0909-639740,東湖巷8號,北斗,南投市,177,HK,Hong Kong,GREATER_CHINA,Chinese,Consumer,None,2022-09-16,2022,NEW,True,MDM,2022-09-16 00:00:00,2026-04-17 15:58:41.204123
25a8ba19-4d9e-4d05-9cdd-222595dc29f6,CUST-2022-HK-000053,俊雄,黃,俊雄 黃,Male,2005-01-18,user470.apple@yahoo.com,06-84849753,中華街229號,汐止,白沙市,197,HK,Hong Kong,GREATER_CHINA,Chinese,Consumer,Platinum,2022-03-25,2022,NEW,True,MDM,2022-03-25 00:00:00,2026-04-17 15:58:41.204203
59b333c0-684a-4d3f-a7f2-13e1e3b7818d,CUST-2022-HK-000054,志宏,詹,志宏 詹,Male,2003-12-06,user758.apple@zoho.com,04 8060240,文昌街92號,南投市,新營,305,HK,Hong Kong,GREATER_CHINA,Chinese,Education,Gold,2022-08-19,2022,NEW,True,MDM,2022-08-19 00:00:00,2026-04-17 15:58:41.204282
be0bf4c2-ead4-496a-af82-195dbf123b70,CUST-2022-HK-000055,美慧,張,美慧 張,Male,1970-05-30,user440.apple@mail.com,03-50107418,士林路4段68號,斗六,蘆洲,392,HK,Hong Kong,GREATER_CHINA,Chinese,Consumer,None,2022-10-04,2022,NEW,True,MDM,2022-10-04 00:00:00,2026-04-17 15:58:41.204361
16b4ad40-02c0-4ce1-8d48-c59f960a6a26,CUST-2022-HK-000056,宸睿,黃,宸睿 黃,Female,1965-01-23,user165.apple212@live.com,0950-806018,忠孝路6號,太平縣,竹田,896,HK,Hong Kong,GREATER_CHINA,Chinese,Consumer,None,2022-08-05,2022,NEW,True,MDM,2022-08-05 00:00:00,2026-04-17 15:58:41.204440
2d9b065b-68f4-4734-b0cd-bd822cb50d5d,CUST-2022-HK-000057,睿恩,蔡,睿恩 蔡,Male,1974-11-16,user470.apple@gmx.com,04 5959554,永安巷32號,員林,台南,33829,HK,Hong Kong,GREATER_CHINA,Chinese,Education,None,2022-02-21,2022,NEW,True,MDM,2022-02-21 00:00:00,2026-04-17 15:58:41.204520
722aafc5-3b1e-4c77-a8ba-5d3a2681f73d,CUST-2022-HK-000058,月娥,黃,月娥 黃,Male,2000-08-10,user550.apple@gmx.com,01-5605886,信義路403號,板橋縣,汐止市,390,HK,Hong Kong,GREATER_CHINA,Chinese,Education,None,2022-02-23,2022,NEW,True,MDM,2022-02-23 00:00:00,2026-04-17 15:58:41.204603
b9315c43-1898-4895-90c0-6e0281ab7e62,CUST-2022-HK-000059,秀英,邱,秀英 邱,Female,2004-07-01,user127.apple968@zoho.com,00-6424434,關渡街1號,新營市,永和市,161,HK,Hong Kong,GREATER_CHINA,Chinese,Consumer,None,2022-05-05,2022,NEW,True,MDM,2022-05-05 00:00:00,2026-04-17 15:58:41.204686
416bb8a1-9c82-4f88-a4dc-cee5228dc126,CUST-2022-HK-000060,芸菲,陳,芸菲 陳,Male,1961-01-29,user598.apple567@protonmail.com,(07) 63701137,新莊街325號,基隆,汐止縣,291,HK,Hong Kong,GREATER_CHINA,Chinese,Consumer,None,2022-05-09,2022,NEW,True,MDM,2022-05-09 00:00:00,2026-04-17 15:58:41.204770
b3c5e6d7-2e48-4f01-a29b-5b635b508076,CUST-2022-HK-000061,佳穎,何,佳穎 何,Male,2000-05-16,user137.apple@yahoo.com,006 28288367,仁愛巷22號,蘆洲,高雄市,28808,HK,Hong Kong,GREATER_CHINA,Chinese,Consumer,None,2022-06-04,2022,NEW,True,MDM,2022-06-04 00:00:00,2026-04-17 15:58:41.204858
98d880ad-2c54-471c-be48-2871d1efd0dc,CUST-2022-HK-000062,宜庭,李,宜庭 李,Female,1973-07-15,user606.apple118@outlook.com,05 4463288,長春巷797號,宜蘭,光復,48049,HK,Hong Kong,GREATER_CHINA,Chinese,Consumer,None,2022-10-21,2022,NEW,True,MDM,2022-10-21 00:00:00,2026-04-17 15:58:41.204979
55f269e6-52a3-4ae0-9631-b1df86a287a5,CUST-2022-HK-000063,國華,賴,國華 賴,Male,2005-02-21,user308.apple@live.com,0949468079,民有路3段604號,新營,關山縣,704,HK,Hong Kong,GREATER_CHINA,Chinese,Consumer,Gold,2022-10-05,2022,NEW,False,MDM,2022-10-05 00:00:00,2026-04-17 15:58:41.205294
fa63af67-8078-4bb6-8132-5b7fc12a70cb,CUST-2022-HK-000064,玉美,黃,玉美 黃,Male,2003-06-10,user494.apple@outlook.com,(02) 12561599,新店巷7段970號,八德,嘉義,317,HK,Hong Kong,GREATER_CHINA,Chinese,Consumer,Platinum,2022-12-31,2022,NEW,True,MDM,2022-12-31 00:00:00,2026-04-17 15:58:41.205684
3886d677-5b25-4e3b-91da-8cdc7779e902,CUST-2022-HK-000065,麗雪,陳,麗雪 陳,Male,1980-12-02,user617.apple@msn.com,0903882820,中和巷2號,關山市,屏東市,57965,HK,Hong Kong,GREATER_CHINA,Chinese,Education,None,2022-05-22,2022,NEW,True,MDM,2022-05-22 00:00:00,2026-04-17 15:58:41.205913
5b43322e-cf4e-45c9-bb9d-b16327372c3c,CUST-2022-HK-000066,怡君,許,怡君 許,Male,2006-06-02,user980.apple@hotmail.com,074 83795029,建國巷50號,永和,宜蘭縣,59816,HK,Hong Kong,GREATER_CHINA,Chinese,Consumer,Silver,2022-01-20,2022,NEW,True,MDM,2022-01-20 00:00:00,2026-04-17 15:58:41.206064
66182270-2f31-4192-adf9-0b6484c1d48c,CUST-2022-HK-000067,秀玉,柯,秀玉 柯,Male,1997-08-07,user826.apple254@protonmail.com,0969890348,土城路6段7號,阿里山,白沙縣,807,HK,Hong Kong,GREATER_CHINA,Chinese,Business,None,2022-01-22,2022,NEW,True,MDM,2022-01-22 00:00:00,2026-04-17 15:58:41.206272
8dc9495c-8ee3-4f13-a215-c5237ae76280,CUST-2022-HK-000068,麗珠,曾,麗珠 曾,Female,1999-02-16,user951.apple@outlook.com,06-9441686,勝利街17號,大里縣,八德市,93891,HK,Hong Kong,GREATER_CHINA,Chinese,Consumer,Silver,2022-01-26,2022,NEW,True,MDM,2022-01-26 00:00:00,2026-04-17 15:58:41.206570
e8e1ad9a-4fec-401d-97a5-3a12090b4b76,CUST-2022-HK-000069,美玲,黃,美玲 黃,Female,1963-07-11,user613.apple@msn.com,0979-046994,民生巷1段305號,楊梅,豐原縣,954,HK,Hong Kong,GREATER_CHINA,Chinese,Consumer,Silver,2022-04-21,2022,NEW,True,MDM,2022-04-21 00:00:00,2026-04-17 15:58:41.206689
b2f7139f-5128-4a96-ad35-99bd8138910f,CUST-2022-HK-000070,雅惠,張,雅惠 張,Female,1957-12-24,user180.apple@gmail.com,0910-502460,育英巷5號,彰化縣,竹田市,430,HK,Hong Kong,GREATER_CHINA,Chinese,Consumer,Silver,2022-08-01,2022,NEW,True,MDM,2022-08-01 00:00:00,2026-04-17 15:58:41.206777
55eaf299-52db-40b3-9275-1a0f0dfc825d,CUST-2022-HK-000071,家豪,劉,家豪 劉,Female,1972-09-21,user886.apple@hotmail.com,(09) 44363279,東興街361號,彰化,朴子,947,HK,Hong Kong,GREATER_CHINA,Chinese,Consumer,Silver,2022-02-09,2022,NEW,False,MDM,2022-02-09 00:00:00,2026-04-17 15:58:41.206861
39d50f4e-81e6-4bb3-81bc-df0ebfb34dcf,CUST-2022-HK-000072,美鳳,黃,美鳳 黃,Male,1954-03-31,user898.apple@icloud.com,0963-161955,三民巷821號,基隆,臺中,734,HK,Hong Kong,GREATER_CHINA,Chinese,Consumer,None,2022-03-02,2022,NEW,True,MDM,2022-03-02 00:00:00,2026-04-17 15:58:41.206945
28450131-a3d0-4d9e-a6b2-930005670426,CUST-2022-HK-000073,淑玲,官,淑玲 官,Female,2004-01-24,user234.apple@protonmail.com,0935-626393,文昌路9號,大里縣,蘆竹,679,HK,Hong Kong,GREATER_CHINA,Chinese,Business,Gold,2022-09-18,2022,NEW,True,MDM,2022-09-18 00:00:00,2026-04-17 15:58:41.207027
02268aaa-4ae5-4227-9cdf-cf828e542fe1,CUST-2022-HK-000074,惠玲,蔡,惠玲 蔡,Female,1970-05-07,user826.apple@live.com,06-30584738,光華路11號,基隆,蘆洲市,651,HK,Hong Kong,GREATER_CHINA,Chinese,Consumer,None,2022-04-09,2022,NEW,True,MDM,2022-04-09 00:00:00,2026-04-17 15:58:41.207113
daafd75d-a828-4681-abf9-1deff022e7ac,CUST-2022-HK-000075,思妤,廖,思妤 廖,Female,1967-12-21,user421.apple@yahoo.com,080 39985184,南街68號,蘆竹,台南,56544,HK,Hong Kong,GREATER_CHINA,Chinese,Consumer,Silver,2022-05-14,2022,NEW,True,MDM,2022-05-14 00:00:00,2026-04-17 15:58:41.207199
4dd102b9-5f44-4250-95dc-c90b6b712ce4,CUST-2022-HK-000076,俊明,張,俊明 張,Female,1977-04-20,user871.apple@mail.com,0969156745,奇岩路600號,太平,新營市,171,HK,Hong Kong,GREATER_CHINA,Chinese,Consumer,None,2022-11-21,2022,NEW,False,MDM,2022-11-21 00:00:00,2026-04-17 15:58:41.207283
c56330e8-ca50-4476-9ae6-5195225c0b7f,CUST-2022-HK-000077,美玉,陳,美玉 陳,Male,1992-04-13,user668.apple@outlook.com,048 95755612,福安路43號,太平,卑南,640,HK,Hong Kong,GREATER_CHINA,Chinese,Consumer,None,2022-08-26,2022,NEW,True,MDM,2022-08-26 00:00:00,2026-04-17 15:58:41.207367
01819b97-a325-4989-a743-da9992b8a55e,CUST-2022-HK-000078,雅玲,錢,雅玲 錢,Male,1956-06-24,user459.apple@protonmail.com,0972563343,劍南路5號,光復,豐原,37501,HK,Hong Kong,GREATER_CHINA,Chinese,Consumer,None,2022-01-05,2022,NEW,True,MDM,2022-01-05 00:00:00,2026-04-17 15:58:41.207447
745a2ef0-6ccb-4b36-9de1-2e4500ba9756,CUST-2022-HK-000079,美玲,鄭,美玲 鄭,Female,1987-02-14,user896.apple@gmail.com,08 9120653,土城巷599號,彰化縣,高雄,583,HK,Hong Kong,GREATER_CHINA,Chinese,Consumer,Silver,2022-04-02,2022,NEW,True,MDM,2022-04-02 00:00:00,2026-04-17 15:58:41.207631
0d3c597b-cfa4-46ba-be81-818132fd0719,CUST-2022-HK-000080,惠美,程,惠美 程,Male,1989-11-12,user305.apple@hotmail.com,0975-601742,動物園巷7號,台中,連江,46055,HK,Hong Kong,GREATER_CHINA,Chinese,Consumer,Platinum,2022-06-08,2022,NEW,True,MDM,2022-06-08 00:00:00,2026-04-17 15:58:41.207730
0622e906-5c3b-412a-9d0c-d55a44d9725a,CUST-2022-HK-000081,麗珠,林,麗珠 林,Male,1961-01-28,user346.apple@gmx.com,00 6825826,新生街939號,楊梅縣,台北縣,85656,HK,Hong Kong,GREATER_CHINA,Chinese,Business,None,2022-10-26,2022,NEW,True,MDM,2022-10-26 00:00:00,2026-04-17 15:58:41.207823
017096d2-414d-4e42-97ec-f53760b7d0ed,CUST-2022-HK-000082,秀英,姜,秀英 姜,Male,2005-04-03,user848.apple@gmx.com,(06) 44189100,大仁路8段9號,嘉義,北竿市,876,HK,Hong Kong,GREATER_CHINA,Chinese,Consumer,None,2022-09-28,2022,NEW,True,MDM,2022-09-28 00:00:00,2026-04-17 15:58:41.207913
ca105b2a-4cd9-4c0a-833e-3ef6beea196b,CUST-2022-HK-000083,玉蘭,陳,玉蘭 陳,Female,1981-11-14,user860.apple@aol.com,08-3194011,中央巷7段50號,楊梅市,台中縣,68607,HK,Hong Kong,GREATER_CHINA,Chinese,Business,None,2022-10-11,2022,NEW,True,MDM,2022-10-11 00:00:00,2026-04-17 15:58:41.208148
370c7456-32dc-499e-9b78-e40d895ca240,CUST-2022-HK-000084,惠玲,張,惠玲 張,Male,1984-09-06,user377.apple628@zoho.com,037 49125278,育英街6號,雲林縣,朴子市,641,HK,Hong Kong,GREATER_CHINA,Chinese,Consumer,None,2022-10-26,2022,NEW,True,MDM,2022-10-26 00:00:00,2026-04-17 15:58:41.208308
b907d6d0-044a-4686-bcfd-03145e422664,CUST-2022-HK-000085,明哲,李,明哲 李,Female,1992-11-21,user976.apple@protonmail.com,01-69174377,天母巷2號,新營市,朴子縣,318,HK,Hong Kong,GREATER_CHINA,Chinese,Consumer,Gold,2022-04-29,2022,NEW,True,MDM,2022-04-29 00:00:00,2026-04-17 15:58:41.208451
b97accbd-f232-45eb-b77f-8f4141c10381,CUST-2022-HK-000086,秀娟,陳,秀娟 陳,Female,1981-03-30,user950.apple@outlook.com,(04) 12279509,自立路6號,桃園縣,新竹市,65522,HK,Hong Kong,GREATER_CHINA,Chinese,Business,Silver,2022-06-04,2022,NEW,True,MDM,2022-06-04 00:00:00,2026-04-17 15:58:41.208610
ef5ac50c-604d-418a-834d-4bbc680cc1ec,CUST-2022-HK-000087,冠宇,劉,冠宇 劉,Male,1984-10-09,user333.apple@gmx.com,06-2840476,德街7號,基隆縣,梅山,59594,HK,Hong Kong,GREATER_CHINA,Chinese,Consumer,Gold,2022-07-04,2022,NEW,True,MDM,2022-07-04 00:00:00,2026-04-17 15:58:41.208697
09d80493-5be8-41f0-9e53-10bfe852f51f,CUST-2022-HK-000088,佳蓉,高,佳蓉 高,Male,1968-03-08,user298.apple968@hotmail.com,079 69544447,成功巷88號,鳳山,馬公市,831,HK,Hong Kong,GREATER_CHINA,Chinese,Consumer,None,2022-01-27,2022,NEW,True,MDM,2022-01-27 00:00:00,2026-04-17 15:58:41.208786
96b6f015-e674-4231-a8da-4131e4e5919c,CUST-2022-HK-000089,麗珠,翁,麗珠 翁,Female,1991-02-01,user677.apple92@gmail.com,08-7607205,新店街82號,大里,新北縣,51736,HK,Hong Kong,GREATER_CHINA,Chinese,Business,Platinum,2022-02-07,2022,NEW,True,MDM,2022-02-07 00:00:00,2026-04-17 15:58:41.208873
9be88a9c-b3e1-4f12-bcb8-e02171042ba2,CUST-2022-HK-000090,承恩,張,承恩 張,Female,2004-01-14,user914.apple836@icloud.com,04-3701011,明德街3號,苗栗市,北港縣,84601,HK,Hong Kong,GREATER_CHINA,Chinese,Consumer,Gold,2022-11-13,2022,NEW,True,MDM,2022-11-13 00:00:00,2026-04-17 15:58:41.208996
013c1211-15b3-4066-9fa2-a25d0a899209,CUST-2022-HK-000091,美玉,簡,美玉 簡,Male,1981-06-25,user363.apple560@yahoo.com,0939-789083,民享路50號,金門縣,花蓮,345,HK,Hong Kong,GREATER_CHINA,Chinese,Consumer,None,2022-10-29,2022,NEW,True,MDM,2022-10-29 00:00:00,2026-04-17 15:58:41.209083
78533cfa-b0a6-4314-a41f-00fcfbe5f1cf,CUST-2022-HK-000092,秀鳳,林,秀鳳 林,Male,1964-10-29,user517.apple762@zoho.com,0940-433131,劍潭巷8號,蘆洲,三重縣,75668,HK,Hong Kong,GREATER_CHINA,Chinese,Consumer,Gold,2022-09-08,2022,NEW,True,MDM,2022-09-08 00:00:00,2026-04-17 15:58:41.209167
58801995-5a37-493e-8696-1c52bf7fde1d,CUST-2022-HK-000093,淑敏,何,淑敏 何,Female,1950-10-13,user293.apple@yahoo.com,0908374669,中山巷474號,彰化,新北,29108,HK,Hong Kong,GREATER_CHINA,Chinese,Consumer,Platinum,2022-10-13,2022,NEW,True,MDM,2022-10-13 00:00:00,2026-04-17 15:58:41.209248
dff9d35c-127d-4457-884c-e10cb94318e4,CUST-2022-HK-000094,秀雲,陳,秀雲 陳,Male,2001-05-08,user729.apple611@yahoo.com,08 9711602,明德路1段45號,八德,卑南縣,18857,HK,Hong Kong,GREATER_CHINA,Chinese,Consumer,None,2022-01-05,2022,NEW,True,MDM,2022-01-05 00:00:00,2026-04-17 15:58:41.209333
2683eeff-cf47-4cce-8c5d-56857a03a52b,CUST-2022-HK-000095,雅萍,蕭,雅萍 蕭,Male,1975-07-04,user639.apple@icloud.com,(02) 38889164,興路765號,北斗縣,蘆洲,443,HK,Hong Kong,GREATER_CHINA,Chinese,Consumer,None,2022-02-23,2022,NEW,True,MDM,2022-02-23 00:00:00,2026-04-17 15:58:41.209414
0f93b6bb-73b1-4ce9-be91-1a9ebfa6955a,CUST-2022-HK-000096,麗琴,劉,麗琴 劉,Male,1956-11-21,user771.apple35@gmail.com,082 94718915,民族路3號,太保縣,北斗市,100,HK,Hong Kong,GREATER_CHINA,Chinese,Consumer,None,2022-04-03,2022,NEW,True,MDM,2022-04-03 00:00:00,2026-04-17 15:58:41.209497
b3496606-4e46-4ed2-883a-647d1a1a0715,CUST-2022-HK-000097,玉蘭,董,玉蘭 董,Male,1997-03-18,user430.apple@gmail.com,(01) 48546999,中山街6段8號,板橋,中和市,67754,HK,Hong Kong,GREATER_CHINA,Chinese,Consumer,None,2022-08-28,2022,NEW,True,MDM,2022-08-28 00:00:00,2026-04-17 15:58:41.209580
ba1bdbdd-ed3d-4d44-9844-a0cb9cedf4c7,CUST-2022-HK-000098,慧玲,簡,慧玲 簡,Female,1970-11-07,user982.apple@icloud.com,09 9410274,自立巷1段741號,桃園市,古坑,524,HK,Hong Kong,GREATER_CHINA,Chinese,Consumer,Platinum,2022-01-29,2022,NEW,True,MDM,2022-01-29 00:00:00,2026-04-17 15:58:41.209663
5e4d119a-fced-4030-99cc-e3dfbb6cdc58,CUST-2022-HK-000099,麗華,李,麗華 李,Female,1972-07-10,user940.apple@zoho.com,0935421085,文昌巷28號,宜蘭市,卑南,668,HK,Hong Kong,GREATER_CHINA,Chinese,Consumer,Gold,2022-09-08,2022,NEW,True,MDM,2022-09-08 00:00:00,2026-04-17 15:58:41.209747
d939253a-d1d7-487c-88aa-fc4032aee83e,CUST-2022-HK-000100,俊賢,林,俊賢 林,Male,1975-11-10,user727.apple@yahoo.com,006 56960698,象山街414號,汐止,竹北,92400,HK,Hong Kong,GREATER_CHINA,Chinese,Business,Silver,2022-04-29,2022,NEW,True,MDM,2022-04-29 00:00:00,2026-04-17 15:58:41.209832
c9f890b2-ff7a-4a03-b74c-96327e07f2a5,CUST-2022-HK-000101,雅玲,鍾,雅玲 鍾,Female,2005-09-28,user703.apple337@zoho.com,(05) 36991533,民治路7號,花蓮市,草屯,48868,HK,Hong Kong,GREATER_CHINA,Chinese,Consumer,None,2022-12-25,2022,NEW,True,MDM,2022-12-25 00:00:00,2026-04-17 15:58:41.209916
57b683ef-8204-4584-a369-0e4708c2dae5,CUST-2022-HK-000102,文傑,鄭,文傑 鄭,Female,1967-02-08,user792.apple449@outlook.com,02-72750253,自強街2號,南投縣,台南市,978,HK,Hong Kong,GREATER_CHINA,Chinese,Consumer,None,2022-05-18,2022,NEW,True,MDM,2022-05-18 00:00:00,2026-04-17 15:58:41.209998
23e685c8-9033-428e-aeaf-d1751beac726,CUST-2022-HK-000103,秀華,田,秀華 田,Female,1965-05-30,user746.apple@msn.com,0987-891679,民享巷49號,白沙市,花蓮,508,HK,Hong Kong,GREATER_CHINA,Chinese,Consumer,None,2022-08-19,2022,NEW,True,MDM,2022-08-19 00:00:00,2026-04-17 15:58:41.210079
b724f606-b698-48f5-8986-64f3148732d9,CUST-2022-HK-000104,雅萍,郭,雅萍 郭,Female,1959-06-06,user379.apple@mail.com,0990800939,松山街672號,北港,高雄,237,HK,Hong Kong,GREATER_CHINA,Chinese,Consumer,None,2022-08-09,2022,NEW,True,MDM,2022-08-09 00:00:00,2026-04-17 15:58:41.210158
e64cbd26-0cad-4421-b147-ea89166e9557,CUST-2022-HK-000105,慧玲,彭,慧玲 彭,Male,1962-09-19,user921.apple@protonmail.com,043 23993057,景美巷7號,澎湖,宜蘭,88345,HK,Hong Kong,GREATER_CHINA,Chinese,Business,None,2022-05-15,2022,NEW,True,MDM,2022-05-15 00:00:00,2026-04-17 15:58:41.210238
a823ba84-a52f-4850-8d66-7ee44eded9a5,CUST-2022-HK-000106,秀蘭,王,秀蘭 王,Female,2002-09-08,user296.apple@outlook.com,04-7331026,大勇路32號,宜蘭,永和縣,80049,HK,Hong Kong,GREATER_CHINA,Chinese,Business,None,2022-04-01,2022,NEW,True,MDM,2022-04-01 00:00:00,2026-04-17 15:58:41.210319
4c65f0e2-783b-4689-a2a1-3d787457400a,CUST-2022-HK-000107,惠玲,卓,惠玲 卓,Male,1952-10-11,user443.apple@aol.com,(05) 65513956,華興街6段231號,彰化市,澎湖,899,HK,Hong Kong,GREATER_CHINA,Chinese,Consumer,Silver,2022-02-02,2022,NEW,True,MDM,2022-02-02 00:00:00,2026-04-17 15:58:41.210400
267700b5-f7d6-42c5-8b02-8e0e25c0dd3f,CUST-2022-HK-000108,淑珍,王,淑珍 王,Female,1964-10-22,user855.apple@outlook.com,06-2981813,土城街5號,宜蘭市,新竹縣,61918,HK,Hong Kong,GREATER_CHINA,Chinese,Consumer,Silver,2022-12-23,2022,NEW,True,MDM,2022-12-23 00:00:00,2026-04-17 15:58:41.210481
87ba160a-6d49-4fd7-844e-64f1f0ec6bbc,CUST-2022-HK-000109,承恩,陳,承恩 陳,Female,1956-01-27,user374.apple@icloud.com,07 3681563,土城路6段334號,蘆竹縣,新營,178,HK,Hong Kong,GREATER_CHINA,Chinese,Education,None,2022-09-09,2022,NEW,True,MDM,2022-09-09 00:00:00,2026-04-17 15:58:41.210564
1943c5fb-7d76-458d-89a2-7c17e9636f74,CUST-2022-HK-000110,文章,楊,文章 楊,Male,2000-08-22,user107.apple@gmx.com,0963-365877,芝山路4段22號,朴子,阿里山縣,283,HK,Hong Kong,GREATER_CHINA,Chinese,Business,None,2022-01-22,2022,NEW,False,MDM,2022-01-22 00:00:00,2026-04-17 15:58:41.210649
fc29fd5d-511c-4653-b2aa-0e28b6fb82a1,CUST-2022-HK-000111,素珍,張,素珍 張,Female,1991-10-18,user367.apple@protonmail.com,03 1629228,芝山街5段4號,基隆縣,台北市,95329,HK,Hong Kong,GREATER_CHINA,Chinese,Consumer,Silver,2022-01-07,2022,NEW,True,MDM,2022-01-07 00:00:00,2026-04-17 15:58:41.210735
7a6bd0f5-e14f-4b73-8db4-d97d1543920a,CUST-2022-HK-000112,國雄,陳,國雄 陳,Male,2001-06-21,user660.apple@aol.com,08-91905519,石牌路7段3號,基隆市,太平,399,HK,Hong Kong,GREATER_CHINA,Chinese,Consumer,None,2022-12-14,2022,NEW,True,MDM,2022-12-14 00:00:00,2026-04-17 15:58:41.210821
1c580e0d-fff6-4760-84ee-2f8cd7637f97,CUST-2022-HK-000113,美珍,賴,美珍 賴,Female,1979-12-15,user275.apple47@gmx.com,063 94141087,平和巷5段9號,澎湖,鳳山,713,HK,Hong Kong,GREATER_CHINA,Chinese,Consumer,Silver,2022-12-29,2022,NEW,True,MDM,2022-12-29 00:00:00,2026-04-17 15:58:41.210941
4d10878f-80a5-4511-9429-587c82d54d53,CUST-2022-HK-000114,玉蘭,鐘,玉蘭 鐘,Female,2001-08-02,user881.apple@aol.com,0938139276,永寧巷11號,新竹,白沙,953,HK,Hong Kong,GREATER_CHINA,Chinese,Consumer,None,2022-10-25,2022,NEW,True,MDM,2022-10-25 00:00:00,2026-04-17 15:58:41.211038
6c8e6b31-6a88-43de-b0c2-84daf00ef88b,CUST-2022-HK-000115,宗翰,朱,宗翰 朱,Male,1986-03-29,user218.apple181@outlook.com,083 19113221,大智巷7號,卑南市,桃園縣,78665,HK,Hong Kong,GREATER_CHINA,Chinese,Education,Gold,2022-11-14,2022,NEW,False,MDM,2022-11-14 00:00:00,2026-04-17 15:58:41.211132
ee98d8f8-e763-4bdb-89f4-02a52b588bd8,CUST-2022-HK-000116,寶珠,林,寶珠 林,Male,1997-02-11,user818.apple836@icloud.com,06-6483803,長春街3段1號,北港市,連江市,95065,HK,Hong Kong,GREATER_CHINA,Chinese,Consumer,Platinum,2022-12-01,2022,NEW,True,MDM,2022-12-01 00:00:00,2026-04-17 15:58:41.211222
b593460a-7cce-4613-ba5a-d7583c16faf7,CUST-2022-HK-000117,雅惠,鄭,雅惠 鄭,Female,1991-06-14,user119.apple@aol.com,(06) 59977405,大智街672號,褒忠市,竹田,797,HK,Hong Kong,GREATER_CHINA,Chinese,Consumer,Platinum,2022-11-04,2022,NEW,True,MDM,2022-11-04 00:00:00,2026-04-17 15:58:41.211307
7115317b-f824-4d88-9637-83fde65d8d6d,CUST-2022-HK-000118,美華,李,美華 李,Female,1967-03-18,user472.apple229@protonmail.com,0996253684,文昌路981號,蘆竹,太平縣,82906,HK,Hong Kong,GREATER_CHINA,Chinese,Consumer,Gold,2022-08-18,2022,NEW,True,MDM,2022-08-18 00:00:00,2026-04-17 15:58:41.211393
040007c7-06c9-4de6-9cd7-35cd00227b84,CUST-2022-HK-000119,志鴻,劉,志鴻 劉,Male,1974-10-04,user939.apple@protonmail.com,048 62145800,中央街1號,卑南縣,平鎮,65002,HK,Hong Kong,GREATER_CHINA,Chinese,Consumer,Silver,2022-05-01,2022,NEW,True,MDM,2022-05-01 00:00:00,2026-04-17 15:58:41.211478
87404572-210d-4ec2-983b-2f0e40a4bdb0,CUST-2022-HK-000120,志雄,黃,志雄 黃,Male,1971-06-09,user828.apple@live.com,0960653705,民生巷598號,中壢市,彰化,701,HK,Hong Kong,GREATER_CHINA,Chinese,Business,Silver,2022-09-02,2022,NEW,True,MDM,2022-09-02 00:00:00,2026-04-17 15:58:41.211560
260141f5-942d-4504-a677-8c9c2c56ad1b,CUST-2022-HK-000121,金鳳,莊,金鳳 莊,Male,1982-12-26,user241.apple@outlook.com,084 14078614,大同巷6段2號,澎湖,澎湖縣,355,HK,Hong Kong,GREATER_CHINA,Chinese,Consumer,Platinum,2022-11-07,2022,NEW,True,MDM,2022-11-07 00:00:00,2026-04-17 15:58:41.211643
ab1650fe-b659-4e1e-884b-129213efb4bc,CUST-2022-HK-000122,淑貞,梁,淑貞 梁,Female,1967-09-11,user410.apple@live.com,069 76860049,學府街40號,褒忠,屏東,75988,HK,Hong Kong,GREATER_CHINA,Chinese,Consumer,None,2022-12-29,2022,NEW,True,MDM,2022-12-29 00:00:00,2026-04-17 15:58:41.211724
9e0905cf-626e-42a6-8130-0933aa967222,CUST-2022-HK-000123,秀玲,許,秀玲 許,Male,2004-08-12,user336.apple@protonmail.com,02-7094273,頂福州街654號,平鎮縣,北斗,366,HK,Hong Kong,GREATER_CHINA,Chinese,Consumer,Platinum,2022-04-17,2022,NEW,False,MDM,2022-04-17 00:00:00,2026-04-17 15:58:41.211806
662cc699-45d3-4bcf-bc13-1f072d96c709,CUST-2022-HK-000124,秀雲,詹,秀雲 詹,Male,1956-04-15,user368.apple@mail.com,06-24104412,新生巷6段214號,新營,汐止市,41620,HK,Hong Kong,GREATER_CHINA,Chinese,Consumer,None,2022-07-12,2022,NEW,False,MDM,2022-07-12 00:00:00,2026-04-17 15:58:41.211890
33eff979-20b8-4d6b-a315-6f248e20c0ba,CUST-2022-HK-000125,秀英,張,秀英 張,Female,1987-04-06,user293.apple@zoho.com,012 13694558,古亭路5號,彰化市,連江縣,616,HK,Hong Kong,GREATER_CHINA,Chinese,Business,Silver,2022-08-15,2022,NEW,True,MDM,2022-08-15 00:00:00,2026-04-17 15:58:41.211973
84a0cf06-3798-40bc-8d97-146d72b204bf,CUST-2022-HK-000126,美惠,吳,美惠 吳,Male,1999-09-12,user710.apple572@gmx.com,0914666269,文山巷3號,豐原,汐止,45328,HK,Hong Kong,GREATER_CHINA,Chinese,Consumer,None,2022-01-26,2022,NEW,True,MDM,2022-01-26 00:00:00,2026-04-17 15:58:41.212053
ce0d200d-4b0e-4782-ab5a-164d65ba159e,CUST-2022-HK-000127,俊銘,林,俊銘 林,Female,1993-09-19,user977.apple@outlook.com,0959245421,古亭街2段5號,平鎮,光復市,971,HK,Hong Kong,GREATER_CHINA,Chinese,Consumer,Platinum,2022-09-07,2022,NEW,True,MDM,2022-09-07 00:00:00,2026-04-17 15:58:41.212133
ad58264d-25d8-4307-b6e5-4b666f5c75b7,CUST-2022-HK-000128,俊宇,陳,俊宇 陳,Male,1973-06-24,user207.apple@mail.com,02 5101730,林森街673號,平鎮市,白沙縣,76906,HK,Hong Kong,GREATER_CHINA,Chinese,Consumer,None,2022-02-26,2022,NEW,True,MDM,2022-02-26 00:00:00,2026-04-17 15:58:41.212217
5ed9e3dd-3275-426a-a076-d9cf8d22cc82,CUST-2022-HK-000129,文彬,陳,文彬 陳,Male,1980-10-31,user791.apple@zoho.com,0913421209,新埔巷2號,新竹縣,台北,781,HK,Hong Kong,GREATER_CHINA,Chinese,Consumer,Silver,2022-10-30,2022,NEW,True,MDM,2022-10-30 00:00:00,2026-04-17 15:58:41.212296
f14ee855-4616-4294-8455-a36e816222db,CUST-2022-HK-000130,秀華,張,秀華 張,Male,1976-07-25,user876.apple@gmx.com,0941156873,德街37號,新竹縣,苗栗市,95309,HK,Hong Kong,GREATER_CHINA,Chinese,Consumer,Gold,2022-07-16,2022,NEW,True,MDM,2022-07-16 00:00:00,2026-04-17 15:58:41.212380
c38f4260-b1d9-47dd-a268-e829b77933d5,CUST-2022-HK-000131,子晴,鄭,子晴 鄭,Male,1951-01-26,user410.apple@yahoo.com,0940-996614,中央路735號,太保,斗六縣,913,HK,Hong Kong,GREATER_CHINA,Chinese,Consumer,None,2022-08-12,2022,NEW,True,MDM,2022-08-12 00:00:00,2026-04-17 15:58:41.212461
cbb832cb-e2d2-4f9a-a6f3-84060cfc24cb,CUST-2022-HK-000132,家豪,林,家豪 林,Female,2003-03-03,user179.apple@gmail.com,067 20070373,光華巷298號,北竿,梅山市,51557,HK,Hong Kong,GREATER_CHINA,Chinese,Education,Platinum,2022-11-13,2022,NEW,True,MDM,2022-11-13 00:00:00,2026-04-17 15:58:41.212543
1ce583e9-3e6b-46b2-824a-6446f1694f2f,CUST-2022-HK-000133,碧雲,林,碧雲 林,Female,2002-11-03,user440.apple758@mail.com,001 22257284,育英巷671號,新竹,金門,394,HK,Hong Kong,GREATER_CHINA,Chinese,Consumer,None,2022-11-26,2022,NEW,True,MDM,2022-11-26 00:00:00,2026-04-17 15:58:41.212623
f8c84cf9-3398-41a0-a979-b9dd8053b52e,CUST-2022-HK-000134,碧霞,林,碧霞 林,Male,1983-07-31,user143.apple@hotmail.com,07-61752236,太平路771號,苗栗,頭份,515,HK,Hong Kong,GREATER_CHINA,Chinese,Consumer,None,2022-10-01,2022,NEW,True,MDM,2022-10-01 00:00:00,2026-04-17 15:58:41.212702
2244fd11-61b4-4442-905b-77c9f72f6d14,CUST-2022-HK-000135,惠玲,鐘,惠玲 鐘,Male,2001-02-21,user420.apple@outlook.com,0942577244,中興街755號,台南,台東市,198,HK,Hong Kong,GREATER_CHINA,Chinese,Consumer,None,2022-06-17,2022,NEW,True,MDM,2022-06-17 00:00:00,2026-04-17 15:58:41.212783
3225ebad-271e-4a00-89a5-3454fbc70314,CUST-2022-HK-000136,俊宏,邱,俊宏 邱,Female,1983-08-24,user612.apple@gmail.com,04-1177247,淡水巷693號,基隆,新營,165,HK,Hong Kong,GREATER_CHINA,Chinese,Business,Gold,2022-06-09,2022,NEW,True,MDM,2022-06-09 00:00:00,2026-04-17 15:58:41.212863
e6181538-ba53-42d8-bec3-3a67e2cd2621,CUST-2022-HK-000137,秀蓮,林,秀蓮 林,Male,1977-03-13,user950.apple@mail.com,03-50455214,光華街2號,鳳山市,中和,74216,HK,Hong Kong,GREATER_CHINA,Chinese,Consumer,None,2022-04-25,2022,NEW,True,MDM,2022-04-25 00:00:00,2026-04-17 15:58:41.212945
2d46b203-b07e-4bb3-a933-2265d3c3fd2e,CUST-2022-HK-000138,秋香,蔡,秋香 蔡,Female,1995-06-20,user475.apple@zoho.com,06 8548280,自立路145號,桃園,屏東市,62391,HK,Hong Kong,GREATER_CHINA,Chinese,Consumer,None,2022-07-26,2022,NEW,False,MDM,2022-07-26 00:00:00,2026-04-17 15:58:41.213028
236171e8-33ef-43f0-a3cf-04a1b124ce64,CUST-2022-HK-000139,淑慧,章,淑慧 章,Male,1995-10-15,user889.apple@gmail.com,06-1015997,紅樹林街43號,南投,豐原,716,HK,Hong Kong,GREATER_CHINA,Chinese,Consumer,Gold,2022-05-06,2022,NEW,True,MDM,2022-05-06 00:00:00,2026-04-17 15:58:41.213108
bb95e067-c3e4-408a-a2ad-9339b9bb9007,CUST-2022-HK-000140,秀華,張,秀華 張,Male,1973-01-03,user115.apple@mail.com,061 61334913,大智街23號,中和縣,花蓮市,57750,HK,Hong Kong,GREATER_CHINA,Chinese,Consumer,Platinum,2022-01-13,2022,NEW,True,MDM,2022-01-13 00:00:00,2026-04-17 15:58:41.213192
635040b6-9c14-493a-9e19-46e53979af5b,CUST-2022-HK-000141,秀琴,劉,秀琴 劉,Female,1954-10-05,user237.apple634@msn.com,0992479147,昆陽路1段161號,新竹,新營,30844,HK,Hong Kong,GREATER_CHINA,Chinese,Consumer,None,2022-04-17,2022,NEW,False,MDM,2022-04-17 00:00:00,2026-04-17 15:58:41.213273
da431cee-312a-4b18-bac5-c77eb64dea54,CUST-2022-HK-000142,玉美,許,玉美 許,Female,1958-05-31,user607.apple@msn.com,0972621682,建國街33號,彰化,蘆竹市,69721,HK,Hong Kong,GREATER_CHINA,Chinese,Consumer,Platinum,2022-01-30,2022,NEW,True,MDM,2022-01-30 00:00:00,2026-04-17 15:58:41.213355
b64ac039-2825-4a6e-b246-a872b3d6472b,CUST-2022-HK-000143,淑惠,陳,淑惠 陳,Male,1956-01-18,user975.apple@live.com,07-2485518,萬隆巷32號,彰化縣,宜蘭縣,51690,HK,Hong Kong,GREATER_CHINA,Chinese,Consumer,None,2022-10-13,2022,NEW,True,MDM,2022-10-13 00:00:00,2026-04-17 15:58:41.213438
b13ed2b2-2397-4e1f-b47b-31378b35907a,CUST-2022-HK-000144,明哲,鄭,明哲 鄭,Male,1951-01-08,user141.apple@aol.com,05 9491815,劍南路194號,中和,蘆洲市,83833,HK,Hong Kong,GREATER_CHINA,Chinese,Consumer,None,2022-11-17,2022,NEW,True,MDM,2022-11-17 00:00:00,2026-04-17 15:58:41.213520
af112cc8-b2ab-4120-a40c-34a80773b092,CUST-2022-HK-000145,秋月,陳,秋月 陳,Male,1956-05-03,user564.apple@zoho.com,03-89201643,景美街3段85號,梅山,草屯,326,HK,Hong Kong,GREATER_CHINA,Chinese,Business,Gold,2022-02-25,2022,NEW,True,MDM,2022-02-25 00:00:00,2026-04-17 15:58:41.213599
fcae7753-2b1d-44e2-b208-e1baa10a27e6,CUST-2022-HK-000146,淑玲,錢,淑玲 錢,Female,1959-01-30,user495.apple822@aol.com,(02) 56406747,西門路5號,白沙縣,臺東市,45990,HK,Hong Kong,GREATER_CHINA,Chinese,Consumer,None,2022-11-02,2022,NEW,True,MDM,2022-11-02 00:00:00,2026-04-17 15:58:41.213682
12a5c774-7abf-4786-8ddf-8446c3ab02c1,CUST-2022-HK-000147,雅婷,郭,雅婷 郭,Female,1975-11-19,user941.apple@aol.com,0911-704286,自強街736號,板橋縣,嘉義,768,HK,Hong Kong,GREATER_CHINA,Chinese,Consumer,None,2022-10-07,2022,NEW,True,MDM,2022-10-07 00:00:00,2026-04-17 15:58:41.213762
18d40993-8144-40ef-a1d4-58b0fe8c6a36,CUST-2022-HK-000148,怡婷,張,怡婷 張,Male,1953-07-13,user833.apple@icloud.com,053 83646471,太平巷6號,北港,雲林,527,HK,Hong Kong,GREATER_CHINA,Chinese,Consumer,None,2022-01-27,2022,NEW,True,MDM,2022-01-27 00:00:00,2026-04-17 15:58:41.213840
d405da62-3f0a-4f86-8bca-49ecfa581b4c,CUST-2022-HK-000149,美華,陳,美華 陳,Female,1969-10-07,user235.apple@live.com,(08) 65614255,大橋頭路25號,汐止,新北,450,HK,Hong Kong,GREATER_CHINA,Chinese,Consumer,Gold,2022-07-30,2022,NEW,True,MDM,2022-07-30 00:00:00,2026-04-17 15:58:41.213919
b1c2e57b-208e-4094-b2d7-af48e5896b87,CUST-2022-HK-000150,淑卿,謝,淑卿 謝,Female,1967-09-07,user805.apple@gmail.com,08-54846636,士林巷6號,三重市,光復,844,HK,Hong Kong,GREATER_CHINA,Chinese,Consumer,None,2022-04-21,2022,NEW,True,MDM,2022-04-21 00:00:00,2026-04-17 15:58:41.213998
b2daacc2-f4b5-4266-9054-ac9212630b82,CUST-2022-HK-000151,雅玲,楊,雅玲 楊,Female,1976-07-30,user373.apple@outlook.com,01-47935866,大坪街13號,梅山市,太保,640,HK,Hong Kong,GREATER_CHINA,Chinese,Consumer,Platinum,2022-10-30,2022,NEW,True,MDM,2022-10-30 00:00:00,2026-04-17 15:58:41.214079
1487303b-00e5-44de-943c-dd6f410bbfa7,CUST-2022-HK-000152,子豪,鍾,子豪 鍾,Male,1985-01-14,user872.apple@icloud.com,083 96054240,中華街56號,八德市,關山縣,463,HK,Hong Kong,GREATER_CHINA,Chinese,Consumer,None,2022-06-10,2022,NEW,True,MDM,2022-06-10 00:00:00,2026-04-17 15:58:41.214162
8c6ea45e-85d6-41fc-afe3-77bbd127900d,CUST-2022-HK-000153,俊明,廖,俊明 廖,Male,2006-12-14,user644.apple@msn.com,0967909402,民族路1號,新竹,橫山,672,HK,Hong Kong,GREATER_CHINA,Chinese,Consumer,Platinum,2022-03-09,2022,NEW,True,MDM,2022-03-09 00:00:00,2026-04-17 15:58:41.214239
fcfeb354-818f-4f06-83dc-a8a30c9a2294,CUST-2022-HK-000154,淑芬,陳,淑芬 陳,Female,1972-06-08,user680.apple@icloud.com,079 42036852,劍潭路879號,牡丹,蘆洲,52381,HK,Hong Kong,GREATER_CHINA,Chinese,Consumer,None,2022-07-10,2022,NEW,True,MDM,2022-07-10 00:00:00,2026-04-17 15:58:41.214320
c69ee6d0-5e7e-4e1f-8592-39c3ed51764f,CUST-2022-HK-000155,麗華,鄭,麗華 鄭,Female,1988-05-01,user176.apple137@protonmail.com,06-7919200,文山巷1號,蘆竹市,光復縣,798,HK,Hong Kong,GREATER_CHINA,Chinese,Consumer,Silver,2022-09-11,2022,NEW,True,MDM,2022-09-11 00:00:00,2026-04-17 15:58:41.214401
141d4a5d-81ff-4ee1-87f7-d7d22c002923,CUST-2022-HK-000156,佳穎,林,佳穎 林,Male,1997-12-17,user345.apple@aol.com,0958709909,大坪街1段5號,台南市,彰化,114,HK,Hong Kong,GREATER_CHINA,Chinese,Consumer,Silver,2022-08-25,2022,NEW,True,MDM,2022-08-25 00:00:00,2026-04-17 15:58:41.214480
f9652ffc-277b-4367-802d-c91583f40150,CUST-2022-HK-000157,秀珠,楊,秀珠 楊,Male,1960-07-29,user589.apple@icloud.com,09-5257202,新興街1段594號,褒忠市,楊梅縣,71106,HK,Hong Kong,GREATER_CHINA,Chinese,Consumer,None,2022-09-25,2022,NEW,True,MDM,2022-09-25 00:00:00,2026-04-17 15:58:41.214564
b8ad52a2-47c8-4768-bd71-11a5f851369a,CUST-2022-HK-000158,俊賢,陳,俊賢 陳,Male,1976-10-17,user247.apple@msn.com,(08) 14247747,成功巷5號,關山,頭份市,15081,HK,Hong Kong,GREATER_CHINA,Chinese,Consumer,Platinum,2022-10-19,2022,NEW,True,MDM,2022-10-19 00:00:00,2026-04-17 15:58:41.214645
a5b354d2-8f08-4102-9330-49f57b46501c,CUST-2022-HK-000159,家銘,張,家銘 張,Female,1961-06-04,user980.apple@yahoo.com,03-98743037,明德路18號,新營市,台南,157,HK,Hong Kong,GREATER_CHINA,Chinese,Consumer,None,2022-11-20,2022,NEW,True,MDM,2022-11-20 00:00:00,2026-04-17 15:58:41.214725
061780f3-624d-4daa-85c5-d3abb2c2d4e5,CUST-2022-HK-000160,美玉,楊,美玉 楊,Male,1965-08-19,user596.apple930@zoho.com,0973-206321,府中街20號,台中市,台東市,779,HK,Hong Kong,GREATER_CHINA,Chinese,Consumer,None,2022-06-04,2022,NEW,True,MDM,2022-06-04 00:00:00,2026-04-17 15:58:41.214807
cf3e31d3-eb42-42b6-873c-4aaff028a7c6,CUST-2022-HK-000161,淑芳,張,淑芳 張,Female,1957-07-28,user876.apple@yahoo.com,052 95781123,自由街60號,朴子,臺東,69118,HK,Hong Kong,GREATER_CHINA,Chinese,Consumer,None,2022-09-23,2022,NEW,True,MDM,2022-09-23 00:00:00,2026-04-17 15:58:41.214889
35c8ebfe-bcc7-44d5-8b86-69f6eb83e436,CUST-2022-HK-000162,美麗,賴,美麗 賴,Female,1953-03-28,user386.apple@gmail.com,0994869193,府中路384號,桃園,北竿,609,HK,Hong Kong,GREATER_CHINA,Chinese,Education,None,2022-09-24,2022,NEW,True,MDM,2022-09-24 00:00:00,2026-04-17 15:58:41.214969
976c745c-2c1f-41b4-b3ea-c3badbb9c97d,CUST-2022-HK-000163,俊雄,劉,俊雄 劉,Male,1983-10-21,user930.apple@outlook.com,0938-139790,五福巷7號,蘆竹縣,永和,936,HK,Hong Kong,GREATER_CHINA,Chinese,Consumer,Silver,2022-03-06,2022,NEW,False,MDM,2022-03-06 00:00:00,2026-04-17 15:58:41.215050
ca3ea920-2f86-482b-b9cd-d995860dcf42,CUST-2022-HK-000164,志誠,戴,志誠 戴,Male,1990-06-14,user767.apple@hotmail.com,08-2656253,忠孝路604號,樹林市,阿里山縣,231,HK,Hong Kong,GREATER_CHINA,Chinese,Business,None,2022-03-31,2022,NEW,True,MDM,2022-03-31 00:00:00,2026-04-17 15:58:41.215133
250938f8-bf31-40a2-b0e3-a228263c3505,CUST-2022-HK-000165,佳玲,胡,佳玲 胡,Female,1973-12-14,user617.apple@gmail.com,(05) 16129767,水源路7段916號,光復縣,竹田,625,HK,Hong Kong,GREATER_CHINA,Chinese,Business,None,2022-07-23,2022,NEW,True,MDM,2022-07-23 00:00:00,2026-04-17 15:58:41.215216
c9e14bb7-a423-4e3d-a3ff-5adfc168e9a9,CUST-2022-HK-000166,志雄,陳,志雄 陳,Female,1978-11-15,user906.apple@live.com,04-27800487,土城路56號,竹田,竹北縣,578,HK,Hong Kong,GREATER_CHINA,Chinese,Consumer,None,2022-11-20,2022,NEW,True,MDM,2022-11-20 00:00:00,2026-04-17 15:58:41.215297
08245c89-e4f8-40e1-abab-504251b3a744,CUST-2022-HK-000167,佳蓉,徐,佳蓉 徐,Male,1970-04-04,user567.apple@aol.com,05-1558140,華興路9號,新竹縣,台南,44827,HK,Hong Kong,GREATER_CHINA,Chinese,Consumer,Silver,2022-01-06,2022,NEW,True,MDM,2022-01-06 00:00:00,2026-04-17 15:58:41.215378
1c7a8d9f-f40e-4c13-a9b3-55dabd461d07,CUST-2022-HK-000168,美英,曾,美英 曾,Male,1998-04-26,user907.apple@mail.com,0944458789,光明巷1號,臺中縣,彰化,59377,HK,Hong Kong,GREATER_CHINA,Chinese,Consumer,Gold,2022-05-26,2022,NEW,True,MDM,2022-05-26 00:00:00,2026-04-17 15:58:41.215458
281b08ea-7c11-41fb-8509-437011cc5a00,CUST-2022-HK-000169,怡君,邱,怡君 邱,Female,1958-05-04,user482.apple@icloud.com,0963-199486,土城路3號,臺中,楊梅縣,11307,HK,Hong Kong,GREATER_CHINA,Chinese,Consumer,Silver,2022-07-03,2022,NEW,True,MDM,2022-07-03 00:00:00,2026-04-17 15:58:41.215538
6e1f5ff3-00d1-4b9c-9951-058fbc7b3b06,CUST-2022-HK-000170,美華,周,美華 周,Female,1969-11-04,user450.apple@protonmail.com,01-11772425,奇岩路35號,太平,三重,588,HK,Hong Kong,GREATER_CHINA,Chinese,Consumer,None,2022-01-21,2022,NEW,True,MDM,2022-01-21 00:00:00,2026-04-17 15:58:41.215616
0c34048c-2d54-40be-8fba-c2e9d91497a7,CUST-2022-HK-000171,金蓮,朱,金蓮 朱,Male,1969-06-08,user313.apple@yahoo.com,0901-222228,中山巷13號,嘉義,雲林,22928,HK,Hong Kong,GREATER_CHINA,Chinese,Consumer,Silver,2022-07-17,2022,NEW,True,MDM,2022-07-17 00:00:00,2026-04-17 15:58:41.215697
815f5909-7e8f-4967-bbee-81782cc98394,CUST-2022-HK-000172,美玲,曾,美玲 曾,Female,2001-10-16,user246.apple@hotmail.com,084 37119209,萬隆街61號,蘆竹縣,台東縣,117,HK,Hong Kong,GREATER_CHINA,Chinese,Consumer,Platinum,2022-07-12,2022,NEW,False,MDM,2022-07-12 00:00:00,2026-04-17 15:58:41.215780
