customer_id,customer_number,first_name,last_name,full_name,gender,date_of_birth,email,phone_number,street_address,city,state_province,postal_code,country_code,country_name,region,preferred_language,customer_segment,loyalty_tier,registration_date,acquisition_year,customer_type,is_active,source_system,created_at,updated_at
08115551-baa3-4036-a12b-0d85bac4f2bd,CUST-2020-UK-000664,Owen,Ali,Owen Ali,Female,1962-06-16,owen.ali@icloud.com,+44306 999 0865,20 Kayleigh junctions,North Danny,Port Charlesmouth,E1E 1TW,UK,United Kingdom,EMEA,English,Consumer,Gold,2020-10-04,2020,RETURNING,True,MDM,2020-10-04 00:00:00,2026-04-17 15:58:35.887173
e178f877-38d4-47a6-a653-5bf2bbcd5824,CUST-2019-UK-000907,Ashley,Jordan,Ashley Jordan,Male,1976-07-04,ashley.jordan@outlook.com,0306 9990239,89 Armstrong rapids,Liamstad,New Sianport,BN10 6RU,UK,United Kingdom,EMEA,English,Consumer,Platinum,2019-12-15,2019,RETURNING,True,MDM,2019-12-15,2026-04-17 15:58:35.887179
7ceb5473-e970-4195-9de3-85a83560a58f,CUST-2019-UK-000323,Sandra,Clarke,Sandra Clarke,Male,2003-07-04,sandra.clarke@mail.com,+44116 496 0421,299 Tracey circles,O'Sullivanberg,West Amber,CB77 0HY,UK,United Kingdom,EMEA,English,Education,Platinum,2019-10-26,2019,RETURNING,False,MDM,2019-10-26,2026-04-17 15:58:35.887181
bf0b823c-bcab-4c94-88c4-2bc7a2262456,CUST-2019-UK-002274,Charlene,Brown,Charlene Brown,Male,1954-12-15,charlene.brown@zoho.com,0306 9990292,71 Fiona union,Port Christopher,East Mohammedside,HG4 1UB,UK,United Kingdom,EMEA,English,Consumer,None,2019-01-20,2019,RETURNING,True,MDM,2019-01-20,2026-04-17 15:58:35.887185
3803a6f1-b045-4916-8133-216de1babce8,CUST-2019-UK-002366,Carly,Anderson,Carly Anderson,Male,1956-04-14,carly.anderson@mail.com,+441914960224,126 Brett rapids,Hughville,Woodside,RM37 4BG,UK,United Kingdom,EMEA,English,Consumer,None,2019-09-12,2019,RETURNING,True,MDM,2019-09-12,2026-04-17 15:58:35.887187
db53f7dd-679f-4acc-827e-fbf05e7d79fa,CUST-2020-UK-000227,Lewis,Grant,Lewis Grant,Female,1985-11-19,lewis.grant@hotmail.com,01144960242,97 Caroline port,Elaineville,North Denisehaven,M1 3JJ,UK,United Kingdom,EMEA,English,Business,Platinum,2020-08-15,2020,RETURNING,True,MDM,2020-08-15 00:00:00,2026-04-17 15:58:35.887189
63b9a27d-1860-407b-8ff4-c2aa8690a85d,CUST-2019-UK-002317,Lynn,Pugh,Lynn Pugh,Male,1975-03-26,lynn.pugh876@mail.com,+44(0)808 1570290,4 McDonald valley,Buckleyhaven,West Grace,LS7 6SR,UK,United Kingdom,EMEA,English,Consumer,Silver,2019-04-25,2019,RETURNING,True,MDM,2019-04-25,2026-04-17 15:58:35.887190
4feae8a0-2b0c-48ac-a02b-8506744b2872,CUST-2019-UK-001883,Reece,Jones,Reece Jones,Male,1997-10-30,reece.jones@aol.com,+44(0)191 4960416,55 Samuel via,Alexmouth,South Gailchester,GU4A 6UH,UK,United Kingdom,EMEA,English,Consumer,None,2019-12-04,2019,RETURNING,True,MDM,2019-12-04,2026-04-17 15:58:35.887192
bb9fec73-fff3-4f53-a379-5d65a20d6b8d,CUST-2019-UK-000020,Steven,Barrett,Steven Barrett,Female,1969-04-13,steven.barrett@yahoo.com,0115 496 0015,5 Patel terrace,Simpsonborough,Port Christian,L0D 3FP,UK,United Kingdom,EMEA,English,Business,None,2019-10-30,2019,RETURNING,True,MDM,2019-10-30,2026-04-17 15:58:35.887194
110fdfd5-5ffa-44e8-8071-1830f153d29d,CUST-2020-UK-000691,Kimberley,Jackson,Kimberley Jackson,Male,1968-05-01,kimberley.jackson@gmx.com,+44114 4960603,"Studio 40
Richard canyon",Simsville,Lake Georgefort,OX1 3WU,UK,United Kingdom,EMEA,English,Consumer,Gold,2020-09-27,2020,RETURNING,True,MDM,2020-09-27 00:00:00,2026-04-17 15:58:35.887196
f1d312d6-2bbc-4393-b15f-5d00da377a3e,CUST-2020-UK-000224,Shaun,Evans,Shaun Evans,Female,1995-07-31,shaun.evans@protonmail.com,(0909) 8790731,1 Lynne glens,Charltonport,Sheppardton,HD5X 2EB,UK,United Kingdom,EMEA,English,Consumer,Gold,2020-06-17,2020,RETURNING,True,MDM,2020-06-17 00:00:00,2026-04-17 15:58:35.887197
5ca2c9aa-759f-4349-9880-d52fb6aba7ea,CUST-2019-UK-000868,Nathan,Gallagher,Nathan Gallagher,Male,1987-04-02,nathan.gallagher233@yahoo.com,0114 496 0717,"Flat 2
Bates center",Robertston,Stuartville,TN2 3NA,UK,United Kingdom,EMEA,English,Consumer,Gold,2019-02-12,2019,RETURNING,True,MDM,2019-02-12,2026-04-17 15:58:35.887199
f668f3d4-8fe8-4cc3-9480-5ea90ea332de,CUST-2019-UK-001999,Francis,Edwards,Francis Edwards,Female,1976-08-01,francis.edwards284@hotmail.com,+44(0)3069990286,"Studio 61
Sally ridges",Wayneton,Bakerview,B2H 3ZT,UK,United Kingdom,EMEA,English,Consumer,Gold,2019-09-22,2019,RETURNING,False,MDM,2019-09-22,2026-04-17 15:58:35.887200
bc0fdbe7-9067-4432-9125-1f2089c5fffb,CUST-2019-UK-000251,Linda,Harvey,Linda Harvey,Male,1967-03-25,linda.harvey@hotmail.com,029 2018 0630,"Studio 6
Billy spurs",Billymouth,Coxmouth,DY7 1WD,UK,United Kingdom,EMEA,English,Business,None,2019-09-24,2019,RETURNING,True,MDM,2019-09-24,2026-04-17 15:58:35.887202
5c70be86-eedf-40ac-8f7e-0ecbdf94b052,CUST-2020-UK-000299,Fiona,Walker,Fiona Walker,Female,2004-03-18,fiona.walker@outlook.com,+44131 496 0201,"Flat 75o
Lewis streets",Bibiside,Adamside,B2U 9AE,UK,United Kingdom,EMEA,English,Business,None,2020-09-16,2020,RETURNING,True,MDM,2020-09-16 00:00:00,2026-04-17 15:58:35.887205
a9f842a1-edec-4ce3-877b-3896eb90960f,CUST-2019-UK-001898,Anthony,Noble,Anthony Noble,Male,2003-01-23,anthony.noble@protonmail.com,(0161) 496 0671,"Studio 2
Catherine stravenue",Port Denisburgh,New Paulaland,M6C 8NF,UK,United Kingdom,EMEA,English,Consumer,None,2019-12-31,2019,RETURNING,True,MDM,2019-12-31,2026-04-17 15:58:35.887207
b6b7a94e-8013-40a7-ae3b-93097b8b923c,CUST-2020-UK-000362,Jemma,John,Jemma John,Female,1977-11-14,jemma.john@mail.com,(0306) 999 0604,1 Thompson radial,East Rossmouth,Lake Nicholas,FK14 5TD,UK,United Kingdom,EMEA,English,Business,Gold,2020-11-02,2020,RETURNING,True,MDM,2020-11-02 00:00:00,2026-04-17 15:58:35.887208
1f741840-490e-494e-a2c8-365df9634aeb,CUST-2019-UK-002290,Lynda,Barker,Lynda Barker,Male,2004-01-25,lynda.barker336@gmx.com,+44161 4960211,"Flat 36B
Linda crescent",Morganport,Nashfurt,L5S 2FE,UK,United Kingdom,EMEA,English,Consumer,None,2019-05-30,2019,RETURNING,True,MDM,2019-05-30,2026-04-17 15:58:35.887210
c99dedb9-30ca-47ae-a0dd-561e9654c470,CUST-2019-UK-001556,Janice,O'Brien,Janice O'Brien,Male,2005-08-30,janice.o'brien@aol.com,+44808 1570089,"Studio 4
Smith island",East Joeland,Vanessaside,RG3M 7YW,UK,United Kingdom,EMEA,English,Education,Platinum,2019-05-14,2019,RETURNING,True,MDM,2019-05-14,2026-04-17 15:58:35.887212
9eaeaefc-ebc6-40c7-bf92-0d05ed0ad768,CUST-2020-UK-000049,Cheryl,Cross,Cheryl Cross,Female,1952-07-16,cheryl.cross@gmx.com,(0116) 496 0342,90 Griffiths route,Kieranmouth,West Marian,SP4 9SJ,UK,United Kingdom,EMEA,English,Consumer,None,2020-04-26,2020,RETURNING,True,MDM,2020-04-26 00:00:00,2026-04-17 15:58:35.887214
9bc8dc7a-34eb-4d1e-8c07-5b70e4bdce79,CUST-2019-UK-000028,Kayleigh,Turner,Kayleigh Turner,Male,1980-07-18,kayleigh.turner@icloud.com,+44(0)1514960555,00 Evans divide,Taylorstad,New Paulaville,B4 2DU,UK,United Kingdom,EMEA,English,Consumer,Silver,2019-03-19,2019,RETURNING,True,MDM,2019-03-19,2026-04-17 15:58:35.887215
8c229a26-4469-49f2-883b-032c2f0ffdc5,CUST-2019-UK-001477,Bradley,Law,Bradley Law,Female,1984-06-23,bradley.law131@aol.com,+449098790342,"Studio 7
Scott stravenue",Port Justinland,South Ericfort,KY6 5UU,UK,United Kingdom,EMEA,English,Consumer,None,2019-10-07,2019,RETURNING,True,MDM,2019-10-07,2026-04-17 15:58:35.887217
c7ad1493-bf93-432e-83ad-9ddf066785de,CUST-2019-UK-002280,Steven,Barrett,Steven Barrett,Male,1994-03-09,steven.barrett@live.com,(0118)4960255,"Flat 80
Griffin inlet",Lake Steven,Matthewsview,S6 5NE,UK,United Kingdom,EMEA,English,Consumer,Gold,2019-01-04,2019,RETURNING,True,MDM,2019-01-04,2026-04-17 15:58:35.887219
00957435-fcfc-4825-9fcb-c231d236fc22,CUST-2019-UK-000632,Lydia,Edwards,Lydia Edwards,Female,1951-10-21,lydia.edwards@outlook.com,+443069990286,"Studio 81
Keith grove",North Mark,Lake Reece,DY1 9SX,UK,United Kingdom,EMEA,English,Consumer,Silver,2019-01-10,2019,RETURNING,True,MDM,2019-01-10,2026-04-17 15:58:35.887220
014b5ba5-9f19-42fd-b55e-fc29c7b912ab,CUST-2019-UK-001083,Brian,Simmons,Brian Simmons,Male,1959-06-27,brian.simmons963@gmail.com,+44113 496 0826,"Flat 0
Birch parkway",East Glenn,Jonathanmouth,LN1E 5SU,UK,United Kingdom,EMEA,English,Consumer,Silver,2019-09-09,2019,RETURNING,True,MDM,2019-09-09,2026-04-17 15:58:35.887221
674cdc38-6418-4366-95cd-8cf967c75f23,CUST-2020-UK-000168,Kyle,Stevens,Kyle Stevens,Male,1956-11-08,kyle.stevens@gmail.com,+44(0)1414960201,592 Jones mount,Brownton,South Debra,CF13 6BQ,UK,United Kingdom,EMEA,English,Consumer,Gold,2020-02-09,2020,RETURNING,True,MDM,2020-02-09 00:00:00,2026-04-17 15:58:35.887223
ce3fd0a7-1d44-462c-a774-ecab9518dac6,CUST-2019-UK-001796,Malcolm,Davis,Malcolm Davis,Female,1970-01-20,malcolm.davis@zoho.com,(0113) 4960858,"Studio 92
Tucker corner",Lake Rita,East Abdulland,JE6 0EB,UK,United Kingdom,EMEA,English,Business,Silver,2019-04-16,2019,RETURNING,True,MDM,2019-04-16,2026-04-17 15:58:35.887224
524e9ad5-8fd6-48b1-80ac-b9474138d79e,CUST-2019-UK-000988,Andrew,Singh,Andrew Singh,Female,1974-12-28,andrew.singh@gmx.com,01174960264,45 Bradshaw knolls,Clarkechester,South Janet,SN3 6GT,UK,United Kingdom,EMEA,English,Business,None,2019-05-05,2019,RETURNING,True,MDM,2019-05-05,2026-04-17 15:58:35.887226
babc0034-a90f-4dc4-a0ec-88eae0ef43c5,CUST-2019-UK-000257,Kevin,Dobson,Kevin Dobson,Female,1959-07-04,kevin.dobson@aol.com,+44(0)1314960281,830 Clive trafficway,Lake Lydiafurt,Lake Timothyland,CV7 6ZQ,UK,United Kingdom,EMEA,English,Education,None,2019-10-28,2019,RETURNING,True,MDM,2019-10-28,2026-04-17 15:58:35.887228
bfd0ee9a-a2bb-4112-89e1-76774b8862cf,CUST-2019-UK-000825,Ian,Thompson,Ian Thompson,Male,1975-09-26,ian.thompson632@gmx.com,(0306) 9990837,607 Olivia mill,East Nathan,New Sylvia,PO8B 0NX,UK,United Kingdom,EMEA,English,Consumer,Silver,2019-05-12,2019,RETURNING,True,MDM,2019-05-12,2026-04-17 15:58:35.887229
126d5ee0-eef1-4eb6-811d-edbc491e246c,CUST-2020-UK-000735,Kerry,Davidson,Kerry Davidson,Male,1965-09-19,kerry.davidson307@mail.com,+44(0)1174960625,"Flat 4
Chapman turnpike",Butlerside,Port Louisefurt,KT60 4YL,UK,United Kingdom,EMEA,English,Consumer,None,2020-05-18,2020,RETURNING,True,MDM,2020-05-18 00:00:00,2026-04-17 15:58:35.887231
f7a6df82-5eb9-4ec1-85e0-40fcfffd06ce,CUST-2020-UK-000200,Kenneth,Carroll,Kenneth Carroll,Female,1974-07-10,kenneth.carroll@yahoo.com,(0114) 496 0022,"Studio 3
Kemp shoals",New Josephine,Mitchellville,SE0W 8UT,UK,United Kingdom,EMEA,English,Education,Silver,2020-05-09,2020,RETURNING,True,MDM,2020-05-09 00:00:00,2026-04-17 15:58:35.887232
77907929-355b-453f-a8b9-e779259da67b,CUST-2019-UK-000088,Sandra,Coleman,Sandra Coleman,Male,1954-08-31,sandra.coleman767@gmx.com,0115 496 0412,"Flat 11
Fraser lights",Marshallside,New Dylan,CR8W 9WZ,UK,United Kingdom,EMEA,English,Business,Gold,2019-06-01,2019,RETURNING,True,MDM,2019-06-01,2026-04-17 15:58:35.887234
1d351db1-8c41-41f4-bd0f-f7fd65bbb775,CUST-2020-UK-000518,Caroline,Hobbs,Caroline Hobbs,Male,2004-11-05,caroline.hobbs@aol.com,(0115)4960479,948 Donna way,North Lindsey,East Gerald,G2U 7AY,UK,United Kingdom,EMEA,English,Consumer,None,2020-08-07,2020,RETURNING,True,MDM,2020-08-07 00:00:00,2026-04-17 15:58:35.887236
ed0a0c65-5fdc-42d9-837c-98c642d9efc4,CUST-2020-UK-000134,Kerry,Robinson,Kerry Robinson,Female,1978-01-31,kerry.robinson@outlook.com,+44(0)20 7496 0468,983 Davis knoll,Hamiltontown,Port Katehaven,HR1X 4YH,UK,United Kingdom,EMEA,English,Business,None,2020-11-27,2020,RETURNING,True,MDM,2020-11-27 00:00:00,2026-04-17 15:58:35.887237
d262c98e-2eda-4497-af21-b61e1e64d33c,CUST-2019-UK-001906,Alex,Singh,Alex Singh,Female,1968-05-05,alex.singh@aol.com,+44(0)1154960872,25 Allan lake,Saundersbury,Johnsonburgh,PL44 2JJ,UK,United Kingdom,EMEA,English,Business,None,2019-09-09,2019,RETURNING,True,MDM,2019-09-09,2026-04-17 15:58:35.887239
9c0ca28c-6b52-4b8c-91c5-0ffc6e1f95ff,CUST-2019-UK-002341,Adrian,Ford,Adrian Ford,Male,1959-02-08,adrian.ford857@protonmail.com,(0116) 4960833,209 Jones run,Walkerfort,Stewartport,ZE9 9DR,UK,United Kingdom,EMEA,English,Consumer,Gold,2019-05-15,2019,RETURNING,True,MDM,2019-05-15,2026-04-17 15:58:35.887241
a4dc4df8-2ef9-4924-b7e9-828124a5526c,CUST-2019-UK-002395,Kirsty,Bentley,Kirsty Bentley,Male,2004-04-13,kirsty.bentley452@outlook.com,(0121) 496 0603,"Studio 37s
Joyce shore",Deanburgh,Lake Jill,B4 3DL,UK,United Kingdom,EMEA,English,Business,None,2019-07-05,2019,RETURNING,True,MDM,2019-07-05,2026-04-17 15:58:35.887243
ff3bea8a-6f83-4920-acfc-6ebd6f90ca12,CUST-2020-UK-000381,Edward,Wilson,Edward Wilson,Female,1974-02-03,edward.wilson705@zoho.com,02074960992,624 Moran drive,East Jonathanchester,Dixonfurt,FK02 3WH,UK,United Kingdom,EMEA,English,Business,Platinum,2020-02-10,2020,RETURNING,True,MDM,2020-02-10 00:00:00,2026-04-17 15:58:35.887244
c3e9371c-350e-4e6c-983e-c0315fa84067,CUST-2019-UK-001402,Irene,Henderson,Irene Henderson,Male,1985-06-19,irene.henderson@icloud.com,+44(0)121 4960645,"Studio 57
Wheeler avenue",Lake Stanley,McLeanborough,TF0 2WD,UK,United Kingdom,EMEA,English,Consumer,None,2019-12-02,2019,RETURNING,True,MDM,2019-12-02,2026-04-17 15:58:35.887246
7b0bad94-39d7-4bca-b8e3-eb40ddbc9321,CUST-2020-UK-000511,Samuel,Hutchinson,Samuel Hutchinson,Male,1964-11-02,samuel.hutchinson@zoho.com,+44(0)29 2018 0207,"Studio 3
Cook pass",Hillton,Fionamouth,PR8P 6ZU,UK,United Kingdom,EMEA,English,Consumer,None,2020-12-28,2020,RETURNING,True,MDM,2020-12-28 00:00:00,2026-04-17 15:58:35.887248
63122797-0f32-4b26-8a89-1e1f7929a5d7,CUST-2019-UK-002378,Scott,Little,Scott Little,Male,1977-05-26,scott.little95@outlook.com,+44115 496 0686,14 Powell roads,Burtonside,Denisfurt,BB19 8AG,UK,United Kingdom,EMEA,English,Education,Gold,2019-09-15,2019,RETURNING,True,MDM,2019-09-15,2026-04-17 15:58:35.887249
e32b35cd-a9dc-49fd-a597-b133b7ecec1e,CUST-2020-UK-000169,George,Clayton,George Clayton,Male,1977-08-21,george.clayton@gmx.com,+44114 496 0579,419 Morgan village,West John,Port Abigailmouth,LA9Y 6RP,UK,United Kingdom,EMEA,English,Education,Silver,2020-09-08,2020,RETURNING,False,MDM,2020-09-08 00:00:00,2026-04-17 15:58:35.887251
cc0393dc-f50a-46b6-96c1-0e2bb86372f6,CUST-2019-UK-001371,Robin,Webb,Robin Webb,Female,1993-10-21,robin.webb271@protonmail.com,(0121) 496 0229,"Studio 37
Elizabeth station",O'Brienmouth,Patriciafurt,S2 7JS,UK,United Kingdom,EMEA,English,Consumer,Gold,2019-01-01,2019,RETURNING,True,MDM,2019-01-01,2026-04-17 15:58:35.887252
78433000-52f0-4379-a4d5-84ed29742d11,CUST-2019-UK-001520,Tracy,Bryan,Tracy Bryan,Female,1978-10-18,tracy.bryan@hotmail.com,+44141 496 0691,"Studio 9
Marshall fords",Port Chloe,Kempmouth,FK10 3RB,UK,United Kingdom,EMEA,English,Consumer,Platinum,2019-04-02,2019,RETURNING,True,MDM,2019-04-02,2026-04-17 15:58:35.887253
3a51291c-7241-498a-9d8d-5fbbb267e086,CUST-2020-UK-000240,Alison,Taylor,Alison Taylor,Female,1954-09-27,alison.taylor@live.com,+44115 496 0775,"Flat 76
O'Connor dam",New Bethany,West Elaine,SP3A 3XB,UK,United Kingdom,EMEA,English,Consumer,Gold,2020-08-28,2020,RETURNING,True,MDM,2020-08-28 00:00:00,2026-04-17 15:58:35.887255
d5edb607-bfc4-4c19-8ab3-dacdfbbfdeba,CUST-2019-UK-000375,Joanne,Ross,Joanne Ross,Female,1976-07-17,joanne.ross@outlook.com,(0909)8790422,332 Jodie mill,West Tonymouth,West Craigside,B10 0YE,UK,United Kingdom,EMEA,English,Consumer,Platinum,2019-11-11,2019,RETURNING,True,MDM,2019-11-11,2026-04-17 15:58:35.887256
f41d9684-e350-4ba1-854b-9e69d2a7f6fe,CUST-2019-UK-000609,Darren,Clarke,Darren Clarke,Male,1997-11-01,darren.clarke289@zoho.com,+44(0)20 74960380,"Flat 43
Thompson alley",Port Joannetown,Nicolastad,FY68 3HB,UK,United Kingdom,EMEA,English,Consumer,Silver,2019-03-14,2019,RETURNING,True,MDM,2019-03-14,2026-04-17 15:58:35.887257
21533cf4-3834-4f8f-ae06-d3153fa48b1c,CUST-2020-UK-000459,Kieran,Cross,Kieran Cross,Female,1957-04-26,kieran.cross747@live.com,+449098790245,97 Victor ways,North Glennfort,Alexandraview,E9A 4SX,UK,United Kingdom,EMEA,English,Consumer,None,2020-09-05,2020,RETURNING,True,MDM,2020-09-05 00:00:00,2026-04-17 15:58:35.887259
f349701b-1fce-469f-927b-a5651b4903c9,CUST-2019-UK-002178,Bryan,Tomlinson,Bryan Tomlinson,Female,2006-09-13,bryan.tomlinson@live.com,+4428 9018 0790,637 Anderson lake,North Eileenhaven,Bradleyberg,L5F 1SS,UK,United Kingdom,EMEA,English,Consumer,Gold,2019-11-28,2019,RETURNING,True,MDM,2019-11-28,2026-04-17 15:58:35.887260
8e2d90b8-023c-4d10-a8d6-13e967589a7c,CUST-2019-UK-001497,Carl,Smith,Carl Smith,Female,1955-08-15,carl.smith284@msn.com,+44(0)1174960213,"Studio 36
Fox ports",West Carl,East Oliver,WA0M 8XN,UK,United Kingdom,EMEA,English,Consumer,Platinum,2019-07-15,2019,RETURNING,True,MDM,2019-07-15,2026-04-17 15:58:35.887262
bb3e9885-3610-45d6-9ce7-162623f66b7a,CUST-2019-UK-000891,Yvonne,Gregory,Yvonne Gregory,Female,1994-01-17,yvonne.gregory@mail.com,(0191)4960235,"Studio 04
Richards tunnel",Patelberg,Barnesbury,N6U 5DR,UK,United Kingdom,EMEA,English,Consumer,None,2019-04-24,2019,RETURNING,True,MDM,2019-04-24,2026-04-17 15:58:35.887264
7bd6ee84-231e-4f48-bd05-df40767e9eb0,CUST-2019-UK-002016,Paige,Read,Paige Read,Female,1985-03-22,paige.read@gmx.com,(0121) 4960968,55 Brett view,Port Lydiastad,New Wayneview,OX4 7BY,UK,United Kingdom,EMEA,English,Consumer,None,2019-03-21,2019,RETURNING,True,MDM,2019-03-21,2026-04-17 15:58:35.887266
445dd66f-2ca2-4555-9974-5cecd5ba2c18,CUST-2019-UK-000733,Mitchell,Green,Mitchell Green,Male,1963-02-21,mitchell.green28@mail.com,+44(0)1214960394,159 Martyn lane,Hillchester,Lake Sheila,LN2B 6DH,UK,United Kingdom,EMEA,English,Business,None,2019-03-01,2019,RETURNING,True,MDM,2019-03-01,2026-04-17 15:58:35.887267
f8e0277c-fe61-44e5-9da2-5649577aab68,CUST-2020-UK-000176,Natalie,Ryan,Natalie Ryan,Male,1978-04-28,natalie.ryan@zoho.com,+44(0)191 496 0124,280 Garry ways,Port Jonathan,North Nigel,G0J 6RB,UK,United Kingdom,EMEA,English,Consumer,None,2020-08-18,2020,RETURNING,True,MDM,2020-08-18 00:00:00,2026-04-17 15:58:35.887269
83e5d37d-a10d-42f4-bd71-04b769fec725,CUST-2019-UK-001403,Rachael,Russell,Rachael Russell,Female,1977-07-27,rachael.russell694@msn.com,+44(0)1614960067,"Flat 0
Sims alley",Port Julianberg,Donnastad,NG74 2WS,UK,United Kingdom,EMEA,English,Consumer,Platinum,2019-08-16,2019,RETURNING,True,MDM,2019-08-16,2026-04-17 15:58:35.887270
fa311eec-8b2c-4e23-a334-ddacc8a12ca6,CUST-2019-UK-001171,Pamela,Turner,Pamela Turner,Male,1972-07-11,pamela.turner@gmx.com,029 2018 0952,548 Holden rest,Dennishaven,Georgeview,N49 7AF,UK,United Kingdom,EMEA,English,Consumer,Silver,2019-10-01,2019,RETURNING,True,MDM,2019-10-01,2026-04-17 15:58:35.887272
73634dc4-0f63-4d0b-8cd3-007aadbd9a07,CUST-2019-UK-001334,Nicole,Ali,Nicole Ali,Male,2005-06-13,nicole.ali28@icloud.com,0808 1570191,"Flat 7
Jarvis ramp",Lake Bradley,Seanberg,SS76 7NW,UK,United Kingdom,EMEA,English,Consumer,None,2019-11-20,2019,RETURNING,True,MDM,2019-11-20,2026-04-17 15:58:35.887274
4301ca46-25f9-423b-9048-ad39a34e6167,CUST-2019-UK-001002,Amelia,Collins,Amelia Collins,Male,2002-05-09,amelia.collins@outlook.com,+44(0)1134960712,"Flat 6
Clements rue",Lake Hazelchester,New Rebecca,N9 6NQ,UK,United Kingdom,EMEA,English,Business,Gold,2019-04-25,2019,RETURNING,True,MDM,2019-04-25,2026-04-17 15:58:35.887276
a93952d0-2c40-4b91-921f-ef0662729497,CUST-2019-UK-002286,Hannah,Adams,Hannah Adams,Female,1978-01-06,hannah.adams351@yahoo.com,(0121)4960599,"Studio 77U
Cheryl fork",Hallbury,Dobsonmouth,L3 5LP,UK,United Kingdom,EMEA,English,Consumer,Silver,2019-06-22,2019,RETURNING,True,MDM,2019-06-22,2026-04-17 15:58:35.887277
1f6b0d03-d5c7-4d2c-95f6-11a8dbe803f4,CUST-2019-UK-001168,Jayne,Edwards,Jayne Edwards,Male,2007-09-19,jayne.edwards@yahoo.com,(0116) 4960518,"Flat 25H
Paige mill",Priceborough,Johnsonfurt,L93 8QF,UK,United Kingdom,EMEA,English,Consumer,None,2019-01-13,2019,RETURNING,True,MDM,2019-01-13,2026-04-17 15:58:35.887279
6f814ff8-3dfc-4ff1-9e61-43de8188002d,CUST-2020-UK-000020,Gillian,Patterson,Gillian Patterson,Female,1985-08-07,gillian.patterson@mail.com,+4420 7496 0861,"Flat 4
Lee stravenue",Lake Sylvia,Natalieland,M67 9PU,UK,United Kingdom,EMEA,English,Business,None,2020-11-07,2020,RETURNING,True,MDM,2020-11-07 00:00:00,2026-04-17 15:58:35.887281
721705cc-ae33-4865-9cab-818bd4de82a6,CUST-2019-UK-000815,Paula,Jackson,Paula Jackson,Female,1999-08-26,paula.jackson@msn.com,+44(0)306 9990607,"Studio 27
Ashleigh brooks",Lisaport,Abigailmouth,G47 2AY,UK,United Kingdom,EMEA,English,Consumer,None,2019-11-03,2019,RETURNING,True,MDM,2019-11-03,2026-04-17 15:58:35.887282
13eda91a-f2d2-42c5-8b4f-d50a08ca2937,CUST-2019-UK-001176,Daniel,Dodd,Daniel Dodd,Male,1999-01-09,daniel.dodd342@yahoo.com,+441174960917,06 Hayes highway,Georginafurt,South Fionaburgh,W9F 3XP,UK,United Kingdom,EMEA,English,Consumer,Platinum,2019-09-14,2019,RETURNING,True,MDM,2019-09-14,2026-04-17 15:58:35.887284
4c3236c1-01ae-452b-a9a1-10009c350436,CUST-2019-UK-000862,Charles,Cooper,Charles Cooper,Female,1956-01-25,charles.cooper@yahoo.com,+44(0)292018118,67 Armstrong ports,Chelsealand,East Nicoleland,CA4M 3XH,UK,United Kingdom,EMEA,English,Consumer,Silver,2019-04-06,2019,RETURNING,True,MDM,2019-04-06,2026-04-17 15:58:35.887285
367f6beb-bc69-45b0-a505-72901fc75c0c,CUST-2020-UK-000170,Dylan,Hill,Dylan Hill,Female,1953-03-01,dylan.hill@protonmail.com,+442074960379,"Flat 71
Maurice village",Port Barbaraside,Lake Maureen,KA3 8WD,UK,United Kingdom,EMEA,English,Consumer,None,2020-02-19,2020,RETURNING,True,MDM,2020-02-19 00:00:00,2026-04-17 15:58:35.887287
a921fd92-d8b5-4637-93cc-d44f40ff6435,CUST-2019-UK-000529,Jill,Pope,Jill Pope,Male,1984-04-02,jill.pope@protonmail.com,+44(0)115 4960082,663 Page dam,Jasonborough,New Benjaminfort,W0T 8QQ,UK,United Kingdom,EMEA,English,Consumer,Silver,2019-12-30,2019,RETURNING,True,MDM,2019-12-30,2026-04-17 15:58:35.887289
e23f6d57-10fe-40e8-be67-a2be25888424,CUST-2019-UK-001287,Max,Green,Max Green,Female,2007-06-14,max.green@outlook.com,+44(0)116 4960368,"Studio 2
Dale rue",Jonesville,Cartermouth,OL6W 3XB,UK,United Kingdom,EMEA,English,Consumer,None,2019-12-24,2019,RETURNING,True,MDM,2019-12-24,2026-04-17 15:58:35.887290
f4c4aa05-705b-4a12-b18a-1d5b82424073,CUST-2020-UK-000739,Brett,Morris,Brett Morris,Male,1966-08-03,brett.morris@mail.com,0131 4960191,2 Marie tunnel,Burtonland,East Mollyside,BN3 4XH,UK,United Kingdom,EMEA,English,Business,Silver,2020-02-12,2020,RETURNING,True,MDM,2020-02-12 00:00:00,2026-04-17 15:58:35.887292
d4d3950b-9948-4d81-9738-e59c7487a9b1,CUST-2020-UK-000452,Barbara,Singh,Barbara Singh,Male,1952-12-19,barbara.singh@msn.com,+44(0)28 9018916,"Flat 0
Hannah summit",Lake Phillipville,Walkerland,W7H 8GW,UK,United Kingdom,EMEA,English,Consumer,None,2020-08-31,2020,RETURNING,True,MDM,2020-08-31 00:00:00,2026-04-17 15:58:35.887293
4060cf12-c01b-4e33-b988-05ccbdc4cd09,CUST-2019-UK-000528,Deborah,Ryan,Deborah Ryan,Female,1971-08-21,deborah.ryan@icloud.com,(0116) 496 0364,640 Andrew flat,North Ashley,East Damian,W52 7ZZ,UK,United Kingdom,EMEA,English,Consumer,None,2019-03-10,2019,RETURNING,True,MDM,2019-03-10,2026-04-17 15:58:35.887295
62780f25-af40-4c2d-83ad-bd34e1931d84,CUST-2019-UK-002141,Caroline,Henderson,Caroline Henderson,Male,2008-01-12,caroline.henderson625@yahoo.com,(0808) 1570810,"Flat 69g
Brown river",Deniseburgh,Joemouth,S34 9ZS,UK,United Kingdom,EMEA,English,Consumer,Platinum,2019-08-11,2019,RETURNING,True,MDM,2019-08-11,2026-04-17 15:58:35.887297
b90ea274-c1e3-4cd1-a9c1-2a17170ed57f,CUST-2019-UK-000946,Martyn,Bates,Martyn Bates,Male,1967-10-07,martyn.bates@zoho.com,+44(0)9098790904,"Studio 2
Katy lake",West Samanthabury,East Shannonville,CF6H 3NP,UK,United Kingdom,EMEA,English,Consumer,Silver,2019-08-12,2019,RETURNING,True,MDM,2019-08-12,2026-04-17 15:58:35.887298
8094de78-065d-4830-a889-0ccad4ffebd3,CUST-2019-UK-001846,Scott,Boyle,Scott Boyle,Male,1955-11-02,scott.boyle341@yahoo.com,(0117) 496 0532,65 Harry port,Lake Clifford,South Maxhaven,N06 1WB,UK,United Kingdom,EMEA,English,Consumer,None,2019-10-18,2019,RETURNING,True,MDM,2019-10-18,2026-04-17 15:58:35.887300
98b4e49f-1d1d-494c-aaff-4b9c6ccedf0a,CUST-2020-UK-000530,Harry,Lee,Harry Lee,Male,1962-11-02,harry.lee895@protonmail.com,(01632) 960702,"Flat 36A
Deborah trafficway",Port Mohamed,East Dale,SN64 7UP,UK,United Kingdom,EMEA,English,Consumer,None,2020-02-05,2020,RETURNING,True,MDM,2020-02-05 00:00:00,2026-04-17 15:58:35.887301
c9a4ed56-ca45-4fe8-b66d-59dcb73bbcc8,CUST-2020-UK-000634,Damian,Murray,Damian Murray,Male,1977-09-03,damian.murray101@hotmail.com,0191 498 0656,612 Declan rue,Hartleyside,North Susan,BR14 1FN,UK,United Kingdom,EMEA,English,Consumer,None,2020-04-13,2020,RETURNING,True,MDM,2020-04-13 00:00:00,2026-04-17 15:58:35.887303
695a4e88-d259-4848-92fb-765aebcbd99d,CUST-2020-UK-000343,Joe,Davis,Joe Davis,Male,1957-06-07,joe.davis90@gmail.com,+44(0)114 4960685,69 Brandon wall,West Marion,North Josephine,SK3A 4RP,UK,United Kingdom,EMEA,English,Business,None,2020-10-07,2020,RETURNING,True,MDM,2020-10-07 00:00:00,2026-04-17 15:58:35.887305
48814cb1-d706-4025-93d5-e5e83211ff5d,CUST-2020-UK-000436,Andrew,Charlton,Andrew Charlton,Female,1996-10-02,andrew.charlton380@protonmail.com,(0151) 4960650,"Flat 31d
Marshall coves",West Zoe,Lake Lawrencefurt,WN51 0PW,UK,United Kingdom,EMEA,English,Consumer,None,2020-12-22,2020,RETURNING,True,MDM,2020-12-22 00:00:00,2026-04-17 15:58:35.887307
5ed7e7c9-1126-4552-9b4b-9c0ba118a2f5,CUST-2020-UK-000476,Duncan,Campbell,Duncan Campbell,Female,1967-05-13,duncan.campbell590@hotmail.com,0118 4960433,"Studio 76d
Grace trafficway",Port Philliptown,New Natasha,B2J 4NQ,UK,United Kingdom,EMEA,English,Consumer,None,2020-04-03,2020,RETURNING,True,MDM,2020-04-03 00:00:00,2026-04-17 15:58:35.887309
f8a9ca4a-5369-4221-861c-fbb6ba48df9f,CUST-2019-UK-001021,Dominic,Smith,Dominic Smith,Male,1972-01-26,dominic.smith@gmx.com,+441214960882,519 James pike,Burrowsville,Leetown,N32 0ZR,UK,United Kingdom,EMEA,English,Business,None,2019-03-24,2019,RETURNING,True,MDM,2019-03-24,2026-04-17 15:58:35.887311
30eaa26d-bb15-407b-8308-ad29226d8d96,CUST-2019-UK-000213,Lynda,Shah,Lynda Shah,Male,1988-03-21,lynda.shah@gmail.com,(0121) 4960789,6 Atkins court,New Danielborough,Harrisstad,DL5 5NZ,UK,United Kingdom,EMEA,English,Consumer,Gold,2019-12-10,2019,RETURNING,True,MDM,2019-12-10,2026-04-17 15:58:35.887312
4c99a67f-efdd-4b78-8df2-12cf86fff16e,CUST-2019-UK-001683,Aimee,Brown,Aimee Brown,Female,1985-05-23,aimee.brown@mail.com,+44(0)292018673,"Studio 00
Miller brooks",East Duncanmouth,Kayland,EX3 7FE,UK,United Kingdom,EMEA,English,Consumer,None,2019-08-05,2019,RETURNING,True,MDM,2019-08-05,2026-04-17 15:58:35.887314
9f1d35af-4bd0-4b08-aaab-777ad525ce9f,CUST-2019-UK-001728,Luke,Moss,Luke Moss,Male,1985-05-15,luke.moss@protonmail.com,+44121 496 0211,7 Wright squares,Taylormouth,Juneview,TA00 4GW,UK,United Kingdom,EMEA,English,Consumer,None,2019-03-05,2019,RETURNING,True,MDM,2019-03-05,2026-04-17 15:58:35.887316
074e7d58-132c-41a1-9ccf-75b70969d41c,CUST-2019-UK-001602,Jack,Barnes,Jack Barnes,Male,1973-09-01,jack.barnes304@live.com,(028) 9018954,"Studio 84
Perkins harbor",Lake Conor,Lake Matthewside,N73 8GE,UK,United Kingdom,EMEA,English,Business,Platinum,2019-11-13,2019,RETURNING,True,MDM,2019-11-13,2026-04-17 15:58:35.887317
dab8d2b1-36dd-4870-9eea-56a45a453c1c,CUST-2019-UK-001724,Reece,Turner,Reece Turner,Female,1979-01-24,reece.turner@zoho.com,+44(0)1914960325,534 Janet parks,Port Oliviaview,Port Gavinhaven,B0U 0JX,UK,United Kingdom,EMEA,English,Education,None,2019-12-31,2019,RETURNING,True,MDM,2019-12-31,2026-04-17 15:58:35.887319
b3215c4b-4f24-4e16-a2a8-611091ac41d7,CUST-2019-UK-002043,Louis,Cooper,Louis Cooper,Male,1966-01-01,louis.cooper@protonmail.com,01614960069,"Studio 7
Sam union",West Louiston,Fordborough,JE1 6LW,UK,United Kingdom,EMEA,English,Consumer,None,2019-06-02,2019,RETURNING,True,MDM,2019-06-02,2026-04-17 15:58:35.887320
6c770946-da78-4ae0-b9cd-ded08883e4a6,CUST-2019-UK-001903,Liam,Moore,Liam Moore,Male,2004-09-06,liam.moore@gmail.com,+44(0)131 4960196,1 West glen,South Guybury,Francescachester,SM28 1XG,UK,United Kingdom,EMEA,English,Consumer,Platinum,2019-08-08,2019,RETURNING,True,MDM,2019-08-08,2026-04-17 15:58:35.887322
c49d33c8-bedb-4c4e-b67d-f5860ca271b9,CUST-2019-UK-000322,Dominic,Townsend,Dominic Townsend,Male,2005-05-05,dominic.townsend@icloud.com,(0306) 999 0119,"Studio 54n
Dawson forge",East Terence,Peterstad,DY55 3RY,UK,United Kingdom,EMEA,English,Consumer,None,2019-04-07,2019,RETURNING,True,MDM,2019-04-07,2026-04-17 15:58:35.887323
1f4fdf67-4217-4962-9531-d1333475c44e,CUST-2019-UK-000631,Beth,Taylor,Beth Taylor,Female,1984-06-18,beth.taylor@mail.com,+44(0)909 879 0633,"Studio 0
Jenna tunnel",Steeleborough,Spencerfurt,M90 3AZ,UK,United Kingdom,EMEA,English,Education,Gold,2019-06-17,2019,RETURNING,True,MDM,2019-06-17,2026-04-17 15:58:35.887325
8bb8b6ba-d3a0-4f53-a584-ce3c01b0d455,CUST-2020-UK-000506,Mark,Watson,Mark Watson,Male,1981-03-19,mark.watson@gmx.com,+441154960617,"Studio 3
Russell flat",Port Paulmouth,South David,CM6 8HF,UK,United Kingdom,EMEA,English,Consumer,Platinum,2020-10-07,2020,RETURNING,True,MDM,2020-10-07 00:00:00,2026-04-17 15:58:35.887326
0739241c-5f07-4680-881f-584d18bc8864,CUST-2019-UK-001515,Justin,Turner,Justin Turner,Male,1953-07-23,justin.turner@zoho.com,+44151 496 0530,"Studio 5
Bruce street",Marytown,Swiftmouth,IG80 6WB,UK,United Kingdom,EMEA,English,Business,None,2019-11-30,2019,RETURNING,True,MDM,2019-11-30,2026-04-17 15:58:35.887328
7f1c930e-ab90-4319-a332-baf52799ebd4,CUST-2019-UK-001965,Tina,Leonard,Tina Leonard,Male,2007-01-30,tina.leonard@msn.com,+44(0)1154960308,1 Chapman turnpike,North Nathan,New Reeceburgh,L69 2FF,UK,United Kingdom,EMEA,English,Education,Silver,2019-06-09,2019,RETURNING,True,MDM,2019-06-09,2026-04-17 15:58:35.887329
718983bc-1a7d-4ad4-915a-61b87b77314d,CUST-2020-UK-000544,Kieran,Preston,Kieran Preston,Female,1968-10-25,kieran.preston@aol.com,0113 496 0143,"Studio 82
Hughes burg",East Sandra,Taylorstad,KY5 1ND,UK,United Kingdom,EMEA,English,Education,None,2020-02-15,2020,RETURNING,True,MDM,2020-02-15 00:00:00,2026-04-17 15:58:35.887331
07927ad7-72ed-4ab5-8877-fe2267ce604b,CUST-2020-UK-000260,Simon,Gilbert,Simon Gilbert,Female,1958-08-03,simon.gilbert456@live.com,0289018353,"Flat 5
Marshall shoal",Gillfort,Reecefort,SK60 0JQ,UK,United Kingdom,EMEA,English,Education,None,2020-04-20,2020,RETURNING,True,MDM,2020-04-20 00:00:00,2026-04-17 15:58:35.887333
aa451ff8-7ef3-448c-9da3-5313e294569f,CUST-2019-UK-000699,Carole,Fletcher,Carole Fletcher,Male,1996-03-13,carole.fletcher@aol.com,(020)74960806,5 Thomas mount,East Adrianside,Joyceburgh,S51 0JZ,UK,United Kingdom,EMEA,English,Consumer,None,2019-02-21,2019,RETURNING,True,MDM,2019-02-21,2026-04-17 15:58:35.887334
e5a2180f-01a9-47b3-ac54-bc1cf45abe5e,CUST-2019-UK-001429,Justin,Francis,Justin Francis,Female,1973-06-16,justin.francis@live.com,+44161 4960083,0 Beverley summit,Bethanymouth,South Meganville,N52 4UJ,UK,United Kingdom,EMEA,English,Consumer,Silver,2019-03-29,2019,RETURNING,True,MDM,2019-03-29,2026-04-17 15:58:35.887336
acf3fea9-39b5-4469-b348-8fa38aeee5b0,CUST-2020-UK-000465,Damian,Kennedy,Damian Kennedy,Female,1960-12-01,damian.kennedy@msn.com,+44(0)117 4960514,"Studio 9
Kirby trail",West Annettemouth,East Suzanneberg,G7 2HY,UK,United Kingdom,EMEA,English,Business,Gold,2020-05-21,2020,RETURNING,True,MDM,2020-05-21 00:00:00,2026-04-17 15:58:35.887337
5038a7ea-18e5-4b15-91bd-bd2d75813086,CUST-2019-UK-002276,Matthew,Dale,Matthew Dale,Female,1980-02-10,matthew.dale539@gmail.com,+44(0)114 496 0114,"Studio 17z
Thomas drive",Mohamedbury,Hickschester,G1K 0DD,UK,United Kingdom,EMEA,English,Consumer,None,2019-10-11,2019,RETURNING,True,MDM,2019-10-11,2026-04-17 15:58:35.887339
b233bd61-efae-477e-8f1d-9cd9c295698c,CUST-2019-UK-002327,Caroline,Short,Caroline Short,Male,1994-02-28,caroline.short@mail.com,+44(0)114 496 0945,26 Patricia inlet,West Hughtown,East Justin,CO3 2SL,UK,United Kingdom,EMEA,English,Consumer,None,2019-04-11,2019,RETURNING,True,MDM,2019-04-11,2026-04-17 15:58:35.887341
b8bfc42c-7796-40f6-b26b-2a4507a7b321,CUST-2019-UK-001771,Zoe,Richardson,Zoe Richardson,Male,1990-05-11,zoe.richardson909@gmx.com,+44909 8790264,"Flat 09V
Smith bypass",Murphymouth,South Conor,G3 1NU,UK,United Kingdom,EMEA,English,Consumer,Silver,2019-05-10,2019,RETURNING,True,MDM,2019-05-10,2026-04-17 15:58:35.887343
df4e5b2b-72a2-46d2-8437-f19121f16713,CUST-2019-UK-000040,Geraldine,Nicholls,Geraldine Nicholls,Female,1989-08-26,geraldine.nicholls@zoho.com,(0131)4960982,591 Walker landing,Nashside,New Clive,DH6A 3UT,UK,United Kingdom,EMEA,English,Consumer,None,2019-11-21,2019,RETURNING,True,MDM,2019-11-21,2026-04-17 15:58:35.887344
c76be4c8-4c1e-4e40-85c9-c7d1afd2ee3c,CUST-2019-UK-000777,Charlotte,Preston,Charlotte Preston,Female,1996-09-24,charlotte.preston@hotmail.com,+44(0)131 496 0707,"Studio 3
Nigel shore",Annafort,Duncanport,KY5Y 5LX,UK,United Kingdom,EMEA,English,Consumer,None,2019-05-22,2019,RETURNING,True,MDM,2019-05-22,2026-04-17 15:58:35.887346
71c99a60-b0f0-4739-8b4c-a4e1c7fe5f30,CUST-2020-UK-000718,Maureen,Day,Maureen Day,Female,1992-05-07,maureen.day@mail.com,+44(0)117 496 0929,936 Hayes inlet,Jodiebury,Yatesview,CA41 7BH,UK,United Kingdom,EMEA,English,Consumer,Platinum,2020-10-12,2020,RETURNING,True,MDM,2020-10-12 00:00:00,2026-04-17 15:58:35.887347
1980a2e6-168b-4cc8-b9d4-dfb4483bbda9,CUST-2019-UK-001302,Louis,Waters,Louis Waters,Female,1992-01-16,louis.waters219@protonmail.com,(0306)9990338,46 Cook spurs,South Gary,North Michael,NN3 8GS,UK,United Kingdom,EMEA,English,Consumer,None,2019-03-29,2019,RETURNING,True,MDM,2019-03-29,2026-04-17 15:58:35.887349
fa68a45d-70ce-4c6d-baec-a1d54d0f978e,CUST-2019-UK-001508,Sian,Bull,Sian Bull,Female,1985-07-22,sian.bull@mail.com,(0117)4960237,"Studio 04
Martyn summit",North Ellie,Rosstown,LN76 9TH,UK,United Kingdom,EMEA,English,Consumer,None,2019-02-17,2019,RETURNING,True,MDM,2019-02-17,2026-04-17 15:58:35.887351
7c3ef5d4-3714-43ae-a368-2c6960d65149,CUST-2019-UK-000009,Julie,Hughes,Julie Hughes,Female,1959-02-19,julie.hughes33@live.com,+441214960468,206 Abdul plain,Lake Trevor,East Alan,HA3 7SS,UK,United Kingdom,EMEA,English,Consumer,None,2019-07-25,2019,RETURNING,True,MDM,2019-07-25,2026-04-17 15:58:35.887352
89689ce9-81fd-4efd-99ba-797f054a395f,CUST-2019-UK-000665,Callum,Clark,Callum Clark,Male,1985-10-21,callum.clark@yahoo.com,(0121)4960515,2 Gordon greens,Franklinhaven,East Heather,EC6 6LS,UK,United Kingdom,EMEA,English,Business,None,2019-05-27,2019,RETURNING,True,MDM,2019-05-27,2026-04-17 15:58:35.887354
fb3466b1-78aa-4f8a-b3eb-45a55cdc79ae,CUST-2019-UK-002310,Ruth,Hill,Ruth Hill,Male,2003-04-25,ruth.hill@hotmail.com,+441632 960522,"Flat 9
Mohammed inlet",Paulberg,Bradshawshire,ME15 7NP,UK,United Kingdom,EMEA,English,Consumer,None,2019-07-31,2019,RETURNING,True,MDM,2019-07-31,2026-04-17 15:58:35.887356
87cfec50-d753-49dc-9f41-c1db13fed814,CUST-2019-UK-000442,John,Dixon,John Dixon,Female,1963-05-21,john.dixon118@live.com,(0117) 4960375,"Studio 88
Lynda fort",Juliafort,Stevenshaven,E1U 7LR,UK,United Kingdom,EMEA,English,Consumer,Gold,2019-02-01,2019,RETURNING,True,MDM,2019-02-01,2026-04-17 15:58:35.887357
e50d990d-9127-4f6f-be9d-6d84af1a96f6,CUST-2020-UK-000108,Adam,Gibson,Adam Gibson,Male,2008-03-26,adam.gibson@live.com,+44121 496 0918,"Flat 57
Billy haven",Port Edwardton,South Howardhaven,M8 3XP,UK,United Kingdom,EMEA,English,Consumer,Gold,2020-05-25,2020,RETURNING,True,MDM,2020-05-25 00:00:00,2026-04-17 15:58:35.887359
0f339d5f-bbc9-4814-98a3-28ee0c1bc7fb,CUST-2020-UK-000345,Pauline,Jones,Pauline Jones,Female,2006-06-26,pauline.jones@gmx.com,0151 496 0595,"Flat 7
Whitehouse stravenue",New Dominicton,West Rogerhaven,TN0 7PE,UK,United Kingdom,EMEA,English,Education,None,2020-07-31,2020,RETURNING,True,MDM,2020-07-31 00:00:00,2026-04-17 15:58:35.887360
8dc25286-da4e-4f63-bd58-9baf6b286772,CUST-2019-UK-001973,Glenn,Wright,Glenn Wright,Female,2004-12-12,glenn.wright344@aol.com,+44(0)9098790452,4 Mills road,Bowenmouth,South Beverley,L3 7QQ,UK,United Kingdom,EMEA,English,Consumer,None,2019-11-26,2019,RETURNING,True,MDM,2019-11-26,2026-04-17 15:58:35.887362
6ceb85e6-122b-4b7e-9d91-c0c72808daea,CUST-2019-UK-001217,Wayne,Smith,Wayne Smith,Male,1991-09-01,wayne.smith@gmail.com,(0909) 8790816,963 Rebecca tunnel,South Tracyfort,Port Fiona,SM3E 6YS,UK,United Kingdom,EMEA,English,Consumer,None,2019-05-24,2019,RETURNING,True,MDM,2019-05-24,2026-04-17 15:58:35.887364
9e197eb9-dd87-41ab-9a55-c4476a5a154c,CUST-2019-UK-000857,Max,Little,Max Little,Female,1988-03-09,max.little@protonmail.com,+44(0)20 7496 0028,4 Sam field,New Robert,South Ashleystad,W0 3BS,UK,United Kingdom,EMEA,English,Education,None,2019-05-24,2019,RETURNING,True,MDM,2019-05-24,2026-04-17 15:58:35.887366
3cfc6624-1bd2-4796-bd7d-812dd157b0fa,CUST-2020-UK-000033,Leanne,Osborne,Leanne Osborne,Female,1954-01-20,leanne.osborne@protonmail.com,+441214960082,555 Stewart ridge,Lake Hannah,New Katie,OX26 5UQ,UK,United Kingdom,EMEA,English,Consumer,None,2020-03-13,2020,RETURNING,True,MDM,2020-03-13 00:00:00,2026-04-17 15:58:35.887367
74df4e91-729b-4a69-a55c-3544196299a2,CUST-2019-UK-001456,Carol,Hayward,Carol Hayward,Male,1986-10-08,carol.hayward@gmx.com,08081570263,"Studio 0
Hopkins fort",South Kelly,Lake Jamie,W0 7GN,UK,United Kingdom,EMEA,English,Business,Platinum,2019-06-20,2019,RETURNING,True,MDM,2019-06-20,2026-04-17 15:58:35.887369
b562009f-dfde-4a72-bdbf-8132ce19d357,CUST-2019-UK-000192,Donna,Rees,Donna Rees,Female,1984-10-02,donna.rees@protonmail.com,+44113 496 0128,7 Stephenson viaduct,North Henryhaven,Port Rachael,N8 1WT,UK,United Kingdom,EMEA,English,Consumer,None,2019-03-18,2019,RETURNING,True,MDM,2019-03-18,2026-04-17 15:58:35.887370
744c1b30-4d60-4dd2-9f9e-7309f45c79ab,CUST-2019-UK-001984,Eleanor,Kelly,Eleanor Kelly,Female,1976-04-11,eleanor.kelly349@hotmail.com,0306 999 0820,"Flat 10O
Elizabeth mountain",Frankfurt,New Ericborough,SS88 0YN,UK,United Kingdom,EMEA,English,Consumer,None,2019-08-12,2019,RETURNING,True,MDM,2019-08-12,2026-04-17 15:58:35.887372
07b5077f-a5f3-4c3c-9c5e-3b2a97811561,CUST-2019-UK-000512,Toby,Hughes,Toby Hughes,Female,1973-12-02,toby.hughes@mail.com,(0114) 4960048,"Flat 3
Hawkins park",Sandrabury,South Joanne,SP27 3WQ,UK,United Kingdom,EMEA,English,Consumer,None,2019-05-25,2019,RETURNING,True,MDM,2019-05-25,2026-04-17 15:58:35.887374
5fc2fef0-859b-4e04-8182-e98ff0f868e1,CUST-2020-UK-000429,Kyle,Miles,Kyle Miles,Male,1965-04-28,kyle.miles@mail.com,(0131) 4960236,"Flat 76
Josh stream",Sallyville,East Yvonneside,S75 2XA,UK,United Kingdom,EMEA,English,Consumer,Silver,2020-11-06,2020,RETURNING,True,MDM,2020-11-06 00:00:00,2026-04-17 15:58:35.887375
7feb6ee0-f468-4bf1-aef7-fa519579f964,CUST-2019-UK-001197,Mandy,Morrison,Mandy Morrison,Female,1968-06-09,mandy.morrison@icloud.com,+441632 960501,48 Gordon overpass,Sullivanhaven,Cheryltown,SN4 5JY,UK,United Kingdom,EMEA,English,Consumer,Silver,2019-06-26,2019,RETURNING,True,MDM,2019-06-26,2026-04-17 15:58:35.887377
709994d1-fb5f-4b71-97d6-2ce61e812874,CUST-2019-UK-001362,Jason,Cunningham,Jason Cunningham,Female,1974-09-19,jason.cunningham@aol.com,+441144960203,1 Payne squares,New Eleanorview,Chandlershire,TW9 1SA,UK,United Kingdom,EMEA,English,Business,None,2019-08-07,2019,RETURNING,True,MDM,2019-08-07,2026-04-17 15:58:35.887378
7c4a3474-9560-4a31-824e-73da34b0678c,CUST-2019-UK-000903,Malcolm,Hope,Malcolm Hope,Female,1960-04-14,malcolm.hope@zoho.com,+44(0)808 1570938,9 Reed brook,Joannechester,Lake Bernard,N09 9YD,UK,United Kingdom,EMEA,English,Consumer,Silver,2019-09-14,2019,RETURNING,True,MDM,2019-09-14,2026-04-17 15:58:35.887380
c56ea307-74e9-4b05-bfd1-9561fcdc82a9,CUST-2019-UK-002087,Gerald,Mills,Gerald Mills,Male,1998-12-01,gerald.mills@icloud.com,(0306) 9990341,"Studio 1
Hill rapid",Lake Lindsey,Mariemouth,DG2 1LL,UK,United Kingdom,EMEA,English,Consumer,Gold,2019-06-18,2019,RETURNING,True,MDM,2019-06-18,2026-04-17 15:58:35.887381
6f96e5b9-ee04-45f8-b69f-b0c05ebe5845,CUST-2019-UK-002390,Sylvia,Jones,Sylvia Jones,Female,1984-01-19,sylvia.jones466@hotmail.com,(0115)4960414,470 Jake radial,Charlottemouth,Lake Bradleytown,SN8 8SU,UK,United Kingdom,EMEA,English,Consumer,Gold,2019-07-30,2019,RETURNING,True,MDM,2019-07-30,2026-04-17 15:58:35.887383
9bd94ade-9135-4160-9aa8-994866a63fd2,CUST-2019-UK-000624,Duncan,Gray,Duncan Gray,Male,2001-01-27,duncan.gray@aol.com,(028) 9018845,"Studio 6
Morrison ford",Danielleburgh,North Sylvia,L56 1SB,UK,United Kingdom,EMEA,English,Consumer,None,2019-07-22,2019,RETURNING,True,MDM,2019-07-22,2026-04-17 15:58:35.887384
e95576a7-6009-44be-b67f-3e816482e2d7,CUST-2019-UK-000550,Nicholas,Russell,Nicholas Russell,Male,1954-02-07,nicholas.russell@aol.com,(01632) 960 302,"Flat 44B
Callum extensions",Marionmouth,Lake Glenview,NG3 4RW,UK,United Kingdom,EMEA,English,Education,None,2019-09-03,2019,RETURNING,True,MDM,2019-09-03,2026-04-17 15:58:35.887386
dd32bdad-74f4-4d18-82ba-30342dcb43eb,CUST-2019-UK-000329,Diane,Palmer,Diane Palmer,Female,1985-01-13,diane.palmer241@gmx.com,(0131) 4960512,"Studio 83
Amber hill",New Jamesshire,Georgetown,W32 0PW,UK,United Kingdom,EMEA,English,Consumer,Silver,2019-11-01,2019,RETURNING,True,MDM,2019-11-01,2026-04-17 15:58:35.887388
d2134b21-b027-42b0-8cc7-4cbf6d1a3417,CUST-2019-UK-001823,Stephen,Marshall,Stephen Marshall,Female,1952-11-11,stephen.marshall@gmx.com,(0114) 4960677,3 Hall oval,Lake Amy,Bradleyfort,W39 7TZ,UK,United Kingdom,EMEA,English,Consumer,None,2019-06-03,2019,RETURNING,False,MDM,2019-06-03,2026-04-17 15:58:35.887389
d2079a65-7fcf-4f36-918f-d5b41e68a498,CUST-2019-UK-000142,Guy,Baker,Guy Baker,Female,1992-10-27,guy.baker@outlook.com,+44(0)20 74960091,84 Paula camp,Lake Joshuachester,Ashleighside,AB4R 0BJ,UK,United Kingdom,EMEA,English,Consumer,Silver,2019-02-15,2019,RETURNING,True,MDM,2019-02-15,2026-04-17 15:58:35.887391
07a6bdfc-fc27-457e-8b2a-3f510e4bfbff,CUST-2020-UK-000546,Irene,Davis,Irene Davis,Female,1962-05-15,irene.davis@aol.com,+441134960328,7 Taylor forks,Port Irene,Wilsonfort,B6G 1SB,UK,United Kingdom,EMEA,English,Consumer,Gold,2020-10-03,2020,RETURNING,True,MDM,2020-10-03 00:00:00,2026-04-17 15:58:35.887392
9eab4c54-24ba-4065-a066-a62ceb0adbf6,CUST-2020-UK-000394,Catherine,Pearson,Catherine Pearson,Male,1997-03-14,catherine.pearson173@gmail.com,0151 496 0177,"Flat 5
Wilson cape",Lake Kenneth,Anthonyton,G47 1EW,UK,United Kingdom,EMEA,English,Consumer,None,2020-07-06,2020,RETURNING,True,MDM,2020-07-06 00:00:00,2026-04-17 15:58:35.887394
0a4bffd7-540c-4499-bae4-a7b1175b3210,CUST-2019-UK-000114,Jamie,Brookes,Jamie Brookes,Female,1970-04-23,jamie.brookes337@msn.com,01614960739,"Studio 23H
Lee course",South Lynneton,North Charlotte,B26 7XE,UK,United Kingdom,EMEA,English,Consumer,Platinum,2019-06-14,2019,RETURNING,False,MDM,2019-06-14,2026-04-17 15:58:35.887396
562dde0b-23ef-469e-b692-fea8da0d0e06,CUST-2020-UK-000746,Dean,Lees,Dean Lees,Female,2000-10-11,dean.lees814@gmail.com,(0116) 4960013,"Studio 06l
Wilkinson dam",Ameliaburgh,West Patriciaborough,E4 4RE,UK,United Kingdom,EMEA,English,Consumer,Silver,2020-10-23,2020,RETURNING,True,MDM,2020-10-23 00:00:00,2026-04-17 15:58:35.887397
29f5f8c6-064b-489f-ad90-2c64985d5d32,CUST-2019-UK-002244,Robin,Hall,Robin Hall,Female,1992-06-23,robin.hall@icloud.com,+441614960097,"Flat 1
Brown throughway",Powerborough,Trevorberg,W03 6SX,UK,United Kingdom,EMEA,English,Consumer,None,2019-08-28,2019,RETURNING,True,MDM,2019-08-28,2026-04-17 15:58:35.887399
28629e0f-c3e6-408c-b0c1-29998cb2a854,CUST-2019-UK-001386,Pamela,Hill,Pamela Hill,Female,1999-07-26,pamela.hill@live.com,0289018251,46 Hart harbors,Helenchester,Lake Paulland,W16 2PB,UK,United Kingdom,EMEA,English,Education,None,2019-01-07,2019,RETURNING,True,MDM,2019-01-07,2026-04-17 15:58:35.887400
e0ce2aa6-3261-44ea-b915-6fe28d9ded1f,CUST-2019-UK-001390,Graham,Dixon,Graham Dixon,Female,1995-04-27,graham.dixon@gmail.com,(01632) 960070,4 Lesley trafficway,South Teresa,Jeantown,E8B 1NU,UK,United Kingdom,EMEA,English,Education,Gold,2019-01-14,2019,RETURNING,True,MDM,2019-01-14,2026-04-17 15:58:35.887402
8733bc66-7fd9-4f73-971e-73fd874bed8e,CUST-2020-UK-000402,Jade,Little,Jade Little,Female,2006-01-20,jade.little629@yahoo.com,+44(0)191 4960405,86 Rachel keys,West Jake,Crossbury,RG13 6UA,UK,United Kingdom,EMEA,English,Education,None,2020-10-22,2020,RETURNING,True,MDM,2020-10-22 00:00:00,2026-04-17 15:58:35.887404
6ed8c1e6-db3c-4ee2-b38e-d1ca1706c83a,CUST-2019-UK-000133,Jane,Hopkins,Jane Hopkins,Male,1985-06-12,jane.hopkins@gmx.com,+44(0)29 2018325,"Flat 40m
Cross loop",Phillipsport,Joelside,HD98 0XE,UK,United Kingdom,EMEA,English,Consumer,None,2019-08-26,2019,RETURNING,True,MDM,2019-08-26,2026-04-17 15:58:35.887405
8b93cd95-4e49-4b8a-bc2a-ff78af662d44,CUST-2019-UK-001306,Tony,Watson,Tony Watson,Male,1957-03-15,tony.watson@yahoo.com,+441164960134,"Studio 77
Craig extensions",Kimberleychester,Amberland,W3J 5WA,UK,United Kingdom,EMEA,English,Consumer,None,2019-05-06,2019,RETURNING,True,MDM,2019-05-06,2026-04-17 15:58:35.887407
1f39d49c-b4d7-44ea-ae79-31d599aec11a,CUST-2020-UK-000614,Patricia,Morley,Patricia Morley,Male,2003-04-30,patricia.morley95@msn.com,(0131)4960601,"Studio 28m
Walker ford",Shirleyborough,Holmesshire,KW2M 0NX,UK,United Kingdom,EMEA,English,Consumer,None,2020-06-13,2020,RETURNING,True,MDM,2020-06-13 00:00:00,2026-04-17 15:58:35.887409
e0632013-256e-4ba0-91c5-45fa92c372c7,CUST-2019-UK-000112,Graeme,Martin,Graeme Martin,Male,1987-06-22,graeme.martin@yahoo.com,(01632)960170,"Studio 8
Charlie way",Ashleymouth,Dennisville,GL2N 4HG,UK,United Kingdom,EMEA,English,Business,None,2019-12-27,2019,RETURNING,False,MDM,2019-12-27,2026-04-17 15:58:35.887412
713b55f5-ea3a-4922-a851-72e1e65f6275,CUST-2019-UK-000806,Rhys,Duncan,Rhys Duncan,Female,1958-04-04,rhys.duncan@aol.com,(0808) 157 0152,4 Heath common,Kimberleyberg,Edwardsbury,HU4 5RH,UK,United Kingdom,EMEA,English,Business,None,2019-01-22,2019,RETURNING,True,MDM,2019-01-22,2026-04-17 15:58:35.887413
fe421958-4b6c-4cfc-857e-5ae7396912d9,CUST-2020-UK-000549,Dylan,Patel,Dylan Patel,Female,1953-03-22,dylan.patel@icloud.com,0808 1570467,"Flat 48X
Rose forge",Jacksonhaven,Turnermouth,LS97 3GT,UK,United Kingdom,EMEA,English,Consumer,None,2020-04-13,2020,RETURNING,True,MDM,2020-04-13 00:00:00,2026-04-17 15:58:35.887415
2f4a952d-94e6-4d16-8ebf-ba7bf0372f64,CUST-2019-UK-002209,Martin,Oliver,Martin Oliver,Male,1992-10-20,martin.oliver@mail.com,0191 498 0748,9 Stuart extensions,Paulaview,Janebury,N5 5BJ,UK,United Kingdom,EMEA,English,Business,Silver,2019-08-13,2019,RETURNING,True,MDM,2019-08-13,2026-04-17 15:58:35.887416
0aee497b-6229-4690-b92b-287198edb903,CUST-2019-UK-001848,Angela,Rogers,Angela Rogers,Male,2003-10-23,angela.rogers@gmail.com,+44(0)191 496 0453,141 Fleming villages,Burrowsside,Harperfurt,SR78 6UL,UK,United Kingdom,EMEA,English,Education,None,2019-04-08,2019,RETURNING,True,MDM,2019-04-08,2026-04-17 15:58:35.887418
ae88bef1-1811-4472-a1b9-33d0af0719f1,CUST-2019-UK-001837,Elaine,Little,Elaine Little,Male,1975-09-22,elaine.little@msn.com,(0151) 4960820,34 Roberts valleys,Kennethhaven,West Victor,DL4 6LW,UK,United Kingdom,EMEA,English,Business,None,2019-03-12,2019,RETURNING,True,MDM,2019-03-12,2026-04-17 15:58:35.887420
8ca10137-3115-461b-a04f-7c8a3eccc2c7,CUST-2020-UK-000346,Justin,Taylor,Justin Taylor,Female,1995-09-12,justin.taylor918@zoho.com,0118 4960800,"Studio 6
Susan hill",Leetown,East Catherinefurt,AB20 6AX,UK,United Kingdom,EMEA,English,Consumer,None,2020-04-04,2020,RETURNING,True,MDM,2020-04-04 00:00:00,2026-04-17 15:58:35.887422
bed9e2e0-f794-4513-96af-4f959c05a758,CUST-2019-UK-002348,Robert,Price,Robert Price,Female,1951-12-01,robert.price@protonmail.com,+44(0)151 4960162,"Flat 19l
Jake motorway",Lake Matthew,Victorfort,W90 5QH,UK,United Kingdom,EMEA,English,Consumer,Silver,2019-09-13,2019,RETURNING,True,MDM,2019-09-13,2026-04-17 15:58:35.887423
78a5c5c2-af64-48f1-9a97-aea97b02eda1,CUST-2019-UK-001173,Jacob,Jenkins,Jacob Jenkins,Male,1980-01-17,jacob.jenkins@protonmail.com,+441914960290,3 Metcalfe drive,West Jessicabury,West Valerie,KA99 5BS,UK,United Kingdom,EMEA,English,Consumer,Silver,2019-11-18,2019,RETURNING,True,MDM,2019-11-18,2026-04-17 15:58:35.887425
d06b293a-4e35-4986-999f-fea519334ad8,CUST-2019-UK-001254,Tony,Shaw,Tony Shaw,Male,1951-08-06,tony.shaw@hotmail.com,01164960274,316 Graeme stream,Paulamouth,Lucybury,SO7 6PQ,UK,United Kingdom,EMEA,English,Business,Gold,2019-04-27,2019,RETURNING,True,MDM,2019-04-27,2026-04-17 15:58:35.887426
4267c507-6d03-424c-90f8-8494306c5071,CUST-2020-UK-000098,Sharon,Poole,Sharon Poole,Female,2002-05-15,sharon.poole@mail.com,+44(0)9098790850,2 Anthony square,Powermouth,East Rhysfort,W39 0GN,UK,United Kingdom,EMEA,English,Consumer,None,2020-01-18,2020,RETURNING,True,MDM,2020-01-18 00:00:00,2026-04-17 15:58:35.887428
2c304a3c-d65b-404e-a912-cc7c0546d82f,CUST-2019-UK-000979,Georgia,Hopkins,Georgia Hopkins,Female,1995-06-13,georgia.hopkins@gmail.com,+44161 496 0674,171 Butler underpass,Patrickville,New Maxmouth,ME9B 3FE,UK,United Kingdom,EMEA,English,Consumer,Gold,2019-08-04,2019,RETURNING,True,MDM,2019-08-04,2026-04-17 15:58:35.887429
484aec45-91ef-40df-915e-cfe745c2c3db,CUST-2019-UK-000426,Keith,Chapman,Keith Chapman,Female,2001-07-02,keith.chapman@outlook.com,(0141) 496 0152,80 Leon plains,West Leonardmouth,West Dennis,BL2 4FE,UK,United Kingdom,EMEA,English,Education,None,2019-11-18,2019,RETURNING,True,MDM,2019-11-18,2026-04-17 15:58:35.887431
0903acea-23e0-4240-b97d-418c8bc41ccb,CUST-2019-UK-001209,Lynne,Miller,Lynne Miller,Female,1971-01-21,lynne.miller@aol.com,(028)9018399,"Studio 08q
Gray track",Smithchester,East Frederick,W9S 2ZU,UK,United Kingdom,EMEA,English,Education,Silver,2019-01-11,2019,RETURNING,True,MDM,2019-01-11,2026-04-17 15:58:35.887432
5ebf8163-22ff-466f-b87c-7db7a839b5d7,CUST-2019-UK-001851,Leanne,Chamberlain,Leanne Chamberlain,Female,1998-10-10,leanne.chamberlain@yahoo.com,01134960211,"Studio 35W
Abdul knoll",New Aaronborough,Parkerberg,B63 6DZ,UK,United Kingdom,EMEA,English,Consumer,Gold,2019-11-19,2019,RETURNING,False,MDM,2019-11-19,2026-04-17 15:58:35.887434
745b98f3-cc79-4d33-983f-62e97fae7d96,CUST-2020-UK-000294,Marcus,Moss,Marcus Moss,Female,1959-03-25,marcus.moss@hotmail.com,+44808 1570120,80 Jeremy lock,Lake Marcton,Frankberg,B68 8EU,UK,United Kingdom,EMEA,English,Consumer,Platinum,2020-10-04,2020,RETURNING,True,MDM,2020-10-04 00:00:00,2026-04-17 15:58:35.887435
55c72760-2016-4328-94d4-9dd5b46bdf20,CUST-2020-UK-000273,Teresa,Robinson,Teresa Robinson,Male,1984-10-21,teresa.robinson452@aol.com,+44(0)113 496 0697,"Flat 6
Gerald meadow",South Julietown,Ahmedshire,M4U 9YP,UK,United Kingdom,EMEA,English,Consumer,None,2020-03-26,2020,RETURNING,True,MDM,2020-03-26 00:00:00,2026-04-17 15:58:35.887437
b53796a0-c8ea-4a8a-815b-0cc31aaedeff,CUST-2019-UK-000768,Terry,Griffiths,Terry Griffiths,Female,1971-05-03,terry.griffiths@protonmail.com,+44113 496 0665,"Studio 0
Grace inlet",New Jemmaville,New Deborah,JE6W 2EF,UK,United Kingdom,EMEA,English,Consumer,None,2019-08-01,2019,RETURNING,True,MDM,2019-08-01,2026-04-17 15:58:35.887439
c732d870-6e20-4159-8fb1-69c36e94078f,CUST-2019-UK-001155,William,Dawson,William Dawson,Female,1996-10-18,william.dawson@zoho.com,+44(0)1414960672,64 Amber brook,Russellfurt,East Andrew,N8U 3LW,UK,United Kingdom,EMEA,English,Consumer,Silver,2019-09-08,2019,RETURNING,True,MDM,2019-09-08,2026-04-17 15:58:35.887440
f1a6a289-d463-4006-b5ee-0c3a782337e1,CUST-2020-UK-000445,Brian,Norman,Brian Norman,Female,1978-03-31,brian.norman@mail.com,(0115) 4960229,"Studio 52
Ahmed island",Maureenstad,Brooksport,IP5B 0AT,UK,United Kingdom,EMEA,English,Consumer,Silver,2020-09-10,2020,RETURNING,False,MDM,2020-09-10 00:00:00,2026-04-17 15:58:35.887441
6507fe43-0462-4e3b-9b4f-3f5f0430ff87,CUST-2019-UK-000461,Karl,Alexander,Karl Alexander,Female,1951-07-30,karl.alexander@icloud.com,0115 496 0197,"Studio 54
Barry isle",Slaterville,Port Gerardfurt,LS12 5TT,UK,United Kingdom,EMEA,English,Business,None,2019-01-30,2019,RETURNING,True,MDM,2019-01-30,2026-04-17 15:58:35.887443
e1f0280e-f3e5-41aa-9f36-643522b82d09,CUST-2019-UK-000841,Joshua,Clarke,Joshua Clarke,Female,1962-07-05,joshua.clarke@zoho.com,+4420 74960666,91 Hammond dale,Gavinburgh,Aliberg,AL6 8HH,UK,United Kingdom,EMEA,English,Education,Gold,2019-01-19,2019,RETURNING,True,MDM,2019-01-19,2026-04-17 15:58:35.887445
8042bafd-1316-4d1e-9d54-bcac9f19eb64,CUST-2019-UK-000968,Kathryn,Nelson,Kathryn Nelson,Female,1995-06-30,kathryn.nelson@zoho.com,0289018615,45 Evans coves,East Joan,Farrellview,UB39 9AP,UK,United Kingdom,EMEA,English,Consumer,Gold,2019-08-08,2019,RETURNING,True,MDM,2019-08-08,2026-04-17 15:58:35.887446
e96b400f-b32c-49cc-aa74-8c6754c7ba15,CUST-2019-UK-002313,Dale,Khan,Dale Khan,Female,1961-08-20,dale.khan@outlook.com,+44118 496 0443,"Studio 50
Clark drives",South Colinside,East Danielville,SN9 2PN,UK,United Kingdom,EMEA,English,Consumer,None,2019-03-29,2019,RETURNING,True,MDM,2019-03-29,2026-04-17 15:58:35.887448
6283f160-356b-4020-8db5-cc6d7caa8bf5,CUST-2019-UK-000603,Pamela,McKenzie,Pamela McKenzie,Male,1996-03-06,pamela.mckenzie@aol.com,+44(0)115 496 0067,"Flat 0
Jasmine gateway",Henryfurt,Bateschester,DH45 3NZ,UK,United Kingdom,EMEA,English,Business,None,2019-10-02,2019,RETURNING,True,MDM,2019-10-02,2026-04-17 15:58:35.887449
58c6b715-eab3-4aca-9911-509a6f1c1a6f,CUST-2019-UK-000258,Joshua,McCarthy,Joshua McCarthy,Male,2007-11-09,joshua.mccarthy@yahoo.com,+44(0)1164960899,55 Jones landing,Port Alice,Lake Sarah,TS2 6LJ,UK,United Kingdom,EMEA,English,Consumer,None,2019-09-16,2019,RETURNING,True,MDM,2019-09-16,2026-04-17 15:58:35.887451
f0fc9913-94f5-4e03-a0e6-84a03dc6acf2,CUST-2019-UK-000668,Olivia,Davies,Olivia Davies,Male,1989-08-04,olivia.davies@msn.com,(0117) 496 0082,3 Brooks trafficway,Laurenchester,Griffithsborough,E3 1TG,UK,United Kingdom,EMEA,English,Consumer,Platinum,2019-01-14,2019,RETURNING,True,MDM,2019-01-14,2026-04-17 15:58:35.887452
de47c298-59fb-4af0-8a40-dbd7732babd3,CUST-2020-UK-000285,Gregory,Cole,Gregory Cole,Male,1992-05-13,gregory.cole@mail.com,+44(0)1214960591,"Flat 31
Iain ridges",Oliviamouth,Valerietown,E0A 3YR,UK,United Kingdom,EMEA,English,Education,Silver,2020-04-16,2020,RETURNING,True,MDM,2020-04-16 00:00:00,2026-04-17 15:58:35.887454
e5179ec0-9201-4a5c-992e-12bbb3d4dc7e,CUST-2019-UK-001198,Barry,Bryan,Barry Bryan,Male,1977-10-06,barry.bryan@msn.com,+44113 496 0650,67 Booth ways,Parkinside,East Cameron,B6 7GF,UK,United Kingdom,EMEA,English,Consumer,None,2019-05-23,2019,RETURNING,True,MDM,2019-05-23,2026-04-17 15:58:35.887456
997b75ba-966f-473d-8722-e255f017c23f,CUST-2019-UK-001297,Arthur,Thomas,Arthur Thomas,Female,1981-04-02,arthur.thomas@zoho.com,(0909) 8790251,67 Matthews bypass,Kimberleystad,New Mohammadchester,HU4 5RD,UK,United Kingdom,EMEA,English,Consumer,Platinum,2019-01-25,2019,RETURNING,True,MDM,2019-01-25,2026-04-17 15:58:35.887457
f4a474d7-f021-42f1-b56c-507066a0a198,CUST-2020-UK-000475,Elliot,Jones,Elliot Jones,Female,1997-10-22,elliot.jones@mail.com,+44(0)28 9018410,"Flat 7
Maureen common",Owenborough,South Vanessa,IV3H 7TG,UK,United Kingdom,EMEA,English,Consumer,None,2020-09-30,2020,RETURNING,True,MDM,2020-09-30 00:00:00,2026-04-17 15:58:35.887459
e0edf639-4afa-46f2-81d0-4ce4c01a764c,CUST-2019-UK-001392,Louise,Anderson,Louise Anderson,Male,1969-04-18,louise.anderson@gmail.com,+44(0)292018984,7 Moran point,Wilsonberg,Jennafort,JE7H 6BD,UK,United Kingdom,EMEA,English,Business,None,2019-10-03,2019,RETURNING,True,MDM,2019-10-03,2026-04-17 15:58:35.887461
ffac7e91-bbee-487a-9911-a231324239ea,CUST-2020-UK-000351,Thomas,Connor,Thomas Connor,Female,1982-04-08,thomas.connor@zoho.com,(0121) 4960188,65 Davies lane,Jacksonfort,Marionburgh,KA0 4QA,UK,United Kingdom,EMEA,English,Business,Silver,2020-07-28,2020,RETURNING,True,MDM,2020-07-28 00:00:00,2026-04-17 15:58:35.887462
55e823b9-c26b-4e8d-b8cc-1e8528edbc76,CUST-2019-UK-002198,Jonathan,Jones,Jonathan Jones,Female,2002-04-11,jonathan.jones@msn.com,0292018248,"Studio 2
Howard avenue",West Oliver,North Martyn,W5H 5XF,UK,United Kingdom,EMEA,English,Consumer,Silver,2019-07-23,2019,RETURNING,True,MDM,2019-07-23,2026-04-17 15:58:35.887464
ddc4be0c-f63c-4018-850f-88f9673c86e0,CUST-2019-UK-000743,Mathew,Bowen,Mathew Bowen,Female,1957-07-07,mathew.bowen@msn.com,+4429 2018937,80 Coates orchard,New Yvonne,South Dalehaven,NG98 7ZS,UK,United Kingdom,EMEA,English,Consumer,Gold,2019-06-25,2019,RETURNING,True,MDM,2019-06-25,2026-04-17 15:58:35.887466
2ea84572-5551-4a9d-87e7-d179026e4ed7,CUST-2020-UK-000129,Stuart,Bell,Stuart Bell,Female,2003-04-10,stuart.bell@gmail.com,+44(0)1174960388,"Studio 71d
Natalie inlet",East Rhys,Port Marion,S7J 9DD,UK,United Kingdom,EMEA,English,Consumer,None,2020-12-06,2020,RETURNING,True,MDM,2020-12-06 00:00:00,2026-04-17 15:58:35.887467
c6bcc008-3a72-4d78-a925-a881b77e748b,CUST-2019-UK-002300,Holly,Stokes,Holly Stokes,Male,1970-10-15,holly.stokes@icloud.com,+44(0)9098790229,"Flat 7
Banks mill",North Kerryburgh,New Ricky,L7S 7XX,UK,United Kingdom,EMEA,English,Consumer,None,2019-04-01,2019,RETURNING,True,MDM,2019-04-01,2026-04-17 15:58:35.887469
434ad404-b73e-48ce-8826-45c3b46c4c70,CUST-2019-UK-001205,Reece,Mann,Reece Mann,Female,1981-07-15,reece.mann@live.com,(029)2018429,6 Williams route,Denisechester,North Jessicamouth,W2 4YW,UK,United Kingdom,EMEA,English,Consumer,Gold,2019-06-16,2019,RETURNING,True,MDM,2019-06-16,2026-04-17 15:58:35.887471
d0c2f383-8b0d-45c9-af12-ec5c99cf479f,CUST-2019-UK-000821,Heather,Forster,Heather Forster,Female,1956-06-05,heather.forster63@zoho.com,(0909) 8790228,"Studio 67I
Diane pike",Lake Grace,Carolineland,TF6H 2ZS,UK,United Kingdom,EMEA,English,Education,Platinum,2019-09-24,2019,RETURNING,True,MDM,2019-09-24,2026-04-17 15:58:35.887472
c6c829c6-a32b-4aa4-9bee-7aee71d12996,CUST-2019-UK-001884,Thomas,Jones,Thomas Jones,Male,1967-05-27,thomas.jones@outlook.com,(0306)9990202,79 Slater plains,Carolefort,Annview,E5 4LT,UK,United Kingdom,EMEA,English,Consumer,Silver,2019-04-24,2019,RETURNING,True,MDM,2019-04-24,2026-04-17 15:58:35.887473
2beb2ee2-feb7-4fb7-9378-22983911764e,CUST-2020-UK-000556,Leigh,Price,Leigh Price,Male,1993-02-13,leigh.price@icloud.com,(0191)4960185,612 Morris mountains,Port Teresa,Jenkinsstad,SP48 7EP,UK,United Kingdom,EMEA,English,Consumer,Gold,2020-07-12,2020,RETURNING,False,MDM,2020-07-12 00:00:00,2026-04-17 15:58:35.887475
67086143-6527-46de-bad7-ba8775d7b59f,CUST-2019-UK-001086,Philip,Thomas,Philip Thomas,Male,1980-02-27,philip.thomas@icloud.com,0161 496 0369,"Studio 45
Hall freeway",Lake Joannachester,West Susan,TF5 2WH,UK,United Kingdom,EMEA,English,Consumer,Gold,2019-06-05,2019,RETURNING,True,MDM,2019-06-05,2026-04-17 15:58:35.887477
9878abdb-390a-47da-9544-e78eb2ea0d56,CUST-2019-UK-001046,Emma,Gardner,Emma Gardner,Female,1964-05-25,emma.gardner936@msn.com,0808 1570526,852 Alexander lock,Talbotstad,Port Gemma,SP3B 0ZJ,UK,United Kingdom,EMEA,English,Consumer,Gold,2019-07-16,2019,RETURNING,True,MDM,2019-07-16,2026-04-17 15:58:35.887478
e39bc70d-5acb-4f62-b1f9-112105d95222,CUST-2019-UK-001983,Eric,Jenkins,Eric Jenkins,Female,1980-04-11,eric.jenkins@gmx.com,+44151 4960922,88 Richard forges,Vanessaville,Richardston,N04 7AJ,UK,United Kingdom,EMEA,English,Consumer,Gold,2019-04-05,2019,RETURNING,True,MDM,2019-04-05,2026-04-17 15:58:35.887480
7c464ef1-b508-4c39-9618-9f6afa21b7f3,CUST-2019-UK-000830,Alexander,Smith,Alexander Smith,Male,1955-09-11,alexander.smith@gmail.com,+44191 496 0716,"Studio 13k
Howarth brooks",North Benjaminside,North Jasonfurt,WF2 6XA,UK,United Kingdom,EMEA,English,Business,None,2019-01-23,2019,RETURNING,True,MDM,2019-01-23,2026-04-17 15:58:35.887481
e4b0f456-f6ad-40bd-b4fe-2bff23b6cac2,CUST-2020-UK-000599,Maria,Murray,Maria Murray,Male,2004-08-29,maria.murray@icloud.com,0115 4960321,"Studio 71K
Wright center",Port Susanbury,Port Barry,TD2R 7RU,UK,United Kingdom,EMEA,English,Consumer,None,2020-03-02,2020,RETURNING,True,MDM,2020-03-02 00:00:00,2026-04-17 15:58:35.887483
f380e2a0-cf3b-45a5-8853-3168514f1847,CUST-2019-UK-001720,Kelly,Foster,Kelly Foster,Male,1954-05-12,kelly.foster@outlook.com,+441144960794,"Flat 7
Rowley lights",New Edward,South Gemmaberg,E3 5GB,UK,United Kingdom,EMEA,English,Consumer,Silver,2019-03-25,2019,RETURNING,True,MDM,2019-03-25,2026-04-17 15:58:35.887485
55ad65d9-e267-404b-b6df-85bab245ae69,CUST-2019-UK-001295,Joel,Owens,Joel Owens,Female,1975-09-19,joel.owens@yahoo.com,+44(0)1514960387,2 Gavin avenue,Wardborough,Royside,B80 5GQ,UK,United Kingdom,EMEA,English,Consumer,Gold,2019-12-13,2019,RETURNING,True,MDM,2019-12-13,2026-04-17 15:58:35.887486
f108da78-eec3-4e62-8757-efd414b3b0df,CUST-2020-UK-000579,Charlotte,Gordon,Charlotte Gordon,Female,1978-01-18,charlotte.gordon@icloud.com,0161 4960998,"Studio 6
Leah islands",North Carole,Nelsonview,E5E 6YB,UK,United Kingdom,EMEA,English,Consumer,None,2020-10-25,2020,RETURNING,False,MDM,2020-10-25 00:00:00,2026-04-17 15:58:35.887488
c4ac39e5-7fd0-4a70-87df-4b455f884485,CUST-2019-UK-001744,Patrick,Dean,Patrick Dean,Male,1983-02-17,patrick.dean@icloud.com,(0191) 496 0554,"Studio 59
Colin cove",New Joshua,Lake Dawn,BA59 5TW,UK,United Kingdom,EMEA,English,Business,None,2019-02-16,2019,RETURNING,True,MDM,2019-02-16,2026-04-17 15:58:35.887490
65321a56-0793-476c-8b8e-783121c198c0,CUST-2020-UK-000379,Phillip,Rahman,Phillip Rahman,Male,1973-04-16,phillip.rahman798@zoho.com,+44289018943,5 Clarke walk,Shortland,Lake Declan,M6A 7GL,UK,United Kingdom,EMEA,English,Consumer,Silver,2020-12-27,2020,RETURNING,True,MDM,2020-12-27 00:00:00,2026-04-17 15:58:35.887491
95368896-e682-4d28-8ada-31c5c3e2e537,CUST-2019-UK-001216,Carl,Vaughan,Carl Vaughan,Female,1977-11-28,carl.vaughan@yahoo.com,+441144960910,748 Clifford expressway,Kellyland,Brendahaven,TS3B 9UY,UK,United Kingdom,EMEA,English,Business,None,2019-05-15,2019,RETURNING,True,MDM,2019-05-15,2026-04-17 15:58:35.887493
3f0a97eb-7216-4c25-b90b-781e0762149a,CUST-2020-UK-000001,Kieran,Smith,Kieran Smith,Male,1959-03-22,kieran.smith@aol.com,+44(0)1632960620,"Flat 7
Alexander cliff",Port Mitchellland,Aaronmouth,G12 3NN,UK,United Kingdom,EMEA,English,Consumer,Gold,2020-05-06,2020,RETURNING,True,MDM,2020-05-06 00:00:00,2026-04-17 15:58:35.887494
739810c1-edd2-4d03-9afd-6b9183e5b2a2,CUST-2019-UK-002054,Melanie,Ahmed,Melanie Ahmed,Male,1971-07-13,melanie.ahmed@icloud.com,(0141) 496 0312,1 Kerry groves,Lake Helen,Gregorytown,S43 9GJ,UK,United Kingdom,EMEA,English,Education,Gold,2019-02-27,2019,RETURNING,True,MDM,2019-02-27,2026-04-17 15:58:35.887496
ecb48597-1e78-4bff-9470-6307b77084e3,CUST-2019-UK-001538,Clive,Collins,Clive Collins,Male,2000-08-07,clive.collins@icloud.com,028 9018 0415,"Studio 1
Maria roads",West Phillipborough,Port Dianefurt,S1U 3AF,UK,United Kingdom,EMEA,English,Education,Silver,2019-10-31,2019,RETURNING,True,MDM,2019-10-31,2026-04-17 15:58:35.887497
cfcb30eb-b904-4075-b8f3-fc8d16f141c4,CUST-2020-UK-000159,Leigh,Clayton,Leigh Clayton,Female,1964-12-13,leigh.clayton@icloud.com,0118 4960611,532 Tracy island,Whiteshire,Lewistown,B0 3NN,UK,United Kingdom,EMEA,English,Consumer,None,2020-04-30,2020,RETURNING,True,MDM,2020-04-30 00:00:00,2026-04-17 15:58:35.887499
3e929891-e211-4f42-b63d-e5db95a17d75,CUST-2020-UK-000645,Iain,Smith,Iain Smith,Female,2000-11-14,iain.smith@live.com,(020) 74960386,28 Megan keys,Carterland,New Elizabeth,L6 6UT,UK,United Kingdom,EMEA,English,Consumer,Silver,2020-05-21,2020,RETURNING,True,MDM,2020-05-21 00:00:00,2026-04-17 15:58:35.887500
7a94373a-af3b-4170-bbb1-4e879a526bf0,CUST-2020-UK-000755,Jill,Wilson,Jill Wilson,Female,1974-05-27,jill.wilson307@mail.com,(0115) 496 0417,7 Simpson crossroad,New Maxland,Port Jeremy,TW8 2PX,UK,United Kingdom,EMEA,English,Consumer,None,2020-06-24,2020,RETURNING,True,MDM,2020-06-24 00:00:00,2026-04-17 15:58:35.887502
6ab81c81-c1c1-45e3-bd28-45125401cb8a,CUST-2020-UK-000280,Carole,Edwards,Carole Edwards,Male,1995-04-04,carole.edwards@gmx.com,(0161) 496 0010,"Studio 72
Barry trace",Lake Sharon,Ryanmouth,S5H 8QW,UK,United Kingdom,EMEA,English,Consumer,Silver,2020-10-01,2020,RETURNING,True,MDM,2020-10-01 00:00:00,2026-04-17 15:58:35.887503
26c97240-ca27-43dd-8ac4-fd75a2c449a4,CUST-2019-UK-000477,Adrian,Green,Adrian Green,Female,1967-04-27,adrian.green@outlook.com,(0808)1570282,"Flat 07
Jeremy gardens",Maureenfurt,Rossshire,WD27 4AF,UK,United Kingdom,EMEA,English,Education,None,2019-03-12,2019,RETURNING,True,MDM,2019-03-12,2026-04-17 15:58:35.887505
7ac943d1-dc78-46a9-9e8a-ad4985ff1bc8,CUST-2020-UK-000399,Bethan,Mills,Bethan Mills,Male,1957-12-08,bethan.mills@hotmail.com,(0161) 4960709,"Flat 91
James station",New Benjaminport,South Jodie,L7H 3UA,UK,United Kingdom,EMEA,English,Business,None,2020-01-07,2020,RETURNING,True,MDM,2020-01-07 00:00:00,2026-04-17 15:58:35.887507
f3725d21-b30e-43aa-b679-709cea6638de,CUST-2019-UK-000573,Jacqueline,Dixon,Jacqueline Dixon,Female,1995-12-19,jacqueline.dixon@protonmail.com,+44306 9990074,"Studio 2
Shirley keys",South Carlychester,Griffinhaven,OL0 9YN,UK,United Kingdom,EMEA,English,Consumer,None,2019-12-05,2019,RETURNING,True,MDM,2019-12-05,2026-04-17 15:58:35.887509
fa0277f0-b33f-4b8b-b397-8b258d657272,CUST-2019-UK-002121,Jennifer,Wilkins,Jennifer Wilkins,Male,1996-06-26,jennifer.wilkins@icloud.com,+44(0)8081570665,"Studio 13I
Bethany road",Donnaberg,West Garyburgh,HP9B 3SX,UK,United Kingdom,EMEA,English,Consumer,None,2019-03-05,2019,RETURNING,True,MDM,2019-03-05,2026-04-17 15:58:35.887511
e97fe4a1-fafb-464f-908c-a0cd6be8dd40,CUST-2019-UK-001437,Terence,Butler,Terence Butler,Female,1983-10-26,terence.butler@msn.com,+44(0)161 4960608,56 Hughes well,Lake Patricia,West Jackfort,PH8 0BB,UK,United Kingdom,EMEA,English,Consumer,None,2019-09-01,2019,RETURNING,True,MDM,2019-09-01,2026-04-17 15:58:35.887513
9283d574-3d44-4794-906d-6e7ff1b2a32b,CUST-2019-UK-000349,Stanley,Evans,Stanley Evans,Female,1971-04-09,stanley.evans849@outlook.com,+44(0)20 74960955,222 Justin extensions,New Jakeport,Joestad,N5U 5EA,UK,United Kingdom,EMEA,English,Consumer,Silver,2019-08-27,2019,RETURNING,True,MDM,2019-08-27,2026-04-17 15:58:35.887514
d099da56-4a0a-43c8-bf05-d6d73c909f47,CUST-2020-UK-000585,Gregory,Davey,Gregory Davey,Male,1992-07-08,gregory.davey713@aol.com,+44117 4960775,1 Julian oval,Lake Wendyberg,Greenville,CV92 7DD,UK,United Kingdom,EMEA,English,Consumer,None,2020-03-15,2020,RETURNING,True,MDM,2020-03-15 00:00:00,2026-04-17 15:58:35.887516
976d9b69-0542-4a17-8874-473a5dcc8f6b,CUST-2019-UK-001880,Lynne,Poole,Lynne Poole,Male,1996-03-08,lynne.poole@outlook.com,(0306) 999 0754,3 Hart hill,East Jordan,South Kimberleymouth,W7 4PS,UK,United Kingdom,EMEA,English,Business,None,2019-02-05,2019,RETURNING,True,MDM,2019-02-05,2026-04-17 15:58:35.887518
90a5927d-6b0e-49dd-ba14-61c5e799cb0c,CUST-2019-UK-000180,Lee,Baker,Lee Baker,Female,2006-08-07,lee.baker480@zoho.com,01214960532,4 Dean crossroad,East Rickyborough,North Jake,M04 5LJ,UK,United Kingdom,EMEA,English,Consumer,Silver,2019-01-08,2019,RETURNING,True,MDM,2019-01-08,2026-04-17 15:58:35.887519
de6c9783-4db7-4358-b3dd-af183282e62f,CUST-2020-UK-000447,Joyce,Smith,Joyce Smith,Male,1980-03-31,joyce.smith@msn.com,01414960136,"Flat 64
Khan club",New Rebeccaland,Wilkinsonshire,W5 4DS,UK,United Kingdom,EMEA,English,Consumer,None,2020-09-18,2020,RETURNING,True,MDM,2020-09-18 00:00:00,2026-04-17 15:58:35.887521
d133faf1-5322-4266-ac61-d32336afeaa8,CUST-2019-UK-001891,Roy,Smith,Roy Smith,Female,1965-06-09,roy.smith344@gmx.com,+44(0)1632 960 457,8 Patel mews,South Joannemouth,Dannychester,NP03 7EF,UK,United Kingdom,EMEA,English,Consumer,Gold,2019-06-05,2019,RETURNING,True,MDM,2019-06-05,2026-04-17 15:58:35.887522
8ac955a8-6b2c-40d3-bb2f-31d60e5c04c6,CUST-2019-UK-000635,Frederick,Morley,Frederick Morley,Female,2000-11-09,frederick.morley@aol.com,+44(0)1632 960638,3 Anna passage,Lake Anna,West Terrymouth,G6K 9TS,UK,United Kingdom,EMEA,English,Education,Silver,2019-05-23,2019,RETURNING,True,MDM,2019-05-23,2026-04-17 15:58:35.887524
61440681-d5f8-496c-b928-b8aab66283c0,CUST-2020-UK-000281,Matthew,Turner,Matthew Turner,Female,2000-12-29,matthew.turner@msn.com,(0114)4960895,"Studio 36r
Rhys plains",New Shirleyfort,Bryantton,B74 2QY,UK,United Kingdom,EMEA,English,Consumer,Platinum,2020-08-28,2020,RETURNING,True,MDM,2020-08-28 00:00:00,2026-04-17 15:58:35.887525
2873321f-9d6a-4219-89a4-8f0d03f6526a,CUST-2020-UK-000387,Kenneth,Sheppard,Kenneth Sheppard,Female,1961-11-04,kenneth.sheppard@msn.com,0117 4960376,"Flat 92
Joan views",Swiftstad,Lake Alice,L2 5PX,UK,United Kingdom,EMEA,English,Education,Silver,2020-01-23,2020,RETURNING,True,MDM,2020-01-23 00:00:00,2026-04-17 15:58:35.887527
f37b2cdf-5921-4b24-a142-da6c66b740ef,CUST-2019-UK-001025,Gerard,Webster,Gerard Webster,Male,1995-07-29,gerard.webster@mail.com,+44(0)113 496 0071,"Flat 28
Jackson groves",New Ian,Port Clareville,N70 3EZ,UK,United Kingdom,EMEA,English,Education,None,2019-02-03,2019,RETURNING,False,MDM,2019-02-03,2026-04-17 15:58:35.887528
b14328ab-ffb3-45eb-a03f-ff427b8ccbd0,CUST-2019-UK-002302,Marie,Morley,Marie Morley,Male,1983-10-10,marie.morley@aol.com,+44(0)8081570859,0 Jones mountains,Huntborough,Fletcherport,S9 7TS,UK,United Kingdom,EMEA,English,Education,None,2019-12-10,2019,RETURNING,True,MDM,2019-12-10,2026-04-17 15:58:35.887530
ac89b02c-7660-41e1-aaf1-c93800bef320,CUST-2020-UK-000089,Harry,Griffiths,Harry Griffiths,Male,1962-08-21,harry.griffiths737@hotmail.com,+44306 999 0700,926 Ball knolls,South Reecestad,Hannahhaven,TD53 9WL,UK,United Kingdom,EMEA,English,Business,None,2020-09-07,2020,RETURNING,True,MDM,2020-09-07 00:00:00,2026-04-17 15:58:35.887532
c40ab387-f02c-4af2-9967-52b5fd7c8c5d,CUST-2019-UK-001151,Amanda,Bond,Amanda Bond,Male,2000-12-15,amanda.bond510@outlook.com,+44(0)1514960977,880 Armstrong island,Alisonmouth,New Josephborough,B4A 6ND,UK,United Kingdom,EMEA,English,Consumer,Gold,2019-09-04,2019,RETURNING,True,MDM,2019-09-04,2026-04-17 15:58:35.887534
cb6f5178-bac1-4d79-8949-042cd10ab6cd,CUST-2019-UK-002194,Tracy,Collins,Tracy Collins,Male,1971-06-13,tracy.collins@protonmail.com,0116 496 0050,"Flat 86
Fox locks",East Natashafurt,Edwardsmouth,M85 0FN,UK,United Kingdom,EMEA,English,Consumer,None,2019-09-14,2019,RETURNING,True,MDM,2019-09-14,2026-04-17 15:58:35.887535
e40dcd57-becc-49d5-88c6-bbf518ea24c8,CUST-2019-UK-001754,Catherine,Hope,Catherine Hope,Female,1986-11-30,catherine.hope@protonmail.com,+44(0)808 157 0375,7 Robson road,Port Petermouth,Garyside,RH8 8ZU,UK,United Kingdom,EMEA,English,Consumer,Gold,2019-04-16,2019,RETURNING,True,MDM,2019-04-16,2026-04-17 15:58:35.887537
ed9aefcd-39fc-432c-af16-9ff5fb197220,CUST-2020-UK-000515,Victoria,Gardner,Victoria Gardner,Male,1953-05-09,victoria.gardner@hotmail.com,0121 496 0542,"Flat 92
Roger lakes",East Grahamburgh,Reynoldsside,GU11 7BF,UK,United Kingdom,EMEA,English,Consumer,Silver,2020-09-29,2020,RETURNING,True,MDM,2020-09-29 00:00:00,2026-04-17 15:58:35.887538
6f7eb343-8c76-4fe3-8fe8-dc997512ce80,CUST-2019-UK-000221,Elliott,Tyler,Elliott Tyler,Female,2005-09-28,elliott.tyler@zoho.com,+44(0)1632 960296,"Studio 22j
Amber stravenue",Lake Claireport,North Joshstad,OX8P 7QA,UK,United Kingdom,EMEA,English,Consumer,None,2019-06-12,2019,RETURNING,True,MDM,2019-06-12,2026-04-17 15:58:35.887540
e2b966df-61f7-487b-8db2-b55080677c4e,CUST-2019-UK-000526,Dale,Thomas,Dale Thomas,Female,1987-02-23,dale.thomas@gmx.com,(0161) 496 0954,96 Potter lodge,Barkermouth,West Georgina,E3 8HW,UK,United Kingdom,EMEA,English,Consumer,Platinum,2019-11-29,2019,RETURNING,True,MDM,2019-11-29,2026-04-17 15:58:35.887541
3da24162-e9d8-4efb-966e-99595dadbee5,CUST-2019-UK-001180,Rebecca,Garner,Rebecca Garner,Male,1987-06-05,rebecca.garner821@outlook.com,(0117) 496 0853,2 Cross path,South Emma,East Danielleborough,RG7 3LJ,UK,United Kingdom,EMEA,English,Consumer,Platinum,2019-12-24,2019,RETURNING,True,MDM,2019-12-24,2026-04-17 15:58:35.887542
0428e7f2-7902-4dc4-9ba8-5fceb4df1bf1,CUST-2019-UK-001853,Kathryn,Booth,Kathryn Booth,Male,1990-12-25,kathryn.booth@zoho.com,+44(0)1214960600,3 Justin port,New Tina,South Olivia,EX85 8LH,UK,United Kingdom,EMEA,English,Consumer,None,2019-10-17,2019,RETURNING,True,MDM,2019-10-17,2026-04-17 15:58:35.887545
73de91ae-3ed4-4afe-b1f8-70481f0fd12c,CUST-2020-UK-000640,Barry,Davies,Barry Davies,Male,1997-11-22,barry.davies@gmail.com,0808 157 0841,"Studio 87
Abdul walks",Lewisland,Katyhaven,KA5 7HW,UK,United Kingdom,EMEA,English,Consumer,Silver,2020-06-03,2020,RETURNING,True,MDM,2020-06-03 00:00:00,2026-04-17 15:58:35.887546
7242893a-de1d-44ab-9bc2-ff474b59432a,CUST-2019-UK-001599,Adam,Chadwick,Adam Chadwick,Male,1959-08-17,adam.chadwick@live.com,+44(0)289018941,"Flat 24
Dawson walks",Griffithsbury,Lake Denisetown,N2 4DS,UK,United Kingdom,EMEA,English,Business,Silver,2019-10-26,2019,RETURNING,True,MDM,2019-10-26,2026-04-17 15:58:35.887547
0edc750d-456c-4653-9524-79b554e33629,CUST-2019-UK-001650,Marilyn,Smith,Marilyn Smith,Male,1995-08-03,marilyn.smith984@yahoo.com,+441214960603,"Flat 86
Robinson loaf",East Irene,Christopherborough,IG8M 2QB,UK,United Kingdom,EMEA,English,Consumer,Silver,2019-01-29,2019,RETURNING,True,MDM,2019-01-29,2026-04-17 15:58:35.887549
35bee077-69f3-4df2-9b97-228208a84dbb,CUST-2019-UK-000103,Josh,Young,Josh Young,Female,1995-04-06,josh.young850@yahoo.com,+44289018358,"Flat 9
Jackson freeway",East Joan,Simpsonshire,S2 1QQ,UK,United Kingdom,EMEA,English,Consumer,Silver,2019-03-18,2019,RETURNING,True,MDM,2019-03-18,2026-04-17 15:58:35.887550
79c80fc9-5c18-4005-bc76-2910377db237,CUST-2019-UK-001505,Caroline,Clayton,Caroline Clayton,Female,1951-05-15,caroline.clayton85@mail.com,(0808)1570708,"Studio 93Y
Damien valley",South Julie,Markview,S98 8YL,UK,United Kingdom,EMEA,English,Consumer,Silver,2019-10-28,2019,RETURNING,True,MDM,2019-10-28,2026-04-17 15:58:35.887552
125a1550-5aea-4592-ae2f-af71e0be32ed,CUST-2020-UK-000590,Bethan,Butler,Bethan Butler,Male,1954-06-03,bethan.butler@zoho.com,+44(0)191 4960904,82 Morris trail,Suzanneland,Amystad,UB43 5YB,UK,United Kingdom,EMEA,English,Consumer,Gold,2020-09-23,2020,RETURNING,True,MDM,2020-09-23 00:00:00,2026-04-17 15:58:35.887553
d733480f-78e4-46d7-8596-a89cc5f458b3,CUST-2019-UK-001258,Luke,Day,Luke Day,Male,1978-08-05,luke.day@protonmail.com,+441164960200,14 Christine ferry,Benjaminview,Lake Joshuastad,E3 8TW,UK,United Kingdom,EMEA,English,Consumer,None,2019-01-23,2019,RETURNING,True,MDM,2019-01-23,2026-04-17 15:58:35.887555
cb9a1592-901f-4001-bfb9-30d6cda3542c,CUST-2020-UK-000574,Julie,Williams,Julie Williams,Female,1972-03-11,julie.williams454@gmx.com,+44113 496 0380,3 Kerry crossroad,Rickyton,Williamsport,KW4 0EZ,UK,United Kingdom,EMEA,English,Consumer,None,2020-12-26,2020,RETURNING,True,MDM,2020-12-26 00:00:00,2026-04-17 15:58:35.887557
0af1c781-2015-4512-800c-076208016075,CUST-2019-UK-001208,Henry,Taylor,Henry Taylor,Female,1997-04-16,henry.taylor@msn.com,(028) 9018 0012,15 Slater island,Christianbury,New Robertmouth,B4E 3EF,UK,United Kingdom,EMEA,English,Consumer,Gold,2019-06-24,2019,RETURNING,True,MDM,2019-06-24,2026-04-17 15:58:35.887558
c85a2959-df8a-4a86-975d-2f74d8cc45b7,CUST-2020-UK-000242,Jessica,Flynn,Jessica Flynn,Female,1977-09-21,jessica.flynn300@hotmail.com,08081570748,"Flat 6
Mason way",Garryville,Graemeport,W1A 1WJ,UK,United Kingdom,EMEA,English,Consumer,None,2020-05-13,2020,RETURNING,True,MDM,2020-05-13 00:00:00,2026-04-17 15:58:35.887560
03eaea91-5b41-46eb-a262-b1b8e261e12b,CUST-2019-UK-001988,Kerry,Evans,Kerry Evans,Female,1983-08-04,kerry.evans@icloud.com,+44(0)306 999 0448,"Studio 01i
Gerard crest",East William,South Craigberg,ZE9W 5SY,UK,United Kingdom,EMEA,English,Consumer,None,2019-03-06,2019,RETURNING,True,MDM,2019-03-06,2026-04-17 15:58:35.887562
828ff419-ba57-4885-97a6-a05412803d8e,CUST-2019-UK-001019,Stuart,Jones,Stuart Jones,Female,1962-10-10,stuart.jones@zoho.com,(0117) 496 0628,"Studio 2
Amber grove",New Jonathantown,Bentleyton,TN2 8SH,UK,United Kingdom,EMEA,English,Education,None,2019-03-21,2019,RETURNING,True,MDM,2019-03-21,2026-04-17 15:58:35.887564
fb4fa1a1-7e91-4e30-a14d-53295df0ea9d,CUST-2019-UK-002069,Gerald,Marshall,Gerald Marshall,Female,1971-12-24,gerald.marshall@msn.com,+44(0)141 496 0469,"Studio 33
Max avenue",Aimeemouth,Khanmouth,OX92 0FW,UK,United Kingdom,EMEA,English,Consumer,Platinum,2019-01-16,2019,RETURNING,True,MDM,2019-01-16,2026-04-17 15:58:35.887565
52bf7e25-8cb8-40d2-943d-a639d96b2da3,CUST-2019-UK-000908,Yvonne,Daniels,Yvonne Daniels,Female,1989-10-09,yvonne.daniels@icloud.com,+44121 4960982,4 Angela brook,Bowenbury,Olivertown,GL7B 4SH,UK,United Kingdom,EMEA,English,Consumer,None,2019-10-06,2019,RETURNING,True,MDM,2019-10-06,2026-04-17 15:58:35.887567
074d4f32-c63e-47ec-8bc8-88b57db17f41,CUST-2019-UK-000736,Raymond,Collins,Raymond Collins,Male,1985-07-12,raymond.collins573@zoho.com,+44(0)1164960641,"Studio 49N
Davies ports",Lake Hollyside,Halehaven,M1 5BJ,UK,United Kingdom,EMEA,English,Business,None,2019-12-02,2019,RETURNING,True,MDM,2019-12-02,2026-04-17 15:58:35.887568
708e9b58-88c2-41ff-aea1-aae93743cabf,CUST-2019-UK-001620,Eric,Ross,Eric Ross,Male,1967-02-09,eric.ross@yahoo.com,+44(0)114 4960491,"Studio 8
Savage springs",Grahamshire,West Bethan,ME75 3ZT,UK,United Kingdom,EMEA,English,Consumer,Silver,2019-05-30,2019,RETURNING,True,MDM,2019-05-30,2026-04-17 15:58:35.887570
69116643-cf95-427d-9414-e0e5cffb1a9c,CUST-2019-UK-000066,Bradley,Haynes,Bradley Haynes,Male,1995-11-04,bradley.haynes168@gmail.com,+44191 4960652,85 Little cliff,Taylorfurt,Joefurt,BB3E 8UP,UK,United Kingdom,EMEA,English,Education,None,2019-06-05,2019,RETURNING,True,MDM,2019-06-05,2026-04-17 15:58:35.887571
9af1176d-4396-4ba0-8182-9f9248013aa3,CUST-2019-UK-000973,Carolyn,Davies,Carolyn Davies,Male,1990-01-02,carolyn.davies@yahoo.com,+44(0)909 8790322,"Studio 71w
Newton springs",Geraldton,Port Connor,SE7A 7JY,UK,United Kingdom,EMEA,English,Business,None,2019-06-23,2019,RETURNING,True,MDM,2019-06-23,2026-04-17 15:58:35.887573
0aa22bd6-386d-415a-9e8b-15bd4bd4f8d7,CUST-2020-UK-000497,Mohammad,Watson,Mohammad Watson,Male,1965-05-05,mohammad.watson@mail.com,01154960625,8 Josh rapids,Adammouth,Lake Danielland,E5F 1WR,UK,United Kingdom,EMEA,English,Consumer,None,2020-02-24,2020,RETURNING,True,MDM,2020-02-24 00:00:00,2026-04-17 15:58:35.887575
ad0a89ac-231f-42ac-aad3-66fa0434c01d,CUST-2019-UK-000829,Paige,Hart,Paige Hart,Female,1950-10-25,paige.hart@gmail.com,+4428 9018546,"Studio 20
Kelly lakes",Yvonneland,South Teresaburgh,N6G 5YN,UK,United Kingdom,EMEA,English,Consumer,Gold,2019-07-18,2019,RETURNING,True,MDM,2019-07-18,2026-04-17 15:58:35.887576
81759fb9-d771-4269-8e54-521acfbb0ac3,CUST-2020-UK-000722,Victoria,Saunders,Victoria Saunders,Male,1956-01-27,victoria.saunders315@zoho.com,+44(0)1632 960692,"Flat 74
Hannah ridge",North Amyside,North Jill,G98 6SB,UK,United Kingdom,EMEA,English,Consumer,None,2020-07-27,2020,RETURNING,True,MDM,2020-07-27 00:00:00,2026-04-17 15:58:35.887578
9ccaf8ec-24c3-4754-ab36-171f9b3773fb,CUST-2019-UK-000917,Norman,Wilson,Norman Wilson,Male,1978-07-16,norman.wilson@yahoo.com,(0306)9990967,090 Hargreaves squares,Phillipshaven,Lake Barry,E70 7WX,UK,United Kingdom,EMEA,English,Consumer,None,2019-06-19,2019,RETURNING,True,MDM,2019-06-19,2026-04-17 15:58:35.887580
bed25901-2457-41f3-a59a-3a09718d1515,CUST-2019-UK-001663,Kirsty,Francis,Kirsty Francis,Female,1975-08-18,kirsty.francis403@zoho.com,+44131 496 0270,99 Julian road,West Deborahhaven,Port Jackhaven,EN44 0YB,UK,United Kingdom,EMEA,English,Education,None,2019-03-30,2019,RETURNING,True,MDM,2019-03-30,2026-04-17 15:58:35.887582
8bddf2d7-ac5d-474b-bb6d-18e7124b7f03,CUST-2020-UK-000464,Gary,Johnson,Gary Johnson,Male,1955-03-24,gary.johnson@outlook.com,+44(0)909 879 0271,89 Turner mission,East Shirleyshire,East Aliceview,M8 2XB,UK,United Kingdom,EMEA,English,Business,None,2020-04-07,2020,RETURNING,True,MDM,2020-04-07 00:00:00,2026-04-17 15:58:35.887583
f93f2fa2-d2bd-4174-97d7-9a238dbb3794,CUST-2020-UK-000355,Janet,Scott,Janet Scott,Male,1961-03-25,janet.scott@mail.com,+44(0)3069990922,"Studio 5
Ashleigh trail",Lewismouth,Reecefort,WF88 7SB,UK,United Kingdom,EMEA,English,Consumer,Silver,2020-10-19,2020,RETURNING,True,MDM,2020-10-19 00:00:00,2026-04-17 15:58:35.887585
23703c52-5c3f-4e4e-ac77-f4785809fe97,CUST-2019-UK-000848,Abigail,Martin,Abigail Martin,Male,1969-08-24,abigail.martin@yahoo.com,(0191) 496 0577,5 Sam place,Geoffreymouth,Beverleyport,SM3H 4UX,UK,United Kingdom,EMEA,English,Business,None,2019-11-15,2019,RETURNING,True,MDM,2019-11-15,2026-04-17 15:58:35.887586
5c2fd580-70a0-47b5-8f42-a6900198c887,CUST-2019-UK-001876,Brandon,Clarke,Brandon Clarke,Male,1964-03-20,brandon.clarke@protonmail.com,+44121 496 0826,1 Jake tunnel,North Joel,North Georginaburgh,ST2P 9LB,UK,United Kingdom,EMEA,English,Business,None,2019-06-29,2019,RETURNING,True,MDM,2019-06-29,2026-04-17 15:58:35.887588
00aa3a66-23f2-4694-999b-44774c3ef9e2,CUST-2019-UK-001704,Leanne,Garner,Leanne Garner,Female,1977-12-15,leanne.garner@protonmail.com,01614960684,154 Terry mission,Stevensberg,West Philip,TF5Y 7ZH,UK,United Kingdom,EMEA,English,Consumer,Silver,2019-02-19,2019,RETURNING,True,MDM,2019-02-19,2026-04-17 15:58:35.887589
abbc545f-a375-435f-8a37-b5b29a8b02e6,CUST-2019-UK-001780,Nathan,Miller,Nathan Miller,Female,2002-10-05,nathan.miller390@outlook.com,0115 4960710,"Studio 2
Allan summit",Doddton,East Dylanchester,LA90 6WX,UK,United Kingdom,EMEA,English,Education,None,2019-03-02,2019,RETURNING,True,MDM,2019-03-02,2026-04-17 15:58:35.887591
a6d572f6-d279-438a-9b6e-0b8fbbb97247,CUST-2019-UK-000093,Louis,Rogers,Louis Rogers,Female,1961-03-19,louis.rogers@gmail.com,(0116) 496 0547,"Studio 2
Francis loaf",New Maryfort,Lake Debra,M84 5JA,UK,United Kingdom,EMEA,English,Consumer,None,2019-02-05,2019,RETURNING,True,MDM,2019-02-05,2026-04-17 15:58:35.887593
90365536-e02c-4ce4-833c-c3517a51287f,CUST-2019-UK-001125,Paula,Williams,Paula Williams,Female,1956-11-12,paula.williams@gmail.com,+44(0)29 2018869,"Studio 3
Morgan station",Ericmouth,Teresaside,FK8H 8XX,UK,United Kingdom,EMEA,English,Consumer,None,2019-09-06,2019,RETURNING,True,MDM,2019-09-06,2026-04-17 15:58:35.887595
7b017a55-ce2e-490f-9f8a-0c56989fa00f,CUST-2019-UK-001187,Robin,Williams,Robin Williams,Female,2008-01-22,robin.williams277@gmx.com,+4428 9018 0429,49 Suzanne hollow,Watsonhaven,North Katyfort,KT30 3HW,UK,United Kingdom,EMEA,English,Business,Gold,2019-05-07,2019,RETURNING,True,MDM,2019-05-07,2026-04-17 15:58:35.887596
56e34ef5-ab97-4852-9e72-d8c37972ea10,CUST-2019-UK-001257,Darren,Green,Darren Green,Male,1970-08-24,darren.green397@mail.com,+44(0)3069990123,4 Lyons heights,Aaronchester,Elizabethport,IG7 2PD,UK,United Kingdom,EMEA,English,Business,Gold,2019-05-30,2019,RETURNING,True,MDM,2019-05-30,2026-04-17 15:58:35.887597
129ca6c1-6d13-4946-b43f-499594d06f7f,CUST-2020-UK-000291,Ann,Gray,Ann Gray,Male,1951-06-18,ann.gray@outlook.com,(0306) 9990176,30 Bartlett stream,Maxstad,East George,SM7H 3AS,UK,United Kingdom,EMEA,English,Consumer,Gold,2020-09-16,2020,RETURNING,True,MDM,2020-09-16 00:00:00,2026-04-17 15:58:35.887599
d0329424-2eca-4dfe-ab1f-52c853ef083a,CUST-2019-UK-001904,Jake,King,Jake King,Female,2000-10-13,jake.king526@zoho.com,0115 4960336,"Flat 5
Connolly square",Lake Sharonfurt,Callumview,S1 0PN,UK,United Kingdom,EMEA,English,Consumer,Silver,2019-12-21,2019,RETURNING,True,MDM,2019-12-21,2026-04-17 15:58:35.887600
0db6fdc7-1c95-4e79-8460-b1300f272712,CUST-2019-UK-001382,Graham,Carroll,Graham Carroll,Male,1998-04-16,graham.carroll@zoho.com,+44151 496 0488,"Flat 45
Norman alley",Collinsborough,West Callumview,WR3B 3TU,UK,United Kingdom,EMEA,English,Consumer,None,2019-01-03,2019,RETURNING,True,MDM,2019-01-03,2026-04-17 15:58:35.887602
d66c94cd-2801-4982-aeb7-1be43855f2ee,CUST-2019-UK-001405,Deborah,Bell,Deborah Bell,Male,1979-01-18,deborah.bell@gmx.com,+44(0)306 999 0148,"Flat 34S
Gray park",Michaelmouth,Clarkemouth,S75 8PP,UK,United Kingdom,EMEA,English,Consumer,Silver,2019-09-04,2019,RETURNING,True,MDM,2019-09-04,2026-04-17 15:58:35.887603
d079c5f3-2c5c-46c3-b3c8-68804acb4c2d,CUST-2019-UK-001825,Wayne,Howard,Wayne Howard,Female,1961-12-06,wayne.howard460@protonmail.com,(0116)4960160,9 Barnes manors,West Brettstad,Buckleyview,E10 0WU,UK,United Kingdom,EMEA,English,Consumer,None,2019-10-15,2019,RETURNING,True,MDM,2019-10-15,2026-04-17 15:58:35.887605
18bdb348-79e0-446e-ac33-241fe449d7d1,CUST-2019-UK-001805,Maurice,Price,Maurice Price,Female,1995-12-06,maurice.price923@zoho.com,(0116)4960333,"Studio 1
Connor garden",New Jane,East Kyleshire,CV2P 5EE,UK,United Kingdom,EMEA,English,Consumer,Silver,2019-05-24,2019,RETURNING,False,MDM,2019-05-24,2026-04-17 15:58:35.887606
83fcc55e-58d4-4058-9b56-abeedba08bba,CUST-2019-UK-000208,Lynda,Nicholls,Lynda Nicholls,Female,1954-03-29,lynda.nicholls@outlook.com,01164960912,"Studio 96H
Fitzgerald path",West Deanchester,Port Mandy,CH55 4XY,UK,United Kingdom,EMEA,English,Business,None,2019-12-04,2019,RETURNING,True,MDM,2019-12-04,2026-04-17 15:58:35.887608
47f28f7a-079d-4941-ac67-b0ca729315d7,CUST-2019-UK-000380,Suzanne,Harris,Suzanne Harris,Female,1974-09-10,suzanne.harris221@mail.com,0909 8790542,1 Linda villages,Jameschester,Brandonhaven,E4C 4AW,UK,United Kingdom,EMEA,English,Consumer,Gold,2019-12-27,2019,RETURNING,True,MDM,2019-12-27,2026-04-17 15:58:35.887609
dd46066b-e126-4fff-a114-e7f793fd8496,CUST-2019-UK-000812,Rosie,Moore,Rosie Moore,Female,2008-03-04,rosie.moore@msn.com,+44(0)29 2018374,0 Fox summit,Johnstonville,Hazelfurt,L50 4QS,UK,United Kingdom,EMEA,English,Consumer,Gold,2019-08-11,2019,RETURNING,True,MDM,2019-08-11,2026-04-17 15:58:35.887611
53d80255-f98f-4544-9e91-9c2116d1052d,CUST-2019-UK-000685,Keith,Clements,Keith Clements,Male,1977-11-07,keith.clements@outlook.com,029 2018673,"Studio 39
Garry road",West Clive,Lake Ameliahaven,OL3 4GJ,UK,United Kingdom,EMEA,English,Consumer,None,2019-08-06,2019,RETURNING,True,MDM,2019-08-06,2026-04-17 15:58:35.887613
4e6e2310-9733-4454-a4f1-0c42fc868d8e,CUST-2019-UK-000108,Matthew,Green,Matthew Green,Female,2001-08-02,matthew.green314@aol.com,(0161) 496 0996,6 Turnbull mission,Allanburgh,Poolehaven,G9W 7UP,UK,United Kingdom,EMEA,English,Consumer,Silver,2019-12-10,2019,RETURNING,True,MDM,2019-12-10,2026-04-17 15:58:35.887614
8be28f64-b28c-4ed8-a4a3-4b159f914895,CUST-2019-UK-001966,Megan,Powell,Megan Powell,Female,1996-02-06,megan.powell@outlook.com,+44117 496 0121,"Flat 15y
Harrison squares",Robertstown,West Francescashire,L89 4NN,UK,United Kingdom,EMEA,English,Business,None,2019-01-23,2019,RETURNING,True,MDM,2019-01-23,2026-04-17 15:58:35.887616
650010e2-2371-4f3d-9313-e6dee9f8fd88,CUST-2019-UK-000084,Frances,Henderson,Frances Henderson,Female,1975-02-12,frances.henderson@gmx.com,01214960764,525 Little lodge,New Carole,North Brianstad,N06 9GU,UK,United Kingdom,EMEA,English,Business,None,2019-12-05,2019,RETURNING,True,MDM,2019-12-05,2026-04-17 15:58:35.887618
964e1b11-4b78-4a2a-8150-56346934ff86,CUST-2019-UK-001229,Liam,Morton,Liam Morton,Male,1979-04-16,liam.morton@gmx.com,(0121) 4960721,"Studio 00
Johnson common",Grahamland,Lake Rebecca,EN9 0DN,UK,United Kingdom,EMEA,English,Consumer,Platinum,2019-04-13,2019,RETURNING,True,MDM,2019-04-13,2026-04-17 15:58:35.887619
30f20d31-5b76-4c08-9307-76d81110f0f3,CUST-2019-UK-000353,Paula,Edwards,Paula Edwards,Female,1951-03-28,paula.edwards@yahoo.com,028 9018473,"Flat 8
Dobson walk",Yvonneside,Cameronport,JE28 0WY,UK,United Kingdom,EMEA,English,Consumer,None,2019-02-05,2019,RETURNING,True,MDM,2019-02-05,2026-04-17 15:58:35.887621
9634b472-59a8-4b35-be53-1f6443ea8234,CUST-2020-UK-000446,Gordon,Smith,Gordon Smith,Female,1988-08-13,gordon.smith@protonmail.com,(0116) 496 0655,"Flat 7
Burns lights",Ianberg,Herbertmouth,L70 0UL,UK,United Kingdom,EMEA,English,Business,Silver,2020-09-29,2020,RETURNING,True,MDM,2020-09-29 00:00:00,2026-04-17 15:58:35.887622
725c973b-25aa-4061-b3de-5f13248186ac,CUST-2019-UK-001563,Marie,Bailey,Marie Bailey,Female,1995-02-20,marie.bailey@outlook.com,03069990982,"Studio 48m
Charlie estate",Wilkinsonfort,Eleanormouth,G2C 9HU,UK,United Kingdom,EMEA,English,Consumer,Silver,2019-06-17,2019,RETURNING,True,MDM,2019-06-17,2026-04-17 15:58:35.887624
90f3b9d9-48e1-44bb-8e68-526d845823c9,CUST-2020-UK-000330,Jamie,Kirk,Jamie Kirk,Male,1979-09-29,jamie.kirk303@mail.com,(0161) 4960488,30 Nicholson islands,South Louise,New Harrietberg,M08 8XY,UK,United Kingdom,EMEA,English,Consumer,Platinum,2020-09-03,2020,RETURNING,True,MDM,2020-09-03 00:00:00,2026-04-17 15:58:35.887625
3cfba135-1236-4f24-a8e9-b2a6b38a973a,CUST-2020-UK-000380,Andrea,Woodward,Andrea Woodward,Male,2000-11-02,andrea.woodward195@yahoo.com,01514960311,"Studio 14N
Dickinson harbors",New Marie,North Marieside,N8E 5BG,UK,United Kingdom,EMEA,English,Business,None,2020-01-25,2020,RETURNING,True,MDM,2020-01-25 00:00:00,2026-04-17 15:58:35.887627
7425484d-07bb-4d47-84ac-497e738abbec,CUST-2020-UK-000595,Pamela,Smith,Pamela Smith,Female,1978-05-25,pamela.smith@icloud.com,01632 960 083,"Flat 3
Ball view",Marcusstad,New Nicola,HR56 4AA,UK,United Kingdom,EMEA,English,Consumer,Silver,2020-08-28,2020,RETURNING,True,MDM,2020-08-28 00:00:00,2026-04-17 15:58:35.887628
1a54151c-7700-4d51-a79c-a521c7135b5a,CUST-2019-UK-002364,Lindsey,Richardson,Lindsey Richardson,Female,1951-06-08,lindsey.richardson@yahoo.com,(0117) 496 0610,"Flat 8
Sian track",North Sean,South Stevenmouth,S6 8PP,UK,United Kingdom,EMEA,English,Consumer,None,2019-11-18,2019,RETURNING,True,MDM,2019-11-18,2026-04-17 15:58:35.887630
19e053e4-d9cf-4c11-8b11-f8844573a6d6,CUST-2019-UK-000096,Neil,Sheppard,Neil Sheppard,Female,2004-04-10,neil.sheppard@icloud.com,(0121) 496 0368,"Flat 2
Riley mills",Lake Rosemary,Lyndaberg,OL6P 7JR,UK,United Kingdom,EMEA,English,Business,None,2019-12-31,2019,RETURNING,True,MDM,2019-12-31,2026-04-17 15:58:35.887631
4cff1eae-8163-4a56-afec-313d9bbe5c0b,CUST-2019-UK-001009,Ryan,Cross,Ryan Cross,Male,2000-11-30,ryan.cross41@yahoo.com,+44(0)118 4960161,3 Timothy camp,South Katiefurt,New Thomaschester,WF16 7GH,UK,United Kingdom,EMEA,English,Consumer,Platinum,2019-12-05,2019,RETURNING,True,MDM,2019-12-05,2026-04-17 15:58:35.887633
9e344cd0-260c-4f3e-82a0-25f70d015859,CUST-2019-UK-001963,Jill,Coleman,Jill Coleman,Female,1986-02-13,jill.coleman@gmail.com,+44289018041,37 Porter shoal,Annefort,Gallagherville,DL0 2BA,UK,United Kingdom,EMEA,English,Consumer,None,2019-03-03,2019,RETURNING,True,MDM,2019-03-03,2026-04-17 15:58:35.887635
51b19d73-edf1-48c8-9816-3e95f4f526d8,CUST-2019-UK-000125,Ann,Davis,Ann Davis,Male,1969-09-23,ann.davis@mail.com,01174960742,"Flat 4
Alan groves",Barberton,East Geraldine,M9J 0JB,UK,United Kingdom,EMEA,English,Consumer,Silver,2019-04-29,2019,RETURNING,True,MDM,2019-04-29,2026-04-17 15:58:35.887636
2f605974-7119-48e3-8b72-232bd83e5003,CUST-2019-UK-001507,Rosemary,Williams,Rosemary Williams,Female,1991-09-23,rosemary.williams@hotmail.com,(0113) 4960551,53 Mohammed heights,Francesmouth,North Joyce,ME8B 0TA,UK,United Kingdom,EMEA,English,Education,None,2019-11-26,2019,RETURNING,True,MDM,2019-11-26,2026-04-17 15:58:35.887638
c36f3510-7465-44b1-adbd-70315f262678,CUST-2020-UK-000745,Sara,Mills,Sara Mills,Female,1999-07-02,sara.mills@protonmail.com,+44(0)161 496 0949,"Flat 4
Allen row",New Kateview,Port Sharonmouth,W3 5WS,UK,United Kingdom,EMEA,English,Consumer,Gold,2020-01-29,2020,RETURNING,True,MDM,2020-01-29 00:00:00,2026-04-17 15:58:35.887639
26f64810-bb71-466d-8b4b-36a16189c149,CUST-2019-UK-001077,Maurice,Bevan,Maurice Bevan,Male,2003-09-25,maurice.bevan@outlook.com,(0118) 4960890,"Flat 89
Wood junctions",Aimeeshire,Flynnchester,CV6B 2RW,UK,United Kingdom,EMEA,English,Consumer,None,2019-05-04,2019,RETURNING,True,MDM,2019-05-04,2026-04-17 15:58:35.887641
96bf0d67-9881-455e-abe2-4f0b0ab7dcf4,CUST-2020-UK-000711,Patricia,Pearce,Patricia Pearce,Male,1976-07-19,patricia.pearce@msn.com,(0191) 496 0871,95 Valerie rue,Smithport,Lake Angela,W0H 3PH,UK,United Kingdom,EMEA,English,Consumer,None,2020-07-31,2020,RETURNING,True,MDM,2020-07-31 00:00:00,2026-04-17 15:58:35.887642
f963490e-b789-44aa-8ac3-8fd70c0a753c,CUST-2019-UK-001679,Susan,Davis,Susan Davis,Female,2005-04-16,susan.davis777@zoho.com,(020) 74960316,30 Amelia road,Douglasbury,New Brettburgh,BR2 2JP,UK,United Kingdom,EMEA,English,Business,None,2019-08-25,2019,RETURNING,True,MDM,2019-08-25,2026-04-17 15:58:35.887645
0b9860c2-6107-4988-a310-04fbfe2cc2e1,CUST-2019-UK-001868,Dylan,Stone,Dylan Stone,Male,1991-10-03,dylan.stone37@gmail.com,+44(0)808 157 0773,9 Thompson glen,Joneston,North Lucy,M5 0LY,UK,United Kingdom,EMEA,English,Consumer,Platinum,2019-07-22,2019,RETURNING,True,MDM,2019-07-22,2026-04-17 15:58:35.887646
4d5d8b92-afa5-42fb-acab-7df83d5f6277,CUST-2020-UK-000201,Aaron,Thomson,Aaron Thomson,Female,2001-01-24,aaron.thomson@hotmail.com,(0114)4960203,"Flat 85
Smith vista",New Tina,Graybury,N37 8BB,UK,United Kingdom,EMEA,English,Business,None,2020-04-09,2020,RETURNING,True,MDM,2020-04-09 00:00:00,2026-04-17 15:58:35.887648
687ffa88-1b35-4f60-8a55-adf8cf667bc1,CUST-2019-UK-001259,Carl,Quinn,Carl Quinn,Female,1953-11-27,carl.quinn@outlook.com,+44(0)161 4960352,"Flat 86
Conway crescent",Christinebury,Beverleyport,SR4Y 6ZT,UK,United Kingdom,EMEA,English,Consumer,None,2019-11-26,2019,RETURNING,True,MDM,2019-11-26,2026-04-17 15:58:35.887649
dd1a1499-e81b-453e-860a-35dfbb01f957,CUST-2020-UK-000070,Neil,Patterson,Neil Patterson,Male,2005-12-08,neil.patterson778@msn.com,(0306) 999 0868,42 Vanessa springs,South Josephine,Saunderstown,OX46 2SJ,UK,United Kingdom,EMEA,English,Consumer,Gold,2020-08-29,2020,RETURNING,True,MDM,2020-08-29 00:00:00,2026-04-17 15:58:35.887651
ea686d94-6261-445d-b56a-ede8a4dbff59,CUST-2019-UK-000206,Gemma,Connolly,Gemma Connolly,Female,1975-06-23,gemma.connolly@aol.com,+44191 496 0711,"Studio 3
Philip loop",Port Leslieport,Smithtown,BL23 7AY,UK,United Kingdom,EMEA,English,Education,Silver,2019-09-17,2019,RETURNING,True,MDM,2019-09-17,2026-04-17 15:58:35.887652
dcdb4c5f-3c99-46e4-91bf-cd448d89a7e4,CUST-2019-UK-001941,Nicole,Gibson,Nicole Gibson,Male,2006-06-09,nicole.gibson@outlook.com,(0121) 4960033,"Flat 31
Miah well",Port Francis,Jasmineland,SK05 3WR,UK,United Kingdom,EMEA,English,Consumer,Silver,2019-12-09,2019,RETURNING,True,MDM,2019-12-09,2026-04-17 15:58:35.887654
398bee08-8a79-4c62-92bf-3579cdecf2b9,CUST-2020-UK-000282,Darren,Walker,Darren Walker,Male,1980-05-27,darren.walker@yahoo.com,+44(0)118 496 0943,9 Bethan ramp,Abdulton,North Janicetown,G3 9TL,UK,United Kingdom,EMEA,English,Education,None,2020-03-05,2020,RETURNING,True,MDM,2020-03-05 00:00:00,2026-04-17 15:58:35.887655
623e2bdf-726d-4379-af54-fed60117061d,CUST-2019-UK-001165,Cheryl,Allen,Cheryl Allen,Male,1978-05-12,cheryl.allen541@gmx.com,0116 496 0470,2 Griffiths lane,West Lawrence,East Frankberg,HX96 1LL,UK,United Kingdom,EMEA,English,Business,None,2019-08-09,2019,RETURNING,True,MDM,2019-08-09,2026-04-17 15:58:35.887657
87b99024-0d0c-4ca3-96b1-46d4a7416ac6,CUST-2020-UK-000480,Billy,Parkes,Billy Parkes,Male,1983-05-16,billy.parkes220@protonmail.com,0292018942,"Flat 52s
Lawrence ports",West Donnamouth,South Ashley,TN0 7GT,UK,United Kingdom,EMEA,English,Consumer,Gold,2020-02-05,2020,RETURNING,True,MDM,2020-02-05 00:00:00,2026-04-17 15:58:35.887658
ef9bb1c7-7c29-43ae-ad90-694d3b98b983,CUST-2019-UK-001170,Charlie,Edwards,Charlie Edwards,Male,1994-01-21,charlie.edwards@outlook.com,+44(0)1632960554,36 Schofield knoll,East Lesleyside,Wattsfort,M64 1QD,UK,United Kingdom,EMEA,English,Consumer,None,2019-11-11,2019,RETURNING,True,MDM,2019-11-11,2026-04-17 15:58:35.887660
5208ae8c-a5ec-4202-8bee-16464e9786ee,CUST-2020-UK-000660,Eric,Dixon,Eric Dixon,Male,1995-02-21,eric.dixon686@live.com,(020) 74960781,"Flat 57
Clark well",Stanleyfort,North Gavinborough,B7E 3YS,UK,United Kingdom,EMEA,English,Consumer,None,2020-04-23,2020,RETURNING,False,MDM,2020-04-23 00:00:00,2026-04-17 15:58:35.887662
9133515a-bb14-4aa4-ba97-eab47cd24ba4,CUST-2019-UK-001076,Tom,Dobson,Tom Dobson,Male,1956-11-08,tom.dobson@live.com,+44(0)29 2018458,903 Conway islands,Marshallstad,Port Kathryn,MK20 1TJ,UK,United Kingdom,EMEA,English,Business,None,2019-07-05,2019,RETURNING,True,MDM,2019-07-05,2026-04-17 15:58:35.887664
15aad35d-537d-4204-9f7c-97d4514f0a41,CUST-2019-UK-002372,Graham,Lewis,Graham Lewis,Male,1956-11-22,graham.lewis665@msn.com,+44(0)116 4960065,79 Lee harbor,Lake Jemmabury,Andrewchester,W24 1BF,UK,United Kingdom,EMEA,English,Consumer,None,2019-02-17,2019,RETURNING,True,MDM,2019-02-17,2026-04-17 15:58:35.887665
ee09bd6a-ab14-4066-9d18-874afe696c9d,CUST-2019-UK-002142,Leon,Bates,Leon Bates,Female,2002-07-15,leon.bates940@protonmail.com,+44(0)29 2018 0640,"Studio 0
Howe pike",Ellieside,Lake Glennview,LA9 2AU,UK,United Kingdom,EMEA,English,Education,None,2019-11-16,2019,RETURNING,True,MDM,2019-11-16,2026-04-17 15:58:35.887667
e3553c09-0475-4f71-bc09-eae6636176bd,CUST-2019-UK-000027,Claire,Knowles,Claire Knowles,Male,1953-12-25,claire.knowles403@msn.com,+44(0)161 496 0019,6 Lynn ranch,Lake Garyview,North Josh,E0 1HP,UK,United Kingdom,EMEA,English,Business,None,2019-07-18,2019,RETURNING,True,MDM,2019-07-18,2026-04-17 15:58:35.887669
72ca540c-7517-4b0d-b2f7-8754ff60cc24,CUST-2020-UK-000301,Jessica,Patel,Jessica Patel,Female,1968-11-17,jessica.patel@icloud.com,+44(0)28 9018723,02 David greens,Grahamburgh,Bullfurt,E4 7ZP,UK,United Kingdom,EMEA,English,Consumer,Platinum,2020-10-13,2020,RETURNING,True,MDM,2020-10-13 00:00:00,2026-04-17 15:58:35.887670
c25f1055-ec8c-42dc-92af-2f6fb7d54885,CUST-2019-UK-000396,Antony,Hamilton,Antony Hamilton,Male,1992-02-18,antony.hamilton@gmail.com,+44161 496 0664,"Studio 92
Myers rest",Albertmouth,New Katherineborough,EN96 4NS,UK,United Kingdom,EMEA,English,Consumer,Platinum,2019-06-04,2019,RETURNING,True,MDM,2019-06-04,2026-04-17 15:58:35.887672
877c293a-0bb6-44e8-bba9-ec8086a1c775,CUST-2019-UK-002396,Alexander,Marshall,Alexander Marshall,Female,1982-06-04,alexander.marshall@zoho.com,+4429 2018081,85 Bates ridges,Juliaville,Sarahmouth,SM9 0HU,UK,United Kingdom,EMEA,English,Consumer,Silver,2019-04-15,2019,RETURNING,True,MDM,2019-04-15,2026-04-17 15:58:35.887673
b066c660-0096-45c6-8f4b-323dc8d80d10,CUST-2020-UK-000438,Janet,Sharp,Janet Sharp,Male,1982-12-24,janet.sharp@gmail.com,+441632 960946,"Flat 5
Craig park",North Mauriceberg,West Alice,G77 1SD,UK,United Kingdom,EMEA,English,Education,Silver,2020-06-29,2020,RETURNING,True,MDM,2020-06-29 00:00:00,2026-04-17 15:58:35.887675
d2d2522d-0e93-4682-853f-6c361c16954b,CUST-2020-UK-000202,Clare,Lee,Clare Lee,Male,1973-12-06,clare.lee@icloud.com,+44808 1570618,"Flat 87f
Lauren pass",North Mary,Port Roger,LU9 4LW,UK,United Kingdom,EMEA,English,Consumer,Platinum,2020-09-07,2020,RETURNING,True,MDM,2020-09-07 00:00:00,2026-04-17 15:58:35.887676
9e74b33e-8273-4f3c-a096-3b3ad47d72b2,CUST-2020-UK-000095,Sharon,James,Sharon James,Female,1991-03-15,sharon.james469@live.com,01314960258,60 Baldwin radial,West Emma,Port Annefort,LD9 0ND,UK,United Kingdom,EMEA,English,Education,Silver,2020-10-20,2020,RETURNING,True,MDM,2020-10-20 00:00:00,2026-04-17 15:58:35.887678
3b21bb9f-169e-401e-8b13-3fdcd7b479f6,CUST-2019-UK-002262,Naomi,Carpenter,Naomi Carpenter,Male,1954-08-15,naomi.carpenter494@live.com,0117 496 0502,"Flat 2
Booth drives",North Eileenside,Geraldineberg,M55 3NF,UK,United Kingdom,EMEA,English,Consumer,None,2019-06-03,2019,RETURNING,True,MDM,2019-06-03,2026-04-17 15:58:35.887680
45a54444-8884-4382-9a5c-d7b03df246c6,CUST-2020-UK-000633,Mohammad,Clark,Mohammad Clark,Female,1996-12-10,mohammad.clark@msn.com,029 2018 0649,42 Ward heights,East Sharonfurt,North Irene,B3 7ZR,UK,United Kingdom,EMEA,English,Consumer,Platinum,2020-12-01,2020,RETURNING,True,MDM,2020-12-01 00:00:00,2026-04-17 15:58:35.887681
be873d7d-7101-4da4-b959-97dc815bb45f,CUST-2020-UK-000558,Jodie,Harris,Jodie Harris,Male,1988-12-12,jodie.harris@aol.com,+44(0)1632 960486,"Flat 89
Young brooks",Ahmedside,Lake Staceybury,M14 6HA,UK,United Kingdom,EMEA,English,Consumer,Platinum,2020-02-28,2020,RETURNING,True,MDM,2020-02-28 00:00:00,2026-04-17 15:58:35.887683
f6ecec5f-6fa4-4d5c-9b03-f647ce0160fa,CUST-2019-UK-001531,Sara,Cooke,Sara Cooke,Female,1982-02-05,sara.cooke907@yahoo.com,(0115) 496 0370,7 Marc gardens,East Norman,Coxborough,PE9 1SA,UK,United Kingdom,EMEA,English,Consumer,Silver,2019-03-26,2019,RETURNING,False,MDM,2019-03-26,2026-04-17 15:58:35.887684
c9fd6f52-f576-4f1c-9442-2c4c3a9028a6,CUST-2020-UK-000439,Jacqueline,Fraser,Jacqueline Fraser,Female,2002-07-13,jacqueline.fraser@hotmail.com,029 2018971,"Flat 0
Nicola islands",North Damien,South Edwardside,M9H 2PG,UK,United Kingdom,EMEA,English,Education,None,2020-02-05,2020,RETURNING,True,MDM,2020-02-05 00:00:00,2026-04-17 15:58:35.887686
e27d2eda-99c7-4ce0-80ae-177a84df72b9,CUST-2019-UK-000106,Wendy,Phillips,Wendy Phillips,Male,1962-10-21,wendy.phillips@hotmail.com,+44306 999 0755,66 Parsons rapids,Lake Joanne,Georgeshire,TD21 0UH,UK,United Kingdom,EMEA,English,Business,None,2019-02-18,2019,RETURNING,True,MDM,2019-02-18,2026-04-17 15:58:35.887688
71cef622-5ac0-4dd1-bade-dac47f93406e,CUST-2020-UK-000258,Joan,Wilson,Joan Wilson,Female,1994-10-20,joan.wilson24@yahoo.com,(0909) 879 0276,"Flat 44
Bryan ville",Fishermouth,New Leonardview,HS9X 9JT,UK,United Kingdom,EMEA,English,Consumer,Gold,2020-01-24,2020,RETURNING,True,MDM,2020-01-24 00:00:00,2026-04-17 15:58:35.887689
b538e401-1a08-41ce-be3f-aa480aec3eaf,CUST-2019-UK-000447,Mohamed,Hall,Mohamed Hall,Male,1993-10-04,mohamed.hall@zoho.com,+44(0)113 496 0871,9 Christian vista,Hillview,Clarkeshire,W4 2SZ,UK,United Kingdom,EMEA,English,Consumer,Silver,2019-06-02,2019,RETURNING,True,MDM,2019-06-02,2026-04-17 15:58:35.887690
664908e9-cbea-406f-bead-29d34c841a44,CUST-2020-UK-000457,Barbara,Walsh,Barbara Walsh,Female,1973-12-18,barbara.walsh@zoho.com,029 2018704,03 May forest,Lake Maureen,Gemmafurt,KY9Y 0RD,UK,United Kingdom,EMEA,English,Consumer,Silver,2020-02-12,2020,RETURNING,True,MDM,2020-02-12 00:00:00,2026-04-17 15:58:35.887692
7434f557-fe9f-434f-ae79-1875d8ced084,CUST-2019-UK-002247,Emma,Stone,Emma Stone,Male,2008-01-24,emma.stone349@zoho.com,+44(0)20 7496 0603,179 Ruth hill,East Judithview,Baileyberg,N3 4PW,UK,United Kingdom,EMEA,English,Consumer,None,2019-03-12,2019,RETURNING,False,MDM,2019-03-12,2026-04-17 15:58:35.887694
78587893-5f24-418a-9484-30f4e6914793,CUST-2020-UK-000743,Diane,Gibson,Diane Gibson,Female,1961-08-13,diane.gibson@zoho.com,+44114 4960248,"Flat 99
Colin inlet",Staceyburgh,Port Jake,G4K 4DU,UK,United Kingdom,EMEA,English,Consumer,None,2020-11-28,2020,RETURNING,True,MDM,2020-11-28 00:00:00,2026-04-17 15:58:35.887696
af0cb071-577a-4c24-a330-fb66a23db722,CUST-2020-UK-000696,Arthur,Ball,Arthur Ball,Female,1964-08-20,arthur.ball@hotmail.com,0113 4960038,7 Mistry cove,East Diane,Abbieborough,W2 3GU,UK,United Kingdom,EMEA,English,Consumer,Platinum,2020-07-06,2020,RETURNING,False,MDM,2020-07-06 00:00:00,2026-04-17 15:58:35.887697
76987f51-a1bd-446c-80b1-76664f23b857,CUST-2020-UK-000149,Lynn,Clarke,Lynn Clarke,Female,1960-02-10,lynn.clarke@zoho.com,+44(0)2074960859,960 Weston summit,Hunterbury,South Sallyburgh,M7C 9FU,UK,United Kingdom,EMEA,English,Education,Silver,2020-05-06,2020,RETURNING,True,MDM,2020-05-06 00:00:00,2026-04-17 15:58:35.887698
c2c41512-f97e-48ce-999b-1df0a01b55d5,CUST-2019-UK-000469,Sarah,Bond,Sarah Bond,Male,1991-10-11,sarah.bond805@msn.com,+44115 496 0423,"Studio 98
Janice islands",Lake Sheila,Marcburgh,CA1X 3FN,UK,United Kingdom,EMEA,English,Consumer,None,2019-09-07,2019,RETURNING,True,MDM,2019-09-07,2026-04-17 15:58:35.887700
8375ad6e-857c-48a6-8633-20c26fd2c25e,CUST-2020-UK-000215,Jemma,Mills,Jemma Mills,Female,1982-08-03,jemma.mills@gmail.com,(0117) 496 0226,81 Aimee brooks,Ellischester,Jasonmouth,L71 8ZR,UK,United Kingdom,EMEA,English,Consumer,Gold,2020-03-24,2020,RETURNING,True,MDM,2020-03-24 00:00:00,2026-04-17 15:58:35.887701
113b743e-b667-435a-9e27-c3e07a548dd2,CUST-2019-UK-001600,Dean,Cook,Dean Cook,Male,1996-07-24,dean.cook748@hotmail.com,(020) 7496 0349,"Studio 7
Kayleigh haven",Matthewsbury,Port Emmachester,WR5 6XL,UK,United Kingdom,EMEA,English,Business,Gold,2019-09-22,2019,RETURNING,True,MDM,2019-09-22,2026-04-17 15:58:35.887703
c8467f26-b917-4d50-a00e-dd2056be9df5,CUST-2020-UK-000334,Gregory,Davies,Gregory Davies,Female,2004-04-16,gregory.davies359@aol.com,+44131 496 0835,"Flat 87
Gallagher prairie",Priceborough,Lake Brucechester,S4T 6JE,UK,United Kingdom,EMEA,English,Consumer,None,2020-05-07,2020,RETURNING,True,MDM,2020-05-07 00:00:00,2026-04-17 15:58:35.887705
501c62c4-01d8-4abb-acf4-e3e5be1c9dc5,CUST-2020-UK-000087,Natasha,Hunter,Natasha Hunter,Male,1995-07-03,natasha.hunter6@live.com,+44909 8790720,"Flat 5
Sandra ways",Vanessachester,South Ericshire,L4 8QL,UK,United Kingdom,EMEA,English,Consumer,None,2020-08-25,2020,RETURNING,True,MDM,2020-08-25 00:00:00,2026-04-17 15:58:35.887706
3e4e86b7-68c4-4657-bd90-6232450c2d58,CUST-2019-UK-000523,Sam,Young,Sam Young,Female,1999-09-10,sam.young@outlook.com,+441414960147,"Studio 7
Andrew ports",Watsonfurt,Jonesside,WA1B 3RZ,UK,United Kingdom,EMEA,English,Consumer,None,2019-05-28,2019,RETURNING,True,MDM,2019-05-28,2026-04-17 15:58:35.887708
68050181-3b31-4a5b-a2e1-0316a6694b39,CUST-2020-UK-000219,Abdul,Knight,Abdul Knight,Female,1983-05-31,abdul.knight@aol.com,+441914960674,"Studio 73F
Walton turnpike",Rosebury,East Jill,L9U 2DH,UK,United Kingdom,EMEA,English,Consumer,Platinum,2020-06-18,2020,RETURNING,True,MDM,2020-06-18 00:00:00,2026-04-17 15:58:35.887709
ec85352d-fb4c-405b-be15-2f740cfd88f2,CUST-2020-UK-000199,Bryan,Nicholson,Bryan Nicholson,Female,2003-10-11,bryan.nicholson@outlook.com,+441632 960 078,1 Anna circles,East Nathanhaven,Lake Sallyfort,L8C 2XT,UK,United Kingdom,EMEA,English,Consumer,None,2020-05-03,2020,RETURNING,True,MDM,2020-05-03 00:00:00,2026-04-17 15:58:35.887711
8651f3b9-805a-4449-b448-e164d87fa05b,CUST-2020-UK-000374,Arthur,Ball,Arthur Ball,Male,1964-04-20,arthur.ball961@aol.com,0292018663,2 Hancock dam,Helenview,Port Cameron,E4E 8PG,UK,United Kingdom,EMEA,English,Consumer,None,2020-07-05,2020,RETURNING,True,MDM,2020-07-05 00:00:00,2026-04-17 15:58:35.887736
461f54c8-add0-4039-8767-ab219bea3354,CUST-2019-UK-001141,Jade,Smith,Jade Smith,Male,1988-03-21,jade.smith@aol.com,(0191) 496 0019,0 Wilson pass,North Connorchester,East Karenfurt,SM2W 6WP,UK,United Kingdom,EMEA,English,Consumer,None,2019-01-15,2019,RETURNING,True,MDM,2019-01-15,2026-04-17 15:58:35.887762
85282347-7d67-4ec9-a19e-a617ab60e8e8,CUST-2020-UK-000100,Philip,Brown,Philip Brown,Female,1992-12-14,philip.brown576@mail.com,+44909 8790886,9 Morris road,Kaurland,Walkerchester,B7 2AF,UK,United Kingdom,EMEA,English,Consumer,None,2020-02-23,2020,RETURNING,True,MDM,2020-02-23 00:00:00,2026-04-17 15:58:35.887765
b6e809b5-63c9-4e96-96fb-ca05501f8022,CUST-2019-UK-001203,Dorothy,Pratt,Dorothy Pratt,Female,1978-03-04,dorothy.pratt@gmail.com,+44(0)28 9018 0477,86 Mathew village,New Vincent,Smithbury,L04 4DU,UK,United Kingdom,EMEA,English,Consumer,Silver,2019-04-24,2019,RETURNING,False,MDM,2019-04-24,2026-04-17 15:58:35.887767
4445732b-45d1-4694-bd7d-015399ac3b96,CUST-2019-UK-002165,Jay,Bell,Jay Bell,Male,1961-07-18,jay.bell@protonmail.com,(0808)1570681,"Flat 81T
Kerry canyon",South Jennifer,East Kimberleyborough,L33 5GF,UK,United Kingdom,EMEA,English,Consumer,Platinum,2019-09-07,2019,RETURNING,True,MDM,2019-09-07,2026-04-17 15:58:35.887769
5f867ce9-c9be-42f6-b3b7-d668cb22d6b8,CUST-2019-UK-001901,Lewis,Palmer,Lewis Palmer,Female,1960-11-17,lewis.palmer@gmail.com,(0118) 496 0110,011 Chapman lakes,West Barbaraside,Connollyland,HU8 6UF,UK,United Kingdom,EMEA,English,Consumer,None,2019-03-28,2019,RETURNING,True,MDM,2019-03-28,2026-04-17 15:58:35.887771
96a2c6c5-e79d-4289-8c65-a308a8c65904,CUST-2019-UK-000263,Jake,Payne,Jake Payne,Female,1994-04-04,jake.payne@icloud.com,(0114)4960745,"Flat 42
Dorothy ports",Ashleighberg,Lake Timothyfort,M2U 4SQ,UK,United Kingdom,EMEA,English,Education,None,2019-11-27,2019,RETURNING,True,MDM,2019-11-27,2026-04-17 15:58:35.887773
a91485a2-115e-4613-8653-814cd226cd11,CUST-2019-UK-002316,Bethan,Farrell,Bethan Farrell,Male,1992-11-06,bethan.farrell@outlook.com,+44118 4960169,"Flat 0
Peter valleys",South Eric,East Emilyside,NN5P 0SQ,UK,United Kingdom,EMEA,English,Consumer,Platinum,2019-02-27,2019,RETURNING,True,MDM,2019-02-27,2026-04-17 15:58:35.887774
990abe6e-3af1-4d9e-aab4-25a161fe7468,CUST-2020-UK-000720,Elaine,Stevenson,Elaine Stevenson,Female,1956-08-03,elaine.stevenson@aol.com,+44161 496 0526,"Flat 7
Smith spurs",West Paulbury,Port Emily,M5 1GQ,UK,United Kingdom,EMEA,English,Consumer,None,2020-08-07,2020,RETURNING,True,MDM,2020-08-07 00:00:00,2026-04-17 15:58:35.887776
e803fc5a-1a9b-4654-8a26-2855359c8c1f,CUST-2019-UK-000572,Neil,Rose,Neil Rose,Female,1959-02-27,neil.rose@gmx.com,020 74960268,5 Ward views,New Garethville,East Danielleport,SO9 4YQ,UK,United Kingdom,EMEA,English,Consumer,None,2019-02-11,2019,RETURNING,True,MDM,2019-02-11,2026-04-17 15:58:35.887778
ffb4ddfb-373c-4533-a7d1-6104fbac4d59,CUST-2019-UK-000990,Gail,Middleton,Gail Middleton,Male,1999-06-16,gail.middleton@hotmail.com,(028) 9018451,041 Williams bridge,Rogersview,Burtontown,G5 3NJ,UK,United Kingdom,EMEA,English,Consumer,Gold,2019-02-04,2019,RETURNING,True,MDM,2019-02-04,2026-04-17 15:58:35.887780
07c229cd-28df-498e-8b1a-0704b58760f8,CUST-2019-UK-000094,Leonard,Talbot,Leonard Talbot,Male,1984-01-02,leonard.talbot@gmail.com,+44306 999 0555,0 Green turnpike,New Brucestad,Elizabethland,PE8 5LA,UK,United Kingdom,EMEA,English,Consumer,Silver,2019-06-24,2019,RETURNING,True,MDM,2019-06-24,2026-04-17 15:58:35.887782
8e853db2-a640-4e72-a5f3-cdf0a90a4854,CUST-2020-UK-000454,Rita,Smith,Rita Smith,Female,1953-07-13,rita.smith@gmx.com,+44808 1570007,"Flat 76
Jill rapid",Thorpemouth,Chelseaburgh,SW38 6PP,UK,United Kingdom,EMEA,English,Business,None,2020-08-26,2020,RETURNING,True,MDM,2020-08-26 00:00:00,2026-04-17 15:58:35.887783
fd1358ac-d474-41d9-95c5-38ebac0b3870,CUST-2020-UK-000228,Emma,Clayton,Emma Clayton,Male,1965-10-07,emma.clayton@msn.com,01414960874,"Studio 5
Davies ramp",West Hollyhaven,East Dannyport,S7H 7QQ,UK,United Kingdom,EMEA,English,Business,None,2020-03-23,2020,RETURNING,True,MDM,2020-03-23 00:00:00,2026-04-17 15:58:35.887785
6b2d7290-8174-4bbd-af94-8d277065d5fc,CUST-2019-UK-000924,Pamela,Phillips,Pamela Phillips,Female,1985-10-23,pamela.phillips@icloud.com,0141 496 0483,89 Chambers lock,Mandystad,Liamhaven,B7K 3YZ,UK,United Kingdom,EMEA,English,Consumer,None,2019-02-08,2019,RETURNING,True,MDM,2019-02-08,2026-04-17 15:58:35.887787
5bee5a40-3c55-4139-9cbc-25642e2ab487,CUST-2020-UK-000490,Chelsea,Baker,Chelsea Baker,Male,1994-10-08,chelsea.baker@yahoo.com,+44117 496 0069,"Studio 17U
Lucy ranch",Roymouth,Cliffordshire,FY6 3NS,UK,United Kingdom,EMEA,English,Business,None,2020-10-27,2020,RETURNING,True,MDM,2020-10-27 00:00:00,2026-04-17 15:58:35.887789
79a664c9-0345-419d-a685-6f4775dac5ad,CUST-2020-UK-000244,Roy,Hodgson,Roy Hodgson,Female,1990-04-30,roy.hodgson6@hotmail.com,0117 496 0572,"Flat 4
Kayleigh avenue",Port Sophieshire,Benjaminborough,B8T 3PL,UK,United Kingdom,EMEA,English,Consumer,None,2020-09-29,2020,RETURNING,True,MDM,2020-09-29 00:00:00,2026-04-17 15:58:35.887791
44b4dc3f-bced-41d2-95de-48c58b1bd9c5,CUST-2019-UK-000334,Vincent,Sutton,Vincent Sutton,Male,1971-01-23,vincent.sutton612@gmx.com,0117 496 0693,697 Taylor trace,Morrisport,North Wayne,W34 0WQ,UK,United Kingdom,EMEA,English,Business,Platinum,2019-02-02,2019,RETURNING,True,MDM,2019-02-02,2026-04-17 15:58:35.887796
55596ef0-7150-4f53-abb5-0b72c06937fa,CUST-2020-UK-000553,Lawrence,Patel,Lawrence Patel,Female,1997-03-26,lawrence.patel@outlook.com,+44(0)121 496 0590,"Studio 6
Duncan corner",East Traceymouth,East Graeme,L92 8RN,UK,United Kingdom,EMEA,English,Consumer,Silver,2020-11-16,2020,RETURNING,True,MDM,2020-11-16 00:00:00,2026-04-17 15:58:35.887798
365f815c-b5ad-45a9-8254-352211fd341e,CUST-2019-UK-000136,Jayne,Baker,Jayne Baker,Female,2004-07-21,jayne.baker@icloud.com,(028)9018048,025 Damian islands,South Rossside,New Graham,E9J 8DD,UK,United Kingdom,EMEA,English,Business,None,2019-08-16,2019,RETURNING,True,MDM,2019-08-16,2026-04-17 15:58:35.887801
52884802-a0c2-4a69-8137-b56e68d79cb1,CUST-2019-UK-002309,Marie,Cooper,Marie Cooper,Male,1963-01-08,marie.cooper982@hotmail.com,+441174960811,"Flat 6
Mohammed parks",Billyberg,Gavinfurt,SK2M 4LN,UK,United Kingdom,EMEA,English,Business,None,2019-06-15,2019,RETURNING,True,MDM,2019-06-15,2026-04-17 15:58:35.887805
dea6c7e2-4c87-44e3-b4ad-8c1b1ab8aa74,CUST-2019-UK-001678,Mohammad,Walton,Mohammad Walton,Male,1957-08-30,mohammad.walton@msn.com,(0113) 496 0411,"Flat 6
Bradley ways",Clivechester,Pritchardburgh,JE5B 4DB,UK,United Kingdom,EMEA,English,Consumer,Silver,2019-08-03,2019,RETURNING,True,MDM,2019-08-03,2026-04-17 15:58:35.887807
34850eef-60b3-4851-bad5-ca2ef914ca23,CUST-2020-UK-000677,Sheila,Hussain,Sheila Hussain,Male,1957-03-16,sheila.hussain@hotmail.com,+44116 496 0303,0 Bishop spring,Phillipstown,Jeanfurt,IV04 9UJ,UK,United Kingdom,EMEA,English,Consumer,None,2020-04-30,2020,RETURNING,True,MDM,2020-04-30 00:00:00,2026-04-17 15:58:35.887809
ab2052b8-4c7c-45e4-8eb4-611c58f8face,CUST-2019-UK-000242,Victor,Pratt,Victor Pratt,Female,1984-12-23,victor.pratt233@msn.com,+443069990114,"Flat 8
Martin manors",Jenniferside,New Darrenshire,RG9N 2QS,UK,United Kingdom,EMEA,English,Consumer,Silver,2019-04-29,2019,RETURNING,True,MDM,2019-04-29,2026-04-17 15:58:35.887812
0414acdb-649d-4abc-8f35-fb414bfb3dbb,CUST-2019-UK-001761,Frances,Morrison,Frances Morrison,Male,1983-09-20,frances.morrison@aol.com,+44114 4960152,247 Jonathan common,Parryland,Grahamstad,G5F 4UG,UK,United Kingdom,EMEA,English,Consumer,None,2019-08-13,2019,RETURNING,True,MDM,2019-08-13,2026-04-17 15:58:35.887818
9fa58726-6aad-4114-8439-76c940542a69,CUST-2019-UK-000293,Maria,Williams,Maria Williams,Female,1982-05-23,maria.williams@yahoo.com,0141 4960748,2 Rachel alley,Garethstad,Mathewport,SY1N 8JN,UK,United Kingdom,EMEA,English,Business,None,2019-07-07,2019,RETURNING,True,MDM,2019-07-07,2026-04-17 15:58:35.887820
9b604586-001b-4c7e-b09d-2e414949e0aa,CUST-2019-UK-002324,Timothy,Bell,Timothy Bell,Male,1971-03-04,timothy.bell@gmx.com,+44(0)1134960550,12 Joel greens,Claremouth,East Briantown,EC4 9XF,UK,United Kingdom,EMEA,English,Consumer,None,2019-12-13,2019,RETURNING,True,MDM,2019-12-13,2026-04-17 15:58:35.887822
28772df5-fa84-402d-8ce7-91f772d8affd,CUST-2020-UK-000262,Beverley,Freeman,Beverley Freeman,Male,1955-09-17,beverley.freeman644@outlook.com,020 7946 0059,"Flat 03X
Baker freeway",Annettestad,Johnborough,E3 9AS,UK,United Kingdom,EMEA,English,Consumer,None,2020-04-06,2020,RETURNING,True,MDM,2020-04-06 00:00:00,2026-04-17 15:58:35.887824
20c9cd20-163d-47a1-b705-dcd2ab3e7601,CUST-2019-UK-000141,Mathew,Phillips,Mathew Phillips,Male,1999-10-28,mathew.phillips@live.com,(0306)9990038,"Studio 57
Damian lights",West Chelseahaven,South Mark,W38 3JY,UK,United Kingdom,EMEA,English,Consumer,None,2019-07-24,2019,RETURNING,True,MDM,2019-07-24,2026-04-17 15:58:35.887826
b47f40e1-1ff0-4714-9c1c-e9b5d65a5901,CUST-2019-UK-001485,Billy,Bennett,Billy Bennett,Female,1992-08-31,billy.bennett718@aol.com,+44(0)1414960311,9 Dyer underpass,West Wayneville,Charlenetown,W0 3FF,UK,United Kingdom,EMEA,English,Business,None,2019-06-03,2019,RETURNING,True,MDM,2019-06-03,2026-04-17 15:58:35.887828
55a92d79-e657-4216-a06a-4dc1e7cd82ba,CUST-2019-UK-000836,Adam,Little,Adam Little,Male,1982-12-19,adam.little@mail.com,+44115 4960970,"Studio 54
Lamb trail",South Kathryn,Mitchellville,E99 0WQ,UK,United Kingdom,EMEA,English,Consumer,Platinum,2019-06-30,2019,RETURNING,True,MDM,2019-06-30,2026-04-17 15:58:35.887829
3ec06e04-7d4b-4945-8a66-382fa8eb9ab4,CUST-2020-UK-000543,Declan,Knowles,Declan Knowles,Male,1970-05-25,declan.knowles@protonmail.com,01214960111,"Flat 3
Elliott light",Owenberg,Ameliaborough,SL0R 1HF,UK,United Kingdom,EMEA,English,Business,None,2020-09-15,2020,RETURNING,True,MDM,2020-09-15 00:00:00,2026-04-17 15:58:35.887836
ea7546de-1f2a-4bb1-89d5-01ab945bce0c,CUST-2020-UK-000753,Elaine,Stone,Elaine Stone,Female,1991-11-05,elaine.stone@gmx.com,+44115 4960234,"Flat 5
Alison springs",Jonathanside,Parsonsburgh,E4T 9YB,UK,United Kingdom,EMEA,English,Consumer,Platinum,2020-04-01,2020,RETURNING,True,MDM,2020-04-01 00:00:00,2026-04-17 15:58:35.887838
2b261f9b-8916-4222-8b93-772deb99a8fa,CUST-2019-UK-001644,Mohammed,Cox,Mohammed Cox,Female,1953-01-24,mohammed.cox712@live.com,0306 9990365,06 Hill union,Grantberg,South Frank,DT9 0AB,UK,United Kingdom,EMEA,English,Consumer,None,2019-03-13,2019,RETURNING,True,MDM,2019-03-13,2026-04-17 15:58:35.887840
ba677034-f035-4676-a987-fe310cca05c8,CUST-2020-UK-000324,Karl,Barnett,Karl Barnett,Female,1983-03-16,karl.barnett@icloud.com,0161 4960623,0 Evans centers,East Bernardmouth,Littleland,S9 0YH,UK,United Kingdom,EMEA,English,Consumer,Gold,2020-09-28,2020,RETURNING,True,MDM,2020-09-28 00:00:00,2026-04-17 15:58:35.887842
f804c8f3-f06b-4596-a9df-6fea6c18f99f,CUST-2019-UK-001008,Gemma,Williamson,Gemma Williamson,Female,1962-10-21,gemma.williamson827@hotmail.com,+44(0)8081570148,8 Hilary keys,Edwardsmouth,Hannahton,M7T 1WD,UK,United Kingdom,EMEA,English,Consumer,Silver,2019-09-09,2019,RETURNING,True,MDM,2019-09-09,2026-04-17 15:58:35.887843
5593acf3-f78f-4e1b-8e0d-9de73e4cb18b,CUST-2019-UK-000976,Daniel,Macdonald,Daniel Macdonald,Male,1995-04-17,daniel.macdonald102@hotmail.com,(0131) 496 0886,"Flat 8
Harvey canyon",Maryburgh,Turnerbury,G5E 6TJ,UK,United Kingdom,EMEA,English,Consumer,Silver,2019-02-04,2019,RETURNING,True,MDM,2019-02-04,2026-04-17 15:58:35.887845
c54deae4-5886-4979-9039-75b492885b70,CUST-2019-UK-001814,Ryan,Howe,Ryan Howe,Male,2001-01-12,ryan.howe@yahoo.com,(0141)4960949,47 Kayleigh curve,Cherylfort,Yvonnehaven,BD26 3YQ,UK,United Kingdom,EMEA,English,Business,None,2019-06-12,2019,RETURNING,True,MDM,2019-06-12,2026-04-17 15:58:35.887847
05ff991f-153e-43d0-8573-9f648fb388c3,CUST-2019-UK-002346,Victoria,James,Victoria James,Male,1994-04-14,victoria.james332@gmx.com,08081570303,367 Samantha drives,Port Justinhaven,Scottberg,SN28 3QZ,UK,United Kingdom,EMEA,English,Business,Platinum,2019-02-08,2019,RETURNING,True,MDM,2019-02-08,2026-04-17 15:58:35.887852
4ac396a8-c731-487f-81c6-dcaa0141a8de,CUST-2019-UK-000839,Sally,Johnson,Sally Johnson,Female,1981-05-23,sally.johnson598@icloud.com,+44(0)117 496 0696,380 Adams viaduct,Craigfurt,Port Margaret,TD68 6UR,UK,United Kingdom,EMEA,English,Consumer,None,2019-10-24,2019,RETURNING,True,MDM,2019-10-24,2026-04-17 15:58:35.887854
a4235b7a-80aa-439c-bcd1-905ae09ac06f,CUST-2019-UK-000677,Olivia,Brooks,Olivia Brooks,Male,2002-09-10,olivia.brooks455@aol.com,+44(0)121 4960423,44 Raymond villages,North Lauren,West Matthew,CW9R 0LB,UK,United Kingdom,EMEA,English,Consumer,None,2019-10-21,2019,RETURNING,True,MDM,2019-10-21,2026-04-17 15:58:35.887857
bdb16f70-c524-47b6-8e94-a5919f4f1f0f,CUST-2019-UK-001912,Mohammad,Hughes,Mohammad Hughes,Male,1984-01-17,mohammad.hughes117@zoho.com,+44(0)808 1570256,"Studio 86
Pearson road",Bondside,Port Hannah,W78 2RR,UK,United Kingdom,EMEA,English,Consumer,Platinum,2019-03-28,2019,RETURNING,True,MDM,2019-03-28,2026-04-17 15:58:35.887859
5a286469-942f-4492-9ce4-a50246dc06fa,CUST-2019-UK-001795,Kimberley,Robertson,Kimberley Robertson,Male,1963-07-12,kimberley.robertson@zoho.com,0131 496 0630,921 Amber path,New Craig,Hollieview,L2C 8YF,UK,United Kingdom,EMEA,English,Consumer,None,2019-01-16,2019,RETURNING,True,MDM,2019-01-16,2026-04-17 15:58:35.887861
f7110493-05df-4839-a599-1d4eeb72ec1c,CUST-2019-UK-000767,Hollie,Roberts,Hollie Roberts,Male,1968-12-12,hollie.roberts@hotmail.com,(0808)1570298,"Flat 1
Marian corners",Irenefurt,East Stephen,G1 0AP,UK,United Kingdom,EMEA,English,Consumer,None,2019-12-24,2019,RETURNING,True,MDM,2019-12-24,2026-04-17 15:58:35.887863
eafa252c-7bc3-4249-bee2-e444b1ccf442,CUST-2019-UK-000392,Samuel,Bell,Samuel Bell,Female,1983-07-20,samuel.bell@mail.com,+44117 496 0048,6 Sharon land,Lake Ross,Callumhaven,N4 7RZ,UK,United Kingdom,EMEA,English,Consumer,Gold,2019-05-20,2019,RETURNING,True,MDM,2019-05-20,2026-04-17 15:58:35.887864
21e1c745-1734-4721-8732-ecb3b1c8198b,CUST-2020-UK-000498,Gregory,Lawson,Gregory Lawson,Male,1950-10-16,gregory.lawson@gmail.com,(0909)8790979,"Flat 70
Robinson lodge",Daleport,South Anneport,BL3 8HN,UK,United Kingdom,EMEA,English,Consumer,Silver,2020-07-28,2020,RETURNING,True,MDM,2020-07-28 00:00:00,2026-04-17 15:58:35.887870
3079fab7-b3a7-4df1-90b4-74b1528f855c,CUST-2019-UK-002039,Zoe,Taylor,Zoe Taylor,Female,1978-05-12,zoe.taylor485@aol.com,+441214960215,"Flat 44E
Hamilton brooks",Robertsbury,Michelleburgh,SR4 6LY,UK,United Kingdom,EMEA,English,Consumer,None,2019-10-05,2019,RETURNING,True,MDM,2019-10-05,2026-04-17 15:58:35.887872
a25b6631-b3d7-4ad8-a97e-612946c746fa,CUST-2019-UK-002272,Bryan,Clark,Bryan Clark,Female,1993-02-01,bryan.clark@live.com,0306 999 0491,"Studio 6
June corners",New Karen,Burnsborough,G8F 9LZ,UK,United Kingdom,EMEA,English,Consumer,None,2019-08-29,2019,RETURNING,True,MDM,2019-08-29,2026-04-17 15:58:35.887875
d536275b-9b7c-4179-9f01-f56db81b4bff,CUST-2019-UK-000850,Melissa,Power,Melissa Power,Male,2003-01-17,melissa.power@gmail.com,+44115 4960777,"Flat 03
Deborah greens",Wardmouth,West Seanshire,M4J 6ED,UK,United Kingdom,EMEA,English,Consumer,None,2019-10-13,2019,RETURNING,True,MDM,2019-10-13,2026-04-17 15:58:35.887877
866bf6de-f6b8-46b9-947a-840a4711c432,CUST-2019-UK-001479,Lawrence,Kemp,Lawrence Kemp,Male,1975-07-09,lawrence.kemp587@gmail.com,+44(0)113 4960265,9 Maurice canyon,Edwardsview,North Annview,W1 4AP,UK,United Kingdom,EMEA,English,Education,None,2019-04-02,2019,RETURNING,True,MDM,2019-04-02,2026-04-17 15:58:35.887879
4282749d-4085-471b-9850-29437ec6ca49,CUST-2019-UK-000963,Leanne,Williams,Leanne Williams,Male,1963-11-19,leanne.williams@icloud.com,(020)74960924,"Flat 59f
Craig canyon",Martinshire,North Jenna,HU0 8DP,UK,United Kingdom,EMEA,English,Education,Platinum,2019-06-20,2019,RETURNING,True,MDM,2019-06-20,2026-04-17 15:58:35.887880
388f747e-38e1-4882-9c13-dab28d8bf224,CUST-2020-UK-000704,Barbara,Brown,Barbara Brown,Male,1953-04-19,barbara.brown318@zoho.com,+44(0)115 496 0612,"Studio 6
Gavin summit",Emmaside,North Samanthastad,BH4 9PR,UK,United Kingdom,EMEA,English,Consumer,None,2020-07-27,2020,RETURNING,True,MDM,2020-07-27 00:00:00,2026-04-17 15:58:35.887882
80bf2833-4a4e-4b1a-9aca-f8b0c1a07986,CUST-2019-UK-000629,Rebecca,Peacock,Rebecca Peacock,Male,2007-02-13,rebecca.peacock@live.com,(0306) 999 0842,"Flat 19D
Aaron drive",West Zoe,Johnborough,NW51 9AA,UK,United Kingdom,EMEA,English,Business,Gold,2019-08-08,2019,RETURNING,True,MDM,2019-08-08,2026-04-17 15:58:35.887888
241c6b63-7d89-4531-a8d1-5446e9dafff7,CUST-2019-UK-002249,Gemma,Phillips,Gemma Phillips,Male,1985-01-19,gemma.phillips@mail.com,+44151 4960301,"Flat 81H
Allan path",New Darrenberg,Roberttown,TA11 9GE,UK,United Kingdom,EMEA,English,Consumer,Gold,2019-11-12,2019,RETURNING,True,MDM,2019-11-12,2026-04-17 15:58:35.887890
27b3cb46-8528-48d0-b838-03382f92496f,CUST-2020-UK-000493,Geoffrey,Johnson,Geoffrey Johnson,Female,1977-07-02,geoffrey.johnson@hotmail.com,(01632)960757,97 Wallis mountain,West Williamfurt,Collierchester,N12 6NJ,UK,United Kingdom,EMEA,English,Consumer,None,2020-01-07,2020,RETURNING,True,MDM,2020-01-07 00:00:00,2026-04-17 15:58:35.887892
df0aeadf-160a-41fc-9198-3a551b80d504,CUST-2020-UK-000699,Charles,Pope,Charles Pope,Female,1995-05-06,charles.pope@yahoo.com,+44151 4960975,99 Wayne locks,Barnettchester,Maxview,PL19 6RB,UK,United Kingdom,EMEA,English,Business,Gold,2020-03-27,2020,RETURNING,True,MDM,2020-03-27 00:00:00,2026-04-17 15:58:35.887893
5599d386-375f-4317-9a1a-a97d9930934c,CUST-2019-UK-000943,Yvonne,Shaw,Yvonne Shaw,Male,1976-07-05,yvonne.shaw@live.com,(0306) 999 0845,"Flat 8
Gordon tunnel",Skinnermouth,Pearceborough,G7S 4TJ,UK,United Kingdom,EMEA,English,Consumer,None,2019-10-24,2019,RETURNING,False,MDM,2019-10-24,2026-04-17 15:58:35.887895
6ea787eb-60ea-401d-9725-d82a8107d110,CUST-2020-UK-000615,Denise,Griffiths,Denise Griffiths,Male,1975-02-15,denise.griffiths@protonmail.com,+44(0)191 4960324,"Studio 5
Zoe mount",Brayland,North Marc,S86 8FJ,UK,United Kingdom,EMEA,English,Consumer,None,2020-02-14,2020,RETURNING,True,MDM,2020-02-14 00:00:00,2026-04-17 15:58:35.887897
24859812-6774-4f87-86d3-37a9ca250c94,CUST-2019-UK-000766,Christine,Griffiths,Christine Griffiths,Female,1978-09-01,christine.griffiths@hotmail.com,+44(0)2074960769,4 Murphy knoll,O'Neillberg,Stuartburgh,SG32 1HU,UK,United Kingdom,EMEA,English,Consumer,None,2019-11-20,2019,RETURNING,True,MDM,2019-11-20,2026-04-17 15:58:35.887899
434b3d23-95ad-4389-9352-b1336d320f38,CUST-2020-UK-000332,Keith,Davidson,Keith Davidson,Female,1952-08-07,keith.davidson@mail.com,0292018532,7 Ruth plaza,Port Diane,Walkerborough,NE4V 8NB,UK,United Kingdom,EMEA,English,Consumer,Silver,2020-05-20,2020,RETURNING,True,MDM,2020-05-20 00:00:00,2026-04-17 15:58:35.887900
e161e91f-ea2f-464c-a746-dd975609df2f,CUST-2020-UK-000111,Robin,Rogers,Robin Rogers,Male,1963-08-05,robin.rogers@gmail.com,01632 960617,754 Maureen mountain,Katemouth,New Rickytown,LD0 0GH,UK,United Kingdom,EMEA,English,Consumer,Gold,2020-06-16,2020,RETURNING,True,MDM,2020-06-16 00:00:00,2026-04-17 15:58:35.887902
6315b2e4-15c3-46dd-9eaa-c421f8119cbe,CUST-2019-UK-002343,Jennifer,Jennings,Jennifer Jennings,Female,1998-10-05,jennifer.jennings@gmail.com,+44116 496 0954,1 Reece rest,New Cheryl,Glenside,HA83 3BH,UK,United Kingdom,EMEA,English,Education,None,2019-08-26,2019,RETURNING,True,MDM,2019-08-26,2026-04-17 15:58:35.887904
7c31d62a-3a85-47ce-91dd-c6d52ac9da57,CUST-2019-UK-002124,Julian,Wilkins,Julian Wilkins,Male,1981-06-15,julian.wilkins263@msn.com,(0116) 496 0890,"Studio 01
Cooke plaza",Hazelfort,North Christine,N6W 2BB,UK,United Kingdom,EMEA,English,Consumer,None,2019-09-06,2019,RETURNING,True,MDM,2019-09-06,2026-04-17 15:58:35.887906
ef279ff2-5402-4bd2-8b60-3332214457ce,CUST-2019-UK-001987,Roy,Gregory,Roy Gregory,Female,1999-11-06,roy.gregory897@mail.com,(0151) 496 0532,"Flat 3
Josh parkway",Russellside,Barrettside,M3F 3ER,UK,United Kingdom,EMEA,English,Consumer,None,2019-10-22,2019,RETURNING,True,MDM,2019-10-22,2026-04-17 15:58:35.887908
e8332b9b-b606-4561-b275-4e9ae7913a1b,CUST-2019-UK-000882,Stewart,Taylor,Stewart Taylor,Female,1961-01-12,stewart.taylor534@gmail.com,028 9018 0840,65 Williams extensions,Port Lewistown,North Traceyview,G26 4YG,UK,United Kingdom,EMEA,English,Consumer,None,2019-12-19,2019,RETURNING,True,MDM,2019-12-19,2026-04-17 15:58:35.887910
fcca06da-2bd7-4e7e-8340-20ad8d578b07,CUST-2019-UK-001707,Guy,Jones,Guy Jones,Female,1994-12-21,guy.jones@hotmail.com,0289018286,"Studio 7
Clarke way",West Kathryn,Anneburgh,NW45 9BZ,UK,United Kingdom,EMEA,English,Consumer,Gold,2019-12-09,2019,RETURNING,True,MDM,2019-12-09,2026-04-17 15:58:35.887912
646b3448-b649-4397-a009-af95a54331f6,CUST-2019-UK-000430,Wendy,Miah,Wendy Miah,Female,1991-11-28,wendy.miah747@icloud.com,+44(0)116 4960957,"Studio 45u
Joe grove",Jamiefurt,Readton,B11 3QT,UK,United Kingdom,EMEA,English,Business,Silver,2019-06-10,2019,RETURNING,True,MDM,2019-06-10,2026-04-17 15:58:35.887918
e0a8cf66-f790-4a1e-b14e-e4ad2963d2ec,CUST-2020-UK-000372,Bernard,Wood,Bernard Wood,Male,2006-10-18,bernard.wood@hotmail.com,+4428 9018266,"Studio 20S
White ranch",Mohamedbury,Bartonborough,EN65 9LE,UK,United Kingdom,EMEA,English,Consumer,None,2020-11-11,2020,RETURNING,True,MDM,2020-11-11 00:00:00,2026-04-17 15:58:35.887920
9dac5363-b5d7-4565-afe1-32f203593434,CUST-2020-UK-000050,Emily,Wade,Emily Wade,Male,1953-04-26,emily.wade237@gmx.com,0114 4960893,060 Morgan view,East Georgiastad,East Andrea,S7B 3TJ,UK,United Kingdom,EMEA,English,Consumer,Platinum,2020-12-03,2020,RETURNING,False,MDM,2020-12-03 00:00:00,2026-04-17 15:58:35.887922
9fb8a1a1-82cf-40a7-a569-5db007f6c5e5,CUST-2019-UK-001084,Maureen,Lee,Maureen Lee,Male,1999-05-22,maureen.lee@gmx.com,(0306) 9990141,"Flat 0
Burke club",Lake Graemeville,Port Edward,TS3 9WN,UK,United Kingdom,EMEA,English,Consumer,None,2019-03-03,2019,RETURNING,True,MDM,2019-03-03,2026-04-17 15:58:35.887924
27da81a8-fa8a-47fc-9e31-a202ab15d622,CUST-2019-UK-000533,Sylvia,Roberts,Sylvia Roberts,Male,1995-11-03,sylvia.roberts580@msn.com,01154960723,68 Diana union,Williamsview,East Charlene,PA6 1NE,UK,United Kingdom,EMEA,English,Business,None,2019-12-15,2019,RETURNING,True,MDM,2019-12-15,2026-04-17 15:58:35.887926
75d120b5-1926-4e70-bbeb-94c583a70738,CUST-2019-UK-000644,Barry,Mitchell,Barry Mitchell,Female,1993-06-24,barry.mitchell@mail.com,+441154960980,"Studio 82z
Luke parkways",East Andrea,Samuelton,BB8 8AR,UK,United Kingdom,EMEA,English,Consumer,Silver,2019-12-30,2019,RETURNING,True,MDM,2019-12-30,2026-04-17 15:58:35.887928
f88d7de6-7e1c-4759-9eb4-46a0f39c2e09,CUST-2019-UK-001474,Sylvia,Jones,Sylvia Jones,Male,1993-06-09,sylvia.jones329@aol.com,+44(0)1632 960 758,"Flat 5
Smith turnpike",Robertsside,East Stacey,G69 7SS,UK,United Kingdom,EMEA,English,Consumer,None,2019-11-05,2019,RETURNING,True,MDM,2019-11-05,2026-04-17 15:58:35.887930
fe435ae3-10cd-45bb-9ee5-bf84db917470,CUST-2019-UK-001743,Rosie,Murray,Rosie Murray,Male,1977-10-16,rosie.murray700@zoho.com,+44131 496 0490,3 Brooks squares,North Leighberg,Adrianfort,SP3H 0AF,UK,United Kingdom,EMEA,English,Consumer,None,2019-12-07,2019,RETURNING,True,MDM,2019-12-07,2026-04-17 15:58:35.887936
b7722406-acd9-4ea9-aab1-0e57faefd17c,CUST-2019-UK-002336,Sam,Wilson,Sam Wilson,Male,1957-05-03,sam.wilson@zoho.com,0191 4960661,"Flat 0
Lucas meadow",West Martinchester,South Nicole,W2T 6SA,UK,United Kingdom,EMEA,English,Consumer,Platinum,2019-08-10,2019,RETURNING,True,MDM,2019-08-10,2026-04-17 15:58:35.887938
60a11a85-6278-4a6a-82e9-1905a4e88617,CUST-2019-UK-001558,Albert,Green,Albert Green,Female,1984-06-15,albert.green@yahoo.com,+44(0)1164960107,"Flat 3
Davies creek",Marilynside,Janiceburgh,G8J 4FL,UK,United Kingdom,EMEA,English,Consumer,None,2019-04-07,2019,RETURNING,True,MDM,2019-04-07,2026-04-17 15:58:35.887940
e12e3313-6878-4d8b-8519-64524396c968,CUST-2020-UK-000723,Jenna,Robson,Jenna Robson,Female,1989-11-03,jenna.robson@outlook.com,+449098790325,"Studio 9
Rachael brooks",New Richardmouth,Hollandchester,LA3Y 4RD,UK,United Kingdom,EMEA,English,Consumer,None,2020-12-24,2020,RETURNING,True,MDM,2020-12-24 00:00:00,2026-04-17 15:58:35.887942
73a3d239-6e3c-42d3-be4d-ada4558d87ec,CUST-2019-UK-001042,Edward,Morgan,Edward Morgan,Male,1959-12-12,edward.morgan185@gmx.com,020 7946 0684,"Studio 72
Davies corner",North Neil,Lake Nigelville,N2G 1AG,UK,United Kingdom,EMEA,English,Consumer,None,2019-11-03,2019,RETURNING,True,MDM,2019-11-03,2026-04-17 15:58:35.887944
0f935382-16e5-49e8-9c21-27b0e744e3ff,CUST-2020-UK-000037,Sian,Barrett,Sian Barrett,Male,1978-02-25,sian.barrett@hotmail.com,+44(0)1414960856,507 Coles valley,West Jenniferhaven,North Frances,HP6 1WS,UK,United Kingdom,EMEA,English,Consumer,Gold,2020-07-24,2020,RETURNING,True,MDM,2020-07-24 00:00:00,2026-04-17 15:58:35.887945
c47ec0c9-51c0-40f0-8774-4ed6bb4b7dee,CUST-2019-UK-000005,Stacey,Harvey,Stacey Harvey,Male,1988-05-27,stacey.harvey692@protonmail.com,(0116)4960240,75 Connor port,Lake Katherinechester,Masonmouth,M05 8TZ,UK,United Kingdom,EMEA,English,Consumer,Silver,2019-02-14,2019,RETURNING,True,MDM,2019-02-14,2026-04-17 15:58:35.887947
b77a32ff-a42b-4044-8c50-980ee8d76cd7,CUST-2019-UK-001100,Geoffrey,Vaughan,Geoffrey Vaughan,Male,1962-08-03,geoffrey.vaughan@live.com,(01632) 960552,52 Hollie parkways,North Liam,Port Dylan,CB8 1GT,UK,United Kingdom,EMEA,English,Consumer,Silver,2019-09-02,2019,RETURNING,True,MDM,2019-09-02,2026-04-17 15:58:35.887949
c19f39a2-3b1d-444d-983f-bf27f47537e1,CUST-2019-UK-002297,Stuart,Kelly,Stuart Kelly,Female,1956-08-14,stuart.kelly839@yahoo.com,+441632 960 119,59 Johnson branch,West Joseph,Lake Jay,G5 2HB,UK,United Kingdom,EMEA,English,Consumer,Gold,2019-10-13,2019,RETURNING,True,MDM,2019-10-13,2026-04-17 15:58:35.887950
87616709-1f59-4184-9e6b-01b302c1c414,CUST-2020-UK-000086,Dean,Lees,Dean Lees,Male,1959-12-20,dean.lees@aol.com,0116 496 0219,714 Mohammad mountains,South Ellieton,Nathanchester,IV2N 5DH,UK,United Kingdom,EMEA,English,Consumer,Gold,2020-09-06,2020,RETURNING,True,MDM,2020-09-06 00:00:00,2026-04-17 15:58:35.887952
a2d9ed65-1063-4fbd-b371-561f70f14672,CUST-2019-UK-000792,Brenda,Harper,Brenda Harper,Female,1958-04-10,brenda.harper@gmx.com,+44(0)808 157 0998,"Flat 67
Billy circle",Kathleenland,South Joeshire,M9 3HD,UK,United Kingdom,EMEA,English,Business,Platinum,2019-08-08,2019,RETURNING,True,MDM,2019-08-08,2026-04-17 15:58:35.887954
f8c49352-405b-414a-a6f9-d1e284a10bb9,CUST-2019-UK-001561,Adam,Haynes,Adam Haynes,Female,2002-10-17,adam.haynes@gmail.com,0116 496 0215,95 Russell center,Blakeview,Leightown,G8 5WP,UK,United Kingdom,EMEA,English,Consumer,Gold,2019-09-13,2019,RETURNING,True,MDM,2019-09-13,2026-04-17 15:58:35.887955
6b04b465-c903-406a-ad3d-5494d746f96e,CUST-2019-UK-002079,Jill,Taylor,Jill Taylor,Male,1976-07-19,jill.taylor@outlook.com,+44(0)306 999 0874,34 Gavin ford,South Denise,Sheilabury,G39 3EW,UK,United Kingdom,EMEA,English,Consumer,Gold,2019-07-10,2019,RETURNING,True,MDM,2019-07-10,2026-04-17 15:58:35.887957
0025529e-371c-427f-b007-4af8ee23276b,CUST-2019-UK-001029,Jasmine,Hussain,Jasmine Hussain,Male,1985-01-01,jasmine.hussain@aol.com,0151 4960286,61 Hardy causeway,South Bruce,New Samuelview,E05 4QD,UK,United Kingdom,EMEA,English,Consumer,None,2019-07-16,2019,RETURNING,True,MDM,2019-07-16,2026-04-17 15:58:35.887959
b662973c-970f-423e-b22f-da610c03e834,CUST-2019-UK-000277,Patricia,Parry,Patricia Parry,Female,1965-09-03,patricia.parry@aol.com,(0114)4960116,72 Evans mill,Walshborough,Philipfort,S28 4AG,UK,United Kingdom,EMEA,English,Education,Gold,2019-06-12,2019,RETURNING,True,MDM,2019-06-12,2026-04-17 15:58:35.887960
92f34683-ff2b-4153-b7ca-379e6425aea0,CUST-2019-UK-002107,Francesca,Cameron,Francesca Cameron,Male,2003-02-17,francesca.cameron@icloud.com,02074960739,"Studio 1
Victor harbor",North Alice,Jonesbury,DT80 8AQ,UK,United Kingdom,EMEA,English,Consumer,Gold,2019-03-05,2019,RETURNING,True,MDM,2019-03-05,2026-04-17 15:58:35.887966
0d24094a-8b5f-47bf-baba-0ba196993ba6,CUST-2020-UK-000216,Alexander,Williams,Alexander Williams,Male,1953-01-10,alexander.williams@protonmail.com,+44306 9990421,"Studio 15N
Anthony islands",North Gavinfort,Howardtown,SE8X 0XG,UK,United Kingdom,EMEA,English,Consumer,Gold,2020-11-04,2020,RETURNING,True,MDM,2020-11-04 00:00:00,2026-04-17 15:58:35.887967
4e94fcd1-c18d-4782-b931-05c0a1a23ba4,CUST-2019-UK-000989,Mitchell,Burns,Mitchell Burns,Female,2005-11-28,mitchell.burns@msn.com,(020) 74960496,"Flat 99
Tom courts",Bethanmouth,Dorothyshire,OX8R 9LT,UK,United Kingdom,EMEA,English,Education,Gold,2019-03-27,2019,RETURNING,True,MDM,2019-03-27,2026-04-17 15:58:35.887970
83e87cc5-f264-47ab-a48e-8db822e23785,CUST-2019-UK-000597,Megan,Alexander,Megan Alexander,Male,1977-05-03,megan.alexander276@mail.com,0117 496 0999,"Studio 7
Thompson glens",West Joel,Amelialand,G2J 1BN,UK,United Kingdom,EMEA,English,Consumer,Gold,2019-09-12,2019,RETURNING,True,MDM,2019-09-12,2026-04-17 15:58:35.887972
6c4993e7-6476-4993-be68-1da2013abf37,CUST-2019-UK-000600,Anthony,Thorpe,Anthony Thorpe,Male,1965-07-12,anthony.thorpe@zoho.com,(028) 9018973,"Studio 9
Jodie row",Greenview,North Rhysborough,PR5 1FY,UK,United Kingdom,EMEA,English,Consumer,None,2019-01-18,2019,RETURNING,True,MDM,2019-01-18,2026-04-17 15:58:35.887973
78bcc7ea-3d00-44fd-aa9a-d04ddfcac3c5,CUST-2020-UK-000540,Victoria,Hale,Victoria Hale,Female,2005-08-12,victoria.hale@hotmail.com,+44306 9990798,37 Wade burg,New Alexander,Lake Katherineport,B4 0AU,UK,United Kingdom,EMEA,English,Consumer,Silver,2020-02-08,2020,RETURNING,True,MDM,2020-02-08 00:00:00,2026-04-17 15:58:35.887975
0a3bbc51-c965-46ad-b9b2-ef058251289e,CUST-2020-UK-000030,Ronald,Dobson,Ronald Dobson,Male,1978-06-28,ronald.dobson199@gmx.com,+442074960311,"Studio 30T
Cook station",Stanleyside,Lydiaberg,WA31 2QX,UK,United Kingdom,EMEA,English,Consumer,None,2020-03-28,2020,RETURNING,True,MDM,2020-03-28 00:00:00,2026-04-17 15:58:35.887977
b91b92b7-f03a-4e95-afb4-c1476307aeaa,CUST-2020-UK-000688,Pamela,Norman,Pamela Norman,Female,1991-11-27,pamela.norman709@gmail.com,+44118 496 0550,37 Craig rest,Damienborough,South Leeburgh,NR5Y 2EW,UK,United Kingdom,EMEA,English,Consumer,Silver,2020-11-11,2020,RETURNING,True,MDM,2020-11-11 00:00:00,2026-04-17 15:58:35.887978
eac52af0-a274-4dac-8829-de6dc3307f36,CUST-2019-UK-000772,Donna,Gill,Donna Gill,Female,1952-12-01,donna.gill@mail.com,+44808 157 0278,"Studio 35
George estate",Harrismouth,Lake Francesca,IV6P 3QN,UK,United Kingdom,EMEA,English,Consumer,Silver,2019-04-17,2019,RETURNING,True,MDM,2019-04-17,2026-04-17 15:58:35.887980
ff50aae5-1436-433c-bd85-9cd3788a6178,CUST-2020-UK-000218,Marie,Kay,Marie Kay,Male,1991-12-19,marie.kay@yahoo.com,(0161)4960134,"Flat 7
Natasha mall",South Eleanorstad,North Donna,M4T 1RT,UK,United Kingdom,EMEA,English,Consumer,None,2020-05-04,2020,RETURNING,True,MDM,2020-05-04 00:00:00,2026-04-17 15:58:35.887982
2b2b3a75-edaf-44c2-beea-2b3bc3d39763,CUST-2019-UK-001314,Rachael,Cox,Rachael Cox,Female,2000-02-19,rachael.cox@gmx.com,(0151)4960096,"Studio 80O
Shah neck",West Duncan,North Joeport,W4 7GA,UK,United Kingdom,EMEA,English,Consumer,Platinum,2019-05-26,2019,RETURNING,True,MDM,2019-05-26,2026-04-17 15:58:35.887987
eafe0a90-793f-4533-b8bf-0c84defacb9f,CUST-2019-UK-001991,Shane,Godfrey,Shane Godfrey,Male,1950-11-25,shane.godfrey@yahoo.com,(0306) 999 0843,"Studio 14u
Thompson via",Port Dawn,North Johnfurt,E50 3ZN,UK,United Kingdom,EMEA,English,Education,Gold,2019-06-07,2019,RETURNING,True,MDM,2019-06-07,2026-04-17 15:58:35.887990
e00f2480-ee56-414a-8fd0-e4b278b4bbe5,CUST-2020-UK-000162,Gerald,Holden,Gerald Holden,Male,2006-04-17,gerald.holden@mail.com,(0118)4960639,433 Leslie haven,Natashaberg,Kerrychester,DA1X 6JW,UK,United Kingdom,EMEA,English,Consumer,None,2020-09-07,2020,RETURNING,True,MDM,2020-09-07 00:00:00,2026-04-17 15:58:35.887992
57e32c78-617c-4da9-9220-036b4d830605,CUST-2019-UK-001936,Max,Scott,Max Scott,Male,1994-08-25,max.scott@msn.com,+44(0)118 4960273,8 Middleton spur,New Elizabethstad,Raymondbury,W04 0WL,UK,United Kingdom,EMEA,English,Consumer,Platinum,2019-04-20,2019,RETURNING,True,MDM,2019-04-20,2026-04-17 15:58:35.887994
f61472a5-5c11-4688-a721-f181f3dedfe1,CUST-2020-UK-000538,Billy,Roberts,Billy Roberts,Male,1958-12-20,billy.roberts@mail.com,0289018284,7 Kennedy street,South Donaldstad,Hudsonborough,E0 9WZ,UK,United Kingdom,EMEA,English,Consumer,Platinum,2020-07-14,2020,RETURNING,True,MDM,2020-07-14 00:00:00,2026-04-17 15:58:35.887995
2b356f79-bac5-4ffa-b600-297ff994c4e1,CUST-2019-UK-002150,Beverley,Bennett,Beverley Bennett,Female,1991-11-12,beverley.bennett@aol.com,01314960998,"Flat 44
Howells centers",East Andreaburgh,New Jean,N1T 7EA,UK,United Kingdom,EMEA,English,Consumer,Platinum,2019-03-18,2019,RETURNING,False,MDM,2019-03-18,2026-04-17 15:58:35.887997
0aa290a0-04f8-460b-8e62-f5d463439c5a,CUST-2019-UK-001270,Liam,Ford,Liam Ford,Male,1994-01-17,liam.ford@outlook.com,01514960897,"Studio 9
Davies oval",Port Irene,Neilport,TA34 8GB,UK,United Kingdom,EMEA,English,Consumer,Silver,2019-03-23,2019,RETURNING,True,MDM,2019-03-23,2026-04-17 15:58:35.887999
89f70a6a-db4d-41a3-b84a-c126f03964eb,CUST-2020-UK-000504,Zoe,Bennett,Zoe Bennett,Female,1958-08-25,zoe.bennett@gmx.com,+44(0)114 496 0127,0 Cooper lodge,North Kathrynberg,Lake Rhystown,B9 4HG,UK,United Kingdom,EMEA,English,Business,Silver,2020-03-03,2020,RETURNING,True,MDM,2020-03-03 00:00:00,2026-04-17 15:58:35.888005
85e0556d-0ee2-41ce-a8f4-ba3c290a40ed,CUST-2019-UK-000932,Kathryn,Morris,Kathryn Morris,Male,1986-09-18,kathryn.morris659@aol.com,029 2018 0188,"Studio 76
Holloway rapid",North Andreachester,East Pamela,G84 6SD,UK,United Kingdom,EMEA,English,Consumer,Silver,2019-02-18,2019,RETURNING,True,MDM,2019-02-18,2026-04-17 15:58:35.888006
31082807-5b43-4efe-8f3d-3eecc60b8996,CUST-2019-UK-001236,Tony,Swift,Tony Swift,Female,1955-04-04,tony.swift@aol.com,+44161 496 0859,8 Anthony spurs,West Matthew,Port Ericshire,L9 3BQ,UK,United Kingdom,EMEA,English,Consumer,None,2019-05-22,2019,RETURNING,True,MDM,2019-05-22,2026-04-17 15:58:35.888010
ffcdacc8-60df-4b05-9ead-9cf0f449fb3a,CUST-2019-UK-001627,Mary,Smith,Mary Smith,Female,1991-12-29,mary.smith176@zoho.com,+44(0)1174960562,679 Amber plaza,East Jeremyberg,Patelbury,S8 6SW,UK,United Kingdom,EMEA,English,Consumer,None,2019-03-14,2019,RETURNING,True,MDM,2019-03-14,2026-04-17 15:58:35.888012
e8a86a71-9463-467d-a015-6b62ffcf2638,CUST-2019-UK-000015,Julian,Clarke,Julian Clarke,Male,1997-08-18,julian.clarke@aol.com,(028) 9018 0852,"Studio 75
Antony divide",Claireshire,Port Charleneville,N3 0WF,UK,United Kingdom,EMEA,English,Education,Silver,2019-11-27,2019,RETURNING,True,MDM,2019-11-27,2026-04-17 15:58:35.888013
518ae389-e4d6-4f60-8db1-29e29e96d237,CUST-2020-UK-000185,Marian,Thompson,Marian Thompson,Female,1963-02-01,marian.thompson474@icloud.com,+44(0)28 9018 0233,8 Joshua throughway,Woodsland,Lake Harriet,L0J 1ST,UK,United Kingdom,EMEA,English,Business,None,2020-04-13,2020,RETURNING,True,MDM,2020-04-13 00:00:00,2026-04-17 15:58:35.888015
4ca1290e-7db2-4eab-bb41-7fd81aa2cac1,CUST-2019-UK-002207,Jade,Reed,Jade Reed,Male,1974-12-15,jade.reed335@mail.com,03069990393,"Studio 54M
Luke views",Dohertyberg,North Amymouth,L2G 7GA,UK,United Kingdom,EMEA,English,Business,None,2019-05-21,2019,RETURNING,True,MDM,2019-05-21,2026-04-17 15:58:35.888017
456bdd43-dcf2-4632-8e45-09f581e58be1,CUST-2019-UK-000820,Matthew,Shepherd,Matthew Shepherd,Male,1967-03-22,matthew.shepherd374@msn.com,0191 498 0398,068 Helen orchard,East Gavin,South Mary,UB51 2PR,UK,United Kingdom,EMEA,English,Consumer,None,2019-09-06,2019,RETURNING,True,MDM,2019-09-06,2026-04-17 15:58:35.888023
7656131d-b7bb-4a9e-824d-fee9f34d7478,CUST-2020-UK-000690,Hannah,Whittaker,Hannah Whittaker,Female,1961-07-13,hannah.whittaker@hotmail.com,01134960038,"Studio 4
Jade groves",Sarahview,Baileyshire,N0G 0NX,UK,United Kingdom,EMEA,English,Consumer,Platinum,2020-12-03,2020,RETURNING,True,MDM,2020-12-03 00:00:00,2026-04-17 15:58:35.888025
17e118e0-ae86-476b-a062-51d86c8928cd,CUST-2019-UK-002363,Marion,Evans,Marion Evans,Male,1959-10-02,marion.evans@mail.com,+44(0)1144960224,"Flat 14
Hollie plains",Port Georgeville,Khanborough,M3B 3PL,UK,United Kingdom,EMEA,English,Consumer,None,2019-04-11,2019,RETURNING,True,MDM,2019-04-11,2026-04-17 15:58:35.888027
389a7d66-3b36-4316-a4ae-47f0dcb526b3,CUST-2019-UK-001605,Sheila,Dyer,Sheila Dyer,Male,1997-09-28,sheila.dyer166@aol.com,+44115 4960519,765 Alison ford,Carrmouth,Lake Ryanberg,N21 4BG,UK,United Kingdom,EMEA,English,Consumer,None,2019-05-10,2019,RETURNING,True,MDM,2019-05-10,2026-04-17 15:58:35.888029
58020852-8f26-4eba-a796-a9d2e9392420,CUST-2019-UK-000706,Mohamed,Hart,Mohamed Hart,Female,1952-02-09,mohamed.hart@zoho.com,+44(0)117 496 0127,7 Timothy causeway,East Annette,Port Elliott,L61 2EB,UK,United Kingdom,EMEA,English,Business,None,2019-07-18,2019,RETURNING,True,MDM,2019-07-18,2026-04-17 15:58:35.888031
ad9d986b-f9f8-4518-8942-0477dbb9a7e0,CUST-2020-UK-000411,Antony,Kelly,Antony Kelly,Female,1957-06-11,antony.kelly@outlook.com,(0191) 496 0465,2 Julie islands,Khanmouth,New Gavin,G9 2TE,UK,United Kingdom,EMEA,English,Consumer,None,2020-02-06,2020,RETURNING,True,MDM,2020-02-06 00:00:00,2026-04-17 15:58:35.888033
e0c1c2f4-aac6-43aa-bdac-62aa836e9e2c,CUST-2019-UK-001812,Margaret,Cameron,Margaret Cameron,Male,1962-12-03,margaret.cameron@gmail.com,(0118) 496 0596,"Flat 67K
Daniels crescent",Port Edward,Lake Dorothy,B17 2UQ,UK,United Kingdom,EMEA,English,Business,Silver,2019-10-23,2019,RETURNING,True,MDM,2019-10-23,2026-04-17 15:58:35.888034
c4d4f56d-9134-4f38-8ded-a3d964a46912,CUST-2019-UK-000129,Zoe,Holland,Zoe Holland,Male,1955-10-03,zoe.holland@mail.com,+44(0)117 496 0847,"Studio 79x
Bradley way",West Janetville,Thomasside,OL4 6HW,UK,United Kingdom,EMEA,English,Consumer,Gold,2019-10-25,2019,RETURNING,True,MDM,2019-10-25,2026-04-17 15:58:35.888040
5af4e275-7503-4d35-8f68-9230c7aba565,CUST-2019-UK-001986,Kevin,Baldwin,Kevin Baldwin,Male,2005-01-01,kevin.baldwin949@gmx.com,+441144960167,38 Shannon lights,Clarkmouth,New Benjamin,TR98 5PX,UK,United Kingdom,EMEA,English,Consumer,None,2019-09-22,2019,RETURNING,True,MDM,2019-09-22,2026-04-17 15:58:35.888042
213935c3-2b9e-49d2-8166-da37fa162558,CUST-2019-UK-002033,Stuart,Smith,Stuart Smith,Female,2006-11-30,stuart.smith@aol.com,01314960013,53 Chloe drive,Shawborough,Carolechester,L1B 5PG,UK,United Kingdom,EMEA,English,Consumer,None,2019-10-29,2019,RETURNING,True,MDM,2019-10-29,2026-04-17 15:58:35.888045
9c33b51e-7ff3-47a9-9b0f-df2b1c23aa59,CUST-2020-UK-000063,Katy,Evans,Katy Evans,Female,1963-09-17,katy.evans@outlook.com,+441632 960 492,215 Russell points,Victorton,Port Bradley,G2C 7QN,UK,United Kingdom,EMEA,English,Consumer,None,2020-12-14,2020,RETURNING,True,MDM,2020-12-14 00:00:00,2026-04-17 15:58:35.888047
cdb2c115-9d0c-4de6-b7ae-cff9d1acb9f6,CUST-2019-UK-000245,Cameron,Newman,Cameron Newman,Female,1962-08-17,cameron.newman617@hotmail.com,(028) 9018 0188,1 Jones river,Lambtown,Port Debrachester,HD3X 7ZH,UK,United Kingdom,EMEA,English,Consumer,Silver,2019-08-11,2019,RETURNING,True,MDM,2019-08-11,2026-04-17 15:58:35.888048
bd70223c-b08a-4bf2-88c8-1c080dbe9783,CUST-2019-UK-000738,Gillian,Evans,Gillian Evans,Male,1970-08-25,gillian.evans@msn.com,+4429 2018585,4 Colin tunnel,Michelleshire,Blakeberg,BD24 0TD,UK,United Kingdom,EMEA,English,Consumer,None,2019-04-02,2019,RETURNING,False,MDM,2019-04-02,2026-04-17 15:58:35.888050
888f94f2-df9b-4293-9306-117676da3182,CUST-2020-UK-000223,Adrian,Jones,Adrian Jones,Female,1991-09-25,adrian.jones529@icloud.com,+44(0)1134960841,37 Murphy common,Waltonton,South Anthonybury,WS62 7RQ,UK,United Kingdom,EMEA,English,Consumer,None,2020-03-28,2020,RETURNING,False,MDM,2020-03-28 00:00:00,2026-04-17 15:58:35.888053
783a7845-6b62-4424-b738-b8500be86cd4,CUST-2019-UK-002110,Bethany,Green,Bethany Green,Male,1957-02-05,bethany.green966@msn.com,01184960137,807 Robinson wells,Jonesshire,Morrisshire,IG11 4QR,UK,United Kingdom,EMEA,English,Consumer,Platinum,2019-02-20,2019,RETURNING,True,MDM,2019-02-20,2026-04-17 15:58:35.888058
b9564be4-9f40-4129-888f-83e249fd3263,CUST-2020-UK-000505,Nicola,Gibson,Nicola Gibson,Female,1999-01-14,nicola.gibson514@outlook.com,+44(0)191 4960398,"Studio 21U
Carol wall",Kennethfurt,Tinabury,CW9X 1HE,UK,United Kingdom,EMEA,English,Consumer,None,2020-02-11,2020,RETURNING,True,MDM,2020-02-11 00:00:00,2026-04-17 15:58:35.888061
f3be33e9-305e-4b33-b9aa-c62835020c6d,CUST-2020-UK-000254,Stephen,Smith,Stephen Smith,Female,1979-05-20,stephen.smith@gmail.com,(0131) 496 0227,2 Smith cape,North Juliaport,East Anne,W4J 9RN,UK,United Kingdom,EMEA,English,Consumer,Platinum,2020-04-20,2020,RETURNING,True,MDM,2020-04-20 00:00:00,2026-04-17 15:58:35.888063
8b8c88a7-b7ca-49ef-8154-7a92fee1a05a,CUST-2020-UK-000225,Deborah,Hall,Deborah Hall,Female,1959-05-18,deborah.hall@gmail.com,(0808) 157 0849,"Studio 02S
Smith dam",New Stewart,Jacobport,L2F 5HL,UK,United Kingdom,EMEA,English,Consumer,Silver,2020-01-06,2020,RETURNING,True,MDM,2020-01-06 00:00:00,2026-04-17 15:58:35.888064
b269bf50-ed02-4b66-9a5b-fd6d412ba3e5,CUST-2019-UK-002181,Katherine,Saunders,Katherine Saunders,Female,1987-05-08,katherine.saunders@gmail.com,+44(0)909 879 0219,751 Lucy street,New Bruce,Port Rickyburgh,W92 1PA,UK,United Kingdom,EMEA,English,Consumer,None,2019-07-31,2019,RETURNING,True,MDM,2019-07-31,2026-04-17 15:58:35.888066
20878e90-689f-4a53-9867-59a9a8b1db99,CUST-2019-UK-000852,Josh,Jones,Josh Jones,Male,2000-06-03,josh.jones@gmx.com,+44292018257,850 Lewis prairie,Hopkinsborough,Josephinefurt,W0T 7JP,UK,United Kingdom,EMEA,English,Consumer,Silver,2019-11-30,2019,RETURNING,True,MDM,2019-11-30,2026-04-17 15:58:35.888068
bc0dd11b-c962-4331-9eb5-0d6935eca6ec,CUST-2019-UK-000031,Donna,Parkinson,Donna Parkinson,Male,1987-04-10,donna.parkinson@gmx.com,+44141 4960242,"Flat 04q
Shah shoals",Terencehaven,Josephland,E6 2ZG,UK,United Kingdom,EMEA,English,Business,Silver,2019-03-19,2019,RETURNING,True,MDM,2019-03-19,2026-04-17 15:58:35.888069
da0f055a-403e-4b1d-8a99-a71ed8fbb676,CUST-2020-UK-000762,Roy,O'Sullivan,Roy O'Sullivan,Female,1978-11-28,roy.o'sullivan664@zoho.com,(01632) 960 032,32 Hart road,Alexanderstad,Reynoldsberg,FK2P 1TE,UK,United Kingdom,EMEA,English,Consumer,Silver,2020-01-07,2020,RETURNING,True,MDM,2020-01-07 00:00:00,2026-04-17 15:58:35.888071
7378dde3-d7ed-42bd-b1c2-efb3d76622fa,CUST-2019-UK-000779,Damien,Woodward,Damien Woodward,Male,1998-08-07,damien.woodward@msn.com,+441414960324,"Flat 2
Higgins vista",Port Harriet,Mossville,W5W 5FN,UK,United Kingdom,EMEA,English,Consumer,None,2019-09-18,2019,RETURNING,True,MDM,2019-09-18,2026-04-17 15:58:35.888073
066ce3e6-bb95-4644-a349-e9186fee370e,CUST-2019-UK-001430,Janice,Williams,Janice Williams,Female,1963-12-13,janice.williams601@mail.com,+44131 4960865,"Flat 71
Maureen ramp",Beverleymouth,Lyndaburgh,B7 6BA,UK,United Kingdom,EMEA,English,Consumer,Silver,2019-06-24,2019,RETURNING,True,MDM,2019-06-24,2026-04-17 15:58:35.888074
8068b7e0-b821-406b-ad9c-8ea1e3dab331,CUST-2019-UK-001573,Hazel,Davies,Hazel Davies,Male,1997-11-24,hazel.davies@zoho.com,0306 9990009,"Studio 15i
John mountain",Port Garry,Lake Nicoletown,B8A 0GH,UK,United Kingdom,EMEA,English,Consumer,Gold,2019-04-18,2019,RETURNING,True,MDM,2019-04-18,2026-04-17 15:58:35.888076
a6959bde-54be-40c5-9b9b-0f44b947ea48,CUST-2020-UK-000016,Louise,Arnold,Louise Arnold,Female,2001-07-16,louise.arnold@msn.com,0114 496 0128,6 Linda plain,Louisport,Crossmouth,N9 1YA,UK,United Kingdom,EMEA,English,Consumer,Silver,2020-10-13,2020,RETURNING,True,MDM,2020-10-13 00:00:00,2026-04-17 15:58:35.888077
972cd673-6e7e-4de1-ad76-cedd62f14d3b,CUST-2020-UK-000015,Dominic,Whitehead,Dominic Whitehead,Male,1993-07-28,dominic.whitehead@zoho.com,+44(0)131 496 0937,"Studio 7
Leigh village",South Allanville,Geoffreyshire,W5 7HR,UK,United Kingdom,EMEA,English,Consumer,Gold,2020-06-11,2020,RETURNING,True,MDM,2020-06-11 00:00:00,2026-04-17 15:58:35.888079
4d11d5d6-8138-4197-99a8-20d0ba5c477d,CUST-2019-UK-002050,Andrew,Brown,Andrew Brown,Male,1961-03-20,andrew.brown@zoho.com,0117 496 0362,2 Jennifer shoals,South Stevenborough,Hallview,IV3N 4EF,UK,United Kingdom,EMEA,English,Consumer,Platinum,2019-11-20,2019,RETURNING,True,MDM,2019-11-20,2026-04-17 15:58:35.888080
b5444547-7237-4f9c-8d10-7cb39a80c34c,CUST-2020-UK-000222,Irene,Hall,Irene Hall,Male,1963-01-04,irene.hall463@zoho.com,+44161 4960121,6 Darren square,West Frankton,East Francis,LS5V 1YR,UK,United Kingdom,EMEA,English,Consumer,Silver,2020-04-05,2020,RETURNING,True,MDM,2020-04-05 00:00:00,2026-04-17 15:58:35.888081
1cb023cf-cfa6-41c2-a5d0-bef9f7eaf0ca,CUST-2019-UK-001098,Damien,Black,Damien Black,Female,2001-02-27,damien.black99@icloud.com,+441614960295,666 Johnson inlet,East Mathew,Cherylland,LU7 7FF,UK,United Kingdom,EMEA,English,Consumer,None,2019-11-24,2019,RETURNING,True,MDM,2019-11-24,2026-04-17 15:58:35.888083
19b189b0-bf89-43a4-b527-daab76fbf43d,CUST-2019-UK-002199,Irene,Wilson,Irene Wilson,Male,1991-11-18,irene.wilson672@icloud.com,01214960883,"Studio 4
Hancock drives",North Meganchester,New Staceyland,S89 5BR,UK,United Kingdom,EMEA,English,Consumer,None,2019-07-22,2019,RETURNING,True,MDM,2019-07-22,2026-04-17 15:58:35.888089
61c41c22-2a4b-4539-af1e-1a47599642df,CUST-2019-UK-000581,Rita,Russell,Rita Russell,Female,1982-02-04,rita.russell@zoho.com,0306 999 0063,"Flat 02Y
Wood groves",Allenfurt,Sharonville,E02 1ER,UK,United Kingdom,EMEA,English,Consumer,None,2019-09-03,2019,RETURNING,True,MDM,2019-09-03,2026-04-17 15:58:35.888091
94f26ea5-ca1c-450e-a7aa-84c5af72b6a1,CUST-2019-UK-000981,Nigel,Lawson,Nigel Lawson,Male,1957-12-06,nigel.lawson@outlook.com,01164960027,390 Nigel park,Lake Kathleen,Ryanfort,BR0 7AF,UK,United Kingdom,EMEA,English,Consumer,None,2019-10-16,2019,RETURNING,True,MDM,2019-10-16,2026-04-17 15:58:35.888093
103e3f27-45df-4633-bd72-895a503ebc06,CUST-2019-UK-001997,Arthur,Pearson,Arthur Pearson,Male,1970-01-10,arthur.pearson358@protonmail.com,029 2018012,15 Watson fords,Sullivanton,East Jonathan,KA7H 7LS,UK,United Kingdom,EMEA,English,Business,Platinum,2019-10-15,2019,RETURNING,True,MDM,2019-10-15,2026-04-17 15:58:35.888095
6dad3bd8-6c27-4ecc-81c4-7e14c3645985,CUST-2019-UK-000819,Alison,McCarthy,Alison McCarthy,Female,1958-10-04,alison.mccarthy470@mail.com,+44151 4960443,879 Victor branch,South Teresa,Reecechester,B8C 2EF,UK,United Kingdom,EMEA,English,Consumer,Gold,2019-06-27,2019,RETURNING,True,MDM,2019-06-27,2026-04-17 15:58:35.888097
30f299f2-0d82-4b22-8990-598e16309126,CUST-2020-UK-000126,Frank,Arnold,Frank Arnold,Male,2005-10-30,frank.arnold@icloud.com,+44(0)1174960754,"Studio 9
Cole terrace",Atkinsonshire,North Elliotberg,ST21 4XL,UK,United Kingdom,EMEA,English,Consumer,Gold,2020-01-19,2020,RETURNING,True,MDM,2020-01-19 00:00:00,2026-04-17 15:58:35.888098
2b0067cb-5afb-4511-9302-4e2f42003dc2,CUST-2019-UK-001560,Ellie,Spencer,Ellie Spencer,Female,2004-08-10,ellie.spencer@mail.com,(0151) 496 0700,171 Robson route,Lake Rosie,Smithside,ZE6N 4AB,UK,United Kingdom,EMEA,English,Business,Platinum,2019-05-18,2019,RETURNING,True,MDM,2019-05-18,2026-04-17 15:58:35.888100
6e51d4b1-17fc-4b38-8890-2af35571d83b,CUST-2019-UK-002012,Melissa,Smith,Melissa Smith,Female,1987-12-25,melissa.smith@aol.com,0191 4960874,325 Anna glen,Walshshire,Port Mohamed,M46 6JL,UK,United Kingdom,EMEA,English,Business,Gold,2019-11-07,2019,RETURNING,True,MDM,2019-11-07,2026-04-17 15:58:35.888101
b3160a99-b92a-417a-8b25-1286e2b175c2,CUST-2020-UK-000315,Gordon,Wilkinson,Gordon Wilkinson,Female,1977-01-09,gordon.wilkinson@yahoo.com,08081570645,"Studio 68h
Anderson union",Walkerview,North Annette,L9U 0ND,UK,United Kingdom,EMEA,English,Consumer,Gold,2020-04-02,2020,RETURNING,True,MDM,2020-04-02 00:00:00,2026-04-17 15:58:35.888107
011da005-fac2-4740-ae2a-24f4382dfee7,CUST-2020-UK-000466,Megan,Owens,Megan Owens,Female,1987-10-27,megan.owens@aol.com,+44(0)289018784,"Studio 5
Sullivan port",Colehaven,Marshalltown,EX28 5NW,UK,United Kingdom,EMEA,English,Consumer,Silver,2020-04-28,2020,RETURNING,True,MDM,2020-04-28 00:00:00,2026-04-17 15:58:35.888108
917b0201-d05e-4393-a15a-786a24e10165,CUST-2020-UK-000239,Rosie,McCarthy,Rosie McCarthy,Female,1975-12-13,rosie.mccarthy@gmail.com,01164960104,"Flat 58
Kate brooks",Porterfort,Dorothyville,DN8Y 7JH,UK,United Kingdom,EMEA,English,Consumer,Gold,2020-08-14,2020,RETURNING,True,MDM,2020-08-14 00:00:00,2026-04-17 15:58:35.888110
86017284-e3f5-45f9-8dc1-478203970f20,CUST-2019-UK-000869,Jeremy,Barber,Jeremy Barber,Female,1978-08-02,jeremy.barber324@aol.com,+44(0)9098790231,473 King shoals,Woodsport,Morrisbury,L2 4TL,UK,United Kingdom,EMEA,English,Consumer,Gold,2019-07-16,2019,RETURNING,True,MDM,2019-07-16,2026-04-17 15:58:35.888112
64bc419b-0604-4599-9773-b0da3260ec73,CUST-2019-UK-001716,Jason,Jackson,Jason Jackson,Female,1998-02-08,jason.jackson@protonmail.com,0292018464,"Flat 70
Eric hill",Marshfurt,New Junefort,GY5Y 3WA,UK,United Kingdom,EMEA,English,Consumer,Silver,2019-09-03,2019,RETURNING,True,MDM,2019-09-03,2026-04-17 15:58:35.888114
e3613913-13b7-4ddb-82c7-a1f8b40ef517,CUST-2019-UK-002369,Guy,Richardson,Guy Richardson,Female,1955-11-03,guy.richardson@hotmail.com,(0116)4960606,183 Walker squares,South Amanda,South Glen,S98 7WZ,UK,United Kingdom,EMEA,English,Education,None,2019-09-17,2019,RETURNING,True,MDM,2019-09-17,2026-04-17 15:58:35.888115
0d49d84f-f1c1-4a88-aad5-c861be4e370a,CUST-2019-UK-002007,Sean,Reynolds,Sean Reynolds,Male,1986-08-27,sean.reynolds@yahoo.com,+441632960187,"Flat 37O
Nicola vista",Denisside,Kevinhaven,G2S 2SS,UK,United Kingdom,EMEA,English,Consumer,None,2019-05-21,2019,RETURNING,True,MDM,2019-05-21,2026-04-17 15:58:35.888117
7d9ec779-2974-4b95-999e-bdb741eaab60,CUST-2019-UK-000075,William,Williamson,William Williamson,Female,1984-09-11,william.williamson@live.com,+44306 999 0521,840 Robert rapids,West Chelseahaven,South Davidside,RH22 1NJ,UK,United Kingdom,EMEA,English,Consumer,Gold,2019-07-13,2019,RETURNING,True,MDM,2019-07-13,2026-04-17 15:58:35.888119
ab4c5018-d674-4182-a411-f04bb256f418,CUST-2019-UK-001099,Benjamin,Williams,Benjamin Williams,Male,1961-10-12,benjamin.williams@zoho.com,+44141 4960729,"Flat 8
Hayward pine",Buckleyside,Ellieville,E8 7SZ,UK,United Kingdom,EMEA,English,Consumer,None,2019-04-11,2019,RETURNING,True,MDM,2019-04-11,2026-04-17 15:58:35.888125
a555a77f-7b49-481a-bdd1-56ac4045d65d,CUST-2020-UK-000300,Donna,Evans,Donna Evans,Female,1984-01-26,donna.evans@gmail.com,+44(0)909 879 0848,2 Rose ways,Jadeview,Greenmouth,B06 9HP,UK,United Kingdom,EMEA,English,Consumer,None,2020-02-19,2020,RETURNING,True,MDM,2020-02-19 00:00:00,2026-04-17 15:58:35.888127
04e7bd5d-e8c0-4c6c-859e-31fe7984e206,CUST-2019-UK-000436,Vincent,Morgan,Vincent Morgan,Male,1967-02-09,vincent.morgan@hotmail.com,(029) 2018591,7 Leslie spur,Howardland,North Justinmouth,ST7 0RW,UK,United Kingdom,EMEA,English,Consumer,None,2019-08-18,2019,RETURNING,True,MDM,2019-08-18,2026-04-17 15:58:35.888129
b3959556-f88b-4a72-b040-6bc685f7375c,CUST-2019-UK-000676,Ellie,Williams,Ellie Williams,Male,1987-10-03,ellie.williams100@aol.com,(0113) 496 0777,98 White light,Port William,South Marybury,E9C 7JY,UK,United Kingdom,EMEA,English,Consumer,None,2019-05-16,2019,RETURNING,True,MDM,2019-05-16,2026-04-17 15:58:35.888131
ea503220-b947-4287-918b-1ea9cbfbfe9d,CUST-2019-UK-001749,Bethany,Hughes,Bethany Hughes,Female,1961-05-20,bethany.hughes@mail.com,+44(0)121 496 0230,87 Shane fort,Grahamland,Burtonchester,G2 3DL,UK,United Kingdom,EMEA,English,Consumer,None,2019-03-17,2019,RETURNING,True,MDM,2019-03-17,2026-04-17 15:58:35.888133
5b224074-03ea-4b0d-8636-764db2c8adc8,CUST-2020-UK-000586,Jean,Iqbal,Jean Iqbal,Male,1969-04-17,jean.iqbal@hotmail.com,0909 879 0836,"Studio 92R
Scott harbors",Jadetown,Garethburgh,W74 0FE,UK,United Kingdom,EMEA,English,Consumer,Gold,2020-03-30,2020,RETURNING,True,MDM,2020-03-30 00:00:00,2026-04-17 15:58:35.888135
97382785-5a03-437c-abd3-a453bcfb688c,CUST-2019-UK-000435,Declan,Brown,Declan Brown,Female,1970-09-23,declan.brown@protonmail.com,+441632 960285,7 Joseph camp,North Max,Jacquelinefurt,WS35 2TZ,UK,United Kingdom,EMEA,English,Consumer,None,2019-02-28,2019,RETURNING,True,MDM,2019-02-28,2026-04-17 15:58:35.888136
bcb386a4-0e8c-4180-9c5a-c4b6909dd6a4,CUST-2019-UK-002097,Pamela,Thomas,Pamela Thomas,Male,1984-02-28,pamela.thomas@icloud.com,+441632 960701,"Studio 8
Phillips port",West Joycemouth,Pritchardton,L7 1RG,UK,United Kingdom,EMEA,English,Business,Platinum,2019-12-05,2019,RETURNING,True,MDM,2019-12-05,2026-04-17 15:58:35.888142
86d57189-6bb6-4128-b060-dc8319b0bc2d,CUST-2019-UK-000014,Bethany,Gray,Bethany Gray,Male,2001-11-14,bethany.gray@icloud.com,(0151) 496 0259,58 Thomas run,West Lyndaborough,Begumfurt,N83 0SQ,UK,United Kingdom,EMEA,English,Consumer,None,2019-12-19,2019,RETURNING,True,MDM,2019-12-19,2026-04-17 15:58:35.888144
8a52c460-c11f-4a04-b678-2f7c3ba23e90,CUST-2020-UK-000186,Josh,Gardner,Josh Gardner,Female,1950-09-17,josh.gardner236@outlook.com,(029) 2018 0064,7 Darren shores,Lake Eleanortown,New Lisa,TR08 3LR,UK,United Kingdom,EMEA,English,Consumer,Gold,2020-01-31,2020,RETURNING,True,MDM,2020-01-31 00:00:00,2026-04-17 15:58:35.888146
1b04ffd8-ae5c-4336-a21f-884f457365ea,CUST-2019-UK-000302,Edward,Wilkins,Edward Wilkins,Male,1992-12-17,edward.wilkins532@zoho.com,+44909 879 0953,"Flat 85
Clark crest",Bryanburgh,Manningfurt,N0U 8SU,UK,United Kingdom,EMEA,English,Business,Silver,2019-02-18,2019,RETURNING,True,MDM,2019-02-18,2026-04-17 15:58:35.888148
172bcfa2-3c72-4500-8c07-d7095645d464,CUST-2019-UK-001820,Kim,Gibson,Kim Gibson,Male,1968-12-27,kim.gibson@yahoo.com,0808 1570397,"Studio 7
Pearson rapid",Albertport,East Denniston,B5B 4LP,UK,United Kingdom,EMEA,English,Consumer,Platinum,2019-08-12,2019,RETURNING,True,MDM,2019-08-12,2026-04-17 15:58:35.888149
7d14d1ce-aa9c-4258-ae3b-541cda4a8692,CUST-2019-UK-000909,Helen,Owens,Helen Owens,Male,1952-08-12,helen.owens939@aol.com,(028) 9018371,723 Maurice mission,Marshallport,Lake Charlie,SA67 2JG,UK,United Kingdom,EMEA,English,Consumer,Silver,2019-06-18,2019,RETURNING,True,MDM,2019-06-18,2026-04-17 15:58:35.888151
966bcab5-8a69-48bf-8988-1972ca178d3c,CUST-2019-UK-000267,Richard,Bennett,Richard Bennett,Male,1991-05-30,richard.bennett@outlook.com,+44808 1570045,"Studio 56r
Jones corners",Hughesberg,North Leannefort,NG9 9AY,UK,United Kingdom,EMEA,English,Business,Silver,2019-09-07,2019,RETURNING,True,MDM,2019-09-07,2026-04-17 15:58:35.888152
aecc2a5a-2ad8-41a7-9ed8-6851479490e5,CUST-2019-UK-001299,Bethany,Hall,Bethany Hall,Female,1961-09-12,bethany.hall96@yahoo.com,+44191 4960210,813 Taylor trail,Byrnefort,Wilsonhaven,BA5 8ZN,UK,United Kingdom,EMEA,English,Education,Gold,2019-11-17,2019,RETURNING,True,MDM,2019-11-17,2026-04-17 15:58:35.888154
884660e5-9f48-4b68-9688-b03d04e61cae,CUST-2019-UK-001367,Harry,Smith,Harry Smith,Male,2006-03-21,harry.smith@protonmail.com,0909 8790929,261 Gerald haven,Naomichester,Blackburnport,E38 8GW,UK,United Kingdom,EMEA,English,Consumer,Silver,2019-10-23,2019,RETURNING,True,MDM,2019-10-23,2026-04-17 15:58:35.888159
8f234dad-7270-4020-b453-fb5471eb08e5,CUST-2020-UK-000013,Andrew,Phillips,Andrew Phillips,Male,1969-09-29,andrew.phillips@protonmail.com,(029) 2018903,"Studio 04
Taylor viaduct",Harrisonhaven,Peterberg,E9 6PD,UK,United Kingdom,EMEA,English,Consumer,None,2020-10-24,2020,RETURNING,True,MDM,2020-10-24 00:00:00,2026-04-17 15:58:35.888161
4a189ad5-bd95-4541-be95-d8eb2530d0d8,CUST-2019-UK-001850,Ellie,Evans,Ellie Evans,Female,1951-10-27,ellie.evans@mail.com,029 2018 0798,728 Kenneth ranch,Port Brettchester,South Hayley,SY1X 5FD,UK,United Kingdom,EMEA,English,Consumer,None,2019-03-25,2019,RETURNING,True,MDM,2019-03-25,2026-04-17 15:58:35.888163
92f3f749-3df3-49b1-838d-cb20d5f1aa9d,CUST-2019-UK-001758,Wendy,Ward,Wendy Ward,Male,1967-09-01,wendy.ward196@icloud.com,+44(0)1144960370,"Studio 7
Hill summit",Murphyborough,Port Cameronshire,GY45 3ZS,UK,United Kingdom,EMEA,English,Education,None,2019-07-31,2019,RETURNING,True,MDM,2019-07-31,2026-04-17 15:58:35.888165
7bcbad1c-8e45-43cd-aa2c-58cc4cf6d532,CUST-2019-UK-000357,Kerry,Mills,Kerry Mills,Male,1975-11-15,kerry.mills@hotmail.com,+44161 496 0156,895 Samuel wall,Lake Lorraine,Robertsland,B3U 8GN,UK,United Kingdom,EMEA,English,Consumer,Silver,2019-03-21,2019,RETURNING,True,MDM,2019-03-21,2026-04-17 15:58:35.888167
0a5f683e-6d44-4a49-8e58-1337a0156608,CUST-2020-UK-000156,Anne,Hamilton,Anne Hamilton,Male,1952-12-17,anne.hamilton591@mail.com,028 9018504,"Flat 5
Evans spurs",Pamelabury,Rowefort,L94 1HB,UK,United Kingdom,EMEA,English,Consumer,Gold,2020-11-30,2020,RETURNING,True,MDM,2020-11-30 00:00:00,2026-04-17 15:58:35.888168
13846d15-e1ae-44f0-b361-3c32cc5a1b8f,CUST-2020-UK-000582,Marie,Spencer,Marie Spencer,Male,1958-10-22,marie.spencer@mail.com,0909 8790117,"Studio 67o
Anderson fields",Normanstad,South Jasmine,NR6 0JY,UK,United Kingdom,EMEA,English,Consumer,Gold,2020-09-13,2020,RETURNING,True,MDM,2020-09-13 00:00:00,2026-04-17 15:58:35.888170
e7a02711-5564-4f22-812f-ba59e4c6348d,CUST-2020-UK-000713,Kate,Hodgson,Kate Hodgson,Male,1976-08-25,kate.hodgson@msn.com,(020)74960132,80 Storey springs,New Elliotland,Williamston,W41 6ET,UK,United Kingdom,EMEA,English,Education,None,2020-01-08,2020,RETURNING,True,MDM,2020-01-08 00:00:00,2026-04-17 15:58:35.888172
8033c956-cd53-43c3-9b10-e6646a0fe4c8,CUST-2020-UK-000748,Abigail,Hudson,Abigail Hudson,Female,1959-07-05,abigail.hudson@yahoo.com,08081570634,1 Stevens roads,South Jennifer,Dylanbury,TD3M 9LD,UK,United Kingdom,EMEA,English,Consumer,None,2020-09-21,2020,RETURNING,True,MDM,2020-09-21 00:00:00,2026-04-17 15:58:35.888178
135fd286-1282-49cb-94d2-99f8bd89820b,CUST-2020-UK-000598,Howard,Wheeler,Howard Wheeler,Female,1975-09-26,howard.wheeler@protonmail.com,+44(0)1914960018,"Studio 2
Ali light",South Iainfurt,Lake Hilary,LU1P 6JN,UK,United Kingdom,EMEA,English,Consumer,Gold,2020-02-03,2020,RETURNING,False,MDM,2020-02-03 00:00:00,2026-04-17 15:58:35.888179
13e78798-499b-462e-9421-bed0815aefd8,CUST-2019-UK-002214,Megan,Kelly,Megan Kelly,Female,1998-06-23,megan.kelly@zoho.com,(0909) 8790510,9 Middleton shores,South Samanthafurt,Leighfort,TF3 8UX,UK,United Kingdom,EMEA,English,Business,None,2019-10-23,2019,RETURNING,True,MDM,2019-10-23,2026-04-17 15:58:35.888181
e4ae0e8a-90f9-4193-bef0-df2262db9b9d,CUST-2020-UK-000407,Anthony,Jones,Anthony Jones,Female,2002-03-31,anthony.jones@yahoo.com,(0114)4960516,81 Stevens mills,South Frank,Wardport,TQ94 2DZ,UK,United Kingdom,EMEA,English,Education,None,2020-01-02,2020,RETURNING,True,MDM,2020-01-02 00:00:00,2026-04-17 15:58:35.888183
c9760bb6-dd28-4a46-b61d-38ba8588687e,CUST-2019-UK-000788,Josh,Woodward,Josh Woodward,Female,1958-09-24,josh.woodward@gmail.com,(0808)1570350,"Flat 0
Richards ville",South Leonardtown,East Clareberg,HU5W 2HZ,UK,United Kingdom,EMEA,English,Business,Gold,2019-12-20,2019,RETURNING,True,MDM,2019-12-20,2026-04-17 15:58:35.888185
67cc96bc-7b77-4912-b20a-da0eeeaff696,CUST-2019-UK-001328,Shirley,Johnson,Shirley Johnson,Male,1982-06-04,shirley.johnson@outlook.com,01164960100,6 Albert land,Cooperton,Harrietberg,L62 8BW,UK,United Kingdom,EMEA,English,Consumer,Platinum,2019-04-08,2019,RETURNING,True,MDM,2019-04-08,2026-04-17 15:58:35.888186
d4902c2a-f29c-4e32-a717-e33d82b988ab,CUST-2019-UK-000672,Hilary,Graham,Hilary Graham,Female,1964-01-26,hilary.graham587@gmx.com,(028) 9018 0032,"Studio 6
Antony canyon",East John,Morrisfurt,M0W 2RH,UK,United Kingdom,EMEA,English,Business,None,2019-05-03,2019,RETURNING,True,MDM,2019-05-03,2026-04-17 15:58:35.888188
17903b81-051a-4c6e-b3ee-079bda9230b3,CUST-2019-UK-000697,Alan,Davidson,Alan Davidson,Male,1959-04-21,alan.davidson@mail.com,(020)74960825,"Studio 73z
Reed groves",Phillipsville,East Carly,W68 3QN,UK,United Kingdom,EMEA,English,Consumer,Gold,2019-09-14,2019,RETURNING,True,MDM,2019-09-14,2026-04-17 15:58:35.888190
d978d4ee-417c-4737-93f9-af42b1b00d63,CUST-2020-UK-000335,Sophie,Roberts,Sophie Roberts,Male,1998-09-22,sophie.roberts@msn.com,+441632 960 409,3 Ruth viaduct,Douglasview,North Robertport,G3B 8BZ,UK,United Kingdom,EMEA,English,Business,None,2020-12-13,2020,RETURNING,True,MDM,2020-12-13 00:00:00,2026-04-17 15:58:35.888196
2b6c69ab-e8dc-49c9-ba58-c0ed1edd7d52,CUST-2020-UK-000068,Duncan,Miller,Duncan Miller,Male,1985-04-04,duncan.miller523@icloud.com,(0141)4960163,0 Russell meadows,South Zoeview,Geraldinebury,B3G 5DE,UK,United Kingdom,EMEA,English,Education,None,2020-05-18,2020,RETURNING,True,MDM,2020-05-18 00:00:00,2026-04-17 15:58:35.888198
98648d0a-21b5-49c8-9e4b-e5fd83c84f25,CUST-2019-UK-000252,Danielle,Todd,Danielle Todd,Female,1952-01-02,danielle.todd@msn.com,(0116)4960865,23 Gillian divide,Carolinestad,Lake Leonchester,EH1 0YZ,UK,United Kingdom,EMEA,English,Education,Silver,2019-06-19,2019,RETURNING,True,MDM,2019-06-19,2026-04-17 15:58:35.888200
42cafa6e-500c-41e2-98f0-5baf01deb56a,CUST-2019-UK-001955,Mark,Scott,Mark Scott,Female,1973-09-30,mark.scott@icloud.com,(020) 74960266,"Studio 48m
Dylan streets",Joycemouth,New Mohammad,E1 7GT,UK,United Kingdom,EMEA,English,Consumer,Silver,2019-01-27,2019,RETURNING,True,MDM,2019-01-27,2026-04-17 15:58:35.888202
b88be10a-00d0-4886-a17d-ba6ebd8c9b75,CUST-2020-UK-000041,Shane,Carroll,Shane Carroll,Male,1996-10-17,shane.carroll940@aol.com,(0117) 496 0869,1 Cooper divide,East Geraldshire,Jamesville,CO7 4XX,UK,United Kingdom,EMEA,English,Education,None,2020-07-28,2020,RETURNING,True,MDM,2020-07-28 00:00:00,2026-04-17 15:58:35.888203
88e8f816-45d3-4f29-a4b0-24a70b8eae3f,CUST-2019-UK-001135,Ricky,James,Ricky James,Male,1997-02-15,ricky.james@live.com,0118 496 0340,"Studio 9
Young creek",Philipland,O'Connorfurt,ME9 9TA,UK,United Kingdom,EMEA,English,Business,None,2019-10-27,2019,RETURNING,True,MDM,2019-10-27,2026-04-17 15:58:35.888205
c66d5902-499d-485c-88d7-9af5f300f6e6,CUST-2020-UK-000230,Colin,Pearce,Colin Pearce,Female,1982-06-19,colin.pearce956@protonmail.com,(0909) 879 0577,837 Ford shores,New Peter,Mollyton,WA54 5XL,UK,United Kingdom,EMEA,English,Education,None,2020-05-25,2020,RETURNING,True,MDM,2020-05-25 00:00:00,2026-04-17 15:58:35.888207
13d82c66-007b-4a6a-9d5d-1388a7dbb032,CUST-2019-UK-002101,Brett,Coates,Brett Coates,Female,1997-09-16,brett.coates@msn.com,+44(0)1154960383,"Flat 26i
Karen track",Whittakerville,Shannonside,W39 3UG,UK,United Kingdom,EMEA,English,Consumer,Platinum,2019-09-30,2019,RETURNING,True,MDM,2019-09-30,2026-04-17 15:58:35.888209
6a3e3563-1555-477b-82d5-4e46a4d1b94b,CUST-2020-UK-000728,Shane,Cox,Shane Cox,Male,1972-03-03,shane.cox195@live.com,+44114 4960802,902 Oliver meadow,Lake Russellville,North Karenmouth,HA56 9FG,UK,United Kingdom,EMEA,English,Consumer,None,2020-09-17,2020,RETURNING,True,MDM,2020-09-17 00:00:00,2026-04-17 15:58:35.888214
30ec8485-1270-48dd-a0a5-497d36639c3b,CUST-2020-UK-000110,Fiona,Leach,Fiona Leach,Male,1951-09-02,fiona.leach@gmx.com,0306 999 0553,4 Cameron creek,Lake Rachaelchester,East Kyle,W3 9YH,UK,United Kingdom,EMEA,English,Consumer,None,2020-05-03,2020,RETURNING,True,MDM,2020-05-03 00:00:00,2026-04-17 15:58:35.888216
514066c5-7c03-4a8f-ad86-be4179424e71,CUST-2019-UK-002255,Wayne,Day,Wayne Day,Male,1952-02-15,wayne.day@mail.com,01632960491,73 Wilson brooks,East Kennethland,South Grace,W6 4QT,UK,United Kingdom,EMEA,English,Business,None,2019-03-14,2019,RETURNING,True,MDM,2019-03-14,2026-04-17 15:58:35.888218
b8503d90-6cb7-41b2-b1c2-67d7b3bb9d09,CUST-2019-UK-000122,Suzanne,Patel,Suzanne Patel,Male,1954-11-15,suzanne.patel@hotmail.com,+441632960732,718 Barry mountain,Gillmouth,West Leah,KT4 7QH,UK,United Kingdom,EMEA,English,Education,None,2019-12-06,2019,RETURNING,True,MDM,2019-12-06,2026-04-17 15:58:35.888220
87b38d1e-ea16-4263-8a1a-3cc1d027c8d4,CUST-2019-UK-002362,Julia,Sutton,Julia Sutton,Female,2003-05-26,julia.sutton@outlook.com,0161 4960296,"Flat 82f
Vanessa branch",Katechester,South Olivia,PR42 0FB,UK,United Kingdom,EMEA,English,Business,None,2019-07-19,2019,RETURNING,True,MDM,2019-07-19,2026-04-17 15:58:35.888222
07ccd688-6bdc-45af-a28c-e7e1a09c7bf3,CUST-2019-UK-002168,Andrea,Cartwright,Andrea Cartwright,Male,1961-10-05,andrea.cartwright@gmail.com,+44(0)151 496 0719,"Studio 98
Kelly oval",Georgemouth,East Leigh,YO2P 3AN,UK,United Kingdom,EMEA,English,Business,None,2019-08-20,2019,RETURNING,True,MDM,2019-08-20,2026-04-17 15:58:35.888224
fa2227b8-3945-44b3-b998-96ceeb16dc57,CUST-2019-UK-001348,Edward,Duffy,Edward Duffy,Male,1958-05-15,edward.duffy@zoho.com,08081570112,"Studio 0
Booth rapids",Port Gillian,Port Philip,SA0Y 2BZ,UK,United Kingdom,EMEA,English,Business,None,2019-01-22,2019,RETURNING,True,MDM,2019-01-22,2026-04-17 15:58:35.888226
337a7681-b851-4cf6-bd32-0a81e44c9dfe,CUST-2019-UK-000886,Mohammed,Wilson,Mohammed Wilson,Male,1967-09-25,mohammed.wilson261@yahoo.com,+44(0)909 8790851,2 Dominic plains,New Martin,New Connorshire,EX1V 2UP,UK,United Kingdom,EMEA,English,Consumer,Platinum,2019-08-13,2019,RETURNING,True,MDM,2019-08-13,2026-04-17 15:58:35.888231
170c2533-fe36-418f-9f52-6193b0ab0060,CUST-2020-UK-000311,George,Johnson,George Johnson,Female,1999-05-24,george.johnson@yahoo.com,+441134960381,97 Marilyn bypass,Joshside,Mosstown,IV1W 0TJ,UK,United Kingdom,EMEA,English,Consumer,None,2020-05-06,2020,RETURNING,False,MDM,2020-05-06 00:00:00,2026-04-17 15:58:35.888233
6dde14a6-0a6b-4896-b39b-bae6c4482b70,CUST-2019-UK-002202,Henry,Kaur,Henry Kaur,Male,1978-03-25,henry.kaur@msn.com,(0116)4960914,"Studio 2
Steven turnpike",Marcbury,Schofieldville,PL48 9GS,UK,United Kingdom,EMEA,English,Consumer,Silver,2019-04-20,2019,RETURNING,True,MDM,2019-04-20,2026-04-17 15:58:35.888235
a15a96f7-7c18-4108-81db-5167b4cbb43c,CUST-2019-UK-001930,Callum,Hussain,Callum Hussain,Female,1976-10-06,callum.hussain@outlook.com,(0909) 8790401,"Flat 1
Davis creek",Webbville,Allanchester,FY57 2NQ,UK,United Kingdom,EMEA,English,Consumer,Platinum,2019-04-09,2019,RETURNING,True,MDM,2019-04-09,2026-04-17 15:58:35.888237
15129468-2e22-44ee-892f-6d0b5e62b7eb,CUST-2020-UK-000749,Geoffrey,Birch,Geoffrey Birch,Male,1952-06-03,geoffrey.birch629@gmail.com,0289018104,"Flat 07
Moran vista",Jenkinsshire,Port Christineport,M06 9RG,UK,United Kingdom,EMEA,English,Consumer,Platinum,2020-01-27,2020,RETURNING,True,MDM,2020-01-27 00:00:00,2026-04-17 15:58:35.888238
f97e5aa0-dcdc-4991-9a3b-657feccc9b24,CUST-2019-UK-000593,Frederick,Barnett,Frederick Barnett,Male,1994-05-14,frederick.barnett@gmail.com,+44(0)909 8790423,5 Stuart station,Fionaton,Wilkinsonland,FY6W 7PJ,UK,United Kingdom,EMEA,English,Consumer,None,2019-09-30,2019,RETURNING,False,MDM,2019-09-30,2026-04-17 15:58:35.888240
38ca85de-e7ec-4fdd-813d-a1201419efc9,CUST-2019-UK-000236,Norman,Peters,Norman Peters,Male,1987-10-13,norman.peters@gmail.com,+44(0)117 4960227,"Studio 12
Griffiths forest",Yatesfort,Jillshire,PH7W 2GB,UK,United Kingdom,EMEA,English,Consumer,None,2019-04-25,2019,RETURNING,True,MDM,2019-04-25,2026-04-17 15:58:35.888242
a0492bd5-e231-43a3-9bf6-ad6057f2047d,CUST-2020-UK-000182,Kerry,Williams,Kerry Williams,Male,1978-12-12,kerry.williams838@icloud.com,0121 4960330,"Flat 74
Martin mission",West Samantha,McCarthyport,CW4V 4PE,UK,United Kingdom,EMEA,English,Consumer,Silver,2020-01-31,2020,RETURNING,False,MDM,2020-01-31 00:00:00,2026-04-17 15:58:35.888244
21efcca3-1a0a-48c1-8224-6a44ee8b18a8,CUST-2019-UK-001033,Hazel,Taylor,Hazel Taylor,Female,1956-02-26,hazel.taylor@protonmail.com,01134960589,55 Joe key,Nataliemouth,East Mohamed,HU7 7PF,UK,United Kingdom,EMEA,English,Consumer,Silver,2019-02-26,2019,RETURNING,True,MDM,2019-02-26,2026-04-17 15:58:35.888249
35a64944-d8e5-419b-b2e5-76be5e039585,CUST-2019-UK-000173,Marion,Brown,Marion Brown,Female,1972-03-07,marion.brown171@hotmail.com,+44(0)1154960754,"Flat 52
Smith terrace",Palmerview,South Kevinville,GU7 6GF,UK,United Kingdom,EMEA,English,Consumer,Gold,2019-01-04,2019,RETURNING,True,MDM,2019-01-04,2026-04-17 15:58:35.888251
5194f715-f670-46cd-a132-6204c2f814d2,CUST-2019-UK-002122,Gemma,Elliott,Gemma Elliott,Male,1983-06-10,gemma.elliott@hotmail.com,(0115) 496 0185,"Studio 8
Ashleigh burgs",East Edwardchester,Port Cameron,DG81 4SJ,UK,United Kingdom,EMEA,English,Education,Gold,2019-02-04,2019,RETURNING,True,MDM,2019-02-04,2026-04-17 15:58:35.888253
adeeb46e-b1c5-420c-881b-c42b584b6f50,CUST-2019-UK-000308,Alexander,Knight,Alexander Knight,Female,1991-09-26,alexander.knight@icloud.com,+441914960087,"Flat 9
Anthony centers",Greenland,Brownmouth,UB29 4YU,UK,United Kingdom,EMEA,English,Consumer,None,2019-03-26,2019,RETURNING,True,MDM,2019-03-26,2026-04-17 15:58:35.888255
457277de-0e70-4922-b0c9-3b1372524681,CUST-2020-UK-000636,David,Armstrong,David Armstrong,Male,2006-09-26,david.armstrong226@mail.com,(0191) 4960815,"Studio 7
Ruth locks",Cameronstad,Fisherborough,N69 9WR,UK,United Kingdom,EMEA,English,Consumer,Silver,2020-04-12,2020,RETURNING,True,MDM,2020-04-12 00:00:00,2026-04-17 15:58:35.888257
c757d3ed-6594-48bc-b783-3eed3dba9158,CUST-2019-UK-000648,James,Freeman,James Freeman,Female,2001-02-08,james.freeman@mail.com,(0115)4960856,"Studio 95
Albert vista",Dawsonport,North Kim,G9G 0YG,UK,United Kingdom,EMEA,English,Consumer,None,2019-03-10,2019,RETURNING,True,MDM,2019-03-10,2026-04-17 15:58:35.888259
1ccc7765-b0a2-46af-a524-25f67735e7df,CUST-2019-UK-001595,Leon,Bailey,Leon Bailey,Male,2006-05-20,leon.bailey259@icloud.com,0118 496 0007,"Flat 4
Kemp shoal",Jonesburgh,East Mariaport,N27 1ZW,UK,United Kingdom,EMEA,English,Consumer,Silver,2019-06-14,2019,RETURNING,True,MDM,2019-06-14,2026-04-17 15:58:35.888260
28172065-0998-4f98-b561-5c19aaf686b9,CUST-2019-UK-002085,Raymond,Lee,Raymond Lee,Female,2002-02-16,raymond.lee548@outlook.com,+44(0)131 496 0868,591 Frost squares,Butcherbury,East Sam,IP7H 4AY,UK,United Kingdom,EMEA,English,Consumer,Silver,2019-04-03,2019,RETURNING,True,MDM,2019-04-03,2026-04-17 15:58:35.888262
5653fa1a-60ea-4c90-ab14-6ab2b092bcdf,CUST-2020-UK-000090,Keith,Arnold,Keith Arnold,Female,1962-11-12,keith.arnold@protonmail.com,+44161 496 0366,"Flat 48C
David estate",Dyerside,Jennaside,G76 8LY,UK,United Kingdom,EMEA,English,Consumer,None,2020-10-04,2020,RETURNING,True,MDM,2020-10-04 00:00:00,2026-04-17 15:58:35.888267
ba7c0f0f-ace2-4e55-9ddc-a0b7b352bcc5,CUST-2019-UK-000969,Joan,Gilbert,Joan Gilbert,Male,2005-10-29,joan.gilbert@gmx.com,+44909 8790529,148 Damian mission,North Leonardchester,Lake Leslieport,G5A 2RP,UK,United Kingdom,EMEA,English,Consumer,None,2019-07-24,2019,RETURNING,True,MDM,2019-07-24,2026-04-17 15:58:35.888269
a8082cac-7203-4f3d-8b80-de47dfeb812b,CUST-2019-UK-000860,Rebecca,Webb,Rebecca Webb,Female,1997-12-22,rebecca.webb@zoho.com,(0191) 496 0655,"Flat 0
Gordon camp",Clarkmouth,East Joelfort,N50 7TP,UK,United Kingdom,EMEA,English,Education,None,2019-10-26,2019,RETURNING,True,MDM,2019-10-26,2026-04-17 15:58:35.888272
eb80b037-d590-437e-afb6-5ec0791d9f88,CUST-2019-UK-000362,Kieran,Nicholson,Kieran Nicholson,Female,2003-06-14,kieran.nicholson@outlook.com,+44(0)29 2018 0802,9 Scott ports,Glennmouth,Pearcehaven,SS8B 6ST,UK,United Kingdom,EMEA,English,Consumer,Gold,2019-03-28,2019,RETURNING,True,MDM,2019-03-28,2026-04-17 15:58:35.888273
b1c895fa-dab9-4bcd-a3aa-a4bf01d886d9,CUST-2019-UK-000864,Melissa,Butler,Melissa Butler,Male,1965-10-30,melissa.butler@outlook.com,01514960118,"Flat 66D
Philip club",West Aaron,Martinchester,S9 2ZU,UK,United Kingdom,EMEA,English,Consumer,Gold,2019-02-12,2019,RETURNING,True,MDM,2019-02-12,2026-04-17 15:58:35.888275
05351439-2d34-4f60-b76a-8d3d0aa8b995,CUST-2020-UK-000727,Joe,Harvey,Joe Harvey,Female,1967-07-14,joe.harvey351@protonmail.com,+44(0)191 4960329,291 Christian cape,Lake Graham,Hickshaven,S9 8NL,UK,United Kingdom,EMEA,English,Consumer,None,2020-01-24,2020,RETURNING,True,MDM,2020-01-24 00:00:00,2026-04-17 15:58:35.888276
1ea34b5d-f8f1-4395-be43-54ebff0cc30e,CUST-2019-UK-000516,Shaun,Saunders,Shaun Saunders,Female,1988-04-25,shaun.saunders@aol.com,+44(0)114 4960780,084 Irene viaduct,North Jill,Stevenston,N8S 0TT,UK,United Kingdom,EMEA,English,Business,None,2019-10-13,2019,RETURNING,True,MDM,2019-10-13,2026-04-17 15:58:35.888278
7d7b9bd2-cea6-4f5b-86cf-ae5e4212a579,CUST-2019-UK-000588,Frederick,Cole,Frederick Cole,Male,1965-07-21,frederick.cole@gmail.com,0289018064,5 Maria heights,New Alan,Benmouth,B80 8XN,UK,United Kingdom,EMEA,English,Consumer,None,2019-01-10,2019,RETURNING,True,MDM,2019-01-10,2026-04-17 15:58:35.888280
fb61f203-ba51-490e-9e6b-050c18f48180,CUST-2019-UK-000080,Hannah,Brown,Hannah Brown,Female,1991-06-28,hannah.brown448@zoho.com,+441632960593,5 Stuart motorway,Smithfort,North Jayne,BH9P 4WY,UK,United Kingdom,EMEA,English,Consumer,Platinum,2019-01-06,2019,RETURNING,True,MDM,2019-01-06,2026-04-17 15:58:35.888282
5f4b3121-12b7-4f0e-9691-8428851cc422,CUST-2019-UK-001225,Tracy,Green,Tracy Green,Female,1995-09-02,tracy.green@yahoo.com,(0131) 4960492,8 Gibbons corners,Iainmouth,Reedstad,HD8 5WQ,UK,United Kingdom,EMEA,English,Business,None,2019-10-17,2019,RETURNING,True,MDM,2019-10-17,2026-04-17 15:58:35.888283
c2bf3f12-09a2-478a-8f85-92ac462a4b4f,CUST-2019-UK-000881,Jason,Byrne,Jason Byrne,Female,1985-04-18,jason.byrne@live.com,+44(0)151 496 0381,084 Murphy parkways,New Sheila,Amandatown,LL13 1TX,UK,United Kingdom,EMEA,English,Consumer,None,2019-10-26,2019,RETURNING,True,MDM,2019-10-26,2026-04-17 15:58:35.888286
3a3f8423-125a-40d2-8193-790baf3d51a7,CUST-2019-UK-001010,Kayleigh,Hunt,Kayleigh Hunt,Male,1994-11-08,kayleigh.hunt@yahoo.com,(0117) 4960458,"Studio 21y
Michelle tunnel",South Kathrynberg,Port Paige,IP66 9JS,UK,United Kingdom,EMEA,English,Consumer,None,2019-06-09,2019,RETURNING,True,MDM,2019-06-09,2026-04-17 15:58:35.888288
b108fc79-ac9e-4c9b-8430-d0b38ad05969,CUST-2019-UK-001669,Emily,Goodwin,Emily Goodwin,Female,1992-01-20,emily.goodwin@msn.com,(0113) 4960200,15 Baxter track,West Pauline,Elliottstad,B27 7YQ,UK,United Kingdom,EMEA,English,Business,Silver,2019-10-23,2019,RETURNING,True,MDM,2019-10-23,2026-04-17 15:58:35.888289
d6d8fa12-250c-42fd-af3d-b68ed8a1fd58,CUST-2020-UK-000358,Stewart,Haynes,Stewart Haynes,Male,1950-10-14,stewart.haynes67@msn.com,(0161)4960695,5 Eleanor stream,Savageborough,New Angela,RG31 3ST,UK,United Kingdom,EMEA,English,Consumer,Silver,2020-03-16,2020,RETURNING,True,MDM,2020-03-16 00:00:00,2026-04-17 15:58:35.888290
8f7fbda8-bc66-44ec-8765-fe3baa096a05,CUST-2019-UK-001948,Julie,James,Julie James,Female,1952-07-24,julie.james665@outlook.com,+44289018906,63 Lynda junction,Callumfort,Whitetown,L9A 9DH,UK,United Kingdom,EMEA,English,Consumer,Silver,2019-08-19,2019,RETURNING,True,MDM,2019-08-19,2026-04-17 15:58:35.888292
69a19fa2-136e-474a-a11b-566d3804344b,CUST-2020-UK-000642,Jean,Norton,Jean Norton,Male,2003-11-27,jean.norton@outlook.com,(0306) 9990409,3 Kaur trafficway,Lesleytown,Dylanland,LE6 7HS,UK,United Kingdom,EMEA,English,Consumer,None,2020-06-17,2020,RETURNING,True,MDM,2020-06-17 00:00:00,2026-04-17 15:58:35.888298
9fbbc870-51a6-4dff-a11e-1bedc2ec6a6d,CUST-2019-UK-002040,Jodie,Ali,Jodie Ali,Female,1971-05-28,jodie.ali@protonmail.com,+44(0)808 157 0212,246 Wilson branch,Joannaburgh,East Hannahburgh,E8T 5UT,UK,United Kingdom,EMEA,English,Consumer,None,2019-12-18,2019,RETURNING,True,MDM,2019-12-18,2026-04-17 15:58:35.888300
fb1d0a66-35bc-4445-9c1f-fb17df13d2ac,CUST-2019-UK-001233,Simon,Rahman,Simon Rahman,Female,1961-10-26,simon.rahman@yahoo.com,0117 496 0583,"Studio 84
Daniel parkway",Lake Marcus,New Gerard,IM6N 3PF,UK,United Kingdom,EMEA,English,Business,None,2019-03-09,2019,RETURNING,True,MDM,2019-03-09,2026-04-17 15:58:35.888302
f628a7b3-39c3-442a-82d2-6a29b572e64d,CUST-2019-UK-000849,Stanley,Wood,Stanley Wood,Male,1982-01-16,stanley.wood743@live.com,(0141) 4960315,"Studio 20
Burgess road",Naomiview,Kellystad,DN29 5AP,UK,United Kingdom,EMEA,English,Consumer,None,2019-02-25,2019,RETURNING,True,MDM,2019-02-25,2026-04-17 15:58:35.888304
12dd8784-10a5-44b4-b7a0-cb7bf18fde82,CUST-2020-UK-000327,Amanda,Gray,Amanda Gray,Female,1956-11-28,amanda.gray827@gmx.com,+44(0)909 8790339,65 Kaur cape,Barryfort,East Geraldside,HA8 7BU,UK,United Kingdom,EMEA,English,Consumer,Platinum,2020-01-30,2020,RETURNING,True,MDM,2020-01-30 00:00:00,2026-04-17 15:58:35.888311
249e3424-f972-4cde-81d7-3dc3ffed2305,CUST-2019-UK-001221,Jodie,Atkinson,Jodie Atkinson,Male,1955-05-09,jodie.atkinson@mail.com,+44(0)1514960626,"Studio 6
Rachael estates",Kayleighport,Port Jemma,W1 5NG,UK,United Kingdom,EMEA,English,Consumer,Platinum,2019-10-12,2019,RETURNING,True,MDM,2019-10-12,2026-04-17 15:58:35.888312
93555b13-bb32-41b0-86ce-feb6078b59a1,CUST-2019-UK-001681,Grace,Andrews,Grace Andrews,Female,2002-09-30,grace.andrews@mail.com,01184960483,870 Field curve,New Jillhaven,Mitchellton,CH9W 0NG,UK,United Kingdom,EMEA,English,Consumer,None,2019-12-27,2019,RETURNING,True,MDM,2019-12-27,2026-04-17 15:58:35.888314
ee8cc585-2f09-464a-b79c-2e5f6220d6f8,CUST-2019-UK-000372,Toby,Thomas,Toby Thomas,Male,1953-01-16,toby.thomas@protonmail.com,+44117 496 0235,825 Joanne loaf,East Carly,Farrellborough,W69 9XL,UK,United Kingdom,EMEA,English,Consumer,Platinum,2019-05-21,2019,RETURNING,True,MDM,2019-05-21,2026-04-17 15:58:35.888316
613c2239-b1ff-42b3-9e9b-d3ecd325d51e,CUST-2019-UK-000996,Charlene,Wilkins,Charlene Wilkins,Male,1980-01-21,charlene.wilkins@live.com,(01632) 960442,"Studio 6
James mountain",East Marc,Lake Mohammadfort,W4 5HB,UK,United Kingdom,EMEA,English,Business,Gold,2019-12-19,2019,RETURNING,True,MDM,2019-12-19,2026-04-17 15:58:35.888317
2f1cb750-df4a-42ff-b6ad-b24aa4124840,CUST-2019-UK-000120,Sara,Taylor,Sara Taylor,Female,2005-09-15,sara.taylor780@gmx.com,+4428 9018 0728,99 Claire underpass,Lake Stanleyport,East Charliebury,ML7 6PH,UK,United Kingdom,EMEA,English,Consumer,None,2019-04-03,2019,RETURNING,True,MDM,2019-04-03,2026-04-17 15:58:35.888319
c4bf293a-a496-4bcd-b621-cbba2d04b3a8,CUST-2019-UK-000612,Marie,Griffiths,Marie Griffiths,Male,1954-12-29,marie.griffiths250@yahoo.com,(0191)4960490,905 Adrian ridge,Pageburgh,Port Joanne,KY52 4LD,UK,United Kingdom,EMEA,English,Consumer,Gold,2019-03-01,2019,RETURNING,True,MDM,2019-03-01,2026-04-17 15:58:35.888320
d4b517c8-4c54-4421-947a-0a5f3a001c5a,CUST-2019-UK-000669,Wendy,Bell,Wendy Bell,Female,1984-04-07,wendy.bell545@yahoo.com,08081570406,7 Smith loaf,Conorton,Joycestad,W6 3ZU,UK,United Kingdom,EMEA,English,Consumer,Silver,2019-04-23,2019,RETURNING,True,MDM,2019-04-23,2026-04-17 15:58:35.888322
24c2f925-5cda-4ebd-ba99-f571614f05fd,CUST-2019-UK-000290,Josephine,Smith,Josephine Smith,Female,1983-09-17,josephine.smith@hotmail.com,(0151)4960960,33 Nicole vista,Jasonton,West Sandrafort,FK9 0LE,UK,United Kingdom,EMEA,English,Business,None,2019-11-06,2019,RETURNING,True,MDM,2019-11-06,2026-04-17 15:58:35.888324
5c582377-560d-4080-a796-cfdc952be456,CUST-2019-UK-002000,Charles,Kemp,Charles Kemp,Male,1992-01-02,charles.kemp@protonmail.com,(0909)8790594,"Flat 38m
David vista",New Sophiebury,Port Ashleighville,S3U 6BF,UK,United Kingdom,EMEA,English,Consumer,Gold,2019-11-11,2019,RETURNING,True,MDM,2019-11-11,2026-04-17 15:58:35.888330
3c71c161-cce9-4e5c-bf71-d4df02de8c12,CUST-2019-UK-000656,Rita,Marsh,Rita Marsh,Female,1995-05-18,rita.marsh@aol.com,+44(0)118 4960949,"Studio 8
Joshua motorway",New Elaineside,Bradleyland,N53 9JR,UK,United Kingdom,EMEA,English,Consumer,Gold,2019-06-04,2019,RETURNING,True,MDM,2019-06-04,2026-04-17 15:58:35.888331
f1752ed5-dcff-4f90-a0a8-bd2918ddf90c,CUST-2019-UK-000400,Melissa,Russell,Melissa Russell,Male,1971-08-02,melissa.russell@msn.com,+44(0)116 4960674,"Studio 81
David squares",Taylorland,East Nicolachester,S44 5AS,UK,United Kingdom,EMEA,English,Education,Silver,2019-02-23,2019,RETURNING,True,MDM,2019-02-23,2026-04-17 15:58:35.888333
1e84ec94-48fb-4485-b1cc-d0f43e3d3464,CUST-2020-UK-000479,Barbara,Harper,Barbara Harper,Male,1985-10-18,barbara.harper785@gmail.com,+44(0)151 4960429,"Studio 11
Kelly drives",New Valerie,South Grahamville,L78 9YU,UK,United Kingdom,EMEA,English,Consumer,Gold,2020-08-12,2020,RETURNING,True,MDM,2020-08-12 00:00:00,2026-04-17 15:58:35.888335
3c4de2ed-80d3-4446-a099-8f383345a191,CUST-2019-UK-001712,Joyce,Hewitt,Joyce Hewitt,Male,1967-10-24,joyce.hewitt708@live.com,+44151 496 0469,61 Dawn flats,New Samberg,Stanleyborough,TR1 2FG,UK,United Kingdom,EMEA,English,Consumer,None,2019-03-19,2019,RETURNING,True,MDM,2019-03-19,2026-04-17 15:58:35.888337
0ef03f90-9248-4b30-a244-d6979a74ff3d,CUST-2020-UK-000695,Julia,Richardson,Julia Richardson,Female,1981-04-15,julia.richardson@gmx.com,+44114 4960379,6 Williams knolls,South Kateton,Alexandrafort,N3K 3YB,UK,United Kingdom,EMEA,English,Business,None,2020-02-09,2020,RETURNING,True,MDM,2020-02-09 00:00:00,2026-04-17 15:58:35.888339
f33162c6-e070-4a2b-b6c1-98631c498b7d,CUST-2020-UK-000233,Sheila,Oliver,Sheila Oliver,Female,1986-04-13,sheila.oliver@protonmail.com,+44116 496 0774,"Studio 83A
Callum cape",Swiftborough,Lake Chloe,LD48 4ZR,UK,United Kingdom,EMEA,English,Education,None,2020-03-14,2020,RETURNING,True,MDM,2020-03-14 00:00:00,2026-04-17 15:58:35.888341
86df8f92-462e-4b6c-9d29-06d584f48894,CUST-2019-UK-002123,Frances,Naylor,Frances Naylor,Female,1980-02-23,frances.naylor43@gmail.com,(0141)4960918,3 Jessica pike,Watsonmouth,Oliverton,DD0 3HT,UK,United Kingdom,EMEA,English,Consumer,Silver,2019-05-12,2019,RETURNING,True,MDM,2019-05-12,2026-04-17 15:58:35.888347
1d8083f9-971b-4267-9368-4c1e3b31eb70,CUST-2019-UK-001317,Craig,Wilkinson,Craig Wilkinson,Male,1965-11-09,craig.wilkinson@mail.com,+44(0)118 4960977,"Flat 81G
Callum island",Brownland,New Matthew,EN4 7TY,UK,United Kingdom,EMEA,English,Consumer,Platinum,2019-07-02,2019,RETURNING,True,MDM,2019-07-02,2026-04-17 15:58:35.888348
b40e1e2a-fe67-47c9-a79a-437fe5e373f0,CUST-2020-UK-000613,Jay,Peters,Jay Peters,Male,1977-05-14,jay.peters@gmx.com,+44118 496 0172,"Studio 76K
Lynda keys",Michelleshire,West Richardfort,CO80 3JN,UK,United Kingdom,EMEA,English,Consumer,None,2020-02-09,2020,RETURNING,True,MDM,2020-02-09 00:00:00,2026-04-17 15:58:35.888351
a5cbffa5-7b5e-4981-a567-650e2dd51ef4,CUST-2019-UK-000520,Richard,Jones,Richard Jones,Male,1982-12-22,richard.jones@yahoo.com,0808 1570803,533 Ahmed drive,Justinport,Port Gail,RG8 3RF,UK,United Kingdom,EMEA,English,Education,Silver,2019-04-11,2019,RETURNING,True,MDM,2019-04-11,2026-04-17 15:58:35.888353
9de703ff-b2e6-4c17-bf1c-63cf2f325ff0,CUST-2019-UK-001583,Pamela,Glover,Pamela Glover,Female,1954-09-15,pamela.glover@outlook.com,+44(0)113 496 0501,54 Elliott lane,Markberg,Simmonsfurt,EN01 6YX,UK,United Kingdom,EMEA,English,Consumer,Gold,2019-06-04,2019,RETURNING,False,MDM,2019-06-04,2026-04-17 15:58:35.888354
4e252e38-787d-4481-808f-935571874634,CUST-2019-UK-001524,Adrian,Cole,Adrian Cole,Male,1982-12-16,adrian.cole@msn.com,(0117) 496 0800,"Flat 58
Mary lake",South Leslie,Kevinborough,BL3 3XX,UK,United Kingdom,EMEA,English,Business,None,2019-02-22,2019,RETURNING,True,MDM,2019-02-22,2026-04-17 15:58:35.888356
62d885d9-0489-4e98-b699-3f97568085ad,CUST-2019-UK-002171,Lynn,Powell,Lynn Powell,Female,1964-11-02,lynn.powell@mail.com,+44(0)29 2018945,"Flat 0
Chadwick island",Harrisland,Wendyberg,SS4 0ES,UK,United Kingdom,EMEA,English,Consumer,Platinum,2019-07-13,2019,RETURNING,True,MDM,2019-07-13,2026-04-17 15:58:35.888358
3afe2cac-6be0-41d1-9cbd-07987088062d,CUST-2019-UK-000536,Kenneth,Evans,Kenneth Evans,Male,1980-11-24,kenneth.evans@hotmail.com,(0161) 496 0719,"Flat 70
Steele island",East David,Willishaven,CV9 5TQ,UK,United Kingdom,EMEA,English,Consumer,Silver,2019-07-10,2019,RETURNING,False,MDM,2019-07-10,2026-04-17 15:58:35.888359
d3602f0d-26e0-429e-87ec-eed231afae59,CUST-2020-UK-000405,Damian,Brown,Damian Brown,Female,1976-03-24,damian.brown@mail.com,+44(0)1914960927,8 Diane freeway,Cherylland,Brownmouth,N4 1YQ,UK,United Kingdom,EMEA,English,Consumer,None,2020-12-25,2020,RETURNING,True,MDM,2020-12-25 00:00:00,2026-04-17 15:58:35.888365
7f77bb4d-6a91-41e2-9b84-ac3cfdf284c4,CUST-2020-UK-000580,Elaine,Crawford,Elaine Crawford,Female,1976-06-02,elaine.crawford711@msn.com,+441164960049,"Studio 9
Payne extensions",Lake Sophieburgh,North Jordanberg,S8 0PQ,UK,United Kingdom,EMEA,English,Business,None,2020-03-31,2020,RETURNING,True,MDM,2020-03-31 00:00:00,2026-04-17 15:58:35.888368
61724a24-8377-438f-801c-5e7d780c7f32,CUST-2019-UK-000724,Francesca,Barker,Francesca Barker,Female,1971-11-04,francesca.barker902@aol.com,+44(0)113 4960792,4 Billy greens,New Allan,Whiteport,W8S 0DS,UK,United Kingdom,EMEA,English,Consumer,Gold,2019-06-11,2019,RETURNING,True,MDM,2019-06-11,2026-04-17 15:58:35.888369
459fb35b-8e48-4c42-a555-cf86421fe088,CUST-2020-UK-000528,Anna,Foster,Anna Foster,Male,1960-08-10,anna.foster@live.com,0131 496 0777,"Studio 41f
Brenda mountains",Hardingbury,South Jade,L2H 8ET,UK,United Kingdom,EMEA,English,Education,Platinum,2020-09-28,2020,RETURNING,True,MDM,2020-09-28 00:00:00,2026-04-17 15:58:35.888371
1d0b3928-518b-40eb-a892-b5ee5bab7593,CUST-2020-UK-000510,Alan,Francis,Alan Francis,Male,1978-04-15,alan.francis@aol.com,+44191 4960377,629 Carpenter crest,South Normanland,Lake Elizabethstad,SL69 2EJ,UK,United Kingdom,EMEA,English,Consumer,None,2020-11-01,2020,RETURNING,True,MDM,2020-11-01 00:00:00,2026-04-17 15:58:35.888373
11cadc45-b73e-4fb3-9300-6f4d842f7a78,CUST-2019-UK-000691,Christopher,Haynes,Christopher Haynes,Female,1969-12-17,christopher.haynes@outlook.com,+44(0)121 496 0247,51 Moore run,Fordburgh,West Lindafurt,L29 5ZX,UK,United Kingdom,EMEA,English,Consumer,None,2019-06-27,2019,RETURNING,True,MDM,2019-06-27,2026-04-17 15:58:35.888374
737a73f3-6962-44ea-be93-ba448b28c72b,CUST-2020-UK-000653,Raymond,McKenzie,Raymond McKenzie,Male,1966-10-22,raymond.mckenzie@aol.com,+44(0)292018656,00 Carr run,Wardview,Singhview,IM7 2LT,UK,United Kingdom,EMEA,English,Business,Platinum,2020-12-19,2020,RETURNING,True,MDM,2020-12-19 00:00:00,2026-04-17 15:58:35.888376
b091bfc2-0d75-4646-8260-095bc6a9d173,CUST-2020-UK-000155,Jessica,Young,Jessica Young,Female,2004-03-03,jessica.young@msn.com,(0121) 4960971,10 Johnston plains,Justinton,West Natalieside,LE2 5WE,UK,United Kingdom,EMEA,English,Consumer,None,2020-05-01,2020,RETURNING,False,MDM,2020-05-01 00:00:00,2026-04-17 15:58:35.888378
6aec9197-6852-445a-8805-29cc3f6f9e7b,CUST-2019-UK-000488,Danny,Harding,Danny Harding,Female,1969-03-26,danny.harding@live.com,01914960709,"Flat 0
Chapman avenue",Port Malcolm,Chambersport,S06 8NR,UK,United Kingdom,EMEA,English,Business,None,2019-09-18,2019,RETURNING,True,MDM,2019-09-18,2026-04-17 15:58:35.888383
c877822e-1f7b-4991-a2b7-924b78b94263,CUST-2020-UK-000726,Owen,Stanley,Owen Stanley,Female,1973-06-28,owen.stanley372@mail.com,(0141)4960873,8 Reed forges,South Rachaelshire,Richardschester,M0K 1BB,UK,United Kingdom,EMEA,English,Business,Platinum,2020-02-04,2020,RETURNING,True,MDM,2020-02-04 00:00:00,2026-04-17 15:58:35.888385
a13188ec-8da2-466e-93fd-b370879efad0,CUST-2020-UK-000403,John,Simpson,John Simpson,Male,2000-04-01,john.simpson@zoho.com,+44(0)909 879 0354,"Studio 29B
Barry court",West Jean,Port Max,B6B 7PD,UK,United Kingdom,EMEA,English,Consumer,Silver,2020-07-27,2020,RETURNING,True,MDM,2020-07-27 00:00:00,2026-04-17 15:58:35.888387
467978d9-663e-419e-9fed-0524ca1bd35e,CUST-2019-UK-000450,Donna,Shaw,Donna Shaw,Male,1980-04-13,donna.shaw695@icloud.com,02074960624,653 Hayward alley,West Mathew,South Sara,G11 4WN,UK,United Kingdom,EMEA,English,Consumer,None,2019-08-08,2019,RETURNING,True,MDM,2019-08-08,2026-04-17 15:58:35.888388
df0fe8ec-c7d8-46e7-9365-2afd10dfc636,CUST-2019-UK-001611,Louise,Green,Louise Green,Female,1973-11-12,louise.green@protonmail.com,+44(0)116 496 0875,880 Fraser mountain,Ballbury,Bethanview,B41 1ER,UK,United Kingdom,EMEA,English,Consumer,None,2019-11-21,2019,RETURNING,True,MDM,2019-11-21,2026-04-17 15:58:35.888390
a8169837-c120-411d-8587-ee97bb6348bf,CUST-2019-UK-000194,Shaun,Knight,Shaun Knight,Female,1972-08-23,shaun.knight271@zoho.com,(0116) 496 0254,532 Patrick track,West Tonychester,East Connorchester,N9 7ST,UK,United Kingdom,EMEA,English,Business,None,2019-07-27,2019,RETURNING,True,MDM,2019-07-27,2026-04-17 15:58:35.888392
307ce171-1ab4-4abc-b830-8caae1cf3378,CUST-2020-UK-000184,Carol,Jenkins,Carol Jenkins,Female,1979-12-13,carol.jenkins@protonmail.com,+441144960513,"Studio 49P
Damien villages",Johnsonbury,South Patriciachester,W09 1YJ,UK,United Kingdom,EMEA,English,Consumer,Silver,2020-12-11,2020,RETURNING,True,MDM,2020-12-11 00:00:00,2026-04-17 15:58:35.888394
8d9a73f1-b8b9-4870-8f5d-a6b745cf7211,CUST-2019-UK-000894,Stacey,Ward,Stacey Ward,Male,2005-06-05,stacey.ward@gmail.com,+44151 4960932,67 Elliot motorway,Ballborough,Port Joanna,G76 3GW,UK,United Kingdom,EMEA,English,Business,None,2019-12-20,2019,RETURNING,True,MDM,2019-12-20,2026-04-17 15:58:35.888396
60a4a3b2-05b1-4f80-b147-fe620fc25bfd,CUST-2020-UK-000323,Joe,Ball,Joe Ball,Female,1998-06-06,joe.ball@msn.com,+4420 74960174,89 Smith heights,New Francescachester,Youngborough,S2T 7GA,UK,United Kingdom,EMEA,English,Consumer,None,2020-02-14,2020,RETURNING,True,MDM,2020-02-14 00:00:00,2026-04-17 15:58:35.888401
96dc7b30-d368-414c-9d0a-b936fb712d48,CUST-2020-UK-000021,Aimee,Knight,Aimee Knight,Male,1983-05-02,aimee.knight@icloud.com,+44(0)121 4960026,"Flat 12g
Talbot lane",Port Denise,Robinfurt,TA9 2BG,UK,United Kingdom,EMEA,English,Consumer,Gold,2020-01-01,2020,RETURNING,True,MDM,2020-01-01 00:00:00,2026-04-17 15:58:35.888403
bb2b9fd9-e462-48c9-93bc-ff1f157d3473,CUST-2019-UK-000636,Kerry,Shah,Kerry Shah,Male,1965-03-03,kerry.shah232@protonmail.com,0114 496 0040,"Studio 20u
Sylvia centers",Leslieside,Williamsland,PH5 8LG,UK,United Kingdom,EMEA,English,Consumer,Gold,2019-10-22,2019,RETURNING,True,MDM,2019-10-22,2026-04-17 15:58:35.888404
e016f50c-f24b-40c2-ac75-1fd803e44d34,CUST-2020-UK-000650,Lisa,O'Sullivan,Lisa O'Sullivan,Female,1954-01-20,lisa.o'sullivan578@gmail.com,+44(0)113 496 0479,"Studio 53K
Fiona mount",East Jade,West Bethany,S1 9NT,UK,United Kingdom,EMEA,English,Consumer,Gold,2020-03-02,2020,RETURNING,True,MDM,2020-03-02 00:00:00,2026-04-17 15:58:35.888406
8caff482-f205-44ae-8e44-a2d3b76e7552,CUST-2020-UK-000641,Bernard,Barton,Bernard Barton,Male,2000-06-04,bernard.barton@yahoo.com,+44(0)1314960694,21 Harris junction,Kyleside,Robertfort,FK16 7PD,UK,United Kingdom,EMEA,English,Consumer,None,2020-05-07,2020,RETURNING,True,MDM,2020-05-07 00:00:00,2026-04-17 15:58:35.888408
a2dea204-1720-4841-a996-9779f86beb4d,CUST-2019-UK-000472,Laura,Roberts,Laura Roberts,Female,1958-07-15,laura.roberts@msn.com,0131 496 0398,00 Bryan lake,Peterburgh,Carlshire,IM5 2GH,UK,United Kingdom,EMEA,English,Consumer,None,2019-10-17,2019,RETURNING,True,MDM,2019-10-17,2026-04-17 15:58:35.888410
4a66959f-d71a-415b-a767-4543ec9d612f,CUST-2020-UK-000011,Debra,Lewis,Debra Lewis,Male,2007-01-14,debra.lewis@protonmail.com,09098790544,"Studio 1
Jones points",West Andrewview,Robertsmouth,SA8 1TU,UK,United Kingdom,EMEA,English,Consumer,None,2020-03-19,2020,RETURNING,False,MDM,2020-03-19 00:00:00,2026-04-17 15:58:35.888411
a637dce2-851d-48f3-a90c-945a039820af,CUST-2019-UK-000117,Pamela,Ross,Pamela Ross,Male,1974-12-01,pamela.ross974@protonmail.com,+44161 496 0451,"Studio 7
Stephanie springs",Port Geoffreyborough,Knowlesberg,W67 1JA,UK,United Kingdom,EMEA,English,Business,Gold,2019-02-25,2019,RETURNING,True,MDM,2019-02-25,2026-04-17 15:58:35.888413
f7ea1a2f-79d8-4671-b45b-8340c43017ac,CUST-2019-UK-001865,Stanley,Davidson,Stanley Davidson,Male,1990-03-09,stanley.davidson@hotmail.com,+44306 9990060,49 Gordon via,Rachaelstad,North Billy,L82 9QW,UK,United Kingdom,EMEA,English,Consumer,Platinum,2019-05-19,2019,RETURNING,True,MDM,2019-05-19,2026-04-17 15:58:35.888418
061b4716-3af6-4916-9152-88c79d934d7f,CUST-2019-UK-000637,Karl,Johnson,Karl Johnson,Male,1970-10-15,karl.johnson@zoho.com,(0118) 4960754,"Studio 89U
Chamberlain view",West Jake,Harveyborough,S92 8BE,UK,United Kingdom,EMEA,English,Consumer,None,2019-04-02,2019,RETURNING,True,MDM,2019-04-02,2026-04-17 15:58:35.888420
b958e8ae-7bf4-4e84-b9b8-3ce3804ceac4,CUST-2019-UK-001238,Guy,Andrews,Guy Andrews,Female,2000-02-09,guy.andrews@live.com,01164960503,6 Austin walks,North Ronald,South Mandy,LD49 8BP,UK,United Kingdom,EMEA,English,Consumer,None,2019-12-19,2019,RETURNING,False,MDM,2019-12-19,2026-04-17 15:58:35.888423
b202ddab-8ae1-4ef5-b83f-7e05b71a1896,CUST-2019-UK-001648,Fiona,Ross,Fiona Ross,Female,1959-09-05,fiona.ross@outlook.com,(0117) 496 0709,54 Natalie dale,Lake Michelle,East Ireneborough,PE5 5AX,UK,United Kingdom,EMEA,English,Consumer,None,2019-05-09,2019,RETURNING,True,MDM,2019-05-09,2026-04-17 15:58:35.888425
f5113e48-5247-44cc-b378-2988a62f536e,CUST-2020-UK-000545,Abigail,Evans,Abigail Evans,Female,1970-03-06,abigail.evans@hotmail.com,(0808)1570902,"Studio 76F
Collins drive",Port Ryanshire,South Frederickborough,N1 6UD,UK,United Kingdom,EMEA,English,Consumer,Gold,2020-01-17,2020,RETURNING,True,MDM,2020-01-17 00:00:00,2026-04-17 15:58:35.888426
417caf6d-11f7-433a-9265-f6728880e29e,CUST-2019-UK-000143,Holly,Dixon,Holly Dixon,Male,1959-02-05,holly.dixon@gmail.com,+4420 7496 0054,"Flat 27
Sandra spring",Port Louiseside,North Harry,G8D 6UB,UK,United Kingdom,EMEA,English,Consumer,Gold,2019-02-01,2019,RETURNING,True,MDM,2019-02-01,2026-04-17 15:58:35.888428
931d4cb5-9059-4bc7-bbca-44206805ea6a,CUST-2020-UK-000024,Alexandra,Higgins,Alexandra Higgins,Female,1982-12-09,alexandra.higgins290@msn.com,+44(0)118 4960204,35 Butcher parks,Port Glenn,Pritchardview,IM1A 6BA,UK,United Kingdom,EMEA,English,Consumer,Silver,2020-03-14,2020,RETURNING,True,MDM,2020-03-14 00:00:00,2026-04-17 15:58:35.888430
02c62446-8952-4b1b-a599-dd3ffbad1ac9,CUST-2019-UK-000787,Graeme,Anderson,Graeme Anderson,Male,1958-07-23,graeme.anderson@gmx.com,(0116) 496 0127,"Studio 80
Eileen flats",Lake June,Bethhaven,G3 7SB,UK,United Kingdom,EMEA,English,Consumer,None,2019-03-22,2019,RETURNING,True,MDM,2019-03-22,2026-04-17 15:58:35.888431
1783e906-31e6-45a8-8d69-912f032c9d68,CUST-2019-UK-002022,Timothy,Turner,Timothy Turner,Female,2002-11-24,timothy.turner434@gmx.com,(0909) 879 0612,"Studio 22E
Brown parks",New Henryshire,Port Pamela,HX2B 8EY,UK,United Kingdom,EMEA,English,Business,Gold,2019-01-02,2019,RETURNING,True,MDM,2019-01-02,2026-04-17 15:58:35.888433
efc31f44-adfc-424e-8812-19bd166b59d0,CUST-2019-UK-000613,Chloe,Gibson,Chloe Gibson,Male,1980-05-28,chloe.gibson@aol.com,+4420 74960601,"Flat 55
Stephen orchard",North Dominicshire,Lake Michelle,SA6 7NQ,UK,United Kingdom,EMEA,English,Consumer,None,2019-07-17,2019,RETURNING,True,MDM,2019-07-17,2026-04-17 15:58:35.888435
47bc6a74-003a-4f90-abb0-5f7a1d85c678,CUST-2019-UK-001015,Catherine,Greenwood,Catherine Greenwood,Female,1973-03-15,catherine.greenwood@outlook.com,+44(0)1632 960516,6 Peacock shore,East Pamelafort,Haywardton,EN8 3XT,UK,United Kingdom,EMEA,English,Business,None,2019-09-04,2019,RETURNING,True,MDM,2019-09-04,2026-04-17 15:58:35.888436
55ec6beb-1a4b-4429-8777-3b54aacc56f6,CUST-2019-UK-001323,Leanne,Wood,Leanne Wood,Male,1999-02-16,leanne.wood363@zoho.com,0151 4960180,2 Simon greens,Arthurport,Daleshire,M0 1WB,UK,United Kingdom,EMEA,English,Consumer,Gold,2019-03-02,2019,RETURNING,True,MDM,2019-03-02,2026-04-17 15:58:35.888442
ac7ff215-1a28-46f9-a1fa-48af8e2e372a,CUST-2019-UK-001094,Sian,Thomas,Sian Thomas,Female,2004-10-07,sian.thomas@zoho.com,+443069990207,4 Dennis dam,West Jennifer,North Lorrainebury,DA9R 6JU,UK,United Kingdom,EMEA,English,Business,None,2019-10-04,2019,RETURNING,True,MDM,2019-10-04,2026-04-17 15:58:35.888444
0ceb9eb7-a497-46cb-8f74-7c7d5c1c704b,CUST-2019-UK-000464,Robert,Smith,Robert Smith,Female,1982-06-27,robert.smith@aol.com,0121 4960916,39 Johnson dale,Julianchester,Dylanmouth,LN31 9PX,UK,United Kingdom,EMEA,English,Consumer,None,2019-10-08,2019,RETURNING,True,MDM,2019-10-08,2026-04-17 15:58:35.888446
246db51e-2e41-4f86-8076-07f012e9d61b,CUST-2019-UK-000564,Nicole,Moore,Nicole Moore,Female,1982-06-12,nicole.moore@protonmail.com,(0808) 1570105,68 Reid unions,Collinsshire,Katymouth,E9 8QU,UK,United Kingdom,EMEA,English,Consumer,Gold,2019-12-04,2019,RETURNING,True,MDM,2019-12-04,2026-04-17 15:58:35.888447
1ad84847-4663-4090-9c21-959c6916c521,CUST-2020-UK-000102,Owen,Smith,Owen Smith,Male,1996-01-03,owen.smith@yahoo.com,+44141 496 0590,901 O'Neill port,Normantown,New Iain,HA7B 9YX,UK,United Kingdom,EMEA,English,Consumer,Platinum,2020-09-07,2020,RETURNING,True,MDM,2020-09-07 00:00:00,2026-04-17 15:58:35.888449
a194bc0f-b432-4c43-8083-71043cc38c8c,CUST-2019-UK-001597,Martyn,Ali,Martyn Ali,Female,1999-09-30,martyn.ali@yahoo.com,+44909 8790029,"Flat 4
Johnson crest",New Ruthmouth,Matthewsfurt,DN51 8AY,UK,United Kingdom,EMEA,English,Business,None,2019-09-15,2019,RETURNING,True,MDM,2019-09-15,2026-04-17 15:58:35.888451
90370964-ce10-473f-ac6c-993aa5713f13,CUST-2020-UK-000708,Martin,Chapman,Martin Chapman,Male,1995-03-20,martin.chapman@live.com,(0131) 496 0588,1 Chelsea cliffs,Hardyborough,Callumview,HS4 5NX,UK,United Kingdom,EMEA,English,Business,None,2020-01-29,2020,RETURNING,True,MDM,2020-01-29 00:00:00,2026-04-17 15:58:35.888453
6ea4a08d-8344-4999-8cfe-a357d727fc71,CUST-2019-UK-001319,Carole,Patel,Carole Patel,Female,1964-02-13,carole.patel236@outlook.com,+441174960551,470 Fiona port,West Ross,Barberberg,SS64 8TH,UK,United Kingdom,EMEA,English,Consumer,None,2019-02-28,2019,RETURNING,True,MDM,2019-02-28,2026-04-17 15:58:35.888455
d3e11a92-93bd-4fc5-ae46-1fd6c62784b0,CUST-2019-UK-000110,Mary,Taylor,Mary Taylor,Female,1961-11-16,mary.taylor917@aol.com,+44(0)1134960531,07 Russell overpass,East Debra,East Clareborough,M9 5FR,UK,United Kingdom,EMEA,English,Consumer,Gold,2019-12-14,2019,RETURNING,True,MDM,2019-12-14,2026-04-17 15:58:35.888457
cc036aff-c7ca-4763-8d4f-8771da0371de,CUST-2020-UK-000588,Christian,Lewis,Christian Lewis,Male,1990-02-03,christian.lewis@gmail.com,+44(0)1632 960 327,"Studio 26
Stewart forks",North Danielshire,Port Alexandramouth,PA2 1RW,UK,United Kingdom,EMEA,English,Consumer,Gold,2020-03-09,2020,RETURNING,True,MDM,2020-03-09 00:00:00,2026-04-17 15:58:35.888458
bd306a80-1a23-4b99-b124-6921e7f0c6eb,CUST-2019-UK-002028,Ronald,Joyce,Ronald Joyce,Female,1956-07-23,ronald.joyce@zoho.com,0808 1570268,"Flat 43H
Williams forest",Terryfurt,Allanport,SY8N 6WH,UK,United Kingdom,EMEA,English,Consumer,None,2019-04-15,2019,RETURNING,True,MDM,2019-04-15,2026-04-17 15:58:35.888460
7f3dda90-6490-4105-ad98-e48fb5822932,CUST-2019-UK-000791,Anna,Miller,Anna Miller,Male,1997-08-08,anna.miller@outlook.com,+44(0)1914960979,"Flat 91
Dean canyon",North Kayleighfort,Jonesmouth,L9H 0BH,UK,United Kingdom,EMEA,English,Business,Silver,2019-10-21,2019,RETURNING,True,MDM,2019-10-21,2026-04-17 15:58:35.888461
c47741e9-d5e4-4504-98cb-98c80781e2d7,CUST-2019-UK-002006,Jodie,Townsend,Jodie Townsend,Female,2003-09-15,jodie.townsend@zoho.com,+44(0)1632 960 728,"Flat 3
Phillip mews",West Geoffreyville,Lake Rhysmouth,DL51 9BE,UK,United Kingdom,EMEA,English,Consumer,None,2019-11-30,2019,RETURNING,True,MDM,2019-11-30,2026-04-17 15:58:35.888463
3f114b33-d5bf-4d5f-b2c6-7583276392ae,CUST-2019-UK-001256,Rebecca,Baxter,Rebecca Baxter,Male,2000-08-25,rebecca.baxter786@msn.com,+44(0)1154960139,"Studio 67
Christine circle",Lyndaside,Lake Jayne,HX88 4YE,UK,United Kingdom,EMEA,English,Consumer,None,2019-09-22,2019,RETURNING,True,MDM,2019-09-22,2026-04-17 15:58:35.888465
36087016-26b5-45c9-98bd-854b614454bc,CUST-2019-UK-002135,Stewart,Powell,Stewart Powell,Female,1991-12-20,stewart.powell363@yahoo.com,+44909 8790061,196 Julie hill,Howardport,Port Heatherhaven,N1W 1PT,UK,United Kingdom,EMEA,English,Consumer,None,2019-01-15,2019,RETURNING,True,MDM,2019-01-15,2026-04-17 15:58:35.888467
84d6502d-d160-43ac-be79-b60cb880fe00,CUST-2019-UK-001943,Georgia,Russell,Georgia Russell,Male,1972-11-07,georgia.russell843@zoho.com,+44(0)151 496 0218,"Flat 9
Alex village",South Raymondfurt,Walkerburgh,DY4R 1AQ,UK,United Kingdom,EMEA,English,Education,None,2019-07-27,2019,RETURNING,True,MDM,2019-07-27,2026-04-17 15:58:35.888473
47f4214d-3438-4482-97d4-add3eb264fc3,CUST-2019-UK-001050,Anthony,Mitchell,Anthony Mitchell,Male,1998-10-26,anthony.mitchell@live.com,+443069990172,"Flat 35e
Angela estate",Brettmouth,Hawkinsberg,W88 9LE,UK,United Kingdom,EMEA,English,Consumer,None,2019-09-04,2019,RETURNING,True,MDM,2019-09-04,2026-04-17 15:58:35.888475
fd815f70-40fd-4b76-9c43-8a2e0f968d96,CUST-2020-UK-000765,Gemma,Singh,Gemma Singh,Female,1966-12-08,gemma.singh384@hotmail.com,(0191) 496 0792,251 Beverley corner,West Mathewhaven,East Gavin,RG45 6XS,UK,United Kingdom,EMEA,English,Business,None,2020-01-21,2020,RETURNING,True,MDM,2020-01-21 00:00:00,2026-04-17 15:58:35.888477
f3abff04-59b5-4861-9a2c-a239fa7eded9,CUST-2019-UK-001124,Beth,Reynolds,Beth Reynolds,Male,1959-06-30,beth.reynolds@msn.com,+44(0)191 496 0220,"Studio 71F
Phillips summit",West Victorborough,Hallland,B4 9PX,UK,United Kingdom,EMEA,English,Consumer,Platinum,2019-12-02,2019,RETURNING,True,MDM,2019-12-02,2026-04-17 15:58:35.888479
982280f0-c367-42a1-ac8e-ebda4a2a8b96,CUST-2019-UK-000790,Hilary,Howard,Hilary Howard,Female,1951-10-23,hilary.howard@icloud.com,0116 4960595,"Flat 7
Hunt pike",Taylorton,Tomfurt,ME7X 3TA,UK,United Kingdom,EMEA,English,Consumer,None,2019-01-30,2019,RETURNING,True,MDM,2019-01-30,2026-04-17 15:58:35.888481
73e7dc7e-8cd2-4e44-a831-1208427b0b4f,CUST-2019-UK-002325,Ronald,Kelly,Ronald Kelly,Male,1951-03-23,ronald.kelly@msn.com,(0161)4960843,"Studio 9
Cole rest",Traceyberg,Thompsonview,M3B 3LN,UK,United Kingdom,EMEA,English,Consumer,None,2019-06-15,2019,RETURNING,True,MDM,2019-06-15,2026-04-17 15:58:35.888482
f61ef067-84ed-40bd-ad52-395f5fd9cbab,CUST-2020-UK-000326,Shirley,Wheeler,Shirley Wheeler,Male,1982-12-10,shirley.wheeler@yahoo.com,+44(0)116 496 0827,2 Archer crossing,South Shaun,Rileyshire,S9C 3AF,UK,United Kingdom,EMEA,English,Consumer,Silver,2020-12-06,2020,RETURNING,True,MDM,2020-12-06 00:00:00,2026-04-17 15:58:35.888484
37508f85-946b-4870-bffa-a2d1d76ceddf,CUST-2019-UK-000813,Bethan,Murphy,Bethan Murphy,Male,1968-10-03,bethan.murphy596@mail.com,+44(0)808 157 0878,"Studio 9
Pritchard spurs",North Lydiaside,New Beverleymouth,S7G 3FF,UK,United Kingdom,EMEA,English,Education,None,2019-01-24,2019,RETURNING,True,MDM,2019-01-24,2026-04-17 15:58:35.888486
63059139-8ee5-483f-b9dd-d2ba4ce1f688,CUST-2019-UK-001418,Graeme,Wright,Graeme Wright,Male,1983-04-04,graeme.wright821@gmail.com,0115 496 0202,"Flat 6
Griffiths stravenue",North Melissa,Dylanstad,G45 7QY,UK,United Kingdom,EMEA,English,Business,Gold,2019-02-03,2019,RETURNING,True,MDM,2019-02-03,2026-04-17 15:58:35.888487
bd7d264c-0a7e-40d0-a1e7-2462abeb2f38,CUST-2020-UK-000662,Stacey,Harris,Stacey Harris,Male,1990-03-09,stacey.harris@icloud.com,+44(0)28 9018163,"Studio 8
Lauren ville",Mohammadburgh,Donaldland,IG53 8QS,UK,United Kingdom,EMEA,English,Education,None,2020-03-26,2020,RETURNING,True,MDM,2020-03-26 00:00:00,2026-04-17 15:58:35.888489
fe1193c2-b8a2-496f-b8a9-e1b28a23ad3a,CUST-2019-UK-000731,Ricky,Ward,Ricky Ward,Female,1950-05-09,ricky.ward@gmail.com,+441632960642,809 Margaret glens,Lesliebury,Lawrenceton,TA2 8XD,UK,United Kingdom,EMEA,English,Consumer,None,2019-10-04,2019,RETURNING,True,MDM,2019-10-04,2026-04-17 15:58:35.888491
b12f6c03-a79f-42e5-ada4-d0ba257d937f,CUST-2019-UK-000404,Katherine,Jones,Katherine Jones,Male,1993-01-25,katherine.jones@hotmail.com,+443069990340,"Studio 53
Parsons haven",Susanshire,Stephenton,G2 7JB,UK,United Kingdom,EMEA,English,Consumer,Gold,2019-10-23,2019,RETURNING,True,MDM,2019-10-23,2026-04-17 15:58:35.888492
2d1db3d8-a356-43e9-83ae-8bfa339cd561,CUST-2020-UK-000348,Yvonne,Bailey,Yvonne Bailey,Male,1971-10-11,yvonne.bailey914@zoho.com,(0117)4960228,312 Jasmine shoal,Port Janet,Reecemouth,G7 2HQ,UK,United Kingdom,EMEA,English,Consumer,None,2020-11-13,2020,RETURNING,True,MDM,2020-11-13 00:00:00,2026-04-17 15:58:35.888494
8cbf6e81-659c-47db-8994-e2d3fcd60973,CUST-2019-UK-001852,Maurice,Parker,Maurice Parker,Male,1968-06-27,maurice.parker486@aol.com,+44(0)292018119,9 Bradshaw pines,North Adamberg,Gregoryside,E1D 5PZ,UK,United Kingdom,EMEA,English,Business,Silver,2019-04-26,2019,RETURNING,True,MDM,2019-04-26,2026-04-17 15:58:35.888496
76ff0711-9da2-41db-bd5f-9629b02bb7e9,CUST-2019-UK-002203,Amy,Douglas,Amy Douglas,Female,1955-05-22,amy.douglas251@aol.com,+44121 496 0513,362 Rebecca forge,South Sian,Reesmouth,CA30 6DL,UK,United Kingdom,EMEA,English,Consumer,Silver,2019-07-07,2019,RETURNING,True,MDM,2019-07-07,2026-04-17 15:58:35.888497
7b89c871-6694-4e33-b8a3-398e578e4c1a,CUST-2019-UK-000431,Roy,Forster,Roy Forster,Male,2000-05-01,roy.forster@yahoo.com,+44(0)1174960879,9 Glen burgs,West Shannon,Burnston,N0 3EH,UK,United Kingdom,EMEA,English,Consumer,Gold,2019-10-02,2019,RETURNING,True,MDM,2019-10-02,2026-04-17 15:58:35.888503
853e4c2a-6e4c-4c52-b2ca-093e2f3a0b2b,CUST-2020-UK-000565,Michelle,Williamson,Michelle Williamson,Female,1981-11-21,michelle.williamson@outlook.com,+44(0)1614960544,"Flat 5
Phillips road",Jenkinsland,Lake Anne,N8E 8QR,UK,United Kingdom,EMEA,English,Education,Silver,2020-11-19,2020,RETURNING,True,MDM,2020-11-19 00:00:00,2026-04-17 15:58:35.888504
0dc91523-6c61-4a86-8b48-c7aa435ec097,CUST-2019-UK-001653,Liam,Norman,Liam Norman,Female,1976-01-13,liam.norman@zoho.com,0191 4960412,326 Alex meadows,Welchborough,Fitzgeraldtown,SO30 4WF,UK,United Kingdom,EMEA,English,Education,None,2019-05-28,2019,RETURNING,True,MDM,2019-05-28,2026-04-17 15:58:35.888507
5feb7a7a-e5d7-4080-997e-bdff8e00a5ce,CUST-2020-UK-000566,Clare,Morris,Clare Morris,Female,1966-07-06,clare.morris@msn.com,(0909) 8790189,"Studio 2
Phillip points",East Heather,Keithland,WA4 5NE,UK,United Kingdom,EMEA,English,Consumer,Platinum,2020-02-16,2020,RETURNING,True,MDM,2020-02-16 00:00:00,2026-04-17 15:58:35.888508
9eb743e3-4ac5-4736-be0a-16cf2d1e37c9,CUST-2019-UK-001494,Douglas,Austin,Douglas Austin,Male,1958-11-27,douglas.austin@msn.com,0909 879 0619,"Studio 2
Robinson gardens",Maymouth,Rosieshire,TW68 6ZF,UK,United Kingdom,EMEA,English,Consumer,None,2019-08-05,2019,RETURNING,True,MDM,2019-08-05,2026-04-17 15:58:35.888510
52f49e13-5df8-437c-bf33-5da12a1b336d,CUST-2020-UK-000313,Sian,Taylor,Sian Taylor,Female,2001-05-25,sian.taylor496@gmail.com,(01632) 960 029,"Flat 0
Richardson forks",West Rebecca,South Katie,BR6P 7FE,UK,United Kingdom,EMEA,English,Consumer,Silver,2020-07-03,2020,RETURNING,True,MDM,2020-07-03 00:00:00,2026-04-17 15:58:35.888511
7333790e-eeca-4b25-9924-49f34d6fa474,CUST-2020-UK-000115,Joan,Cooper,Joan Cooper,Female,1967-11-21,joan.cooper301@gmail.com,0114 4960159,515 Turner groves,Arthurfort,Franciston,PL6 1NN,UK,United Kingdom,EMEA,English,Consumer,Silver,2020-01-04,2020,RETURNING,True,MDM,2020-01-04 00:00:00,2026-04-17 15:58:35.888513
57e0cc3b-a26c-4430-bf97-86c1848027a7,CUST-2019-UK-000831,Danielle,Lowe,Danielle Lowe,Female,1958-01-06,danielle.lowe@outlook.com,(0114)4960675,73 Matthews vista,North Lewis,South Frank,NR53 3RR,UK,United Kingdom,EMEA,English,Consumer,None,2019-11-06,2019,RETURNING,True,MDM,2019-11-06,2026-04-17 15:58:35.888515
29d25e98-ae38-4211-910b-56428ced0ecf,CUST-2019-UK-002063,Jodie,Davey,Jodie Davey,Female,1976-12-06,jodie.davey271@msn.com,+44(0)117 4960754,22 Brown crossroad,Yvonneton,East Tracey,E6U 8TZ,UK,United Kingdom,EMEA,English,Education,None,2019-04-02,2019,RETURNING,True,MDM,2019-04-02,2026-04-17 15:58:35.888517
9c2039bf-769f-42c4-b67d-f7980a695521,CUST-2019-UK-002103,Duncan,Jackson,Duncan Jackson,Male,1952-05-05,duncan.jackson@yahoo.com,+44(0)1914960404,"Studio 59E
Davis locks",Victorville,Abigailchester,L53 0QG,UK,United Kingdom,EMEA,English,Consumer,Platinum,2019-07-25,2019,RETURNING,True,MDM,2019-07-25,2026-04-17 15:58:35.888519
dc47764e-6795-4725-9712-9b9c70ad7626,CUST-2020-UK-000628,Oliver,Potter,Oliver Potter,Male,1982-06-17,oliver.potter@yahoo.com,029 2018 0271,"Studio 7
Phillips drives",Kellymouth,West Emilyton,BS0 7XB,UK,United Kingdom,EMEA,English,Consumer,Platinum,2020-01-02,2020,RETURNING,True,MDM,2020-01-02 00:00:00,2026-04-17 15:58:35.888520
96e44f2e-ef3e-4d03-87b1-d4266642bb1e,CUST-2019-UK-002205,Geraldine,Wright,Geraldine Wright,Female,1958-10-12,geraldine.wright@outlook.com,(028)9018204,67 Shah drive,Lake Kyle,Port Terry,L46 2GT,UK,United Kingdom,EMEA,English,Consumer,None,2019-12-19,2019,RETURNING,True,MDM,2019-12-19,2026-04-17 15:58:35.888522
a2bc93c7-a691-4d8c-9daf-e5af81b3d4f8,CUST-2020-UK-000768,Gregory,Blake,Gregory Blake,Female,2005-02-22,gregory.blake@live.com,+443069990142,91 Daniel points,Watkinsberg,North Carol,B4D 4BS,UK,United Kingdom,EMEA,English,Consumer,Silver,2020-03-07,2020,RETURNING,True,MDM,2020-03-07 00:00:00,2026-04-17 15:58:35.888523
badbbe00-c9d5-4932-82f8-da0be6608b3c,CUST-2019-UK-001277,Iain,Kelly,Iain Kelly,Male,1980-09-14,iain.kelly@gmx.com,+441314960732,01 Brandon spring,Chloeshire,West Anneborough,BN72 2AY,UK,United Kingdom,EMEA,English,Business,Gold,2019-05-18,2019,RETURNING,True,MDM,2019-05-18,2026-04-17 15:58:35.888525
b860790e-e83e-45f4-8d7a-88edf2eabfc5,CUST-2019-UK-001736,Amelia,George,Amelia George,Female,2004-10-29,amelia.george@aol.com,0116 496 0760,04 Sian vista,South Elaine,North Stacey,BT0M 9PT,UK,United Kingdom,EMEA,English,Consumer,None,2019-09-01,2019,RETURNING,True,MDM,2019-09-01,2026-04-17 15:58:35.888526
3871dbab-abe6-4eda-ae4d-75e078774051,CUST-2019-UK-000288,Kevin,Hunter,Kevin Hunter,Female,1965-10-13,kevin.hunter@icloud.com,+44(0)808 1570027,99 Watkins locks,East Lynda,Naomichester,N8 1RN,UK,United Kingdom,EMEA,English,Consumer,Silver,2019-09-25,2019,RETURNING,True,MDM,2019-09-25,2026-04-17 15:58:35.888528
4d551dae-fa41-43df-a9d1-31a9d75a7e20,CUST-2020-UK-000680,Shirley,Dennis,Shirley Dennis,Male,1967-02-23,shirley.dennis16@gmail.com,+44(0)1632 960 435,"Studio 27e
Brown trafficway",Richardsonchester,West Mitchellville,WV53 2FL,UK,United Kingdom,EMEA,English,Consumer,Silver,2020-09-04,2020,RETURNING,True,MDM,2020-09-04 00:00:00,2026-04-17 15:58:35.888529
60bc478e-d4c4-489a-88b1-27bfb1f637f2,CUST-2020-UK-000117,Nathan,Russell,Nathan Russell,Female,1951-07-05,nathan.russell@outlook.com,+44(0)1134960000,"Flat 6
Diana locks",West Beverley,Jordanmouth,E79 1UP,UK,United Kingdom,EMEA,English,Education,None,2020-11-17,2020,RETURNING,True,MDM,2020-11-17 00:00:00,2026-04-17 15:58:35.888531
7f63f0c9-e7c7-4ec5-b2ba-21d06c22b6db,CUST-2020-UK-000667,Hayley,Stephens,Hayley Stephens,Male,1972-07-18,hayley.stephens@msn.com,+44(0)141 4960503,94 Roberts mills,New Kimbury,Wadeton,B3K 6GH,UK,United Kingdom,EMEA,English,Business,None,2020-09-10,2020,RETURNING,True,MDM,2020-09-10 00:00:00,2026-04-17 15:58:35.888533
5e8b4bca-f2bd-4a52-831c-d29f4a4e7106,CUST-2020-UK-000605,Mathew,Ball,Mathew Ball,Male,1987-04-21,mathew.ball490@gmail.com,(0141) 496 0634,67 White parks,Shannonshire,Marianchester,S83 2DH,UK,United Kingdom,EMEA,English,Education,None,2020-09-04,2020,RETURNING,True,MDM,2020-09-04 00:00:00,2026-04-17 15:58:35.888535
fc25950d-e0ae-4e3e-b610-67e2dd6bc157,CUST-2019-UK-000762,Stacey,Kaur,Stacey Kaur,Female,1989-11-07,stacey.kaur@outlook.com,0909 8790756,046 Katy green,Dylanchester,West Traceystad,B2F 1HZ,UK,United Kingdom,EMEA,English,Consumer,Silver,2019-02-09,2019,RETURNING,True,MDM,2019-02-09,2026-04-17 15:58:35.888536
8f7fbfd9-94c4-4f20-90a5-5edc3e8b3c75,CUST-2020-UK-000630,Sharon,Williams,Sharon Williams,Female,1987-07-16,sharon.williams124@icloud.com,(0191) 496 0734,502 Tracy lane,Tuckerhaven,New Anthonymouth,NE3B 4FG,UK,United Kingdom,EMEA,English,Consumer,None,2020-08-27,2020,RETURNING,True,MDM,2020-08-27 00:00:00,2026-04-17 15:58:35.888538
f04b6db4-d32c-402f-a872-9d91c7d78658,CUST-2019-UK-001705,Julie,Norman,Julie Norman,Male,1976-11-22,julie.norman@protonmail.com,+44116 4960467,"Studio 34
Jones track",East Dawnland,Jonesborough,G00 8BE,UK,United Kingdom,EMEA,English,Consumer,None,2019-06-12,2019,RETURNING,True,MDM,2019-06-12,2026-04-17 15:58:35.888540
b35dc7bf-6b77-405d-ab7e-888a11f0e461,CUST-2019-UK-000001,Hannah,Murphy,Hannah Murphy,Female,1972-10-25,hannah.murphy601@yahoo.com,+44(0)1632960699,3 Baker trace,North Joanna,Stewartland,HG5W 9BZ,UK,United Kingdom,EMEA,English,Consumer,None,2019-12-12,2019,RETURNING,True,MDM,2019-12-12,2026-04-17 15:58:35.888542
67fbfcb0-9285-4bf6-be60-1a0fc97af959,CUST-2019-UK-001085,Timothy,West,Timothy West,Male,2003-04-09,timothy.west@msn.com,(0115) 4960900,"Flat 7
Clifford rapid",Keithton,Port Declanfurt,B88 5QA,UK,United Kingdom,EMEA,English,Consumer,Silver,2019-12-02,2019,RETURNING,True,MDM,2019-12-02,2026-04-17 15:58:35.888547
46f11213-049f-4276-87cf-e819015469fe,CUST-2020-UK-000209,Max,Pope,Max Pope,Male,1964-11-15,max.pope81@aol.com,0113 4960152,010 Amanda springs,South Henry,East Garryton,L3C 0EA,UK,United Kingdom,EMEA,English,Business,Silver,2020-07-30,2020,RETURNING,True,MDM,2020-07-30 00:00:00,2026-04-17 15:58:35.888548
e42c49fd-173a-4768-b233-604ee68f7a2b,CUST-2019-UK-001131,Amelia,Scott,Amelia Scott,Male,1965-08-20,amelia.scott@gmx.com,+44(0)808 157 0584,3 Williamson courts,Craigburgh,Staceystad,KA9B 5YB,UK,United Kingdom,EMEA,English,Education,Gold,2019-04-29,2019,RETURNING,True,MDM,2019-04-29,2026-04-17 15:58:35.888550
ff150ede-093c-4fd2-b8f5-f299f7d9c86c,CUST-2020-UK-000339,Graham,Morris,Graham Morris,Male,1975-12-02,graham.morris@outlook.com,+44(0)118 496 0024,497 Boyle center,Sheppardland,Walkerburgh,NG5 6XS,UK,United Kingdom,EMEA,English,Consumer,None,2020-05-04,2020,RETURNING,True,MDM,2020-05-04 00:00:00,2026-04-17 15:58:35.888552
aabc6b4e-0b8d-41b8-a716-4a0f47e376af,CUST-2020-UK-000581,Mohammad,Hyde,Mohammad Hyde,Female,1978-05-19,mohammad.hyde@gmail.com,+44191 496 0583,"Flat 4
Holland ferry",Declanside,Harrisonhaven,CA3Y 4GL,UK,United Kingdom,EMEA,English,Consumer,Gold,2020-09-30,2020,RETURNING,True,MDM,2020-09-30 00:00:00,2026-04-17 15:58:35.888554
7a62279a-a005-46cc-a494-2ca14648a7fc,CUST-2019-UK-001708,Eleanor,Simpson,Eleanor Simpson,Male,1996-01-22,eleanor.simpson@msn.com,(0306) 9990874,52 Lorraine branch,Baxterburgh,West Stacey,W2 7BT,UK,United Kingdom,EMEA,English,Education,Platinum,2019-11-13,2019,RETURNING,True,MDM,2019-11-13,2026-04-17 15:58:35.888555
0d400f4c-495d-4f06-b60a-f6572fc577c8,CUST-2019-UK-000411,Charlotte,Marsh,Charlotte Marsh,Female,2004-09-05,charlotte.marsh@aol.com,(01632)960499,717 Roberts branch,New Dianaview,South Geraldstad,E2T 3ET,UK,United Kingdom,EMEA,English,Consumer,None,2019-04-21,2019,RETURNING,True,MDM,2019-04-21,2026-04-17 15:58:35.888557
0b12bea1-0b05-4f51-81ef-36779ae30ffa,CUST-2020-UK-000147,Melanie,Walsh,Melanie Walsh,Female,1989-06-01,melanie.walsh494@yahoo.com,0116 4960101,7 Johnson square,Parryborough,North Conormouth,N0 2HN,UK,United Kingdom,EMEA,English,Consumer,Silver,2020-07-07,2020,RETURNING,True,MDM,2020-07-07 00:00:00,2026-04-17 15:58:35.888559
7459251f-3528-44fd-ab2a-5dd2ef5266a8,CUST-2019-UK-000205,Peter,Marsh,Peter Marsh,Male,1951-03-12,peter.marsh@msn.com,0118 496 0245,"Flat 38u
Davies fort",North Max,Parkerland,M9 8GZ,UK,United Kingdom,EMEA,English,Consumer,None,2019-02-09,2019,RETURNING,True,MDM,2019-02-09,2026-04-17 15:58:35.888565
68fa1329-08ef-40f8-851d-204a5b43f1f6,CUST-2019-UK-001320,Dawn,Wells,Dawn Wells,Female,2003-12-25,dawn.wells@aol.com,+44(0)1632960983,14 Gary trafficway,West Ameliaville,West Amelia,UB4 7XW,UK,United Kingdom,EMEA,English,Consumer,Silver,2019-09-12,2019,RETURNING,True,MDM,2019-09-12,2026-04-17 15:58:35.888566
c554f9b9-c599-4566-860c-d4115cbc9171,CUST-2019-UK-001183,Francesca,Smith,Francesca Smith,Male,1974-04-03,francesca.smith@mail.com,(0191)4960939,"Flat 7
Teresa harbors",Fryport,Port Rachaelbury,EX38 3DD,UK,United Kingdom,EMEA,English,Consumer,None,2019-04-26,2019,RETURNING,True,MDM,2019-04-26,2026-04-17 15:58:35.888568
1d1c441e-dcac-465d-8342-ce3e29dfc1a2,CUST-2019-UK-000119,Cameron,Wade,Cameron Wade,Female,1979-08-30,cameron.wade@protonmail.com,0292018718,"Studio 21
Marc dam",East Christopherville,Oliverborough,SY1A 0ZF,UK,United Kingdom,EMEA,English,Consumer,None,2019-02-20,2019,RETURNING,True,MDM,2019-02-20,2026-04-17 15:58:35.888570
2618f099-d9bb-47a9-930b-919e2deb6c22,CUST-2020-UK-000368,Robin,Dobson,Robin Dobson,Male,1965-08-23,robin.dobson@hotmail.com,+44131 4960761,535 Noble cliff,Bradleymouth,Woodburgh,GL6 7AU,UK,United Kingdom,EMEA,English,Consumer,None,2020-12-19,2020,RETURNING,True,MDM,2020-12-19 00:00:00,2026-04-17 15:58:35.888572
49a3e693-3c7c-49f0-a19d-692e8ee1212e,CUST-2020-UK-000584,Lydia,Davies,Lydia Davies,Female,1978-10-03,lydia.davies@gmail.com,09098790274,507 Aimee estate,Joneshaven,Susanberg,L8 8QD,UK,United Kingdom,EMEA,English,Consumer,Gold,2020-02-20,2020,RETURNING,True,MDM,2020-02-20 00:00:00,2026-04-17 15:58:35.888573
f487b23d-496a-4a49-8a90-cb1df84b7d40,CUST-2019-UK-000718,Jeremy,Atkins,Jeremy Atkins,Male,2007-02-15,jeremy.atkins@msn.com,+44909 879 0289,008 Leon view,East Ashleighview,Brownburgh,E59 3DL,UK,United Kingdom,EMEA,English,Business,Platinum,2019-01-31,2019,RETURNING,True,MDM,2019-01-31,2026-04-17 15:58:35.888575
4c6661ef-8d54-4082-8c7a-a004ace60762,CUST-2020-UK-000122,Anthony,Kelly,Anthony Kelly,Female,1960-06-02,anthony.kelly@gmail.com,01914960166,"Studio 19Q
Chadwick village",New Donna,Port Kirsty,E9 6GE,UK,United Kingdom,EMEA,English,Consumer,None,2020-10-22,2020,RETURNING,True,MDM,2020-10-22 00:00:00,2026-04-17 15:58:35.888576
18df857f-098e-461b-8bde-1762b1452d99,CUST-2020-UK-000593,Trevor,Singh,Trevor Singh,Female,1967-08-14,trevor.singh@protonmail.com,+44909 8790959,"Flat 6
Patricia light",South Jakeshire,West Maria,FY24 1AT,UK,United Kingdom,EMEA,English,Business,Gold,2020-08-01,2020,RETURNING,True,MDM,2020-08-01 00:00:00,2026-04-17 15:58:35.888581
165f4f22-d4c8-4b63-8c18-0ae4c1280d77,CUST-2019-UK-001381,Lynne,Hall,Lynne Hall,Male,1991-06-13,lynne.hall@icloud.com,+44(0)1632 960192,804 Lynch key,Josephland,East Martin,B85 3HF,UK,United Kingdom,EMEA,English,Consumer,None,2019-04-24,2019,RETURNING,True,MDM,2019-04-24,2026-04-17 15:58:35.888583
36e709af-427c-4437-ba5c-8c9d221c457a,CUST-2019-UK-002115,Paul,Dodd,Paul Dodd,Female,1968-04-06,paul.dodd443@icloud.com,(0141) 496 0544,06 Bennett river,Lake Janice,New Joseph,G1 6AJ,UK,United Kingdom,EMEA,English,Education,Silver,2019-04-01,2019,RETURNING,True,MDM,2019-04-01,2026-04-17 15:58:35.888585
9d16f0ad-4081-4998-bdc6-076ad7b05bdd,CUST-2019-UK-002013,Irene,Walker,Irene Walker,Female,1975-12-31,irene.walker@icloud.com,0141 4960379,"Flat 11
Wayne loaf",North Sara,Port Frederickchester,M74 3HS,UK,United Kingdom,EMEA,English,Consumer,None,2019-11-27,2019,RETURNING,True,MDM,2019-11-27,2026-04-17 15:58:35.888587
efd388ec-ba29-4695-896a-052d82b48886,CUST-2019-UK-000950,Simon,Cooper,Simon Cooper,Female,1954-04-16,simon.cooper@gmail.com,(029) 2018080,54 Wilson coves,Port Benjamin,South Yvonneland,B6C 2HJ,UK,United Kingdom,EMEA,English,Consumer,Platinum,2019-03-10,2019,RETURNING,True,MDM,2019-03-10,2026-04-17 15:58:35.888588
a078dd0b-45bb-4668-989a-ce3ceaf8df55,CUST-2020-UK-000010,Helen,Banks,Helen Banks,Female,1988-02-10,helen.banks905@gmx.com,(029)2018696,2 Joanna mountains,Danielleside,New Waynestad,SN5 8EY,UK,United Kingdom,EMEA,English,Business,None,2020-08-07,2020,RETURNING,True,MDM,2020-08-07 00:00:00,2026-04-17 15:58:35.888590
ccbb1e0e-7d55-49fc-ab86-c254a87a9c64,CUST-2019-UK-000591,Irene,Morley,Irene Morley,Male,2005-05-12,irene.morley@outlook.com,+4429 2018 0081,252 Adrian terrace,West Cherylport,West Nicole,L6B 1LQ,UK,United Kingdom,EMEA,English,Consumer,Gold,2019-05-10,2019,RETURNING,True,MDM,2019-05-10,2026-04-17 15:58:35.888592
c4e51476-4af1-4e95-9ce4-84c4836ff21a,CUST-2019-UK-000972,Katie,Day,Katie Day,Female,1996-08-09,katie.day@aol.com,(0161) 496 0638,650 Christine viaduct,Stephanieberg,South Mark,B2 7ZD,UK,United Kingdom,EMEA,English,Consumer,Silver,2019-01-24,2019,RETURNING,True,MDM,2019-01-24,2026-04-17 15:58:35.888593
ede4bb0c-1d30-4ba9-bcdd-a78632de22a7,CUST-2019-UK-000809,Simon,Lambert,Simon Lambert,Male,1998-08-12,simon.lambert27@outlook.com,+44(0)191 4960668,602 Carolyn mountain,Bentleybury,Chandlerstad,WN62 0SJ,UK,United Kingdom,EMEA,English,Consumer,None,2019-03-08,2019,RETURNING,True,MDM,2019-03-08,2026-04-17 15:58:35.888599
bde99d11-67ca-4c59-8d9c-21b3831649b9,CUST-2020-UK-000283,Sian,Thomas,Sian Thomas,Male,2002-06-07,sian.thomas@yahoo.com,+44118 4960456,"Flat 4
Williams islands",North Terrystad,Reidtown,S2U 7XU,UK,United Kingdom,EMEA,English,Consumer,Silver,2020-07-31,2020,RETURNING,True,MDM,2020-07-31 00:00:00,2026-04-17 15:58:35.888601
95c1dc69-16d8-4345-8a97-a16592326518,CUST-2020-UK-000455,Dorothy,Townsend,Dorothy Townsend,Female,2001-10-02,dorothy.townsend@protonmail.com,01414960864,"Studio 7
Kathryn burg",Barkerborough,Port Ellie,B10 3PG,UK,United Kingdom,EMEA,English,Consumer,None,2020-06-02,2020,RETURNING,True,MDM,2020-06-02 00:00:00,2026-04-17 15:58:35.888603
d6e87350-8543-4032-9212-a016b132c00c,CUST-2019-UK-001051,Harry,Young,Harry Young,Female,1998-10-10,harry.young486@zoho.com,(0121)4960133,79 Wells camp,Adrianfurt,Dixonton,S7 6UY,UK,United Kingdom,EMEA,English,Business,None,2019-11-11,2019,RETURNING,True,MDM,2019-11-11,2026-04-17 15:58:35.888605
4adfae2d-abe7-40b1-81f6-9ef48218e235,CUST-2019-UK-001244,Teresa,Pratt,Teresa Pratt,Male,1995-08-13,teresa.pratt818@protonmail.com,+441314960935,4 Natasha meadows,Manningview,Jemmatown,W3 2YD,UK,United Kingdom,EMEA,English,Consumer,Gold,2019-09-05,2019,RETURNING,True,MDM,2019-09-05,2026-04-17 15:58:35.888606
f1cfc279-9314-49c3-83cd-b68f609820b5,CUST-2020-UK-000271,Leslie,Thomas,Leslie Thomas,Female,1967-06-05,leslie.thomas@hotmail.com,+44289018616,145 Watson walks,Wilsonberg,Phillipston,BH7Y 9FH,UK,United Kingdom,EMEA,English,Business,Silver,2020-05-27,2020,RETURNING,True,MDM,2020-05-27 00:00:00,2026-04-17 15:58:35.888608
d144f3c2-e2c9-49ec-b2f4-cb88d0e5dda1,CUST-2019-UK-001137,Jack,Bennett,Jack Bennett,Female,1992-07-03,jack.bennett@outlook.com,+44808 157 0760,0 Sheppard loop,New Paulberg,Jamietown,JE8M 9RZ,UK,United Kingdom,EMEA,English,Consumer,None,2019-04-10,2019,RETURNING,True,MDM,2019-04-10,2026-04-17 15:58:35.888610
586cb918-76ce-4621-9724-c80dc4fada84,CUST-2019-UK-002058,Leanne,Charlton,Leanne Charlton,Male,1984-01-07,leanne.charlton@mail.com,+44(0)1632 960 532,"Studio 85W
Clark mountains",South Craig,Gardnermouth,N55 8WG,UK,United Kingdom,EMEA,English,Education,Silver,2019-11-19,2019,RETURNING,True,MDM,2019-11-19,2026-04-17 15:58:35.888611
e23f4da0-97ce-456e-8a59-ffde79a503bf,CUST-2020-UK-000276,Gerald,White,Gerald White,Male,1953-05-28,gerald.white@hotmail.com,(0116) 496 0945,50 Lynda mountain,Rebeccaside,North Carolynport,N5 3NS,UK,United Kingdom,EMEA,English,Consumer,Gold,2020-08-31,2020,RETURNING,True,MDM,2020-08-31 00:00:00,2026-04-17 15:58:35.888616
761d5467-44e0-43be-9f7a-0a8bfc41e5df,CUST-2019-UK-001735,Jacob,Fisher,Jacob Fisher,Female,1970-04-01,jacob.fisher@msn.com,+448081570526,0 Andrew drive,North Elliottfurt,Storeystad,IG80 1UT,UK,United Kingdom,EMEA,English,Consumer,None,2019-03-19,2019,RETURNING,True,MDM,2019-03-19,2026-04-17 15:58:35.888618
dd53dc34-b9f2-46ab-9200-851f19bfe98b,CUST-2019-UK-001423,Sam,Jackson,Sam Jackson,Male,1982-10-22,sam.jackson@icloud.com,+441214960778,"Flat 35
Ann village",Ballmouth,Melissaberg,BT6 0GD,UK,United Kingdom,EMEA,English,Consumer,None,2019-08-24,2019,RETURNING,True,MDM,2019-08-24,2026-04-17 15:58:35.888620
4d621760-991a-4914-8048-edf043fb0a5e,CUST-2019-UK-000679,Louis,Rogers,Louis Rogers,Female,1985-10-12,louis.rogers543@yahoo.com,(0114)4960222,"Studio 6
Jasmine points",Pollardchester,North Jodie,NR5 5LA,UK,United Kingdom,EMEA,English,Consumer,None,2019-12-20,2019,RETURNING,True,MDM,2019-12-20,2026-04-17 15:58:35.888622
a1cbede5-bfcc-4467-bba6-cb4903341860,CUST-2019-UK-001413,Joel,Lee,Joel Lee,Female,2005-05-13,joel.lee@protonmail.com,0808 1570952,"Studio 46R
Helen stream",East Stephanie,Eleanorburgh,S7C 0TN,UK,United Kingdom,EMEA,English,Education,Silver,2019-08-07,2019,RETURNING,True,MDM,2019-08-07,2026-04-17 15:58:35.888624
da9f0ae3-2e3a-4d8f-84d5-9fe9f37644ba,CUST-2019-UK-001424,Patrick,Barrett,Patrick Barrett,Male,1981-12-29,patrick.barrett@protonmail.com,+44113 4960877,"Studio 44j
Browne way",Lynnetown,Jenniferhaven,L57 2EP,UK,United Kingdom,EMEA,English,Consumer,Silver,2019-01-02,2019,RETURNING,True,MDM,2019-01-02,2026-04-17 15:58:35.888625
70540fd3-3a77-477a-b4ff-79537a2fdb26,CUST-2019-UK-001947,Kirsty,Smith,Kirsty Smith,Female,1955-04-09,kirsty.smith@outlook.com,(0115)4960047,"Flat 19z
Lewis bridge",Ronaldberg,Jessicaton,N3 5HY,UK,United Kingdom,EMEA,English,Consumer,None,2019-02-16,2019,RETURNING,True,MDM,2019-02-16,2026-04-17 15:58:35.888627
8353e504-51fc-4a52-bf09-8485a1c4a880,CUST-2020-UK-000463,Cameron,Hughes,Cameron Hughes,Female,1973-09-30,cameron.hughes@protonmail.com,(0117)4960415,"Studio 3
Jenna light",South Gailland,Wattsfurt,S04 5LT,UK,United Kingdom,EMEA,English,Education,Silver,2020-07-17,2020,RETURNING,True,MDM,2020-07-17 00:00:00,2026-04-17 15:58:35.888628
b0074bb7-8a1b-415a-aa6b-d9e94b74b79c,CUST-2019-UK-000272,Shaun,Johnson,Shaun Johnson,Male,1996-12-27,shaun.johnson256@msn.com,+44(0)1144960996,600 Hughes streets,Eileenmouth,West Dale,CA1 1ZN,UK,United Kingdom,EMEA,English,Consumer,Platinum,2019-04-13,2019,RETURNING,True,MDM,2019-04-13,2026-04-17 15:58:35.888634
0e43cec4-ea6b-48e8-b9a6-eb71179ec1f9,CUST-2019-UK-001488,Peter,Thomas,Peter Thomas,Male,1963-02-22,peter.thomas@zoho.com,(0808) 157 0096,737 Dyer lights,Howardtown,North Christopher,DG1 3ZX,UK,United Kingdom,EMEA,English,Consumer,None,2019-09-16,2019,RETURNING,True,MDM,2019-09-16,2026-04-17 15:58:35.888636
2ede17d3-ca87-4a47-bc08-cb15bbadd103,CUST-2019-UK-001755,Adam,Patel,Adam Patel,Male,1969-01-25,adam.patel591@aol.com,+44121 4960029,010 Dale parkway,South Tracy,Kathrynbury,DL7Y 9LR,UK,United Kingdom,EMEA,English,Education,None,2019-12-24,2019,RETURNING,True,MDM,2019-12-24,2026-04-17 15:58:35.888638
392037e3-07e2-4207-99f1-65032f8c9f1c,CUST-2019-UK-000509,Dean,Khan,Dean Khan,Male,2003-01-20,dean.khan575@hotmail.com,+44113 496 0180,"Studio 90
Linda lodge",Lynneview,Grayburgh,E2B 1NX,UK,United Kingdom,EMEA,English,Consumer,None,2019-09-05,2019,RETURNING,True,MDM,2019-09-05,2026-04-17 15:58:35.888640
0980ded4-2c86-4133-9257-53c4f5f4f3ab,CUST-2019-UK-002182,Margaret,Davey,Margaret Davey,Male,1993-01-16,margaret.davey@gmail.com,(0117) 4960319,92 Declan radial,Hannahland,New Holliefurt,M56 8NX,UK,United Kingdom,EMEA,English,Business,None,2019-08-16,2019,RETURNING,True,MDM,2019-08-16,2026-04-17 15:58:35.888642
8690dfc3-dbe9-4f0f-9f9d-650bb9ec559f,CUST-2020-UK-000036,Teresa,Hargreaves,Teresa Hargreaves,Male,2004-02-14,teresa.hargreaves@protonmail.com,+44(0)28 9018634,"Flat 4
Baker ports",Lake Charlotteport,Lake Charlotte,N1 3DG,UK,United Kingdom,EMEA,English,Consumer,None,2020-10-24,2020,RETURNING,True,MDM,2020-10-24 00:00:00,2026-04-17 15:58:35.888644
0c490048-3aca-4f12-ae6b-9a8ebb3ed54e,CUST-2019-UK-002321,Christian,Owens,Christian Owens,Male,1978-01-22,christian.owens@aol.com,+44161 4960669,266 Clive locks,New Samstad,Clarkeburgh,TA3 0XR,UK,United Kingdom,EMEA,English,Consumer,Gold,2019-10-13,2019,RETURNING,True,MDM,2019-10-13,2026-04-17 15:58:35.888646
23ef6da7-6b61-4257-89bc-efbd9ecdd570,CUST-2020-UK-000079,Lynn,Gill,Lynn Gill,Female,1973-12-31,lynn.gill@yahoo.com,020 74960216,3 Hilary drive,Briggsburgh,Pamelaview,G3K 5DH,UK,United Kingdom,EMEA,English,Education,None,2020-04-07,2020,RETURNING,False,MDM,2020-04-07 00:00:00,2026-04-17 15:58:35.888652
dd7311ae-0ede-40e3-a186-6335903db2b5,CUST-2019-UK-001146,Amber,Harding,Amber Harding,Female,1973-07-14,amber.harding@msn.com,+44117 496 0828,335 Warner plaza,Yateschester,Evansside,AB89 0FB,UK,United Kingdom,EMEA,English,Consumer,None,2019-09-06,2019,RETURNING,True,MDM,2019-09-06,2026-04-17 15:58:35.888654
0c7ad8b4-8ef0-42a8-8ca7-004d4893386e,CUST-2019-UK-001689,Ashleigh,Davis,Ashleigh Davis,Female,2000-03-06,ashleigh.davis@zoho.com,(020) 74960836,"Flat 38I
Ellis overpass",Elizabethborough,New Mohamedshire,LN4 8SS,UK,United Kingdom,EMEA,English,Consumer,None,2019-06-09,2019,RETURNING,True,MDM,2019-06-09,2026-04-17 15:58:35.888656
e556a577-9f35-43df-b6aa-2452864af0f8,CUST-2020-UK-000333,Allan,Patel,Allan Patel,Male,1978-06-06,allan.patel333@gmail.com,0121 4960944,"Flat 17u
Lee ford",Paulastad,Dalebury,G00 9ED,UK,United Kingdom,EMEA,English,Business,None,2020-08-07,2020,RETURNING,True,MDM,2020-08-07 00:00:00,2026-04-17 15:58:35.888658
ad28d7b2-3470-4818-adcd-29088810f905,CUST-2019-UK-001288,Duncan,Edwards,Duncan Edwards,Female,1993-12-22,duncan.edwards@gmail.com,+44(0)1514960633,588 Duncan freeway,Stephentown,Harrisonstad,L7 6FW,UK,United Kingdom,EMEA,English,Education,None,2019-11-05,2019,RETURNING,False,MDM,2019-11-05,2026-04-17 15:58:35.888659
be13e07b-844d-40e5-a155-5f1d91a50436,CUST-2019-UK-001695,Bethan,Price,Bethan Price,Male,1993-08-09,bethan.price@icloud.com,+44191 4960251,"Flat 9
Kerry path",Phillipsview,North Martyn,HX7E 9AP,UK,United Kingdom,EMEA,English,Education,None,2019-01-12,2019,RETURNING,False,MDM,2019-01-12,2026-04-17 15:58:35.888661
0a604e54-b3cb-436f-9dca-5febe7e7b9a3,CUST-2019-UK-002333,Beth,Bibi,Beth Bibi,Female,2006-05-15,beth.bibi@msn.com,+44191 4960890,"Flat 31H
Green overpass",Sandramouth,Hunterfurt,WF23 6PP,UK,United Kingdom,EMEA,English,Business,Platinum,2019-11-23,2019,RETURNING,True,MDM,2019-11-23,2026-04-17 15:58:35.888663
f5375e33-c596-4757-941b-1e3cc7f6116f,CUST-2019-UK-001878,Gillian,Mason,Gillian Mason,Male,2008-03-22,gillian.mason@live.com,+441514960715,8 Nicholson meadows,East Jacobbury,Dianamouth,LD95 7TL,UK,United Kingdom,EMEA,English,Consumer,None,2019-06-04,2019,RETURNING,True,MDM,2019-06-04,2026-04-17 15:58:35.888665
0a76a69c-0d29-4af0-989c-18459ba1fc4e,CUST-2019-UK-001649,Carl,Fletcher,Carl Fletcher,Female,1968-10-29,carl.fletcher@zoho.com,(0117) 496 0730,473 Pamela road,Connorfurt,Jonesfurt,SG8M 8RP,UK,United Kingdom,EMEA,English,Consumer,None,2019-07-10,2019,RETURNING,True,MDM,2019-07-10,2026-04-17 15:58:35.888667
4e193d6c-efe8-4f34-af77-32307e2e9a1e,CUST-2019-UK-000313,Bruce,Ball,Bruce Ball,Male,1969-10-28,bruce.ball@mail.com,(0118)4960037,190 Leach street,Elliehaven,West Antony,M23 0XQ,UK,United Kingdom,EMEA,English,Consumer,Gold,2019-08-16,2019,RETURNING,True,MDM,2019-08-16,2026-04-17 15:58:35.888668
4dfd61ad-f682-4d89-a304-f3475540ad4b,CUST-2019-UK-000274,Douglas,Thomas,Douglas Thomas,Female,1967-03-13,douglas.thomas@msn.com,+44(0)808 157 0404,52 Pearson centers,Hewittview,Nathanshire,ME2 6PP,UK,United Kingdom,EMEA,English,Consumer,Platinum,2019-07-15,2019,RETURNING,True,MDM,2019-07-15,2026-04-17 15:58:35.888670
6c6cd587-e3f8-41bf-afed-19a43177ef19,CUST-2020-UK-000573,Frank,Smith,Frank Smith,Female,1988-12-17,frank.smith762@gmx.com,+44(0)8081570580,"Studio 03
Simon plaza",Berryton,Nigelland,WC27 2PF,UK,United Kingdom,EMEA,English,Consumer,Gold,2020-02-21,2020,RETURNING,True,MDM,2020-02-21 00:00:00,2026-04-17 15:58:35.888671
fee7d6c2-0c4c-4e6e-8871-4b5df4965055,CUST-2019-UK-001821,Elaine,Morley,Elaine Morley,Female,1974-10-04,elaine.morley@yahoo.com,+44131 496 0279,2 Steven highway,Warrenville,Cunninghamhaven,S2H 7JW,UK,United Kingdom,EMEA,English,Consumer,Silver,2019-02-27,2019,RETURNING,True,MDM,2019-02-27,2026-04-17 15:58:35.888673
d7701d00-3ad6-4282-aa38-b2651f270c7c,CUST-2019-UK-000914,Mohammed,Allen,Mohammed Allen,Female,1968-03-07,mohammed.allen@outlook.com,+441632 960 606,9 Turner mall,West Benjamintown,Stephensonhaven,LN9M 7HE,UK,United Kingdom,EMEA,English,Consumer,None,2019-05-15,2019,RETURNING,True,MDM,2019-05-15,2026-04-17 15:58:35.888675
41720756-4a85-4fd5-8c68-ba50af106a67,CUST-2020-UK-000759,Mitchell,Patel,Mitchell Patel,Female,1981-08-09,mitchell.patel263@outlook.com,(0114)4960577,3 Flynn gateway,North Brucemouth,Howellchester,SR3 5TD,UK,United Kingdom,EMEA,English,Consumer,Platinum,2020-03-30,2020,RETURNING,True,MDM,2020-03-30 00:00:00,2026-04-17 15:58:35.888676
16db54ed-098f-43cb-b2be-dc6dc1170b28,CUST-2020-UK-000370,Timothy,Howard,Timothy Howard,Male,2004-01-25,timothy.howard@yahoo.com,+44118 4960446,"Flat 86
James tunnel",Lake Marieshire,Joycestad,B9 2HN,UK,United Kingdom,EMEA,English,Education,None,2020-03-29,2020,RETURNING,True,MDM,2020-03-29 00:00:00,2026-04-17 15:58:35.888682
d176cf9e-b7c4-4c62-a58f-bb03855c8ff6,CUST-2019-UK-000412,Samuel,Smith,Samuel Smith,Male,1973-10-14,samuel.smith278@live.com,(0151) 496 0981,"Studio 14P
Walker mountain",East Rebecca,Jonesland,W8U 3YR,UK,United Kingdom,EMEA,English,Business,None,2019-01-11,2019,RETURNING,True,MDM,2019-01-11,2026-04-17 15:58:35.888684
fa87545e-2424-4b3f-bcf5-53cf9d305463,CUST-2019-UK-001409,Philip,Brooks,Philip Brooks,Female,1964-08-28,philip.brooks@outlook.com,+44121 496 0512,4 Barnes ports,Kimberg,East Melissamouth,TD0 5YT,UK,United Kingdom,EMEA,English,Consumer,Silver,2019-05-06,2019,RETURNING,True,MDM,2019-05-06,2026-04-17 15:58:35.888685
a0f3b303-e074-40b2-b0da-2c04c6c17360,CUST-2020-UK-000671,Joyce,Hayes,Joyce Hayes,Female,2003-01-22,joyce.hayes@zoho.com,(0808)1570073,"Flat 56v
McCarthy track",Hunterburgh,Dianaberg,W3H 2LU,UK,United Kingdom,EMEA,English,Business,None,2020-05-07,2020,RETURNING,True,MDM,2020-05-07 00:00:00,2026-04-17 15:58:35.888687
d55bc238-78c4-43fa-ae23-032bb36727ff,CUST-2019-UK-001139,Danielle,Grant,Danielle Grant,Female,1994-12-06,danielle.grant@mail.com,(020) 7496 0260,06 Lynn stream,Hopeberg,Leonardchester,W2 5DX,UK,United Kingdom,EMEA,English,Consumer,Platinum,2019-03-04,2019,RETURNING,True,MDM,2019-03-04,2026-04-17 15:58:35.888689
131636a5-9910-4e4a-9ebc-ff9fcfbd37e0,CUST-2020-UK-000194,Darren,Lee,Darren Lee,Male,2002-10-16,darren.lee@aol.com,+44116 496 0131,36 Marc port,West Arthurville,East Kathleen,M55 0UW,UK,United Kingdom,EMEA,English,Consumer,Gold,2020-02-27,2020,RETURNING,True,MDM,2020-02-27 00:00:00,2026-04-17 15:58:35.888691
caf54886-1f89-4143-a86a-abf77a73f508,CUST-2020-UK-000535,Melanie,Foster,Melanie Foster,Female,1977-01-03,melanie.foster@live.com,(028) 9018 0190,"Studio 03o
Sandra ports",Lake Georgiatown,Port Mandy,SL80 0JU,UK,United Kingdom,EMEA,English,Business,Silver,2020-09-01,2020,RETURNING,True,MDM,2020-09-01 00:00:00,2026-04-17 15:58:35.888692
5d8448ff-83c1-4522-9028-0500a04edab6,CUST-2020-UK-000331,Katie,Edwards,Katie Edwards,Female,1996-07-16,katie.edwards@mail.com,+44113 4960463,"Flat 7
Davies trail",Reeceborough,Port Michellebury,PE63 8GA,UK,United Kingdom,EMEA,English,Business,Silver,2020-11-01,2020,RETURNING,True,MDM,2020-11-01 00:00:00,2026-04-17 15:58:35.888694
ed191143-264a-4010-990a-cb8df0a11245,CUST-2020-UK-000444,Rosemary,Hurst,Rosemary Hurst,Female,1984-09-25,rosemary.hurst@zoho.com,0114 4960258,"Studio 3
Slater plain",North Joshua,Lewisshire,HX92 0AT,UK,United Kingdom,EMEA,English,Consumer,Gold,2020-05-06,2020,RETURNING,True,MDM,2020-05-06 00:00:00,2026-04-17 15:58:35.888695
4f775762-c8c4-453f-be5a-9531e118ea92,CUST-2019-UK-000540,Kieran,Hopkins,Kieran Hopkins,Female,1956-08-23,kieran.hopkins@live.com,+44(0)306 999 0528,"Studio 2
Price station",New Tom,Nicolafurt,E63 0TH,UK,United Kingdom,EMEA,English,Consumer,None,2019-01-01,2019,RETURNING,True,MDM,2019-01-01,2026-04-17 15:58:35.888697
c7842d5e-91b6-4b39-b3a0-9c0af1d9a5da,CUST-2020-UK-000055,Antony,Walker,Antony Walker,Male,1968-07-30,antony.walker@msn.com,(0116) 496 0012,"Flat 89l
Timothy alley",Knowlesstad,West George,L50 4RA,UK,United Kingdom,EMEA,English,Business,Platinum,2020-04-16,2020,RETURNING,True,MDM,2020-04-16 00:00:00,2026-04-17 15:58:35.888703
fa13d97f-ce5f-4d4f-91b3-d082215c8835,CUST-2019-UK-002155,Rhys,Gill,Rhys Gill,Male,1991-11-03,rhys.gill@msn.com,+44(0)113 496 0552,4 Donna mountains,Helenshire,East Katie,CO84 3TT,UK,United Kingdom,EMEA,English,Consumer,None,2019-01-02,2019,RETURNING,True,MDM,2019-01-02,2026-04-17 15:58:35.888705
35e35053-f3a2-4280-b58f-e5bc3555f5c2,CUST-2019-UK-001266,Sharon,Walker,Sharon Walker,Male,1980-09-11,sharon.walker486@protonmail.com,+44909 8790370,41 Roberts garden,Mohammedburgh,New Callumland,B51 8ED,UK,United Kingdom,EMEA,English,Consumer,Silver,2019-09-18,2019,RETURNING,True,MDM,2019-09-18,2026-04-17 15:58:35.888707
d0677630-f535-47ab-9a5c-2b6b65645d94,CUST-2019-UK-001166,Kerry,Hodgson,Kerry Hodgson,Male,1966-08-30,kerry.hodgson@protonmail.com,0116 4960852,0 Craig fields,Davidtown,North Angela,B9 2GS,UK,United Kingdom,EMEA,English,Consumer,Gold,2019-11-17,2019,RETURNING,True,MDM,2019-11-17,2026-04-17 15:58:35.888709
8a89a67d-a576-4dad-a3e8-12b0f2316180,CUST-2019-UK-000535,Craig,Jordan,Craig Jordan,Female,1963-09-10,craig.jordan@outlook.com,+44(0)191 496 0654,"Studio 10S
Elliot drive",Shawberg,Rhodesborough,SP27 1XZ,UK,United Kingdom,EMEA,English,Consumer,None,2019-08-07,2019,RETURNING,True,MDM,2019-08-07,2026-04-17 15:58:35.888711
dc817b2b-1aab-473f-bb93-5e27bedb8c09,CUST-2020-UK-000568,Roy,Jones,Roy Jones,Female,1975-09-25,roy.jones143@zoho.com,(0161)4960324,"Flat 7
Harding ferry",Marionfurt,Lake Harry,HR0 3GS,UK,United Kingdom,EMEA,English,Consumer,Gold,2020-04-28,2020,RETURNING,True,MDM,2020-04-28 00:00:00,2026-04-17 15:58:35.888712
fcd989ee-1891-47d6-a0dd-10ee3332d582,CUST-2019-UK-002273,Connor,Taylor,Connor Taylor,Male,1974-06-24,connor.taylor@protonmail.com,01184960276,"Flat 43r
King gardens",North Bryan,New Carolyn,LE4R 3HR,UK,United Kingdom,EMEA,English,Education,Silver,2019-06-21,2019,RETURNING,True,MDM,2019-06-21,2026-04-17 15:58:35.888714
7125f9f1-aed0-406e-875f-c314b0a842c5,CUST-2020-UK-000259,Alison,Webster,Alison Webster,Female,1954-05-09,alison.webster@zoho.com,+441632 960 740,7 Davies springs,Clarkborough,Griffithsville,SN8 2DX,UK,United Kingdom,EMEA,English,Education,None,2020-04-19,2020,RETURNING,True,MDM,2020-04-19 00:00:00,2026-04-17 15:58:35.888716
ec53ad1e-d9ba-434b-bbf9-3b267ea4a0a9,CUST-2020-UK-000409,Rachel,Humphries,Rachel Humphries,Female,1982-01-21,rachel.humphries@outlook.com,+44141 496 0302,14 Jacqueline haven,Geoffreytown,Turnershire,YO42 3PB,UK,United Kingdom,EMEA,English,Consumer,None,2020-07-31,2020,RETURNING,True,MDM,2020-07-31 00:00:00,2026-04-17 15:58:35.888722
0e995ee5-d05f-4e6d-bcd3-d1e02d786721,CUST-2019-UK-000911,Craig,Reid,Craig Reid,Male,1999-03-19,craig.reid894@yahoo.com,(020)74960144,845 Brooks wall,Turnermouth,Lake Charlene,CH6 3ES,UK,United Kingdom,EMEA,English,Consumer,None,2019-12-16,2019,RETURNING,True,MDM,2019-12-16,2026-04-17 15:58:35.888724
1aab836d-79c7-4a80-86c0-2d22a274c1a9,CUST-2019-UK-000130,Gillian,Andrews,Gillian Andrews,Female,1996-01-26,gillian.andrews268@gmx.com,+44114 4960431,34 Wright pine,Aaronburgh,New Sharonview,CT0N 9JA,UK,United Kingdom,EMEA,English,Consumer,Gold,2019-05-08,2019,RETURNING,True,MDM,2019-05-08,2026-04-17 15:58:35.888725
025b42de-dabc-4508-b2d4-25ff2d6df706,CUST-2020-UK-000061,Lawrence,Mellor,Lawrence Mellor,Female,1995-04-02,lawrence.mellor297@zoho.com,0121 496 0611,"Studio 72J
Kathryn expressway",Lake Hannahstad,Royhaven,CV4E 3WF,UK,United Kingdom,EMEA,English,Consumer,Silver,2020-08-01,2020,RETURNING,True,MDM,2020-08-01 00:00:00,2026-04-17 15:58:35.888727
16d13c15-212b-4489-9b5f-b5d258e4e455,CUST-2019-UK-001978,Alison,Clarke,Alison Clarke,Male,1976-06-26,alison.clarke@mail.com,+44(0)141 496 0669,968 Webster extension,South Iain,Billyview,BL9 7BG,UK,United Kingdom,EMEA,English,Business,Silver,2019-12-08,2019,RETURNING,True,MDM,2019-12-08,2026-04-17 15:58:35.888728
25ef5165-1dbc-404a-946b-51f0c0de4480,CUST-2020-UK-000255,Wendy,Butler,Wendy Butler,Female,1964-02-28,wendy.butler540@gmx.com,+44909 8790419,30 Emily harbor,West Gillianfort,Lake Albertview,G01 5UT,UK,United Kingdom,EMEA,English,Education,None,2020-07-08,2020,RETURNING,True,MDM,2020-07-08 00:00:00,2026-04-17 15:58:35.888730
4f6df993-7e83-4f07-b502-2190ea18944e,CUST-2020-UK-000078,Clifford,Ryan,Clifford Ryan,Male,1960-05-09,clifford.ryan@yahoo.com,+44(0)306 9990791,9 Robert shoals,East Damienmouth,West Melissaville,G9B 5HL,UK,United Kingdom,EMEA,English,Education,None,2020-11-11,2020,RETURNING,True,MDM,2020-11-11 00:00:00,2026-04-17 15:58:35.888732
a18e89c9-845a-491b-b3bf-e68781a67546,CUST-2019-UK-001861,Joshua,Schofield,Joshua Schofield,Female,1958-12-12,joshua.schofield@aol.com,+44116 496 0124,0 Gordon fields,Nicolaburgh,Jonathanside,G7 1QU,UK,United Kingdom,EMEA,English,Consumer,Silver,2019-07-04,2019,RETURNING,True,MDM,2019-07-04,2026-04-17 15:58:35.888733
84003b4c-a4a2-4939-902a-3cbefa64771f,CUST-2019-UK-000675,Jill,Patel,Jill Patel,Male,1958-06-11,jill.patel@zoho.com,+441914960439,781 Dodd wells,Hughesburgh,North Barryport,NG18 1BA,UK,United Kingdom,EMEA,English,Consumer,None,2019-06-06,2019,RETURNING,True,MDM,2019-06-06,2026-04-17 15:58:35.888739
191cf769-75a7-4341-8c76-ca79d8ac433d,CUST-2020-UK-000520,Chloe,Doyle,Chloe Doyle,Male,1955-03-19,chloe.doyle@outlook.com,(0118) 4960507,"Studio 33
Nicholas spur",Rachaelborough,East Ryanchester,W3 5ZT,UK,United Kingdom,EMEA,English,Consumer,Gold,2020-07-03,2020,RETURNING,True,MDM,2020-07-03 00:00:00,2026-04-17 15:58:35.888741
5519ff0c-52ca-4013-a5fc-97c96f17d7ea,CUST-2020-UK-000413,Amanda,Hopkins,Amanda Hopkins,Male,1976-05-18,amanda.hopkins690@outlook.com,+44808 157 0605,"Studio 34h
Woodward divide",Jonestown,Kateshire,G5 5AD,UK,United Kingdom,EMEA,English,Business,Silver,2020-10-22,2020,RETURNING,True,MDM,2020-10-22 00:00:00,2026-04-17 15:58:35.888742
091bd4bb-e34e-4c93-9cfd-dd3e4cea06de,CUST-2019-UK-001862,Aaron,Watts,Aaron Watts,Male,2005-08-09,aaron.watts@zoho.com,+44(0)115 496 0343,669 Shaun ranch,South Iainhaven,Port Billyfort,W9 6TX,UK,United Kingdom,EMEA,English,Consumer,Silver,2019-02-04,2019,RETURNING,True,MDM,2019-02-04,2026-04-17 15:58:35.888744
8ac2b879-9547-4065-90c9-38275c02aeab,CUST-2019-UK-002218,Anna,Hughes,Anna Hughes,Male,1996-04-10,anna.hughes250@live.com,+441632960131,692 Marion pike,Allenfurt,East Kayleighfort,L0W 8SD,UK,United Kingdom,EMEA,English,Education,Silver,2019-12-12,2019,RETURNING,True,MDM,2019-12-12,2026-04-17 15:58:35.888746
d55c6763-34e8-4f88-87e2-9fe5e28c16bb,CUST-2019-UK-000833,Marion,Webb,Marion Webb,Male,1990-06-14,marion.webb342@zoho.com,+44(0)116 496 0152,155 Denis stravenue,East Daniel,Harrisbury,SW7R 9SF,UK,United Kingdom,EMEA,English,Consumer,Platinum,2019-05-12,2019,RETURNING,True,MDM,2019-05-12,2026-04-17 15:58:35.888747
e67908e0-df5c-474f-935c-da63d6147cef,CUST-2019-UK-000971,Martin,Harris,Martin Harris,Male,1981-05-26,martin.harris@icloud.com,(0306)9990507,"Flat 52p
Robinson gateway",Henrychester,South Caroleland,G51 3UH,UK,United Kingdom,EMEA,English,Consumer,None,2019-05-20,2019,RETURNING,True,MDM,2019-05-20,2026-04-17 15:58:35.888749
1940b206-5aa5-422f-a12b-67a715ba2e86,CUST-2019-UK-002184,Tom,Fry,Tom Fry,Female,1976-02-06,tom.fry@hotmail.com,+44(0)113 496 0544,"Flat 13
Lewis centers",New Philip,East Holly,EH2 3ER,UK,United Kingdom,EMEA,English,Consumer,Silver,2019-12-17,2019,RETURNING,True,MDM,2019-12-17,2026-04-17 15:58:35.888750
9c4a2481-690e-4ce5-bcf5-a51877db73ca,CUST-2020-UK-000341,Dominic,Owens,Dominic Owens,Female,2005-02-06,dominic.owens663@yahoo.com,0115 496 0155,7 Parker keys,Thorntonbury,Port Shirley,PE9V 9NG,UK,United Kingdom,EMEA,English,Business,Gold,2020-06-04,2020,RETURNING,True,MDM,2020-06-04 00:00:00,2026-04-17 15:58:35.888756
d39d4ef0-0407-4a81-bf5d-f2851e26e16d,CUST-2019-UK-000939,Leon,George,Leon George,Female,2000-11-27,leon.george@aol.com,(0131) 496 0803,"Flat 11q
Kathleen manors",Port Marie,Jonestown,E4 3FG,UK,United Kingdom,EMEA,English,Education,None,2019-09-16,2019,RETURNING,True,MDM,2019-09-16,2026-04-17 15:58:35.888758
3df1cb15-230a-4728-a53b-08f8941d016c,CUST-2019-UK-001004,Mohamed,Ryan,Mohamed Ryan,Female,1969-02-15,mohamed.ryan@outlook.com,+44(0)113 496 0080,"Studio 47A
Marie crossroad",West Carol,Coopermouth,SO64 4PG,UK,United Kingdom,EMEA,English,Consumer,Platinum,2019-08-08,2019,RETURNING,True,MDM,2019-08-08,2026-04-17 15:58:35.888760
19163f13-a798-49ac-b03f-7b7d876a3d92,CUST-2019-UK-001333,Brian,Palmer,Brian Palmer,Female,1987-10-07,brian.palmer@msn.com,0191 4960268,82 Anne meadows,North Emma,Powellberg,W7A 2YL,UK,United Kingdom,EMEA,English,Consumer,None,2019-07-17,2019,RETURNING,True,MDM,2019-07-17,2026-04-17 15:58:35.888761
c48efc3a-13c8-4f7d-802d-198e56cad5d4,CUST-2019-UK-001776,Maria,Ford,Maria Ford,Female,1986-09-23,maria.ford@aol.com,+441414960732,"Studio 56
Atkinson route",Port Mariebury,West Lesley,DD87 8QQ,UK,United Kingdom,EMEA,English,Consumer,None,2019-07-01,2019,RETURNING,True,MDM,2019-07-01,2026-04-17 15:58:35.888763
332de1e4-0e98-45cb-8633-f8bec9db9f60,CUST-2019-UK-002268,Beverley,Thomas,Beverley Thomas,Male,1956-05-16,beverley.thomas@icloud.com,+44(0)8081570011,58 Gilbert pine,Lake Amandaton,Loweview,E56 6QF,UK,United Kingdom,EMEA,English,Consumer,None,2019-03-16,2019,RETURNING,True,MDM,2019-03-16,2026-04-17 15:58:35.888765
fc788291-4068-4418-8568-81683d7e527d,CUST-2020-UK-000483,Rachael,Spencer,Rachael Spencer,Male,1965-01-03,rachael.spencer819@msn.com,+44(0)117 496 0457,98 Jay inlet,Georginastad,Thomasshire,ML4 2XY,UK,United Kingdom,EMEA,English,Consumer,None,2020-09-06,2020,RETURNING,True,MDM,2020-09-06 00:00:00,2026-04-17 15:58:35.888767
82dd60c2-5451-4321-8efe-0e5cd8dde932,CUST-2019-UK-000047,Josephine,Fox,Josephine Fox,Male,1998-03-03,josephine.fox@gmail.com,+44(0)1314960868,2 Bruce alley,West Mathewburgh,Louiseburgh,HD9 5AJ,UK,United Kingdom,EMEA,English,Consumer,None,2019-06-25,2019,RETURNING,True,MDM,2019-06-25,2026-04-17 15:58:35.888769
76cbdc10-865a-4f0d-9059-8fdfb0f37d18,CUST-2019-UK-001407,Jean,Ellis,Jean Ellis,Male,1981-10-11,jean.ellis231@hotmail.com,(0151) 496 0194,483 Joshua turnpike,Leahberg,South Kerry,S43 4NJ,UK,United Kingdom,EMEA,English,Consumer,None,2019-03-01,2019,RETURNING,True,MDM,2019-03-01,2026-04-17 15:58:35.888774
66f89b16-f1f7-42bb-9bfe-423572753b4c,CUST-2020-UK-000257,Peter,Wyatt,Peter Wyatt,Male,1984-07-07,peter.wyatt@aol.com,+44(0)292018603,"Studio 46
Wright locks",Owensville,Wardhaven,EC5 6NE,UK,United Kingdom,EMEA,English,Consumer,Gold,2020-05-03,2020,RETURNING,True,MDM,2020-05-03 00:00:00,2026-04-17 15:58:35.888775
67be85a6-cd76-4436-b00c-071d824590a4,CUST-2019-UK-001380,Vanessa,Hughes,Vanessa Hughes,Male,1995-04-25,vanessa.hughes810@hotmail.com,03069990420,70 Rachael stream,North Liam,Judithberg,ML0 8FP,UK,United Kingdom,EMEA,English,Consumer,Gold,2019-10-04,2019,RETURNING,True,MDM,2019-10-04,2026-04-17 15:58:35.888777
3433aec7-0385-4289-948e-bd74ba54d8fc,CUST-2019-UK-002293,Leigh,Saunders,Leigh Saunders,Male,1981-08-14,leigh.saunders@gmx.com,0113 4960122,53 Valerie trafficway,Amandaville,Browneview,B5U 8NB,UK,United Kingdom,EMEA,English,Education,None,2019-10-07,2019,RETURNING,True,MDM,2019-10-07,2026-04-17 15:58:35.888779
debfb966-766d-434a-a52a-18964844cc91,CUST-2020-UK-000470,Gavin,May,Gavin May,Female,1952-09-10,gavin.may185@aol.com,020 74960002,3 Wood shoals,Cameronfurt,Joshuaview,LD6B 4LJ,UK,United Kingdom,EMEA,English,Consumer,Silver,2020-11-11,2020,RETURNING,True,MDM,2020-11-11 00:00:00,2026-04-17 15:58:35.888781
06a70d9b-5340-496a-a29b-2e2ad56e2109,CUST-2019-UK-001638,Eleanor,Davies,Eleanor Davies,Female,1994-03-31,eleanor.davies923@gmx.com,+441144960734,"Studio 7
Hannah mills",Susantown,Clarebury,L89 3HP,UK,United Kingdom,EMEA,English,Education,Silver,2019-07-25,2019,RETURNING,True,MDM,2019-07-25,2026-04-17 15:58:35.888782
67c4042c-5e48-45ad-89a3-ef4807aefcbb,CUST-2019-UK-001037,Lee,Cartwright,Lee Cartwright,Male,1963-11-11,lee.cartwright450@zoho.com,+44(0)121 496 0562,"Flat 27
Reid viaduct",New Antony,Port Beverley,WN9 4YG,UK,United Kingdom,EMEA,English,Consumer,None,2019-02-02,2019,RETURNING,True,MDM,2019-02-02,2026-04-17 15:58:35.888784
a31a8fb6-57cc-432d-98f0-a1bd34f0adf7,CUST-2020-UK-000658,David,Wilson,David Wilson,Female,2006-03-11,david.wilson@gmx.com,+441414960916,63 Lloyd port,Byrneshire,Annaside,CM66 3FJ,UK,United Kingdom,EMEA,English,Business,None,2020-02-22,2020,RETURNING,True,MDM,2020-02-22 00:00:00,2026-04-17 15:58:35.888786
998f68d5-2d18-42ac-a24a-8e6ddc63e022,CUST-2019-UK-000928,Anne,Lee,Anne Lee,Female,1956-08-31,anne.lee@aol.com,+44(0)28 9018427,9 Callum knolls,West Valerieside,Patelshire,TQ56 9XE,UK,United Kingdom,EMEA,English,Education,None,2019-05-25,2019,RETURNING,True,MDM,2019-05-25,2026-04-17 15:58:35.888792
3f7f02fe-125d-4b5f-80f9-564d292397a3,CUST-2019-UK-001746,Beverley,Johnson,Beverley Johnson,Male,1979-07-02,beverley.johnson741@gmail.com,+44808 1570951,4 Smith isle,East Edward,North Edwardfurt,S44 4JT,UK,United Kingdom,EMEA,English,Consumer,Silver,2019-12-08,2019,RETURNING,True,MDM,2019-12-08,2026-04-17 15:58:35.888793
c333ccfa-0149-4876-bb29-a9deef3ce9da,CUST-2020-UK-000183,Shirley,Read,Shirley Read,Female,1973-10-23,shirley.read@aol.com,+44(0)151 496 0588,9 Slater spurs,New Hugh,Jamieberg,B0 2LU,UK,United Kingdom,EMEA,English,Consumer,Gold,2020-02-12,2020,RETURNING,True,MDM,2020-02-12 00:00:00,2026-04-17 15:58:35.888795
1e103ec4-8e61-42d3-bc91-50d5ada51778,CUST-2020-UK-000179,Rachel,Hunter,Rachel Hunter,Female,1964-07-25,rachel.hunter110@live.com,+44(0)1134960622,92 Bartlett vista,West Ann,New Susan,LA7R 7XP,UK,United Kingdom,EMEA,English,Consumer,Silver,2020-05-09,2020,RETURNING,True,MDM,2020-05-09 00:00:00,2026-04-17 15:58:35.888796
2dfdfd8e-f801-40a4-a0a7-c5c2a87807fa,CUST-2020-UK-000502,Russell,Dunn,Russell Dunn,Female,1966-07-22,russell.dunn394@gmail.com,+44292018542,85 Kathryn isle,Laurenport,Port Joshton,PL8 8EF,UK,United Kingdom,EMEA,English,Consumer,None,2020-07-24,2020,RETURNING,True,MDM,2020-07-24 00:00:00,2026-04-17 15:58:35.888798
69dad921-13a2-4f8e-b99a-18f7bdc92b38,CUST-2020-UK-000421,Jonathan,Hill,Jonathan Hill,Female,1984-09-21,jonathan.hill183@icloud.com,+44(0)114 4960471,9 Johnson harbor,North Carol,South Graeme,E1 7WW,UK,United Kingdom,EMEA,English,Consumer,None,2020-04-09,2020,RETURNING,True,MDM,2020-04-09 00:00:00,2026-04-17 15:58:35.888800
07fadb4d-ba18-48db-8e66-e133f8e9948e,CUST-2020-UK-000360,Bethany,Glover,Bethany Glover,Male,1951-10-09,bethany.glover@icloud.com,(0115) 496 0581,6 Jessica mall,North Kyle,Mohamedchester,W2G 4TA,UK,United Kingdom,EMEA,English,Consumer,None,2020-03-05,2020,RETURNING,True,MDM,2020-03-05 00:00:00,2026-04-17 15:58:35.888802
ee25690f-d032-40fb-8266-7e1c150db337,CUST-2020-UK-000220,Ryan,Dunn,Ryan Dunn,Female,1986-10-06,ryan.dunn@gmail.com,0161 4960406,072 Sullivan fork,Francistown,Hollieton,BD9H 9QX,UK,United Kingdom,EMEA,English,Consumer,Gold,2020-08-27,2020,RETURNING,True,MDM,2020-08-27 00:00:00,2026-04-17 15:58:35.888803
b230b735-c654-45e9-810e-8de038750a8c,CUST-2019-UK-001694,Diane,Bird,Diane Bird,Female,1988-02-11,diane.bird@protonmail.com,+44(0)306 9990376,"Studio 27j
Day trail",Dianahaven,North Yvonne,HP6W 9TE,UK,United Kingdom,EMEA,English,Consumer,Gold,2019-03-12,2019,RETURNING,True,MDM,2019-03-12,2026-04-17 15:58:35.888809
5c251b3a-b94d-4bcd-9c69-4c442c90cc37,CUST-2019-UK-000121,Ellie,Rose,Ellie Rose,Male,1956-11-20,ellie.rose@yahoo.com,(01632) 960 128,"Studio 20f
Stephen causeway",West Alice,North Kim,SY73 7GH,UK,United Kingdom,EMEA,English,Business,None,2019-05-28,2019,RETURNING,True,MDM,2019-05-28,2026-04-17 15:58:35.888811
8f804979-ac2f-498c-837f-943f35bd7823,CUST-2019-UK-000032,Leslie,Franklin,Leslie Franklin,Female,1957-10-18,leslie.franklin@gmx.com,0191 4960901,"Flat 31
Harrison pine",Scottfort,South Harryfurt,PH5 7TP,UK,United Kingdom,EMEA,English,Business,None,2019-08-18,2019,RETURNING,True,MDM,2019-08-18,2026-04-17 15:58:35.888813
f10c92eb-cf45-44ac-9ec6-408538253ca0,CUST-2020-UK-000631,Keith,Hall,Keith Hall,Male,1953-05-16,keith.hall490@zoho.com,+44151 496 0723,"Flat 00l
Steven forks",East Henryfort,Spencerchester,G0E 3SW,UK,United Kingdom,EMEA,English,Consumer,Silver,2020-08-11,2020,RETURNING,True,MDM,2020-08-11 00:00:00,2026-04-17 15:58:35.888814
8efb0f5b-3af6-47ab-b190-26ec99bc3577,CUST-2019-UK-002400,Andrea,Marsh,Andrea Marsh,Male,1979-06-22,andrea.marsh@msn.com,+44(0)161 4960232,46 Jack manor,Perrybury,North Ameliaburgh,N1J 2GZ,UK,United Kingdom,EMEA,English,Business,Silver,2019-01-09,2019,RETURNING,True,MDM,2019-01-09,2026-04-17 15:58:35.888816
463d0336-7f78-40a5-805c-6e97847e5b83,CUST-2020-UK-000012,Amelia,Young,Amelia Young,Male,1965-11-06,amelia.young@yahoo.com,(0121) 4960997,"Studio 3
Diana row",New Vanessa,Mathewshire,NW8 5JN,UK,United Kingdom,EMEA,English,Consumer,None,2020-05-27,2020,RETURNING,True,MDM,2020-05-27 00:00:00,2026-04-17 15:58:35.888817
6f2edf21-088a-407f-a532-6549b370c347,CUST-2020-UK-000252,Joel,Jones,Joel Jones,Female,2000-05-26,joel.jones@msn.com,0151 4960458,"Studio 9
Brandon mall",Simontown,West Brett,L5 4NL,UK,United Kingdom,EMEA,English,Consumer,None,2020-01-27,2020,RETURNING,True,MDM,2020-01-27 00:00:00,2026-04-17 15:58:35.888819
78ad5fb6-5e34-4e83-8e6e-f570eabca15c,CUST-2019-UK-001895,Terry,Fletcher,Terry Fletcher,Female,1967-04-04,terry.fletcher@live.com,+4429 2018 0752,1 Alison isle,South Martin,Port Malcolmshire,W8J 4SE,UK,United Kingdom,EMEA,English,Consumer,Silver,2019-08-25,2019,RETURNING,True,MDM,2019-08-25,2026-04-17 15:58:35.888821
6039e5bc-c1ee-4132-867b-432a37491fd3,CUST-2020-UK-000369,Daniel,Rogers,Daniel Rogers,Female,1971-11-19,daniel.rogers@gmail.com,(029) 2018 0112,767 Darren junctions,Blakeberg,Victoriahaven,KA11 9DX,UK,United Kingdom,EMEA,English,Consumer,Platinum,2020-05-16,2020,RETURNING,True,MDM,2020-05-16 00:00:00,2026-04-17 15:58:35.888826
1a8fac82-fd9b-49da-a751-f85c3a80d5fa,CUST-2020-UK-000272,Holly,Pugh,Holly Pugh,Female,1973-05-12,holly.pugh@gmail.com,+44(0)161 496 0956,24 Holmes stream,North Scott,Naomiberg,E4 7WP,UK,United Kingdom,EMEA,English,Consumer,None,2020-10-17,2020,RETURNING,True,MDM,2020-10-17 00:00:00,2026-04-17 15:58:35.888828
d17aa80b-188c-480f-a562-150945071069,CUST-2020-UK-000587,Gavin,Rose,Gavin Rose,Male,1962-09-26,gavin.rose690@outlook.com,+4428 9018477,90 Kirby haven,O'Neillhaven,New Rosiemouth,M2S 5RU,UK,United Kingdom,EMEA,English,Consumer,None,2020-08-29,2020,RETURNING,True,MDM,2020-08-29 00:00:00,2026-04-17 15:58:35.888831
2ff9482d-0efc-4b1b-9148-a8cdba076182,CUST-2019-UK-001188,Julia,Andrews,Julia Andrews,Male,1979-03-11,julia.andrews259@gmx.com,+441632960979,7 Hopkins flat,Knightfurt,South Katy,SP2E 7DJ,UK,United Kingdom,EMEA,English,Consumer,None,2019-03-30,2019,RETURNING,True,MDM,2019-03-30,2026-04-17 15:58:35.888833
e02723a1-2f3a-41b3-a2d0-7f515f0267aa,CUST-2020-UK-000719,Geraldine,Brown,Geraldine Brown,Female,1986-09-14,geraldine.brown@yahoo.com,01214960896,40 Trevor tunnel,Stoneborough,O'Brienville,TF2E 7LA,UK,United Kingdom,EMEA,English,Consumer,None,2020-12-15,2020,RETURNING,True,MDM,2020-12-15 00:00:00,2026-04-17 15:58:35.888834
bfb4978c-ac77-4dfb-8377-e05bbf9addbf,CUST-2019-UK-001022,Guy,Coates,Guy Coates,Female,1970-02-07,guy.coates418@zoho.com,+44(0)808 157 0511,7 Williamson cape,Garryhaven,Bentleyport,B24 4SY,UK,United Kingdom,EMEA,English,Business,None,2019-01-29,2019,RETURNING,True,MDM,2019-01-29,2026-04-17 15:58:35.888836
8a8f7fe4-798d-48af-be4f-95bec9586025,CUST-2019-UK-000055,Jordan,Morris,Jordan Morris,Male,1997-04-29,jordan.morris@zoho.com,0161 496 0235,085 Harris mountains,East Oliviaberg,Frederickland,TR56 4HN,UK,United Kingdom,EMEA,English,Education,Silver,2019-09-13,2019,RETURNING,True,MDM,2019-09-13,2026-04-17 15:58:35.888838
cd30827d-3fac-44ae-a8e4-7b6930b6de69,CUST-2019-UK-001421,Michael,Hussain,Michael Hussain,Male,1981-09-10,michael.hussain516@mail.com,+44(0)29 2018 0569,88 Leanne place,Cookemouth,Port Phillip,L54 6WW,UK,United Kingdom,EMEA,English,Consumer,None,2019-02-02,2019,RETURNING,True,MDM,2019-02-02,2026-04-17 15:58:35.888839
74da8285-0a8f-4fdf-a2bc-dfbdc295ffbf,CUST-2019-UK-000840,Maria,Thomson,Maria Thomson,Female,2002-11-24,maria.thomson@mail.com,+441174960237,"Studio 08
Hewitt greens",Russellton,Kayleighchester,NG3Y 5YF,UK,United Kingdom,EMEA,English,Consumer,None,2019-09-07,2019,RETURNING,True,MDM,2019-09-07,2026-04-17 15:58:35.888841
f9776e24-a7c1-4514-b726-bbda01120219,CUST-2019-UK-001553,Iain,Boyle,Iain Boyle,Male,1983-01-05,iain.boyle@aol.com,(0909)8790264,"Flat 46
Olivia green",South Karen,Brooksland,HX5N 8XZ,UK,United Kingdom,EMEA,English,Business,None,2019-04-13,2019,RETURNING,True,MDM,2019-04-13,2026-04-17 15:58:35.888843
4fb53cdb-e56f-45df-92d3-dc191ca4ad6f,CUST-2020-UK-000390,Amelia,Howe,Amelia Howe,Female,1981-11-10,amelia.howe@mail.com,+44114 496 0530,59 Parsons avenue,North Patriciafurt,South Julianshire,M7 4RL,UK,United Kingdom,EMEA,English,Consumer,Gold,2020-04-22,2020,RETURNING,True,MDM,2020-04-22 00:00:00,2026-04-17 15:58:35.888844
3aaae0a1-b79b-4412-a029-e9299f40248a,CUST-2019-UK-001058,Jordan,Palmer,Jordan Palmer,Male,1978-03-07,jordan.palmer515@hotmail.com,01144960844,"Studio 32
Phillip lodge",Hallchester,Joanbury,HG6N 6DZ,UK,United Kingdom,EMEA,English,Consumer,Platinum,2019-12-21,2019,RETURNING,True,MDM,2019-12-21,2026-04-17 15:58:35.888846
9e762192-d070-4c6f-9150-e2bd02a44c30,CUST-2019-UK-001365,Tracy,Robinson,Tracy Robinson,Male,1964-07-29,tracy.robinson@outlook.com,(0115) 4960386,961 Hunt heights,Leefurt,Ericfort,ME4W 1AU,UK,United Kingdom,EMEA,English,Business,Silver,2019-12-11,2019,RETURNING,True,MDM,2019-12-11,2026-04-17 15:58:35.888847
eb07fa54-f234-49cf-8f6c-34ae33617208,CUST-2020-UK-000084,Alexander,Wilson,Alexander Wilson,Male,1958-05-14,alexander.wilson235@mail.com,09098790738,"Studio 6
McLean dale",New Georgia,Harrisfurt,M65 5SF,UK,United Kingdom,EMEA,English,Consumer,None,2020-03-28,2020,RETURNING,True,MDM,2020-03-28 00:00:00,2026-04-17 15:58:35.888851
da1e6afa-a097-4371-85b4-104ea4517d91,CUST-2019-UK-001894,Mohammad,Roberts,Mohammad Roberts,Male,2005-11-26,mohammad.roberts600@protonmail.com,028 9018014,"Studio 68h
Holly valleys",Brownshire,Scottview,S80 9DR,UK,United Kingdom,EMEA,English,Consumer,None,2019-07-18,2019,RETURNING,True,MDM,2019-07-18,2026-04-17 15:58:35.888857
45a6637d-e9c7-4402-820a-e1ff440ece93,CUST-2020-UK-000668,Alex,Thomas,Alex Thomas,Female,1983-04-21,alex.thomas@live.com,0289018570,7 Jones street,West Stanleyport,South Rachelshire,KY6M 0XH,UK,United Kingdom,EMEA,English,Consumer,Platinum,2020-10-10,2020,RETURNING,True,MDM,2020-10-10 00:00:00,2026-04-17 15:58:35.888858
cb1e702c-3ce9-400e-b4ac-1a041ba62202,CUST-2019-UK-000778,Vanessa,Robson,Vanessa Robson,Female,1997-07-19,vanessa.robson@aol.com,(0131) 4960671,610 Jackson freeway,West Emma,Georgiahaven,G99 2RT,UK,United Kingdom,EMEA,English,Consumer,None,2019-09-01,2019,RETURNING,True,MDM,2019-09-01,2026-04-17 15:58:35.888860
e990b4b2-b57c-4ed2-bf6c-44f4595230ac,CUST-2019-UK-000458,Kieran,Daly,Kieran Daly,Male,1955-05-19,kieran.daly@gmail.com,0909 879 0976,3 Barry mount,East Michelle,Williamsbury,WS50 7WN,UK,United Kingdom,EMEA,English,Consumer,None,2019-03-21,2019,RETURNING,True,MDM,2019-03-21,2026-04-17 15:58:35.888862
5b87be00-3493-4936-81af-2cfe9302f653,CUST-2019-UK-002017,Lewis,Wood,Lewis Wood,Female,1992-03-10,lewis.wood@mail.com,+441314960888,"Studio 1
Ferguson ford",Taylormouth,Howardstad,E72 0NH,UK,United Kingdom,EMEA,English,Consumer,None,2019-05-04,2019,RETURNING,True,MDM,2019-05-04,2026-04-17 15:58:35.888864
3d65bb8e-0d25-4f03-9a5f-e2ebe3c0ec64,CUST-2019-UK-001788,Roy,Taylor,Roy Taylor,Male,1993-10-30,roy.taylor@aol.com,01184960308,"Flat 15X
Jessica rest",Lake Carlyhaven,New Neilburgh,E0H 2UJ,UK,United Kingdom,EMEA,English,Consumer,None,2019-11-01,2019,RETURNING,True,MDM,2019-11-01,2026-04-17 15:58:35.888866
836f26a4-69c3-4a14-a94c-9ff4e56d8c9c,CUST-2019-UK-001566,Bruce,Marshall,Bruce Marshall,Male,1996-09-12,bruce.marshall@gmx.com,+44(0)1184960978,"Flat 9
Robinson estate",Kyleburgh,South Rita,N5W 7PY,UK,United Kingdom,EMEA,English,Consumer,Silver,2019-07-05,2019,RETURNING,True,MDM,2019-07-05,2026-04-17 15:58:35.888867
154a1b1f-7d7b-495b-b6a8-c44663a10697,CUST-2020-UK-000426,Toby,Read,Toby Read,Female,1957-02-24,toby.read@zoho.com,+44909 879 0890,"Flat 2
Humphreys square",Scottburgh,Pickeringport,UB6 8PX,UK,United Kingdom,EMEA,English,Consumer,None,2020-12-07,2020,RETURNING,True,MDM,2020-12-07 00:00:00,2026-04-17 15:58:35.888869
14449612-b6ee-42a9-9377-7e3d8184a72d,CUST-2019-UK-001160,Ashleigh,Sharpe,Ashleigh Sharpe,Male,2006-07-28,ashleigh.sharpe55@zoho.com,0114 496 0352,6 Craig point,Robertstad,Nicoleshire,M1U 0HP,UK,United Kingdom,EMEA,English,Consumer,Silver,2019-08-30,2019,RETURNING,True,MDM,2019-08-30,2026-04-17 15:58:35.888871
656c9c75-23cd-46fb-8aa4-e08b1cf51edb,CUST-2019-UK-001442,Beverley,White,Beverley White,Female,2003-12-24,beverley.white@hotmail.com,+44(0)114 4960846,0 Morris islands,South Marcusbury,South Susan,S88 7PY,UK,United Kingdom,EMEA,English,Education,None,2019-08-07,2019,RETURNING,True,MDM,2019-08-07,2026-04-17 15:58:35.888873
4aa4f7e7-a14a-489d-b6b4-78f31fe05652,CUST-2019-UK-001313,Matthew,Morgan,Matthew Morgan,Male,2004-10-23,matthew.morgan@yahoo.com,+44114 4960123,"Studio 54
Brown gateway",West Frederick,Gordonshire,N8 0ZB,UK,United Kingdom,EMEA,English,Consumer,Gold,2019-02-18,2019,RETURNING,True,MDM,2019-02-18,2026-04-17 15:58:35.888874
61b91d76-8db9-472c-a4ae-1385f4c4c720,CUST-2020-UK-000460,Alex,Carr,Alex Carr,Male,2002-01-07,alex.carr@msn.com,(0114) 4960109,"Studio 79
Kelly haven",West Melissa,Marcuschester,LU7 5BN,UK,United Kingdom,EMEA,English,Consumer,Silver,2020-12-15,2020,RETURNING,True,MDM,2020-12-15 00:00:00,2026-04-17 15:58:35.888876
aaa68bb3-4217-4083-904a-096e6e326bd5,CUST-2019-UK-002235,Toby,Jones,Toby Jones,Male,1999-02-08,toby.jones@gmail.com,+44141 496 0005,"Studio 65C
Thompson rue",Jasonland,Oliviamouth,M6F 8LY,UK,United Kingdom,EMEA,English,Consumer,None,2019-08-29,2019,RETURNING,True,MDM,2019-08-29,2026-04-17 15:58:35.888878
0f0bdb69-3eab-4238-87b5-8af68aa90912,CUST-2019-UK-000501,Stephen,Harding,Stephen Harding,Male,2004-12-03,stephen.harding@gmail.com,+441514960768,"Flat 06
Simpson extensions",New Graham,North Lynne,S8 8XF,UK,United Kingdom,EMEA,English,Consumer,None,2019-02-09,2019,RETURNING,True,MDM,2019-02-09,2026-04-17 15:58:35.888880
bc0ec619-b8b6-435d-8228-a07279bc5118,CUST-2019-UK-000147,Kimberley,Poole,Kimberley Poole,Female,1955-09-14,kimberley.poole@gmx.com,(0117)4960458,24 Cox route,New Craigborough,New Kim,E1T 3QR,UK,United Kingdom,EMEA,English,Consumer,None,2019-05-05,2019,RETURNING,True,MDM,2019-05-05,2026-04-17 15:58:35.888882
2cac5ac4-1def-47c4-b367-ec8110d0bbee,CUST-2019-UK-001389,Jay,Barber,Jay Barber,Female,1960-03-08,jay.barber@gmx.com,+441144960011,"Studio 24
Hooper fields",East Francesca,East Sophiemouth,CM8 1FX,UK,United Kingdom,EMEA,English,Consumer,None,2019-12-24,2019,RETURNING,True,MDM,2019-12-24,2026-04-17 15:58:35.888887
ae6ee3a8-f0ce-4e13-a930-5d58c662154e,CUST-2019-UK-000683,Ann,Smith,Ann Smith,Male,1971-05-26,ann.smith@aol.com,+44(0)29 2018401,"Studio 9
Wilkinson ridge",Brookeshaven,West Chelseaton,EX8Y 6WF,UK,United Kingdom,EMEA,English,Consumer,Gold,2019-04-10,2019,RETURNING,True,MDM,2019-04-10,2026-04-17 15:58:35.888888
ccd1af14-880c-49dc-a3a7-237417abe4da,CUST-2020-UK-000632,Clifford,Scott,Clifford Scott,Male,1958-04-26,clifford.scott926@protonmail.com,0141 496 0828,0 Jones pike,North Damien,South Charlie,PL4 5AS,UK,United Kingdom,EMEA,English,Business,None,2020-08-15,2020,RETURNING,True,MDM,2020-08-15 00:00:00,2026-04-17 15:58:35.888891
1c005e1e-dd85-4c80-970c-6eccb24044f2,CUST-2020-UK-000205,Richard,Patel,Richard Patel,Male,1962-01-10,richard.patel@live.com,+44(0)121 496 0267,40 Russell mountain,Wilkinsonborough,Ryanshire,LN3N 2EB,UK,United Kingdom,EMEA,English,Consumer,None,2020-08-15,2020,RETURNING,True,MDM,2020-08-15 00:00:00,2026-04-17 15:58:35.888892
a6665ca3-76cd-4733-990f-000dab0e8d26,CUST-2019-UK-000896,Ricky,McDonald,Ricky McDonald,Male,1991-03-03,ricky.mcdonald993@outlook.com,(0306)9990759,"Studio 43S
Joanna tunnel",New Janemouth,Joeton,G1 4XU,UK,United Kingdom,EMEA,English,Business,Gold,2019-01-19,2019,RETURNING,True,MDM,2019-01-19,2026-04-17 15:58:35.888894
b83092e7-1e45-49cf-8bc7-96a5ccfb0992,CUST-2019-UK-001668,Joseph,Edwards,Joseph Edwards,Male,1983-03-10,joseph.edwards@msn.com,(020) 7496 0037,"Flat 17W
Dixon shoal",Hayleystad,Jackchester,G74 8UR,UK,United Kingdom,EMEA,English,Education,Silver,2019-02-18,2019,RETURNING,True,MDM,2019-02-18,2026-04-17 15:58:35.888895
c0aed7aa-735d-4a3e-a28a-c1636af4b579,CUST-2019-UK-001990,Shannon,King,Shannon King,Female,1982-05-19,shannon.king@gmx.com,(0306)9990980,67 Vanessa garden,East Leonardfurt,West Danielfurt,S4J 3AW,UK,United Kingdom,EMEA,English,Education,None,2019-09-10,2019,RETURNING,True,MDM,2019-09-10,2026-04-17 15:58:35.888897
4fc79cb5-7461-4a85-af63-9355c051ba37,CUST-2019-UK-001312,Deborah,Murphy,Deborah Murphy,Male,1981-12-17,deborah.murphy828@zoho.com,+44(0)1134960985,"Studio 8
Maria mountains",Moranside,Port Charliemouth,LS8 4BU,UK,United Kingdom,EMEA,English,Consumer,Gold,2019-07-22,2019,RETURNING,True,MDM,2019-07-22,2026-04-17 15:58:35.888899
94359dc4-e70a-4c00-b378-7f27b5202721,CUST-2019-UK-001654,Iain,Ryan,Iain Ryan,Male,1965-04-20,iain.ryan@gmx.com,(0115) 4960372,"Studio 63V
Lord landing",New Annastad,Vanessafort,SG2 2PA,UK,United Kingdom,EMEA,English,Consumer,Platinum,2019-09-20,2019,RETURNING,True,MDM,2019-09-20,2026-04-17 15:58:35.888900
80d4ad20-73d7-434f-ac8b-52e21b99c442,CUST-2019-UK-000661,Craig,Cartwright,Craig Cartwright,Male,1992-10-19,craig.cartwright@protonmail.com,+4420 7496 0087,"Flat 7
Brown rapid",Robertsburgh,South Annette,PO6N 4YN,UK,United Kingdom,EMEA,English,Consumer,None,2019-08-10,2019,RETURNING,False,MDM,2019-08-10,2026-04-17 15:58:35.888906
bd4b3e7d-c165-47fd-b941-e80dd195bb7a,CUST-2020-UK-000724,Michelle,Smith,Michelle Smith,Male,1993-06-01,michelle.smith175@aol.com,+44161 4960490,70 Bethany glens,Jacksonmouth,East Glen,S9G 3YN,UK,United Kingdom,EMEA,English,Consumer,Silver,2020-09-22,2020,RETURNING,True,MDM,2020-09-22 00:00:00,2026-04-17 15:58:35.888908
2ab4b45e-2da0-445e-be22-e0e2b0dcbcf7,CUST-2019-UK-001215,Liam,Griffiths,Liam Griffiths,Female,2001-01-11,liam.griffiths384@msn.com,+44115 4960265,7 Robinson way,Marilynberg,Seanborough,G94 3GG,UK,United Kingdom,EMEA,English,Consumer,Silver,2019-06-02,2019,RETURNING,True,MDM,2019-06-02,2026-04-17 15:58:35.888910
e9ecbbe2-be03-4cdb-aafc-6ef9f7a74fd1,CUST-2019-UK-000653,Michelle,Griffiths,Michelle Griffiths,Male,2005-03-23,michelle.griffiths808@aol.com,(0113) 496 0563,70 Blackburn overpass,New Dawn,East Barbaraborough,M02 4LQ,UK,United Kingdom,EMEA,English,Consumer,None,2019-06-18,2019,RETURNING,True,MDM,2019-06-18,2026-04-17 15:58:35.888912
f1d2b636-3cb3-4f92-ab01-adf18f910030,CUST-2020-UK-000666,Bethany,Jennings,Bethany Jennings,Male,1972-02-29,bethany.jennings@protonmail.com,+44(0)131 496 0883,59 Scott center,New Glenborough,Jennaberg,E4C 4UA,UK,United Kingdom,EMEA,English,Consumer,None,2020-03-11,2020,RETURNING,False,MDM,2020-03-11 00:00:00,2026-04-17 15:58:35.888928
988abd27-30e6-4b03-ac0e-b451862ec205,CUST-2019-UK-000210,Joyce,Porter,Joyce Porter,Female,2004-09-09,joyce.porter@icloud.com,(029)2018545,"Flat 17A
Abigail roads",West Joel,Eleanorshire,G5K 9DU,UK,United Kingdom,EMEA,English,Consumer,None,2019-12-16,2019,RETURNING,True,MDM,2019-12-16,2026-04-17 15:58:35.888931
56b0621d-3d5a-4ce6-9f71-98c64b7293b5,CUST-2019-UK-000884,David,Taylor,David Taylor,Male,1984-05-09,david.taylor3@protonmail.com,(0151) 4960746,55 Hawkins spurs,Hortonville,South Ryanmouth,S3 3JY,UK,United Kingdom,EMEA,English,Consumer,Gold,2019-12-06,2019,RETURNING,True,MDM,2019-12-06,2026-04-17 15:58:35.888934
16ac9a57-5fe0-40d7-b6eb-a89eb9a2c0f7,CUST-2020-UK-000128,Deborah,Dennis,Deborah Dennis,Female,2006-11-29,deborah.dennis734@icloud.com,020 74960007,"Studio 78
Williams lodge",Jeffreyport,Lake Lucyfurt,BN5 0BF,UK,United Kingdom,EMEA,English,Consumer,None,2020-07-10,2020,RETURNING,True,MDM,2020-07-10 00:00:00,2026-04-17 15:58:35.888937
62ee659f-f447-4de0-87a8-031b8445f282,CUST-2019-UK-000292,Joanna,Stone,Joanna Stone,Male,1985-08-31,joanna.stone@zoho.com,+449098790825,275 Katie lodge,Janicemouth,New Natasha,M70 8UP,UK,United Kingdom,EMEA,English,Consumer,Silver,2019-02-15,2019,RETURNING,True,MDM,2019-02-15,2026-04-17 15:58:35.888939
528e8764-c5a6-4313-ad16-ea988ad8b938,CUST-2019-UK-001763,Sophie,Simpson,Sophie Simpson,Female,2002-08-21,sophie.simpson272@mail.com,+441134960759,263 Alice stravenue,Douglasmouth,East Diana,SA3 0QD,UK,United Kingdom,EMEA,English,Consumer,Gold,2019-08-02,2019,RETURNING,True,MDM,2019-08-02,2026-04-17 15:58:35.888940
5ea16974-702b-49fa-9e83-5be787a8b0ff,CUST-2019-UK-002133,Marc,Clark,Marc Clark,Male,1993-05-02,marc.clark@yahoo.com,(020) 7496 0497,079 Karen court,North Alice,Youngton,NP9 2XA,UK,United Kingdom,EMEA,English,Consumer,Silver,2019-08-11,2019,RETURNING,True,MDM,2019-08-11,2026-04-17 15:58:35.888942
309dbd25-373f-483c-9cc8-ff76100b39ee,CUST-2019-UK-001816,Lucy,Buckley,Lucy Buckley,Female,1985-11-06,lucy.buckley973@live.com,+441154960083,8 Jones roads,East Cliffordville,North Bernard,G5W 1RU,UK,United Kingdom,EMEA,English,Consumer,None,2019-04-01,2019,RETURNING,True,MDM,2019-04-01,2026-04-17 15:58:35.888944
9d929b3c-1029-46f3-8165-d7749f5164fd,CUST-2019-UK-000922,John,Buckley,John Buckley,Female,1990-05-02,john.buckley@hotmail.com,01134960083,"Studio 50A
Storey pass",West Nathan,Chelseaview,G6G 2HY,UK,United Kingdom,EMEA,English,Consumer,None,2019-09-15,2019,RETURNING,True,MDM,2019-09-15,2026-04-17 15:58:35.888946
d26469f4-b9ae-4407-9e43-549bc8561889,CUST-2019-UK-002044,Mitchell,Hughes,Mitchell Hughes,Male,1986-11-17,mitchell.hughes@hotmail.com,+441214960345,"Flat 2
Oliver tunnel",Brownhaven,Geraldinemouth,NP68 0BD,UK,United Kingdom,EMEA,English,Education,Gold,2019-01-21,2019,RETURNING,True,MDM,2019-01-21,2026-04-17 15:58:35.888952
7439b849-5266-4af3-9eab-126db48d455c,CUST-2019-UK-001055,Stewart,Fuller,Stewart Fuller,Female,1961-04-07,stewart.fuller@gmail.com,+44306 999 0167,96 Wilson dale,Sandrabury,Lake Jemmatown,CA3P 9TZ,UK,United Kingdom,EMEA,English,Education,Platinum,2019-01-13,2019,RETURNING,True,MDM,2019-01-13,2026-04-17 15:58:35.888954
5c1f197a-2182-4b95-bf23-36f2722ece9a,CUST-2019-UK-001640,Margaret,Burns,Margaret Burns,Female,1990-02-05,margaret.burns823@protonmail.com,+44(0)1144960931,"Flat 54
Clark points",Lake Christopherborough,Nelsonshire,OX3X 6RA,UK,United Kingdom,EMEA,English,Consumer,Silver,2019-10-17,2019,RETURNING,True,MDM,2019-10-17,2026-04-17 15:58:35.888956
05f025d1-a1ef-40db-801e-71547adaefc4,CUST-2019-UK-000879,Leigh,Powell,Leigh Powell,Female,1971-07-21,leigh.powell@zoho.com,(0131) 4960484,96 Sian haven,Henryshire,Stonestad,CM5 3FF,UK,United Kingdom,EMEA,English,Consumer,None,2019-12-14,2019,RETURNING,True,MDM,2019-12-14,2026-04-17 15:58:35.888958
799a2f8e-f5e3-4616-9544-6b663da03fbf,CUST-2019-UK-001584,Julie,Davies,Julie Davies,Male,1976-07-19,julie.davies@aol.com,+44(0)1514960489,"Flat 6
Sam forges",Woodborough,Leefort,G3 2HN,UK,United Kingdom,EMEA,English,Consumer,None,2019-03-21,2019,RETURNING,True,MDM,2019-03-21,2026-04-17 15:58:35.888960
1417925a-3b8d-407c-b9ce-6a7f15888fba,CUST-2019-UK-001799,Elliott,Harvey,Elliott Harvey,Male,1986-05-30,elliott.harvey464@zoho.com,01214960907,417 Sarah groves,Cliffordview,Barlowborough,G4 3QT,UK,United Kingdom,EMEA,English,Consumer,None,2019-03-25,2019,RETURNING,True,MDM,2019-03-25,2026-04-17 15:58:35.888961
b5b6ba52-c167-4dd3-b165-85c250aab35f,CUST-2019-UK-001969,Frances,Schofield,Frances Schofield,Female,1950-05-10,frances.schofield@yahoo.com,(0131) 496 0956,"Studio 16
Phillips trace",Wallacetown,New Lee,TA61 6JX,UK,United Kingdom,EMEA,English,Consumer,None,2019-07-05,2019,RETURNING,True,MDM,2019-07-05,2026-04-17 15:58:35.888963
32f96693-1a4a-4000-beec-ea2cb50ff3d4,CUST-2019-UK-002393,Beverley,Rose,Beverley Rose,Female,1972-04-10,beverley.rose416@yahoo.com,020 7946 0473,"Studio 7
Williams bridge",Nichollsport,Mauricebury,CB00 2ES,UK,United Kingdom,EMEA,English,Education,Silver,2019-10-02,2019,RETURNING,True,MDM,2019-10-02,2026-04-17 15:58:35.888969
5034a608-dbd6-499f-a742-e80fe1bd4767,CUST-2019-UK-001232,John,Moore,John Moore,Male,1974-11-19,john.moore@hotmail.com,+44909 879 0284,"Studio 20h
Burgess park",Lake Seanberg,New Matthewmouth,B11 6HN,UK,United Kingdom,EMEA,English,Business,None,2019-05-20,2019,RETURNING,True,MDM,2019-05-20,2026-04-17 15:58:35.888971
583491c7-6e18-4b85-8ca2-75eaca9c7c3e,CUST-2019-UK-001149,Frank,Mills,Frank Mills,Female,1967-01-11,frank.mills@gmx.com,03069990700,"Flat 81
Bowen estates",Cooperfurt,South Hayleyville,ME4 1DU,UK,United Kingdom,EMEA,English,Consumer,Gold,2019-02-17,2019,RETURNING,True,MDM,2019-02-17,2026-04-17 15:58:35.888973
30215631-9b4f-4151-bb44-85fcda5f4483,CUST-2020-UK-000672,Conor,Moss,Conor Moss,Female,1993-11-19,conor.moss@gmail.com,+44(0)131 496 0288,"Studio 4
McDonald cliff",West Grahammouth,Port Alison,ME0B 1QD,UK,United Kingdom,EMEA,English,Business,Silver,2020-04-05,2020,RETURNING,True,MDM,2020-04-05 00:00:00,2026-04-17 15:58:35.888974
e43d4a56-023b-4429-ab0f-ecd132e7fff1,CUST-2020-UK-000029,Bernard,Smart,Bernard Smart,Female,2006-04-02,bernard.smart@yahoo.com,01314960396,"Studio 2
Allan run",East Lynn,Elizabethview,S3B 8EU,UK,United Kingdom,EMEA,English,Business,Platinum,2020-05-03,2020,RETURNING,True,MDM,2020-05-03 00:00:00,2026-04-17 15:58:35.888976
2854e9f0-1785-48f1-89c4-ba03b7b76a96,CUST-2019-UK-000773,Scott,Jones,Scott Jones,Female,1951-02-05,scott.jones@zoho.com,+44115 496 0702,"Studio 2
Johnson well",New Joan,Kieranborough,TD2V 5NL,UK,United Kingdom,EMEA,English,Consumer,Silver,2019-03-02,2019,RETURNING,True,MDM,2019-03-02,2026-04-17 15:58:35.888977
15a3bc45-727e-4000-be44-30bd1b56c6d4,CUST-2019-UK-000905,Charlie,Kelly,Charlie Kelly,Male,1981-09-10,charlie.kelly@msn.com,+443069990997,71 Walton curve,New Antonymouth,Joneston,SS6 9UA,UK,United Kingdom,EMEA,English,Business,None,2019-09-14,2019,RETURNING,True,MDM,2019-09-14,2026-04-17 15:58:35.888979
a92b25c7-ee4a-4950-966c-4464f9dba35f,CUST-2019-UK-001153,Clive,Wilson,Clive Wilson,Male,1962-01-02,clive.wilson527@yahoo.com,(0141) 4960072,"Flat 52
Geraldine stream",New Duncanburgh,Fisherburgh,B4A 9XT,UK,United Kingdom,EMEA,English,Consumer,None,2019-06-09,2019,RETURNING,True,MDM,2019-06-09,2026-04-17 15:58:35.888981
c0036074-eca1-4a96-ba08-ff4eb0bbdacf,CUST-2019-UK-000278,Carly,Williams,Carly Williams,Male,1998-09-06,carly.williams@msn.com,+44191 4960916,5 Sam burgs,Dawnton,Shepherdbury,PH2Y 0GG,UK,United Kingdom,EMEA,English,Consumer,None,2019-06-20,2019,RETURNING,True,MDM,2019-06-20,2026-04-17 15:58:35.888987
a28aead8-a35e-447f-a7ac-27dc43043ff1,CUST-2020-UK-000571,Ryan,Hussain,Ryan Hussain,Female,1950-09-10,ryan.hussain@aol.com,+44(0)1632 960 623,"Flat 8
Bethany forest",New Davidhaven,Grahamland,S97 8PS,UK,United Kingdom,EMEA,English,Consumer,None,2020-01-29,2020,RETURNING,True,MDM,2020-01-29 00:00:00,2026-04-17 15:58:35.888988
3a1d6689-dfeb-4c0c-a8d6-ec750f1bbc20,CUST-2020-UK-000603,Peter,Morgan,Peter Morgan,Female,1997-05-16,peter.morgan@gmx.com,+44(0)1174960031,"Studio 88
Jeremy keys",New Justinbury,Port Mitchellborough,DG80 7NB,UK,United Kingdom,EMEA,English,Consumer,Platinum,2020-08-25,2020,RETURNING,True,MDM,2020-08-25 00:00:00,2026-04-17 15:58:35.888990
71af90f5-48ff-4ea2-a641-87d20e591950,CUST-2020-UK-000066,Billy,Cooper,Billy Cooper,Male,1955-10-15,billy.cooper@live.com,+44(0)1632 960 895,12 Amy branch,South Rachaelburgh,Whiteheadland,FK1 7QR,UK,United Kingdom,EMEA,English,Consumer,Platinum,2020-05-04,2020,RETURNING,True,MDM,2020-05-04 00:00:00,2026-04-17 15:58:35.888992
270110f5-b8ac-4714-992a-4d7e31150a40,CUST-2019-UK-000448,Francesca,Barnett,Francesca Barnett,Female,1978-08-12,francesca.barnett@gmx.com,028 9018 0305,650 Natasha glen,Wilsonhaven,Butlerville,WR84 9FX,UK,United Kingdom,EMEA,English,Consumer,Platinum,2019-07-03,2019,RETURNING,True,MDM,2019-07-03,2026-04-17 15:58:35.888993
ebf3b3d1-0f5a-44cc-9340-537d3161b2fd,CUST-2019-UK-001012,June,Moss,June Moss,Male,1958-09-26,june.moss580@yahoo.com,01184960581,088 Damien orchard,Richardsonmouth,Rogersland,CB0H 7LF,UK,United Kingdom,EMEA,English,Consumer,None,2019-09-30,2019,RETURNING,True,MDM,2019-09-30,2026-04-17 15:58:35.888995
cc4f28bd-d593-4a67-a7ea-9a2fe4070713,CUST-2019-UK-001039,Alice,Clarke,Alice Clarke,Male,1959-12-16,alice.clarke@gmail.com,+44(0)161 496 0186,"Studio 0
Colin oval",Port Pauline,South Douglas,HD7P 3RP,UK,United Kingdom,EMEA,English,Business,None,2019-05-24,2019,RETURNING,True,MDM,2019-05-24,2026-04-17 15:58:35.888997
adf47957-880b-4029-8011-27cc33c496b7,CUST-2019-UK-000360,Donald,Watkins,Donald Watkins,Male,1950-05-31,donald.watkins@hotmail.com,01314960287,"Studio 48W
Debra place",West Ashley,Marshallland,BT7 5EP,UK,United Kingdom,EMEA,English,Education,Gold,2019-08-03,2019,RETURNING,True,MDM,2019-08-03,2026-04-17 15:58:35.888998
376870ce-e120-48c4-b432-efa6f6ba02b4,CUST-2019-UK-000846,Ruth,Hurst,Ruth Hurst,Male,1973-10-24,ruth.hurst894@aol.com,(0115) 496 0671,"Flat 31
Murray roads",Fryside,Lake Robinport,CM1A 7YS,UK,United Kingdom,EMEA,English,Consumer,None,2019-08-23,2019,RETURNING,True,MDM,2019-08-23,2026-04-17 15:58:35.889004
4b38fb1d-d6c7-4a77-9ab8-bbede15c100c,CUST-2020-UK-000009,Pauline,Jones,Pauline Jones,Female,1980-04-15,pauline.jones741@icloud.com,+44(0)1514960023,0 Irene island,Williamsmouth,Nicolemouth,W4J 8QS,UK,United Kingdom,EMEA,English,Consumer,None,2020-04-14,2020,RETURNING,True,MDM,2020-04-14 00:00:00,2026-04-17 15:58:35.889006
8ba98336-6b7c-407e-9846-e95b89133a08,CUST-2019-UK-000895,Barry,Cooke,Barry Cooke,Female,1955-04-15,barry.cooke858@gmx.com,+44(0)1214960243,"Flat 4
Bennett extensions",East Melaniefort,West Janice,N5 5FG,UK,United Kingdom,EMEA,English,Consumer,Silver,2019-04-03,2019,RETURNING,True,MDM,2019-04-03,2026-04-17 15:58:35.889007
089d7727-d208-4930-bf2a-1233e3b36435,CUST-2019-UK-001887,Justin,Young,Justin Young,Male,1969-01-18,justin.young345@icloud.com,+44(0)118 496 0787,944 Baxter street,Sophieton,Joneshaven,WF9 7YX,UK,United Kingdom,EMEA,English,Consumer,Gold,2019-05-16,2019,RETURNING,True,MDM,2019-05-16,2026-04-17 15:58:35.889009
7a47debf-512d-4dbf-907a-361ac78dce0b,CUST-2020-UK-000288,Kieran,Smith,Kieran Smith,Female,1957-04-09,kieran.smith@icloud.com,+44808 157 0525,4 Brookes lodge,Victorbury,Lake Marian,SK0Y 0RX,UK,United Kingdom,EMEA,English,Consumer,None,2020-09-07,2020,RETURNING,True,MDM,2020-09-07 00:00:00,2026-04-17 15:58:35.889011
dc2f5bc4-4adb-431a-a01a-10174700824c,CUST-2019-UK-001311,Olivia,Thompson,Olivia Thompson,Female,1964-06-13,olivia.thompson@msn.com,0161 4960415,"Flat 99
Thompson inlet",East Rogerfurt,Sandraport,G2 2GL,UK,United Kingdom,EMEA,English,Consumer,Gold,2019-10-06,2019,RETURNING,True,MDM,2019-10-06,2026-04-17 15:58:35.889012
6de2350e-4883-4a5f-9e0e-2de710b64629,CUST-2020-UK-000751,Gillian,Hutchinson,Gillian Hutchinson,Male,2001-08-10,gillian.hutchinson382@outlook.com,+441514960282,"Flat 40Q
Stephen cape",Brendamouth,Brownmouth,S37 6RU,UK,United Kingdom,EMEA,English,Consumer,Silver,2020-01-22,2020,RETURNING,True,MDM,2020-01-22 00:00:00,2026-04-17 15:58:35.889014
8aff997c-42fe-46c1-9a98-3021db0e9928,CUST-2019-UK-000702,Stacey,Mason,Stacey Mason,Male,1960-10-27,stacey.mason802@gmail.com,(028) 9018375,25 Marilyn field,North Kirsty,Hazelborough,TR1R 2HD,UK,United Kingdom,EMEA,English,Consumer,None,2019-08-03,2019,RETURNING,True,MDM,2019-08-03,2026-04-17 15:58:35.889016
7c853c11-e4c8-43a8-b85e-eda1ccaecf6c,CUST-2019-UK-000235,Benjamin,Jordan,Benjamin Jordan,Male,1996-04-16,benjamin.jordan@yahoo.com,+441632 960225,"Studio 62
King parkways",North Jodieburgh,Masonland,S71 0SA,UK,United Kingdom,EMEA,English,Education,Platinum,2019-08-13,2019,RETURNING,True,MDM,2019-08-13,2026-04-17 15:58:35.889021
70ffd4b6-cc89-4a2e-ac27-58af416dbbaf,CUST-2020-UK-000698,Heather,Knight,Heather Knight,Male,1963-10-18,heather.knight295@live.com,0113 496 0559,"Flat 6
Hill tunnel",Port Ronaldfort,Port Oliver,M7F 8AQ,UK,United Kingdom,EMEA,English,Consumer,Silver,2020-07-31,2020,RETURNING,True,MDM,2020-07-31 00:00:00,2026-04-17 15:58:35.889022
d126abc0-eda9-4709-9e47-293069cdc095,CUST-2019-UK-000728,Alan,Clarke,Alan Clarke,Male,1971-08-30,alan.clarke@yahoo.com,(0141)4960848,1 Tracey canyon,Port Georgia,Simmonsberg,M2B 2PW,UK,United Kingdom,EMEA,English,Consumer,None,2019-03-30,2019,RETURNING,True,MDM,2019-03-30,2026-04-17 15:58:35.889024
910c80ce-2ba6-4cb9-b1ba-f4b198e50649,CUST-2020-UK-000527,Lydia,Cooper,Lydia Cooper,Male,1957-04-04,lydia.cooper@zoho.com,+44131 496 0269,"Studio 14
Payne plaza",Rachelbury,South Traceytown,LU5 5NW,UK,United Kingdom,EMEA,English,Consumer,Gold,2020-10-03,2020,RETURNING,False,MDM,2020-10-03 00:00:00,2026-04-17 15:58:35.889026
f6415c08-6ecd-4f21-aaa6-77e004a3af6a,CUST-2019-UK-002156,Debra,Davidson,Debra Davidson,Female,2000-11-22,debra.davidson277@msn.com,+44(0)118 4960929,"Flat 61d
Johnson port",North Edwardberg,Dominicberg,M4 5TU,UK,United Kingdom,EMEA,English,Education,None,2019-08-24,2019,RETURNING,True,MDM,2019-08-24,2026-04-17 15:58:35.889028
ff4ac2fb-5653-4d9b-a1c5-4a9c8320340d,CUST-2019-UK-001752,Cheryl,Dunn,Cheryl Dunn,Female,1966-02-27,cheryl.dunn@mail.com,0113 496 0292,7 Williams way,West Marionberg,East Clive,BN3 3YF,UK,United Kingdom,EMEA,English,Consumer,None,2019-01-05,2019,RETURNING,True,MDM,2019-01-05,2026-04-17 15:58:35.889030
964e1c87-aa33-402a-998c-153b358f5e94,CUST-2019-UK-001958,Lesley,Cox,Lesley Cox,Female,1958-07-24,lesley.cox204@icloud.com,(0161) 496 0512,4 Christopher avenue,South Ian,Janetfort,G1 1AX,UK,United Kingdom,EMEA,English,Consumer,Silver,2019-10-09,2019,RETURNING,True,MDM,2019-10-09,2026-04-17 15:58:35.889031
6d1796b8-4ac3-4a60-ad6c-b24961e16371,CUST-2020-UK-000534,Alex,Lawrence,Alex Lawrence,Female,1998-06-11,alex.lawrence@mail.com,+4428 9018 0015,"Flat 5
Allan forks",South Kevinchester,South Claire,B6U 4TR,UK,United Kingdom,EMEA,English,Consumer,None,2020-09-21,2020,RETURNING,True,MDM,2020-09-21 00:00:00,2026-04-17 15:58:35.889033
cbfb5c02-7e69-4ea3-8b61-68eb1e17031d,CUST-2019-UK-000832,Danielle,Stewart,Danielle Stewart,Female,1961-08-02,danielle.stewart947@msn.com,+44(0)909 8790427,9 Jones drive,Jacksonport,South Georgia,RG9 0UW,UK,United Kingdom,EMEA,English,Consumer,None,2019-07-22,2019,RETURNING,True,MDM,2019-07-22,2026-04-17 15:58:35.889039
d43127e0-0c7f-4f63-8c32-21384c56323e,CUST-2020-UK-000188,Shannon,Wood,Shannon Wood,Male,1952-05-27,shannon.wood@gmx.com,+44(0)116 496 0397,34 Joshua manor,West Patriciahaven,Zoebury,YO24 8YZ,UK,United Kingdom,EMEA,English,Consumer,None,2020-12-27,2020,RETURNING,True,MDM,2020-12-27 00:00:00,2026-04-17 15:58:35.889041
def9605e-3e35-4089-8665-44888d596096,CUST-2019-UK-000479,William,Potter,William Potter,Male,1980-02-26,william.potter20@aol.com,02074960377,"Studio 7
Noble prairie",Port Brandonshire,East Philip,W76 8ZY,UK,United Kingdom,EMEA,English,Consumer,Silver,2019-04-23,2019,RETURNING,True,MDM,2019-04-23,2026-04-17 15:58:35.889042
44dedec9-752a-4046-a887-1111b2b934dc,CUST-2019-UK-000314,Carl,Brown,Carl Brown,Male,1956-04-20,carl.brown@yahoo.com,+441164960455,8 Connor bridge,South Jeffreystad,North Pamela,B0C 8GA,UK,United Kingdom,EMEA,English,Consumer,None,2019-05-05,2019,RETURNING,True,MDM,2019-05-05,2026-04-17 15:58:35.889044
a492b641-63e0-4258-89b7-1d39e492f6da,CUST-2019-UK-002170,Russell,McCarthy,Russell McCarthy,Female,1990-05-07,russell.mccarthy905@outlook.com,0115 4960933,"Studio 6
Elaine locks",Parsonschester,New Vincent,G73 0SF,UK,United Kingdom,EMEA,English,Consumer,None,2019-07-29,2019,RETURNING,True,MDM,2019-07-29,2026-04-17 15:58:35.889046
c0587501-e37a-4738-9878-5e2fa01187e4,CUST-2019-UK-001201,Diane,Ali,Diane Ali,Female,1962-01-03,diane.ali@hotmail.com,+441184960938,8 Maureen way,South Maureenberg,Lake Annette,BT3 8JD,UK,United Kingdom,EMEA,English,Consumer,None,2019-03-26,2019,RETURNING,True,MDM,2019-03-26,2026-04-17 15:58:35.889048
bba686f7-814b-4281-a587-873175f805b4,CUST-2019-UK-001731,Yvonne,Oliver,Yvonne Oliver,Male,1970-08-07,yvonne.oliver@aol.com,03069990745,6 Burke center,West Melissafurt,East Juneshire,SE6 1YU,UK,United Kingdom,EMEA,English,Consumer,Gold,2019-09-25,2019,RETURNING,True,MDM,2019-09-25,2026-04-17 15:58:35.889049
cf656c73-85fd-46b2-84ef-4d2021b260e9,CUST-2019-UK-000640,Glen,Evans,Glen Evans,Male,1967-05-22,glen.evans@mail.com,+44(0)1214960603,34 Patel wells,Port Lesley,Jamesshire,DN9N 9RL,UK,United Kingdom,EMEA,English,Consumer,Gold,2019-07-06,2019,RETURNING,True,MDM,2019-07-06,2026-04-17 15:58:35.889051
ce587284-b82b-40ec-98cc-884a015a0a8a,CUST-2019-UK-001772,Elliot,Newton,Elliot Newton,Female,1975-12-07,elliot.newton883@live.com,(0306)9990398,3 Gray brook,North Teresa,Russellborough,L1S 7FS,UK,United Kingdom,EMEA,English,Business,None,2019-03-11,2019,RETURNING,True,MDM,2019-03-11,2026-04-17 15:58:35.889057
6c627040-7c45-4e25-b817-1385ebbb4323,CUST-2019-UK-000823,Harry,Benson,Harry Benson,Female,2006-12-24,harry.benson119@msn.com,(0121) 496 0435,60 Khan harbors,Millsfort,Abigailfort,HD3N 6SE,UK,United Kingdom,EMEA,English,Consumer,None,2019-07-27,2019,RETURNING,True,MDM,2019-07-27,2026-04-17 15:58:35.889059
7df1ce9a-d87f-4c6d-bc26-ae5cd96a87f9,CUST-2020-UK-000189,Kate,Dennis,Kate Dennis,Female,1965-02-06,kate.dennis@gmx.com,+44161 496 0413,"Studio 6
Marion crescent",Richardsonport,Patriciamouth,RG51 2LW,UK,United Kingdom,EMEA,English,Consumer,None,2020-03-03,2020,RETURNING,True,MDM,2020-03-03 00:00:00,2026-04-17 15:58:35.889061
3f1bbd81-3f8c-48bf-9cd0-b4203fde3a3d,CUST-2019-UK-000408,Matthew,Williams,Matthew Williams,Male,2006-09-04,matthew.williams899@protonmail.com,+44151 496 0878,"Studio 49o
Spencer path",Fitzgeraldtown,Greenview,DA6 3YY,UK,United Kingdom,EMEA,English,Education,Platinum,2019-01-28,2019,RETURNING,True,MDM,2019-01-28,2026-04-17 15:58:35.889062
5c5b73df-7ad5-48ee-8679-856cf6449a96,CUST-2019-UK-001347,Kevin,Brooks,Kevin Brooks,Female,1983-03-21,kevin.brooks@icloud.com,0151 4960011,"Studio 95d
Christopher pine",South Nathanland,Lukeside,M48 6EP,UK,United Kingdom,EMEA,English,Consumer,Silver,2019-12-09,2019,RETURNING,False,MDM,2019-12-09,2026-04-17 15:58:35.889064
5c973bf5-f516-4408-ae90-7237f5f62bbe,CUST-2019-UK-001582,Neil,Hughes,Neil Hughes,Female,1985-03-16,neil.hughes68@hotmail.com,+44(0)141 4960334,"Studio 81
Stacey station",Bethanside,New Claretown,E7 0HA,UK,United Kingdom,EMEA,English,Consumer,None,2019-03-08,2019,RETURNING,True,MDM,2019-03-08,2026-04-17 15:58:35.889065
2ceba3d2-3ae5-467d-8b3d-9756a66b2a56,CUST-2020-UK-000192,Amelia,Savage,Amelia Savage,Female,2008-02-20,amelia.savage@live.com,0151 496 0036,0 Dennis groves,Williamsport,Hawkinstown,M8A 4JE,UK,United Kingdom,EMEA,English,Consumer,Gold,2020-09-08,2020,RETURNING,True,MDM,2020-09-08 00:00:00,2026-04-17 15:58:35.889067
d11140d8-0d9e-4db8-a027-0c17aabdc06d,CUST-2020-UK-000564,Craig,Wilson,Craig Wilson,Female,1954-04-01,craig.wilson687@hotmail.com,+44(0)1514960333,738 Mills orchard,New Patriciatown,Port Carl,B84 4BL,UK,United Kingdom,EMEA,English,Consumer,Platinum,2020-04-30,2020,RETURNING,True,MDM,2020-04-30 00:00:00,2026-04-17 15:58:35.889068
7038b065-59d9-45ff-a5b8-f6d72f41d9a2,CUST-2020-UK-000542,Martin,Lloyd,Martin Lloyd,Female,1995-10-10,martin.lloyd@outlook.com,+44(0)808 1570176,03 Walker common,East Joyce,Port David,S40 0GE,UK,United Kingdom,EMEA,English,Consumer,Silver,2020-08-07,2020,RETURNING,True,MDM,2020-08-07 00:00:00,2026-04-17 15:58:35.889074
0280117d-e8bf-401e-8093-92060737ea67,CUST-2020-UK-000014,Zoe,Taylor,Zoe Taylor,Female,1960-04-05,zoe.taylor@yahoo.com,01154960230,560 Vincent corners,Johnstad,Sharphaven,W82 5LT,UK,United Kingdom,EMEA,English,Consumer,None,2020-11-22,2020,RETURNING,True,MDM,2020-11-22 00:00:00,2026-04-17 15:58:35.889076
f2ce2e43-0e92-4aab-b581-4f3610243e5f,CUST-2019-UK-002354,Craig,Khan,Craig Khan,Female,1979-07-19,craig.khan@aol.com,(0115)4960489,458 Townsend heights,Simonborough,Laurenbury,CA87 6JR,UK,United Kingdom,EMEA,English,Consumer,None,2019-10-07,2019,RETURNING,True,MDM,2019-10-07,2026-04-17 15:58:35.889078
38409605-4ce8-4765-a37c-7bb9a048a9cf,CUST-2019-UK-000638,Bryan,Lawrence,Bryan Lawrence,Male,1999-06-10,bryan.lawrence@yahoo.com,0306 999 0548,"Flat 5
Ferguson camp",Ruthland,North Samanthamouth,B9 2RB,UK,United Kingdom,EMEA,English,Consumer,Gold,2019-07-13,2019,RETURNING,True,MDM,2019-07-13,2026-04-17 15:58:35.889080
4b220557-cc35-47dc-a8bb-723cec4674d5,CUST-2019-UK-000619,Carol,Johnson,Carol Johnson,Male,1976-12-21,carol.johnson@aol.com,+44(0)28 9018 0981,745 Hunt lock,Begumbury,Marshallfort,NW10 2WB,UK,United Kingdom,EMEA,English,Business,Silver,2019-12-07,2019,RETURNING,True,MDM,2019-12-07,2026-04-17 15:58:35.889081
2ce6e0ee-088a-46da-805b-c727adf6bf7e,CUST-2020-UK-000491,Damian,Carpenter,Damian Carpenter,Male,2001-07-31,damian.carpenter@mail.com,+44(0)29 2018543,07 Warner track,Port Graeme,New Lawrence,CW1W 7WY,UK,United Kingdom,EMEA,English,Consumer,Gold,2020-04-05,2020,RETURNING,True,MDM,2020-04-05 00:00:00,2026-04-17 15:58:35.889083
ca0f941b-dc98-4dcc-a4fa-4ad7ea82443e,CUST-2019-UK-002256,Leigh,Clarke,Leigh Clarke,Male,1959-12-17,leigh.clarke@live.com,+44(0)116 496 0599,13 Dale tunnel,Brownfurt,South Jonathan,KW3A 5PB,UK,United Kingdom,EMEA,English,Consumer,None,2019-11-30,2019,RETURNING,True,MDM,2019-11-30,2026-04-17 15:58:35.889085
a69158ec-5f36-44ce-8bdc-24e0fbab86c2,CUST-2020-UK-000738,Eleanor,Griffiths,Eleanor Griffiths,Male,2005-12-20,eleanor.griffiths@gmx.com,+4429 2018885,747 Fox squares,West Patrick,Hayleyfurt,CR7W 8HS,UK,United Kingdom,EMEA,English,Consumer,Platinum,2020-12-30,2020,RETURNING,True,MDM,2020-12-30 00:00:00,2026-04-17 15:58:35.889086
f1ccb288-6a44-4e53-b7e4-12ffa780e315,CUST-2020-UK-000619,Oliver,Miller,Oliver Miller,Female,1976-06-21,oliver.miller@zoho.com,(0141) 496 0922,199 Norris shores,New Leahhaven,East Jonathanton,PL46 0TD,UK,United Kingdom,EMEA,English,Consumer,Silver,2020-10-23,2020,RETURNING,True,MDM,2020-10-23 00:00:00,2026-04-17 15:58:35.889091
187acea2-e6f4-4d70-93d7-3f59a3e39ee3,CUST-2020-UK-000701,Victoria,Ali,Victoria Ali,Male,1975-06-17,victoria.ali@protonmail.com,+44116 496 0044,"Flat 49w
Martyn crossroad",Lake Charlestown,New George,W3 7SN,UK,United Kingdom,EMEA,English,Business,None,2020-01-15,2020,RETURNING,True,MDM,2020-01-15 00:00:00,2026-04-17 15:58:35.889093
d7e46669-a4a2-4a01-9f68-2043a39e6c64,CUST-2019-UK-002139,Jonathan,Barber,Jonathan Barber,Female,1980-06-27,jonathan.barber@gmail.com,02074960589,"Flat 19
Deborah burg",Lake Bruceborough,New Francescaville,N7 3SP,UK,United Kingdom,EMEA,English,Consumer,None,2019-08-21,2019,RETURNING,True,MDM,2019-08-21,2026-04-17 15:58:35.889095
4099daea-5f1c-471c-b73a-df9a8d3f07e8,CUST-2019-UK-002267,Howard,Young,Howard Young,Female,2002-03-19,howard.young@mail.com,+44(0)131 496 0889,"Studio 12A
Abbie manors",Kingview,East Katyview,W8F 8BP,UK,United Kingdom,EMEA,English,Business,None,2019-11-24,2019,RETURNING,True,MDM,2019-11-24,2026-04-17 15:58:35.889097
cc1dde8e-f61e-4233-ac77-98b10ae6f183,CUST-2019-UK-000298,Joel,Price,Joel Price,Female,1999-03-22,joel.price256@outlook.com,+44306 9990987,7 Roy islands,East Lawrence,Port Pamela,E0 8JQ,UK,United Kingdom,EMEA,English,Business,Platinum,2019-08-04,2019,RETURNING,True,MDM,2019-08-04,2026-04-17 15:58:35.889099
07c08c77-3711-4747-8ecc-24a3c8f8a7e3,CUST-2019-UK-000383,Adrian,Fleming,Adrian Fleming,Male,1975-02-20,adrian.fleming@gmail.com,+44(0)151 496 0604,"Studio 4
Knight path",Lake Jeremychester,Morganshire,W8F 9QB,UK,United Kingdom,EMEA,English,Consumer,None,2019-04-19,2019,RETURNING,True,MDM,2019-04-19,2026-04-17 15:58:35.889101
cec4650b-2203-4cfa-a585-69c193994182,CUST-2019-UK-000721,Jean,Kent,Jean Kent,Male,1957-07-10,jean.kent@icloud.com,0121 496 0985,6 Jamie fort,Port Mohamed,South Dennisfort,L8E 0EH,UK,United Kingdom,EMEA,English,Consumer,Platinum,2019-09-15,2019,RETURNING,True,MDM,2019-09-15,2026-04-17 15:58:35.889102
aab09030-b5f0-41a0-b3ee-8eeba8eab402,CUST-2019-UK-000153,Lawrence,Stephens,Lawrence Stephens,Female,1956-11-12,lawrence.stephens@zoho.com,+44(0)1144960340,8 Black cliff,Harrisside,Coxbury,G2 0GT,UK,United Kingdom,EMEA,English,Consumer,Silver,2019-03-04,2019,RETURNING,True,MDM,2019-03-04,2026-04-17 15:58:35.889104
881dba4f-ad05-424f-9784-48bf28123ba5,CUST-2019-UK-000184,Mitchell,West,Mitchell West,Male,1974-01-17,mitchell.west@zoho.com,+441214960212,051 Ellie trafficway,Harveytown,East Brandon,EX4V 1ZL,UK,United Kingdom,EMEA,English,Consumer,None,2019-02-22,2019,RETURNING,True,MDM,2019-02-22,2026-04-17 15:58:35.889110
ad3e2535-ecd0-4e99-a239-7504fdbcaca2,CUST-2020-UK-000234,Geraldine,Foster,Geraldine Foster,Female,1999-01-16,geraldine.foster937@outlook.com,+44(0)113 4960929,"Flat 0
Cheryl roads",Kerrbury,Roberthaven,SS8N 0GF,UK,United Kingdom,EMEA,English,Consumer,Gold,2020-08-23,2020,RETURNING,True,MDM,2020-08-23 00:00:00,2026-04-17 15:58:35.889111
c4dc286c-a822-4166-9333-8b310d54da07,CUST-2020-UK-000458,Kevin,Smith,Kevin Smith,Female,1950-07-03,kevin.smith@icloud.com,+44(0)808 1570368,8 Hannah way,Wilkinsonfort,Batesberg,L6 0QE,UK,United Kingdom,EMEA,English,Consumer,None,2020-03-18,2020,RETURNING,False,MDM,2020-03-18 00:00:00,2026-04-17 15:58:35.889114
f8fa8965-c405-453e-9208-aae68a6dda51,CUST-2019-UK-001169,Tom,Marsden,Tom Marsden,Male,1992-02-21,tom.marsden162@outlook.com,029 2018 0163,"Studio 36
Stokes island",Christineville,West Kate,IV60 7LN,UK,United Kingdom,EMEA,English,Consumer,Gold,2019-09-27,2019,RETURNING,True,MDM,2019-09-27,2026-04-17 15:58:35.889115
0622ca08-8662-4b7e-baa2-e789b55c60cb,CUST-2020-UK-000607,Edward,Lamb,Edward Lamb,Male,1967-09-17,edward.lamb@yahoo.com,0131 4960537,"Studio 32
Kimberley junction",Owenview,Matthewside,WC44 8WL,UK,United Kingdom,EMEA,English,Consumer,None,2020-08-12,2020,RETURNING,True,MDM,2020-08-12 00:00:00,2026-04-17 15:58:35.889117
8c71f7eb-675f-4dd9-86e8-f6798f9b686f,CUST-2019-UK-000892,Brett,Whittaker,Brett Whittaker,Male,1998-01-05,brett.whittaker@aol.com,+44(0)121 496 0089,436 Jenkins via,Clivemouth,Jonesview,S12 3RB,UK,United Kingdom,EMEA,English,Consumer,Gold,2019-10-25,2019,RETURNING,True,MDM,2019-10-25,2026-04-17 15:58:35.889118
a4bb6e96-c168-4ef6-96e4-df95cf72660b,CUST-2019-UK-002048,Anthony,Baxter,Anthony Baxter,Male,1988-09-27,anthony.baxter@protonmail.com,01184960483,"Flat 04
Ahmed brooks",Robertport,Oliviaville,BT33 4UL,UK,United Kingdom,EMEA,English,Business,None,2019-07-07,2019,RETURNING,True,MDM,2019-07-07,2026-04-17 15:58:35.889121
33a017de-ec19-416b-b88a-302961efd84d,CUST-2019-UK-002216,Aimee,Field,Aimee Field,Female,1965-06-25,aimee.field590@live.com,0121 496 0123,326 Hunter run,North Annchester,Morrisshire,EN1N 1EL,UK,United Kingdom,EMEA,English,Consumer,None,2019-12-24,2019,RETURNING,True,MDM,2019-12-24,2026-04-17 15:58:35.889123
7d5bd569-e54b-4fc6-9f74-47e550808ebf,CUST-2019-UK-000234,Margaret,Kay,Margaret Kay,Female,1977-12-03,margaret.kay@protonmail.com,0113 4960956,"Flat 99d
Vanessa crossing",Port Judith,South Victor,EN39 9HW,UK,United Kingdom,EMEA,English,Consumer,None,2019-01-12,2019,RETURNING,True,MDM,2019-01-12,2026-04-17 15:58:35.889126
e26ff2f0-2f48-4d99-83e0-e84b403f4ba4,CUST-2019-UK-000064,Gregory,Bryan,Gregory Bryan,Male,1954-05-25,gregory.bryan@zoho.com,0151 4960996,"Flat 11v
Olivia ports",Taylorhaven,Joneschester,W02 1DY,UK,United Kingdom,EMEA,English,Consumer,Silver,2019-10-07,2019,RETURNING,True,MDM,2019-10-07,2026-04-17 15:58:35.889127
6a3556dc-8cba-4b45-9af9-abf8554277c5,CUST-2019-UK-002250,James,Harvey,James Harvey,Male,1977-06-06,james.harvey@gmx.com,(01632)960653,"Flat 96
Jay squares",Johnsonside,Claytontown,LU9Y 7AP,UK,United Kingdom,EMEA,English,Business,Platinum,2019-04-02,2019,RETURNING,True,MDM,2019-04-02,2026-04-17 15:58:35.889129
de2f511d-292c-4e60-8aae-63ff7f8403a8,CUST-2019-UK-002365,Marion,Morgan,Marion Morgan,Female,1959-07-14,marion.morgan858@live.com,(0113) 4960726,34 Ryan creek,West Annfurt,Johnsonbury,BL6 6GS,UK,United Kingdom,EMEA,English,Business,Gold,2019-09-09,2019,RETURNING,True,MDM,2019-09-09,2026-04-17 15:58:35.889130
01778881-fea0-460d-b2f4-3b18c6e492cf,CUST-2019-UK-001569,Scott,Smith,Scott Smith,Male,1971-09-17,scott.smith@gmx.com,02074960261,8 Evans harbors,Lake Marcville,Darrenfurt,CO2E 9QF,UK,United Kingdom,EMEA,English,Consumer,Silver,2019-03-23,2019,RETURNING,True,MDM,2019-03-23,2026-04-17 15:58:35.889132
ba96c38b-2710-4c8f-bb93-5ccf59b8432a,CUST-2019-UK-001721,Jade,Clarke,Jade Clarke,Female,2005-12-30,jade.clarke505@zoho.com,+44151 496 0897,3 Scott keys,East Jessica,Popefurt,E8A 7QH,UK,United Kingdom,EMEA,English,Consumer,None,2019-09-14,2019,RETURNING,True,MDM,2019-09-14,2026-04-17 15:58:35.889134
4f2b3183-0085-4777-be97-ffb5fb2eb2c9,CUST-2019-UK-002391,Louise,Davidson,Louise Davidson,Male,1956-07-25,louise.davidson766@msn.com,+44909 8790442,104 Bowen freeway,North Joan,Sianbury,M41 8NY,UK,United Kingdom,EMEA,English,Consumer,None,2019-05-11,2019,RETURNING,True,MDM,2019-05-11,2026-04-17 15:58:35.889136
f95ae537-2e7a-46b9-b6e2-eda2d4900b75,CUST-2020-UK-000093,Donald,Davies,Donald Davies,Female,1988-11-08,donald.davies@protonmail.com,+44114 4960379,47 Peacock road,Victoriaton,West Aimeestad,W55 0WP,UK,United Kingdom,EMEA,English,Consumer,None,2020-01-27,2020,RETURNING,True,MDM,2020-01-27 00:00:00,2026-04-17 15:58:35.889141
687c0640-cd56-4e22-b289-cb0288b15a2f,CUST-2020-UK-000377,Sarah,Rogers,Sarah Rogers,Male,1963-08-23,sarah.rogers@zoho.com,+44(0)1154960612,"Studio 41
Leonard forge",Port Lynneside,Smithbury,TF0 7WP,UK,United Kingdom,EMEA,English,Business,Silver,2020-07-25,2020,RETURNING,True,MDM,2020-07-25 00:00:00,2026-04-17 15:58:35.889143
5b3ebc11-de0f-4565-9ebd-cc6c07c7d21a,CUST-2019-UK-002169,Tom,Moore,Tom Moore,Male,1950-10-27,tom.moore821@gmx.com,01134960023,"Studio 06E
Turner viaduct",East Joannahaven,Lake Bethanyland,NW5P 9ZF,UK,United Kingdom,EMEA,English,Consumer,None,2019-12-26,2019,RETURNING,True,MDM,2019-12-26,2026-04-17 15:58:35.889145
e8a83322-ee04-43bc-89e0-9fd63addcf22,CUST-2020-UK-000453,Matthew,Lee,Matthew Lee,Male,1996-11-01,matthew.lee@outlook.com,029 2018 0636,"Flat 7
Griffin shoals",Bartonburgh,East Shaunville,N63 5ZJ,UK,United Kingdom,EMEA,English,Consumer,None,2020-08-25,2020,RETURNING,True,MDM,2020-08-25 00:00:00,2026-04-17 15:58:35.889147
55b30780-2d10-4887-beb2-f286a4f813a0,CUST-2019-UK-000643,Derek,Owen,Derek Owen,Male,1993-07-17,derek.owen579@outlook.com,0141 496 0985,98 Carroll branch,Rogersville,South Michelleburgh,JE00 8NA,UK,United Kingdom,EMEA,English,Consumer,Silver,2019-07-31,2019,RETURNING,True,MDM,2019-07-31,2026-04-17 15:58:35.889148
c6df18cf-6642-4df1-afd3-1796ec90e2e4,CUST-2019-UK-001400,Leslie,Rhodes,Leslie Rhodes,Female,1957-12-05,leslie.rhodes@protonmail.com,01914960570,5 Walters valley,Lake Ericfurt,Douglasburgh,W9D 9XU,UK,United Kingdom,EMEA,English,Consumer,None,2019-01-28,2019,RETURNING,True,MDM,2019-01-28,2026-04-17 15:58:35.889150
7a7cd458-1860-49b8-be00-979fdecfdc6e,CUST-2019-UK-001416,Amanda,Hall,Amanda Hall,Male,1987-08-29,amanda.hall763@aol.com,+44(0)116 496 0327,7 Williams motorway,East Cherylview,Martintown,HS23 4XJ,UK,United Kingdom,EMEA,English,Consumer,None,2019-05-21,2019,RETURNING,True,MDM,2019-05-21,2026-04-17 15:58:35.889152
0b3acdf4-7065-41a5-97aa-e91f0cc49d3a,CUST-2019-UK-001045,Maria,Byrne,Maria Byrne,Male,1978-04-09,maria.byrne585@msn.com,+44161 496 0911,808 Davies forge,West Brandon,Jeffreyfort,M9T 8PD,UK,United Kingdom,EMEA,English,Consumer,None,2019-02-02,2019,RETURNING,True,MDM,2019-02-02,2026-04-17 15:58:35.889154
6e10be3a-50d5-4e08-b7f5-702ef2dd1dd8,CUST-2019-UK-001457,Carol,Kaur,Carol Kaur,Female,1984-02-08,carol.kaur@msn.com,+441632960807,"Flat 0
Gary freeway",New Jeffreymouth,Lake Bethview,W49 9AU,UK,United Kingdom,EMEA,English,Consumer,None,2019-11-04,2019,RETURNING,True,MDM,2019-11-04,2026-04-17 15:58:35.889165
daa2f98c-abe4-4e66-bed0-4639354f73bd,CUST-2020-UK-000608,Arthur,Edwards,Arthur Edwards,Female,1951-09-27,arthur.edwards@live.com,+44(0)141 4960664,"Studio 80n
Robin meadow",Simonburgh,Boltonport,S5T 9QA,UK,United Kingdom,EMEA,English,Consumer,None,2020-04-02,2020,RETURNING,True,MDM,2020-04-02 00:00:00,2026-04-17 15:58:35.889167
f3961ea6-f28a-46ba-a856-89878bfd2670,CUST-2019-UK-002337,Joe,Glover,Joe Glover,Female,1959-01-04,joe.glover@aol.com,0289018426,59 White island,Port Jodieview,Amyberg,N9E 7SQ,UK,United Kingdom,EMEA,English,Consumer,None,2019-11-05,2019,RETURNING,True,MDM,2019-11-05,2026-04-17 15:58:35.889172
075b798a-21a1-43aa-bb35-55ddb6afcf6f,CUST-2020-UK-000153,Ben,Fletcher,Ben Fletcher,Male,2005-09-27,ben.fletcher@gmail.com,+441414960219,"Studio 37G
Dawn meadow",Leonland,Stephenhaven,SA2A 0DW,UK,United Kingdom,EMEA,English,Education,None,2020-09-03,2020,RETURNING,True,MDM,2020-09-03 00:00:00,2026-04-17 15:58:35.889174
7d9a1d30-40d5-4ac8-b8f4-b9a046377e09,CUST-2019-UK-002173,Joshua,George,Joshua George,Female,1984-11-29,joshua.george@gmx.com,+44(0)1632 960 866,"Flat 5
Evans glens",East Jemma,North Margaret,HX1 4QT,UK,United Kingdom,EMEA,English,Consumer,Gold,2019-03-08,2019,RETURNING,True,MDM,2019-03-08,2026-04-17 15:58:35.889177
00d92ef5-06bf-486d-9a8f-268f180171f9,CUST-2020-UK-000760,Frederick,Watkins,Frederick Watkins,Male,1990-09-30,frederick.watkins523@outlook.com,028 9018 0549,"Flat 83z
Cheryl tunnel",North Juliachester,South Maureentown,N5C 8RJ,UK,United Kingdom,EMEA,English,Consumer,None,2020-08-16,2020,RETURNING,True,MDM,2020-08-16 00:00:00,2026-04-17 15:58:35.889179
bd89fb10-c678-4129-8183-1a3a44aaee84,CUST-2019-UK-001408,Judith,Harris,Judith Harris,Female,1967-07-28,judith.harris@mail.com,+44116 496 0082,"Flat 68
Berry stravenue",Greenview,Stewartville,EH4 5XX,UK,United Kingdom,EMEA,English,Business,Gold,2019-10-18,2019,RETURNING,True,MDM,2019-10-18,2026-04-17 15:58:35.889180
3a8205f8-0c03-45f8-8ea6-6d7e00f00d26,CUST-2019-UK-000729,Dorothy,Clark,Dorothy Clark,Male,2004-11-13,dorothy.clark441@outlook.com,+44(0)141 4960481,"Flat 74P
Tracy island",Pearsonton,South Rhys,B59 9LN,UK,United Kingdom,EMEA,English,Consumer,Silver,2019-09-27,2019,RETURNING,True,MDM,2019-09-27,2026-04-17 15:58:35.889182
85e0b7ef-93b1-4750-8991-814821768be0,CUST-2020-UK-000539,Eleanor,Warner,Eleanor Warner,Female,1955-03-22,eleanor.warner@gmail.com,0151 496 0170,3 Yates rapids,Colinburgh,North Juliaport,L2 7YF,UK,United Kingdom,EMEA,English,Business,Silver,2020-11-12,2020,RETURNING,True,MDM,2020-11-12 00:00:00,2026-04-17 15:58:35.889183
ef15b2ff-9038-4637-be34-40dd2985e544,CUST-2019-UK-000941,Lucy,Peters,Lucy Peters,Male,1951-07-13,lucy.peters@outlook.com,(0909)8790499,"Studio 7
Guy cove",Mohammadside,New Sheilabury,TA5 2LD,UK,United Kingdom,EMEA,English,Consumer,Platinum,2019-03-02,2019,RETURNING,True,MDM,2019-03-02,2026-04-17 15:58:35.889189
257037cb-0bc1-4848-8930-bfa1d970022d,CUST-2019-UK-002068,Kimberley,Poole,Kimberley Poole,Male,1992-10-14,kimberley.poole@outlook.com,0131 496 0380,"Flat 6
Bates well",New Simonville,West Kyle,B8K 8HP,UK,United Kingdom,EMEA,English,Consumer,None,2019-03-15,2019,RETURNING,True,MDM,2019-03-15,2026-04-17 15:58:35.889191
620d7f1f-1dd1-40b1-86dd-d359d7ab34ce,CUST-2019-UK-001464,Leslie,Thomas,Leslie Thomas,Female,2003-01-09,leslie.thomas@hotmail.com,01134960271,"Flat 2
Akhtar view",Dawnmouth,Stephenmouth,G5 1RL,UK,United Kingdom,EMEA,English,Business,None,2019-04-06,2019,RETURNING,True,MDM,2019-04-06,2026-04-17 15:58:35.889193
3aac9e50-d228-4296-99b7-d69a5eb7ef5a,CUST-2019-UK-001845,Elliot,Kennedy,Elliot Kennedy,Female,1977-10-29,elliot.kennedy@aol.com,+44(0)141 4960819,"Studio 72
Green gardens",Murrayburgh,Conorport,E4B 9DZ,UK,United Kingdom,EMEA,English,Consumer,Gold,2019-04-30,2019,RETURNING,True,MDM,2019-04-30,2026-04-17 15:58:35.889194
478cabf5-0371-489c-9232-df3484aa38c5,CUST-2020-UK-000623,Roy,Roberts,Roy Roberts,Male,1964-01-02,roy.roberts@protonmail.com,+44(0)1164960152,01 Abdul rest,Carolynbury,New Ianbury,B47 1LD,UK,United Kingdom,EMEA,English,Education,None,2020-02-21,2020,RETURNING,True,MDM,2020-02-21 00:00:00,2026-04-17 15:58:35.889197
879a0936-de4b-40fb-9b6d-7453f7bd431b,CUST-2019-UK-001677,Bruce,Naylor,Bruce Naylor,Female,1968-05-11,bruce.naylor@yahoo.com,+44113 4960487,"Flat 21h
Walton pine",Lake Stephanie,South Colinview,B4 6WH,UK,United Kingdom,EMEA,English,Consumer,None,2019-07-05,2019,RETURNING,True,MDM,2019-07-05,2026-04-17 15:58:35.889199
d2d0928a-8afb-419a-8925-59277cd4468a,CUST-2019-UK-001808,Justin,Jones,Justin Jones,Male,1965-03-10,justin.jones@icloud.com,+44(0)141 4960754,"Studio 11v
Abigail common",Woodsfurt,Lukebury,LN59 0ZD,UK,United Kingdom,EMEA,English,Education,None,2019-10-29,2019,RETURNING,True,MDM,2019-10-29,2026-04-17 15:58:35.889200
0775ef5e-b3c4-4a8b-9c2c-f4ab35bf6e5e,CUST-2019-UK-000579,Mohammad,Watson,Mohammad Watson,Female,1960-05-15,mohammad.watson39@gmail.com,+44(0)114 496 0549,1 Bethan dale,West Joshton,South Samanthaland,TD45 3UP,UK,United Kingdom,EMEA,English,Business,Silver,2019-03-08,2019,RETURNING,True,MDM,2019-03-08,2026-04-17 15:58:35.889206
80f9f5c0-d8b5-4613-b1e0-39e8e0bad371,CUST-2019-UK-001549,Louise,Mistry,Louise Mistry,Female,1976-02-22,louise.mistry679@yahoo.com,0306 9990735,"Studio 2
Barnes common",New Maureen,North Bethan,TN0V 6NY,UK,United Kingdom,EMEA,English,Education,None,2019-06-08,2019,RETURNING,True,MDM,2019-06-08,2026-04-17 15:58:35.889208
221bfebe-e2d5-451d-b97c-25fe478cf1c6,CUST-2020-UK-000371,Terence,Gray,Terence Gray,Male,1971-04-15,terence.gray@hotmail.com,03069990824,27 Bailey stream,Parsonsland,Bullton,CF07 1FW,UK,United Kingdom,EMEA,English,Education,None,2020-07-10,2020,RETURNING,True,MDM,2020-07-10 00:00:00,2026-04-17 15:58:35.889212
33fb7de7-bc98-4523-8d2a-1378a2e6e4fa,CUST-2019-UK-002339,Dominic,Oliver,Dominic Oliver,Male,1976-04-14,dominic.oliver@aol.com,+44(0)114 4960372,2 Jones course,Lake Nicholas,North Vincentchester,S68 5WH,UK,United Kingdom,EMEA,English,Consumer,None,2019-08-16,2019,RETURNING,True,MDM,2019-08-16,2026-04-17 15:58:35.889214
12674328-f35e-41c0-8396-72b89b6473a6,CUST-2019-UK-001970,Leon,Ali,Leon Ali,Female,1973-09-12,leon.ali@icloud.com,+44151 496 0057,04 Rachael cove,North Rosieside,New Lukeside,LN8 7BQ,UK,United Kingdom,EMEA,English,Consumer,Silver,2019-07-18,2019,RETURNING,True,MDM,2019-07-18,2026-04-17 15:58:35.889216
82cd355d-9d46-4ddb-ba88-d2b1406690c9,CUST-2019-UK-000065,Diane,Harding,Diane Harding,Female,1958-03-26,diane.harding@hotmail.com,+44116 496 0575,759 Powell club,Gallaghertown,Lake Sam,G54 8FR,UK,United Kingdom,EMEA,English,Consumer,None,2019-06-24,2019,RETURNING,True,MDM,2019-06-24,2026-04-17 15:58:35.889217
0ebba3af-a6eb-4d43-b436-28304a29db84,CUST-2019-UK-000578,Abigail,Cook,Abigail Cook,Male,1966-01-16,abigail.cook@gmx.com,(028)9018349,269 Antony parkway,Port Lindseyland,North Olivia,L9A 2JY,UK,United Kingdom,EMEA,English,Business,None,2019-01-17,2019,RETURNING,True,MDM,2019-01-17,2026-04-17 15:58:35.889219
1357c829-f071-420a-9f46-e7de7dcd2cbd,CUST-2019-UK-000716,Tracy,Sullivan,Tracy Sullivan,Female,1967-03-07,tracy.sullivan52@live.com,+44(0)1214960186,041 Rhys rapids,Jameschester,West Zoestad,E5E 7NE,UK,United Kingdom,EMEA,English,Consumer,Silver,2019-11-02,2019,RETURNING,True,MDM,2019-11-02,2026-04-17 15:58:35.889221
bcfb7f2b-fc4f-4f64-be18-fb7fc5808832,CUST-2019-UK-001916,Bernard,Johnson,Bernard Johnson,Female,1983-10-08,bernard.johnson@gmail.com,01632 960 985,"Studio 2
Watkins radial",Taylorview,Hayleyborough,UB5E 2RR,UK,United Kingdom,EMEA,English,Consumer,Silver,2019-06-29,2019,RETURNING,True,MDM,2019-06-29,2026-04-17 15:58:35.889222
7401cd37-4aff-49ab-9245-03139776d6c7,CUST-2020-UK-000477,Antony,Wong,Antony Wong,Female,2004-11-15,antony.wong561@gmx.com,0808 157 0668,9 Jones road,Lake Joannestad,Port Victoria,N2 0RJ,UK,United Kingdom,EMEA,English,Consumer,Platinum,2020-03-31,2020,RETURNING,True,MDM,2020-03-31 00:00:00,2026-04-17 15:58:35.889225
cfde072e-4d0b-4804-beec-6cb61b0f43c6,CUST-2019-UK-000486,Joshua,Gray,Joshua Gray,Female,1987-03-30,joshua.gray@msn.com,+44(0)151 4960525,"Studio 40
Frank center",Wilkinsonport,Cameronmouth,M8 0DA,UK,United Kingdom,EMEA,English,Consumer,None,2019-11-15,2019,RETURNING,True,MDM,2019-11-15,2026-04-17 15:58:35.889226
9c8e2764-a025-49fa-aab6-4cd08942185d,CUST-2019-UK-002137,Martyn,Oliver,Martyn Oliver,Female,1971-07-24,martyn.oliver@mail.com,+44(0)1134960312,"Flat 93g
Greenwood shoal",Lynneton,East Jeanhaven,B0F 4QS,UK,United Kingdom,EMEA,English,Consumer,Silver,2019-09-25,2019,RETURNING,True,MDM,2019-09-25,2026-04-17 15:58:35.889228
0ccdfa90-0a20-4831-b5cb-a2c79c4221b7,CUST-2019-UK-001867,Chelsea,Wilson,Chelsea Wilson,Female,1988-09-14,chelsea.wilson@yahoo.com,(0808) 157 0748,26 Neil stream,Dixonland,West Eric,NW54 7RL,UK,United Kingdom,EMEA,English,Consumer,None,2019-12-14,2019,RETURNING,True,MDM,2019-12-14,2026-04-17 15:58:35.889230
19f4190e-45b4-428e-a4b2-77603f400c91,CUST-2019-UK-002159,Billy,Houghton,Billy Houghton,Male,1981-09-23,billy.houghton27@mail.com,01174960692,8 Stacey rapids,Lake Leon,Jonesview,W15 2WZ,UK,United Kingdom,EMEA,English,Consumer,Silver,2019-12-18,2019,RETURNING,True,MDM,2019-12-18,2026-04-17 15:58:35.889231
ec9c20c0-cfa6-4ec6-9369-abebed923f12,CUST-2020-UK-000684,Michelle,Booth,Michelle Booth,Female,1969-02-06,michelle.booth@aol.com,+44(0)1632 960 119,"Flat 33R
Campbell crest",New Jasmine,West Jamesborough,B5 8NS,UK,United Kingdom,EMEA,English,Consumer,None,2020-11-11,2020,RETURNING,True,MDM,2020-11-11 00:00:00,2026-04-17 15:58:35.889237
3d24e65c-46b9-4366-98c6-f7be40a27cb4,CUST-2019-UK-001935,Glenn,Bibi,Glenn Bibi,Male,2005-02-20,glenn.bibi@yahoo.com,03069990495,"Flat 89
Jones spring",South Heatherstad,North Duncan,G74 0FW,UK,United Kingdom,EMEA,English,Consumer,Silver,2019-07-17,2019,RETURNING,True,MDM,2019-07-17,2026-04-17 15:58:35.889238
003ba05d-714c-4f3d-b452-6a65e584e96e,CUST-2019-UK-002093,Marilyn,Lloyd,Marilyn Lloyd,Male,1982-01-21,marilyn.lloyd326@gmx.com,(0121) 496 0716,690 Alice route,South Anthonytown,Lake Jessicahaven,LS60 9WN,UK,United Kingdom,EMEA,English,Consumer,Gold,2019-08-10,2019,RETURNING,True,MDM,2019-08-10,2026-04-17 15:58:35.889240
1acea2eb-fee6-42e0-b2dc-74e3c9c44a3a,CUST-2020-UK-000767,Joshua,Lewis,Joshua Lewis,Male,2001-09-28,joshua.lewis@protonmail.com,(0118) 4960794,"Flat 4
Mohammad street",North Jasonhaven,Lake Anthony,E73 3NF,UK,United Kingdom,EMEA,English,Consumer,None,2020-08-30,2020,RETURNING,True,MDM,2020-08-30 00:00:00,2026-04-17 15:58:35.889242
c2f374eb-4239-4f6b-98c3-7c866b325b93,CUST-2020-UK-000514,Alex,Burton,Alex Burton,Female,1993-04-03,alex.burton@icloud.com,(029) 2018201,"Studio 7
Chandler cliff",East Shirley,North Abdulton,BD8 8TB,UK,United Kingdom,EMEA,English,Consumer,Silver,2020-02-17,2020,RETURNING,True,MDM,2020-02-17 00:00:00,2026-04-17 15:58:35.889244
11cd16c6-83ab-4a21-b74e-2e0606404141,CUST-2019-UK-002384,Duncan,Wood,Duncan Wood,Female,1970-02-07,duncan.wood@gmail.com,020 7946 0404,"Studio 38L
Spencer court",Lake Chelseatown,Robertmouth,CV97 3YD,UK,United Kingdom,EMEA,English,Consumer,Platinum,2019-01-12,2019,RETURNING,True,MDM,2019-01-12,2026-04-17 15:58:35.889245
4be52051-365d-44a3-8c01-fbaa96fff172,CUST-2020-UK-000620,Jacqueline,Price,Jacqueline Price,Female,1990-12-17,jacqueline.price@yahoo.com,01184960909,"Flat 77
Cook viaduct",South Amychester,Mitchellside,E4A 3YN,UK,United Kingdom,EMEA,English,Consumer,None,2020-10-08,2020,RETURNING,True,MDM,2020-10-08 00:00:00,2026-04-17 15:58:35.889247
29061e4d-3344-410d-8149-6782c445d8fd,CUST-2020-UK-000059,Hayley,Woods,Hayley Woods,Male,1987-11-09,hayley.woods@mail.com,+4428 9018610,4 Kayleigh valley,Claytonbury,Whittakerstad,N16 4WP,UK,United Kingdom,EMEA,English,Consumer,Platinum,2020-08-10,2020,RETURNING,True,MDM,2020-08-10 00:00:00,2026-04-17 15:58:35.889248
b2a992b7-46bd-424a-88bb-78cd57d5e828,CUST-2020-UK-000422,Paul,Jones,Paul Jones,Male,1993-10-02,paul.jones@hotmail.com,(020) 7496 0159,"Flat 22
Lauren park",Daleville,Cookfort,M9U 9WX,UK,United Kingdom,EMEA,English,Consumer,Platinum,2020-07-07,2020,RETURNING,True,MDM,2020-07-07 00:00:00,2026-04-17 15:58:35.889254
5fba4a2a-f918-4021-b4b0-cc72540ad5ee,CUST-2019-UK-000399,Danielle,James,Danielle James,Male,1969-06-11,danielle.james@mail.com,0306 9990012,1 Dean neck,Carolynmouth,Gerardview,M00 9NA,UK,United Kingdom,EMEA,English,Consumer,Silver,2019-03-12,2019,RETURNING,True,MDM,2019-03-12,2026-04-17 15:58:35.889255
750a9a75-c29a-4884-8d43-dbd1e685dc69,CUST-2019-UK-000714,Naomi,Turner,Naomi Turner,Female,1994-07-26,naomi.turner@msn.com,+4428 9018581,"Flat 77
Davies plains",South Katychester,East Lorraine,PH0N 2QP,UK,United Kingdom,EMEA,English,Consumer,None,2019-07-07,2019,RETURNING,True,MDM,2019-07-07,2026-04-17 15:58:35.889257
873a6ad7-3b44-473d-bd65-81096e97a8ce,CUST-2019-UK-000287,Luke,Robinson,Luke Robinson,Male,1965-11-14,luke.robinson593@msn.com,+44115 496 0159,89 Howard way,North Nigel,Lake Hollie,M2 2EU,UK,United Kingdom,EMEA,English,Education,None,2019-01-03,2019,RETURNING,True,MDM,2019-01-03,2026-04-17 15:58:35.889260
37d52b43-2549-40c0-b3e0-6748ed1ce2e8,CUST-2019-UK-000039,Beth,Williams,Beth Williams,Male,1985-01-17,beth.williams@msn.com,+449098790708,776 Bethan throughway,Lewisbury,Port Carlyview,NN61 5SJ,UK,United Kingdom,EMEA,English,Consumer,None,2019-01-07,2019,RETURNING,True,MDM,2019-01-07,2026-04-17 15:58:35.889262
63028a7d-aa8e-47f4-bd4f-baf0c51334be,CUST-2020-UK-000417,Holly,Burton,Holly Burton,Female,1983-01-10,holly.burton372@yahoo.com,+44909 8790360,2 Kenneth common,North Elliottown,Lake Ruth,BD6W 0QT,UK,United Kingdom,EMEA,English,Education,None,2020-09-03,2020,RETURNING,True,MDM,2020-09-03 00:00:00,2026-04-17 15:58:35.889264
2898f54b-16d7-4386-8cef-be2795fd1d36,CUST-2020-UK-000241,Rachael,Hall,Rachael Hall,Male,1964-06-12,rachael.hall@protonmail.com,0121 4960433,32 Justin court,Louisside,Brettfurt,G8 0FW,UK,United Kingdom,EMEA,English,Consumer,None,2020-02-08,2020,RETURNING,True,MDM,2020-02-08 00:00:00,2026-04-17 15:58:35.889265
7435ce81-e914-43b6-b3ab-ffb635b0a681,CUST-2019-UK-001289,Gary,Warner,Gary Warner,Female,1976-05-12,gary.warner@mail.com,(0113) 4960437,10 Bradley ways,Carrton,Donaldland,S9U 3XB,UK,United Kingdom,EMEA,English,Consumer,Gold,2019-11-12,2019,RETURNING,True,MDM,2019-11-12,2026-04-17 15:58:35.889271
f6c76c91-698f-4f15-9489-7201b7cc3dd8,CUST-2019-UK-000232,Patricia,Nicholls,Patricia Nicholls,Male,1957-04-06,patricia.nicholls@outlook.com,(029) 2018 0838,451 Justin isle,Wadechester,North Owen,N2F 2ZU,UK,United Kingdom,EMEA,English,Consumer,None,2019-12-26,2019,RETURNING,True,MDM,2019-12-26,2026-04-17 15:58:35.889274
008d0a09-3f41-4c0d-8436-5bd82d3cce41,CUST-2019-UK-000798,Helen,Holland,Helen Holland,Female,2006-10-05,helen.holland@zoho.com,(0909) 879 0155,3 Bryant lodge,Cooperville,Jenkinstown,PA4 2TF,UK,United Kingdom,EMEA,English,Consumer,Silver,2019-10-19,2019,RETURNING,True,MDM,2019-10-19,2026-04-17 15:58:35.889275
ba2aa05c-1753-4b47-9069-b279cec349e2,CUST-2020-UK-000043,Melanie,Edwards,Melanie Edwards,Female,1998-09-02,melanie.edwards85@hotmail.com,+44(0)306 9990306,"Flat 41
Tony terrace",Port Rosemaryberg,East Christianberg,HX67 2LN,UK,United Kingdom,EMEA,English,Consumer,None,2020-04-06,2020,RETURNING,True,MDM,2020-04-06 00:00:00,2026-04-17 15:58:35.889277
2c41002c-d679-48f1-b441-8d5d1acddc26,CUST-2019-UK-000470,Yvonne,Cook,Yvonne Cook,Male,2005-04-29,yvonne.cook@outlook.com,+441314960925,"Studio 45
Welch well",Brendastad,West Dennis,WF6B 6PA,UK,United Kingdom,EMEA,English,Business,None,2019-09-01,2019,RETURNING,True,MDM,2019-09-01,2026-04-17 15:58:35.889279
0a6c9fb4-4f87-4392-8219-1f40318b72cf,CUST-2019-UK-000769,Jordan,Parkinson,Jordan Parkinson,Male,2003-01-24,jordan.parkinson@hotmail.com,+44(0)113 4960750,654 Darren drive,Duncanstad,Matthewhaven,B0 8JT,UK,United Kingdom,EMEA,English,Consumer,None,2019-02-23,2019,RETURNING,True,MDM,2019-02-23,2026-04-17 15:58:35.889281
87b53afd-6ca7-4890-8fe7-61fbca6510cc,CUST-2019-UK-000116,Danny,Smith,Danny Smith,Male,1969-06-02,danny.smith86@gmx.com,(020) 7496 0522,"Studio 99N
O'Neill garden",Macdonaldmouth,Mellorstad,HU45 6EH,UK,United Kingdom,EMEA,English,Consumer,None,2019-02-20,2019,RETURNING,True,MDM,2019-02-20,2026-04-17 15:58:35.889283
bac05cad-1598-44c9-bb5d-21fd4530e9ec,CUST-2019-UK-002057,Carl,Robinson,Carl Robinson,Male,1989-05-09,carl.robinson512@gmx.com,+44131 496 0185,6 Lorraine roads,Lake Bernardfort,South Robert,BN6 0RP,UK,United Kingdom,EMEA,English,Consumer,None,2019-06-05,2019,RETURNING,True,MDM,2019-06-05,2026-04-17 15:58:35.889284
fcc3e739-d7e1-4e03-be60-35c65fde0a78,CUST-2019-UK-001506,Annette,Davies,Annette Davies,Female,1952-12-08,annette.davies@mail.com,(0131) 4960905,"Studio 73
Damian pass",Raymondville,Bennettburgh,L4 7BX,UK,United Kingdom,EMEA,English,Business,None,2019-10-12,2019,RETURNING,True,MDM,2019-10-12,2026-04-17 15:58:35.889286
e62bb962-e113-4f48-9e5e-2043c3fa39ba,CUST-2020-UK-000287,Jemma,Jones,Jemma Jones,Male,1988-08-13,jemma.jones8@protonmail.com,+44116 496 0687,59 Bennett parkways,Wilsonshire,South Russell,UB13 5HX,UK,United Kingdom,EMEA,English,Consumer,Gold,2020-03-30,2020,RETURNING,True,MDM,2020-03-30 00:00:00,2026-04-17 15:58:35.889288
bdccf62f-9233-4ac2-b7a5-2b5538563118,CUST-2020-UK-000654,Tina,Williams,Tina Williams,Female,1975-07-30,tina.williams809@live.com,+44(0)118 4960264,71 Ward courts,Richardburgh,Duffymouth,B7 9YR,UK,United Kingdom,EMEA,English,Consumer,None,2020-11-24,2020,RETURNING,True,MDM,2020-11-24 00:00:00,2026-04-17 15:58:35.889290
f43eefb9-0143-43d3-bb90-9c2f21b8739f,CUST-2020-UK-000424,Wendy,Taylor,Wendy Taylor,Female,1978-09-03,wendy.taylor@aol.com,0292018695,"Flat 94
Natasha pines",Schofieldville,Jonesstad,WD5 3JY,UK,United Kingdom,EMEA,English,Consumer,Silver,2020-12-11,2020,RETURNING,True,MDM,2020-12-11 00:00:00,2026-04-17 15:58:35.889291
61650efc-714a-477e-add8-df27dcd36157,CUST-2019-UK-001517,Adrian,Rowe,Adrian Rowe,Male,1961-05-15,adrian.rowe@msn.com,0909 879 0508,"Flat 72
Leigh run",South Jeffrey,Haleland,L8B 8YA,UK,United Kingdom,EMEA,English,Consumer,None,2019-08-28,2019,RETURNING,True,MDM,2019-08-28,2026-04-17 15:58:35.889293
7e185a8a-6d72-465d-aa0a-b3be87c4bb84,CUST-2019-UK-000057,Joshua,Hooper,Joshua Hooper,Male,1976-01-29,joshua.hooper@icloud.com,+44(0)151 4960147,9 Smith pike,North Lisaland,Frostborough,DA1 1PP,UK,United Kingdom,EMEA,English,Business,None,2019-10-16,2019,RETURNING,True,MDM,2019-10-16,2026-04-17 15:58:35.889295
10bd9bb8-4d6d-4b4b-9a3b-872d4040ad21,CUST-2019-UK-000318,Sally,Williams,Sally Williams,Female,1960-09-23,sally.williams585@hotmail.com,+44(0)191 4960598,"Studio 2
Jasmine plains",Lake Neilbury,New Roberttown,WF1W 3LZ,UK,United Kingdom,EMEA,English,Consumer,None,2019-02-22,2019,RETURNING,True,MDM,2019-02-22,2026-04-17 15:58:35.889296
5c8ec67d-a41e-4523-91e7-92bf74978245,CUST-2019-UK-002257,Alan,Smith,Alan Smith,Female,1976-02-10,alan.smith133@mail.com,0306 999 0127,8 Jessica rapid,South Hilary,Glennhaven,IM40 7EN,UK,United Kingdom,EMEA,English,Business,None,2019-09-16,2019,RETURNING,True,MDM,2019-09-16,2026-04-17 15:58:35.889302
b47da7d8-9559-4bef-8538-79f14b542ea2,CUST-2020-UK-000747,Nicholas,Jones,Nicholas Jones,Female,2002-08-21,nicholas.jones83@outlook.com,(029) 2018754,"Studio 81c
Flynn summit",Port Mark,New Terry,W01 6UT,UK,United Kingdom,EMEA,English,Education,None,2020-03-17,2020,RETURNING,True,MDM,2020-03-17 00:00:00,2026-04-17 15:58:35.889304
95a8dc73-d25c-4e4f-8933-5844c2ecc0a4,CUST-2020-UK-000231,Frederick,Brooks,Frederick Brooks,Female,1955-12-11,frederick.brooks@protonmail.com,+44114 4960597,3 Hudson corner,South Vanessatown,West Neil,L6B 8TU,UK,United Kingdom,EMEA,English,Consumer,Gold,2020-02-04,2020,RETURNING,True,MDM,2020-02-04 00:00:00,2026-04-17 15:58:35.889305
518263ce-8266-4192-9651-e8f218c6c624,CUST-2019-UK-000870,Toby,Chapman,Toby Chapman,Female,1966-12-19,toby.chapman77@yahoo.com,+44191 4960036,"Studio 6
Morgan plain",Lake Williamstad,Deniseburgh,L1K 0RA,UK,United Kingdom,EMEA,English,Consumer,Platinum,2019-09-25,2019,RETURNING,True,MDM,2019-09-25,2026-04-17 15:58:35.889307
d0985b2e-9536-4b0b-88f6-245628ed69f4,CUST-2020-UK-000592,Lisa,Wilkinson,Lisa Wilkinson,Female,1963-09-01,lisa.wilkinson@gmx.com,+44(0)114 4960918,"Flat 57J
Francis summit",Wilsonside,Jacksontown,WS8 8PR,UK,United Kingdom,EMEA,English,Consumer,None,2020-01-01,2020,RETURNING,True,MDM,2020-01-01 00:00:00,2026-04-17 15:58:35.889309
a9c6eb7c-eb90-449e-a4cb-9d18997ab050,CUST-2019-UK-000433,Norman,Smith,Norman Smith,Female,1951-04-17,norman.smith@live.com,(0151) 4960353,797 Brown shoal,East Georgia,Lake Andrewburgh,M9U 0DZ,UK,United Kingdom,EMEA,English,Consumer,Platinum,2019-09-18,2019,RETURNING,True,MDM,2019-09-18,2026-04-17 15:58:35.889310
48c3b0f1-a6b5-4fff-9ff4-7914446b6aca,CUST-2019-UK-001910,Nicola,Murphy,Nicola Murphy,Male,1977-02-17,nicola.murphy@msn.com,(0116)4960743,145 Hughes mall,South Harryborough,New Leonardhaven,S36 2BF,UK,United Kingdom,EMEA,English,Consumer,Silver,2019-08-22,2019,RETURNING,True,MDM,2019-08-22,2026-04-17 15:58:35.889312
c0d953b1-a4e8-4980-af26-9c27aea9e0bd,CUST-2019-UK-001504,Rebecca,Smith,Rebecca Smith,Female,1984-07-06,rebecca.smith649@mail.com,+4420 74960314,85 Carly vista,North Howard,Port Elliottfurt,L74 2QT,UK,United Kingdom,EMEA,English,Consumer,Silver,2019-03-03,2019,RETURNING,True,MDM,2019-03-03,2026-04-17 15:58:35.889314
3042ef44-b372-4e1a-9ff3-fa1bc82937d6,CUST-2019-UK-000543,Trevor,Francis,Trevor Francis,Male,1952-09-19,trevor.francis@icloud.com,+44(0)20 7496 0903,"Studio 6
Leonard islands",Daviesshire,Lake Francesca,W9 4ZY,UK,United Kingdom,EMEA,English,Consumer,Gold,2019-01-05,2019,RETURNING,True,MDM,2019-01-05,2026-04-17 15:58:35.889319
619338a4-4298-4274-be96-e3878206a598,CUST-2019-UK-001377,William,Jones,William Jones,Female,1990-01-20,william.jones120@yahoo.com,+44(0)1174960700,"Flat 71
Graeme bypass",East Shirley,Hancockmouth,M44 3DR,UK,United Kingdom,EMEA,English,Education,Silver,2019-10-10,2019,RETURNING,True,MDM,2019-10-10,2026-04-17 15:58:35.889321
b9bda88b-566f-4051-be95-c5d52fb45d94,CUST-2019-UK-000949,Fiona,Marshall,Fiona Marshall,Female,1993-09-24,fiona.marshall@zoho.com,+44(0)116 496 0989,807 Barnes street,Johnland,New Dale,B2 5US,UK,United Kingdom,EMEA,English,Consumer,Silver,2019-07-21,2019,RETURNING,True,MDM,2019-07-21,2026-04-17 15:58:35.889323
8c3d1e07-13f5-4bcd-ac46-5e8f759bd39e,CUST-2019-UK-000181,James,Willis,James Willis,Female,2000-12-24,james.willis647@live.com,+441632960100,955 Edwards divide,South Owenfort,Port William,G0A 0YS,UK,United Kingdom,EMEA,English,Consumer,Gold,2019-10-09,2019,RETURNING,True,MDM,2019-10-09,2026-04-17 15:58:35.889324
768da1d8-cefe-44f1-8b9e-191f8b8860ee,CUST-2020-UK-000181,Jill,Lambert,Jill Lambert,Male,1968-02-11,jill.lambert@zoho.com,0191 498 0205,3 Wright courts,West Wendy,Samanthaton,W8F 0XJ,UK,United Kingdom,EMEA,English,Consumer,Platinum,2020-06-17,2020,RETURNING,True,MDM,2020-06-17 00:00:00,2026-04-17 15:58:35.889326
ea6eee9b-b644-4c7e-9f49-602a978cdc23,CUST-2019-UK-001693,Lee,Smith,Lee Smith,Female,1960-05-24,lee.smith@yahoo.com,+44909 879 0444,22 Kieran garden,Donnafort,Port Simon,PR62 9JF,UK,United Kingdom,EMEA,English,Education,None,2019-06-05,2019,RETURNING,False,MDM,2019-06-05,2026-04-17 15:58:35.889328
0979562d-5888-4d6b-9c1b-cfcc02e26e76,CUST-2020-UK-000256,Roger,Dobson,Roger Dobson,Female,1961-08-28,roger.dobson692@yahoo.com,0141 4960755,"Flat 75Z
Rachael crossroad",Stoneland,East Megantown,M3 6FX,UK,United Kingdom,EMEA,English,Consumer,Silver,2020-01-26,2020,RETURNING,True,MDM,2020-01-26 00:00:00,2026-04-17 15:58:35.889329
e36bf3bf-1ec2-4b13-8cbd-746d97b40b59,CUST-2019-UK-000414,Elliott,Ward,Elliott Ward,Male,1955-02-14,elliott.ward@hotmail.com,+44(0)1414960228,6 Rosie center,Colinshire,Williamsville,HA6N 5NT,UK,United Kingdom,EMEA,English,Consumer,Silver,2019-06-18,2019,RETURNING,True,MDM,2019-06-18,2026-04-17 15:58:35.889331
a4b854c0-bf00-4f1b-9bed-1ca27f55685b,CUST-2020-UK-000002,Stephanie,Clarke,Stephanie Clarke,Female,1996-10-14,stephanie.clarke@outlook.com,+44808 157 0011,"Flat 25S
Holmes springs",Christineside,Antonymouth,L28 0RQ,UK,United Kingdom,EMEA,English,Business,None,2020-07-30,2020,RETURNING,True,MDM,2020-07-30 00:00:00,2026-04-17 15:58:35.889337
90f55894-d83d-4cbc-b263-6008e4548de9,CUST-2019-UK-000984,Suzanne,Hawkins,Suzanne Hawkins,Male,1995-03-04,suzanne.hawkins632@gmx.com,+44(0)292018113,"Flat 47H
Stephen locks",Port William,Oliverberg,M5 1BS,UK,United Kingdom,EMEA,English,Consumer,Silver,2019-07-17,2019,RETURNING,True,MDM,2019-07-17,2026-04-17 15:58:35.889338
968b2cc8-eb1d-42f0-80ca-1ea8ff9f4147,CUST-2019-UK-000948,Owen,Green,Owen Green,Male,1967-10-30,owen.green@mail.com,(0117)4960729,515 Mohamed mount,Lake Amanda,East Annhaven,B13 1UA,UK,United Kingdom,EMEA,English,Business,Gold,2019-10-27,2019,RETURNING,True,MDM,2019-10-27,2026-04-17 15:58:35.889340
e1fcdd29-a228-462a-88b1-86bfda3ad822,CUST-2019-UK-001376,Vincent,Jones,Vincent Jones,Female,1958-04-26,vincent.jones878@yahoo.com,+44131 496 0213,7 Albert extensions,East Paula,East Marie,MK2 3TH,UK,United Kingdom,EMEA,English,Consumer,None,2019-08-19,2019,RETURNING,True,MDM,2019-08-19,2026-04-17 15:58:35.889342
8926ec21-c99f-4d20-9736-ba69cae70341,CUST-2019-UK-001338,Kevin,Stevenson,Kevin Stevenson,Female,1961-01-29,kevin.stevenson@hotmail.com,+44115 496 0638,5 Dawn lights,Georgeside,Ashleyton,W3 1HX,UK,United Kingdom,EMEA,English,Consumer,Silver,2019-11-27,2019,RETURNING,True,MDM,2019-11-27,2026-04-17 15:58:35.889344
39c4cb83-f95b-40c8-b85b-cac37585bc4b,CUST-2019-UK-000195,Peter,Foster,Peter Foster,Male,2003-06-09,peter.foster@protonmail.com,+44191 4960158,474 Carly bridge,Angelaport,New Stephanie,ST9 2XJ,UK,United Kingdom,EMEA,English,Consumer,Gold,2019-03-14,2019,RETURNING,True,MDM,2019-03-14,2026-04-17 15:58:35.889345
72d0c630-8080-4b9d-8a6d-90bb9d53ac8a,CUST-2020-UK-000264,Joyce,Adams,Joyce Adams,Male,2007-04-29,joyce.adams413@mail.com,+44114 4960130,89 Elizabeth oval,North Ashleytown,Williamsmouth,N6 9PW,UK,United Kingdom,EMEA,English,Consumer,None,2020-11-19,2020,RETURNING,True,MDM,2020-11-19 00:00:00,2026-04-17 15:58:35.889347
87bbae9f-5525-4c87-927c-a5bcbc92ba3b,CUST-2019-UK-001092,Kim,Parsons,Kim Parsons,Male,1959-01-29,kim.parsons@gmx.com,+44117 4960015,3 Martyn trail,Craigfurt,Mandyhaven,N3K 7GA,UK,United Kingdom,EMEA,English,Consumer,Gold,2019-12-13,2019,RETURNING,True,MDM,2019-12-13,2026-04-17 15:58:35.889349
af93279e-005d-4442-ae22-1963f9c7b82d,CUST-2019-UK-000061,Maurice,Jackson,Maurice Jackson,Male,1952-03-08,maurice.jackson@yahoo.com,+44306 9990612,70 Nicola fort,Lake Pamela,South Stephenland,G3 5ZZ,UK,United Kingdom,EMEA,English,Consumer,Gold,2019-02-14,2019,RETURNING,True,MDM,2019-02-14,2026-04-17 15:58:35.889350
731836a5-c8bb-47f4-aed6-4dc2f1dc74e8,CUST-2019-UK-001224,Sharon,Archer,Sharon Archer,Female,1978-03-07,sharon.archer@hotmail.com,+441214960194,2 Janice knolls,Ronaldstad,Jayneshire,RH82 0ZR,UK,United Kingdom,EMEA,English,Consumer,Gold,2019-12-23,2019,RETURNING,True,MDM,2019-12-23,2026-04-17 15:58:35.889356
595f8bb2-b249-4bf6-a94d-d7255d40e8e0,CUST-2019-UK-000149,Carol,Ali,Carol Ali,Male,1978-08-13,carol.ali@aol.com,+44(0)118 496 0098,2 Collins isle,Wrightmouth,West Olivia,LE9 7NT,UK,United Kingdom,EMEA,English,Consumer,None,2019-10-07,2019,RETURNING,False,MDM,2019-10-07,2026-04-17 15:58:35.889358
027b69ef-eb12-4bce-aa85-450d09994d0f,CUST-2019-UK-002258,Denis,Bolton,Denis Bolton,Male,1988-08-20,denis.bolton@outlook.com,+44(0)161 496 0778,"Studio 21
Alexander roads",Louisemouth,Lisabury,NR12 3ET,UK,United Kingdom,EMEA,English,Consumer,Gold,2019-09-29,2019,RETURNING,True,MDM,2019-09-29,2026-04-17 15:58:35.889360
20f2acad-a145-4a07-80fa-e44d049de2e6,CUST-2020-UK-000193,Bethany,Iqbal,Bethany Iqbal,Female,1976-05-06,bethany.iqbal2@protonmail.com,(0151)4960131,5 Bartlett junctions,Howellport,Shahfort,DY1 7BX,UK,United Kingdom,EMEA,English,Education,None,2020-09-12,2020,RETURNING,True,MDM,2020-09-12 00:00:00,2026-04-17 15:58:35.889362
08c434d3-b66a-4b37-98b7-d40b0602cbad,CUST-2019-UK-001106,Carolyn,Clark,Carolyn Clark,Male,1963-09-10,carolyn.clark246@yahoo.com,(0909)8790322,"Studio 96p
Bibi islands",Aimeeberg,East Phillipbury,W3U 7ZS,UK,United Kingdom,EMEA,English,Education,None,2019-01-13,2019,RETURNING,True,MDM,2019-01-13,2026-04-17 15:58:35.889364
89ee1329-be32-4824-a28a-6a301c692a57,CUST-2020-UK-000629,Paul,Russell,Paul Russell,Female,1984-04-14,paul.russell@zoho.com,+44(0)117 4960959,"Studio 99
King manor",West Margaret,Barrytown,M6 8WA,UK,United Kingdom,EMEA,English,Consumer,Platinum,2020-09-18,2020,RETURNING,True,MDM,2020-09-18 00:00:00,2026-04-17 15:58:35.889365
52dcdfd2-77e1-4863-ad03-c9a51a37bfc8,CUST-2019-UK-001810,Joanne,Brown,Joanne Brown,Male,2001-04-30,joanne.brown@protonmail.com,0117 496 0600,"Flat 5
Bruce crescent",West Trevor,West Lindaside,B24 3RN,UK,United Kingdom,EMEA,English,Business,None,2019-01-22,2019,RETURNING,True,MDM,2019-01-22,2026-04-17 15:58:35.889367
01e9d6b1-4015-4371-a597-5136fcc6d091,CUST-2020-UK-000665,Marion,Turner,Marion Turner,Female,1968-05-28,marion.turner@zoho.com,0121 496 0325,755 Maureen village,Blackburnburgh,North Jaynechester,PL29 1YN,UK,United Kingdom,EMEA,English,Consumer,Platinum,2020-08-08,2020,RETURNING,True,MDM,2020-08-08 00:00:00,2026-04-17 15:58:35.889369
7c0979ba-e7cd-4370-8777-cd705ef9c4cb,CUST-2019-UK-001226,Kieran,Reynolds,Kieran Reynolds,Male,1988-11-28,kieran.reynolds327@outlook.com,(0116) 496 0534,"Flat 79
Jones plaza",Jadechester,Edwardsborough,WD4 3NP,UK,United Kingdom,EMEA,English,Business,None,2019-05-17,2019,RETURNING,True,MDM,2019-05-17,2026-04-17 15:58:35.889371
bd36218c-4c60-41a5-8ac1-ec38a3e3070a,CUST-2020-UK-000618,Albert,Griffin,Albert Griffin,Female,1957-08-17,albert.griffin@gmx.com,(0161) 4960178,584 Patrick plaza,Youngmouth,South Dominic,LE65 9HZ,UK,United Kingdom,EMEA,English,Consumer,None,2020-09-13,2020,RETURNING,True,MDM,2020-09-13 00:00:00,2026-04-17 15:58:35.889373
aa432a9d-4bbd-483d-8b1e-b52c824d8e1f,CUST-2020-UK-000495,Sharon,Birch,Sharon Birch,Male,1980-12-07,sharon.birch@mail.com,+44141 496 0705,"Studio 04
Brown pass",Davidsonshire,Janeview,SG6 9BN,UK,United Kingdom,EMEA,English,Education,None,2020-04-26,2020,RETURNING,True,MDM,2020-04-26 00:00:00,2026-04-17 15:58:35.889375
c4918792-614c-48e7-b87b-ec5b5baaa26f,CUST-2019-UK-002149,Clare,Ali,Clare Ali,Female,2000-10-19,clare.ali@live.com,+44(0)306 9990185,"Studio 08
Blake islands",Turnerville,North Jennifer,S84 1HX,UK,United Kingdom,EMEA,English,Consumer,None,2019-06-26,2019,RETURNING,True,MDM,2019-06-26,2026-04-17 15:58:35.889376
0204a32a-c574-421e-9998-e7e6cbed8be0,CUST-2019-UK-001150,Martyn,Bird,Martyn Bird,Male,2008-01-01,martyn.bird@msn.com,+44(0)20 7496 0128,"Flat 8
Grant villages",Port Julianland,Katieborough,KA2 6HA,UK,United Kingdom,EMEA,English,Business,Gold,2019-02-10,2019,RETURNING,False,MDM,2019-02-10,2026-04-17 15:58:35.889378
2c896d84-5d1f-4c40-82d4-b7e06db7228a,CUST-2020-UK-000626,Damian,Fleming,Damian Fleming,Female,2001-02-22,damian.fleming@yahoo.com,020 74960318,"Studio 10
Morris points",New Alexanderhaven,New Howard,FY2Y 2HU,UK,United Kingdom,EMEA,English,Business,Silver,2020-09-11,2020,RETURNING,True,MDM,2020-09-11 00:00:00,2026-04-17 15:58:35.889379
3b54432b-a9a6-4d78-8fb6-183a8bf6dbca,CUST-2019-UK-001357,Douglas,Wright,Douglas Wright,Male,1969-09-11,douglas.wright@icloud.com,(0113) 496 0985,"Studio 08T
Amber viaduct",Port Joel,Townsendton,EN32 0TD,UK,United Kingdom,EMEA,English,Consumer,Gold,2019-05-13,2019,RETURNING,False,MDM,2019-05-13,2026-04-17 15:58:35.889381
9fb18616-6632-48e2-9c17-9715009e4fb7,CUST-2019-UK-000580,Edward,Hussain,Edward Hussain,Male,1998-12-27,edward.hussain@mail.com,+44151 496 0633,"Flat 81B
Mary meadow",Parkinsonmouth,New Edwardstad,G05 5NT,UK,United Kingdom,EMEA,English,Education,None,2019-07-14,2019,RETURNING,True,MDM,2019-07-14,2026-04-17 15:58:35.889383
6d3c3c1c-e900-4bd8-8d32-c96b3c6a91e1,CUST-2019-UK-000419,Josephine,Taylor,Josephine Taylor,Female,1967-06-22,josephine.taylor@icloud.com,0306 9990340,"Flat 5
James ways",Hardyside,Shirleychester,RH5 6AA,UK,United Kingdom,EMEA,English,Consumer,Platinum,2019-08-26,2019,RETURNING,True,MDM,2019-08-26,2026-04-17 15:58:35.889385
730373d0-4bb5-42b5-89da-4e0bc3f3fc7d,CUST-2019-UK-001789,Janet,John,Janet John,Female,1972-04-17,janet.john703@mail.com,+44(0)2074960590,884 Price harbor,Lake Janicehaven,Ireneborough,KT69 7WU,UK,United Kingdom,EMEA,English,Consumer,None,2019-12-17,2019,RETURNING,True,MDM,2019-12-17,2026-04-17 15:58:35.889387
85f7622a-4233-4ae2-a899-14d4e6f93656,CUST-2020-UK-000180,Lauren,Turner,Lauren Turner,Female,1961-07-11,lauren.turner@gmx.com,(0808) 157 0627,"Studio 7
Davis key",New Karl,Begumfurt,EH6 0DJ,UK,United Kingdom,EMEA,English,Consumer,Silver,2020-01-04,2020,RETURNING,False,MDM,2020-01-04 00:00:00,2026-04-17 15:58:35.889388
f834725f-830e-488a-b658-b136366cf532,CUST-2020-UK-000130,Alison,Patel,Alison Patel,Female,1955-12-16,alison.patel@aol.com,+44(0)115 4960260,"Studio 31f
Savage fords",Conorchester,Robinsonmouth,CM7 3US,UK,United Kingdom,EMEA,English,Consumer,Silver,2020-07-29,2020,RETURNING,True,MDM,2020-07-29 00:00:00,2026-04-17 15:58:35.889390
04356bef-7447-4a38-8c4b-9c6683f45f16,CUST-2020-UK-000025,Rita,Taylor,Rita Taylor,Male,1970-05-28,rita.taylor@yahoo.com,+44191 496 0325,"Flat 72p
Holt rest",New Sharon,Fionaville,M38 8BP,UK,United Kingdom,EMEA,English,Consumer,Gold,2020-12-12,2020,RETURNING,True,MDM,2020-12-12 00:00:00,2026-04-17 15:58:35.889391
f7bc1b43-95fd-44ab-a508-2ca591c05083,CUST-2020-UK-000083,Sharon,Wheeler,Sharon Wheeler,Male,1962-08-08,sharon.wheeler@live.com,+441414960210,"Studio 07
Freeman mountain",Lake Francis,Lake Michaelfurt,TA95 0DR,UK,United Kingdom,EMEA,English,Consumer,None,2020-03-29,2020,RETURNING,True,MDM,2020-03-29 00:00:00,2026-04-17 15:58:35.889393
a2296cfe-97c0-4c94-9b3c-dc3c7388d864,CUST-2020-UK-000249,Pauline,Clarke,Pauline Clarke,Female,1991-07-02,pauline.clarke@protonmail.com,+4429 2018739,0 Harper trace,Port Maryland,Holmesfurt,G81 1FE,UK,United Kingdom,EMEA,English,Consumer,Silver,2020-12-27,2020,RETURNING,True,MDM,2020-12-27 00:00:00,2026-04-17 15:58:35.889398
92fdc659-eaaa-4934-b3f6-b53553ae40c3,CUST-2019-UK-000824,Tracey,Brown,Tracey Brown,Female,1997-03-04,tracey.brown@protonmail.com,+44(0)3069990623,"Flat 9
Callum stravenue",Margaretville,Farrellhaven,DA7 5EU,UK,United Kingdom,EMEA,English,Consumer,Gold,2019-10-10,2019,RETURNING,True,MDM,2019-10-10,2026-04-17 15:58:35.889400
4ad3a72b-44fd-49c0-9744-17fa3ddb2860,CUST-2020-UK-000591,Allan,Wallis,Allan Wallis,Female,1953-04-28,allan.wallis@aol.com,(028) 9018 0063,5 Duncan highway,Smithtown,Dominicside,B38 9XB,UK,United Kingdom,EMEA,English,Education,None,2020-09-18,2020,RETURNING,False,MDM,2020-09-18 00:00:00,2026-04-17 15:58:35.889402
7b149901-6814-4cac-aba6-88fd5dedc9b0,CUST-2019-UK-002189,Georgia,Smart,Georgia Smart,Female,1956-04-06,georgia.smart467@mail.com,(0151) 496 0542,"Flat 64
Gregory villages",Eleanorland,South Abigail,L28 7BR,UK,United Kingdom,EMEA,English,Consumer,None,2019-10-22,2019,RETURNING,False,MDM,2019-10-22,2026-04-17 15:58:35.889404
ad58884d-2381-4cfb-9e05-b96265b923b5,CUST-2019-UK-001450,Darren,Dean,Darren Dean,Male,1962-05-14,darren.dean@outlook.com,01632960094,"Flat 8
Clarke ramp",East Oliver,New Elliefurt,M66 3DE,UK,United Kingdom,EMEA,English,Consumer,Gold,2019-04-14,2019,RETURNING,True,MDM,2019-04-14,2026-04-17 15:58:35.889406
73db4575-0c2b-46fa-802d-d36fef196df7,CUST-2019-UK-000328,Steven,Lee,Steven Lee,Male,1992-04-24,steven.lee@aol.com,+44(0)116 496 0263,553 Howard crescent,East Rhysport,Port Rhysstad,EC10 4TE,UK,United Kingdom,EMEA,English,Consumer,Silver,2019-04-02,2019,RETURNING,True,MDM,2019-04-02,2026-04-17 15:58:35.889407
8c1c90e8-3bd0-4e53-8201-08e7a306aaf3,CUST-2019-UK-001072,Marc,Myers,Marc Myers,Female,1986-09-11,marc.myers@live.com,+441164960303,68 Thompson lakes,O'Sullivanfurt,South Dale,M7C 1RD,UK,United Kingdom,EMEA,English,Education,Silver,2019-02-02,2019,RETURNING,False,MDM,2019-02-02,2026-04-17 15:58:35.889409
61bb2336-c932-4964-859b-85558e1f67cf,CUST-2019-UK-000883,James,Webster,James Webster,Female,1986-01-18,james.webster@yahoo.com,+44(0)131 496 0297,"Flat 4
Oliver crossing",New Alisonport,North Mathew,WS5 3UG,UK,United Kingdom,EMEA,English,Consumer,None,2019-11-23,2019,RETURNING,True,MDM,2019-11-23,2026-04-17 15:58:35.889411
b14250a1-2876-40a9-a1aa-602345a9f04f,CUST-2019-UK-002303,Carl,Charlton,Carl Charlton,Male,1979-06-25,carl.charlton@yahoo.com,0115 4960125,"Flat 29x
Conor divide",East Nicola,Lake Katyberg,SY4 6ER,UK,United Kingdom,EMEA,English,Consumer,None,2019-01-12,2019,RETURNING,True,MDM,2019-01-12,2026-04-17 15:58:35.889416
6cbdf88e-3bb2-44ce-931c-164b7e705d11,CUST-2019-UK-002357,Lindsey,Powell,Lindsey Powell,Male,1956-04-29,lindsey.powell@zoho.com,01632 960 140,546 Marian meadows,South Paula,Hiltonborough,M48 4FA,UK,United Kingdom,EMEA,English,Consumer,None,2019-10-01,2019,RETURNING,True,MDM,2019-10-01,2026-04-17 15:58:35.889418
11c3169f-a24b-4e73-bd6b-b5f39c91355a,CUST-2019-UK-001067,Callum,Ward,Callum Ward,Male,1986-09-04,callum.ward@mail.com,029 2018 0253,"Flat 92T
Richard lights",Carolstad,New Aimee,DD30 9ZW,UK,United Kingdom,EMEA,English,Consumer,Silver,2019-07-25,2019,RETURNING,True,MDM,2019-07-25,2026-04-17 15:58:35.889436
0e742199-01b5-481b-8646-cf40c35f6a63,CUST-2020-UK-000657,Elaine,Kirk,Elaine Kirk,Female,1966-05-18,elaine.kirk@yahoo.com,02074960394,36 Brown cove,Dianahaven,Tomlinsonburgh,DL91 9RG,UK,United Kingdom,EMEA,English,Consumer,None,2020-12-07,2020,RETURNING,True,MDM,2020-12-07 00:00:00,2026-04-17 15:58:35.889441
22a8d357-1471-4795-91bd-9cd98b65324b,CUST-2019-UK-001463,Joyce,Grant,Joyce Grant,Female,1954-02-01,joyce.grant@zoho.com,+441214960360,1 Martin flats,Fletchershire,North Amandaland,BA5 5WJ,UK,United Kingdom,EMEA,English,Business,Platinum,2019-10-30,2019,RETURNING,True,MDM,2019-10-30,2026-04-17 15:58:35.889442
164a5db9-9c0a-4722-9485-68c4ae64708f,CUST-2019-UK-002349,Deborah,Slater,Deborah Slater,Female,1978-05-04,deborah.slater@aol.com,+44117 496 0761,53 Harper plain,New Phillip,South Mathewport,M5 3YR,UK,United Kingdom,EMEA,English,Consumer,Platinum,2019-04-08,2019,RETURNING,True,MDM,2019-04-08,2026-04-17 15:58:35.889444
caf65420-6c08-486a-b47b-a97ffb2730bf,CUST-2019-UK-001670,Callum,Jackson,Callum Jackson,Female,1973-04-20,callum.jackson394@gmx.com,+44121 496 0924,5 Graeme isle,Nicholaschester,Hawkinsmouth,NR7 8UX,UK,United Kingdom,EMEA,English,Business,Platinum,2019-04-17,2019,RETURNING,True,MDM,2019-04-17,2026-04-17 15:58:35.889445
4066770b-9362-4ec6-9c92-280f949c1cbc,CUST-2019-UK-001158,Marian,Wilson,Marian Wilson,Female,2001-11-29,marian.wilson@icloud.com,+44(0)121 4960369,405 Foster mount,Lake Barbaraport,East Gemma,UB5 6PH,UK,United Kingdom,EMEA,English,Consumer,None,2019-12-16,2019,RETURNING,True,MDM,2019-12-16,2026-04-17 15:58:35.889447
9d6258c0-61dc-46e9-bc43-9d10a99a0f6f,CUST-2020-UK-000046,Bethan,Faulkner,Bethan Faulkner,Male,1966-08-06,bethan.faulkner971@zoho.com,+44(0)1214960241,"Flat 38
Bruce plain",North Davidland,Smithton,B0 1ZQ,UK,United Kingdom,EMEA,English,Consumer,None,2020-02-19,2020,RETURNING,True,MDM,2020-02-19 00:00:00,2026-04-17 15:58:35.889449
471bb1d5-bb6c-4932-b401-5eefec57e016,CUST-2020-UK-000112,Roger,Lewis,Roger Lewis,Female,1952-02-18,roger.lewis734@live.com,+441154960796,"Flat 57a
Thomas cape",Joannestad,Fisherport,SA5M 4UN,UK,United Kingdom,EMEA,English,Consumer,Silver,2020-07-27,2020,RETURNING,True,MDM,2020-07-27 00:00:00,2026-04-17 15:58:35.889451
3092d5f6-02b5-4d0a-ac08-cea6f7511973,CUST-2019-UK-000189,Sam,Thomas,Sam Thomas,Female,2004-10-29,sam.thomas@yahoo.com,0117 4960986,63 Roger via,Reecebury,Emilyshire,L4 7UF,UK,United Kingdom,EMEA,English,Consumer,None,2019-01-05,2019,RETURNING,True,MDM,2019-01-05,2026-04-17 15:58:35.889452
10502907-b7b8-40b8-bab1-984528425d75,CUST-2019-UK-000279,Alice,Smith,Alice Smith,Male,2001-10-15,alice.smith@icloud.com,01414960215,"Studio 3
Lesley heights",New Richard,Melanieville,G5E 8YF,UK,United Kingdom,EMEA,English,Consumer,Silver,2019-09-26,2019,RETURNING,True,MDM,2019-09-26,2026-04-17 15:58:35.889454
c0285b9b-a095-4a65-8f1f-f0198603566b,CUST-2019-UK-000421,Brett,Roberts,Brett Roberts,Female,2003-07-20,brett.roberts@mail.com,028 9018940,546 Grant vista,Christianland,South Holliefort,N0 9TE,UK,United Kingdom,EMEA,English,Consumer,Silver,2019-12-02,2019,RETURNING,True,MDM,2019-12-02,2026-04-17 15:58:35.889455
d9df7038-9634-4e0b-9ee8-27b6c0f82778,CUST-2019-UK-002353,Craig,Gibson,Craig Gibson,Male,1961-09-28,craig.gibson@gmx.com,(028)9018150,"Flat 12l
Yvonne ports",Ericchester,North Kevinville,M5 6EA,UK,United Kingdom,EMEA,English,Education,Platinum,2019-04-22,2019,RETURNING,True,MDM,2019-04-22,2026-04-17 15:58:35.889457
aa3bf544-230d-4362-a24f-40a042102a39,CUST-2019-UK-000658,Lisa,Jones,Lisa Jones,Female,1980-03-23,lisa.jones301@zoho.com,(020) 74960394,"Studio 5
Rosie corner",Lake Craighaven,Lake Chloeburgh,G1 3XQ,UK,United Kingdom,EMEA,English,Consumer,Silver,2019-10-23,2019,RETURNING,True,MDM,2019-10-23,2026-04-17 15:58:35.889458
389360a2-43ad-4e95-b364-e395cd8f8d21,CUST-2020-UK-000644,Joshua,Kennedy,Joshua Kennedy,Male,2004-06-17,joshua.kennedy@yahoo.com,+44(0)151 496 0718,39 Turner motorway,New Geoffreyburgh,Bennettview,ZE5P 9JY,UK,United Kingdom,EMEA,English,Consumer,None,2020-02-09,2020,RETURNING,True,MDM,2020-02-09 00:00:00,2026-04-17 15:58:35.889461
d52b6890-4fb5-4b75-b4db-8ef754233853,CUST-2019-UK-002376,Leonard,Haynes,Leonard Haynes,Male,1983-02-11,leonard.haynes713@outlook.com,(029) 2018094,"Flat 94K
Joel hollow",Port Margaretshire,Lake Gail,BT89 4FG,UK,United Kingdom,EMEA,English,Consumer,Platinum,2019-04-21,2019,RETURNING,True,MDM,2019-04-21,2026-04-17 15:58:35.889463
2f0dabac-7af7-4558-81ff-d938ad068ab2,CUST-2020-UK-000714,Eric,Ahmed,Eric Ahmed,Male,1987-11-24,eric.ahmed@aol.com,+4428 9018 0803,"Studio 91s
Fox street",Williamsonborough,Port Chelseabury,LD6 9NS,UK,United Kingdom,EMEA,English,Consumer,Platinum,2020-01-29,2020,RETURNING,True,MDM,2020-01-29 00:00:00,2026-04-17 15:58:35.889464
f28e95c6-d387-4ec2-acdf-6105ea45429e,CUST-2019-UK-001388,Marc,Austin,Marc Austin,Female,1974-05-13,marc.austin@live.com,(0808) 157 0775,"Studio 3
Guy pines",Jackton,Port Naomimouth,E22 9DX,UK,United Kingdom,EMEA,English,Consumer,Silver,2019-02-15,2019,RETURNING,True,MDM,2019-02-15,2026-04-17 15:58:35.889466
7b536c61-2679-45b9-b13e-70244b23a9e6,CUST-2019-UK-000756,Gavin,Baldwin,Gavin Baldwin,Male,1974-12-22,gavin.baldwin@protonmail.com,0131 496 0379,"Flat 4
Tina glen",Harrisbury,East Iainside,PR12 1EP,UK,United Kingdom,EMEA,English,Business,Silver,2019-10-25,2019,RETURNING,True,MDM,2019-10-25,2026-04-17 15:58:35.889467
52e2309d-2cd1-4084-98e4-8ed47f254b16,CUST-2019-UK-001040,Kate,Kemp,Kate Kemp,Female,1965-09-25,kate.kemp@aol.com,(029) 2018970,"Flat 6
Brooks harbors",Webbchester,Wrightfurt,G88 8GJ,UK,United Kingdom,EMEA,English,Consumer,None,2019-06-18,2019,RETURNING,True,MDM,2019-06-18,2026-04-17 15:58:35.889469
08d2ef21-1193-460a-97cc-980e0c4c0bc4,CUST-2020-UK-000420,Leslie,Cox,Leslie Cox,Female,1961-06-04,leslie.cox@msn.com,01134960841,"Studio 58X
Townsend mills",Port Stanley,Hardymouth,M81 1PP,UK,United Kingdom,EMEA,English,Consumer,None,2020-09-07,2020,RETURNING,True,MDM,2020-09-07 00:00:00,2026-04-17 15:58:35.889471
73293024-8cb6-44a4-8e94-0cb2ced63412,CUST-2019-UK-000037,Malcolm,Ward,Malcolm Ward,Male,1985-04-18,malcolm.ward620@protonmail.com,+442074960117,65 Brandon divide,Jasmineview,West Aimee,YO3 5LX,UK,United Kingdom,EMEA,English,Consumer,Gold,2019-02-11,2019,RETURNING,True,MDM,2019-02-11,2026-04-17 15:58:35.889472
f9d2110b-e572-42ea-b70a-22ac49fc02d1,CUST-2019-UK-000942,Samuel,Smith,Samuel Smith,Male,1983-02-22,samuel.smith@aol.com,+44(0)3069990147,77 Lloyd dale,East Stanley,Kathleenview,JE4 1YB,UK,United Kingdom,EMEA,English,Consumer,Gold,2019-05-12,2019,RETURNING,True,MDM,2019-05-12,2026-04-17 15:58:35.889474
c5d13db6-b232-4c2b-a947-f747adaf3c30,CUST-2020-UK-000171,Kirsty,Bates,Kirsty Bates,Female,1951-11-02,kirsty.bates@mail.com,(0191) 496 0978,"Flat 2
Leonard key",East Sheilastad,Morrismouth,L97 5XE,UK,United Kingdom,EMEA,English,Consumer,None,2020-11-12,2020,RETURNING,True,MDM,2020-11-12 00:00:00,2026-04-17 15:58:35.889475
a8be1d92-7f4a-4919-9127-f92bfebd5171,CUST-2020-UK-000570,Duncan,Gray,Duncan Gray,Female,1975-03-19,duncan.gray897@live.com,+44(0)131 496 0836,13 Ruth roads,Stephentown,East Dianeburgh,PH5 9HW,UK,United Kingdom,EMEA,English,Education,Silver,2020-10-31,2020,RETURNING,True,MDM,2020-10-31 00:00:00,2026-04-17 15:58:35.889477
b5211851-3019-4fc8-af75-b3ca01d1c39f,CUST-2019-UK-000742,Declan,Dunn,Declan Dunn,Female,1987-05-28,declan.dunn@protonmail.com,01632 960662,9 Ashleigh points,North Megan,Littlestad,EX6E 2BL,UK,United Kingdom,EMEA,English,Business,Silver,2019-12-04,2019,RETURNING,True,MDM,2019-12-04,2026-04-17 15:58:35.889478
e0c6f82a-11f3-43fc-82d7-23ffecea973d,CUST-2019-UK-001159,Jack,Jarvis,Jack Jarvis,Male,1978-07-05,jack.jarvis@icloud.com,+44289018930,"Flat 8
Collins plains",West Peterland,Tonyshire,GU2 9UP,UK,United Kingdom,EMEA,English,Business,None,2019-07-26,2019,RETURNING,True,MDM,2019-07-26,2026-04-17 15:58:35.889480
7e8d4bf0-3e14-4773-85ce-72e1a5b6e4a9,CUST-2019-UK-001425,Rosie,Brown,Rosie Brown,Female,1969-10-13,rosie.brown@aol.com,0909 8790264,"Flat 20j
Karl passage",New Ashleighfort,Hillmouth,HP8P 6NR,UK,United Kingdom,EMEA,English,Consumer,None,2019-06-23,2019,RETURNING,True,MDM,2019-06-23,2026-04-17 15:58:35.889482
e744fa21-0293-495a-b098-484d8d681c97,CUST-2020-UK-000536,Helen,Jackson,Helen Jackson,Male,1966-12-14,helen.jackson@zoho.com,09098790594,"Flat 32
Bethany spurs",West Gailburgh,Lake Joshburgh,SP21 6YS,UK,United Kingdom,EMEA,English,Consumer,None,2020-05-10,2020,RETURNING,True,MDM,2020-05-10 00:00:00,2026-04-17 15:58:35.889484
11719f85-d4b9-407a-b97d-56a9ac437af1,CUST-2019-UK-001031,Anne,Taylor,Anne Taylor,Female,2002-09-14,anne.taylor@msn.com,+44306 9990845,"Flat 8
Marc trafficway",Ashtonbury,Jameshaven,G3K 7WW,UK,United Kingdom,EMEA,English,Consumer,Silver,2019-08-07,2019,RETURNING,True,MDM,2019-08-07,2026-04-17 15:58:35.889485
bea50433-e69b-46d8-8e00-6933f6344a44,CUST-2020-UK-000450,Margaret,Oliver,Margaret Oliver,Male,2006-02-04,margaret.oliver@gmail.com,+44(0)161 496 0343,2 Lloyd divide,East Paultown,New Keithville,M1B 3AY,UK,United Kingdom,EMEA,English,Business,None,2020-09-19,2020,RETURNING,True,MDM,2020-09-19 00:00:00,2026-04-17 15:58:35.889487
7d2b79b2-5f9d-4e16-a3d4-860a121e70f6,CUST-2020-UK-000297,David,Riley,David Riley,Female,1981-07-23,david.riley343@gmail.com,(0131) 496 0505,263 Harris springs,North Derek,Duffymouth,W9 3EG,UK,United Kingdom,EMEA,English,Business,None,2020-08-07,2020,RETURNING,True,MDM,2020-08-07 00:00:00,2026-04-17 15:58:35.889489
30075fb2-41ff-4beb-859f-b39c110af8c9,CUST-2019-UK-001426,Jodie,Davies,Jodie Davies,Male,1952-06-05,jodie.davies@gmail.com,+441214960148,"Studio 78
Henry meadows",Lake Rachael,Russellport,AB0E 5WT,UK,United Kingdom,EMEA,English,Consumer,Silver,2019-11-18,2019,RETURNING,True,MDM,2019-11-18,2026-04-17 15:58:35.889490
c5b598b7-dfd9-4888-b47a-9f84accc64db,CUST-2019-UK-002132,Jasmine,Joyce,Jasmine Joyce,Male,1959-07-14,jasmine.joyce@hotmail.com,(0191)4960722,"Flat 86
Christine extension",North Clive,Port Susanchester,TQ3 4UQ,UK,United Kingdom,EMEA,English,Consumer,None,2019-04-28,2019,RETURNING,True,MDM,2019-04-28,2026-04-17 15:58:35.889492
d8e0169e-1fec-4992-8050-168b3d2467f3,CUST-2019-UK-002251,Rachel,Mills,Rachel Mills,Male,1950-10-10,rachel.mills@msn.com,+44113 4960708,20 Price forks,Kimmouth,West Markton,E6J 9LT,UK,United Kingdom,EMEA,English,Consumer,None,2019-07-28,2019,RETURNING,True,MDM,2019-07-28,2026-04-17 15:58:35.889494
5f3cf637-4716-4b83-8d6b-9dd7499fc712,CUST-2019-UK-001234,Lawrence,Douglas,Lawrence Douglas,Female,1994-05-11,lawrence.douglas787@outlook.com,0161 4960967,"Flat 20
Martin trafficway",Bernardfurt,Tomberg,L47 3EY,UK,United Kingdom,EMEA,English,Consumer,Gold,2019-03-08,2019,RETURNING,True,MDM,2019-03-08,2026-04-17 15:58:35.889496
b5f012cd-61a6-4bf4-a887-6c935259dedb,CUST-2020-UK-000524,Tom,Hill,Tom Hill,Female,1979-06-23,tom.hill274@hotmail.com,0114 496 0466,"Flat 16C
Gerard land",South Leonardton,Sophieberg,PH5 1GQ,UK,United Kingdom,EMEA,English,Consumer,None,2020-03-27,2020,RETURNING,True,MDM,2020-03-27 00:00:00,2026-04-17 15:58:35.889498
c74e73e6-f803-4b3e-819b-8f92c92d61e4,CUST-2020-UK-000373,Lynda,Khan,Lynda Khan,Male,1999-04-17,lynda.khan79@live.com,0117 496 0337,"Flat 12f
Ian points",Francischester,Sandrabury,M4J 8JS,UK,United Kingdom,EMEA,English,Education,None,2020-05-20,2020,RETURNING,True,MDM,2020-05-20 00:00:00,2026-04-17 15:58:35.889500
db3db944-55f2-4177-b4dd-a68f54c9926d,CUST-2019-UK-000246,Hollie,Austin,Hollie Austin,Female,1991-11-11,hollie.austin@hotmail.com,+44(0)808 157 0479,3 Smart oval,Johnsonmouth,Flemingland,S1H 1AL,UK,United Kingdom,EMEA,English,Consumer,None,2019-11-26,2019,RETURNING,False,MDM,2019-11-26,2026-04-17 15:58:35.889501
e75c9a80-7a6a-4215-8ae6-816fa281470a,CUST-2019-UK-001001,Scott,Little,Scott Little,Male,1978-01-08,scott.little@live.com,01184960069,02 Karen ranch,North Benjamintown,Jonesville,CR24 6TX,UK,United Kingdom,EMEA,English,Consumer,Silver,2019-11-09,2019,RETURNING,True,MDM,2019-11-09,2026-04-17 15:58:35.889503
7a8b675d-ef7e-4e79-a116-8c8197a96715,CUST-2019-UK-001214,Peter,Harding,Peter Harding,Female,1956-07-07,peter.harding@outlook.com,+4429 2018 0814,"Studio 95
Miah mills",Port Katyton,New Declanhaven,LN31 6BD,UK,United Kingdom,EMEA,English,Consumer,Silver,2019-12-06,2019,RETURNING,True,MDM,2019-12-06,2026-04-17 15:58:35.889504
105cdc2e-21d1-427a-a5ac-df9d1f40159c,CUST-2019-UK-001248,Henry,Jackson,Henry Jackson,Female,1971-04-16,henry.jackson@outlook.com,0292018106,"Studio 93r
Alexander point",West Steven,West Roy,L5U 6HG,UK,United Kingdom,EMEA,English,Consumer,None,2019-09-26,2019,RETURNING,True,MDM,2019-09-26,2026-04-17 15:58:35.889506
ded383ac-e99b-4b4e-924a-83c53989e4a6,CUST-2019-UK-001286,Jade,Williams,Jade Williams,Male,2001-09-30,jade.williams809@protonmail.com,(0808) 157 0013,"Studio 4
King lakes",Buckleyton,West Christian,LU74 8JE,UK,United Kingdom,EMEA,English,Consumer,Gold,2019-10-30,2019,RETURNING,True,MDM,2019-10-30,2026-04-17 15:58:35.889507
f9b1316f-7f00-412a-b5ed-66e5a98b816d,CUST-2020-UK-000398,Bethan,Hayes,Bethan Hayes,Female,1954-12-08,bethan.hayes@aol.com,(0118) 4960736,096 Young village,New Arthur,Denisburgh,S0 6RW,UK,United Kingdom,EMEA,English,Education,Gold,2020-07-30,2020,RETURNING,True,MDM,2020-07-30 00:00:00,2026-04-17 15:58:35.889509
3c152ac1-841f-42ac-9c54-2ba5907dfa3f,CUST-2019-UK-000081,Amelia,Burton,Amelia Burton,Female,2006-03-26,amelia.burton@hotmail.com,(0161) 4960151,2 John trace,Bateshaven,Elliottview,IP11 1GL,UK,United Kingdom,EMEA,English,Consumer,None,2019-07-09,2019,RETURNING,True,MDM,2019-07-09,2026-04-17 15:58:35.889511
108d9a20-da95-4918-9f5a-7625c4f37da3,CUST-2020-UK-000150,Trevor,Walker,Trevor Walker,Female,1967-08-22,trevor.walker@protonmail.com,(020) 74960099,397 Hannah turnpike,West Jacob,Colesfurt,G1D 7TA,UK,United Kingdom,EMEA,English,Education,None,2020-06-01,2020,RETURNING,True,MDM,2020-06-01 00:00:00,2026-04-17 15:58:35.889512
58f50852-bbd7-4e22-83f5-10d03b29c1ad,CUST-2019-UK-001011,Melissa,Miah,Melissa Miah,Female,1999-02-10,melissa.miah@gmx.com,+44(0)909 8790619,341 Darren underpass,Lake Tracey,North Justin,BL1E 7DB,UK,United Kingdom,EMEA,English,Consumer,None,2019-12-18,2019,RETURNING,False,MDM,2019-12-18,2026-04-17 15:58:35.889514
e9bf4a6f-2b9b-49c6-aecd-a6ad4fd7d424,CUST-2019-UK-001591,Catherine,Black,Catherine Black,Male,1995-08-27,catherine.black198@gmail.com,(0808) 1570923,94 Tom summit,Griffithsland,North Harriet,B14 6GW,UK,United Kingdom,EMEA,English,Consumer,Silver,2019-01-19,2019,RETURNING,True,MDM,2019-01-19,2026-04-17 15:58:35.889516
2dc1e728-51ab-4b0d-b81f-293903506bd9,CUST-2019-UK-001073,Geoffrey,Harvey,Geoffrey Harvey,Male,1958-09-15,geoffrey.harvey@aol.com,0116 4960076,75 Jodie manors,Katieshire,Zoeborough,L39 9DG,UK,United Kingdom,EMEA,English,Consumer,None,2019-05-30,2019,RETURNING,True,MDM,2019-05-30,2026-04-17 15:58:35.889517
9931d028-54d3-468a-8438-86269c9a5738,CUST-2019-UK-002307,Emma,Moore,Emma Moore,Male,1984-12-28,emma.moore599@yahoo.com,(028) 9018 0450,83 Gerard mills,Port Stephanieberg,North Carole,M48 6ZR,UK,United Kingdom,EMEA,English,Consumer,Silver,2019-10-06,2019,RETURNING,True,MDM,2019-10-06,2026-04-17 15:58:35.889519
1516a0b1-1796-41e6-9ff2-cf5592ca4acb,CUST-2019-UK-002252,Gareth,Patterson,Gareth Patterson,Male,1985-06-12,gareth.patterson@live.com,+44(0)116 496 0709,"Flat 19x
Mason groves",New Leon,Colinchester,G51 5ZA,UK,United Kingdom,EMEA,English,Consumer,Silver,2019-06-11,2019,RETURNING,True,MDM,2019-06-11,2026-04-17 15:58:35.889520
b05e1d74-a884-4f1e-87ec-6fc365892a5e,CUST-2019-UK-000607,Mandy,Robinson,Mandy Robinson,Male,1974-02-02,mandy.robinson@icloud.com,(0151) 496 0561,0 Mitchell loaf,Lukeville,Fionaland,E3 4RY,UK,United Kingdom,EMEA,English,Consumer,None,2019-05-06,2019,RETURNING,True,MDM,2019-05-06,2026-04-17 15:58:35.889522
f1f11411-18e8-46c1-8c64-c2fe711d56d4,CUST-2019-UK-001053,Denise,Lee,Denise Lee,Female,1994-02-16,denise.lee32@outlook.com,+44(0)29 2018 0481,"Studio 04
Williams cliffs",Cartermouth,Connorfurt,SK1 5FR,UK,United Kingdom,EMEA,English,Consumer,Silver,2019-02-27,2019,RETURNING,True,MDM,2019-02-27,2026-04-17 15:58:35.889524
5ade7c26-94e5-4469-a34d-9099e9d939eb,CUST-2020-UK-000461,Reece,Taylor,Reece Taylor,Male,1958-06-27,reece.taylor392@gmx.com,+44(0)2074960792,693 Dawn ford,South Ryan,North Mohammedberg,LD6 2ZD,UK,United Kingdom,EMEA,English,Consumer,None,2020-02-09,2020,RETURNING,True,MDM,2020-02-09 00:00:00,2026-04-17 15:58:35.889525
ff09364f-4542-4823-806a-77230b747b53,CUST-2019-UK-000367,Dominic,Reid,Dominic Reid,Male,1969-12-11,dominic.reid474@outlook.com,(028)9018194,"Studio 04
Cross hill",Lake Denis,Lake Gerard,EC89 5QH,UK,United Kingdom,EMEA,English,Consumer,None,2019-05-07,2019,RETURNING,True,MDM,2019-05-07,2026-04-17 15:58:35.889527
b97d6b1f-b718-47a9-84bf-019e55d59c3d,CUST-2019-UK-001265,Karl,Barton,Karl Barton,Female,1994-11-01,karl.barton@gmx.com,+44(0)141 4960983,"Flat 0
Philip crest",Nashville,West Alexander,CB6 6DL,UK,United Kingdom,EMEA,English,Education,None,2019-08-16,2019,RETURNING,True,MDM,2019-08-16,2026-04-17 15:58:35.889529
f8c398e6-5aea-4e02-aeaa-e292ee8fa97e,CUST-2019-UK-000705,Jemma,Schofield,Jemma Schofield,Female,1972-01-28,jemma.schofield@mail.com,0289018285,"Studio 0
Stephen flat",West Maxville,Lake Terrystad,M1 2AY,UK,United Kingdom,EMEA,English,Consumer,None,2019-08-05,2019,RETURNING,False,MDM,2019-08-05,2026-04-17 15:58:35.889531
b6ba88d6-5e5c-48a6-87bb-64b0ab4aeafb,CUST-2019-UK-001945,Mitchell,Russell,Mitchell Russell,Female,1977-11-18,mitchell.russell@yahoo.com,+44(0)20 74960885,699 Cross vista,East Callumstad,New Howard,W5G 0DJ,UK,United Kingdom,EMEA,English,Business,None,2019-10-26,2019,RETURNING,True,MDM,2019-10-26,2026-04-17 15:58:35.889533
bda87964-15ff-400c-9d76-3fe4f44b7009,CUST-2020-UK-000721,Sean,Ball,Sean Ball,Male,1951-01-05,sean.ball@gmail.com,+44191 4960813,3 Richardson highway,New Brucefort,Seanville,EC8H 5YQ,UK,United Kingdom,EMEA,English,Consumer,None,2020-12-10,2020,RETURNING,True,MDM,2020-12-10 00:00:00,2026-04-17 15:58:35.889535
a05ea353-c70e-421a-a6e1-bd0fe0994134,CUST-2020-UK-000314,Harry,Gill,Harry Gill,Male,1986-11-13,harry.gill554@mail.com,(020)74960175,"Flat 36
Matthew trail",Burtonview,Port Naomiville,RM8 3BR,UK,United Kingdom,EMEA,English,Consumer,Silver,2020-03-29,2020,RETURNING,True,MDM,2020-03-29 00:00:00,2026-04-17 15:58:35.889536
9301d0f2-6d0f-46ee-9d20-49724a1cf7e2,CUST-2020-UK-000499,Andrew,Morgan,Andrew Morgan,Male,1984-05-21,andrew.morgan316@gmx.com,(028)9018436,"Flat 2
Jemma centers",Danielhaven,Sharpchester,BA65 4UG,UK,United Kingdom,EMEA,English,Consumer,Silver,2020-12-08,2020,RETURNING,True,MDM,2020-12-08 00:00:00,2026-04-17 15:58:35.889538
434ee361-c717-412f-9805-01dfb2dc9464,CUST-2020-UK-000469,William,Lee,William Lee,Male,1975-11-02,william.lee@gmx.com,01184960726,56 Claire villages,Aarontown,Port Liam,S69 7HF,UK,United Kingdom,EMEA,English,Business,None,2020-11-16,2020,RETURNING,True,MDM,2020-11-16 00:00:00,2026-04-17 15:58:35.889539
3034f459-8545-402e-a7ee-37eee4ef27ab,CUST-2019-UK-000670,Heather,White,Heather White,Female,1982-08-23,heather.white@yahoo.com,020 7946 0118,297 Barrett row,Jordanfort,Gibsonmouth,L4 7EH,UK,United Kingdom,EMEA,English,Consumer,None,2019-10-25,2019,RETURNING,True,MDM,2019-10-25,2026-04-17 15:58:35.889541
e11d8e3e-32df-45f6-9065-81ce91bfe16d,CUST-2020-UK-000229,Karen,Wilkinson,Karen Wilkinson,Male,1959-09-16,karen.wilkinson175@gmail.com,0141 4960851,"Flat 6
Melissa points",North Aaron,New Emilyfort,S6F 1AZ,UK,United Kingdom,EMEA,English,Education,None,2020-05-03,2020,RETURNING,True,MDM,2020-05-03 00:00:00,2026-04-17 15:58:35.889543
2688d2ad-b408-4f06-95a4-7ef3de1ed5f1,CUST-2019-UK-001107,Victoria,Singh,Victoria Singh,Male,1971-07-15,victoria.singh@yahoo.com,+44114 4960713,607 Linda ports,South Benchester,Port Kim,E8 2TD,UK,United Kingdom,EMEA,English,Consumer,Silver,2019-12-15,2019,RETURNING,True,MDM,2019-12-15,2026-04-17 15:58:35.889545
352807aa-2284-4b57-9db7-dfcc1c8d9cc4,CUST-2020-UK-000270,Tony,Shepherd,Tony Shepherd,Female,1989-02-14,tony.shepherd@icloud.com,+44141 4960005,488 Garry village,Port Alice,Hilaryburgh,MK23 7XA,UK,United Kingdom,EMEA,English,Consumer,None,2020-12-17,2020,RETURNING,True,MDM,2020-12-17 00:00:00,2026-04-17 15:58:35.889546
8e7fdf30-b15b-4837-99f0-f5cacd1ed2a7,CUST-2019-UK-001579,Philip,Heath,Philip Heath,Male,1994-03-30,philip.heath@aol.com,0121 4960003,12 Hussain village,West Stanleyfort,North Iainton,M2U 9UL,UK,United Kingdom,EMEA,English,Consumer,None,2019-07-25,2019,RETURNING,True,MDM,2019-07-25,2026-04-17 15:58:35.889548
48d5cdf4-d998-4caf-9e62-3425092954b8,CUST-2020-UK-000400,Joanne,Walker,Joanne Walker,Female,1980-08-06,joanne.walker789@yahoo.com,+44(0)117 496 0055,5 Rachael plains,New Kate,West Daniel,LS29 5AR,UK,United Kingdom,EMEA,English,Education,Gold,2020-05-10,2020,RETURNING,True,MDM,2020-05-10 00:00:00,2026-04-17 15:58:35.889550
64848ef4-2f4d-417c-a3ae-4f0c559a16d5,CUST-2019-UK-002288,Abigail,Allen,Abigail Allen,Female,1968-06-06,abigail.allen@outlook.com,+44(0)1174960038,"Studio 39
Kathryn harbors",Iainstad,New Susanburgh,M9 2HH,UK,United Kingdom,EMEA,English,Consumer,None,2019-11-25,2019,RETURNING,True,MDM,2019-11-25,2026-04-17 15:58:35.889551
94b7c74c-3a06-442c-bb9f-8528a9199250,CUST-2019-UK-001292,Louis,Graham,Louis Graham,Female,1968-08-20,louis.graham@zoho.com,0161 4960392,"Studio 50D
Shannon pine",Hilaryhaven,Lake Keithborough,HR63 0NZ,UK,United Kingdom,EMEA,English,Consumer,Platinum,2019-12-15,2019,RETURNING,True,MDM,2019-12-15,2026-04-17 15:58:35.889557
a6e69ce7-76df-41be-b3f8-3d3485ebbc11,CUST-2019-UK-001960,Edward,Jackson,Edward Jackson,Female,1977-07-06,edward.jackson2@aol.com,+44(0)118 4960038,667 Miller trafficway,Dennisville,Kylemouth,S8G 6RN,UK,United Kingdom,EMEA,English,Consumer,None,2019-04-10,2019,RETURNING,True,MDM,2019-04-10,2026-04-17 15:58:35.889559
8ab5bdb5-da44-42f7-a070-4aed0d3e5ad4,CUST-2020-UK-000547,Douglas,Evans,Douglas Evans,Female,1985-03-24,douglas.evans1@hotmail.com,(0141) 496 0972,6 Danielle burgs,East Simon,East Richardmouth,TQ0 6RX,UK,United Kingdom,EMEA,English,Consumer,Gold,2020-09-10,2020,RETURNING,True,MDM,2020-09-10 00:00:00,2026-04-17 15:58:35.889560
e2779b2b-2373-4a71-9eb6-55776547a32d,CUST-2020-UK-000432,Samantha,Marshall,Samantha Marshall,Female,1977-11-10,samantha.marshall@outlook.com,+44151 4960501,21 Palmer glen,New Roy,New Norman,B5A 6AP,UK,United Kingdom,EMEA,English,Consumer,None,2020-07-21,2020,RETURNING,True,MDM,2020-07-21 00:00:00,2026-04-17 15:58:35.889562
6da1f507-2a4a-4047-95ce-d689f92df2ba,CUST-2019-UK-000164,Terry,Williams,Terry Williams,Male,1951-11-16,terry.williams@live.com,+441632 960 771,"Flat 1
Harris inlet",Juneside,East Ashleighstad,L4 0WD,UK,United Kingdom,EMEA,English,Business,Silver,2019-06-29,2019,RETURNING,True,MDM,2019-06-29,2026-04-17 15:58:35.889564
c1e32a42-a718-495f-89da-c1220d2f6534,CUST-2019-UK-000817,Duncan,Clark,Duncan Clark,Male,1967-12-03,duncan.clark47@gmx.com,(0131) 496 0530,"Studio 72y
Jemma spurs",New Elliott,West Amanda,M9A 3LW,UK,United Kingdom,EMEA,English,Consumer,Gold,2019-12-27,2019,RETURNING,True,MDM,2019-12-27,2026-04-17 15:58:35.889565
555826b8-0c3d-470e-9f6a-de3cdc51e01b,CUST-2019-UK-000936,Julian,Hart,Julian Hart,Male,1973-02-26,julian.hart@live.com,+44(0)9098790597,"Flat 9
Sean view",Andrewtown,South Dawnburgh,W0H 9WW,UK,United Kingdom,EMEA,English,Consumer,None,2019-05-14,2019,RETURNING,True,MDM,2019-05-14,2026-04-17 15:58:35.889567
3ae99ae6-362c-4304-ba4b-4f558c44518a,CUST-2019-UK-000623,Nicole,Williams,Nicole Williams,Female,1997-02-08,nicole.williams@protonmail.com,(0118)4960266,"Studio 54
Whittaker walks",Williambury,Lake Vincenttown,N5 7YQ,UK,United Kingdom,EMEA,English,Consumer,None,2019-09-16,2019,RETURNING,True,MDM,2019-09-16,2026-04-17 15:58:35.889569
41fbd180-aad8-44f5-aad0-a29675f30dd8,CUST-2019-UK-002295,Jeremy,Smith,Jeremy Smith,Female,1980-12-21,jeremy.smith237@icloud.com,0191 4960088,"Flat 87b
Lindsey plains",Turnerstad,New Aaronland,KT38 7AG,UK,United Kingdom,EMEA,English,Consumer,Silver,2019-01-08,2019,RETURNING,True,MDM,2019-01-08,2026-04-17 15:58:35.889571
8a86f893-1542-4021-958d-e1ccaf141b70,CUST-2020-UK-000639,Catherine,Jones,Catherine Jones,Male,1970-10-18,catherine.jones863@mail.com,+44(0)141 496 0042,05 Smith terrace,Lake Beverleyberg,Port Juliafort,BR9A 5FY,UK,United Kingdom,EMEA,English,Consumer,None,2020-07-07,2020,RETURNING,True,MDM,2020-07-07 00:00:00,2026-04-17 15:58:35.889572
739743b2-9a6f-4d81-bbf4-8f92353cb686,CUST-2019-UK-001027,Brenda,Bibi,Brenda Bibi,Female,1972-01-09,brenda.bibi@hotmail.com,0113 496 0550,4 Donald well,New Melanie,East Kathleenmouth,W66 6WX,UK,United Kingdom,EMEA,English,Consumer,Silver,2019-07-25,2019,RETURNING,True,MDM,2019-07-25,2026-04-17 15:58:35.889574
28339bfe-ee4e-49d6-b150-a774a0dd80f5,CUST-2019-UK-000343,Adam,Patel,Adam Patel,Female,1963-11-21,adam.patel@mail.com,01154960859,53 David track,Lake Valerieburgh,Walkerberg,SA2P 6FU,UK,United Kingdom,EMEA,English,Consumer,None,2019-11-10,2019,RETURNING,True,MDM,2019-11-10,2026-04-17 15:58:35.889580
6a9b5362-50ff-4260-90c2-de7871494441,CUST-2019-UK-001585,Carol,Naylor,Carol Naylor,Female,2005-03-18,carol.naylor@hotmail.com,+44(0)909 8790214,885 Rhodes bypass,Staceymouth,Marshallshire,B7D 4HU,UK,United Kingdom,EMEA,English,Consumer,None,2019-10-06,2019,RETURNING,True,MDM,2019-10-06,2026-04-17 15:58:35.889581
d4ff42e3-ae3e-433b-933e-f4e1f1553044,CUST-2019-UK-000723,Michael,Hall,Michael Hall,Male,1974-01-26,michael.hall@aol.com,(01632) 960 507,104 Porter islands,West Anna,Danielshire,NR7B 7AG,UK,United Kingdom,EMEA,English,Consumer,None,2019-11-08,2019,RETURNING,True,MDM,2019-11-08,2026-04-17 15:58:35.889583
1336e339-b6da-498a-a32b-ef79398eab99,CUST-2019-UK-001361,Sarah,Atkins,Sarah Atkins,Female,1983-12-24,sarah.atkins777@msn.com,+44(0)141 4960468,2 Stone squares,Campbellshire,South Edward,W30 0RR,UK,United Kingdom,EMEA,English,Consumer,Silver,2019-09-23,2019,RETURNING,False,MDM,2019-09-23,2026-04-17 15:58:35.889585
5714293a-622c-49ac-8476-9d5a585afeeb,CUST-2019-UK-001976,Zoe,Moore,Zoe Moore,Female,2005-04-21,zoe.moore@yahoo.com,01184960272,"Studio 0
Andrews divide",East Jade,New Karl,SP3 7UN,UK,United Kingdom,EMEA,English,Consumer,Silver,2019-05-09,2019,RETURNING,True,MDM,2019-05-09,2026-04-17 15:58:35.889586
7b27e5a0-8836-4b96-907a-548ad0ee8742,CUST-2019-UK-001631,Carole,Newman,Carole Newman,Female,1994-01-15,carole.newman@yahoo.com,(0909) 8790091,971 Craig lane,Bernardborough,Thompsonville,N25 9WS,UK,United Kingdom,EMEA,English,Education,None,2019-09-18,2019,RETURNING,True,MDM,2019-09-18,2026-04-17 15:58:35.889588
27bb8263-c8ca-4626-b86c-5f1322e09b7a,CUST-2019-UK-000826,June,Butler,June Butler,Male,1970-11-23,june.butler@gmx.com,+44(0)292018452,"Studio 74
Wilson underpass",North Robert,Dennisland,S8E 9QD,UK,United Kingdom,EMEA,English,Consumer,None,2019-01-17,2019,RETURNING,True,MDM,2019-01-17,2026-04-17 15:58:35.889590
650db0f1-550c-4e6f-acc0-89df09841174,CUST-2019-UK-000063,Sally,Black,Sally Black,Female,1966-03-01,sally.black844@yahoo.com,+44(0)131 496 0058,"Flat 1
Gray extensions",Pickeringberg,Lorraineburgh,IG7Y 6WX,UK,United Kingdom,EMEA,English,Consumer,None,2019-04-23,2019,RETURNING,True,MDM,2019-04-23,2026-04-17 15:58:35.889592
28de4def-c998-4480-97c0-613782938a29,CUST-2020-UK-000548,Janice,Gregory,Janice Gregory,Female,1967-10-11,janice.gregory@aol.com,(0113)4960030,"Flat 0
Morgan street",Port Paula,Ahmedstad,S64 2FF,UK,United Kingdom,EMEA,English,Consumer,Silver,2020-08-14,2020,RETURNING,True,MDM,2020-08-14 00:00:00,2026-04-17 15:58:35.889597
b7920017-c8c2-4068-ab22-b88dec17b9c5,CUST-2020-UK-000290,Chelsea,French,Chelsea French,Female,1953-07-01,chelsea.french@outlook.com,+44(0)306 9990323,"Studio 6
Price locks",Wilsonborough,Port Bryan,AB2M 6TE,UK,United Kingdom,EMEA,English,Business,None,2020-06-11,2020,RETURNING,True,MDM,2020-06-11 00:00:00,2026-04-17 15:58:35.889599
1a26dd62-a62c-4e73-895f-1314ed7c0668,CUST-2019-UK-001527,Charlie,Finch,Charlie Finch,Male,1992-05-16,charlie.finch@mail.com,0141 496 0533,"Studio 1
Mohammad square",New Lewis,Fletcherstad,BB71 5XP,UK,United Kingdom,EMEA,English,Consumer,Platinum,2019-10-04,2019,RETURNING,True,MDM,2019-10-04,2026-04-17 15:58:35.889600
af80830d-01ef-478c-9d25-d48ea10442b6,CUST-2019-UK-002355,Bruce,Davis,Bruce Davis,Male,1991-04-22,bruce.davis@outlook.com,+448081570047,3 Whitehouse mews,Cooperbury,South Stuartmouth,PE5 7BA,UK,United Kingdom,EMEA,English,Consumer,None,2019-10-02,2019,RETURNING,True,MDM,2019-10-02,2026-04-17 15:58:35.889602
9b63e491-691f-4e88-8909-b04bdc161eb4,CUST-2020-UK-000157,Danny,Jenkins,Danny Jenkins,Male,1980-09-30,danny.jenkins412@outlook.com,(020) 74960205,"Flat 4
Ryan estates",Bernardton,Hilaryville,L85 2WJ,UK,United Kingdom,EMEA,English,Consumer,Silver,2020-04-03,2020,RETURNING,True,MDM,2020-04-03 00:00:00,2026-04-17 15:58:35.889604
89b3dfa7-a9a6-43f0-a550-0448a72cdd3d,CUST-2019-UK-000789,Caroline,Walton,Caroline Walton,Male,1950-09-10,caroline.walton453@protonmail.com,(0121) 496 0572,8 Watson prairie,New Margaretmouth,East Jadeberg,L23 5NU,UK,United Kingdom,EMEA,English,Consumer,None,2019-06-14,2019,RETURNING,True,MDM,2019-06-14,2026-04-17 15:58:35.889606
717d8a6a-9466-4ab7-81db-e76bc810994f,CUST-2019-UK-000628,Carl,Fisher,Carl Fisher,Female,1972-06-04,carl.fisher763@msn.com,+44(0)121 4960057,21 Hannah drive,Ericberg,New Wayne,CH03 4NZ,UK,United Kingdom,EMEA,English,Consumer,None,2019-06-15,2019,RETURNING,True,MDM,2019-06-15,2026-04-17 15:58:35.889607
8989fa8b-2632-453e-97ae-baa080389874,CUST-2020-UK-000164,Mark,Turner,Mark Turner,Female,1963-08-27,mark.turner@icloud.com,+44909 8790023,"Studio 07P
Douglas radial",Port Mauricemouth,Nicolachester,EH96 4YJ,UK,United Kingdom,EMEA,English,Consumer,None,2020-03-29,2020,RETURNING,True,MDM,2020-03-29 00:00:00,2026-04-17 15:58:35.889609
c566e52b-3097-4478-8ff9-9f0267a199f5,CUST-2020-UK-000191,Mohammad,Barker,Mohammad Barker,Male,1960-06-10,mohammad.barker@outlook.com,(0161)4960205,"Flat 31
Parry divide",Damianmouth,Lake Billy,B3 9PW,UK,United Kingdom,EMEA,English,Consumer,None,2020-12-18,2020,RETURNING,True,MDM,2020-12-18 00:00:00,2026-04-17 15:58:35.889615
211df4ae-58c7-4a3e-8cfd-af9c54cbba6c,CUST-2019-UK-000018,Hugh,Heath,Hugh Heath,Male,1955-02-26,hugh.heath@yahoo.com,01144960020,43 Ashleigh circle,Maureenstad,Campbellport,N8 2WS,UK,United Kingdom,EMEA,English,Consumer,None,2019-05-20,2019,RETURNING,True,MDM,2019-05-20,2026-04-17 15:58:35.889617
fd0d98a5-70d3-41c8-bd0c-390cfc7e1671,CUST-2019-UK-001512,Tony,Bond,Tony Bond,Female,1975-03-09,tony.bond@hotmail.com,+44292018962,438 Clare lock,North Joseph,Lake Marctown,WS0 1JZ,UK,United Kingdom,EMEA,English,Consumer,None,2019-03-08,2019,RETURNING,True,MDM,2019-03-08,2026-04-17 15:58:35.889619
48454adc-1d3a-4588-a307-43d6fab3b2d6,CUST-2020-UK-000752,Russell,Brown,Russell Brown,Male,1972-05-23,russell.brown591@outlook.com,+44(0)1632 960 936,"Studio 60K
Thomas light",Port Terry,Port Jane,N52 0XG,UK,United Kingdom,EMEA,English,Consumer,Gold,2020-03-06,2020,RETURNING,True,MDM,2020-03-06 00:00:00,2026-04-17 15:58:35.889620
3b2e00ab-b521-4342-b098-5c5074bf1b11,CUST-2019-UK-000385,Damian,Wright,Damian Wright,Female,2002-12-05,damian.wright@mail.com,01914960823,53 Chapman crest,Geraldinetown,Lorraineville,L40 5RH,UK,United Kingdom,EMEA,English,Business,Gold,2019-07-14,2019,RETURNING,True,MDM,2019-07-14,2026-04-17 15:58:35.889622
ac331061-f3cb-483b-90a0-2f346206942b,CUST-2019-UK-002394,Barry,Smith,Barry Smith,Male,1979-12-22,barry.smith418@gmail.com,+44(0)131 496 0544,"Studio 88G
Patel ferry",Port Kate,Cameronside,WA00 2XU,UK,United Kingdom,EMEA,English,Consumer,Silver,2019-01-14,2019,RETURNING,True,MDM,2019-01-14,2026-04-17 15:58:35.889623
37fc073e-374c-4544-8482-b65e8bffa193,CUST-2019-UK-000867,Kathleen,Hart,Kathleen Hart,Female,1990-10-08,kathleen.hart97@protonmail.com,+4429 2018 0070,93 Ford forks,Bellland,West Bernardview,E42 0JF,UK,United Kingdom,EMEA,English,Consumer,Silver,2019-06-29,2019,RETURNING,True,MDM,2019-06-29,2026-04-17 15:58:35.889625
f15a8a56-eb00-41de-a56d-b434373cedd5,CUST-2019-UK-000023,Lynne,Shaw,Lynne Shaw,Male,1984-02-01,lynne.shaw@icloud.com,(029) 2018286,"Flat 5
Whittaker ferry",Jemmahaven,South Georgia,L8 2BT,UK,United Kingdom,EMEA,English,Consumer,Silver,2019-10-29,2019,RETURNING,True,MDM,2019-10-29,2026-04-17 15:58:35.889626
187a9e7e-b37e-4bd9-a741-43cc108ad62f,CUST-2019-UK-001483,Martin,Harris,Martin Harris,Female,1976-05-31,martin.harris@zoho.com,(0808)1570768,"Flat 49q
Howard grove",West Olivia,Johnsonmouth,N1 1YZ,UK,United Kingdom,EMEA,English,Education,Platinum,2019-06-19,2019,RETURNING,True,MDM,2019-06-19,2026-04-17 15:58:35.889628
0b5bf3f0-73bf-4a88-a4f5-cd6ea2713ee3,CUST-2019-UK-000878,Lee,Williams,Lee Williams,Female,1997-11-21,lee.williams@yahoo.com,0306 999 0021,"Flat 23
Nigel forges",Hollowaymouth,New Guyberg,NW1E 3XS,UK,United Kingdom,EMEA,English,Consumer,Platinum,2019-08-08,2019,RETURNING,True,MDM,2019-08-08,2026-04-17 15:58:35.889629
b85d821b-8c53-4a83-b614-1251821607d1,CUST-2020-UK-000031,Valerie,Ryan,Valerie Ryan,Female,1976-11-16,valerie.ryan137@mail.com,+44116 496 0322,5 Green locks,New Keithton,New Natashaton,SN31 5EZ,UK,United Kingdom,EMEA,English,Consumer,None,2020-06-15,2020,RETURNING,True,MDM,2020-06-15 00:00:00,2026-04-17 15:58:35.889631
9acfa0d0-0150-4f5d-9169-ebe04c55953e,CUST-2019-UK-001528,Toby,Noble,Toby Noble,Female,1982-04-29,toby.noble287@outlook.com,+44306 999 0047,"Studio 86U
Bird divide",North Graham,Morganfurt,N5E 1RD,UK,United Kingdom,EMEA,English,Business,Silver,2019-01-26,2019,RETURNING,True,MDM,2019-01-26,2026-04-17 15:58:35.889632
cc07a10e-92fc-4797-baa8-2140dbcbd50f,CUST-2019-UK-001954,Joshua,Horton,Joshua Horton,Female,1975-07-25,joshua.horton@outlook.com,09098790913,"Studio 31U
Deborah spring",Elaineborough,Marilynmouth,CF23 4ED,UK,United Kingdom,EMEA,English,Consumer,Platinum,2019-03-02,2019,RETURNING,True,MDM,2019-03-02,2026-04-17 15:58:35.889634
c92a2916-a4c3-4e45-92f1-061fe2eb130c,CUST-2019-UK-002035,Jeremy,White,Jeremy White,Male,1983-12-26,jeremy.white@icloud.com,+441164960120,2 Douglas divide,East Clifford,Barlowfort,N20 9WP,UK,United Kingdom,EMEA,English,Consumer,Silver,2019-05-11,2019,RETURNING,True,MDM,2019-05-11,2026-04-17 15:58:35.889635
2c677431-4b64-477b-9417-c0b25254cb2f,CUST-2019-UK-001140,Alice,Barker,Alice Barker,Male,1957-09-04,alice.barker@live.com,+44(0)141 4960436,2 Glenn river,West Jayport,Rogermouth,HU44 9UP,UK,United Kingdom,EMEA,English,Education,None,2019-11-10,2019,RETURNING,True,MDM,2019-11-10,2026-04-17 15:58:35.889637
8d7b22bf-6c32-44bf-91af-dfc727e139e2,CUST-2020-UK-000045,Declan,Fitzgerald,Declan Fitzgerald,Female,1966-05-23,declan.fitzgerald@msn.com,+44(0)1614960900,"Studio 8
Simpson plains",Youngburgh,South Tracyburgh,E60 0JJ,UK,United Kingdom,EMEA,English,Consumer,Platinum,2020-12-14,2020,RETURNING,True,MDM,2020-12-14 00:00:00,2026-04-17 15:58:35.889639
c527ce81-d6d0-49e5-97e1-78befb0cbb31,CUST-2019-UK-000951,Sean,Rowe,Sean Rowe,Male,1959-12-04,sean.rowe@outlook.com,+44(0)141 496 0747,"Flat 18
Lewis falls",Greenberg,Smithside,DA15 1HR,UK,United Kingdom,EMEA,English,Business,Silver,2019-06-13,2019,RETURNING,True,MDM,2019-06-13,2026-04-17 15:58:35.889640
a0449a81-10fe-417a-b2fd-9adc5327bc57,CUST-2019-UK-000200,Jean,White,Jean White,Male,1956-06-22,jean.white94@outlook.com,+441914960954,4 Kent ridges,South Glenfurt,Hopkinsville,BN0A 8SW,UK,United Kingdom,EMEA,English,Business,None,2019-10-18,2019,RETURNING,True,MDM,2019-10-18,2026-04-17 15:58:35.889642
6d7c3593-df41-4513-b7da-f0c1df2d078c,CUST-2019-UK-001830,Terry,Perkins,Terry Perkins,Female,2006-04-09,terry.perkins@icloud.com,0114 496 0504,0 Adrian path,Perrytown,North Annebury,KA5 6QG,UK,United Kingdom,EMEA,English,Consumer,Gold,2019-11-20,2019,RETURNING,True,MDM,2019-11-20,2026-04-17 15:58:35.889644
4edfea87-8f79-46ba-ad9d-8c5deb566c44,CUST-2020-UK-000758,Brenda,Davey,Brenda Davey,Female,1972-09-12,brenda.davey@aol.com,+44(0)116 4960262,9 Henry burgs,West Dennisshire,New Eileen,GY4 3LE,UK,United Kingdom,EMEA,English,Business,None,2020-03-01,2020,RETURNING,True,MDM,2020-03-01 00:00:00,2026-04-17 15:58:35.889645
8421495f-2ad2-4425-9f59-344e04bc0479,CUST-2020-UK-000148,Graeme,Gilbert,Graeme Gilbert,Female,2000-08-29,graeme.gilbert@zoho.com,+44(0)141 496 0814,414 Talbot viaduct,Louisechester,Port Josephineland,WV8Y 9YH,UK,United Kingdom,EMEA,English,Consumer,Gold,2020-04-16,2020,RETURNING,True,MDM,2020-04-16 00:00:00,2026-04-17 15:58:35.889647
194acee6-2846-4974-b870-46d80b341199,CUST-2020-UK-000226,Conor,Butler,Conor Butler,Female,1981-03-31,conor.butler@outlook.com,+44292018922,"Flat 19v
Harris crossroad",New Andrea,West Roger,N42 6YY,UK,United Kingdom,EMEA,English,Consumer,None,2020-11-09,2020,RETURNING,True,MDM,2020-11-09 00:00:00,2026-04-17 15:58:35.889648
a4aa7dca-3e80-4237-a987-d033b8af8851,CUST-2019-UK-002065,Bryan,Pritchard,Bryan Pritchard,Female,2004-10-18,bryan.pritchard@mail.com,0909 8790663,"Studio 50
Miller court",Smithtown,Jenningston,M4 3XG,UK,United Kingdom,EMEA,English,Consumer,Gold,2019-09-13,2019,RETURNING,True,MDM,2019-09-13,2026-04-17 15:58:35.889650
2f760bf4-cf21-436b-ab8b-92b4519ca129,CUST-2019-UK-000190,Elizabeth,Riley,Elizabeth Riley,Female,1994-06-04,elizabeth.riley@msn.com,(01632) 960 176,052 Beverley parks,Joshton,Hallbury,WS2 2GH,UK,United Kingdom,EMEA,English,Consumer,None,2019-09-07,2019,RETURNING,True,MDM,2019-09-07,2026-04-17 15:58:35.889652
6f79aca9-3856-4f0f-b9a3-91684e43db2b,CUST-2019-UK-000901,Georgina,Jones,Georgina Jones,Male,1995-07-15,georgina.jones@live.com,(0116) 4960975,"Studio 37q
Burke center",West Antonyside,Josephineburgh,RH21 4FB,UK,United Kingdom,EMEA,English,Consumer,Gold,2019-05-25,2019,RETURNING,True,MDM,2019-05-25,2026-04-17 15:58:35.889657
ded0a61b-c704-439b-839e-f547734e7d4d,CUST-2020-UK-000509,Dale,Heath,Dale Heath,Male,1958-09-30,dale.heath@icloud.com,(0306) 999 0787,995 Moore trail,Gilliantown,Palmerland,B3G 1ST,UK,United Kingdom,EMEA,English,Consumer,Gold,2020-01-12,2020,RETURNING,True,MDM,2020-01-12 00:00:00,2026-04-17 15:58:35.889659
4861e24d-d4c8-4afa-99c8-275e9c5793f0,CUST-2019-UK-000188,Frances,White,Frances White,Male,1986-07-19,frances.white@outlook.com,+441414960984,"Flat 06
Harding brooks",Davisfurt,North Lynnfurt,W6 3AE,UK,United Kingdom,EMEA,English,Consumer,None,2019-09-13,2019,RETURNING,True,MDM,2019-09-13,2026-04-17 15:58:35.889661
b1e38422-a8d1-459c-9b50-66767d2f5c06,CUST-2019-UK-000538,Paige,Harris,Paige Harris,Female,2003-08-17,paige.harris461@aol.com,+44191 4960519,58 Frank dale,Lake Jeanburgh,Lesleymouth,BA40 0PZ,UK,United Kingdom,EMEA,English,Consumer,Silver,2019-12-21,2019,RETURNING,True,MDM,2019-12-21,2026-04-17 15:58:35.889663
df84b1a2-f674-4091-b239-8419b8b11f46,CUST-2020-UK-000621,Duncan,Clarke,Duncan Clarke,Female,1962-02-02,duncan.clarke@msn.com,(0151)4960902,"Studio 5
Jennifer lakes",Lambertburgh,Lake Allan,M1 2UT,UK,United Kingdom,EMEA,English,Consumer,Platinum,2020-08-14,2020,RETURNING,True,MDM,2020-08-14 00:00:00,2026-04-17 15:58:35.889664
145e138d-6044-42da-b0e1-216e455e152f,CUST-2019-UK-002380,Rebecca,Taylor,Rebecca Taylor,Female,1955-03-17,rebecca.taylor410@hotmail.com,(020) 7496 0042,"Flat 8
Philip forge",Finchshire,West Margaret,E1B 7FX,UK,United Kingdom,EMEA,English,Education,Platinum,2019-08-07,2019,RETURNING,True,MDM,2019-08-07,2026-04-17 15:58:35.889666
97fd5be4-5b6a-4f57-b1ef-84f541b7e92b,CUST-2019-UK-001283,Gemma,Clarke,Gemma Clarke,Female,2003-12-22,gemma.clarke@mail.com,0151 4960467,8 Pope shoal,East Martin,Huntstad,AL7 1GE,UK,United Kingdom,EMEA,English,Consumer,None,2019-06-22,2019,RETURNING,True,MDM,2019-06-22,2026-04-17 15:58:35.889668
6541a9de-ef39-466a-851b-64a9c71bb898,CUST-2020-UK-000706,Jasmine,Roberts,Jasmine Roberts,Female,1960-09-19,jasmine.roberts@hotmail.com,02074960242,"Flat 0
Simon causeway",South Lindseyhaven,West Teresaborough,RM9 0TE,UK,United Kingdom,EMEA,English,Consumer,Platinum,2020-04-29,2020,RETURNING,True,MDM,2020-04-29 00:00:00,2026-04-17 15:58:35.889669
1f6622e3-6d42-4c44-bb99-666b4abbc70b,CUST-2019-UK-001294,Lorraine,Bartlett,Lorraine Bartlett,Female,1988-09-05,lorraine.bartlett@aol.com,(0121) 4960916,"Studio 9
Hugh forges",New Frankton,Macdonaldview,S7 1BQ,UK,United Kingdom,EMEA,English,Business,None,2019-02-12,2019,RETURNING,True,MDM,2019-02-12,2026-04-17 15:58:35.889675
c03cfe01-dbd0-44ca-94d2-1fe44e809a67,CUST-2019-UK-001075,Ronald,Bell,Ronald Bell,Female,1976-07-21,ronald.bell319@aol.com,(0191) 496 0521,"Studio 86
O'Connor road",Samview,Butlertown,DN23 2NH,UK,United Kingdom,EMEA,English,Consumer,None,2019-02-14,2019,RETURNING,False,MDM,2019-02-14,2026-04-17 15:58:35.889677
babbd779-ac3c-4fe9-b4ed-e92b077a1ee4,CUST-2019-UK-000877,Jade,Lowe,Jade Lowe,Male,1957-06-22,jade.lowe@protonmail.com,(0808) 1570134,8 Singh ford,Martynville,Hughestown,S5 4SL,UK,United Kingdom,EMEA,English,Consumer,None,2019-03-30,2019,RETURNING,True,MDM,2019-03-30,2026-04-17 15:58:35.889679
946412b6-b9a4-4837-a1e7-abfcaebfe10f,CUST-2019-UK-001097,Maureen,Martin,Maureen Martin,Male,1956-03-12,maureen.martin@outlook.com,+44(0)1914960478,"Flat 22
Whitehead parkway",Birdmouth,Lake Daniel,G8W 6WG,UK,United Kingdom,EMEA,English,Consumer,Platinum,2019-07-01,2019,RETURNING,True,MDM,2019-07-01,2026-04-17 15:58:35.889680
7c808d09-cd59-4711-8dbe-f97e079248f0,CUST-2019-UK-000398,Kimberley,Evans,Kimberley Evans,Male,1995-08-18,kimberley.evans@aol.com,+44(0)113 4960621,061 Francis parkway,Port Carol,North Christopherside,LL5M 3BH,UK,United Kingdom,EMEA,English,Consumer,Gold,2019-12-31,2019,RETURNING,True,MDM,2019-12-31,2026-04-17 15:58:35.889682
5e53b37e-ed8e-43aa-b0cd-8fd3d0f8df0e,CUST-2020-UK-000440,Stuart,Walker,Stuart Walker,Male,1956-05-20,stuart.walker@outlook.com,+44(0)161 496 0857,"Flat 30
Karen island",New Clive,East Raymondfurt,CR7 2GP,UK,United Kingdom,EMEA,English,Consumer,None,2020-08-28,2020,RETURNING,True,MDM,2020-08-28 00:00:00,2026-04-17 15:58:35.889684
e1a4382c-927e-4496-aabd-824303aa4f42,CUST-2020-UK-000705,David,Joyce,David Joyce,Male,1957-09-08,david.joyce@gmx.com,+44(0)306 999 0895,"Flat 1
Patel circles",North Frances,East Jadeburgh,W3 8WH,UK,United Kingdom,EMEA,English,Consumer,Gold,2020-08-02,2020,RETURNING,True,MDM,2020-08-02 00:00:00,2026-04-17 15:58:35.889685
8d7de34e-6786-49b1-b6bc-78d14f3baa71,CUST-2019-UK-001253,Lynda,Smith,Lynda Smith,Male,2001-01-12,lynda.smith@icloud.com,0306 999 0792,7 Little prairie,Howardview,Port Nicholasland,KT24 9XA,UK,United Kingdom,EMEA,English,Consumer,None,2019-12-04,2019,RETURNING,True,MDM,2019-12-04,2026-04-17 15:58:35.889687
afa0195b-d696-4005-a734-ed740e0648b9,CUST-2019-UK-001293,Elliot,Patterson,Elliot Patterson,Female,2007-04-15,elliot.patterson537@aol.com,01314960132,7 Mohammed course,Port Allan,Tomlinsonfort,WC50 8HR,UK,United Kingdom,EMEA,English,Education,Gold,2019-06-21,2019,RETURNING,True,MDM,2019-06-21,2026-04-17 15:58:35.889693
e0d15b5d-ed47-4a69-9ec2-6bb2dbaecd79,CUST-2020-UK-000673,Leanne,Watkins,Leanne Watkins,Male,1956-12-21,leanne.watkins@protonmail.com,(0115) 4960932,"Flat 25r
Derek trail",Derekmouth,Dannyhaven,ME47 4UE,UK,United Kingdom,EMEA,English,Consumer,None,2020-02-02,2020,RETURNING,True,MDM,2020-02-02 00:00:00,2026-04-17 15:58:35.889694
79a53773-e6e1-43b6-bdb6-2b2bf781a267,CUST-2020-UK-000419,Alice,Harvey,Alice Harvey,Female,1979-04-24,alice.harvey@yahoo.com,0151 4960485,"Flat 97T
Jonathan wall",West Anthony,Lake Joannemouth,W29 5AD,UK,United Kingdom,EMEA,English,Consumer,Platinum,2020-04-11,2020,RETURNING,True,MDM,2020-04-11 00:00:00,2026-04-17 15:58:35.889696
3c204bb5-8007-43a0-8150-af36782f8af7,CUST-2019-UK-000128,Suzanne,Burton,Suzanne Burton,Female,1970-05-29,suzanne.burton@protonmail.com,(0118) 496 0582,0 Reed parkway,Amyfurt,Leannefurt,NG1A 1BD,UK,United Kingdom,EMEA,English,Consumer,Silver,2019-11-23,2019,RETURNING,True,MDM,2019-11-23,2026-04-17 15:58:35.889698
6bc74fe3-7db5-43b9-9cfc-840d96b54f7b,CUST-2019-UK-001110,Dominic,Holt,Dominic Holt,Female,1973-06-12,dominic.holt@protonmail.com,+44289018166,874 Hughes union,Frankville,Joannetown,B9 5EG,UK,United Kingdom,EMEA,English,Education,None,2019-05-28,2019,RETURNING,True,MDM,2019-05-28,2026-04-17 15:58:35.889700
df1c0900-cf2b-4081-b55b-cd0ca2d0920b,CUST-2020-UK-000160,Mohammed,Wilson,Mohammed Wilson,Male,1998-08-09,mohammed.wilson335@gmail.com,0909 8790806,"Flat 23z
Hazel camp",Port Stewartchester,West Shannon,WV0P 8LA,UK,United Kingdom,EMEA,English,Consumer,None,2020-08-17,2020,RETURNING,True,MDM,2020-08-17 00:00:00,2026-04-17 15:58:35.889702
ce0cfbb9-f1bb-4b36-865f-dcffdbf07d12,CUST-2019-UK-002220,Kayleigh,Fox,Kayleigh Fox,Male,1964-03-12,kayleigh.fox@yahoo.com,01144960648,"Studio 50W
Evans terrace",Adrianchester,Lynnshire,CV0M 7AT,UK,United Kingdom,EMEA,English,Consumer,Silver,2019-09-07,2019,RETURNING,True,MDM,2019-09-07,2026-04-17 15:58:35.889703
9912bf8f-22f3-4571-b39b-0268601ceebe,CUST-2019-UK-001346,Norman,Powell,Norman Powell,Female,1998-09-22,norman.powell@icloud.com,+44(0)1184960276,"Studio 7
James parkway",Murphymouth,North Fiona,B6 9AH,UK,United Kingdom,EMEA,English,Consumer,Gold,2019-06-01,2019,RETURNING,True,MDM,2019-06-01,2026-04-17 15:58:35.889704
16965c77-c1e0-424d-8cab-1e0724f509d5,CUST-2019-UK-001855,Hazel,Robinson,Hazel Robinson,Female,2002-07-24,hazel.robinson@aol.com,0141 4960237,"Flat 67
Wilson extension",Lake Lucystad,New Kyle,SK5 9ZA,UK,United Kingdom,EMEA,English,Education,None,2019-04-24,2019,RETURNING,True,MDM,2019-04-24,2026-04-17 15:58:35.889710
51b783d5-0755-4409-a7f7-afa8a5a5c0e4,CUST-2019-UK-001759,Amber,Smith,Amber Smith,Male,1988-02-19,amber.smith@msn.com,(0808)1570282,"Studio 10n
Shirley plains",East Lindseyhaven,Lake Barry,DL82 9DQ,UK,United Kingdom,EMEA,English,Consumer,None,2019-11-29,2019,RETURNING,True,MDM,2019-11-29,2026-04-17 15:58:35.889712
4920b031-e0da-4fb1-9352-a4fe63ce3fea,CUST-2020-UK-000602,Graham,Brady,Graham Brady,Female,1981-05-18,graham.brady@outlook.com,+442074960931,"Flat 81
Joanne port",New Jakefurt,West Lynda,N02 0JU,UK,United Kingdom,EMEA,English,Consumer,Gold,2020-03-04,2020,RETURNING,True,MDM,2020-03-04 00:00:00,2026-04-17 15:58:35.889714
6d67d500-c12c-4e73-8b13-b75abc9052eb,CUST-2019-UK-001661,Stuart,Hunt,Stuart Hunt,Male,1973-01-27,stuart.hunt@gmail.com,+441914960071,"Studio 24D
Moore knolls",Cooperside,Port Anneport,EC78 3SX,UK,United Kingdom,EMEA,English,Consumer,Gold,2019-01-16,2019,RETURNING,True,MDM,2019-01-16,2026-04-17 15:58:35.889715
d58cf792-e43b-4af1-81dc-f6c7838c67e1,CUST-2019-UK-000758,Marcus,Kaur,Marcus Kaur,Female,2002-07-17,marcus.kaur241@icloud.com,+44808 1570218,"Studio 82
Glen overpass",Lake Molly,Lake Pamela,NG96 4DB,UK,United Kingdom,EMEA,English,Consumer,Silver,2019-05-02,2019,RETURNING,True,MDM,2019-05-02,2026-04-17 15:58:35.889717
56346933-ac9c-440b-b9be-028478f50e7a,CUST-2019-UK-001296,Natalie,Matthews,Natalie Matthews,Male,1964-01-18,natalie.matthews@outlook.com,01134960359,"Flat 63
Hughes canyon",New Joycefurt,Boothstad,WV2 8RR,UK,United Kingdom,EMEA,English,Consumer,None,2019-02-25,2019,RETURNING,True,MDM,2019-02-25,2026-04-17 15:58:35.889719
c7d80bc4-7632-4cc9-affb-f77be191e979,CUST-2020-UK-000047,Maria,Gibson,Maria Gibson,Female,1997-07-20,maria.gibson@hotmail.com,(0808) 157 0979,"Studio 83G
Charlie park",South Amber,Cameronburgh,PE5 4YR,UK,United Kingdom,EMEA,English,Consumer,Platinum,2020-08-05,2020,RETURNING,True,MDM,2020-08-05 00:00:00,2026-04-17 15:58:35.889720
9064a31c-f925-44a3-8d2e-fd20f40df74b,CUST-2019-UK-000102,Thomas,Murphy,Thomas Murphy,Male,1977-06-15,thomas.murphy137@yahoo.com,(0116) 4960331,3 Mann shoals,Robinsonbury,New Jemma,S2 8YR,UK,United Kingdom,EMEA,English,Consumer,Silver,2019-01-22,2019,RETURNING,True,MDM,2019-01-22,2026-04-17 15:58:35.889721
59e71f45-1f09-476a-8c36-14ce8cca1059,CUST-2019-UK-000765,Jemma,Hughes,Jemma Hughes,Female,2003-09-18,jemma.hughes737@hotmail.com,+44(0)1632960904,49 Parsons villages,Darrenburgh,New Marian,CO4 5ZG,UK,United Kingdom,EMEA,English,Consumer,None,2019-01-13,2019,RETURNING,True,MDM,2019-01-13,2026-04-17 15:58:35.889727
96984467-9aff-42a3-8fb0-b4437121c576,CUST-2019-UK-000554,Caroline,Brown,Caroline Brown,Male,1990-11-26,caroline.brown@mail.com,01314960932,"Studio 43
Macdonald path",South Margaret,Daviesfort,B85 2SW,UK,United Kingdom,EMEA,English,Education,None,2019-05-05,2019,RETURNING,False,MDM,2019-05-05,2026-04-17 15:58:35.889729
75be9411-8090-40de-94c5-a6ac3f01c1f0,CUST-2019-UK-000822,Eileen,Powell,Eileen Powell,Female,2005-06-23,eileen.powell@aol.com,01134960734,"Flat 92
Graham brook",Port Patriciahaven,West Damian,BR2 1HY,UK,United Kingdom,EMEA,English,Consumer,Gold,2019-07-22,2019,RETURNING,True,MDM,2019-07-22,2026-04-17 15:58:35.889731
20fbc9b9-d579-44e8-a3b4-3a3c647d5ef2,CUST-2019-UK-001018,Josh,Clark,Josh Clark,Female,1950-09-12,josh.clark351@protonmail.com,+44161 4960937,8 King square,Hughesview,Lake Katherine,BB3 4PH,UK,United Kingdom,EMEA,English,Consumer,None,2019-04-17,2019,RETURNING,True,MDM,2019-04-17,2026-04-17 15:58:35.889733
8db783a4-88be-475a-9772-081920f59922,CUST-2019-UK-000507,Louise,Freeman,Louise Freeman,Female,1967-05-27,louise.freeman@hotmail.com,(020) 74960420,"Studio 7
Julie walk",Moorestad,Beverleyberg,L0 7XX,UK,United Kingdom,EMEA,English,Consumer,None,2019-08-14,2019,RETURNING,True,MDM,2019-08-14,2026-04-17 15:58:35.889735
d54c88c6-300b-47ec-8b58-6aa903641eb1,CUST-2019-UK-001490,Wayne,Evans,Wayne Evans,Female,2003-02-16,wayne.evans@hotmail.com,+44(0)151 4960000,"Studio 8
Elliott harbor",Samuelfurt,New Richard,HX5 7YG,UK,United Kingdom,EMEA,English,Business,None,2019-04-25,2019,RETURNING,True,MDM,2019-04-25,2026-04-17 15:58:35.889737
a1aa42e7-ef74-4941-bee6-339d96718fb3,CUST-2019-UK-001284,Megan,Smith,Megan Smith,Female,1984-10-21,megan.smith@msn.com,+44(0)1134960324,"Flat 36
Tomlinson mill",New Jeremy,Simpsonburgh,B2 7BR,UK,United Kingdom,EMEA,English,Consumer,None,2019-12-03,2019,RETURNING,True,MDM,2019-12-03,2026-04-17 15:58:35.889738
aa68214a-6ec8-421f-8e01-2a151e6f1ffc,CUST-2019-UK-000344,Leslie,Allen,Leslie Allen,Female,1995-12-01,leslie.allen747@hotmail.com,+441134960765,62 Brett shore,Lake Alanmouth,South Gareth,BN06 2RN,UK,United Kingdom,EMEA,English,Business,Silver,2019-12-30,2019,RETURNING,True,MDM,2019-12-30,2026-04-17 15:58:35.889740
7acf7537-0a4b-49fe-8b0c-3d235343e2b4,CUST-2020-UK-000427,Nathan,Allen,Nathan Allen,Female,1982-01-05,nathan.allen478@live.com,+44118 4960334,"Flat 02A
Martin trail",Dominicchester,Rileyton,W8U 5PA,UK,United Kingdom,EMEA,English,Consumer,None,2020-11-29,2020,RETURNING,False,MDM,2020-11-29 00:00:00,2026-04-17 15:58:35.889742
399c748e-5478-4f88-9106-4e02628f74e8,CUST-2019-UK-001393,Malcolm,Hawkins,Malcolm Hawkins,Male,1958-06-28,malcolm.hawkins@zoho.com,(0306) 999 0921,30 Fisher springs,Lake Shaneland,Smithland,CV0 2DU,UK,United Kingdom,EMEA,English,Business,None,2019-03-17,2019,RETURNING,True,MDM,2019-03-17,2026-04-17 15:58:35.889744
1fd33d2e-3150-4508-9d24-ba224f7d85a4,CUST-2019-UK-000919,Nicholas,Smith,Nicholas Smith,Male,1989-05-18,nicholas.smith31@icloud.com,+44(0)1614960330,"Studio 47z
Turner mountains",Chapmanhaven,Ruthland,DD3 1LB,UK,United Kingdom,EMEA,English,Consumer,Gold,2019-11-17,2019,RETURNING,True,MDM,2019-11-17,2026-04-17 15:58:35.889746
b6de0dce-f9bd-47ae-8c2f-34df21fd04eb,CUST-2020-UK-000142,Karl,Miah,Karl Miah,Male,1954-07-26,karl.miah@gmx.com,01164960416,50 Begum pass,West Gavin,Smithside,S0G 2PA,UK,United Kingdom,EMEA,English,Consumer,None,2020-10-28,2020,RETURNING,True,MDM,2020-10-28 00:00:00,2026-04-17 15:58:35.889748
fb27ed2d-f6d4-4df8-abd8-77d654dfd7d4,CUST-2019-UK-001144,Stewart,Walton,Stewart Walton,Male,1970-07-22,stewart.walton@hotmail.com,0306 9990990,9 Michael court,Michelleburgh,Perryfort,PA77 5GX,UK,United Kingdom,EMEA,English,Consumer,Silver,2019-09-25,2019,RETURNING,True,MDM,2019-09-25,2026-04-17 15:58:35.889749
a9ab993f-bc6d-4e9a-8cf4-3366b438cd7f,CUST-2019-UK-001230,Fiona,Griffiths,Fiona Griffiths,Male,1982-05-01,fiona.griffiths56@aol.com,+44115 4960715,"Studio 19
Neil lights",North Jamie,West Mathewton,CB89 7PP,UK,United Kingdom,EMEA,English,Consumer,None,2019-10-17,2019,RETURNING,True,MDM,2019-10-17,2026-04-17 15:58:35.889751
9030e9fe-1731-4dd8-8e41-0f472f64a662,CUST-2019-UK-001923,Craig,Campbell,Craig Campbell,Female,1997-06-02,craig.campbell388@yahoo.com,0141 4960984,"Flat 6
George parks",South Catherineburgh,North Gillianshire,W0 4WP,UK,United Kingdom,EMEA,English,Consumer,None,2019-12-08,2019,RETURNING,True,MDM,2019-12-08,2026-04-17 15:58:35.889753
e67836bc-ca4a-4ca7-bb34-706b87922e61,CUST-2019-UK-001911,Joel,Atkinson,Joel Atkinson,Male,1951-11-23,joel.atkinson@icloud.com,+44(0)116 4960192,"Flat 15T
Williams harbors",Port Aaronside,Taylorberg,TQ1 8NL,UK,United Kingdom,EMEA,English,Consumer,None,2019-04-17,2019,RETURNING,True,MDM,2019-04-17,2026-04-17 15:58:35.889755
5fc272b7-30f1-4c28-a890-00af1527b585,CUST-2020-UK-000507,Richard,Harris,Richard Harris,Female,1968-11-26,richard.harris@live.com,(01632) 960 964,"Flat 16
Lewis corners",East Benton,O'Brientown,ML1 3NX,UK,United Kingdom,EMEA,English,Business,None,2020-05-09,2020,RETURNING,True,MDM,2020-05-09 00:00:00,2026-04-17 15:58:35.889757
b3df8f0a-cc1e-4301-bb44-1a707202efdd,CUST-2019-UK-001318,Mandy,Moore,Mandy Moore,Male,1998-08-19,mandy.moore253@msn.com,+44(0)161 4960186,"Studio 0
Gemma spur",Port Raymondstad,Scottport,DT2 6NH,UK,United Kingdom,EMEA,English,Consumer,None,2019-08-16,2019,RETURNING,True,MDM,2019-08-16,2026-04-17 15:58:35.889758
0a72fee2-8265-466d-aae3-804e19f35e02,CUST-2019-UK-001427,Eleanor,Green,Eleanor Green,Female,1984-12-05,eleanor.green839@gmx.com,01134960284,"Flat 29d
Ferguson place",South Annemouth,Cliffordport,SS89 3EG,UK,United Kingdom,EMEA,English,Business,None,2019-01-01,2019,RETURNING,True,MDM,2019-01-01,2026-04-17 15:58:35.889760
11bb3e43-1a11-4ff2-b81f-2c3a65cb8fa6,CUST-2019-UK-000227,Tina,Garner,Tina Garner,Female,1971-11-15,tina.garner@outlook.com,+441184960379,"Flat 29
Justin port",South Bradley,Port Joelfurt,BB50 1NX,UK,United Kingdom,EMEA,English,Consumer,Silver,2019-06-02,2019,RETURNING,True,MDM,2019-06-02,2026-04-17 15:58:35.889762
b0af4449-81c2-434b-bc10-afaab31efc14,CUST-2020-UK-000500,Gareth,Russell,Gareth Russell,Male,1968-01-22,gareth.russell335@aol.com,020 74960901,523 Stephens expressway,Sullivanfort,Normanhaven,CF9A 3QT,UK,United Kingdom,EMEA,English,Consumer,None,2020-06-23,2020,RETURNING,True,MDM,2020-06-23 00:00:00,2026-04-17 15:58:35.889763
ca14ec5e-f04b-400b-af1d-c4ce793c657d,CUST-2020-UK-000265,Charles,Thompson,Charles Thompson,Female,1960-10-02,charles.thompson427@msn.com,+441214960448,"Flat 99
Walker land",Port Martinton,Briantown,JE3 1ZY,UK,United Kingdom,EMEA,English,Consumer,Silver,2020-01-13,2020,RETURNING,True,MDM,2020-01-13 00:00:00,2026-04-17 15:58:35.889765
c7b75fb1-d50e-45d5-8ee8-6c8f8d4d53f2,CUST-2019-UK-000006,Darren,Hawkins,Darren Hawkins,Female,1990-07-22,darren.hawkins@yahoo.com,(0161)4960099,736 Patrick plain,Iainmouth,North Graemehaven,GL60 6TJ,UK,United Kingdom,EMEA,English,Consumer,Gold,2019-06-06,2019,RETURNING,True,MDM,2019-06-06,2026-04-17 15:58:35.889772
80521eeb-3377-414e-bdc6-3e40f71ddc5d,CUST-2020-UK-000392,Pauline,Hughes,Pauline Hughes,Male,1955-12-23,pauline.hughes@msn.com,(0161)4960852,146 Roger grove,West Danny,West Paul,W31 7NT,UK,United Kingdom,EMEA,English,Consumer,None,2020-10-27,2020,RETURNING,True,MDM,2020-10-27 00:00:00,2026-04-17 15:58:35.889774
89b08fee-f39b-4f23-84cb-94c9e9b9e9c0,CUST-2020-UK-000145,Brian,Walker,Brian Walker,Female,1982-01-18,brian.walker@zoho.com,(0306) 999 0591,4 Jones village,Lake Danielmouth,Port Beverley,E01 5AZ,UK,United Kingdom,EMEA,English,Consumer,Silver,2020-11-12,2020,RETURNING,False,MDM,2020-11-12 00:00:00,2026-04-17 15:58:35.889775
c79de3fd-cd39-4a67-8788-64e0fcab65a8,CUST-2020-UK-000763,Harriet,Phillips,Harriet Phillips,Female,2004-05-23,harriet.phillips@aol.com,(0116)4960330,9 Rogers gardens,Declanchester,Gerardside,IP84 7HU,UK,United Kingdom,EMEA,English,Education,Silver,2020-11-08,2020,RETURNING,True,MDM,2020-11-08 00:00:00,2026-04-17 15:58:35.889776
5d9ee2f6-1328-4e41-aee0-05c32fc8efc2,CUST-2019-UK-000338,Stuart,Quinn,Stuart Quinn,Female,1972-02-26,stuart.quinn@yahoo.com,(0141) 496 0867,"Studio 91
Harper garden",Shaunville,Lucasshire,KA1R 4UY,UK,United Kingdom,EMEA,English,Consumer,None,2019-09-20,2019,RETURNING,True,MDM,2019-09-20,2026-04-17 15:58:35.889778
4c305fb6-81f3-47e1-a898-7dcad5b00417,CUST-2019-UK-001132,Nathan,Patel,Nathan Patel,Male,1955-01-08,nathan.patel@live.com,0121 496 0167,29 Thompson loop,Alitown,New Philipfurt,DA0A 0ZU,UK,United Kingdom,EMEA,English,Consumer,Silver,2019-07-27,2019,RETURNING,True,MDM,2019-07-27,2026-04-17 15:58:35.889780
3977dcf8-25f4-437a-9a6e-6ba65404b16c,CUST-2019-UK-000013,Karen,Preston,Karen Preston,Female,1955-05-31,karen.preston11@icloud.com,(0131)4960563,6 Melanie trace,New Howard,South Laurafort,E29 9TQ,UK,United Kingdom,EMEA,English,Consumer,None,2019-04-29,2019,RETURNING,True,MDM,2019-04-29,2026-04-17 15:58:35.889781
c0aa8d4c-bc4e-4437-b492-44a9ac3d5c56,CUST-2019-UK-000085,Martyn,Watson,Martyn Watson,Female,2000-01-13,martyn.watson@protonmail.com,0808 157 0160,8 Shaun plains,Port Tinaburgh,South Stacey,L5U 7EF,UK,United Kingdom,EMEA,English,Consumer,None,2019-08-08,2019,RETURNING,True,MDM,2019-08-08,2026-04-17 15:58:35.889783
1afb672d-d265-4ba1-80a3-e3ccabd02558,CUST-2019-UK-000224,Kimberley,Gregory,Kimberley Gregory,Male,1961-06-02,kimberley.gregory684@mail.com,020 7946 0039,"Flat 39
Fowler cliff",Bennettside,North Mohammed,TW1 6UG,UK,United Kingdom,EMEA,English,Consumer,None,2019-07-31,2019,RETURNING,True,MDM,2019-07-31,2026-04-17 15:58:35.889789
e77609e7-ec77-4412-9b25-d152fa2e0c1d,CUST-2019-UK-000544,Gordon,Hunt,Gordon Hunt,Female,1954-12-01,gordon.hunt628@icloud.com,(0191) 496 0643,433 Conor stream,Ambershire,Lake Billyville,DH4A 0WS,UK,United Kingdom,EMEA,English,Consumer,None,2019-11-05,2019,RETURNING,True,MDM,2019-11-05,2026-04-17 15:58:35.889791
f552dfd1-0b17-40ba-869b-54a1fba5a8d1,CUST-2019-UK-001934,James,John,James John,Female,1968-10-17,james.john@gmx.com,+443069990689,761 Wilson land,Ruthville,Rileytown,SP06 3BP,UK,United Kingdom,EMEA,English,Consumer,None,2019-06-01,2019,RETURNING,True,MDM,2019-06-01,2026-04-17 15:58:35.889793
f18e6d86-f392-42b6-80a3-93d538f54b01,CUST-2019-UK-001864,Wayne,Bailey,Wayne Bailey,Male,1968-02-28,wayne.bailey@gmx.com,+44(0)1614960324,006 Yvonne union,Collinsland,North Katie,B13 8DU,UK,United Kingdom,EMEA,English,Consumer,None,2019-12-16,2019,RETURNING,True,MDM,2019-12-16,2026-04-17 15:58:35.889795
ffcc15c2-6b02-4e00-93c9-baf12449ecbe,CUST-2020-UK-000018,Raymond,Carey,Raymond Carey,Male,1999-12-11,raymond.carey39@zoho.com,+44115 4960316,60 Mahmood islands,Randallmouth,East Wendy,HG8W 8TE,UK,United Kingdom,EMEA,English,Education,None,2020-12-02,2020,RETURNING,True,MDM,2020-12-02 00:00:00,2026-04-17 15:58:35.889797
d272a990-1e67-4ecd-91f6-e70db3b99315,CUST-2019-UK-000428,Maurice,Lee,Maurice Lee,Female,1982-03-26,maurice.lee@gmx.com,+44(0)1164960203,72 Grant point,Abdulfurt,Lake Bryantown,S54 9FS,UK,United Kingdom,EMEA,English,Education,Silver,2019-09-28,2019,RETURNING,False,MDM,2019-09-28,2026-04-17 15:58:35.889798
25079c34-575f-404b-9efb-ba5e138f5af4,CUST-2019-UK-002095,Dominic,Coles,Dominic Coles,Female,1993-07-19,dominic.coles@protonmail.com,+442074960591,"Flat 41T
Rebecca drive",Royhaven,New Pauline,AB62 8UT,UK,United Kingdom,EMEA,English,Business,None,2019-09-07,2019,RETURNING,True,MDM,2019-09-07,2026-04-17 15:58:35.889800
22b57ad5-cc6d-4a31-8741-b01ebe6ff537,CUST-2020-UK-000337,Charles,Taylor,Charles Taylor,Female,1973-09-27,charles.taylor@protonmail.com,+44808 157 0487,62 Richard mountains,Damianfort,Angelaton,WV8M 6BS,UK,United Kingdom,EMEA,English,Business,None,2020-12-29,2020,RETURNING,True,MDM,2020-12-29 00:00:00,2026-04-17 15:58:35.889802
72f253a2-131a-4398-8cdb-05c2fd2ffcef,CUST-2019-UK-000583,Denis,Taylor,Denis Taylor,Male,1970-08-30,denis.taylor42@live.com,(0306) 999 0433,"Studio 46B
Whittaker village",Anneside,Normanborough,GY2 8DB,UK,United Kingdom,EMEA,English,Business,Silver,2019-09-10,2019,RETURNING,True,MDM,2019-09-10,2026-04-17 15:58:35.889807
67ccc291-24fd-4411-bc3c-d510227803c9,CUST-2019-UK-002215,Kate,Lloyd,Kate Lloyd,Male,1980-10-02,kate.lloyd@gmail.com,02074960205,14 Doherty prairie,Port Thomas,Morganmouth,W6 2TF,UK,United Kingdom,EMEA,English,Consumer,None,2019-02-05,2019,RETURNING,True,MDM,2019-02-05,2026-04-17 15:58:35.889808
3579af2d-704c-4186-8a3a-667ba31d1725,CUST-2019-UK-000407,Ronald,Jones,Ronald Jones,Female,1963-10-24,ronald.jones@protonmail.com,+44(0)9098790785,"Studio 2
Robert bypass",Newmanberg,Samuelton,CW1B 6EW,UK,United Kingdom,EMEA,English,Consumer,None,2019-05-15,2019,RETURNING,True,MDM,2019-05-15,2026-04-17 15:58:35.889810
25b96e7f-6841-402b-a54f-95b7c7d88b16,CUST-2019-UK-000150,Scott,Gordon,Scott Gordon,Male,1968-04-08,scott.gordon488@icloud.com,0306 999 0635,0 Kemp spurs,Marialand,North Scott,TA92 3YA,UK,United Kingdom,EMEA,English,Consumer,Gold,2019-11-10,2019,RETURNING,True,MDM,2019-11-10,2026-04-17 15:58:35.889813
c763cabf-8021-477a-a717-bf7bf108d4d1,CUST-2019-UK-002351,Shirley,Newman,Shirley Newman,Male,1977-08-15,shirley.newman@live.com,+441144960930,9 Iain glens,Palmerton,New Heatherside,G4W 2ER,UK,United Kingdom,EMEA,English,Consumer,Silver,2019-08-25,2019,RETURNING,True,MDM,2019-08-25,2026-04-17 15:58:35.889814
166297e4-4c6e-45dc-a238-0744c6e3973b,CUST-2020-UK-000659,Rita,Bailey,Rita Bailey,Male,1988-01-09,rita.bailey144@msn.com,(0808)1570868,4 Megan divide,Port Lewis,Patelside,BB7W 6AN,UK,United Kingdom,EMEA,English,Education,Silver,2020-04-06,2020,RETURNING,True,MDM,2020-04-06 00:00:00,2026-04-17 15:58:35.889816
0b1a3db6-4210-4403-af15-01075b1b2348,CUST-2019-UK-001920,Pauline,Jackson,Pauline Jackson,Female,1956-05-18,pauline.jackson@yahoo.com,(0114) 496 0136,5 Pollard trace,Port Howardbury,West Russellland,SG47 7XG,UK,United Kingdom,EMEA,English,Business,Gold,2019-01-03,2019,RETURNING,True,MDM,2019-01-03,2026-04-17 15:58:35.889818
a1678c24-b6a3-4272-92f2-67b5a5a76d7b,CUST-2019-UK-001844,Kim,Day,Kim Day,Female,1999-02-13,kim.day385@gmail.com,+441164960991,63 Jean landing,South Liam,New Leanne,E0W 8BB,UK,United Kingdom,EMEA,English,Consumer,Silver,2019-06-09,2019,RETURNING,True,MDM,2019-06-09,2026-04-17 15:58:35.889819
a897b9d5-4c75-41fc-a5d2-b574c127b0a1,CUST-2019-UK-000391,Elliot,Spencer,Elliot Spencer,Male,1990-08-01,elliot.spencer@msn.com,+44(0)114 4960775,066 Gemma stravenue,South Katie,West Stephenview,PE9V 6WZ,UK,United Kingdom,EMEA,English,Business,Platinum,2019-11-14,2019,RETURNING,True,MDM,2019-11-14,2026-04-17 15:58:35.889821
6fcd26b4-710c-426f-a8e2-6f31c990c158,CUST-2020-UK-000408,Arthur,Cooper,Arthur Cooper,Male,2007-08-09,arthur.cooper854@aol.com,(029) 2018783,7 Anna common,Emilytown,North Billyburgh,N88 7DU,UK,United Kingdom,EMEA,English,Business,Silver,2020-08-14,2020,RETURNING,True,MDM,2020-08-14 00:00:00,2026-04-17 15:58:35.889822
b7ff731e-c6ba-455d-8797-3760aeef5e00,CUST-2019-UK-000964,James,Thomson,James Thomson,Female,1996-06-08,james.thomson827@outlook.com,+441214960578,"Flat 89
Timothy oval",South Claire,Cameronfort,PA73 2JT,UK,United Kingdom,EMEA,English,Education,Gold,2019-07-20,2019,RETURNING,True,MDM,2019-07-20,2026-04-17 15:58:35.889824
b002f915-f7f3-4c5b-bbce-5401a67d6bdd,CUST-2019-UK-000522,Ben,Clark,Ben Clark,Female,1969-09-19,ben.clark@aol.com,0808 157 0653,8 Jones brook,West Patriciaborough,Edwardsbury,IM5V 9HG,UK,United Kingdom,EMEA,English,Consumer,Gold,2019-11-30,2019,RETURNING,True,MDM,2019-11-30,2026-04-17 15:58:35.889825
2723c2a3-5b38-447f-b324-2e57a1bea7e1,CUST-2019-UK-001446,Dale,O'Connor,Dale O'Connor,Male,1997-10-25,dale.o'connor@outlook.com,+44113 496 0038,"Studio 0
Frank valleys",Lake Jodiechester,New Joanfort,W6S 3TA,UK,United Kingdom,EMEA,English,Consumer,None,2019-12-22,2019,RETURNING,True,MDM,2019-12-22,2026-04-17 15:58:35.889827
22c1750c-ab27-4c0b-826d-6aa7a010f9fa,CUST-2020-UK-000471,Hayley,Phillips,Hayley Phillips,Female,1980-11-17,hayley.phillips@gmail.com,0289018657,5 Denis rue,Brownshire,Maxchester,L88 3QQ,UK,United Kingdom,EMEA,English,Business,None,2020-02-06,2020,RETURNING,True,MDM,2020-02-06 00:00:00,2026-04-17 15:58:35.889829
8db40204-1ae6-4aae-872c-58ec359c77a5,CUST-2019-UK-000070,Ricky,Nash,Ricky Nash,Male,1950-09-27,ricky.nash@live.com,01144960507,"Flat 67
June ways",Anthonyberg,East Thomasmouth,G1 6DZ,UK,United Kingdom,EMEA,English,Business,None,2019-07-29,2019,RETURNING,True,MDM,2019-07-29,2026-04-17 15:58:35.889831
c6bb7ad1-9005-4a3f-860c-a02e97691747,CUST-2020-UK-000146,Jennifer,Parsons,Jennifer Parsons,Female,1969-08-01,jennifer.parsons654@hotmail.com,+4429 2018 0953,79 Nigel harbors,Smithfort,West Karenton,G7 2YQ,UK,United Kingdom,EMEA,English,Consumer,Silver,2020-01-23,2020,RETURNING,False,MDM,2020-01-23 00:00:00,2026-04-17 15:58:35.889836
25c34e0b-21bd-46c9-89a0-16c15bdd4522,CUST-2019-UK-000681,Stanley,Burns,Stanley Burns,Male,1991-05-25,stanley.burns@gmail.com,+44(0)118 4960271,"Studio 91B
Taylor bridge",Port Lukeview,Marieton,TD47 0DS,UK,United Kingdom,EMEA,English,Consumer,None,2019-04-11,2019,RETURNING,True,MDM,2019-04-11,2026-04-17 15:58:35.889838
3dbd9fb1-7ba8-49bb-8e75-4569a3b6956f,CUST-2020-UK-000388,Jacqueline,Hunt,Jacqueline Hunt,Male,2006-04-27,jacqueline.hunt@aol.com,(0161)4960572,"Flat 67
Christopher courts",Lake Joannatown,Port Marianfort,S8D 0DE,UK,United Kingdom,EMEA,English,Consumer,None,2020-06-27,2020,RETURNING,True,MDM,2020-06-27 00:00:00,2026-04-17 15:58:35.889840
b6bf2787-215d-460b-b755-c74a9f55b5bc,CUST-2019-UK-001190,Eileen,Wright,Eileen Wright,Female,1994-03-31,eileen.wright731@icloud.com,+44(0)2074960217,"Flat 3
Joan orchard",Alanborough,North Malcolmmouth,TA4 7QF,UK,United Kingdom,EMEA,English,Consumer,None,2019-03-28,2019,RETURNING,True,MDM,2019-03-28,2026-04-17 15:58:35.889842
96f916ef-c340-46c8-8cdc-6c9791b4761c,CUST-2019-UK-000413,Helen,Nelson,Helen Nelson,Female,2001-06-17,helen.nelson32@aol.com,020 7946 0864,"Flat 7
Blackburn roads",Jarvisfurt,West Yvonnetown,NE4 9SF,UK,United Kingdom,EMEA,English,Consumer,Platinum,2019-07-08,2019,RETURNING,True,MDM,2019-07-08,2026-04-17 15:58:35.889844
2c2973b1-da3b-430f-89c0-b73258f838e2,CUST-2019-UK-000998,Leslie,Abbott,Leslie Abbott,Male,1963-09-22,leslie.abbott@protonmail.com,+44(0)121 4960089,"Studio 38
Laura circle",South Rosemaryland,New Derek,W25 7NJ,UK,United Kingdom,EMEA,English,Consumer,None,2019-12-27,2019,RETURNING,False,MDM,2019-12-27,2026-04-17 15:58:35.889845
1697a9ac-dc98-49c0-b220-c86ee2b3a47d,CUST-2020-UK-000195,Mohamed,Morgan,Mohamed Morgan,Male,2006-11-13,mohamed.morgan@msn.com,0113 4960696,"Studio 65
Parkinson ranch",Port Katy,West Lorraineshire,TQ0 4WA,UK,United Kingdom,EMEA,English,Consumer,Gold,2020-08-30,2020,RETURNING,True,MDM,2020-08-30 00:00:00,2026-04-17 15:58:35.889847
9ceefd89-f4d6-4693-b62d-46d3e1997116,CUST-2019-UK-000491,Shannon,Clarke,Shannon Clarke,Female,2003-09-22,shannon.clarke@outlook.com,(0808)1570588,"Flat 25
Patel tunnel",North Jasmine,Garethberg,E40 9LU,UK,United Kingdom,EMEA,English,Consumer,Platinum,2019-07-15,2019,RETURNING,True,MDM,2019-07-15,2026-04-17 15:58:35.889848
0c9bb5c5-54c1-4b55-b9e4-c8a0a3b18c33,CUST-2019-UK-001835,Dominic,Brookes,Dominic Brookes,Female,1953-12-26,dominic.brookes@aol.com,+44191 4960255,88 Taylor landing,Lake Kateburgh,Port Sarah,S99 3AF,UK,United Kingdom,EMEA,English,Consumer,None,2019-12-31,2019,RETURNING,True,MDM,2019-12-31,2026-04-17 15:58:35.889854
e739e31f-bec0-4931-9fef-5d009b35387b,CUST-2020-UK-000137,Barry,Morris,Barry Morris,Female,1968-09-27,barry.morris@live.com,0115 496 0256,"Flat 18
Brown land",North Ianport,Griffithsshire,S7G 4BJ,UK,United Kingdom,EMEA,English,Consumer,Platinum,2020-05-18,2020,RETURNING,False,MDM,2020-05-18 00:00:00,2026-04-17 15:58:35.889856
5c37fe55-24b6-4feb-85fc-66567e4f1e7b,CUST-2020-UK-000761,Harriet,Freeman,Harriet Freeman,Female,1959-06-30,harriet.freeman@live.com,0113 4960584,23 Smith points,East Dylanton,Byrnetown,SW7 4RG,UK,United Kingdom,EMEA,English,Consumer,None,2020-05-05,2020,RETURNING,True,MDM,2020-05-05 00:00:00,2026-04-17 15:58:35.889858
3227f243-62ce-4cf3-b10b-66808ba0d4b4,CUST-2019-UK-000657,Graham,Johnson,Graham Johnson,Male,1999-06-21,graham.johnson@outlook.com,0161 4960483,"Studio 7
Roberts locks",Adamfurt,Ameliashire,TD6 3JG,UK,United Kingdom,EMEA,English,Consumer,Platinum,2019-12-13,2019,RETURNING,True,MDM,2019-12-13,2026-04-17 15:58:35.889859
bfb4b57e-bef3-42c3-a926-ae4b9e75ac46,CUST-2019-UK-000797,Charlie,Ward,Charlie Ward,Male,1967-06-12,charlie.ward@zoho.com,(0117) 4960789,"Flat 39N
Tony turnpike",South Christian,North Angela,W7 2TP,UK,United Kingdom,EMEA,English,Consumer,None,2019-12-30,2019,RETURNING,True,MDM,2019-12-30,2026-04-17 15:58:35.889861
9c500210-c53c-48d0-9796-5437f1a63ded,CUST-2019-UK-001467,Stephanie,Johnson,Stephanie Johnson,Male,1990-07-10,stephanie.johnson@aol.com,(028) 9018 0862,"Flat 6
Liam throughway",Marshmouth,Daleshire,LL1 2HZ,UK,United Kingdom,EMEA,English,Education,Gold,2019-09-27,2019,RETURNING,True,MDM,2019-09-27,2026-04-17 15:58:35.889862
996cbbfa-cb94-4c7c-847c-df274d4e1b1c,CUST-2019-UK-000071,Ellie,Patel,Ellie Patel,Male,2006-08-27,ellie.patel@msn.com,0909 8790638,"Studio 44Q
Patrick spur",Catherineberg,West Charles,S0 6ZE,UK,United Kingdom,EMEA,English,Consumer,Silver,2019-03-20,2019,RETURNING,True,MDM,2019-03-20,2026-04-17 15:58:35.889864
f4921e77-3e0f-4128-bb9f-053946af9cc1,CUST-2019-UK-001280,Diana,Wilson,Diana Wilson,Male,1958-03-11,diana.wilson@mail.com,(020) 7496 0719,53 Cook route,Taylorhaven,Jonesfurt,CR6 7RB,UK,United Kingdom,EMEA,English,Consumer,Silver,2019-08-31,2019,RETURNING,True,MDM,2019-08-31,2026-04-17 15:58:35.889865
afecbb77-af30-4382-9af1-42b9129eeae9,CUST-2020-UK-000123,George,Lewis,George Lewis,Male,1993-07-03,george.lewis@aol.com,+44115 496 0812,"Studio 91
Wright squares",Warnerchester,Gregoryshire,E9A 7NB,UK,United Kingdom,EMEA,English,Consumer,Silver,2020-05-17,2020,RETURNING,True,MDM,2020-05-17 00:00:00,2026-04-17 15:58:35.889871
ee5bf2b4-9a0d-45a8-86f3-1a45fabfb512,CUST-2019-UK-002105,Leon,Russell,Leon Russell,Female,1990-09-23,leon.russell@icloud.com,(0141) 496 0219,"Flat 86
Connor ports",Bryanttown,New Nicola,HD6 4HD,UK,United Kingdom,EMEA,English,Business,None,2019-09-01,2019,RETURNING,False,MDM,2019-09-01,2026-04-17 15:58:35.889873
58628ccb-cbe1-45b6-944c-70334f6e2c7d,CUST-2019-UK-001200,Melissa,Graham,Melissa Graham,Male,1986-02-28,melissa.graham700@icloud.com,+44(0)118 4960470,"Studio 1
George unions",East Jean,Port Shanehaven,WD6W 1LH,UK,United Kingdom,EMEA,English,Education,Gold,2019-11-13,2019,RETURNING,True,MDM,2019-11-13,2026-04-17 15:58:35.889875
b8c2a31c-0446-45fe-a8cd-0253a3d4005f,CUST-2019-UK-002245,Eleanor,Cooper,Eleanor Cooper,Female,1980-04-01,eleanor.cooper@protonmail.com,(01632) 960 714,374 Jason vista,Jamesfort,Joyceland,W5 0LU,UK,United Kingdom,EMEA,English,Consumer,Gold,2019-05-11,2019,RETURNING,True,MDM,2019-05-11,2026-04-17 15:58:35.889876
d7a302c6-08e4-4835-9567-9031e729cf02,CUST-2019-UK-002009,Brenda,Marshall,Brenda Marshall,Male,1972-06-30,brenda.marshall@zoho.com,(0131)4960245,0 Sheila mount,North Dawnside,Juliashire,B26 0YR,UK,United Kingdom,EMEA,English,Consumer,Gold,2019-12-12,2019,RETURNING,True,MDM,2019-12-12,2026-04-17 15:58:35.889878
def948e2-cce0-497b-8855-28e993ad3e94,CUST-2019-UK-000524,Mark,Birch,Mark Birch,Female,1956-06-03,mark.birch@msn.com,020 74960519,"Studio 43h
Philip mountains",Marianside,Carlymouth,KA14 0AH,UK,United Kingdom,EMEA,English,Consumer,Silver,2019-03-18,2019,RETURNING,True,MDM,2019-03-18,2026-04-17 15:58:35.889879
2835a798-60eb-46ce-83a6-10f875e5e9ce,CUST-2019-UK-002081,Gerard,Williamson,Gerard Williamson,Female,1966-03-21,gerard.williamson@hotmail.com,+44(0)191 496 0112,"Flat 5
Rachel crescent",Raymondburgh,Charlieborough,N5 3HG,UK,United Kingdom,EMEA,English,Consumer,Silver,2019-01-20,2019,RETURNING,True,MDM,2019-01-20,2026-04-17 15:58:35.889881
d5794db7-b0f0-488d-9a97-ade968e01c4c,CUST-2020-UK-000124,Melanie,Pritchard,Melanie Pritchard,Male,1957-04-11,melanie.pritchard@msn.com,(0131) 496 0330,"Flat 3
Christopher point",Scottland,Brettland,SP02 2FB,UK,United Kingdom,EMEA,English,Consumer,Gold,2020-08-15,2020,RETURNING,True,MDM,2020-08-15 00:00:00,2026-04-17 15:58:35.889882
465cbf1f-5596-43c8-a295-b3e70846ce16,CUST-2019-UK-000752,Alice,Jones,Alice Jones,Male,1952-12-26,alice.jones887@hotmail.com,01214960270,547 Davidson shoals,Ryanland,South Paige,GU1 1QT,UK,United Kingdom,EMEA,English,Education,None,2019-09-10,2019,RETURNING,True,MDM,2019-09-10,2026-04-17 15:58:35.889884
64f7c0f8-20a3-4693-9ef3-899fd8fa464c,CUST-2019-UK-001062,Rosemary,Thomas,Rosemary Thomas,Female,1955-11-25,rosemary.thomas@protonmail.com,01632 960175,71 Carr branch,Allanborough,Port Leanne,W6 1JF,UK,United Kingdom,EMEA,English,Education,Platinum,2019-04-18,2019,RETURNING,True,MDM,2019-04-18,2026-04-17 15:58:35.889886
75a5d514-ca76-489e-9e31-fe81bd7912ac,CUST-2020-UK-000385,Lorraine,Taylor,Lorraine Taylor,Male,1958-09-12,lorraine.taylor@mail.com,0191 4960743,"Studio 1
Paula turnpike",Ericland,Rickyton,KW6W 1RE,UK,United Kingdom,EMEA,English,Consumer,None,2020-12-04,2020,RETURNING,True,MDM,2020-12-04 00:00:00,2026-04-17 15:58:35.889888
5240986e-57ad-47cc-ab8f-37016da40e21,CUST-2019-UK-002289,Teresa,Thomas,Teresa Thomas,Male,1962-06-24,teresa.thomas@mail.com,(0141) 496 0513,"Studio 18
Flynn prairie",Marcusberg,Gordonbury,SS4R 7BD,UK,United Kingdom,EMEA,English,Consumer,None,2019-03-19,2019,RETURNING,True,MDM,2019-03-19,2026-04-17 15:58:35.889889
bf389af3-9c8a-4270-bc23-ab912d3118d7,CUST-2020-UK-000646,Amanda,Scott,Amanda Scott,Male,1985-03-03,amanda.scott@aol.com,+44(0)114 496 0080,3 Pamela unions,East Rosemarymouth,Kirstymouth,B50 4GN,UK,United Kingdom,EMEA,English,Consumer,None,2020-04-04,2020,RETURNING,True,MDM,2020-04-04 00:00:00,2026-04-17 15:58:35.889891
cbea364b-facd-4e8f-b0fd-c2abea1f9071,CUST-2019-UK-000598,James,Heath,James Heath,Female,1954-07-23,james.heath933@mail.com,+44114 4960090,"Studio 61j
Parker isle",Thomasmouth,Morganfurt,CF3A 9XD,UK,United Kingdom,EMEA,English,Consumer,Silver,2019-12-21,2019,RETURNING,True,MDM,2019-12-21,2026-04-17 15:58:35.889893
a373ff81-564a-41f9-b018-2376fb7c2e7c,CUST-2020-UK-000077,Josh,Rogers,Josh Rogers,Male,1956-12-08,josh.rogers@zoho.com,+44(0)113 496 0745,5 Lauren camp,Port Jennifer,Phillipville,WS63 8PB,UK,United Kingdom,EMEA,English,Consumer,None,2020-11-06,2020,RETURNING,False,MDM,2020-11-06 00:00:00,2026-04-17 15:58:35.889894
b0bc8ad1-6ccb-41ff-8c1d-b610f4ff11ba,CUST-2020-UK-000004,Rachael,Kaur,Rachael Kaur,Female,1999-05-30,rachael.kaur@mail.com,+44(0)151 496 0943,159 Chambers parks,Alanton,West Neil,KT2H 0ZY,UK,United Kingdom,EMEA,English,Consumer,None,2020-12-30,2020,RETURNING,True,MDM,2020-12-30 00:00:00,2026-04-17 15:58:35.889896
7641e7a5-c371-4d68-a0cd-618138606537,CUST-2020-UK-000467,Patricia,Bennett,Patricia Bennett,Female,1951-07-31,patricia.bennett@gmx.com,01514960235,"Studio 9
Charlene wall",Metcalfebury,New Geoffreyhaven,L5H 5XA,UK,United Kingdom,EMEA,English,Education,Gold,2020-08-17,2020,RETURNING,True,MDM,2020-08-17 00:00:00,2026-04-17 15:58:35.889901
f40261da-4860-491b-9698-2a88715a7905,CUST-2019-UK-002177,Rebecca,Godfrey,Rebecca Godfrey,Male,1951-07-05,rebecca.godfrey202@mail.com,+44(0)909 8790656,"Flat 90J
Bates coves",West Carolynfort,West Dennisborough,B8 0XW,UK,United Kingdom,EMEA,English,Consumer,Platinum,2019-10-19,2019,RETURNING,True,MDM,2019-10-19,2026-04-17 15:58:35.889903
5adef938-13e7-45c6-af0a-d840f40e318e,CUST-2019-UK-001470,Holly,Phillips,Holly Phillips,Male,1958-12-05,holly.phillips@icloud.com,(01632) 960 250,"Studio 49
Ashley spring",Clementsview,South Henryside,L84 6HX,UK,United Kingdom,EMEA,English,Consumer,Gold,2019-11-05,2019,RETURNING,True,MDM,2019-11-05,2026-04-17 15:58:35.889904
96b6e2eb-d7cf-44c1-be95-c97c9cbe9151,CUST-2020-UK-000560,Billy,Edwards,Billy Edwards,Male,1991-07-08,billy.edwards@icloud.com,+44(0)113 496 0775,"Flat 30p
Hawkins road",New Arthurburgh,Masonland,IG23 3TG,UK,United Kingdom,EMEA,English,Consumer,None,2020-01-13,2020,RETURNING,True,MDM,2020-01-13 00:00:00,2026-04-17 15:58:35.889906
db2cd5b2-bc08-40ca-b752-579aef8ec5c4,CUST-2020-UK-000243,Justin,Jones,Justin Jones,Male,1989-03-01,justin.jones@msn.com,(0115) 4960990,"Flat 9
Nicholson cove",Lynnechester,Luketown,GY6 0HH,UK,United Kingdom,EMEA,English,Business,Platinum,2020-11-07,2020,RETURNING,True,MDM,2020-11-07 00:00:00,2026-04-17 15:58:35.889908
fa3cb97b-881f-4789-8c77-83f867929488,CUST-2019-UK-001539,Paula,Gregory,Paula Gregory,Male,1956-05-31,paula.gregory@gmx.com,+44121 4960434,"Flat 62
Matthew way",North Adam,South Mohamedfurt,B2 1PP,UK,United Kingdom,EMEA,English,Business,None,2019-10-30,2019,RETURNING,True,MDM,2019-10-30,2026-04-17 15:58:35.889909
13110844-7d8f-48a0-9f79-4ac9c9b503b4,CUST-2020-UK-000481,Patricia,Watts,Patricia Watts,Male,1976-07-28,patricia.watts535@gmx.com,+441144960278,02 Marcus hollow,Lake Damianburgh,North Paul,S18 2JB,UK,United Kingdom,EMEA,English,Consumer,Platinum,2020-10-22,2020,RETURNING,True,MDM,2020-10-22 00:00:00,2026-04-17 15:58:35.889911
5b586d26-466b-4cd4-bfb1-83bccfc91520,CUST-2019-UK-000212,Danny,Green,Danny Green,Male,1995-12-10,danny.green@gmail.com,+44121 496 0081,56 Parry fields,New Ashleigh,Marianport,IG3 4FS,UK,United Kingdom,EMEA,English,Consumer,Silver,2019-10-30,2019,RETURNING,True,MDM,2019-10-30,2026-04-17 15:58:35.889912
a55c119c-b2e6-4c14-ac98-1559899c210a,CUST-2019-UK-000866,Gordon,Hill,Gordon Hill,Male,1994-09-20,gordon.hill@gmx.com,+441914960411,39 Ann mall,Williamshaven,Lake Gemma,DD13 7BL,UK,United Kingdom,EMEA,English,Education,Platinum,2019-08-17,2019,RETURNING,True,MDM,2019-08-17,2026-04-17 15:58:35.889914
b2f6071c-af15-4f34-b3d3-1b7a8dd46e8f,CUST-2019-UK-001394,Ronald,Gray,Ronald Gray,Female,1988-05-28,ronald.gray157@hotmail.com,+4420 7496 0224,3 Chamberlain place,New Margaret,North Charlotte,L14 3LY,UK,United Kingdom,EMEA,English,Consumer,Silver,2019-07-25,2019,RETURNING,True,MDM,2019-07-25,2026-04-17 15:58:35.889919
07055374-ff98-412a-a198-31a4ee212e13,CUST-2019-UK-001946,Mohammad,Brown,Mohammad Brown,Male,1993-08-08,mohammad.brown782@mail.com,+44(0)1174960217,1 Reece cliffs,Coxhaven,Williamsmouth,KW8 0ZJ,UK,United Kingdom,EMEA,English,Consumer,Platinum,2019-12-20,2019,RETURNING,True,MDM,2019-12-20,2026-04-17 15:58:35.889921
34ef587f-c46f-47b6-a043-8b6e23f12e38,CUST-2020-UK-000074,Philip,Martin,Philip Martin,Female,2005-02-04,philip.martin@yahoo.com,0808 1570481,578 White road,New Jay,Jonesland,GY2X 6YB,UK,United Kingdom,EMEA,English,Business,None,2020-01-04,2020,RETURNING,True,MDM,2020-01-04 00:00:00,2026-04-17 15:58:35.889923
94cee3a7-a8a4-4070-813f-f904970d5f08,CUST-2019-UK-001875,Callum,Bruce,Callum Bruce,Male,1983-08-30,callum.bruce719@aol.com,+44(0)141 4960549,"Flat 32T
Palmer corners",Arthurton,South Denisside,E91 0LX,UK,United Kingdom,EMEA,English,Consumer,Silver,2019-04-22,2019,RETURNING,True,MDM,2019-04-22,2026-04-17 15:58:35.889924
c5421854-b7f6-4371-967e-b0bb62b7fa4c,CUST-2019-UK-000146,Jason,Brown,Jason Brown,Male,1986-12-29,jason.brown769@live.com,01314960939,221 Raymond valleys,Rhodesbury,Hughesmouth,TD3 0PJ,UK,United Kingdom,EMEA,English,Consumer,Gold,2019-10-31,2019,RETURNING,True,MDM,2019-10-31,2026-04-17 15:58:35.889926
195450ef-d164-4195-a874-6c7f20ce83a7,CUST-2020-UK-000397,Carl,Bailey,Carl Bailey,Female,2001-07-15,carl.bailey@outlook.com,0141 496 0006,"Studio 63
Mark roads",Elainechester,South Denisefort,M9 3TN,UK,United Kingdom,EMEA,English,Consumer,None,2020-10-12,2020,RETURNING,True,MDM,2020-10-12 00:00:00,2026-04-17 15:58:35.889928
6a2869ef-90a6-4e4f-b252-35f14359ca1d,CUST-2019-UK-001020,Ben,Phillips,Ben Phillips,Female,1993-08-29,ben.phillips@gmail.com,+443069990746,"Flat 0
Lorraine walk",South Janehaven,South Rhys,IM31 0BZ,UK,United Kingdom,EMEA,English,Consumer,Silver,2019-10-07,2019,RETURNING,True,MDM,2019-10-07,2026-04-17 15:58:35.889929
12f8ec0b-b57f-483d-a273-fd3c54db843f,CUST-2019-UK-001594,Mohammed,White,Mohammed White,Male,1958-02-23,mohammed.white201@icloud.com,+44131 4960892,21 Graeme turnpike,Port Peterburgh,Tracyberg,M63 9DZ,UK,United Kingdom,EMEA,English,Business,None,2019-03-08,2019,RETURNING,True,MDM,2019-03-08,2026-04-17 15:58:35.889931
4aefbfe8-5701-49bb-ad17-4486a21957b9,CUST-2019-UK-000549,Charles,Gray,Charles Gray,Female,1960-11-19,charles.gray@hotmail.com,(0909) 8790847,"Flat 46w
Hall mill",North Rita,Charlieland,HG93 5ED,UK,United Kingdom,EMEA,English,Business,None,2019-01-31,2019,RETURNING,True,MDM,2019-01-31,2026-04-17 15:58:35.889937
e744aba3-7cb6-48c1-b14a-4c7a5a2bc0e6,CUST-2019-UK-001396,Leslie,Cook,Leslie Cook,Female,1963-02-16,leslie.cook459@icloud.com,+44151 4960538,"Flat 45Z
Field unions",Jacksonborough,West Liamville,E22 7RH,UK,United Kingdom,EMEA,English,Consumer,None,2019-02-16,2019,RETURNING,True,MDM,2019-02-16,2026-04-17 15:58:35.889939
a52a205f-dd13-4e64-b95d-51bc0667bc68,CUST-2019-UK-000505,Jacob,Adams,Jacob Adams,Male,1964-03-10,jacob.adams951@zoho.com,+44(0)1174960536,4 Preston brook,Scottborough,Webbland,KW5 9AS,UK,United Kingdom,EMEA,English,Consumer,None,2019-04-06,2019,RETURNING,True,MDM,2019-04-06,2026-04-17 15:58:35.889941
7a538139-8fc7-4a07-bc71-8ded5af372b9,CUST-2020-UK-000071,Andrew,Ali,Andrew Ali,Female,1996-08-22,andrew.ali530@aol.com,01184960564,098 Sophie shore,Port Ryanburgh,North Connormouth,GY0 7JF,UK,United Kingdom,EMEA,English,Business,Silver,2020-06-24,2020,RETURNING,True,MDM,2020-06-24 00:00:00,2026-04-17 15:58:35.889942
0f68a538-9221-4265-b339-14e524b14e01,CUST-2020-UK-000410,Maria,Jones,Maria Jones,Male,1979-06-23,maria.jones@yahoo.com,+44(0)115 496 0933,3 Jill circle,New Lawrencestad,Patriciachester,BN69 7JS,UK,United Kingdom,EMEA,English,Consumer,None,2020-04-06,2020,RETURNING,True,MDM,2020-04-06 00:00:00,2026-04-17 15:58:35.889944
c7f51d2d-5328-4f91-8871-eff11db20c5c,CUST-2019-UK-000304,Catherine,Walsh,Catherine Walsh,Female,1971-02-21,catherine.walsh@yahoo.com,(020) 7496 0668,"Studio 61R
Gibbs manor",South Charles,Natashaborough,M5 2XX,UK,United Kingdom,EMEA,English,Education,None,2019-02-16,2019,RETURNING,True,MDM,2019-02-16,2026-04-17 15:58:35.889946
6384a8a3-4c0f-4772-bba2-2524dd159275,CUST-2020-UK-000275,Hollie,O'Brien,Hollie O'Brien,Male,1997-04-13,hollie.o'brien427@mail.com,(0306) 9990966,9 Connor knolls,Berryville,Vanessaville,E4 8TY,UK,United Kingdom,EMEA,English,Consumer,None,2020-11-26,2020,RETURNING,True,MDM,2020-11-26 00:00:00,2026-04-17 15:58:35.889948
1ab61490-3f91-4853-951c-269b235c93fc,CUST-2020-UK-000550,Chelsea,Fox,Chelsea Fox,Male,1966-08-01,chelsea.fox253@hotmail.com,+441134960930,196 Nicholls squares,West Chloe,Graemeview,B08 8WD,UK,United Kingdom,EMEA,English,Consumer,Gold,2020-08-14,2020,RETURNING,True,MDM,2020-08-14 00:00:00,2026-04-17 15:58:35.889949
d32418e2-4961-4997-9539-f9e8054bdd00,CUST-2019-UK-000663,Marc,Smith,Marc Smith,Male,1968-07-26,marc.smith@gmx.com,+44(0)121 496 0023,3 O'Connor greens,Robertsside,West Shannon,CH2 6LX,UK,United Kingdom,EMEA,English,Consumer,Platinum,2019-05-02,2019,RETURNING,True,MDM,2019-05-02,2026-04-17 15:58:35.889954
a5782e82-12cc-4bbe-81a3-1fdf7f2ca2ae,CUST-2019-UK-001519,Peter,Price,Peter Price,Male,1973-06-18,peter.price@gmx.com,(0131) 496 0114,"Studio 45
Jasmine meadow",Abbottton,Erictown,WN7 1GL,UK,United Kingdom,EMEA,English,Business,None,2019-03-19,2019,RETURNING,True,MDM,2019-03-19,2026-04-17 15:58:35.889956
4ce98406-20fe-428a-b159-cdeb1ad649fe,CUST-2019-UK-001571,Lindsey,Lee,Lindsey Lee,Female,1950-07-06,lindsey.lee@zoho.com,+441154960175,"Studio 15
Dylan village",Oliviashire,West Sandra,WD0W 4NN,UK,United Kingdom,EMEA,English,Consumer,Gold,2019-08-05,2019,RETURNING,True,MDM,2019-08-05,2026-04-17 15:58:35.889958
91726ccf-7d1f-4cbe-83a4-50ed969f6089,CUST-2019-UK-000639,Georgina,Murray,Georgina Murray,Male,1959-07-16,georgina.murray@zoho.com,+44118 4960331,67 Davies views,South Louis,Singhville,M2W 4AG,UK,United Kingdom,EMEA,English,Consumer,None,2019-12-04,2019,RETURNING,True,MDM,2019-12-04,2026-04-17 15:58:35.889960
025313f0-c177-459e-920f-1a57ba0eeb59,CUST-2019-UK-002172,Susan,Anderson,Susan Anderson,Female,1993-01-08,susan.anderson640@gmail.com,01214960278,7 Howard isle,Louisborough,East Mohammedland,S6 8RS,UK,United Kingdom,EMEA,English,Consumer,Platinum,2019-05-23,2019,RETURNING,True,MDM,2019-05-23,2026-04-17 15:58:35.889962
047bcc5f-cff6-4832-b773-524aadfd8a2b,CUST-2019-UK-001088,Abbie,Nelson,Abbie Nelson,Female,1980-02-28,abbie.nelson@live.com,+44(0)8081570743,219 Alison forks,Osborneton,Webbhaven,BT3 8XL,UK,United Kingdom,EMEA,English,Consumer,Gold,2019-06-10,2019,RETURNING,True,MDM,2019-06-10,2026-04-17 15:58:35.889963
6fc5ee9a-a5b6-478f-95e4-5fc428549b6d,CUST-2019-UK-000220,Duncan,Wheeler,Duncan Wheeler,Female,1984-09-24,duncan.wheeler@outlook.com,+44(0)1414960072,25 Cunningham avenue,Gemmamouth,Mohamedtown,MK2 4JF,UK,United Kingdom,EMEA,English,Consumer,Gold,2019-04-28,2019,RETURNING,True,MDM,2019-04-28,2026-04-17 15:58:35.889965
78c89c7b-a316-4d3b-97f7-77fd642d797c,CUST-2019-UK-001054,Lewis,Potter,Lewis Potter,Female,1960-02-21,lewis.potter@icloud.com,0113 4960560,"Flat 09u
Linda ridge",Richardsberg,South Andrewfort,DA52 6ZW,UK,United Kingdom,EMEA,English,Business,Silver,2019-08-12,2019,RETURNING,True,MDM,2019-08-12,2026-04-17 15:58:35.889966
63e6f8b0-06a2-410a-9ac3-908ae6d220c0,CUST-2020-UK-000494,Georgia,Pearson,Georgia Pearson,Female,2007-01-25,georgia.pearson@icloud.com,0113 496 0282,"Studio 48o
Akhtar estates",West Andrew,East Mitchell,EH9 0YH,UK,United Kingdom,EMEA,English,Consumer,Silver,2020-10-19,2020,RETURNING,True,MDM,2020-10-19 00:00:00,2026-04-17 15:58:35.889972
927368e6-423b-4430-ac30-efaa566ce2a7,CUST-2019-UK-000406,Owen,Rowe,Owen Rowe,Male,1959-10-23,owen.rowe@yahoo.com,+44808 157 0913,33 Bates cliffs,Port Chloe,West Gailville,HG2 1AS,UK,United Kingdom,EMEA,English,Business,None,2019-04-04,2019,RETURNING,True,MDM,2019-04-04,2026-04-17 15:58:35.889974
229070aa-1ba2-44c2-a6f6-497955bc37fb,CUST-2019-UK-001766,Joanna,Myers,Joanna Myers,Male,1960-02-06,joanna.myers@outlook.com,+44808 1570905,"Studio 59
Samuel estates",West Terenceside,Lake Jonathanview,SW81 7PA,UK,United Kingdom,EMEA,English,Consumer,Platinum,2019-10-27,2019,RETURNING,True,MDM,2019-10-27,2026-04-17 15:58:35.889975
13e37fcf-a538-4133-a9d0-cdb767d954c8,CUST-2019-UK-002020,Liam,Curtis,Liam Curtis,Male,1973-04-08,liam.curtis654@gmail.com,0121 4960397,65 Leonard alley,Charlestown,Jasontown,L8 0XS,UK,United Kingdom,EMEA,English,Consumer,Silver,2019-11-14,2019,RETURNING,True,MDM,2019-11-14,2026-04-17 15:58:35.889977
b1c45d2f-b332-4715-99bd-c6d1c947e3c5,CUST-2019-UK-000166,Jeremy,Atkinson,Jeremy Atkinson,Male,1965-12-05,jeremy.atkinson@hotmail.com,(0306) 9990892,7 Thomson causeway,East Shirleyport,North Albert,EN1B 4UX,UK,United Kingdom,EMEA,English,Consumer,None,2019-10-28,2019,RETURNING,True,MDM,2019-10-28,2026-04-17 15:58:35.889979
f4dd3c12-f97a-4c3d-a7b3-b86239e2b09d,CUST-2019-UK-000324,Katie,Rowe,Katie Rowe,Female,2008-01-04,katie.rowe456@icloud.com,(020) 7496 0630,"Studio 13m
Gilbert wells",Benhaven,New Eileen,E30 4QH,UK,United Kingdom,EMEA,English,Consumer,None,2019-06-15,2019,RETURNING,True,MDM,2019-06-15,2026-04-17 15:58:35.889980
a025cd16-ee6c-4129-9e84-197a57393481,CUST-2019-UK-000259,Damian,Murphy,Damian Murphy,Female,1963-08-08,damian.murphy@outlook.com,01314960249,"Studio 38
Francis place",East Julia,Watersville,LD39 0HQ,UK,United Kingdom,EMEA,English,Consumer,Platinum,2019-09-02,2019,RETURNING,True,MDM,2019-09-02,2026-04-17 15:58:35.889982
c5162740-2b69-4eaa-b4dd-340e214659a3,CUST-2019-UK-000083,Aaron,Ward,Aaron Ward,Male,1960-11-08,aaron.ward@hotmail.com,+44(0)161 496 0969,598 Humphries gateway,Sullivanshire,South Tomside,SR07 4EA,UK,United Kingdom,EMEA,English,Consumer,None,2019-05-27,2019,RETURNING,True,MDM,2019-05-27,2026-04-17 15:58:35.889983
60c0dea0-3f94-434e-b4c6-5b49cbd5a72a,CUST-2019-UK-002062,Katherine,Murray,Katherine Murray,Female,1958-10-11,katherine.murray@yahoo.com,01184960689,"Studio 8
Elliott view",Lake Janiceton,South Lynda,G1B 9SA,UK,United Kingdom,EMEA,English,Education,Gold,2019-04-19,2019,RETURNING,True,MDM,2019-04-19,2026-04-17 15:58:35.889989
300fa386-995d-4009-adbe-8b1282619352,CUST-2019-UK-000111,Hazel,Barker,Hazel Barker,Male,1998-12-17,hazel.barker@msn.com,+44(0)1184960055,857 Rees drives,Grayfort,South Daleshire,GY05 8GG,UK,United Kingdom,EMEA,English,Consumer,None,2019-03-23,2019,RETURNING,True,MDM,2019-03-23,2026-04-17 15:58:35.889991
04df6fb3-22fd-4b8c-b9d2-2466596e2c6e,CUST-2019-UK-000859,Terence,Clark,Terence Clark,Male,1978-11-01,terence.clark@icloud.com,+4429 2018368,"Studio 1
Jones rue",New Joelport,Evansfort,SY4 2SJ,UK,United Kingdom,EMEA,English,Consumer,None,2019-11-27,2019,RETURNING,True,MDM,2019-11-27,2026-04-17 15:58:35.889993
5eb5a137-063f-484d-81af-401bca19c3bc,CUST-2019-UK-000965,Jemma,Ellis,Jemma Ellis,Male,1971-02-25,jemma.ellis@icloud.com,+44(0)20 7496 0390,"Flat 94r
Mitchell groves",North Angela,Dylanfort,B72 5QN,UK,United Kingdom,EMEA,English,Consumer,None,2019-07-09,2019,RETURNING,True,MDM,2019-07-09,2026-04-17 15:58:35.889995
e15632b4-f607-4152-aec2-7881b311f1af,CUST-2020-UK-000709,Sharon,Garner,Sharon Garner,Male,1998-01-05,sharon.garner@hotmail.com,+4420 7496 0005,"Studio 0
Brandon stream",Dorothyview,Stephanieville,PE1H 4SL,UK,United Kingdom,EMEA,English,Consumer,None,2020-12-29,2020,RETURNING,True,MDM,2020-12-29 00:00:00,2026-04-17 15:58:35.889997
93c3a2fa-562b-41fe-b0f2-1e5c5fd84c62,CUST-2019-UK-000818,Julian,Scott,Julian Scott,Male,2006-03-09,julian.scott@gmx.com,+441184960635,9 Katherine unions,Lake Damienville,New Scott,CT14 4WT,UK,United Kingdom,EMEA,English,Business,None,2019-07-01,2019,RETURNING,True,MDM,2019-07-01,2026-04-17 15:58:35.889998
2d7d56d6-0464-46e2-a5de-1e5f3a4c87ba,CUST-2019-UK-002382,Marian,Ali,Marian Ali,Female,1986-09-27,marian.ali757@icloud.com,+44(0)191 496 0266,"Studio 1
Maurice motorway",Gibsonton,Donnellyborough,B7 5SW,UK,United Kingdom,EMEA,English,Consumer,Silver,2019-04-20,2019,RETURNING,True,MDM,2019-04-20,2026-04-17 15:58:35.890000
db5106fd-f53a-40e0-994f-fa917117af1d,CUST-2019-UK-002246,Karen,Bell,Karen Bell,Male,1975-03-02,karen.bell312@icloud.com,+44(0)808 157 0097,"Flat 11V
Mohamed bridge",Morrischester,South Nicole,CO4H 6WH,UK,United Kingdom,EMEA,English,Consumer,Silver,2019-04-23,2019,RETURNING,True,MDM,2019-04-23,2026-04-17 15:58:35.890001
e4b8b2b4-e4b6-4e93-8125-7d0d99218671,CUST-2020-UK-000161,Eric,Stewart,Eric Stewart,Male,1993-03-22,eric.stewart@yahoo.com,0191 498 0246,"Flat 16n
Dawson junction",Thomasmouth,Jenkinsview,G17 2PP,UK,United Kingdom,EMEA,English,Business,None,2020-12-09,2020,RETURNING,True,MDM,2020-12-09 00:00:00,2026-04-17 15:58:35.890007
2272f119-e126-4eec-96b2-a879722b3fe9,CUST-2020-UK-000610,Hollie,Evans,Hollie Evans,Male,1963-07-28,hollie.evans@msn.com,+44(0)1134960570,4 Woodward fords,South Jeremyhaven,East Amanda,L7H 5ZT,UK,United Kingdom,EMEA,English,Consumer,None,2020-02-03,2020,RETURNING,True,MDM,2020-02-03 00:00:00,2026-04-17 15:58:35.890009
5e61c176-690e-40a2-9d80-f5f043546b98,CUST-2019-UK-002263,Mohamed,Lewis,Mohamed Lewis,Female,2000-10-23,mohamed.lewis@protonmail.com,01174960892,22 Fiona squares,Port Bernardland,Sandersonmouth,L39 3XP,UK,United Kingdom,EMEA,English,Business,Platinum,2019-05-09,2019,RETURNING,False,MDM,2019-05-09,2026-04-17 15:58:35.890011
446e6e01-d68b-4774-b0ba-bf9e1ef47aab,CUST-2020-UK-000032,Jasmine,Byrne,Jasmine Byrne,Female,1975-01-12,jasmine.byrne@outlook.com,(0151)4960503,23 Williams extensions,Justinborough,Shanestad,GL8H 0HW,UK,United Kingdom,EMEA,English,Consumer,None,2020-12-23,2020,RETURNING,True,MDM,2020-12-23 00:00:00,2026-04-17 15:58:35.890012
30d03dd8-97b2-4af4-a383-2f84752d8d5f,CUST-2019-UK-000092,Gillian,Davies,Gillian Davies,Male,1951-03-19,gillian.davies@gmx.com,0131 496 0661,12 Robinson crossroad,Woodsborough,West Gregoryville,N7H 2LN,UK,United Kingdom,EMEA,English,Consumer,Gold,2019-03-01,2019,RETURNING,True,MDM,2019-03-01,2026-04-17 15:58:35.890014
4195fd30-4355-4c1d-aed6-f699a58a3699,CUST-2019-UK-001764,Iain,Harris,Iain Harris,Female,1996-03-17,iain.harris@live.com,01914960898,788 Griffin harbors,Watsonfort,Gibbsberg,G8W 7FG,UK,United Kingdom,EMEA,English,Business,None,2019-05-14,2019,RETURNING,True,MDM,2019-05-14,2026-04-17 15:58:35.890016
1ddf2e4d-2850-4fa7-8843-aba091eb32de,CUST-2019-UK-000745,Brett,Smith,Brett Smith,Male,1954-08-02,brett.smith441@mail.com,+44151 4960155,6 Bernard roads,New Natashachester,New Graceside,W9F 5HT,UK,United Kingdom,EMEA,English,Consumer,None,2019-01-21,2019,RETURNING,True,MDM,2019-01-21,2026-04-17 15:58:35.890017
61f1e6fa-d34c-4483-a898-1781c91bbc42,CUST-2019-UK-000755,Dennis,Hudson,Dennis Hudson,Male,1969-08-27,dennis.hudson@mail.com,01632960140,"Flat 20
Hawkins lake",East Hughberg,Sarahport,N2 1UL,UK,United Kingdom,EMEA,English,Consumer,None,2019-12-03,2019,RETURNING,True,MDM,2019-12-03,2026-04-17 15:58:35.890019
35a5dfd3-14e4-4361-b0bc-724005319874,CUST-2019-UK-001533,Paige,Powell,Paige Powell,Male,1960-03-10,paige.powell@live.com,(020) 7496 0405,51 June parkway,Port Joycechester,East Ellie,G1 8NJ,UK,United Kingdom,EMEA,English,Consumer,None,2019-11-07,2019,RETURNING,True,MDM,2019-11-07,2026-04-17 15:58:35.890025
aa6cddaa-0db2-4dc5-8979-3ff1a843536b,CUST-2020-UK-000312,Jason,Dobson,Jason Dobson,Male,1995-02-01,jason.dobson@outlook.com,0118 496 0801,"Flat 32
Janet centers",Millerbury,West Jeffrey,S40 4UP,UK,United Kingdom,EMEA,English,Business,None,2020-10-30,2020,RETURNING,True,MDM,2020-10-30 00:00:00,2026-04-17 15:58:35.890026
b30443e2-e3ec-4d43-a029-e246bedfc19b,CUST-2019-UK-001863,Megan,Scott,Megan Scott,Female,1965-06-19,megan.scott@aol.com,0141 496 0276,"Flat 02d
Beverley prairie",Cookemouth,Jasminetown,SG72 2EH,UK,United Kingdom,EMEA,English,Consumer,None,2019-12-17,2019,RETURNING,True,MDM,2019-12-17,2026-04-17 15:58:35.890028
90f55acd-20d2-43d6-8a51-491598f2e62c,CUST-2020-UK-000487,Keith,Little,Keith Little,Female,1979-05-19,keith.little143@aol.com,0306 999 0301,500 Thomas corner,Clarkemouth,South Angelaport,S5 1XZ,UK,United Kingdom,EMEA,English,Business,Gold,2020-09-18,2020,RETURNING,True,MDM,2020-09-18 00:00:00,2026-04-17 15:58:35.890030
391b3e86-fd32-4e83-ab3a-c1ab135defe5,CUST-2020-UK-000611,Pamela,Fuller,Pamela Fuller,Male,1961-12-13,pamela.fuller@gmail.com,0113 4960305,"Flat 19a
Robson turnpike",Lake Antony,South George,W95 9LS,UK,United Kingdom,EMEA,English,Consumer,None,2020-04-22,2020,RETURNING,True,MDM,2020-04-22 00:00:00,2026-04-17 15:58:35.890032
b8b6d4f4-096d-4d03-b14b-9daa60100806,CUST-2019-UK-000373,Patrick,Francis,Patrick Francis,Female,1994-08-17,patrick.francis@gmail.com,+44(0)9098790352,4 Nigel manor,Williamsburgh,Kellyberg,S53 4ZP,UK,United Kingdom,EMEA,English,Consumer,Platinum,2019-07-19,2019,RETURNING,True,MDM,2019-07-19,2026-04-17 15:58:35.890033
7cac0a20-650e-4049-9b9c-0da568ec1f9a,CUST-2019-UK-001854,Rebecca,Elliott,Rebecca Elliott,Male,2002-07-22,rebecca.elliott@msn.com,0118 496 0241,8 Alice loaf,Cooperland,North Debraland,W6 3FQ,UK,United Kingdom,EMEA,English,Education,None,2019-09-22,2019,RETURNING,True,MDM,2019-09-22,2026-04-17 15:58:35.890035
cbce0a4b-215e-49df-8a85-98dafbdfc326,CUST-2020-UK-000096,Leon,Ward,Leon Ward,Male,2007-07-12,leon.ward@mail.com,+442074960115,5 Lisa highway,Birdchester,Morrisport,WC32 5TX,UK,United Kingdom,EMEA,English,Education,None,2020-12-29,2020,RETURNING,True,MDM,2020-12-29 00:00:00,2026-04-17 15:58:35.890037
b82ba08c-604f-4e23-bc2a-79585fd4bf8b,CUST-2019-UK-001272,Matthew,Jarvis,Matthew Jarvis,Female,1955-12-03,matthew.jarvis837@live.com,+441632 960364,"Studio 70
Hill plaza",North Wayneton,Wilkinsborough,E37 4DS,UK,United Kingdom,EMEA,English,Consumer,Silver,2019-03-11,2019,RETURNING,True,MDM,2019-03-11,2026-04-17 15:58:35.890038
800c8cf5-644b-4dca-a609-6882028f28b6,CUST-2019-UK-001048,Bethan,Burrows,Bethan Burrows,Female,1985-08-24,bethan.burrows816@protonmail.com,+44(0)909 8790872,268 Janet gardens,Harveyhaven,Youngville,WF9R 2UT,UK,United Kingdom,EMEA,English,Consumer,Gold,2019-03-16,2019,RETURNING,True,MDM,2019-03-16,2026-04-17 15:58:35.890043
84c27860-0f2f-483c-9e92-c406f74af62f,CUST-2019-UK-002243,Rebecca,Vincent,Rebecca Vincent,Male,1967-07-20,rebecca.vincent@hotmail.com,(0113) 4960859,91 Simon plains,West Glenn,West Henryfort,B6F 6ZA,UK,United Kingdom,EMEA,English,Consumer,Gold,2019-02-05,2019,RETURNING,True,MDM,2019-02-05,2026-04-17 15:58:35.890045
d3f0f1eb-d5f4-4058-b8e6-67a601ef101d,CUST-2019-UK-000049,Glenn,Ali,Glenn Ali,Male,1967-04-28,glenn.ali491@protonmail.com,0191 4960138,751 Guy point,North Jasmineton,South Jordanfort,S6E 8ZD,UK,United Kingdom,EMEA,English,Consumer,Silver,2019-11-23,2019,RETURNING,True,MDM,2019-11-23,2026-04-17 15:58:35.890046
84c79e30-c2e1-460a-809c-3b08a6ff93ab,CUST-2019-UK-001304,Norman,Edwards,Norman Edwards,Female,1976-01-17,norman.edwards@msn.com,(0131)4960865,"Studio 42Y
Knight neck",East Gordon,West Brandonbury,N4H 2RX,UK,United Kingdom,EMEA,English,Consumer,Silver,2019-10-26,2019,RETURNING,True,MDM,2019-10-26,2026-04-17 15:58:35.890048
be1820f4-9f91-4885-80e5-25164a89fbcc,CUST-2019-UK-000456,Mohammad,Chandler,Mohammad Chandler,Male,1978-04-01,mohammad.chandler@yahoo.com,0161 4960807,4 Vaughan harbors,Richardschester,Lake Kyle,S34 6NZ,UK,United Kingdom,EMEA,English,Consumer,None,2019-02-03,2019,RETURNING,True,MDM,2019-02-03,2026-04-17 15:58:35.890050
4f61c86d-5458-490c-afcb-7606477b7194,CUST-2019-UK-000571,Lynne,Bailey,Lynne Bailey,Female,1966-12-06,lynne.bailey808@protonmail.com,+44113 496 0472,881 Metcalfe stravenue,North Danny,Port Cherylmouth,BR99 1YR,UK,United Kingdom,EMEA,English,Consumer,Silver,2019-11-03,2019,RETURNING,True,MDM,2019-11-03,2026-04-17 15:58:35.890052
e3f0cfb5-1b36-493c-8463-9b818b5a60b5,CUST-2019-UK-000135,Debra,Sutton,Debra Sutton,Male,1982-02-14,debra.sutton@hotmail.com,+441214960308,"Studio 74t
Harris light",North Joshua,East Annettefurt,B72 3FW,UK,United Kingdom,EMEA,English,Consumer,None,2019-04-04,2019,RETURNING,True,MDM,2019-04-04,2026-04-17 15:58:35.890053
c4f4ef99-ee19-418c-9bff-253749b2936b,CUST-2020-UK-000404,Katy,O'Brien,Katy O'Brien,Male,1988-08-15,katy.o'brien@gmail.com,+44(0)29 2018 0867,"Studio 3
Roberts isle",North Catherinehaven,Fletcherbury,HR5 8RN,UK,United Kingdom,EMEA,English,Consumer,None,2020-09-06,2020,RETURNING,True,MDM,2020-09-06 00:00:00,2026-04-17 15:58:35.890055
781b761a-e6f3-4827-896e-46b3255ff6a7,CUST-2020-UK-000356,Marilyn,Harris,Marilyn Harris,Male,1982-10-10,marilyn.harris786@icloud.com,0292018383,36 Wayne island,New Joeview,Whiteport,JE89 6UR,UK,United Kingdom,EMEA,English,Consumer,None,2020-05-10,2020,RETURNING,True,MDM,2020-05-10 00:00:00,2026-04-17 15:58:35.890061
78b9dffc-f827-44a3-9c89-60a9d1138276,CUST-2019-UK-002071,Alison,Jones,Alison Jones,Female,1976-02-28,alison.jones729@icloud.com,0131 4960616,"Studio 9
Diana creek",Campbellmouth,Morrischester,M96 9BS,UK,United Kingdom,EMEA,English,Education,None,2019-12-26,2019,RETURNING,True,MDM,2019-12-26,2026-04-17 15:58:35.890063
03454307-3a48-4f82-90dc-e17e0f09e895,CUST-2019-UK-000620,Denise,Giles,Denise Giles,Male,1982-03-17,denise.giles634@outlook.com,(0808) 157 0379,"Flat 36V
Colin camp",Hardyberg,South Margaret,E9 4AR,UK,United Kingdom,EMEA,English,Education,None,2019-01-07,2019,RETURNING,True,MDM,2019-01-07,2026-04-17 15:58:35.890065
0d27427d-6e4b-47de-b2dd-6ce08a63aa23,CUST-2019-UK-001921,Simon,Rose,Simon Rose,Male,1952-07-05,simon.rose@zoho.com,01414960839,7 Moore port,Lake Kathryn,Julianport,WN8X 0PT,UK,United Kingdom,EMEA,English,Consumer,Gold,2019-08-16,2019,RETURNING,True,MDM,2019-08-16,2026-04-17 15:58:35.890066
fc536f6a-eaab-4043-8eff-4e2d119dfd86,CUST-2019-UK-001981,Kathleen,Little,Kathleen Little,Male,1950-05-03,kathleen.little@protonmail.com,+44117 496 0766,"Flat 43N
Elliott rest",Alexanderstad,New Donnaport,N3 3DT,UK,United Kingdom,EMEA,English,Consumer,None,2019-01-16,2019,RETURNING,True,MDM,2019-01-16,2026-04-17 15:58:35.890068
148fde67-24ef-43e3-95b0-d4ed6941468b,CUST-2019-UK-001907,Justin,Greenwood,Justin Greenwood,Female,1968-12-02,justin.greenwood@zoho.com,(020)74960710,"Flat 7
Suzanne overpass",South John,Port Nicholas,B15 3UD,UK,United Kingdom,EMEA,English,Consumer,None,2019-12-05,2019,RETURNING,True,MDM,2019-12-05,2026-04-17 15:58:35.890070
b22a5ed8-e12e-491e-8b5d-99fc37df4edd,CUST-2020-UK-000559,Norman,Payne,Norman Payne,Male,1953-01-24,norman.payne@gmx.com,+4428 9018 0960,2 Mathew burgs,Rhysmouth,Barkerfort,AL2 8YS,UK,United Kingdom,EMEA,English,Consumer,Gold,2020-01-15,2020,RETURNING,True,MDM,2020-01-15 00:00:00,2026-04-17 15:58:35.890071
1046a6d9-d27e-4b37-add3-7b3c458b92fc,CUST-2020-UK-000211,Clare,Holt,Clare Holt,Female,1979-07-18,clare.holt@yahoo.com,+441632 960330,"Flat 0
Georgia valleys",Williamsonberg,Lake Terryshire,S12 2TD,UK,United Kingdom,EMEA,English,Consumer,Silver,2020-04-02,2020,RETURNING,True,MDM,2020-04-02 00:00:00,2026-04-17 15:58:35.890073
92e45e03-260a-45ed-8649-98c141dd5299,CUST-2019-UK-001572,Josh,Brown,Josh Brown,Male,1995-05-13,josh.brown@hotmail.com,+44(0)161 4960226,"Flat 38W
Rees mount",Port Vanessamouth,Robertstown,B1S 0EN,UK,United Kingdom,EMEA,English,Consumer,Platinum,2019-04-18,2019,RETURNING,True,MDM,2019-04-18,2026-04-17 15:58:35.890078
06b8d933-3613-4982-b416-91eddc985f36,CUST-2019-UK-000301,Kathleen,Lewis,Kathleen Lewis,Female,1988-09-01,kathleen.lewis@live.com,0289018869,"Studio 86
Guy crossroad",Natashahaven,East Joannechester,G74 7HP,UK,United Kingdom,EMEA,English,Education,None,2019-06-15,2019,RETURNING,True,MDM,2019-06-15,2026-04-17 15:58:35.890080
4545bbb6-7ac3-4064-9bde-0fd6ccfa9425,CUST-2019-UK-001251,Paula,Taylor,Paula Taylor,Female,1981-06-26,paula.taylor@hotmail.com,+44(0)121 496 0134,"Studio 6
Jones gardens",Owenfort,North Andrewshire,W42 2QN,UK,United Kingdom,EMEA,English,Business,None,2019-01-28,2019,RETURNING,True,MDM,2019-01-28,2026-04-17 15:58:35.890082
40ff2e7e-71c8-4fd7-9f84-36db5d57956b,CUST-2020-UK-000044,Frederick,Davies,Frederick Davies,Female,1980-10-03,frederick.davies@live.com,+4429 2018 0730,"Studio 00
Brown courts",Sophieview,Clairefort,M1 2NG,UK,United Kingdom,EMEA,English,Consumer,Gold,2020-03-04,2020,RETURNING,True,MDM,2020-03-04 00:00:00,2026-04-17 15:58:35.890084
343d6bd6-f3df-4ef0-aeaf-01399c61b7ad,CUST-2020-UK-000277,Martin,Wood,Martin Wood,Female,1963-01-04,martin.wood@protonmail.com,+44113 4960797,754 Victoria cove,New Elliott,Nigeltown,W1C 5EA,UK,United Kingdom,EMEA,English,Consumer,None,2020-07-08,2020,RETURNING,True,MDM,2020-07-08 00:00:00,2026-04-17 15:58:35.890086
e4ce0807-1478-408c-bfb2-3fae3660d45d,CUST-2019-UK-000044,Stanley,Hall,Stanley Hall,Male,1970-05-13,stanley.hall@aol.com,+441214960318,"Studio 1
Bruce crossing",Lake Sallyberg,Dalefort,DA7 6LZ,UK,United Kingdom,EMEA,English,Consumer,Platinum,2019-07-10,2019,RETURNING,True,MDM,2019-07-10,2026-04-17 15:58:35.890087
b71997e5-51f5-4cc2-afac-1592d87c6881,CUST-2020-UK-000317,Wendy,Fletcher,Wendy Fletcher,Male,1955-10-24,wendy.fletcher873@gmx.com,+4429 2018476,"Studio 51O
Hale meadow",North Thomas,South Gavin,B7 7FL,UK,United Kingdom,EMEA,English,Business,Platinum,2020-10-22,2020,RETURNING,True,MDM,2020-10-22 00:00:00,2026-04-17 15:58:35.890089
5588aca3-5624-44e5-b7d4-1b4e60c0e8d9,CUST-2020-UK-000617,Lucy,Gibson,Lucy Gibson,Male,1999-08-24,lucy.gibson@yahoo.com,(0141)4960605,"Flat 2
Gordon greens",Carolineton,South Adam,PL3E 7GR,UK,United Kingdom,EMEA,English,Consumer,Platinum,2020-06-20,2020,RETURNING,True,MDM,2020-06-20 00:00:00,2026-04-17 15:58:35.890090
f67704dc-3577-4258-b6e4-484209fe575a,CUST-2020-UK-000309,Bernard,Harrison,Bernard Harrison,Male,1987-02-19,bernard.harrison@msn.com,01214960276,651 Burrows ramp,Paigetown,Port Carolyn,KW6E 9GF,UK,United Kingdom,EMEA,English,Education,Platinum,2020-04-22,2020,RETURNING,True,MDM,2020-04-22 00:00:00,2026-04-17 15:58:35.890096
ece4a5d2-884f-4bd5-98bb-5ec7eb2a813c,CUST-2020-UK-000681,Steven,Peacock,Steven Peacock,Female,1957-02-19,steven.peacock@live.com,+44(0)113 4960767,"Studio 89k
Kennedy orchard",North Bethanberg,Katiehaven,LN1B 8RD,UK,United Kingdom,EMEA,English,Consumer,None,2020-02-29,2020,RETURNING,True,MDM,2020-02-29 00:00:00,2026-04-17 15:58:35.890098
bfe0e7a8-ea1b-46bf-a96d-35b5b0386468,CUST-2019-UK-000468,Kirsty,Stewart,Kirsty Stewart,Male,1983-10-24,kirsty.stewart@icloud.com,(0808) 1570258,220 Roberts parks,Elliottfurt,Prattfort,KA34 8ZU,UK,United Kingdom,EMEA,English,Consumer,None,2019-03-22,2019,RETURNING,True,MDM,2019-03-22,2026-04-17 15:58:35.890100
a69be7fc-72e6-4ed2-8e60-87c261715a2b,CUST-2019-UK-001781,Angela,Rahman,Angela Rahman,Female,1965-03-20,angela.rahman@msn.com,+44(0)808 1570601,"Flat 3
Dunn lodge",Jeremytown,Porterstad,M6 4PU,UK,United Kingdom,EMEA,English,Consumer,None,2019-09-07,2019,RETURNING,True,MDM,2019-09-07,2026-04-17 15:58:35.890102
9aa3cf5b-06d9-49d3-94a9-50080b976d98,CUST-2019-UK-001710,Karen,Bowen,Karen Bowen,Female,2004-03-13,karen.bowen@zoho.com,(0161) 4960289,"Studio 3
Carly turnpike",Ireneborough,West Arthurton,BD6X 7UG,UK,United Kingdom,EMEA,English,Consumer,Silver,2019-02-26,2019,RETURNING,True,MDM,2019-02-26,2026-04-17 15:58:35.890103
e3a27f6b-d499-41dc-aa26-b79c077b6ebc,CUST-2019-UK-002311,Teresa,Williams,Teresa Williams,Female,1961-05-30,teresa.williams@yahoo.com,+44(0)151 496 0188,"Studio 1
Hope flats",Dianeton,North Seanfort,WV35 7FT,UK,United Kingdom,EMEA,English,Consumer,None,2019-08-14,2019,RETURNING,True,MDM,2019-08-14,2026-04-17 15:58:35.890105
99c930df-7339-462d-aad6-8c54d5fbca70,CUST-2019-UK-000774,Allan,Jones,Allan Jones,Male,1950-10-26,allan.jones314@hotmail.com,+44113 496 0290,"Studio 7
James knolls",Denisetown,New Deborah,N1G 5LF,UK,United Kingdom,EMEA,English,Consumer,Platinum,2019-07-27,2019,RETURNING,True,MDM,2019-07-27,2026-04-17 15:58:35.890106
7bd992b7-c414-4cc0-93d0-e280e3cb9e92,CUST-2019-UK-001628,Robin,Clarke,Robin Clarke,Female,1984-04-07,robin.clarke118@mail.com,+44113 4960142,"Flat 29k
Storey gateway",Lake Hilaryland,South Karl,HG72 6AR,UK,United Kingdom,EMEA,English,Consumer,None,2019-04-04,2019,RETURNING,True,MDM,2019-04-04,2026-04-17 15:58:35.890109
55518dd7-23b6-4e74-a811-e16b8d9c070e,CUST-2019-UK-002259,Stephanie,Parry,Stephanie Parry,Male,1969-02-14,stephanie.parry@hotmail.com,(0131)4960280,"Flat 6
Laura heights",North John,New Kate,B6F 0FN,UK,United Kingdom,EMEA,English,Consumer,None,2019-04-26,2019,RETURNING,False,MDM,2019-04-26,2026-04-17 15:58:35.890114
85e86f9c-65ab-4a7f-ba83-a9d4ba2bdbda,CUST-2019-UK-001017,Liam,Sheppard,Liam Sheppard,Female,1977-08-06,liam.sheppard@mail.com,+44(0)114 496 0682,"Studio 75
Perry road",Byrnemouth,Port Owen,B3T 7PS,UK,United Kingdom,EMEA,English,Consumer,None,2019-02-20,2019,RETURNING,True,MDM,2019-02-20,2026-04-17 15:58:35.890116
02937676-b740-4472-87e2-fda173dcfcda,CUST-2019-UK-000596,Molly,Hughes,Molly Hughes,Female,2007-12-21,molly.hughes@icloud.com,+44(0)118 4960030,840 Barnes mills,West Natasha,Samuelfort,AB24 6FN,UK,United Kingdom,EMEA,English,Business,None,2019-10-09,2019,RETURNING,True,MDM,2019-10-09,2026-04-17 15:58:35.890118
7964ec0e-213b-401f-ae78-eb784736371b,CUST-2020-UK-000251,Lynn,Murray,Lynn Murray,Female,1990-12-16,lynn.murray@live.com,(029) 2018032,"Flat 72
Roy extensions",West Karlport,Lake Suzannechester,LS2A 6GB,UK,United Kingdom,EMEA,English,Consumer,None,2020-10-10,2020,RETURNING,True,MDM,2020-10-10 00:00:00,2026-04-17 15:58:35.890119
7a699e22-bdc6-4c2d-a8ba-8118cd197267,CUST-2020-UK-000414,Valerie,Parker,Valerie Parker,Female,1953-08-22,valerie.parker@msn.com,(0115)4960574,64 Taylor port,North Ruthtown,West John,SE6Y 2NQ,UK,United Kingdom,EMEA,English,Consumer,None,2020-02-21,2020,RETURNING,True,MDM,2020-02-21 00:00:00,2026-04-17 15:58:35.890121
c721392f-7161-45e3-ab80-cc31e7d9d8ea,CUST-2019-UK-002287,Patricia,Yates,Patricia Yates,Male,1965-12-28,patricia.yates@gmx.com,(0141) 4960415,"Flat 2
Iain hills",Williamsmouth,Lake Jay,SP4 8FB,UK,United Kingdom,EMEA,English,Education,None,2019-01-07,2019,RETURNING,False,MDM,2019-01-07,2026-04-17 15:58:35.890123
41dcb7a1-d1e8-4ceb-a7c1-af708fa96fe6,CUST-2019-UK-000499,Carl,Fitzgerald,Carl Fitzgerald,Female,1952-10-14,carl.fitzgerald@outlook.com,01414960590,"Studio 2
Wilson throughway",North Hilaryberg,Carterville,ML7W 8DN,UK,United Kingdom,EMEA,English,Consumer,Silver,2019-12-05,2019,RETURNING,False,MDM,2019-12-05,2026-04-17 15:58:35.890124
b5e3683f-4aa2-4a2d-9d59-79e5bd1f4ff3,CUST-2019-UK-000560,Lauren,Barlow,Lauren Barlow,Female,1983-10-02,lauren.barlow@live.com,0117 4960477,"Flat 50
Michelle pines",West Danny,Smithmouth,SN76 6EW,UK,United Kingdom,EMEA,English,Education,Platinum,2019-05-28,2019,RETURNING,True,MDM,2019-05-28,2026-04-17 15:58:35.890126
b68f03b3-8d93-4269-a358-741e6c36ecb4,CUST-2019-UK-001593,Diana,Wall,Diana Wall,Female,2003-10-05,diana.wall@mail.com,09098790219,"Flat 33
Clark corner",Pottershire,Barrychester,BT5R 3LU,UK,United Kingdom,EMEA,English,Consumer,None,2019-04-14,2019,RETURNING,True,MDM,2019-04-14,2026-04-17 15:58:35.890132
49c273a6-28db-4678-927a-19969eb705f3,CUST-2020-UK-000344,Gareth,Sutton,Gareth Sutton,Male,1970-10-10,gareth.sutton484@outlook.com,02074960890,"Flat 16O
Hannah prairie",Goodwinfurt,Lake Natasha,M6B 7DS,UK,United Kingdom,EMEA,English,Consumer,Platinum,2020-04-16,2020,RETURNING,True,MDM,2020-04-16 00:00:00,2026-04-17 15:58:35.890133
fe69e5ed-16a5-43c9-ad69-94d0c6adb6e2,CUST-2020-UK-000177,Katie,Lowe,Katie Lowe,Male,1978-02-21,katie.lowe@protonmail.com,01914960604,245 Reid square,South Josephineville,Frederickhaven,TQ7 4UZ,UK,United Kingdom,EMEA,English,Consumer,None,2020-12-01,2020,RETURNING,True,MDM,2020-12-01 00:00:00,2026-04-17 15:58:35.890135
24e30ddd-e052-4063-8b16-75e3d72de368,CUST-2019-UK-001162,Gareth,Jones,Gareth Jones,Female,1968-02-19,gareth.jones408@gmx.com,+44115 496 0430,611 Eileen throughway,East Brandon,Taylorchester,B8 9AU,UK,United Kingdom,EMEA,English,Consumer,None,2019-05-10,2019,RETURNING,True,MDM,2019-05-10,2026-04-17 15:58:35.890137
bb6c207f-81b8-4c53-b71e-873ead1f2565,CUST-2020-UK-000052,Graeme,Jones,Graeme Jones,Male,1979-10-27,graeme.jones@msn.com,(0909)8790149,9 Moore land,Julianbury,New Colinburgh,PH0 2GX,UK,United Kingdom,EMEA,English,Consumer,None,2020-04-24,2020,RETURNING,True,MDM,2020-04-24 00:00:00,2026-04-17 15:58:35.890139
4e8abab1-c5fc-4383-814e-266b7bc0a925,CUST-2019-UK-001723,Trevor,Moore,Trevor Moore,Female,1974-02-01,trevor.moore60@msn.com,+44292018106,588 Rogers prairie,Jeremyhaven,Josephineberg,S82 0XY,UK,United Kingdom,EMEA,English,Consumer,None,2019-09-26,2019,RETURNING,True,MDM,2019-09-26,2026-04-17 15:58:35.890140
7f3549b7-6e11-4323-bead-16b900e903dd,CUST-2019-UK-001590,Hayley,Marshall,Hayley Marshall,Female,1954-03-26,hayley.marshall@aol.com,(0121)4960828,"Studio 9
Booth walks",East Heather,New Mathew,W59 3ZU,UK,United Kingdom,EMEA,English,Consumer,None,2019-11-10,2019,RETURNING,True,MDM,2019-11-10,2026-04-17 15:58:35.890142
1da46c88-9406-48fe-8b51-845c9bbd2e57,CUST-2019-UK-000361,Louis,Cooke,Louis Cooke,Female,2003-06-14,louis.cooke613@gmail.com,(0113) 496 0395,"Studio 52
Davies isle",Masonmouth,Port Susan,G9B 1NR,UK,United Kingdom,EMEA,English,Consumer,None,2019-06-15,2019,RETURNING,True,MDM,2019-06-15,2026-04-17 15:58:35.890144
1fce513d-9c36-4018-bce3-1c6e4e87020a,CUST-2020-UK-000733,Joel,Collins,Joel Collins,Male,2000-04-10,joel.collins@mail.com,+44808 1570483,"Studio 93
Lee court",New Kimton,New Leah,FY32 8RL,UK,United Kingdom,EMEA,English,Consumer,None,2020-11-09,2020,RETURNING,True,MDM,2020-11-09 00:00:00,2026-04-17 15:58:35.890146
c23bcd38-12d3-4ad4-85cd-f5eb88a99bcd,CUST-2019-UK-001006,Carol,Bryant,Carol Bryant,Female,1973-09-27,carol.bryant@gmx.com,+449098790026,"Flat 9
Lee viaduct",East Jean,Cartershire,TR8V 0QP,UK,United Kingdom,EMEA,English,Consumer,Platinum,2019-11-16,2019,RETURNING,True,MDM,2019-11-16,2026-04-17 15:58:35.890148
565199ae-4433-4c97-a5f1-b6a54e647217,CUST-2019-UK-000019,Terence,Hayward,Terence Hayward,Male,1965-09-08,terence.hayward950@live.com,+4420 7496 0422,9 Leanne haven,New Brian,Port Malcolm,KW73 4LH,UK,United Kingdom,EMEA,English,Education,None,2019-06-27,2019,RETURNING,True,MDM,2019-06-27,2026-04-17 15:58:35.890149
1619bc21-6497-4767-b51e-6443baf79b2e,CUST-2020-UK-000322,Gillian,White,Gillian White,Female,1955-08-06,gillian.white60@hotmail.com,01164960099,"Studio 94
Hazel inlet",Gordonport,Lisaville,S4 9PJ,UK,United Kingdom,EMEA,English,Consumer,None,2020-05-26,2020,RETURNING,True,MDM,2020-05-26 00:00:00,2026-04-17 15:58:35.890151
2fa727e4-a67d-4195-b968-94c1c14e9944,CUST-2019-UK-002154,Natasha,Edwards,Natasha Edwards,Female,1984-04-03,natasha.edwards@protonmail.com,+4420 74960173,02 Damian river,East Mathewfurt,Annmouth,SP2 4WS,UK,United Kingdom,EMEA,English,Consumer,Platinum,2019-01-26,2019,RETURNING,True,MDM,2019-01-26,2026-04-17 15:58:35.890153
94823fb0-8e7e-4c12-af0f-581dcaa4e008,CUST-2020-UK-000577,Danielle,Banks,Danielle Banks,Female,1982-09-14,danielle.banks@hotmail.com,01514960665,1 Jones walk,Lake Joshuashire,Daleview,E1H 7EJ,UK,United Kingdom,EMEA,English,Consumer,Silver,2020-06-20,2020,RETURNING,True,MDM,2020-06-20 00:00:00,2026-04-17 15:58:35.890154
7bc6aaf7-5c2f-4294-bb0c-832fb615b2ad,CUST-2019-UK-000525,Sally,Scott,Sally Scott,Male,1986-03-02,sally.scott679@gmx.com,0121 4960287,"Flat 25V
Stewart forge",Gavinchester,East Heatherstad,RM01 7LP,UK,United Kingdom,EMEA,English,Education,Platinum,2019-04-24,2019,RETURNING,True,MDM,2019-04-24,2026-04-17 15:58:35.890155
ab09f44e-5afb-4316-8135-f1767b16e10d,CUST-2019-UK-000652,Tom,Hall,Tom Hall,Female,1997-04-03,tom.hall422@zoho.com,(0131) 4960233,"Studio 0
Vaughan ridge",New Ruth,South Timothyville,EC9 1EA,UK,United Kingdom,EMEA,English,Consumer,None,2019-12-01,2019,RETURNING,True,MDM,2019-12-01,2026-04-17 15:58:35.890161
78b8e7c8-af5b-4e0a-8c24-e2378675cc35,CUST-2019-UK-001617,Brett,Clark,Brett Clark,Female,1958-01-31,brett.clark359@gmx.com,+441144960957,029 Webb vista,East Pauline,Mossberg,NW2 1TH,UK,United Kingdom,EMEA,English,Consumer,Gold,2019-10-15,2019,RETURNING,True,MDM,2019-10-15,2026-04-17 15:58:35.890163
574f26f2-2c28-4a05-afdf-0cb78958e04d,CUST-2019-UK-002166,Stacey,Khan,Stacey Khan,Female,1965-06-28,stacey.khan@live.com,+44(0)1614960030,"Studio 63S
Berry view",Johnsonhaven,Gillmouth,E1A 7JQ,UK,United Kingdom,EMEA,English,Consumer,Silver,2019-05-09,2019,RETURNING,True,MDM,2019-05-09,2026-04-17 15:58:35.890165
3c2e13a6-d881-4d0b-b608-4b5b062b7216,CUST-2019-UK-001615,Alexandra,Rogers,Alexandra Rogers,Male,2001-05-08,alexandra.rogers701@aol.com,+44115 496 0139,"Studio 75
Cooke lodge",Colinfurt,Frasermouth,E7T 2FP,UK,United Kingdom,EMEA,English,Consumer,None,2019-08-02,2019,RETURNING,True,MDM,2019-08-02,2026-04-17 15:58:35.890166
1ae0465e-8bde-4bd9-9020-c1028277411a,CUST-2019-UK-000764,Joel,Whitehead,Joel Whitehead,Female,1972-04-23,joel.whitehead@hotmail.com,01632 960191,65 Goodwin centers,New William,Tobytown,FY33 8SA,UK,United Kingdom,EMEA,English,Consumer,Gold,2019-06-01,2019,RETURNING,True,MDM,2019-06-01,2026-04-17 15:58:35.890168
3fa449de-830c-4b4c-b141-6d2f40f3349e,CUST-2019-UK-001982,Alexander,Bentley,Alexander Bentley,Female,1965-03-23,alexander.bentley844@zoho.com,0909 8790230,"Flat 78
Jackson hollow",New Jacquelinefort,Murrayfort,M23 4LX,UK,United Kingdom,EMEA,English,Consumer,None,2019-07-31,2019,RETURNING,True,MDM,2019-07-31,2026-04-17 15:58:35.890170
63aef59a-cf19-4abd-bab2-9998b4841d4b,CUST-2019-UK-002157,Kathryn,Harvey,Kathryn Harvey,Female,1971-04-04,kathryn.harvey214@yahoo.com,+44116 4960822,167 Chloe crest,New Denisview,New Alisonton,B7 1WE,UK,United Kingdom,EMEA,English,Consumer,None,2019-01-07,2019,RETURNING,True,MDM,2019-01-07,2026-04-17 15:58:35.890171
bfa40bd6-591b-481c-bc52-b57dc50c0f85,CUST-2019-UK-000709,Timothy,Phillips,Timothy Phillips,Male,1969-04-07,timothy.phillips@hotmail.com,+443069990627,"Studio 7
Nigel circles",Lake Kenneth,Abbietown,GU1A 5RN,UK,United Kingdom,EMEA,English,Business,Gold,2019-09-03,2019,RETURNING,True,MDM,2019-09-03,2026-04-17 15:58:35.890173
12b2b7b7-9282-407a-b51a-2de619a020a2,CUST-2019-UK-001250,Alice,Hall,Alice Hall,Female,1981-05-08,alice.hall840@gmx.com,+44(0)191 4960047,66 Ali mission,Conorville,South Adrianmouth,SL56 4ZX,UK,United Kingdom,EMEA,English,Consumer,Platinum,2019-03-14,2019,RETURNING,True,MDM,2019-03-14,2026-04-17 15:58:35.890178
9d7be2f0-8927-4cc4-b226-fec9028d7355,CUST-2019-UK-000035,Angela,Burton,Angela Burton,Female,1988-02-25,angela.burton@yahoo.com,+44(0)115 496 0473,"Flat 3
Suzanne rest",Bernardview,Harrisonport,S7H 2UX,UK,United Kingdom,EMEA,English,Consumer,None,2019-12-11,2019,RETURNING,True,MDM,2019-12-11,2026-04-17 15:58:35.890180
41a669e3-8ecb-4d74-880a-6e23f4a57762,CUST-2020-UK-000482,Gillian,Smith,Gillian Smith,Female,2002-07-16,gillian.smith@msn.com,+44(0)20 7496 0109,6 Rebecca drive,West Pamelaside,Port Adam,TD17 4JZ,UK,United Kingdom,EMEA,English,Consumer,None,2020-04-23,2020,RETURNING,True,MDM,2020-04-23 00:00:00,2026-04-17 15:58:35.890182
7f2177d5-e615-455f-84a5-f9de1c94b51c,CUST-2019-UK-000592,Eileen,Bowen,Eileen Bowen,Male,1994-07-13,eileen.bowen657@live.com,+44289018811,"Flat 6
Martyn lakes",New Adam,New Alexandra,SY85 5LF,UK,United Kingdom,EMEA,English,Consumer,Gold,2019-03-10,2019,RETURNING,True,MDM,2019-03-10,2026-04-17 15:58:35.890184
26da0a0d-1552-481e-a0e8-e6391bacbeed,CUST-2020-UK-000437,Lorraine,Duffy,Lorraine Duffy,Female,1963-04-05,lorraine.duffy239@hotmail.com,09098790845,659 Melanie junctions,Dannyborough,Foxbury,W30 1EL,UK,United Kingdom,EMEA,English,Consumer,Silver,2020-08-09,2020,RETURNING,True,MDM,2020-08-09 00:00:00,2026-04-17 15:58:35.890185
fa158890-5df4-451f-a32b-05c80032de41,CUST-2019-UK-001687,Julian,Lawrence,Julian Lawrence,Female,1977-06-21,julian.lawrence@msn.com,(0115) 496 0728,84 Amy park,Lake Annfurt,Grahambury,CH3X 7WX,UK,United Kingdom,EMEA,English,Consumer,Silver,2019-08-27,2019,RETURNING,True,MDM,2019-08-27,2026-04-17 15:58:35.890187
99111de6-ccdf-4679-a836-d22927663a6b,CUST-2019-UK-000915,Reece,Smart,Reece Smart,Female,1967-12-02,reece.smart@live.com,0121 496 0505,658 Faulkner road,Fisherfort,Doylemouth,LU9B 2BF,UK,United Kingdom,EMEA,English,Consumer,None,2019-06-21,2019,RETURNING,True,MDM,2019-06-21,2026-04-17 15:58:35.890189
84747034-658f-4e2b-aea8-c1eddef37cc7,CUST-2019-UK-001929,Rita,Arnold,Rita Arnold,Female,1995-07-23,rita.arnold@icloud.com,+44(0)1914960935,"Flat 64G
Amanda gateway",New Patricia,South Henry,CO0M 5AZ,UK,United Kingdom,EMEA,English,Consumer,Platinum,2019-08-25,2019,RETURNING,True,MDM,2019-08-25,2026-04-17 15:58:35.890190
6ca540b9-aa34-456a-897a-df5d030a07cd,CUST-2020-UK-000656,Oliver,Cooke,Oliver Cooke,Female,1964-07-10,oliver.cooke@zoho.com,01134960173,"Flat 9
Green crescent",Gloverfurt,Charliebury,LS5 3XZ,UK,United Kingdom,EMEA,English,Consumer,None,2020-07-20,2020,RETURNING,True,MDM,2020-07-20 00:00:00,2026-04-17 15:58:35.890192
cdd6bae7-2582-4ae4-a135-fffc6c1d92eb,CUST-2020-UK-000685,Rachael,Jones,Rachael Jones,Male,1988-02-07,rachael.jones@gmail.com,+441632 960898,5 Susan corner,West Maureen,South Geoffreyfurt,BA0X 0WN,UK,United Kingdom,EMEA,English,Education,None,2020-06-24,2020,RETURNING,True,MDM,2020-06-24 00:00:00,2026-04-17 15:58:35.890194
d93de9e2-ae6c-47d2-a0a1-335d412a649a,CUST-2019-UK-000747,Leigh,Chapman,Leigh Chapman,Male,1964-01-02,leigh.chapman@mail.com,+44(0)1174960919,"Studio 35C
Law flat",West Patricia,Harrisberg,B2 4JX,UK,United Kingdom,EMEA,English,Business,None,2019-04-03,2019,RETURNING,True,MDM,2019-04-03,2026-04-17 15:58:35.890195
43dc2d91-0804-4973-adbb-50bcdf95ea86,CUST-2019-UK-001542,Ellie,Barnes,Ellie Barnes,Male,1990-08-04,ellie.barnes@zoho.com,0116 496 0717,"Flat 2
Barnes inlet",New Janeburgh,Lukeborough,N93 0WN,UK,United Kingdom,EMEA,English,Consumer,Gold,2019-02-10,2019,RETURNING,True,MDM,2019-02-10,2026-04-17 15:58:35.890197
7e660f2f-7724-4de9-a265-940507516a3e,CUST-2019-UK-000916,Danny,Noble,Danny Noble,Male,1989-10-30,danny.noble133@gmx.com,01164960154,"Studio 7
Bull light",Franklinburgh,Ericport,CW21 5JH,UK,United Kingdom,EMEA,English,Consumer,Silver,2019-10-17,2019,RETURNING,True,MDM,2019-10-17,2026-04-17 15:58:35.890199
02a5066e-96c4-44aa-b320-0d9bc2ec9181,CUST-2020-UK-000357,Katherine,Smith,Katherine Smith,Male,1991-01-10,katherine.smith@live.com,+448081570610,"Studio 22
Power valleys",North Dawnbury,Abdulmouth,DE4 5EF,UK,United Kingdom,EMEA,English,Consumer,Platinum,2020-11-10,2020,RETURNING,False,MDM,2020-11-10 00:00:00,2026-04-17 15:58:35.890200
c9003892-808e-4830-8ad6-fed4b730b777,CUST-2019-UK-000650,Benjamin,Clarke,Benjamin Clarke,Female,1959-11-23,benjamin.clarke658@hotmail.com,+441632 960 577,055 Parry burg,Lake Benfort,Francisstad,M3S 6SQ,UK,United Kingdom,EMEA,English,Business,None,2019-08-22,2019,RETURNING,True,MDM,2019-08-22,2026-04-17 15:58:35.890202
55c8684a-f429-4caa-8b0a-947189b57c5f,CUST-2019-UK-000397,Lynda,Day,Lynda Day,Male,1969-06-07,lynda.day441@yahoo.com,0115 496 0497,"Studio 9
Ellis via",Emmahaven,Lake Alexander,L0T 8FL,UK,United Kingdom,EMEA,English,Education,Platinum,2019-10-17,2019,RETURNING,True,MDM,2019-10-17,2026-04-17 15:58:35.890203
5951e97a-800c-4c44-8192-51bd5cee14df,CUST-2019-UK-002108,Benjamin,Green,Benjamin Green,Female,2003-03-04,benjamin.green@live.com,+4428 9018635,5 Justin mountains,Janeton,North Brucechester,GL7 7WZ,UK,United Kingdom,EMEA,English,Consumer,None,2019-04-10,2019,RETURNING,True,MDM,2019-04-10,2026-04-17 15:58:35.890205
f029ec7d-b22d-4556-b3e8-b52771bfc0b9,CUST-2019-UK-001353,Malcolm,Black,Malcolm Black,Female,1984-11-17,malcolm.black559@mail.com,0808 157 0355,"Studio 88Y
Mitchell dam",South Stanleyville,Boothshire,WC6 2JN,UK,United Kingdom,EMEA,English,Consumer,None,2019-02-27,2019,RETURNING,True,MDM,2019-02-27,2026-04-17 15:58:35.890207
984f0527-d0e6-4f05-81b0-619cb97bb3ad,CUST-2020-UK-000278,Toby,Green,Toby Green,Male,1971-03-18,toby.green@hotmail.com,+44117 496 0122,2 Danny cliff,North Alison,Port Marktown,B0 0EQ,UK,United Kingdom,EMEA,English,Education,None,2020-01-22,2020,RETURNING,True,MDM,2020-01-22 00:00:00,2026-04-17 15:58:35.890209
628d80d6-dc81-417d-82eb-bdc4ab486628,CUST-2019-UK-001397,Pamela,Kelly,Pamela Kelly,Male,1997-07-16,pamela.kelly@icloud.com,(0113)4960660,31 Jones port,West Eileenville,Carpenterbury,N74 7TB,UK,United Kingdom,EMEA,English,Consumer,Platinum,2019-09-07,2019,RETURNING,True,MDM,2019-09-07,2026-04-17 15:58:35.890210
0442a575-e619-4219-ba8f-f1f5ad9b4c22,CUST-2020-UK-000006,Patrick,Lee,Patrick Lee,Male,1969-07-09,patrick.lee683@protonmail.com,+44(0)118 496 0595,"Flat 24
Jones crescent",Karenville,Leighburgh,N4 5UT,UK,United Kingdom,EMEA,English,Education,Silver,2020-08-23,2020,RETURNING,True,MDM,2020-08-23 00:00:00,2026-04-17 15:58:35.890212
dbb5c769-2b39-4f40-a9d9-56d83d63fa4d,CUST-2019-UK-001355,Kelly,Harrison,Kelly Harrison,Male,1980-07-28,kelly.harrison@outlook.com,(0118) 4960129,"Flat 53e
Bradley springs",Sianfurt,Lake Hilary,G7 1GP,UK,United Kingdom,EMEA,English,Business,None,2019-10-01,2019,RETURNING,True,MDM,2019-10-01,2026-04-17 15:58:35.890213
354fe640-5eb2-48c3-9073-fa9784794a5a,CUST-2019-UK-002185,Wayne,Watson,Wayne Watson,Female,1993-10-28,wayne.watson@gmx.com,09098790076,"Flat 37
Rosie springs",Charlesberg,Lake Callum,BL2E 6YQ,UK,United Kingdom,EMEA,English,Consumer,Silver,2019-04-12,2019,RETURNING,True,MDM,2019-04-12,2026-04-17 15:58:35.890215
7a74fee7-02c8-444e-812e-e7b69db6c483,CUST-2020-UK-000736,Harriet,Knight,Harriet Knight,Female,1992-02-11,harriet.knight@gmail.com,+44115 496 0791,"Studio 67
Justin corner",Williamston,Catherinefurt,W61 4ZP,UK,United Kingdom,EMEA,English,Consumer,None,2020-10-31,2020,RETURNING,True,MDM,2020-10-31 00:00:00,2026-04-17 15:58:35.890217
e89cb79c-14a1-4701-b045-a6b89e4924db,CUST-2019-UK-000230,Jack,Price,Jack Price,Female,2002-02-17,jack.price@aol.com,+44(0)116 496 0727,"Flat 17
Gough tunnel",New Kieran,New Gracetown,NW9M 1EF,UK,United Kingdom,EMEA,English,Consumer,Gold,2019-07-08,2019,RETURNING,True,MDM,2019-07-08,2026-04-17 15:58:35.890218
ebce4a22-7608-444e-9c91-55005c2c791a,CUST-2019-UK-001278,Charles,Ahmed,Charles Ahmed,Female,2005-01-17,charles.ahmed@zoho.com,+44(0)20 74960834,869 Baker corners,Amybury,Paigestad,W9T 7PG,UK,United Kingdom,EMEA,English,Consumer,None,2019-08-19,2019,RETURNING,True,MDM,2019-08-19,2026-04-17 15:58:35.890220
5b82f160-7348-4754-bdfa-51f6591d4e2f,CUST-2019-UK-000148,Frank,Davey,Frank Davey,Female,1965-09-24,frank.davey@icloud.com,029 2018228,49 Elaine points,East Reeceland,New Howardburgh,M07 6BB,UK,United Kingdom,EMEA,English,Consumer,None,2019-01-23,2019,RETURNING,False,MDM,2019-01-23,2026-04-17 15:58:35.890222
bff23fc7-aaf1-4816-bf93-0f5bea664a28,CUST-2020-UK-000683,Carl,Moran,Carl Moran,Male,1969-06-20,carl.moran@msn.com,(0121)4960735,"Flat 46v
Hilary spring",Lake Jacob,Powellborough,LE9 4JS,UK,United Kingdom,EMEA,English,Consumer,Gold,2020-07-25,2020,RETURNING,True,MDM,2020-07-25 00:00:00,2026-04-17 15:58:35.890224
661dbd0b-2cfa-4746-abb1-5225a5a201af,CUST-2019-UK-000701,Melissa,Smith,Melissa Smith,Male,1976-03-24,melissa.smith674@mail.com,(0117) 496 0989,866 Kerry overpass,Thompsonstad,Smithbury,SO13 3RZ,UK,United Kingdom,EMEA,English,Consumer,None,2019-09-05,2019,RETURNING,True,MDM,2019-09-05,2026-04-17 15:58:35.890225
ff532f71-88fe-4a0c-ba43-d583f180bd87,CUST-2020-UK-000167,Amanda,Shaw,Amanda Shaw,Female,1990-05-26,amanda.shaw@msn.com,+4428 9018 0143,958 Brown green,New Georgia,West Timothyview,KT8B 1LR,UK,United Kingdom,EMEA,English,Business,None,2020-12-02,2020,RETURNING,True,MDM,2020-12-02 00:00:00,2026-04-17 15:58:35.890227
938bef40-e3a4-49a6-a1ed-33a6aa0d3c53,CUST-2019-UK-002145,Valerie,Smith,Valerie Smith,Male,1961-03-03,valerie.smith787@hotmail.com,+44(0)2074960864,479 Reid inlet,New Jessica,Port Annetteview,G2 4LE,UK,United Kingdom,EMEA,English,Consumer,Silver,2019-01-11,2019,RETURNING,True,MDM,2019-01-11,2026-04-17 15:58:35.890228
5ea91bb4-3443-4fb4-9aff-14c5d7784145,CUST-2019-UK-001888,Amy,Jones,Amy Jones,Male,1998-03-27,amy.jones@gmail.com,+44(0)115 496 0476,"Studio 3
Holly spur",Lake Garyland,New Dale,S8F 1LG,UK,United Kingdom,EMEA,English,Consumer,None,2019-11-14,2019,RETURNING,True,MDM,2019-11-14,2026-04-17 15:58:35.890230
788bfb03-0938-4707-a1fa-b3bba003b8bb,CUST-2020-UK-000295,Max,Owens,Max Owens,Male,1969-07-06,max.owens228@aol.com,(0114) 4960688,525 Aimee glens,East Marilyn,Stephensonport,IV27 6BL,UK,United Kingdom,EMEA,English,Consumer,Gold,2020-05-18,2020,RETURNING,True,MDM,2020-05-18 00:00:00,2026-04-17 15:58:35.890232
2908135b-0578-4919-8793-c99983e85a74,CUST-2019-UK-001043,Janice,Wilson,Janice Wilson,Male,2003-05-28,janice.wilson552@gmail.com,+44289018155,5 Peter station,Watkinschester,New Valerieview,B4 8XT,UK,United Kingdom,EMEA,English,Consumer,Silver,2019-05-06,2019,RETURNING,True,MDM,2019-05-06,2026-04-17 15:58:35.890233
c974c62d-b566-470e-b947-23b05ccbdf83,CUST-2019-UK-000370,Geoffrey,Bennett,Geoffrey Bennett,Female,1997-12-10,geoffrey.bennett@protonmail.com,(0191) 4960869,"Flat 45S
Murphy street",Vincentport,New Susanville,WR1W 3DD,UK,United Kingdom,EMEA,English,Consumer,None,2019-02-02,2019,RETURNING,True,MDM,2019-02-02,2026-04-17 15:58:35.890235
d3ead643-3570-4dfc-8d6c-219987e03b21,CUST-2020-UK-000284,Roger,Naylor,Roger Naylor,Male,1958-04-24,roger.naylor533@live.com,(0191) 4960576,"Studio 99A
Christopher heights",Lloydbury,Jacobshire,IM31 1HT,UK,United Kingdom,EMEA,English,Consumer,Platinum,2020-11-26,2020,RETURNING,True,MDM,2020-11-26 00:00:00,2026-04-17 15:58:35.890236
02c6722a-a201-4467-b6b3-40b758393d33,CUST-2019-UK-000016,Ross,Wilson,Ross Wilson,Female,1975-08-26,ross.wilson995@outlook.com,+44115 4960846,"Flat 4
Natalie mountains",East Brianville,Patelside,BL89 4WT,UK,United Kingdom,EMEA,English,Consumer,None,2019-04-24,2019,RETURNING,True,MDM,2019-04-24,2026-04-17 15:58:35.890238
02b1dbb4-e13e-464c-921f-4a3ce4ccc656,CUST-2019-UK-000801,Danny,Holmes,Danny Holmes,Male,1991-01-10,danny.holmes@aol.com,09098790336,284 Brooks crest,Hughesfort,Joetown,E12 0UY,UK,United Kingdom,EMEA,English,Consumer,None,2019-05-31,2019,RETURNING,True,MDM,2019-05-31,2026-04-17 15:58:35.890240
54bf34dd-9092-43be-a149-b0a2e25f7ae9,CUST-2020-UK-000210,Suzanne,Mills,Suzanne Mills,Female,1965-12-21,suzanne.mills@outlook.com,+44(0)3069990127,"Studio 08
Charlotte spring",Lake Samuelmouth,Fullerfort,HA93 1FF,UK,United Kingdom,EMEA,English,Consumer,None,2020-06-29,2020,RETURNING,False,MDM,2020-06-29 00:00:00,2026-04-17 15:58:35.890242
5fe97c2c-258b-49d4-a71d-21c2ad852367,CUST-2020-UK-000263,Dale,Richardson,Dale Richardson,Female,1972-04-11,dale.richardson@protonmail.com,+44115 496 0801,465 Keith plains,Craigside,East Norman,WS5H 1NS,UK,United Kingdom,EMEA,English,Consumer,Silver,2020-04-27,2020,RETURNING,True,MDM,2020-04-27 00:00:00,2026-04-17 15:58:35.890243
7fd28d8f-0722-4c84-9c66-e7c19a989bd5,CUST-2020-UK-000106,Neil,Young,Neil Young,Female,2003-06-09,neil.young@gmx.com,(0306) 9990046,"Flat 94
Sharp freeway",East Marie,New Alisonview,S0E 5YH,UK,United Kingdom,EMEA,English,Consumer,Silver,2020-10-28,2020,RETURNING,True,MDM,2020-10-28 00:00:00,2026-04-17 15:58:35.890245
4c72895e-631b-44ba-8ae7-03286dfebc86,CUST-2020-UK-000151,Donna,O'Sullivan,Donna O'Sullivan,Male,1954-07-27,donna.o'sullivan@aol.com,+44306 999 0508,"Studio 74
Thomas oval",Leahmouth,Wrightside,WV68 9ER,UK,United Kingdom,EMEA,English,Consumer,Gold,2020-11-30,2020,RETURNING,True,MDM,2020-11-30 00:00:00,2026-04-17 15:58:35.890246
f05ccbd0-3406-45db-a0e9-20fe30a715ea,CUST-2019-UK-000379,June,Sheppard,June Sheppard,Male,1970-10-07,june.sheppard@gmx.com,+44(0)121 496 0089,"Studio 68
Peter falls",South Katie,Kimtown,M98 9YG,UK,United Kingdom,EMEA,English,Consumer,None,2019-12-16,2019,RETURNING,True,MDM,2019-12-16,2026-04-17 15:58:35.890248
cee08881-a06b-4090-9c10-8f530d914842,CUST-2020-UK-000526,Gavin,Daniels,Gavin Daniels,Male,1995-01-26,gavin.daniels119@outlook.com,0292018376,562 Craig forks,Pearsonfurt,Browntown,L61 7LZ,UK,United Kingdom,EMEA,English,Consumer,Gold,2020-05-07,2020,RETURNING,True,MDM,2020-05-07 00:00:00,2026-04-17 15:58:35.890249
305c29c8-ab1d-493d-8a50-c0d0716e41b2,CUST-2019-UK-000555,Ashleigh,Read,Ashleigh Read,Male,1961-10-29,ashleigh.read@gmail.com,(0116) 496 0116,"Studio 76
Davies hill",Gileshaven,Brownfurt,S61 2XH,UK,United Kingdom,EMEA,English,Consumer,Silver,2019-12-24,2019,RETURNING,False,MDM,2019-12-24,2026-04-17 15:58:35.890251
d3794ed6-9534-4665-aa1f-875c50134c39,CUST-2019-UK-000771,Ricky,Holmes,Ricky Holmes,Female,1972-02-22,ricky.holmes@protonmail.com,+44(0)115 4960025,"Studio 94
Stewart dam",Chelseastad,Lake Kerry,W8 1PR,UK,United Kingdom,EMEA,English,Consumer,None,2019-11-26,2019,RETURNING,True,MDM,2019-11-26,2026-04-17 15:58:35.890253
7061210a-0caa-4ac2-bad0-9654fadb5207,CUST-2019-UK-001688,Simon,Brown,Simon Brown,Female,1968-02-14,simon.brown@yahoo.com,+44(0)909 8790377,"Studio 6
Tina stravenue",New Janice,Port Joannemouth,B0H 4QU,UK,United Kingdom,EMEA,English,Business,Gold,2019-04-10,2019,RETURNING,True,MDM,2019-04-10,2026-04-17 15:58:35.890254
5557f5cf-de05-416f-a06a-297dc159e59d,CUST-2019-UK-001182,Allan,Thomas,Allan Thomas,Female,1981-08-29,allan.thomas@outlook.com,0115 496 0513,3 Clarke radial,Morganmouth,Martynchester,L36 2EU,UK,United Kingdom,EMEA,English,Consumer,Gold,2019-05-11,2019,RETURNING,False,MDM,2019-05-11,2026-04-17 15:58:35.890256
8bc39386-d127-4883-b70f-809c7aba2bec,CUST-2020-UK-000638,Howard,Hunt,Howard Hunt,Female,1992-08-08,howard.hunt@gmx.com,+44141 4960488,"Flat 43F
Susan terrace",South Gerard,New Judithmouth,W0 2TR,UK,United Kingdom,EMEA,English,Consumer,Platinum,2020-07-16,2020,RETURNING,True,MDM,2020-07-16 00:00:00,2026-04-17 15:58:35.890257
630a27b6-5feb-4899-b834-ae3734093f83,CUST-2019-UK-000059,Owen,Kennedy,Owen Kennedy,Male,1977-05-05,owen.kennedy707@icloud.com,(029) 2018288,"Flat 18k
Green stravenue",Victorton,Rogertown,S5 2XA,UK,United Kingdom,EMEA,English,Consumer,None,2019-05-23,2019,RETURNING,True,MDM,2019-05-23,2026-04-17 15:58:35.890259
e57f98ad-ec1f-4fc7-8ca1-287bd3623d06,CUST-2020-UK-000019,Gillian,Wood,Gillian Wood,Male,1990-11-08,gillian.wood@mail.com,+44909 879 0265,"Flat 34p
Connor mission",Marionmouth,East Amandaside,AB0V 5BE,UK,United Kingdom,EMEA,English,Consumer,None,2020-12-28,2020,RETURNING,True,MDM,2020-12-28 00:00:00,2026-04-17 15:58:35.890261
84c6bc74-8743-405b-bd28-cafd25a53f30,CUST-2019-UK-000471,Jade,Begum,Jade Begum,Male,1991-04-30,jade.begum@aol.com,+44(0)113 4960058,84 Burke underpass,Miahberg,South Georgetown,E6S 8QY,UK,United Kingdom,EMEA,English,Consumer,Platinum,2019-12-23,2019,RETURNING,False,MDM,2019-12-23,2026-04-17 15:58:35.890262
bd85a65f-ef90-49ca-8e2b-c40375a9c34d,CUST-2019-UK-002237,Fiona,King,Fiona King,Male,2007-12-25,fiona.king951@yahoo.com,+441154960187,"Studio 32
Jean village",Roseview,Port Jackland,M4 9HF,UK,United Kingdom,EMEA,English,Consumer,None,2019-09-30,2019,RETURNING,True,MDM,2019-09-30,2026-04-17 15:58:35.890264
7fa2b561-11c7-4c6e-9040-dcd25be8fa67,CUST-2020-UK-000318,Michael,Taylor,Michael Taylor,Male,1976-07-21,michael.taylor@outlook.com,+44115 4960486,"Flat 3
Rachael coves",North Antonyborough,Clarechester,BL30 4PP,UK,United Kingdom,EMEA,English,Consumer,Gold,2020-10-09,2020,RETURNING,True,MDM,2020-10-09 00:00:00,2026-04-17 15:58:35.890266
86031162-d4de-49c2-b018-5ff556c015d4,CUST-2019-UK-000443,Conor,Saunders,Conor Saunders,Male,1951-12-17,conor.saunders694@mail.com,+44(0)2074960476,6 Carly causeway,Gordonfurt,Powermouth,G3U 0ZR,UK,United Kingdom,EMEA,English,Consumer,Silver,2019-05-17,2019,RETURNING,True,MDM,2019-05-17,2026-04-17 15:58:35.890267
6c412b1c-2e7b-4ae5-9418-5a7e7614364f,CUST-2019-UK-001727,Gillian,O'Donnell,Gillian O'Donnell,Male,1978-05-19,gillian.o'donnell@gmail.com,+44161 496 0521,255 Baker coves,Jakeville,Valerietown,B1 3PF,UK,United Kingdom,EMEA,English,Education,None,2019-11-22,2019,RETURNING,True,MDM,2019-11-22,2026-04-17 15:58:35.890269
f2577894-b57d-4ae7-80f0-9f09cf6403e5,CUST-2019-UK-000794,Gail,Chapman,Gail Chapman,Male,1958-07-02,gail.chapman@protonmail.com,0115 496 0707,7 Michael port,New Holly,New Kenneth,G1C 9LU,UK,United Kingdom,EMEA,English,Consumer,Platinum,2019-02-09,2019,RETURNING,True,MDM,2019-02-09,2026-04-17 15:58:35.890270
426582ed-5d61-4d12-b3d9-2da363e25ad0,CUST-2019-UK-000051,Ryan,Goddard,Ryan Goddard,Female,2003-07-25,ryan.goddard@aol.com,+44131 4960636,"Flat 13
Heather courts",Alexandraborough,Port Gordon,S0S 6DD,UK,United Kingdom,EMEA,English,Consumer,None,2019-11-15,2019,RETURNING,True,MDM,2019-11-15,2026-04-17 15:58:35.890272
f221d745-65c7-4ff9-a460-cafc6711ad57,CUST-2019-UK-000405,Robin,Lloyd,Robin Lloyd,Female,1979-04-13,robin.lloyd@hotmail.com,+443069990517,8 Bradshaw river,Port Jessicaville,Stephenton,HA9 0PY,UK,United Kingdom,EMEA,English,Business,None,2019-02-13,2019,RETURNING,True,MDM,2019-02-13,2026-04-17 15:58:35.890274
9b1e6e30-8792-4c2f-8e72-440096d6f69a,CUST-2019-UK-001104,Clare,O'Donnell,Clare O'Donnell,Male,1978-09-21,clare.o'donnell@gmx.com,+44(0)8081570005,527 Yvonne station,Port Phillip,Terryside,N6F 7NN,UK,United Kingdom,EMEA,English,Business,Gold,2019-04-23,2019,RETURNING,True,MDM,2019-04-23,2026-04-17 15:58:35.890275
2b2bd802-c75c-4ba4-a391-5e44967f8827,CUST-2019-UK-000109,Jason,Lewis,Jason Lewis,Male,1955-12-25,jason.lewis@gmx.com,01144960837,"Flat 14i
Kelly ford",North Suzanne,Rossberg,S8E 7RE,UK,United Kingdom,EMEA,English,Consumer,None,2019-01-03,2019,RETURNING,True,MDM,2019-01-03,2026-04-17 15:58:35.890277
8c1a5c62-e78c-44ac-b9ac-3fbaca6f3667,CUST-2020-UK-000567,Abigail,Parkin,Abigail Parkin,Male,1996-01-19,abigail.parkin@zoho.com,+44(0)28 9018285,"Flat 91
Marshall turnpike",Lake Thomastown,North Jonathan,W90 1SD,UK,United Kingdom,EMEA,English,Consumer,None,2020-11-14,2020,RETURNING,True,MDM,2020-11-14 00:00:00,2026-04-17 15:58:35.890279
fd9ede4a-3eeb-4748-9b3e-8811b40b4011,CUST-2019-UK-000518,Rosemary,Young,Rosemary Young,Female,1955-10-02,rosemary.young@protonmail.com,(029) 2018 0354,3 Jeffrey track,New Dianahaven,Lake Vanessaborough,TN50 3FN,UK,United Kingdom,EMEA,English,Education,None,2019-07-17,2019,RETURNING,True,MDM,2019-07-17,2026-04-17 15:58:35.890281
4128e5ed-422e-4be8-9ec7-8474af74ee17,CUST-2020-UK-000434,Katy,Hewitt,Katy Hewitt,Male,1996-08-29,katy.hewitt@yahoo.com,+44(0)116 4960653,082 Lydia isle,East Joannaberg,Birchfurt,E65 4DQ,UK,United Kingdom,EMEA,English,Consumer,Silver,2020-03-28,2020,RETURNING,True,MDM,2020-03-28 00:00:00,2026-04-17 15:58:35.890282
e232760d-6989-442d-999f-9ef8276e4ab1,CUST-2020-UK-000508,Sylvia,Khan,Sylvia Khan,Female,1991-09-26,sylvia.khan@aol.com,(0808)1570629,"Flat 3
Thompson landing",South Alison,Porterburgh,B9G 5ZA,UK,United Kingdom,EMEA,English,Consumer,Silver,2020-06-28,2020,RETURNING,True,MDM,2020-06-28 00:00:00,2026-04-17 15:58:35.890284
7bfa365c-af4c-4e21-a223-600251f9786c,CUST-2020-UK-000007,Rachel,Thomas,Rachel Thomas,Male,1999-07-05,rachel.thomas@protonmail.com,+44114 4960682,883 Dean view,East Charlie,Lake Bethburgh,W52 0DR,UK,United Kingdom,EMEA,English,Consumer,None,2020-09-07,2020,RETURNING,True,MDM,2020-09-07 00:00:00,2026-04-17 15:58:35.890285
a133691b-d796-42d4-b2de-0d27b5d1a6e4,CUST-2019-UK-000427,Joshua,Wong,Joshua Wong,Female,1994-10-04,joshua.wong@msn.com,0115 4960081,984 Dorothy squares,Garyborough,East Eric,S8 0NF,UK,United Kingdom,EMEA,English,Consumer,Silver,2019-09-03,2019,RETURNING,True,MDM,2019-09-03,2026-04-17 15:58:35.890287
194b71e1-0135-4434-8811-567019780f6c,CUST-2019-UK-002304,Dylan,King,Dylan King,Female,1956-01-19,dylan.king@hotmail.com,+441414960453,2 Dunn stravenue,East Victoria,Chamberlainshire,IV0 6JT,UK,United Kingdom,EMEA,English,Business,Silver,2019-12-06,2019,RETURNING,True,MDM,2019-12-06,2026-04-17 15:58:35.890288
1c12a6e4-e38f-40e1-9c56-d891e6314d51,CUST-2020-UK-000097,Kevin,Wood,Kevin Wood,Female,2002-02-07,kevin.wood566@msn.com,+44(0)1414960548,012 Patrick walk,New Elliot,Benburgh,M20 7XL,UK,United Kingdom,EMEA,English,Consumer,Gold,2020-09-06,2020,RETURNING,True,MDM,2020-09-06 00:00:00,2026-04-17 15:58:35.890290
a2136491-16eb-46aa-9d4b-be6dd4c03db1,CUST-2019-UK-000502,Jonathan,Fox,Jonathan Fox,Female,2006-03-23,jonathan.fox@gmail.com,+44115 496 0874,725 Sharp freeway,East Stephanieborough,Leighport,SP6 1QF,UK,United Kingdom,EMEA,English,Consumer,None,2019-08-13,2019,RETURNING,True,MDM,2019-08-13,2026-04-17 15:58:35.890292
a45001d8-79b4-40bb-b24b-d89081d92975,CUST-2019-UK-000618,Sandra,Stokes,Sandra Stokes,Male,1968-12-02,sandra.stokes@outlook.com,+44114 496 0986,762 Taylor neck,West Elaineview,East Donald,KT3 0QZ,UK,United Kingdom,EMEA,English,Education,Gold,2019-03-15,2019,RETURNING,True,MDM,2019-03-15,2026-04-17 15:58:35.890293
0dd5ca6d-4f60-4b3d-bef1-eecb93446d46,CUST-2019-UK-001352,Daniel,Saunders,Daniel Saunders,Female,1972-04-22,daniel.saunders@gmail.com,(0113) 4960263,"Studio 72A
Phillip extension",Lake Terencestad,East Frederickmouth,E47 9DE,UK,United Kingdom,EMEA,English,Consumer,None,2019-05-02,2019,RETURNING,True,MDM,2019-05-02,2026-04-17 15:58:35.890295
279127ca-f9e6-4c95-83df-d4cd12b4e580,CUST-2019-UK-001192,Sandra,Carter,Sandra Carter,Male,1992-05-07,sandra.carter@live.com,0116 4960850,274 Jake light,Georgechester,West Abigailview,PA6A 0HB,UK,United Kingdom,EMEA,English,Consumer,None,2019-05-14,2019,RETURNING,True,MDM,2019-05-14,2026-04-17 15:58:35.890297
f6066e72-0cc8-4d58-b302-0e8072fbffbf,CUST-2020-UK-000531,Jade,Lucas,Jade Lucas,Female,1951-03-30,jade.lucas@outlook.com,0113 4960395,1 Glenn island,Savageberg,West Megan,M9J 6ZX,UK,United Kingdom,EMEA,English,Consumer,None,2020-08-05,2020,RETURNING,True,MDM,2020-08-05 00:00:00,2026-04-17 15:58:35.890299
2a963a39-b9c7-4d9e-9b6e-e73e4e82d125,CUST-2020-UK-000555,John,Skinner,John Skinner,Female,2000-01-17,john.skinner@gmx.com,+441632960967,8 Frances forest,New Jordanmouth,West Catherine,W47 7ER,UK,United Kingdom,EMEA,English,Consumer,Silver,2020-11-04,2020,RETURNING,True,MDM,2020-11-04 00:00:00,2026-04-17 15:58:35.890300
9c72ce6d-1d7c-497b-b4d5-350ef0aa9b55,CUST-2019-UK-001832,Frederick,John,Frederick John,Female,1986-12-30,frederick.john@outlook.com,+44151 4960374,"Flat 1
Cameron mountain",South Adam,Macdonaldshire,W3U 8TB,UK,United Kingdom,EMEA,English,Consumer,None,2019-02-15,2019,RETURNING,True,MDM,2019-02-15,2026-04-17 15:58:35.890302
9f00a741-e956-4aa4-8aef-2001cb33849a,CUST-2019-UK-001172,Matthew,Chapman,Matthew Chapman,Male,1985-09-27,matthew.chapman@msn.com,0161 4960874,916 Matthew plaza,North Jill,West Ryanton,E9C 6EA,UK,United Kingdom,EMEA,English,Consumer,Gold,2019-03-13,2019,RETURNING,True,MDM,2019-03-13,2026-04-17 15:58:35.890303
03d224b6-ed98-4f93-ae82-5d95a231b382,CUST-2019-UK-000289,Denise,O'Brien,Denise O'Brien,Female,1950-06-12,denise.o'brien@msn.com,0118 4960374,"Studio 93n
Sian shore",Martinchester,Patelshire,N30 5AR,UK,United Kingdom,EMEA,English,Consumer,None,2019-06-24,2019,RETURNING,True,MDM,2019-06-24,2026-04-17 15:58:35.890305
a83c9ffc-b294-4e32-b614-2249911c9da5,CUST-2019-UK-001279,June,Collins,June Collins,Male,1981-04-12,june.collins484@live.com,(0151)4960768,"Flat 06
Fletcher village",West Clareton,Irenemouth,S1 1EH,UK,United Kingdom,EMEA,English,Consumer,None,2019-08-01,2019,RETURNING,True,MDM,2019-08-01,2026-04-17 15:58:35.890307
4a50eae4-85c5-433f-8d12-cdc013db6883,CUST-2019-UK-000888,Irene,Baker,Irene Baker,Female,1955-07-15,irene.baker@icloud.com,(0114) 496 0393,2 Dale street,Adamberg,East Rebeccaville,B5J 6LA,UK,United Kingdom,EMEA,English,Consumer,None,2019-09-12,2019,RETURNING,True,MDM,2019-09-12,2026-04-17 15:58:35.890309
5e148fc5-7d3e-4b33-b3ca-84f70b323c7f,CUST-2020-UK-000741,Bruce,Walker,Bruce Walker,Male,1990-07-31,bruce.walker397@gmail.com,(0114)4960947,598 Dawson fords,Donnafurt,Lake Anna,L6 8HR,UK,United Kingdom,EMEA,English,Consumer,None,2020-08-31,2020,RETURNING,False,MDM,2020-08-31 00:00:00,2026-04-17 15:58:35.890311
68ce28b0-104b-477c-a4ae-ab15f555b11f,CUST-2019-UK-002398,Natasha,Moore,Natasha Moore,Male,1969-10-17,natasha.moore166@outlook.com,+441632 960137,07 Grace fords,Charltonstad,North Sarah,N7B 5XJ,UK,United Kingdom,EMEA,English,Education,Silver,2019-05-27,2019,RETURNING,True,MDM,2019-05-27,2026-04-17 15:58:35.890312
7b4c89d1-1c84-46c5-a602-8eae4a09c372,CUST-2019-UK-001391,Gerard,Rogers,Gerard Rogers,Female,1968-08-02,gerard.rogers@zoho.com,(0306)9990264,"Studio 7
Goodwin island",West Denismouth,North Beverley,NP9 8BH,UK,United Kingdom,EMEA,English,Consumer,Silver,2019-11-10,2019,RETURNING,True,MDM,2019-11-10,2026-04-17 15:58:35.890313
98e3d064-32c3-4e12-a0de-fd6f54a44ac6,CUST-2019-UK-001387,Brian,Morton,Brian Morton,Male,1997-02-05,brian.morton550@yahoo.com,+44808 157 0756,"Flat 29
Timothy center",Graceside,South Deborahville,N24 0AQ,UK,United Kingdom,EMEA,English,Education,None,2019-09-14,2019,RETURNING,True,MDM,2019-09-14,2026-04-17 15:58:35.890315
b989eef8-28fd-48b8-83c2-48d9a5e18417,CUST-2019-UK-001725,Christine,Rose,Christine Rose,Female,1958-05-31,christine.rose@gmail.com,0161 4960802,"Flat 9
Smith mission",Ronaldberg,West Melissafort,M1 3PA,UK,United Kingdom,EMEA,English,Consumer,Gold,2019-03-22,2019,RETURNING,True,MDM,2019-03-22,2026-04-17 15:58:35.890317
f5605cbf-017e-4987-8779-a42151507cbc,CUST-2019-UK-000667,Heather,Walker,Heather Walker,Female,1970-10-07,heather.walker@aol.com,(029)2018220,331 Dennis mountain,Evansport,South Dannyside,IG8 5EU,UK,United Kingdom,EMEA,English,Consumer,Platinum,2019-01-10,2019,RETURNING,True,MDM,2019-01-10,2026-04-17 15:58:35.890318
f7334292-b85f-4808-873b-371f5be4ee4f,CUST-2019-UK-000782,Bethan,Hayes,Bethan Hayes,Female,1960-04-04,bethan.hayes613@hotmail.com,+44113 4960065,6 Charlene causeway,Griffithsmouth,Carolynberg,GY5R 3SP,UK,United Kingdom,EMEA,English,Consumer,Gold,2019-10-07,2019,RETURNING,True,MDM,2019-10-07,2026-04-17 15:58:35.890320
c0a02660-88a7-4931-9721-089f85e8b6c2,CUST-2020-UK-000073,Pamela,Wright,Pamela Wright,Female,2003-10-14,pamela.wright@zoho.com,(029) 2018100,"Studio 5
Crawford ranch",Kinghaven,Brownhaven,W0 1PR,UK,United Kingdom,EMEA,English,Consumer,None,2020-09-08,2020,RETURNING,True,MDM,2020-09-08 00:00:00,2026-04-17 15:58:35.890321
797a1245-b779-4093-9360-431cf916b9fb,CUST-2019-UK-001541,Terence,Hughes,Terence Hughes,Female,1960-06-25,terence.hughes@outlook.com,+44(0)20 7496 0193,"Studio 2
Fletcher place",Heathermouth,West Gordonstad,N75 7HE,UK,United Kingdom,EMEA,English,Business,Gold,2019-12-18,2019,RETURNING,True,MDM,2019-12-18,2026-04-17 15:58:35.890323
5fa027d9-4afd-4511-8fa9-c193fa7eb16e,CUST-2019-UK-001699,Alexandra,Ward,Alexandra Ward,Female,1972-03-20,alexandra.ward@outlook.com,+44(0)118 4960811,"Flat 03O
Parry drive",Nelsonfurt,Port Norman,RM9Y 8NT,UK,United Kingdom,EMEA,English,Consumer,Gold,2019-03-07,2019,RETURNING,True,MDM,2019-03-07,2026-04-17 15:58:35.890325
92753355-79db-4824-9a01-5c327b976e2b,CUST-2019-UK-002174,Denise,Green,Denise Green,Male,1982-08-01,denise.green978@mail.com,+44(0)161 496 0187,"Studio 2
Lynne prairie",New Holliefurt,East Conorberg,M4 5DZ,UK,United Kingdom,EMEA,English,Consumer,Silver,2019-01-07,2019,RETURNING,True,MDM,2019-01-07,2026-04-17 15:58:35.890326
93fb0bf5-6a85-4b57-aa44-4f63879ca94b,CUST-2019-UK-001210,Callum,Quinn,Callum Quinn,Female,1975-08-27,callum.quinn28@outlook.com,(0118) 4960278,"Studio 65Y
Murray circles",North Angela,Samuelside,DY3W 4ET,UK,United Kingdom,EMEA,English,Consumer,None,2019-10-03,2019,RETURNING,True,MDM,2019-10-03,2026-04-17 15:58:35.890328
15ed2b95-d76b-46d6-9582-6a7153ca5536,CUST-2020-UK-000204,Brandon,Miller,Brandon Miller,Female,1989-01-05,brandon.miller@protonmail.com,(0161) 496 0891,503 Edward square,Alexanderbury,Arthurmouth,M7 8YD,UK,United Kingdom,EMEA,English,Consumer,None,2020-08-18,2020,RETURNING,False,MDM,2020-08-18 00:00:00,2026-04-17 15:58:35.890330
b3597d20-67b4-4463-af24-91b63a925508,CUST-2019-UK-002076,Stephen,Hartley,Stephen Hartley,Female,1968-06-26,stephen.hartley@msn.com,029 2018 0600,871 Harvey mountain,Jodiehaven,East Vanessaburgh,W1 3BL,UK,United Kingdom,EMEA,English,Business,Silver,2019-02-22,2019,RETURNING,True,MDM,2019-02-22,2026-04-17 15:58:35.890335
ef5cac2b-eb5f-4122-8370-9401df7e41f0,CUST-2019-UK-000074,Dale,Brown,Dale Brown,Female,2007-10-29,dale.brown@aol.com,+44(0)131 496 0335,29 Turner parks,Kellyshire,East Marianchester,M4K 1HP,UK,United Kingdom,EMEA,English,Consumer,None,2019-08-31,2019,RETURNING,False,MDM,2019-08-31,2026-04-17 15:58:35.890337
f60e16fa-f1a5-4ad7-a898-386d6ebe2a32,CUST-2020-UK-000206,Iain,Smith,Iain Smith,Male,1978-03-11,iain.smith@aol.com,+44151 4960864,"Studio 79
Natalie ville",Dennishaven,Jacksonland,BL12 7DU,UK,United Kingdom,EMEA,English,Consumer,Gold,2020-08-11,2020,RETURNING,True,MDM,2020-08-11 00:00:00,2026-04-17 15:58:35.890338
72ad773f-ddc0-4d29-a57a-98b76b4563c0,CUST-2019-UK-001370,Katy,Manning,Katy Manning,Female,1972-01-28,katy.manning993@mail.com,0116 4960778,"Flat 51M
Joyce glen",South Lorrainemouth,Smithhaven,CR9V 7YL,UK,United Kingdom,EMEA,English,Consumer,None,2019-08-18,2019,RETURNING,True,MDM,2019-08-18,2026-04-17 15:58:35.890340
9159dd11-cd94-4d11-9b5f-c0a85b99b83f,CUST-2019-UK-001460,Ronald,McCarthy,Ronald McCarthy,Male,1996-05-11,ronald.mccarthy327@mail.com,(0306) 999 0523,94 Katherine ford,Gailside,Bakerville,G8F 9SD,UK,United Kingdom,EMEA,English,Business,Gold,2019-04-23,2019,RETURNING,False,MDM,2019-04-23,2026-04-17 15:58:35.890341
a22388df-f632-4081-9ecc-5ec0319663f4,CUST-2019-UK-001589,Dennis,Wheeler,Dennis Wheeler,Male,1959-07-11,dennis.wheeler40@hotmail.com,+44117 496 0239,741 Taylor corners,Robinsonberg,Connorstad,HX0X 9FT,UK,United Kingdom,EMEA,English,Business,None,2019-05-19,2019,RETURNING,True,MDM,2019-05-19,2026-04-17 15:58:35.890343
4ba1683a-ad4a-4c2f-9377-0b4a3ceb53e4,CUST-2019-UK-001511,Luke,Elliott,Luke Elliott,Female,1961-03-31,luke.elliott732@yahoo.com,+441632 960110,0 Ryan pines,North Kimland,Lake Richard,EC89 5SS,UK,United Kingdom,EMEA,English,Consumer,None,2019-01-08,2019,RETURNING,True,MDM,2019-01-08,2026-04-17 15:58:35.890345
5afb55b1-eed5-402c-a3d6-a04506d14c25,CUST-2020-UK-000766,Stephanie,Price,Stephanie Price,Female,1951-03-05,stephanie.price@zoho.com,+443069990771,"Studio 85z
Gary square",Smithbury,Emmaland,W28 3LQ,UK,United Kingdom,EMEA,English,Consumer,Platinum,2020-06-20,2020,RETURNING,True,MDM,2020-06-20 00:00:00,2026-04-17 15:58:35.890346
45484420-be48-4255-aea9-8936d062b645,CUST-2020-UK-000361,Neil,Riley,Neil Riley,Male,2007-04-29,neil.riley@live.com,(0115) 4960497,9 Josh village,Russellbury,Port Richard,M1J 8YN,UK,United Kingdom,EMEA,English,Education,Gold,2020-02-23,2020,RETURNING,True,MDM,2020-02-23 00:00:00,2026-04-17 15:58:35.890352
35a63c53-511b-4910-b736-1fb1d5b9acfb,CUST-2020-UK-000165,Raymond,Nelson,Raymond Nelson,Female,1973-06-29,raymond.nelson@live.com,+441914960487,"Flat 6
Cooper passage",Connorstad,Susanshire,L1 8JT,UK,United Kingdom,EMEA,English,Consumer,None,2020-07-30,2020,RETURNING,True,MDM,2020-07-30 00:00:00,2026-04-17 15:58:35.890354
99b02fd2-dadf-40bd-acad-e5eaf2f1cbf8,CUST-2020-UK-000065,Jill,Foster,Jill Foster,Female,2006-12-31,jill.foster@icloud.com,03069990308,"Studio 75
Smith lakes",East Elaine,Lake Brenda,EC9 9FA,UK,United Kingdom,EMEA,English,Consumer,Silver,2020-08-02,2020,RETURNING,True,MDM,2020-08-02 00:00:00,2026-04-17 15:58:35.890356
9a7d0926-8576-40f6-a48d-4deb7705095b,CUST-2019-UK-001157,Henry,Begum,Henry Begum,Female,1983-08-18,henry.begum326@protonmail.com,020 7946 0692,"Studio 38
Blake club",Kyleside,Billyhaven,SK3M 0TH,UK,United Kingdom,EMEA,English,Business,None,2019-02-26,2019,RETURNING,True,MDM,2019-02-26,2026-04-17 15:58:35.890357
fe777026-8247-4875-aaea-33419abf7231,CUST-2019-UK-000441,Samuel,Jones,Samuel Jones,Male,1979-07-06,samuel.jones@mail.com,+44(0)131 4960249,"Studio 8
Justin street",Wilsontown,Arnoldport,PH07 7WY,UK,United Kingdom,EMEA,English,Consumer,None,2019-01-31,2019,RETURNING,True,MDM,2019-01-31,2026-04-17 15:58:35.890359
fbfc017f-d9db-4797-a3aa-27350d3ab241,CUST-2019-UK-001548,Roger,Buckley,Roger Buckley,Female,1974-11-29,roger.buckley@protonmail.com,0161 4960583,"Flat 0
Sophie drive",Jonesfort,East Adamfurt,E35 2LL,UK,United Kingdom,EMEA,English,Consumer,Silver,2019-07-24,2019,RETURNING,True,MDM,2019-07-24,2026-04-17 15:58:35.890361
3260f8b0-bcac-4ebd-9263-f1cc8a7c14ce,CUST-2019-UK-001726,Lucy,Woods,Lucy Woods,Male,1992-03-05,lucy.woods@protonmail.com,+44306 999 0818,279 Murphy park,West Leanneville,New Jasmine,TA6 2WB,UK,United Kingdom,EMEA,English,Consumer,None,2019-05-26,2019,RETURNING,True,MDM,2019-05-26,2026-04-17 15:58:35.890362
0a195d15-c4ba-4151-80f0-28750791f404,CUST-2020-UK-000017,Paul,Allen,Paul Allen,Male,1966-12-07,paul.allen634@outlook.com,+44(0)2074960105,"Flat 0
Nathan streets",Davisberg,Paulamouth,L19 6PP,UK,United Kingdom,EMEA,English,Business,Platinum,2020-01-02,2020,RETURNING,True,MDM,2020-01-02 00:00:00,2026-04-17 15:58:35.890364
7d2e87e8-e444-476f-b3a2-1e222f2ba1d8,CUST-2020-UK-000651,Lynne,Crawford,Lynne Crawford,Female,1981-06-01,lynne.crawford@yahoo.com,(020) 7496 0101,"Studio 79q
Joel glen",Haywardburgh,Marionmouth,ZE6R 4QX,UK,United Kingdom,EMEA,English,Consumer,None,2020-02-11,2020,RETURNING,True,MDM,2020-02-11 00:00:00,2026-04-17 15:58:35.890370
9c9e46e7-bfe7-463f-823d-178a66a54925,CUST-2020-UK-000217,Cheryl,Chandler,Cheryl Chandler,Male,1968-06-02,cheryl.chandler@icloud.com,+44114 4960745,24 Derek pines,Emilymouth,Lake Owenland,HR38 1WH,UK,United Kingdom,EMEA,English,Consumer,None,2020-10-04,2020,RETURNING,True,MDM,2020-10-04 00:00:00,2026-04-17 15:58:35.890372
45bee716-43a4-4108-bb6a-4d6a94effed7,CUST-2020-UK-000712,Louise,Smith,Louise Smith,Male,1966-01-19,louise.smith@msn.com,+44(0)9098790668,658 Guy courts,East Jamesfurt,Fergusontown,M1C 7SE,UK,United Kingdom,EMEA,English,Consumer,None,2020-01-06,2020,RETURNING,True,MDM,2020-01-06 00:00:00,2026-04-17 15:58:35.890374
ff4631bd-155f-43b7-a871-67ee7e96a946,CUST-2019-UK-001177,Melanie,Palmer,Melanie Palmer,Female,1951-12-27,melanie.palmer@zoho.com,+44115 4960433,6 Howard shore,Janeshire,Port Pamelamouth,W54 0WQ,UK,United Kingdom,EMEA,English,Consumer,None,2019-05-19,2019,RETURNING,True,MDM,2019-05-19,2026-04-17 15:58:35.890376
6d08cce1-e79b-4eb9-b49e-bf3752f8b685,CUST-2020-UK-000744,Glen,White,Glen White,Male,2000-04-20,glen.white@msn.com,01414960553,"Flat 08
Scott expressway",South Eric,Dianeland,NG7N 1ZL,UK,United Kingdom,EMEA,English,Consumer,Platinum,2020-05-15,2020,RETURNING,True,MDM,2020-05-15 00:00:00,2026-04-17 15:58:35.890377
19d3af72-0b65-4b0c-81a4-c8432dd221db,CUST-2019-UK-000689,Lewis,Byrne,Lewis Byrne,Female,2004-05-14,lewis.byrne917@msn.com,01914960403,182 Gray passage,Leahside,Bradleyport,TQ41 6DW,UK,United Kingdom,EMEA,English,Consumer,Gold,2019-11-14,2019,RETURNING,True,MDM,2019-11-14,2026-04-17 15:58:35.890379
1b44d14d-5350-4165-ba5b-94a317027510,CUST-2020-UK-000501,Nathan,Harrison,Nathan Harrison,Female,1968-12-27,nathan.harrison@aol.com,+44(0)116 4960909,124 Baker orchard,Leehaven,Mitchellfurt,PA3H 9HQ,UK,United Kingdom,EMEA,English,Consumer,None,2020-02-05,2020,RETURNING,True,MDM,2020-02-05 00:00:00,2026-04-17 15:58:35.890380
6210d6ec-0a4a-4be9-9173-03c4a4a164f6,CUST-2020-UK-000655,Harriet,Gill,Harriet Gill,Female,1977-08-20,harriet.gill907@gmx.com,+441154960604,686 Duncan valley,Raymondchester,North Marionbury,CR7X 4SF,UK,United Kingdom,EMEA,English,Education,Gold,2020-03-17,2020,RETURNING,True,MDM,2020-03-17 00:00:00,2026-04-17 15:58:35.890382
2046309b-96f0-47b6-b0ac-055dc67a9c59,CUST-2020-UK-000023,Charlene,Lowe,Charlene Lowe,Female,1963-03-11,charlene.lowe@icloud.com,0289018616,232 Pugh bridge,East Josephstad,Lake Staceyport,SO8N 6QS,UK,United Kingdom,EMEA,English,Consumer,Gold,2020-02-13,2020,RETURNING,True,MDM,2020-02-13 00:00:00,2026-04-17 15:58:35.890387
99fd3f2a-8698-47c1-b2d9-20700483b2e6,CUST-2020-UK-000382,Tracy,Charlton,Tracy Charlton,Female,1954-05-18,tracy.charlton552@icloud.com,0141 4960171,"Flat 20
West lodge",North Lindahaven,New Alisonton,BH2 6SS,UK,United Kingdom,EMEA,English,Consumer,Silver,2020-11-29,2020,RETURNING,True,MDM,2020-11-29 00:00:00,2026-04-17 15:58:35.890389
3ad50039-b348-4eb4-98de-bcacfe0b6293,CUST-2019-UK-001702,Julie,Richardson,Julie Richardson,Male,1954-07-09,julie.richardson@protonmail.com,0808 157 0414,"Studio 73F
Brown corner",North Abigailport,West Melissaport,G64 0XQ,UK,United Kingdom,EMEA,English,Consumer,Gold,2019-01-27,2019,RETURNING,True,MDM,2019-01-27,2026-04-17 15:58:35.890390
d5c802a6-cd01-422e-ac2b-1942c799f898,CUST-2019-UK-001722,Gerard,Jones,Gerard Jones,Female,1970-12-07,gerard.jones@zoho.com,(0808)1570298,225 Dixon street,Port Lindaton,Humphriesstad,B3 8RR,UK,United Kingdom,EMEA,English,Consumer,Silver,2019-05-16,2019,RETURNING,True,MDM,2019-05-16,2026-04-17 15:58:35.890392
fc720b20-d429-4381-9a18-b2834cf12c06,CUST-2019-UK-002241,Lawrence,Hussain,Lawrence Hussain,Female,1987-09-02,lawrence.hussain@icloud.com,(0151) 4960128,8 Gallagher orchard,Wattschester,Evanstown,G15 9BW,UK,United Kingdom,EMEA,English,Consumer,None,2019-11-24,2019,RETURNING,True,MDM,2019-11-24,2026-04-17 15:58:35.890394
3f53fa0e-f860-4bbb-baa4-01d54d2878dc,CUST-2019-UK-001925,Tom,Lees,Tom Lees,Male,1956-09-26,tom.lees@gmail.com,+44191 4960181,38 Donald meadows,Port Arthur,Nathanmouth,ML3 5YQ,UK,United Kingdom,EMEA,English,Consumer,Platinum,2019-06-22,2019,RETURNING,True,MDM,2019-06-22,2026-04-17 15:58:35.890395
c1a7f13b-741a-428f-9fc2-e4973cbdfc57,CUST-2019-UK-000899,Claire,Turner,Claire Turner,Male,1958-02-14,claire.turner@hotmail.com,(0116) 4960105,"Studio 65
Jasmine fords",South Lisa,Burtonland,M4 6UB,UK,United Kingdom,EMEA,English,Consumer,Gold,2019-10-04,2019,RETURNING,True,MDM,2019-10-04,2026-04-17 15:58:35.890397
24bd2ad5-4e85-4b4b-a019-e4f2b27d9305,CUST-2020-UK-000081,Peter,Evans,Peter Evans,Female,1955-03-17,peter.evans759@icloud.com,0116 4960224,320 Adrian groves,Lake Katy,Tracyton,NW72 4NJ,UK,United Kingdom,EMEA,English,Education,Silver,2020-05-31,2020,RETURNING,True,MDM,2020-05-31 00:00:00,2026-04-17 15:58:35.890398
3a17eaec-53b7-4497-bfff-c777986be5c2,CUST-2020-UK-000349,Joshua,Norris,Joshua Norris,Female,1953-05-08,joshua.norris753@outlook.com,(0161)4960002,375 Karl point,North Kenneth,Burrowsmouth,SE7B 3LA,UK,United Kingdom,EMEA,English,Consumer,Silver,2020-04-22,2020,RETURNING,True,MDM,2020-04-22 00:00:00,2026-04-17 15:58:35.890399
ba81859c-05a3-4c4a-8652-eda5d6d10ade,CUST-2020-UK-000003,Daniel,Morgan,Daniel Morgan,Male,1967-09-19,daniel.morgan@yahoo.com,(0909) 879 0621,"Studio 38O
Grant junction",West Gordon,Caroleberg,M6D 2HR,UK,United Kingdom,EMEA,English,Consumer,Platinum,2020-10-08,2020,RETURNING,True,MDM,2020-10-08 00:00:00,2026-04-17 15:58:35.890405
5c56d580-f16a-4d26-a627-05c20796c76c,CUST-2019-UK-000725,Benjamin,Crawford,Benjamin Crawford,Male,1953-08-08,benjamin.crawford783@aol.com,0118 4960621,"Studio 19
Thompson hollow",South Gareth,New Aimeeborough,EC3P 2GT,UK,United Kingdom,EMEA,English,Business,Gold,2019-05-19,2019,RETURNING,True,MDM,2019-05-19,2026-04-17 15:58:35.890406
cf0dd6c4-5449-4564-a988-95059f8715df,CUST-2019-UK-001756,Rachael,Fisher,Rachael Fisher,Female,1996-06-15,rachael.fisher@yahoo.com,+44(0)1614960395,"Flat 14f
Charlie extension",Lake Laurenmouth,Lake Gailville,L1 1ZQ,UK,United Kingdom,EMEA,English,Consumer,None,2019-09-22,2019,RETURNING,True,MDM,2019-09-22,2026-04-17 15:58:35.890408
ab85644f-6d92-4600-affe-eac34126fd3c,CUST-2019-UK-001065,Brett,Richardson,Brett Richardson,Female,1956-06-13,brett.richardson@zoho.com,+44(0)141 4960123,"Studio 7
O'Donnell dale",Guyton,North Robin,WV41 5SU,UK,United Kingdom,EMEA,English,Consumer,None,2019-10-25,2019,RETURNING,True,MDM,2019-10-25,2026-04-17 15:58:35.890410
4ae7aad1-3ce1-4a37-b798-b96bea66ce8e,CUST-2019-UK-000784,Katy,Williams,Katy Williams,Male,1977-07-05,katy.williams464@icloud.com,0131 4960465,41 Rose oval,Pearceshire,Dylanland,KW4 2XH,UK,United Kingdom,EMEA,English,Consumer,None,2019-11-14,2019,RETURNING,True,MDM,2019-11-14,2026-04-17 15:58:35.890412
b3628ff3-3a5e-47ad-bf8d-6abdfc385c34,CUST-2019-UK-000707,Cameron,Preston,Cameron Preston,Male,1975-10-23,cameron.preston@msn.com,(0306) 999 0757,1 Thorpe junctions,Carolineton,North Alexanderberg,DG78 4EY,UK,United Kingdom,EMEA,English,Consumer,Platinum,2019-03-26,2019,RETURNING,True,MDM,2019-03-26,2026-04-17 15:58:35.890414
c035ffe4-ef68-41cb-a5f0-2a4db7e3f17d,CUST-2019-UK-001950,Scott,Roberts,Scott Roberts,Male,1956-03-12,scott.roberts621@protonmail.com,(0191) 496 0970,106 Dylan junction,East Dennisborough,North Trevorbury,G2F 3EF,UK,United Kingdom,EMEA,English,Business,None,2019-05-21,2019,RETURNING,True,MDM,2019-05-21,2026-04-17 15:58:35.890415
ffc57c50-86df-4185-b264-8ba1042716b0,CUST-2020-UK-000562,Richard,Nicholson,Richard Nicholson,Female,1963-01-08,richard.nicholson@zoho.com,(0161)4960573,0 Jonathan branch,West Kieran,Grantburgh,GL96 8BY,UK,United Kingdom,EMEA,English,Consumer,Gold,2020-06-02,2020,RETURNING,True,MDM,2020-06-02 00:00:00,2026-04-17 15:58:35.890417
d9571b00-273c-46b6-95e7-8b9f30b0655e,CUST-2020-UK-000056,Beth,Price,Beth Price,Male,1994-10-04,beth.price700@hotmail.com,029 2018 0669,"Studio 62
Brown key",New Darrenhaven,South Dominicborough,M1G 0JL,UK,United Kingdom,EMEA,English,Consumer,None,2020-02-25,2020,RETURNING,True,MDM,2020-02-25 00:00:00,2026-04-17 15:58:35.890422
ec76ee78-9f88-46b2-9f3a-9ea5d200f830,CUST-2019-UK-001432,Margaret,Mistry,Margaret Mistry,Female,1999-07-16,margaret.mistry198@outlook.com,0289018682,96 Burns plain,West Nigeltown,Taylorfurt,BN4N 9ND,UK,United Kingdom,EMEA,English,Consumer,None,2019-12-16,2019,RETURNING,True,MDM,2019-12-16,2026-04-17 15:58:35.890424
1d61adce-859f-49e2-9f97-db12943d753e,CUST-2019-UK-001136,Glenn,Wood,Glenn Wood,Male,2003-08-09,glenn.wood@mail.com,+44(0)1514960417,9 Marilyn fort,Shannonhaven,Davisfurt,EN81 5JW,UK,United Kingdom,EMEA,English,Consumer,Gold,2019-10-05,2019,RETURNING,True,MDM,2019-10-05,2026-04-17 15:58:35.890426
3cf9b121-19aa-42a5-9bf7-8c406f3535c5,CUST-2020-UK-000118,Donald,Smith,Donald Smith,Female,1970-08-08,donald.smith@mail.com,+44(0)20 7496 0330,"Flat 15
Holland land",North Dorothy,North Molly,SN5N 3YF,UK,United Kingdom,EMEA,English,Consumer,Gold,2020-07-10,2020,RETURNING,True,MDM,2020-07-10 00:00:00,2026-04-17 15:58:35.890428
7ee8d96d-9bd6-4cca-ac83-2170ae50cfa5,CUST-2019-UK-000970,Kimberley,Clarke,Kimberley Clarke,Male,1986-10-03,kimberley.clarke@msn.com,+4428 9018 0599,"Studio 41
John trail",Goodwinland,Mitchellfurt,E4S 8WF,UK,United Kingdom,EMEA,English,Consumer,Platinum,2019-08-15,2019,RETURNING,True,MDM,2019-08-15,2026-04-17 15:58:35.890429
d1b44be9-b2d7-4bb0-b6a2-005ce78c79d0,CUST-2019-UK-001374,Danny,Nolan,Danny Nolan,Male,1996-10-01,danny.nolan@gmail.com,0909 879 0901,77 Dennis mall,Fletcherland,North Lindahaven,UB40 6GG,UK,United Kingdom,EMEA,English,Consumer,None,2019-07-13,2019,RETURNING,True,MDM,2019-07-13,2026-04-17 15:58:35.890431
a77259a0-3b68-474a-8312-32de7a007420,CUST-2020-UK-000198,Olivia,Lee,Olivia Lee,Female,1980-09-01,olivia.lee@zoho.com,+44(0)115 496 0694,20 Diana parkways,Hydefort,West James,CO1 3HF,UK,United Kingdom,EMEA,English,Consumer,None,2020-08-15,2020,RETURNING,True,MDM,2020-08-15 00:00:00,2026-04-17 15:58:35.890432
7992c3a0-61ea-415f-99cc-e28a99f7351d,CUST-2019-UK-000045,Peter,Nicholls,Peter Nicholls,Female,2001-12-02,peter.nicholls@icloud.com,+442074960322,87 Shaw ferry,East Elliott,North Melissastad,G2 2NL,UK,United Kingdom,EMEA,English,Consumer,None,2019-07-06,2019,RETURNING,True,MDM,2019-07-06,2026-04-17 15:58:35.890434
ee7b4ad2-05fb-4fd2-ad17-da4babf1f525,CUST-2019-UK-002118,Terence,Lee,Terence Lee,Male,1994-04-18,terence.lee@icloud.com,+44(0)1144960594,"Flat 0
Winter ridge",Lydiafurt,Harrisborough,E84 8QA,UK,United Kingdom,EMEA,English,Consumer,None,2019-04-11,2019,RETURNING,True,MDM,2019-04-11,2026-04-17 15:58:35.890440
bb983895-a86f-41e2-b65d-97b3132656ba,CUST-2019-UK-001747,Ashleigh,Bailey,Ashleigh Bailey,Male,1977-03-17,ashleigh.bailey@outlook.com,+4420 7496 0226,"Studio 4
Nelson square",Abbottton,Lake Alisonshire,SM8M 6XN,UK,United Kingdom,EMEA,English,Consumer,None,2019-06-18,2019,RETURNING,True,MDM,2019-06-18,2026-04-17 15:58:35.890442
76cc4020-da26-4648-ba91-39ecea22e855,CUST-2020-UK-000734,Jamie,Norman,Jamie Norman,Female,1953-01-25,jamie.norman862@icloud.com,(0808) 1570451,"Flat 8
Richard parks",Woodbury,Fosterview,M8 0UY,UK,United Kingdom,EMEA,English,Consumer,Silver,2020-11-15,2020,RETURNING,True,MDM,2020-11-15 00:00:00,2026-04-17 15:58:35.890443
d93d5bb1-2a14-4cea-a247-8dbc384d5d52,CUST-2019-UK-001733,Kim,Lees,Kim Lees,Female,1981-12-19,kim.lees@msn.com,0151 4960650,3 Jones mountain,Northtown,East Damianmouth,WC6 6DF,UK,United Kingdom,EMEA,English,Education,None,2019-05-27,2019,RETURNING,True,MDM,2019-05-27,2026-04-17 15:58:35.890445
68ed2a43-03ee-48d4-b318-791835490b92,CUST-2019-UK-001768,Mathew,Smith,Mathew Smith,Male,1980-06-02,mathew.smith@gmx.com,+44(0)289018266,"Flat 8
Barnes skyway",Lake Rachelburgh,North Cliveland,TN2A 1UZ,UK,United Kingdom,EMEA,English,Consumer,Silver,2019-06-19,2019,RETURNING,True,MDM,2019-06-19,2026-04-17 15:58:35.890446
8167a7dc-2953-435d-8785-a09926f0bb86,CUST-2019-UK-001633,Dawn,Edwards,Dawn Edwards,Female,1974-10-04,dawn.edwards@zoho.com,+44(0)151 4960706,54 Brown gardens,Lake Jennifer,Lake Rosieville,CT5Y 1YA,UK,United Kingdom,EMEA,English,Consumer,None,2019-06-29,2019,RETURNING,True,MDM,2019-06-29,2026-04-17 15:58:35.890448
3f0ef85e-0a99-47b1-83ff-6c3259a2b878,CUST-2019-UK-002275,Toby,Mason,Toby Mason,Male,1965-07-26,toby.mason326@hotmail.com,+44808 157 0684,89 Dawn harbor,North Danielberg,Lake Teresamouth,M96 3RH,UK,United Kingdom,EMEA,English,Consumer,Silver,2019-05-06,2019,RETURNING,True,MDM,2019-05-06,2026-04-17 15:58:35.890450
d4c89bee-afeb-48b4-a60e-5ab7bccffbd4,CUST-2020-UK-000085,Alison,Edwards,Alison Edwards,Male,1981-07-29,alison.edwards@yahoo.com,0161 496 0549,"Studio 8
Smith forks",New Anthony,Port Stephanieland,SY77 2DP,UK,United Kingdom,EMEA,English,Consumer,Gold,2020-12-21,2020,RETURNING,True,MDM,2020-12-21 00:00:00,2026-04-17 15:58:35.890451
f04da76a-415a-4a1a-8f4f-2bd6bf05a351,CUST-2019-UK-000275,Lesley,Evans,Lesley Evans,Male,1978-10-16,lesley.evans@icloud.com,+441214960485,1 Gerald pine,Williamsfort,Port Mollyfurt,G0F 9NE,UK,United Kingdom,EMEA,English,Consumer,Silver,2019-01-24,2019,RETURNING,True,MDM,2019-01-24,2026-04-17 15:58:35.890457
f7e2fe03-c259-4f40-9c6e-c84e92c270db,CUST-2019-UK-001204,Daniel,Morris,Daniel Morris,Male,1953-08-25,daniel.morris@zoho.com,01314960603,938 Reid port,South Eleanorstad,East Michellebury,E9C 0JJ,UK,United Kingdom,EMEA,English,Consumer,Gold,2019-05-29,2019,RETURNING,True,MDM,2019-05-29,2026-04-17 15:58:35.890458
0b65800a-29d0-42ae-b875-19c743b0ebf8,CUST-2020-UK-000080,Victor,Dale,Victor Dale,Male,1972-03-16,victor.dale@gmx.com,+4428 9018270,"Flat 17
June pines",Port Kayleigh,Boothmouth,B6T 6XD,UK,United Kingdom,EMEA,English,Education,Silver,2020-01-25,2020,RETURNING,True,MDM,2020-01-25 00:00:00,2026-04-17 15:58:35.890460
acab963c-9c59-43c0-8d2a-d2708923539c,CUST-2019-UK-001375,Lisa,Burgess,Lisa Burgess,Female,1963-02-28,lisa.burgess@msn.com,+44(0)1174960984,"Studio 78
Jennings stravenue",West Gregorybury,Owenshire,N8 7ET,UK,United Kingdom,EMEA,English,Consumer,Platinum,2019-02-23,2019,RETURNING,False,MDM,2019-02-23,2026-04-17 15:58:35.890462
48834170-f4d2-4620-a177-3730bc7fc389,CUST-2019-UK-001900,Gillian,Cole,Gillian Cole,Male,1985-03-22,gillian.cole@aol.com,+44(0)118 4960665,0 Douglas keys,Kentport,Brownland,L1G 6FH,UK,United Kingdom,EMEA,English,Education,None,2019-12-05,2019,RETURNING,False,MDM,2019-12-05,2026-04-17 15:58:35.890464
9f95a5b5-df38-44b5-bc8b-1f30428652e1,CUST-2019-UK-000157,Abigail,Wilson,Abigail Wilson,Male,1989-06-19,abigail.wilson@aol.com,+44306 9990933,1 Jade inlet,Harrisfort,South Tobyview,M8 0ZT,UK,United Kingdom,EMEA,English,Consumer,Platinum,2019-05-31,2019,RETURNING,True,MDM,2019-05-31,2026-04-17 15:58:35.890465
55554f64-0703-42d2-856b-eac3d3f2ebb0,CUST-2019-UK-000887,Shane,Russell,Shane Russell,Female,1951-10-22,shane.russell516@msn.com,0121 4960448,"Flat 8
Melanie view",Timothyshire,South Mauriceville,B4D 8ZG,UK,United Kingdom,EMEA,English,Consumer,None,2019-10-26,2019,RETURNING,True,MDM,2019-10-26,2026-04-17 15:58:35.890467
ef7a8cd9-28d1-48ac-9860-92645d71a0c2,CUST-2020-UK-000442,Mohammed,Whitehead,Mohammed Whitehead,Male,1977-05-14,mohammed.whitehead@live.com,+44(0)9098790230,2 Damian plaza,Hollieborough,Port Graeme,CR7 2TR,UK,United Kingdom,EMEA,English,Consumer,Silver,2020-12-25,2020,RETURNING,True,MDM,2020-12-25 00:00:00,2026-04-17 15:58:35.890468
86ef638a-0178-4aef-a4e4-f88b486b8d24,CUST-2020-UK-000418,Nigel,Mills,Nigel Mills,Female,1983-01-17,nigel.mills@gmx.com,0114 496 0684,"Flat 1
Simpson pine",North Geraldine,Lesliemouth,S9U 2XZ,UK,United Kingdom,EMEA,English,Consumer,None,2020-02-07,2020,RETURNING,True,MDM,2020-02-07 00:00:00,2026-04-17 15:58:35.890474
a9e93e0c-685d-47af-bc53-7cbd42e5b09f,CUST-2019-UK-001310,Rosemary,Cook,Rosemary Cook,Female,1994-03-15,rosemary.cook@msn.com,(0141) 496 0482,"Studio 1
Brian lock",Walkerborough,Lake Ellie,FK9X 4PQ,UK,United Kingdom,EMEA,English,Business,Gold,2019-07-19,2019,RETURNING,True,MDM,2019-07-19,2026-04-17 15:58:35.890476
c0e92bd6-1823-481c-8813-40ec1d8be198,CUST-2019-UK-002371,Anna,Jones,Anna Jones,Male,1950-08-09,anna.jones281@live.com,+44(0)20 7496 0388,9 Lee stravenue,Hardyberg,Lewisport,M2A 4UN,UK,United Kingdom,EMEA,English,Consumer,Silver,2019-10-10,2019,RETURNING,True,MDM,2019-10-10,2026-04-17 15:58:35.890477
0a9ebe26-900a-458c-8f7e-dc33a3902a45,CUST-2019-UK-001797,Carly,Baldwin,Carly Baldwin,Female,1982-03-16,carly.baldwin97@msn.com,+44(0)191 4960142,60 Melissa curve,East Connorberg,Guyville,W8 0GT,UK,United Kingdom,EMEA,English,Consumer,None,2019-08-12,2019,RETURNING,True,MDM,2019-08-12,2026-04-17 15:58:35.890479
844bb785-4253-44b6-b9fa-27244b498011,CUST-2019-UK-001484,Pamela,Bailey,Pamela Bailey,Female,1956-04-10,pamela.bailey@outlook.com,(0116) 496 0845,"Flat 63
Jeffrey rapids",South Elliott,Edwardsmouth,CB78 2BY,UK,United Kingdom,EMEA,English,Consumer,Platinum,2019-03-30,2019,RETURNING,True,MDM,2019-03-30,2026-04-17 15:58:35.890481
c9cbf434-20b8-4b26-b842-599a24f58db7,CUST-2019-UK-001356,Joe,Owen,Joe Owen,Female,1979-02-21,joe.owen@gmail.com,+44(0)1414960842,"Flat 0
Alison curve",Carolineborough,New Derek,M3 3JP,UK,United Kingdom,EMEA,English,Consumer,Silver,2019-11-24,2019,RETURNING,True,MDM,2019-11-24,2026-04-17 15:58:35.890482
8d276ede-6d79-403a-a326-5ffcbb60165b,CUST-2019-UK-001191,Nigel,Nicholls,Nigel Nicholls,Male,1982-05-03,nigel.nicholls@gmx.com,+44(0)28 9018139,"Studio 2
Thompson cliff",Douglasberg,New Leahview,KW82 2BW,UK,United Kingdom,EMEA,English,Consumer,None,2019-04-15,2019,RETURNING,True,MDM,2019-04-15,2026-04-17 15:58:35.890484
5bf2d053-d5f5-4bd2-87c2-0ee1ff9e514c,CUST-2019-UK-001112,Jay,Knight,Jay Knight,Female,1964-01-20,jay.knight@hotmail.com,+441314960700,2 Darren tunnel,East Dianafurt,North Nicoletown,S9 1RB,UK,United Kingdom,EMEA,English,Business,None,2019-04-07,2019,RETURNING,True,MDM,2019-04-07,2026-04-17 15:58:35.890486
8b153ac3-0d85-4a74-965b-37b23ba1f97d,CUST-2020-UK-000166,Oliver,Sutton,Oliver Sutton,Male,1950-10-05,oliver.sutton@gmx.com,+44(0)1164960799,425 Wallace locks,Margaretview,Brooksstad,BR6 9DW,UK,United Kingdom,EMEA,English,Consumer,None,2020-09-27,2020,RETURNING,True,MDM,2020-09-27 00:00:00,2026-04-17 15:58:35.890487
a584b4e6-6cea-4641-a1b8-58473274a36f,CUST-2019-UK-000186,Harry,Owen,Harry Owen,Female,1994-01-25,harry.owen797@gmail.com,(0161) 4960747,"Flat 5
Martin place",Billyburgh,North Johnview,S0J 9BN,UK,United Kingdom,EMEA,English,Consumer,Silver,2019-12-22,2019,RETURNING,True,MDM,2019-12-22,2026-04-17 15:58:35.890493
a6ed6850-36c9-4ced-97c2-4fefc48714f1,CUST-2019-UK-002026,Angela,Reynolds,Angela Reynolds,Male,2002-11-29,angela.reynolds@msn.com,+44(0)292018576,"Flat 56N
Rhys lodge",Carolmouth,Annetteside,NN92 6FT,UK,United Kingdom,EMEA,English,Consumer,None,2019-06-02,2019,RETURNING,True,MDM,2019-06-02,2026-04-17 15:58:35.890495
8f78e1e7-c2ef-4a15-93da-42294400ea85,CUST-2020-UK-000449,Leslie,Fox,Leslie Fox,Female,1951-11-22,leslie.fox@icloud.com,+44(0)8081570634,845 Harvey fall,New Jemma,Smarthaven,CV80 8ZA,UK,United Kingdom,EMEA,English,Business,None,2020-05-19,2020,RETURNING,True,MDM,2020-05-19 00:00:00,2026-04-17 15:58:35.890496
e252a514-bef2-40b1-a482-ee2bd44e0148,CUST-2020-UK-000364,Kelly,Williams,Kelly Williams,Female,1961-09-28,kelly.williams462@mail.com,(029) 2018863,15 Stephanie inlet,Robinsontown,Stephanieberg,GU0P 9PF,UK,United Kingdom,EMEA,English,Consumer,Silver,2020-06-13,2020,RETURNING,True,MDM,2020-06-13 00:00:00,2026-04-17 15:58:35.890498
d388eb3b-efeb-48a5-b12e-b4b58bd84075,CUST-2019-UK-001790,Katie,Harrison,Katie Harrison,Male,1973-11-01,katie.harrison755@gmail.com,+441214960116,"Flat 5
Thompson turnpike",Charlieland,Collinsmouth,SP5 2NY,UK,United Kingdom,EMEA,English,Consumer,None,2019-06-27,2019,RETURNING,True,MDM,2019-06-27,2026-04-17 15:58:35.890500
4e3050cd-30e1-4b1c-a2af-eab8abff5331,CUST-2020-UK-000533,Phillip,Cox,Phillip Cox,Male,1982-12-14,phillip.cox186@msn.com,+44(0)28 9018 0131,604 Patricia terrace,Taylorburgh,Port Katie,KA97 9HB,UK,United Kingdom,EMEA,English,Consumer,Gold,2020-06-05,2020,RETURNING,False,MDM,2020-06-05 00:00:00,2026-04-17 15:58:35.890501
94250abf-dc0f-455f-b904-e92a4f359252,CUST-2019-UK-002283,Stephen,Holmes,Stephen Holmes,Female,1955-03-06,stephen.holmes981@mail.com,+44(0)1184960198,"Studio 27j
Catherine trail",Milesstad,Paulamouth,DT36 7ZX,UK,United Kingdom,EMEA,English,Consumer,None,2019-09-06,2019,RETURNING,True,MDM,2019-09-06,2026-04-17 15:58:35.890503
175b41c8-1fb9-4aa7-84ee-8bd5fbf1a3da,CUST-2019-UK-002329,Hollie,Edwards,Hollie Edwards,Male,1979-01-08,hollie.edwards@outlook.com,(0121)4960668,3 Brett street,New Hugh,New Cliveberg,L0D 6EU,UK,United Kingdom,EMEA,English,Consumer,Gold,2019-06-14,2019,RETURNING,True,MDM,2019-06-14,2026-04-17 15:58:35.890505
da99b5d5-91eb-4933-8e26-dbb35f48a8cd,CUST-2020-UK-000594,Hannah,Shah,Hannah Shah,Female,2002-12-31,hannah.shah@outlook.com,(0161) 4960960,444 Bethany locks,Lake Graham,Iqbalberg,S34 3LD,UK,United Kingdom,EMEA,English,Consumer,None,2020-09-07,2020,RETURNING,True,MDM,2020-09-07 00:00:00,2026-04-17 15:58:35.890510
d474b2f0-a707-49c0-aa2d-72bf39abcdba,CUST-2020-UK-000754,Beverley,Armstrong,Beverley Armstrong,Female,2006-02-20,beverley.armstrong515@outlook.com,01514960852,62 Patel estate,Aimeeburgh,Rachelton,G0 3HQ,UK,United Kingdom,EMEA,English,Consumer,None,2020-10-24,2020,RETURNING,True,MDM,2020-10-24 00:00:00,2026-04-17 15:58:35.890512
8821dccf-ea0a-498f-b13b-97444d716c3f,CUST-2019-UK-000155,Garry,Slater,Garry Slater,Female,1993-10-20,garry.slater930@mail.com,(0118)4960031,"Flat 9
Edwards crest",Lake Davidton,Hilaryhaven,LS5A 8HZ,UK,United Kingdom,EMEA,English,Consumer,Platinum,2019-01-30,2019,RETURNING,True,MDM,2019-01-30,2026-04-17 15:58:35.890514
274e3751-f8ee-458d-b84f-e0ac745ce15b,CUST-2019-UK-001316,Robert,Hughes,Robert Hughes,Female,1999-06-15,robert.hughes916@msn.com,(0115) 496 0494,"Flat 79
Thorpe stravenue",Hollyfurt,Port Alice,HD99 4YF,UK,United Kingdom,EMEA,English,Consumer,Silver,2019-07-10,2019,RETURNING,True,MDM,2019-07-10,2026-04-17 15:58:35.890516
833887c2-be51-4c92-a918-36af43d7db1c,CUST-2019-UK-000218,Lynda,Slater,Lynda Slater,Male,1955-09-13,lynda.slater@icloud.com,+44(0)9098790897,"Studio 27n
Danielle land",West Oliverside,Geraldineberg,E9D 8EU,UK,United Kingdom,EMEA,English,Consumer,Gold,2019-03-20,2019,RETURNING,True,MDM,2019-03-20,2026-04-17 15:58:35.890517
ddc4bf19-fe49-415a-ab65-1b3aed8a9279,CUST-2019-UK-001035,Natasha,Martin,Natasha Martin,Female,1994-03-18,natasha.martin774@gmail.com,0114 4960726,"Flat 20i
Bentley field",Daviestown,Fionabury,WS61 6WL,UK,United Kingdom,EMEA,English,Education,None,2019-12-23,2019,RETURNING,True,MDM,2019-12-23,2026-04-17 15:58:35.890519
1c213e3c-0e75-449d-a4a2-2876466f9ce6,CUST-2019-UK-002036,Pauline,Smart,Pauline Smart,Female,2008-04-14,pauline.smart@msn.com,0121 496 0875,"Flat 6
Nathan springs",South Lynneville,New Paigechester,TN80 2TB,UK,United Kingdom,EMEA,English,Education,None,2019-11-16,2019,RETURNING,True,MDM,2019-11-16,2026-04-17 15:58:35.890521
689a9ba4-40a9-4191-9f1a-5a84e9241eb3,CUST-2019-UK-001889,Darren,Hunt,Darren Hunt,Male,1971-04-04,darren.hunt@gmx.com,+44(0)115 4960651,"Studio 83
Christine grove",New Joel,New Bethany,G85 4QT,UK,United Kingdom,EMEA,English,Consumer,None,2019-12-12,2019,RETURNING,True,MDM,2019-12-12,2026-04-17 15:58:35.890522
61ef3a74-c504-40cf-ae88-9f6118f091ab,CUST-2019-UK-001164,Louis,Harris,Louis Harris,Female,1975-01-09,louis.harris@live.com,+44909 879 0184,"Flat 68n
Kyle stravenue",Bethmouth,West Maureentown,NP1E 2XD,UK,United Kingdom,EMEA,English,Business,Gold,2019-09-05,2019,RETURNING,True,MDM,2019-09-05,2026-04-17 15:58:35.890527
6c8f3016-e8c5-488d-9953-64865607abaf,CUST-2019-UK-000177,Irene,Long,Irene Long,Female,1963-05-23,irene.long@hotmail.com,+44909 8790683,"Studio 13n
King land",North Diane,North Stuartbury,SO00 6AL,UK,United Kingdom,EMEA,English,Consumer,None,2019-12-05,2019,RETURNING,True,MDM,2019-12-05,2026-04-17 15:58:35.890529
9ed76ce3-bcca-46d3-88dc-f9b9826824ff,CUST-2020-UK-000578,Tony,Morris,Tony Morris,Male,1978-04-18,tony.morris@mail.com,028 9018 0123,"Flat 40b
Jackson crest",New Francis,Lake Philip,BR2 7ZY,UK,United Kingdom,EMEA,English,Business,Silver,2020-05-06,2020,RETURNING,True,MDM,2020-05-06 00:00:00,2026-04-17 15:58:35.890531
e0a62399-9aef-4719-8d64-e198d437b175,CUST-2019-UK-001893,Kate,Simpson,Kate Simpson,Female,2004-05-03,kate.simpson@aol.com,(0141) 496 0856,3 Martyn port,Thomaschester,East Ryanville,KW7 8RE,UK,United Kingdom,EMEA,English,Consumer,Silver,2019-08-29,2019,RETURNING,True,MDM,2019-08-29,2026-04-17 15:58:35.890533
2fb8be04-76fe-4af2-b6ed-0e8e385ebc5f,CUST-2019-UK-000584,Michael,Harvey,Michael Harvey,Male,1993-04-14,michael.harvey@outlook.com,+44(0)1144960924,406 Clare squares,Johnhaven,Suzannefort,G2 4ZR,UK,United Kingdom,EMEA,English,Consumer,None,2019-10-01,2019,RETURNING,True,MDM,2019-10-01,2026-04-17 15:58:35.890534
1bebc1a7-0811-473e-a700-0a88c0fc554f,CUST-2019-UK-001108,Gerald,Hill,Gerald Hill,Female,1991-04-03,gerald.hill@icloud.com,+44(0)2074960719,0 Elliott lake,Doddton,Howardhaven,W30 4NF,UK,United Kingdom,EMEA,English,Consumer,Gold,2019-05-02,2019,RETURNING,True,MDM,2019-05-02,2026-04-17 15:58:35.890536
be59ed50-e1ec-409b-8de7-8e9629a553dd,CUST-2020-UK-000569,Linda,Thompson,Linda Thompson,Male,1998-10-07,linda.thompson738@live.com,+44(0)289018055,"Studio 07
Hall field",Garyton,Nicolestad,MK1 4TS,UK,United Kingdom,EMEA,English,Consumer,None,2020-12-28,2020,RETURNING,False,MDM,2020-12-28 00:00:00,2026-04-17 15:58:35.890538
48c568c5-5c3f-4c85-b4ef-093a7585ab69,CUST-2020-UK-000675,Gareth,Gregory,Gareth Gregory,Male,1967-11-06,gareth.gregory@outlook.com,0118 496 0022,"Studio 78
Grant causeway",West Hayleychester,Sianmouth,N4D 9ZJ,UK,United Kingdom,EMEA,English,Consumer,None,2020-12-21,2020,RETURNING,True,MDM,2020-12-21 00:00:00,2026-04-17 15:58:35.890539
a21b329b-4194-4eef-919e-4545307dca65,CUST-2020-UK-000133,Victoria,Jarvis,Victoria Jarvis,Female,1967-03-16,victoria.jarvis800@gmail.com,(01632) 960 919,"Flat 29
Helen centers",Harrisonborough,West Callumchester,TW36 7JS,UK,United Kingdom,EMEA,English,Consumer,Silver,2020-03-05,2020,RETURNING,True,MDM,2020-03-05 00:00:00,2026-04-17 15:58:35.890545
18c94c20-f094-4277-8876-da96b77aa574,CUST-2019-UK-001026,Marcus,Howard,Marcus Howard,Female,2002-03-27,marcus.howard@protonmail.com,(0191)4960506,6 Amber knolls,Port Ross,North Brett,HR4A 4TP,UK,United Kingdom,EMEA,English,Consumer,Silver,2019-08-26,2019,RETURNING,True,MDM,2019-08-26,2026-04-17 15:58:35.890546
fe903189-81f8-4a0f-9d6e-64bf5b6b3055,CUST-2020-UK-000042,Patrick,Harding,Patrick Harding,Male,1955-10-27,patrick.harding@protonmail.com,+441614960869,88 Price stream,Thomaschester,Port Mohammed,G12 4LR,UK,United Kingdom,EMEA,English,Consumer,None,2020-07-16,2020,RETURNING,True,MDM,2020-07-16 00:00:00,2026-04-17 15:58:35.890548
056f80c6-40af-4524-9e0f-cfb97255fe12,CUST-2020-UK-000296,Abbie,Smart,Abbie Smart,Female,1987-12-14,abbie.smart@gmx.com,(0306)9990926,204 Abigail oval,South Hayleyburgh,Frenchmouth,G4W 5XZ,UK,United Kingdom,EMEA,English,Business,None,2020-08-22,2020,RETURNING,True,MDM,2020-08-22 00:00:00,2026-04-17 15:58:35.890550
4f30cdd9-6631-4d87-97fc-4848c433e675,CUST-2019-UK-000467,Marc,Robson,Marc Robson,Male,1993-05-11,marc.robson698@outlook.com,+44(0)116 4960458,9 Roberts glens,Marshton,Karentown,NE1 7YS,UK,United Kingdom,EMEA,English,Consumer,None,2019-03-11,2019,RETURNING,True,MDM,2019-03-11,2026-04-17 15:58:35.890552
d39058da-7387-4499-a6e6-98c0e54ee824,CUST-2019-UK-001115,Annette,Foster,Annette Foster,Female,1973-03-10,annette.foster@live.com,+44114 496 0360,"Studio 18A
Derek lights",Turnbullton,East Rosiefort,N5H 0NN,UK,United Kingdom,EMEA,English,Consumer,Silver,2019-06-06,2019,RETURNING,True,MDM,2019-06-06,2026-04-17 15:58:35.890554
374d727c-eb53-4fad-b3f8-5b3422b21583,CUST-2019-UK-000708,Olivia,Hardy,Olivia Hardy,Male,1982-04-23,olivia.hardy@outlook.com,+4428 9018665,"Flat 5
Victor mountains",Lake Carol,East Ashley,B21 6PJ,UK,United Kingdom,EMEA,English,Consumer,Silver,2019-08-05,2019,RETURNING,True,MDM,2019-08-05,2026-04-17 15:58:35.890555
c7f5e301-8bc8-43ad-bd3b-4c0a66dd4c50,CUST-2020-UK-000616,Nathan,Holmes,Nathan Holmes,Male,2002-04-30,nathan.holmes@yahoo.com,01134960159,786 Brandon expressway,Lake Judithview,Port Mohamed,S87 8BS,UK,United Kingdom,EMEA,English,Consumer,Silver,2020-03-30,2020,RETURNING,True,MDM,2020-03-30 00:00:00,2026-04-17 15:58:35.890556
77dba4ac-ea12-4342-bb8b-87c305f620f0,CUST-2019-UK-000482,Joyce,Alexander,Joyce Alexander,Female,1975-12-02,joyce.alexander@gmail.com,+44(0)121 496 0848,0 Young alley,Katherinestad,West Yvonne,G69 0HY,UK,United Kingdom,EMEA,English,Consumer,None,2019-06-15,2019,RETURNING,True,MDM,2019-06-15,2026-04-17 15:58:35.890562
62a858aa-3464-43f0-b57f-414c750bf920,CUST-2019-UK-002248,Dean,Morris,Dean Morris,Male,2001-12-14,dean.morris456@live.com,+441144960119,"Flat 09G
Andrews ports",Stewartfurt,Bakerview,G3E 9LN,UK,United Kingdom,EMEA,English,Consumer,None,2019-07-10,2019,RETURNING,True,MDM,2019-07-10,2026-04-17 15:58:35.890564
fd09a59f-10d4-42ad-94b1-e61d453664d3,CUST-2020-UK-000132,Kevin,Wood,Kevin Wood,Male,1985-08-31,kevin.wood665@gmail.com,(0118) 496 0727,135 Edwards key,Malcolmshire,Gregoryborough,ZE4M 6UT,UK,United Kingdom,EMEA,English,Consumer,Gold,2020-07-21,2020,RETURNING,True,MDM,2020-07-21 00:00:00,2026-04-17 15:58:35.890566
1ace4150-7579-4ba4-96d1-1287a51ce2e1,CUST-2019-UK-000876,Kathleen,Kennedy,Kathleen Kennedy,Female,1983-08-26,kathleen.kennedy@gmx.com,01514960119,"Studio 2
Scott canyon",Barryton,Lake Francescaton,G6H 2NW,UK,United Kingdom,EMEA,English,Education,None,2019-07-05,2019,RETURNING,True,MDM,2019-07-05,2026-04-17 15:58:35.890568
7cb95cf1-bc4c-4286-9c54-8f6f9bafae72,CUST-2019-UK-000198,Pamela,Roberts,Pamela Roberts,Female,1961-05-05,pamela.roberts@icloud.com,01632960357,"Studio 28
Jacob prairie",Derekside,Annaport,B5A 0ZJ,UK,United Kingdom,EMEA,English,Business,None,2019-03-15,2019,RETURNING,True,MDM,2019-03-15,2026-04-17 15:58:35.890569
6399496e-6779-4b81-9dee-b9f1cc432c60,CUST-2019-UK-000266,Carole,Watson,Carole Watson,Female,2008-02-10,carole.watson@protonmail.com,+44(0)131 496 0429,56 Lee point,Knightport,New Wendymouth,N06 4GY,UK,United Kingdom,EMEA,English,Business,None,2019-01-28,2019,RETURNING,True,MDM,2019-01-28,2026-04-17 15:58:35.890571
73fa95ba-e650-4e05-9bd4-6be5a2936d95,CUST-2019-UK-001243,Keith,Hutchinson,Keith Hutchinson,Male,1951-01-09,keith.hutchinson@yahoo.com,(0115) 4960384,"Flat 90
Lawrence summit",Scottshire,Port Rosie,SN64 4ZF,UK,United Kingdom,EMEA,English,Consumer,Silver,2019-09-27,2019,RETURNING,True,MDM,2019-09-27,2026-04-17 15:58:35.890573
254f8c37-79a4-4681-ae57-ea9d9b5a459b,CUST-2019-UK-002281,Craig,Khan,Craig Khan,Male,1995-02-06,craig.khan@gmail.com,+44(0)292018945,4 Hughes haven,North Shaneberg,Colinshire,RH98 6LP,UK,United Kingdom,EMEA,English,Consumer,Silver,2019-03-21,2019,RETURNING,True,MDM,2019-03-21,2026-04-17 15:58:35.890574
7079e8b7-95a2-4cb1-af9b-8d8a60d7c501,CUST-2020-UK-000702,Sharon,O'Connor,Sharon O'Connor,Male,1980-11-19,sharon.o'connor@gmx.com,0808 1570182,044 Lawrence islands,Lake Marktown,East Michaeltown,E41 2DA,UK,United Kingdom,EMEA,English,Consumer,Gold,2020-05-03,2020,RETURNING,True,MDM,2020-05-03 00:00:00,2026-04-17 15:58:35.890579
223b469e-4789-4500-9069-6300f9c414a9,CUST-2019-UK-001436,Declan,Curtis,Declan Curtis,Female,2005-09-24,declan.curtis@hotmail.com,+44191 4960839,9 Hunter falls,Samanthaburgh,Stuartville,DL8 1NY,UK,United Kingdom,EMEA,English,Consumer,None,2019-09-27,2019,RETURNING,True,MDM,2019-09-27,2026-04-17 15:58:35.890581
98ddc6ee-686f-4339-b6d4-7993ea0b7dcc,CUST-2020-UK-000304,Bethan,Moore,Bethan Moore,Male,1966-06-28,bethan.moore@icloud.com,+441144960446,"Studio 64x
Long hills",West Philip,Lake Jake,HD3 5RT,UK,United Kingdom,EMEA,English,Consumer,Platinum,2020-06-27,2020,RETURNING,True,MDM,2020-06-27 00:00:00,2026-04-17 15:58:35.890583
fc6a9e81-3f8d-4486-9804-3ab88b7d45c6,CUST-2019-UK-000987,Mathew,Freeman,Mathew Freeman,Female,1982-05-18,mathew.freeman@mail.com,(028) 9018 0875,8 Kevin fords,Allanton,New Hayley,TF9 7SP,UK,United Kingdom,EMEA,English,Consumer,None,2019-02-21,2019,RETURNING,True,MDM,2019-02-21,2026-04-17 15:58:35.890585
8d4e9e89-b4a5-4e83-a729-6100411dd06c,CUST-2019-UK-000547,Carolyn,Roberts,Carolyn Roberts,Male,2005-07-02,carolyn.roberts398@aol.com,01632960895,578 Wyatt walks,New Stephen,Lake Rebecca,DY3X 8PP,UK,United Kingdom,EMEA,English,Consumer,None,2019-12-09,2019,RETURNING,True,MDM,2019-12-09,2026-04-17 15:58:35.890586
e7e4f9d7-8aa9-47f1-a674-90e918b8513b,CUST-2020-UK-000694,Marion,Parkinson,Marion Parkinson,Male,1982-11-15,marion.parkinson@gmail.com,03069990579,03 Kirsty lane,Lydiaport,South Sheilaborough,W0K 7AB,UK,United Kingdom,EMEA,English,Consumer,Silver,2020-05-12,2020,RETURNING,True,MDM,2020-05-12 00:00:00,2026-04-17 15:58:35.890588
21dd565e-21ab-4cfc-b0ca-a5c9e318a65d,CUST-2019-UK-000021,Ann,Lane,Ann Lane,Male,1963-04-28,ann.lane@live.com,0121 496 0194,34 Peter highway,East Joseph,Port Guy,S6 7WX,UK,United Kingdom,EMEA,English,Consumer,Platinum,2019-08-25,2019,RETURNING,True,MDM,2019-08-25,2026-04-17 15:58:35.890589
6ffa3257-faa3-40b0-b101-320e4f98714e,CUST-2019-UK-001082,Mary,West,Mary West,Female,1990-09-10,mary.west@msn.com,0191 4960888,"Flat 33u
Tomlinson flats",New Peterland,Lake Lindseyport,N0 9ST,UK,United Kingdom,EMEA,English,Education,Silver,2019-12-15,2019,RETURNING,True,MDM,2019-12-15,2026-04-17 15:58:35.890591
e2a2dd2f-c51b-4e67-8f20-9b85d10ed9f8,CUST-2020-UK-000395,Jeffrey,Owens,Jeffrey Owens,Female,1989-10-05,jeffrey.owens@zoho.com,+44(0)1214960547,"Studio 79
Bethan courts",Denisstad,South Jeremyside,SO2E 4XN,UK,United Kingdom,EMEA,English,Consumer,Platinum,2020-05-10,2020,RETURNING,True,MDM,2020-05-10 00:00:00,2026-04-17 15:58:35.890597
ee7231da-4e38-4290-ba04-61e47a422039,CUST-2019-UK-002204,Victoria,Marsh,Victoria Marsh,Female,1997-03-09,victoria.marsh@protonmail.com,+44(0)1632 960090,27 Justin brooks,West Robert,Wardview,WN1 8ZR,UK,United Kingdom,EMEA,English,Consumer,None,2019-10-19,2019,RETURNING,True,MDM,2019-10-19,2026-04-17 15:58:35.890599
b8723081-6c5d-46e7-b339-7d56750f7c85,CUST-2019-UK-000264,Clifford,Wood,Clifford Wood,Male,1959-08-22,clifford.wood845@mail.com,+44(0)1632 960 910,029 Cross stravenue,Jennifertown,Jonathanhaven,B3 4XR,UK,United Kingdom,EMEA,English,Consumer,None,2019-11-10,2019,RETURNING,True,MDM,2019-11-10,2026-04-17 15:58:35.890600
baecd196-fae0-4f1b-bf8e-daac38e816a5,CUST-2019-UK-001637,Naomi,Smith,Naomi Smith,Male,1980-02-02,naomi.smith@live.com,+44(0)1632 960025,81 Thompson fields,New Stanley,Lake Malcolm,NE7A 7YG,UK,United Kingdom,EMEA,English,Consumer,None,2019-02-03,2019,RETURNING,True,MDM,2019-02-03,2026-04-17 15:58:35.890602
06b32b17-132f-4db1-b214-0a21340500ca,CUST-2020-UK-000139,Annette,Edwards,Annette Edwards,Male,1983-10-24,annette.edwards@outlook.com,(0808)1570855,"Flat 2
Wilkinson club",Brandonville,Lake Simonhaven,S8U 1SA,UK,United Kingdom,EMEA,English,Consumer,None,2020-11-08,2020,RETURNING,True,MDM,2020-11-08 00:00:00,2026-04-17 15:58:35.890604
fc045307-ae92-4612-a9fb-f493c9ba6c2e,CUST-2019-UK-000997,Sean,Evans,Sean Evans,Female,1959-09-10,sean.evans55@gmx.com,(0191) 496 0694,9 Bell hollow,East Ryan,North Joel,S67 1WB,UK,United Kingdom,EMEA,English,Business,Gold,2019-05-03,2019,RETURNING,True,MDM,2019-05-03,2026-04-17 15:58:35.890606
0ebc05ed-3141-4b97-82e0-3110bee0d0ae,CUST-2019-UK-000947,Nicola,Barnes,Nicola Barnes,Male,1995-08-07,nicola.barnes938@protonmail.com,+44(0)289018271,"Flat 47J
Frost dale",Yatesland,West Lesliefurt,N77 8HQ,UK,United Kingdom,EMEA,English,Consumer,None,2019-07-06,2019,RETURNING,True,MDM,2019-07-06,2026-04-17 15:58:35.890607
33695868-09df-4650-9376-b5221350115e,CUST-2019-UK-000154,Dennis,Chapman,Dennis Chapman,Male,1961-10-08,dennis.chapman@msn.com,+4428 9018872,345 Cook pine,North Sammouth,West Natashaville,E35 8LU,UK,United Kingdom,EMEA,English,Education,Silver,2019-10-13,2019,RETURNING,True,MDM,2019-10-13,2026-04-17 15:58:35.890609
e7beceab-4aa7-4cbf-b54d-b500ac70145a,CUST-2019-UK-000454,Bryan,Schofield,Bryan Schofield,Female,2006-11-04,bryan.schofield@gmail.com,(0116)4960643,0 Gibson ports,Woodwardville,Cookburgh,WS98 3DP,UK,United Kingdom,EMEA,English,Consumer,None,2019-06-13,2019,RETURNING,True,MDM,2019-06-13,2026-04-17 15:58:35.890611
8a55ddee-21eb-47f0-af55-c469b1667c5d,CUST-2020-UK-000715,Sally,Barker,Sally Barker,Male,1952-04-14,sally.barker@zoho.com,(0306) 9990595,3 Gail shores,Carlhaven,Nobleport,PE2 7BF,UK,United Kingdom,EMEA,English,Consumer,Silver,2020-10-04,2020,RETURNING,True,MDM,2020-10-04 00:00:00,2026-04-17 15:58:35.890612
b4e594c6-73c9-4050-ae04-848b07ba6ddd,CUST-2020-UK-000140,Sarah,Bishop,Sarah Bishop,Female,1966-03-12,sarah.bishop@icloud.com,+44(0)20 74960838,"Studio 8
Smith forge",Patrickborough,Wardville,CO6 8GB,UK,United Kingdom,EMEA,English,Business,None,2020-11-09,2020,RETURNING,True,MDM,2020-11-09 00:00:00,2026-04-17 15:58:35.890614
411db84e-f21b-4e9c-b4fc-3603d445bf2a,CUST-2019-UK-000466,Jacob,Williams,Jacob Williams,Male,1997-06-01,jacob.williams@gmail.com,+44(0)3069990536,"Studio 9
West valleys",Richardsonbury,Lake Caroline,TD0X 7ZA,UK,United Kingdom,EMEA,English,Consumer,Platinum,2019-04-14,2019,RETURNING,True,MDM,2019-04-14,2026-04-17 15:58:35.890615
221d13f5-7b69-4638-ab9b-e3e44de32c7d,CUST-2019-UK-002100,Tony,Richardson,Tony Richardson,Female,2003-05-13,tony.richardson@aol.com,(0131) 496 0754,"Flat 04
Jemma springs",Lake Glen,East Josh,B7 9RX,UK,United Kingdom,EMEA,English,Consumer,None,2019-07-28,2019,RETURNING,True,MDM,2019-07-28,2026-04-17 15:58:35.890617
4270faf7-daa9-446c-a60e-146dd401fa85,CUST-2020-UK-000048,Shaun,Wright,Shaun Wright,Female,1987-03-11,shaun.wright@icloud.com,+44(0)121 496 0036,"Flat 77S
Michelle highway",Port Elliot,Brownland,SR3 4XZ,UK,United Kingdom,EMEA,English,Consumer,None,2020-03-25,2020,RETURNING,True,MDM,2020-03-25 00:00:00,2026-04-17 15:58:35.890619
58ebe40a-196a-4e8e-b8da-cfacfdee9426,CUST-2019-UK-002282,Bradley,Williams,Bradley Williams,Female,1975-04-12,bradley.williams@gmail.com,+44(0)121 4960222,5 Christine mountains,Fordland,Williamsstad,B0 1ZR,UK,United Kingdom,EMEA,English,Consumer,Silver,2019-02-09,2019,RETURNING,True,MDM,2019-02-09,2026-04-17 15:58:35.890620
a35b4e8c-8802-41a2-9284-3424798ec2db,CUST-2020-UK-000401,Joanne,Nolan,Joanne Nolan,Female,1982-08-24,joanne.nolan@msn.com,+44(0)151 4960541,"Studio 6
Denise passage",Rachaelfort,Stevensonton,G5 5QW,UK,United Kingdom,EMEA,English,Consumer,None,2020-11-10,2020,RETURNING,False,MDM,2020-11-10 00:00:00,2026-04-17 15:58:35.890622
8747f524-9fe1-48ab-988f-653f7fc975a2,CUST-2019-UK-002126,Mitchell,Watts,Mitchell Watts,Male,1978-07-09,mitchell.watts276@gmail.com,01154960448,"Flat 00m
Carole springs",Lordside,North Donna,SM02 7UN,UK,United Kingdom,EMEA,English,Consumer,None,2019-02-22,2019,RETURNING,True,MDM,2019-02-22,2026-04-17 15:58:35.890623
6867db4a-28cc-4606-85c6-4533af370efb,CUST-2019-UK-001074,Janet,Robson,Janet Robson,Male,1956-11-15,janet.robson@outlook.com,+44113 496 0668,509 Smith burg,North Steven,Barbaraport,B18 9PZ,UK,United Kingdom,EMEA,English,Consumer,None,2019-08-11,2019,RETURNING,True,MDM,2019-08-11,2026-04-17 15:58:35.890625
08e83aa3-800c-4adb-affd-d3bfdb01c612,CUST-2019-UK-002308,Garry,Hill,Garry Hill,Female,1953-10-30,garry.hill@live.com,+44118 4960509,72 Daniels mountain,Port John,Bentleyland,SK5M 3RP,UK,United Kingdom,EMEA,English,Business,Silver,2019-01-14,2019,RETURNING,False,MDM,2019-01-14,2026-04-17 15:58:35.890627
a91a7842-e593-4f87-be27-ea384c817082,CUST-2020-UK-000172,Owen,Fletcher,Owen Fletcher,Male,1991-01-19,owen.fletcher@protonmail.com,+44(0)1632960918,"Flat 35
Amanda ridges",East Joshua,South Tony,DL67 3QU,UK,United Kingdom,EMEA,English,Consumer,Silver,2020-05-18,2020,RETURNING,True,MDM,2020-05-18 00:00:00,2026-04-17 15:58:35.890628
b997b39a-f8fe-4694-9ada-31d7eb9a08d6,CUST-2019-UK-001849,Janice,Davidson,Janice Davidson,Male,1975-11-18,janice.davidson@live.com,(0118) 4960279,37 Simmons cliff,Kennethside,Port Darrenstad,W1 3HG,UK,United Kingdom,EMEA,English,Consumer,Silver,2019-06-18,2019,RETURNING,False,MDM,2019-06-18,2026-04-17 15:58:35.890630
0a26d5de-fa49-4403-8907-19b7ca346d8d,CUST-2020-UK-000116,Elliott,Johnson,Elliott Johnson,Female,1999-09-19,elliott.johnson30@outlook.com,+44(0)1164960404,5 Russell streets,Port Markmouth,Lambland,W4 2YS,UK,United Kingdom,EMEA,English,Consumer,Silver,2020-08-10,2020,RETURNING,True,MDM,2020-08-10 00:00:00,2026-04-17 15:58:35.890631
17e149e5-ced0-4ffc-8f4b-f46af18d6a52,CUST-2019-UK-001152,Jack,Wilson,Jack Wilson,Male,1965-04-04,jack.wilson706@aol.com,+44(0)1414960478,47 Carpenter way,Barnesstad,Griffithsport,EC89 1FX,UK,United Kingdom,EMEA,English,Business,None,2019-01-07,2019,RETURNING,True,MDM,2019-01-07,2026-04-17 15:58:35.890633
721cc0a5-46b5-4c09-a62b-f768f2d51774,CUST-2019-UK-000926,Mary,Robertson,Mary Robertson,Male,1997-04-28,mary.robertson@zoho.com,+44118 496 0762,065 Kyle port,East Kathleenfort,North Jacob,B65 9YH,UK,United Kingdom,EMEA,English,Consumer,None,2019-07-20,2019,RETURNING,True,MDM,2019-07-20,2026-04-17 15:58:35.890635
236e4efc-5d40-4c0c-aa73-27bb8f761464,CUST-2019-UK-001919,Brian,Martin,Brian Martin,Female,1958-12-08,brian.martin@zoho.com,+44909 8790864,1 Sean flat,Newtonberg,Bethantown,L4 0ZU,UK,United Kingdom,EMEA,English,Consumer,Platinum,2019-11-07,2019,RETURNING,True,MDM,2019-11-07,2026-04-17 15:58:35.890636
32e91a96-7ffa-4ca9-b7a6-9a7106acc84a,CUST-2019-UK-000682,Lewis,Burke,Lewis Burke,Male,1958-07-22,lewis.burke@aol.com,+44(0)20 74960331,3 Owen hills,East Michelle,New Carolineborough,KY33 5GA,UK,United Kingdom,EMEA,English,Consumer,Gold,2019-03-11,2019,RETURNING,True,MDM,2019-03-11,2026-04-17 15:58:35.890638
133b3044-10d5-4020-8007-013d58f65055,CUST-2020-UK-000190,Jeremy,Baxter,Jeremy Baxter,Female,1989-04-21,jeremy.baxter@gmx.com,0292018159,"Studio 99
Howell canyon",West Alexanderland,South Jennifer,NW01 5PY,UK,United Kingdom,EMEA,English,Consumer,Platinum,2020-12-24,2020,RETURNING,True,MDM,2020-12-24 00:00:00,2026-04-17 15:58:35.890639
5601f915-296d-40d6-aff1-746d1626ba7e,CUST-2019-UK-000086,Suzanne,Rogers,Suzanne Rogers,Male,2008-03-13,suzanne.rogers@yahoo.com,+441184960451,"Flat 74
Kay route",Gregoryside,Palmerhaven,IV3 0SP,UK,United Kingdom,EMEA,English,Consumer,Silver,2019-09-21,2019,RETURNING,True,MDM,2019-09-21,2026-04-17 15:58:35.890641
e78da833-32aa-4948-bcbd-5503c997e1f9,CUST-2020-UK-000069,Lisa,Jones,Lisa Jones,Male,1979-02-01,lisa.jones@hotmail.com,(0118)4960535,"Flat 38
Hill plains",Aaronchester,Terrymouth,BH35 0NZ,UK,United Kingdom,EMEA,English,Consumer,None,2020-03-20,2020,RETURNING,True,MDM,2020-03-20 00:00:00,2026-04-17 15:58:35.890643
b6e039cb-a135-4256-a510-c26c5cc729d1,CUST-2019-UK-002188,Stuart,Bradley,Stuart Bradley,Male,1963-04-27,stuart.bradley@live.com,029 2018202,"Flat 5
Gerald isle",Chambersmouth,Sylviaton,W39 0DU,UK,United Kingdom,EMEA,English,Consumer,Platinum,2019-05-03,2019,RETURNING,True,MDM,2019-05-03,2026-04-17 15:58:35.890644
83c843f7-8067-4882-a2b3-9d96154ff883,CUST-2019-UK-002213,Katie,Palmer,Katie Palmer,Female,1955-12-22,katie.palmer@live.com,+441632 960 530,"Flat 9
Jodie place",Lake Bryan,Roychester,G4 8XN,UK,United Kingdom,EMEA,English,Business,Silver,2019-03-17,2019,RETURNING,True,MDM,2019-03-17,2026-04-17 15:58:35.890646
5b63a6b8-ccd6-49ba-af51-b49d35ce444d,CUST-2019-UK-000814,Declan,Franklin,Declan Franklin,Female,1978-04-03,declan.franklin@mail.com,+44292018338,"Flat 7
Fry spurs",Bakerfort,West Rickyborough,S8 9JW,UK,United Kingdom,EMEA,English,Consumer,Silver,2019-07-22,2019,RETURNING,True,MDM,2019-07-22,2026-04-17 15:58:35.890647
5156ccd3-9f86-40e1-a43c-a9677ab60636,CUST-2020-UK-000604,Vincent,Robinson,Vincent Robinson,Male,1960-05-07,vincent.robinson@gmx.com,(0131) 4960953,3 Austin circle,East June,Rossview,IV7W 6GZ,UK,United Kingdom,EMEA,English,Consumer,None,2020-01-27,2020,RETURNING,True,MDM,2020-01-27 00:00:00,2026-04-17 15:58:35.890649
07da7bdf-db29-48dd-a137-23a224706755,CUST-2020-UK-000005,Robert,Mitchell,Robert Mitchell,Male,1981-03-06,robert.mitchell@yahoo.com,+44(0)808 1570838,6 Ross skyway,Lake Jake,Brownland,N0A 1WB,UK,United Kingdom,EMEA,English,Consumer,None,2020-08-27,2020,RETURNING,True,MDM,2020-08-27 00:00:00,2026-04-17 15:58:35.890651
059150fd-9d4e-498f-850f-a1b381116316,CUST-2019-UK-002230,Anna,Weston,Anna Weston,Male,2007-11-10,anna.weston@msn.com,+44(0)8081570024,3 Jenkins way,Port Olivia,Cookborough,WC49 1XG,UK,United Kingdom,EMEA,English,Consumer,Gold,2019-04-22,2019,RETURNING,True,MDM,2019-04-22,2026-04-17 15:58:35.890652
403aba55-bf73-4142-96e1-2648f1396414,CUST-2019-UK-000424,Karen,Hargreaves,Karen Hargreaves,Male,1963-06-05,karen.hargreaves531@msn.com,+44306 999 0521,"Studio 39
Marshall islands",Jonesville,Pollardport,ST1H 0TA,UK,United Kingdom,EMEA,English,Consumer,Silver,2019-06-19,2019,RETURNING,True,MDM,2019-06-19,2026-04-17 15:58:35.890654
a803de29-b28d-4acb-8524-a42dbb2c5ccc,CUST-2019-UK-000255,Geraldine,Parsons,Geraldine Parsons,Female,1983-08-18,geraldine.parsons@zoho.com,(028) 9018942,"Studio 7
John club",Robinsonville,West Oliverburgh,E1H 5WP,UK,United Kingdom,EMEA,English,Consumer,None,2019-03-15,2019,RETURNING,True,MDM,2019-03-15,2026-04-17 15:58:35.890656
508a2ebf-0592-4e3a-97cf-eb45bfd9b9cf,CUST-2019-UK-002098,Brett,Barry,Brett Barry,Male,1958-07-31,brett.barry@mail.com,+4429 2018310,"Flat 2
Lowe shore",Port Jake,South Dorothy,E5 6GY,UK,United Kingdom,EMEA,English,Consumer,Platinum,2019-01-29,2019,RETURNING,True,MDM,2019-01-29,2026-04-17 15:58:35.890657
2146b0dd-a0b2-43ef-ae16-cd9b57283187,CUST-2019-UK-000897,Dylan,Baker,Dylan Baker,Female,1987-01-03,dylan.baker@msn.com,+44(0)161 4960405,5 Martin trace,Daviesmouth,Wrightshire,DE79 9JZ,UK,United Kingdom,EMEA,English,Consumer,Gold,2019-11-13,2019,RETURNING,True,MDM,2019-11-13,2026-04-17 15:58:35.890658
5f112856-06e8-418e-ab7a-000b5399cb4f,CUST-2019-UK-000449,Lynda,Shepherd,Lynda Shepherd,Male,1997-10-06,lynda.shepherd@msn.com,020 7946 0974,502 Heather underpass,Port Sammouth,West Lukechester,M92 3AS,UK,United Kingdom,EMEA,English,Consumer,None,2019-01-27,2019,RETURNING,True,MDM,2019-01-27,2026-04-17 15:58:35.890660
e7a4a741-1df7-49b3-8e42-35ed51b9cc00,CUST-2019-UK-001751,Anne,Taylor,Anne Taylor,Female,1950-05-06,anne.taylor@zoho.com,(0131) 496 0959,"Studio 19Y
Spencer shore",Gregoryport,East Sharon,S85 1XR,UK,United Kingdom,EMEA,English,Business,None,2019-01-18,2019,RETURNING,True,MDM,2019-01-18,2026-04-17 15:58:35.890662
c4eb9f79-2633-44e4-8c7c-b909ab5f50af,CUST-2019-UK-001753,Steven,James,Steven James,Female,1985-11-23,steven.james@hotmail.com,0113 4960595,3 Lambert locks,East Mitchell,Marionton,B5J 6PJ,UK,United Kingdom,EMEA,English,Consumer,None,2019-12-02,2019,RETURNING,True,MDM,2019-12-02,2026-04-17 15:58:35.890664
152242a0-38f7-496a-b449-8a3af156709d,CUST-2019-UK-000388,Gemma,Bevan,Gemma Bevan,Female,1961-08-05,gemma.bevan@zoho.com,+44131 496 0658,"Flat 2
Stephen dale",Port Christopherburgh,Lake Andrew,BH05 2FF,UK,United Kingdom,EMEA,English,Consumer,Silver,2019-03-30,2019,RETURNING,True,MDM,2019-03-30,2026-04-17 15:58:35.890666
1070decb-6114-4e8f-bd69-8597d27b3d20,CUST-2020-UK-000552,Lindsey,Elliott,Lindsey Elliott,Female,1961-09-09,lindsey.elliott@live.com,(0161) 4960634,424 Maria common,Jonesstad,O'Brienville,EN77 7JN,UK,United Kingdom,EMEA,English,Business,Platinum,2020-10-01,2020,RETURNING,True,MDM,2020-10-01 00:00:00,2026-04-17 15:58:35.890667
1b05db9a-5141-4027-9a6e-b5a544b982cd,CUST-2019-UK-000197,Craig,Jackson,Craig Jackson,Female,1990-06-21,craig.jackson@protonmail.com,(0909) 8790994,"Flat 68G
Joe walks",South Terence,Jamesland,B6 7ZE,UK,United Kingdom,EMEA,English,Business,Silver,2019-11-20,2019,RETURNING,True,MDM,2019-11-20,2026-04-17 15:58:35.890668
e037974c-c4ea-4400-bccc-2ffe97c23136,CUST-2020-UK-000503,Charlene,Woods,Charlene Woods,Male,1992-05-07,charlene.woods351@icloud.com,+44(0)1144960046,2 Jacqueline islands,Baileyfort,East Sylviachester,WR9V 6AD,UK,United Kingdom,EMEA,English,Consumer,Silver,2020-11-22,2020,RETURNING,True,MDM,2020-11-22 00:00:00,2026-04-17 15:58:35.890670
6cd8f782-1e44-4d57-b62d-0c9394856d6b,CUST-2019-UK-001691,Linda,Walters,Linda Walters,Female,1965-12-30,linda.walters@outlook.com,+44131 496 0175,48 Nicholson wall,West Abdulbury,Foxborough,E60 6AE,UK,United Kingdom,EMEA,English,Consumer,Gold,2019-11-04,2019,RETURNING,True,MDM,2019-11-04,2026-04-17 15:58:35.890671
091140e5-37ea-435c-a4f0-6aadd336be22,CUST-2019-UK-000910,Shane,Page,Shane Page,Female,1992-09-05,shane.page@mail.com,0292018928,"Flat 76T
Marilyn shoals",Brownchester,South Glenn,SK8 8EX,UK,United Kingdom,EMEA,English,Consumer,None,2019-03-16,2019,RETURNING,True,MDM,2019-03-16,2026-04-17 15:58:35.890673
72ad7a1f-697f-4849-9fde-7faf5f2f6d0f,CUST-2019-UK-001003,Barry,Jarvis,Barry Jarvis,Male,2000-05-18,barry.jarvis@protonmail.com,+44141 4960719,"Studio 22W
Keith inlet",Lake Glenn,Lake Clive,BS80 0FX,UK,United Kingdom,EMEA,English,Education,Gold,2019-05-18,2019,RETURNING,True,MDM,2019-05-18,2026-04-17 15:58:35.890675
67aaa4ae-a933-48c3-86c4-bd5a2674274c,CUST-2020-UK-000624,Rachel,Taylor,Rachel Taylor,Female,1965-10-18,rachel.taylor@icloud.com,+44(0)121 496 0358,92 Declan crescent,Howardfort,Dawsonhaven,S47 0BD,UK,United Kingdom,EMEA,English,Business,Platinum,2020-03-22,2020,RETURNING,True,MDM,2020-03-22 00:00:00,2026-04-17 15:58:35.890676
55f3f1be-64bf-4f37-a51f-a8ac3d06f6f1,CUST-2019-UK-000067,Tina,Johnson,Tina Johnson,Female,2007-04-23,tina.johnson8@aol.com,0131 4960703,"Flat 26
Christine loaf",Marilynfort,Port Denisview,W4D 6PX,UK,United Kingdom,EMEA,English,Consumer,None,2019-05-03,2019,RETURNING,True,MDM,2019-05-03,2026-04-17 15:58:35.890678
f0bc93ca-39ad-40a8-9c3b-bf02c2086ac9,CUST-2020-UK-000298,Elizabeth,Turner,Elizabeth Turner,Male,1982-06-05,elizabeth.turner@icloud.com,+44808 157 0369,744 Reynolds islands,South Malcolm,New Patrick,LS40 5BJ,UK,United Kingdom,EMEA,English,Consumer,None,2020-03-02,2020,RETURNING,True,MDM,2020-03-02 00:00:00,2026-04-17 15:58:35.890680
6880bcb9-f56c-4d5b-8ef6-62dcb67fdbae,CUST-2019-UK-002330,Kayleigh,Wall,Kayleigh Wall,Female,1998-02-04,kayleigh.wall@gmail.com,+4420 7496 0896,4 Rachel vista,Victorshire,South Guy,S07 3UE,UK,United Kingdom,EMEA,English,Consumer,Silver,2019-09-04,2019,RETURNING,True,MDM,2019-09-04,2026-04-17 15:58:35.890682
e84017f6-d52d-4f10-ac51-0836e728d633,CUST-2019-UK-001659,Clare,Connor,Clare Connor,Female,1963-02-22,clare.connor@zoho.com,+44117 4960060,43 Miah corner,Kimberleyshire,Leanneshire,TF9A 9LR,UK,United Kingdom,EMEA,English,Consumer,None,2019-07-27,2019,RETURNING,True,MDM,2019-07-27,2026-04-17 15:58:35.890684
f307f025-861f-462a-bf1a-b252bd368b73,CUST-2020-UK-000040,Mark,Bowen,Mark Bowen,Female,2000-10-14,mark.bowen306@gmx.com,+44(0)114 496 0167,6 Godfrey keys,Dawnborough,Blackfort,PE6 1AW,UK,United Kingdom,EMEA,English,Consumer,None,2020-10-16,2020,RETURNING,True,MDM,2020-10-16 00:00:00,2026-04-17 15:58:35.890685
974d9b4f-a01f-4e7d-9081-b1604ba59299,CUST-2019-UK-000473,Lynn,Potter,Lynn Potter,Male,1989-01-01,lynn.potter92@gmail.com,+44(0)1134960521,"Studio 52
Lucy passage",Lake Geoffrey,West Patrick,S5 5BY,UK,United Kingdom,EMEA,English,Consumer,Silver,2019-07-14,2019,RETURNING,True,MDM,2019-07-14,2026-04-17 15:58:35.890687
4a8733da-b3fb-42a7-8bee-d6446dce8844,CUST-2019-UK-002011,Patrick,Jarvis,Patrick Jarvis,Female,1971-09-30,patrick.jarvis@gmx.com,+44(0)1632960912,254 Kelly motorway,Powellton,West Irene,S7A 8DQ,UK,United Kingdom,EMEA,English,Consumer,None,2019-06-27,2019,RETURNING,True,MDM,2019-06-27,2026-04-17 15:58:35.890689
a1bbee4c-f5b2-43ac-98a8-fd740403a360,CUST-2020-UK-000430,Dennis,King,Dennis King,Male,1972-11-28,dennis.king@live.com,+441164960116,62 Joel crossing,Khanland,Lorrainemouth,B6E 4DD,UK,United Kingdom,EMEA,English,Consumer,Silver,2020-01-14,2020,RETURNING,True,MDM,2020-01-14 00:00:00,2026-04-17 15:58:35.890690
49dee61f-ed1d-42bb-be23-473b27ef4295,CUST-2020-UK-000091,Dean,Rowe,Dean Rowe,Male,1962-01-06,dean.rowe@gmail.com,0117 4960752,8 Simpson pike,Junebury,Williamsville,L0D 7LZ,UK,United Kingdom,EMEA,English,Consumer,Silver,2020-01-08,2020,RETURNING,True,MDM,2020-01-08 00:00:00,2026-04-17 15:58:35.890692
2409fdf5-f561-4057-bfe4-31989c0a841e,CUST-2019-UK-002067,Roy,Yates,Roy Yates,Male,1966-10-05,roy.yates@gmail.com,+44(0)1314960316,4 Luke drive,Carolineborough,West Christian,BL9A 5GJ,UK,United Kingdom,EMEA,English,Consumer,None,2019-11-15,2019,RETURNING,True,MDM,2019-11-15,2026-04-17 15:58:35.890694
5f1e5736-1536-44e7-af28-97c179af6dc3,CUST-2019-UK-001247,Donald,Gould,Donald Gould,Male,2001-12-20,donald.gould@protonmail.com,+4428 9018 0227,9 Spencer rapids,Khanmouth,Port Justinmouth,KT0 0BD,UK,United Kingdom,EMEA,English,Business,Gold,2019-12-08,2019,RETURNING,True,MDM,2019-12-08,2026-04-17 15:58:35.890696
8d8e73d1-c7c9-4df6-8b57-ffa01aaadaf0,CUST-2020-UK-000551,Joshua,Woodward,Joshua Woodward,Male,1983-02-08,joshua.woodward@gmx.com,(0151) 4960345,411 Marcus route,East Adam,Douglashaven,E3 7JD,UK,United Kingdom,EMEA,English,Consumer,None,2020-05-05,2020,RETURNING,True,MDM,2020-05-05 00:00:00,2026-04-17 15:58:35.890698
dbac98e5-9c72-4108-acd7-9fadcbd4e99b,CUST-2020-UK-000353,Gregory,Chapman,Gregory Chapman,Male,1987-09-16,gregory.chapman938@gmail.com,0151 4960263,8 Benjamin mews,New Jonathan,New Lukeport,TW5 6TR,UK,United Kingdom,EMEA,English,Consumer,Silver,2020-11-29,2020,RETURNING,True,MDM,2020-11-29 00:00:00,2026-04-17 15:58:35.890699
41d959d9-2ee9-492a-86c7-0186587b8adc,CUST-2019-UK-000757,Tony,Wilson,Tony Wilson,Female,1978-08-17,tony.wilson@aol.com,+44(0)118 496 0875,37 Oliver inlet,Lake Ellieburgh,Port Bryan,NE2 8AT,UK,United Kingdom,EMEA,English,Consumer,Gold,2019-12-21,2019,RETURNING,True,MDM,2019-12-21,2026-04-17 15:58:35.890701
53de5176-f0be-4c89-bf2f-053f4673650e,CUST-2019-UK-000170,Natasha,Smith,Natasha Smith,Female,1963-05-24,natasha.smith@msn.com,+44191 4960641,04 Hughes pine,North Victoriafurt,Lake Victormouth,BR40 1BE,UK,United Kingdom,EMEA,English,Consumer,Silver,2019-03-15,2019,RETURNING,True,MDM,2019-03-15,2026-04-17 15:58:35.890702
490564ef-f690-4ae7-bfbd-fea5b9f9cb67,CUST-2020-UK-000082,Paige,Butler,Paige Butler,Male,1982-07-20,paige.butler@zoho.com,09098790946,9 Stacey motorway,Atkinsonland,Kellyborough,EC4Y 7YA,UK,United Kingdom,EMEA,English,Consumer,None,2020-08-24,2020,RETURNING,True,MDM,2020-08-24 00:00:00,2026-04-17 15:58:35.890704
e6b78704-8a60-4f16-bf80-1bd883f5be31,CUST-2020-UK-000478,Barbara,Harrison,Barbara Harrison,Female,1959-10-17,barbara.harrison@zoho.com,(01632) 960682,33 Baxter mission,South Barry,New Debra,LU25 6YY,UK,United Kingdom,EMEA,English,Consumer,None,2020-06-11,2020,RETURNING,True,MDM,2020-06-11 00:00:00,2026-04-17 15:58:35.890706
01140487-fd90-4f49-b0c4-d00c0b677741,CUST-2020-UK-000350,Danny,Gardner,Danny Gardner,Male,1973-06-03,danny.gardner416@yahoo.com,0121 496 0431,832 Simpson ridge,East Abbieshire,North Charlene,W1 7JY,UK,United Kingdom,EMEA,English,Consumer,Gold,2020-09-19,2020,RETURNING,True,MDM,2020-09-19 00:00:00,2026-04-17 15:58:35.890707
4f29718a-fa96-4617-8b8d-4d2344d3723d,CUST-2019-UK-000715,Paul,Cooper,Paul Cooper,Male,1967-09-08,paul.cooper99@live.com,01632 960 336,"Studio 98
Hughes knolls",Richardsonshire,Porterhaven,B8H 9AU,UK,United Kingdom,EMEA,English,Consumer,None,2019-01-11,2019,RETURNING,True,MDM,2019-01-11,2026-04-17 15:58:35.890709
b71a09bf-86e6-4c79-9d92-0bde627c122d,CUST-2019-UK-002023,Lesley,Clarke,Lesley Clarke,Male,1999-10-08,lesley.clarke@msn.com,(0141) 4960783,423 Sheppard burgs,Jacobport,Eileenfort,IP14 6PZ,UK,United Kingdom,EMEA,English,Consumer,None,2019-10-18,2019,RETURNING,True,MDM,2019-10-18,2026-04-17 15:58:35.890711
3f04bd39-7a61-4922-95a2-0805efbef8a2,CUST-2020-UK-000707,Stephen,Foster,Stephen Foster,Female,1978-11-06,stephen.foster@msn.com,+441614960661,"Studio 5
Phillip port",Nicolefort,West Jordanmouth,L4G 5ZE,UK,United Kingdom,EMEA,English,Consumer,None,2020-04-01,2020,RETURNING,True,MDM,2020-04-01 00:00:00,2026-04-17 15:58:35.890713
77c9d26d-47ec-4eda-a925-749cdcfe63e9,CUST-2019-UK-001163,Maria,Cameron,Maria Cameron,Female,1980-03-22,maria.cameron@outlook.com,(0161)4960613,1 Patterson alley,Lorrainefurt,Port Allan,W6 7LF,UK,United Kingdom,EMEA,English,Education,None,2019-07-04,2019,RETURNING,False,MDM,2019-07-04,2026-04-17 15:58:35.890715
3f82fac4-62ed-4777-89b0-9cebf52d9242,CUST-2020-UK-000261,Shirley,Scott,Shirley Scott,Female,1958-12-09,shirley.scott@aol.com,(028) 9018838,"Flat 1
Dawson viaduct",Melissastad,Lake Jason,L7H 2DZ,UK,United Kingdom,EMEA,English,Consumer,None,2020-11-20,2020,RETURNING,True,MDM,2020-11-20 00:00:00,2026-04-17 15:58:35.890716
ae53b151-e519-4e45-97f8-b5f008ac851c,CUST-2019-UK-002342,Jacob,Robson,Jacob Robson,Female,1986-09-10,jacob.robson@aol.com,(0306)9990270,"Studio 76
Shah squares",Godfreyburgh,South Melanieville,NG3R 2WF,UK,United Kingdom,EMEA,English,Consumer,None,2019-07-12,2019,RETURNING,True,MDM,2019-07-12,2026-04-17 15:58:35.890718
678044da-5959-4920-876a-6521e000a9fe,CUST-2020-UK-000266,Bryan,Jones,Bryan Jones,Male,1998-06-13,bryan.jones@outlook.com,(01632) 960796,516 Taylor valley,Lake Lucy,Lambertbury,S04 4PR,UK,United Kingdom,EMEA,English,Consumer,Silver,2020-10-25,2020,RETURNING,True,MDM,2020-10-25 00:00:00,2026-04-17 15:58:35.890720
a56d13d3-fde3-460e-857e-1ebbb2522890,CUST-2019-UK-001777,Martyn,Moore,Martyn Moore,Female,1989-06-08,martyn.moore@aol.com,+4428 9018 0418,"Flat 11
Thomas ranch",Shannonmouth,Sylviafort,S7 8NQ,UK,United Kingdom,EMEA,English,Consumer,Gold,2019-01-10,2019,RETURNING,True,MDM,2019-01-10,2026-04-17 15:58:35.890721
db68c06d-13e7-4e64-9fac-5ef3f69e82a7,CUST-2019-UK-000307,Jay,Short,Jay Short,Male,1977-11-09,jay.short@msn.com,(0115) 496 0088,"Flat 3
Byrne walks",North Shaun,West Chloeborough,N83 2BA,UK,United Kingdom,EMEA,English,Consumer,None,2019-10-30,2019,RETURNING,True,MDM,2019-10-30,2026-04-17 15:58:35.890723
d39b8fc2-0ef4-4af6-b030-df66f74cf0e4,CUST-2020-UK-000451,Abbie,Smith,Abbie Smith,Female,1975-09-16,abbie.smith@live.com,+44909 879 0015,"Studio 16
Jay inlet",Geraldview,Arthurstad,HA5N 9AP,UK,United Kingdom,EMEA,English,Consumer,Platinum,2020-10-14,2020,RETURNING,True,MDM,2020-10-14 00:00:00,2026-04-17 15:58:35.890729
25ff83e6-1f34-4c44-b258-0947c4a38934,CUST-2019-UK-001523,Paige,Gregory,Paige Gregory,Female,1965-07-14,paige.gregory@aol.com,+44121 496 0992,273 Marc ford,New Neilberg,Campbellfort,KT7 4RA,UK,United Kingdom,EMEA,English,Consumer,None,2019-04-30,2019,RETURNING,True,MDM,2019-04-30,2026-04-17 15:58:35.890730
fa884624-e2dc-4764-b538-71995f6f7c34,CUST-2019-UK-002051,Francis,Barnett,Francis Barnett,Female,1997-04-04,francis.barnett@hotmail.com,01144960556,"Flat 8
Carl mills",West Lynda,New Sallyport,B7 9YN,UK,United Kingdom,EMEA,English,Business,None,2019-04-08,2019,RETURNING,True,MDM,2019-04-08,2026-04-17 15:58:35.890732
fb7b7d3b-a4af-429c-875f-93fc58369790,CUST-2019-UK-000925,Vanessa,Phillips,Vanessa Phillips,Male,1994-11-19,vanessa.phillips@gmail.com,+44(0)909 8790186,510 Carl row,Rachaeltown,East Sian,TW6H 9AT,UK,United Kingdom,EMEA,English,Consumer,None,2019-12-08,2019,RETURNING,False,MDM,2019-12-08,2026-04-17 15:58:35.890734
a03153e1-e187-45a0-86b6-db61c33594f7,CUST-2019-UK-000090,Gillian,Martin,Gillian Martin,Female,1996-07-26,gillian.martin@aol.com,01154960957,"Flat 9
Ferguson curve",Stevensberg,Thompsonside,M74 6HA,UK,United Kingdom,EMEA,English,Consumer,Silver,2019-12-10,2019,RETURNING,True,MDM,2019-12-10,2026-04-17 15:58:35.890736
e1509e45-8589-497a-8895-4b85cc8d8526,CUST-2020-UK-000267,Adam,Richards,Adam Richards,Male,1967-09-26,adam.richards@protonmail.com,+441614960100,5 Dean rue,Richardsonmouth,New Gerard,G0 2UJ,UK,United Kingdom,EMEA,English,Consumer,Platinum,2020-04-01,2020,RETURNING,True,MDM,2020-04-01 00:00:00,2026-04-17 15:58:35.890737
7b4d7104-e6b9-41d9-977c-6363f09bb1cb,CUST-2019-UK-002231,Roger,Thompson,Roger Thompson,Female,1983-02-26,roger.thompson119@protonmail.com,+44(0)117 4960632,"Flat 6
Richards corners",Huntermouth,South Tina,SW3A 0QJ,UK,United Kingdom,EMEA,English,Consumer,Silver,2019-05-16,2019,RETURNING,True,MDM,2019-05-16,2026-04-17 15:58:35.890739
77db9f67-41c6-486b-b371-8f56465aa585,CUST-2019-UK-001218,Lawrence,Long,Lawrence Long,Male,2003-12-12,lawrence.long325@live.com,+44(0)289018284,4 Lucas loop,Lake Julieton,New Tinafurt,HD5B 6XR,UK,United Kingdom,EMEA,English,Consumer,None,2019-11-18,2019,RETURNING,True,MDM,2019-11-18,2026-04-17 15:58:35.890741
4b254d4f-7861-42fa-b37a-ae84f2efb094,CUST-2020-UK-000532,Dominic,Cook,Dominic Cook,Male,1991-05-22,dominic.cook@outlook.com,+44(0)28 9018 0702,"Flat 5
Abbott spring",Pamelabury,North Pamelamouth,E8U 6SP,UK,United Kingdom,EMEA,English,Consumer,None,2020-01-21,2020,RETURNING,True,MDM,2020-01-21 00:00:00,2026-04-17 15:58:35.890746
4052886a-cad4-411e-8e85-c3fbb6c7fde6,CUST-2019-UK-000069,Anna,Johnson,Anna Johnson,Male,1970-06-21,anna.johnson@hotmail.com,(0161) 4960975,"Studio 36
Ashley manor",Barneschester,Harryview,M2U 0ZT,UK,United Kingdom,EMEA,English,Education,None,2019-11-01,2019,RETURNING,True,MDM,2019-11-01,2026-04-17 15:58:35.890748
7226de28-9c9e-4622-bb06-81c53f0e8f90,CUST-2019-UK-001956,Katherine,Kennedy,Katherine Kennedy,Male,1987-11-13,katherine.kennedy15@aol.com,+441914960857,08 Davies squares,New Damianview,Lake Nicolabury,B93 9FT,UK,United Kingdom,EMEA,English,Consumer,Silver,2019-04-20,2019,RETURNING,True,MDM,2019-04-20,2026-04-17 15:58:35.890750
43fde222-685b-4f76-b476-1d18e332071c,CUST-2019-UK-001690,Sarah,Simpson,Sarah Simpson,Male,1955-01-04,sarah.simpson822@live.com,0113 4960163,"Studio 89d
Smith points",Dylanville,Port Garryberg,CR83 1ZW,UK,United Kingdom,EMEA,English,Consumer,None,2019-10-16,2019,RETURNING,True,MDM,2019-10-16,2026-04-17 15:58:35.890751
bd3d6da9-1d74-4605-9751-e42970fbeb5a,CUST-2019-UK-001509,Carolyn,Nicholson,Carolyn Nicholson,Female,1960-10-12,carolyn.nicholson@aol.com,0115 4960949,"Flat 0
Mills trail",Port Brenda,Port Daniel,N83 8SH,UK,United Kingdom,EMEA,English,Business,Silver,2019-10-01,2019,RETURNING,True,MDM,2019-10-01,2026-04-17 15:58:35.890753
b824c74b-8be7-4b24-8ada-5c816db42335,CUST-2019-UK-002030,Lindsey,Thomas,Lindsey Thomas,Female,1976-07-22,lindsey.thomas@hotmail.com,+441632960495,57 Carol junction,Thompsonmouth,South Clive,S44 5LF,UK,United Kingdom,EMEA,English,Business,None,2019-01-14,2019,RETURNING,True,MDM,2019-01-14,2026-04-17 15:58:35.890755
eaa6b0f6-752e-47e4-814e-3677a035c0a4,CUST-2019-UK-001459,Harriet,Kemp,Harriet Kemp,Female,1988-11-11,harriet.kemp@msn.com,+44121 496 0387,0 Bernard place,West Clare,Gemmaborough,CM4 8RB,UK,United Kingdom,EMEA,English,Consumer,None,2019-01-12,2019,RETURNING,True,MDM,2019-01-12,2026-04-17 15:58:35.890757
4638f137-bbac-443a-b541-6f7e56a39c0e,CUST-2019-UK-000626,Leonard,Mason,Leonard Mason,Female,2005-10-03,leonard.mason@mail.com,+44131 4960940,98 White cliff,Port Bradley,West Gregoryfort,HP28 2EZ,UK,United Kingdom,EMEA,English,Consumer,Silver,2019-07-13,2019,RETURNING,True,MDM,2019-07-13,2026-04-17 15:58:35.890758
7d578b2f-ac7b-4723-8da3-2c1d5cb64dc3,CUST-2020-UK-000462,Jeffrey,Smith,Jeffrey Smith,Female,1994-04-12,jeffrey.smith@outlook.com,+44909 879 0901,"Flat 99k
Elizabeth hills",Terryberg,New Brenda,N1A 6LQ,UK,United Kingdom,EMEA,English,Consumer,None,2020-02-07,2020,RETURNING,True,MDM,2020-02-07 00:00:00,2026-04-17 15:58:35.890764
ef6f84a1-a6e3-436b-b9f2-fa69755abb82,CUST-2019-UK-001231,Sheila,Coleman,Sheila Coleman,Female,1999-09-07,sheila.coleman@gmx.com,+441614960734,"Studio 16g
Parsons loaf",Mayborough,Roseview,LU1P 2RF,UK,United Kingdom,EMEA,English,Consumer,Gold,2019-12-29,2019,RETURNING,True,MDM,2019-12-29,2026-04-17 15:58:35.890765
62d599d2-b57e-4382-b03d-468252dde8ba,CUST-2019-UK-000630,Julia,Curtis,Julia Curtis,Male,2000-08-25,julia.curtis@gmail.com,+44(0)2074960473,"Studio 65A
Ruth forks",Mahmoodview,Jonesfurt,L5 0XB,UK,United Kingdom,EMEA,English,Consumer,Silver,2019-01-28,2019,RETURNING,True,MDM,2019-01-28,2026-04-17 15:58:35.890767
ac338826-6b9c-4ae1-a09f-ea676583e5bf,CUST-2020-UK-000144,Toby,Sharp,Toby Sharp,Male,1991-08-22,toby.sharp871@hotmail.com,0161 4960875,157 Gregory trace,Martinburgh,Lake Darren,W54 4QS,UK,United Kingdom,EMEA,English,Consumer,None,2020-12-14,2020,RETURNING,True,MDM,2020-12-14 00:00:00,2026-04-17 15:58:35.890769
d4869fb3-1395-4689-8c54-3d848019aadf,CUST-2019-UK-001711,Alice,Little,Alice Little,Female,1991-10-26,alice.little@gmail.com,+44(0)151 4960241,424 Hunter drives,Jackchester,Hopeland,HU10 1RQ,UK,United Kingdom,EMEA,English,Consumer,None,2019-10-04,2019,RETURNING,True,MDM,2019-10-04,2026-04-17 15:58:35.890770
1fa82d67-1ecb-44a6-b011-9bf184ee662e,CUST-2020-UK-000060,Diana,Morris,Diana Morris,Male,2008-02-20,diana.morris518@gmx.com,+443069990634,"Flat 51D
McDonald camp",Jasmineport,Frankside,M45 0LL,UK,United Kingdom,EMEA,English,Education,None,2020-11-18,2020,RETURNING,True,MDM,2020-11-18 00:00:00,2026-04-17 15:58:35.890772
265aab1a-504a-4df8-914c-addf19defbe4,CUST-2019-UK-000091,Stephanie,Howard,Stephanie Howard,Female,2000-08-17,stephanie.howard988@icloud.com,+44(0)808 1570552,"Flat 59
Middleton port",Riceshire,Lake Jodie,W04 9XD,UK,United Kingdom,EMEA,English,Business,None,2019-04-19,2019,RETURNING,True,MDM,2019-04-19,2026-04-17 15:58:35.890774
a729894e-2ca7-497d-955c-6fc44022d1da,CUST-2019-UK-000711,Tracey,Phillips,Tracey Phillips,Male,1951-09-11,tracey.phillips@mail.com,+44(0)808 157 0310,"Flat 37
Stephen trail",Guyview,West Louis,S0 0PZ,UK,United Kingdom,EMEA,English,Education,None,2019-01-27,2019,RETURNING,True,MDM,2019-01-27,2026-04-17 15:58:35.890776
f5466d48-3e79-404d-bf54-0ec48ffda1c2,CUST-2019-UK-001672,Charles,Lawson,Charles Lawson,Male,2005-04-08,charles.lawson770@zoho.com,(0113)4960081,"Studio 26z
Lesley circle",North Claire,North Kate,M8S 5ZR,UK,United Kingdom,EMEA,English,Consumer,Gold,2019-12-31,2019,RETURNING,True,MDM,2019-12-31,2026-04-17 15:58:35.890781
938b7484-cafd-4162-b170-b91e11f9de5f,CUST-2020-UK-000094,Charlotte,Blackburn,Charlotte Blackburn,Female,1955-03-22,charlotte.blackburn670@msn.com,+441174960648,90 Benjamin field,East Dominicland,Davidsonshire,S95 8ZR,UK,United Kingdom,EMEA,English,Education,None,2020-05-02,2020,RETURNING,True,MDM,2020-05-02 00:00:00,2026-04-17 15:58:35.890783
55e24d24-88a7-4d81-9c51-51ebd4b84adb,CUST-2020-UK-000393,Elliott,Harrison,Elliott Harrison,Male,1965-10-23,elliott.harrison@gmail.com,(0115) 496 0674,"Studio 58R
Oliver turnpike",Hollyton,South Joannaborough,EX03 5NN,UK,United Kingdom,EMEA,English,Consumer,Silver,2020-01-27,2020,RETURNING,True,MDM,2020-01-27 00:00:00,2026-04-17 15:58:35.890784
118689a5-bf66-4d6e-a633-c2fb8ea9f52f,CUST-2019-UK-000671,Pauline,Gough,Pauline Gough,Female,1980-08-12,pauline.gough@zoho.com,+44(0)151 496 0650,5 Cooke center,Jemmabury,Lewisborough,S2 0WH,UK,United Kingdom,EMEA,English,Consumer,None,2019-03-31,2019,RETURNING,True,MDM,2019-03-31,2026-04-17 15:58:35.890786
89af81df-0f71-4a0f-b679-b9c284da53d4,CUST-2019-UK-001109,Jessica,Carter,Jessica Carter,Female,1988-09-20,jessica.carter471@gmx.com,+44(0)1614960925,"Flat 61
Thompson camp",Lanemouth,Lake Conor,TN43 3XE,UK,United Kingdom,EMEA,English,Consumer,Silver,2019-02-02,2019,RETURNING,True,MDM,2019-02-02,2026-04-17 15:58:35.890788
42b96d58-a27d-4f65-94c7-11c7a30fed4c,CUST-2019-UK-001410,Leigh,Wilson,Leigh Wilson,Male,1968-02-20,leigh.wilson@yahoo.com,(0113) 496 0164,"Flat 38n
Morley keys",Brownmouth,Thompsontown,S5 4FY,UK,United Kingdom,EMEA,English,Education,Platinum,2019-06-06,2019,RETURNING,True,MDM,2019-06-06,2026-04-17 15:58:35.890789
f23edb86-388a-415f-a999-de71b5577728,CUST-2019-UK-002077,Lynne,Miller,Lynne Miller,Male,1987-05-09,lynne.miller@gmail.com,+441414960515,5 Mark river,Lake Leahberg,Phillipstown,HP8X 7RA,UK,United Kingdom,EMEA,English,Consumer,None,2019-06-05,2019,RETURNING,True,MDM,2019-06-05,2026-04-17 15:58:35.890791
d4332b17-4d00-4d51-a189-e11a65e7631e,CUST-2019-UK-000185,Debra,Preston,Debra Preston,Female,1968-10-21,debra.preston@aol.com,+4429 2018725,"Studio 0
Kelly expressway",South Nicole,Annaside,TW6 9SG,UK,United Kingdom,EMEA,English,Education,Silver,2019-04-21,2019,RETURNING,True,MDM,2019-04-21,2026-04-17 15:58:35.890793
042a2844-ebee-44d3-bc67-98bccc734b23,CUST-2019-UK-001623,Mandy,Patterson,Mandy Patterson,Female,1964-01-09,mandy.patterson529@mail.com,(0191)4960347,2 James streets,North Georgina,South Leighton,ML1 8RE,UK,United Kingdom,EMEA,English,Consumer,Gold,2019-12-18,2019,RETURNING,True,MDM,2019-12-18,2026-04-17 15:58:35.890798
c0b029b1-a0cd-4901-bec5-ce49cfeb546b,CUST-2020-UK-000051,Danny,Atkinson,Danny Atkinson,Female,1964-05-06,danny.atkinson@yahoo.com,+44(0)1632960914,543 Brown knolls,East Gillianchester,Gavinburgh,GU8 6RG,UK,United Kingdom,EMEA,English,Consumer,None,2020-09-27,2020,RETURNING,True,MDM,2020-09-27 00:00:00,2026-04-17 15:58:35.890800
de24e2c8-a045-4057-ad34-5c3ba672f672,CUST-2019-UK-001101,Chelsea,Wilson,Chelsea Wilson,Female,1956-06-11,chelsea.wilson@yahoo.com,01632 960 767,"Flat 62
Lawrence junctions",New Garymouth,Paulinechester,CO8E 2EF,UK,United Kingdom,EMEA,English,Consumer,None,2019-05-13,2019,RETURNING,True,MDM,2019-05-13,2026-04-17 15:58:35.890802
76268a27-2514-4632-8710-4de3a170669e,CUST-2019-UK-002305,Natasha,Wilson,Natasha Wilson,Male,1985-07-25,natasha.wilson@protonmail.com,+44(0)1632 960 426,86 Marion overpass,North Geraldburgh,Phillipfort,S5H 7YD,UK,United Kingdom,EMEA,English,Business,Silver,2019-05-09,2019,RETURNING,True,MDM,2019-05-09,2026-04-17 15:58:35.890803
fbcfd364-f578-4ede-bb61-c7c0b1b4989b,CUST-2020-UK-000563,Danny,Newton,Danny Newton,Female,1973-09-30,danny.newton796@zoho.com,0118 4960949,215 Parker points,Andersonland,West Anne,M8T 5AD,UK,United Kingdom,EMEA,English,Consumer,None,2020-03-10,2020,RETURNING,True,MDM,2020-03-10 00:00:00,2026-04-17 15:58:35.890805
6aa9a7f2-b46e-4ae1-9662-25a023da677e,CUST-2019-UK-002073,Lynn,Fletcher,Lynn Fletcher,Female,1970-08-30,lynn.fletcher938@live.com,(0121)4960212,9 Bruce viaduct,South Albert,South Kellyton,N66 1GP,UK,United Kingdom,EMEA,English,Consumer,Platinum,2019-03-03,2019,RETURNING,True,MDM,2019-03-03,2026-04-17 15:58:35.890806
46ac0529-9294-4f5b-ab8c-e35181fdb97b,CUST-2019-UK-000183,Sara,Bennett,Sara Bennett,Male,1986-07-05,sara.bennett@gmx.com,(0909) 879 0144,"Flat 61
Anne harbor",Lloydside,Jonesstad,SO41 2NT,UK,United Kingdom,EMEA,English,Consumer,Silver,2019-10-31,2019,RETURNING,True,MDM,2019-10-31,2026-04-17 15:58:35.890808
b1a90c78-2599-4e1d-9a60-0b7bc7479169,CUST-2019-UK-000551,Shannon,Douglas,Shannon Douglas,Female,1958-07-15,shannon.douglas@protonmail.com,0141 496 0674,3 Cunningham brooks,Ryanhaven,New Emily,NG41 8WG,UK,United Kingdom,EMEA,English,Consumer,None,2019-03-08,2019,RETURNING,True,MDM,2019-03-08,2026-04-17 15:58:35.890810
04e40c5c-39a2-4f50-bdc6-122e161ea005,CUST-2019-UK-000269,Leslie,Saunders,Leslie Saunders,Female,1979-03-03,leslie.saunders@live.com,(028) 9018 0957,5 Browne walks,New Mathewville,New Amelia,GY94 2QN,UK,United Kingdom,EMEA,English,Consumer,None,2019-04-14,2019,RETURNING,True,MDM,2019-04-14,2026-04-17 15:58:35.890816
b5562d4b-1f31-4a2d-8de6-10764f614ffe,CUST-2020-UK-000238,Anna,Johnson,Anna Johnson,Male,1983-06-24,anna.johnson@live.com,+44(0)1174960643,452 Hewitt square,Philipmouth,Jacksonmouth,EC35 3ES,UK,United Kingdom,EMEA,English,Education,None,2020-06-24,2020,RETURNING,True,MDM,2020-06-24 00:00:00,2026-04-17 15:58:35.890817
188aafa8-0c31-4cd6-96d6-c0ea0e7a77f4,CUST-2019-UK-000352,Jean,Long,Jean Long,Male,1992-09-01,jean.long@mail.com,+441514960829,78 Harris crossing,New Maxton,New Chelsea,DE2 7YG,UK,United Kingdom,EMEA,English,Consumer,None,2019-08-29,2019,RETURNING,True,MDM,2019-08-29,2026-04-17 15:58:35.890819
08a00353-1ffe-4efc-a29a-4e20ead89f85,CUST-2019-UK-000107,Jason,Pritchard,Jason Pritchard,Male,2001-12-28,jason.pritchard272@protonmail.com,0909 8790846,370 Frances rapid,Port Elaine,Francescamouth,RM0 4EZ,UK,United Kingdom,EMEA,English,Consumer,None,2019-09-09,2019,RETURNING,True,MDM,2019-09-09,2026-04-17 15:58:35.890821
669eeedf-ce00-4480-9227-040bae19b058,CUST-2019-UK-002088,Christine,Pearson,Christine Pearson,Male,1992-11-28,christine.pearson@yahoo.com,(0306) 999 0375,"Flat 68n
Bolton plains",Aaronfort,New Dominic,E5 4BT,UK,United Kingdom,EMEA,English,Business,Gold,2019-11-07,2019,RETURNING,True,MDM,2019-11-07,2026-04-17 15:58:35.890823
04e49d61-6c88-4b0a-aacd-089ebedddf78,CUST-2020-UK-000075,Shirley,Ellis,Shirley Ellis,Female,1971-11-07,shirley.ellis371@protonmail.com,+44(0)113 4960529,"Flat 19U
Natasha haven",Ballfurt,East Kayleigh,N3 5UY,UK,United Kingdom,EMEA,English,Consumer,None,2020-09-15,2020,RETURNING,True,MDM,2020-09-15 00:00:00,2026-04-17 15:58:35.890824
d0bc1178-4a6d-4ad4-82cc-38f727edb3ab,CUST-2019-UK-002284,Brenda,Byrne,Brenda Byrne,Male,1998-12-14,brenda.byrne554@zoho.com,+44(0)131 4960135,"Studio 79
Harry skyway",West Oliver,Lake Bryanbury,PA60 8TB,UK,United Kingdom,EMEA,English,Business,Gold,2019-01-26,2019,RETURNING,True,MDM,2019-01-26,2026-04-17 15:58:35.890826
8989dfe8-3d5c-4da7-8987-10870ebaa343,CUST-2019-UK-001134,Julie,Sullivan,Julie Sullivan,Male,1950-09-23,julie.sullivan@zoho.com,0151 496 0601,"Studio 18E
Wright freeway",New Cherylborough,O'Donnellside,L42 5TD,UK,United Kingdom,EMEA,English,Business,Gold,2019-12-19,2019,RETURNING,True,MDM,2019-12-19,2026-04-17 15:58:35.890827
d7223e18-0b84-46d7-909b-ccc0ac15d983,CUST-2020-UK-000292,Guy,Taylor,Guy Taylor,Male,1973-12-14,guy.taylor840@live.com,+44(0)289018972,57 Sutton street,Jaynetown,East Jasonborough,S5U 5DD,UK,United Kingdom,EMEA,English,Business,Gold,2020-08-29,2020,RETURNING,True,MDM,2020-08-29 00:00:00,2026-04-17 15:58:35.890833
fd8da049-c34f-49f9-97c0-8933b48a3b51,CUST-2019-UK-001492,Lauren,Smith,Lauren Smith,Male,1980-05-16,lauren.smith@icloud.com,+44(0)161 4960253,587 Akhtar shoals,West Alex,Port Jamesborough,L5 5SB,UK,United Kingdom,EMEA,English,Consumer,Gold,2019-05-31,2019,RETURNING,True,MDM,2019-05-31,2026-04-17 15:58:35.890835
e7dd988c-c69e-4e5f-8b3f-1a1f610e2b61,CUST-2019-UK-000079,Nicola,Evans,Nicola Evans,Female,1965-04-04,nicola.evans@live.com,(028)9018784,599 Kieran keys,East Hugh,Lake Eleanorport,LN1X 3LE,UK,United Kingdom,EMEA,English,Consumer,Silver,2019-11-12,2019,RETURNING,False,MDM,2019-11-12,2026-04-17 15:58:35.890836
a229e388-22d6-4095-96a8-9a65efc1ac99,CUST-2020-UK-000376,Mark,O'Neill,Mark O'Neill,Female,2003-07-19,mark.o'neill@outlook.com,+441174960067,"Flat 08L
Andrews pike",East Wayne,West Matthewview,TA6 0AY,UK,United Kingdom,EMEA,English,Consumer,Silver,2020-03-13,2020,RETURNING,True,MDM,2020-03-13 00:00:00,2026-04-17 15:58:35.890838
07cef4a9-8b40-4289-add6-c40b9de61068,CUST-2019-UK-001102,Rachael,Richardson,Rachael Richardson,Female,2006-09-16,rachael.richardson@aol.com,+44161 496 0698,"Flat 6
Dixon turnpike",West Davidfort,Dennishaven,IM79 0YY,UK,United Kingdom,EMEA,English,Consumer,Platinum,2019-06-07,2019,RETURNING,True,MDM,2019-06-07,2026-04-17 15:58:35.890839
220afe69-a2d8-48bd-a85e-5fb9b9cb59fb,CUST-2019-UK-000265,Reece,Bates,Reece Bates,Male,1982-09-05,reece.bates@gmail.com,+44(0)115 4960229,35 Bates cape,East Hilarybury,Pageton,DN9Y 5BP,UK,United Kingdom,EMEA,English,Consumer,None,2019-12-22,2019,RETURNING,True,MDM,2019-12-22,2026-04-17 15:58:35.890841
ee4b4d91-580e-449b-a0ef-7a9e80ac7805,CUST-2019-UK-000861,Emily,Allen,Emily Allen,Male,1975-06-30,emily.allen20@outlook.com,+448081570623,2 Zoe island,Lake Callum,Davidsonstad,SY3B 2QF,UK,United Kingdom,EMEA,English,Consumer,None,2019-02-28,2019,RETURNING,True,MDM,2019-02-28,2026-04-17 15:58:35.890843
25ea3215-7554-42e2-ba96-0b6e67ce8260,CUST-2019-UK-000810,Gemma,Bell,Gemma Bell,Male,1973-04-04,gemma.bell@aol.com,+44(0)1174960980,693 Julian estates,Port Jakeville,New Sianville,KA4H 8GB,UK,United Kingdom,EMEA,English,Consumer,None,2019-09-14,2019,RETURNING,True,MDM,2019-09-14,2026-04-17 15:58:35.890844
b7ef907c-054d-4287-ab8c-cbd03997fc96,CUST-2019-UK-001219,Rebecca,Jones,Rebecca Jones,Female,1984-05-21,rebecca.jones@hotmail.com,(0121) 496 0263,"Studio 3
Sanders via",Leeview,Lawrencechester,HP4 3RB,UK,United Kingdom,EMEA,English,Consumer,None,2019-02-04,2019,RETURNING,True,MDM,2019-02-04,2026-04-17 15:58:35.890846
272bff4d-0b39-470b-b830-b36a4fa3d344,CUST-2019-UK-001634,Eleanor,Thompson,Eleanor Thompson,Female,1963-10-13,eleanor.thompson@gmx.com,029 2018722,986 Rahman circles,North Ellieville,Vincentmouth,RG18 9DZ,UK,United Kingdom,EMEA,English,Business,Platinum,2019-08-17,2019,RETURNING,True,MDM,2019-08-17,2026-04-17 15:58:35.890848
5796a2fe-4bba-4041-b540-c6f6920cc1e7,CUST-2020-UK-000575,Dawn,Stewart,Dawn Stewart,Male,1977-10-05,dawn.stewart@protonmail.com,0151 4960670,"Studio 4
Baxter port",East Timothy,Garethville,S1H 1TT,UK,United Kingdom,EMEA,English,Consumer,None,2020-11-16,2020,RETURNING,True,MDM,2020-11-16 00:00:00,2026-04-17 15:58:35.890849
3dd8b507-2a5f-442e-8e4d-3843a2057b44,CUST-2019-UK-000804,Julian,Shah,Julian Shah,Female,2005-06-24,julian.shah@gmx.com,(0117) 4960828,608 O'Brien crossroad,Singhhaven,Porterview,BA25 7BR,UK,United Kingdom,EMEA,English,Consumer,None,2019-07-24,2019,RETURNING,True,MDM,2019-07-24,2026-04-17 15:58:35.890851
d81c503f-ed2d-4223-9465-aead14e6c57b,CUST-2019-UK-002291,Jack,Barnes,Jack Barnes,Female,1990-02-13,jack.barnes@gmx.com,+44113 4960001,"Studio 47
Bates stravenue",Jennahaven,Lake Teresaton,TR0 3PJ,UK,United Kingdom,EMEA,English,Consumer,None,2019-08-10,2019,RETURNING,True,MDM,2019-08-10,2026-04-17 15:58:35.890854
6148bd20-4c0b-48e1-be30-12ff80c15130,CUST-2019-UK-000574,Anne,Shepherd,Anne Shepherd,Male,1968-01-27,anne.shepherd@mail.com,0116 496 0322,"Flat 61v
Mary rapids",Lake Tracy,Leechester,L7 0XZ,UK,United Kingdom,EMEA,English,Consumer,None,2019-07-05,2019,RETURNING,True,MDM,2019-07-05,2026-04-17 15:58:35.890856
e46cd57b-7019-4ca9-9ee7-daeedff944a1,CUST-2019-UK-001261,Paul,Russell,Paul Russell,Female,1961-06-17,paul.russell@protonmail.com,+44(0)191 496 0760,8 Jones path,West Catherine,Grahamside,SP00 4PY,UK,United Kingdom,EMEA,English,Consumer,Platinum,2019-01-02,2019,RETURNING,True,MDM,2019-01-02,2026-04-17 15:58:35.890857
b4a3dd13-44a9-49be-be6f-14c38fd0da0d,CUST-2019-UK-001321,Katy,Norris,Katy Norris,Male,1983-10-05,katy.norris@gmail.com,+44141 496 0847,"Flat 2
Brown vista",Daviesside,Poolechester,LN5 4RQ,UK,United Kingdom,EMEA,English,Consumer,None,2019-06-08,2019,RETURNING,True,MDM,2019-06-08,2026-04-17 15:58:35.890859
ebd779d3-28f1-4bc3-a75b-2d4a0fedeaff,CUST-2020-UK-000306,Katy,Taylor,Katy Taylor,Female,1988-01-20,katy.taylor817@aol.com,+44118 496 0140,1 Young union,Crossberg,Edwardsville,LE3 1AX,UK,United Kingdom,EMEA,English,Consumer,None,2020-10-13,2020,RETURNING,True,MDM,2020-10-13 00:00:00,2026-04-17 15:58:35.890861
5f30ffc1-1266-4c0b-9f2b-9f0bb86982a4,CUST-2019-UK-000310,Craig,Hargreaves,Craig Hargreaves,Male,1990-07-20,craig.hargreaves@outlook.com,(020)74960270,"Flat 92
Edwards ferry",West Danielle,Lake Nicholasfurt,OX95 5PN,UK,United Kingdom,EMEA,English,Consumer,None,2019-11-21,2019,RETURNING,True,MDM,2019-11-21,2026-04-17 15:58:35.890862
c1288ed6-efd8-44db-b136-c81f94b1dbb1,CUST-2019-UK-001872,Hannah,Johnson,Hannah Johnson,Female,1959-10-02,hannah.johnson579@live.com,(0118) 4960575,9 Evans coves,North Alice,East Kimfort,N44 7XP,UK,United Kingdom,EMEA,English,Consumer,Silver,2019-05-22,2019,RETURNING,True,MDM,2019-05-22,2026-04-17 15:58:35.890864
92b9a75a-4248-48aa-9c97-7b3461bd7e00,CUST-2019-UK-001411,Sandra,Wyatt,Sandra Wyatt,Male,2007-06-04,sandra.wyatt844@icloud.com,(0131)4960729,186 Jones stream,New Simon,Davieschester,M4S 4AF,UK,United Kingdom,EMEA,English,Consumer,Platinum,2019-02-22,2019,RETURNING,True,MDM,2019-02-22,2026-04-17 15:58:35.890865
e4951dbb-0d33-49b9-b814-07491656d6af,CUST-2021-UK-000001,Stephen,Cook,Stephen Cook,Male,1966-03-07,stephen.cook@hotmail.com,+44(0)9098790255,3 William fort,Brownside,Turnerside,G3K 8JY,UK,United Kingdom,EMEA,English,Consumer,Platinum,2021-03-06,2021,NEW,True,MDM,2021-03-06 00:00:00,2026-04-17 15:58:35.891095
321cea22-0fa2-4eab-834d-26e3ed22387e,CUST-2021-UK-000002,Marion,Sharpe,Marion Sharpe,Female,1987-08-31,marion.sharpe94@icloud.com,+44808 157 0847,"Flat 35
Karl plains",Sheppardfurt,South Owenfort,CB5 7ZT,UK,United Kingdom,EMEA,English,Consumer,Gold,2021-07-31,2021,NEW,True,MDM,2021-07-31 00:00:00,2026-04-17 15:58:35.891217
4722d1ae-b3c8-4d78-b595-36b9c6606f18,CUST-2021-UK-000003,Alex,Lucas,Alex Lucas,Female,1975-01-15,alex.lucas369@gmx.com,+44(0)1614960773,"Flat 32
Osborne ford",Port Arthur,Lake Jasmine,HD4M 5AH,UK,United Kingdom,EMEA,English,Consumer,None,2021-07-08,2021,NEW,True,MDM,2021-07-08 00:00:00,2026-04-17 15:58:35.891326
88ccb712-7b94-4392-a0da-758e84521d0a,CUST-2021-UK-000004,Zoe,Wall,Zoe Wall,Female,1964-04-10,zoe.wall36@outlook.com,(0191) 496 0465,"Studio 85
Vanessa mills",Port Martinfort,Dennisport,SO2Y 5GS,UK,United Kingdom,EMEA,English,Consumer,Silver,2021-10-30,2021,NEW,True,MDM,2021-10-30 00:00:00,2026-04-17 15:58:35.891418
d909702c-3ffd-45a9-9e75-6976379c8122,CUST-2021-UK-000005,June,Allan,June Allan,Female,1970-04-14,june.allan@aol.com,0131 496 0666,"Flat 12f
Fisher valley",Douglashaven,Tonyland,CM3R 3YR,UK,United Kingdom,EMEA,English,Consumer,None,2021-12-17,2021,NEW,True,MDM,2021-12-17 00:00:00,2026-04-17 15:58:35.891528
549e55c5-498e-4920-a76e-d93f9898ea3a,CUST-2021-UK-000006,Pamela,Stewart,Pamela Stewart,Male,1956-08-08,pamela.stewart@msn.com,+44114 496 0952,36 Kathryn lock,East Dianetown,South Shannonbury,M5S 3BA,UK,United Kingdom,EMEA,English,Consumer,None,2021-08-19,2021,NEW,False,MDM,2021-08-19 00:00:00,2026-04-17 15:58:35.891613
d6da86eb-1108-4714-bd00-05236139122f,CUST-2021-UK-000007,Marilyn,Brookes,Marilyn Brookes,Female,1990-05-06,marilyn.brookes@outlook.com,+44(0)20 74960240,3 Stanley cove,Marionland,North Tina,UB2W 2DB,UK,United Kingdom,EMEA,English,Consumer,None,2021-12-23,2021,NEW,True,MDM,2021-12-23 00:00:00,2026-04-17 15:58:35.891718
243b86ed-cca9-4779-b524-b5308494f294,CUST-2021-UK-000008,Bruce,Allen,Bruce Allen,Female,1952-08-02,bruce.allen@live.com,01514960051,"Studio 56
Iain mission",New Elliottchester,Port Ricky,SA0A 1SG,UK,United Kingdom,EMEA,English,Consumer,Silver,2021-11-09,2021,NEW,True,MDM,2021-11-09 00:00:00,2026-04-17 15:58:35.891806
5fe60c8c-0ae5-4472-a3cd-43a08a3bae5a,CUST-2021-UK-000009,Jacqueline,Richardson,Jacqueline Richardson,Male,2002-04-26,jacqueline.richardson@live.com,+44(0)141 496 0201,"Studio 3
Wells port",East Sean,East Sheila,L4 4QA,UK,United Kingdom,EMEA,English,Consumer,Silver,2021-02-09,2021,NEW,True,MDM,2021-02-09 00:00:00,2026-04-17 15:58:35.891909
e07d33ad-6aaa-44ef-8218-8c8b61c1b8c8,CUST-2021-UK-000010,Aaron,Holt,Aaron Holt,Male,1953-01-21,aaron.holt@protonmail.com,(0118) 496 0280,343 Linda trail,Sheppardville,Hughesstad,NP7 7RL,UK,United Kingdom,EMEA,English,Consumer,Gold,2021-07-08,2021,NEW,False,MDM,2021-07-08 00:00:00,2026-04-17 15:58:35.892034
6b77b165-489d-4162-9867-eb735891375c,CUST-2021-UK-000011,Kelly,Thompson,Kelly Thompson,Male,1972-04-20,kelly.thompson@yahoo.com,+44117 496 0372,"Studio 18F
Heather crossroad",Yateschester,Harttown,BN91 1JP,UK,United Kingdom,EMEA,English,Business,None,2021-08-03,2021,NEW,True,MDM,2021-08-03 00:00:00,2026-04-17 15:58:35.892162
4574a3a2-e074-4a13-b63c-dd699474aa62,CUST-2021-UK-000012,Billy,Moore,Billy Moore,Male,1973-05-07,billy.moore@icloud.com,(0191)4960329,"Flat 25v
Bell motorway",Judithmouth,Graceburgh,S2H 1EF,UK,United Kingdom,EMEA,English,Consumer,Gold,2021-03-22,2021,NEW,True,MDM,2021-03-22 00:00:00,2026-04-17 15:58:35.892269
e5c67edf-0fcd-4017-ac94-b70f24f32e45,CUST-2021-UK-000013,Trevor,North,Trevor North,Male,1972-10-24,trevor.north@protonmail.com,(0121)4960938,"Studio 2
Brooks shores",North Jade,West Mandy,SO9 3LW,UK,United Kingdom,EMEA,English,Business,Silver,2021-06-29,2021,NEW,True,MDM,2021-06-29 00:00:00,2026-04-17 15:58:35.892373
defe7473-0420-4b11-bdd5-512037acf8fc,CUST-2021-UK-000014,Tony,Craig,Tony Craig,Female,1955-05-10,tony.craig199@msn.com,+44(0)29 2018 0155,684 Annette run,Catherinehaven,Amelialand,M3 4EB,UK,United Kingdom,EMEA,English,Consumer,None,2021-10-04,2021,NEW,True,MDM,2021-10-04 00:00:00,2026-04-17 15:58:35.892460
9047fb15-389f-4648-8cd5-8a497bffecec,CUST-2021-UK-000015,Nicholas,Wood,Nicholas Wood,Male,2004-06-05,nicholas.wood178@yahoo.com,(0116) 4960722,7 Stevenson valleys,Clarkeport,West Markhaven,PL37 9RU,UK,United Kingdom,EMEA,English,Consumer,Silver,2021-02-07,2021,NEW,True,MDM,2021-02-07 00:00:00,2026-04-17 15:58:35.892586
15b3cfb2-61fd-4fde-81dd-8edf950f279b,CUST-2021-UK-000016,Sam,Watson,Sam Watson,Female,1962-05-29,sam.watson@gmx.com,(0131)4960496,30 Frederick views,New Lawrenceview,Port Eleanor,G63 3LS,UK,United Kingdom,EMEA,English,Consumer,None,2021-01-10,2021,NEW,True,MDM,2021-01-10 00:00:00,2026-04-17 15:58:35.892671
83fa1beb-b073-4c46-a6fa-dc6b8af3ed88,CUST-2021-UK-000017,Grace,Armstrong,Grace Armstrong,Male,1999-09-08,grace.armstrong@hotmail.com,+44(0)29 2018886,"Flat 2
Declan expressway",West Francismouth,Wendyton,B5U 1GL,UK,United Kingdom,EMEA,English,Education,None,2021-06-16,2021,NEW,False,MDM,2021-06-16 00:00:00,2026-04-17 15:58:35.892754
00179807-ba47-4100-86c1-9e1c07c864fc,CUST-2021-UK-000018,Carol,Long,Carol Long,Male,1999-06-15,carol.long@gmail.com,(0116) 496 0158,"Studio 54
Ruth garden",Haleborough,Port Rosiemouth,KA1 7LX,UK,United Kingdom,EMEA,English,Consumer,Platinum,2021-05-08,2021,NEW,True,MDM,2021-05-08 00:00:00,2026-04-17 15:58:35.892859
1e08d2b2-2037-4f47-b46e-25774864543c,CUST-2021-UK-000019,Jack,Bennett,Jack Bennett,Female,1977-01-19,jack.bennett@hotmail.com,0306 9990207,5 Tony hill,West Fiona,Hilarystad,G6K 1AB,UK,United Kingdom,EMEA,English,Consumer,None,2021-11-28,2021,NEW,True,MDM,2021-11-28 00:00:00,2026-04-17 15:58:35.892940
296d763e-acd2-4d99-a45c-a1d3aa90e29e,CUST-2021-UK-000020,Megan,Mills,Megan Mills,Male,1951-01-07,megan.mills140@msn.com,(028) 9018760,92 Jones locks,Longshire,Elizabethstad,EC3 3SP,UK,United Kingdom,EMEA,English,Consumer,None,2021-11-01,2021,NEW,True,MDM,2021-11-01 00:00:00,2026-04-17 15:58:35.893067
442d88e1-7099-4aea-a6cd-ffe9db4de505,CUST-2021-UK-000021,George,Harris,George Harris,Female,1979-02-27,george.harris@outlook.com,0113 496 0898,90 Hunter estates,Tracyland,Garnerfort,TR1M 7ZX,UK,United Kingdom,EMEA,English,Consumer,None,2021-02-10,2021,NEW,True,MDM,2021-02-10 00:00:00,2026-04-17 15:58:35.893192
f5cac848-4140-49e0-b1b7-43057e021bd5,CUST-2021-UK-000022,Dale,McCarthy,Dale McCarthy,Male,1991-02-14,dale.mccarthy694@outlook.com,0116 4960583,852 Johnson crossing,Mandyberg,Mathewtown,W5 7ND,UK,United Kingdom,EMEA,English,Consumer,None,2021-02-25,2021,NEW,True,MDM,2021-02-25 00:00:00,2026-04-17 15:58:35.893295
cb111e50-23d0-48c4-b753-24f2e4f7e72b,CUST-2021-UK-000023,Karen,Smith,Karen Smith,Female,1951-12-05,karen.smith@zoho.com,(01632)960777,"Studio 34Q
Charlie flat",Lake Leighmouth,West Janice,SL6N 4QW,UK,United Kingdom,EMEA,English,Consumer,None,2021-07-01,2021,NEW,True,MDM,2021-07-01 00:00:00,2026-04-17 15:58:35.893378
0ff949ee-070a-4eda-be3e-60aae3974a53,CUST-2021-UK-000024,Abdul,Griffin,Abdul Griffin,Male,1966-01-15,abdul.griffin@mail.com,+44118 4960113,"Flat 30
Beverley lake",New Mitchell,Georgiaview,E6U 1GN,UK,United Kingdom,EMEA,English,Consumer,None,2021-12-18,2021,NEW,True,MDM,2021-12-18 00:00:00,2026-04-17 15:58:35.893460
a0c88d23-972c-404c-b2c9-803b50591b4e,CUST-2021-UK-000025,Jay,Haynes,Jay Haynes,Male,2003-07-23,jay.haynes@aol.com,+44(0)808 1570777,5 Paul walk,Fowlershire,Lindseyshire,M62 3UU,UK,United Kingdom,EMEA,English,Consumer,None,2021-06-26,2021,NEW,True,MDM,2021-06-26 00:00:00,2026-04-17 15:58:35.893562
86de9cc2-f3ec-480a-aa6c-75634c560e3e,CUST-2021-UK-000026,Pauline,Wright,Pauline Wright,Female,1954-10-11,pauline.wright@outlook.com,0151 496 0543,576 Perry neck,South Benjamin,Lukefort,SY2 8PA,UK,United Kingdom,EMEA,English,Consumer,None,2021-01-11,2021,NEW,True,MDM,2021-01-11 00:00:00,2026-04-17 15:58:35.893665
c4ca71d3-d87e-4ee0-abe7-498134e06d7d,CUST-2021-UK-000027,Sarah,Griffiths,Sarah Griffiths,Female,2004-02-03,sarah.griffiths@mail.com,(0808) 1570587,"Studio 9
Rahman turnpike",Port Traceybury,Port Mauriceton,E9A 0JQ,UK,United Kingdom,EMEA,English,Consumer,Silver,2021-05-01,2021,NEW,True,MDM,2021-05-01 00:00:00,2026-04-17 15:58:35.893772
61984d1e-f6ec-4375-a93a-ef39d636f874,CUST-2021-UK-000028,Alexandra,Dunn,Alexandra Dunn,Male,2005-08-10,alexandra.dunn@live.com,+441164960990,"Studio 48J
Sam lodge",New Jenniferside,West Shirleychester,LU07 0YZ,UK,United Kingdom,EMEA,English,Consumer,Gold,2021-05-27,2021,NEW,True,MDM,2021-05-27 00:00:00,2026-04-17 15:58:35.893857
afcd0ded-8326-43fa-a4d2-e8afe9164ef6,CUST-2021-UK-000029,Denis,Porter,Denis Porter,Female,1961-07-31,denis.porter@live.com,(01632) 960738,8 Leon camp,West Marcus,Smithport,SK9P 1YL,UK,United Kingdom,EMEA,English,Consumer,Platinum,2021-04-13,2021,NEW,False,MDM,2021-04-13 00:00:00,2026-04-17 15:58:35.893958
72edf029-511b-4279-8851-520a27e3e3ed,CUST-2021-UK-000030,Kieran,Griffiths,Kieran Griffiths,Male,1998-02-15,kieran.griffiths@gmail.com,+44(0)1632 960709,"Studio 06d
Max streets",Port Katherine,Lawport,IV4P 1JT,UK,United Kingdom,EMEA,English,Consumer,None,2021-03-23,2021,NEW,True,MDM,2021-03-23 00:00:00,2026-04-17 15:58:35.894063
78518d5f-2f8f-49f8-aa83-139eb113f110,CUST-2021-UK-000031,George,Foster,George Foster,Female,2002-05-13,george.foster@gmail.com,+44(0)808 157 0269,"Flat 57q
Hancock lodge",Joefort,Jillshire,G5 8ZP,UK,United Kingdom,EMEA,English,Business,None,2021-08-30,2021,NEW,True,MDM,2021-08-30 00:00:00,2026-04-17 15:58:35.894169
7aeab996-1577-4be1-965c-07171326a625,CUST-2021-UK-000032,Henry,Tyler,Henry Tyler,Male,1956-06-10,henry.tyler@live.com,(0121) 496 0473,"Studio 45
Edwards mission",Brendashire,Knightchester,L6 9ED,UK,United Kingdom,EMEA,English,Education,Platinum,2021-12-26,2021,NEW,True,MDM,2021-12-26 00:00:00,2026-04-17 15:58:35.894294
ac73ba1d-f792-47ba-bdfa-21e90e67d302,CUST-2021-UK-000033,Abigail,Hopkins,Abigail Hopkins,Male,1965-09-04,abigail.hopkins@live.com,0808 157 0822,"Flat 76N
Liam stream",Sheilahaven,Port Keithland,L85 3HT,UK,United Kingdom,EMEA,English,Consumer,None,2021-06-24,2021,NEW,True,MDM,2021-06-24 00:00:00,2026-04-17 15:58:35.894379
32a5a99d-aeb8-4465-b6c1-697f3d9f82e0,CUST-2021-UK-000034,Mark,Johnston,Mark Johnston,Female,2006-06-03,mark.johnston@msn.com,+441174960450,"Flat 76
Darren junction",Port Albertport,Dennisstad,N6U 6LU,UK,United Kingdom,EMEA,English,Consumer,None,2021-09-19,2021,NEW,True,MDM,2021-09-19 00:00:00,2026-04-17 15:58:35.894461
ccf93d11-4bb6-4316-87ea-1db0cdb7b5b8,CUST-2021-UK-000035,Malcolm,Knowles,Malcolm Knowles,Male,1982-04-14,malcolm.knowles@gmx.com,+44(0)118 4960095,295 Coleman pike,Port Carlytown,West Dennis,B4E 2LG,UK,United Kingdom,EMEA,English,Consumer,None,2021-12-07,2021,NEW,True,MDM,2021-12-07 00:00:00,2026-04-17 15:58:35.894565
30a6a1b5-42dd-4660-8240-49f1c3ad0a2a,CUST-2021-UK-000036,Stanley,Lewis,Stanley Lewis,Male,2006-06-23,stanley.lewis@protonmail.com,+441174960215,94 Gareth glen,West Staceyfort,Port Holly,M08 6NU,UK,United Kingdom,EMEA,English,Consumer,Silver,2021-04-05,2021,NEW,True,MDM,2021-04-05 00:00:00,2026-04-17 15:58:35.894649
9be432d1-5bfc-4b8a-8ccc-6e8154b394a0,CUST-2021-UK-000037,Tony,Thompson,Tony Thompson,Female,1957-11-10,tony.thompson@zoho.com,+44(0)121 496 0230,810 Arnold harbor,New Stephenmouth,Hutchinsonhaven,LL34 5AT,UK,United Kingdom,EMEA,English,Consumer,None,2021-11-05,2021,NEW,True,MDM,2021-11-05 00:00:00,2026-04-17 15:58:35.894784
4c27f5bb-1729-4f9a-9444-dbcdbd6a53fe,CUST-2021-UK-000038,Jenna,Saunders,Jenna Saunders,Female,1988-06-04,jenna.saunders@live.com,+441134960317,059 Price gardens,Dianaside,Shepherdmouth,DD65 2JF,UK,United Kingdom,EMEA,English,Consumer,Silver,2021-10-06,2021,NEW,True,MDM,2021-10-06 00:00:00,2026-04-17 15:58:35.895013
68db812a-e764-43e1-a705-f896871002d2,CUST-2021-UK-000039,Damien,Jones,Damien Jones,Female,1985-03-29,damien.jones54@mail.com,+44(0)1184960729,19 Smith locks,Beverleyborough,Lake Darrenfurt,LL47 5BT,UK,United Kingdom,EMEA,English,Consumer,None,2021-10-25,2021,NEW,True,MDM,2021-10-25 00:00:00,2026-04-17 15:58:35.895147
94c90a6a-133f-4d73-8b1d-dade7d9ff662,CUST-2021-UK-000040,Sally,Marshall,Sally Marshall,Male,1950-06-08,sally.marshall19@gmail.com,+44(0)20 74960742,97 Paige flat,Port Mandyland,North Patrick,S2 3HD,UK,United Kingdom,EMEA,English,Consumer,None,2021-12-15,2021,NEW,True,MDM,2021-12-15 00:00:00,2026-04-17 15:58:35.895237
9d7eb800-97df-43a9-a606-4b8e6d8d6418,CUST-2021-UK-000041,Philip,Hall,Philip Hall,Male,1975-12-30,philip.hall@gmail.com,0117 496 0904,521 Natalie lane,Gloverfurt,Oliviaview,M91 2ZX,UK,United Kingdom,EMEA,English,Consumer,Platinum,2021-07-01,2021,NEW,True,MDM,2021-07-01 00:00:00,2026-04-17 15:58:35.895346
06ab89fd-35ea-4763-908e-15ea112ce8e9,CUST-2021-UK-000042,Joseph,Bailey,Joseph Bailey,Female,1961-02-19,joseph.bailey@gmail.com,+44(0)28 9018414,89 Hughes dam,Lake Gerard,New Stanleymouth,N3 7BJ,UK,United Kingdom,EMEA,English,Consumer,None,2021-05-16,2021,NEW,True,MDM,2021-05-16 00:00:00,2026-04-17 15:58:35.895453
4cf70a2f-5fe5-4d7d-80d4-0b65362b930f,CUST-2021-UK-000043,Grace,Taylor,Grace Taylor,Male,1994-10-08,grace.taylor865@live.com,+44(0)808 1570449,"Flat 7
Griffin rest",Rahmanberg,Port Joe,WF5B 2DD,UK,United Kingdom,EMEA,English,Consumer,None,2021-11-06,2021,NEW,True,MDM,2021-11-06 00:00:00,2026-04-17 15:58:35.895582
6b957565-bdcc-41ea-bf1e-7096c0cfdc68,CUST-2021-UK-000044,Colin,Edwards,Colin Edwards,Female,1977-11-05,colin.edwards@aol.com,0306 9990732,546 Jason well,Johnstad,Coxberg,SM3P 9AG,UK,United Kingdom,EMEA,English,Business,None,2021-03-05,2021,NEW,True,MDM,2021-03-05 00:00:00,2026-04-17 15:58:35.895687
3e46c5bb-2e84-4e74-b7d8-bb6c6d5698e3,CUST-2021-UK-000045,Bethany,Evans,Bethany Evans,Male,2005-01-30,bethany.evans398@outlook.com,+44(0)118 496 0882,01 Benjamin ways,East Irenechester,South Danny,HU5M 1RT,UK,United Kingdom,EMEA,English,Consumer,None,2021-03-07,2021,NEW,True,MDM,2021-03-07 00:00:00,2026-04-17 15:58:35.895773
2be466df-315b-4c63-bcf2-387c79e6a633,CUST-2021-UK-000046,Jean,Dixon,Jean Dixon,Female,1985-01-16,jean.dixon@gmx.com,+44(0)161 496 0375,"Flat 68i
Green camp",West Ross,O'Brienshire,G5 5BF,UK,United Kingdom,EMEA,English,Consumer,None,2021-04-08,2021,NEW,True,MDM,2021-04-08 00:00:00,2026-04-17 15:58:35.895904
0dd9fa89-69d1-4a86-88a6-a1e798043daa,CUST-2021-UK-000047,Terence,Nash,Terence Nash,Female,1998-03-04,terence.nash@live.com,+441914960553,4 Price trail,West Hilary,Smithmouth,SL5 8EU,UK,United Kingdom,EMEA,English,Consumer,Silver,2021-09-05,2021,NEW,True,MDM,2021-09-05 00:00:00,2026-04-17 15:58:35.896029
ccb23ecd-b08c-4447-b861-997e620ad692,CUST-2021-UK-000048,Gerald,Hayward,Gerald Hayward,Male,1986-04-04,gerald.hayward@live.com,(0306) 9990813,3 Joyce fields,Port Jonathanstad,South Yvonne,B56 3YN,UK,United Kingdom,EMEA,English,Business,None,2021-04-25,2021,NEW,False,MDM,2021-04-25 00:00:00,2026-04-17 15:58:35.896112
f3fec554-8d60-4504-a21c-2df3a5fe9990,CUST-2021-UK-000049,Daniel,Khan,Daniel Khan,Male,1959-02-12,daniel.khan@zoho.com,+44909 879 0946,"Studio 22c
Khan mountains",Jasmineport,Mohammedside,N91 7SE,UK,United Kingdom,EMEA,English,Consumer,Platinum,2021-10-20,2021,NEW,True,MDM,2021-10-20 00:00:00,2026-04-17 15:58:35.896219
47ece09a-6601-4d3f-a06e-e1ee6e99d80d,CUST-2021-UK-000050,Joshua,Carter,Joshua Carter,Male,1969-08-01,joshua.carter@protonmail.com,+44(0)289018171,68 Gareth court,Joeltown,South Caroleport,W9 6RD,UK,United Kingdom,EMEA,English,Consumer,None,2021-05-07,2021,NEW,True,MDM,2021-05-07 00:00:00,2026-04-17 15:58:35.896302
ac38f987-d445-4a29-a45a-63504ff76f09,CUST-2021-UK-000051,Jonathan,Hill,Jonathan Hill,Female,1960-05-22,jonathan.hill@gmail.com,+44131 496 0873,74 Nolan pine,Lake Beverleystad,Halefurt,NG7N 6JA,UK,United Kingdom,EMEA,English,Consumer,Silver,2021-10-03,2021,NEW,False,MDM,2021-10-03 00:00:00,2026-04-17 15:58:35.896432
5ee169c4-9fea-4920-8a6a-859ea81d6168,CUST-2021-UK-000052,Jordan,Harrison,Jordan Harrison,Female,1998-01-22,jordan.harrison@gmail.com,+441514960267,"Studio 75
Hawkins ferry",North Jake,South Natasha,M3 7RY,UK,United Kingdom,EMEA,English,Consumer,None,2021-12-06,2021,NEW,True,MDM,2021-12-06 00:00:00,2026-04-17 15:58:35.896536
74a4e880-7fb4-461f-86f3-298c9ff0f8e2,CUST-2021-UK-000053,Joel,Nicholls,Joel Nicholls,Female,1985-06-13,joel.nicholls@zoho.com,0121 4960536,1 Fiona springs,East Victorport,Ashtonfort,E1 6BG,UK,United Kingdom,EMEA,English,Consumer,Gold,2021-06-21,2021,NEW,True,MDM,2021-06-21 00:00:00,2026-04-17 15:58:35.896641
ed1a28ba-0af8-4822-b400-5a90cbf5cc9a,CUST-2021-UK-000054,Donald,Fitzgerald,Donald Fitzgerald,Male,1980-01-13,donald.fitzgerald@aol.com,+44(0)161 496 0252,"Studio 90
Wallace rue",Kellyhaven,Cherylborough,M2U 7UF,UK,United Kingdom,EMEA,English,Consumer,None,2021-02-14,2021,NEW,True,MDM,2021-02-14 00:00:00,2026-04-17 15:58:35.896770
0088ef36-5de9-464b-8eaa-2f5d5fa7d8e4,CUST-2021-UK-000055,Alice,Kelly,Alice Kelly,Male,1997-08-02,alice.kelly560@msn.com,+44116 4960545,07 Russell street,Derekfort,North Joelborough,PL4W 9NY,UK,United Kingdom,EMEA,English,Education,Gold,2021-12-05,2021,NEW,True,MDM,2021-12-05 00:00:00,2026-04-17 15:58:35.896877
b0167aff-995d-4856-8cd2-0366dfabcad2,CUST-2021-UK-000056,Jodie,Wilson,Jodie Wilson,Female,1957-12-29,jodie.wilson190@zoho.com,+44808 1570583,"Studio 67
Stephanie causeway",Georgialand,Lake Meganport,N9 6SJ,UK,United Kingdom,EMEA,English,Consumer,Platinum,2021-01-26,2021,NEW,True,MDM,2021-01-26 00:00:00,2026-04-17 15:58:35.896962
e72e5287-9851-46e2-bba1-6f2cd7fd508d,CUST-2021-UK-000057,Philip,Miller,Philip Miller,Male,1979-05-04,philip.miller@aol.com,+441414960157,1 Leonard ford,Christianfort,West Owenland,SM6 4FF,UK,United Kingdom,EMEA,English,Consumer,Silver,2021-07-18,2021,NEW,True,MDM,2021-07-18 00:00:00,2026-04-17 15:58:35.897044
039e40e8-77ce-409d-b269-38bea68f9c02,CUST-2021-UK-000058,Clive,Richardson,Clive Richardson,Female,1962-11-15,clive.richardson@mail.com,(028) 9018 0618,13 Iain ports,Hollymouth,Kieranfort,TD8R 6BS,UK,United Kingdom,EMEA,English,Consumer,Gold,2021-04-17,2021,NEW,True,MDM,2021-04-17 00:00:00,2026-04-17 15:58:35.897128
c5d22cc0-3f55-4e30-9b23-1b2c07f681cd,CUST-2021-UK-000059,Jemma,Townsend,Jemma Townsend,Male,1991-07-14,jemma.townsend@mail.com,+441632 960287,579 Mohammad overpass,New Jake,Hargreavesstad,M5 2WY,UK,United Kingdom,EMEA,English,Consumer,None,2021-10-18,2021,NEW,True,MDM,2021-10-18 00:00:00,2026-04-17 15:58:35.897235
63ffc2ba-4be6-44c5-a3d5-e2e2d32a8b9a,CUST-2021-UK-000060,Karen,Taylor,Karen Taylor,Female,1979-10-15,karen.taylor407@live.com,+44306 999 0722,921 Garry points,Beverleymouth,Port Kenneth,WS5V 1UB,UK,United Kingdom,EMEA,English,Consumer,None,2021-01-05,2021,NEW,True,MDM,2021-01-05 00:00:00,2026-04-17 15:58:35.897318
3505d7c0-8d54-458a-b004-908a4d948b3b,CUST-2021-UK-000061,Eileen,Armstrong,Eileen Armstrong,Female,1986-04-18,eileen.armstrong807@mail.com,+44(0)1184960664,804 Spencer junctions,West Kimchester,Chelseahaven,E2 3TF,UK,United Kingdom,EMEA,English,Consumer,Platinum,2021-04-21,2021,NEW,True,MDM,2021-04-21 00:00:00,2026-04-17 15:58:35.897423
af7315d8-1bb9-4e7e-b257-f0344c4cc624,CUST-2021-UK-000062,Jacob,Lewis,Jacob Lewis,Male,1992-01-23,jacob.lewis@msn.com,+4429 2018826,06 Norris creek,Lake Joshview,Holmesland,RH6 5JB,UK,United Kingdom,EMEA,English,Consumer,None,2021-05-01,2021,NEW,True,MDM,2021-05-01 00:00:00,2026-04-17 15:58:35.897553
93417f1d-e35e-47a2-94ab-3ebf7fb2a094,CUST-2021-UK-000063,Mathew,Taylor,Mathew Taylor,Male,2006-10-12,mathew.taylor571@protonmail.com,+44(0)117 496 0847,26 Leonard fords,Joelbury,Martinton,BS1 4UU,UK,United Kingdom,EMEA,English,Consumer,Silver,2021-03-07,2021,NEW,True,MDM,2021-03-07 00:00:00,2026-04-17 15:58:35.897633
af789b30-4a39-4220-a9b3-de8eae4ad051,CUST-2021-UK-000064,Jeffrey,Sharpe,Jeffrey Sharpe,Female,2004-01-12,jeffrey.sharpe706@yahoo.com,01134960687,193 Patterson place,Lake Antony,Terencechester,N6 8NZ,UK,United Kingdom,EMEA,English,Consumer,Silver,2021-11-01,2021,NEW,True,MDM,2021-11-01 00:00:00,2026-04-17 15:58:35.897736
bab748c8-aa37-430d-9281-fcbef4d20d18,CUST-2021-UK-000065,Tracey,Evans,Tracey Evans,Male,1956-01-23,tracey.evans@gmail.com,+44(0)1144960292,397 Jones throughway,Henryberg,Pottsfurt,UB58 2NA,UK,United Kingdom,EMEA,English,Consumer,Silver,2021-05-20,2021,NEW,True,MDM,2021-05-20 00:00:00,2026-04-17 15:58:35.897970
5a6f6980-d1db-408f-af73-ae4cc12c1bdc,CUST-2021-UK-000066,Carly,Cunningham,Carly Cunningham,Male,1977-04-05,carly.cunningham@protonmail.com,+44151 496 0125,81 Wright fork,West Martin,Lisamouth,M8S 3JU,UK,United Kingdom,EMEA,English,Consumer,Platinum,2021-11-18,2021,NEW,True,MDM,2021-11-18 00:00:00,2026-04-17 15:58:35.898135
d19b6825-a862-41fa-ad5c-e9ff4a8d8044,CUST-2021-UK-000067,Terry,Brown,Terry Brown,Male,2004-12-22,terry.brown@hotmail.com,+441134960783,2 Clark islands,West Kayleighberg,Stoneshire,M2S 7XA,UK,United Kingdom,EMEA,English,Consumer,None,2021-12-04,2021,NEW,True,MDM,2021-12-04 00:00:00,2026-04-17 15:58:35.898293
c7b35b90-e7f6-4c04-94e7-87326d52c216,CUST-2021-UK-000068,Patricia,Douglas,Patricia Douglas,Male,1989-04-16,patricia.douglas505@msn.com,+44306 999 0381,13 Judith tunnel,Douglastown,Scottstad,N6A 0WD,UK,United Kingdom,EMEA,English,Consumer,None,2021-11-25,2021,NEW,True,MDM,2021-11-25 00:00:00,2026-04-17 15:58:35.898393
99236640-ed43-4a26-84a2-3d00aa6447a3,CUST-2021-UK-000069,Craig,Jenkins,Craig Jenkins,Male,1979-08-30,craig.jenkins@yahoo.com,+44(0)909 8790451,44 Brian canyon,South Katherine,Turnerbury,HX0 4HT,UK,United Kingdom,EMEA,English,Consumer,Gold,2021-06-22,2021,NEW,True,MDM,2021-06-22 00:00:00,2026-04-17 15:58:35.898510
da7508c1-3dcf-441c-8ae3-963354ecde93,CUST-2021-UK-000070,Arthur,Morris,Arthur Morris,Male,1996-09-03,arthur.morris@outlook.com,+44306 9990045,75 Philip points,Freemanside,Port Paula,SM49 0RQ,UK,United Kingdom,EMEA,English,Business,Gold,2021-08-25,2021,NEW,True,MDM,2021-08-25 00:00:00,2026-04-17 15:58:35.898632
7ae60b1b-8d7d-42f5-a6b9-1340086b8cca,CUST-2021-UK-000071,Ricky,Lamb,Ricky Lamb,Male,1953-10-24,ricky.lamb614@gmx.com,(0113)4960764,"Flat 61n
Pickering forge",South David,Port Gavinside,WA73 9PY,UK,United Kingdom,EMEA,English,Consumer,None,2021-02-18,2021,NEW,False,MDM,2021-02-18 00:00:00,2026-04-17 15:58:35.898758
5f70698a-b9a4-4a78-92ae-3be278593073,CUST-2021-UK-000072,Kate,Hall,Kate Hall,Male,1969-08-08,kate.hall136@mail.com,+44116 496 0956,88 Evans run,Derekmouth,Daniellechester,DG41 8LD,UK,United Kingdom,EMEA,English,Consumer,None,2021-03-28,2021,NEW,True,MDM,2021-03-28 00:00:00,2026-04-17 15:58:35.898874
4dfc8f99-1959-47b9-9b26-81fbb8060b33,CUST-2021-UK-000073,Russell,Smith,Russell Smith,Male,1998-04-30,russell.smith@outlook.com,0118 4960339,"Flat 32
Carter branch",Mossstad,Joshuaside,PH01 0YH,UK,United Kingdom,EMEA,English,Consumer,Gold,2021-10-16,2021,NEW,False,MDM,2021-10-16 00:00:00,2026-04-17 15:58:35.899017
8d4946d0-473e-46b2-aa73-f95a462bf016,CUST-2021-UK-000074,Paula,Bennett,Paula Bennett,Female,1994-02-16,paula.bennett@gmail.com,+441184960367,3 Patricia island,East Elliott,Lake Mollyshire,SN17 5ER,UK,United Kingdom,EMEA,English,Business,None,2021-06-10,2021,NEW,True,MDM,2021-06-10 00:00:00,2026-04-17 15:58:35.899103
68b6ab81-6071-4026-b7b7-21fb053cbac8,CUST-2021-UK-000075,Roger,Banks,Roger Banks,Female,2004-06-14,roger.banks@aol.com,+4428 9018439,"Flat 3
Mohammad street",South George,New Katie,TR55 8NF,UK,United Kingdom,EMEA,English,Business,Silver,2021-12-21,2021,NEW,False,MDM,2021-12-21 00:00:00,2026-04-17 15:58:35.899191
0f250cf6-c70a-4c37-83e9-5e248ed97fb3,CUST-2021-UK-000076,Frank,Miah,Frank Miah,Female,1996-05-12,frank.miah@aol.com,+4428 9018254,"Studio 30m
Brandon way",Mariachester,North Martyn,N3 4XX,UK,United Kingdom,EMEA,English,Consumer,None,2021-10-26,2021,NEW,True,MDM,2021-10-26 00:00:00,2026-04-17 15:58:35.899280
b0099f93-6e40-4b82-bb31-83900d8f33ae,CUST-2021-UK-000077,Lynn,Gray,Lynn Gray,Male,1950-08-27,lynn.gray696@msn.com,+44(0)113 496 0969,32 Davis mountains,East Martynport,Deanville,W9E 7FP,UK,United Kingdom,EMEA,English,Consumer,None,2021-03-09,2021,NEW,True,MDM,2021-03-09 00:00:00,2026-04-17 15:58:35.899419
406318c6-a561-4573-a0b2-9a5b0158659e,CUST-2021-UK-000078,Toby,Lewis,Toby Lewis,Male,1961-12-24,toby.lewis@outlook.com,+44161 4960728,"Flat 31s
Jones expressway",Debraview,Winterchester,SW1 9XZ,UK,United Kingdom,EMEA,English,Consumer,Platinum,2021-10-15,2021,NEW,True,MDM,2021-10-15 00:00:00,2026-04-17 15:58:35.899558
c6a99b0c-6473-4ec2-9e7c-b1cccd2ac088,CUST-2021-UK-000079,Rosemary,Robinson,Rosemary Robinson,Female,1983-03-31,rosemary.robinson@hotmail.com,0141 4960075,"Studio 59s
Smith trail",Lawrencebury,New Francesca,DG6M 9FU,UK,United Kingdom,EMEA,English,Consumer,Silver,2021-01-09,2021,NEW,True,MDM,2021-01-09 00:00:00,2026-04-17 15:58:35.899732
5f5215f1-4f56-4537-b2eb-724fd046ddbb,CUST-2021-UK-000080,Naomi,Wilson,Naomi Wilson,Female,1968-09-17,naomi.wilson@zoho.com,(0114)4960235,620 Eric brook,Jonesview,East Tracy,G73 9ZD,UK,United Kingdom,EMEA,English,Education,Gold,2021-12-10,2021,NEW,True,MDM,2021-12-10 00:00:00,2026-04-17 15:58:35.899849
b6e1d394-efb0-4352-bf72-d1ae2288c83d,CUST-2021-UK-000081,Albert,Smith,Albert Smith,Male,1978-06-07,albert.smith@icloud.com,01164960376,6 Ashley ports,Brandonhaven,Port Duncan,S0H 4AW,UK,United Kingdom,EMEA,English,Consumer,Gold,2021-04-23,2021,NEW,True,MDM,2021-04-23 00:00:00,2026-04-17 15:58:35.899931
c0f8ec5f-ffe1-4fac-bcb4-f5ca43d1ac7c,CUST-2021-UK-000082,Pauline,Daly,Pauline Daly,Female,1951-01-05,pauline.daly@outlook.com,+44(0)1614960993,"Flat 90J
Simpson canyon",Edwardsfurt,Cookmouth,L0 2SD,UK,United Kingdom,EMEA,English,Consumer,Platinum,2021-05-04,2021,NEW,True,MDM,2021-05-04 00:00:00,2026-04-17 15:58:35.900080
b8d7e3f1-3a3b-41d0-8e86-4b826de9bff9,CUST-2021-UK-000083,Mohamed,Law,Mohamed Law,Female,1967-11-21,mohamed.law@zoho.com,+44(0)113 496 0516,"Flat 41
Howard summit",Jamesfort,Dianefort,S4B 5ZR,UK,United Kingdom,EMEA,English,Consumer,None,2021-12-11,2021,NEW,True,MDM,2021-12-11 00:00:00,2026-04-17 15:58:35.900166
2cce3ebf-1b19-4823-89c8-3665941d9568,CUST-2021-UK-000084,Terry,Goodwin,Terry Goodwin,Male,1993-05-06,terry.goodwin533@msn.com,(0121)4960764,803 Norman loaf,Tonytown,Natashamouth,S4 9SP,UK,United Kingdom,EMEA,English,Consumer,None,2021-03-11,2021,NEW,True,MDM,2021-03-11 00:00:00,2026-04-17 15:58:35.900249
ef21e3e4-0b80-4c7e-a5d7-35336ab79403,CUST-2021-UK-000085,Gerald,Carr,Gerald Carr,Male,1965-10-02,gerald.carr@protonmail.com,0191 498 0639,"Flat 43
Murray summit",West Anne,Evansside,N9J 2RT,UK,United Kingdom,EMEA,English,Consumer,None,2021-01-14,2021,NEW,True,MDM,2021-01-14 00:00:00,2026-04-17 15:58:35.900375
46fc5302-8059-4c47-b976-ab9096b84118,CUST-2021-UK-000086,Robert,Kaur,Robert Kaur,Female,1979-03-22,robert.kaur@gmail.com,03069990838,275 Smith curve,Hayneston,Bakerport,SM28 8TQ,UK,United Kingdom,EMEA,English,Consumer,Silver,2021-12-03,2021,NEW,True,MDM,2021-12-03 00:00:00,2026-04-17 15:58:35.900522
31f3a2ce-aecd-45b3-b369-ca6473803b8d,CUST-2021-UK-000087,Lewis,Stevens,Lewis Stevens,Female,1963-05-15,lewis.stevens@gmx.com,+44161 4960887,"Studio 43
Morgan parks",North Louise,Mitchellville,NE58 9YZ,UK,United Kingdom,EMEA,English,Consumer,Silver,2021-07-05,2021,NEW,True,MDM,2021-07-05 00:00:00,2026-04-17 15:58:35.900651
3128588a-ffb0-4caa-8ad9-0063f3d7395b,CUST-2021-UK-000088,Victor,Edwards,Victor Edwards,Female,2007-03-12,victor.edwards@mail.com,(0114) 496 0227,"Flat 92h
Megan knoll",East Elliot,New Jadeview,UB5 7BR,UK,United Kingdom,EMEA,English,Consumer,Silver,2021-04-26,2021,NEW,True,MDM,2021-04-26 00:00:00,2026-04-17 15:58:35.900735
97346194-8777-44e4-844f-fd40ad42ce00,CUST-2021-UK-000089,Paul,Wells,Paul Wells,Female,1981-06-27,paul.wells@icloud.com,01514960579,"Flat 06F
Clarke drive",Deanmouth,East Rachael,WV7R 5WZ,UK,United Kingdom,EMEA,English,Consumer,None,2021-07-05,2021,NEW,True,MDM,2021-07-05 00:00:00,2026-04-17 15:58:35.900840
839b6b1d-315a-4106-9ebc-99568004313b,CUST-2021-UK-000090,John,Rhodes,John Rhodes,Female,1962-03-21,john.rhodes@live.com,(0117)4960875,03 Chan drive,South Joseph,Port Lisa,G51 2PS,UK,United Kingdom,EMEA,English,Education,None,2021-04-19,2021,NEW,False,MDM,2021-04-19 00:00:00,2026-04-17 15:58:35.900941
3e23daa0-96af-484e-807c-0a731438f0b1,CUST-2021-UK-000091,Jonathan,Young,Jonathan Young,Female,1963-06-13,jonathan.young@live.com,(0114)4960160,9 Claire avenue,East Holliechester,Port Conor,G3 2GB,UK,United Kingdom,EMEA,English,Education,Platinum,2021-06-07,2021,NEW,True,MDM,2021-06-07 00:00:00,2026-04-17 15:58:35.901021
4a0854b3-38be-4066-90ae-59d23a9eb108,CUST-2021-UK-000092,Fiona,Bell,Fiona Bell,Female,1991-07-25,fiona.bell@mail.com,+44191 4960624,945 Day vista,Timothyside,Port Ruthborough,G9T 1LG,UK,United Kingdom,EMEA,English,Business,Silver,2021-01-19,2021,NEW,True,MDM,2021-01-19 00:00:00,2026-04-17 15:58:35.901127
5ff2f748-b67a-4adf-a693-53a06d2a7338,CUST-2021-UK-000093,Hilary,Wilson,Hilary Wilson,Male,1990-11-23,hilary.wilson@msn.com,+44113 4960741,"Flat 25w
Grace harbors",Smithside,South Michelle,M1 0EU,UK,United Kingdom,EMEA,English,Consumer,Platinum,2021-05-22,2021,NEW,True,MDM,2021-05-22 00:00:00,2026-04-17 15:58:35.901234
80bb0eac-6642-4adc-824a-46e81e2a142d,CUST-2021-UK-000094,Graeme,Cross,Graeme Cross,Female,1970-09-21,graeme.cross@outlook.com,(028) 9018 0384,90 Lynda ports,South Marialand,Joestad,B2F 1TZ,UK,United Kingdom,EMEA,English,Consumer,None,2021-02-17,2021,NEW,True,MDM,2021-02-17 00:00:00,2026-04-17 15:58:35.901316
c83f7488-754e-43b3-80af-3a0fdc768b33,CUST-2021-UK-000095,Jacob,Ball,Jacob Ball,Female,1966-08-18,jacob.ball@gmx.com,(01632) 960 931,91 Lindsey highway,Deborahburgh,Russellborough,G1S 8GE,UK,United Kingdom,EMEA,English,Consumer,None,2021-08-01,2021,NEW,True,MDM,2021-08-01 00:00:00,2026-04-17 15:58:35.901397
4c388af9-4278-4f75-8ad4-afc945e37d7c,CUST-2021-UK-000096,Lewis,Morgan,Lewis Morgan,Male,1960-01-04,lewis.morgan@hotmail.com,(0161) 4960889,"Studio 36
Sullivan haven",Nigelview,Robinsonburgh,DG5M 1JY,UK,United Kingdom,EMEA,English,Consumer,Silver,2021-11-20,2021,NEW,True,MDM,2021-11-20 00:00:00,2026-04-17 15:58:35.901522
6df25b6e-2c45-4813-90ca-4d8c9d2040fc,CUST-2021-UK-000097,Sharon,Carr,Sharon Carr,Female,1971-05-02,sharon.carr@aol.com,+44(0)114 496 0335,"Studio 29G
Roberts ferry",Clarkebury,New Dawn,G48 6BW,UK,United Kingdom,EMEA,English,Business,None,2021-04-13,2021,NEW,True,MDM,2021-04-13 00:00:00,2026-04-17 15:58:35.901648
302c81f1-bd13-45e8-86eb-bd2a22da2492,CUST-2021-UK-000098,Julia,White,Julia White,Female,1958-05-19,julia.white@gmail.com,+44(0)1184960508,71 Jason avenue,Poolefort,Mitchellfort,DL08 3YF,UK,United Kingdom,EMEA,English,Education,None,2021-08-07,2021,NEW,True,MDM,2021-08-07 00:00:00,2026-04-17 15:58:35.901772
15c7c0dc-0703-4b18-80a9-f038c279574d,CUST-2021-UK-000099,Craig,Hill,Craig Hill,Female,1970-06-17,craig.hill859@live.com,+44(0)9098790591,5 Katie extension,Port Peter,Justinburgh,G9 1XP,UK,United Kingdom,EMEA,English,Consumer,Platinum,2021-07-07,2021,NEW,True,MDM,2021-07-07 00:00:00,2026-04-17 15:58:35.901852
92d9e597-7880-4caa-883b-10277a798571,CUST-2021-UK-000100,Susan,Tyler,Susan Tyler,Male,1980-12-25,susan.tyler408@outlook.com,(0121)4960193,"Studio 37
Gail pines",South Shirley,North Joanfurt,CM50 7WU,UK,United Kingdom,EMEA,English,Consumer,None,2021-03-02,2021,NEW,True,MDM,2021-03-02 00:00:00,2026-04-17 15:58:35.901935
8ceffccb-365c-4278-a444-ec6aed6bf7e8,CUST-2021-UK-000101,Debra,Harrison,Debra Harrison,Male,1976-06-03,debra.harrison@zoho.com,(029) 2018678,99 Kim mews,Billyshire,Lake Sheila,N7W 0ZE,UK,United Kingdom,EMEA,English,Consumer,Gold,2021-02-22,2021,NEW,True,MDM,2021-02-22 00:00:00,2026-04-17 15:58:35.902015
30d0de8a-6bf8-4962-b9fd-fa990d512ee7,CUST-2021-UK-000102,Melissa,Byrne,Melissa Byrne,Male,1965-08-08,melissa.byrne@gmail.com,+441184960229,086 Douglas crescent,Port Abdul,Seanfurt,AL4 7HQ,UK,United Kingdom,EMEA,English,Education,Gold,2021-04-10,2021,NEW,True,MDM,2021-04-10 00:00:00,2026-04-17 15:58:35.902096
110c2fed-848d-4448-baa4-b1f8b5e17a0f,CUST-2021-UK-000103,Leslie,Morgan,Leslie Morgan,Male,1980-03-01,leslie.morgan272@msn.com,029 2018 0873,3 Young lane,Woodstad,Watsonchester,G35 4AN,UK,United Kingdom,EMEA,English,Consumer,None,2021-12-25,2021,NEW,True,MDM,2021-12-25 00:00:00,2026-04-17 15:58:35.902247
910d1407-c07a-47a9-87b5-6aac886851b6,CUST-2021-UK-000104,Heather,Taylor,Heather Taylor,Female,1987-04-28,heather.taylor@live.com,0131 496 0882,69 Burke dam,Brownstad,Walkerside,NE4 2AS,UK,United Kingdom,EMEA,English,Consumer,None,2021-06-23,2021,NEW,True,MDM,2021-06-23 00:00:00,2026-04-17 15:58:35.902398
fe9ed349-0814-4aea-88c9-9a7b9caf4120,CUST-2021-UK-000105,Leah,John,Leah John,Female,1997-05-31,leah.john@aol.com,(0306) 999 0246,789 Higgins wells,Hollieburgh,Rosemaryton,KA0 1AG,UK,United Kingdom,EMEA,English,Consumer,Platinum,2021-11-18,2021,NEW,True,MDM,2021-11-18 00:00:00,2026-04-17 15:58:35.902499
e5e18b28-e9b7-4745-8258-9817eddf30cd,CUST-2021-UK-000106,Sian,Lewis,Sian Lewis,Female,1970-05-07,sian.lewis@protonmail.com,+44113 496 0106,4 Abdul circle,Baileychester,Hawkinsburgh,RG2E 0NT,UK,United Kingdom,EMEA,English,Consumer,Gold,2021-01-17,2021,NEW,True,MDM,2021-01-17 00:00:00,2026-04-17 15:58:35.902623
11528d71-1b85-4e3b-8e26-dbebe68ffc3e,CUST-2021-UK-000107,Sally,Gray,Sally Gray,Female,1959-09-06,sally.gray@live.com,+441314960573,3 Nicola circles,Pearsonville,Geraldshire,YO3R 2EY,UK,United Kingdom,EMEA,English,Business,None,2021-12-25,2021,NEW,True,MDM,2021-12-25 00:00:00,2026-04-17 15:58:35.902724
ce1d501e-55b3-421c-a83f-a5cf9fc3df5a,CUST-2021-UK-000108,Frank,Brown,Frank Brown,Male,1956-01-25,frank.brown667@aol.com,0151 496 0419,"Studio 46h
Jones extension",Patriciaburgh,East Jamesfurt,DT80 9PR,UK,United Kingdom,EMEA,English,Consumer,Silver,2021-09-26,2021,NEW,True,MDM,2021-09-26 00:00:00,2026-04-17 15:58:35.902830
879c2c59-2fc5-4467-ad62-5f1cf33baaaf,CUST-2021-UK-000109,Jemma,Davies,Jemma Davies,Female,1998-02-07,jemma.davies917@outlook.com,(0114) 4960004,63 Lee brook,Campbellville,Patriciaborough,LU1 3WH,UK,United Kingdom,EMEA,English,Consumer,None,2021-12-04,2021,NEW,True,MDM,2021-12-04 00:00:00,2026-04-17 15:58:35.902955
6eadce51-fa10-42bc-a78e-d1828d8faf28,CUST-2021-UK-000110,Sandra,Campbell,Sandra Campbell,Male,1965-01-24,sandra.campbell@outlook.com,(0909) 8790865,1 Hughes lodge,Port Francisside,Reedport,BH4N 2BD,UK,United Kingdom,EMEA,English,Consumer,None,2021-09-03,2021,NEW,True,MDM,2021-09-03 00:00:00,2026-04-17 15:58:35.903081
a399f4f9-a600-4d86-b99b-1e6b7f5be2c4,CUST-2021-UK-000111,Ronald,Richards,Ronald Richards,Male,1966-08-24,ronald.richards836@mail.com,+44(0)1164960433,5 Booth mission,Mitchellmouth,Pottsside,ME0 8PY,UK,United Kingdom,EMEA,English,Consumer,None,2021-12-28,2021,NEW,True,MDM,2021-12-28 00:00:00,2026-04-17 15:58:35.903240
e1b27ad3-490a-4365-b702-36d8b1f71e6b,CUST-2021-UK-000112,Dennis,Thorpe,Dennis Thorpe,Female,1952-02-21,dennis.thorpe@gmx.com,(0909) 8790307,371 Yates heights,Marsdenland,Connollyton,W42 1BG,UK,United Kingdom,EMEA,English,Education,Silver,2021-07-23,2021,NEW,True,MDM,2021-07-23 00:00:00,2026-04-17 15:58:35.903390
58db6906-3311-49d0-9ec0-a33e1015a4e5,CUST-2021-UK-000113,Tom,Khan,Tom Khan,Female,2005-12-10,tom.khan@gmail.com,+441214960654,3 Smith vista,Morrisborough,Lydiaberg,WN6 4ND,UK,United Kingdom,EMEA,English,Consumer,Gold,2021-09-29,2021,NEW,True,MDM,2021-09-29 00:00:00,2026-04-17 15:58:35.903514
036f7316-bacd-4608-b8fc-8b32594547aa,CUST-2021-UK-000114,Dawn,Mitchell,Dawn Mitchell,Female,1953-06-18,dawn.mitchell447@gmx.com,+441134960909,"Studio 28b
Taylor causeway",Samuelview,Danielbury,G9 8AZ,UK,United Kingdom,EMEA,English,Consumer,None,2021-12-08,2021,NEW,True,MDM,2021-12-08 00:00:00,2026-04-17 15:58:35.903617
b1fbb92e-718e-49d3-bef3-077a29c87b62,CUST-2021-UK-000115,Reece,Barker,Reece Barker,Male,1994-01-01,reece.barker@protonmail.com,0118 496 0327,"Flat 0
Declan crescent",Dyerville,Nolanville,M2 5JP,UK,United Kingdom,EMEA,English,Consumer,None,2021-10-30,2021,NEW,True,MDM,2021-10-30 00:00:00,2026-04-17 15:58:35.903740
9db2e01a-e395-4dc4-9202-4462903234a6,CUST-2021-UK-000116,Victor,Kemp,Victor Kemp,Female,2001-06-20,victor.kemp834@zoho.com,+44(0)161 496 0192,413 West causeway,Jodieton,Francisville,SP40 5WE,UK,United Kingdom,EMEA,English,Business,Platinum,2021-12-14,2021,NEW,True,MDM,2021-12-14 00:00:00,2026-04-17 15:58:35.903843
1bd7088f-8a29-47e8-8055-440a7beccf51,CUST-2021-UK-000117,Gerald,Lee,Gerald Lee,Male,1962-02-27,gerald.lee804@gmx.com,0116 496 0702,"Studio 7
Liam streets",Arnoldchester,Beverleyborough,HP1 5ZT,UK,United Kingdom,EMEA,English,Business,Gold,2021-02-27,2021,NEW,True,MDM,2021-02-27 00:00:00,2026-04-17 15:58:35.903945
baa46de5-2210-424e-adfb-2346957cc153,CUST-2021-UK-000118,Matthew,Fitzgerald,Matthew Fitzgerald,Female,1967-10-24,matthew.fitzgerald@aol.com,(020) 7496 0264,763 Margaret burg,Nathanchester,Grahamfurt,CH4 5TZ,UK,United Kingdom,EMEA,English,Consumer,None,2021-08-09,2021,NEW,True,MDM,2021-08-09 00:00:00,2026-04-17 15:58:35.904029
ac7758ae-1d92-45d9-9224-826e51dc88ec,CUST-2021-UK-000119,Malcolm,North,Malcolm North,Female,2003-09-04,malcolm.north@mail.com,03069990866,"Flat 58w
Clarke camp",New Jayneberg,Smithborough,M5 1NY,UK,United Kingdom,EMEA,English,Consumer,None,2021-10-26,2021,NEW,True,MDM,2021-10-26 00:00:00,2026-04-17 15:58:35.904155
bf47e2c0-97d8-4138-b3f3-6e87e0eae107,CUST-2021-UK-000120,Frank,Long,Frank Long,Male,1986-09-05,frank.long844@live.com,+44(0)118 4960196,"Studio 4
Ward drive",Port Lee,Sianton,SR4E 9AD,UK,United Kingdom,EMEA,English,Consumer,None,2021-10-19,2021,NEW,True,MDM,2021-10-19 00:00:00,2026-04-17 15:58:35.904257
e1948304-8902-4abd-ae30-8667441f0120,CUST-2021-UK-000121,Jonathan,Dobson,Jonathan Dobson,Female,2000-01-12,jonathan.dobson@gmail.com,+44(0)9098790476,34 Curtis plains,South Mollyville,Lake Shaun,WR0V 3QS,UK,United Kingdom,EMEA,English,Business,Platinum,2021-11-12,2021,NEW,True,MDM,2021-11-12 00:00:00,2026-04-17 15:58:35.904362
44f45689-020c-4e65-95b0-c75b214aff5a,CUST-2021-UK-000122,Shirley,Martin,Shirley Martin,Male,1972-08-02,shirley.martin@gmx.com,+44116 496 0714,"Studio 52p
Jayne terrace",North Bruceside,Melanieport,E6T 7EE,UK,United Kingdom,EMEA,English,Business,Silver,2021-07-14,2021,NEW,True,MDM,2021-07-14 00:00:00,2026-04-17 15:58:35.904445
0f6a8a2d-9200-49b5-acc6-75d88817b993,CUST-2021-UK-000123,Annette,Davies,Annette Davies,Male,1968-03-25,annette.davies@msn.com,+44(0)1154960049,773 Ryan knolls,East Henrychester,Coatesmouth,WF8 9JP,UK,United Kingdom,EMEA,English,Consumer,None,2021-04-08,2021,NEW,True,MDM,2021-04-08 00:00:00,2026-04-17 15:58:35.904571
2fa0e73a-5244-4056-8c95-93e8e8ddd877,CUST-2021-UK-000124,Charlene,Jackson,Charlene Jackson,Female,1961-06-21,charlene.jackson@msn.com,01632960995,447 Brett way,East Martynville,North Bryan,PO7N 1UY,UK,United Kingdom,EMEA,English,Consumer,Gold,2021-01-14,2021,NEW,True,MDM,2021-01-14 00:00:00,2026-04-17 15:58:35.904652
ce8c3d12-3a7b-4277-a370-fe61055aa039,CUST-2021-UK-000125,Hannah,Kelly,Hannah Kelly,Male,1988-08-18,hannah.kelly@protonmail.com,+44117 496 0160,"Studio 57j
Walker dam",North Iainview,Bakerfort,E6J 7UX,UK,United Kingdom,EMEA,English,Consumer,None,2021-08-02,2021,NEW,True,MDM,2021-08-02 00:00:00,2026-04-17 15:58:35.904779
c264addf-5f0e-42c9-a996-b74b8760d9aa,CUST-2021-UK-000126,Robert,Francis,Robert Francis,Male,1989-04-09,robert.francis@msn.com,0113 4960404,"Studio 99
Collins harbors",Jackville,New Lesley,E1F 5GP,UK,United Kingdom,EMEA,English,Consumer,Gold,2021-12-15,2021,NEW,True,MDM,2021-12-15 00:00:00,2026-04-17 15:58:35.904881
b7fa8450-b569-45ca-b022-6b6b6153abbc,CUST-2021-UK-000127,Helen,Richards,Helen Richards,Female,2006-05-01,helen.richards727@zoho.com,+44(0)121 496 0385,279 Davison radial,South Brettborough,Port Karlberg,L9E 4PX,UK,United Kingdom,EMEA,English,Business,None,2021-12-27,2021,NEW,True,MDM,2021-12-27 00:00:00,2026-04-17 15:58:35.904987
a9221fb1-58a3-4cd0-b0d1-74639639fb9e,CUST-2021-UK-000128,Abigail,Hilton,Abigail Hilton,Female,1972-02-19,abigail.hilton@icloud.com,(0121) 496 0726,23 Clark fields,East Bruce,West Linda,KY8 8AD,UK,United Kingdom,EMEA,English,Business,Platinum,2021-08-04,2021,NEW,True,MDM,2021-08-04 00:00:00,2026-04-17 15:58:35.905087
f24398bf-7ecb-46b8-977d-aa42564baab5,CUST-2021-UK-000129,Oliver,Evans,Oliver Evans,Male,1996-05-23,oliver.evans@hotmail.com,(0118) 4960533,1 Benson ranch,East Cameronview,Anneport,OL6 0LX,UK,United Kingdom,EMEA,English,Consumer,Gold,2021-11-11,2021,NEW,True,MDM,2021-11-11 00:00:00,2026-04-17 15:58:35.905192
829fef0d-33a7-44e9-864e-1d70f4dfad18,CUST-2021-UK-000130,Marilyn,Kirby,Marilyn Kirby,Female,1958-10-19,marilyn.kirby39@aol.com,+441154960540,8 Marcus spring,Brandonton,Timothymouth,L0 6TY,UK,United Kingdom,EMEA,English,Consumer,Gold,2021-11-19,2021,NEW,True,MDM,2021-11-19 00:00:00,2026-04-17 15:58:35.905270
bd0e9aae-d34d-4073-9d50-1064c8e0a391,CUST-2021-UK-000131,Darren,Collins,Darren Collins,Male,1970-03-28,darren.collins@outlook.com,+44141 496 0741,7 Webb stream,Sharpburgh,Craigland,HX34 4NJ,UK,United Kingdom,EMEA,English,Consumer,None,2021-09-11,2021,NEW,True,MDM,2021-09-11 00:00:00,2026-04-17 15:58:35.905393
db0eab6d-478c-49ad-a865-9ca292b394a3,CUST-2021-UK-000132,Jenna,Morton,Jenna Morton,Female,1963-12-22,jenna.morton467@gmail.com,(020)74960471,"Studio 6
Russell dam",Janicechester,Curtismouth,N74 9TN,UK,United Kingdom,EMEA,English,Consumer,None,2021-05-04,2021,NEW,True,MDM,2021-05-04 00:00:00,2026-04-17 15:58:35.905496
733cc232-d0cb-4291-a5d4-c3f789c38f97,CUST-2021-UK-000133,Jill,Harvey,Jill Harvey,Female,1988-01-20,jill.harvey@live.com,0116 496 0140,"Studio 3
Ben terrace",Daviesfort,Rebeccashire,LD8B 6BJ,UK,United Kingdom,EMEA,English,Consumer,None,2021-07-19,2021,NEW,True,MDM,2021-07-19 00:00:00,2026-04-17 15:58:35.905599
8f923944-0886-438c-9c07-5de31e128dac,CUST-2021-UK-000134,Michelle,Wong,Michelle Wong,Female,1979-08-30,michelle.wong901@zoho.com,(0118) 4960902,8 Julie unions,Jonathanton,South Marionfort,EN68 8LD,UK,United Kingdom,EMEA,English,Consumer,None,2021-04-18,2021,NEW,True,MDM,2021-04-18 00:00:00,2026-04-17 15:58:35.905680
19ec933c-35cf-4d61-b24d-e71de243c10e,CUST-2021-UK-000135,Thomas,Evans,Thomas Evans,Female,1999-10-17,thomas.evans860@gmx.com,0114 4960903,"Flat 95v
Vincent road",North Amybury,Jodiemouth,L8 7HJ,UK,United Kingdom,EMEA,English,Consumer,Silver,2021-07-24,2021,NEW,True,MDM,2021-07-24 00:00:00,2026-04-17 15:58:35.905763
77b521da-1243-47f9-90f6-431fdc517bc5,CUST-2021-UK-000136,Christopher,Hamilton,Christopher Hamilton,Male,1979-01-16,christopher.hamilton@yahoo.com,+44(0)115 496 0740,"Flat 1
Darren rue",Phillipmouth,West Dawn,G1U 7RB,UK,United Kingdom,EMEA,English,Consumer,Gold,2021-12-26,2021,NEW,True,MDM,2021-12-26 00:00:00,2026-04-17 15:58:35.905846
d370ed57-844f-47ed-81fd-3dd4f47100a6,CUST-2021-UK-000137,Reece,Elliott,Reece Elliott,Male,1956-12-17,reece.elliott@protonmail.com,(0161) 496 0574,7 Lloyd corners,West Danielle,South Jessica,KY6 2WJ,UK,United Kingdom,EMEA,English,Consumer,None,2021-06-27,2021,NEW,True,MDM,2021-06-27 00:00:00,2026-04-17 15:58:35.905946
4b7f6a8b-7c71-49c1-b407-1b9e7f3795a0,CUST-2021-UK-000138,Emily,Reynolds,Emily Reynolds,Male,1985-10-01,emily.reynolds531@outlook.com,(029) 2018 0802,"Studio 4
Norman pike",New Louistown,Mohammedchester,B01 3SN,UK,United Kingdom,EMEA,English,Business,Gold,2021-08-19,2021,NEW,True,MDM,2021-08-19 00:00:00,2026-04-17 15:58:35.906050
dae10e04-7d48-43db-a7df-5464bb0ecfc7,CUST-2021-UK-000139,Jean,Wilson,Jean Wilson,Female,1970-12-30,jean.wilson@aol.com,+441514960928,818 Marshall valleys,Port Paulinefurt,North Clairestad,E5 2PB,UK,United Kingdom,EMEA,English,Consumer,Silver,2021-10-11,2021,NEW,True,MDM,2021-10-11 00:00:00,2026-04-17 15:58:35.906154
e89630bc-0223-45e0-97b2-4a46540c92bf,CUST-2021-UK-000140,Alex,Holt,Alex Holt,Male,1970-10-31,alex.holt@aol.com,0115 4960333,"Studio 88H
Watson prairie",Port Alexandermouth,Andrewsfort,SR2N 6PJ,UK,United Kingdom,EMEA,English,Consumer,None,2021-07-04,2021,NEW,True,MDM,2021-07-04 00:00:00,2026-04-17 15:58:35.906282
ebb5adbd-c4ee-4858-93a3-10e8d7678026,CUST-2021-UK-000141,Christian,Knowles,Christian Knowles,Female,1997-11-23,christian.knowles@protonmail.com,+44(0)3069990323,646 Young mount,New Justin,Port Jodiefurt,W5A 4AA,UK,United Kingdom,EMEA,English,Consumer,None,2021-05-18,2021,NEW,True,MDM,2021-05-18 00:00:00,2026-04-17 15:58:35.906387
48485d7e-1412-404e-b343-2dca21aa8383,CUST-2021-UK-000142,Rachel,Brown,Rachel Brown,Female,1990-01-29,rachel.brown@gmail.com,(0114)4960831,"Flat 21
Mitchell hollow",Collinsland,North Benjaminburgh,RH5V 1ZA,UK,United Kingdom,EMEA,English,Consumer,Silver,2021-10-11,2021,NEW,True,MDM,2021-10-11 00:00:00,2026-04-17 15:58:35.906492
1bdc0980-2cee-4f5c-9c03-0240ced5459b,CUST-2021-UK-000143,Neil,Green,Neil Green,Female,1987-05-07,neil.green@gmail.com,+44(0)1614960031,"Studio 89z
Lesley crossing",North Mitchellton,Georginabury,L97 4LE,UK,United Kingdom,EMEA,English,Consumer,None,2021-01-27,2021,NEW,True,MDM,2021-01-27 00:00:00,2026-04-17 15:58:35.906574
29db0f4d-cd61-4e5d-b71e-0b5ad9cbfb3c,CUST-2021-UK-000144,Leslie,Osborne,Leslie Osborne,Male,1970-09-21,leslie.osborne@msn.com,01184960710,"Flat 30l
Garry forest",Sianchester,New Georgina,B8G 6NQ,UK,United Kingdom,EMEA,English,Consumer,Silver,2021-12-09,2021,NEW,True,MDM,2021-12-09 00:00:00,2026-04-17 15:58:35.906655
2d65a075-6d45-4754-afe0-39dddd7fb815,CUST-2021-UK-000145,Dean,Young,Dean Young,Female,1972-04-11,dean.young@outlook.com,+44(0)116 4960007,"Flat 6
Debra vista",South David,Lake Norman,E5D 8UJ,UK,United Kingdom,EMEA,English,Business,Silver,2021-04-29,2021,NEW,True,MDM,2021-04-29 00:00:00,2026-04-17 15:58:35.906735
a899e199-d436-4324-954b-8f3ab31700ff,CUST-2021-UK-000146,Ben,Daniels,Ben Daniels,Male,2004-03-24,ben.daniels@mail.com,01144960939,9 Luke pike,Rileytown,Fosterberg,SA4 3YZ,UK,United Kingdom,EMEA,English,Consumer,Silver,2021-03-10,2021,NEW,True,MDM,2021-03-10 00:00:00,2026-04-17 15:58:35.906858
5d213b45-a3b0-4f1f-86bf-c0a70cdc588d,CUST-2021-UK-000147,Louise,Turner,Louise Turner,Female,2008-03-27,louise.turner@msn.com,+44(0)1632960455,9 Charlton springs,Middletonside,Bradleyport,HU46 7AB,UK,United Kingdom,EMEA,English,Consumer,None,2021-04-11,2021,NEW,True,MDM,2021-04-11 00:00:00,2026-04-17 15:58:35.907004
2c0642bf-89e3-498b-a971-ac41024cd9f7,CUST-2021-UK-000148,Terence,Carpenter,Terence Carpenter,Female,1990-10-09,terence.carpenter@hotmail.com,(0808)1570239,"Studio 36o
Stokes turnpike",Timothymouth,Jilltown,W70 5XS,UK,United Kingdom,EMEA,English,Business,None,2021-10-22,2021,NEW,True,MDM,2021-10-22 00:00:00,2026-04-17 15:58:35.907108
dece728a-453b-480c-99db-9efbf6233ddc,CUST-2021-UK-000149,Beth,Hill,Beth Hill,Female,1991-06-18,beth.hill@hotmail.com,(0116) 496 0092,"Flat 2
Nicole extensions",Bevanstad,Wrightfurt,SN1 5FY,UK,United Kingdom,EMEA,English,Consumer,Platinum,2021-10-02,2021,NEW,True,MDM,2021-10-02 00:00:00,2026-04-17 15:58:35.907232
79a64f7b-9033-4493-a905-8ff874d70d1b,CUST-2021-UK-000150,Ruth,Stephenson,Ruth Stephenson,Female,1999-09-10,ruth.stephenson@gmail.com,(0118)4960703,"Studio 57
Murray crossing",South Amy,North Barbaraside,DN65 7TD,UK,United Kingdom,EMEA,English,Consumer,None,2021-04-12,2021,NEW,True,MDM,2021-04-12 00:00:00,2026-04-17 15:58:35.907337
754f34de-9677-4e48-8683-356eac39e81d,CUST-2021-UK-000151,Joel,Allen,Joel Allen,Male,1992-02-27,joel.allen@protonmail.com,+44(0)1144960412,"Flat 96s
Carl fields",Raymondfurt,South Bernardview,TW1A 5GB,UK,United Kingdom,EMEA,English,Consumer,None,2021-10-12,2021,NEW,True,MDM,2021-10-12 00:00:00,2026-04-17 15:58:35.907422
67c12f93-3a64-4e36-8a26-f70b47d5c223,CUST-2021-UK-000152,Benjamin,Warren,Benjamin Warren,Male,1953-09-07,benjamin.warren@protonmail.com,+44306 999 0505,586 Allen meadow,West Stewartside,Ahmedville,S7A 8AU,UK,United Kingdom,EMEA,English,Business,None,2021-03-22,2021,NEW,True,MDM,2021-03-22 00:00:00,2026-04-17 15:58:35.907548
c9e0b2fc-2304-40c2-b902-c8e172bc9cdd,CUST-2021-UK-000153,Trevor,Jones,Trevor Jones,Male,1977-01-06,trevor.jones@hotmail.com,+44(0)28 9018589,945 O'Connor island,Gilbertchester,Lake Nicola,ZE4 6NY,UK,United Kingdom,EMEA,English,Education,Platinum,2021-12-09,2021,NEW,True,MDM,2021-12-09 00:00:00,2026-04-17 15:58:35.907672
f5b1ece7-c027-46a7-a454-7b0bd92c2d0f,CUST-2021-UK-000154,Deborah,Kaur,Deborah Kaur,Female,2001-10-08,deborah.kaur475@icloud.com,+441614960388,"Studio 18
Clarke mount",Lake Royton,North Oliver,B4J 9YH,UK,United Kingdom,EMEA,English,Consumer,Gold,2021-03-06,2021,NEW,True,MDM,2021-03-06 00:00:00,2026-04-17 15:58:35.907777
2e798f61-5602-4c3c-80a6-ea042fbe9535,CUST-2021-UK-000155,Graeme,Thompson,Graeme Thompson,Female,1991-09-09,graeme.thompson@msn.com,(028)9018071,3 Connor trail,Margaretberg,Kerrymouth,GL0 6ZZ,UK,United Kingdom,EMEA,English,Consumer,None,2021-05-07,2021,NEW,True,MDM,2021-05-07 00:00:00,2026-04-17 15:58:35.908024
10c6df0c-1ec6-4012-93d2-a43918a1d816,CUST-2021-UK-000156,Kimberley,Mitchell,Kimberley Mitchell,Female,1951-08-15,kimberley.mitchell@aol.com,+441164960119,1 Bethan club,Lake Kathleenmouth,New Laura,L5U 7ZZ,UK,United Kingdom,EMEA,English,Consumer,Platinum,2021-05-17,2021,NEW,False,MDM,2021-05-17 00:00:00,2026-04-17 15:58:35.908165
efc804c3-e6db-4782-ad18-f2bfdd0c0818,CUST-2021-UK-000157,Lindsey,Sinclair,Lindsey Sinclair,Female,1990-07-05,lindsey.sinclair@zoho.com,+44808 157 0787,06 Kimberley extensions,South Eileenstad,Wardtown,W5 1UJ,UK,United Kingdom,EMEA,English,Consumer,None,2021-04-20,2021,NEW,True,MDM,2021-04-20 00:00:00,2026-04-17 15:58:35.908290
193ddc0a-0388-4bec-b3e7-6d7c8a5c0d13,CUST-2021-UK-000158,Leanne,Marshall,Leanne Marshall,Male,1991-01-22,leanne.marshall@yahoo.com,+4428 9018 0389,255 Damien viaduct,Louisfort,Townsendside,N4 6NP,UK,United Kingdom,EMEA,English,Consumer,None,2021-08-28,2021,NEW,True,MDM,2021-08-28 00:00:00,2026-04-17 15:58:35.908408
8ee8c5fe-aa7c-48b5-b3ee-fb2be99a8943,CUST-2021-UK-000159,Sandra,Taylor,Sandra Taylor,Male,1960-05-12,sandra.taylor@mail.com,0113 4960157,9 Diana burg,North Beth,Gardnerchester,WA2 2AP,UK,United Kingdom,EMEA,English,Consumer,Silver,2021-01-28,2021,NEW,True,MDM,2021-01-28 00:00:00,2026-04-17 15:58:35.908527
5cf5f479-4b54-4d72-8d82-73459323b961,CUST-2021-UK-000160,Howard,Richards,Howard Richards,Female,1986-06-28,howard.richards@aol.com,0116 496 0540,"Flat 67
Elizabeth lane",South Patrick,Fordshire,WR55 5QD,UK,United Kingdom,EMEA,English,Consumer,Platinum,2021-01-04,2021,NEW,True,MDM,2021-01-04 00:00:00,2026-04-17 15:58:35.908643
7fafb318-e988-48c0-b7be-e8af59dff563,CUST-2021-UK-000161,Justin,Butler,Justin Butler,Female,1951-01-01,justin.butler@icloud.com,+44(0)808 157 0812,36 Claire hill,West Geoffrey,Nigelstad,S4T 7AS,UK,United Kingdom,EMEA,English,Consumer,None,2021-12-05,2021,NEW,True,MDM,2021-12-05 00:00:00,2026-04-17 15:58:35.908731
fea3eb13-1074-4a87-a2d9-33bfbfcaf192,CUST-2021-UK-000162,Norman,Hall,Norman Hall,Female,1975-06-03,norman.hall@zoho.com,01164960461,"Studio 24V
Fowler islands",Carlfurt,Atkinsonport,N5 2ZP,UK,United Kingdom,EMEA,English,Consumer,Silver,2021-06-16,2021,NEW,False,MDM,2021-06-16 00:00:00,2026-04-17 15:58:35.908923
58757196-7666-4d7b-b044-eceebaf09b46,CUST-2021-UK-000163,Aaron,Jennings,Aaron Jennings,Male,2008-01-07,aaron.jennings@live.com,+44289018751,"Studio 98Y
Taylor stream",Goodwinburgh,Taylorstad,E62 8FD,UK,United Kingdom,EMEA,English,Consumer,None,2021-09-01,2021,NEW,True,MDM,2021-09-01 00:00:00,2026-04-17 15:58:35.909075
6453d6d2-f88c-4651-8b55-66975e38967d,CUST-2021-UK-000164,Rita,Morrison,Rita Morrison,Male,1987-07-27,rita.morrison@aol.com,(0131) 496 0460,"Flat 8
Arthur dam",Port Anthonymouth,South Lynda,BS4A 6BS,UK,United Kingdom,EMEA,English,Education,Gold,2021-10-08,2021,NEW,True,MDM,2021-10-08 00:00:00,2026-04-17 15:58:35.909159
5f0cc543-c611-41cb-aeae-264adc8f31f6,CUST-2021-UK-000165,Billy,Matthews,Billy Matthews,Male,1994-10-19,billy.matthews831@mail.com,+44113 496 0821,"Studio 31
Andrea vista",Terenceside,North Cameronborough,TA71 3JA,UK,United Kingdom,EMEA,English,Consumer,Silver,2021-04-05,2021,NEW,True,MDM,2021-04-05 00:00:00,2026-04-17 15:58:35.909242
99fc0427-007b-4fe5-b3e9-60994e7392c2,CUST-2021-UK-000166,William,Cross,William Cross,Female,1982-02-03,william.cross@protonmail.com,01154960223,763 Bethany rapid,Haywardton,Huntside,G8D 8XW,UK,United Kingdom,EMEA,English,Consumer,Gold,2021-03-07,2021,NEW,True,MDM,2021-03-07 00:00:00,2026-04-17 15:58:35.909386
aaf2abbf-1954-45e5-8a71-6a89ee0fcfde,CUST-2021-UK-000167,Bradley,Miller,Bradley Miller,Female,1970-03-24,bradley.miller@gmail.com,01632 960 855,"Flat 70
Marc turnpike",Milestown,Donnaville,KW3 5BD,UK,United Kingdom,EMEA,English,Consumer,None,2021-10-25,2021,NEW,True,MDM,2021-10-25 00:00:00,2026-04-17 15:58:35.909488
77e10b1f-8839-4cbe-8973-01f7d64b5191,CUST-2021-UK-000168,Stephanie,Martin,Stephanie Martin,Female,1954-11-13,stephanie.martin@hotmail.com,01514960415,"Studio 5
Bethany center",New Kevin,New Cliveton,BB5E 1YP,UK,United Kingdom,EMEA,English,Consumer,Gold,2021-07-20,2021,NEW,True,MDM,2021-07-20 00:00:00,2026-04-17 15:58:35.909570
c851bede-5fe2-42ce-97e6-080ad715acea,CUST-2021-UK-000169,Jacob,Slater,Jacob Slater,Male,1999-07-27,jacob.slater@msn.com,+44(0)808 1570712,204 Mitchell squares,South Kirsty,South Christopher,W0T 2LH,UK,United Kingdom,EMEA,English,Business,None,2021-08-14,2021,NEW,True,MDM,2021-08-14 00:00:00,2026-04-17 15:58:35.909676
ecaa4957-9d22-4ae8-85db-c70d391acff9,CUST-2021-UK-000170,Nigel,Stephens,Nigel Stephens,Female,1983-02-02,nigel.stephens@protonmail.com,+44131 4960327,762 Davison dale,Saundersmouth,Lake Gemmashire,G5B 6PN,UK,United Kingdom,EMEA,English,Consumer,Silver,2021-06-02,2021,NEW,True,MDM,2021-06-02 00:00:00,2026-04-17 15:58:35.909804
3e7db877-579a-4c42-b34f-03c3a3b450c5,CUST-2021-UK-000171,Julia,Todd,Julia Todd,Male,1972-06-14,julia.todd@aol.com,+44(0)808 1570885,06 Poole hill,West Ashley,East Beverley,CV30 4TP,UK,United Kingdom,EMEA,English,Consumer,Gold,2021-11-26,2021,NEW,True,MDM,2021-11-26 00:00:00,2026-04-17 15:58:35.909909
8d9b3ea5-6f8d-42ef-bb95-c7827215cb24,CUST-2021-UK-000172,Heather,Hart,Heather Hart,Male,1960-01-25,heather.hart@protonmail.com,01214960063,43 Callum highway,East Denisetown,Deantown,E50 2GT,UK,United Kingdom,EMEA,English,Consumer,Gold,2021-06-24,2021,NEW,True,MDM,2021-06-24 00:00:00,2026-04-17 15:58:35.910012
d994e3cb-98ed-4d00-b40b-85835de74139,CUST-2021-UK-000173,Samuel,Wong,Samuel Wong,Female,1985-10-28,samuel.wong@protonmail.com,08081570489,"Flat 0
Sara estate",North Lawrence,New Martyn,G9 0QZ,UK,United Kingdom,EMEA,English,Education,Silver,2021-05-17,2021,NEW,True,MDM,2021-05-17 00:00:00,2026-04-17 15:58:35.910094
7a9391d4-e146-46c4-9f73-e4ad9f99ec02,CUST-2021-UK-000174,Raymond,Whittaker,Raymond Whittaker,Female,1992-02-14,raymond.whittaker143@live.com,(0117) 496 0647,66 Barnes rest,Lake Nicoleville,Goddardtown,CF2B 5EJ,UK,United Kingdom,EMEA,English,Consumer,Gold,2021-10-18,2021,NEW,True,MDM,2021-10-18 00:00:00,2026-04-17 15:58:35.910221
b6b04744-520b-483d-9bc5-335d3c1ead5b,CUST-2021-UK-000175,Julia,Cole,Julia Cole,Female,1956-12-25,julia.cole@gmail.com,+441214960946,713 Baker cliffs,East Kirstyland,Waltersside,M7B 6TX,UK,United Kingdom,EMEA,English,Consumer,None,2021-10-06,2021,NEW,True,MDM,2021-10-06 00:00:00,2026-04-17 15:58:35.910350
f2b65c21-728b-4394-a302-af9f734dcccf,CUST-2021-UK-000176,Graeme,Law,Graeme Law,Male,1998-04-03,graeme.law@gmail.com,+4429 2018325,"Studio 8
Edwards meadows",Hallton,Hopkinsside,BA41 7DY,UK,United Kingdom,EMEA,English,Education,None,2021-03-03,2021,NEW,True,MDM,2021-03-03 00:00:00,2026-04-17 15:58:35.910497
ac3d98bc-0da4-415c-aeb1-3ea4905442ee,CUST-2021-UK-000177,Beth,Barber,Beth Barber,Male,1984-10-28,beth.barber911@protonmail.com,01134960932,"Studio 16
Bruce dam",Lake Leanne,Port Owen,DH27 5SL,UK,United Kingdom,EMEA,English,Education,Silver,2021-04-07,2021,NEW,True,MDM,2021-04-07 00:00:00,2026-04-17 15:58:35.910579
839602f4-8a23-4141-be7d-62beb20be459,CUST-2021-UK-000178,Patrick,Newman,Patrick Newman,Male,1987-10-30,patrick.newman@gmx.com,(0306)9990257,"Flat 37
Danielle cliffs",Fordville,East Simon,B5 4GL,UK,United Kingdom,EMEA,English,Consumer,Silver,2021-04-06,2021,NEW,True,MDM,2021-04-06 00:00:00,2026-04-17 15:58:35.910680
bc4747c7-60a4-4538-a867-dcf9a9804fed,CUST-2021-UK-000179,Leslie,Taylor,Leslie Taylor,Male,1984-12-05,leslie.taylor@aol.com,+44(0)116 4960795,"Studio 50u
Russell pines",New Gailhaven,Wyattport,L9 5WL,UK,United Kingdom,EMEA,English,Consumer,None,2021-05-26,2021,NEW,True,MDM,2021-05-26 00:00:00,2026-04-17 15:58:35.910785
f3de18bf-519c-4779-8bd1-45613247db2c,CUST-2021-UK-000180,Anna,Johnson,Anna Johnson,Male,1973-09-14,anna.johnson@zoho.com,+44151 496 0264,31 Graham roads,North Shirleyshire,Deborahshire,ML8 0RQ,UK,United Kingdom,EMEA,English,Consumer,None,2021-10-28,2021,NEW,True,MDM,2021-10-28 00:00:00,2026-04-17 15:58:35.910866
42e999cf-95db-4dc3-8e67-a82aa6b19f2a,CUST-2021-UK-000181,Bradley,Wood,Bradley Wood,Female,1981-07-23,bradley.wood@msn.com,+44(0)8081570203,9 Gemma mountains,South Christopherbury,Parkinsonhaven,HU2E 6QE,UK,United Kingdom,EMEA,English,Consumer,None,2021-06-01,2021,NEW,True,MDM,2021-06-01 00:00:00,2026-04-17 15:58:35.910970
cc0623f7-46e3-4954-8dc6-e7467301364f,CUST-2021-UK-000182,Abbie,Richards,Abbie Richards,Female,2004-01-18,abbie.richards@hotmail.com,+441134960634,"Studio 80G
Martin island",Stuartmouth,Lake Andrea,LL66 6GE,UK,United Kingdom,EMEA,English,Consumer,Gold,2021-03-12,2021,NEW,True,MDM,2021-03-12 00:00:00,2026-04-17 15:58:35.911074
3d2949ce-f696-4cdf-aa4e-c6994a06c566,CUST-2021-UK-000183,Katy,Wright,Katy Wright,Female,1976-01-01,katy.wright296@aol.com,+44(0)116 4960969,708 Carly oval,Deanshire,North Gailchester,EC17 5LP,UK,United Kingdom,EMEA,English,Consumer,Silver,2021-02-25,2021,NEW,True,MDM,2021-02-25 00:00:00,2026-04-17 15:58:35.911179
ec4acc9c-732d-49fb-acff-37f6f7b0314c,CUST-2021-UK-000184,Shane,Glover,Shane Glover,Male,2006-10-10,shane.glover@aol.com,+44(0)909 879 0497,275 Burton street,Jenniferfurt,Janicemouth,LA1X 9ES,UK,United Kingdom,EMEA,English,Business,None,2021-09-19,2021,NEW,True,MDM,2021-09-19 00:00:00,2026-04-17 15:58:35.911282
3cff14e7-55d7-4ac8-abc1-3d7319aa9c8e,CUST-2021-UK-000185,Carl,Lee,Carl Lee,Male,1991-05-16,carl.lee957@protonmail.com,+44(0)121 496 0445,6 Turner parkway,Derekberg,West Donaldstad,S94 7LU,UK,United Kingdom,EMEA,English,Business,Silver,2021-04-01,2021,NEW,True,MDM,2021-04-01 00:00:00,2026-04-17 15:58:35.911388
70b32807-d70f-4eda-aeaf-9008d709d41b,CUST-2021-UK-000186,Wayne,Arnold,Wayne Arnold,Male,1996-10-13,wayne.arnold@live.com,+441154960504,"Flat 4
Eileen harbors",Hydefort,North Lisahaven,W9B 6JP,UK,United Kingdom,EMEA,English,Consumer,Silver,2021-04-27,2021,NEW,True,MDM,2021-04-27 00:00:00,2026-04-17 15:58:35.911498
a841ea3b-f456-4ae4-82fa-7c99a048a7be,CUST-2021-UK-000187,Jake,Hope,Jake Hope,Male,1972-03-12,jake.hope397@aol.com,(0161) 4960367,"Flat 2
Dixon passage",Pagefort,Kylemouth,L3H 6LW,UK,United Kingdom,EMEA,English,Business,None,2021-08-02,2021,NEW,True,MDM,2021-08-02 00:00:00,2026-04-17 15:58:35.911627
6948e09d-22de-4eb0-9bf2-c4762b02b7b3,CUST-2021-UK-000188,Jeremy,Lowe,Jeremy Lowe,Female,1967-01-04,jeremy.lowe61@live.com,(0909) 879 0467,"Studio 14
Stephanie road",South Charles,Mooreland,B82 2YE,UK,United Kingdom,EMEA,English,Consumer,None,2021-11-01,2021,NEW,True,MDM,2021-11-01 00:00:00,2026-04-17 15:58:35.911729
0731f83f-204b-45b3-9350-e08ee04a70d9,CUST-2021-UK-000189,Nigel,Potts,Nigel Potts,Female,1998-05-06,nigel.potts@yahoo.com,+4428 9018 0612,1 Gerard alley,Frankland,Daviesport,N7 2BG,UK,United Kingdom,EMEA,English,Consumer,None,2021-01-11,2021,NEW,True,MDM,2021-01-11 00:00:00,2026-04-17 15:58:35.911835
c2cc43f3-9fb5-4fc2-b4e3-2155ff62a389,CUST-2021-UK-000190,Hayley,Johnson,Hayley Johnson,Female,1993-05-20,hayley.johnson@zoho.com,0191 4960677,980 Hilary gateway,Russellview,Wilsonville,WA8X 1SP,UK,United Kingdom,EMEA,English,Consumer,None,2021-03-18,2021,NEW,True,MDM,2021-03-18 00:00:00,2026-04-17 15:58:35.911959
c3fa639f-08ec-4297-9882-6f3f2a47ecf6,CUST-2021-UK-000191,Jenna,Pickering,Jenna Pickering,Female,1962-09-05,jenna.pickering@icloud.com,(0161) 4960850,"Studio 24
Francis prairie",Charlotteburgh,Parkinsonton,M08 9UF,UK,United Kingdom,EMEA,English,Business,Gold,2021-06-26,2021,NEW,True,MDM,2021-06-26 00:00:00,2026-04-17 15:58:35.912067
4faf6fe9-1b8e-46ca-a7d3-af86bd5ae0f2,CUST-2021-UK-000192,Elaine,Patel,Elaine Patel,Male,1996-02-22,elaine.patel@aol.com,(0306) 999 0447,"Flat 73K
Wright mount",Nicholasville,North Garethberg,W37 8LJ,UK,United Kingdom,EMEA,English,Consumer,Silver,2021-07-23,2021,NEW,True,MDM,2021-07-23 00:00:00,2026-04-17 15:58:35.912178
6b3575d6-e24d-47cc-ab5b-1b944d73325f,CUST-2021-UK-000193,Lee,Shepherd,Lee Shepherd,Female,1970-09-12,lee.shepherd46@live.com,+44118 496 0766,"Flat 0
Amy mews",Terrymouth,Frederickchester,SN6X 1UF,UK,United Kingdom,EMEA,English,Consumer,Platinum,2021-10-19,2021,NEW,True,MDM,2021-10-19 00:00:00,2026-04-17 15:58:35.912259
bfc696a7-730f-4648-aba9-594f4c77c5e6,CUST-2021-UK-000194,Ellie,Wilson,Ellie Wilson,Female,1953-05-09,ellie.wilson@yahoo.com,+441914960532,"Studio 0
Naomi parks",Margaretfort,New Howard,N6 3TA,UK,United Kingdom,EMEA,English,Consumer,None,2021-08-04,2021,NEW,True,MDM,2021-08-04 00:00:00,2026-04-17 15:58:35.912338
dd091313-f345-4448-8f2a-1136e2fe273b,CUST-2021-UK-000195,Frances,Schofield,Frances Schofield,Male,1996-12-20,frances.schofield@live.com,+44151 4960632,6 Shirley plains,South Jessica,South Kevinview,EN3 3PN,UK,United Kingdom,EMEA,English,Consumer,None,2021-03-09,2021,NEW,True,MDM,2021-03-09 00:00:00,2026-04-17 15:58:35.912418
3e49d903-0154-41de-9ce4-7561a3e274ec,CUST-2021-UK-000196,Robin,Simpson,Robin Simpson,Female,2008-04-16,robin.simpson780@hotmail.com,+44116 4960654,495 Elaine fords,Lake Connorland,Jakeburgh,B67 5JB,UK,United Kingdom,EMEA,English,Consumer,Gold,2021-07-04,2021,NEW,True,MDM,2021-07-04 00:00:00,2026-04-17 15:58:35.912500
ef9c5198-4b15-4d0a-9973-e60f9c148c9c,CUST-2021-UK-000197,Marion,Butler,Marion Butler,Male,2000-06-26,marion.butler@msn.com,01174960624,59 Harvey manor,Jadeton,Gregoryborough,NW03 9SG,UK,United Kingdom,EMEA,English,Consumer,Gold,2021-11-18,2021,NEW,True,MDM,2021-11-18 00:00:00,2026-04-17 15:58:35.912627
6e47a852-fcb9-44a3-8470-dd5f14b04f57,CUST-2021-UK-000198,Barry,Schofield,Barry Schofield,Male,1986-10-05,barry.schofield383@live.com,+44(0)29 2018 0450,652 Evans plain,South Rhys,Port Karl,NG1B 3WA,UK,United Kingdom,EMEA,English,Business,None,2021-11-29,2021,NEW,True,MDM,2021-11-29 00:00:00,2026-04-17 15:58:35.912731
ebe9a24a-13cb-4e19-a1bc-df51480f3d65,CUST-2021-UK-000199,Jean,Greenwood,Jean Greenwood,Male,1970-08-11,jean.greenwood@live.com,+44118 4960283,3 Stephanie road,Lake Maxport,West Kimberleystad,HP74 3WX,UK,United Kingdom,EMEA,English,Consumer,Gold,2021-10-13,2021,NEW,False,MDM,2021-10-13 00:00:00,2026-04-17 15:58:35.912813
bcb01ab5-d6cf-40b9-9d3a-27a98c7c8a14,CUST-2021-UK-000200,Susan,Murphy,Susan Murphy,Male,1985-12-05,susan.murphy@hotmail.com,0114 4960387,429 Middleton locks,Kimfort,Matthewsville,BH1 6FL,UK,United Kingdom,EMEA,English,Consumer,None,2021-06-18,2021,NEW,False,MDM,2021-06-18 00:00:00,2026-04-17 15:58:35.912942
5180af9d-bdb4-41a3-82a4-d7b9283784dd,CUST-2021-UK-000201,Jay,Iqbal,Jay Iqbal,Male,1965-01-16,jay.iqbal941@gmx.com,+44(0)1184960107,80 Dean avenue,Mathewchester,Port Fiona,M9B 1UR,UK,United Kingdom,EMEA,English,Business,None,2021-09-19,2021,NEW,True,MDM,2021-09-19 00:00:00,2026-04-17 15:58:35.913025
e138b113-2a48-466c-854c-15cfad418a2a,CUST-2021-UK-000202,Beth,Miah,Beth Miah,Female,1974-07-01,beth.miah@zoho.com,+449098790996,"Flat 8
Atkins glens",Saraborough,Port Albert,RH0 3AP,UK,United Kingdom,EMEA,English,Consumer,Silver,2021-06-20,2021,NEW,True,MDM,2021-06-20 00:00:00,2026-04-17 15:58:35.913126
6e178438-d42e-4494-ad2e-8ed5c448efeb,CUST-2021-UK-000203,Stewart,Baker,Stewart Baker,Male,1955-05-20,stewart.baker536@gmx.com,+44(0)118 496 0249,"Flat 83
Mathew valley",Colesbury,North Colin,BR3E 2SA,UK,United Kingdom,EMEA,English,Business,Gold,2021-07-15,2021,NEW,True,MDM,2021-07-15 00:00:00,2026-04-17 15:58:35.913229
b3343085-9111-40e5-8e7e-1635b80ae687,CUST-2021-UK-000204,Damian,Patel,Damian Patel,Male,1955-03-09,damian.patel@live.com,+44131 496 0048,"Studio 89r
Walker spur",South Tony,Conorport,WD0B 7BL,UK,United Kingdom,EMEA,English,Consumer,None,2021-01-08,2021,NEW,True,MDM,2021-01-08 00:00:00,2026-04-17 15:58:35.913332
f7a82885-637c-4a1c-ab5a-95c659d8441a,CUST-2021-UK-000205,Arthur,King,Arthur King,Female,1991-11-21,arthur.king@aol.com,0191 498 0502,"Studio 68L
Sian drive",North Donald,Johnstad,L1W 2GE,UK,United Kingdom,EMEA,English,Education,Silver,2021-11-02,2021,NEW,True,MDM,2021-11-02 00:00:00,2026-04-17 15:58:35.913418
f3a9a3c7-2960-46da-825f-8748141afb6b,CUST-2021-UK-000206,Simon,Bishop,Simon Bishop,Male,1968-12-08,simon.bishop@protonmail.com,(0131)4960449,"Flat 74
Williams flat",New Arthurbury,East Sallyview,S85 8XG,UK,United Kingdom,EMEA,English,Consumer,Platinum,2021-09-23,2021,NEW,True,MDM,2021-09-23 00:00:00,2026-04-17 15:58:35.913523
7d50cd94-7e65-462d-b2ed-bf4408007f52,CUST-2021-UK-000207,Kerry,Hodgson,Kerry Hodgson,Female,1974-06-05,kerry.hodgson916@gmail.com,(0191) 4960846,"Flat 90S
Elliott bypass",Pageport,Patrickmouth,EN24 1RA,UK,United Kingdom,EMEA,English,Business,None,2021-07-26,2021,NEW,True,MDM,2021-07-26 00:00:00,2026-04-17 15:58:35.913651
c1303824-360a-4d50-98bc-83194b45dc83,CUST-2021-UK-000208,Allan,Woodward,Allan Woodward,Male,1990-12-27,allan.woodward@icloud.com,+44114 4960679,9 Pamela expressway,Deniseborough,Dalemouth,E47 3RT,UK,United Kingdom,EMEA,English,Business,Gold,2021-11-21,2021,NEW,True,MDM,2021-11-21 00:00:00,2026-04-17 15:58:35.913731
6f0ce416-469a-4e83-83d5-177ff3a77e7a,CUST-2021-UK-000209,Barry,Hill,Barry Hill,Male,1997-01-13,barry.hill@aol.com,+44116 496 0775,"Flat 76x
Davies mill",Port Natasha,Bernardside,ML6M 7TW,UK,United Kingdom,EMEA,English,Consumer,None,2021-05-05,2021,NEW,True,MDM,2021-05-05 00:00:00,2026-04-17 15:58:35.913837
537040d3-49eb-4a7e-8964-10dec0ecf5da,CUST-2021-UK-000210,Damian,Green,Damian Green,Male,2006-10-11,damian.green@zoho.com,+44(0)121 496 0199,"Studio 98u
Dean walk",North Jane,Hazelmouth,M8 8HR,UK,United Kingdom,EMEA,English,Consumer,None,2021-09-17,2021,NEW,True,MDM,2021-09-17 00:00:00,2026-04-17 15:58:35.913917
067dfd7d-50d5-4b84-9c66-10f2d49d743d,CUST-2021-UK-000211,Harriet,Bolton,Harriet Bolton,Female,1953-03-30,harriet.bolton141@icloud.com,+441184960847,"Studio 13w
Cox mountains",Kimberleyfurt,Perryfurt,BR3H 4FB,UK,United Kingdom,EMEA,English,Education,Gold,2021-10-06,2021,NEW,True,MDM,2021-10-06 00:00:00,2026-04-17 15:58:35.914043
1862992e-a249-424c-bc58-8683fe3b41dd,CUST-2021-UK-000212,Diana,Jackson,Diana Jackson,Female,2002-06-26,diana.jackson@gmx.com,+44121 496 0338,"Flat 9
Johnson rue",Port Leanne,Smithberg,LS01 0TW,UK,United Kingdom,EMEA,English,Consumer,None,2021-10-21,2021,NEW,True,MDM,2021-10-21 00:00:00,2026-04-17 15:58:35.914171
458a1e01-a4c8-4296-a0d0-3ca1e55ab7c8,CUST-2021-UK-000213,Jay,Oliver,Jay Oliver,Male,1972-02-13,jay.oliver714@zoho.com,(0808) 157 0449,"Flat 17
Davies meadows",Hartleyland,Hendersonshire,WA3 2XS,UK,United Kingdom,EMEA,English,Consumer,Silver,2021-10-16,2021,NEW,True,MDM,2021-10-16 00:00:00,2026-04-17 15:58:35.914317
e4099a4a-7100-46be-ab16-af4124748253,CUST-2021-UK-000214,Gemma,Hughes,Gemma Hughes,Male,1995-11-26,gemma.hughes@aol.com,+44(0)29 2018462,629 Turner ways,South Elliottborough,South Dorothy,L6 4LF,UK,United Kingdom,EMEA,English,Education,Platinum,2021-02-26,2021,NEW,True,MDM,2021-02-26 00:00:00,2026-04-17 15:58:35.914424
0f92d4ec-c92f-41b2-bda3-5f0bfb64f01c,CUST-2021-UK-000215,Samuel,Lamb,Samuel Lamb,Male,1992-03-04,samuel.lamb@gmx.com,+44(0)29 2018 0788,710 Josephine way,Lake Lorraine,Joshhaven,DY0H 7QU,UK,United Kingdom,EMEA,English,Education,Silver,2021-08-12,2021,NEW,True,MDM,2021-08-12 00:00:00,2026-04-17 15:58:35.914505
b1b3892a-7fe5-4362-b965-f5da3dd00824,CUST-2021-UK-000216,Elliot,Taylor,Elliot Taylor,Male,1985-11-04,elliot.taylor@gmail.com,+44118 496 0997,58 Lees locks,Talbotstad,West Grahamborough,E85 2WY,UK,United Kingdom,EMEA,English,Education,Gold,2021-06-11,2021,NEW,False,MDM,2021-06-11 00:00:00,2026-04-17 15:58:35.914634
3dbe9806-46f2-4ace-9cc7-bffa5d761ba3,CUST-2021-UK-000217,Garry,Adams,Garry Adams,Male,1996-04-24,garry.adams249@yahoo.com,+44(0)121 496 0152,"Flat 1
Geoffrey gardens",Smithland,East Kevin,HG1 0GJ,UK,United Kingdom,EMEA,English,Consumer,None,2021-07-21,2021,NEW,False,MDM,2021-07-21 00:00:00,2026-04-17 15:58:35.914740
7af401ac-93b1-4ff2-b218-8ec2594f0eb5,CUST-2021-UK-000218,Jill,Murphy,Jill Murphy,Male,1975-02-23,jill.murphy@gmx.com,+44121 496 0877,435 Saunders run,Taylorfurt,Joshuaberg,CT81 3PL,UK,United Kingdom,EMEA,English,Consumer,None,2021-12-17,2021,NEW,True,MDM,2021-12-17 00:00:00,2026-04-17 15:58:35.914864
0d340c17-b302-4887-a6a5-af6dbc5c0658,CUST-2021-UK-000219,Ross,Barber,Ross Barber,Female,1988-02-22,ross.barber@protonmail.com,(0115) 496 0626,828 Sharon expressway,New Lynn,North Sylviastad,HR74 6BQ,UK,United Kingdom,EMEA,English,Consumer,Gold,2021-10-03,2021,NEW,True,MDM,2021-10-03 00:00:00,2026-04-17 15:58:35.914946
9101e210-4d1d-4306-966a-e8c7ab41fba5,CUST-2021-UK-000220,Ellie,Wilson,Ellie Wilson,Female,1985-03-04,ellie.wilson@live.com,0116 496 0623,362 Wheeler fort,Ronaldland,New Bethanyhaven,DE2 2HD,UK,United Kingdom,EMEA,English,Consumer,Gold,2021-03-15,2021,NEW,True,MDM,2021-03-15 00:00:00,2026-04-17 15:58:35.915052
a67ccd5c-c6f1-46a2-883d-cbd15518cdeb,CUST-2021-UK-000221,Charles,Andrews,Charles Andrews,Male,1959-07-01,charles.andrews@gmx.com,+44(0)151 4960129,8 Jones cape,Margaretburgh,New Lynneland,NR6W 2TB,UK,United Kingdom,EMEA,English,Consumer,Gold,2021-10-23,2021,NEW,True,MDM,2021-10-23 00:00:00,2026-04-17 15:58:35.915156
91dd1009-5aa2-40bc-b477-bfac219d9645,CUST-2021-UK-000222,George,Andrews,George Andrews,Female,1995-04-06,george.andrews@zoho.com,01632960304,"Studio 76
Lee tunnel",East Justinmouth,Fergusonview,EN8W 2LG,UK,United Kingdom,EMEA,English,Consumer,Silver,2021-03-28,2021,NEW,True,MDM,2021-03-28 00:00:00,2026-04-17 15:58:35.915261
d702210a-1a63-49f1-a548-ad48f301ab9f,CUST-2021-UK-000223,Marion,Williamson,Marion Williamson,Female,1999-05-18,marion.williamson@gmx.com,(0909)8790290,8 Laura river,North Valerie,Port Derek,W6 7SG,UK,United Kingdom,EMEA,English,Consumer,None,2021-04-24,2021,NEW,True,MDM,2021-04-24 00:00:00,2026-04-17 15:58:35.915340
c80ff80a-bb14-4f53-8c0a-7d63a3a176cf,CUST-2021-UK-000224,Anthony,Short,Anthony Short,Male,1952-08-16,anthony.short@msn.com,0115 496 0763,34 Marilyn expressway,Barkerburgh,Robinsonland,OX3 5FY,UK,United Kingdom,EMEA,English,Consumer,None,2021-09-20,2021,NEW,True,MDM,2021-09-20 00:00:00,2026-04-17 15:58:35.915466
59afdb2a-5620-49de-aea7-322531861e35,CUST-2021-UK-000225,Bethany,Benson,Bethany Benson,Female,1986-11-04,bethany.benson352@yahoo.com,+44(0)808 157 0151,06 Victor mountain,East Helen,Meganburgh,LA7 4AQ,UK,United Kingdom,EMEA,English,Consumer,Gold,2021-11-06,2021,NEW,True,MDM,2021-11-06 00:00:00,2026-04-17 15:58:35.915548
86eb531c-f497-4944-84e2-15cbae59b855,CUST-2021-UK-000226,Jeffrey,Thompson,Jeffrey Thompson,Female,1964-10-19,jeffrey.thompson@yahoo.com,+44161 496 0815,1 Akhtar haven,New Tracey,Rebeccaport,M4H 6ER,UK,United Kingdom,EMEA,English,Consumer,None,2021-09-07,2021,NEW,True,MDM,2021-09-07 00:00:00,2026-04-17 15:58:35.915650
91dafa5f-4765-4abe-9233-7e52df37311c,CUST-2021-UK-000227,Aimee,Cooke,Aimee Cooke,Female,1969-08-06,aimee.cooke@yahoo.com,(0113) 4960315,019 Schofield avenue,Burtonview,Middletonport,N95 6DA,UK,United Kingdom,EMEA,English,Consumer,None,2021-03-06,2021,NEW,False,MDM,2021-03-06 00:00:00,2026-04-17 15:58:35.915798
880915a5-1e5d-494c-ab0e-0b7e0657e606,CUST-2021-UK-000228,Alice,Jackson,Alice Jackson,Female,2008-02-12,alice.jackson785@outlook.com,+44(0)29 2018 0560,"Flat 33s
Simon crossing",New Aimee,New Samuelchester,EX9N 8DH,UK,United Kingdom,EMEA,English,Business,Silver,2021-10-03,2021,NEW,True,MDM,2021-10-03 00:00:00,2026-04-17 15:58:35.915889
a0dda9c7-90e5-4480-92eb-64e4c9e62492,CUST-2021-UK-000229,Kenneth,Jones,Kenneth Jones,Female,1956-06-26,kenneth.jones267@icloud.com,(0117)4960088,"Flat 55
Sheila view",Carterville,Garyburgh,DE5W 1DB,UK,United Kingdom,EMEA,English,Consumer,None,2021-03-12,2021,NEW,False,MDM,2021-03-12 00:00:00,2026-04-17 15:58:35.915992
e57b59c4-e81d-4866-8836-1118b8493ea5,CUST-2021-UK-000230,Joseph,Miah,Joseph Miah,Male,2001-01-09,joseph.miah@yahoo.com,(0161) 4960093,1 Gardiner burgs,Youngland,Geraldchester,SA2 9SR,UK,United Kingdom,EMEA,English,Consumer,None,2021-05-23,2021,NEW,True,MDM,2021-05-23 00:00:00,2026-04-17 15:58:35.916121
2316020e-6084-463f-ba36-1c26f856ca7c,CUST-2021-UK-000231,Maria,Reynolds,Maria Reynolds,Female,1976-05-20,maria.reynolds806@outlook.com,(0808)1570370,184 Victoria isle,Russellborough,Hannahhaven,W4 4ZB,UK,United Kingdom,EMEA,English,Consumer,None,2021-02-07,2021,NEW,True,MDM,2021-02-07 00:00:00,2026-04-17 15:58:35.916207
c3b7121a-f8b5-449d-9769-a3ab74ee5116,CUST-2021-UK-000232,Joyce,Harris,Joyce Harris,Male,1965-07-04,joyce.harris@gmx.com,(020)74960626,402 Jayne lane,Geraldineside,New Helenmouth,B3J 1FF,UK,United Kingdom,EMEA,English,Consumer,None,2021-05-26,2021,NEW,True,MDM,2021-05-26 00:00:00,2026-04-17 15:58:35.916289
c738d0e4-01de-4407-8c26-fe69d169ce13,CUST-2021-UK-000233,Lindsey,Jackson,Lindsey Jackson,Male,1968-07-25,lindsey.jackson@live.com,0306 9990615,"Flat 19B
Nicola dale",Jemmashire,North Jeffreyberg,SR1R 5SB,UK,United Kingdom,EMEA,English,Consumer,None,2021-02-10,2021,NEW,True,MDM,2021-02-10 00:00:00,2026-04-17 15:58:35.916373
31ebfd76-2184-4d91-a4fd-1b17fbb9a183,CUST-2021-UK-000234,Sara,Flynn,Sara Flynn,Female,1989-06-04,sara.flynn@gmail.com,0131 4960262,29 Leach dam,Howarthton,Port Vincent,WV1 2XG,UK,United Kingdom,EMEA,English,Consumer,None,2021-02-25,2021,NEW,False,MDM,2021-02-25 00:00:00,2026-04-17 15:58:35.916497
5c2fae74-3c3a-4150-970f-279e0df22cdb,CUST-2021-UK-000235,Joseph,Benson,Joseph Benson,Female,2005-07-07,joseph.benson@zoho.com,(0306) 999 0769,2 Pauline courts,East Kimberleyton,O'Donnellburgh,ZE88 8AH,UK,United Kingdom,EMEA,English,Education,Silver,2021-08-06,2021,NEW,True,MDM,2021-08-06 00:00:00,2026-04-17 15:58:35.916602
5a73b1c0-deca-40ce-8cd7-48265cb6e069,CUST-2021-UK-000236,Ellie,Davey,Ellie Davey,Male,1965-08-15,ellie.davey@live.com,(0113) 4960669,32 Gibson springs,East Harrietmouth,Bradleybury,S44 8RA,UK,United Kingdom,EMEA,English,Consumer,Platinum,2021-09-19,2021,NEW,True,MDM,2021-09-19 00:00:00,2026-04-17 15:58:35.916730
5fe9c8cb-cccd-498d-835a-d90f45b62154,CUST-2021-UK-000237,Bethan,Foster,Bethan Foster,Male,1993-05-02,bethan.foster@live.com,(020) 7496 0552,"Studio 08
Campbell shores",Sianchester,Donaldbury,E9 5BX,UK,United Kingdom,EMEA,English,Consumer,None,2021-06-14,2021,NEW,True,MDM,2021-06-14 00:00:00,2026-04-17 15:58:35.916831
7c3369e4-6e97-4f69-a299-8974730fe916,CUST-2021-UK-000238,Shaun,Moore,Shaun Moore,Male,1968-07-17,shaun.moore750@outlook.com,(0808) 157 0588,42 Bennett circle,East Christine,North Lauraton,L2J 1WW,UK,United Kingdom,EMEA,English,Consumer,None,2021-11-08,2021,NEW,True,MDM,2021-11-08 00:00:00,2026-04-17 15:58:35.916939
a6bcb617-ec00-4357-839c-dc9d061ea12a,CUST-2021-UK-000239,Abigail,Harvey,Abigail Harvey,Female,1994-02-27,abigail.harvey@outlook.com,0116 496 0032,"Studio 3
Grant row",South Bryan,Lake Keith,M8A 8WP,UK,United Kingdom,EMEA,English,Education,None,2021-04-04,2021,NEW,True,MDM,2021-04-04 00:00:00,2026-04-17 15:58:35.917043
cd60390f-300f-48af-85c6-179737a3e420,CUST-2021-UK-000240,Harriet,Miller,Harriet Miller,Male,1961-10-09,harriet.miller@gmx.com,+441214960467,"Studio 05
Hall harbors",Lambmouth,Port Kevinshire,W9 7ZT,UK,United Kingdom,EMEA,English,Consumer,Silver,2021-06-24,2021,NEW,True,MDM,2021-06-24 00:00:00,2026-04-17 15:58:35.917170
03d6d93c-8f38-4f35-94af-9ab449a87467,CUST-2021-UK-000241,Janice,Wade,Janice Wade,Male,1974-06-01,janice.wade@hotmail.com,+44(0)29 2018925,"Studio 5
Jacob common",Anneton,Ryanberg,S6 9TX,UK,United Kingdom,EMEA,English,Consumer,None,2021-09-25,2021,NEW,True,MDM,2021-09-25 00:00:00,2026-04-17 15:58:35.917272
55f3eb0c-daaf-4dd5-bcf2-242f26493979,CUST-2021-UK-000242,Arthur,Burke,Arthur Burke,Male,1958-06-21,arthur.burke@aol.com,(0306) 999 0655,203 Johnson courts,Mohammedchester,Connollyberg,RH03 3AZ,UK,United Kingdom,EMEA,English,Consumer,Platinum,2021-06-04,2021,NEW,True,MDM,2021-06-04 00:00:00,2026-04-17 15:58:35.917400
4513380b-ee80-41a2-b25d-7261053e7f6e,CUST-2021-UK-000243,Elliott,Allan,Elliott Allan,Female,1994-03-30,elliott.allan@hotmail.com,(0306) 9990595,"Studio 38
Sophie roads",North Gordon,Khanport,E0S 4LG,UK,United Kingdom,EMEA,English,Consumer,None,2021-11-02,2021,NEW,True,MDM,2021-11-02 00:00:00,2026-04-17 15:58:35.917504
640952f6-3342-4769-86fd-1c4aef22fc1d,CUST-2021-UK-000244,Ryan,Anderson,Ryan Anderson,Male,1957-09-05,ryan.anderson95@msn.com,(0131) 4960558,0 Diana plain,Declanchester,East Eileenhaven,UB5M 9PF,UK,United Kingdom,EMEA,English,Business,None,2021-05-10,2021,NEW,True,MDM,2021-05-10 00:00:00,2026-04-17 15:58:35.917590
ed524712-7e28-4c65-a033-d88089ff930d,CUST-2021-UK-000245,Barbara,Patel,Barbara Patel,Male,1969-10-01,barbara.patel@msn.com,+44(0)3069990951,5 Albert river,South Kathleen,North Jonathan,S5 2GQ,UK,United Kingdom,EMEA,English,Consumer,None,2021-01-03,2021,NEW,True,MDM,2021-01-03 00:00:00,2026-04-17 15:58:35.917668
850cac8f-fa3a-4445-b578-0b38d90dae41,CUST-2021-UK-000246,Tony,Shepherd,Tony Shepherd,Female,2007-03-03,tony.shepherd@mail.com,+441154960022,"Flat 2
Martin corner",East Garethchester,Ronaldburgh,TF4V 6PL,UK,United Kingdom,EMEA,English,Consumer,None,2021-04-01,2021,NEW,True,MDM,2021-04-01 00:00:00,2026-04-17 15:58:35.917775
89c59a6e-8c9b-4b1e-b7a5-83c8553d698b,CUST-2021-UK-000247,Joseph,Watson,Joseph Watson,Female,2004-06-27,joseph.watson@hotmail.com,+44(0)116 496 0371,700 Naomi isle,East Yvonnetown,North Leonardside,E4S 5GF,UK,United Kingdom,EMEA,English,Consumer,Gold,2021-08-19,2021,NEW,True,MDM,2021-08-19 00:00:00,2026-04-17 15:58:35.917957
385c2cda-425a-433e-8b2b-ff2f5db43b20,CUST-2021-UK-000248,Norman,Allen,Norman Allen,Male,1994-07-02,norman.allen723@zoho.com,+44117 4960317,582 Conor extensions,Ashleyview,New Lawrencefurt,E8 0DW,UK,United Kingdom,EMEA,English,Consumer,None,2021-04-03,2021,NEW,True,MDM,2021-04-03 00:00:00,2026-04-17 15:58:35.918080
a393cc3d-6edc-4fe4-b9d5-10602d4d35cd,CUST-2021-UK-000249,Kenneth,Page,Kenneth Page,Male,1980-05-30,kenneth.page@mail.com,+44191 4960270,31 Guy lodge,East Dennis,West Joanton,SS25 3ZS,UK,United Kingdom,EMEA,English,Consumer,Silver,2021-07-22,2021,NEW,True,MDM,2021-07-22 00:00:00,2026-04-17 15:58:35.918180
ca548f69-c695-4767-b97b-ee1a580550e1,CUST-2021-UK-000250,Gail,Jones,Gail Jones,Male,1996-01-23,gail.jones@gmail.com,0114 4960843,6 Irene burg,Brownview,Port Pauline,SA6 2BX,UK,United Kingdom,EMEA,English,Education,Silver,2021-05-14,2021,NEW,True,MDM,2021-05-14 00:00:00,2026-04-17 15:58:35.918296
3ae78a16-f9e9-4fca-ac15-52581dac0e37,CUST-2021-UK-000251,Lauren,Smith,Lauren Smith,Female,1998-02-11,lauren.smith@icloud.com,0117 4960271,77 Rowley locks,Samanthaberg,Pageview,WF25 6ZU,UK,United Kingdom,EMEA,English,Consumer,None,2021-02-17,2021,NEW,True,MDM,2021-02-17 00:00:00,2026-04-17 15:58:35.918429
6fd7635d-7b5c-4b4d-aa1c-af359202da66,CUST-2021-UK-000252,Roger,Cook,Roger Cook,Male,1957-04-12,roger.cook@live.com,0121 4960433,08 Trevor turnpike,Mitchellstad,Paulaton,GL3E 9AD,UK,United Kingdom,EMEA,English,Consumer,None,2021-09-29,2021,NEW,True,MDM,2021-09-29 00:00:00,2026-04-17 15:58:35.918516
dd947af0-4fa6-4673-b3ef-458f8c169d25,CUST-2021-UK-000253,Ross,Kaur,Ross Kaur,Male,1978-05-14,ross.kaur@icloud.com,+44(0)1214960571,8 Dawson field,New Mohammedchester,Lewisberg,L04 9BP,UK,United Kingdom,EMEA,English,Consumer,Silver,2021-05-14,2021,NEW,True,MDM,2021-05-14 00:00:00,2026-04-17 15:58:35.918627
2a593cda-5b1b-4e30-aec6-145d8c9f105c,CUST-2021-UK-000254,Sian,Williams,Sian Williams,Female,1955-10-28,sian.williams@protonmail.com,+44116 496 0492,90 Holmes burg,Lake Emma,Lake Georgia,S2U 7SW,UK,United Kingdom,EMEA,English,Consumer,Platinum,2021-12-12,2021,NEW,True,MDM,2021-12-12 00:00:00,2026-04-17 15:58:35.918737
77282663-bdb5-4f33-80a1-6bebc27b2746,CUST-2021-UK-000255,Debra,Howells,Debra Howells,Female,1967-12-19,debra.howells@msn.com,+44114 4960736,966 Morgan causeway,West Dannyside,Port Benton,S1D 6EZ,UK,United Kingdom,EMEA,English,Consumer,Silver,2021-03-19,2021,NEW,True,MDM,2021-03-19 00:00:00,2026-04-17 15:58:35.918851
6406b9e3-0150-45c6-b47a-f983d4901a89,CUST-2021-UK-000256,Sharon,Jenkins,Sharon Jenkins,Male,1996-12-30,sharon.jenkins640@gmx.com,(0151) 4960864,"Studio 96
Gibbons forest",North Linda,South Francishaven,E35 8WL,UK,United Kingdom,EMEA,English,Consumer,None,2021-07-25,2021,NEW,True,MDM,2021-07-25 00:00:00,2026-04-17 15:58:35.918963
b0399169-bb2a-4772-87e4-179c667dbf5a,CUST-2021-UK-000257,Eleanor,Watts,Eleanor Watts,Female,1951-01-28,eleanor.watts@mail.com,(0306) 999 0213,6 Tom corners,Lake Alisonhaven,Stephensonmouth,B5 6WN,UK,United Kingdom,EMEA,English,Consumer,Platinum,2021-06-09,2021,NEW,True,MDM,2021-06-09 00:00:00,2026-04-17 15:58:35.919071
f335194f-73d2-49fd-bbde-2e0e88e1f9c9,CUST-2021-UK-000258,Jeffrey,Rogers,Jeffrey Rogers,Male,1985-11-25,jeffrey.rogers@outlook.com,+44(0)1632 960 833,"Flat 70t
Lane street",Port Michelleton,Christineshire,WN2N 7RX,UK,United Kingdom,EMEA,English,Consumer,Silver,2021-12-18,2021,NEW,False,MDM,2021-12-18 00:00:00,2026-04-17 15:58:35.919184
1196b925-3806-4667-a271-f07e7d069375,CUST-2021-UK-000259,Emma,Gill,Emma Gill,Male,1976-06-24,emma.gill995@outlook.com,020 7946 0614,"Flat 78O
Matthews fields",Bondport,South Joeport,BS2 2TN,UK,United Kingdom,EMEA,English,Consumer,Gold,2021-10-11,2021,NEW,True,MDM,2021-10-11 00:00:00,2026-04-17 15:58:35.919318
9be84408-e6c5-4a67-acd1-9bb09fdc0e9b,CUST-2021-UK-000260,Jenna,Taylor,Jenna Taylor,Female,1978-03-17,jenna.taylor@msn.com,+44909 879 0478,"Studio 73G
Barry square",Graemeside,New Nicholas,S98 6BX,UK,United Kingdom,EMEA,English,Consumer,Silver,2021-05-05,2021,NEW,True,MDM,2021-05-05 00:00:00,2026-04-17 15:58:35.919407
856dacf5-0f22-4163-b05d-5658b4bd8f5d,CUST-2021-UK-000261,Dorothy,Slater,Dorothy Slater,Male,1997-04-09,dorothy.slater@hotmail.com,+44191 4960180,6 Nathan extensions,West Terrymouth,Michelleview,BS4 2WW,UK,United Kingdom,EMEA,English,Consumer,None,2021-04-10,2021,NEW,True,MDM,2021-04-10 00:00:00,2026-04-17 15:58:35.919496
47d409a9-6a4b-4920-a4e1-247dfe81d1a9,CUST-2021-UK-000262,Gary,Hilton,Gary Hilton,Female,2007-03-26,gary.hilton@msn.com,+44808 157 0165,"Flat 99
Stephen road",Judithton,New Lewisberg,S0S 4QD,UK,United Kingdom,EMEA,English,Consumer,Gold,2021-04-23,2021,NEW,True,MDM,2021-04-23 00:00:00,2026-04-17 15:58:35.919585
7920b0da-09ac-4c25-bf26-7bf64ab1b536,CUST-2021-UK-000263,Gavin,Gordon,Gavin Gordon,Male,1990-12-27,gavin.gordon431@protonmail.com,+44306 9990092,836 Hazel harbors,Kevinburgh,New Seanton,HS0 5HY,UK,United Kingdom,EMEA,English,Consumer,None,2021-05-07,2021,NEW,True,MDM,2021-05-07 00:00:00,2026-04-17 15:58:35.919671
98bccc2f-02d7-4b32-8439-ddc2d44959bc,CUST-2021-UK-000264,Charlie,Chambers,Charlie Chambers,Female,1951-10-27,charlie.chambers@live.com,+44(0)808 1570120,"Studio 62J
Knight plains",South Shanefurt,North Mathewland,N9C 0FN,UK,United Kingdom,EMEA,English,Consumer,None,2021-06-03,2021,NEW,True,MDM,2021-06-03 00:00:00,2026-04-17 15:58:35.919782
862120ca-10d8-4e84-83b7-8aabd8f9eaa2,CUST-2021-UK-000265,Michael,Foster,Michael Foster,Male,1974-06-10,michael.foster@hotmail.com,(0909)8790421,"Flat 70
Cheryl square",Deborahfort,Smithton,L0B 8WG,UK,United Kingdom,EMEA,English,Business,Gold,2021-08-17,2021,NEW,True,MDM,2021-08-17 00:00:00,2026-04-17 15:58:35.919894
3b9e7aa6-be43-475f-926e-f634243a00c1,CUST-2021-UK-000266,Melissa,Chambers,Melissa Chambers,Female,1977-08-16,melissa.chambers47@icloud.com,+44118 4960237,521 Keith dam,East Stacey,Hydeshire,RH1 7QD,UK,United Kingdom,EMEA,English,Consumer,Gold,2021-05-21,2021,NEW,True,MDM,2021-05-21 00:00:00,2026-04-17 15:58:35.920006
df0c71c0-f7d7-4980-b471-57ba10462f4c,CUST-2021-UK-000267,Alan,Davies,Alan Davies,Male,1958-03-29,alan.davies753@aol.com,(028) 9018091,47 Stuart point,Pamelatown,Luketown,B26 7FW,UK,United Kingdom,EMEA,English,Consumer,Gold,2021-06-16,2021,NEW,True,MDM,2021-06-16 00:00:00,2026-04-17 15:58:35.920092
d92d3c22-9ed9-4d27-89f1-f116a9ae82a1,CUST-2021-UK-000268,Allan,Davies,Allan Davies,Male,1983-10-02,allan.davies@mail.com,(0116)4960908,7 Walker hollow,Jacksonshire,Lake Julian,L2A 0WL,UK,United Kingdom,EMEA,English,Consumer,Silver,2021-09-14,2021,NEW,True,MDM,2021-09-14 00:00:00,2026-04-17 15:58:35.920221
ecfa35fe-7dbc-44ab-8889-37e27dcde0e1,CUST-2021-UK-000269,Katy,King,Katy King,Female,1976-05-27,katy.king@gmx.com,0909 879 0688,23 Green ranch,Saundersside,North Lynda,N3 5DY,UK,United Kingdom,EMEA,English,Consumer,None,2021-12-15,2021,NEW,True,MDM,2021-12-15 00:00:00,2026-04-17 15:58:35.920357
a4d620da-bdeb-4256-b05b-287ed497ab26,CUST-2021-UK-000270,Harry,Green,Harry Green,Male,1980-10-30,harry.green@outlook.com,(0141) 496 0880,"Flat 08Z
Clark keys",Joyceport,North Abigailhaven,CA4V 3RB,UK,United Kingdom,EMEA,English,Consumer,None,2021-04-24,2021,NEW,True,MDM,2021-04-24 00:00:00,2026-04-17 15:58:35.920471
29c24c00-dfcd-478f-9b2c-160b60fe89f7,CUST-2021-UK-000271,Jodie,Thomson,Jodie Thomson,Male,1968-03-25,jodie.thomson476@yahoo.com,(0117) 496 0285,"Flat 49
Moore loop",Teresatown,Barlowchester,WS0P 4ZN,UK,United Kingdom,EMEA,English,Consumer,None,2021-12-29,2021,NEW,True,MDM,2021-12-29 00:00:00,2026-04-17 15:58:35.920603
e8cf403e-9f89-41f2-82a5-4d4f5a58a4b8,CUST-2021-UK-000272,Deborah,Winter,Deborah Winter,Female,1986-02-03,deborah.winter@zoho.com,+44(0)909 8790513,"Studio 69
Bernard isle",Grahamfurt,West Gerard,RM91 3DN,UK,United Kingdom,EMEA,English,Consumer,None,2021-10-22,2021,NEW,True,MDM,2021-10-22 00:00:00,2026-04-17 15:58:35.920687
58ef0003-510b-437a-9295-9b6564a08e32,CUST-2021-UK-000273,Victoria,Russell,Victoria Russell,Male,1974-06-03,victoria.russell@gmx.com,+441174960167,75 Iain green,O'Neillstad,New Barry,GL13 4FD,UK,United Kingdom,EMEA,English,Business,None,2021-11-19,2021,NEW,True,MDM,2021-11-19 00:00:00,2026-04-17 15:58:35.920794
46c90fac-ada8-466f-a67c-af3a7d86e5a6,CUST-2021-UK-000274,Dawn,Hall,Dawn Hall,Female,1970-07-27,dawn.hall592@aol.com,+44(0)1134960828,"Flat 65
Luke forge",Port Steven,Jackborough,CO1 7WN,UK,United Kingdom,EMEA,English,Consumer,Platinum,2021-03-19,2021,NEW,True,MDM,2021-03-19 00:00:00,2026-04-17 15:58:35.920879
dd05f963-247e-4a6e-b24d-4e429256d78f,CUST-2021-UK-000275,Jessica,Gibbs,Jessica Gibbs,Male,1965-07-15,jessica.gibbs@gmx.com,+44(0)29 2018 0933,846 Hargreaves corners,New Garrychester,North Sallyborough,SY7A 9TU,UK,United Kingdom,EMEA,English,Consumer,Silver,2021-09-03,2021,NEW,True,MDM,2021-09-03 00:00:00,2026-04-17 15:58:35.920992
9f96ef86-bfb6-454d-8d0d-8960ea6c3c81,CUST-2021-UK-000276,Mathew,Shaw,Mathew Shaw,Male,1956-03-27,mathew.shaw@outlook.com,(0114) 4960765,66 Thompson cape,Port Frederick,South Frederickmouth,OX2X 8FT,UK,United Kingdom,EMEA,English,Consumer,None,2021-01-24,2021,NEW,True,MDM,2021-01-24 00:00:00,2026-04-17 15:58:35.921102
4229c51b-0468-4dfb-bb06-8312bcff2d0a,CUST-2021-UK-000277,Jill,Stevens,Jill Stevens,Female,2000-09-06,jill.stevens161@hotmail.com,+4420 74960746,844 Ward view,Collinsmouth,North Gail,TS4N 5PS,UK,United Kingdom,EMEA,English,Consumer,Platinum,2021-11-23,2021,NEW,True,MDM,2021-11-23 00:00:00,2026-04-17 15:58:35.921234
911c8a72-ad82-47a5-a5cc-d4d1a69b84fc,CUST-2021-UK-000278,Jill,Nolan,Jill Nolan,Female,2004-03-03,jill.nolan747@aol.com,+44306 9990592,730 Phillips fork,Fionaberg,Francesland,G9F 7PB,UK,United Kingdom,EMEA,English,Consumer,Silver,2021-06-17,2021,NEW,True,MDM,2021-06-17 00:00:00,2026-04-17 15:58:35.921337
c5761dd3-96a4-4f94-9a1d-f95e2a8496c3,CUST-2021-UK-000279,Victoria,Allen,Victoria Allen,Female,1969-04-22,victoria.allen@zoho.com,+44(0)20 74960972,4 Scott pike,Williamsside,West Alexander,W2S 4HZ,UK,United Kingdom,EMEA,English,Consumer,Silver,2021-12-16,2021,NEW,True,MDM,2021-12-16 00:00:00,2026-04-17 15:58:35.921461
da51e917-414e-4aa0-9b13-c6815f0eb7e5,CUST-2021-UK-000280,Margaret,Williams,Margaret Williams,Female,2002-04-25,margaret.williams43@aol.com,03069990754,97 Storey village,Port Kim,Zoechester,SM5V 3RT,UK,United Kingdom,EMEA,English,Education,Gold,2021-11-26,2021,NEW,True,MDM,2021-11-26 00:00:00,2026-04-17 15:58:35.921565
ad793829-66eb-45b7-bccb-0eb3125f96c8,CUST-2021-UK-000281,Frederick,Knight,Frederick Knight,Female,1986-01-23,frederick.knight@yahoo.com,(0161)4960571,"Studio 10C
Smith common",East Beverley,West Hayley,M8D 2ZR,UK,United Kingdom,EMEA,English,Education,None,2021-11-22,2021,NEW,True,MDM,2021-11-22 00:00:00,2026-04-17 15:58:35.921670
33dbd167-1893-4a1e-98e0-9ede8ed822ee,CUST-2021-UK-000282,Kevin,Clarke,Kevin Clarke,Male,1957-05-30,kevin.clarke45@yahoo.com,+44(0)2074960622,145 Wood row,Williamsfort,Kevinfurt,S1H 5HD,UK,United Kingdom,EMEA,English,Business,Silver,2021-03-04,2021,NEW,True,MDM,2021-03-04 00:00:00,2026-04-17 15:58:35.921803
90d5db5f-fb37-4a08-89cf-7f82172324e5,CUST-2021-UK-000283,Steven,Sims,Steven Sims,Female,2001-04-05,steven.sims@outlook.com,+44116 496 0266,878 Jacob streets,Crossview,Howardhaven,WS0 2JS,UK,United Kingdom,EMEA,English,Consumer,None,2021-08-30,2021,NEW,True,MDM,2021-08-30 00:00:00,2026-04-17 15:58:35.921927
a1daad7c-3600-4f9a-bd85-b3dbb10f86a8,CUST-2021-UK-000284,Joanna,Richardson,Joanna Richardson,Female,1955-11-24,joanna.richardson@msn.com,+44114 496 0373,784 Robin stravenue,New Nathan,Johnsonburgh,S15 2RD,UK,United Kingdom,EMEA,English,Consumer,None,2021-02-14,2021,NEW,True,MDM,2021-02-14 00:00:00,2026-04-17 15:58:35.922036
33b24f41-13a2-4c67-9917-c9b58a3e76e3,CUST-2021-UK-000285,Irene,Stokes,Irene Stokes,Male,2003-02-19,irene.stokes@zoho.com,028 9018 0675,"Studio 56
Evans trail",New Wayneborough,Janeside,NR5X 8FY,UK,United Kingdom,EMEA,English,Consumer,None,2021-12-16,2021,NEW,True,MDM,2021-12-16 00:00:00,2026-04-17 15:58:35.922144
802e65ea-58e1-44d6-87a3-e091822c8bad,CUST-2021-UK-000286,Ross,Owen,Ross Owen,Female,1975-08-14,ross.owen@icloud.com,+44(0)28 9018050,"Flat 86T
Gillian dale",Mortonfurt,West Malcolm,N40 0RQ,UK,United Kingdom,EMEA,English,Consumer,None,2021-10-31,2021,NEW,True,MDM,2021-10-31 00:00:00,2026-04-17 15:58:35.922264
7ef4325a-4db5-4e17-b905-00ef3ac8dd2c,CUST-2021-UK-000287,Glen,Wilson,Glen Wilson,Female,1975-03-16,glen.wilson@gmx.com,+44(0)808 1570972,7 Hawkins turnpike,Lake Nicole,West Jasmineburgh,G8 3RW,UK,United Kingdom,EMEA,English,Consumer,None,2021-03-19,2021,NEW,True,MDM,2021-03-19 00:00:00,2026-04-17 15:58:35.922374
0e61e93a-7bf9-491f-b8d5-2b6c0dd9150b,CUST-2021-UK-000288,Rosie,Hall,Rosie Hall,Female,2005-11-05,rosie.hall@gmail.com,+44118 4960911,"Studio 83b
Sharpe point",Daviesbury,Lake Bruce,HX28 5PQ,UK,United Kingdom,EMEA,English,Consumer,Silver,2021-08-16,2021,NEW,True,MDM,2021-08-16 00:00:00,2026-04-17 15:58:35.922510
5362e856-c08b-4aa2-9ed6-1f5832d6e5e8,CUST-2021-UK-000289,Vincent,Palmer,Vincent Palmer,Female,1998-01-24,vincent.palmer97@aol.com,+4428 9018 0845,"Flat 83G
Ford unions",Reidville,New Mohammedburgh,GY6 5SJ,UK,United Kingdom,EMEA,English,Consumer,None,2021-06-06,2021,NEW,True,MDM,2021-06-06 00:00:00,2026-04-17 15:58:35.922644
ccb938f5-042e-4ec6-b417-85d10b32c186,CUST-2021-UK-000290,Terence,Barnes,Terence Barnes,Male,1986-01-27,terence.barnes@gmx.com,0115 496 0468,"Studio 8
Tucker harbors",North Paigestad,Farrellside,L95 2XN,UK,United Kingdom,EMEA,English,Education,None,2021-09-02,2021,NEW,True,MDM,2021-09-02 00:00:00,2026-04-17 15:58:35.922854
947a4429-5338-43db-b5f4-aabb85ac4609,CUST-2021-UK-000291,Eleanor,White,Eleanor White,Female,2000-01-20,eleanor.white@protonmail.com,028 9018370,67 Powell glen,East Roy,Daviestown,TD4 3WX,UK,United Kingdom,EMEA,English,Consumer,None,2021-08-31,2021,NEW,True,MDM,2021-08-31 00:00:00,2026-04-17 15:58:35.922986
bea93317-476f-41cc-940f-5f05e9445238,CUST-2021-UK-000292,Rachael,Porter,Rachael Porter,Male,1971-04-25,rachael.porter@msn.com,0121 4960896,655 Joanne overpass,Samanthatown,North Cliffordfort,M64 2AP,UK,United Kingdom,EMEA,English,Consumer,None,2021-07-15,2021,NEW,True,MDM,2021-07-15 00:00:00,2026-04-17 15:58:35.923069
47105bd8-e109-4215-af19-6ee6e3810ee7,CUST-2021-UK-000293,Brandon,Gordon,Brandon Gordon,Male,1972-03-25,brandon.gordon@hotmail.com,(020)74960637,32 Kate tunnel,Cheryltown,Caroltown,TD1 6FX,UK,United Kingdom,EMEA,English,Consumer,Silver,2021-05-20,2021,NEW,True,MDM,2021-05-20 00:00:00,2026-04-17 15:58:35.923149
14a0d863-b41e-49e4-9196-0339f436a70a,CUST-2021-UK-000294,Sheila,Duncan,Sheila Duncan,Female,1988-10-15,sheila.duncan@aol.com,+44(0)161 496 0212,"Studio 8
Samantha turnpike",Brownville,Lake Sara,OX8A 3FY,UK,United Kingdom,EMEA,English,Consumer,None,2021-11-28,2021,NEW,True,MDM,2021-11-28 00:00:00,2026-04-17 15:58:35.923252
f03fd82c-3540-44b5-a128-fa118e2d4503,CUST-2021-UK-000295,Naomi,Jones,Naomi Jones,Female,1978-01-15,naomi.jones413@outlook.com,+44(0)1514960883,"Flat 88S
Sian union",West Jessica,Brianfort,N5D 3PB,UK,United Kingdom,EMEA,English,Education,Platinum,2021-09-19,2021,NEW,True,MDM,2021-09-19 00:00:00,2026-04-17 15:58:35.923337
aa6ac42b-7268-4377-abd5-2841f3e3793b,CUST-2021-UK-000296,Molly,O'Brien,Molly O'Brien,Female,1992-06-15,molly.o'brien305@gmx.com,+4428 9018671,"Studio 5
Damien squares",West Danny,East Brianfurt,N22 0BH,UK,United Kingdom,EMEA,English,Consumer,Silver,2021-08-23,2021,NEW,True,MDM,2021-08-23 00:00:00,2026-04-17 15:58:35.923418
5f1652ee-5547-4c83-9d60-2bf316095546,CUST-2021-UK-000297,Catherine,Clements,Catherine Clements,Female,1952-11-15,catherine.clements@gmail.com,020 7946 0661,"Studio 8
Jackson court",Wrightchester,Christiantown,HA8M 5WT,UK,United Kingdom,EMEA,English,Consumer,Gold,2021-10-27,2021,NEW,True,MDM,2021-10-27 00:00:00,2026-04-17 15:58:35.923548
3c398582-b3b6-4c43-8186-dbf2f7ecef15,CUST-2021-UK-000298,Marion,Gibson,Marion Gibson,Female,1996-07-05,marion.gibson@msn.com,+44808 1570567,"Studio 4
Rachael highway",Port Paulafort,Gibsonton,N4 1NH,UK,United Kingdom,EMEA,English,Consumer,Gold,2021-12-27,2021,NEW,True,MDM,2021-12-27 00:00:00,2026-04-17 15:58:35.923658
db689023-cb36-44a6-9bb3-01c7687d6bf3,CUST-2021-UK-000299,Andrew,Clarke,Andrew Clarke,Male,1975-02-10,andrew.clarke@gmail.com,(0117) 4960133,"Flat 4
Connor light",Katherinefurt,East Ryanbury,SE7V 0HE,UK,United Kingdom,EMEA,English,Consumer,Gold,2021-03-20,2021,NEW,True,MDM,2021-03-20 00:00:00,2026-04-17 15:58:35.923741
ea3f9b71-89c1-48e6-8c1c-43414f286a7a,CUST-2021-UK-000300,Jake,Smith,Jake Smith,Female,2003-04-19,jake.smith@gmail.com,+441414960838,5 O'Connor harbors,Marilynberg,Douglasborough,KA98 8YA,UK,United Kingdom,EMEA,English,Consumer,Silver,2021-08-12,2021,NEW,True,MDM,2021-08-12 00:00:00,2026-04-17 15:58:35.923843
4537d34b-c7a4-4547-a6f7-f57ba51478ae,CUST-2021-UK-000301,Paige,Harding,Paige Harding,Female,1952-09-03,paige.harding@gmx.com,+44141 496 0858,"Studio 46M
Davis ways",Lindamouth,Sheilaberg,E8 9SX,UK,United Kingdom,EMEA,English,Consumer,Gold,2021-10-12,2021,NEW,True,MDM,2021-10-12 00:00:00,2026-04-17 15:58:35.923949
b7db3ebd-31ab-4af3-8dc2-b2c526b634f6,CUST-2021-UK-000302,Henry,Lane,Henry Lane,Male,1995-05-29,henry.lane@outlook.com,(01632) 960 472,5 Douglas village,Port Steven,New Colin,HA0 6HQ,UK,United Kingdom,EMEA,English,Consumer,Gold,2021-11-14,2021,NEW,True,MDM,2021-11-14 00:00:00,2026-04-17 15:58:35.924052
42de64ec-f165-45b7-b32b-609a3c075881,CUST-2021-UK-000303,Josephine,Frost,Josephine Frost,Female,2006-11-16,josephine.frost260@msn.com,(0131) 4960998,349 King islands,Barrettmouth,East Leeborough,SM0 3FN,UK,United Kingdom,EMEA,English,Consumer,Gold,2021-07-02,2021,NEW,True,MDM,2021-07-02 00:00:00,2026-04-17 15:58:35.924178
b0b0234e-7d92-4520-aaca-f8cf7066d674,CUST-2021-UK-000304,Sian,Smith,Sian Smith,Female,1963-02-27,sian.smith@icloud.com,+44(0)20 74960523,"Flat 79
Melanie neck",Port Alexander,North Rosie,PA77 5BR,UK,United Kingdom,EMEA,English,Consumer,None,2021-11-05,2021,NEW,True,MDM,2021-11-05 00:00:00,2026-04-17 15:58:35.924258
d0fb2725-cdf2-4b46-9c4a-606cb3e96e2e,CUST-2021-UK-000305,Alex,Campbell,Alex Campbell,Female,1999-03-01,alex.campbell435@mail.com,+441614960332,"Flat 09h
Pauline spur",Greenstad,Staceytown,PO2 4WU,UK,United Kingdom,EMEA,English,Consumer,Platinum,2021-04-16,2021,NEW,True,MDM,2021-04-16 00:00:00,2026-04-17 15:58:35.924362
f919ff54-d46a-454d-af7c-148e056da89b,CUST-2021-UK-000306,Elizabeth,Hamilton,Elizabeth Hamilton,Female,1984-12-13,elizabeth.hamilton@outlook.com,+44808 1570181,1 Stephen wells,East Jennaside,South Margarettown,B5C 8AR,UK,United Kingdom,EMEA,English,Consumer,Gold,2021-05-23,2021,NEW,True,MDM,2021-05-23 00:00:00,2026-04-17 15:58:35.924450
330f85ab-8e9a-4a18-b502-e55102af7a55,CUST-2021-UK-000307,Matthew,Kent,Matthew Kent,Male,1956-04-10,matthew.kent@yahoo.com,0909 8790746,6 Rebecca island,New Louis,West Katie,L35 8QZ,UK,United Kingdom,EMEA,English,Consumer,Silver,2021-03-14,2021,NEW,True,MDM,2021-03-14 00:00:00,2026-04-17 15:58:35.924532
8ce9e920-eb0f-415f-b806-319859090080,CUST-2021-UK-000308,Andrew,Newton,Andrew Newton,Male,1995-01-30,andrew.newton541@zoho.com,+44131 4960776,"Flat 4
Murphy burg",East Dianemouth,West Sian,B2 3DA,UK,United Kingdom,EMEA,English,Business,Silver,2021-04-26,2021,NEW,True,MDM,2021-04-26 00:00:00,2026-04-17 15:58:35.924638
7a00971d-a714-4ca1-ab20-5e7073e2596a,CUST-2021-UK-000309,Dawn,Hayward,Dawn Hayward,Female,1950-08-02,dawn.hayward@zoho.com,(0131) 496 0710,"Flat 61
Scott shoal",West Clive,Jodiebury,L19 0YN,UK,United Kingdom,EMEA,English,Consumer,Platinum,2021-11-07,2021,NEW,True,MDM,2021-11-07 00:00:00,2026-04-17 15:58:35.924746
7bf5f1a0-38bd-42b2-9aff-c178e94b1f2e,CUST-2021-UK-000310,Rosie,Black,Rosie Black,Male,2008-01-16,rosie.black@hotmail.com,+44(0)1174960565,540 Jasmine gateway,Port Lesley,East Justinmouth,M7 0LJ,UK,United Kingdom,EMEA,English,Consumer,None,2021-05-10,2021,NEW,True,MDM,2021-05-10 00:00:00,2026-04-17 15:58:35.924829
98be47a5-7adc-4456-b081-2215bcdf5ec0,CUST-2021-UK-000311,Rosemary,Robinson,Rosemary Robinson,Female,1956-09-16,rosemary.robinson557@mail.com,+44113 4960999,"Flat 59
Stephens crossroad",Port Connorburgh,Port Owenfurt,M2B 3DR,UK,United Kingdom,EMEA,English,Consumer,None,2021-07-10,2021,NEW,False,MDM,2021-07-10 00:00:00,2026-04-17 15:58:35.924949
30cca803-5cc2-48da-8e6c-8cd3d7b4b070,CUST-2021-UK-000312,Caroline,Cross,Caroline Cross,Male,1991-02-07,caroline.cross596@gmx.com,+441632960044,6 Anderson fort,Brownport,Holmesview,G64 3PD,UK,United Kingdom,EMEA,English,Consumer,Silver,2021-12-17,2021,NEW,True,MDM,2021-12-17 00:00:00,2026-04-17 15:58:35.925097
5d29e852-e65c-431e-922a-af0c89ae502a,CUST-2021-UK-000313,Marie,Walker,Marie Walker,Female,1982-09-09,marie.walker@gmx.com,+44151 4960748,"Flat 4
Roberts island",New Benjaminshire,New Helen,M4S 0EP,UK,United Kingdom,EMEA,English,Consumer,Platinum,2021-10-06,2021,NEW,True,MDM,2021-10-06 00:00:00,2026-04-17 15:58:35.925205
fbe1f15f-520b-4abe-8e76-635b8700028a,CUST-2021-UK-000314,Fiona,Davies,Fiona Davies,Female,2001-04-09,fiona.davies@msn.com,0118 496 0714,8 Wood cove,Alisonmouth,Port Abbieport,KT31 5WE,UK,United Kingdom,EMEA,English,Consumer,None,2021-12-12,2021,NEW,True,MDM,2021-12-12 00:00:00,2026-04-17 15:58:35.925315
8e420ce1-89bf-4d73-878f-e0b87720ee8e,CUST-2021-UK-000315,Luke,Day,Luke Day,Female,1959-05-24,luke.day@zoho.com,(0121) 4960805,045 Julie shoals,Bethanyville,Port Alex,B65 0PZ,UK,United Kingdom,EMEA,English,Consumer,Platinum,2021-01-04,2021,NEW,True,MDM,2021-01-04 00:00:00,2026-04-17 15:58:35.925402
5ad7dc41-e588-47c0-ac4e-81ade6d45b85,CUST-2021-UK-000316,Dawn,Fisher,Dawn Fisher,Male,1993-05-05,dawn.fisher@icloud.com,(0116)4960542,"Studio 36
Robert lake",Pearsonchester,Port Albert,HD0 3ZF,UK,United Kingdom,EMEA,English,Business,None,2021-05-13,2021,NEW,True,MDM,2021-05-13 00:00:00,2026-04-17 15:58:35.925507
46150cef-64fe-4ec0-a752-8896f626060b,CUST-2021-UK-000317,Phillip,Dixon,Phillip Dixon,Male,1976-03-25,phillip.dixon@zoho.com,(029) 2018 0196,"Studio 9
Holden flat",North Joshport,West Brandon,E2W 4QT,UK,United Kingdom,EMEA,English,Consumer,Gold,2021-08-23,2021,NEW,True,MDM,2021-08-23 00:00:00,2026-04-17 15:58:35.925613
f122cc68-8620-4a70-ad98-d239a05d4392,CUST-2021-UK-000318,Josephine,Gibson,Josephine Gibson,Female,2001-06-15,josephine.gibson@hotmail.com,01164960418,60 Mohammad wells,Aliceshire,East Howard,S99 7YL,UK,United Kingdom,EMEA,English,Consumer,None,2021-08-14,2021,NEW,True,MDM,2021-08-14 00:00:00,2026-04-17 15:58:35.925696
249545d3-db22-4862-adf5-c81d677b7ca2,CUST-2021-UK-000319,Alexander,Dixon,Alexander Dixon,Male,1982-09-05,alexander.dixon@gmail.com,01314960409,9 Bray glens,South Marianchester,Lake Teresashire,W20 2ZU,UK,United Kingdom,EMEA,English,Consumer,None,2021-05-18,2021,NEW,True,MDM,2021-05-18 00:00:00,2026-04-17 15:58:35.925803
c2072dcb-9348-4abb-b3b2-19a4caa66586,CUST-2021-UK-000320,Simon,Watson,Simon Watson,Male,1970-01-23,simon.watson761@yahoo.com,0115 4960751,"Flat 17K
Mellor spur",East Sara,Port Shirleyside,N52 8XU,UK,United Kingdom,EMEA,English,Business,None,2021-10-04,2021,NEW,True,MDM,2021-10-04 00:00:00,2026-04-17 15:58:35.925913
ad7df796-c536-4949-bdf7-1ad1186881a5,CUST-2021-UK-000321,Donald,Wallace,Donald Wallace,Female,2004-10-08,donald.wallace@msn.com,0191 498 0725,"Studio 58g
Kelly unions",Lloydport,East Dylan,LA9 8HX,UK,United Kingdom,EMEA,English,Consumer,Silver,2021-05-11,2021,NEW,True,MDM,2021-05-11 00:00:00,2026-04-17 15:58:35.926017
3f97f6ff-e587-429d-9ffa-17366f7a2743,CUST-2021-UK-000322,Denise,Manning,Denise Manning,Female,1983-02-23,denise.manning@aol.com,+441914960496,05 Charles tunnel,South Bethbury,Scottview,S0U 7QL,UK,United Kingdom,EMEA,English,Education,None,2021-09-23,2021,NEW,True,MDM,2021-09-23 00:00:00,2026-04-17 15:58:35.926120
73ce2388-0525-471f-8d59-082d9da649ec,CUST-2021-UK-000323,Joanna,Ball,Joanna Ball,Male,1958-06-22,joanna.ball@aol.com,03069990712,7 Holly square,Rebeccaport,South Georgina,KA9H 7QA,UK,United Kingdom,EMEA,English,Consumer,None,2021-06-13,2021,NEW,True,MDM,2021-06-13 00:00:00,2026-04-17 15:58:35.926200
fb4681d0-6590-473d-8638-4c5bded0e79c,CUST-2021-UK-000324,Leonard,Bradley,Leonard Bradley,Female,1989-11-21,leonard.bradley@msn.com,01514960844,"Flat 4
Murphy parkway",Jonesview,Scottton,PO8H 3RW,UK,United Kingdom,EMEA,English,Consumer,Platinum,2021-06-13,2021,NEW,True,MDM,2021-06-13 00:00:00,2026-04-17 15:58:35.926347
73c2019f-e3da-4d7d-88da-b402b660b5d9,CUST-2021-UK-000325,Julian,Edwards,Julian Edwards,Male,2005-09-17,julian.edwards@hotmail.com,+44(0)1164960370,"Flat 7
Fowler divide",North Emily,New Geoffrey,E29 1ZJ,UK,United Kingdom,EMEA,English,Consumer,None,2021-09-19,2021,NEW,True,MDM,2021-09-19 00:00:00,2026-04-17 15:58:35.926448
de5cec1e-621d-4cba-83b3-f708f4b37f8d,CUST-2021-UK-000326,Glenn,Palmer,Glenn Palmer,Female,1950-11-21,glenn.palmer@live.com,029 2018 0722,646 Jordan locks,West Shannonville,Port Connor,EH0A 4UN,UK,United Kingdom,EMEA,English,Education,Silver,2021-02-10,2021,NEW,True,MDM,2021-02-10 00:00:00,2026-04-17 15:58:35.926529
3119e485-3204-4bfa-aaca-b81e1367b0f6,CUST-2021-UK-000327,Graham,Whitehead,Graham Whitehead,Male,1982-04-22,graham.whitehead@live.com,+44161 496 0704,63 Brown ways,Barryside,Lake Clivefort,HS5 5PE,UK,United Kingdom,EMEA,English,Consumer,Gold,2021-08-25,2021,NEW,True,MDM,2021-08-25 00:00:00,2026-04-17 15:58:35.926632
02fe55a3-3b74-4562-abaf-3f0544842abb,CUST-2021-UK-000328,Denise,Abbott,Denise Abbott,Male,2006-12-03,denise.abbott@mail.com,+44151 496 0719,"Studio 41
Daniel shoal",Richardside,Port Maureen,M7 5DD,UK,United Kingdom,EMEA,English,Consumer,None,2021-02-16,2021,NEW,True,MDM,2021-02-16 00:00:00,2026-04-17 15:58:35.926711
8f2cf457-3de9-41f2-a08d-f32700948bb4,CUST-2021-UK-000329,Phillip,Iqbal,Phillip Iqbal,Female,1965-05-01,phillip.iqbal694@icloud.com,+44(0)29 2018921,0 Smith underpass,North Adrianchester,Andrewsshire,MK7R 5YN,UK,United Kingdom,EMEA,English,Consumer,None,2021-06-01,2021,NEW,True,MDM,2021-06-01 00:00:00,2026-04-17 15:58:35.926838
5ba7881b-0c77-48a5-98d2-ab40a5aa8be8,CUST-2021-UK-000330,Kayleigh,Barnett,Kayleigh Barnett,Male,2007-01-10,kayleigh.barnett@hotmail.com,+441184960610,323 Hunt lakes,Paulaview,Port Rachel,W1K 6EQ,UK,United Kingdom,EMEA,English,Consumer,Platinum,2021-09-14,2021,NEW,True,MDM,2021-09-14 00:00:00,2026-04-17 15:58:35.926940
5435aa04-e131-430e-b24d-3db47583fd58,CUST-2021-UK-000331,Patrick,Jones,Patrick Jones,Female,1997-11-15,patrick.jones@mail.com,(0909) 879 0153,"Studio 14E
Bethan brook",South Heathermouth,West Jillton,CH78 8ES,UK,United Kingdom,EMEA,English,Consumer,Silver,2021-05-05,2021,NEW,True,MDM,2021-05-05 00:00:00,2026-04-17 15:58:35.927024
6aac620d-c8f2-4724-98fe-f56ec0d61f4a,CUST-2021-UK-000332,Carol,Johnson,Carol Johnson,Female,1991-12-31,carol.johnson@aol.com,(0116) 4960734,9 Faulkner shore,Lukeview,North Victoriahaven,B5 8XD,UK,United Kingdom,EMEA,English,Consumer,Gold,2021-06-23,2021,NEW,True,MDM,2021-06-23 00:00:00,2026-04-17 15:58:35.927126
3d298ea1-0226-4bc3-98aa-a6215ddd9e46,CUST-2021-UK-000333,Charles,Harper,Charles Harper,Female,1994-10-03,charles.harper755@hotmail.com,+44114 4960991,701 Bailey bridge,East Michelleport,Paynemouth,HX8 0JP,UK,United Kingdom,EMEA,English,Business,None,2021-12-05,2021,NEW,True,MDM,2021-12-05 00:00:00,2026-04-17 15:58:35.927252
b35e046f-cd20-41c2-9ce1-25a6041b73cd,CUST-2021-UK-000334,Dean,Rose,Dean Rose,Female,1967-03-19,dean.rose@zoho.com,+44(0)161 496 0080,"Flat 03
Justin squares",Ashleyville,Hallhaven,L13 5WE,UK,United Kingdom,EMEA,English,Consumer,None,2021-12-01,2021,NEW,True,MDM,2021-12-01 00:00:00,2026-04-17 15:58:35.927354
67868559-0af6-4859-be47-f7318ab5ea6c,CUST-2021-UK-000335,Ben,Fisher,Ben Fisher,Female,1963-08-19,ben.fisher@mail.com,+44808 1570216,080 Conor garden,North Nicholaston,North Maria,JE8 1QQ,UK,United Kingdom,EMEA,English,Consumer,None,2021-06-07,2021,NEW,True,MDM,2021-06-07 00:00:00,2026-04-17 15:58:35.927437
6f90e1b1-99cf-491f-8486-b857ca795a4d,CUST-2021-UK-000336,Christian,Gibbs,Christian Gibbs,Male,1977-09-02,christian.gibbs@protonmail.com,0131 496 0422,0 Johnston orchard,West Arthurton,Port Jeremyport,B9 2AD,UK,United Kingdom,EMEA,English,Consumer,None,2021-03-31,2021,NEW,True,MDM,2021-03-31 00:00:00,2026-04-17 15:58:35.927539
8d54983c-3664-43f2-886b-5babc7e2d5bf,CUST-2021-UK-000337,Lewis,Begum,Lewis Begum,Female,2005-06-15,lewis.begum70@mail.com,(0141) 496 0949,"Flat 83c
Turner dale",Edwardsmouth,Susanton,W1 5XY,UK,United Kingdom,EMEA,English,Consumer,None,2021-10-16,2021,NEW,True,MDM,2021-10-16 00:00:00,2026-04-17 15:58:35.927665
b1f40686-3ba4-477d-abae-732662a45bcb,CUST-2021-UK-000338,Jayne,Smith,Jayne Smith,Male,1966-06-17,jayne.smith774@live.com,+44(0)306 9990671,"Flat 7
Clifford curve",Doyletown,North Ruth,E6D 9FS,UK,United Kingdom,EMEA,English,Business,None,2021-05-08,2021,NEW,True,MDM,2021-05-08 00:00:00,2026-04-17 15:58:35.927767
4644276f-22df-4ad9-b456-324208aaa850,CUST-2021-UK-000339,Maurice,Hill,Maurice Hill,Male,1992-02-24,maurice.hill@gmx.com,+44116 4960395,"Studio 10
Clarke lake",Christianmouth,Palmerville,DA39 7YH,UK,United Kingdom,EMEA,English,Consumer,Platinum,2021-02-25,2021,NEW,True,MDM,2021-02-25 00:00:00,2026-04-17 15:58:35.927968
6639590f-f74f-4849-a70e-f8bbbfaf5e6c,CUST-2021-UK-000340,Hugh,Dunn,Hugh Dunn,Male,1955-04-18,hugh.dunn@gmail.com,029 2018141,"Flat 55M
Hayley corner",Hallshire,Greenport,E9S 6PP,UK,United Kingdom,EMEA,English,Business,None,2021-02-10,2021,NEW,True,MDM,2021-02-10 00:00:00,2026-04-17 15:58:35.928196
c5a706a2-34ce-4d78-a64c-eebbef5c04a0,CUST-2021-UK-000341,Anthony,Myers,Anthony Myers,Male,1992-01-01,anthony.myers@hotmail.com,029 2018587,"Flat 41
Allen island",Robertsland,Nigelmouth,HU9V 4SZ,UK,United Kingdom,EMEA,English,Consumer,None,2021-09-12,2021,NEW,True,MDM,2021-09-12 00:00:00,2026-04-17 15:58:35.928362
b50b5fa9-f6e6-4c7a-aa2f-e6b836c18860,CUST-2021-UK-000342,Lynda,Anderson,Lynda Anderson,Male,2007-07-24,lynda.anderson@outlook.com,(0141)4960543,17 Robinson streets,Lyndaville,Lindashire,L65 3PZ,UK,United Kingdom,EMEA,English,Consumer,Silver,2021-04-21,2021,NEW,True,MDM,2021-04-21 00:00:00,2026-04-17 15:58:35.928479
4fa55303-b577-444c-80c5-61067581ff49,CUST-2021-UK-000343,Carl,Atkins,Carl Atkins,Male,1985-01-25,carl.atkins@aol.com,(020)74960639,048 Saunders summit,North Jasmine,Shaneshire,EH09 4EU,UK,United Kingdom,EMEA,English,Business,None,2021-05-21,2021,NEW,True,MDM,2021-05-21 00:00:00,2026-04-17 15:58:35.928586
04d40eca-c75a-446f-90e3-58bb92851c65,CUST-2021-UK-000344,Dylan,Atkins,Dylan Atkins,Male,1963-04-05,dylan.atkins@gmx.com,(0808)1570273,7 Kevin plaza,Leanneville,West Abigail,BT4 9QR,UK,United Kingdom,EMEA,English,Consumer,None,2021-03-18,2021,NEW,True,MDM,2021-03-18 00:00:00,2026-04-17 15:58:35.928676
e033d720-b661-41a8-bb2f-26792b06f65f,CUST-2021-UK-000345,Graham,Gill,Graham Gill,Female,1990-07-01,graham.gill@live.com,(0808)1570630,80 Douglas valleys,Traceystad,Lake Clive,M18 8QJ,UK,United Kingdom,EMEA,English,Business,Silver,2021-03-05,2021,NEW,True,MDM,2021-03-05 00:00:00,2026-04-17 15:58:35.928761
932e45e3-a6b0-4c2e-bdfe-f1cfa9747e05,CUST-2021-UK-000346,Alexander,Potts,Alexander Potts,Male,1984-06-07,alexander.potts@yahoo.com,+44(0)151 496 0936,13 Alex valley,Port Hazelfort,Lake Ryan,N2K 1NJ,UK,United Kingdom,EMEA,English,Consumer,Platinum,2021-02-16,2021,NEW,True,MDM,2021-02-16 00:00:00,2026-04-17 15:58:35.928849
fe5e792e-0fd0-4350-b929-10228909e3a9,CUST-2021-UK-000347,Janice,Hall,Janice Hall,Male,1992-05-05,janice.hall30@hotmail.com,01632 960255,"Flat 15v
Dawson ports",Joshuamouth,Olivertown,B1 7ZL,UK,United Kingdom,EMEA,English,Consumer,Gold,2021-02-26,2021,NEW,True,MDM,2021-02-26 00:00:00,2026-04-17 15:58:35.928960
773776cd-3536-4ad9-988b-8aab3dd85e26,CUST-2021-UK-000348,Harriet,Anderson,Harriet Anderson,Male,1968-08-01,harriet.anderson234@protonmail.com,0292018516,"Studio 5
Nicola stream",Port Amelia,North Joannaberg,DL6E 3BT,UK,United Kingdom,EMEA,English,Consumer,Silver,2021-10-18,2021,NEW,True,MDM,2021-10-18 00:00:00,2026-04-17 15:58:35.929047
2f1e9994-b47f-4382-a832-cb8b72b72ddc,CUST-2021-UK-000349,Neil,Williams,Neil Williams,Male,1951-07-18,neil.williams@live.com,01614960898,"Flat 45
Emily groves",Paigeton,East Joanne,N4 3EF,UK,United Kingdom,EMEA,English,Consumer,Silver,2021-04-19,2021,NEW,True,MDM,2021-04-19 00:00:00,2026-04-17 15:58:35.929134
6810e30a-2b30-4b3d-a18f-bdc505cb9946,CUST-2021-UK-000350,Jennifer,Wilson,Jennifer Wilson,Male,1998-03-18,jennifer.wilson703@hotmail.com,01154960225,19 Powell greens,Wrightfort,Westfort,B9K 6HW,UK,United Kingdom,EMEA,English,Consumer,None,2021-06-18,2021,NEW,True,MDM,2021-06-18 00:00:00,2026-04-17 15:58:35.929291
fa21e000-b84f-4f81-b899-58ba09946641,CUST-2021-UK-000351,Lauren,Smith,Lauren Smith,Male,1968-05-26,lauren.smith@hotmail.com,+44909 8790190,8 Barker estate,Lake Maria,East Daniellebury,BL09 2GQ,UK,United Kingdom,EMEA,English,Education,None,2021-12-11,2021,NEW,True,MDM,2021-12-11 00:00:00,2026-04-17 15:58:35.929399
657b4a29-54db-4af6-aa3c-7589afe9e9bb,CUST-2021-UK-000352,Gregory,Webb,Gregory Webb,Female,1955-02-28,gregory.webb@live.com,+441314960888,2 Josephine mill,Lake Gareth,East Mohammad,S51 0FJ,UK,United Kingdom,EMEA,English,Business,None,2021-05-05,2021,NEW,True,MDM,2021-05-05 00:00:00,2026-04-17 15:58:35.929484
fbafd981-cae8-4917-bd8d-1d0d5b385edb,CUST-2021-UK-000353,Abdul,Butler,Abdul Butler,Female,1994-12-06,abdul.butler@icloud.com,+44(0)115 496 0044,"Studio 06
Wilson lights",Port Margaretbury,Nobleview,LU7B 3ZS,UK,United Kingdom,EMEA,English,Consumer,Gold,2021-12-02,2021,NEW,False,MDM,2021-12-02 00:00:00,2026-04-17 15:58:35.929617
035ee821-8957-4447-a629-71f61fc65eab,CUST-2021-UK-000354,Patrick,Carter,Patrick Carter,Female,1983-04-10,patrick.carter@icloud.com,+448081570296,"Flat 2
Naomi circles",Brucemouth,Jacksonstad,PH7B 9NG,UK,United Kingdom,EMEA,English,Business,None,2021-06-17,2021,NEW,True,MDM,2021-06-17 00:00:00,2026-04-17 15:58:35.929721
7a2fe14d-be22-4b43-ba13-135bc865d2d2,CUST-2021-UK-000355,Gerard,Smith,Gerard Smith,Female,1984-01-28,gerard.smith@mail.com,+44(0)9098790287,"Flat 16B
Lawrence walks",North Stewart,Lake Martinstad,E2 1TE,UK,United Kingdom,EMEA,English,Business,None,2021-03-31,2021,NEW,True,MDM,2021-03-31 00:00:00,2026-04-17 15:58:35.929806
415565bf-cca8-408c-a239-3f106c243dd8,CUST-2021-UK-000356,Maria,Roberts,Maria Roberts,Female,1996-03-21,maria.roberts@msn.com,+44808 157 0297,"Flat 7
Davidson trail",Wallaceside,Chelseafort,TF24 8RD,UK,United Kingdom,EMEA,English,Business,Silver,2021-06-17,2021,NEW,True,MDM,2021-06-17 00:00:00,2026-04-17 15:58:35.929937
ef0459e7-b81a-4b2c-92d7-3aa0f3b754e5,CUST-2021-UK-000357,Victoria,Bond,Victoria Bond,Male,1977-01-08,victoria.bond@gmx.com,+4428 9018 0641,6 Gardiner crescent,West Ross,Perkinsbury,BS76 5NW,UK,United Kingdom,EMEA,English,Education,Silver,2021-08-12,2021,NEW,True,MDM,2021-08-12 00:00:00,2026-04-17 15:58:35.930126
6712e8b9-f099-4249-bb26-83ba5b845a24,CUST-2021-UK-000358,Adrian,Cooper,Adrian Cooper,Female,1956-05-30,adrian.cooper@aol.com,0151 496 0366,130 Harding knoll,Potterberg,West Jessicafurt,WF3P 0JP,UK,United Kingdom,EMEA,English,Consumer,Silver,2021-11-13,2021,NEW,True,MDM,2021-11-13 00:00:00,2026-04-17 15:58:35.930308
c9c5ed4b-ec72-4cde-914b-10fe0dae972a,CUST-2021-UK-000359,Kelly,Wallace,Kelly Wallace,Male,1968-08-14,kelly.wallace@live.com,(0808) 1570433,597 Gemma well,New Leannemouth,Turnerbury,DE4 8ZJ,UK,United Kingdom,EMEA,English,Education,None,2021-11-07,2021,NEW,True,MDM,2021-11-07 00:00:00,2026-04-17 15:58:35.930413
1adfcafc-dbd4-4000-9e4f-551279841c79,CUST-2021-UK-000360,Patrick,Miles,Patrick Miles,Female,1961-01-08,patrick.miles610@hotmail.com,+441414960890,"Studio 7
Smith track",Aaronstad,Carolstad,W2 0HR,UK,United Kingdom,EMEA,English,Business,None,2021-03-27,2021,NEW,False,MDM,2021-03-27 00:00:00,2026-04-17 15:58:35.930517
142167ad-6a3f-4bcb-9086-e06a32a7b403,CUST-2021-UK-000361,Jade,White,Jade White,Male,1980-02-10,jade.white@msn.com,0121 496 0899,981 Marc ville,East Cheryl,West Frederick,FY2 5WW,UK,United Kingdom,EMEA,English,Education,Silver,2021-08-27,2021,NEW,True,MDM,2021-08-27 00:00:00,2026-04-17 15:58:35.930599
f96a23da-9771-47a7-a06b-00f502c9d67e,CUST-2021-UK-000362,Michael,Green,Michael Green,Male,2000-04-21,michael.green@icloud.com,+443069990944,"Flat 88t
Brandon trace",Owenberg,Henryland,N8 3FH,UK,United Kingdom,EMEA,English,Consumer,None,2021-07-01,2021,NEW,True,MDM,2021-07-01 00:00:00,2026-04-17 15:58:35.930705
6687b3f8-875c-47d0-9be2-bdf061c7dad6,CUST-2021-UK-000363,Frances,Patel,Frances Patel,Male,2000-08-03,frances.patel@msn.com,(028) 9018 0169,7 Mohammad turnpike,Lake Geoffreytown,Port Gillian,DG6X 1WQ,UK,United Kingdom,EMEA,English,Consumer,None,2021-12-07,2021,NEW,True,MDM,2021-12-07 00:00:00,2026-04-17 15:58:35.930785
6b71ea17-e1e1-42d8-badd-9376d4973be2,CUST-2021-UK-000364,Gregory,Lewis,Gregory Lewis,Female,1957-11-29,gregory.lewis@gmx.com,01632 960 667,"Flat 42d
Jenkins lane",Port Deanmouth,Henryshire,BB0 9NB,UK,United Kingdom,EMEA,English,Consumer,Silver,2021-11-10,2021,NEW,True,MDM,2021-11-10 00:00:00,2026-04-17 15:58:35.930894
7266fdbe-e575-48ab-8be0-9d1a392ff0ae,CUST-2021-UK-000365,Trevor,Davey,Trevor Davey,Male,1996-07-28,trevor.davey@outlook.com,+44(0)116 4960916,372 Horton mews,Woodhaven,Lake Yvonnemouth,W0J 7HJ,UK,United Kingdom,EMEA,English,Consumer,None,2021-06-26,2021,NEW,True,MDM,2021-06-26 00:00:00,2026-04-17 15:58:35.931023
f8d1069c-e463-4e66-8903-b73a23a2ba21,CUST-2021-UK-000366,George,Jones,George Jones,Male,1985-04-07,george.jones@icloud.com,(0808) 157 0065,0 Joanne shoals,Karlstad,New Tom,W6K 9YP,UK,United Kingdom,EMEA,English,Business,None,2021-11-14,2021,NEW,False,MDM,2021-11-14 00:00:00,2026-04-17 15:58:35.931104
9661b278-efbe-40ca-a04e-e75a1dfa888c,CUST-2021-UK-000367,Christopher,Price,Christopher Price,Female,1952-12-27,christopher.price@outlook.com,0141 4960582,"Studio 69
Porter hill",Wheelerstad,South Joe,S6 9NZ,UK,United Kingdom,EMEA,English,Business,None,2021-03-07,2021,NEW,False,MDM,2021-03-07 00:00:00,2026-04-17 15:58:35.931231
a7be080a-9fe8-4cd7-85cd-4bddddd3a0ed,CUST-2021-UK-000368,Nicole,Clarke,Nicole Clarke,Male,1953-10-20,nicole.clarke@zoho.com,0808 1570825,73 Marsh coves,Mauricehaven,West Jean,GL9 7SE,UK,United Kingdom,EMEA,English,Business,None,2021-01-17,2021,NEW,True,MDM,2021-01-17 00:00:00,2026-04-17 15:58:35.931332
a086a7ca-a25b-49b3-925e-84fcb308f111,CUST-2021-UK-000369,Mark,Shepherd,Mark Shepherd,Male,2005-05-22,mark.shepherd@zoho.com,(0141)4960014,4 Mary crest,New Elizabeth,Mitchellshire,TR75 6TD,UK,United Kingdom,EMEA,English,Consumer,None,2021-06-13,2021,NEW,False,MDM,2021-06-13 00:00:00,2026-04-17 15:58:35.931434
4fd08c0a-46bf-4f7e-a63c-b243214d47c6,CUST-2021-UK-000370,Ben,Martin,Ben Martin,Female,1998-09-22,ben.martin213@gmail.com,0131 496 0909,"Flat 03G
Molly dam",North Fionamouth,Lake Heather,S87 4FS,UK,United Kingdom,EMEA,English,Consumer,Platinum,2021-04-05,2021,NEW,True,MDM,2021-04-05 00:00:00,2026-04-17 15:58:35.931517
1950303a-3e14-4bcb-b3e4-d53685925e24,CUST-2021-UK-000371,Kerry,Jones,Kerry Jones,Female,2003-08-19,kerry.jones@msn.com,+44(0)29 2018 0248,"Flat 48
Kieran flat",West Bradleybury,North Christinebury,LN53 1YX,UK,United Kingdom,EMEA,English,Education,None,2021-03-14,2021,NEW,True,MDM,2021-03-14 00:00:00,2026-04-17 15:58:35.931600
60e28fb0-3e7f-4bf4-9843-0f9fd078d885,CUST-2021-UK-000372,Bryan,Khan,Bryan Khan,Female,2006-02-18,bryan.khan@protonmail.com,029 2018097,"Flat 51F
Charles port",Ashleyview,Clarehaven,G5 1SP,UK,United Kingdom,EMEA,English,Consumer,Silver,2021-04-17,2021,NEW,True,MDM,2021-04-17 00:00:00,2026-04-17 15:58:35.931681
438b0117-a55b-489d-adc9-126fc351c436,CUST-2021-UK-000373,Amelia,Miles,Amelia Miles,Female,1997-06-06,amelia.miles@gmx.com,+44808 1570466,04 Booth burgs,Williamsmouth,North Rogershire,E03 8RS,UK,United Kingdom,EMEA,English,Consumer,Platinum,2021-06-03,2021,NEW,True,MDM,2021-06-03 00:00:00,2026-04-17 15:58:35.931806
5d7d4f2b-5919-4155-b2e9-ff01f2b59f22,CUST-2021-UK-000374,Russell,Holmes,Russell Holmes,Female,1989-10-24,russell.holmes@zoho.com,+441614960355,3 Jones extension,Sylvialand,South Ruth,YO00 4UX,UK,United Kingdom,EMEA,English,Consumer,None,2021-06-28,2021,NEW,True,MDM,2021-06-28 00:00:00,2026-04-17 15:58:35.931908
5691b213-df5f-4bf7-af75-96cfb670b63a,CUST-2021-UK-000375,Victoria,Bennett,Victoria Bennett,Male,1997-09-30,victoria.bennett@live.com,+44(0)141 4960394,966 Harrison via,Port Kathleen,West Matthew,WF5 3YT,UK,United Kingdom,EMEA,English,Education,Silver,2021-05-21,2021,NEW,True,MDM,2021-05-21 00:00:00,2026-04-17 15:58:35.932009
e22b9771-f777-45ab-a0f6-e5b0e1e830dd,CUST-2021-UK-000376,Phillip,Evans,Phillip Evans,Male,1952-10-08,phillip.evans112@icloud.com,020 7946 0106,"Flat 8
Matthew walk",Robertside,Gordonmouth,G8J 0LS,UK,United Kingdom,EMEA,English,Consumer,None,2021-04-04,2021,NEW,True,MDM,2021-04-04 00:00:00,2026-04-17 15:58:35.932089
c41af26b-1e2c-4934-b0b2-5b29ea584546,CUST-2021-UK-000377,Amanda,Ward,Amanda Ward,Female,1980-02-19,amanda.ward@mail.com,+44(0)121 496 0778,7 Chelsea flat,Brayview,West Stephenshire,N78 5YQ,UK,United Kingdom,EMEA,English,Consumer,None,2021-07-24,2021,NEW,True,MDM,2021-07-24 00:00:00,2026-04-17 15:58:35.932191
4dfce39b-7dd8-4fad-90e6-6e97cb1e02c5,CUST-2021-UK-000378,Mohamed,Whitehouse,Mohamed Whitehouse,Male,1966-06-21,mohamed.whitehouse@outlook.com,+441144960127,"Flat 4
Dobson plaza",Port Gerald,South Adrianville,S51 5LD,UK,United Kingdom,EMEA,English,Consumer,None,2021-03-06,2021,NEW,True,MDM,2021-03-06 00:00:00,2026-04-17 15:58:35.932294
d32f9609-90a1-4d22-a65d-5efe472c8e1d,CUST-2021-UK-000379,Gary,Schofield,Gary Schofield,Female,2004-06-04,gary.schofield525@zoho.com,0117 496 0420,"Flat 1
Lindsey light",Port Jakechester,Port Natasha,S4 2ZB,UK,United Kingdom,EMEA,English,Consumer,Gold,2021-07-08,2021,NEW,True,MDM,2021-07-08 00:00:00,2026-04-17 15:58:35.932375
e9fe2a1e-f4d6-4d38-9cd0-610c6e8f73aa,CUST-2021-UK-000380,Lynn,Murray,Lynn Murray,Female,1982-11-20,lynn.murray779@aol.com,+44(0)113 496 0471,"Studio 0
Hilton ford",Abigailchester,Carterfort,G67 1EU,UK,United Kingdom,EMEA,English,Education,None,2021-07-11,2021,NEW,True,MDM,2021-07-11 00:00:00,2026-04-17 15:58:35.932499
1544ce59-6afb-4d8f-99b4-c111bb5433a4,CUST-2021-UK-000381,Gareth,Dixon,Gareth Dixon,Male,1988-09-17,gareth.dixon@live.com,(020) 7496 0370,4 O'Brien hill,Quinntown,New Ellie,WN2R 2LJ,UK,United Kingdom,EMEA,English,Consumer,Gold,2021-01-06,2021,NEW,True,MDM,2021-01-06 00:00:00,2026-04-17 15:58:35.932622
b0a15e7e-eefc-4f4f-b49c-6c6340ef745d,CUST-2021-UK-000382,Alexander,Lloyd,Alexander Lloyd,Male,1978-06-17,alexander.lloyd@protonmail.com,(0117) 496 0505,10 Lawson heights,Jacksonmouth,Port Mitchellchester,W6 7TH,UK,United Kingdom,EMEA,English,Consumer,Silver,2021-10-14,2021,NEW,True,MDM,2021-10-14 00:00:00,2026-04-17 15:58:35.932748
26668f38-8770-46d6-966e-b4ec661a86a9,CUST-2021-UK-000383,Dale,Turner,Dale Turner,Male,1970-12-03,dale.turner@gmx.com,01164960763,"Studio 28n
Smith loop",Evansshire,South Robertville,N0K 9SU,UK,United Kingdom,EMEA,English,Consumer,None,2021-08-21,2021,NEW,True,MDM,2021-08-21 00:00:00,2026-04-17 15:58:35.932876
e3d1ca7a-298b-40b3-9829-b2b4a8d267e3,CUST-2021-UK-000384,Charles,Norton,Charles Norton,Male,1990-07-27,charles.norton@outlook.com,029 2018098,33 Hughes lane,Lake Jeffrey,East Sian,NN66 5GP,UK,United Kingdom,EMEA,English,Consumer,None,2021-07-25,2021,NEW,True,MDM,2021-07-25 00:00:00,2026-04-17 15:58:35.932978
c7518836-1fe6-4e49-866a-e839fc66be71,CUST-2021-UK-000385,Charlene,White,Charlene White,Male,2001-08-28,charlene.white@hotmail.com,+44115 496 0669,3 Watson cliff,East Juneshire,Port Mohamed,G3B 3TX,UK,United Kingdom,EMEA,English,Consumer,Gold,2021-03-08,2021,NEW,False,MDM,2021-03-08 00:00:00,2026-04-17 15:58:35.933086
2e2d7cac-8d27-4c54-8031-4f85cfa7a694,CUST-2021-UK-000386,Raymond,Hurst,Raymond Hurst,Male,1970-08-16,raymond.hurst@live.com,0141 4960467,2 Kieran terrace,Waynebury,Tobytown,M93 2WX,UK,United Kingdom,EMEA,English,Consumer,None,2021-12-19,2021,NEW,False,MDM,2021-12-19 00:00:00,2026-04-17 15:58:35.933165
563ec659-0bf5-4de7-8801-6429f6a6ca51,CUST-2021-UK-000387,Tina,Kelly,Tina Kelly,Male,1998-02-07,tina.kelly@gmail.com,+441164960019,"Studio 9
Adam forest",Matthewsville,East Margaretshire,RM8 2HA,UK,United Kingdom,EMEA,English,Consumer,None,2021-01-02,2021,NEW,True,MDM,2021-01-02 00:00:00,2026-04-17 15:58:35.933270
d4008e63-adf8-4240-8fa9-fabf6b61820d,CUST-2021-UK-000388,Anne,Byrne,Anne Byrne,Male,1959-06-06,anne.byrne@hotmail.com,+448081570793,2 Maria green,New Emily,West Elliot,M01 2GW,UK,United Kingdom,EMEA,English,Consumer,Platinum,2021-04-03,2021,NEW,True,MDM,2021-04-03 00:00:00,2026-04-17 15:58:35.933349
6e359cf4-caee-4e66-95b7-caf13b85fd49,CUST-2021-UK-000389,Josephine,Wright,Josephine Wright,Male,1979-07-04,josephine.wright@mail.com,+44141 496 0574,68 Pamela crossroad,Lake Gordontown,Marianbury,GL1 4JT,UK,United Kingdom,EMEA,English,Education,None,2021-02-27,2021,NEW,False,MDM,2021-02-27 00:00:00,2026-04-17 15:58:35.933432
d8a660bc-1dd8-4095-884b-96a9d6745d8f,CUST-2021-UK-000390,Amber,Jennings,Amber Jennings,Female,1975-09-19,amber.jennings@gmx.com,+44(0)118 496 0806,"Flat 67
Max heights",Frankton,Leeview,TF79 8RQ,UK,United Kingdom,EMEA,English,Consumer,Gold,2021-12-16,2021,NEW,True,MDM,2021-12-16 00:00:00,2026-04-17 15:58:35.933536
6a9d90d4-b840-4fba-a2ea-7bb733d304ca,CUST-2021-UK-000391,Joshua,Jones,Joshua Jones,Female,2007-05-07,joshua.jones240@msn.com,01632 960210,"Studio 1
Abdul crossroad",East Elliot,Vincentton,WV8 4HJ,UK,United Kingdom,EMEA,English,Consumer,Silver,2021-11-04,2021,NEW,True,MDM,2021-11-04 00:00:00,2026-04-17 15:58:35.933615
1f5324e5-67b2-4653-b225-73b3d8041bda,CUST-2021-UK-000392,Matthew,Macdonald,Matthew Macdonald,Female,1974-08-04,matthew.macdonald@msn.com,+44(0)1914960921,652 Dixon ville,Port Lindsey,Perryview,CM2 0ZN,UK,United Kingdom,EMEA,English,Consumer,None,2021-04-09,2021,NEW,True,MDM,2021-04-09 00:00:00,2026-04-17 15:58:35.933741
1f8504e0-1034-4013-9693-4248f3e1602d,CUST-2021-UK-000393,Callum,Morris,Callum Morris,Female,1973-07-30,callum.morris@yahoo.com,(0113) 496 0398,77 Thomson station,East Karl,Toddbury,E9 8AB,UK,United Kingdom,EMEA,English,Consumer,None,2021-09-18,2021,NEW,True,MDM,2021-09-18 00:00:00,2026-04-17 15:58:35.933864
1fa1a147-4a7e-450a-b6cd-45baa4caeabc,CUST-2021-UK-000394,Kenneth,Williams,Kenneth Williams,Female,1982-07-03,kenneth.williams@aol.com,0118 4960701,9 Linda lake,Lucyland,Lake Shannon,N1 4JR,UK,United Kingdom,EMEA,English,Consumer,None,2021-10-11,2021,NEW,True,MDM,2021-10-11 00:00:00,2026-04-17 15:58:35.933942
3064af7b-f2e8-411d-8d68-bf8ba0adb440,CUST-2021-UK-000395,Jordan,Bird,Jordan Bird,Female,1958-02-09,jordan.bird530@protonmail.com,0118 496 0270,"Flat 67
Carter gardens",Savageside,South Jodiehaven,W1W 7ZD,UK,United Kingdom,EMEA,English,Consumer,Gold,2021-08-28,2021,NEW,True,MDM,2021-08-28 00:00:00,2026-04-17 15:58:35.934069
c5fc45fa-560e-43c2-8502-c29cfbc6a19b,CUST-2021-UK-000396,Cheryl,Heath,Cheryl Heath,Female,1958-08-03,cheryl.heath@yahoo.com,0306 9990095,0 Tyler wall,East Cameronmouth,South Bethanybury,N38 4PE,UK,United Kingdom,EMEA,English,Consumer,Silver,2021-09-25,2021,NEW,True,MDM,2021-09-25 00:00:00,2026-04-17 15:58:35.934173
6c839b0f-912b-4e07-8ade-0316f4f2a144,CUST-2021-UK-000397,Lynda,Bailey,Lynda Bailey,Female,1974-08-20,lynda.bailey@icloud.com,01514960764,"Studio 9
Murphy cliff",Glennport,South Emma,EX3E 2HX,UK,United Kingdom,EMEA,English,Consumer,Silver,2021-02-23,2021,NEW,True,MDM,2021-02-23 00:00:00,2026-04-17 15:58:35.934275
ca807576-98b4-4876-a3f5-d649981bad71,CUST-2021-UK-000398,Janet,Patel,Janet Patel,Male,1985-12-28,janet.patel@gmx.com,(028) 9018 0629,675 Valerie course,East Mohammedbury,Gailport,S9 6JR,UK,United Kingdom,EMEA,English,Consumer,None,2021-01-22,2021,NEW,True,MDM,2021-01-22 00:00:00,2026-04-17 15:58:35.934356
874de132-8fee-405f-a3da-622495099247,CUST-2021-UK-000399,Trevor,Spencer,Trevor Spencer,Male,1991-11-12,trevor.spencer@protonmail.com,(029)2018199,"Flat 69P
Frances tunnel",New Janeland,Elliottmouth,TW9Y 0FT,UK,United Kingdom,EMEA,English,Consumer,None,2021-05-17,2021,NEW,False,MDM,2021-05-17 00:00:00,2026-04-17 15:58:35.934438
d67ad443-d976-4537-9522-c3003fb93b10,CUST-2021-UK-000400,Ann,Clarke,Ann Clarke,Male,2000-01-22,ann.clarke@zoho.com,(0114)4960357,47 Timothy hills,New Dylan,East Craighaven,CO5R 8HY,UK,United Kingdom,EMEA,English,Consumer,None,2021-08-21,2021,NEW,True,MDM,2021-08-21 00:00:00,2026-04-17 15:58:35.934522
88fbb85f-a966-4945-a7bb-ec55cabe9d59,CUST-2021-UK-000401,Alison,Roberts,Alison Roberts,Female,1960-09-14,alison.roberts@gmail.com,0115 496 0200,"Flat 43G
Elliott squares",Charliefort,North Michelleton,MK5B 7TU,UK,United Kingdom,EMEA,English,Consumer,None,2021-05-22,2021,NEW,True,MDM,2021-05-22 00:00:00,2026-04-17 15:58:35.934627
696ba5e3-fa4e-41e4-a5fc-d77150bdc99a,CUST-2021-UK-000402,Karl,Gray,Karl Gray,Female,1987-09-19,karl.gray@yahoo.com,(020) 7496 0036,"Studio 9
Harry hollow",Jonesmouth,Clareton,EC2 9FR,UK,United Kingdom,EMEA,English,Consumer,None,2021-12-02,2021,NEW,True,MDM,2021-12-02 00:00:00,2026-04-17 15:58:35.934728
ee8bc000-dfc9-4429-b334-df11fabe9d2b,CUST-2021-UK-000403,Carl,Shaw,Carl Shaw,Male,2006-08-14,carl.shaw594@zoho.com,0141 4960766,227 Walker forest,North Conor,South Russell,SO56 7LQ,UK,United Kingdom,EMEA,English,Business,None,2021-04-15,2021,NEW,True,MDM,2021-04-15 00:00:00,2026-04-17 15:58:35.934831
e4ad98fb-0c09-401d-ad8b-4324c3ca6304,CUST-2021-UK-000404,Bernard,Wilson,Bernard Wilson,Female,1980-12-28,bernard.wilson@mail.com,(0118)4960898,"Flat 46
Patricia cove",New Beverleyview,Lake Marcton,YO48 5JS,UK,United Kingdom,EMEA,English,Consumer,None,2021-02-16,2021,NEW,True,MDM,2021-02-16 00:00:00,2026-04-17 15:58:35.934916
da12676c-5322-44b2-b56f-6d366e2af323,CUST-2021-UK-000405,Judith,Phillips,Judith Phillips,Male,1951-09-12,judith.phillips@icloud.com,+44(0)118 496 0903,"Flat 2
Ben lodge",Robertshaven,Higginsshire,W9 2PD,UK,United Kingdom,EMEA,English,Consumer,Platinum,2021-08-04,2021,NEW,True,MDM,2021-08-04 00:00:00,2026-04-17 15:58:35.935042
98014483-2120-42c0-bebb-d05cc76a8c99,CUST-2021-UK-000406,Christian,Campbell,Christian Campbell,Male,1973-06-28,christian.campbell@outlook.com,(0114)4960386,"Flat 13p
Webster walks",New Charleneton,Lake Martinview,CT3 0EX,UK,United Kingdom,EMEA,English,Business,None,2021-11-09,2021,NEW,True,MDM,2021-11-09 00:00:00,2026-04-17 15:58:35.935147
83cc258d-dd49-4b02-bd35-2cfedbac9e4a,CUST-2021-UK-000407,Danny,Jackson,Danny Jackson,Female,1988-11-21,danny.jackson@protonmail.com,+44(0)116 496 0836,0 White road,Emilybury,Smithstad,CA3 0YS,UK,United Kingdom,EMEA,English,Consumer,None,2021-03-15,2021,NEW,True,MDM,2021-03-15 00:00:00,2026-04-17 15:58:35.935270
bb6bfba2-34c0-42b7-afae-1ab5d5fb9e9e,CUST-2021-UK-000408,Richard,Shaw,Richard Shaw,Female,1975-08-23,richard.shaw@gmx.com,+44(0)1632 960 957,"Studio 60
Ashley island",Patelton,Arnoldbury,UB0 0WX,UK,United Kingdom,EMEA,English,Consumer,Gold,2021-11-29,2021,NEW,True,MDM,2021-11-29 00:00:00,2026-04-17 15:58:35.935394
b24fa8de-c0cb-484c-8ec2-87f720bbb3b3,CUST-2021-UK-000409,Lynda,Sutton,Lynda Sutton,Male,1985-02-17,lynda.sutton@live.com,+44131 496 0438,70 Jenna stream,North Rachaelville,Port Zoe,HR91 2RD,UK,United Kingdom,EMEA,English,Consumer,None,2021-05-27,2021,NEW,True,MDM,2021-05-27 00:00:00,2026-04-17 15:58:35.935476
3d8eb69c-7fd2-43cc-b02e-05c8ffc05522,CUST-2021-UK-000410,Janice,Gibbs,Janice Gibbs,Male,1992-02-16,janice.gibbs184@protonmail.com,+44909 879 0320,7 Hugh forges,Scottview,New Charlieview,WR91 6HB,UK,United Kingdom,EMEA,English,Consumer,Silver,2021-08-09,2021,NEW,False,MDM,2021-08-09 00:00:00,2026-04-17 15:58:35.935580
e430fd2f-408b-462c-9087-b63b814a0a74,CUST-2021-UK-000411,Leah,Daniels,Leah Daniels,Female,1966-09-06,leah.daniels@gmx.com,+44(0)808 1570764,06 Cooper row,Thompsonshire,Chapmanport,E1E 5DJ,UK,United Kingdom,EMEA,English,Consumer,Silver,2021-09-16,2021,NEW,True,MDM,2021-09-16 00:00:00,2026-04-17 15:58:35.935734
c452701a-8e70-4733-be8a-ec16f05f01b7,CUST-2021-UK-000412,Guy,Jones,Guy Jones,Female,1991-05-11,guy.jones124@zoho.com,(0121) 4960224,"Flat 33
Zoe vista",Kennethberg,New Hilaryfort,HX08 4YS,UK,United Kingdom,EMEA,English,Consumer,Gold,2021-03-21,2021,NEW,True,MDM,2021-03-21 00:00:00,2026-04-17 15:58:35.935819
0c8046b5-1618-491b-9f5f-d777f771dfb6,CUST-2021-UK-000413,Sharon,Martin,Sharon Martin,Male,1991-08-09,sharon.martin@protonmail.com,+443069990061,90 Phillips trail,Hughesfort,Jillmouth,OL33 2YR,UK,United Kingdom,EMEA,English,Consumer,Platinum,2021-12-06,2021,NEW,True,MDM,2021-12-06 00:00:00,2026-04-17 15:58:35.936101
ac75196d-95e0-4df4-be32-809e6bda7b85,CUST-2021-UK-000414,Laura,Little,Laura Little,Male,2001-06-03,laura.little@gmx.com,+44(0)161 496 0235,73 Dobson turnpike,Lake Henry,Woodsmouth,G17 6DB,UK,United Kingdom,EMEA,English,Consumer,None,2021-09-06,2021,NEW,True,MDM,2021-09-06 00:00:00,2026-04-17 15:58:35.936236
521aad11-89c8-41e3-b1b2-abc7bceb19b2,CUST-2021-UK-000415,Dawn,Wood,Dawn Wood,Female,1981-02-28,dawn.wood@yahoo.com,(0306)9990069,65 Patel pine,Hardingside,New Megan,HA60 9BQ,UK,United Kingdom,EMEA,English,Consumer,None,2021-10-14,2021,NEW,True,MDM,2021-10-14 00:00:00,2026-04-17 15:58:35.936372
0f6cc77c-ecb9-4f7c-b573-8f21b451e5bb,CUST-2021-UK-000416,Jemma,Collins,Jemma Collins,Male,1989-12-01,jemma.collins@icloud.com,0909 879 0587,"Flat 4
Lindsey brooks",South Jade,South Hannahshire,SG1E 8SA,UK,United Kingdom,EMEA,English,Consumer,Silver,2021-07-26,2021,NEW,True,MDM,2021-07-26 00:00:00,2026-04-17 15:58:35.936456
6733faa4-45b3-4971-9bff-84fae4e1a192,CUST-2021-UK-000417,Michelle,Barnes,Michelle Barnes,Male,2005-05-27,michelle.barnes@msn.com,(0115)4960057,"Studio 99m
Gavin shoals",Leanneland,North Seanmouth,G9W 5WH,UK,United Kingdom,EMEA,English,Education,Silver,2021-05-10,2021,NEW,True,MDM,2021-05-10 00:00:00,2026-04-17 15:58:35.936542
99c9e771-5675-4f2b-a35c-98dd69a65c30,CUST-2021-UK-000418,Chloe,Atkinson,Chloe Atkinson,Male,1993-12-05,chloe.atkinson76@gmx.com,+44(0)113 4960711,172 Simmons burgs,Neilfort,Kayleighborough,B21 6JE,UK,United Kingdom,EMEA,English,Consumer,Gold,2021-02-22,2021,NEW,True,MDM,2021-02-22 00:00:00,2026-04-17 15:58:35.936645
48dfa09f-5729-40eb-a6c4-890fe052cf77,CUST-2021-UK-000419,Jason,Harding,Jason Harding,Female,1981-01-12,jason.harding@mail.com,+44113 496 0712,817 Ashley forges,Grahamstad,North Arthur,S5 6RY,UK,United Kingdom,EMEA,English,Consumer,None,2021-09-01,2021,NEW,True,MDM,2021-09-01 00:00:00,2026-04-17 15:58:35.936727
58e462e8-2c97-4715-a629-774544e5b67f,CUST-2021-UK-000420,Karen,Harris,Karen Harris,Female,1977-04-20,karen.harris@msn.com,+44151 496 0093,"Studio 03G
Black islands",South Emma,Mathewville,E7T 0WY,UK,United Kingdom,EMEA,English,Consumer,Gold,2021-09-22,2021,NEW,True,MDM,2021-09-22 00:00:00,2026-04-17 15:58:35.936831
2cb6e35c-987d-4a8b-91f2-54366aa2613a,CUST-2021-UK-000421,Luke,Grant,Luke Grant,Male,1958-02-14,luke.grant@outlook.com,(0116) 4960213,16 Spencer lake,Lake Hollybury,Owenville,WC2 5ZW,UK,United Kingdom,EMEA,English,Consumer,None,2021-01-12,2021,NEW,True,MDM,2021-01-12 00:00:00,2026-04-17 15:58:35.936957
df729141-0efa-4ce4-839f-d202fc576f0e,CUST-2021-UK-000422,Beth,Thomas,Beth Thomas,Female,1990-05-22,beth.thomas@protonmail.com,+44306 9990154,"Flat 16
Maurice curve",Daveymouth,Port Terenceland,LA8 5LB,UK,United Kingdom,EMEA,English,Education,Platinum,2021-07-08,2021,NEW,True,MDM,2021-07-08 00:00:00,2026-04-17 15:58:35.937063
b42bb989-bb47-4c9a-a1f0-1274c8f3cd06,CUST-2021-UK-000423,Chloe,O'Connor,Chloe O'Connor,Female,1978-08-05,chloe.o'connor@gmail.com,+44(0)118 496 0038,"Flat 08Y
Thornton center",Port Sarahtown,Keithberg,NG47 0AX,UK,United Kingdom,EMEA,English,Consumer,Silver,2021-03-09,2021,NEW,True,MDM,2021-03-09 00:00:00,2026-04-17 15:58:35.937170
c43b54a2-e726-45b4-ace7-7e19f23d3c92,CUST-2021-UK-000424,Ann,Taylor,Ann Taylor,Male,1993-02-23,ann.taylor460@yahoo.com,+44161 496 0442,4 Morgan pines,Alexandraview,South Patriciatown,ML9M 6YY,UK,United Kingdom,EMEA,English,Education,Silver,2021-08-03,2021,NEW,True,MDM,2021-08-03 00:00:00,2026-04-17 15:58:35.937279
33cfe726-9d7e-44a4-8b2a-3ba4d85a35bb,CUST-2021-UK-000425,Jayne,Sinclair,Jayne Sinclair,Female,2001-07-07,jayne.sinclair@live.com,(029)2018765,4 Jodie mountain,Hollowayhaven,New Craig,HX1 9QL,UK,United Kingdom,EMEA,English,Consumer,Silver,2021-07-05,2021,NEW,True,MDM,2021-07-05 00:00:00,2026-04-17 15:58:35.937382
ee480bfc-f333-4442-a0a8-f0b00bf7136c,CUST-2021-UK-000426,Leonard,Wilson,Leonard Wilson,Female,1994-05-15,leonard.wilson@mail.com,+44(0)1134960372,858 Ward springs,South Angela,East Rachaelburgh,W3 7BL,UK,United Kingdom,EMEA,English,Consumer,Gold,2021-10-01,2021,NEW,True,MDM,2021-10-01 00:00:00,2026-04-17 15:58:35.937487
87b8e95b-dbd1-4c1b-8e66-8f859f18d0f7,CUST-2021-UK-000427,Lynne,Clarke,Lynne Clarke,Male,1957-10-14,lynne.clarke915@aol.com,+441184960480,2 Roberts villages,Hamiltontown,Smithstad,N1 6ZJ,UK,United Kingdom,EMEA,English,Consumer,Silver,2021-01-14,2021,NEW,True,MDM,2021-01-14 00:00:00,2026-04-17 15:58:35.937636
aaf6cf65-339a-48dd-98ff-b410911c36f1,CUST-2021-UK-000428,Ruth,Johnson,Ruth Johnson,Female,1956-08-22,ruth.johnson@hotmail.com,0113 496 0004,"Studio 9
Sara mills",North Mohammad,Lake Beverleychester,CB8E 8ZB,UK,United Kingdom,EMEA,English,Business,Platinum,2021-11-18,2021,NEW,True,MDM,2021-11-18 00:00:00,2026-04-17 15:58:35.937717
977c2883-5744-4d30-9925-e3edff7826d5,CUST-2021-UK-000429,Mark,Cooke,Mark Cooke,Male,2000-07-07,mark.cooke@protonmail.com,+44(0)118 496 0772,"Flat 3
Patel landing",Damianstad,Port Deborahborough,N78 1ES,UK,United Kingdom,EMEA,English,Consumer,None,2021-12-02,2021,NEW,True,MDM,2021-12-02 00:00:00,2026-04-17 15:58:35.937820
77603f04-524d-4c63-98ee-630925bc7773,CUST-2021-UK-000430,Victoria,Wright,Victoria Wright,Female,1961-12-07,victoria.wright219@icloud.com,+44(0)1314960271,4 Albert green,New Philip,New Shaunburgh,L2F 8BR,UK,United Kingdom,EMEA,English,Consumer,Silver,2021-02-03,2021,NEW,True,MDM,2021-02-03 00:00:00,2026-04-17 15:58:35.937901
accf9014-c003-42cd-8ed2-3c342efb2717,CUST-2021-UK-000431,Wayne,Cox,Wayne Cox,Male,1969-01-23,wayne.cox@protonmail.com,+44289018610,143 Evans squares,Gordonport,Lawrenceland,B33 2YX,UK,United Kingdom,EMEA,English,Consumer,Gold,2021-03-25,2021,NEW,True,MDM,2021-03-25 00:00:00,2026-04-17 15:58:35.938050
c4828926-53e7-49a3-ac10-77e889f4764c,CUST-2021-UK-000432,Jenna,Begum,Jenna Begum,Male,1954-11-27,jenna.begum@protonmail.com,+44(0)1134960956,139 Shannon union,Tomlinsonbury,Lucyfort,DE3E 9WJ,UK,United Kingdom,EMEA,English,Consumer,None,2021-08-08,2021,NEW,True,MDM,2021-08-08 00:00:00,2026-04-17 15:58:35.938241
c6f44404-9ce3-4336-8f99-4564326c9aae,CUST-2021-UK-000433,Ruth,Henderson,Ruth Henderson,Male,1975-09-13,ruth.henderson579@zoho.com,(0191) 496 0091,37 Jennifer village,East Vincent,East Bethanchester,L66 8FZ,UK,United Kingdom,EMEA,English,Consumer,None,2021-12-15,2021,NEW,True,MDM,2021-12-15 00:00:00,2026-04-17 15:58:35.938341
b0d80a27-d739-4156-aabf-22ac55f7c38c,CUST-2021-UK-000434,Amber,Phillips,Amber Phillips,Female,1991-09-20,amber.phillips@live.com,01314960005,40 Alice common,Leeshire,Nicolamouth,E42 5RU,UK,United Kingdom,EMEA,English,Consumer,Platinum,2021-01-21,2021,NEW,True,MDM,2021-01-21 00:00:00,2026-04-17 15:58:35.938435
df68d9c9-c11f-442d-85c1-1fa16da2fa51,CUST-2021-UK-000435,Graham,Nelson,Graham Nelson,Female,1953-01-15,graham.nelson923@icloud.com,+441174960561,"Studio 16
Charlotte fall",Brownfort,Howetown,BR62 5FA,UK,United Kingdom,EMEA,English,Education,Silver,2021-03-05,2021,NEW,True,MDM,2021-03-05 00:00:00,2026-04-17 15:58:35.938571
c97b2293-35f0-486c-aa50-715a756644c6,CUST-2021-UK-000436,Patrick,Simmons,Patrick Simmons,Male,1961-04-23,patrick.simmons767@msn.com,+44(0)1414960992,"Studio 95V
Reece island",Suttonmouth,Lake Shaneview,SG8 6BB,UK,United Kingdom,EMEA,English,Consumer,None,2021-06-14,2021,NEW,True,MDM,2021-06-14 00:00:00,2026-04-17 15:58:35.938684
f9b033d3-6156-4166-8c23-5f065218286f,CUST-2021-UK-000437,Carly,Clayton,Carly Clayton,Female,2007-12-02,carly.clayton@zoho.com,+44(0)2074960171,"Flat 60n
Guy lane",Lake Bethanside,Shirleyside,LD5 5NH,UK,United Kingdom,EMEA,English,Consumer,Platinum,2021-04-02,2021,NEW,True,MDM,2021-04-02 00:00:00,2026-04-17 15:58:35.938775
b0be38af-d26d-40cd-a299-7065a8608417,CUST-2021-UK-000438,Terry,Henderson,Terry Henderson,Female,1963-01-17,terry.henderson@protonmail.com,+44(0)1164960190,994 King tunnel,New Stuartside,Fishertown,BH9V 1YZ,UK,United Kingdom,EMEA,English,Consumer,Silver,2021-08-29,2021,NEW,True,MDM,2021-08-29 00:00:00,2026-04-17 15:58:35.938913
231ea77f-a259-4460-a6b2-75d35d6bc1f3,CUST-2021-UK-000439,Carole,Bailey,Carole Bailey,Female,1982-04-12,carole.bailey@gmx.com,+44116 4960762,839 Jackson route,Stuartborough,Teresaland,W5K 1GB,UK,United Kingdom,EMEA,English,Consumer,None,2021-06-10,2021,NEW,True,MDM,2021-06-10 00:00:00,2026-04-17 15:58:35.939020
32443471-e41f-4b83-b8eb-255759b9a47b,CUST-2021-UK-000440,Joshua,Horton,Joshua Horton,Female,1953-05-11,joshua.horton@gmail.com,+44(0)1184960341,"Flat 6
Barlow squares",Katieport,Simsfort,S03 0PG,UK,United Kingdom,EMEA,English,Business,None,2021-06-19,2021,NEW,True,MDM,2021-06-19 00:00:00,2026-04-17 15:58:35.939152
07e93113-53c8-44a9-8564-82c204e98460,CUST-2021-UK-000441,Adrian,Baker,Adrian Baker,Male,2004-05-18,adrian.baker@outlook.com,+449098790056,52 Atkins forest,Gailside,Henrychester,KW0M 7NT,UK,United Kingdom,EMEA,English,Consumer,None,2021-09-28,2021,NEW,True,MDM,2021-09-28 00:00:00,2026-04-17 15:58:35.939291
22daf279-fbab-48ba-b8c3-0381d9385f1a,CUST-2021-UK-000442,Frank,Buckley,Frank Buckley,Female,1965-05-24,frank.buckley291@gmx.com,+44(0)121 496 0738,"Flat 52J
Joe road",New Samuel,Port Brucemouth,EC6A 0WR,UK,United Kingdom,EMEA,English,Consumer,Gold,2021-09-13,2021,NEW,True,MDM,2021-09-13 00:00:00,2026-04-17 15:58:35.939378
4212af3f-deed-4f31-b082-19428e12f52a,CUST-2021-UK-000443,Bethany,Johnson,Bethany Johnson,Male,1966-08-28,bethany.johnson581@gmx.com,+44(0)114 4960618,0 Arthur gardens,New Rebeccaland,New Bethanport,G9 1RH,UK,United Kingdom,EMEA,English,Education,None,2021-07-01,2021,NEW,True,MDM,2021-07-01 00:00:00,2026-04-17 15:58:35.939462
0411288c-2105-4268-b19c-5f9664ffebc1,CUST-2021-UK-000444,Paul,Gray,Paul Gray,Male,1977-02-07,paul.gray@icloud.com,0113 496 0067,3 Edwards gateway,Daviesbury,Talbotburgh,S9A 1SF,UK,United Kingdom,EMEA,English,Education,None,2021-05-16,2021,NEW,False,MDM,2021-05-16 00:00:00,2026-04-17 15:58:35.939617
e45ed1f7-baaa-453f-88dd-9bd88fec6a5d,CUST-2021-UK-000445,Colin,Mahmood,Colin Mahmood,Male,1962-07-11,colin.mahmood@hotmail.com,+44113 496 0939,"Studio 3
Doherty bypass",West Howardville,West Juliafurt,CT81 8QD,UK,United Kingdom,EMEA,English,Consumer,None,2021-08-26,2021,NEW,True,MDM,2021-08-26 00:00:00,2026-04-17 15:58:35.939786
542a380f-df41-431e-a2ca-4920cb230fbd,CUST-2021-UK-000446,Clare,Mitchell,Clare Mitchell,Male,1954-02-09,clare.mitchell@outlook.com,+44(0)113 496 0676,734 Leigh ford,Abigailside,Stephenhaven,CW56 8FA,UK,United Kingdom,EMEA,English,Consumer,None,2021-02-10,2021,NEW,True,MDM,2021-02-10 00:00:00,2026-04-17 15:58:35.939869
c0183c2a-9cf6-4439-8561-9b0edf601f92,CUST-2021-UK-000447,Bruce,Walker,Bruce Walker,Female,1988-04-10,bruce.walker@aol.com,(020)74960792,3 Hilary trail,New Alexton,Lake Ann,PO1 8ZF,UK,United Kingdom,EMEA,English,Consumer,None,2021-09-01,2021,NEW,True,MDM,2021-09-01 00:00:00,2026-04-17 15:58:35.939950
56c43afc-8552-40c3-8768-24f87fb14a75,CUST-2021-UK-000448,Connor,Black,Connor Black,Female,1962-05-11,connor.black@yahoo.com,(0114) 496 0888,09 Jasmine drive,East Colin,Thompsonland,HP5M 9RE,UK,United Kingdom,EMEA,English,Consumer,Platinum,2021-03-09,2021,NEW,True,MDM,2021-03-09 00:00:00,2026-04-17 15:58:35.940056
d7eefe37-3b3e-4f7f-a309-b83fe78bbf46,CUST-2021-UK-000449,Liam,Campbell,Liam Campbell,Female,1965-12-26,liam.campbell771@zoho.com,+44115 496 0790,6 Ford shores,North Shirley,Lake Michelleland,PO7R 1RQ,UK,United Kingdom,EMEA,English,Consumer,Silver,2021-03-22,2021,NEW,True,MDM,2021-03-22 00:00:00,2026-04-17 15:58:35.940159
a05bcd86-ff61-4fd4-aaa1-f52fd2f17f6d,CUST-2021-UK-000450,Lauren,Anderson,Lauren Anderson,Female,1984-09-14,lauren.anderson507@zoho.com,+44131 4960664,"Studio 29R
Henry green",South Laurenville,Patrickfort,G5 1YH,UK,United Kingdom,EMEA,English,Consumer,None,2021-10-23,2021,NEW,True,MDM,2021-10-23 00:00:00,2026-04-17 15:58:35.940241
592e77fd-62ef-4397-9f67-de166fa01e3c,CUST-2021-UK-000451,Catherine,Jones,Catherine Jones,Female,1966-10-07,catherine.jones546@msn.com,+44(0)28 9018287,9 Johnson village,Iqbalmouth,North Jeremyport,L4 4LX,UK,United Kingdom,EMEA,English,Business,None,2021-02-06,2021,NEW,False,MDM,2021-02-06 00:00:00,2026-04-17 15:58:35.940366
37c51785-e873-4772-9f23-52e60c368ab7,CUST-2021-UK-000452,Marie,Johnson,Marie Johnson,Female,1950-07-28,marie.johnson@outlook.com,+44(0)118 496 0244,"Flat 19G
Toby radial",Kimborough,Thomsonchester,GU3 7AT,UK,United Kingdom,EMEA,English,Consumer,Silver,2021-08-11,2021,NEW,True,MDM,2021-08-11 00:00:00,2026-04-17 15:58:35.940470
500ee743-6055-45d2-a840-0970207eacc3,CUST-2021-UK-000453,Irene,Patel,Irene Patel,Female,2000-05-10,irene.patel728@hotmail.com,(0121)4960990,"Flat 60F
Brenda river",South Vincent,Barbertown,OL32 1WP,UK,United Kingdom,EMEA,English,Consumer,Silver,2021-02-02,2021,NEW,True,MDM,2021-02-02 00:00:00,2026-04-17 15:58:35.940573
f0e35a14-c78c-4fe3-83cb-80bf6373b5f3,CUST-2021-UK-000454,Derek,Webster,Derek Webster,Female,1971-04-25,derek.webster@protonmail.com,(0161)4960416,"Studio 1
Gemma bypass",Lake Sylviashire,Port Billyton,TR31 9DT,UK,United Kingdom,EMEA,English,Education,None,2021-09-07,2021,NEW,True,MDM,2021-09-07 00:00:00,2026-04-17 15:58:35.940655
1c25664c-e967-4a44-94fc-ae11481f98b3,CUST-2021-UK-000455,Catherine,Gordon,Catherine Gordon,Male,1975-12-10,catherine.gordon@gmx.com,0117 4960271,4 Dobson greens,East Rita,Leeland,E8U 4LF,UK,United Kingdom,EMEA,English,Consumer,None,2021-12-28,2021,NEW,True,MDM,2021-12-28 00:00:00,2026-04-17 15:58:35.940779
f7943cc4-eff1-4729-9b57-2fd78b20ca22,CUST-2021-UK-000456,Jeffrey,Lee,Jeffrey Lee,Male,1978-11-26,jeffrey.lee@icloud.com,+44118 4960297,"Flat 7
Richardson flat",East Kim,Grahamland,NR87 9YN,UK,United Kingdom,EMEA,English,Consumer,Silver,2021-11-06,2021,NEW,False,MDM,2021-11-06 00:00:00,2026-04-17 15:58:35.940902
7a47ec76-f1ea-47ce-8aca-f3b5823dc5d7,CUST-2021-UK-000457,Leah,Barrett,Leah Barrett,Female,1959-11-05,leah.barrett@mail.com,0121 496 0306,3 Anderson street,Saundersport,Lake Davidport,E7S 3HZ,UK,United Kingdom,EMEA,English,Consumer,None,2021-10-25,2021,NEW,True,MDM,2021-10-25 00:00:00,2026-04-17 15:58:35.941027
3385212f-3ac4-4995-ae3f-0cc323371f08,CUST-2021-UK-000458,Harriet,Foster,Harriet Foster,Female,1953-12-19,harriet.foster@zoho.com,(0121)4960612,2 Peter view,North Shaunborough,New Ameliachester,BB91 1SS,UK,United Kingdom,EMEA,English,Consumer,None,2021-11-22,2021,NEW,True,MDM,2021-11-22 00:00:00,2026-04-17 15:58:35.941123
2c6daa17-ac1e-423f-a821-2b55bcbbb94c,CUST-2021-UK-000459,Nathan,Allen,Nathan Allen,Female,1994-01-21,nathan.allen@zoho.com,+44(0)1164960779,"Studio 42
James mall",Aimeetown,Blackburnmouth,BH60 7NE,UK,United Kingdom,EMEA,English,Consumer,None,2021-05-27,2021,NEW,True,MDM,2021-05-27 00:00:00,2026-04-17 15:58:35.941248
e18e8796-d393-4485-b61f-6ed6f26579ce,CUST-2021-UK-000460,Oliver,George,Oliver George,Male,2005-02-12,oliver.george@gmx.com,0116 496 0584,4 Jacob mountains,New Hilary,West Meganchester,E1C 3TZ,UK,United Kingdom,EMEA,English,Consumer,None,2021-10-29,2021,NEW,True,MDM,2021-10-29 00:00:00,2026-04-17 15:58:35.941329
4703c949-4734-4531-b4c1-64f651ef9d14,CUST-2021-UK-000461,Oliver,Lee,Oliver Lee,Male,1972-12-22,oliver.lee@gmx.com,+44116 496 0360,8 Khan corners,Davieschester,East Owenmouth,LN1 0HU,UK,United Kingdom,EMEA,English,Consumer,Gold,2021-04-14,2021,NEW,True,MDM,2021-04-14 00:00:00,2026-04-17 15:58:35.941456
be992293-224c-435b-9d4c-0955b2b9ea19,CUST-2021-UK-000462,Bethan,Thorpe,Bethan Thorpe,Female,1953-01-21,bethan.thorpe@protonmail.com,0113 496 0769,1 Tyler lock,East Paulinehaven,Hydefurt,WV1 9TB,UK,United Kingdom,EMEA,English,Education,Silver,2021-02-02,2021,NEW,True,MDM,2021-02-02 00:00:00,2026-04-17 15:58:35.941582
e0bdffd4-9150-4806-8ce2-10030bc82cc3,CUST-2021-UK-000463,Julian,Porter,Julian Porter,Female,1981-03-12,julian.porter753@msn.com,+44(0)1134960910,"Studio 87U
Thompson forest",East Dianeside,Charlenemouth,E3H 4YZ,UK,United Kingdom,EMEA,English,Consumer,Gold,2021-04-06,2021,NEW,True,MDM,2021-04-06 00:00:00,2026-04-17 15:58:35.941692
9b3503e7-5e21-4797-a339-016a835ee514,CUST-2021-UK-000464,Jeremy,Cox,Jeremy Cox,Female,2002-06-29,jeremy.cox342@zoho.com,08081570127,2 Pritchard forges,Poolehaven,West Katestad,S5E 1QS,UK,United Kingdom,EMEA,English,Consumer,None,2021-07-01,2021,NEW,True,MDM,2021-07-01 00:00:00,2026-04-17 15:58:35.941818
c3b45c72-dda3-4608-912b-ac37c08e5bf3,CUST-2021-UK-000465,Susan,Williamson,Susan Williamson,Female,1960-06-21,susan.williamson@mail.com,+44113 4960865,"Studio 45x
Sophie squares",Trevorburgh,East Lisa,B8 3AS,UK,United Kingdom,EMEA,English,Consumer,Silver,2021-07-15,2021,NEW,True,MDM,2021-07-15 00:00:00,2026-04-17 15:58:35.941898
97e9d424-9640-43bd-ab9c-87131c4dea01,CUST-2021-UK-000466,Leanne,Taylor,Leanne Taylor,Male,1978-05-04,leanne.taylor@yahoo.com,+44(0)1314960211,301 Morgan mall,Port Chelsea,Franceshaven,NG0Y 0GU,UK,United Kingdom,EMEA,English,Consumer,None,2021-09-22,2021,NEW,True,MDM,2021-09-22 00:00:00,2026-04-17 15:58:35.942003
32be9ed3-69a2-4de7-bf61-1a893df9d701,CUST-2021-UK-000467,Jane,Scott,Jane Scott,Male,1957-06-25,jane.scott@mail.com,01914960959,"Flat 15
Owen road",East Tracey,Marieport,CA3 6JA,UK,United Kingdom,EMEA,English,Consumer,None,2021-09-09,2021,NEW,True,MDM,2021-09-09 00:00:00,2026-04-17 15:58:35.942082
f67d81d2-aaac-4e9c-9a8e-00db544292b2,CUST-2021-UK-000468,Katie,Field,Katie Field,Male,1984-11-23,katie.field@mail.com,(029) 2018556,8 Cartwright islands,South Vanessa,South Paige,B3J 9EJ,UK,United Kingdom,EMEA,English,Consumer,None,2021-09-29,2021,NEW,True,MDM,2021-09-29 00:00:00,2026-04-17 15:58:35.942186
8cfb8811-3c66-4bb0-968b-beb7a7708f8d,CUST-2021-UK-000469,Michael,Mills,Michael Mills,Male,1971-04-22,michael.mills@live.com,+44(0)116 496 0991,"Studio 8
Rosemary run",Martintown,Whittakermouth,B8H 4LJ,UK,United Kingdom,EMEA,English,Education,Gold,2021-08-05,2021,NEW,True,MDM,2021-08-05 00:00:00,2026-04-17 15:58:35.942288
523849e3-0f35-48e8-9eb4-3a22e95dda47,CUST-2021-UK-000470,Jennifer,Davies,Jennifer Davies,Female,1981-04-14,jennifer.davies@yahoo.com,(020)74960738,"Flat 20G
Patricia center",North Carly,Deanbury,L43 1ZU,UK,United Kingdom,EMEA,English,Education,Platinum,2021-08-30,2021,NEW,True,MDM,2021-08-30 00:00:00,2026-04-17 15:58:35.942394
5df0bb2c-2678-4cfc-8177-42c6c00e32b6,CUST-2021-UK-000471,Terence,Owen,Terence Owen,Female,2008-02-23,terence.owen@msn.com,0121 4960349,"Flat 0
Brett shoals",Port Wendytown,Coleshire,G1U 7PS,UK,United Kingdom,EMEA,English,Education,Silver,2021-02-24,2021,NEW,True,MDM,2021-02-24 00:00:00,2026-04-17 15:58:35.942505
5a3a46a5-676e-441f-a8ce-bada3c5f0760,CUST-2021-UK-000472,Keith,Parry,Keith Parry,Female,1985-10-12,keith.parry774@msn.com,+441184960018,84 Storey creek,New Dalefort,Lake Bruce,SE3X 4LJ,UK,United Kingdom,EMEA,English,Consumer,None,2021-05-11,2021,NEW,True,MDM,2021-05-11 00:00:00,2026-04-17 15:58:35.942612
d9817d0a-3aff-4201-88ab-f641df604111,CUST-2021-UK-000473,Lorraine,Jarvis,Lorraine Jarvis,Male,1971-09-18,lorraine.jarvis772@mail.com,(0118)4960885,"Flat 32
Wilkins manor",Wilkinsstad,New Vanessa,BB5P 1PX,UK,United Kingdom,EMEA,English,Consumer,Silver,2021-03-18,2021,NEW,True,MDM,2021-03-18 00:00:00,2026-04-17 15:58:35.942737
2900374b-8e8d-4d8c-9eb3-f25b5dd25cb2,CUST-2021-UK-000474,Elaine,Jones,Elaine Jones,Male,1951-01-11,elaine.jones@icloud.com,+441164960542,"Studio 41
Riley crossing",Port Gemma,Smithstad,N7 3DU,UK,United Kingdom,EMEA,English,Consumer,None,2021-08-20,2021,NEW,True,MDM,2021-08-20 00:00:00,2026-04-17 15:58:35.942865
9791d7c3-eea1-430b-9ac0-a89f3d8caee7,CUST-2021-UK-000475,Ryan,Carroll,Ryan Carroll,Male,1985-10-18,ryan.carroll@msn.com,(0306) 9990412,"Studio 26S
Damien coves",New Gillianborough,New Terry,NP5A 4PX,UK,United Kingdom,EMEA,English,Business,None,2021-08-07,2021,NEW,False,MDM,2021-08-07 00:00:00,2026-04-17 15:58:35.942952
0fce9fe8-2b2c-4e97-bca9-b0772ec4778d,CUST-2021-UK-000476,Alison,Robinson,Alison Robinson,Female,1955-09-12,alison.robinson@live.com,+44(0)1164960999,7 Moore landing,Samanthatown,Lake Tracyton,B9 7RH,UK,United Kingdom,EMEA,English,Consumer,None,2021-04-12,2021,NEW,False,MDM,2021-04-12 00:00:00,2026-04-17 15:58:35.943060
97e9af4b-98bb-4cde-aabd-6f56897514c1,CUST-2021-UK-000477,Jade,Jackson,Jade Jackson,Female,1989-10-08,jade.jackson@hotmail.com,+44116 496 0829,6 Deborah stravenue,New Terry,Coatesmouth,B2 8FU,UK,United Kingdom,EMEA,English,Consumer,Silver,2021-04-12,2021,NEW,True,MDM,2021-04-12 00:00:00,2026-04-17 15:58:35.943164
e8439bae-1b7d-4c21-a8f9-ffb1b4738e0f,CUST-2021-UK-000478,Natasha,Thompson,Natasha Thompson,Female,1963-10-16,natasha.thompson@icloud.com,0113 4960509,204 Nicole springs,East Diana,Port Paulinebury,SY1E 8JN,UK,United Kingdom,EMEA,English,Consumer,Gold,2021-08-21,2021,NEW,True,MDM,2021-08-21 00:00:00,2026-04-17 15:58:35.943246
b777cc1e-6d44-4c50-8836-46453fc4e46c,CUST-2021-UK-000479,Allan,Frost,Allan Frost,Male,1973-06-09,allan.frost@aol.com,(0113) 4960045,"Studio 29
Brown turnpike",Carterfurt,Taylorshire,B1 9EB,UK,United Kingdom,EMEA,English,Business,None,2021-05-12,2021,NEW,True,MDM,2021-05-12 00:00:00,2026-04-17 15:58:35.943394
2960a1c5-02ba-46d8-ba94-937efe358a7e,CUST-2021-UK-000480,Pamela,Wyatt,Pamela Wyatt,Male,1998-01-20,pamela.wyatt@protonmail.com,029 2018 0100,"Flat 51M
Alison pass",North Alanhaven,Johnsonport,S56 5GY,UK,United Kingdom,EMEA,English,Consumer,None,2021-04-24,2021,NEW,True,MDM,2021-04-24 00:00:00,2026-04-17 15:58:35.943502
3c4403b3-5a4e-4b03-9a71-61b2e791dfc2,CUST-2021-UK-000481,Trevor,Taylor,Trevor Taylor,Male,1958-12-21,trevor.taylor@outlook.com,+441164960043,3 Marilyn knoll,New Shane,Jonesshire,S2 0DA,UK,United Kingdom,EMEA,English,Consumer,None,2021-04-07,2021,NEW,True,MDM,2021-04-07 00:00:00,2026-04-17 15:58:35.943602
507923aa-4fa6-403b-90c8-9fb9de67bdba,CUST-2021-UK-000482,Charles,Preston,Charles Preston,Male,1991-07-22,charles.preston@zoho.com,0292018956,57 Ferguson plains,Gordonchester,Ritahaven,BH82 4AF,UK,United Kingdom,EMEA,English,Consumer,Gold,2021-07-17,2021,NEW,True,MDM,2021-07-17 00:00:00,2026-04-17 15:58:35.943708
b97080d5-3268-4fa8-8a32-6144d44fad5a,CUST-2021-UK-000483,Lynne,Gibson,Lynne Gibson,Female,1973-09-01,lynne.gibson538@live.com,(0131) 4960821,"Studio 9
Patrick estate",Gavinberg,West Chloe,BB9E 2WW,UK,United Kingdom,EMEA,English,Consumer,Gold,2021-01-06,2021,NEW,True,MDM,2021-01-06 00:00:00,2026-04-17 15:58:35.943790
86982886-ef35-40d5-be12-9ce9561914b1,CUST-2021-UK-000484,Jake,Newton,Jake Newton,Female,1979-07-01,jake.newton@yahoo.com,(0113) 496 0005,"Flat 06e
Carly forges",East Marie,East Rickymouth,SW7 8AX,UK,United Kingdom,EMEA,English,Business,Gold,2021-06-13,2021,NEW,True,MDM,2021-06-13 00:00:00,2026-04-17 15:58:35.943872
60ab742d-5f06-4e7d-a8b2-d34ce6afa25c,CUST-2021-UK-000485,Janice,Ahmed,Janice Ahmed,Male,1990-04-24,janice.ahmed@protonmail.com,(0909)8790514,"Flat 98
Karl forks",Atkinsland,North Mathew,B06 5NB,UK,United Kingdom,EMEA,English,Consumer,Silver,2021-05-29,2021,NEW,True,MDM,2021-05-29 00:00:00,2026-04-17 15:58:35.943977
fc64e18b-5bf5-41ec-82b6-cd278db20444,CUST-2021-UK-000486,Ricky,Davies,Ricky Davies,Male,1988-12-18,ricky.davies@protonmail.com,(0114) 4960219,"Flat 64a
Smith glens",Farmerborough,New Kimstad,LA33 1YU,UK,United Kingdom,EMEA,English,Consumer,None,2021-04-27,2021,NEW,True,MDM,2021-04-27 00:00:00,2026-04-17 15:58:35.944109
f7e50a1b-0f83-4805-980e-c4a49d9696f2,CUST-2021-UK-000487,Dylan,Rose,Dylan Rose,Male,1958-10-16,dylan.rose@gmx.com,0118 4960336,"Studio 52
Evans point",Woodtown,West Ashleighton,L7H 4UE,UK,United Kingdom,EMEA,English,Consumer,None,2021-04-04,2021,NEW,True,MDM,2021-04-04 00:00:00,2026-04-17 15:58:35.944240
9f20d181-6600-4612-8158-234b637ec738,CUST-2021-UK-000488,Adrian,Chandler,Adrian Chandler,Male,1956-12-16,adrian.chandler186@live.com,+441614960091,"Flat 01F
Samuel crossroad",Port Clare,Jackborough,BR26 0DY,UK,United Kingdom,EMEA,English,Consumer,Gold,2021-12-27,2021,NEW,True,MDM,2021-12-27 00:00:00,2026-04-17 15:58:35.944322
94407f6e-27ae-407b-a0f1-44a2336043ab,CUST-2021-UK-000489,Peter,Wilson,Peter Wilson,Female,1972-03-14,peter.wilson@outlook.com,+44114 496 0224,9 Smith forge,Conorport,East Jay,N48 2BT,UK,United Kingdom,EMEA,English,Consumer,None,2021-03-17,2021,NEW,True,MDM,2021-03-17 00:00:00,2026-04-17 15:58:35.944423
b3020f5d-6c20-4030-beff-150dcfa1e9a2,CUST-2021-UK-000490,Dawn,O'Connor,Dawn O'Connor,Male,1981-12-03,dawn.o'connor606@yahoo.com,(0118) 496 0795,930 Johnson wall,Jackhaven,Fieldshire,E4J 9UQ,UK,United Kingdom,EMEA,English,Consumer,None,2021-04-24,2021,NEW,True,MDM,2021-04-24 00:00:00,2026-04-17 15:58:35.944549
6f7511b0-2182-4f98-bf9e-ed9d54f897c9,CUST-2021-UK-000491,Mohamed,Parker,Mohamed Parker,Male,1963-11-20,mohamed.parker@gmx.com,0113 496 0803,"Flat 16
Sharon summit",Aliceview,Baxterland,N0B 5JZ,UK,United Kingdom,EMEA,English,Consumer,Silver,2021-12-21,2021,NEW,False,MDM,2021-12-21 00:00:00,2026-04-17 15:58:35.944654
ebd75853-0111-4141-adef-543f68b86446,CUST-2021-UK-000492,Declan,May,Declan May,Male,1958-05-26,declan.may@icloud.com,(0117)4960633,8 Dawn track,Alanport,Leahborough,LL50 7XA,UK,United Kingdom,EMEA,English,Business,Platinum,2021-06-11,2021,NEW,True,MDM,2021-06-11 00:00:00,2026-04-17 15:58:35.944736
c263d558-7c7b-434b-ac94-fbe1f3b5e143,CUST-2021-UK-000493,Angela,Lloyd,Angela Lloyd,Male,1958-03-17,angela.lloyd@gmx.com,+44(0)118 4960517,"Studio 66y
Smith freeway",East Henrymouth,New Jeanmouth,N4 7YY,UK,United Kingdom,EMEA,English,Consumer,None,2021-01-11,2021,NEW,True,MDM,2021-01-11 00:00:00,2026-04-17 15:58:35.944843
5ba1a393-3d4b-49ad-9e6c-88b84faae994,CUST-2021-UK-000494,James,Moore,James Moore,Female,1954-02-09,james.moore@hotmail.com,0113 4960220,"Studio 90
Smith manor",North Glenburgh,Fullerchester,DE0V 4QD,UK,United Kingdom,EMEA,English,Business,None,2021-03-25,2021,NEW,True,MDM,2021-03-25 00:00:00,2026-04-17 15:58:35.944970
1eccc698-295a-406f-89ee-1558066f5941,CUST-2021-UK-000495,Mary,Burke,Mary Burke,Female,2000-07-06,mary.burke540@protonmail.com,(0131)4960514,826 Mathew crest,Lake Amy,Conwayport,B83 0DG,UK,United Kingdom,EMEA,English,Consumer,Silver,2021-06-03,2021,NEW,True,MDM,2021-06-03 00:00:00,2026-04-17 15:58:35.945077
fec933c3-6d2a-4f84-b9a0-f4baaa5a229b,CUST-2021-UK-000496,Andrew,Thomas,Andrew Thomas,Female,2002-12-16,andrew.thomas@live.com,(0115) 4960838,537 Joe creek,West Paulineburgh,Elizabethport,PA6 8NN,UK,United Kingdom,EMEA,English,Consumer,None,2021-10-11,2021,NEW,False,MDM,2021-10-11 00:00:00,2026-04-17 15:58:35.945157
d50932ba-420c-41af-863a-c739f2506ba8,CUST-2021-UK-000497,Bethan,Williams,Bethan Williams,Female,1964-06-05,bethan.williams624@mail.com,+44(0)1154960617,"Studio 35d
Curtis squares",Lake Antony,Port Sam,W3 9NQ,UK,United Kingdom,EMEA,English,Consumer,None,2021-04-23,2021,NEW,False,MDM,2021-04-23 00:00:00,2026-04-17 15:58:35.945260
42c5ee88-d337-4ec2-9702-251aa05eaa6f,CUST-2021-UK-000498,Maria,Thompson,Maria Thompson,Male,1966-02-22,maria.thompson286@zoho.com,(0131)4960726,8 Barbara landing,Thomasside,Port Maurice,SE0 0LW,UK,United Kingdom,EMEA,English,Consumer,None,2021-08-09,2021,NEW,True,MDM,2021-08-09 00:00:00,2026-04-17 15:58:35.945362
026a1417-465d-44df-8031-a200238d130f,CUST-2021-UK-000499,Bruce,May,Bruce May,Male,1959-01-24,bruce.may31@gmail.com,+44116 496 0162,53 Jane valleys,North Deborah,Lake Brandon,E7T 9GR,UK,United Kingdom,EMEA,English,Consumer,None,2021-01-29,2021,NEW,False,MDM,2021-01-29 00:00:00,2026-04-17 15:58:35.945443
1c3fbbb2-2a8f-4f73-93b1-55782d98ebf4,CUST-2021-UK-000500,Sheila,Harding,Sheila Harding,Male,1973-06-12,sheila.harding@yahoo.com,+44115 496 0713,5 Khan well,Terencefurt,Gregorystad,N04 0PT,UK,United Kingdom,EMEA,English,Consumer,None,2021-09-21,2021,NEW,True,MDM,2021-09-21 00:00:00,2026-04-17 15:58:35.945546
19c7fc9f-0f70-4b4c-aeef-f61db4ffee93,CUST-2021-UK-000501,Owen,Thompson,Owen Thompson,Male,1964-10-20,owen.thompson@yahoo.com,+44306 999 0278,"Flat 4
Hilary road",Mitchellborough,South Dorothy,B4W 5UQ,UK,United Kingdom,EMEA,English,Consumer,None,2021-05-13,2021,NEW,True,MDM,2021-05-13 00:00:00,2026-04-17 15:58:35.945625
1ecfa023-b774-4438-ac15-8614f8ae9352,CUST-2021-UK-000502,Karen,Price,Karen Price,Female,1954-11-04,karen.price@icloud.com,+44(0)161 4960384,"Flat 39c
Sheila islands",Cliffordville,Graceborough,E69 0WW,UK,United Kingdom,EMEA,English,Consumer,Silver,2021-02-04,2021,NEW,True,MDM,2021-02-04 00:00:00,2026-04-17 15:58:35.945706
bde2df0c-ba23-4398-bb31-dd5a656036cf,CUST-2021-UK-000503,Howard,Saunders,Howard Saunders,Female,1959-07-21,howard.saunders@icloud.com,0141 4960591,"Studio 6
Patel springs",Ruthland,East Craigside,M0U 0XP,UK,United Kingdom,EMEA,English,Consumer,Silver,2021-10-07,2021,NEW,True,MDM,2021-10-07 00:00:00,2026-04-17 15:58:35.945810
87ade999-5dcb-491f-89bd-fd78df9c991c,CUST-2021-UK-000504,Lynne,Ross,Lynne Ross,Male,2001-03-09,lynne.ross@mail.com,+44(0)118 4960219,"Flat 80
Berry spurs",Dianafort,North Marcusmouth,E9W 8UE,UK,United Kingdom,EMEA,English,Consumer,None,2021-09-07,2021,NEW,False,MDM,2021-09-07 00:00:00,2026-04-17 15:58:35.945914
06beb0ef-aa22-4ef4-bf91-56b776500acd,CUST-2021-UK-000505,Russell,Chambers,Russell Chambers,Female,1992-11-01,russell.chambers@gmx.com,(0121) 496 0712,810 Whitehead expressway,New Carolhaven,North Glennbury,SY4V 3HP,UK,United Kingdom,EMEA,English,Consumer,None,2021-12-21,2021,NEW,True,MDM,2021-12-21 00:00:00,2026-04-17 15:58:35.946022
7b5a7987-9921-48e5-b1b8-dcfa257646c7,CUST-2021-UK-000506,Jay,Jones,Jay Jones,Female,1988-06-14,jay.jones@yahoo.com,(0909) 879 0032,5 Francis field,New Elaineborough,Walshburgh,G3 9DA,UK,United Kingdom,EMEA,English,Education,None,2021-05-24,2021,NEW,True,MDM,2021-05-24 00:00:00,2026-04-17 15:58:35.946148
19c91f97-f698-40f1-aec6-67664cf35709,CUST-2021-UK-000507,Owen,Phillips,Owen Phillips,Female,1991-11-10,owen.phillips@icloud.com,+44113 4960892,08 Nicholas prairie,Victorshire,Patricialand,S8 2FW,UK,United Kingdom,EMEA,English,Business,None,2021-05-27,2021,NEW,False,MDM,2021-05-27 00:00:00,2026-04-17 15:58:35.946227
6807199b-0846-40ab-8abe-200cf0577614,CUST-2021-UK-000508,Bethan,Phillips,Bethan Phillips,Female,1961-10-01,bethan.phillips@protonmail.com,+44115 4960872,"Studio 83
Morris streets",Christinebury,North Carlyfurt,BN0 3UT,UK,United Kingdom,EMEA,English,Consumer,None,2021-02-28,2021,NEW,True,MDM,2021-02-28 00:00:00,2026-04-17 15:58:35.946330
053faf6c-a2f6-475f-bd4c-ba269a7d49a7,CUST-2021-UK-000509,Jodie,Evans,Jodie Evans,Female,2007-09-25,jodie.evans@msn.com,01144960940,"Studio 90Q
Alan turnpike",Jenniferville,Lake Rosemary,M7H 3TB,UK,United Kingdom,EMEA,English,Consumer,None,2021-06-03,2021,NEW,True,MDM,2021-06-03 00:00:00,2026-04-17 15:58:35.946411
fc358caf-1dcd-4ca8-ab69-b3149321c720,CUST-2021-UK-000510,Daniel,Wilson,Daniel Wilson,Female,2004-04-17,daniel.wilson@protonmail.com,+441914960110,"Flat 99
Derek fork",Knightville,Lake Pamela,NE70 5LB,UK,United Kingdom,EMEA,English,Consumer,None,2021-12-10,2021,NEW,True,MDM,2021-12-10 00:00:00,2026-04-17 15:58:35.946515
b54a674e-3e56-4974-ac3a-150087007ee5,CUST-2021-UK-000511,Jamie,Simpson,Jamie Simpson,Female,2000-12-16,jamie.simpson@protonmail.com,+4420 74960425,24 Debra rapid,East Leonland,East Gail,B68 3QQ,UK,United Kingdom,EMEA,English,Consumer,Silver,2021-10-19,2021,NEW,True,MDM,2021-10-19 00:00:00,2026-04-17 15:58:35.946596
2583c889-901e-4b3f-a6c9-1e7055816d38,CUST-2021-UK-000512,Callum,Rhodes,Callum Rhodes,Male,1992-07-11,callum.rhodes@live.com,(0114) 496 0174,"Studio 88
Williams loop",Granttown,North Diana,G2 5WY,UK,United Kingdom,EMEA,English,Consumer,Silver,2021-08-11,2021,NEW,True,MDM,2021-08-11 00:00:00,2026-04-17 15:58:35.946720
074906d2-d08c-4cf1-8392-53da80c8757b,CUST-2021-UK-000513,Terry,Dawson,Terry Dawson,Female,2001-04-18,terry.dawson727@zoho.com,+44(0)1414960806,11 Margaret spring,Lake Keithburgh,Lewismouth,WF54 8JQ,UK,United Kingdom,EMEA,English,Consumer,Silver,2021-09-01,2021,NEW,True,MDM,2021-09-01 00:00:00,2026-04-17 15:58:35.946801
49aa7374-f601-4891-b466-f99d31178fae,CUST-2021-UK-000514,Jade,Burke,Jade Burke,Male,2003-02-07,jade.burke@aol.com,+44(0)2074960903,6 Alan circles,Ballchester,Port Cheryl,DG3 3GR,UK,United Kingdom,EMEA,English,Consumer,Platinum,2021-07-07,2021,NEW,True,MDM,2021-07-07 00:00:00,2026-04-17 15:58:35.946905
94bb4f63-5edb-4b27-a297-27c796d3b7b7,CUST-2021-UK-000515,George,Begum,George Begum,Female,1999-01-30,george.begum@hotmail.com,01164960699,"Flat 1
Owen shores",Kevinfurt,New Kathrynshire,PH7A 8AX,UK,United Kingdom,EMEA,English,Consumer,Gold,2021-03-29,2021,NEW,True,MDM,2021-03-29 00:00:00,2026-04-17 15:58:35.946986
5d555e99-a5b1-4ed7-86fe-c460ce2a31de,CUST-2021-UK-000516,Matthew,Watts,Matthew Watts,Male,1976-12-17,matthew.watts@icloud.com,+44113 4960133,"Flat 46q
Nigel underpass",West Kirstybury,Lake Richard,L5 8BS,UK,United Kingdom,EMEA,English,Business,None,2021-03-15,2021,NEW,True,MDM,2021-03-15 00:00:00,2026-04-17 15:58:35.947068
431fcc8b-18f2-4259-8002-dbbee179dbd7,CUST-2021-UK-000517,Mathew,Fletcher,Mathew Fletcher,Male,1992-10-01,mathew.fletcher@yahoo.com,0191 498 0557,0 Manning keys,Lake Thomas,Duffyland,M6U 2HF,UK,United Kingdom,EMEA,English,Business,None,2021-11-15,2021,NEW,True,MDM,2021-11-15 00:00:00,2026-04-17 15:58:35.947193
892b0d05-f888-498b-8c58-eee80bfbd34f,CUST-2021-UK-000518,Chloe,Allen,Chloe Allen,Male,1955-05-18,chloe.allen@protonmail.com,+44306 999 0621,"Flat 66j
Begum hills",Joshmouth,Gilesmouth,DG39 0RX,UK,United Kingdom,EMEA,English,Education,Silver,2021-11-23,2021,NEW,True,MDM,2021-11-23 00:00:00,2026-04-17 15:58:35.947320
19988366-b6a4-4fea-8633-0713190bc51c,CUST-2021-UK-000519,Gregory,Sutton,Gregory Sutton,Male,2007-03-28,gregory.sutton@mail.com,(0121) 4960329,874 Johnson corners,Singhborough,New Dorothy,BS1N 4NR,UK,United Kingdom,EMEA,English,Consumer,Gold,2021-04-08,2021,NEW,True,MDM,2021-04-08 00:00:00,2026-04-17 15:58:35.947444
2411a922-f184-4ebc-98ce-07e4913edbcf,CUST-2021-UK-000520,Leon,Bryant,Leon Bryant,Female,1962-04-27,leon.bryant446@aol.com,+44(0)1514960015,"Flat 1
Deborah vista",Jonesfort,Jasonside,S4 2GJ,UK,United Kingdom,EMEA,English,Consumer,None,2021-05-12,2021,NEW,True,MDM,2021-05-12 00:00:00,2026-04-17 15:58:35.947545
6f0f6242-f85d-4564-b76b-f86a17459d3b,CUST-2021-UK-000521,Iain,Sutton,Iain Sutton,Female,2007-03-09,iain.sutton@aol.com,0151 496 0144,8 Amber island,Carlfort,Annettetown,W57 3EG,UK,United Kingdom,EMEA,English,Consumer,None,2021-12-08,2021,NEW,True,MDM,2021-12-08 00:00:00,2026-04-17 15:58:35.947624
7df9a3cc-6f9a-46ec-8eca-75f1e946f682,CUST-2021-UK-000522,Rosemary,Hill,Rosemary Hill,Female,2003-08-09,rosemary.hill@yahoo.com,+44(0)115 496 0515,"Flat 94N
Kieran square",Lawrenceside,Lake Harry,HR57 3SS,UK,United Kingdom,EMEA,English,Consumer,None,2021-02-22,2021,NEW,True,MDM,2021-02-22 00:00:00,2026-04-17 15:58:35.947705
8301a394-7d90-4ee9-be17-b3cb5f0362d4,CUST-2021-UK-000523,Joel,Russell,Joel Russell,Male,1959-11-27,joel.russell464@zoho.com,0114 4960661,554 Hilary lights,Eleanorborough,West Dale,S4D 5SR,UK,United Kingdom,EMEA,English,Consumer,Silver,2021-11-09,2021,NEW,True,MDM,2021-11-09 00:00:00,2026-04-17 15:58:35.947786
5aa1f747-adf4-4b81-b435-61d1b4fc165f,CUST-2021-UK-000524,Frank,Wallace,Frank Wallace,Female,1998-01-24,frank.wallace@icloud.com,+44(0)1632 960404,"Flat 70
Kelly fords",Lake Deborah,Geraldton,G23 8QG,UK,United Kingdom,EMEA,English,Consumer,Platinum,2021-06-09,2021,NEW,True,MDM,2021-06-09 00:00:00,2026-04-17 15:58:35.947888
9f60bdc4-3e26-4ffb-a2a3-c7fe7ac60af6,CUST-2021-UK-000525,Rebecca,McDonald,Rebecca McDonald,Male,1971-11-09,rebecca.mcdonald@gmx.com,+4420 74960406,"Studio 4
Maureen fords",Cameronmouth,Eileenstad,OX9 6YR,UK,United Kingdom,EMEA,English,Consumer,Platinum,2021-02-18,2021,NEW,True,MDM,2021-02-18 00:00:00,2026-04-17 15:58:35.947967
5ccfe9a3-dfcf-49e0-85e5-0b748321c0d1,CUST-2021-UK-000526,Lesley,Conway,Lesley Conway,Male,1984-10-20,lesley.conway450@aol.com,+441314960471,"Flat 2
Patrick spring",Brownville,Mossfort,B5 8RY,UK,United Kingdom,EMEA,English,Consumer,Gold,2021-01-03,2021,NEW,True,MDM,2021-01-03 00:00:00,2026-04-17 15:58:35.948165
b77d585c-0ca9-4d60-b0e0-cb726309a4c9,CUST-2021-UK-000527,Frederick,Dunn,Frederick Dunn,Female,2000-05-21,frederick.dunn@outlook.com,+44(0)118 496 0479,795 Reed valley,North Gemma,West Emma,OL0Y 6BX,UK,United Kingdom,EMEA,English,Business,Silver,2021-07-10,2021,NEW,True,MDM,2021-07-10 00:00:00,2026-04-17 15:58:35.948305
a4418339-3ce3-4361-860f-d9eb0b8cd95a,CUST-2021-UK-000528,Hollie,Barker,Hollie Barker,Female,1956-04-02,hollie.barker622@yahoo.com,(0113) 4960992,3 Clarke mountains,Johnsonberg,North Joycetown,L52 8TJ,UK,United Kingdom,EMEA,English,Consumer,None,2021-04-10,2021,NEW,True,MDM,2021-04-10 00:00:00,2026-04-17 15:58:35.948443
c1c38ce0-8483-47c3-bde1-41c23a25d1f6,CUST-2021-UK-000529,Bethany,Smith,Bethany Smith,Male,1976-09-25,bethany.smith662@live.com,+44114 496 0484,"Flat 89
Phillips rue",Lake Kirstychester,Port Antony,M88 5TQ,UK,United Kingdom,EMEA,English,Consumer,None,2021-11-12,2021,NEW,False,MDM,2021-11-12 00:00:00,2026-04-17 15:58:35.948551
7c8b66e4-1d6c-43b3-9b88-f083631de110,CUST-2021-UK-000530,Neil,Watson,Neil Watson,Male,1989-05-28,neil.watson@live.com,+44116 496 0906,142 Ryan islands,Mathewburgh,East Christophershire,LD13 7PY,UK,United Kingdom,EMEA,English,Business,None,2021-04-01,2021,NEW,True,MDM,2021-04-01 00:00:00,2026-04-17 15:58:35.948637
133d4a2f-17d5-43cd-84dd-578f8427a23d,CUST-2021-UK-000531,Shane,Savage,Shane Savage,Male,1953-04-10,shane.savage@gmx.com,+44(0)9098790229,"Studio 89K
Pearson dale",Wilkinsonshire,North George,N17 5UN,UK,United Kingdom,EMEA,English,Consumer,None,2021-02-22,2021,NEW,True,MDM,2021-02-22 00:00:00,2026-04-17 15:58:35.948771
9eafcbba-1e2c-4566-adda-9569324245a5,CUST-2021-UK-000532,Hilary,Dawson,Hilary Dawson,Female,1968-03-19,hilary.dawson@live.com,+44(0)28 9018 0956,"Flat 72
Jemma walks",Barnesland,West Sandra,G4 8QW,UK,United Kingdom,EMEA,English,Consumer,Gold,2021-11-19,2021,NEW,True,MDM,2021-11-19 00:00:00,2026-04-17 15:58:35.948883
b564aeb8-4042-41b2-85d9-4f4d214ea24b,CUST-2021-UK-000533,Shirley,Gregory,Shirley Gregory,Male,1960-10-12,shirley.gregory@hotmail.com,+44(0)1184960197,"Studio 06O
Smith plain",East Sarah,Damianstad,CW16 1BT,UK,United Kingdom,EMEA,English,Consumer,None,2021-01-15,2021,NEW,True,MDM,2021-01-15 00:00:00,2026-04-17 15:58:35.948991
bdd92983-346f-4134-8f23-6ee9796290c7,CUST-2021-UK-000534,Barry,Price,Barry Price,Male,1996-07-09,barry.price@gmx.com,(0909) 879 0315,"Studio 20v
Michael mews",Aliside,West Lauramouth,E0 9UF,UK,United Kingdom,EMEA,English,Education,Platinum,2021-08-09,2021,NEW,True,MDM,2021-08-09 00:00:00,2026-04-17 15:58:35.949099
803b6e62-62b2-40ce-95fa-34f20e6692b6,CUST-2021-UK-000535,Natalie,Andrews,Natalie Andrews,Male,1990-04-18,natalie.andrews@aol.com,(0113)4960050,6 Smith mews,East Owen,Gregoryville,NG9 4XJ,UK,United Kingdom,EMEA,English,Consumer,None,2021-02-20,2021,NEW,True,MDM,2021-02-20 00:00:00,2026-04-17 15:58:35.949230
25385f4e-624a-409f-89dd-85a453d991e1,CUST-2021-UK-000536,Harriet,Conway,Harriet Conway,Male,2006-07-27,harriet.conway@msn.com,+44(0)191 496 0405,"Flat 72F
Ryan haven",New Bethchester,Matthewborough,EC58 5EX,UK,United Kingdom,EMEA,English,Education,Silver,2021-11-21,2021,NEW,True,MDM,2021-11-21 00:00:00,2026-04-17 15:58:35.949321
e9934fe4-6ce8-4e0e-b59e-0292abcb0bf0,CUST-2021-UK-000537,Alexandra,Owen,Alexandra Owen,Male,1999-09-08,alexandra.owen@mail.com,028 9018 0962,033 Alice hollow,Bevanport,Lake Lynneberg,LE76 8SX,UK,United Kingdom,EMEA,English,Consumer,Silver,2021-02-12,2021,NEW,True,MDM,2021-02-12 00:00:00,2026-04-17 15:58:35.949439
e0bf66b1-c2d9-4497-9ba9-b631c3eeb5d3,CUST-2021-UK-000538,Mandy,Baker,Mandy Baker,Male,1983-07-03,mandy.baker111@protonmail.com,(01632)960031,9 Mary squares,Sarahfurt,Claremouth,DA25 3FL,UK,United Kingdom,EMEA,English,Consumer,None,2021-05-05,2021,NEW,True,MDM,2021-05-05 00:00:00,2026-04-17 15:58:35.949529
4481e42e-0814-42ab-82c4-e0258e724085,CUST-2021-UK-000539,Joe,Bradshaw,Joe Bradshaw,Male,1980-06-19,joe.bradshaw@outlook.com,+44161 496 0231,"Flat 21k
Louis crossing",Lake Kayleighburgh,Charlieborough,NR51 9PN,UK,United Kingdom,EMEA,English,Consumer,None,2021-12-26,2021,NEW,True,MDM,2021-12-26 00:00:00,2026-04-17 15:58:35.949617
028dfc0a-414e-4298-a28e-68ee1b3d5308,CUST-2021-UK-000540,Katie,Pope,Katie Pope,Male,2003-09-09,katie.pope512@mail.com,+44(0)151 496 0604,"Studio 63
Kieran rue",Geraldinehaven,West Tracy,E07 6BF,UK,United Kingdom,EMEA,English,Consumer,None,2021-08-20,2021,NEW,True,MDM,2021-08-20 00:00:00,2026-04-17 15:58:35.949699
e3a40bde-5209-479d-a928-76852eaad0e8,CUST-2021-UK-000541,Olivia,Thomas,Olivia Thomas,Male,1978-11-05,olivia.thomas@aol.com,+44(0)1144960172,"Studio 55
Pearson isle",Seanfurt,Lake Hannahfort,PO20 7QJ,UK,United Kingdom,EMEA,English,Consumer,None,2021-10-05,2021,NEW,True,MDM,2021-10-05 00:00:00,2026-04-17 15:58:35.949807
f4ae2d0d-6018-40e6-a9ff-0f5542fb7fb2,CUST-2021-UK-000542,Danielle,Wilkinson,Danielle Wilkinson,Female,1992-01-07,danielle.wilkinson@aol.com,0151 496 0964,0 Wright park,Dixonshire,Christinemouth,LE1X 0HS,UK,United Kingdom,EMEA,English,Consumer,None,2021-08-22,2021,NEW,True,MDM,2021-08-22 00:00:00,2026-04-17 15:58:35.949945
490ea2a5-608e-42c2-ada9-13e86839b4eb,CUST-2021-UK-000543,Mitchell,Glover,Mitchell Glover,Female,1984-02-20,mitchell.glover@hotmail.com,+44(0)909 879 0601,"Flat 65B
Stone course",Gemmamouth,Ruthberg,W06 0UA,UK,United Kingdom,EMEA,English,Consumer,Silver,2021-11-13,2021,NEW,True,MDM,2021-11-13 00:00:00,2026-04-17 15:58:35.950053
f5762e0e-a4c8-422c-873c-456d1cb0ccea,CUST-2021-UK-000544,Brandon,Hutchinson,Brandon Hutchinson,Female,1982-01-06,brandon.hutchinson@gmail.com,+44(0)1414960043,71 Julie street,Goddardburgh,Kieranhaven,L8G 3YG,UK,United Kingdom,EMEA,English,Consumer,None,2021-07-24,2021,NEW,True,MDM,2021-07-24 00:00:00,2026-04-17 15:58:35.950159
7268d0e2-b4b7-4974-ab99-57ac91832f29,CUST-2021-UK-000545,Alison,Shah,Alison Shah,Female,1955-05-20,alison.shah359@mail.com,(0161) 4960198,17 Gavin mission,East Fionashire,Gibbshaven,TW9 4UJ,UK,United Kingdom,EMEA,English,Consumer,Silver,2021-06-20,2021,NEW,True,MDM,2021-06-20 00:00:00,2026-04-17 15:58:35.950271
8e56ff22-f6e6-495e-9ce9-59dcff662c90,CUST-2021-UK-000546,Trevor,Bailey,Trevor Bailey,Male,1980-11-23,trevor.bailey@yahoo.com,+44(0)1154960456,"Studio 6
Jones island",South Marcus,East Yvonne,NG67 6WQ,UK,United Kingdom,EMEA,English,Consumer,None,2021-06-21,2021,NEW,True,MDM,2021-06-21 00:00:00,2026-04-17 15:58:35.950385
65c9f132-10cc-4c8f-a146-360950a81f8a,CUST-2021-UK-000547,Mandy,Hobbs,Mandy Hobbs,Female,1973-08-09,mandy.hobbs@aol.com,(0117) 4960706,"Flat 13e
Frank hollow",South Shaunside,South Elainemouth,KY2 0ZT,UK,United Kingdom,EMEA,English,Consumer,None,2021-06-27,2021,NEW,True,MDM,2021-06-27 00:00:00,2026-04-17 15:58:35.950475
76bb07a1-af4b-4239-a3bf-b25fa3581396,CUST-2021-UK-000548,Ann,Duncan,Ann Duncan,Male,1964-12-23,ann.duncan@outlook.com,(0141)4960399,847 Zoe plaza,Lake James,Port Trevorfurt,M3 6TG,UK,United Kingdom,EMEA,English,Consumer,None,2021-10-24,2021,NEW,True,MDM,2021-10-24 00:00:00,2026-04-17 15:58:35.950569
b1bfd1d8-8fb8-4d09-9a57-4a4b6734b70f,CUST-2021-UK-000549,Karl,Morris,Karl Morris,Male,1999-05-27,karl.morris304@gmx.com,01164960822,"Studio 61
Perry station",Natalieland,Lake Arthur,L4E 3SD,UK,United Kingdom,EMEA,English,Consumer,None,2021-07-26,2021,NEW,True,MDM,2021-07-26 00:00:00,2026-04-17 15:58:35.950675
67204f71-75f6-428f-9af2-da6368c97b57,CUST-2021-UK-000550,Samuel,Shepherd,Samuel Shepherd,Female,1954-03-09,samuel.shepherd492@gmx.com,+441184960066,"Studio 5
Miller extensions",Berryfurt,Sylvialand,SG0 8JA,UK,United Kingdom,EMEA,English,Business,None,2021-10-13,2021,NEW,True,MDM,2021-10-13 00:00:00,2026-04-17 15:58:35.950809
f1d376c7-9a2e-41dc-8051-bf0be8737927,CUST-2021-UK-000551,Rosemary,Marshall,Rosemary Marshall,Male,1982-01-22,rosemary.marshall@outlook.com,+441314960518,02 Vincent rapids,Jasmineport,East Carl,W9 2XT,UK,United Kingdom,EMEA,English,Education,Silver,2021-01-06,2021,NEW,True,MDM,2021-01-06 00:00:00,2026-04-17 15:58:35.950913
fb662719-1fe4-4c87-876e-ba68e84b6a8a,CUST-2021-UK-000552,Terence,Hill,Terence Hill,Female,1988-05-24,terence.hill@icloud.com,+44(0)191 4960959,9 Smith plain,Paigechester,Haywardside,S17 4AA,UK,United Kingdom,EMEA,English,Business,None,2021-12-30,2021,NEW,True,MDM,2021-12-30 00:00:00,2026-04-17 15:58:35.951039
7922ca3e-c5a3-476c-b837-a1c01492e00e,CUST-2021-UK-000553,Douglas,Kaur,Douglas Kaur,Male,2004-03-22,douglas.kaur67@hotmail.com,+441144960463,96 Eleanor gateway,Charlesmouth,Katemouth,SG9M 1GZ,UK,United Kingdom,EMEA,English,Business,None,2021-07-10,2021,NEW,True,MDM,2021-07-10 00:00:00,2026-04-17 15:58:35.951124
f6332c77-2913-4511-86a1-934f7ec2b6e3,CUST-2021-UK-000554,Christine,Lowe,Christine Lowe,Female,1968-02-24,christine.lowe@msn.com,+44(0)2074960844,848 Whittaker fords,North Ashleighfort,Smithside,N36 7EY,UK,United Kingdom,EMEA,English,Consumer,None,2021-12-22,2021,NEW,True,MDM,2021-12-22 00:00:00,2026-04-17 15:58:35.951257
628d5ec9-0c41-4e77-8d46-4a82b9f06213,CUST-2021-UK-000555,Christopher,Palmer,Christopher Palmer,Male,1967-05-24,christopher.palmer284@live.com,+44115 496 0153,"Flat 12C
Welch river",Gavinmouth,New Harriet,EN53 4SQ,UK,United Kingdom,EMEA,English,Consumer,None,2021-11-06,2021,NEW,True,MDM,2021-11-06 00:00:00,2026-04-17 15:58:35.951366
f5699e6a-0d43-4528-b93f-4306c837fa97,CUST-2021-UK-000556,Gordon,Taylor,Gordon Taylor,Male,1966-09-11,gordon.taylor@live.com,+44(0)1314960577,0 Arthur avenue,Port Leon,New Christian,NP02 2XH,UK,United Kingdom,EMEA,English,Consumer,Platinum,2021-02-09,2021,NEW,True,MDM,2021-02-09 00:00:00,2026-04-17 15:58:35.951455
4ef5fe1d-b109-4455-832c-29be4efc9147,CUST-2021-UK-000557,Vanessa,White,Vanessa White,Female,1979-06-23,vanessa.white@gmx.com,+441414960864,"Studio 69
Brown cove",Port Lindseystad,Stanleyberg,SA86 4NX,UK,United Kingdom,EMEA,English,Education,None,2021-01-27,2021,NEW,True,MDM,2021-01-27 00:00:00,2026-04-17 15:58:35.951568
f48ccd8b-490d-45b9-ae0d-ce1735028623,CUST-2021-UK-000558,Steven,Wong,Steven Wong,Male,2001-01-02,steven.wong@msn.com,0909 879 0915,165 Evans knoll,Lake Frederickbury,North Jamieland,M09 9DR,UK,United Kingdom,EMEA,English,Consumer,None,2021-10-03,2021,NEW,True,MDM,2021-10-03 00:00:00,2026-04-17 15:58:35.951682
2b37758b-9f16-4e7c-9fa9-e79144105b4f,CUST-2021-UK-000559,Heather,Roberts,Heather Roberts,Male,1972-04-10,heather.roberts@hotmail.com,(029) 2018 0124,89 Brown inlet,East Carlyton,Hobbsview,W2 0ZQ,UK,United Kingdom,EMEA,English,Education,Silver,2021-09-21,2021,NEW,True,MDM,2021-09-21 00:00:00,2026-04-17 15:58:35.951813
a78d8942-4058-4a3f-9eab-e7e14caf8540,CUST-2021-UK-000560,Geraldine,Clarke,Geraldine Clarke,Female,1956-02-15,geraldine.clarke987@icloud.com,(01632)960217,"Studio 68i
Rita forks",Callumborough,Iainville,PH14 6SR,UK,United Kingdom,EMEA,English,Consumer,None,2021-02-07,2021,NEW,True,MDM,2021-02-07 00:00:00,2026-04-17 15:58:35.951897
f653cb1d-894f-4eb5-9f89-077d58166b4d,CUST-2021-UK-000561,Justin,Kaur,Justin Kaur,Male,1957-10-12,justin.kaur@icloud.com,0116 4960241,"Studio 37
Marion cove",Olivershire,West Louise,DT9N 9LN,UK,United Kingdom,EMEA,English,Consumer,None,2021-04-30,2021,NEW,True,MDM,2021-04-30 00:00:00,2026-04-17 15:58:35.951983
99a16dfb-400c-412b-b71a-e742784e8053,CUST-2021-UK-000562,Claire,Walsh,Claire Walsh,Female,2003-07-06,claire.walsh@aol.com,0116 496 0069,386 Edwards lodge,Ericport,New Jack,IP8X 2WR,UK,United Kingdom,EMEA,English,Consumer,Silver,2021-04-19,2021,NEW,False,MDM,2021-04-19 00:00:00,2026-04-17 15:58:35.952089
d0bff470-c8e4-4bb7-8311-415478f4236d,CUST-2021-UK-000563,Kevin,Fleming,Kevin Fleming,Female,1976-08-29,kevin.fleming@outlook.com,(0116) 496 0307,"Flat 7
Aaron forest",Lake Jayton,North Kelly,HX68 4DS,UK,United Kingdom,EMEA,English,Consumer,Silver,2021-06-04,2021,NEW,True,MDM,2021-06-04 00:00:00,2026-04-17 15:58:35.952178
ec11c648-267a-46f2-929d-0ecff9c28bb3,CUST-2021-UK-000564,Joe,Humphries,Joe Humphries,Female,1997-09-22,joe.humphries@aol.com,+441174960211,"Flat 1
Chapman drives",East Victoriafurt,West Katy,S31 2XR,UK,United Kingdom,EMEA,English,Consumer,None,2021-06-17,2021,NEW,True,MDM,2021-06-17 00:00:00,2026-04-17 15:58:35.952290
7a240c0f-0ef6-4d24-b05e-1dc301ad3117,CUST-2021-UK-000565,Benjamin,Anderson,Benjamin Anderson,Male,1994-05-31,benjamin.anderson@aol.com,+4420 7496 0125,"Flat 40p
Smith extensions",New Luke,Matthewsfurt,NN1B 6QP,UK,United Kingdom,EMEA,English,Consumer,Silver,2021-05-14,2021,NEW,True,MDM,2021-05-14 00:00:00,2026-04-17 15:58:35.952426
ade7e5b8-66a7-4d7a-be0e-cc409513da5c,CUST-2021-UK-000566,Olivia,Shah,Olivia Shah,Male,1990-07-25,olivia.shah@mail.com,+44131 496 0478,"Flat 0
Page drives",Davisshire,East Natasha,SW0Y 5SL,UK,United Kingdom,EMEA,English,Business,Silver,2021-03-04,2021,NEW,True,MDM,2021-03-04 00:00:00,2026-04-17 15:58:35.952556
2dc0f2e7-da6f-4437-9cf4-899f048da38b,CUST-2021-UK-000567,Stanley,Dawson,Stanley Dawson,Male,1956-02-03,stanley.dawson952@live.com,0113 496 0443,82 Holmes lodge,South Abigail,West Damianfurt,JE49 8ZR,UK,United Kingdom,EMEA,English,Consumer,Gold,2021-06-23,2021,NEW,True,MDM,2021-06-23 00:00:00,2026-04-17 15:58:35.952701
1f8fd12b-14a4-4fc3-af2a-1fc3d207e5ac,CUST-2021-UK-000568,Bryan,Rose,Bryan Rose,Female,1957-09-28,bryan.rose@outlook.com,0306 999 0459,"Flat 92i
Jodie keys",Lake Frederick,East Wayne,WN72 4RG,UK,United Kingdom,EMEA,English,Consumer,Platinum,2021-06-04,2021,NEW,True,MDM,2021-06-04 00:00:00,2026-04-17 15:58:35.952829
bf2a28cb-ba95-4774-9194-f4ca7c793d69,CUST-2021-UK-000569,Yvonne,Clarke,Yvonne Clarke,Female,1983-08-27,yvonne.clarke@aol.com,+44(0)909 879 0551,18 Fisher ranch,Daviesside,Jonesville,SK94 9UT,UK,United Kingdom,EMEA,English,Consumer,Platinum,2021-02-23,2021,NEW,False,MDM,2021-02-23 00:00:00,2026-04-17 15:58:35.952987
793658d5-a7cd-4370-bef2-e6d762448043,CUST-2021-UK-000570,Duncan,Richards,Duncan Richards,Male,1951-09-16,duncan.richards@yahoo.com,+44(0)1214960663,"Studio 7
Thomson unions",Lake Edward,South Stacey,CT79 1DN,UK,United Kingdom,EMEA,English,Consumer,None,2021-08-27,2021,NEW,False,MDM,2021-08-27 00:00:00,2026-04-17 15:58:35.953091
526f4d14-2154-4126-929d-76edcd8a9d25,CUST-2021-UK-000571,Rachel,Bibi,Rachel Bibi,Male,1976-07-01,rachel.bibi889@icloud.com,0292018776,"Flat 50S
Parkinson garden",Lake Mary,Marshallville,W7 8HQ,UK,United Kingdom,EMEA,English,Business,Silver,2021-09-28,2021,NEW,True,MDM,2021-09-28 00:00:00,2026-04-17 15:58:35.953221
6f48fc14-8227-4ce9-8c77-c4e67042f6c1,CUST-2021-UK-000572,Susan,Reed,Susan Reed,Female,2002-03-22,susan.reed664@outlook.com,(029) 2018838,"Flat 53E
Clayton creek",East Shirley,Tonyview,FY2N 5NT,UK,United Kingdom,EMEA,English,Education,Silver,2021-04-14,2021,NEW,True,MDM,2021-04-14 00:00:00,2026-04-17 15:58:35.953333
9261e767-94ff-4c34-b5aa-fbdd1d6d3159,CUST-2021-UK-000573,Craig,Mitchell,Craig Mitchell,Female,2001-12-24,craig.mitchell24@msn.com,+44(0)29 2018806,"Flat 13
Sam stream",Kennedyport,West Jack,GU0W 0QF,UK,United Kingdom,EMEA,English,Consumer,None,2021-08-25,2021,NEW,False,MDM,2021-08-25 00:00:00,2026-04-17 15:58:35.953443
870c8176-9d50-4c0d-8d89-43542ff20da9,CUST-2021-UK-000574,Lawrence,Patterson,Lawrence Patterson,Female,1976-10-15,lawrence.patterson@protonmail.com,(0113) 496 0940,73 Gerald crest,Marshallmouth,Murraybury,W19 5PB,UK,United Kingdom,EMEA,English,Consumer,Gold,2021-05-09,2021,NEW,True,MDM,2021-05-09 00:00:00,2026-04-17 15:58:35.953576
663c7deb-7e46-4a0a-88dd-f2dd7eea77a6,CUST-2021-UK-000575,Denise,Norton,Denise Norton,Male,1960-12-13,denise.norton@gmail.com,+44114 4960657,"Studio 28
Barnes neck",Anneland,East Dylan,E59 3GF,UK,United Kingdom,EMEA,English,Consumer,None,2021-04-02,2021,NEW,True,MDM,2021-04-02 00:00:00,2026-04-17 15:58:35.953680
1d5c4db1-afb7-4f56-98ea-b0ede705054e,CUST-2021-UK-000576,Anthony,Barker,Anthony Barker,Female,1984-09-26,anthony.barker@outlook.com,+4429 2018 0624,"Studio 49
Graham center",Foxshire,Brownfurt,CW78 4HS,UK,United Kingdom,EMEA,English,Consumer,None,2021-02-21,2021,NEW,True,MDM,2021-02-21 00:00:00,2026-04-17 15:58:35.953809
8cc470ff-caa4-4153-a4f8-1e3ed5f1580a,CUST-2021-UK-000577,Robin,Evans,Robin Evans,Male,1996-02-29,robin.evans258@gmx.com,01314960275,3 Anne locks,Bethanybury,Davisbury,HD8H 3NX,UK,United Kingdom,EMEA,English,Consumer,Gold,2021-10-25,2021,NEW,True,MDM,2021-10-25 00:00:00,2026-04-17 15:58:35.953918
e944ad12-b528-45f6-a586-f0924db6fa23,CUST-2021-UK-000578,Brian,Taylor,Brian Taylor,Male,2007-11-11,brian.taylor254@msn.com,+44(0)1174960900,"Studio 71
Amanda skyway",Neilshire,Davidsonburgh,M2B 1GX,UK,United Kingdom,EMEA,English,Consumer,None,2021-04-23,2021,NEW,True,MDM,2021-04-23 00:00:00,2026-04-17 15:58:35.954022
5061e52d-1b6a-4845-9c0c-4854ee6ed9ba,CUST-2021-UK-000579,Donald,McCarthy,Donald McCarthy,Male,1994-07-16,donald.mccarthy961@zoho.com,01214960810,8 Timothy park,South Leslieborough,Jillborough,SK7 7DD,UK,United Kingdom,EMEA,English,Consumer,None,2021-11-12,2021,NEW,True,MDM,2021-11-12 00:00:00,2026-04-17 15:58:35.954106
bb3c6b2a-5b33-44bc-bd76-df724ed4b385,CUST-2021-UK-000580,Georgia,Jones,Georgia Jones,Female,1978-07-31,georgia.jones940@msn.com,(0191)4960342,"Flat 1
Charles wells",Woodwardfurt,Maxfurt,SY5B 1AP,UK,United Kingdom,EMEA,English,Business,Silver,2021-12-02,2021,NEW,True,MDM,2021-12-02 00:00:00,2026-04-17 15:58:35.954209
011fc540-d427-4e71-acf2-10d5a38e732d,CUST-2021-UK-000581,Ellie,Smith,Ellie Smith,Male,2007-01-13,ellie.smith420@gmail.com,+44(0)151 4960518,5 Damien well,Burrowsland,North Elliottfurt,B2 1AP,UK,United Kingdom,EMEA,English,Consumer,None,2021-06-09,2021,NEW,True,MDM,2021-06-09 00:00:00,2026-04-17 15:58:35.954314
f1938f2d-1b50-416b-b102-d8509600c7b6,CUST-2021-UK-000582,Clifford,Brooks,Clifford Brooks,Male,1972-01-31,clifford.brooks@live.com,(0909)8790038,9 Frances inlet,West Grace,Charleshaven,ML04 9BL,UK,United Kingdom,EMEA,English,Consumer,None,2021-12-22,2021,NEW,True,MDM,2021-12-22 00:00:00,2026-04-17 15:58:35.954393
13e79f19-37dc-4de8-80b4-5bd081293a4a,CUST-2021-UK-000583,Nigel,Leach,Nigel Leach,Male,1952-04-05,nigel.leach@gmail.com,0131 496 0549,"Studio 98O
Norman expressway",New Oliverport,New Simon,DT9W 0XW,UK,United Kingdom,EMEA,English,Consumer,None,2021-07-19,2021,NEW,True,MDM,2021-07-19 00:00:00,2026-04-17 15:58:35.954478
4f24d215-e7f7-4c00-aa1c-000c19b21d60,CUST-2021-UK-000584,Brenda,Moore,Brenda Moore,Male,1959-12-29,brenda.moore@aol.com,+441184960852,84 Danielle oval,West Derekmouth,Elizabethview,S81 3RN,UK,United Kingdom,EMEA,English,Education,Silver,2021-11-26,2021,NEW,True,MDM,2021-11-26 00:00:00,2026-04-17 15:58:35.954560
9243e26b-dfd1-4285-9ae2-1897838057e2,CUST-2021-UK-000585,Bernard,Jones,Bernard Jones,Male,1984-06-26,bernard.jones@gmx.com,+44(0)113 4960314,27 Curtis divide,West Sophietown,Mooreview,B66 7QP,UK,United Kingdom,EMEA,English,Consumer,Silver,2021-10-22,2021,NEW,False,MDM,2021-10-22 00:00:00,2026-04-17 15:58:35.954691
2940f88c-db22-4024-b61c-64a74eb42621,CUST-2021-UK-000586,Duncan,Crawford,Duncan Crawford,Male,1982-12-11,duncan.crawford@hotmail.com,0909 879 0412,60 Christopher turnpike,Samanthamouth,Thorntonchester,DH6R 0ED,UK,United Kingdom,EMEA,English,Consumer,Platinum,2021-06-07,2021,NEW,True,MDM,2021-06-07 00:00:00,2026-04-17 15:58:35.954807
86003c1a-d11d-44ca-8fba-7424dc28c535,CUST-2021-UK-000587,Ashleigh,Foster,Ashleigh Foster,Female,1952-06-09,ashleigh.foster@aol.com,+44(0)28 9018934,"Flat 1
Thomas trail",Port Claire,North Garethport,S5K 6WQ,UK,United Kingdom,EMEA,English,Consumer,Silver,2021-09-18,2021,NEW,True,MDM,2021-09-18 00:00:00,2026-04-17 15:58:35.954914
7c52838c-45a3-4926-8ed5-b3a620f82c04,CUST-2021-UK-000588,Carl,Patel,Carl Patel,Female,1994-08-02,carl.patel@live.com,+44(0)117 496 0426,7 Williamson row,West Denisville,West Marionstad,PA5Y 9RJ,UK,United Kingdom,EMEA,English,Consumer,Gold,2021-11-07,2021,NEW,True,MDM,2021-11-07 00:00:00,2026-04-17 15:58:35.955023
047b2a6d-e3d7-407e-9e98-7b2444cf1e74,CUST-2021-UK-000589,Dominic,Scott,Dominic Scott,Male,1990-12-09,dominic.scott514@zoho.com,+44117 496 0087,82 Bennett landing,Rachaelfort,Lake Martinmouth,B2C 2RY,UK,United Kingdom,EMEA,English,Business,None,2021-02-18,2021,NEW,True,MDM,2021-02-18 00:00:00,2026-04-17 15:58:35.955129
aaf9cb4c-1937-4d80-b9d6-c805c966bca1,CUST-2021-UK-000590,George,Burton,George Burton,Male,1968-01-08,george.burton@yahoo.com,(0131) 4960594,47 Shannon valleys,South Glenburgh,Lake Janice,B29 5SQ,UK,United Kingdom,EMEA,English,Consumer,Silver,2021-04-24,2021,NEW,True,MDM,2021-04-24 00:00:00,2026-04-17 15:58:35.955215
ac24f009-f24d-4b2a-8117-c1e73e1d081f,CUST-2021-UK-000591,Carol,Spencer,Carol Spencer,Female,2003-04-03,carol.spencer@aol.com,+44113 496 0103,63 Abdul path,East Andrewberg,East Benfort,OL3R 8NG,UK,United Kingdom,EMEA,English,Consumer,None,2021-01-16,2021,NEW,True,MDM,2021-01-16 00:00:00,2026-04-17 15:58:35.955301
0698eea7-92a4-4de3-8209-e620e39beb20,CUST-2021-UK-000592,Toby,Walters,Toby Walters,Female,2000-05-27,toby.walters@protonmail.com,+44(0)9098790125,8 Laura square,East Abigail,Conormouth,G5W 8NA,UK,United Kingdom,EMEA,English,Consumer,None,2021-07-25,2021,NEW,True,MDM,2021-07-25 00:00:00,2026-04-17 15:58:35.955384
9405635c-3970-47e2-8d5f-0e1e9021cf02,CUST-2021-UK-000593,Amy,Smith,Amy Smith,Male,1976-12-22,amy.smith381@hotmail.com,+44(0)115 496 0358,"Flat 03
Victoria pines",North Danielle,Dawnland,LA8E 6FP,UK,United Kingdom,EMEA,English,Consumer,None,2021-04-10,2021,NEW,True,MDM,2021-04-10 00:00:00,2026-04-17 15:58:35.955468
51179a02-17da-4642-8f65-11555922d3e3,CUST-2021-UK-000594,Abigail,Dale,Abigail Dale,Male,1966-07-18,abigail.dale@protonmail.com,+441174960378,"Flat 5
Blackburn cove",Leonardtown,Hartleyburgh,NR60 6FF,UK,United Kingdom,EMEA,English,Consumer,Silver,2021-09-10,2021,NEW,True,MDM,2021-09-10 00:00:00,2026-04-17 15:58:35.955597
5ab547e3-3ba8-4c58-973f-05c388f1d2d2,CUST-2021-UK-000595,Hilary,Holland,Hilary Holland,Female,1992-07-27,hilary.holland@msn.com,+44(0)1144960976,"Flat 1
Rogers route",New Leslie,South Rosiefurt,W81 6EX,UK,United Kingdom,EMEA,English,Business,Gold,2021-02-18,2021,NEW,True,MDM,2021-02-18 00:00:00,2026-04-17 15:58:35.955707
7102d8c0-e1cd-4c5e-b4f5-fcf8815ebc8e,CUST-2021-UK-000596,Leonard,Collins,Leonard Collins,Male,1968-04-01,leonard.collins@yahoo.com,(029) 2018 0168,"Studio 88n
Teresa springs",New Bethan,Traceyside,S2 0JN,UK,United Kingdom,EMEA,English,Consumer,None,2021-04-01,2021,NEW,False,MDM,2021-04-01 00:00:00,2026-04-17 15:58:35.955795
4bcebc40-cd32-457e-a983-0579aa3b1cd5,CUST-2021-UK-000597,Sally,Marsden,Sally Marsden,Male,1966-02-09,sally.marsden@gmx.com,0909 879 0622,777 Riley crescent,Moranburgh,Stewartshire,S1 1FR,UK,United Kingdom,EMEA,English,Consumer,None,2021-02-05,2021,NEW,True,MDM,2021-02-05 00:00:00,2026-04-17 15:58:35.955948
f460a3fa-3644-45fe-b0b6-3186d63f0362,CUST-2021-UK-000598,Amanda,Heath,Amanda Heath,Male,1959-05-20,amanda.heath@yahoo.com,0141 496 0471,2 Brett rapids,North Malcolmton,Osborneview,JE4B 0BR,UK,United Kingdom,EMEA,English,Consumer,None,2021-02-08,2021,NEW,True,MDM,2021-02-08 00:00:00,2026-04-17 15:58:35.956055
43bee7fe-6a38-4e75-86f1-e41017355d37,CUST-2021-UK-000599,Timothy,Phillips,Timothy Phillips,Female,1998-08-25,timothy.phillips@aol.com,+44(0)113 496 0643,"Flat 55W
Fitzgerald course",South Samuelstad,South Iainview,G2 1AN,UK,United Kingdom,EMEA,English,Consumer,Platinum,2021-03-12,2021,NEW,True,MDM,2021-03-12 00:00:00,2026-04-17 15:58:35.956186
b8dccbff-5cd4-4cde-bb1b-a52307972a36,CUST-2021-UK-000600,Leah,Marshall,Leah Marshall,Male,1990-12-20,leah.marshall@outlook.com,(0114) 496 0448,187 Eleanor land,Shannonville,New Lorrainemouth,N9 5ST,UK,United Kingdom,EMEA,English,Consumer,None,2021-12-01,2021,NEW,True,MDM,2021-12-01 00:00:00,2026-04-17 15:58:35.956271
86ac979d-2393-4832-99d4-c6cdceafedf8,CUST-2021-UK-000601,Jessica,Smith,Jessica Smith,Male,1974-04-03,jessica.smith@icloud.com,01154960426,"Studio 86
Luke knoll",Sheilatown,Port Garethstad,TA52 1BF,UK,United Kingdom,EMEA,English,Consumer,Platinum,2021-09-15,2021,NEW,True,MDM,2021-09-15 00:00:00,2026-04-17 15:58:35.956363
22b5ea3e-adab-4952-b79b-a3ab747294c9,CUST-2021-UK-000602,Dale,Lucas,Dale Lucas,Female,1994-03-12,dale.lucas5@msn.com,0116 4960034,"Flat 22R
Hicks park",West Junetown,North Johnmouth,W1 7LH,UK,United Kingdom,EMEA,English,Business,None,2021-08-21,2021,NEW,True,MDM,2021-08-21 00:00:00,2026-04-17 15:58:35.956473
32ebb541-5118-4a6b-86b2-038266ab3db7,CUST-2021-UK-000603,Elliot,Craig,Elliot Craig,Male,1994-12-24,elliot.craig@live.com,+44121 496 0631,8 Pamela expressway,East Abdul,Lake Joseph,M5W 7RA,UK,United Kingdom,EMEA,English,Consumer,Silver,2021-01-05,2021,NEW,True,MDM,2021-01-05 00:00:00,2026-04-17 15:58:35.956558
281e3659-346c-4578-a2bc-7166d4c4ace9,CUST-2021-UK-000604,Joan,Cook,Joan Cook,Female,1989-01-18,joan.cook781@zoho.com,+44116 4960129,26 Emily parkways,Gloverfurt,Lake Adamborough,BL1N 9UD,UK,United Kingdom,EMEA,English,Business,None,2021-10-22,2021,NEW,True,MDM,2021-10-22 00:00:00,2026-04-17 15:58:35.956671
540e11e7-833c-44d4-b89a-fb1c10a26ecb,CUST-2021-UK-000605,Anna,Rowe,Anna Rowe,Female,1969-05-16,anna.rowe615@gmail.com,+44306 999 0733,"Studio 5
Carol square",Helenfort,Williamsshire,G9 5ET,UK,United Kingdom,EMEA,English,Consumer,None,2021-04-11,2021,NEW,True,MDM,2021-04-11 00:00:00,2026-04-17 15:58:35.956781
ba8147e7-74a0-4413-9522-76780de50fac,CUST-2021-UK-000606,Luke,Smith,Luke Smith,Male,1991-05-17,luke.smith@mail.com,0909 879 0718,"Studio 9
Middleton mission",Lake Gareth,Francescafort,M61 7TL,UK,United Kingdom,EMEA,English,Consumer,Platinum,2021-07-15,2021,NEW,True,MDM,2021-07-15 00:00:00,2026-04-17 15:58:35.956891
1deec932-7296-4ee2-b82a-375fe348f80c,CUST-2021-UK-000607,Alan,Burke,Alan Burke,Male,1988-11-25,alan.burke@yahoo.com,+44(0)131 496 0383,"Flat 9
Glen tunnel",East Jacquelinetown,Port Owenborough,LL99 5WJ,UK,United Kingdom,EMEA,English,Education,Gold,2021-11-29,2021,NEW,True,MDM,2021-11-29 00:00:00,2026-04-17 15:58:35.956978
60480fc1-713a-467b-b05a-a31bf60dfae1,CUST-2021-UK-000608,Samantha,Smith,Samantha Smith,Male,1964-10-15,samantha.smith@gmx.com,+44808 157 0689,0 Samantha glens,Lake Marcushaven,South Brianfort,LN89 0RZ,UK,United Kingdom,EMEA,English,Consumer,Silver,2021-02-06,2021,NEW,True,MDM,2021-02-06 00:00:00,2026-04-17 15:58:35.957065
d7dc6af6-1a42-4e44-bc47-72425395d22c,CUST-2021-UK-000609,Darren,Wilkins,Darren Wilkins,Male,1960-07-24,darren.wilkins@gmx.com,(01632) 960 185,048 Powell knolls,North Ben,Lawrenceville,ME3Y 0NZ,UK,United Kingdom,EMEA,English,Consumer,None,2021-11-04,2021,NEW,True,MDM,2021-11-04 00:00:00,2026-04-17 15:58:35.957197
895c0414-32c4-43b3-8adc-10a56000d35e,CUST-2021-UK-000610,Elliot,Chapman,Elliot Chapman,Female,1994-12-13,elliot.chapman@protonmail.com,+44117 496 0035,"Studio 13O
Edward garden",Traceyburgh,West Graemeview,BR2R 0WS,UK,United Kingdom,EMEA,English,Consumer,None,2021-04-27,2021,NEW,True,MDM,2021-04-27 00:00:00,2026-04-17 15:58:35.957289
5619bf7f-45d3-4462-b249-5c7497f001c0,CUST-2021-UK-000611,Ryan,Howarth,Ryan Howarth,Male,1987-01-04,ryan.howarth@yahoo.com,0306 999 0720,1 Lauren pass,New Ashley,West Shaun,LS03 1DN,UK,United Kingdom,EMEA,English,Consumer,None,2021-07-14,2021,NEW,True,MDM,2021-07-14 00:00:00,2026-04-17 15:58:35.957373
70f37419-e5a1-449b-aea9-4062186d5a8b,CUST-2021-UK-000612,Jennifer,Holmes,Jennifer Holmes,Male,2006-08-08,jennifer.holmes647@msn.com,+44141 496 0717,10 Anne fall,West Alanhaven,South Hannahmouth,N08 7YB,UK,United Kingdom,EMEA,English,Consumer,None,2021-02-18,2021,NEW,True,MDM,2021-02-18 00:00:00,2026-04-17 15:58:35.957465
94ad2b48-47db-47a4-a8a9-ef6d7dca159a,CUST-2021-UK-000613,Dawn,Sinclair,Dawn Sinclair,Female,1969-06-05,dawn.sinclair@gmx.com,+44(0)121 496 0024,"Flat 1
Anthony village",East Cherylberg,Staceybury,W7T 8UE,UK,United Kingdom,EMEA,English,Consumer,Silver,2021-06-29,2021,NEW,True,MDM,2021-06-29 00:00:00,2026-04-17 15:58:35.957553
e2c4d1d4-0291-4a95-85fc-79f4f0f39b1b,CUST-2021-UK-000614,Alison,Elliott,Alison Elliott,Female,2005-05-10,alison.elliott@yahoo.com,(0141)4960677,"Studio 8
Hargreaves lakes",South Naomi,Lake Maurice,G53 7WB,UK,United Kingdom,EMEA,English,Consumer,Silver,2021-08-04,2021,NEW,True,MDM,2021-08-04 00:00:00,2026-04-17 15:58:35.957665
a4ab0787-496d-42ac-80f7-38aa054e74a3,CUST-2021-UK-000615,Lucy,O'Neill,Lucy O'Neill,Female,1964-11-04,lucy.o'neill861@live.com,(029) 2018122,813 Taylor vista,Guyville,East Mohamed,M07 8QT,UK,United Kingdom,EMEA,English,Consumer,Gold,2021-07-15,2021,NEW,True,MDM,2021-07-15 00:00:00,2026-04-17 15:58:35.957774
7bf7a19e-1a4b-451c-b1b1-288ab93e4138,CUST-2021-UK-000616,Georgia,Chapman,Georgia Chapman,Male,1965-09-24,georgia.chapman455@msn.com,+44(0)151 496 0590,5 Swift springs,South Dylanmouth,Finchtown,GL29 2SJ,UK,United Kingdom,EMEA,English,Consumer,None,2021-06-18,2021,NEW,True,MDM,2021-06-18 00:00:00,2026-04-17 15:58:35.957906
1f0641ca-3f97-463a-9c9c-9ba28b7ccd91,CUST-2021-UK-000617,Sylvia,Morgan,Sylvia Morgan,Male,1952-10-08,sylvia.morgan644@mail.com,(0909) 8790907,"Studio 26L
Peter spring",Schofieldburgh,West Samuel,GL3H 2AU,UK,United Kingdom,EMEA,English,Business,None,2021-09-20,2021,NEW,True,MDM,2021-09-20 00:00:00,2026-04-17 15:58:35.958074
a672c213-baf1-4ffc-a3d4-17a9dcc4df65,CUST-2021-UK-000618,Jayne,Riley,Jayne Riley,Male,1973-12-24,jayne.riley411@mail.com,0909 879 0582,"Studio 05
Scott run",Lake Jacqueline,West Marc,B44 8WS,UK,United Kingdom,EMEA,English,Consumer,None,2021-10-09,2021,NEW,True,MDM,2021-10-09 00:00:00,2026-04-17 15:58:35.958184
0155ee84-0881-4fda-a0f8-a1455d2871fe,CUST-2021-UK-000619,Victoria,Powell,Victoria Powell,Male,1978-07-17,victoria.powell@gmail.com,+441164960645,257 Hall road,North Marilynland,Gillshire,OL6X 3RT,UK,United Kingdom,EMEA,English,Consumer,Gold,2021-10-02,2021,NEW,True,MDM,2021-10-02 00:00:00,2026-04-17 15:58:35.958321
568fc8da-b51e-4e7a-a1a4-2eede16cc3b6,CUST-2021-UK-000620,Iain,Thomas,Iain Thomas,Male,1983-03-16,iain.thomas@protonmail.com,+441164960477,"Flat 72h
John islands",Vincentmouth,East Yvonnehaven,E77 7XJ,UK,United Kingdom,EMEA,English,Education,Silver,2021-09-15,2021,NEW,True,MDM,2021-09-15 00:00:00,2026-04-17 15:58:35.958408
007c47e8-3a31-4c29-bbdf-2f8477548004,CUST-2021-UK-000621,Jack,Austin,Jack Austin,Male,1953-08-22,jack.austin@mail.com,+44116 4960198,"Flat 68L
Kenneth mills",East Megan,East Robinton,E3 5NB,UK,United Kingdom,EMEA,English,Consumer,None,2021-01-20,2021,NEW,False,MDM,2021-01-20 00:00:00,2026-04-17 15:58:35.958491
3ba6493f-efd7-485d-aae7-6243ff993cbe,CUST-2021-UK-000622,Nigel,Allen,Nigel Allen,Male,1987-01-08,nigel.allen907@mail.com,+44(0)115 4960543,067 Davies villages,Sheilaville,Katieville,N64 2JW,UK,United Kingdom,EMEA,English,Business,None,2021-03-30,2021,NEW,True,MDM,2021-03-30 00:00:00,2026-04-17 15:58:35.958604
c23d5383-c24d-420d-9e84-0df685f424ab,CUST-2021-UK-000623,Declan,Hayes,Declan Hayes,Female,1989-06-16,declan.hayes@msn.com,+44(0)1314960502,8 Irene causeway,Perkinstown,Waynemouth,IG2 2XW,UK,United Kingdom,EMEA,English,Consumer,None,2021-12-19,2021,NEW,True,MDM,2021-12-19 00:00:00,2026-04-17 15:58:35.958712
30e382a8-c407-4d8a-9d12-73ed45e3e8e2,CUST-2021-UK-000624,Joseph,Conway,Joseph Conway,Female,2006-01-09,joseph.conway@aol.com,(0121) 4960900,"Studio 27S
Jade valley",North Kim,Hallburgh,BS8 4QF,UK,United Kingdom,EMEA,English,Consumer,None,2021-05-29,2021,NEW,True,MDM,2021-05-29 00:00:00,2026-04-17 15:58:35.958861
be9c3da8-a446-4991-bf1f-30cefd8b971f,CUST-2021-UK-000625,Ricky,Hodgson,Ricky Hodgson,Male,1970-05-18,ricky.hodgson@msn.com,+442074960284,416 Irene forest,Lake Kevin,East Jenna,L96 3AD,UK,United Kingdom,EMEA,English,Consumer,None,2021-07-27,2021,NEW,True,MDM,2021-07-27 00:00:00,2026-04-17 15:58:35.958944
f140bb65-a6c8-4a0a-8e7a-0033d9f8872d,CUST-2021-UK-000626,Jennifer,Clark,Jennifer Clark,Female,1988-03-22,jennifer.clark@gmail.com,01632 960 317,"Studio 40
Bethany meadow",New Kevinchester,East Wayneview,M4 9PE,UK,United Kingdom,EMEA,English,Consumer,None,2021-02-05,2021,NEW,True,MDM,2021-02-05 00:00:00,2026-04-17 15:58:35.959030
af5732fa-4bd8-4c58-9b92-e5e3b802ac29,CUST-2021-UK-000627,Rachel,Bond,Rachel Bond,Male,1972-12-28,rachel.bond@icloud.com,+44(0)117 496 0232,"Flat 5
Peter island",Alanmouth,Barnestown,TN4 4XR,UK,United Kingdom,EMEA,English,Consumer,None,2021-11-09,2021,NEW,True,MDM,2021-11-09 00:00:00,2026-04-17 15:58:35.959134
6ff43720-2a53-4146-8560-0659d793253d,CUST-2021-UK-000628,Derek,Morris,Derek Morris,Male,1985-10-15,derek.morris96@outlook.com,+44151 4960653,"Studio 6
Skinner summit",West Malcolmburgh,Claireside,SG4 6RY,UK,United Kingdom,EMEA,English,Consumer,Silver,2021-04-21,2021,NEW,False,MDM,2021-04-21 00:00:00,2026-04-17 15:58:35.959242
a3af2be5-7e13-4e2b-a6e7-097aad818295,CUST-2021-UK-000629,Debra,Hill,Debra Hill,Female,1976-02-22,debra.hill@msn.com,0131 496 0948,"Flat 69
Moss flats",Bartonmouth,Watsonport,G02 2UR,UK,United Kingdom,EMEA,English,Consumer,None,2021-08-13,2021,NEW,True,MDM,2021-08-13 00:00:00,2026-04-17 15:58:35.959394
3487d52a-b382-45d8-948f-514849a50cf6,CUST-2021-UK-000630,Thomas,Wallis,Thomas Wallis,Female,1965-05-26,thomas.wallis642@zoho.com,01632 960 951,307 Olivia radial,Juliechester,Lloydhaven,S8 2AD,UK,United Kingdom,EMEA,English,Business,Silver,2021-07-30,2021,NEW,True,MDM,2021-07-30 00:00:00,2026-04-17 15:58:35.959499
ac1791ed-0ba6-4024-a12d-912d2bfcfc0a,CUST-2021-UK-000631,Charles,Watson,Charles Watson,Male,1994-05-17,charles.watson@hotmail.com,+44(0)113 496 0836,91 Williams unions,Rowemouth,Danielchester,HD4 6AS,UK,United Kingdom,EMEA,English,Consumer,Silver,2021-06-06,2021,NEW,True,MDM,2021-06-06 00:00:00,2026-04-17 15:58:35.959625
d8733cd1-6664-4d27-8a4c-4be4fa73bbfe,CUST-2021-UK-000632,Clare,Thomas,Clare Thomas,Male,1966-03-19,clare.thomas@gmx.com,(020)74960402,"Studio 62
Jill tunnel",Meganstad,Hollyshire,L6K 1GB,UK,United Kingdom,EMEA,English,Consumer,None,2021-12-15,2021,NEW,True,MDM,2021-12-15 00:00:00,2026-04-17 15:58:35.959708
2c021886-dee9-4c8e-a800-35e9a1e9e626,CUST-2021-UK-000633,Peter,Walker,Peter Walker,Male,1987-01-17,peter.walker835@gmx.com,(0121) 4960351,"Studio 00U
Samantha row",Smithhaven,Jonathanport,L08 7PA,UK,United Kingdom,EMEA,English,Consumer,None,2021-12-29,2021,NEW,True,MDM,2021-12-29 00:00:00,2026-04-17 15:58:35.959818
ad2989b8-fc73-4a5c-aedd-6543b9c25fc8,CUST-2021-UK-000634,Jamie,Knight,Jamie Knight,Female,1978-02-03,jamie.knight@yahoo.com,+441632960065,61 Lee club,Lake Suzanneville,West Wendy,M8 1AN,UK,United Kingdom,EMEA,English,Consumer,Silver,2021-06-10,2021,NEW,True,MDM,2021-06-10 00:00:00,2026-04-17 15:58:35.959934
5569ab7f-a321-4634-b4bf-30251374e92f,CUST-2021-UK-000635,Victoria,Cook,Victoria Cook,Female,1988-12-10,victoria.cook@zoho.com,0131 4960970,"Flat 64I
Brown forge",Dawnstad,Alexanderfurt,S85 5LY,UK,United Kingdom,EMEA,English,Consumer,Gold,2021-08-27,2021,NEW,True,MDM,2021-08-27 00:00:00,2026-04-17 15:58:35.960041
578db994-7040-4009-8b25-25fc92024eb8,CUST-2021-UK-000636,Ian,Short,Ian Short,Female,1967-02-21,ian.short@hotmail.com,+44(0)141 4960704,9 Brown ports,East Russelltown,Marshport,W3F 6QX,UK,United Kingdom,EMEA,English,Consumer,Silver,2021-01-06,2021,NEW,True,MDM,2021-01-06 00:00:00,2026-04-17 15:58:35.960170
fa437acd-2ee8-44c9-9102-6b20fa6d4949,CUST-2021-UK-000637,Gary,Johnson,Gary Johnson,Male,1994-02-27,gary.johnson937@zoho.com,(029) 2018738,"Flat 5
Cox run",Joshuaborough,Bennettborough,L3J 9HU,UK,United Kingdom,EMEA,English,Consumer,None,2021-03-05,2021,NEW,True,MDM,2021-03-05 00:00:00,2026-04-17 15:58:35.960296
4235dc53-a2bb-4e14-83c2-6cc22277bd0f,CUST-2021-UK-000638,Abdul,Parsons,Abdul Parsons,Male,1981-08-16,abdul.parsons@hotmail.com,(0114)4960988,2 Joshua orchard,Bethanfurt,Carrfurt,EX2 9TL,UK,United Kingdom,EMEA,English,Consumer,None,2021-11-26,2021,NEW,True,MDM,2021-11-26 00:00:00,2026-04-17 15:58:35.960397
400891f1-8a4e-4680-9440-8c6f14cca068,CUST-2021-UK-000639,Charles,Davies,Charles Davies,Male,1959-12-29,charles.davies@outlook.com,+44(0)1214960134,9 Johnson plains,Jaynehaven,Daviesfort,SL4 9EU,UK,United Kingdom,EMEA,English,Education,Silver,2021-09-04,2021,NEW,True,MDM,2021-09-04 00:00:00,2026-04-17 15:58:35.960521
9760b252-68be-4a4f-bd79-62a9b4adbd10,CUST-2021-UK-000640,Christopher,Rice,Christopher Rice,Female,1993-06-16,christopher.rice@yahoo.com,+44(0)114 496 0510,"Studio 87c
Pauline passage",South Kieran,Hendersonmouth,E2 1YH,UK,United Kingdom,EMEA,English,Consumer,None,2021-05-06,2021,NEW,True,MDM,2021-05-06 00:00:00,2026-04-17 15:58:35.960625
e2c3e3fe-5cb4-4cd5-96fc-233c225be590,CUST-2021-UK-000641,Kimberley,Haynes,Kimberley Haynes,Male,1968-09-27,kimberley.haynes@zoho.com,+44808 1570074,"Studio 81
Sally fields",South Natashaborough,New Neil,G4 2DY,UK,United Kingdom,EMEA,English,Consumer,Silver,2021-12-03,2021,NEW,True,MDM,2021-12-03 00:00:00,2026-04-17 15:58:35.960706
4319baec-a4c2-434f-9792-8bfb586f06a8,CUST-2021-UK-000642,Gareth,Byrne,Gareth Byrne,Female,1969-08-10,gareth.byrne@gmail.com,0115 4960390,159 Dennis mill,Lake Billyton,North Joycetown,WN0 4YY,UK,United Kingdom,EMEA,English,Consumer,None,2021-07-05,2021,NEW,True,MDM,2021-07-05 00:00:00,2026-04-17 15:58:35.960792
002a96e3-157f-47ac-8487-135bdb8f6087,CUST-2021-UK-000643,Valerie,Matthews,Valerie Matthews,Female,2001-08-11,valerie.matthews@outlook.com,+44(0)121 4960178,5 Carl cliff,Turnerside,Eileenmouth,S67 2ZR,UK,United Kingdom,EMEA,English,Education,None,2021-04-27,2021,NEW,True,MDM,2021-04-27 00:00:00,2026-04-17 15:58:35.960926
7ec6bc23-e03d-4705-a7e3-5bf6b02e5ea3,CUST-2021-UK-000644,Ronald,Ahmed,Ronald Ahmed,Female,2000-05-15,ronald.ahmed427@yahoo.com,0121 4960980,6 Jonathan parks,South Rebecca,Nichollsstad,G78 9TN,UK,United Kingdom,EMEA,English,Consumer,Gold,2021-12-07,2021,NEW,True,MDM,2021-12-07 00:00:00,2026-04-17 15:58:35.961030
a974923a-5bf3-40e8-b1e6-fe2fb07b5781,CUST-2021-UK-000645,Frederick,Parkinson,Frederick Parkinson,Female,2004-12-27,frederick.parkinson@mail.com,(0115) 496 0076,538 Henderson wall,Port Lawrenceport,Aliton,TR3B 1RT,UK,United Kingdom,EMEA,English,Consumer,None,2021-11-05,2021,NEW,True,MDM,2021-11-05 00:00:00,2026-04-17 15:58:35.961160
a144577c-24f8-4bc7-a2ec-00ae9c1b3e9e,CUST-2021-UK-000646,Jade,Cook,Jade Cook,Female,1967-09-26,jade.cook94@aol.com,0131 496 0579,8 Jean turnpike,Hughesfurt,Nicolastad,FK1 1UN,UK,United Kingdom,EMEA,English,Consumer,Silver,2021-11-08,2021,NEW,True,MDM,2021-11-08 00:00:00,2026-04-17 15:58:35.961263
b3bd5e3f-aa63-42d5-8240-6a8fa5b5f524,CUST-2021-UK-000647,Barry,Jarvis,Barry Jarvis,Male,1985-05-14,barry.jarvis@outlook.com,(0141) 4960955,"Studio 70c
Annette lock",New Ashleyfort,East Melaniemouth,KW20 8WT,UK,United Kingdom,EMEA,English,Consumer,Silver,2021-10-15,2021,NEW,True,MDM,2021-10-15 00:00:00,2026-04-17 15:58:35.961351
12f86539-3b70-40f8-985a-02ae3e754986,CUST-2021-UK-000648,Trevor,Hill,Trevor Hill,Male,1976-01-19,trevor.hill@msn.com,+44(0)20 74960779,"Flat 8
Hart ferry",New Callum,Woodshaven,B11 6HZ,UK,United Kingdom,EMEA,English,Consumer,None,2021-06-22,2021,NEW,True,MDM,2021-06-22 00:00:00,2026-04-17 15:58:35.961477
f0143a5b-a798-4441-98ff-3eace12280a7,CUST-2021-UK-000649,Antony,Cooper,Antony Cooper,Female,1960-03-11,antony.cooper@gmx.com,0121 496 0987,980 Brown rue,North David,South Fionaland,W4H 4RX,UK,United Kingdom,EMEA,English,Consumer,Gold,2021-04-15,2021,NEW,True,MDM,2021-04-15 00:00:00,2026-04-17 15:58:35.961583
669fd9dc-0e4d-4ce1-8bf7-3c0ad7cb9614,CUST-2021-UK-000650,Katherine,Bradshaw,Katherine Bradshaw,Male,1959-09-05,katherine.bradshaw@mail.com,+44(0)131 496 0411,9 Sheila village,Port Annatown,Robinsonport,ME2 9AW,UK,United Kingdom,EMEA,English,Consumer,None,2021-11-05,2021,NEW,True,MDM,2021-11-05 00:00:00,2026-04-17 15:58:35.961685
16bcb3f8-b131-4adc-bd35-24d353692a9f,CUST-2021-UK-000651,Dale,Thomson,Dale Thomson,Male,1980-04-19,dale.thomson673@live.com,0161 4960301,81 Aimee fords,Clarkechester,Aaronmouth,CW97 2AZ,UK,United Kingdom,EMEA,English,Consumer,Gold,2021-11-08,2021,NEW,False,MDM,2021-11-08 00:00:00,2026-04-17 15:58:35.961788
6b526415-e67a-4ac7-a7e4-46c9b535839d,CUST-2021-UK-000652,Lee,Cameron,Lee Cameron,Female,1991-02-18,lee.cameron35@mail.com,+44151 4960103,"Studio 5
Mitchell port",Wilsonfort,Lake Stanleystad,EH2 5SA,UK,United Kingdom,EMEA,English,Business,Silver,2021-08-22,2021,NEW,True,MDM,2021-08-22 00:00:00,2026-04-17 15:58:35.961891
98f6354a-9f46-4e61-9279-1592e1ee3e49,CUST-2021-UK-000653,Teresa,Brown,Teresa Brown,Male,1975-09-30,teresa.brown@zoho.com,+44114 4960638,57 Reeves drives,New Albert,Kyleberg,L8H 2FL,UK,United Kingdom,EMEA,English,Consumer,Gold,2021-06-24,2021,NEW,False,MDM,2021-06-24 00:00:00,2026-04-17 15:58:35.961994
d87cb1fe-c3b9-4d78-b391-d9d3a697e26a,CUST-2021-UK-000654,Jacqueline,Brown,Jacqueline Brown,Male,1994-07-06,jacqueline.brown@outlook.com,0161 4960327,69 Brooks mission,Williamsmouth,Daviesfurt,NN95 7BP,UK,United Kingdom,EMEA,English,Consumer,None,2021-02-24,2021,NEW,True,MDM,2021-02-24 00:00:00,2026-04-17 15:58:35.962141
84a72a74-aed8-48b3-bbf8-4757e8931537,CUST-2021-UK-000655,Natalie,Richardson,Natalie Richardson,Female,2001-12-14,natalie.richardson896@aol.com,+44(0)9098790044,"Flat 9
Baker radial",Dylanfurt,East Tracy,M98 8AT,UK,United Kingdom,EMEA,English,Consumer,None,2021-01-18,2021,NEW,True,MDM,2021-01-18 00:00:00,2026-04-17 15:58:35.962247
739a0c44-b25a-4007-91f6-1437ce1d07bb,CUST-2021-UK-000656,Denis,Law,Denis Law,Male,1960-06-01,denis.law@hotmail.com,+44(0)1214960937,226 Donna isle,New Kennethton,Lake Deanfurt,B45 0BP,UK,United Kingdom,EMEA,English,Consumer,Silver,2021-06-05,2021,NEW,True,MDM,2021-06-05 00:00:00,2026-04-17 15:58:35.962331
5d8f9493-7115-4de6-a46e-6948b59323fe,CUST-2021-UK-000657,Harry,Murray,Harry Murray,Female,1954-01-08,harry.murray@gmx.com,028 9018 0039,"Studio 28Y
Davison vista",Geraldineberg,Jamesborough,S89 4AN,UK,United Kingdom,EMEA,English,Business,None,2021-11-01,2021,NEW,True,MDM,2021-11-01 00:00:00,2026-04-17 15:58:35.962435
fe48c3fb-46d5-450b-9a60-7e0a574c77eb,CUST-2021-UK-000658,Billy,Booth,Billy Booth,Female,1979-12-09,billy.booth@protonmail.com,+44(0)1214960156,9 Murphy park,Colefort,Bethanshire,RG2 3SN,UK,United Kingdom,EMEA,English,Consumer,Silver,2021-04-03,2021,NEW,True,MDM,2021-04-03 00:00:00,2026-04-17 15:58:35.962560
f1113eed-d937-41df-a15d-0e994fd1016b,CUST-2021-UK-000659,James,Jones,James Jones,Female,1957-06-05,james.jones@outlook.com,(020) 74960609,281 Raymond bridge,Pearcefurt,Whitestad,B04 0GG,UK,United Kingdom,EMEA,English,Consumer,Platinum,2021-07-05,2021,NEW,True,MDM,2021-07-05 00:00:00,2026-04-17 15:58:35.962684
3f6c40a7-487d-4968-96a5-bee563b02a1e,CUST-2021-UK-000660,Gavin,Shepherd,Gavin Shepherd,Female,1983-05-18,gavin.shepherd@protonmail.com,+44141 496 0345,25 Kate squares,South Angelastad,Mariatown,N2 2BW,UK,United Kingdom,EMEA,English,Consumer,Silver,2021-10-12,2021,NEW,True,MDM,2021-10-12 00:00:00,2026-04-17 15:58:35.962765
94235cab-605e-43fe-9530-25d96c59cba9,CUST-2021-UK-000661,Harry,George,Harry George,Female,1950-08-17,harry.george475@gmx.com,+44151 496 0764,82 Armstrong trail,North Marion,South Robert,M76 3NG,UK,United Kingdom,EMEA,English,Consumer,None,2021-03-10,2021,NEW,True,MDM,2021-03-10 00:00:00,2026-04-17 15:58:35.962867
675c0745-aef5-4e9b-a82b-d0a2e91cd09d,CUST-2021-UK-000662,Georgia,Thomas,Georgia Thomas,Female,1984-06-16,georgia.thomas@gmx.com,(0141) 4960686,"Flat 17
Lynn springs",West Danielleberg,South Ann,MK64 9PD,UK,United Kingdom,EMEA,English,Consumer,Gold,2021-02-09,2021,NEW,True,MDM,2021-02-09 00:00:00,2026-04-17 15:58:35.962948
94f7405c-e8a6-4858-a0ee-c56b150fb8a4,CUST-2021-UK-000663,Paige,Spencer,Paige Spencer,Female,1997-10-06,paige.spencer@hotmail.com,(0113) 4960662,"Studio 7
Jade ports",Lake Marcus,West Lee,PO4N 8ES,UK,United Kingdom,EMEA,English,Consumer,Gold,2021-07-26,2021,NEW,True,MDM,2021-07-26 00:00:00,2026-04-17 15:58:35.963028
84567c62-6ecb-452d-aaa9-c6890184dac4,CUST-2021-UK-000664,Jennifer,Parker,Jennifer Parker,Female,1967-05-24,jennifer.parker@outlook.com,+44(0)1414960116,"Studio 51G
Max shoal",Christophermouth,Williamsmouth,B1T 1PX,UK,United Kingdom,EMEA,English,Consumer,None,2021-01-31,2021,NEW,True,MDM,2021-01-31 00:00:00,2026-04-17 15:58:35.963133
aa9b859c-0fca-47d2-baed-be729cd2be13,CUST-2021-UK-000665,Jack,Hale,Jack Hale,Female,1963-05-15,jack.hale734@gmail.com,(0117) 4960859,63 Brian mission,Kayleightown,Grahammouth,LN3 0ST,UK,United Kingdom,EMEA,English,Education,Silver,2021-11-02,2021,NEW,True,MDM,2021-11-02 00:00:00,2026-04-17 15:58:35.963239
3da46f9c-607d-49f7-9f15-b7c70f77e6b2,CUST-2021-UK-000666,Lauren,Bryant,Lauren Bryant,Male,2002-07-27,lauren.bryant@gmail.com,+44(0)808 157 0314,"Flat 27
Lowe trail",Rosieburgh,Leehaven,N71 7LE,UK,United Kingdom,EMEA,English,Business,Silver,2021-04-16,2021,NEW,True,MDM,2021-04-16 00:00:00,2026-04-17 15:58:35.963370
549a821f-d2de-4734-af92-7fdd008c6022,CUST-2021-UK-000667,Liam,Hunt,Liam Hunt,Male,2006-03-16,liam.hunt@live.com,08081570501,"Flat 62P
Green meadow",Fosterside,Wilsonshire,M56 1SD,UK,United Kingdom,EMEA,English,Consumer,None,2021-05-08,2021,NEW,True,MDM,2021-05-08 00:00:00,2026-04-17 15:58:35.963523
457b4e9d-954a-4d24-9fc3-65f599431ae6,CUST-2021-UK-000668,Dale,West,Dale West,Male,1970-03-20,dale.west182@gmail.com,01514960024,4 Donald walks,Amandamouth,South Geraldinetown,BH7N 8JY,UK,United Kingdom,EMEA,English,Consumer,Silver,2021-04-28,2021,NEW,True,MDM,2021-04-28 00:00:00,2026-04-17 15:58:35.963612
2c3e606c-f228-4111-a35e-9efc2f2690f9,CUST-2021-UK-000669,Melissa,Stevens,Melissa Stevens,Male,1965-08-04,melissa.stevens@aol.com,(0808) 1570495,"Flat 47
Keith key",Lake Amybury,New Franceston,M4 2EE,UK,United Kingdom,EMEA,English,Consumer,None,2021-10-25,2021,NEW,True,MDM,2021-10-25 00:00:00,2026-04-17 15:58:35.963699
f50c60a3-5355-428b-8d5e-d9aaebb70085,CUST-2021-UK-000670,Gregory,James,Gregory James,Male,1977-09-26,gregory.james@gmail.com,+44113 4960895,"Flat 2
Mohammad locks",New Jasmineshire,Guyborough,CR31 1AG,UK,United Kingdom,EMEA,English,Consumer,Silver,2021-02-04,2021,NEW,False,MDM,2021-02-04 00:00:00,2026-04-17 15:58:35.963780
2e93ea5a-4b85-4b2f-82dd-7acac0973996,CUST-2021-UK-000671,Susan,Jones,Susan Jones,Male,1979-09-26,susan.jones@icloud.com,0151 496 0691,"Studio 88
Clark estate",Tinaberg,New Amanda,B9K 9ZB,UK,United Kingdom,EMEA,English,Consumer,Platinum,2021-12-03,2021,NEW,True,MDM,2021-12-03 00:00:00,2026-04-17 15:58:35.963888
40d43c32-470b-4623-98d2-84a6776e35f2,CUST-2021-UK-000672,George,Martin,George Martin,Female,1977-04-04,george.martin@gmx.com,+44115 496 0752,"Studio 75
Roberts flat",Francesville,Louiseborough,M19 6UJ,UK,United Kingdom,EMEA,English,Consumer,None,2021-03-17,2021,NEW,True,MDM,2021-03-17 00:00:00,2026-04-17 15:58:35.963993
f8ddc440-4292-4708-beb3-e82f0252460f,CUST-2021-UK-000673,Adam,Walker,Adam Walker,Male,1966-04-17,adam.walker@yahoo.com,+44(0)116 496 0225,"Studio 70
Steven track",North Albertview,North Mohammed,PA15 5SF,UK,United Kingdom,EMEA,English,Consumer,None,2021-03-07,2021,NEW,True,MDM,2021-03-07 00:00:00,2026-04-17 15:58:35.964075
f49c99df-f272-4c51-a26b-2b3b545b890f,CUST-2021-UK-000674,Duncan,Ford,Duncan Ford,Female,1969-02-14,duncan.ford545@msn.com,+44(0)115 496 0049,"Studio 2
Williams road",Jeanton,Nigelburgh,SE2 1TY,UK,United Kingdom,EMEA,English,Consumer,Platinum,2021-07-25,2021,NEW,True,MDM,2021-07-25 00:00:00,2026-04-17 15:58:35.964182
b5d97d0d-4444-4476-ba68-4c0f9f2ae8e3,CUST-2021-UK-000675,Kayleigh,West,Kayleigh West,Male,1975-07-05,kayleigh.west@live.com,(0117)4960630,"Studio 9
Guy station",West Lawrenceville,Brettton,SA7X 4AY,UK,United Kingdom,EMEA,English,Business,None,2021-02-02,2021,NEW,False,MDM,2021-02-02 00:00:00,2026-04-17 15:58:35.964263
548c703a-63b5-44f6-871e-d832b0f6b1b3,CUST-2021-UK-000676,Charlotte,Fraser,Charlotte Fraser,Female,1976-12-10,charlotte.fraser@hotmail.com,+4420 7496 0290,"Studio 94z
Martin pines",Lake Mollyview,New Carlfort,BD40 1HZ,UK,United Kingdom,EMEA,English,Business,None,2021-09-06,2021,NEW,True,MDM,2021-09-06 00:00:00,2026-04-17 15:58:35.964373
480680c5-131b-4fbf-be21-674b50a32ca6,CUST-2021-UK-000677,Kieran,Hutchinson,Kieran Hutchinson,Male,1952-05-03,kieran.hutchinson@gmail.com,(0113)4960111,271 Carol knoll,South Vanessaport,Patelchester,E57 5JH,UK,United Kingdom,EMEA,English,Education,None,2021-03-21,2021,NEW,True,MDM,2021-03-21 00:00:00,2026-04-17 15:58:35.964477
af00c5af-e247-4679-a9ab-b3a6a0bd889c,CUST-2021-UK-000678,Natalie,Richards,Natalie Richards,Female,1979-09-14,natalie.richards@msn.com,01632 960700,265 Russell isle,Mariahaven,Jenningsview,BD0 5HT,UK,United Kingdom,EMEA,English,Consumer,Platinum,2021-01-06,2021,NEW,True,MDM,2021-01-06 00:00:00,2026-04-17 15:58:35.964603
6e9bfd19-493b-4c1b-a9a5-d67f0303d5b0,CUST-2021-UK-000679,Kathleen,Jones,Kathleen Jones,Female,1961-06-30,kathleen.jones576@zoho.com,+44121 4960492,76 Jake hollow,New Leonbury,Richardsonmouth,S3 1SB,UK,United Kingdom,EMEA,English,Consumer,Silver,2021-09-22,2021,NEW,False,MDM,2021-09-22 00:00:00,2026-04-17 15:58:35.964706
bdbc876a-aaa4-4d23-aa27-38a13e31a4a5,CUST-2021-UK-000680,Denis,Cox,Denis Cox,Female,1974-06-28,denis.cox@mail.com,(0161)4960953,"Studio 83
Danny lock",O'Brienmouth,Chloemouth,N1 0AD,UK,United Kingdom,EMEA,English,Consumer,Platinum,2021-10-24,2021,NEW,True,MDM,2021-10-24 00:00:00,2026-04-17 15:58:35.964809
f8ebcb14-8d1c-4370-b102-c2a000308ff6,CUST-2021-UK-000681,Rosemary,Farrell,Rosemary Farrell,Female,1998-11-05,rosemary.farrell@outlook.com,02074960420,4 Eric harbors,Mathewfort,West Carole,N38 0TT,UK,United Kingdom,EMEA,English,Consumer,Silver,2021-08-29,2021,NEW,False,MDM,2021-08-29 00:00:00,2026-04-17 15:58:35.964890
9e4bd234-274f-4f09-aeb2-3dc75fc9e8bc,CUST-2021-UK-000682,Jonathan,Newman,Jonathan Newman,Male,1951-09-27,jonathan.newman@zoho.com,+44(0)1174960152,726 Nelson gardens,West Annehaven,West Olivia,SM6N 2QY,UK,United Kingdom,EMEA,English,Education,None,2021-09-12,2021,NEW,True,MDM,2021-09-12 00:00:00,2026-04-17 15:58:35.965000
837b9a74-4850-461e-b09d-ee525b3e46a5,CUST-2021-UK-000683,Gerard,Hartley,Gerard Hartley,Male,1980-03-26,gerard.hartley@hotmail.com,(0191)4960941,"Studio 39r
Welch river",Andersonberg,Brennanview,E0U 2EG,UK,United Kingdom,EMEA,English,Consumer,None,2021-06-09,2021,NEW,True,MDM,2021-06-09 00:00:00,2026-04-17 15:58:35.965149
c2916767-b0d7-4327-a54b-99c4c79786c3,CUST-2021-UK-000684,Rita,Hughes,Rita Hughes,Female,1988-04-19,rita.hughes292@hotmail.com,(0118) 4960919,"Flat 2
Roberts bridge",West Jayneland,Shaunville,TD90 7RU,UK,United Kingdom,EMEA,English,Consumer,None,2021-10-08,2021,NEW,True,MDM,2021-10-08 00:00:00,2026-04-17 15:58:35.965259
056e4815-af82-4085-a60a-af3e37d5bdaa,CUST-2021-UK-000685,Stewart,Harrison,Stewart Harrison,Female,2002-08-05,stewart.harrison@msn.com,(029) 2018 0581,8 Conway route,Goodwinshire,Robertsonfurt,UB2 0HT,UK,United Kingdom,EMEA,English,Consumer,Gold,2021-09-15,2021,NEW,True,MDM,2021-09-15 00:00:00,2026-04-17 15:58:35.965404
fa912c93-02bc-4256-9f9a-b5d6afc6f5bb,CUST-2021-UK-000686,Aaron,Hewitt,Aaron Hewitt,Male,2003-04-26,aaron.hewitt@outlook.com,+44(0)1914960879,107 Clarke lock,Kayleighville,Port Kayleighton,B51 6RA,UK,United Kingdom,EMEA,English,Consumer,None,2021-12-31,2021,NEW,True,MDM,2021-12-31 00:00:00,2026-04-17 15:58:35.965510
f6506639-3da5-4438-b127-bda48d4d60f8,CUST-2021-UK-000687,Jonathan,Alexander,Jonathan Alexander,Male,1983-03-24,jonathan.alexander942@live.com,+44(0)114 496 0324,"Flat 9
Ian plains",Burgessville,Tinaland,E6J 1SD,UK,United Kingdom,EMEA,English,Business,Gold,2021-01-31,2021,NEW,True,MDM,2021-01-31 00:00:00,2026-04-17 15:58:35.965620
e027b485-e005-4717-bf9f-735f76edc725,CUST-2021-UK-000688,Damien,Porter,Damien Porter,Female,1990-10-29,damien.porter@gmail.com,0909 879 0895,8 Ryan spur,Bryanthaven,South Rita,DA3 7RH,UK,United Kingdom,EMEA,English,Consumer,Gold,2021-08-16,2021,NEW,True,MDM,2021-08-16 00:00:00,2026-04-17 15:58:35.965743
125832f2-152d-41a9-8ced-0d6da29cbd23,CUST-2021-UK-000689,Nigel,Hancock,Nigel Hancock,Female,1966-06-19,nigel.hancock@gmail.com,+44(0)1632960664,"Studio 72
Gardiner road",Leahhaven,West Adam,SW8 4HR,UK,United Kingdom,EMEA,English,Education,None,2021-01-20,2021,NEW,True,MDM,2021-01-20 00:00:00,2026-04-17 15:58:35.965844
0a048e1d-0bb7-44d8-83ae-11ebf08f0287,CUST-2021-UK-000690,Marie,Cunningham,Marie Cunningham,Male,1998-07-24,marie.cunningham@aol.com,+44(0)1144960636,5 Wayne island,Finchbury,East Karenshire,TD5 3AN,UK,United Kingdom,EMEA,English,Consumer,None,2021-10-31,2021,NEW,True,MDM,2021-10-31 00:00:00,2026-04-17 15:58:35.965949
d4ece608-d4d1-454d-b6b0-1fe33ddf0256,CUST-2021-UK-000691,Josephine,Bowen,Josephine Bowen,Female,1975-12-21,josephine.bowen@mail.com,01164960951,"Flat 40w
Roger green",Crossland,East Edwardside,HX8 4AT,UK,United Kingdom,EMEA,English,Consumer,Gold,2021-08-26,2021,NEW,True,MDM,2021-08-26 00:00:00,2026-04-17 15:58:35.966054
23b43a91-7544-4248-926c-048877c1b22c,CUST-2021-UK-000692,John,Cooper,John Cooper,Female,1974-10-20,john.cooper28@gmx.com,(020) 74960807,"Studio 66
Andrews manors",Marieview,North Judithburgh,N3 8RZ,UK,United Kingdom,EMEA,English,Consumer,Platinum,2021-09-05,2021,NEW,False,MDM,2021-09-05 00:00:00,2026-04-17 15:58:35.966157
80ca62e4-4d66-4649-b27b-7f5660ab52c5,CUST-2021-UK-000693,Gillian,Green,Gillian Green,Female,1991-07-31,gillian.green@msn.com,+44(0)20 74960254,652 Joshua springs,North Francescaburgh,South Kathleenmouth,S32 4RS,UK,United Kingdom,EMEA,English,Business,None,2021-10-31,2021,NEW,True,MDM,2021-10-31 00:00:00,2026-04-17 15:58:35.966240
e6cce13b-7880-4d5e-a601-7aec2d0dce40,CUST-2021-UK-000694,Mohammad,McDonald,Mohammad McDonald,Male,1957-12-07,mohammad.mcdonald@outlook.com,(0808)1570057,"Studio 2
Leach ports",East Bruce,Mitchellport,ML65 6NJ,UK,United Kingdom,EMEA,English,Consumer,None,2021-11-08,2021,NEW,True,MDM,2021-11-08 00:00:00,2026-04-17 15:58:35.966345
b7287133-a61b-45f9-9bf4-12d968a1559b,CUST-2021-UK-000695,Holly,Young,Holly Young,Female,1956-10-01,holly.young@aol.com,+44115 496 0115,912 Cooper shoals,Hunterside,South Frankstad,NW61 1GG,UK,United Kingdom,EMEA,English,Education,Gold,2021-10-16,2021,NEW,True,MDM,2021-10-16 00:00:00,2026-04-17 15:58:35.966474
c8141bf4-6ae6-4828-a65d-050a9eff3f90,CUST-2021-UK-000696,Joyce,Holt,Joyce Holt,Female,2000-07-16,joyce.holt75@live.com,+44(0)118 496 0794,9 Tracey walks,New Bryanport,Lewisville,SN5X 8SB,UK,United Kingdom,EMEA,English,Business,None,2021-05-29,2021,NEW,True,MDM,2021-05-29 00:00:00,2026-04-17 15:58:35.966577
d3b1b78b-5eee-4d70-8559-fe61844b15d6,CUST-2021-UK-000697,Ashleigh,Booth,Ashleigh Booth,Female,1951-12-28,ashleigh.booth@outlook.com,+44(0)116 4960660,22 Ross orchard,South Robertton,Lake Graceport,E6 0UJ,UK,United Kingdom,EMEA,English,Consumer,None,2021-12-13,2021,NEW,True,MDM,2021-12-13 00:00:00,2026-04-17 15:58:35.966661
2fed4c8b-1274-46e7-86ec-c10f3b0bb29b,CUST-2021-UK-000698,Vincent,Bond,Vincent Bond,Male,1975-12-11,vincent.bond@yahoo.com,(01632) 960869,"Studio 3
Marie mountains",Lake Hugh,Lake Diana,CF83 1WX,UK,United Kingdom,EMEA,English,Consumer,None,2021-08-15,2021,NEW,True,MDM,2021-08-15 00:00:00,2026-04-17 15:58:35.966743
c8b309ef-e208-4c74-874c-9a385e18ecc1,CUST-2021-UK-000699,David,Wallis,David Wallis,Male,1978-03-29,david.wallis879@protonmail.com,+44161 496 0510,"Flat 61
Smart summit",Lesleyview,Charliechester,B7S 1SL,UK,United Kingdom,EMEA,English,Consumer,Silver,2021-09-23,2021,NEW,True,MDM,2021-09-23 00:00:00,2026-04-17 15:58:35.966846
503f5a2a-5246-440a-8da3-bdece0115fee,CUST-2021-UK-000700,Philip,Barton,Philip Barton,Male,1977-03-06,philip.barton@icloud.com,0131 4960207,"Studio 7
White throughway",Carolton,Elliefurt,KY2H 7LT,UK,United Kingdom,EMEA,English,Consumer,None,2021-12-17,2021,NEW,True,MDM,2021-12-17 00:00:00,2026-04-17 15:58:35.966951
83163a22-0f09-48f4-8c7d-76d279a9e114,CUST-2021-UK-000701,Carole,Howard,Carole Howard,Male,1996-06-06,carole.howard@aol.com,0191 498 0842,"Studio 01s
Clayton pines",West Owenmouth,New Diane,N00 2BT,UK,United Kingdom,EMEA,English,Consumer,Silver,2021-09-03,2021,NEW,True,MDM,2021-09-03 00:00:00,2026-04-17 15:58:35.967060
1dbe9cd3-c12f-446b-ac61-86c8edd7d12a,CUST-2021-UK-000702,Molly,Dixon,Molly Dixon,Male,2008-02-05,molly.dixon@aol.com,08081570664,5 Alice place,Nicholsonburgh,Sarafurt,PA89 4QR,UK,United Kingdom,EMEA,English,Consumer,None,2021-09-07,2021,NEW,True,MDM,2021-09-07 00:00:00,2026-04-17 15:58:35.967162
c12a8921-0c6a-4bba-9233-986b882811e0,CUST-2021-UK-000703,Rosemary,Moore,Rosemary Moore,Male,2007-03-20,rosemary.moore870@yahoo.com,(0113) 496 0845,160 Williams stream,Huntberg,New Janet,W93 9YR,UK,United Kingdom,EMEA,English,Education,Platinum,2021-01-10,2021,NEW,False,MDM,2021-01-10 00:00:00,2026-04-17 15:58:35.967291
a459b495-ba26-42d9-bbe7-f7c76f5aca57,CUST-2021-UK-000704,Adrian,Austin,Adrian Austin,Male,1967-09-20,adrian.austin@icloud.com,020 74960748,"Flat 2
Dyer gateway",Billyhaven,South Francisstad,M8G 4DU,UK,United Kingdom,EMEA,English,Consumer,None,2021-07-07,2021,NEW,True,MDM,2021-07-07 00:00:00,2026-04-17 15:58:35.967394
d5ba602c-677f-499d-b851-930d6f9564b8,CUST-2021-UK-000705,Jamie,Shaw,Jamie Shaw,Female,1981-04-04,jamie.shaw815@icloud.com,(0306)9990122,698 Bruce knolls,Port Amy,Rhysberg,LU64 6PX,UK,United Kingdom,EMEA,English,Business,None,2021-03-12,2021,NEW,True,MDM,2021-03-12 00:00:00,2026-04-17 15:58:35.967500
c113f810-d805-4f9d-a486-477b21603f31,CUST-2021-UK-000706,Ashley,Saunders,Ashley Saunders,Female,1960-03-16,ashley.saunders281@gmail.com,+441632 960 914,61 Joan camp,East Benjaminshire,Williamstown,OX10 6LT,UK,United Kingdom,EMEA,English,Consumer,None,2021-05-20,2021,NEW,True,MDM,2021-05-20 00:00:00,2026-04-17 15:58:35.967603
ac0d69fe-d64c-45b0-95d0-4ffce1328f2e,CUST-2021-UK-000707,Jack,Wall,Jack Wall,Male,1975-05-17,jack.wall437@mail.com,+44161 4960257,"Studio 6
Lee pine",Port Julianland,New Rossbury,E4 3JT,UK,United Kingdom,EMEA,English,Business,Platinum,2021-03-04,2021,NEW,True,MDM,2021-03-04 00:00:00,2026-04-17 15:58:35.967711
025390e2-b56e-4116-a0fe-7f8e213e78d3,CUST-2021-UK-000708,Stanley,Allen,Stanley Allen,Female,2000-05-26,stanley.allen@protonmail.com,(0909) 8790757,08 Stewart road,Natashaton,South Elaine,PL98 4ZF,UK,United Kingdom,EMEA,English,Consumer,None,2021-02-20,2021,NEW,True,MDM,2021-02-20 00:00:00,2026-04-17 15:58:35.967790
065cfd35-d3f6-4638-aa26-aa82a9602a9d,CUST-2021-UK-000709,Kieran,Freeman,Kieran Freeman,Male,1998-01-23,kieran.freeman@hotmail.com,+44(0)115 496 0777,1 Bailey expressway,Port Janice,Thomasview,GL97 4YL,UK,United Kingdom,EMEA,English,Consumer,Silver,2021-02-06,2021,NEW,True,MDM,2021-02-06 00:00:00,2026-04-17 15:58:35.967916
58257d47-64fd-4f4e-a381-9c9cd284d597,CUST-2021-UK-000710,Angela,Davies,Angela Davies,Male,2006-03-14,angela.davies@gmx.com,+443069990701,2 Matthews mission,South Mohammed,New Diana,NN7 3FG,UK,United Kingdom,EMEA,English,Business,None,2021-03-19,2021,NEW,True,MDM,2021-03-19 00:00:00,2026-04-17 15:58:35.968017
5f02b53a-08df-4dc9-9efa-fcbb8ca3dbd9,CUST-2021-UK-000711,Hugh,Fowler,Hugh Fowler,Female,1999-05-05,hugh.fowler753@msn.com,+44(0)1632 960 287,"Studio 5
Kate mills",Deanland,Port Amanda,BS43 6JZ,UK,United Kingdom,EMEA,English,Consumer,Silver,2021-03-23,2021,NEW,True,MDM,2021-03-23 00:00:00,2026-04-17 15:58:35.968122
276cdfe1-cad5-4eee-9ab5-3be0a77fe978,CUST-2021-UK-000712,Norman,Elliott,Norman Elliott,Male,1960-01-30,norman.elliott@yahoo.com,+44121 4960137,2 Barton cliffs,Foxborough,Lindseybury,W0 1NB,UK,United Kingdom,EMEA,English,Consumer,None,2021-03-10,2021,NEW,True,MDM,2021-03-10 00:00:00,2026-04-17 15:58:35.968252
08e3828c-4765-448a-87cc-ae9dbadd2eec,CUST-2021-UK-000713,Rebecca,Jones,Rebecca Jones,Male,1969-12-04,rebecca.jones@protonmail.com,(0909) 879 0510,"Flat 25
Geoffrey center",North Janice,Lake Rosemary,FY9X 2ZG,UK,United Kingdom,EMEA,English,Consumer,Silver,2021-06-10,2021,NEW,True,MDM,2021-06-10 00:00:00,2026-04-17 15:58:35.968337
df9af187-b412-4508-a8f4-54e4e85ca8ce,CUST-2021-UK-000714,Paula,Phillips,Paula Phillips,Female,1997-02-20,paula.phillips637@live.com,(0116)4960915,361 Jamie trace,Godfreyport,West Lewisfurt,DY6 4XL,UK,United Kingdom,EMEA,English,Consumer,None,2021-08-26,2021,NEW,True,MDM,2021-08-26 00:00:00,2026-04-17 15:58:35.968443
da003436-68e8-45a5-8c26-30e5f7131f3e,CUST-2021-UK-000715,Kayleigh,Johnson,Kayleigh Johnson,Male,1955-11-10,kayleigh.johnson@gmail.com,01154960197,0 Faulkner road,New Peterport,West Lynda,W77 8WH,UK,United Kingdom,EMEA,English,Consumer,None,2021-04-24,2021,NEW,True,MDM,2021-04-24 00:00:00,2026-04-17 15:58:35.968549
e2320204-15cb-4509-8f9f-a7d61d709fbd,CUST-2021-UK-000716,Patrick,Fox,Patrick Fox,Female,1961-12-28,patrick.fox131@outlook.com,+44(0)113 496 0452,"Studio 07
Trevor common",Port Alison,Port Brett,WC6 8WN,UK,United Kingdom,EMEA,English,Consumer,None,2021-04-16,2021,NEW,True,MDM,2021-04-16 00:00:00,2026-04-17 15:58:35.968632
01bedd8b-7127-44a2-bdfd-faef428867bd,CUST-2021-UK-000717,Louis,Stephens,Louis Stephens,Male,1955-05-23,louis.stephens@msn.com,0141 4960950,"Flat 12
Davies burg",Damienburgh,Francesview,W0T 1ED,UK,United Kingdom,EMEA,English,Consumer,None,2021-10-03,2021,NEW,True,MDM,2021-10-03 00:00:00,2026-04-17 15:58:35.968736
dfb002c3-6971-4801-8525-c91c4b2f73c8,CUST-2021-UK-000718,Joyce,Hall,Joyce Hall,Male,1994-08-19,joyce.hall@zoho.com,+44(0)161 4960594,"Flat 19n
Angela mills",Port Jennaburgh,Elliemouth,W7C 0SD,UK,United Kingdom,EMEA,English,Consumer,None,2021-07-24,2021,NEW,True,MDM,2021-07-24 00:00:00,2026-04-17 15:58:35.968837
14d392b5-4ce9-4a76-b6ad-7ffea983ea68,CUST-2021-UK-000719,Michael,Bell,Michael Bell,Male,1959-02-05,michael.bell@gmail.com,+44114 4960838,"Flat 3
Robert skyway",East Denise,Port Russellside,E8 9BH,UK,United Kingdom,EMEA,English,Consumer,Silver,2021-03-26,2021,NEW,True,MDM,2021-03-26 00:00:00,2026-04-17 15:58:35.968975
af7ff70c-3184-4b47-86e4-e6e54fe32be5,CUST-2021-UK-000720,Rachael,Howe,Rachael Howe,Male,1976-08-10,rachael.howe@gmx.com,08081570264,772 Ann groves,East Catherinemouth,New Ben,DL1 1ZW,UK,United Kingdom,EMEA,English,Education,None,2021-05-03,2021,NEW,True,MDM,2021-05-03 00:00:00,2026-04-17 15:58:35.969134
b55c98f6-3406-4971-92f7-a7cfe8c39663,CUST-2021-UK-000721,Rosie,Harrison,Rosie Harrison,Female,1988-08-07,rosie.harrison@mail.com,(0151) 496 0011,22 Saunders points,Lake Valeriefurt,Lake Maureenville,G7 2GJ,UK,United Kingdom,EMEA,English,Education,Platinum,2021-11-28,2021,NEW,True,MDM,2021-11-28 00:00:00,2026-04-17 15:58:35.969243
4fc77d52-25ce-44f8-9ebe-afbdff089afc,CUST-2021-UK-000722,Keith,Read,Keith Read,Male,1965-05-13,keith.read@yahoo.com,+44(0)113 496 0860,15 Maureen meadows,Thomasbury,Brandonberg,G59 6ZP,UK,United Kingdom,EMEA,English,Consumer,Platinum,2021-07-13,2021,NEW,True,MDM,2021-07-13 00:00:00,2026-04-17 15:58:35.969348
a764ea08-2400-467f-bb99-c4a7851c0661,CUST-2021-UK-000723,Luke,Berry,Luke Berry,Male,2007-11-19,luke.berry@mail.com,(0113) 4960335,11 Thomas port,Callumland,New Adrian,EC2R 6BW,UK,United Kingdom,EMEA,English,Consumer,None,2021-02-21,2021,NEW,True,MDM,2021-02-21 00:00:00,2026-04-17 15:58:35.969451
991cbd49-b1b7-4f0a-9e1e-66916227c47d,CUST-2021-UK-000724,Darren,Barnes,Darren Barnes,Female,1969-04-26,darren.barnes243@gmx.com,(0118)4960459,"Flat 62
Atkinson loaf",Pottsberg,New Damienfurt,MK2 8BP,UK,United Kingdom,EMEA,English,Consumer,None,2021-06-03,2021,NEW,True,MDM,2021-06-03 00:00:00,2026-04-17 15:58:35.969578
ed832ed2-45dd-4297-8e69-bf62b119dceb,CUST-2021-UK-000725,Gregory,Preston,Gregory Preston,Female,1966-10-26,gregory.preston@yahoo.com,0113 496 0028,"Studio 83
Russell locks",South Jason,Denisechester,CB6Y 5LE,UK,United Kingdom,EMEA,English,Consumer,Gold,2021-08-10,2021,NEW,True,MDM,2021-08-10 00:00:00,2026-04-17 15:58:35.969683
730c2eb2-24dc-4325-85df-8fbaad320aca,CUST-2021-UK-000726,Max,Stewart,Max Stewart,Female,2003-07-12,max.stewart339@zoho.com,+44114 496 0914,40 Davies lakes,Williamschester,Ameliafort,DD9B 7EH,UK,United Kingdom,EMEA,English,Consumer,None,2021-04-10,2021,NEW,True,MDM,2021-04-10 00:00:00,2026-04-17 15:58:35.969810
65c41850-e91f-4790-8233-22d6c05462d3,CUST-2021-UK-000727,Joanne,Parsons,Joanne Parsons,Male,1979-11-11,joanne.parsons@protonmail.com,(0151)4960478,0 Ian views,Spencerside,New Francesland,W29 4GW,UK,United Kingdom,EMEA,English,Consumer,None,2021-10-23,2021,NEW,True,MDM,2021-10-23 00:00:00,2026-04-17 15:58:35.969914
a5d28674-95f8-4905-9ce3-b918b77c926e,CUST-2021-UK-000728,Suzanne,Thompson,Suzanne Thompson,Male,1980-05-29,suzanne.thompson@hotmail.com,(0306) 9990027,14 Kathleen forks,North Nicoleland,West Christineburgh,DA4H 1GW,UK,United Kingdom,EMEA,English,Consumer,Silver,2021-03-28,2021,NEW,True,MDM,2021-03-28 00:00:00,2026-04-17 15:58:35.970002
f52659d0-3d16-4e58-96de-4d32e2cc4ae5,CUST-2021-UK-000729,Marc,Gregory,Marc Gregory,Male,1955-09-30,marc.gregory@live.com,+44(0)1184960949,63 Murphy underpass,East Melissa,Lake Victorville,SN5Y 9EE,UK,United Kingdom,EMEA,English,Consumer,None,2021-06-16,2021,NEW,True,MDM,2021-06-16 00:00:00,2026-04-17 15:58:35.970114
14d5306a-7ee4-4146-b128-0a43dd10111b,CUST-2021-UK-000730,Tracey,Allen,Tracey Allen,Female,1958-06-10,tracey.allen@hotmail.com,(020) 74960626,"Studio 25t
Osborne isle",Lake Geoffrey,McDonaldburgh,B3 5PJ,UK,United Kingdom,EMEA,English,Education,Platinum,2021-10-04,2021,NEW,True,MDM,2021-10-04 00:00:00,2026-04-17 15:58:35.970244
2d7929b6-56ae-4b7a-9aa2-613163ef29c4,CUST-2021-UK-000731,Brett,King,Brett King,Female,1952-12-31,brett.king466@mail.com,+443069990755,46 Jenna glens,Fosterberg,North Elainestad,G1J 0EA,UK,United Kingdom,EMEA,English,Consumer,None,2021-12-03,2021,NEW,True,MDM,2021-12-03 00:00:00,2026-04-17 15:58:35.970353
9643fa2e-410a-468d-9a03-e2385a583cd1,CUST-2021-UK-000732,Tony,Kelly,Tony Kelly,Female,1974-06-27,tony.kelly@icloud.com,0118 4960456,"Flat 27
Adam village",Blackton,Ashleighstad,B72 8SJ,UK,United Kingdom,EMEA,English,Business,None,2021-03-10,2021,NEW,True,MDM,2021-03-10 00:00:00,2026-04-17 15:58:35.970460
a0efb3a1-33fb-4325-b8d0-41da6eff50be,CUST-2021-UK-000733,Ashley,Patel,Ashley Patel,Male,1989-05-31,ashley.patel@gmx.com,(0151) 496 0749,"Flat 9
Michelle turnpike",Port Grahamtown,South Andreaport,L9A 1SZ,UK,United Kingdom,EMEA,English,Education,Gold,2021-10-03,2021,NEW,True,MDM,2021-10-03 00:00:00,2026-04-17 15:58:35.970544
c0c7ec30-929f-4680-888a-73c4a99d0605,CUST-2021-UK-000734,Andrew,Evans,Andrew Evans,Female,2007-05-02,andrew.evans@msn.com,+44(0)114 496 0828,0 Brown ridge,Duncanville,South Valerie,SS4H 2PG,UK,United Kingdom,EMEA,English,Consumer,Gold,2021-10-22,2021,NEW,False,MDM,2021-10-22 00:00:00,2026-04-17 15:58:35.970653
060b95fc-fe7f-4e23-adf2-9647e1be15c0,CUST-2021-UK-000735,Cameron,Long,Cameron Long,Male,1968-12-09,cameron.long465@hotmail.com,028 9018279,7 Hurst plaza,Jamiefort,West Amberville,L6A 9WE,UK,United Kingdom,EMEA,English,Consumer,Gold,2021-12-29,2021,NEW,True,MDM,2021-12-29 00:00:00,2026-04-17 15:58:35.970758
90eae331-0006-4387-863d-76a7ff92c492,CUST-2021-UK-000736,Pauline,Davies,Pauline Davies,Male,1960-01-14,pauline.davies658@gmx.com,+441914960232,"Flat 22l
Helen stream",South Matthewbury,Owenland,N59 3UR,UK,United Kingdom,EMEA,English,Consumer,None,2021-08-25,2021,NEW,False,MDM,2021-08-25 00:00:00,2026-04-17 15:58:35.970843
ba45d3ae-e2b7-46cd-ae85-8bd800932a45,CUST-2021-UK-000737,Mohamed,Quinn,Mohamed Quinn,Male,1959-05-11,mohamed.quinn@live.com,(029) 2018669,"Studio 82
Simpson walks",Port Marcborough,McDonaldton,DE1 6XF,UK,United Kingdom,EMEA,English,Business,Platinum,2021-01-19,2021,NEW,True,MDM,2021-01-19 00:00:00,2026-04-17 15:58:35.970975
8de41faf-9f28-40d9-a6a4-1214ecfcebc4,CUST-2021-UK-000738,Gail,Simpson,Gail Simpson,Female,1995-10-16,gail.simpson77@mail.com,+44121 4960643,6 Diane roads,Patelmouth,West Kayleigh,DE4A 2FG,UK,United Kingdom,EMEA,English,Consumer,Gold,2021-02-17,2021,NEW,True,MDM,2021-02-17 00:00:00,2026-04-17 15:58:35.971077
0f7c8432-e866-4c19-a6c4-7ba593cee936,CUST-2021-UK-000739,Bradley,Graham,Bradley Graham,Male,1989-04-06,bradley.graham@mail.com,+44(0)1914960795,"Flat 2
Lisa hills",Jonesmouth,Gardnerport,B9 8AS,UK,United Kingdom,EMEA,English,Education,Gold,2021-12-18,2021,NEW,True,MDM,2021-12-18 00:00:00,2026-04-17 15:58:35.971203
8cdb7f1f-13b1-491c-af96-de094969988b,CUST-2021-UK-000740,Paige,James,Paige James,Female,1989-10-18,paige.james947@aol.com,0131 4960803,8 Ellie drive,East Josephstad,North Sam,CA2 0LS,UK,United Kingdom,EMEA,English,Consumer,Platinum,2021-07-26,2021,NEW,True,MDM,2021-07-26 00:00:00,2026-04-17 15:58:35.971285
e3afeda0-96be-4ce7-b188-0833596dc86e,CUST-2021-UK-000741,Ashleigh,Dyer,Ashleigh Dyer,Male,1990-01-07,ashleigh.dyer@hotmail.com,(0141) 4960090,916 Knight vista,Jacksonshire,North Ryanton,E02 7DT,UK,United Kingdom,EMEA,English,Consumer,None,2021-09-18,2021,NEW,True,MDM,2021-09-18 00:00:00,2026-04-17 15:58:35.971419
1bdd89f6-f322-4642-97c7-130f49dee00b,CUST-2021-UK-000742,Megan,Fisher,Megan Fisher,Male,1995-06-09,megan.fisher@protonmail.com,+44115 496 0846,"Flat 37
Jake station",South Lindsey,Frostmouth,UB1 8JH,UK,United Kingdom,EMEA,English,Consumer,Platinum,2021-02-23,2021,NEW,True,MDM,2021-02-23 00:00:00,2026-04-17 15:58:35.971524
e8942c77-52a1-4ebe-83b5-14f117b82c40,CUST-2021-UK-000743,Jack,Robinson,Jack Robinson,Male,1955-12-14,jack.robinson@gmail.com,01614960905,778 Diane underpass,South Kayleigh,Baileymouth,M0 3HR,UK,United Kingdom,EMEA,English,Consumer,None,2021-10-30,2021,NEW,True,MDM,2021-10-30 00:00:00,2026-04-17 15:58:35.971625
b194c707-fa73-4a74-8055-bbc02dae722d,CUST-2021-UK-000744,Glenn,Edwards,Glenn Edwards,Female,1976-09-26,glenn.edwards593@gmx.com,01614960883,"Studio 5
Andrew island",East Justin,Lake Oliverview,EC08 3XT,UK,United Kingdom,EMEA,English,Education,None,2021-12-15,2021,NEW,True,MDM,2021-12-15 00:00:00,2026-04-17 15:58:35.971710
71dfd60f-5f55-4e62-880e-9c45bc110e8c,CUST-2021-UK-000745,Kim,Thomas,Kim Thomas,Female,1989-04-29,kim.thomas963@outlook.com,(0191) 4960544,"Flat 55
Diana islands",North Simonfurt,Fosterberg,DE7W 7BP,UK,United Kingdom,EMEA,English,Consumer,None,2021-10-03,2021,NEW,True,MDM,2021-10-03 00:00:00,2026-04-17 15:58:35.971814
bde2e98b-28ee-4432-93eb-3a70bbaeee9b,CUST-2021-UK-000746,Dean,Williams,Dean Williams,Male,1954-09-09,dean.williams@hotmail.com,(0116) 496 0947,"Flat 8
Graeme cape",North Cliveland,Cartwrightview,BN6H 4WN,UK,United Kingdom,EMEA,English,Consumer,Platinum,2021-03-16,2021,NEW,False,MDM,2021-03-16 00:00:00,2026-04-17 15:58:35.971925
2514049f-e52d-40aa-a124-5bb954a72780,CUST-2021-UK-000747,Graeme,Simpson,Graeme Simpson,Male,1987-11-16,graeme.simpson@aol.com,+44(0)9098790582,87 Turner fort,South Carolineshire,East Maureenstad,ME2V 1DE,UK,United Kingdom,EMEA,English,Consumer,None,2021-09-03,2021,NEW,True,MDM,2021-09-03 00:00:00,2026-04-17 15:58:35.972041
ec986f9b-e16d-4be0-b33c-899cf3181e0c,CUST-2021-UK-000748,Douglas,Carroll,Douglas Carroll,Female,1997-11-11,douglas.carroll@mail.com,+44115 496 0357,5 Williams estates,Patriciaburgh,Port Max,G40 5TB,UK,United Kingdom,EMEA,English,Consumer,None,2021-06-22,2021,NEW,True,MDM,2021-06-22 00:00:00,2026-04-17 15:58:35.972143
d253a42e-57d5-436e-8bd1-de91c936dae9,CUST-2021-UK-000749,Albert,Bull,Albert Bull,Male,1964-07-02,albert.bull@mail.com,0117 496 0253,"Studio 09g
Alexander centers",Lake Annette,Susantown,N1 6XY,UK,United Kingdom,EMEA,English,Education,Silver,2021-11-22,2021,NEW,True,MDM,2021-11-22 00:00:00,2026-04-17 15:58:35.972227
787878b3-3f8e-4bda-a0ac-b1b552ca3aed,CUST-2021-UK-000750,Diana,Dean,Diana Dean,Female,1980-03-29,diana.dean@gmx.com,+441514960014,3 Liam ford,Margaretmouth,South Clare,EX7 2NY,UK,United Kingdom,EMEA,English,Consumer,None,2021-08-28,2021,NEW,False,MDM,2021-08-28 00:00:00,2026-04-17 15:58:35.972306
d923a853-f64e-4499-9af1-986d32457b96,CUST-2021-UK-000751,Sylvia,Kelly,Sylvia Kelly,Male,1989-07-05,sylvia.kelly934@msn.com,(0117) 496 0657,7 Howarth place,Joneshaven,Robinsonburgh,E4 7TJ,UK,United Kingdom,EMEA,English,Consumer,Platinum,2021-04-08,2021,NEW,True,MDM,2021-04-08 00:00:00,2026-04-17 15:58:35.972453
e29437ad-72d1-4ffe-9e58-310267a611bc,CUST-2021-UK-000752,Janice,Roberts,Janice Roberts,Female,2008-03-18,janice.roberts947@msn.com,+44(0)9098790499,"Flat 69
Paige plain",Ryanfort,Port Jeffreyfurt,SG7 4RH,UK,United Kingdom,EMEA,English,Consumer,Platinum,2021-03-24,2021,NEW,True,MDM,2021-03-24 00:00:00,2026-04-17 15:58:35.972562
60e3fd8a-642d-47c3-82a0-b7609ad6b6f0,CUST-2021-UK-000753,Brandon,Bray,Brandon Bray,Female,1964-10-26,brandon.bray561@outlook.com,(0121) 496 0794,49 Jacqueline mountains,Port Owenstad,Lake Kathleenhaven,W7 2GA,UK,United Kingdom,EMEA,English,Consumer,None,2021-08-30,2021,NEW,True,MDM,2021-08-30 00:00:00,2026-04-17 15:58:35.972645
34c318d9-95c1-4309-b997-f986542c0bda,CUST-2021-UK-000754,Steven,Stevenson,Steven Stevenson,Male,1965-08-27,steven.stevenson@protonmail.com,(0191) 4960666,"Studio 1
Clare neck",North Suzanne,Sarahton,KA3 6DY,UK,United Kingdom,EMEA,English,Consumer,None,2021-10-22,2021,NEW,True,MDM,2021-10-22 00:00:00,2026-04-17 15:58:35.972725
02bd5ca3-d5bf-4070-b650-dee58203fd7f,CUST-2021-UK-000755,Charlotte,Brennan,Charlotte Brennan,Female,1992-04-27,charlotte.brennan@zoho.com,(0131) 4960643,758 Carl squares,Lake Carolinemouth,Cliffordberg,S2 3FB,UK,United Kingdom,EMEA,English,Business,None,2021-06-29,2021,NEW,True,MDM,2021-06-29 00:00:00,2026-04-17 15:58:35.972809
0bfb40d7-2e91-4191-88c3-6ba17e373504,CUST-2021-UK-000756,Anna,Richardson,Anna Richardson,Female,1971-05-25,anna.richardson@live.com,09098790434,"Studio 2
Murphy hollow",Garyshire,Howardshire,N6 8ZG,UK,United Kingdom,EMEA,English,Education,Platinum,2021-01-16,2021,NEW,True,MDM,2021-01-16 00:00:00,2026-04-17 15:58:35.972909
084cc34a-d8be-443f-9b8f-fb2918f9b5d1,CUST-2021-UK-000757,Adrian,Allen,Adrian Allen,Male,1993-09-06,adrian.allen@zoho.com,(0115)4960133,"Studio 64
Sara islands",New Kathrynville,Greenwoodstad,TW4 4DA,UK,United Kingdom,EMEA,English,Consumer,None,2021-12-26,2021,NEW,True,MDM,2021-12-26 00:00:00,2026-04-17 15:58:35.973013
3bcea048-8e47-4977-b105-b751d73ddfce,CUST-2021-UK-000758,Lindsey,Bradley,Lindsey Bradley,Male,1993-01-17,lindsey.bradley@zoho.com,020 7946 0939,830 Doherty forges,Port Davidstad,Jonestown,L0 8QB,UK,United Kingdom,EMEA,English,Consumer,Platinum,2021-03-23,2021,NEW,True,MDM,2021-03-23 00:00:00,2026-04-17 15:58:35.973138
4caff5e4-e110-4f79-8241-9154b71daad4,CUST-2021-UK-000759,Naomi,Carter,Naomi Carter,Female,1984-08-31,naomi.carter@gmail.com,+44(0)161 4960745,0 Joyce isle,Gileston,West Karl,W6T 8LF,UK,United Kingdom,EMEA,English,Consumer,None,2021-05-11,2021,NEW,True,MDM,2021-05-11 00:00:00,2026-04-17 15:58:35.973239
53688134-833d-4695-b4e3-865f0c58e503,CUST-2021-UK-000760,Philip,Lynch,Philip Lynch,Female,1993-10-03,philip.lynch@zoho.com,01632 960 448,"Studio 97
Webb underpass",Barnestown,Markport,N52 7NU,UK,United Kingdom,EMEA,English,Business,None,2021-06-04,2021,NEW,True,MDM,2021-06-04 00:00:00,2026-04-17 15:58:35.973363
b0bb5182-2376-4e7c-aab0-5360b86b8647,CUST-2021-UK-000761,Sam,Cox,Sam Cox,Female,1989-03-18,sam.cox@icloud.com,01632 960954,"Studio 7
Amy mountain",Lynneshire,Port Louis,M0G 7AG,UK,United Kingdom,EMEA,English,Consumer,Silver,2021-03-15,2021,NEW,True,MDM,2021-03-15 00:00:00,2026-04-17 15:58:35.973443
79ddba17-a6b3-4099-bf1b-b4f0dc0fd177,CUST-2021-UK-000762,Katie,Ward,Katie Ward,Female,1977-10-21,katie.ward@aol.com,+441144960033,"Studio 37
Lynne crest",Adamsview,Edwardsburgh,WR5 4JN,UK,United Kingdom,EMEA,English,Education,Silver,2021-01-25,2021,NEW,True,MDM,2021-01-25 00:00:00,2026-04-17 15:58:35.973566
fbd795b9-d016-4c59-b78b-ba0a8339093e,CUST-2021-UK-000763,Timothy,Wilson,Timothy Wilson,Female,1955-06-25,timothy.wilson@gmail.com,(0306)9990755,0 Gordon estate,Matthewland,Lake Jacqueline,B4 4AF,UK,United Kingdom,EMEA,English,Consumer,None,2021-08-11,2021,NEW,True,MDM,2021-08-11 00:00:00,2026-04-17 15:58:35.973644
a2ef0300-750a-4141-a24c-f5d995a5358e,CUST-2021-UK-000764,Jamie,Carter,Jamie Carter,Female,1987-01-20,jamie.carter577@mail.com,+4420 7496 0092,"Studio 60a
Bird orchard",Patelside,West Thomasfort,LN6M 8XJ,UK,United Kingdom,EMEA,English,Consumer,None,2021-04-15,2021,NEW,True,MDM,2021-04-15 00:00:00,2026-04-17 15:58:35.973772
f6701d63-a644-46b4-a0cb-4cc067f01eb2,CUST-2021-UK-000765,Derek,Robinson,Derek Robinson,Female,1952-03-16,derek.robinson@protonmail.com,(0808) 1570174,"Studio 54
Wendy fields",Jenniferchester,Wilsonside,GY0M 2SY,UK,United Kingdom,EMEA,English,Consumer,Platinum,2021-04-21,2021,NEW,True,MDM,2021-04-21 00:00:00,2026-04-17 15:58:35.973874
6d53c381-e8ce-405b-a6f4-e4838ca7796b,CUST-2021-UK-000766,Alex,McCarthy,Alex McCarthy,Female,1968-02-06,alex.mccarthy183@hotmail.com,+44(0)118 4960522,115 Byrne stravenue,Lake Staceyview,Janefort,WD0 3XJ,UK,United Kingdom,EMEA,English,Consumer,None,2021-02-25,2021,NEW,True,MDM,2021-02-25 00:00:00,2026-04-17 15:58:35.973978
eb64bc6a-5b27-4d26-b8d9-e232eeebe729,CUST-2021-UK-000767,Kayleigh,Jones,Kayleigh Jones,Male,1970-02-28,kayleigh.jones@live.com,+441214960729,65 Roberts union,Lake Thomasmouth,Dianehaven,B11 6GA,UK,United Kingdom,EMEA,English,Education,None,2021-12-16,2021,NEW,True,MDM,2021-12-16 00:00:00,2026-04-17 15:58:35.974082
7e9db4e9-1505-4063-8968-bc5f0cf8f9b7,CUST-2021-UK-000768,Shirley,Barrett,Shirley Barrett,Male,1964-10-29,shirley.barrett@yahoo.com,+44(0)1174960741,5 Mark mount,Port Nicolemouth,West Paige,PA2 7BB,UK,United Kingdom,EMEA,English,Consumer,Silver,2021-02-19,2021,NEW,True,MDM,2021-02-19 00:00:00,2026-04-17 15:58:35.974161
b37d7296-1864-402a-a3ae-1902ced6d2bd,CUST-2021-UK-000769,Kathryn,Coles,Kathryn Coles,Female,1983-12-18,kathryn.coles@mail.com,+442074960568,4 Walton passage,O'Neillfort,Perryville,PA9X 8LF,UK,United Kingdom,EMEA,English,Consumer,Silver,2021-03-15,2021,NEW,True,MDM,2021-03-15 00:00:00,2026-04-17 15:58:35.974307
7f52452b-366c-491c-97b1-a69c1d0e4281,CUST-2021-UK-000770,June,Jones,June Jones,Female,1985-05-26,june.jones@msn.com,(0306)9990110,"Flat 0
Frost station",Hardingberg,New Vanessa,JE3Y 0DZ,UK,United Kingdom,EMEA,English,Consumer,Silver,2021-06-17,2021,NEW,True,MDM,2021-06-17 00:00:00,2026-04-17 15:58:35.974430
f547d118-5603-4c0b-8cac-e250878ca079,CUST-2021-UK-000771,Robert,Fox,Robert Fox,Male,1980-04-15,robert.fox@gmx.com,(0114)4960753,"Flat 02
Webb branch",Naylorfurt,East Fiona,CB1A 2HU,UK,United Kingdom,EMEA,English,Consumer,Gold,2021-02-15,2021,NEW,True,MDM,2021-02-15 00:00:00,2026-04-17 15:58:35.974554
f95aa369-bcea-4a3b-a1cc-5710b7ac94b3,CUST-2021-UK-000772,Justin,Griffiths,Justin Griffiths,Male,1980-02-11,justin.griffiths588@gmail.com,0118 496 0435,"Flat 6
Cook brooks",Reynoldstown,Bethanview,DA7 3NB,UK,United Kingdom,EMEA,English,Education,None,2021-01-13,2021,NEW,True,MDM,2021-01-13 00:00:00,2026-04-17 15:58:35.974677
baf028c4-ee3a-4f36-84fd-ba0bcd91b936,CUST-2021-UK-000773,Dawn,Wells,Dawn Wells,Male,1982-12-28,dawn.wells@aol.com,+441184960838,49 Neil squares,East Albert,Port Jemma,S2U 9EP,UK,United Kingdom,EMEA,English,Business,None,2021-11-09,2021,NEW,True,MDM,2021-11-09 00:00:00,2026-04-17 15:58:35.974758
abd207a8-ce67-494a-acfa-967fa6d03827,CUST-2021-UK-000774,Charlie,Collins,Charlie Collins,Female,2007-01-21,charlie.collins@mail.com,(0114) 4960719,8 Paul parks,Bethtown,East Katy,TQ3 6WX,UK,United Kingdom,EMEA,English,Consumer,None,2021-07-22,2021,NEW,True,MDM,2021-07-22 00:00:00,2026-04-17 15:58:35.974838
811c70ef-48e5-427c-b3bd-97d69090cfe1,CUST-2021-UK-000775,Pamela,Johnson,Pamela Johnson,Male,1988-03-07,pamela.johnson881@mail.com,+441914960307,"Flat 9
Davis tunnel",Hallfurt,East Alice,M42 4GP,UK,United Kingdom,EMEA,English,Consumer,None,2021-04-18,2021,NEW,True,MDM,2021-04-18 00:00:00,2026-04-17 15:58:35.974961
90290ea6-c7f7-42bb-8d14-e06f00452377,CUST-2021-UK-000776,Angela,Vaughan,Angela Vaughan,Male,1957-11-20,angela.vaughan807@zoho.com,(0121) 4960022,"Flat 07Q
Lydia vista",East Timothyside,North Hannahtown,RH2 4AL,UK,United Kingdom,EMEA,English,Consumer,Platinum,2021-12-12,2021,NEW,False,MDM,2021-12-12 00:00:00,2026-04-17 15:58:35.975045
a09f3f8d-b7bd-4ee4-91c7-defc7ab7d550,CUST-2021-UK-000777,Stephanie,Smith,Stephanie Smith,Male,1999-12-11,stephanie.smith764@zoho.com,(0117)4960192,"Flat 53z
Trevor knoll",Taylorshire,South Nicholas,NR7 7LU,UK,United Kingdom,EMEA,English,Business,None,2021-04-13,2021,NEW,True,MDM,2021-04-13 00:00:00,2026-04-17 15:58:35.975148
5f24d3ab-4046-4fa3-b113-209abbec60b5,CUST-2021-UK-000778,Ben,Smith,Ben Smith,Female,1977-09-06,ben.smith@msn.com,+44(0)161 496 0934,"Flat 36
Ruth lake",East Yvonnefort,Rogershire,S4 6AW,UK,United Kingdom,EMEA,English,Consumer,None,2021-12-29,2021,NEW,True,MDM,2021-12-29 00:00:00,2026-04-17 15:58:35.975231
09b2b93e-b548-422a-b8cd-51751026a02e,CUST-2021-UK-000779,Ian,Wood,Ian Wood,Male,1954-10-31,ian.wood372@mail.com,+44121 496 0212,8 Byrne crossing,Parkesborough,Lake Brucehaven,N0 7TN,UK,United Kingdom,EMEA,English,Consumer,Silver,2021-08-03,2021,NEW,True,MDM,2021-08-03 00:00:00,2026-04-17 15:58:35.975363
c85fb27d-c081-49d9-891f-5468e47fb7c3,CUST-2021-UK-000780,Denis,Fuller,Denis Fuller,Female,1951-01-30,denis.fuller606@gmx.com,+44118 4960527,720 Ashley stream,North Abbie,Lake Sallyfurt,W74 6TE,UK,United Kingdom,EMEA,English,Consumer,Silver,2021-08-25,2021,NEW,True,MDM,2021-08-25 00:00:00,2026-04-17 15:58:35.975444
5a540d14-0828-40c1-bb1f-12ccd6391b27,CUST-2021-UK-000781,Abigail,Bird,Abigail Bird,Female,1989-02-02,abigail.bird@icloud.com,+4429 2018404,"Studio 16L
Gordon light",New Rita,Shirleymouth,DY0N 7BX,UK,United Kingdom,EMEA,English,Consumer,Platinum,2021-04-28,2021,NEW,True,MDM,2021-04-28 00:00:00,2026-04-17 15:58:35.975525
8942628b-e65f-4b36-9d25-03067110bd67,CUST-2021-UK-000782,Sarah,Gray,Sarah Gray,Female,1975-01-03,sarah.gray@outlook.com,+44292018413,"Flat 25
Hill corners",New Hazel,South Jay,E0 8QB,UK,United Kingdom,EMEA,English,Consumer,Silver,2021-03-10,2021,NEW,True,MDM,2021-03-10 00:00:00,2026-04-17 15:58:35.975629
12cd41fb-255c-4a40-bcef-2f0c568fa686,CUST-2021-UK-000783,Victor,Knight,Victor Knight,Female,1961-05-14,victor.knight@mail.com,0909 8790997,283 Nicholson green,West Guy,Port Dorothyhaven,E6H 8XJ,UK,United Kingdom,EMEA,English,Consumer,None,2021-01-25,2021,NEW,True,MDM,2021-01-25 00:00:00,2026-04-17 15:58:35.975737
543470a8-3c6a-4737-b720-634a16675da6,CUST-2021-UK-000784,Megan,Moore,Megan Moore,Female,1992-12-26,megan.moore@mail.com,+441184960183,86 Ashleigh ports,Marilyntown,Owenchester,L3 1SQ,UK,United Kingdom,EMEA,English,Consumer,Silver,2021-11-27,2021,NEW,True,MDM,2021-11-27 00:00:00,2026-04-17 15:58:35.975816
bf36ef83-d40c-4b7f-bbe6-123ec19ebe42,CUST-2021-UK-000785,Joseph,Lee,Joseph Lee,Male,1966-02-21,joseph.lee735@protonmail.com,+44(0)2074960705,"Flat 5
Clifford motorway",Butlerhaven,Robertston,M0J 9WY,UK,United Kingdom,EMEA,English,Consumer,Silver,2021-02-19,2021,NEW,True,MDM,2021-02-19 00:00:00,2026-04-17 15:58:35.975940
59d52713-830a-4fdd-9fed-6e573f499d8f,CUST-2021-UK-000786,Tina,Doyle,Tina Doyle,Male,1981-06-27,tina.doyle79@gmail.com,+44(0)808 157 0172,188 Kathleen garden,East Donnaport,New Stephen,SY3R 6WF,UK,United Kingdom,EMEA,English,Consumer,None,2021-05-05,2021,NEW,True,MDM,2021-05-05 00:00:00,2026-04-17 15:58:35.976025
76dc1b29-bb8d-44a0-9307-2d128073a737,CUST-2021-UK-000787,Julie,Clarke,Julie Clarke,Female,1968-12-14,julie.clarke430@outlook.com,0113 4960355,"Studio 84S
Lucy skyway",Lake Tom,South Mathewport,IM6V 5WW,UK,United Kingdom,EMEA,English,Consumer,None,2021-10-09,2021,NEW,True,MDM,2021-10-09 00:00:00,2026-04-17 15:58:35.976114
d88f6813-0422-4d43-a2a0-3c4c608e7a34,CUST-2021-UK-000788,Leslie,Stephens,Leslie Stephens,Female,1955-07-02,leslie.stephens206@outlook.com,0909 879 0691,74 Jennifer pine,Wilkinsonside,Lake Kirsty,G61 5PT,UK,United Kingdom,EMEA,English,Business,Gold,2021-11-03,2021,NEW,True,MDM,2021-11-03 00:00:00,2026-04-17 15:58:35.976222
dbb25bcd-ed6e-4eed-bb0c-6510eaf7130d,CUST-2021-UK-000789,Declan,Frost,Declan Frost,Male,1981-04-25,declan.frost@msn.com,(0151)4960485,32 Wayne bridge,New Glen,Smithport,WN3 1XJ,UK,United Kingdom,EMEA,English,Consumer,None,2021-05-20,2021,NEW,True,MDM,2021-05-20 00:00:00,2026-04-17 15:58:35.976323
08192921-59e9-44b6-9c0e-0f9ae6216a5b,CUST-2021-UK-000790,Christian,Greenwood,Christian Greenwood,Female,1957-03-22,christian.greenwood67@live.com,(0808) 157 0419,8 Hall knolls,South Gregoryfurt,South Brian,G22 0SU,UK,United Kingdom,EMEA,English,Consumer,Gold,2021-07-26,2021,NEW,False,MDM,2021-07-26 00:00:00,2026-04-17 15:58:35.976430
c1333357-0cea-4c4b-ad2f-1dba82ec4eea,CUST-2021-UK-000791,Raymond,Lawrence,Raymond Lawrence,Male,2002-09-21,raymond.lawrence@icloud.com,0306 999 0646,48 Phillips parkway,Port Matthewland,New Sarahton,M8 1GA,UK,United Kingdom,EMEA,English,Consumer,None,2021-03-04,2021,NEW,True,MDM,2021-03-04 00:00:00,2026-04-17 15:58:35.976538
124ac8ab-e3c5-41be-b286-14ac18ebb77e,CUST-2021-UK-000792,Kieran,Walker,Kieran Walker,Female,1986-08-07,kieran.walker@live.com,(0116)4960206,86 Josh village,Gardinerfurt,North Patrickfort,L3 3UT,UK,United Kingdom,EMEA,English,Consumer,Platinum,2021-01-01,2021,NEW,True,MDM,2021-01-01 00:00:00,2026-04-17 15:58:35.976640
0670dd5e-96fb-442b-b9dd-2343b236bbaa,CUST-2021-UK-000793,Wayne,Watts,Wayne Watts,Female,1965-02-27,wayne.watts@gmx.com,+44115 496 0473,"Flat 04v
Gibbs turnpike",Victorborough,McDonaldview,EC9 4ER,UK,United Kingdom,EMEA,English,Consumer,Silver,2021-07-15,2021,NEW,True,MDM,2021-07-15 00:00:00,2026-04-17 15:58:35.976766
cc3b3bcc-6829-4c35-98fb-a8fa1c892050,CUST-2021-UK-000794,Richard,Walker,Richard Walker,Female,1962-11-30,richard.walker551@msn.com,+44191 496 0817,7 Taylor mountains,Mohammedbury,East Beth,NR9 2NS,UK,United Kingdom,EMEA,English,Business,None,2021-05-11,2021,NEW,False,MDM,2021-05-11 00:00:00,2026-04-17 15:58:35.976870
f755f724-acd0-4b0c-bc82-df9143a9c82f,CUST-2021-UK-000795,Charles,Jarvis,Charles Jarvis,Female,2005-07-30,charles.jarvis@protonmail.com,+448081570542,"Flat 35J
Terry shoals",Lake Nicole,South Jennifer,SK8 5BL,UK,United Kingdom,EMEA,English,Consumer,Silver,2021-10-25,2021,NEW,True,MDM,2021-10-25 00:00:00,2026-04-17 15:58:35.976950
b8640b53-1791-4853-815c-02bdeb2a6c7f,CUST-2021-UK-000796,Gregory,Allen,Gregory Allen,Male,1957-10-08,gregory.allen@gmx.com,+44909 8790102,5 Warren springs,Douglasport,South Dominic,RH2A 6FX,UK,United Kingdom,EMEA,English,Consumer,Silver,2021-12-07,2021,NEW,True,MDM,2021-12-07 00:00:00,2026-04-17 15:58:35.977052
8020a2c9-b085-4ce0-8ef6-85b48afcc106,CUST-2021-UK-000797,Marian,Harvey,Marian Harvey,Male,1982-11-24,marian.harvey162@aol.com,+44116 496 0964,"Flat 9
Reece mountain",South Ellie,Port Dean,HP36 9PS,UK,United Kingdom,EMEA,English,Consumer,None,2021-06-10,2021,NEW,True,MDM,2021-06-10 00:00:00,2026-04-17 15:58:35.977131
7d1fbece-c92e-4d29-8d10-040376289d12,CUST-2021-UK-000798,Nicholas,Lynch,Nicholas Lynch,Male,2002-01-02,nicholas.lynch@icloud.com,(029) 2018 0964,"Studio 88Q
Watson green",Smithbury,North Michelle,N7 3ZH,UK,United Kingdom,EMEA,English,Consumer,None,2021-08-27,2021,NEW,False,MDM,2021-08-27 00:00:00,2026-04-17 15:58:35.977256
242864f5-6d8b-4a87-a8e7-4731f1825928,CUST-2021-UK-000799,Andrew,Miller,Andrew Miller,Female,1950-12-14,andrew.miller@yahoo.com,+44(0)1144960861,"Studio 00A
Neil mount",Lake Linda,Cartwrightmouth,LN4 5HL,UK,United Kingdom,EMEA,English,Consumer,None,2021-11-08,2021,NEW,True,MDM,2021-11-08 00:00:00,2026-04-17 15:58:35.977363
