customer_id,customer_number,first_name,last_name,full_name,gender,date_of_birth,email,phone_number,street_address,city,state_province,postal_code,country_code,country_name,region,preferred_language,customer_segment,loyalty_tier,registration_date,acquisition_year,customer_type,is_active,source_system,created_at,updated_at
378589dd-ed8d-456b-8a1e-88ce6a330b13,CUST-2019-IT-000287,Coluccio,Bacosi,Coluccio Bacosi,Male,1965-05-05,coluccio.bacosi892@msn.com,0422485580,"Borgo Rodolfo, 791 Piano 1",Ostiano,Lecce,63083,IT,Italy,EMEA,Italian,Consumer,None,2019-07-20,2019,RETURNING,True,MDM,2019-07-20,2026-04-17 15:58:45.946201
faecb905-37e1-4da5-af9d-6109d3c70b5d,CUST-2019-IT-000164,Liberto,Marenzio,Liberto Marenzio,Female,2003-03-20,liberto.marenzio@yahoo.com,38191174192,"Viale Liliana, 68",Morte,Reggio Emilia,35133,IT,Italy,EMEA,Italian,Education,None,2019-08-06,2019,RETURNING,True,MDM,2019-08-06,2026-04-17 15:58:45.946206
86d4c19a-e46d-4e98-aff2-3dc0954c0688,CUST-2023-IT-000271,Fabio,Tozzi,Fabio Tozzi,Male,1983-07-24,fabio.tozzi@aol.com,035754183,"Canale Gastone, 11",Serrazzone,Sassari,28046,IT,Italy,EMEA,Italian,Education,None,2023-10-03,2023,RETURNING,True,MDM,2023-10-03 00:00:00,2026-04-17 15:58:45.946208
dee5e097-a862-4188-a576-c88c4c088743,CUST-2022-IT-000115,Monica,Frescobaldi,Monica Frescobaldi,Male,1990-02-01,monica.frescobaldi@protonmail.com,+39 371344779,"Canale Roman, 410 Appartamento 7",Tizzana,Brescia,24060,IT,Italy,EMEA,Italian,Consumer,Silver,2022-02-27,2022,RETURNING,True,MDM,2022-02-27 00:00:00,2026-04-17 15:58:45.946210
636e30a1-dce0-4afd-8228-60e2995864fd,CUST-2023-IT-000081,Rosa,Catalano,Rosa Catalano,Female,1953-04-01,rosa.catalano@outlook.com,+39 082451730,"Borgo Martina, 5",Agugliaro,Foggia,20862,IT,Italy,EMEA,Italian,Education,Silver,2023-05-19,2023,RETURNING,True,MDM,2023-05-19 00:00:00,2026-04-17 15:58:45.946212
404fd899-d954-4f7d-bad0-c9ceb3722443,CUST-2019-IT-000305,Fiorino,Travaglia,Fiorino Travaglia,Male,1989-05-19,fiorino.travaglia@zoho.com,+39 03828343854,"Borgo Bellucci, 97 Piano 1",Caivano,Caserta,14026,IT,Italy,EMEA,Italian,Business,None,2019-07-15,2019,RETURNING,True,MDM,2019-07-15,2026-04-17 15:58:45.946214
387a8e92-3561-40b7-94fc-d8c102500b55,CUST-2023-IT-000231,Livia,Cagnotto,Livia Cagnotto,Female,1982-02-24,livia.cagnotto504@yahoo.com,+39 331122806,"Borgo Ceravolo, 84 Piano 9",Piane Di Falerone,Latina,31011,IT,Italy,EMEA,Italian,Business,Platinum,2023-07-25,2023,RETURNING,True,MDM,2023-07-25 00:00:00,2026-04-17 15:58:45.946215
01376152-9e82-4bae-97b6-d927b4588862,CUST-2019-IT-000244,Rodolfo,Benussi,Rodolfo Benussi,Female,1990-04-20,rodolfo.benussi@zoho.com,+39 083573902,"Incrocio Piane, 4 Piano 2",Bosco Di Galliera,Campobasso,15024,IT,Italy,EMEA,Italian,Consumer,Gold,2019-02-05,2019,RETURNING,True,MDM,2019-02-05,2026-04-17 15:58:45.946217
e873c652-fee3-4a44-84ec-cf08b3d519fd,CUST-2023-IT-000225,Valerio,Segrè,Valerio Segrè,Male,1967-10-26,valerio.segr@outlook.com,+39 059962893,"Stretto Fantoni, 8 Piano 7",Portico Di Romagna,Venezia,7046,IT,Italy,EMEA,Italian,Consumer,None,2023-08-29,2023,RETURNING,True,MDM,2023-08-29 00:00:00,2026-04-17 15:58:45.946219
a026f8e0-04ee-44dc-aafa-41b9ae24df11,CUST-2023-IT-000073,Pomponio,Rosiello,Pomponio Rosiello,Male,1973-03-07,pomponio.rosiello@live.com,+39 01566245701,"Rotonda Angelica, 48 Appartamento 30",Baruchella,Rieti,85014,IT,Italy,EMEA,Italian,Consumer,None,2023-04-06,2023,RETURNING,True,MDM,2023-04-06 00:00:00,2026-04-17 15:58:45.946221
cdae4a99-a444-4ef8-833d-4d9ff313a5dd,CUST-2019-IT-000419,Pina,Grimani,Pina Grimani,Male,1985-05-28,pina.grimani643@zoho.com,04442836843,"Strada Pizzetti, 53 Piano 9",Pederobba,Pescara,3043,IT,Italy,EMEA,Italian,Consumer,None,2019-05-11,2019,RETURNING,True,MDM,2019-05-11,2026-04-17 15:58:45.946223
a6b4e430-186b-475c-9e00-ebbf39644fab,CUST-2019-IT-000520,Nedda,Guariento,Nedda Guariento,Male,1965-10-15,nedda.guariento@gmail.com,+39 07833445155,"Contrada Vecellio, 88 Appartamento 4",Stilves,Matera,30021,IT,Italy,EMEA,Italian,Consumer,Platinum,2019-11-29,2019,RETURNING,True,MDM,2019-11-29,2026-04-17 15:58:45.946224
b7f140d7-a9b5-4b03-8160-323314c7b0aa,CUST-2021-IT-000198,Patrizio,Migliaccio,Patrizio Migliaccio,Female,1995-07-28,patrizio.migliaccio@live.com,+39 3512487267,"Incrocio Zeffirelli, 9 Appartamento 31",Pfelders,Udine,66034,IT,Italy,EMEA,Italian,Education,Silver,2021-09-09,2021,RETURNING,True,MDM,2021-09-09 00:00:00,2026-04-17 15:58:45.946226
a3484421-ecf9-448a-b675-ae17be3c67e0,CUST-2019-IT-000071,Roman,Carriera,Roman Carriera,Male,1982-05-01,roman.carriera@outlook.com,+39 38173644955,"Via Tuzzolino, 34 Piano 2",Monticiano,Vercelli,6045,IT,Italy,EMEA,Italian,Education,Platinum,2019-01-22,2019,RETURNING,True,MDM,2019-01-22,2026-04-17 15:58:45.946227
8950b59d-cc35-4bd1-8716-28730e5872bf,CUST-2022-IT-000081,Matilda,Bompiani,Matilda Bompiani,Male,1974-03-07,matilda.bompiani@icloud.com,05352754312,"Incrocio Scandone, 40",Trevozzo,Benevento,22070,IT,Italy,EMEA,Italian,Consumer,Gold,2022-05-22,2022,RETURNING,True,MDM,2022-05-22 00:00:00,2026-04-17 15:58:45.946229
dad6f30a-c016-4ace-a2f7-23b19bf672be,CUST-2022-IT-000063,Paride,Pigafetta,Paride Pigafetta,Female,1966-04-02,paride.pigafetta@icloud.com,+39 07766993074,"Rotonda Sagese, 564",Paradisoni,Forlì-Cesena,97019,IT,Italy,EMEA,Italian,Consumer,Silver,2022-11-24,2022,RETURNING,True,MDM,2022-11-24 00:00:00,2026-04-17 15:58:45.946231
0c17d3d1-c6c4-4992-b7d5-cc1ab2e20ae4,CUST-2021-IT-000120,Alessandra,Trezzini,Alessandra Trezzini,Female,1987-04-19,alessandra.trezzini557@icloud.com,035191139,"Piazza Piermaria, 27",Quiesa,Cuneo,9075,IT,Italy,EMEA,Italian,Consumer,Gold,2021-05-12,2021,RETURNING,True,MDM,2021-05-12 00:00:00,2026-04-17 15:58:45.946232
0f116942-dad1-4d24-9e06-953505b61ee1,CUST-2022-IT-000049,Rosaria,Lettiere,Rosaria Lettiere,Male,1992-03-07,rosaria.lettiere@gmail.com,+39 3632115794,"Via Nina, 63 Piano 8",Bogogno,Rovigo,7020,IT,Italy,EMEA,Italian,Consumer,Gold,2022-03-15,2022,RETURNING,True,MDM,2022-03-15 00:00:00,2026-04-17 15:58:45.946234
1d061e5f-5da3-4450-8f73-e1e96f2dec3e,CUST-2019-IT-000822,Daniele,Venditti,Daniele Venditti,Male,1979-06-21,daniele.venditti@protonmail.com,323729581,"Strada Alessia, 58 Appartamento 9",Stregna,Teramo,36036,IT,Italy,EMEA,Italian,Consumer,None,2019-01-10,2019,RETURNING,True,MDM,2019-01-10,2026-04-17 15:58:45.946236
6fdd4cf6-49ad-45a1-aacd-5f0d6c086e4e,CUST-2019-IT-000684,Renzo,Benedetti,Renzo Benedetti,Female,1986-02-01,renzo.benedetti235@protonmail.com,+39 35167837224,"Vicolo Antonioni, 567 Piano 1",Marina Di Caronia,Lecco,6025,IT,Italy,EMEA,Italian,Consumer,Gold,2019-05-30,2019,RETURNING,True,MDM,2019-05-30,2026-04-17 15:58:45.946237
bc1e6d18-1a2a-417b-af5f-bad5b35c41d8,CUST-2022-IT-000235,Gabriella,Tomasini,Gabriella Tomasini,Female,1977-05-23,gabriella.tomasini722@aol.com,08747938818,"Via Salvi, 80",Fara Gera D'Adda,Enna,38063,IT,Italy,EMEA,Italian,Consumer,None,2022-03-27,2022,RETURNING,True,MDM,2022-03-27 00:00:00,2026-04-17 15:58:45.946239
fe745086-b708-47ae-bcb6-19b526fbaa86,CUST-2021-IT-000141,Arsenio,Fischetti,Arsenio Fischetti,Male,2003-06-19,arsenio.fischetti@hotmail.com,+39 07651213133,"Borgo Sinisi, 820 Piano 6",Corsione,Ancona,17100,IT,Italy,EMEA,Italian,Education,Gold,2021-09-17,2021,RETURNING,True,MDM,2021-09-17 00:00:00,2026-04-17 15:58:45.946240
a88b6d74-fece-4207-a809-7002bfb1663a,CUST-2023-IT-000041,Emilio,Bova,Emilio Bova,Male,2004-11-17,emilio.bova@outlook.com,038276320,"Stretto Lopresti, 38",Binda,Arezzo,50144,IT,Italy,EMEA,Italian,Business,None,2023-09-01,2023,RETURNING,False,MDM,2023-09-01 00:00:00,2026-04-17 15:58:45.946242
73e18ed1-c61e-4fa6-8a20-390fc2c00d5d,CUST-2023-IT-000154,Raffaellino,Mezzetta,Raffaellino Mezzetta,Male,1977-01-17,raffaellino.mezzetta@msn.com,+39 03240513645,"Contrada Gaetano, 567",Biserno,Pordenone,42010,IT,Italy,EMEA,Italian,Business,Gold,2023-06-30,2023,RETURNING,True,MDM,2023-06-30 00:00:00,2026-04-17 15:58:45.946244
a31a01d1-eddd-4e25-ba18-95bac364d277,CUST-2019-IT-000114,Luca,Broschi,Luca Broschi,Female,1955-12-22,luca.broschi@msn.com,0765040106,"Rotonda Tencalla, 4 Appartamento 68",Saturnana,Olbia-Tempio,24044,IT,Italy,EMEA,Italian,Consumer,Silver,2019-12-24,2019,RETURNING,True,MDM,2019-12-24,2026-04-17 15:58:45.946245
88d4d637-a1e8-4168-a9cd-0c9e5598e224,CUST-2021-IT-000056,Biagio,Dulbecco,Biagio Dulbecco,Male,1956-01-25,biagio.dulbecco@hotmail.com,+39 3281584736,"Piazza Cocci, 379",Valle Canzano,Rimini,74123,IT,Italy,EMEA,Italian,Consumer,Gold,2021-07-28,2021,RETURNING,False,MDM,2021-07-28 00:00:00,2026-04-17 15:58:45.946247
ef835156-dab0-4b9f-a3d9-ed79307e4a46,CUST-2022-IT-000168,Antonella,Notarbartolo,Antonella Notarbartolo,Female,2003-07-22,antonella.notarbartolo@gmx.com,34071650192,"Vicolo Tonino, 621",San Lorenzo Di Pizzoli,Padova,40050,IT,Italy,EMEA,Italian,Consumer,None,2022-05-04,2022,RETURNING,True,MDM,2022-05-04 00:00:00,2026-04-17 15:58:45.946248
a6196a93-9e97-4709-9d07-583a96ba0ea2,CUST-2021-IT-000004,Lamberto,Giovine,Lamberto Giovine,Male,1982-08-15,lamberto.giovine@aol.com,337176696,"Incrocio Monteverdi, 511 Piano 2",Gagliano Castelferrato,Vibo Valentia,61045,IT,Italy,EMEA,Italian,Consumer,None,2021-05-11,2021,RETURNING,True,MDM,2021-05-11 00:00:00,2026-04-17 15:58:45.946250
33856074-d6ce-48d6-ac12-b19acdd5efd0,CUST-2019-IT-000317,Niccolò,Zecchini,Niccolò Zecchini,Female,2005-10-07,niccol.zecchini261@hotmail.com,+39 0811087246,"Rotonda Tarantino, 92",Lomnago,Pesaro e Urbino,37046,IT,Italy,EMEA,Italian,Business,None,2019-05-05,2019,RETURNING,True,MDM,2019-05-05,2026-04-17 15:58:45.946252
cfa6df4a-e76e-4447-868b-07b4305cc750,CUST-2021-IT-000106,Giuseppe,Peruzzi,Giuseppe Peruzzi,Female,1968-02-24,giuseppe.peruzzi15@hotmail.com,+39 370130852,"Contrada Petrucelli, 583",Sovicille,Prato,43049,IT,Italy,EMEA,Italian,Consumer,Platinum,2021-01-08,2021,RETURNING,True,MDM,2021-01-08 00:00:00,2026-04-17 15:58:45.946253
2dd39384-121c-4150-b7e5-d6f0dedc4583,CUST-2022-IT-000302,Annetta,Draghi,Annetta Draghi,Female,1964-06-27,annetta.draghi@icloud.com,+39 0109262679,"Canale Baresi, 1 Appartamento 9",Civitella Del Tronto,Trapani,10030,IT,Italy,EMEA,Italian,Consumer,Platinum,2022-09-16,2022,RETURNING,False,MDM,2022-09-16 00:00:00,2026-04-17 15:58:45.946255
299511d6-cf22-4fd2-a3ba-eba5b15ea92a,CUST-2022-IT-000180,Adriano,Montesano,Adriano Montesano,Male,1998-09-13,adriano.montesano@zoho.com,+39 3283173604,"Borgo Ossani, 3 Piano 0",Tiers,Brindisi,19132,IT,Italy,EMEA,Italian,Education,Gold,2022-04-29,2022,RETURNING,True,MDM,2022-04-29 00:00:00,2026-04-17 15:58:45.946256
99dd495d-19a3-4465-880a-2817fda9b8da,CUST-2023-IT-000126,Martina,Raimondi,Martina Raimondi,Female,1985-06-12,martina.raimondi@gmail.com,+39 07840478044,"Incrocio Tonino, 47 Appartamento 8",Quinzano,Pavia,89125,IT,Italy,EMEA,Italian,Consumer,None,2023-11-14,2023,RETURNING,True,MDM,2023-11-14 00:00:00,2026-04-17 15:58:45.946258
75a8299b-218f-430a-b1ab-a95ed7cf0f01,CUST-2020-IT-000138,Aldo,Blasi,Aldo Blasi,Male,1988-05-12,aldo.blasi@hotmail.com,+39 0574936429,"Piazza Bosio, 54 Appartamento 91",Valle Sant'Anastasio,Mantova,36030,IT,Italy,EMEA,Italian,Consumer,Gold,2020-04-08,2020,RETURNING,False,MDM,2020-04-08 00:00:00,2026-04-17 15:58:45.946260
2f28c8ff-da80-4c2c-ad79-a4b19b8b7e41,CUST-2019-IT-000397,Liliana,Parini,Liliana Parini,Female,1962-03-09,liliana.parini@live.com,+39 0883983934,"Borgo Raffaellino, 33 Piano 3",Vigano',Ravenna,33055,IT,Italy,EMEA,Italian,Business,Silver,2019-03-20,2019,RETURNING,True,MDM,2019-03-20,2026-04-17 15:58:45.946261
32342c68-e2dd-4317-b7c2-914b44d3b024,CUST-2022-IT-000216,Tina,Trentini,Tina Trentini,Female,1987-08-01,tina.trentini57@outlook.com,+39 09623466571,"Via Marrone, 7",Colferraio,Vercelli,13020,IT,Italy,EMEA,Italian,Business,Gold,2022-12-04,2022,RETURNING,True,MDM,2022-12-04 00:00:00,2026-04-17 15:58:45.946262
d7f51f57-a4e2-44ed-941a-864b6bdaa14a,CUST-2022-IT-000072,Roman,Vespucci,Roman Vespucci,Female,2003-07-13,roman.vespucci904@live.com,+39 0445335882,"Via Renata, 71",Villa D'Arco,Cremona,22018,IT,Italy,EMEA,Italian,Business,None,2022-02-14,2022,RETURNING,True,MDM,2022-02-14 00:00:00,2026-04-17 15:58:45.946265
e4200779-b591-470c-b56a-a62c949ce190,CUST-2023-IT-000153,Bianca,Filippelli,Bianca Filippelli,Female,1958-07-17,bianca.filippelli89@gmail.com,+39 37113236049,"Viale Antonella, 88 Piano 3",Aringo,Fermo,85013,IT,Italy,EMEA,Italian,Consumer,None,2023-08-25,2023,RETURNING,True,MDM,2023-08-25 00:00:00,2026-04-17 15:58:45.946266
8eae105b-312a-4d20-960d-9258b7e37b41,CUST-2022-IT-000218,Livia,Pontecorvo,Livia Pontecorvo,Female,1972-03-07,livia.pontecorvo@protonmail.com,+39 3836189566,"Vicolo Ranieri, 418",Sant'Oliva Di Pontecorvo,Nuoro,84037,IT,Italy,EMEA,Italian,Consumer,Gold,2022-10-07,2022,RETURNING,True,MDM,2022-10-07 00:00:00,2026-04-17 15:58:45.946268
7e97fdaf-5da4-4266-8315-49e4a20be7ac,CUST-2021-IT-000164,Leopoldo,Valmarana,Leopoldo Valmarana,Female,1988-05-14,leopoldo.valmarana@aol.com,+39 3489008180,"Stretto Alboni, 89 Piano 8",Cicala,Vicenza,6131,IT,Italy,EMEA,Italian,Consumer,None,2021-11-20,2021,RETURNING,True,MDM,2021-11-20 00:00:00,2026-04-17 15:58:45.946270
42c75775-e0c6-4738-978e-8e7078cbc505,CUST-2020-IT-000107,Paulina,Ciampi,Paulina Ciampi,Male,1951-10-30,paulina.ciampi887@live.com,+39 09418625537,"Canale Pisacane, 0 Appartamento 7",Vigone,Pistoia,86046,IT,Italy,EMEA,Italian,Business,Gold,2020-01-07,2020,RETURNING,True,MDM,2020-01-07 00:00:00,2026-04-17 15:58:45.946271
1ec8ae76-66b7-4b5d-bc2d-32f02ac0a9d6,CUST-2020-IT-000075,Amanda,Canetta,Amanda Canetta,Male,1973-05-10,amanda.canetta105@gmx.com,+39 07569004241,"Incrocio Murri, 544 Piano 8",Oggiona Con Santo Stefano,Forlì-Cesena,44042,IT,Italy,EMEA,Italian,Education,None,2020-03-26,2020,RETURNING,True,MDM,2020-03-26 00:00:00,2026-04-17 15:58:45.946273
ed8ba152-5f9f-47e1-bba8-62d6718e2bd1,CUST-2022-IT-000323,Etta,Bianchini,Etta Bianchini,Male,1973-05-30,etta.bianchini@outlook.com,+39 052395995,"Piazza Bosurgi, 79 Appartamento 64",Tubre,Caltanissetta,98067,IT,Italy,EMEA,Italian,Consumer,None,2022-03-06,2022,RETURNING,True,MDM,2022-03-06 00:00:00,2026-04-17 15:58:45.946275
996a0ad0-b432-437f-8684-3ccb7d49c9dc,CUST-2019-IT-000182,Angelina,Aldobrandi,Angelina Aldobrandi,Male,1966-03-16,angelina.aldobrandi@live.com,3345257551,"Via Camanni, 89",Genzano Di Lucania,Pavia,6063,IT,Italy,EMEA,Italian,Business,None,2019-02-20,2019,RETURNING,True,MDM,2019-02-20,2026-04-17 15:58:45.946276
2468682c-1c62-4cd2-9ded-9359dc821914,CUST-2020-IT-000164,Paulina,Ughi,Paulina Ughi,Male,1950-12-04,paulina.ughi@yahoo.com,+39 3493491461,"Piazza Concetta, 14",Santeramo In Colle,Taranto,89125,IT,Italy,EMEA,Italian,Consumer,Silver,2020-07-03,2020,RETURNING,False,MDM,2020-07-03 00:00:00,2026-04-17 15:58:45.946278
d2a26039-1240-4cbd-8584-c5fc82d439a1,CUST-2021-IT-000233,Giuseppe,Fischetti,Giuseppe Fischetti,Male,1981-04-01,giuseppe.fischetti@live.com,+39 0429421955,"Via Ermes, 48",Roccapelago,Bari,3028,IT,Italy,EMEA,Italian,Consumer,None,2021-05-02,2021,RETURNING,True,MDM,2021-05-02 00:00:00,2026-04-17 15:58:45.946279
982621cd-056c-4ba3-aebe-557ca681b2f3,CUST-2023-IT-000136,Beatrice,Pugliese,Beatrice Pugliese,Female,1984-01-29,beatrice.pugliese@protonmail.com,07328239791,"Incrocio Montalcini, 3 Appartamento 11",Colleferro Stazione,Latina,20033,IT,Italy,EMEA,Italian,Consumer,Gold,2023-07-18,2023,RETURNING,True,MDM,2023-07-18 00:00:00,2026-04-17 15:58:45.946281
25618fd5-aa7d-4955-9623-9281564b3c01,CUST-2023-IT-000118,Anita,Offredi,Anita Offredi,Male,1956-01-25,anita.offredi@zoho.com,0823811040,"Canale Belletini, 4 Piano 0",Coldrano,Trento,63858,IT,Italy,EMEA,Italian,Consumer,None,2023-06-26,2023,RETURNING,True,MDM,2023-06-26 00:00:00,2026-04-17 15:58:45.946283
7bd09973-2aa7-4edb-b42b-93acb3a6587d,CUST-2021-IT-000277,Beppe,Franscini,Beppe Franscini,Male,1956-04-08,beppe.franscini@mail.com,+39 0344097688,"Vicolo Nicolò, 71",Vanzaghello,Prato,27044,IT,Italy,EMEA,Italian,Education,None,2021-07-15,2021,RETURNING,True,MDM,2021-07-15 00:00:00,2026-04-17 15:58:45.946284
c500f2bd-1c18-486b-b74c-73592c7222f0,CUST-2022-IT-000136,Cassandra,Tomasetti,Cassandra Tomasetti,Female,1995-03-31,cassandra.tomasetti116@outlook.com,+39 043145671,"Borgo Federica, 1",Gries,Treviso,88842,IT,Italy,EMEA,Italian,Business,None,2022-02-13,2022,RETURNING,True,MDM,2022-02-13 00:00:00,2026-04-17 15:58:45.946286
bdade818-e3cb-4926-b7f3-e0508388a7ba,CUST-2019-IT-000284,Tatiana,Gianetti,Tatiana Gianetti,Male,2000-03-20,tatiana.gianetti@mail.com,+39 37035559432,"Contrada Rocco, 17",Oris,Vercelli,32022,IT,Italy,EMEA,Italian,Business,None,2019-06-19,2019,RETURNING,True,MDM,2019-06-19,2026-04-17 15:58:45.946288
b3608a5f-aab9-4325-903a-51b74738109e,CUST-2019-IT-000863,Ilaria,Papetti,Ilaria Papetti,Female,1994-01-09,ilaria.papetti@zoho.com,3474337682,"Contrada Tonia, 96",Santa Severa,Udine,85033,IT,Italy,EMEA,Italian,Consumer,Silver,2019-07-28,2019,RETURNING,True,MDM,2019-07-28,2026-04-17 15:58:45.946289
5d482b73-308c-4a3b-97c6-8c56f7d7548f,CUST-2021-IT-000107,Enrico,Zito,Enrico Zito,Male,1969-07-21,enrico.zito@yahoo.com,+39 0415045972,"Borgo Gremese, 9",Casabasciana,Rieti,83027,IT,Italy,EMEA,Italian,Education,None,2021-12-19,2021,RETURNING,True,MDM,2021-12-19 00:00:00,2026-04-17 15:58:45.946291
2037c938-2c5a-42df-b656-eae9ea1b704b,CUST-2022-IT-000199,Diana,Procacci,Diana Procacci,Female,1951-11-04,diana.procacci@aol.com,+39 0566660255,"Borgo Dino, 4 Piano 8",Passalacqua,Oristano,36032,IT,Italy,EMEA,Italian,Consumer,None,2022-10-24,2022,RETURNING,True,MDM,2022-10-24 00:00:00,2026-04-17 15:58:45.946293
da97696e-2c52-4547-8a3a-ded0bc8d8302,CUST-2019-IT-000828,Biagio,Mortati,Biagio Mortati,Female,1962-08-02,biagio.mortati@mail.com,088123794,"Canale Pometta, 93 Piano 4",Maschito,Prato,23893,IT,Italy,EMEA,Italian,Consumer,Silver,2019-11-22,2019,RETURNING,True,MDM,2019-11-22,2026-04-17 15:58:45.946294
2e209529-5a87-468e-a94a-99a3fd2bfe2b,CUST-2021-IT-000035,Vittoria,Modugno,Vittoria Modugno,Female,1957-07-05,vittoria.modugno@live.com,377271204,"Borgo Nicolò, 16 Appartamento 7",Fiamenga,Terni,91013,IT,Italy,EMEA,Italian,Education,None,2021-03-04,2021,RETURNING,True,MDM,2021-03-04 00:00:00,2026-04-17 15:58:45.946296
aaaeb2c8-32f0-407c-9939-da8249f1b2d7,CUST-2020-IT-000102,Dario,Avogadro,Dario Avogadro,Female,1973-07-26,dario.avogadro@live.com,+39 07090465174,"Contrada Fabio, 98",Cesano Boscone,Asti,82038,IT,Italy,EMEA,Italian,Consumer,Gold,2020-01-03,2020,RETURNING,False,MDM,2020-01-03 00:00:00,2026-04-17 15:58:45.946297
413dbebf-ec63-4909-bb9f-1e4f20392c41,CUST-2023-IT-000179,Olga,Lombroso,Olga Lombroso,Male,1986-12-23,olga.lombroso@gmail.com,+39 08328610244,"Canale Cesaroni, 5 Appartamento 88",Agello,Monza e della Brianza,21040,IT,Italy,EMEA,Italian,Consumer,None,2023-06-09,2023,RETURNING,True,MDM,2023-06-09 00:00:00,2026-04-17 15:58:45.946300
107d9107-5317-498e-a22d-7be7ef325336,CUST-2019-IT-000293,Cirillo,Anguissola,Cirillo Anguissola,Female,2003-04-12,cirillo.anguissola@hotmail.com,0344220085,"Piazza Cerquiglini, 6 Piano 1",Petrona',Ancona,23815,IT,Italy,EMEA,Italian,Business,None,2019-05-15,2019,RETURNING,True,MDM,2019-05-15,2026-04-17 15:58:45.946302
c4bc41ad-60c9-42cf-b637-432a2e9256e7,CUST-2023-IT-000133,Baccio,Parri,Baccio Parri,Male,1996-10-18,baccio.parri819@aol.com,+39 0922792540,"Stretto Marissa, 283",Trassilico,Chieti,9093,IT,Italy,EMEA,Italian,Business,Platinum,2023-06-01,2023,RETURNING,True,MDM,2023-06-01 00:00:00,2026-04-17 15:58:45.946303
84852ec4-fe98-425e-8036-af7489817421,CUST-2019-IT-000117,Victoria,Angiolello,Victoria Angiolello,Female,1956-05-18,victoria.angiolello301@zoho.com,+39 37551207630,"Strada Aldo, 4 Appartamento 74",Vigasio,Barletta-Andria-Trani,10092,IT,Italy,EMEA,Italian,Consumer,None,2019-12-06,2019,RETURNING,False,MDM,2019-12-06,2026-04-17 15:58:45.946305
4332c71f-ce3e-4df1-b797-4003d45c0c52,CUST-2023-IT-000043,Hugo,Giannone,Hugo Giannone,Male,1981-07-08,hugo.giannone@hotmail.com,+39 3760589282,"Rotonda Bruno, 533",Dagnente,Terni,25089,IT,Italy,EMEA,Italian,Consumer,None,2023-03-03,2023,RETURNING,True,MDM,2023-03-03 00:00:00,2026-04-17 15:58:45.946307
76c78852-7714-4ded-b2fd-6286e78401dd,CUST-2023-IT-000076,Nino,Ferrazzi,Nino Ferrazzi,Female,1977-04-30,nino.ferrazzi@gmail.com,+39 078241982,"Contrada Enrico, 87 Appartamento 7",Nerviano,Caltanissetta,75013,IT,Italy,EMEA,Italian,Consumer,None,2023-01-09,2023,RETURNING,True,MDM,2023-01-09 00:00:00,2026-04-17 15:58:45.946308
c41bb907-0cb0-4225-a2fc-b7c248040574,CUST-2022-IT-000292,Livio,Crespi,Livio Crespi,Male,1972-05-19,livio.crespi@icloud.com,03000275542,"Contrada Agnolo, 638",Ribera,Nuoro,28864,IT,Italy,EMEA,Italian,Consumer,Silver,2022-07-18,2022,RETURNING,True,MDM,2022-07-18 00:00:00,2026-04-17 15:58:45.946310
e8d24a31-68c8-4c55-9f29-612d65cc578d,CUST-2023-IT-000117,Mirco,Mengolo,Mirco Mengolo,Male,1966-12-16,mirco.mengolo@msn.com,+39 32019136785,"Canale Guarino, 32 Piano 5",Binda,Udine,36054,IT,Italy,EMEA,Italian,Consumer,None,2023-09-16,2023,RETURNING,True,MDM,2023-09-16 00:00:00,2026-04-17 15:58:45.946315
69c576fc-a45f-48fb-abb4-2473d53f0a1a,CUST-2023-IT-000094,Mirco,Tafuri,Mirco Tafuri,Female,1976-06-01,mirco.tafuri499@outlook.com,+39 076559296,"Incrocio Zarlino, 4",San Martino Siccomario,Trapani,57125,IT,Italy,EMEA,Italian,Consumer,None,2023-08-27,2023,RETURNING,True,MDM,2023-08-27 00:00:00,2026-04-17 15:58:45.946317
115d7b52-0f7c-434a-96df-73ef2f33fb3c,CUST-2019-IT-000240,Cassandra,Borzomì,Cassandra Borzomì,Male,1959-04-10,cassandra.borzom@gmail.com,0536070738,"Piazza Luca, 55",Sappada,Ogliastra,76011,IT,Italy,EMEA,Italian,Consumer,None,2019-02-26,2019,RETURNING,True,MDM,2019-02-26,2026-04-17 15:58:45.946319
1be50633-cfab-42da-adc4-ac8a7b495625,CUST-2019-IT-000733,Ciro,Bonanno,Ciro Bonanno,Male,2001-10-23,ciro.bonanno@outlook.com,0933654136,"Borgo Rossini, 80",Mason Vicentino,Enna,57124,IT,Italy,EMEA,Italian,Education,Gold,2019-03-25,2019,RETURNING,False,MDM,2019-03-25,2026-04-17 15:58:45.946320
0ecfd0f5-9481-4c18-bfca-c1cb7697b8a1,CUST-2023-IT-000317,Gloria,Celentano,Gloria Celentano,Female,1983-11-11,gloria.celentano@icloud.com,+39 3682469156,"Canale Niggli, 66 Piano 9",Cascinagrossa,Ravenna,80024,IT,Italy,EMEA,Italian,Consumer,None,2023-07-06,2023,RETURNING,False,MDM,2023-07-06 00:00:00,2026-04-17 15:58:45.946322
521f4197-7564-4ce0-bfde-459e6103163e,CUST-2021-IT-000142,Pina,Pertini,Pina Pertini,Male,1973-08-17,pina.pertini694@live.com,07823932265,"Via Staglieno, 79",Castelveccana,Savona,20006,IT,Italy,EMEA,Italian,Business,None,2021-02-22,2021,RETURNING,True,MDM,2021-02-22 00:00:00,2026-04-17 15:58:45.946323
e577c65a-0ebe-4778-bfdd-217aa570573d,CUST-2019-IT-000190,Ottavio,Cutuli,Ottavio Cutuli,Male,1993-10-13,ottavio.cutuli@aol.com,0161362445,"Rotonda Benvenuto, 57 Piano 4",Tigliole,Crotone,43029,IT,Italy,EMEA,Italian,Consumer,None,2019-07-03,2019,RETURNING,True,MDM,2019-07-03,2026-04-17 15:58:45.946325
56c066f0-1ca2-4024-ba0d-2073b85ec7f5,CUST-2023-IT-000161,Gianfranco,Regge,Gianfranco Regge,Female,2003-02-01,gianfranco.regge@mail.com,+39 0922216522,"Rotonda Carolina, 54",In Via Chiavelli,Belluno,30133,IT,Italy,EMEA,Italian,Business,None,2023-11-01,2023,RETURNING,True,MDM,2023-11-01 00:00:00,2026-04-17 15:58:45.946327
141ca34d-f5de-4147-a471-ef1544f14855,CUST-2021-IT-000129,Gabriella,Soranzo,Gabriella Soranzo,Female,1996-07-19,gabriella.soranzo@msn.com,0574155794,"Viale Garobbio, 353 Piano 2",Castelsaraceno,Avellino,63066,IT,Italy,EMEA,Italian,Consumer,None,2021-03-29,2021,RETURNING,True,MDM,2021-03-29 00:00:00,2026-04-17 15:58:45.946332
ca029033-a675-4082-b0dc-c9c8808f38d5,CUST-2021-IT-000171,Griselda,Castellitto,Griselda Castellitto,Female,2000-04-08,griselda.castellitto592@hotmail.com,+39 07758917065,"Borgo Enzio, 629",Dipignano,Perugia,38010,IT,Italy,EMEA,Italian,Consumer,None,2021-01-20,2021,RETURNING,True,MDM,2021-01-20 00:00:00,2026-04-17 15:58:45.946334
d1fdd2cb-3b51-41e5-ba2e-5320df06ebb5,CUST-2021-IT-000140,Romeo,Procacci,Romeo Procacci,Male,1952-07-29,romeo.procacci@yahoo.com,09946474624,"Rotonda Fantoni, 61",Castellar Ponzano,Ragusa,14017,IT,Italy,EMEA,Italian,Consumer,Silver,2021-04-28,2021,RETURNING,True,MDM,2021-04-28 00:00:00,2026-04-17 15:58:45.946336
c12d1b0f-2dcb-426f-b5e8-cf1d0ee3a92f,CUST-2023-IT-000190,Emilio,Valentino,Emilio Valentino,Female,1958-09-03,emilio.valentino@hotmail.com,+39 01855911196,"Canale Francesco, 93 Appartamento 1",Romola,Parma,81044,IT,Italy,EMEA,Italian,Consumer,Gold,2023-07-17,2023,RETURNING,True,MDM,2023-07-17 00:00:00,2026-04-17 15:58:45.946337
9db10b0b-a08c-44b9-bd14-cb37b0a0ba56,CUST-2022-IT-000178,Pierangelo,Viola,Pierangelo Viola,Male,1956-11-26,pierangelo.viola@protonmail.com,+39 077163459,"Borgo Bernardo, 946",Kamma,Bologna,64044,IT,Italy,EMEA,Italian,Consumer,None,2022-09-06,2022,RETURNING,True,MDM,2022-09-06 00:00:00,2026-04-17 15:58:45.946339
a5760d72-53c9-4efb-bc3b-3c423cc0ec19,CUST-2023-IT-000144,Valeria,Veltroni,Valeria Veltroni,Female,1996-11-28,valeria.veltroni164@zoho.com,0587815518,"Canale Graziano, 664 Appartamento 73",Avenale,Cuneo,20041,IT,Italy,EMEA,Italian,Business,None,2023-04-02,2023,RETURNING,True,MDM,2023-04-02 00:00:00,2026-04-17 15:58:45.946341
e3cb5630-9543-407d-bd7e-49d15f5aedef,CUST-2022-IT-000195,Emilio,Sbarbaro,Emilio Sbarbaro,Female,1999-05-12,emilio.sbarbaro@live.com,044441972,"Borgo Faranda, 61 Appartamento 8",Sass Pordoi,Gorizia,30020,IT,Italy,EMEA,Italian,Consumer,None,2022-06-15,2022,RETURNING,True,MDM,2022-06-15 00:00:00,2026-04-17 15:58:45.946343
2143ea27-dfd7-423e-a135-84167d610a17,CUST-2019-IT-000727,Ermanno,Petruzzi,Ermanno Petruzzi,Female,2001-01-18,ermanno.petruzzi@aol.com,+39 096185304,"Vicolo Guarneri, 7 Piano 5",Carife,Novara,95032,IT,Italy,EMEA,Italian,Education,None,2019-03-20,2019,RETURNING,True,MDM,2019-03-20,2026-04-17 15:58:45.946345
e632c0df-d41a-4a9e-82d0-12be1f7ad891,CUST-2023-IT-000253,Ermenegildo,Pasolini,Ermenegildo Pasolini,Female,1980-08-05,ermenegildo.pasolini513@aol.com,01970219978,"Viale Diana, 40",Semogo,Sondrio,10152,IT,Italy,EMEA,Italian,Consumer,None,2023-01-13,2023,RETURNING,True,MDM,2023-01-13 00:00:00,2026-04-17 15:58:45.946346
3e630417-8595-470a-aa62-8979c20ecff8,CUST-2019-IT-000264,Alina,Bruno,Alina Bruno,Male,1986-06-11,alina.bruno@protonmail.com,0356826109,"Vicolo Lisa, 1",Seit Bei Leifer,Crotone,73034,IT,Italy,EMEA,Italian,Consumer,None,2019-06-01,2019,RETURNING,True,MDM,2019-06-01,2026-04-17 15:58:45.946350
46d01d6b-899d-4062-87a6-9a120844987c,CUST-2022-IT-000100,Pomponio,Odescalchi,Pomponio Odescalchi,Male,1951-11-24,pomponio.odescalchi@protonmail.com,0858097945,"Contrada Castioni, 759 Appartamento 96",Ramiola,Lecce,86085,IT,Italy,EMEA,Italian,Consumer,None,2022-01-16,2022,RETURNING,True,MDM,2022-01-16 00:00:00,2026-04-17 15:58:45.946351
4d2e5c41-bbc6-4c34-a889-dc5a19796bfd,CUST-2019-IT-000589,Germana,Fallaci,Germana Fallaci,Female,1960-11-28,germana.fallaci@outlook.com,+39 34123993618,"Piazza Silvestri, 5 Appartamento 98",San Lorenzo Di Lugo,Verona,155,IT,Italy,EMEA,Italian,Education,None,2019-01-10,2019,RETURNING,True,MDM,2019-01-10,2026-04-17 15:58:45.946353
be8ad7fd-221b-40f0-ae59-735484be423c,CUST-2020-IT-000200,Nicolò,Carocci,Nicolò Carocci,Female,1969-06-23,nicol.carocci@gmail.com,0883010168,"Rotonda Romolo, 4 Piano 8",Vidracco,Lecco,24059,IT,Italy,EMEA,Italian,Consumer,Platinum,2020-03-23,2020,RETURNING,True,MDM,2020-03-23 00:00:00,2026-04-17 15:58:45.946355
c737e8e0-804a-40db-a82b-fe6e154bb39f,CUST-2021-IT-000021,Filippo,Saffi,Filippo Saffi,Male,1994-04-08,filippo.saffi@gmx.com,3917043975,"Incrocio Giorgetti, 67",Freienfeld,Carbonia-Iglesias,60100,IT,Italy,EMEA,Italian,Consumer,None,2021-05-12,2021,RETURNING,True,MDM,2021-05-12 00:00:00,2026-04-17 15:58:45.946356
9f0e3fd2-6bf7-4707-a3c7-55f5dba5fbc7,CUST-2023-IT-000294,Natalia,Pezzali,Natalia Pezzali,Female,1989-10-30,natalia.pezzali366@protonmail.com,0571144940,"Rotonda Piergiorgio, 75 Appartamento 0",Daffina',Torino,24046,IT,Italy,EMEA,Italian,Business,Gold,2023-09-17,2023,RETURNING,True,MDM,2023-09-17 00:00:00,2026-04-17 15:58:45.946358
45375751-29b6-4d39-a716-a66e1539225c,CUST-2020-IT-000055,Silvia,Bazzi,Silvia Bazzi,Female,1971-05-26,silvia.bazzi@hotmail.com,0375860922,"Contrada Saraceno, 70 Appartamento 90",Fontana,Lecco,127,IT,Italy,EMEA,Italian,Consumer,Gold,2020-06-17,2020,RETURNING,True,MDM,2020-06-17 00:00:00,2026-04-17 15:58:45.946359
949b1c5b-3b5b-4086-a361-ba168dde16dd,CUST-2022-IT-000107,Lolita,Romiti,Lolita Romiti,Female,2002-02-08,lolita.romiti430@outlook.com,0583445811,"Strada Serafina, 86",Montecastello,Pesaro e Urbino,31030,IT,Italy,EMEA,Italian,Consumer,Gold,2022-12-26,2022,RETURNING,True,MDM,2022-12-26 00:00:00,2026-04-17 15:58:45.946361
8e0c32f4-0896-4ee5-826f-5aed024a5db9,CUST-2023-IT-000002,Sophia,Tassoni,Sophia Tassoni,Female,1985-04-16,sophia.tassoni910@yahoo.com,+39 0532370402,"Contrada Cremonesi, 476 Piano 1",Abbadia Di Naro,Ascoli Piceno,67027,IT,Italy,EMEA,Italian,Consumer,None,2023-01-29,2023,RETURNING,True,MDM,2023-01-29 00:00:00,2026-04-17 15:58:45.946362
19e0dfd4-2498-496b-b21e-dda067fcc4c1,CUST-2021-IT-000181,Paloma,Camiscione,Paloma Camiscione,Female,1972-08-03,paloma.camiscione188@msn.com,351956961,"Vicolo Stefani, 50",Nova Levante,Grosseto,20875,IT,Italy,EMEA,Italian,Consumer,None,2021-10-06,2021,RETURNING,True,MDM,2021-10-06 00:00:00,2026-04-17 15:58:45.946364
5e47a139-c519-4746-b1ea-b867f36bea4a,CUST-2020-IT-000034,Nanni,Ginesio,Nanni Ginesio,Female,1968-01-16,nanni.ginesio@msn.com,+39 07610635286,"Incrocio Giulietta, 87 Piano 9",Marina Di Ascea,Pavia,52025,IT,Italy,EMEA,Italian,Consumer,Platinum,2020-01-02,2020,RETURNING,True,MDM,2020-01-02 00:00:00,2026-04-17 15:58:45.946365
462e7146-0fba-4043-8255-8440bea18b0b,CUST-2023-IT-000068,Bettina,Venditti,Bettina Venditti,Male,1981-10-08,bettina.venditti@yahoo.com,088183984,"Contrada Panatta, 29",Taggia,Novara,74122,IT,Italy,EMEA,Italian,Consumer,Silver,2023-04-07,2023,RETURNING,True,MDM,2023-04-07 00:00:00,2026-04-17 15:58:45.946367
d74f56f5-837e-4f19-aeca-556ce1fce414,CUST-2022-IT-000303,Lorenzo,Verdi,Lorenzo Verdi,Male,1979-10-23,lorenzo.verdi@yahoo.com,048134875,"Borgo Odescalchi, 394",Costa Vescovato,Livorno,58044,IT,Italy,EMEA,Italian,Consumer,None,2022-05-29,2022,RETURNING,True,MDM,2022-05-29 00:00:00,2026-04-17 15:58:45.946369
62bd394f-242f-45df-9059-e415ebf8e588,CUST-2020-IT-000207,Adriana,Pavone,Adriana Pavone,Female,1962-09-29,adriana.pavone@mail.com,+39 3924891271,"Viale Alina, 8",Masanti,Teramo,83055,IT,Italy,EMEA,Italian,Education,None,2020-08-22,2020,RETURNING,True,MDM,2020-08-22 00:00:00,2026-04-17 15:58:45.946371
bddde2aa-4ae3-4ee3-a086-ae65616c23d7,CUST-2021-IT-000310,Donatello,Monteverdi,Donatello Monteverdi,Female,1978-09-20,donatello.monteverdi831@gmx.com,+39 044580823,"Vicolo Guicciardini, 83",Penne,Lecce,66026,IT,Italy,EMEA,Italian,Consumer,Gold,2021-12-14,2021,RETURNING,True,MDM,2021-12-14 00:00:00,2026-04-17 15:58:45.946372
20086177-8baf-401e-a671-713193abe8bb,CUST-2019-IT-000819,Gloria,Baggio,Gloria Baggio,Male,1961-12-13,gloria.baggio@icloud.com,3237419373,"Canale Casagrande, 8 Piano 1",Pontebba,Pavia,20138,IT,Italy,EMEA,Italian,Business,Silver,2019-02-11,2019,RETURNING,True,MDM,2019-02-11,2026-04-17 15:58:45.946374
62f12856-b39e-4e3e-85d8-ae776685ca4c,CUST-2023-IT-000284,Gaspare,Odescalchi,Gaspare Odescalchi,Male,1983-11-26,gaspare.odescalchi@msn.com,3827432363,"Via Serafina, 93",Gangi,Cosenza,93015,IT,Italy,EMEA,Italian,Consumer,None,2023-03-29,2023,RETURNING,True,MDM,2023-03-29 00:00:00,2026-04-17 15:58:45.946375
07cbb81d-b550-4627-827a-8d300da1d354,CUST-2019-IT-000869,Silvio,Munari,Silvio Munari,Female,2004-03-19,silvio.munari@icloud.com,3446853761,"Strada Malenchini, 375 Piano 6",Montecatini Val Di Cecina,Genova,67017,IT,Italy,EMEA,Italian,Consumer,None,2019-05-07,2019,RETURNING,True,MDM,2019-05-07,2026-04-17 15:58:45.946377
bec03c9e-0fbc-49ae-a294-356d76fe9eda,CUST-2022-IT-000319,Claudia,Cutrufo,Claudia Cutrufo,Male,1957-03-10,claudia.cutrufo@outlook.com,+39 043146430,"Incrocio Napoleone, 75 Piano 0",Rometta,Salerno,20097,IT,Italy,EMEA,Italian,Consumer,None,2022-02-14,2022,RETURNING,True,MDM,2022-02-14 00:00:00,2026-04-17 15:58:45.946379
e61a299b-fab9-42f2-894d-67adca4024f3,CUST-2023-IT-000173,Elladio,Innocenti,Elladio Innocenti,Male,1978-03-08,elladio.innocenti940@icloud.com,+39 336036240,"Stretto Giampiero, 8",Mirandola,Belluno,71045,IT,Italy,EMEA,Italian,Consumer,Platinum,2023-12-14,2023,RETURNING,True,MDM,2023-12-14 00:00:00,2026-04-17 15:58:45.946381
5ede6bc4-c119-4ede-a559-3c76f1fd1273,CUST-2020-IT-000123,Lucrezia,Catenazzi,Lucrezia Catenazzi,Female,1953-09-04,lucrezia.catenazzi124@gmail.com,+39 3701502103,"Piazza Donarelli, 37",Careggi,Sassari,98053,IT,Italy,EMEA,Italian,Consumer,None,2020-06-23,2020,RETURNING,True,MDM,2020-06-23 00:00:00,2026-04-17 15:58:45.946382
09c10992-7e71-47db-9b2d-1225b71f1fa4,CUST-2021-IT-000273,Uberto,Papafava,Uberto Papafava,Male,1980-10-04,uberto.papafava@gmail.com,33579379682,"Stretto Eva, 35",Roccabruna,Siracusa,24122,IT,Italy,EMEA,Italian,Business,Silver,2021-09-04,2021,RETURNING,True,MDM,2021-09-04 00:00:00,2026-04-17 15:58:45.946384
63976cad-1159-4a5a-b536-608e27631896,CUST-2019-IT-000586,Atenulf,Stradivari,Atenulf Stradivari,Male,1951-05-24,atenulf.stradivari382@msn.com,0184554910,"Vicolo Marcantonio, 79 Appartamento 7",Falzes,Caltanissetta,37011,IT,Italy,EMEA,Italian,Consumer,Platinum,2019-11-04,2019,RETURNING,False,MDM,2019-11-04,2026-04-17 15:58:45.946388
35058d81-9fed-4e8c-a396-c4f224b05582,CUST-2019-IT-000705,Giampaolo,Modugno,Giampaolo Modugno,Female,1977-12-01,giampaolo.modugno@yahoo.com,0363848025,"Viale Lattuada, 77 Appartamento 9",Piano Di Valeriano,Ancona,95042,IT,Italy,EMEA,Italian,Consumer,Gold,2019-04-04,2019,RETURNING,True,MDM,2019-04-04,2026-04-17 15:58:45.946389
05b51336-0e05-4a9c-a214-c37228d02ab3,CUST-2023-IT-000159,Giuliana,Agostini,Giuliana Agostini,Male,2006-07-19,giuliana.agostini@gmx.com,0578901906,"Via Annunziata, 1",San Giuliano Trentapiedi,Agrigento,39049,IT,Italy,EMEA,Italian,Consumer,Platinum,2023-07-01,2023,RETURNING,True,MDM,2023-07-01 00:00:00,2026-04-17 15:58:45.946391
26afb04d-8ef9-430e-b9b4-5ec486d1a413,CUST-2019-IT-000037,Arsenio,Borghese,Arsenio Borghese,Female,1989-02-21,arsenio.borghese@gmail.com,+39 07524563501,"Via Delle, 1",Sant'Anatolia,Brescia,89134,IT,Italy,EMEA,Italian,Business,Platinum,2019-02-15,2019,RETURNING,True,MDM,2019-02-15,2026-04-17 15:58:45.946392
7151f170-964f-47fa-a59b-4018ba2b77f6,CUST-2021-IT-000109,Carla,Morandi,Carla Morandi,Male,1969-10-16,carla.morandi36@zoho.com,3309733082,"Stretto Mattia, 50 Piano 2",Villafontana,Foggia,60025,IT,Italy,EMEA,Italian,Business,None,2021-05-26,2021,RETURNING,True,MDM,2021-05-26 00:00:00,2026-04-17 15:58:45.946394
6d441fab-f0cb-484e-970e-ab4ec8fa2993,CUST-2020-IT-000241,Dionigi,Boitani,Dionigi Boitani,Female,1952-05-10,dionigi.boitani905@live.com,012501947,"Rotonda Garobbio, 333 Piano 6",Panni,Trapani,197,IT,Italy,EMEA,Italian,Consumer,Gold,2020-06-27,2020,RETURNING,True,MDM,2020-06-27 00:00:00,2026-04-17 15:58:45.946395
8a1eab3e-dd5e-48f6-a141-f1761dcb67df,CUST-2019-IT-000862,Luciana,Saraceno,Luciana Saraceno,Female,1987-06-28,luciana.saraceno@mail.com,+39 34059192885,"Rotonda Filogamo, 8 Appartamento 3",Ascea,Sondrio,28041,IT,Italy,EMEA,Italian,Education,Platinum,2019-12-04,2019,RETURNING,True,MDM,2019-12-04,2026-04-17 15:58:45.946397
733a2995-d2ad-464a-9117-385b99c204d7,CUST-2021-IT-000017,Erika,Morandi,Erika Morandi,Female,2002-05-30,erika.morandi@aol.com,+39 043189084,"Canale Bianca, 968 Piano 1",Casa Forlai,Novara,87053,IT,Italy,EMEA,Italian,Consumer,Platinum,2021-01-18,2021,RETURNING,True,MDM,2021-01-18 00:00:00,2026-04-17 15:58:45.946398
33bc3845-4901-4929-930b-5a0113a99a21,CUST-2023-IT-000239,Ermenegildo,Caironi,Ermenegildo Caironi,Female,1953-01-21,ermenegildo.caironi146@live.com,+39 0123349514,"Vicolo Riccardo, 5",Segno,Messina,23017,IT,Italy,EMEA,Italian,Consumer,Gold,2023-11-13,2023,RETURNING,True,MDM,2023-11-13 00:00:00,2026-04-17 15:58:45.946400
91e77a1c-faec-4c3c-9bb8-7a44514e92e3,CUST-2023-IT-000124,Bettina,Bettin,Bettina Bettin,Male,1997-05-18,bettina.bettin328@gmail.com,+39 0556919200,"Vicolo Cainero, 1",Rasa Di Velate,Vicenza,20061,IT,Italy,EMEA,Italian,Consumer,None,2023-05-17,2023,RETURNING,True,MDM,2023-05-17 00:00:00,2026-04-17 15:58:45.946401
094b570a-b8c5-4f13-805c-358db024de90,CUST-2021-IT-000060,Ninetta,Fattori,Ninetta Fattori,Female,1990-02-25,ninetta.fattori@live.com,+39 01932484739,"Rotonda Tommaseo, 4 Appartamento 89",Quarto D'Altino,Palermo,22043,IT,Italy,EMEA,Italian,Consumer,None,2021-12-07,2021,RETURNING,True,MDM,2021-12-07 00:00:00,2026-04-17 15:58:45.946403
55af846b-24f6-46f1-bf97-17dbcfaac7fd,CUST-2021-IT-000032,Temistocle,Broschi,Temistocle Broschi,Female,1972-05-18,temistocle.broschi@zoho.com,0783178269,"Viale Ottavio, 928 Appartamento 81",Castel Giuliano,Reggio Emilia,12041,IT,Italy,EMEA,Italian,Education,Silver,2021-12-16,2021,RETURNING,True,MDM,2021-12-16 00:00:00,2026-04-17 15:58:45.946404
6b1a7f80-81da-481d-b100-ac19f3c3f910,CUST-2023-IT-000045,Gaspare,Alfonsi,Gaspare Alfonsi,Male,1959-05-27,gaspare.alfonsi@mail.com,+39 0934072927,"Via Ferrari, 47",Cunardo,Vercelli,16153,IT,Italy,EMEA,Italian,Consumer,Silver,2023-11-30,2023,RETURNING,True,MDM,2023-11-30 00:00:00,2026-04-17 15:58:45.946406
912ddf9c-8fa3-427a-8c4b-9ab852280f9f,CUST-2023-IT-000099,Giampiero,Galeati,Giampiero Galeati,Male,1968-12-11,giampiero.galeati@gmail.com,+39 37799754258,"Contrada Melina, 421",Lavis,Aosta,95128,IT,Italy,EMEA,Italian,Consumer,Platinum,2023-02-10,2023,RETURNING,True,MDM,2023-02-10 00:00:00,2026-04-17 15:58:45.946408
86244591-48d3-4315-bc77-250e70473b79,CUST-2019-IT-000554,Eliana,Foconi,Eliana Foconi,Female,1968-07-27,eliana.foconi610@icloud.com,0541425263,"Via Omma, 2 Piano 1",Panzano,Teramo,8020,IT,Italy,EMEA,Italian,Consumer,Platinum,2019-04-15,2019,RETURNING,True,MDM,2019-04-15,2026-04-17 15:58:45.946409
8f7605ab-4f77-438d-ba16-27b7a2e50685,CUST-2019-IT-000354,Giulia,Fiorucci,Giulia Fiorucci,Male,1999-07-15,giulia.fiorucci948@yahoo.com,0965471814,"Stretto Bragadin, 4",Ortona Porto,Viterbo,12010,IT,Italy,EMEA,Italian,Consumer,Platinum,2019-09-17,2019,RETURNING,True,MDM,2019-09-17,2026-04-17 15:58:45.946412
3acc3462-a643-4d69-9240-6be5f323b0b2,CUST-2021-IT-000024,Piermaria,Trebbi,Piermaria Trebbi,Male,2005-11-27,piermaria.trebbi@gmx.com,+39 04712890498,"Vicolo Marconi, 370 Appartamento 8",Borgata Borghesiana,Arezzo,52011,IT,Italy,EMEA,Italian,Consumer,None,2021-12-25,2021,RETURNING,True,MDM,2021-12-25 00:00:00,2026-04-17 15:58:45.946414
da28a452-a91f-4025-a280-781afd3e29c5,CUST-2022-IT-000202,Amedeo,Petrucelli,Amedeo Petrucelli,Male,1997-11-26,amedeo.petrucelli904@yahoo.com,+39 093285410,"Piazza Inzaghi, 43 Appartamento 0",Pago Del Vallo Di Lauro,Sassari,89034,IT,Italy,EMEA,Italian,Consumer,None,2022-01-03,2022,RETURNING,True,MDM,2022-01-03 00:00:00,2026-04-17 15:58:45.946416
7e264d10-6a96-4cf7-85bf-8b62868ef061,CUST-2022-IT-000056,Rosalia,Scarpa,Rosalia Scarpa,Male,1999-07-17,rosalia.scarpa@zoho.com,+39 03769385792,"Borgo Nadia, 75 Piano 9",Vilpiano,Palermo,7028,IT,Italy,EMEA,Italian,Consumer,None,2022-03-12,2022,RETURNING,True,MDM,2022-03-12 00:00:00,2026-04-17 15:58:45.946418
31d45cd0-a82a-4d81-aa4f-f2326eb99214,CUST-2022-IT-000153,Dionigi,Moschino,Dionigi Moschino,Female,1968-02-20,dionigi.moschino@live.com,015005573,"Viale Borgia, 89",Borgorose,Gorizia,31047,IT,Italy,EMEA,Italian,Business,None,2022-11-13,2022,RETURNING,True,MDM,2022-11-13 00:00:00,2026-04-17 15:58:45.946420
0b671784-4b27-49ea-9182-b2e02d1a0642,CUST-2019-IT-000482,Benvenuto,Pignatti,Benvenuto Pignatti,Male,1982-05-25,benvenuto.pignatti556@gmx.com,+39 07733546189,"Contrada Costantino, 796 Appartamento 22",Variglie,Ancona,86016,IT,Italy,EMEA,Italian,Consumer,None,2019-02-18,2019,RETURNING,True,MDM,2019-02-18,2026-04-17 15:58:45.946421
920f3a36-c98c-442d-a7ed-d74f74c5071c,CUST-2022-IT-000244,Monica,Aldobrandi,Monica Aldobrandi,Male,1963-01-24,monica.aldobrandi932@hotmail.com,+39 371329039,"Via Germano, 47",Campora,Aosta,62019,IT,Italy,EMEA,Italian,Consumer,None,2022-06-03,2022,RETURNING,False,MDM,2022-06-03 00:00:00,2026-04-17 15:58:45.946423
2474c7c0-b021-49a4-9a10-e6e3edfd7f64,CUST-2019-IT-000758,Francesca,Errigo,Francesca Errigo,Female,1982-03-03,francesca.errigo@live.com,+39 0429005626,"Incrocio Antonietta, 557 Piano 5",Santo Stefano Lodigiano,Terni,32100,IT,Italy,EMEA,Italian,Consumer,None,2019-07-20,2019,RETURNING,True,MDM,2019-07-20,2026-04-17 15:58:45.946425
bf4a6472-7fe3-4f5a-a3ef-4904a4e08ae4,CUST-2019-IT-000898,Renata,Trevisan,Renata Trevisan,Male,1972-09-11,renata.trevisan@protonmail.com,+39 0861584223,"Stretto Dionigi, 74",Moia,Parma,35122,IT,Italy,EMEA,Italian,Consumer,Gold,2019-04-14,2019,RETURNING,True,MDM,2019-04-14,2026-04-17 15:58:45.946426
9941b370-255e-456e-bad5-181232c6859f,CUST-2022-IT-000040,Giacinto,Badoer,Giacinto Badoer,Female,1957-07-17,giacinto.badoer339@yahoo.com,33316521007,"Rotonda Giacobbe, 367 Piano 7",Radein,Imperia,2025,IT,Italy,EMEA,Italian,Consumer,None,2022-04-28,2022,RETURNING,True,MDM,2022-04-28 00:00:00,2026-04-17 15:58:45.946428
65920f64-5816-4ef2-843d-a51509ec262a,CUST-2022-IT-000089,Mariana,Antonini,Mariana Antonini,Male,1984-10-05,mariana.antonini@yahoo.com,342512338,"Strada Liberto, 8 Piano 3",Talatsch,Como,52018,IT,Italy,EMEA,Italian,Consumer,None,2022-02-19,2022,RETURNING,True,MDM,2022-02-19 00:00:00,2026-04-17 15:58:45.946429
d9e0c916-9c53-4898-b6a0-756d9fc7dfee,CUST-2019-IT-000496,Lilla,Castelli,Lilla Castelli,Male,1999-11-22,lilla.castelli@gmx.com,+39 070502863,"Via Interminelli, 91",Pufels,Ancona,38078,IT,Italy,EMEA,Italian,Consumer,Silver,2019-10-25,2019,RETURNING,False,MDM,2019-10-25,2026-04-17 15:58:45.946433
37108ea8-06b7-496f-b66e-87bdebf5bf86,CUST-2021-IT-000105,Napoleone,Spallanzani,Napoleone Spallanzani,Female,1981-04-08,napoleone.spallanzani@icloud.com,0737452627,"Stretto Beppe, 89 Appartamento 8",San Giovanni Gemini,Ascoli Piceno,19015,IT,Italy,EMEA,Italian,Consumer,Silver,2021-12-23,2021,RETURNING,True,MDM,2021-12-23 00:00:00,2026-04-17 15:58:45.946434
6315aa4b-a9a6-4d10-a367-3ddee60b85ab,CUST-2023-IT-000011,Marcella,Papafava,Marcella Papafava,Female,1960-01-08,marcella.papafava@aol.com,0587496764,"Stretto Ottavio, 9 Appartamento 66",Verrand,Torino,47842,IT,Italy,EMEA,Italian,Consumer,None,2023-06-14,2023,RETURNING,True,MDM,2023-06-14 00:00:00,2026-04-17 15:58:45.946436
b42f6d69-15df-4344-8f90-9bb9e5ea07c3,CUST-2021-IT-000260,Danilo,Sgarbi,Danilo Sgarbi,Female,1974-01-27,danilo.sgarbi@mail.com,+39 320957861,"Borgo Graziano, 3",Melicucca',Pisa,178,IT,Italy,EMEA,Italian,Business,None,2021-07-07,2021,RETURNING,True,MDM,2021-07-07 00:00:00,2026-04-17 15:58:45.946438
66cca33c-065c-421c-9c9d-f81bed4f010b,CUST-2023-IT-000197,Elena,Franscini,Elena Franscini,Female,1986-04-10,elena.franscini@aol.com,+39 05889226177,"Contrada Ricciotti, 163",Drena,Torino,65029,IT,Italy,EMEA,Italian,Consumer,None,2023-02-09,2023,RETURNING,True,MDM,2023-02-09 00:00:00,2026-04-17 15:58:45.946439
acc026d9-5b50-4e64-b382-c4e7fe9a481c,CUST-2023-IT-000204,Nadia,Pizzo,Nadia Pizzo,Male,1966-08-08,nadia.pizzo@msn.com,0832536154,"Strada Fieramosca, 451 Piano 5",San Nicolo' Di Ricadi,Pisa,30126,IT,Italy,EMEA,Italian,Consumer,Silver,2023-07-01,2023,RETURNING,True,MDM,2023-07-01 00:00:00,2026-04-17 15:58:45.946441
03838c77-7207-4e2b-8777-1c874491ab10,CUST-2019-IT-000010,Rodolfo,Castellitto,Rodolfo Castellitto,Female,1959-02-12,rodolfo.castellitto@msn.com,+39 373151851,"Rotonda Amleto, 834 Appartamento 76",Pignataro Maggiore,Udine,26834,IT,Italy,EMEA,Italian,Business,Platinum,2019-07-29,2019,RETURNING,True,MDM,2019-07-29,2026-04-17 15:58:45.946442
b3537bcd-acf5-44b8-a12d-ee54a1f0914e,CUST-2023-IT-000091,Ivo,Baracca,Ivo Baracca,Female,1954-12-25,ivo.baracca@gmail.com,04252549577,"Rotonda Monaco, 4 Piano 0",Potassa,Campobasso,28846,IT,Italy,EMEA,Italian,Consumer,None,2023-01-28,2023,RETURNING,True,MDM,2023-01-28 00:00:00,2026-04-17 15:58:45.946444
8479b462-5e63-4a9e-a3e5-6700ea2de9b2,CUST-2019-IT-000757,Angelo,Bramante,Angelo Bramante,Female,1986-03-11,angelo.bramante@zoho.com,+39 0371183996,"Incrocio Bandello, 15 Appartamento 7",Buronzo,Ravenna,71025,IT,Italy,EMEA,Italian,Consumer,Gold,2019-03-24,2019,RETURNING,True,MDM,2019-03-24,2026-04-17 15:58:45.946445
4789e00f-3fd4-4460-ab48-4e61c0ef2e1c,CUST-2022-IT-000092,Giorgio,Lucarelli,Giorgio Lucarelli,Male,1975-03-01,giorgio.lucarelli@aol.com,353443513,"Piazza Ermenegildo, 39",Cassone,Aosta,28013,IT,Italy,EMEA,Italian,Consumer,None,2022-07-26,2022,RETURNING,True,MDM,2022-07-26 00:00:00,2026-04-17 15:58:45.946447
42b8028b-a61b-49df-b818-adc02e9bc358,CUST-2020-IT-000014,Gioacchino,Brugnaro,Gioacchino Brugnaro,Female,1999-03-24,gioacchino.brugnaro@outlook.com,+39 054155601,"Contrada Monaco, 45",Ciamprisco,Trieste,21059,IT,Italy,EMEA,Italian,Business,Silver,2020-01-09,2020,RETURNING,True,MDM,2020-01-09 00:00:00,2026-04-17 15:58:45.946449
db821365-4596-47b4-acf7-cb6f6dfe0c38,CUST-2019-IT-000623,Carolina,Duodo,Carolina Duodo,Male,1988-03-27,carolina.duodo@yahoo.com,+39 0731210965,"Stretto Dossetti, 44",Magredis,Torino,80029,IT,Italy,EMEA,Italian,Consumer,Gold,2019-02-09,2019,RETURNING,True,MDM,2019-02-09,2026-04-17 15:58:45.946450
6c1e64b5-366d-49e8-9180-ff9fcb193659,CUST-2020-IT-000047,Gioacchino,Cicala,Gioacchino Cicala,Male,1997-01-16,gioacchino.cicala@hotmail.com,+39 0185934246,"Vicolo Donati, 618",Madonna Della Neve,Ancona,23824,IT,Italy,EMEA,Italian,Consumer,None,2020-06-01,2020,RETURNING,True,MDM,2020-06-01 00:00:00,2026-04-17 15:58:45.946452
615f93a6-ccb5-47c4-a9ab-691e94ec203f,CUST-2023-IT-000090,Giuliana,Cadorna,Giuliana Cadorna,Male,1979-12-08,giuliana.cadorna854@hotmail.com,+39 3920308107,"Vicolo Bragadin, 71 Piano 3",Donnici Superiore,Lodi,9023,IT,Italy,EMEA,Italian,Consumer,Gold,2023-10-12,2023,RETURNING,True,MDM,2023-10-12 00:00:00,2026-04-17 15:58:45.946453
2662d695-ceca-43c9-ad0b-ccfc2e4063e2,CUST-2019-IT-000454,Paolo,Tarchetti,Paolo Tarchetti,Female,1987-12-17,paolo.tarchetti207@hotmail.com,+39 3200346913,"Rotonda Gabrieli, 91 Appartamento 16",Pietrabbondante,Parma,51024,IT,Italy,EMEA,Italian,Consumer,Silver,2019-07-27,2019,RETURNING,True,MDM,2019-07-27,2026-04-17 15:58:45.946455
3a04960a-52da-42b5-8527-79fcd5a9ea79,CUST-2019-IT-000184,Licia,Baggio,Licia Baggio,Female,1980-07-08,licia.baggio@protonmail.com,3755462103,"Vicolo Maccanelli, 6",Santadi,Nuoro,37024,IT,Italy,EMEA,Italian,Consumer,Silver,2019-01-26,2019,RETURNING,True,MDM,2019-01-26,2026-04-17 15:58:45.946456
b3a9078d-b308-4e6a-92eb-de33e11540d5,CUST-2019-IT-000126,Giacomo,Gucci,Giacomo Gucci,Male,1992-02-09,giacomo.gucci@msn.com,037528540,"Via Castellitto, 34",Borgo Tressanti,Alessandria,37043,IT,Italy,EMEA,Italian,Consumer,Silver,2019-01-27,2019,RETURNING,True,MDM,2019-01-27,2026-04-17 15:58:45.946458
5e531860-4896-4027-9ebc-84d3738edcc9,CUST-2023-IT-000235,Amleto,Peruzzi,Amleto Peruzzi,Female,1994-03-15,amleto.peruzzi@gmail.com,07765031343,"Strada Marta, 29",Anchione,Terni,70032,IT,Italy,EMEA,Italian,Consumer,None,2023-02-16,2023,RETURNING,True,MDM,2023-02-16 00:00:00,2026-04-17 15:58:45.946459
665b9ea6-630f-4b7c-9303-95777bea98c3,CUST-2022-IT-000121,Ninetta,Bettoni,Ninetta Bettoni,Female,1978-03-07,ninetta.bettoni@gmx.com,016521256,"Vicolo Schiavo, 7 Appartamento 66",Santa Maria Infante,Piacenza,45039,IT,Italy,EMEA,Italian,Consumer,Gold,2022-02-22,2022,RETURNING,True,MDM,2022-02-22 00:00:00,2026-04-17 15:58:45.946461
23d8c6b0-6276-41e3-985c-5c3f75e9c96c,CUST-2020-IT-000253,Raffaele,Donati,Raffaele Donati,Male,1984-01-11,raffaele.donati@zoho.com,+39 0750923680,"Canale Montessori, 19 Piano 8",Raito,Pescara,66044,IT,Italy,EMEA,Italian,Consumer,Platinum,2020-12-01,2020,RETURNING,True,MDM,2020-12-01 00:00:00,2026-04-17 15:58:45.946462
e7380394-ca64-4317-8cc0-fbd6c2ab3eb5,CUST-2023-IT-000303,Annetta,Santi,Annetta Santi,Male,1990-10-10,annetta.santi@aol.com,3710461075,"Vicolo Giada, 94",Forni Di Sotto,Matera,81050,IT,Italy,EMEA,Italian,Consumer,Silver,2023-08-26,2023,RETURNING,True,MDM,2023-08-26 00:00:00,2026-04-17 15:58:45.946464
cda29db2-b2d2-4440-aba6-19598d3e2a64,CUST-2021-IT-000299,Marisa,Prada,Marisa Prada,Female,1962-06-10,marisa.prada@gmail.com,+39 389682870,"Stretto Giada, 659",Cuneo,Foggia,66100,IT,Italy,EMEA,Italian,Consumer,Gold,2021-02-20,2021,RETURNING,True,MDM,2021-02-20 00:00:00,2026-04-17 15:58:45.946465
93b2073a-3492-4cfb-a8f7-3281dd5af833,CUST-2019-IT-000280,Isa,Pulci,Isa Pulci,Male,2002-09-02,isa.pulci@msn.com,+39 3680346747,"Contrada Morena, 28",Salice Calabro,Ogliastra,13025,IT,Italy,EMEA,Italian,Consumer,None,2019-09-23,2019,RETURNING,True,MDM,2019-09-23,2026-04-17 15:58:45.946467
0718ffcb-a51e-4f6b-884d-5cde8ba0f489,CUST-2019-IT-000544,Sante,Cuomo,Sante Cuomo,Male,1981-12-05,sante.cuomo@icloud.com,38069977239,"Contrada Leopardi, 47",Devesi,Como,8045,IT,Italy,EMEA,Italian,Business,None,2019-03-20,2019,RETURNING,True,MDM,2019-03-20,2026-04-17 15:58:45.946469
a0f6b4a3-24a7-428c-b634-8f7173e8e8c0,CUST-2023-IT-000048,Beppe,Monti,Beppe Monti,Female,1951-04-07,beppe.monti336@protonmail.com,0572114747,"Via Tedesco, 49 Piano 2",Monte Caminetto,Lodi,97015,IT,Italy,EMEA,Italian,Consumer,None,2023-01-21,2023,RETURNING,True,MDM,2023-01-21 00:00:00,2026-04-17 15:58:45.946470
3a4ea8b7-d93c-4621-8335-e497b775751b,CUST-2020-IT-000124,Federico,Loredan,Federico Loredan,Female,1977-08-09,federico.loredan24@gmx.com,+39 0344003279,"Strada Cimini, 61 Piano 9",Tramuschio,Medio Campidano,13030,IT,Italy,EMEA,Italian,Consumer,Silver,2020-08-16,2020,RETURNING,False,MDM,2020-08-16 00:00:00,2026-04-17 15:58:45.946472
e3c0be77-d9b2-49b7-825a-3d50258cad49,CUST-2021-IT-000073,Rosaria,Monduzzi,Rosaria Monduzzi,Male,1971-04-14,rosaria.monduzzi@zoho.com,03645885516,"Contrada Baccio, 68",Sammomme',Matera,28045,IT,Italy,EMEA,Italian,Consumer,Silver,2021-09-25,2021,RETURNING,True,MDM,2021-09-25 00:00:00,2026-04-17 15:58:45.946473
c1e125af-727e-4f3b-83e6-604365d66a7c,CUST-2020-IT-000105,Paoletta,Endrizzi,Paoletta Endrizzi,Female,1965-02-12,paoletta.endrizzi@yahoo.com,0547237873,"Viale Fiorino, 16 Appartamento 3",San Martino In Converseto,Massa-Carrara,85015,IT,Italy,EMEA,Italian,Consumer,None,2020-01-10,2020,RETURNING,True,MDM,2020-01-10 00:00:00,2026-04-17 15:58:45.946475
72d216f1-ad37-42a8-aa3e-6b932acbea78,CUST-2023-IT-000205,Alphons,Strangio,Alphons Strangio,Male,2005-11-14,alphons.strangio173@msn.com,075835898,"Borgo Trotta, 886",Forni Di Sopra,Catania,46025,IT,Italy,EMEA,Italian,Consumer,None,2023-07-25,2023,RETURNING,True,MDM,2023-07-25 00:00:00,2026-04-17 15:58:45.946476
5b6508b4-d6b1-4231-8d51-ea662cfbb410,CUST-2019-IT-000112,Piero,Babato,Piero Babato,Male,1952-07-29,piero.babato104@outlook.com,324601477,"Vicolo Griselda, 37 Piano 8",Zanco,La Spezia,67010,IT,Italy,EMEA,Italian,Consumer,Gold,2019-03-24,2019,RETURNING,True,MDM,2019-03-24,2026-04-17 15:58:45.946478
9145b8d9-4d79-46b1-89a7-e66a9678ea8f,CUST-2019-IT-000642,Nadia,Mazzi,Nadia Mazzi,Male,1954-04-11,nadia.mazzi225@protonmail.com,+39 351011614,"Canale Angelo, 77",Staggia,Ascoli Piceno,26022,IT,Italy,EMEA,Italian,Business,Platinum,2019-04-17,2019,RETURNING,True,MDM,2019-04-17,2026-04-17 15:58:45.946479
e86b8b71-128d-4b7b-b146-5579fe9f544b,CUST-2023-IT-000089,Elmo,Tasso,Elmo Tasso,Female,1991-10-02,elmo.tasso786@aol.com,05445356184,"Borgo Varano, 0",Serra Pistoiese,Torino,58031,IT,Italy,EMEA,Italian,Consumer,None,2023-01-07,2023,RETURNING,True,MDM,2023-01-07 00:00:00,2026-04-17 15:58:45.946481
d5de8691-4010-45b0-8f2d-bd1e09f8f3b2,CUST-2023-IT-000264,Gastone,Rapisardi,Gastone Rapisardi,Female,1975-08-10,gastone.rapisardi@msn.com,+39 3501480113,"Vicolo Granatelli, 392 Appartamento 35",Condofuri,Ravenna,9097,IT,Italy,EMEA,Italian,Education,None,2023-03-06,2023,RETURNING,True,MDM,2023-03-06 00:00:00,2026-04-17 15:58:45.946483
c1bf61c5-55f5-4da2-81f8-5f4a38e85cc1,CUST-2022-IT-000157,Ottone,Nicoletti,Ottone Nicoletti,Female,1964-04-01,ottone.nicoletti819@hotmail.com,+39 363680319,"Viale Borromeo, 23",Maddaloni,Potenza,90013,IT,Italy,EMEA,Italian,Education,Gold,2022-04-11,2022,RETURNING,True,MDM,2022-04-11 00:00:00,2026-04-17 15:58:45.946484
18b62c38-cf1d-466d-a79e-00262c384605,CUST-2023-IT-000071,Paola,Renault,Paola Renault,Female,1983-03-19,paola.renault@hotmail.com,3817316551,"Borgo Simeoni, 26",Borghetto Di Vara,Livorno,10129,IT,Italy,EMEA,Italian,Consumer,None,2023-07-27,2023,RETURNING,True,MDM,2023-07-27 00:00:00,2026-04-17 15:58:45.946486
ad33da71-dbeb-4a15-853f-fefd58b3035f,CUST-2019-IT-000797,Geronimo,Lupo,Geronimo Lupo,Male,1980-02-21,geronimo.lupo@gmail.com,3505852156,"Incrocio Valguarnera, 519",Casoria,Massa-Carrara,57033,IT,Italy,EMEA,Italian,Business,None,2019-11-12,2019,RETURNING,True,MDM,2019-11-12,2026-04-17 15:58:45.946488
0eff8b94-728f-4eb7-86e3-1702d2da5555,CUST-2022-IT-000004,Antonia,Capecchi,Antonia Capecchi,Female,1981-04-13,antonia.capecchi@outlook.com,+39 0193934381,"Piazza Rembrandt, 72",Pile,Cagliari,85022,IT,Italy,EMEA,Italian,Consumer,None,2022-07-20,2022,RETURNING,True,MDM,2022-07-20 00:00:00,2026-04-17 15:58:45.946489
43074db8-5a21-48b9-93c0-c4bf710e8fb4,CUST-2021-IT-000221,Mariano,Esposito,Mariano Esposito,Female,1954-05-27,mariano.esposito@yahoo.com,3716279440,"Stretto Gregori, 5",Sorgane,Asti,89048,IT,Italy,EMEA,Italian,Consumer,Gold,2021-09-04,2021,RETURNING,False,MDM,2021-09-04 00:00:00,2026-04-17 15:58:45.946491
8e0bffe4-6167-415e-bcd8-636a3f9cc009,CUST-2023-IT-000257,Rosalia,Monaco,Rosalia Monaco,Female,1974-10-27,rosalia.monaco@yahoo.com,0131394473,"Canale Antonini, 1",Nughedu San Nicolo',Campobasso,40127,IT,Italy,EMEA,Italian,Consumer,None,2023-07-22,2023,RETURNING,True,MDM,2023-07-22 00:00:00,2026-04-17 15:58:45.946492
7f63a4f7-3968-4335-8ced-12aa3bd49b3d,CUST-2019-IT-000506,Romeo,Ceci,Romeo Ceci,Male,2000-01-04,romeo.ceci78@live.com,+39 0541435556,"Contrada Ruggiero, 198",Trento,Modena,55032,IT,Italy,EMEA,Italian,Consumer,Silver,2019-07-19,2019,RETURNING,True,MDM,2019-07-19,2026-04-17 15:58:45.946494
b6cc1e26-f218-4849-818d-5db8650605cb,CUST-2022-IT-000009,Pasquale,Jacuzzi,Pasquale Jacuzzi,Female,1980-03-17,pasquale.jacuzzi@aol.com,018313859,"Via Foscari, 94 Appartamento 92",Montaione,Parma,33057,IT,Italy,EMEA,Italian,Consumer,Gold,2022-05-13,2022,RETURNING,True,MDM,2022-05-13 00:00:00,2026-04-17 15:58:45.946495
503c07e9-f74a-4efe-b628-55e1134a8db6,CUST-2022-IT-000256,Ricciotti,Venturi,Ricciotti Venturi,Male,1977-10-03,ricciotti.venturi@msn.com,0543883674,"Canale Matilda, 83 Appartamento 71",Gioiosa Ionica,Lucca,86047,IT,Italy,EMEA,Italian,Consumer,None,2022-06-12,2022,RETURNING,True,MDM,2022-06-12 00:00:00,2026-04-17 15:58:45.946497
6242aeb2-0b3c-448f-b39b-e7028c1dbc79,CUST-2020-IT-000058,Ludovico,Cavanna,Ludovico Cavanna,Male,1975-07-06,ludovico.cavanna@protonmail.com,3399417854,"Piazza Veronica, 952 Piano 6",Lisciano Niccone,Treviso,13045,IT,Italy,EMEA,Italian,Consumer,Platinum,2020-09-06,2020,RETURNING,True,MDM,2020-09-06 00:00:00,2026-04-17 15:58:45.946498
d0b04016-1297-4c45-84e4-1058607e1862,CUST-2019-IT-000433,Guglielmo,Bodoni,Guglielmo Bodoni,Female,1951-11-03,guglielmo.bodoni@yahoo.com,35056485132,"Via Lilla, 763 Piano 2",Vallo Di Nera,L'Aquila,18100,IT,Italy,EMEA,Italian,Consumer,Silver,2019-06-25,2019,RETURNING,True,MDM,2019-06-25,2026-04-17 15:58:45.946501
7452901a-3e33-41a3-9c3d-d629706cd361,CUST-2019-IT-000003,Girolamo,Peranda,Girolamo Peranda,Male,1955-04-21,girolamo.peranda518@msn.com,0183673278,"Stretto Galeati, 849",Cola',Cagliari,6129,IT,Italy,EMEA,Italian,Business,Gold,2019-08-02,2019,RETURNING,True,MDM,2019-08-02,2026-04-17 15:58:45.946503
70660696-2d60-4b74-afd3-a00946e49f33,CUST-2019-IT-000013,Serena,Boitani,Serena Boitani,Female,1962-07-01,serena.boitani@icloud.com,+39 0882242549,"Vicolo Giampiero, 84 Piano 4",Colmurano,Alessandria,92014,IT,Italy,EMEA,Italian,Consumer,Silver,2019-11-22,2019,RETURNING,True,MDM,2019-11-22,2026-04-17 15:58:45.946504
bd28c58c-cd02-41a8-82d9-9357f1ef6300,CUST-2019-IT-000402,Mario,Casarin,Mario Casarin,Female,1972-05-04,mario.casarin490@zoho.com,052107438,"Via Ilaria, 3 Appartamento 73",Salto Canavese,Siracusa,20852,IT,Italy,EMEA,Italian,Business,None,2019-02-09,2019,RETURNING,True,MDM,2019-02-09,2026-04-17 15:58:45.946506
e14dab09-1ab9-4c5f-a95e-c4826e00ba52,CUST-2022-IT-000287,Geronimo,Lucchesi,Geronimo Lucchesi,Female,2000-06-01,geronimo.lucchesi953@icloud.com,380754810,"Rotonda Maspero, 23",Missano,Vibo Valentia,26017,IT,Italy,EMEA,Italian,Consumer,None,2022-06-19,2022,RETURNING,True,MDM,2022-06-19 00:00:00,2026-04-17 15:58:45.946508
434dd33d-5c83-493b-8569-79b82b787b67,CUST-2023-IT-000123,Gioacchino,Ramazzotti,Gioacchino Ramazzotti,Female,2005-12-10,gioacchino.ramazzotti@aol.com,+39 057503393,"Incrocio Scarlatti, 96 Piano 1",San Giorgio Di Crognaleto,Gorizia,1015,IT,Italy,EMEA,Italian,Consumer,Silver,2023-03-02,2023,RETURNING,True,MDM,2023-03-02 00:00:00,2026-04-17 15:58:45.946509
6448a773-b51f-40ea-9b4a-1d8a903436fb,CUST-2022-IT-000066,Carmelo,Sbarbaro,Carmelo Sbarbaro,Female,1963-04-15,carmelo.sbarbaro@msn.com,377832914,"Piazza Aldo, 515 Appartamento 4",Spinone Al Lago,Trieste,25075,IT,Italy,EMEA,Italian,Business,Platinum,2022-04-22,2022,RETURNING,True,MDM,2022-04-22 00:00:00,2026-04-17 15:58:45.946511
79e1cfeb-9d14-4650-86e0-88870fed2418,CUST-2022-IT-000237,Arnaldo,Filippini,Arnaldo Filippini,Male,1959-04-09,arnaldo.filippini363@msn.com,+39 0932224629,"Vicolo Flaiano, 24",Orio Litta,Forlì-Cesena,51015,IT,Italy,EMEA,Italian,Consumer,None,2022-05-22,2022,RETURNING,True,MDM,2022-05-22 00:00:00,2026-04-17 15:58:45.946512
0877a00c-79e2-446f-beed-f8ce90c88736,CUST-2022-IT-000245,Donatella,Vendetti,Donatella Vendetti,Male,1970-12-09,donatella.vendetti815@mail.com,331560165,"Rotonda Gionata, 7 Appartamento 0",Pulce,Caltanissetta,27100,IT,Italy,EMEA,Italian,Consumer,Platinum,2022-08-24,2022,RETURNING,True,MDM,2022-08-24 00:00:00,2026-04-17 15:58:45.946514
5633ba62-447f-42d6-8f3e-db0799793e29,CUST-2022-IT-000098,Allegra,Calgari,Allegra Calgari,Male,1967-11-18,allegra.calgari@gmail.com,+39 360138838,"Canale Carmelo, 56",Carru',Siracusa,18030,IT,Italy,EMEA,Italian,Education,None,2022-08-20,2022,RETURNING,True,MDM,2022-08-20 00:00:00,2026-04-17 15:58:45.946515
52731709-a725-4825-bec1-1796f0db534e,CUST-2023-IT-000109,Alfredo,Cremonesi,Alfredo Cremonesi,Female,1969-01-23,alfredo.cremonesi@icloud.com,+39 081512765,"Rotonda Botticelli, 64 Appartamento 43",Abatemarco,Gorizia,35143,IT,Italy,EMEA,Italian,Consumer,None,2023-03-13,2023,RETURNING,True,MDM,2023-03-13 00:00:00,2026-04-17 15:58:45.946517
a0fecaa4-0bca-4914-bc4c-a88253bda40c,CUST-2019-IT-000887,Elena,Giunti,Elena Giunti,Male,1979-12-06,elena.giunti@mail.com,32239240185,"Strada Gianpaolo, 22",Serina,Vicenza,89842,IT,Italy,EMEA,Italian,Consumer,Gold,2019-12-27,2019,RETURNING,True,MDM,2019-12-27,2026-04-17 15:58:45.946522
272801ca-d4ff-42b9-a4f2-c1e28a68910e,CUST-2022-IT-000272,Bianca,Giacometti,Bianca Giacometti,Male,1979-07-17,bianca.giacometti@outlook.com,0596363386,"Borgo Marisa, 637",Villa Scontrone,L'Aquila,26018,IT,Italy,EMEA,Italian,Business,Silver,2022-07-30,2022,RETURNING,True,MDM,2022-07-30 00:00:00,2026-04-17 15:58:45.946523
0af67983-58e0-4285-89f2-69dccb774260,CUST-2020-IT-000017,Benito,Abate,Benito Abate,Female,1979-01-16,benito.abate@msn.com,371197388,"Incrocio Arturo, 479 Piano 0",Cervarese Santa Croce,Isernia,24059,IT,Italy,EMEA,Italian,Consumer,Silver,2020-07-10,2020,RETURNING,True,MDM,2020-07-10 00:00:00,2026-04-17 15:58:45.946524
6c035167-1f3b-4709-915d-6dcdd29d3851,CUST-2023-IT-000255,Gianpaolo,Pisaroni,Gianpaolo Pisaroni,Male,1956-05-28,gianpaolo.pisaroni898@aol.com,+39 0865249631,"Piazza Salvo, 824",Tschöfs,Rimini,27041,IT,Italy,EMEA,Italian,Consumer,Gold,2023-08-23,2023,RETURNING,True,MDM,2023-08-23 00:00:00,2026-04-17 15:58:45.946526
b34d3fb4-16df-43c3-9946-68eb266d7146,CUST-2023-IT-000288,Gloria,Donini,Gloria Donini,Male,1952-03-23,gloria.donini283@aol.com,+39 09655402276,"Stretto Gloria, 8 Piano 0",Gabiano,Brescia,39049,IT,Italy,EMEA,Italian,Consumer,None,2023-05-05,2023,RETURNING,True,MDM,2023-05-05 00:00:00,2026-04-17 15:58:45.946527
cf6ae25b-3520-4e91-9fcb-fb68fea7ad0a,CUST-2022-IT-000300,Baldassare,Comencini,Baldassare Comencini,Male,1981-04-29,baldassare.comencini@gmx.com,3335970959,"Contrada Gaspare, 80",Rocca Santa Maria,Matera,25051,IT,Italy,EMEA,Italian,Consumer,Gold,2022-03-09,2022,RETURNING,True,MDM,2022-03-09 00:00:00,2026-04-17 15:58:45.946529
8e5518b6-ff94-4c1e-8f6b-023645ccef9f,CUST-2023-IT-000333,Camillo,Zoppetti,Camillo Zoppetti,Female,1961-04-18,camillo.zoppetti865@outlook.com,+39 37729996330,"Strada Travia, 54",Lagrimone,Bolzano,55054,IT,Italy,EMEA,Italian,Consumer,None,2023-11-12,2023,RETURNING,True,MDM,2023-11-12 00:00:00,2026-04-17 15:58:45.946530
769919a0-47ba-482a-b58b-ed07958d61b0,CUST-2019-IT-000528,Sole,Bassi,Sole Bassi,Female,1953-03-06,sole.bassi@msn.com,+39 3501172615,"Strada Dario, 9",Prime Case,Gorizia,10089,IT,Italy,EMEA,Italian,Business,Platinum,2019-06-12,2019,RETURNING,True,MDM,2019-06-12,2026-04-17 15:58:45.946532
b623f54f-b272-405c-a50a-0c74ca7e991e,CUST-2023-IT-000238,Adriana,Mezzetta,Adriana Mezzetta,Female,1951-11-23,adriana.mezzetta@mail.com,+39 07365695472,"Via Lamberto, 98",Castronuovo Di Sant'Andrea,Benevento,50050,IT,Italy,EMEA,Italian,Consumer,Silver,2023-10-20,2023,RETURNING,True,MDM,2023-10-20 00:00:00,2026-04-17 15:58:45.946533
0d2ea218-4853-4a01-931e-59fd852e64a1,CUST-2019-IT-000711,Rocco,Montalti,Rocco Montalti,Male,1991-05-15,rocco.montalti369@zoho.com,+39 07711717469,"Piazza Calcedonio, 76 Appartamento 1",Zennari,Pordenone,17053,IT,Italy,EMEA,Italian,Consumer,Platinum,2019-12-23,2019,RETURNING,True,MDM,2019-12-23,2026-04-17 15:58:45.946534
4944a86d-9c30-4d33-a367-3f7c801917d4,CUST-2022-IT-000206,Pierluigi,Agostinelli,Pierluigi Agostinelli,Female,1964-07-19,pierluigi.agostinelli@msn.com,37134885449,"Canale Donatella, 8 Piano 3",Carpiano,Terni,80133,IT,Italy,EMEA,Italian,Consumer,None,2022-01-07,2022,RETURNING,True,MDM,2022-01-07 00:00:00,2026-04-17 15:58:45.946536
49ee4b9d-395b-4001-a514-d508e57933b7,CUST-2022-IT-000197,Guido,Ritacca,Guido Ritacca,Male,1986-01-16,guido.ritacca@aol.com,+39 3821871385,"Incrocio Silvio, 3 Piano 8",Maragnole,Milano,20845,IT,Italy,EMEA,Italian,Consumer,None,2022-09-22,2022,RETURNING,True,MDM,2022-09-22 00:00:00,2026-04-17 15:58:45.946538
126e55a6-9e2c-4218-ad7d-73369b226996,CUST-2021-IT-000265,Gustavo,Montalti,Gustavo Montalti,Male,1967-12-21,gustavo.montalti214@live.com,3804647508,"Viale Tartaglia, 3",Bettole Sesia,Rimini,10069,IT,Italy,EMEA,Italian,Consumer,None,2021-08-12,2021,RETURNING,True,MDM,2021-08-12 00:00:00,2026-04-17 15:58:45.946539
89aa0dfe-005a-4932-b7f5-5dacc9f99f3a,CUST-2022-IT-000269,Arturo,Farnese,Arturo Farnese,Female,1960-11-10,arturo.farnese@msn.com,+39 3297471142,"Incrocio Virgilio, 2 Appartamento 99",Terraglione,Mantova,37129,IT,Italy,EMEA,Italian,Consumer,None,2022-05-11,2022,RETURNING,True,MDM,2022-05-11 00:00:00,2026-04-17 15:58:45.946541
275db5bb-80b0-4c6b-ac12-fe7e7f20647a,CUST-2023-IT-000028,Liberto,Fornaciari,Liberto Fornaciari,Female,1955-03-07,liberto.fornaciari@zoho.com,+39 0344189529,"Incrocio Angelo, 59 Appartamento 8",Carlazzo,Livorno,25077,IT,Italy,EMEA,Italian,Consumer,Gold,2023-08-25,2023,RETURNING,True,MDM,2023-08-25 00:00:00,2026-04-17 15:58:45.946542
2f816ccf-bc10-43ee-8e8f-dd6f90522aa7,CUST-2023-IT-000195,Fredo,Udinesi,Fredo Udinesi,Female,1971-06-19,fredo.udinesi@protonmail.com,+39 0862698464,"Via Balla, 9 Appartamento 0",Chignolo Po,Pistoia,86088,IT,Italy,EMEA,Italian,Consumer,None,2023-04-05,2023,RETURNING,True,MDM,2023-04-05 00:00:00,2026-04-17 15:58:45.946544
d9f58da4-f4dd-47f5-a011-3b5ea0149aa7,CUST-2019-IT-000273,Fiorino,Russo,Fiorino Russo,Female,1991-10-28,fiorino.russo@protonmail.com,+39 3413861007,"Viale Polesel, 31 Piano 1",Reno Centese,Vicenza,16121,IT,Italy,EMEA,Italian,Consumer,None,2019-09-07,2019,RETURNING,True,MDM,2019-09-07,2026-04-17 15:58:45.946546
fadc3974-9495-40d3-888f-cd1017b7feff,CUST-2019-IT-000373,Concetta,Zacco,Concetta Zacco,Female,1999-08-17,concetta.zacco@gmail.com,+39 058317064,"Stretto Durante, 54 Appartamento 5",Crosa,Massa-Carrara,48015,IT,Italy,EMEA,Italian,Consumer,None,2019-02-19,2019,RETURNING,True,MDM,2019-02-19,2026-04-17 15:58:45.946548
a3e21879-9e08-4755-94cf-f8c284374027,CUST-2023-IT-000222,Rossana,Storladi,Rossana Storladi,Male,1983-11-18,rossana.storladi@zoho.com,390658451,"Stretto Iannotti, 73",Liberi,Teramo,95100,IT,Italy,EMEA,Italian,Consumer,Platinum,2023-08-21,2023,RETURNING,True,MDM,2023-08-21 00:00:00,2026-04-17 15:58:45.946549
52184f2d-f4de-47c4-9671-19d08d130c2d,CUST-2019-IT-000894,Enzo,Peranda,Enzo Peranda,Male,2004-08-31,enzo.peranda108@yahoo.com,+39 35112229060,"Piazza Aporti, 88 Appartamento 3",Molinaccio,Bolzano,42024,IT,Italy,EMEA,Italian,Business,None,2019-10-17,2019,RETURNING,True,MDM,2019-10-17,2026-04-17 15:58:45.946551
3aa75e54-849b-43e3-af82-03f20b790589,CUST-2019-IT-000618,Ottavio,Leopardi,Ottavio Leopardi,Male,1966-06-08,ottavio.leopardi271@protonmail.com,+39 073326098,"Rotonda Puglisi, 531 Piano 9",Torri,Genova,81020,IT,Italy,EMEA,Italian,Consumer,None,2019-12-22,2019,RETURNING,True,MDM,2019-12-22,2026-04-17 15:58:45.946553
336ba016-390d-4159-a615-50f78eb34eab,CUST-2021-IT-000252,Torquato,Buscetta,Torquato Buscetta,Male,1957-07-22,torquato.buscetta@icloud.com,042115190,"Incrocio Turrini, 21",Carbone,Bergamo,25035,IT,Italy,EMEA,Italian,Consumer,None,2021-12-22,2021,RETURNING,True,MDM,2021-12-22 00:00:00,2026-04-17 15:58:45.946558
3226d33c-3f52-426c-b4cc-2d8e662f0b6a,CUST-2021-IT-000148,Ferdinando,Anastasi,Ferdinando Anastasi,Female,1965-10-18,ferdinando.anastasi@gmail.com,+39 01854036580,"Viale Gianpaolo, 747 Appartamento 4",Guazzino,Grosseto,53048,IT,Italy,EMEA,Italian,Education,Silver,2021-05-29,2021,RETURNING,True,MDM,2021-05-29 00:00:00,2026-04-17 15:58:45.946559
75d0055c-818e-4b48-9831-12bb3829da07,CUST-2019-IT-000620,Adelasia,Versace,Adelasia Versace,Male,2005-03-13,adelasia.versace@zoho.com,023198319,"Stretto Gioacchino, 4",Scaletta Uzzone,Brescia,84092,IT,Italy,EMEA,Italian,Consumer,None,2019-02-21,2019,RETURNING,True,MDM,2019-02-21,2026-04-17 15:58:45.946561
fd21a576-97b8-4181-b3b9-0965f8e4708e,CUST-2022-IT-000186,Luca,Zanzi,Luca Zanzi,Male,1963-01-02,luca.zanzi@hotmail.com,323457150,"Stretto Enrico, 8",Courmayeur,Mantova,28010,IT,Italy,EMEA,Italian,Consumer,Gold,2022-10-01,2022,RETURNING,True,MDM,2022-10-01 00:00:00,2026-04-17 15:58:45.946562
091f0db1-dc65-4de4-af4c-103ec9544576,CUST-2022-IT-000090,Gianfrancesco,Vidoni,Gianfrancesco Vidoni,Male,1964-03-18,gianfrancesco.vidoni@yahoo.com,076501645,"Piazza Chiara, 9",Pisogne,Cosenza,2031,IT,Italy,EMEA,Italian,Consumer,None,2022-08-28,2022,RETURNING,True,MDM,2022-08-28 00:00:00,2026-04-17 15:58:45.946564
06a5c461-7036-4fcd-8738-ebe3e3009f94,CUST-2021-IT-000253,Rembrandt,Donarelli,Rembrandt Donarelli,Female,2000-02-25,rembrandt.donarelli329@outlook.com,+39 0835525671,"Borgo Fantozzi, 361",Tavoleto,Trapani,95049,IT,Italy,EMEA,Italian,Consumer,None,2021-12-24,2021,RETURNING,True,MDM,2021-12-24 00:00:00,2026-04-17 15:58:45.946565
93cead3d-6aad-4018-8b03-4101d46f4eaa,CUST-2022-IT-000316,Clelia,Ubaldi,Clelia Ubaldi,Male,1993-04-10,clelia.ubaldi363@icloud.com,042260294,"Canale Tatiana, 74 Piano 4",San Giacomo,L'Aquila,28897,IT,Italy,EMEA,Italian,Business,Silver,2022-09-21,2022,RETURNING,True,MDM,2022-09-21 00:00:00,2026-04-17 15:58:45.946567
6c406696-e4a3-4778-90e2-d806666077b0,CUST-2023-IT-000166,Liliana,Guicciardini,Liliana Guicciardini,Female,1994-04-14,liliana.guicciardini@protonmail.com,+39 0951599413,"Rotonda Roero, 626",Masi Di Cavalese,Olbia-Tempio,89842,IT,Italy,EMEA,Italian,Consumer,Gold,2023-03-18,2023,RETURNING,True,MDM,2023-03-18 00:00:00,2026-04-17 15:58:45.946568
350dd3e2-9823-442e-985e-68297afcd43a,CUST-2019-IT-000755,Gianna,Lippomano,Gianna Lippomano,Male,1994-05-08,gianna.lippomano606@yahoo.com,+39 0824312906,"Incrocio Pierpaolo, 911",Trevico,Reggio Emilia,38016,IT,Italy,EMEA,Italian,Consumer,Silver,2019-06-20,2019,RETURNING,True,MDM,2019-06-20,2026-04-17 15:58:45.946569
f29b4e58-87ce-47e3-9499-db039fe4a925,CUST-2023-IT-000241,Simone,Cimarosa,Simone Cimarosa,Female,1958-08-28,simone.cimarosa@hotmail.com,+39 0506064795,"Viale Romina, 88 Piano 9",Campovico,Venezia,39048,IT,Italy,EMEA,Italian,Consumer,Silver,2023-06-24,2023,RETURNING,True,MDM,2023-06-24 00:00:00,2026-04-17 15:58:45.946571
0d66fbf1-9317-4eef-b960-3c25b3f7db63,CUST-2019-IT-000750,Angelica,Berlusconi,Angelica Berlusconi,Female,1952-08-28,angelica.berlusconi@icloud.com,+39 0331455033,"Piazza Angelo, 9 Piano 5",Volpara,Alessandria,15023,IT,Italy,EMEA,Italian,Consumer,Platinum,2019-04-18,2019,RETURNING,True,MDM,2019-04-18,2026-04-17 15:58:45.946572
2401f9c4-e2ba-4f39-a14d-ab042cf79d7f,CUST-2023-IT-000150,Dino,Dulbecco,Dino Dulbecco,Female,1972-08-31,dino.dulbecco@mail.com,+39 370367872,"Viale Vittorio, 3 Appartamento 36",Borgo Incoronata,Catanzaro,60125,IT,Italy,EMEA,Italian,Consumer,Gold,2023-12-11,2023,RETURNING,True,MDM,2023-12-11 00:00:00,2026-04-17 15:58:45.946573
6b8a688c-5357-41ef-a775-20c7f9f48137,CUST-2023-IT-000196,Gionata,Rastelli,Gionata Rastelli,Female,1972-08-08,gionata.rastelli176@outlook.com,+39 3791008178,"Strada Villadicani, 19 Piano 8",Auletta,Carbonia-Iglesias,10154,IT,Italy,EMEA,Italian,Consumer,Platinum,2023-11-08,2023,RETURNING,True,MDM,2023-11-08 00:00:00,2026-04-17 15:58:45.946575
0db4e5ac-d442-4f6a-a298-351b0602ec04,CUST-2023-IT-000322,Greco,Donarelli,Greco Donarelli,Male,1992-07-21,greco.donarelli332@gmail.com,079687318,"Incrocio Giulietta, 457",San Damiano Al Colle,Torino,56021,IT,Italy,EMEA,Italian,Consumer,Gold,2023-09-02,2023,RETURNING,True,MDM,2023-09-02 00:00:00,2026-04-17 15:58:45.946576
d0425763-25c2-4363-804e-e2381218b860,CUST-2019-IT-000465,Daria,Foconi,Daria Foconi,Female,2003-12-06,daria.foconi@live.com,+39 37785389686,"Piazza Puccio, 54",Galzignano Terme,Perugia,39044,IT,Italy,EMEA,Italian,Consumer,Platinum,2019-05-16,2019,RETURNING,True,MDM,2019-05-16,2026-04-17 15:58:45.946577
3493d69c-a7b2-4c26-b159-94e4466c8cd4,CUST-2022-IT-000140,Monica,Tirabassi,Monica Tirabassi,Female,2003-03-14,monica.tirabassi@icloud.com,+39 0541219995,"Strada Fredo, 91 Appartamento 8",Xitta,Livorno,21043,IT,Italy,EMEA,Italian,Consumer,None,2022-08-12,2022,RETURNING,False,MDM,2022-08-12 00:00:00,2026-04-17 15:58:45.946579
2b31eba2-87a8-4958-9571-eff894c8ba6a,CUST-2023-IT-000055,Laureano,Iannelli,Laureano Iannelli,Male,1957-03-16,laureano.iannelli533@gmail.com,054989668,"Piazza Gilardoni, 1 Piano 9",Cimbergo,Catania,6050,IT,Italy,EMEA,Italian,Consumer,None,2023-05-06,2023,RETURNING,True,MDM,2023-05-06 00:00:00,2026-04-17 15:58:45.946581
0f5ac537-5524-4ca0-be01-476db67d5430,CUST-2019-IT-000319,Mercedes,Gagliardi,Mercedes Gagliardi,Male,1995-10-14,mercedes.gagliardi@gmx.com,+39 0585003408,"Vicolo Mercalli, 48",Rontagnano,Torino,63062,IT,Italy,EMEA,Italian,Business,None,2019-07-15,2019,RETURNING,True,MDM,2019-07-15,2026-04-17 15:58:45.946582
bce2bb38-e8bc-421f-9138-8f4b03922768,CUST-2022-IT-000167,Berenice,Gucci,Berenice Gucci,Female,1996-01-01,berenice.gucci305@zoho.com,092230998,"Viale Pierina, 10 Piano 1",Montebello Di Bertona,Isernia,17048,IT,Italy,EMEA,Italian,Consumer,Silver,2022-07-21,2022,RETURNING,True,MDM,2022-07-21 00:00:00,2026-04-17 15:58:45.946584
be39d631-dc07-4601-8142-c6af9438102d,CUST-2022-IT-000085,Alfio,Salgari,Alfio Salgari,Male,1983-01-09,alfio.salgari242@msn.com,04240186774,"Piazza Ansaldo, 2 Piano 9",Muro Lucano,Genova,72026,IT,Italy,EMEA,Italian,Consumer,None,2022-10-29,2022,RETURNING,True,MDM,2022-10-29 00:00:00,2026-04-17 15:58:45.946585
b3d1c980-f54f-4e4f-b374-6da19014e69d,CUST-2023-IT-000340,Giuseppina,Antonetti,Giuseppina Antonetti,Male,2001-02-06,giuseppina.antonetti179@aol.com,+39 09315896134,"Vicolo Ciampi, 95",Maccacari,Lucca,36066,IT,Italy,EMEA,Italian,Consumer,None,2023-10-14,2023,RETURNING,True,MDM,2023-10-14 00:00:00,2026-04-17 15:58:45.946587
de751a52-f484-40d5-8244-2d8012ccc778,CUST-2019-IT-000059,Gianmarco,Gabrieli,Gianmarco Gabrieli,Female,2007-02-24,gianmarco.gabrieli@gmail.com,+39 042675494,"Viale Marina, 86",Seccheto,Lodi,31024,IT,Italy,EMEA,Italian,Education,None,2019-03-04,2019,RETURNING,True,MDM,2019-03-04,2026-04-17 15:58:45.946592
bb9653d2-0076-4f24-8eeb-80e9e9415a78,CUST-2022-IT-000126,Ugo,Volta,Ugo Volta,Male,1991-04-07,ugo.volta@aol.com,083569892,"Borgo Sylvia, 69",Gummer,Brescia,57017,IT,Italy,EMEA,Italian,Consumer,Platinum,2022-12-18,2022,RETURNING,True,MDM,2022-12-18 00:00:00,2026-04-17 15:58:45.946593
72e20e46-c12f-467f-914e-6dc883e13423,CUST-2021-IT-000232,Corrado,Antelami,Corrado Antelami,Female,1977-04-04,corrado.antelami@live.com,3714549313,"Canale Roberto, 6 Appartamento 4",Cavenago D'Adda,Potenza,20037,IT,Italy,EMEA,Italian,Consumer,Gold,2021-07-27,2021,RETURNING,True,MDM,2021-07-27 00:00:00,2026-04-17 15:58:45.946595
00889da8-28e9-4e91-bb47-cea57378d8eb,CUST-2020-IT-000056,Ottone,Agostini,Ottone Agostini,Male,1963-03-04,ottone.agostini@mail.com,07065100317,"Incrocio Paola, 820",Caravate,Monza e della Brianza,34016,IT,Italy,EMEA,Italian,Consumer,Gold,2020-11-16,2020,RETURNING,True,MDM,2020-11-16 00:00:00,2026-04-17 15:58:45.946596
43ed5a4d-7e5a-469a-9f1e-649a7f9ccd3a,CUST-2023-IT-000059,Licia,Ferrazzi,Licia Ferrazzi,Male,1979-10-13,licia.ferrazzi@gmx.com,032184373,"Piazza Alessio, 847 Appartamento 85",Carro,Mantova,73013,IT,Italy,EMEA,Italian,Education,None,2023-09-20,2023,RETURNING,True,MDM,2023-09-20 00:00:00,2026-04-17 15:58:45.946598
f7489ac5-aed4-48ec-8ff1-62b6e215f6d8,CUST-2019-IT-000553,Fabia,Fibonacci,Fabia Fibonacci,Male,1988-08-30,fabia.fibonacci@live.com,+39 0342199416,"Contrada Randazzo, 3",Casalguidi,Catanzaro,81025,IT,Italy,EMEA,Italian,Consumer,None,2019-08-07,2019,RETURNING,True,MDM,2019-08-07,2026-04-17 15:58:45.946599
88166c1b-595c-4930-840a-0d0a1732070b,CUST-2022-IT-000059,Augusto,Tamborini,Augusto Tamborini,Female,1986-12-12,augusto.tamborini@yahoo.com,+39 03459188036,"Strada Ansaldo, 2",Mastromarco,Treviso,66100,IT,Italy,EMEA,Italian,Consumer,None,2022-04-20,2022,RETURNING,True,MDM,2022-04-20 00:00:00,2026-04-17 15:58:45.946601
c35c1f5a-7776-454a-a025-106cfb596226,CUST-2020-IT-000276,Giorgio,Curatoli,Giorgio Curatoli,Male,1966-01-29,giorgio.curatoli135@gmx.com,+39 0565957954,"Canale Vento, 46",San Vito Romano,Como,24024,IT,Italy,EMEA,Italian,Consumer,None,2020-12-25,2020,RETURNING,True,MDM,2020-12-25 00:00:00,2026-04-17 15:58:45.946603
adde4938-9eff-4a08-9f2d-a5b745a9187b,CUST-2019-IT-000779,Baccio,Toscani,Baccio Toscani,Female,1980-03-16,baccio.toscani@mail.com,01871260961,"Stretto Gianluigi, 930",St. Jakob/Bozen,Varese,26033,IT,Italy,EMEA,Italian,Consumer,None,2019-09-27,2019,RETURNING,True,MDM,2019-09-27,2026-04-17 15:58:45.946605
85058706-d791-4cdb-99f8-a3d6c357514e,CUST-2021-IT-000099,Livia,Ceci,Livia Ceci,Male,1980-10-22,livia.ceci@outlook.com,+39 3701607899,"Contrada Priuli, 368 Piano 6",Villapiccola,Macerata,20083,IT,Italy,EMEA,Italian,Consumer,Gold,2021-09-04,2021,RETURNING,True,MDM,2021-09-04 00:00:00,2026-04-17 15:58:45.946606
8fb3a580-7c6e-4a63-9497-3eb86cd0580a,CUST-2019-IT-000490,Vincenza,Bellini,Vincenza Bellini,Female,1974-05-26,vincenza.bellini214@outlook.com,376060006,"Strada Piane, 39",Domusnovas Canales,Avellino,23034,IT,Italy,EMEA,Italian,Consumer,None,2019-12-25,2019,RETURNING,True,MDM,2019-12-25,2026-04-17 15:58:45.946608
7a58131d-e274-492a-b582-a7c5191dbbeb,CUST-2022-IT-000011,Rembrandt,Cendron,Rembrandt Cendron,Female,1951-12-08,rembrandt.cendron@mail.com,+39 3381087007,"Stretto Novaro, 581 Piano 3",Catania,Caltanissetta,22035,IT,Italy,EMEA,Italian,Consumer,Silver,2022-05-11,2022,RETURNING,True,MDM,2022-05-11 00:00:00,2026-04-17 15:58:45.946609
e937ab05-d1f0-4ab2-8c6a-f7d1a034292f,CUST-2023-IT-000214,Micheletto,Abba,Micheletto Abba,Female,1954-06-21,micheletto.abba867@live.com,0991590994,"Piazza Alphons, 56 Appartamento 58",Vialfre',Benevento,23852,IT,Italy,EMEA,Italian,Consumer,None,2023-09-03,2023,RETURNING,True,MDM,2023-09-03 00:00:00,2026-04-17 15:58:45.946612
43307102-60de-4980-afe3-8cd19d6f82e4,CUST-2022-IT-000021,Nina,Agostinelli,Nina Agostinelli,Male,1979-08-01,nina.agostinelli@live.com,+39 0898886186,"Strada Fieramosca, 63",Camporgiano,Asti,28866,IT,Italy,EMEA,Italian,Consumer,None,2022-09-05,2022,RETURNING,True,MDM,2022-09-05 00:00:00,2026-04-17 15:58:45.946616
0d7960c3-a206-49cb-a942-4e3bfac9ebc5,CUST-2019-IT-000193,Ivan,Trotta,Ivan Trotta,Female,1977-06-14,ivan.trotta@live.com,+39 0586010294,"Strada Tacchini, 0 Piano 0",Tarantasca,Vicenza,26864,IT,Italy,EMEA,Italian,Consumer,None,2019-09-24,2019,RETURNING,True,MDM,2019-09-24,2026-04-17 15:58:45.946618
b1e27389-bcad-4e12-86eb-ffcad044c806,CUST-2020-IT-000265,Pierluigi,Onisto,Pierluigi Onisto,Male,1989-02-07,pierluigi.onisto827@live.com,+39 0522404480,"Viale Adriana, 52 Piano 9",Franchini,Palermo,13883,IT,Italy,EMEA,Italian,Consumer,None,2020-09-19,2020,RETURNING,True,MDM,2020-09-19 00:00:00,2026-04-17 15:58:45.946619
bd62fa5c-5aed-48cb-97ce-4456bde6453a,CUST-2023-IT-000053,Gino,Ottino,Gino Ottino,Female,1999-10-19,gino.ottino@yahoo.com,012559493,"Incrocio Mannoia, 2",Monteflavio,Viterbo,85049,IT,Italy,EMEA,Italian,Business,Gold,2023-04-04,2023,RETURNING,False,MDM,2023-04-04 00:00:00,2026-04-17 15:58:45.946621
1687a86b-039b-466c-8940-101b1386dc7e,CUST-2019-IT-000109,Giuliano,Fantini,Giuliano Fantini,Female,1961-05-27,giuliano.fantini@outlook.com,+39 058643869,"Strada Padovano, 0 Appartamento 6",Scoffera,Belluno,2021,IT,Italy,EMEA,Italian,Business,None,2019-04-16,2019,RETURNING,True,MDM,2019-04-16,2026-04-17 15:58:45.946623
5faec30d-1e92-4aa9-916e-65c5b335e963,CUST-2020-IT-000015,Mattia,Donini,Mattia Donini,Female,1977-09-17,mattia.donini@msn.com,+39 3274376650,"Stretto Babato, 241",Botticino,Napoli,80138,IT,Italy,EMEA,Italian,Business,None,2020-01-07,2020,RETURNING,True,MDM,2020-01-07 00:00:00,2026-04-17 15:58:45.946624
a741c5c3-e749-4942-bcbb-096287933cfc,CUST-2019-IT-000637,Clelia,Zaccardo,Clelia Zaccardo,Male,1997-03-02,clelia.zaccardo@zoho.com,0113991996,"Piazza Greca, 59 Piano 1",Sferro,Vibo Valentia,56123,IT,Italy,EMEA,Italian,Consumer,None,2019-08-24,2019,RETURNING,True,MDM,2019-08-24,2026-04-17 15:58:45.946626
17b2144f-abc4-4eb8-b49a-4ed0cc1681f8,CUST-2023-IT-000188,Victoria,Sgalambro,Victoria Sgalambro,Female,1961-09-18,victoria.sgalambro600@aol.com,+39 0883682534,"Piazza Comboni, 38",Bore,Napoli,24035,IT,Italy,EMEA,Italian,Business,Silver,2023-09-21,2023,RETURNING,True,MDM,2023-09-21 00:00:00,2026-04-17 15:58:45.946627
348fecde-9f01-4315-ba9b-f86c82da9d52,CUST-2021-IT-000050,Salvi,Galilei,Salvi Galilei,Female,1987-11-28,salvi.galilei933@zoho.com,039217470,"Canale Casalodi, 8 Piano 2",Illorai,Ragusa,64032,IT,Italy,EMEA,Italian,Business,None,2021-02-14,2021,RETURNING,True,MDM,2021-02-14 00:00:00,2026-04-17 15:58:45.946630
7845a118-b935-49e5-8ac1-fdce1f59fed5,CUST-2022-IT-000278,Clelia,Trevisani,Clelia Trevisani,Female,1995-08-23,clelia.trevisani@msn.com,+39 3509839304,"Strada Edoardo, 618 Appartamento 24",Paringianu,Milano,47864,IT,Italy,EMEA,Italian,Consumer,Silver,2022-05-18,2022,RETURNING,True,MDM,2022-05-18 00:00:00,2026-04-17 15:58:45.946631
836c060d-fc7b-4174-a225-98ffbb7b5633,CUST-2022-IT-000284,Rosina,Maffei,Rosina Maffei,Female,1982-07-17,rosina.maffei@aol.com,+39 0165706724,"Incrocio Iacobucci, 97 Piano 2",Poiana Maggiore,Genova,27043,IT,Italy,EMEA,Italian,Consumer,None,2022-04-08,2022,RETURNING,True,MDM,2022-04-08 00:00:00,2026-04-17 15:58:45.946633
dadd6a5b-058e-4917-acc4-e62acf498133,CUST-2020-IT-000149,Susanna,Doglioni,Susanna Doglioni,Male,1999-10-29,susanna.doglioni@protonmail.com,+39 3791059836,"Rotonda Maurilio, 4 Piano 8",Marciano,Chieti,30016,IT,Italy,EMEA,Italian,Consumer,None,2020-05-11,2020,RETURNING,True,MDM,2020-05-11 00:00:00,2026-04-17 15:58:45.946635
dd59926f-cb01-468e-a5d2-4db5922e4fa0,CUST-2019-IT-000103,Letizia,Romagnoli,Letizia Romagnoli,Male,1983-08-26,letizia.romagnoli@icloud.com,+39 07349228138,"Rotonda Maria, 222 Appartamento 4",Arpaia,Aosta,38087,IT,Italy,EMEA,Italian,Consumer,Silver,2019-09-03,2019,RETURNING,True,MDM,2019-09-03,2026-04-17 15:58:45.946636
db688647-ac53-4aa4-a77f-25c1bb859c60,CUST-2021-IT-000197,Antonello,Curatoli,Antonello Curatoli,Male,1994-01-13,antonello.curatoli@hotmail.com,+39 3896850330,"Borgo Michele, 41",Telgate,Salerno,30175,IT,Italy,EMEA,Italian,Consumer,Gold,2021-02-01,2021,RETURNING,True,MDM,2021-02-01 00:00:00,2026-04-17 15:58:45.946637
6e02a507-3c98-4a7e-93b8-fbbb8ec5b62d,CUST-2020-IT-000044,Stefania,Segrè,Stefania Segrè,Female,1991-01-24,stefania.segr@zoho.com,+39 3363560684,"Vicolo Renata, 89 Piano 0",Montello,Asti,26040,IT,Italy,EMEA,Italian,Consumer,Silver,2020-01-08,2020,RETURNING,True,MDM,2020-01-08 00:00:00,2026-04-17 15:58:45.946639
693f65a9-94fa-433d-85f3-a825c8ea2e0e,CUST-2023-IT-000297,Rosina,Ceschi,Rosina Ceschi,Female,1995-10-16,rosina.ceschi@gmail.com,3511152628,"Canale Ettore, 539",Campolungo,Terni,63069,IT,Italy,EMEA,Italian,Business,Platinum,2023-07-01,2023,RETURNING,True,MDM,2023-07-01 00:00:00,2026-04-17 15:58:45.946640
36f04697-dc93-4d69-bd8a-af26e396e264,CUST-2023-IT-000167,Dolores,Endrizzi,Dolores Endrizzi,Female,1973-06-20,dolores.endrizzi505@protonmail.com,095051989,"Incrocio Petrocelli, 81",Monsummano Terme,Brindisi,35047,IT,Italy,EMEA,Italian,Consumer,Silver,2023-11-02,2023,RETURNING,True,MDM,2023-11-02 00:00:00,2026-04-17 15:58:45.946641
080070ff-c4df-4d7b-9cfe-efbfe3538407,CUST-2020-IT-000269,Fredo,Altera,Fredo Altera,Male,1967-11-14,fredo.altera325@protonmail.com,0522723144,"Viale Donna, 18 Appartamento 3",Delianuova,Pescara,30020,IT,Italy,EMEA,Italian,Consumer,None,2020-08-24,2020,RETURNING,False,MDM,2020-08-24 00:00:00,2026-04-17 15:58:45.946643
c6f22bf6-ae98-4967-a098-d986544d14cb,CUST-2023-IT-000074,Annetta,Gullotta,Annetta Gullotta,Male,1958-12-20,annetta.gullotta@zoho.com,39752910753,"Piazza Mario, 555",Alfonsine,Treviso,85050,IT,Italy,EMEA,Italian,Education,Platinum,2023-02-17,2023,RETURNING,True,MDM,2023-02-17 00:00:00,2026-04-17 15:58:45.946644
29a48496-e135-4319-a80c-ea90a2ff7813,CUST-2022-IT-000117,Stella,Sanguineti,Stella Sanguineti,Female,1979-07-24,stella.sanguineti@icloud.com,+39 3714339309,"Strada Piero, 210",Ponte Sulla Moletta,L'Aquila,31027,IT,Italy,EMEA,Italian,Consumer,None,2022-03-17,2022,RETURNING,True,MDM,2022-03-17 00:00:00,2026-04-17 15:58:45.946648
e4c2d5a5-aa80-40d9-94ed-1afd62fc7ffa,CUST-2021-IT-000063,Roberta,Fallaci,Roberta Fallaci,Male,2004-10-05,roberta.fallaci@gmx.com,0197809565,"Rotonda Zamorani, 65 Piano 9",Baraggia,Latina,98129,IT,Italy,EMEA,Italian,Consumer,None,2021-08-21,2021,RETURNING,True,MDM,2021-08-21 00:00:00,2026-04-17 15:58:45.946650
cc16beea-1aa8-4d63-a0ea-6ced8b83fc34,CUST-2019-IT-000236,Isabella,Gradenigo,Isabella Gradenigo,Female,1967-02-10,isabella.gradenigo@mail.com,+39 07738171907,"Incrocio Tiziana, 13 Piano 5",Cantone,Vicenza,20069,IT,Italy,EMEA,Italian,Consumer,None,2019-12-06,2019,RETURNING,True,MDM,2019-12-06,2026-04-17 15:58:45.946652
311244e2-77bb-4a17-a9ea-064b38d9365e,CUST-2021-IT-000121,Arnulfo,Traversa,Arnulfo Traversa,Male,1961-12-05,arnulfo.traversa634@gmail.com,0471594968,"Via Martino, 6",Arcole,Potenza,13836,IT,Italy,EMEA,Italian,Education,Silver,2021-03-26,2021,RETURNING,True,MDM,2021-03-26 00:00:00,2026-04-17 15:58:45.946653
4adec800-eb84-4bdf-bc3e-4eae5a58242e,CUST-2022-IT-000135,Ugo,Gatto,Ugo Gatto,Female,2007-03-11,ugo.gatto@mail.com,057375419,"Contrada Lucciano, 116",Albareto,Rovigo,2012,IT,Italy,EMEA,Italian,Education,Platinum,2022-09-30,2022,RETURNING,True,MDM,2022-09-30 00:00:00,2026-04-17 15:58:45.946655
5c5198fb-803f-426f-9478-9f6bfdebea3e,CUST-2019-IT-000229,Serena,Pincherle,Serena Pincherle,Male,1977-06-17,serena.pincherle127@icloud.com,3711609276,"Incrocio Cossiga, 22",Garadassi,Forlì-Cesena,84050,IT,Italy,EMEA,Italian,Consumer,None,2019-08-01,2019,RETURNING,True,MDM,2019-08-01,2026-04-17 15:58:45.946656
fe15c4ff-089f-4abb-baf3-095de2be1635,CUST-2022-IT-000113,Serafina,Capuana,Serafina Capuana,Male,1957-08-31,serafina.capuana@live.com,+39 01838600425,"Stretto Calogero, 761 Appartamento 91",Is Murdegus,Rimini,61044,IT,Italy,EMEA,Italian,Business,None,2022-10-31,2022,RETURNING,True,MDM,2022-10-31 00:00:00,2026-04-17 15:58:45.946658
cf270cfe-6816-4725-8320-b027422e4602,CUST-2023-IT-000234,Costanzo,Gaggini,Costanzo Gaggini,Male,1962-01-08,costanzo.gaggini@gmail.com,+39 0587793781,"Piazza Greco, 452 Piano 8",Terontola,Genova,39034,IT,Italy,EMEA,Italian,Consumer,Platinum,2023-05-16,2023,RETURNING,True,MDM,2023-05-16 00:00:00,2026-04-17 15:58:45.946659
dbaff5f2-5c18-48e7-9408-b7321ed3bc02,CUST-2019-IT-000831,Tatiana,Morpurgo,Tatiana Morpurgo,Female,1982-09-21,tatiana.morpurgo621@icloud.com,3495485315,"Rotonda Flavia, 11",Terreti,Piacenza,61030,IT,Italy,EMEA,Italian,Education,Platinum,2019-11-21,2019,RETURNING,True,MDM,2019-11-21,2026-04-17 15:58:45.946661
560e1b02-f2ef-4228-bfa8-d5831bb2fa8e,CUST-2019-IT-000486,Marta,Volta,Marta Volta,Male,1984-02-21,marta.volta@icloud.com,0424024178,"Via Eugenia, 1",Citerna,Roma,86023,IT,Italy,EMEA,Italian,Consumer,Gold,2019-04-15,2019,RETURNING,True,MDM,2019-04-15,2026-04-17 15:58:45.946662
adcc513b-3db9-4f2d-8101-0efc5eeda7b3,CUST-2021-IT-000040,Paoletta,Vergerio,Paoletta Vergerio,Female,1990-07-10,paoletta.vergerio265@zoho.com,057359925,"Via Zecchini, 830 Appartamento 4",Pregnana Milanese,Oristano,35032,IT,Italy,EMEA,Italian,Business,Gold,2021-02-17,2021,RETURNING,True,MDM,2021-02-17 00:00:00,2026-04-17 15:58:45.946664
a03d833d-f36b-4882-8b03-89e391a26c42,CUST-2023-IT-000334,Ubaldo,Sauro,Ubaldo Sauro,Female,2000-05-09,ubaldo.sauro@zoho.com,080526544,"Incrocio Giovanni, 69 Appartamento 0",Gallodoro,Carbonia-Iglesias,73041,IT,Italy,EMEA,Italian,Education,None,2023-11-30,2023,RETURNING,True,MDM,2023-11-30 00:00:00,2026-04-17 15:58:45.946666
cd05433c-badc-48ab-a112-0759c658ed0f,CUST-2022-IT-000159,Gustavo,Lucciano,Gustavo Lucciano,Male,1993-05-14,gustavo.lucciano@yahoo.com,3774049322,"Canale Antonino, 65",Rifredi,Napoli,8031,IT,Italy,EMEA,Italian,Consumer,Platinum,2022-06-20,2022,RETURNING,True,MDM,2022-06-20 00:00:00,2026-04-17 15:58:45.946667
914e4895-eacb-4fdc-a654-117703f676f0,CUST-2023-IT-000267,Ninetta,Federico,Ninetta Federico,Female,1957-05-17,ninetta.federico684@mail.com,+39 0522276731,"Piazza Federica, 448",Ortacesus,Parma,42015,IT,Italy,EMEA,Italian,Consumer,None,2023-08-10,2023,RETURNING,True,MDM,2023-08-10 00:00:00,2026-04-17 15:58:45.946669
b477dd4c-bfed-41c6-9983-e50550a068f0,CUST-2023-IT-000033,Alderano,Burcardo,Alderano Burcardo,Male,2003-03-09,alderano.burcardo@mail.com,09130471950,"Incrocio Antonino, 13",Elmas,Aosta,32020,IT,Italy,EMEA,Italian,Consumer,Gold,2023-07-08,2023,RETURNING,True,MDM,2023-07-08 00:00:00,2026-04-17 15:58:45.946670
85c170f8-55c6-4317-9280-67a15081d03f,CUST-2021-IT-000087,Atenulf,Torlonia,Atenulf Torlonia,Female,1955-12-27,atenulf.torlonia@aol.com,097421775,"Rotonda Dulbecco, 79 Appartamento 0",Monteviale,Rimini,20063,IT,Italy,EMEA,Italian,Education,None,2021-12-22,2021,RETURNING,True,MDM,2021-12-22 00:00:00,2026-04-17 15:58:45.946672
54bb8327-7fc2-49e2-bd49-f7615fe3667e,CUST-2023-IT-000125,Gioffre,Nicolini,Gioffre Nicolini,Female,1965-02-25,gioffre.nicolini@mail.com,07849185189,"Viale Errigo, 8",Pascolare,Matera,35014,IT,Italy,EMEA,Italian,Consumer,Gold,2023-11-24,2023,RETURNING,True,MDM,2023-11-24 00:00:00,2026-04-17 15:58:45.946674
c382e0be-6d22-4d38-9a25-e6eb19574ad4,CUST-2022-IT-000028,Renzo,Rossellini,Renzo Rossellini,Female,1960-02-13,renzo.rossellini@icloud.com,+39 077639872,"Stretto Fiorenzo, 647",Casteldelfino,Roma,28894,IT,Italy,EMEA,Italian,Business,None,2022-04-01,2022,RETURNING,True,MDM,2022-04-01 00:00:00,2026-04-17 15:58:45.946675
138c225d-3616-4063-a5b5-887f0817dffb,CUST-2019-IT-000209,Giosuè,Greco,Giosuè Greco,Male,1971-02-09,giosu.greco@zoho.com,0522560704,"Contrada Ruggero, 638 Piano 5",Mühlen/Pfalzen,Torino,53036,IT,Italy,EMEA,Italian,Business,None,2019-11-16,2019,RETURNING,True,MDM,2019-11-16,2026-04-17 15:58:45.946677
d09f71ee-91b0-46da-bdd0-0c5d7e9debad,CUST-2021-IT-000061,Sergius,Tamburello,Sergius Tamburello,Male,1966-05-30,sergius.tamburello@hotmail.com,076197363,"Rotonda Paride, 64",Roiate,Sondrio,35122,IT,Italy,EMEA,Italian,Business,Platinum,2021-03-26,2021,RETURNING,True,MDM,2021-03-26 00:00:00,2026-04-17 15:58:45.946678
99552ce5-c667-4259-a463-b6439e6acd07,CUST-2023-IT-000338,Fiorenzo,Vento,Fiorenzo Vento,Female,1990-12-05,fiorenzo.vento517@yahoo.com,3509946582,"Borgo Aldo, 65",Fornaci,Bari,38085,IT,Italy,EMEA,Italian,Education,Silver,2023-05-30,2023,RETURNING,True,MDM,2023-05-30 00:00:00,2026-04-17 15:58:45.946680
67920a19-c674-4609-b1d7-cd2883f81969,CUST-2023-IT-000344,Tina,Anguissola,Tina Anguissola,Male,1992-09-18,tina.anguissola@protonmail.com,076553679,"Rotonda Montalti, 669",Postiglione,Monza e della Brianza,10044,IT,Italy,EMEA,Italian,Consumer,Silver,2023-11-08,2023,RETURNING,True,MDM,2023-11-08 00:00:00,2026-04-17 15:58:45.946681
86d4ea7f-6b9b-4c19-8e8c-0e1c789b0d1a,CUST-2023-IT-000116,Tiziano,Ceravolo,Tiziano Ceravolo,Female,1996-08-21,tiziano.ceravolo462@live.com,+39 05778650922,"Stretto Tullio, 64 Piano 8",Ostra,Novara,86047,IT,Italy,EMEA,Italian,Business,None,2023-07-27,2023,RETURNING,True,MDM,2023-07-27 00:00:00,2026-04-17 15:58:45.946683
c5ef1a17-5955-4373-8a19-fb61d10c967e,CUST-2023-IT-000132,Luisa,Soffici,Luisa Soffici,Female,1998-05-04,luisa.soffici@gmail.com,+39 0881142926,"Via Zaccardo, 3 Appartamento 8",Bargano,Gorizia,47842,IT,Italy,EMEA,Italian,Consumer,Platinum,2023-03-31,2023,RETURNING,True,MDM,2023-03-31 00:00:00,2026-04-17 15:58:45.946684
103e8ffd-3c99-43c4-8339-eaf2e6d1e085,CUST-2021-IT-000250,Barbara,Odescalchi,Barbara Odescalchi,Male,2004-11-28,barbara.odescalchi@protonmail.com,0773622122,"Canale Ugolino, 337",Portocannone,Lucca,82015,IT,Italy,EMEA,Italian,Business,None,2021-01-06,2021,RETURNING,True,MDM,2021-01-06 00:00:00,2026-04-17 15:58:45.946686
1f243384-d834-4443-abe0-e11e92907eec,CUST-2021-IT-000043,Salvi,Cicala,Salvi Cicala,Female,1986-05-23,salvi.cicala114@gmail.com,057235016,"Rotonda Ubaldo, 96 Piano 8",Ussel,Sondrio,47043,IT,Italy,EMEA,Italian,Consumer,Silver,2021-07-16,2021,RETURNING,True,MDM,2021-07-16 00:00:00,2026-04-17 15:58:45.946688
d11f9576-b283-445f-b145-39511f083a7b,CUST-2023-IT-000218,Fiamma,Guariento,Fiamma Guariento,Male,1961-01-06,fiamma.guariento799@protonmail.com,+39 0732840362,"Piazza Serafina, 15 Appartamento 33",Cave,Trento,50,IT,Italy,EMEA,Italian,Consumer,Gold,2023-07-30,2023,RETURNING,True,MDM,2023-07-30 00:00:00,2026-04-17 15:58:45.946689
a1f26214-125b-427d-b45d-70601ad23585,CUST-2019-IT-000866,Giovanni,Petrassi,Giovanni Petrassi,Male,1981-12-10,giovanni.petrassi@aol.com,0341484854,"Rotonda Adamo, 57 Appartamento 13",Monastir,Vicenza,95049,IT,Italy,EMEA,Italian,Education,None,2019-12-05,2019,RETURNING,True,MDM,2019-12-05,2026-04-17 15:58:45.946695
338eac0d-fef4-4836-84ea-1759c888ed71,CUST-2023-IT-000058,Pasqual,Zoppetti,Pasqual Zoppetti,Male,1967-06-24,pasqual.zoppetti@zoho.com,+39 3891139764,"Viale Gaiatto, 22 Appartamento 91",Castelpetroso,Trento,10094,IT,Italy,EMEA,Italian,Consumer,None,2023-10-13,2023,RETURNING,True,MDM,2023-10-13 00:00:00,2026-04-17 15:58:45.946697
82cb203f-b9d6-4b46-838e-a5468ac1856a,CUST-2023-IT-000093,Gaetano,Satriani,Gaetano Satriani,Male,1968-11-20,gaetano.satriani@outlook.com,016362689,"Contrada Foletti, 2 Piano 6",Moncioni,Trieste,23833,IT,Italy,EMEA,Italian,Consumer,Platinum,2023-07-16,2023,RETURNING,True,MDM,2023-07-16 00:00:00,2026-04-17 15:58:45.946698
a2f65d1a-0a38-4f64-8906-d5331b753fa4,CUST-2020-IT-000278,Ruggero,Pisacane,Ruggero Pisacane,Male,1952-03-16,ruggero.pisacane@protonmail.com,09213738544,"Vicolo Viridiana, 20",Monterotondo Stazione,Savona,29,IT,Italy,EMEA,Italian,Consumer,None,2020-09-30,2020,RETURNING,True,MDM,2020-09-30 00:00:00,2026-04-17 15:58:45.946700
1e00c4e7-30b1-4135-949a-93d849d3adff,CUST-2023-IT-000158,Franco,Fiorucci,Franco Fiorucci,Male,1967-08-11,franco.fiorucci54@gmail.com,0536050277,"Viale Gargallo, 57 Appartamento 60",Sant'Eusanio Del Sangro,Barletta-Andria-Trani,42021,IT,Italy,EMEA,Italian,Consumer,Silver,2023-10-04,2023,RETURNING,True,MDM,2023-10-04 00:00:00,2026-04-17 15:58:45.946702
f89d86d7-f754-4600-b8c1-0753460b027e,CUST-2022-IT-000017,Margherita,Argan,Margherita Argan,Male,1986-06-14,margherita.argan@icloud.com,3201837352,"Vicolo Temistocle, 86",Pian Di Borno,Gorizia,53041,IT,Italy,EMEA,Italian,Consumer,None,2022-05-21,2022,RETURNING,True,MDM,2022-05-21 00:00:00,2026-04-17 15:58:45.946704
98660110-2d15-479b-9bca-d7da62352565,CUST-2019-IT-000563,Ugo,Cicala,Ugo Cicala,Female,1960-07-13,ugo.cicala509@icloud.com,+39 0919856912,"Piazza Erika, 6",Sasso,Prato,25027,IT,Italy,EMEA,Italian,Consumer,Gold,2019-10-06,2019,RETURNING,True,MDM,2019-10-06,2026-04-17 15:58:45.946705
2e48a410-3276-408b-ae96-135813de7947,CUST-2019-IT-000480,Mercedes,Federici,Mercedes Federici,Male,1958-12-22,mercedes.federici@aol.com,+39 0862504323,"Canale Guglielmi, 26 Appartamento 6",Valle Lomellina,Lucca,58043,IT,Italy,EMEA,Italian,Consumer,None,2019-03-23,2019,RETURNING,True,MDM,2019-03-23,2026-04-17 15:58:45.946707
9b35dfb2-7342-42ea-ae4c-b05016175563,CUST-2020-IT-000282,Hugo,Tomasini,Hugo Tomasini,Male,1982-11-04,hugo.tomasini145@hotmail.com,+39 016639303,"Incrocio Evangelista, 1",Grotta,Catanzaro,4021,IT,Italy,EMEA,Italian,Education,Silver,2020-12-04,2020,RETURNING,True,MDM,2020-12-04 00:00:00,2026-04-17 15:58:45.946709
4ad9193b-9b4a-4027-bd68-c110553f44e8,CUST-2022-IT-000239,Angelo,Canevascini,Angelo Canevascini,Female,1958-05-14,angelo.canevascini261@msn.com,3335802716,"Viale Antonello, 91 Piano 4",Doria,Pordenone,27014,IT,Italy,EMEA,Italian,Consumer,Gold,2022-05-16,2022,RETURNING,True,MDM,2022-05-16 00:00:00,2026-04-17 15:58:45.946710
08989ea8-0259-494f-8d5e-328c49215936,CUST-2020-IT-000285,Rolando,Cattaneo,Rolando Cattaneo,Male,1990-08-15,rolando.cattaneo@outlook.com,392354043,"Canale Dante, 84 Appartamento 20",Chez Croiset,Forlì-Cesena,29012,IT,Italy,EMEA,Italian,Business,None,2020-08-30,2020,RETURNING,True,MDM,2020-08-30 00:00:00,2026-04-17 15:58:45.946712
213f28fb-3ff3-4eb0-8c64-dbe801ed2856,CUST-2020-IT-000202,Corrado,Paruta,Corrado Paruta,Male,2000-04-16,corrado.paruta835@yahoo.com,+39 0166984384,"Via Stefano, 59",Briga Marina,Forlì-Cesena,4012,IT,Italy,EMEA,Italian,Consumer,Silver,2020-10-19,2020,RETURNING,True,MDM,2020-10-19 00:00:00,2026-04-17 15:58:45.946713
d414a242-2f26-48e3-9573-872ab3f0cac3,CUST-2021-IT-000151,Delfino,Orsini,Delfino Orsini,Male,1997-03-28,delfino.orsini@zoho.com,+39 042577149,"Vicolo Liberto, 624",Borgo Castelletto,Medio Campidano,90035,IT,Italy,EMEA,Italian,Consumer,Silver,2021-01-18,2021,RETURNING,True,MDM,2021-01-18 00:00:00,2026-04-17 15:58:45.946714
b99d7bed-fa0f-4312-8de1-04dfe908ba8c,CUST-2022-IT-000112,Fiamma,Ferrari,Fiamma Ferrari,Female,1964-06-23,fiamma.ferrari@mail.com,07379145060,"Piazza Gilberto, 0 Piano 9",Borgonuovo,Pistoia,9029,IT,Italy,EMEA,Italian,Education,Gold,2022-03-09,2022,RETURNING,True,MDM,2022-03-09 00:00:00,2026-04-17 15:58:45.946716
0b4eaaa7-bc63-45e4-8185-26e695f96c98,CUST-2020-IT-000012,Pina,Pasqua,Pina Pasqua,Male,1966-01-28,pina.pasqua@icloud.com,+39 3813066615,"Piazza Mastroianni, 47 Piano 6",Lavinaio,Bari,41053,IT,Italy,EMEA,Italian,Consumer,Platinum,2020-02-18,2020,RETURNING,True,MDM,2020-02-18 00:00:00,2026-04-17 15:58:45.946717
39797b3c-e08d-4240-87c6-9f1fe4674cb2,CUST-2023-IT-000035,Milena,Sagnelli,Milena Sagnelli,Male,2004-10-31,milena.sagnelli@live.com,39242705795,"Piazza Salgari, 21 Piano 1",Cappelletta,Frosinone,4014,IT,Italy,EMEA,Italian,Consumer,Silver,2023-10-25,2023,RETURNING,True,MDM,2023-10-25 00:00:00,2026-04-17 15:58:45.946719
3d539b80-283c-40fc-bd84-ca4722ca3b76,CUST-2022-IT-000295,Alessio,Ligorio,Alessio Ligorio,Male,2004-03-01,alessio.ligorio808@yahoo.com,3428889081,"Incrocio Venditti, 332",Santa Lucia Di Battipaglia,Messina,20886,IT,Italy,EMEA,Italian,Consumer,None,2022-08-05,2022,RETURNING,True,MDM,2022-08-05 00:00:00,2026-04-17 15:58:45.946720
06ed1df1-b910-40c7-a14a-6aaa84c5d1af,CUST-2023-IT-000292,Antonio,Ramazzotti,Antonio Ramazzotti,Female,2002-10-01,antonio.ramazzotti@mail.com,0934200604,"Borgo Combi, 33 Appartamento 4",Labro,Ancona,4016,IT,Italy,EMEA,Italian,Consumer,Silver,2023-12-08,2023,RETURNING,True,MDM,2023-12-08 00:00:00,2026-04-17 15:58:45.946722
d0bea2d7-4396-4a23-8a48-fcc711bba7d2,CUST-2019-IT-000436,Liana,Costalonga,Liana Costalonga,Male,1994-03-19,liana.costalonga@mail.com,+39 0564710250,"Stretto Murialdo, 113",Montorsi,Pavia,82019,IT,Italy,EMEA,Italian,Consumer,Platinum,2019-04-01,2019,RETURNING,True,MDM,2019-04-01,2026-04-17 15:58:45.946726
d0f2c023-6997-4780-9eaa-f810f6bdd3fd,CUST-2020-IT-000026,Ezio,Federici,Ezio Federici,Male,1953-11-01,ezio.federici663@protonmail.com,3515674124,"Vicolo Filippa, 54 Piano 9",Ghirano,Genova,87100,IT,Italy,EMEA,Italian,Consumer,None,2020-12-28,2020,RETURNING,True,MDM,2020-12-28 00:00:00,2026-04-17 15:58:45.946728
2e517f0d-3fec-4300-827a-9573fd3dc1e5,CUST-2019-IT-000401,Pompeo,Monte,Pompeo Monte,Female,1967-07-31,pompeo.monte@hotmail.com,+39 077512762,"Viale Benvenuto, 6",Pollenzo,Grosseto,39025,IT,Italy,EMEA,Italian,Consumer,None,2019-03-16,2019,RETURNING,True,MDM,2019-03-16,2026-04-17 15:58:45.946730
c2864dd5-d2dc-47d4-8cd5-c57c88f1bc03,CUST-2023-IT-000013,Annunziata,Gotti,Annunziata Gotti,Male,1967-07-30,annunziata.gotti@hotmail.com,0382875840,"Rotonda Piergiuseppe, 30 Piano 5",Borgo Cerreto,Matera,84087,IT,Italy,EMEA,Italian,Consumer,Silver,2023-01-04,2023,RETURNING,True,MDM,2023-01-04 00:00:00,2026-04-17 15:58:45.946732
59b9424d-5fb7-4745-ae9e-266eb1a1a0db,CUST-2021-IT-000020,Luisa,Capone,Luisa Capone,Female,1986-12-16,luisa.capone@icloud.com,+39 0571088343,"Via Pietro, 8",Empoli,Rovigo,87018,IT,Italy,EMEA,Italian,Consumer,Silver,2021-11-29,2021,RETURNING,True,MDM,2021-11-29 00:00:00,2026-04-17 15:58:45.946733
005fdc12-4936-40d6-bff4-6d507849f2a5,CUST-2022-IT-000253,Gianna,Tencalla,Gianna Tencalla,Female,2006-07-19,gianna.tencalla@live.com,+39 0499974923,"Via Venditti, 321 Piano 9",Madonna Della Scala,Pisa,21013,IT,Italy,EMEA,Italian,Consumer,None,2022-03-29,2022,RETURNING,True,MDM,2022-03-29 00:00:00,2026-04-17 15:58:45.946735
ec41953b-cf2c-4107-8886-d719f0a6fb6f,CUST-2023-IT-000121,Ivo,Sauro,Ivo Sauro,Female,1968-03-23,ivo.sauro962@hotmail.com,+39 0281939558,"Via Fermi, 5 Piano 3",Segromigno In Piano,Bari,21053,IT,Italy,EMEA,Italian,Consumer,Silver,2023-08-06,2023,RETURNING,True,MDM,2023-08-06 00:00:00,2026-04-17 15:58:45.946736
6b7f06bd-7948-4a50-b2c0-2890127deae5,CUST-2020-IT-000179,Loredana,Boccherini,Loredana Boccherini,Male,1964-06-30,loredana.boccherini@gmail.com,371179978,"Strada Carocci, 5",Camini,Catania,84053,IT,Italy,EMEA,Italian,Consumer,Gold,2020-07-14,2020,RETURNING,True,MDM,2020-07-14 00:00:00,2026-04-17 15:58:45.946738
79d9d46c-d657-4fe9-afc2-06a9928b1480,CUST-2022-IT-000313,Luciana,Trussardi,Luciana Trussardi,Male,1970-11-02,luciana.trussardi@outlook.com,+39 08056630771,"Borgo Miniati, 267 Piano 1",Setteca',Vicenza,11018,IT,Italy,EMEA,Italian,Consumer,Gold,2022-09-13,2022,RETURNING,True,MDM,2022-09-13 00:00:00,2026-04-17 15:58:45.946740
0252b0de-c22a-405a-880f-d6491fb7f428,CUST-2022-IT-000149,Ramona,Petruzzi,Ramona Petruzzi,Female,1962-05-15,ramona.petruzzi@msn.com,04316215766,"Via Goldoni, 4",Prade,Livorno,34133,IT,Italy,EMEA,Italian,Consumer,Platinum,2022-02-04,2022,RETURNING,True,MDM,2022-02-04 00:00:00,2026-04-17 15:58:45.946744
f0855e0f-08cd-4d58-a59c-0e8970cb2438,CUST-2023-IT-000341,Mattia,Tuzzolino,Mattia Tuzzolino,Female,1956-05-16,mattia.tuzzolino@zoho.com,+39 05830831780,"Vicolo Gionata, 463 Piano 8",Magione,Treviso,28896,IT,Italy,EMEA,Italian,Consumer,Silver,2023-03-30,2023,RETURNING,True,MDM,2023-03-30 00:00:00,2026-04-17 15:58:45.946745
249d07dd-935c-4a3e-8e43-617a1f6fbc53,CUST-2022-IT-000030,Nico,Bergoglio,Nico Bergoglio,Female,1975-08-06,nico.bergoglio@aol.com,+39 3512369057,"Rotonda Platini, 77",Priero,Pordenone,28865,IT,Italy,EMEA,Italian,Business,None,2022-02-28,2022,RETURNING,True,MDM,2022-02-28 00:00:00,2026-04-17 15:58:45.946747
27b45018-043c-4ed7-a7d1-b2b3ace64de3,CUST-2023-IT-000285,Nina,Ammaniti,Nina Ammaniti,Female,1965-11-02,nina.ammaniti250@icloud.com,3778898050,"Strada Moschino, 8 Piano 9",San Didero,Savona,63078,IT,Italy,EMEA,Italian,Consumer,None,2023-08-04,2023,RETURNING,True,MDM,2023-08-04 00:00:00,2026-04-17 15:58:45.946749
f8c7becc-73a7-4d92-95f1-ab63f9c83c87,CUST-2023-IT-000274,Mattia,Lucchesi,Mattia Lucchesi,Male,1967-03-01,mattia.lucchesi@yahoo.com,+39 012472598,"Rotonda Tatiana, 53",Bancali,Trapani,98155,IT,Italy,EMEA,Italian,Consumer,None,2023-12-14,2023,RETURNING,True,MDM,2023-12-14 00:00:00,2026-04-17 15:58:45.946751
a6e773dd-f351-4a7a-ab65-3ea3d2b8b6db,CUST-2022-IT-000325,Liana,Interminelli,Liana Interminelli,Male,1996-11-21,liana.interminelli@aol.com,333593885,"Contrada Claudio, 97",Caderzone,Trieste,21038,IT,Italy,EMEA,Italian,Consumer,None,2022-03-30,2022,RETURNING,True,MDM,2022-03-30 00:00:00,2026-04-17 15:58:45.946753
c9ef04af-515f-47ff-9f8d-9c5e1407a56e,CUST-2019-IT-000524,Vincentio,Rizzo,Vincentio Rizzo,Female,2007-04-20,vincentio.rizzo@aol.com,+39 0802423379,"Piazza Antonietta, 283 Appartamento 92",Loiano,Livorno,89864,IT,Italy,EMEA,Italian,Education,None,2019-03-14,2019,RETURNING,True,MDM,2019-03-14,2026-04-17 15:58:45.946754
e3486fd6-e283-4462-a53f-9da996c0d2af,CUST-2023-IT-000192,Bianca,Argento,Bianca Argento,Female,1962-01-24,bianca.argento@icloud.com,+39 0376304912,"Stretto Finetti, 24 Appartamento 83",Semestene,Caltanissetta,5012,IT,Italy,EMEA,Italian,Education,Platinum,2023-07-22,2023,RETURNING,True,MDM,2023-07-22 00:00:00,2026-04-17 15:58:45.946756
09555b5c-a856-4e51-9f0c-0b0fc8ef87ee,CUST-2023-IT-000157,Martina,Balbi,Martina Balbi,Female,2008-03-24,martina.balbi265@hotmail.com,+39 012470441,"Piazza Acerbi, 2 Appartamento 38",Pianello,Brescia,25033,IT,Italy,EMEA,Italian,Consumer,Silver,2023-10-11,2023,RETURNING,True,MDM,2023-10-11 00:00:00,2026-04-17 15:58:45.946757
b814c4d9-7766-468b-b2b9-dcdaed4fff34,CUST-2022-IT-000088,Ivan,Trebbi,Ivan Trebbi,Male,1993-02-06,ivan.trebbi@protonmail.com,+39 323044219,"Stretto Luria, 63",Crosano,Latina,72015,IT,Italy,EMEA,Italian,Consumer,None,2022-09-28,2022,RETURNING,True,MDM,2022-09-28 00:00:00,2026-04-17 15:58:45.946759
644afee6-e13d-41a9-ae64-000d54cb44b8,CUST-2020-IT-000021,Paola,Modiano,Paola Modiano,Male,1959-09-02,paola.modiano@live.com,+39 35156325218,"Borgo Donatella, 1 Appartamento 6",Castelpoggio,Olbia-Tempio,98069,IT,Italy,EMEA,Italian,Consumer,Platinum,2020-05-01,2020,RETURNING,True,MDM,2020-05-01 00:00:00,2026-04-17 15:58:45.946760
2bf6f63f-37aa-4734-9baf-e9973398a056,CUST-2023-IT-000219,Calogero,Barzini,Calogero Barzini,Female,1954-07-14,calogero.barzini908@gmx.com,+39 07821114802,"Viale Pietro, 17",Rigolizia,Belluno,39035,IT,Italy,EMEA,Italian,Consumer,None,2023-05-13,2023,RETURNING,True,MDM,2023-05-13 00:00:00,2026-04-17 15:58:45.946762
dcaa03d9-35cd-474c-90d5-4e7c48959803,CUST-2022-IT-000248,Panfilo,Travaglia,Panfilo Travaglia,Male,1970-12-08,panfilo.travaglia414@icloud.com,3363671945,"Contrada Taccola, 87",Albions,Palermo,80070,IT,Italy,EMEA,Italian,Consumer,Silver,2022-11-29,2022,RETURNING,True,MDM,2022-11-29 00:00:00,2026-04-17 15:58:45.946763
cb260eba-2d23-4091-9a7b-913eb776e7a4,CUST-2021-IT-000254,Patrizia,Cimarosa,Patrizia Cimarosa,Male,1991-04-20,patrizia.cimarosa@msn.com,+39 0587945203,"Canale Federigo, 63 Appartamento 9",Moncioni,Macerata,17041,IT,Italy,EMEA,Italian,Business,Silver,2021-11-01,2021,RETURNING,True,MDM,2021-11-01 00:00:00,2026-04-17 15:58:45.946765
0ab4e5de-a2d4-4138-b263-869a120dafae,CUST-2019-IT-000516,Umberto,Tornatore,Umberto Tornatore,Female,2001-01-25,umberto.tornatore826@outlook.com,09059528862,"Borgo Bernini, 597 Piano 8",Tonfano,Caserta,73033,IT,Italy,EMEA,Italian,Consumer,Gold,2019-01-03,2019,RETURNING,True,MDM,2019-01-03,2026-04-17 15:58:45.946766
6b2b9335-610a-45ae-9784-ddfc34a7acd5,CUST-2023-IT-000072,Livio,Abba,Livio Abba,Male,1963-06-04,livio.abba@mail.com,07829872286,"Incrocio Fallaci, 16 Piano 9",Somma Lombardo,Alessandria,67052,IT,Italy,EMEA,Italian,Consumer,None,2023-12-06,2023,RETURNING,False,MDM,2023-12-06 00:00:00,2026-04-17 15:58:45.946768
3e12ca99-c6ca-4395-907f-64fb9d55b001,CUST-2020-IT-000139,Gaetano,Bompiani,Gaetano Bompiani,Female,1981-03-23,gaetano.bompiani@hotmail.com,+39 0816553780,"Strada Marenzio, 65",Avegno,Lodi,63847,IT,Italy,EMEA,Italian,Education,None,2020-10-05,2020,RETURNING,False,MDM,2020-10-05 00:00:00,2026-04-17 15:58:45.946770
75013203-ddd0-4ca4-b537-1c89bda6d7f9,CUST-2023-IT-000229,Ferdinando,Argentero,Ferdinando Argentero,Female,1999-03-09,ferdinando.argentero591@icloud.com,+39 0898960286,"Vicolo Guglielmo, 0",Catanzaro Sala,La Spezia,4019,IT,Italy,EMEA,Italian,Consumer,None,2023-04-24,2023,RETURNING,True,MDM,2023-04-24 00:00:00,2026-04-17 15:58:45.946771
052d02df-44a6-4a19-a67d-57f872bec75c,CUST-2023-IT-000052,Filippa,Rocca,Filippa Rocca,Male,1951-06-07,filippa.rocca823@aol.com,37801424235,"Viale Cocci, 6",Triana,Nuoro,30031,IT,Italy,EMEA,Italian,Consumer,Silver,2023-12-01,2023,RETURNING,True,MDM,2023-12-01 00:00:00,2026-04-17 15:58:45.946773
328e197e-d334-4ba2-add6-d089a456e911,CUST-2021-IT-000172,Alessia,Spallanzani,Alessia Spallanzani,Female,1955-06-15,alessia.spallanzani@zoho.com,0422311130,"Vicolo Pininfarina, 9",Villaggio Garbagnate,Verbano-Cusio-Ossola,89824,IT,Italy,EMEA,Italian,Consumer,Gold,2021-01-15,2021,RETURNING,True,MDM,2021-01-15 00:00:00,2026-04-17 15:58:45.946775
86d1d4ec-10df-44c6-ad35-da26dfd37fce,CUST-2019-IT-000565,Renata,Canetta,Renata Canetta,Male,1976-06-09,renata.canetta670@gmx.com,+39 057323301,"Rotonda Nicola, 3",Castelfranco In Miscano,Forlì-Cesena,3017,IT,Italy,EMEA,Italian,Consumer,Silver,2019-10-20,2019,RETURNING,True,MDM,2019-10-20,2026-04-17 15:58:45.946776
d73f201f-7fba-4780-ad09-e5e212495a0c,CUST-2022-IT-000250,Luisa,Correr,Luisa Correr,Male,1991-07-26,luisa.correr@yahoo.com,+39 0881980539,"Piazza Caboto, 31 Piano 5",Quartu Sant'Elena,Alessandria,36029,IT,Italy,EMEA,Italian,Business,Platinum,2022-07-10,2022,RETURNING,True,MDM,2022-07-10 00:00:00,2026-04-17 15:58:45.946777
24d6d34d-a7ac-4bb8-bfa0-74748ad587ef,CUST-2023-IT-000110,Franco,Bassi,Franco Bassi,Male,1989-11-24,franco.bassi29@protonmail.com,0932119787,"Canale Guarana, 48 Appartamento 81",Boccassuolo,Medio Campidano,72012,IT,Italy,EMEA,Italian,Consumer,Platinum,2023-05-10,2023,RETURNING,True,MDM,2023-05-10 00:00:00,2026-04-17 15:58:45.946779
58fa12ba-f1b7-4ede-b61d-7461a30f8643,CUST-2019-IT-000832,Luchino,Nitto,Luchino Nitto,Female,2006-10-28,luchino.nitto@aol.com,+39 353336788,"Via Morucci, 29 Appartamento 65",San Cristoforo Al Lago,Vicenza,45037,IT,Italy,EMEA,Italian,Consumer,Gold,2019-02-23,2019,RETURNING,True,MDM,2019-02-23,2026-04-17 15:58:45.946780
edb7ab24-3b97-4595-a5b2-08af512ca159,CUST-2021-IT-000147,Emilio,Lippomano,Emilio Lippomano,Female,1978-06-23,emilio.lippomano321@aol.com,08653293788,"Canale Livio, 211 Piano 5",Torre Grande,Grosseto,98155,IT,Italy,EMEA,Italian,Consumer,None,2021-06-08,2021,RETURNING,True,MDM,2021-06-08 00:00:00,2026-04-17 15:58:45.946782
b631ea5d-3c11-429a-b3a4-b2a44761171c,CUST-2022-IT-000022,Pomponio,Gaiatto,Pomponio Gaiatto,Male,1968-10-13,pomponio.gaiatto@yahoo.com,+39 0421615376,"Incrocio Udinese, 1 Appartamento 8",Marciano,Imperia,80041,IT,Italy,EMEA,Italian,Consumer,Gold,2022-02-23,2022,RETURNING,True,MDM,2022-02-23 00:00:00,2026-04-17 15:58:45.946783
a206fde0-6cb4-48eb-b78c-361b42a72d61,CUST-2019-IT-000416,Edoardo,Antonucci,Edoardo Antonucci,Male,1961-04-08,edoardo.antonucci@gmail.com,063767746,"Vicolo Benito, 977 Piano 1",Montefino,Fermo,23808,IT,Italy,EMEA,Italian,Consumer,None,2019-04-09,2019,RETURNING,True,MDM,2019-04-09,2026-04-17 15:58:45.946785
446d1468-1034-45f9-ab93-e0a31810d031,CUST-2022-IT-000301,Letizia,Benussi,Letizia Benussi,Female,1955-08-20,letizia.benussi@live.com,+39 3516665582,"Borgo Franscini, 5 Appartamento 5",Villa San Sebastiano,Milano,98061,IT,Italy,EMEA,Italian,Education,Platinum,2022-01-25,2022,RETURNING,True,MDM,2022-01-25 00:00:00,2026-04-17 15:58:45.946787
af46eb32-5cdd-4777-a728-de82c419d7b3,CUST-2023-IT-000228,Vanessa,Polani,Vanessa Polani,Male,1957-07-18,vanessa.polani@icloud.com,+39 371178625,"Incrocio Gioffre, 2",Ginestreto,Ancona,8025,IT,Italy,EMEA,Italian,Consumer,Platinum,2023-01-08,2023,RETURNING,True,MDM,2023-01-08 00:00:00,2026-04-17 15:58:45.946788
023d1433-324f-4e1d-ba63-c20c9e1329e0,CUST-2023-IT-000165,Ilaria,Montalcini,Ilaria Montalcini,Female,1989-11-29,ilaria.montalcini@yahoo.com,0509259212,"Piazza Mario, 17",Casa Castalda,Campobasso,27024,IT,Italy,EMEA,Italian,Consumer,None,2023-09-16,2023,RETURNING,True,MDM,2023-09-16 00:00:00,2026-04-17 15:58:45.946790
b12fa6e2-a7f1-4db2-b20d-9a7fe0c50117,CUST-2022-IT-000160,Damiano,Argan,Damiano Argan,Male,1976-09-29,damiano.argan@zoho.com,+39 3403242512,"Piazza Chiara, 867",Pralormo,Palermo,63826,IT,Italy,EMEA,Italian,Consumer,Silver,2022-02-07,2022,RETURNING,True,MDM,2022-02-07 00:00:00,2026-04-17 15:58:45.946791
0739c708-cb7e-40d9-a9fd-c1c2c93bbd6f,CUST-2023-IT-000185,Giacobbe,Chiappetta,Giacobbe Chiappetta,Female,1969-09-05,giacobbe.chiappetta@aol.com,+39 09846677077,"Vicolo Florio, 49",Bagno Di Gavorrano,Bari,24125,IT,Italy,EMEA,Italian,Education,Gold,2023-05-16,2023,RETURNING,True,MDM,2023-05-16 00:00:00,2026-04-17 15:58:45.946793
23b8d261-38c8-45f0-acb4-7e79c9bf5ed3,CUST-2023-IT-000248,Martino,Finotto,Martino Finotto,Female,1971-01-06,martino.finotto685@msn.com,+39 0735999883,"Piazza Ernesto, 56 Appartamento 61",Magno,Matera,11029,IT,Italy,EMEA,Italian,Business,Silver,2023-04-13,2023,RETURNING,True,MDM,2023-04-13 00:00:00,2026-04-17 15:58:45.946794
1c3e1645-c973-425d-be08-732d6dc91358,CUST-2023-IT-000111,Allegra,Pulci,Allegra Pulci,Female,1970-12-21,allegra.pulci@live.com,01719806499,"Viale Necci, 8 Piano 5",Livemmo,Como,125,IT,Italy,EMEA,Italian,Consumer,None,2023-06-04,2023,RETURNING,True,MDM,2023-06-04 00:00:00,2026-04-17 15:58:45.946796
abd71ae8-4dd7-45a1-adaa-0a0c622af691,CUST-2023-IT-000330,Amico,Pratesi,Amico Pratesi,Male,1985-06-27,amico.pratesi@gmx.com,088443074,"Rotonda Ornella, 97 Piano 9",Fastello,Rimini,67048,IT,Italy,EMEA,Italian,Consumer,Gold,2023-02-05,2023,RETURNING,True,MDM,2023-02-05 00:00:00,2026-04-17 15:58:45.946799
c7076d78-7cb1-4918-861e-308eebd7fbc0,CUST-2020-IT-000127,Ernesto,Salvini,Ernesto Salvini,Male,1972-09-14,ernesto.salvini@icloud.com,+39 037362778,"Piazza Morpurgo, 251",Cadeo,Cosenza,28814,IT,Italy,EMEA,Italian,Consumer,Platinum,2020-03-08,2020,RETURNING,True,MDM,2020-03-08 00:00:00,2026-04-17 15:58:45.946800
50813f25-3a2c-4c72-a5c9-6685868c5650,CUST-2019-IT-000029,Agostino,Chinnici,Agostino Chinnici,Male,1984-10-10,agostino.chinnici@outlook.com,+39 0832672773,"Viale Paoletti, 15 Piano 0",Malosco,Matera,54023,IT,Italy,EMEA,Italian,Consumer,Platinum,2019-06-07,2019,RETURNING,True,MDM,2019-06-07,2026-04-17 15:58:45.946802
37c9dd59-3219-4fa0-b9a6-bfcc4fc89146,CUST-2019-IT-000365,Eleanora,Dossetti,Eleanora Dossetti,Male,1987-11-24,eleanora.dossetti@protonmail.com,+39 35054156031,"Incrocio Romiti, 89",La Thuile,Padova,27028,IT,Italy,EMEA,Italian,Consumer,Silver,2019-09-24,2019,RETURNING,True,MDM,2019-09-24,2026-04-17 15:58:45.946803
f2e75aca-b1d9-4bb7-9142-be3ebe5e84fd,CUST-2021-IT-000081,Ignazio,Broschi,Ignazio Broschi,Male,2003-03-09,ignazio.broschi161@live.com,+39 03212719246,"Stretto Santoro, 2",Perdonig,Grosseto,22011,IT,Italy,EMEA,Italian,Consumer,Silver,2021-11-25,2021,RETURNING,True,MDM,2021-11-25 00:00:00,2026-04-17 15:58:45.946804
7d3a5d18-5e86-42a5-b885-4ea3898b59ca,CUST-2019-IT-000167,Beppe,Peranda,Beppe Peranda,Male,2007-07-07,beppe.peranda733@gmx.com,0331635792,"Strada Oliboni, 29",Crespadoro,Perugia,37051,IT,Italy,EMEA,Italian,Consumer,None,2019-02-02,2019,RETURNING,True,MDM,2019-02-02,2026-04-17 15:58:45.946806
4b81b776-801c-4696-8d5b-9c19dc668bee,CUST-2023-IT-000243,Gianluigi,Smirnoff,Gianluigi Smirnoff,Female,1987-10-07,gianluigi.smirnoff@gmail.com,+39 0425930172,"Vicolo Luigi, 7",Spessa,Siena,24014,IT,Italy,EMEA,Italian,Education,Silver,2023-05-14,2023,RETURNING,True,MDM,2023-05-14 00:00:00,2026-04-17 15:58:45.946808
466dd599-4d4f-4b73-bb80-9bc0e2df5bbf,CUST-2022-IT-000147,Giuseppina,Scalera,Giuseppina Scalera,Male,2002-03-14,giuseppina.scalera894@gmail.com,35178274452,"Strada Zaira, 2",Tocchi,Lecco,80139,IT,Italy,EMEA,Italian,Consumer,None,2022-12-29,2022,RETURNING,True,MDM,2022-12-29 00:00:00,2026-04-17 15:58:45.946809
8d84728f-dbe3-416a-91d4-f94af0d92cab,CUST-2019-IT-000899,Girolamo,Bertoni,Girolamo Bertoni,Female,2005-10-30,girolamo.bertoni@protonmail.com,0705482837,"Via Legnante, 41",Milanere,Gorizia,9126,IT,Italy,EMEA,Italian,Consumer,Platinum,2019-10-03,2019,RETURNING,True,MDM,2019-10-03,2026-04-17 15:58:45.946811
90933faf-62f5-45c3-add4-06170427a6e9,CUST-2019-IT-000107,Antonietta,Gritti,Antonietta Gritti,Female,1999-02-02,antonietta.gritti@protonmail.com,0884506812,"Vicolo Micheletto, 7",Isola Del Liri,Sondrio,15054,IT,Italy,EMEA,Italian,Consumer,None,2019-02-04,2019,RETURNING,False,MDM,2019-02-04,2026-04-17 15:58:45.946817
9efb06fc-ff9e-47f3-9f06-e27a06ef5cb1,CUST-2021-IT-000072,Federico,Modigliani,Federico Modigliani,Male,1953-04-01,federico.modigliani425@gmail.com,0835856831,"Stretto Severino, 84",Viterbo,Pesaro e Urbino,37038,IT,Italy,EMEA,Italian,Consumer,None,2021-05-19,2021,RETURNING,True,MDM,2021-05-19 00:00:00,2026-04-17 15:58:45.946819
12723222-a554-4a5f-9bb7-8f58115c043b,CUST-2022-IT-000101,Ornella,Bataglia,Ornella Bataglia,Male,1972-09-01,ornella.bataglia@protonmail.com,+39 3318949413,"Borgo Silvia, 338",Borgaria Di Narni,Como,13874,IT,Italy,EMEA,Italian,Consumer,None,2022-10-07,2022,RETURNING,False,MDM,2022-10-07 00:00:00,2026-04-17 15:58:45.946821
ea8f65ac-133f-4eb2-acd3-c1ec42473308,CUST-2021-IT-000098,Bettina,Orlando,Bettina Orlando,Female,1993-07-04,bettina.orlando@outlook.com,+39 0122756581,"Stretto Trapani, 45",Collemaggiore,Livorno,73040,IT,Italy,EMEA,Italian,Consumer,Silver,2021-11-19,2021,RETURNING,True,MDM,2021-11-19 00:00:00,2026-04-17 15:58:45.946822
e8bc33b8-e8fe-4dee-bdf0-60d266ad25c6,CUST-2022-IT-000014,Fabia,Bettoni,Fabia Bettoni,Male,1983-05-24,fabia.bettoni241@mail.com,016123532,"Piazza Staglieno, 5 Appartamento 4",Colorno,Nuoro,27031,IT,Italy,EMEA,Italian,Business,None,2022-03-19,2022,RETURNING,True,MDM,2022-03-19 00:00:00,2026-04-17 15:58:45.946824
8147b4d9-83f5-406d-b59f-2a8fcbe0802d,CUST-2021-IT-000152,Michele,Pellico,Michele Pellico,Female,1990-04-20,michele.pellico@protonmail.com,0161538314,"Piazza Modigliani, 83 Piano 6",Altessano,Avellino,1022,IT,Italy,EMEA,Italian,Business,Silver,2021-11-01,2021,RETURNING,True,MDM,2021-11-01 00:00:00,2026-04-17 15:58:45.946825
204c3dfa-8884-4ea1-9e3f-4136c09bfd9b,CUST-2020-IT-000132,Patrizio,Malaparte,Patrizio Malaparte,Female,1987-12-17,patrizio.malaparte@icloud.com,+39 3233599470,"Canale Leonetti, 2 Piano 1",Fiumicino,Enna,39052,IT,Italy,EMEA,Italian,Consumer,None,2020-02-23,2020,RETURNING,True,MDM,2020-02-23 00:00:00,2026-04-17 15:58:45.946827
5e1c2783-a2ac-4c4e-8dfc-a8f4543c8a41,CUST-2020-IT-000072,Gloria,Goldstein,Gloria Goldstein,Male,2000-03-19,gloria.goldstein@aol.com,+39 382959143,"Strada Alonzi, 7",San Lorenzo Della Costa,Lucca,30024,IT,Italy,EMEA,Italian,Consumer,None,2020-11-25,2020,RETURNING,True,MDM,2020-11-25 00:00:00,2026-04-17 15:58:45.946828
7c5dd986-019f-4044-93c9-e4998a4dfd7c,CUST-2023-IT-000079,Germana,Ferragni,Germana Ferragni,Female,1954-10-17,germana.ferragni192@zoho.com,+39 3509494007,"Contrada Elvira, 57 Appartamento 8",Caravita,Siracusa,21054,IT,Italy,EMEA,Italian,Business,Gold,2023-07-19,2023,RETURNING,True,MDM,2023-07-19 00:00:00,2026-04-17 15:58:45.946830
dd3ba2b1-d8e0-4518-b13d-7e245a7eabe0,CUST-2023-IT-000014,Uberto,Abbagnale,Uberto Abbagnale,Female,1997-07-02,uberto.abbagnale@protonmail.com,35109860590,"Piazza Paride, 283",Biancareddu,Bari,52020,IT,Italy,EMEA,Italian,Consumer,None,2023-05-29,2023,RETURNING,True,MDM,2023-05-29 00:00:00,2026-04-17 15:58:45.946832
da87c7d9-343a-4f22-ba98-09c2f88f2d1a,CUST-2019-IT-000556,Filippa,Eco,Filippa Eco,Female,1980-12-29,filippa.eco@icloud.com,0543944469,"Stretto Callegari, 640 Piano 9",Montecenere,Isernia,27055,IT,Italy,EMEA,Italian,Consumer,Gold,2019-04-27,2019,RETURNING,True,MDM,2019-04-27,2026-04-17 15:58:45.946833
54ea06b2-941d-4afe-8cb8-471d89d49a96,CUST-2021-IT-000069,Valentina,Adinolfi,Valentina Adinolfi,Male,1982-11-24,valentina.adinolfi@zoho.com,+39 0545957433,"Rotonda Giulietta, 449",Zuglio,Messina,9012,IT,Italy,EMEA,Italian,Education,None,2021-12-29,2021,RETURNING,True,MDM,2021-12-29 00:00:00,2026-04-17 15:58:45.946835
364e571e-d593-4fec-8345-713e446d4c91,CUST-2019-IT-000810,Aurora,Filangieri,Aurora Filangieri,Female,1981-10-13,aurora.filangieri@gmx.com,017101380,"Incrocio Einaudi, 57",Limido Comasco,Parma,20016,IT,Italy,EMEA,Italian,Consumer,Silver,2019-10-09,2019,RETURNING,True,MDM,2019-10-09,2026-04-17 15:58:45.946836
8d93cdc1-19c1-4942-8725-74547b5e7dea,CUST-2023-IT-000005,Fernanda,Bosio,Fernanda Bosio,Male,1970-10-01,fernanda.bosio@mail.com,+39 0733679794,"Stretto Ricciotti, 4 Piano 3",Delianuova,Livorno,95013,IT,Italy,EMEA,Italian,Consumer,Gold,2023-03-01,2023,RETURNING,True,MDM,2023-03-01 00:00:00,2026-04-17 15:58:45.946837
1ac773c2-0c15-4bed-ace2-beb25857d45d,CUST-2019-IT-000676,Isabella,Mogherini,Isabella Mogherini,Female,1960-04-04,isabella.mogherini@yahoo.com,+39 019931594,"Stretto Vergerio, 64",Tombolo,Siena,87056,IT,Italy,EMEA,Italian,Consumer,Silver,2019-12-14,2019,RETURNING,True,MDM,2019-12-14,2026-04-17 15:58:45.946839
decef369-48e0-4e77-a133-dd52cf57725a,CUST-2021-IT-000029,Atenulf,Acerbi,Atenulf Acerbi,Male,1979-07-11,atenulf.acerbi973@yahoo.com,+39 0344491946,"Stretto Fabio, 94 Appartamento 47",Treiso,Fermo,33086,IT,Italy,EMEA,Italian,Consumer,Gold,2021-08-19,2021,RETURNING,True,MDM,2021-08-19 00:00:00,2026-04-17 15:58:45.946840
3dbdf04f-c1aa-4919-8e37-0b9314ff8e34,CUST-2023-IT-000208,Sandra,Scarponi,Sandra Scarponi,Male,1979-06-05,sandra.scarponi384@mail.com,+39 0593504769,"Piazza Vittorio, 54 Piano 6",Magherno,Reggio Emilia,46022,IT,Italy,EMEA,Italian,Consumer,Gold,2023-07-13,2023,RETURNING,True,MDM,2023-07-13 00:00:00,2026-04-17 15:58:45.946841
268acd88-cf4b-455e-826c-4a3f51369766,CUST-2023-IT-000309,Matteo,Solari,Matteo Solari,Male,1996-01-29,matteo.solari181@aol.com,+39 0921221226,"Rotonda Hugo, 8 Appartamento 17",Bruna,Cagliari,61121,IT,Italy,EMEA,Italian,Consumer,Gold,2023-06-05,2023,RETURNING,True,MDM,2023-06-05 00:00:00,2026-04-17 15:58:45.946843
74d1bec5-81bd-4d06-8b9a-a76a1041309d,CUST-2021-IT-000243,Aurora,Garibaldi,Aurora Garibaldi,Female,1992-03-03,aurora.garibaldi@live.com,+39 05847704796,"Stretto Ruggero, 98 Appartamento 3",Usseaux,Catania,7049,IT,Italy,EMEA,Italian,Consumer,Platinum,2021-11-13,2021,RETURNING,True,MDM,2021-11-13 00:00:00,2026-04-17 15:58:45.946845
3bd87450-0d3a-471d-a011-67a0bb329267,CUST-2021-IT-000084,Elmo,Alfonsi,Elmo Alfonsi,Female,2004-05-07,elmo.alfonsi@msn.com,+39 3514848837,"Rotonda Simonetta, 11",Linate Aeroporto,Sondrio,16133,IT,Italy,EMEA,Italian,Consumer,Silver,2021-02-01,2021,RETURNING,True,MDM,2021-02-01 00:00:00,2026-04-17 15:58:45.946850
7ae8f67e-5a55-49a8-b562-262869aef098,CUST-2019-IT-000358,Cesare,Tamburini,Cesare Tamburini,Female,1988-07-31,cesare.tamburini@protonmail.com,+39 05733337187,"Viale Micheletto, 4 Piano 4",Castelnuovo Bocca D'Adda,Benevento,98122,IT,Italy,EMEA,Italian,Consumer,Platinum,2019-05-14,2019,RETURNING,True,MDM,2019-05-14,2026-04-17 15:58:45.946852
b415888d-87e3-4931-9196-3447a2d2d744,CUST-2020-IT-000252,Cirillo,Bellucci,Cirillo Bellucci,Female,1976-12-01,cirillo.bellucci865@aol.com,+39 0342859412,"Borgo Bonatti, 33 Appartamento 6",Arzergrande,Catania,95028,IT,Italy,EMEA,Italian,Consumer,Gold,2020-11-30,2020,RETURNING,True,MDM,2020-11-30 00:00:00,2026-04-17 15:58:45.946853
a8501874-fe68-4081-88c6-9e96ce4e9357,CUST-2023-IT-000321,Napoleone,Bombieri,Napoleone Bombieri,Female,1981-09-18,napoleone.bombieri@hotmail.com,03434413588,"Vicolo Salvo, 65 Appartamento 79",Cerasomma,Perugia,35,IT,Italy,EMEA,Italian,Consumer,Platinum,2023-10-20,2023,RETURNING,False,MDM,2023-10-20 00:00:00,2026-04-17 15:58:45.946855
2cf4e039-a840-4ad2-805d-1fb99566d2df,CUST-2021-IT-000196,Lidia,Gioberti,Lidia Gioberti,Male,1989-04-09,lidia.gioberti@aol.com,039881319,"Viale Raffaello, 48",Venas,Napoli,30038,IT,Italy,EMEA,Italian,Consumer,Gold,2021-02-20,2021,RETURNING,True,MDM,2021-02-20 00:00:00,2026-04-17 15:58:45.946856
047de4c4-3728-47e3-a20d-db5cc53c3c17,CUST-2023-IT-000044,Ranieri,Burcardo,Ranieri Burcardo,Male,1963-01-01,ranieri.burcardo@hotmail.com,+39 0735618908,"Vicolo Morellato, 38",Donna,Biella,81100,IT,Italy,EMEA,Italian,Education,None,2023-10-17,2023,RETURNING,True,MDM,2023-10-17 00:00:00,2026-04-17 15:58:45.946858
e478612c-3cee-48d1-aa45-bf521adcc0fa,CUST-2023-IT-000307,Daniele,Salgari,Daniele Salgari,Female,1982-07-19,daniele.salgari@icloud.com,0773540327,"Piazza Angeli, 722 Piano 2",Malosco,Pescara,80100,IT,Italy,EMEA,Italian,Consumer,None,2023-04-25,2023,RETURNING,True,MDM,2023-04-25 00:00:00,2026-04-17 15:58:45.946860
e08d4835-5b8c-4aaf-a921-1db7e7e71d07,CUST-2019-IT-000088,Damiano,Comisso,Damiano Comisso,Male,2002-10-06,damiano.comisso172@yahoo.com,+39 0850775445,"Contrada Baldassare, 372 Piano 2",Fiuminata,Rovigo,21039,IT,Italy,EMEA,Italian,Consumer,None,2019-04-06,2019,RETURNING,True,MDM,2019-04-06,2026-04-17 15:58:45.946861
5df5c732-f4f5-4d57-968b-7dac687a5a0e,CUST-2020-IT-000129,Marcella,Lerner,Marcella Lerner,Male,1990-07-15,marcella.lerner339@icloud.com,+39 35136717620,"Via Martina, 0 Appartamento 8",Casavecchia,Gorizia,46051,IT,Italy,EMEA,Italian,Consumer,None,2020-05-29,2020,RETURNING,True,MDM,2020-05-29 00:00:00,2026-04-17 15:58:45.946863
742a4445-dd02-4885-abd9-d80609d30220,CUST-2019-IT-000748,Ludovico,Malatesta,Ludovico Malatesta,Female,2000-12-26,ludovico.malatesta519@yahoo.com,+39 0421555473,"Via Argento, 69 Appartamento 5",Frontale,Milano,17040,IT,Italy,EMEA,Italian,Business,Silver,2019-08-20,2019,RETURNING,True,MDM,2019-08-20,2026-04-17 15:58:45.946864
5a2f9fd7-510b-4525-9d30-99d8089fb9d4,CUST-2023-IT-000213,Filippa,Giunti,Filippa Giunti,Female,1965-04-20,filippa.giunti@live.com,03625026635,"Stretto Pedroni, 5",Castellucchio,Pisa,55040,IT,Italy,EMEA,Italian,Consumer,None,2023-05-22,2023,RETURNING,True,MDM,2023-05-22 00:00:00,2026-04-17 15:58:45.946866
1f4712ab-952d-4d83-a66f-ccf11fba8812,CUST-2019-IT-000224,Gioacchino,Pozzecco,Gioacchino Pozzecco,Female,2000-02-04,gioacchino.pozzecco@gmx.com,329750435,"Viale Dionigi, 4 Appartamento 99",Molini Di Triora,Piacenza,3048,IT,Italy,EMEA,Italian,Business,Silver,2019-04-09,2019,RETURNING,True,MDM,2019-04-09,2026-04-17 15:58:45.946869
3c9b03bc-ee07-4540-8382-8c231e867d8b,CUST-2021-IT-000090,Rembrandt,Tamborini,Rembrandt Tamborini,Female,2006-06-01,rembrandt.tamborini258@protonmail.com,+39 3348260055,"Canale Bonatti, 4 Appartamento 6",Bivigliano,Rimini,86041,IT,Italy,EMEA,Italian,Consumer,None,2021-06-27,2021,RETURNING,True,MDM,2021-06-27 00:00:00,2026-04-17 15:58:45.946870
9f6c9d69-a58d-4945-9882-cb054cd56884,CUST-2020-IT-000159,Mauro,Tamburello,Mauro Tamburello,Female,2000-03-02,mauro.tamburello@mail.com,0547141980,"Strada Carducci, 73 Piano 7",Caltron,Ragusa,35035,IT,Italy,EMEA,Italian,Consumer,Gold,2020-03-02,2020,RETURNING,True,MDM,2020-03-02 00:00:00,2026-04-17 15:58:45.946872
64ce87c7-f224-40b3-b56e-50e532b61334,CUST-2022-IT-000242,Tullio,Pacillo,Tullio Pacillo,Female,1957-03-08,tullio.pacillo778@aol.com,055474331,"Canale Cabrini, 8",Petrignano,Verbano-Cusio-Ossola,1020,IT,Italy,EMEA,Italian,Consumer,Gold,2022-05-22,2022,RETURNING,True,MDM,2022-05-22 00:00:00,2026-04-17 15:58:45.946873
5e471d9a-7e33-4bb3-a151-25228425574a,CUST-2023-IT-000018,Costantino,Vittadello,Costantino Vittadello,Female,1971-12-11,costantino.vittadello@outlook.com,+39 0481833022,"Canale Paola, 0",Specchia,Sondrio,41028,IT,Italy,EMEA,Italian,Consumer,Gold,2023-02-12,2023,RETURNING,True,MDM,2023-02-12 00:00:00,2026-04-17 15:58:45.946874
049fb36f-5075-464b-8319-fe37b091dea6,CUST-2023-IT-000119,Tonia,Ferrabosco,Tonia Ferrabosco,Male,1980-05-18,tonia.ferrabosco@live.com,+39 09182846022,"Via Graziano, 92 Appartamento 4",Villanovafranca,Imperia,85038,IT,Italy,EMEA,Italian,Consumer,Platinum,2023-02-17,2023,RETURNING,True,MDM,2023-02-17 00:00:00,2026-04-17 15:58:45.946876
3eeac3fa-3625-4708-a0b0-e7615442f254,CUST-2020-IT-000049,Camilla,Castioni,Camilla Castioni,Female,1999-03-19,camilla.castioni@live.com,+39 0315339668,"Canale Spanevello, 98 Piano 9",Bettole Sesia,Foggia,84044,IT,Italy,EMEA,Italian,Business,None,2020-04-18,2020,RETURNING,True,MDM,2020-04-18 00:00:00,2026-04-17 15:58:45.946878
201d5437-ec52-4a24-8deb-7f15cfc2678f,CUST-2022-IT-000208,Antonietta,Cristoforetti,Antonietta Cristoforetti,Female,1958-04-10,antonietta.cristoforetti@msn.com,+39 3617025299,"Vicolo Guglielmo, 64",Prepo,Cagliari,12045,IT,Italy,EMEA,Italian,Consumer,Platinum,2022-06-23,2022,RETURNING,True,MDM,2022-06-23 00:00:00,2026-04-17 15:58:45.946879
79ee10bd-b693-425d-a124-5a79d2116fe9,CUST-2023-IT-000295,Adriana,Spanevello,Adriana Spanevello,Female,1975-01-18,adriana.spanevello@gmx.com,+39 0434452146,"Via Faggiani, 173 Piano 2",Cannavo',Pesaro e Urbino,57124,IT,Italy,EMEA,Italian,Consumer,None,2023-09-30,2023,RETURNING,True,MDM,2023-09-30 00:00:00,2026-04-17 15:58:45.946881
3db01b6b-d254-4e80-8d09-dfdb274f7225,CUST-2022-IT-000055,Oreste,Franceschi,Oreste Franceschi,Female,1986-08-05,oreste.franceschi254@gmail.com,+39 351154426,"Contrada Curatoli, 469 Appartamento 38",Maniace,Sondrio,2100,IT,Italy,EMEA,Italian,Consumer,Gold,2022-04-15,2022,RETURNING,True,MDM,2022-04-15 00:00:00,2026-04-17 15:58:45.946886
73395a66-60c1-458d-b426-075704a221b8,CUST-2021-IT-000016,Salvatore,Tebaldi,Salvatore Tebaldi,Female,2003-11-23,salvatore.tebaldi@hotmail.com,+39 0974310867,"Stretto Ciani, 924",Catona,Palermo,75,IT,Italy,EMEA,Italian,Consumer,Gold,2021-09-05,2021,RETURNING,True,MDM,2021-09-05 00:00:00,2026-04-17 15:58:45.946887
cc52ac12-6c9f-41bc-a568-9f370ef970ce,CUST-2022-IT-000046,Mario,Bonino,Mario Bonino,Male,1954-04-17,mario.bonino451@yahoo.com,350538767,"Piazza Ruffini, 357",Cavalleri,Imperia,38056,IT,Italy,EMEA,Italian,Consumer,Platinum,2022-05-30,2022,RETURNING,True,MDM,2022-05-30 00:00:00,2026-04-17 15:58:45.946889
5f8936ee-77dd-434a-9442-7c4339f36a19,CUST-2021-IT-000166,Imelda,Cugia,Imelda Cugia,Female,1997-11-29,imelda.cugia@aol.com,+39 0707532132,"Piazza Cristina, 991",Moniga Del Garda,Pordenone,23017,IT,Italy,EMEA,Italian,Business,None,2021-12-18,2021,RETURNING,True,MDM,2021-12-18 00:00:00,2026-04-17 15:58:45.946890
e38673f7-9962-422b-824c-826f299ae583,CUST-2023-IT-000129,Gioele,Trebbi,Gioele Trebbi,Male,1959-07-20,gioele.trebbi@aol.com,0571224732,"Via Manuel, 67 Piano 6",Zangarona Di Lamezia Terme,Trento,88060,IT,Italy,EMEA,Italian,Consumer,Gold,2023-02-06,2023,RETURNING,True,MDM,2023-02-06 00:00:00,2026-04-17 15:58:45.946892
c442a204-bf09-4588-a766-d69103aacc42,CUST-2023-IT-000066,Umberto,Niscoromni,Umberto Niscoromni,Male,1986-04-17,umberto.niscoromni83@yahoo.com,+39 01080788952,"Viale Camilla, 31",Casamaina,Viterbo,72013,IT,Italy,EMEA,Italian,Consumer,None,2023-03-29,2023,RETURNING,True,MDM,2023-03-29 00:00:00,2026-04-17 15:58:45.946894
923ae640-00dd-4b91-a251-005b2393655e,CUST-2021-IT-000246,Girolamo,Gozzi,Girolamo Gozzi,Male,1988-02-09,girolamo.gozzi328@protonmail.com,0583189271,"Incrocio Boccaccio, 493",Levata,Milano,1020,IT,Italy,EMEA,Italian,Consumer,None,2021-02-25,2021,RETURNING,True,MDM,2021-02-25 00:00:00,2026-04-17 15:58:45.946895
ec74c3a0-f3df-4660-81a3-d5903ee00db1,CUST-2021-IT-000240,Guglielmo,Pagnotto,Guglielmo Pagnotto,Male,2003-01-26,guglielmo.pagnotto@gmail.com,+39 05971766731,"Rotonda Sraffa, 76",Kampenn,Trieste,23029,IT,Italy,EMEA,Italian,Consumer,Silver,2021-11-11,2021,RETURNING,True,MDM,2021-11-11 00:00:00,2026-04-17 15:58:45.946897
1f2d34ec-6d4b-4bb5-92f9-13a11267b262,CUST-2020-IT-000292,Nadia,Norbiato,Nadia Norbiato,Female,1977-12-24,nadia.norbiato@zoho.com,37113576234,"Vicolo Ugo, 32 Appartamento 95",Asinara Lazzaretto,Lecco,66051,IT,Italy,EMEA,Italian,Consumer,Platinum,2020-02-16,2020,RETURNING,True,MDM,2020-02-16 00:00:00,2026-04-17 15:58:45.946899
bb40ba88-199f-4b5f-ac59-a06d2a2a2a3f,CUST-2020-IT-000161,Pietro,Sgalambro,Pietro Sgalambro,Male,1991-03-03,pietro.sgalambro@mail.com,035961966,"Contrada Roero, 74 Appartamento 78",Montevaccino,Ragusa,43053,IT,Italy,EMEA,Italian,Consumer,Gold,2020-09-19,2020,RETURNING,True,MDM,2020-09-19 00:00:00,2026-04-17 15:58:45.946904
84c3e3ba-0c07-4fa2-bd63-83e1c2574b4c,CUST-2023-IT-000275,Giuseppina,Giacometti,Giuseppina Giacometti,Male,1969-07-28,giuseppina.giacometti916@msn.com,+39 082312934,"Rotonda Basso, 8 Appartamento 84",Puegnago Sul Garda,Forlì-Cesena,31011,IT,Italy,EMEA,Italian,Consumer,None,2023-04-03,2023,RETURNING,True,MDM,2023-04-03 00:00:00,2026-04-17 15:58:45.946906
981462a9-cc4e-4de8-8eb1-21219455a411,CUST-2019-IT-000479,Eliana,Anichini,Eliana Anichini,Female,1998-06-29,eliana.anichini658@zoho.com,3520490183,"Canale Bottaro, 6",Platt,Perugia,24037,IT,Italy,EMEA,Italian,Consumer,None,2019-02-02,2019,RETURNING,False,MDM,2019-02-02,2026-04-17 15:58:45.946908
91e8038c-9c34-4288-8f2b-c880667a7ba4,CUST-2023-IT-000138,Ciro,Rizzo,Ciro Rizzo,Female,1989-07-24,ciro.rizzo@protonmail.com,+39 0587403371,"Contrada Pergolesi, 835",Vallerotonda,Bari,2024,IT,Italy,EMEA,Italian,Consumer,None,2023-08-09,2023,RETURNING,True,MDM,2023-08-09 00:00:00,2026-04-17 15:58:45.946909
76592681-7e45-4f4f-a3d3-26d9515798d9,CUST-2019-IT-000333,Alessia,Tedesco,Alessia Tedesco,Female,1958-10-16,alessia.tedesco420@mail.com,09217702052,"Strada Galuppi, 40 Appartamento 3",San Martino Di Durasca,Benevento,84024,IT,Italy,EMEA,Italian,Consumer,None,2019-06-26,2019,RETURNING,True,MDM,2019-06-26,2026-04-17 15:58:45.946911
c267efd6-72fa-4ae8-9084-be1af361bdcc,CUST-2019-IT-000086,Pierangelo,Sansoni,Pierangelo Sansoni,Male,2005-04-29,pierangelo.sansoni@yahoo.com,0522497298,"Piazza Scandone, 2",Forette,Pesaro e Urbino,80133,IT,Italy,EMEA,Italian,Consumer,None,2019-11-07,2019,RETURNING,True,MDM,2019-11-07,2026-04-17 15:58:45.946913
9c51aeb7-236c-44c3-8b33-1cea3e61fcac,CUST-2023-IT-000193,Gionata,Andreotti,Gionata Andreotti,Male,1957-08-30,gionata.andreotti839@outlook.com,+39 38310192749,"Vicolo Fittipaldi, 753",Jamiano,Prato,14012,IT,Italy,EMEA,Italian,Consumer,None,2023-04-15,2023,RETURNING,True,MDM,2023-04-15 00:00:00,2026-04-17 15:58:45.946914
6536ddaa-279a-4fbd-be38-bec1832618d0,CUST-2019-IT-000407,Geronimo,Malaparte,Geronimo Malaparte,Female,1970-10-11,geronimo.malaparte967@gmail.com,340869961,"Vicolo Benito, 78 Piano 3",Sardara,Viterbo,15023,IT,Italy,EMEA,Italian,Consumer,None,2019-03-12,2019,RETURNING,True,MDM,2019-03-12,2026-04-17 15:58:45.946916
d0325773-a5fd-49e0-8b28-6b6ed45faf52,CUST-2022-IT-000164,Eugenia,Casalodi,Eugenia Casalodi,Male,1958-12-24,eugenia.casalodi@aol.com,+39 3710824379,"Contrada Collodi, 98 Piano 0",Badia Tedalda,Pescara,15041,IT,Italy,EMEA,Italian,Consumer,None,2022-04-09,2022,RETURNING,True,MDM,2022-04-09 00:00:00,2026-04-17 15:58:45.946918
74dc652c-0cef-4a1d-8dd6-6ae251d8b25a,CUST-2023-IT-000134,Paolo,Querini,Paolo Querini,Male,1968-03-05,paolo.querini625@gmail.com,+39 37559349598,"Contrada Lattuada, 1 Appartamento 54",Montiggl,Taranto,43042,IT,Italy,EMEA,Italian,Education,Silver,2023-04-14,2023,RETURNING,True,MDM,2023-04-14 00:00:00,2026-04-17 15:58:45.946922
36a35fdb-04b1-4d93-88d5-638c644a35e4,CUST-2023-IT-000325,Ottavio,Sforza,Ottavio Sforza,Male,1971-11-11,ottavio.sforza@outlook.com,0403153256,"Contrada Ubaldo, 66",Strembo,Lecce,37010,IT,Italy,EMEA,Italian,Consumer,None,2023-01-08,2023,RETURNING,True,MDM,2023-01-08 00:00:00,2026-04-17 15:58:45.946924
02a67ebb-346b-4494-90d1-d8f09af384d8,CUST-2022-IT-000321,Antonello,Maderna,Antonello Maderna,Male,1981-06-13,antonello.maderna@gmail.com,+39 38813993578,"Strada Gasperi, 47 Piano 3",Micciano,Piacenza,38017,IT,Italy,EMEA,Italian,Consumer,None,2022-11-26,2022,RETURNING,True,MDM,2022-11-26 00:00:00,2026-04-17 15:58:45.946925
cde73c6a-6219-4a96-86db-dca509eaa1c1,CUST-2021-IT-000309,Ramona,Giusti,Ramona Giusti,Male,1968-05-20,ramona.giusti@mail.com,379241261,"Borgo Tremonti, 610",Gricignano Di Aversa,Pistoia,6060,IT,Italy,EMEA,Italian,Consumer,Silver,2021-08-20,2021,RETURNING,False,MDM,2021-08-20 00:00:00,2026-04-17 15:58:45.946928
5585b242-9d8b-48e4-b7b9-53287f87479f,CUST-2023-IT-000168,Griselda,Giannelli,Griselda Giannelli,Female,1967-12-08,griselda.giannelli@hotmail.com,+39 0708925081,"Borgo Argenti, 97",Siligo,Aosta,192,IT,Italy,EMEA,Italian,Education,None,2023-07-24,2023,RETURNING,True,MDM,2023-07-24 00:00:00,2026-04-17 15:58:45.946930
4162be33-1765-4610-b476-0d4a4f2c00bc,CUST-2023-IT-000122,Vincenzo,Bacosi,Vincenzo Bacosi,Male,1970-03-16,vincenzo.bacosi@gmx.com,0984880971,"Strada Caetani, 76",Grancia,Monza e della Brianza,27047,IT,Italy,EMEA,Italian,Consumer,None,2023-01-05,2023,RETURNING,True,MDM,2023-01-05 00:00:00,2026-04-17 15:58:45.946931
a10b25e8-c39b-4fdc-a8e0-62a3c197b376,CUST-2022-IT-000150,Bartolomeo,Piacentini,Bartolomeo Piacentini,Female,1994-07-20,bartolomeo.piacentini@gmx.com,077309806,"Incrocio Bova, 143 Piano 1",Bonarcado,Genova,82022,IT,Italy,EMEA,Italian,Consumer,None,2022-07-05,2022,RETURNING,True,MDM,2022-07-05 00:00:00,2026-04-17 15:58:45.946933
e48e6bd4-3e2f-4995-8d25-9902d0bf3dda,CUST-2023-IT-000069,Durante,Calvo,Durante Calvo,Female,1986-03-20,durante.calvo@zoho.com,+39 3889758864,"Viale Galuppi, 5 Piano 7",Paquier,Viterbo,73018,IT,Italy,EMEA,Italian,Consumer,None,2023-01-05,2023,RETURNING,True,MDM,2023-01-05 00:00:00,2026-04-17 15:58:45.946935
054c2804-e2ea-456f-a397-e1adae9aa2a3,CUST-2022-IT-000129,Temistocle,Ostinelli,Temistocle Ostinelli,Male,1967-05-08,temistocle.ostinelli@zoho.com,+39 377408788,"Rotonda Donatella, 9",Avaglio,Bolzano,6042,IT,Italy,EMEA,Italian,Business,None,2022-08-27,2022,RETURNING,True,MDM,2022-08-27 00:00:00,2026-04-17 15:58:45.946936
a67dc6b4-4dc9-4617-8d2f-3a8fecc3afce,CUST-2020-IT-000060,Valentina,Manunta,Valentina Manunta,Female,2003-07-05,valentina.manunta@mail.com,0471284853,"Incrocio Fredo, 620",Susano,Bolzano,31023,IT,Italy,EMEA,Italian,Consumer,Silver,2020-10-10,2020,RETURNING,True,MDM,2020-10-10 00:00:00,2026-04-17 15:58:45.946938
35809b79-1cfd-405e-9d14-b3ca65849c7b,CUST-2020-IT-000208,Carla,Giannuzzi,Carla Giannuzzi,Male,1974-12-08,carla.giannuzzi@gmail.com,+39 045693769,"Borgo Garibaldi, 867 Piano 2",Pizzighettone,Barletta-Andria-Trani,88822,IT,Italy,EMEA,Italian,Consumer,Silver,2020-09-07,2020,RETURNING,True,MDM,2020-09-07 00:00:00,2026-04-17 15:58:45.946942
d51fcb7c-aa52-4e61-a785-dca229cacea8,CUST-2023-IT-000174,Marina,Vigorelli,Marina Vigorelli,Male,2002-03-13,marina.vigorelli@zoho.com,07379740062,"Canale Tomasetti, 14 Piano 6",Trecate,Viterbo,98121,IT,Italy,EMEA,Italian,Consumer,Platinum,2023-03-21,2023,RETURNING,True,MDM,2023-03-21 00:00:00,2026-04-17 15:58:45.946944
38cfc51e-b11b-48fe-bfd6-6e9eb5324535,CUST-2023-IT-000177,Niccolò,Cavanna,Niccolò Cavanna,Female,1995-04-24,niccol.cavanna@gmx.com,+39 0359066614,"Canale Annalisa, 7 Appartamento 6",Bronzolo,Catanzaro,71033,IT,Italy,EMEA,Italian,Consumer,Platinum,2023-07-14,2023,RETURNING,True,MDM,2023-07-14 00:00:00,2026-04-17 15:58:45.946945
5f86c715-74c4-4c2a-8f04-8ae164cad8b0,CUST-2022-IT-000211,Edoardo,Dallara,Edoardo Dallara,Female,1950-06-24,edoardo.dallara@protonmail.com,0535720110,"Rotonda Isabella, 392",Grado Citta' Giardino,Latina,12100,IT,Italy,EMEA,Italian,Consumer,None,2022-02-16,2022,RETURNING,True,MDM,2022-02-16 00:00:00,2026-04-17 15:58:45.946947
1594242e-3492-4d1d-9d6c-3b22fc8e99e0,CUST-2021-IT-000080,Rodolfo,Antonelli,Rodolfo Antonelli,Female,1997-06-30,rodolfo.antonelli363@aol.com,0331770019,"Stretto Ioppi, 5 Appartamento 5",Aielli Stazione,Crotone,27042,IT,Italy,EMEA,Italian,Consumer,Platinum,2021-07-20,2021,RETURNING,True,MDM,2021-07-20 00:00:00,2026-04-17 15:58:45.946948
db30013e-d92c-4eca-ab23-c93565221ef2,CUST-2022-IT-000259,Giuliano,Battaglia,Giuliano Battaglia,Female,1972-12-05,giuliano.battaglia@live.com,+39 0783009806,"Contrada Gentileschi, 266",Maccaretolo,Biella,63837,IT,Italy,EMEA,Italian,Consumer,None,2022-07-30,2022,RETURNING,True,MDM,2022-07-30 00:00:00,2026-04-17 15:58:45.946950
cf8f63c7-a6a2-475d-8dfb-f2c58d782f14,CUST-2023-IT-000339,Atenulf,Lovato,Atenulf Lovato,Female,2004-07-04,atenulf.lovato@aol.com,0365749032,"Viale Fredo, 259",Meltina,Monza e della Brianza,5025,IT,Italy,EMEA,Italian,Education,None,2023-04-25,2023,RETURNING,True,MDM,2023-04-25 00:00:00,2026-04-17 15:58:45.946952
b6fed33d-6f18-42ca-a9bf-8f12b037bfe7,CUST-2020-IT-000235,Orlando,Ricciardi,Orlando Ricciardi,Female,1987-06-20,orlando.ricciardi@zoho.com,0365876218,"Incrocio Graziella, 46 Piano 1",Cavi,Pescara,95010,IT,Italy,EMEA,Italian,Consumer,None,2020-01-08,2020,RETURNING,True,MDM,2020-01-08 00:00:00,2026-04-17 15:58:45.946953
fc925f8f-5e61-4167-a4db-02e64a09d213,CUST-2023-IT-000342,Pompeo,Ruberto,Pompeo Ruberto,Male,1995-07-18,pompeo.ruberto416@mail.com,+39 033269199,"Stretto Piergiuseppe, 836",Colleferro Scalo,Macerata,84133,IT,Italy,EMEA,Italian,Consumer,None,2023-05-05,2023,RETURNING,False,MDM,2023-05-05 00:00:00,2026-04-17 15:58:45.946955
d33b22ce-f813-4540-ad71-a7a490f30412,CUST-2019-IT-000237,Panfilo,Scamarcio,Panfilo Scamarcio,Female,1960-09-04,panfilo.scamarcio854@protonmail.com,+39 3336567495,"Vicolo Livia, 15 Piano 0",Povegliano Veronese,Teramo,30032,IT,Italy,EMEA,Italian,Consumer,None,2019-04-11,2019,RETURNING,True,MDM,2019-04-11,2026-04-17 15:58:45.946960
5eca2ec6-84b6-4440-9f9a-f1da7f281751,CUST-2023-IT-000212,Romeo,Baggio,Romeo Baggio,Male,2000-05-08,romeo.baggio@gmail.com,+39 351338757,"Stretto Luca, 79 Piano 5",Angellara,Rimini,20094,IT,Italy,EMEA,Italian,Education,None,2023-09-23,2023,RETURNING,True,MDM,2023-09-23 00:00:00,2026-04-17 15:58:45.946961
3fc1bf9b-4b58-4f03-9c6b-2870b73adc15,CUST-2019-IT-000652,Beatrice,Dallara,Beatrice Dallara,Male,1974-09-15,beatrice.dallara306@zoho.com,+39 01659078846,"Viale Maria, 5 Appartamento 22",Fiano Romano,Chieti,9020,IT,Italy,EMEA,Italian,Consumer,None,2019-04-14,2019,RETURNING,True,MDM,2019-04-14,2026-04-17 15:58:45.946963
95eeda75-f7dc-4576-81c9-6c1e173df531,CUST-2020-IT-000224,Gloria,Emo,Gloria Emo,Female,1989-02-05,gloria.emo@outlook.com,+39 0376785921,"Canale Cociarelli, 0",Asnago Di Cantu',Avellino,81041,IT,Italy,EMEA,Italian,Consumer,Platinum,2020-07-15,2020,RETURNING,True,MDM,2020-07-15 00:00:00,2026-04-17 15:58:45.946964
6b7ce97d-fcc5-4d38-af6a-0c826cf9482b,CUST-2021-IT-000126,Viridiana,Gregori,Viridiana Gregori,Male,2003-05-08,viridiana.gregori789@yahoo.com,+39 0438558104,"Vicolo Allegra, 27 Piano 4",San Nazzaro D'Ongina,Torino,12048,IT,Italy,EMEA,Italian,Consumer,None,2021-09-09,2021,RETURNING,True,MDM,2021-09-09 00:00:00,2026-04-17 15:58:45.946966
2d5b45a8-6f33-43f7-9102-e94d06518148,CUST-2019-IT-000398,Luchino,Zaccagnini,Luchino Zaccagnini,Female,1965-09-16,luchino.zaccagnini@mail.com,0432229534,"Canale Paoletta, 9 Appartamento 15",Petruro,Piacenza,22063,IT,Italy,EMEA,Italian,Consumer,None,2019-08-30,2019,RETURNING,False,MDM,2019-08-30,2026-04-17 15:58:45.946968
bb489cd7-99dc-47dc-9b56-cfd4939975a2,CUST-2019-IT-000381,Adamo,Beccheria,Adamo Beccheria,Female,1984-01-28,adamo.beccheria@yahoo.com,0883830229,"Viale Gemma, 3",Villaggio Paradiso,Belluno,60013,IT,Italy,EMEA,Italian,Consumer,None,2019-08-17,2019,RETURNING,True,MDM,2019-08-17,2026-04-17 15:58:45.946970
376018e4-7530-43b8-807a-b2ecdeecaa4a,CUST-2019-IT-000260,Guido,Bertoli,Guido Bertoli,Male,1953-10-12,guido.bertoli@outlook.com,055083893,"Viale Giovine, 482",Cervasca,Arezzo,16020,IT,Italy,EMEA,Italian,Consumer,Gold,2019-09-09,2019,RETURNING,True,MDM,2019-09-09,2026-04-17 15:58:45.946971
47a39688-c43e-4b54-bd6a-12b097b14e18,CUST-2023-IT-000337,Chiara,Mazzeo,Chiara Mazzeo,Female,1985-05-27,chiara.mazzeo@zoho.com,0471397711,"Canale Dina, 669 Piano 9",Grado Pineta,Gorizia,43028,IT,Italy,EMEA,Italian,Consumer,Silver,2023-09-19,2023,RETURNING,True,MDM,2023-09-19 00:00:00,2026-04-17 15:58:45.946973
b930d717-0e71-4a8c-bbfd-c217aee45cfc,CUST-2022-IT-000070,Anita,Dibiasi,Anita Dibiasi,Female,1980-12-06,anita.dibiasi768@gmail.com,+39 03509444536,"Canale Eleanora, 40 Appartamento 7",Pagnacco,Roma,64030,IT,Italy,EMEA,Italian,Business,None,2022-04-04,2022,RETURNING,True,MDM,2022-04-04 00:00:00,2026-04-17 15:58:45.946974
9fffe9ae-adc6-4e31-b927-7f5bd373064a,CUST-2023-IT-000245,Santino,Donini,Santino Donini,Female,1994-11-09,santino.donini229@protonmail.com,0434043519,"Contrada Mastroianni, 481",Lasino,Aosta,62029,IT,Italy,EMEA,Italian,Consumer,None,2023-02-06,2023,RETURNING,True,MDM,2023-02-06 00:00:00,2026-04-17 15:58:45.946976
daa212d6-b2f4-4e13-8adf-8882b2e2784b,CUST-2023-IT-000080,Roman,Bignardi,Roman Bignardi,Female,2001-02-18,roman.bignardi393@hotmail.com,+39 096215393,"Stretto Gozzi, 94 Piano 0",Caldaro Sulla Strada Del Vino,Catanzaro,95126,IT,Italy,EMEA,Italian,Consumer,Platinum,2023-02-15,2023,RETURNING,True,MDM,2023-02-15 00:00:00,2026-04-17 15:58:45.946977
c189ea64-81d4-41cb-a071-05d9b9ab0c9d,CUST-2023-IT-000312,Piergiorgio,Bergoglio,Piergiorgio Bergoglio,Male,1976-10-26,piergiorgio.bergoglio86@gmx.com,0965386555,"Vicolo Brugnaro, 32",Molazzana,Gorizia,42021,IT,Italy,EMEA,Italian,Consumer,Platinum,2023-11-17,2023,RETURNING,True,MDM,2023-11-17 00:00:00,2026-04-17 15:58:45.946979
f82c9bc6-76b3-44b7-93fb-2723ca05304d,CUST-2020-IT-000120,Priscilla,Pirelli,Priscilla Pirelli,Female,1993-10-03,priscilla.pirelli@hotmail.com,054122034,"Vicolo Paolo, 68",Monvalle,Verona,161,IT,Italy,EMEA,Italian,Consumer,None,2020-09-13,2020,RETURNING,True,MDM,2020-09-13 00:00:00,2026-04-17 15:58:45.946980
42f7e045-3581-454a-841f-f452994a3205,CUST-2021-IT-000242,Marcello,Scaduto,Marcello Scaduto,Male,1973-10-08,marcello.scaduto@msn.com,3792407213,"Piazza Costalonga, 474",Scillato,Aosta,26035,IT,Italy,EMEA,Italian,Consumer,None,2021-05-30,2021,RETURNING,True,MDM,2021-05-30 00:00:00,2026-04-17 15:58:45.946982
514d6a94-0aa2-4078-99f6-5981a33c17e6,CUST-2023-IT-000244,Raffaello,Roero,Raffaello Roero,Female,1992-06-23,raffaello.roero@gmail.com,07958101842,"Rotonda Letta, 59",Germignaga,Benevento,23890,IT,Italy,EMEA,Italian,Education,None,2023-07-13,2023,RETURNING,True,MDM,2023-07-13 00:00:00,2026-04-17 15:58:45.946984
cb6a7fea-69c0-480b-86ed-09a674727b63,CUST-2021-IT-000022,Allegra,Badoglio,Allegra Badoglio,Female,1989-01-25,allegra.badoglio870@icloud.com,08618891902,"Stretto Vittorio, 382",Foresto,Olbia-Tempio,88020,IT,Italy,EMEA,Italian,Consumer,Silver,2021-01-16,2021,RETURNING,True,MDM,2021-01-16 00:00:00,2026-04-17 15:58:45.946985
59d263ab-e917-4a38-b61e-6f7f06129e76,CUST-2023-IT-000300,Alessia,Navarria,Alessia Navarria,Female,1975-06-24,alessia.navarria@zoho.com,+39 338228135,"Incrocio Vanessa, 268 Piano 8",Feriolo Baveno,Pordenone,50058,IT,Italy,EMEA,Italian,Consumer,Silver,2023-12-01,2023,RETURNING,True,MDM,2023-12-01 00:00:00,2026-04-17 15:58:45.946986
5965c143-dc50-46f7-b815-b8cfdcea0d48,CUST-2023-IT-000067,Galasso,Scamarcio,Galasso Scamarcio,Female,1966-03-24,galasso.scamarcio@hotmail.com,+39 0373849278,"Vicolo Pizzetti, 3 Piano 7",Piano Di Mommio,Lecce,95031,IT,Italy,EMEA,Italian,Consumer,None,2023-07-02,2023,RETURNING,True,MDM,2023-07-02 00:00:00,2026-04-17 15:58:45.946988
5d4f8651-4fdf-48d7-803f-81baafc0cb69,CUST-2021-IT-000312,Eliana,Biagi,Eliana Biagi,Female,1992-12-24,eliana.biagi@gmx.com,+39 0279022380,"Stretto Lorenzo, 443",Varallo Pombia,Asti,90147,IT,Italy,EMEA,Italian,Business,Silver,2021-05-14,2021,RETURNING,True,MDM,2021-05-14 00:00:00,2026-04-17 15:58:45.946989
f1142066-bd84-4dbd-800e-8db96734e8ba,CUST-2019-IT-000318,Daria,Ughi,Daria Ughi,Male,1973-09-08,daria.ughi@msn.com,+39 0893733247,"Via Silvio, 3 Piano 8",Secchiano Marecchia,Belluno,25128,IT,Italy,EMEA,Italian,Consumer,None,2019-07-28,2019,RETURNING,True,MDM,2019-07-28,2026-04-17 15:58:45.946991
158eed49-9972-4eed-b212-b495dc7e5d5a,CUST-2023-IT-000082,Valeria,Pugliese,Valeria Pugliese,Female,1974-03-21,valeria.pugliese@msn.com,0577593418,"Canale Luzi, 547",Filicudi Porto,Ferrara,67100,IT,Italy,EMEA,Italian,Business,None,2023-07-23,2023,RETURNING,True,MDM,2023-07-23 00:00:00,2026-04-17 15:58:45.946993
91776d7e-3b8a-4cf6-881a-e839970915c9,CUST-2022-IT-000007,Piero,Vianello,Piero Vianello,Male,1971-01-30,piero.vianello@aol.com,3792756839,"Via Ferrata, 45",Pernocari,Agrigento,88070,IT,Italy,EMEA,Italian,Education,Gold,2022-10-15,2022,RETURNING,True,MDM,2022-10-15 00:00:00,2026-04-17 15:58:45.946994
9257d4e5-25ad-40db-83b2-ab4744f16640,CUST-2022-IT-000326,Fiorenzo,Malenchini,Fiorenzo Malenchini,Male,1988-02-13,fiorenzo.malenchini494@msn.com,3317833093,"Contrada Gabriella, 6 Piano 0",Bojano,Monza e della Brianza,48032,IT,Italy,EMEA,Italian,Business,None,2022-04-10,2022,RETURNING,True,MDM,2022-04-10 00:00:00,2026-04-17 15:58:45.946996
5dcfc8ad-ff2f-44d6-8f45-0209c89796af,CUST-2021-IT-000173,Graziano,Sagredo,Graziano Sagredo,Female,2006-03-08,graziano.sagredo@gmx.com,0761300830,"Canale Lazzaro, 436",Sozzigalli,Foggia,22079,IT,Italy,EMEA,Italian,Consumer,Silver,2021-08-15,2021,RETURNING,True,MDM,2021-08-15 00:00:00,2026-04-17 15:58:45.946997
c9f5c7f5-c8b4-4b10-b7d3-01fd7b23fb03,CUST-2023-IT-000034,Eva,Lombardi,Eva Lombardi,Female,1988-10-12,eva.lombardi101@gmx.com,+39 337481608,"Borgo Chigi, 366",Passo Oscuro,Pavia,13021,IT,Italy,EMEA,Italian,Consumer,Gold,2023-01-04,2023,RETURNING,True,MDM,2023-01-04 00:00:00,2026-04-17 15:58:45.946999
d9253b61-55dd-4f64-a74e-2d63a69b062b,CUST-2020-IT-000155,Aldo,Faranda,Aldo Faranda,Female,1968-05-25,aldo.faranda@hotmail.com,35059063314,"Borgo Pierangelo, 381 Appartamento 2",Melito Irpino,Chieti,89126,IT,Italy,EMEA,Italian,Consumer,Platinum,2020-07-11,2020,RETURNING,True,MDM,2020-07-11 00:00:00,2026-04-17 15:58:45.947002
7888a6f6-ff17-423d-aac2-a5211c40c5f0,CUST-2022-IT-000051,Vincenzo,Chigi,Vincenzo Chigi,Male,1965-07-22,vincenzo.chigi@zoho.com,0782905675,"Borgo Fornaciari, 783",Catena,Caltanissetta,23899,IT,Italy,EMEA,Italian,Education,Gold,2022-06-05,2022,RETURNING,True,MDM,2022-06-05 00:00:00,2026-04-17 15:58:45.947004
b787a74c-fa82-4824-9139-2e0ae173aa70,CUST-2019-IT-000046,Liana,Biagiotti,Liana Biagiotti,Female,1976-05-05,liana.biagiotti@gmx.com,+39 0373940117,"Rotonda Vincentio, 1",Borgo Valsugana,Foggia,67035,IT,Italy,EMEA,Italian,Consumer,None,2019-07-06,2019,RETURNING,True,MDM,2019-07-06,2026-04-17 15:58:45.947006
c3ec7f71-0e84-42c1-ac5c-9538be89deb1,CUST-2022-IT-000291,Lucia,Barbarigo,Lucia Barbarigo,Male,1951-06-25,lucia.barbarigo@hotmail.com,049354958,"Rotonda Bellucci, 112 Appartamento 9",Gorgo,Vibo Valentia,15024,IT,Italy,EMEA,Italian,Business,Silver,2022-03-25,2022,RETURNING,True,MDM,2022-03-25 00:00:00,2026-04-17 15:58:45.947007
22db0c94-6c01-4fe3-9109-2b8b66cad12b,CUST-2021-IT-000119,Panfilo,Finotto,Panfilo Finotto,Male,1987-07-07,panfilo.finotto@gmail.com,+39 0931698289,"Contrada Marcella, 657 Piano 0",Regalgioffoli,Varese,27031,IT,Italy,EMEA,Italian,Business,Silver,2021-06-21,2021,RETURNING,True,MDM,2021-06-21 00:00:00,2026-04-17 15:58:45.947009
5cbf6392-16c7-46ba-8cba-672f69435afe,CUST-2023-IT-000343,Milo,Travia,Milo Travia,Male,1968-11-05,milo.travia429@mail.com,03828434795,"Strada Coriolano, 25 Piano 5",Limido Comasco,Brindisi,14032,IT,Italy,EMEA,Italian,Consumer,None,2023-03-08,2023,RETURNING,True,MDM,2023-03-08 00:00:00,2026-04-17 15:58:45.947010
01c0144c-a3cb-4ea6-be58-51fbb7b1dab8,CUST-2023-IT-000060,Carlo,Petrucci,Carlo Petrucci,Male,1957-04-18,carlo.petrucci@gmail.com,+39 0343435302,"Stretto Tina, 14 Appartamento 3",Predappio,Treviso,13862,IT,Italy,EMEA,Italian,Education,Gold,2023-01-12,2023,RETURNING,True,MDM,2023-01-12 00:00:00,2026-04-17 15:58:45.947012
7b1e577e-d2cb-4f1e-b621-27614cadb9ef,CUST-2021-IT-000225,Benito,Lerner,Benito Lerner,Female,1989-04-01,benito.lerner@msn.com,018597012,"Via Lisa, 325",Secondigliano,Milano,4013,IT,Italy,EMEA,Italian,Consumer,Gold,2021-10-27,2021,RETURNING,True,MDM,2021-10-27 00:00:00,2026-04-17 15:58:45.947013
4fb550d7-ef8b-4303-8370-9e7101b8037a,CUST-2019-IT-000289,Lamberto,Orlando,Lamberto Orlando,Male,1966-11-05,lamberto.orlando@gmail.com,+39 0425012750,"Strada Venturi, 749",Miranda,Trento,26837,IT,Italy,EMEA,Italian,Education,None,2019-12-23,2019,RETURNING,True,MDM,2019-12-23,2026-04-17 15:58:45.947015
c3947be8-917a-4557-b353-b450dfe63ac1,CUST-2022-IT-000118,Pier,Collodi,Pier Collodi,Female,1973-04-07,pier.collodi@hotmail.com,057532974,"Rotonda Leone, 25",Limpiddu,Teramo,40131,IT,Italy,EMEA,Italian,Consumer,None,2022-05-16,2022,RETURNING,True,MDM,2022-05-16 00:00:00,2026-04-17 15:58:45.947017
8ebcdb55-36a1-4ffc-ba92-390d657bdca7,CUST-2023-IT-000062,Flavio,Cimini,Flavio Cimini,Female,1958-03-28,flavio.cimini538@msn.com,049365064,"Contrada Nosiglia, 58",Scrofiano,Verona,63838,IT,Italy,EMEA,Italian,Consumer,None,2023-05-22,2023,RETURNING,True,MDM,2023-05-22 00:00:00,2026-04-17 15:58:45.947018
13402bec-d508-4183-b085-e172ca3a0882,CUST-2020-IT-000037,Tonino,Dalla,Tonino Dalla,Male,1958-08-10,tonino.dalla@mail.com,3907404267,"Strada Offredi, 72",Villetta Sant'Antonio,Alessandria,23035,IT,Italy,EMEA,Italian,Consumer,None,2020-09-20,2020,RETURNING,True,MDM,2020-09-20 00:00:00,2026-04-17 15:58:45.947022
a86cc428-8cf8-4d51-b09e-6ebb0ffb514c,CUST-2019-IT-000057,Silvio,Varano,Silvio Varano,Female,2004-05-22,silvio.varano@outlook.com,0884923341,"Vicolo Uberto, 65",Mirabello Di Pavia,Modena,25080,IT,Italy,EMEA,Italian,Consumer,None,2019-07-04,2019,RETURNING,True,MDM,2019-07-04,2026-04-17 15:58:45.947023
910f172a-859b-4ca9-87b9-5f854a1d4537,CUST-2022-IT-000061,Benito,Sanguineti,Benito Sanguineti,Male,1975-11-29,benito.sanguineti616@gmx.com,+39 3857028191,"Rotonda Sabbatini, 38",Pregasina,Trento,1014,IT,Italy,EMEA,Italian,Consumer,Gold,2022-04-04,2022,RETURNING,False,MDM,2022-04-04 00:00:00,2026-04-17 15:58:45.947025
d472e6a3-5941-4cd4-943a-c6d91a65da09,CUST-2019-IT-000335,Valeria,Ariosto,Valeria Ariosto,Male,2005-09-13,valeria.ariosto@outlook.com,+39 3511605625,"Borgo Baroffio, 59",Vigarano Pieve,Savona,57028,IT,Italy,EMEA,Italian,Business,Silver,2019-12-22,2019,RETURNING,True,MDM,2019-12-22,2026-04-17 15:58:45.947026
a25913ae-8d84-48c8-b99f-a4b490e0804f,CUST-2022-IT-000308,Gaetano,Filzi,Gaetano Filzi,Male,2004-02-02,gaetano.filzi@gmx.com,+39 045994528,"Strada Giancarlo, 450",Nogara,Aosta,22034,IT,Italy,EMEA,Italian,Consumer,None,2022-02-10,2022,RETURNING,False,MDM,2022-02-10 00:00:00,2026-04-17 15:58:45.947028
eb38e334-7dbd-4ba8-82b6-e139a1856dae,CUST-2019-IT-000803,Nicola,Mastroianni,Nicola Mastroianni,Male,1984-12-20,nicola.mastroianni@aol.com,+39 3204155848,"Canale Lisa, 5 Appartamento 71",Pianura,Mantova,98165,IT,Italy,EMEA,Italian,Business,None,2019-08-03,2019,RETURNING,True,MDM,2019-08-03,2026-04-17 15:58:45.947030
75f27106-3670-4fe5-8c04-e35221da43e9,CUST-2019-IT-000018,Zaira,Gravina,Zaira Gravina,Male,1996-06-03,zaira.gravina@outlook.com,351348130,"Borgo Binaghi, 4",Visnadello,Forlì-Cesena,64010,IT,Italy,EMEA,Italian,Consumer,Platinum,2019-03-22,2019,RETURNING,True,MDM,2019-03-22,2026-04-17 15:58:45.947031
00a5169a-04b7-41d2-86f5-35d0650d61a1,CUST-2023-IT-000096,Lucrezia,Altera,Lucrezia Altera,Male,1991-04-02,lucrezia.altera@live.com,0825872575,"Viale Coluccio, 62",Villa Poma,Vicenza,35124,IT,Italy,EMEA,Italian,Consumer,None,2023-11-28,2023,RETURNING,True,MDM,2023-11-28 00:00:00,2026-04-17 15:58:45.947033
4b2d3207-f6f7-4dae-b707-06350bb6b188,CUST-2019-IT-000583,Giorgia,Martucci,Giorgia Martucci,Male,1991-02-21,giorgia.martucci@hotmail.com,0574645102,"Strada Lucrezia, 3",Ovedi',Teramo,35133,IT,Italy,EMEA,Italian,Business,Silver,2019-03-20,2019,RETURNING,True,MDM,2019-03-20,2026-04-17 15:58:45.947039
19e00859-4391-49af-9d06-70d7d855d6cf,CUST-2023-IT-000075,Ermes,Scarpetta,Ermes Scarpetta,Male,1951-01-31,ermes.scarpetta451@icloud.com,+39 076519740,"Contrada Beatrice, 0",Budrio,Parma,16048,IT,Italy,EMEA,Italian,Consumer,Silver,2023-05-22,2023,RETURNING,True,MDM,2023-05-22 00:00:00,2026-04-17 15:58:45.947040
04da0aa0-7a1e-423f-b41c-05893c402161,CUST-2019-IT-000576,Napoleone,Curatoli,Napoleone Curatoli,Male,1956-01-02,napoleone.curatoli@gmx.com,3910306440,"Viale Onisto, 93 Appartamento 43",Marmora,Torino,4026,IT,Italy,EMEA,Italian,Business,None,2019-07-28,2019,RETURNING,True,MDM,2019-07-28,2026-04-17 15:58:45.947042
787b1de8-6805-4748-bf6c-b9b3aa8bcaf2,CUST-2023-IT-000293,Donatello,Littizzetto,Donatello Littizzetto,Male,2005-05-18,donatello.littizzetto512@outlook.com,39370682903,"Contrada Navarria, 85 Appartamento 66",Bognanco Fonti,Bari,21043,IT,Italy,EMEA,Italian,Consumer,Platinum,2023-06-25,2023,RETURNING,True,MDM,2023-06-25 00:00:00,2026-04-17 15:58:45.947044
1f154542-7b22-406a-a91e-e8be2c3e5b41,CUST-2022-IT-000215,Elvira,Montanari,Elvira Montanari,Female,1965-12-07,elvira.montanari@msn.com,+39 0394834687,"Via Nievo, 620",Sedriano,Brindisi,2026,IT,Italy,EMEA,Italian,Consumer,None,2022-11-29,2022,RETURNING,False,MDM,2022-11-29 00:00:00,2026-04-17 15:58:45.947046
97513bdd-f269-426b-8516-a314bd20f91e,CUST-2019-IT-000641,Puccio,Luciani,Puccio Luciani,Female,1994-06-22,puccio.luciani624@gmail.com,+39 3477340413,"Borgo Adelmo, 85",Castellonorato,Forlì-Cesena,17028,IT,Italy,EMEA,Italian,Business,Silver,2019-05-28,2019,RETURNING,True,MDM,2019-05-28,2026-04-17 15:58:45.947047
43c4f42a-f031-44f7-9ae5-ee0960aba52b,CUST-2023-IT-000210,Damiano,Filzi,Damiano Filzi,Male,1992-11-16,damiano.filzi@mail.com,+39 0789209071,"Canale Concetta, 73 Piano 0",Carinola,Enna,20866,IT,Italy,EMEA,Italian,Business,Silver,2023-12-02,2023,RETURNING,True,MDM,2023-12-02 00:00:00,2026-04-17 15:58:45.947048
402a0e70-a9bc-4777-831e-c7fa7f2e63e9,CUST-2019-IT-000640,Antonietta,Niscoromni,Antonietta Niscoromni,Female,1991-09-12,antonietta.niscoromni@zoho.com,+39 34421119644,"Viale Liguori, 69",Bibano,Teramo,60031,IT,Italy,EMEA,Italian,Consumer,None,2019-11-03,2019,RETURNING,True,MDM,2019-11-03,2026-04-17 15:58:45.947050
0a5db28e-2e9b-4ed0-a36b-30c62f901ab2,CUST-2021-IT-000263,Aurora,Schiavone,Aurora Schiavone,Male,1964-10-25,aurora.schiavone484@zoho.com,0995685589,"Via Eleanora, 15",Casnate Con Bernate,Pesaro e Urbino,96016,IT,Italy,EMEA,Italian,Consumer,Silver,2021-10-15,2021,RETURNING,True,MDM,2021-10-15 00:00:00,2026-04-17 15:58:45.947052
d0add0b7-cbe4-4bdd-88fd-5e6fd144d339,CUST-2021-IT-000133,Susanna,Lussu,Susanna Lussu,Female,1986-07-07,susanna.lussu@protonmail.com,0789798671,"Rotonda Olga, 660 Piano 0",Ponte Messa,Bologna,32045,IT,Italy,EMEA,Italian,Consumer,Platinum,2021-11-10,2021,RETURNING,True,MDM,2021-11-10 00:00:00,2026-04-17 15:58:45.947053
8155144e-605f-48b9-b3cf-c103c618879d,CUST-2022-IT-000032,Lamberto,Tomasini,Lamberto Tomasini,Female,1978-11-18,lamberto.tomasini@protonmail.com,03310557371,"Borgo Alina, 69",Bragno,Venezia,28017,IT,Italy,EMEA,Italian,Consumer,Gold,2022-10-12,2022,RETURNING,True,MDM,2022-10-12 00:00:00,2026-04-17 15:58:45.947054
dcf33883-727f-42ce-90f1-2c9cfe30c868,CUST-2022-IT-000029,Dario,Ruberto,Dario Ruberto,Female,1976-05-28,dario.ruberto@gmx.com,+39 0184359123,"Piazza Surian, 6 Appartamento 74",Rasun Anterselva,Novara,85032,IT,Italy,EMEA,Italian,Consumer,None,2022-04-12,2022,RETURNING,True,MDM,2022-04-12 00:00:00,2026-04-17 15:58:45.947056
e2d73056-8faa-4aa1-87a9-f8f2d796aa6c,CUST-2021-IT-000111,Germana,Mondaini,Germana Mondaini,Female,1994-01-19,germana.mondaini274@aol.com,0445961208,"Rotonda Interiano, 224",Spilimbergo,Firenze,66014,IT,Italy,EMEA,Italian,Education,Gold,2021-09-11,2021,RETURNING,True,MDM,2021-09-11 00:00:00,2026-04-17 15:58:45.947057
36359c06-1598-47cf-90dc-81836077a603,CUST-2019-IT-000461,Antonella,Sanudo,Antonella Sanudo,Male,1986-05-24,antonella.sanudo@zoho.com,0865925965,"Vicolo Scotto, 69 Appartamento 50",Monasterolo,Ascoli Piceno,20021,IT,Italy,EMEA,Italian,Consumer,Platinum,2019-04-20,2019,RETURNING,True,MDM,2019-04-20,2026-04-17 15:58:45.947059
c454d4d6-4d58-461d-8e08-4f9d96f5831d,CUST-2022-IT-000177,Maria,Pirelli,Maria Pirelli,Male,1979-05-16,maria.pirelli53@yahoo.com,+39 057819102,"Rotonda Tencalla, 84",Cassacco,Savona,10149,IT,Italy,EMEA,Italian,Consumer,Platinum,2022-09-06,2022,RETURNING,True,MDM,2022-09-06 00:00:00,2026-04-17 15:58:45.947060
dff1bbe2-f184-4b01-862f-e807d1b34d13,CUST-2019-IT-000696,Arturo,Martucci,Arturo Martucci,Female,1951-07-06,arturo.martucci@mail.com,016394400,"Incrocio Gioachino, 60 Piano 4",Sommo,Firenze,15038,IT,Italy,EMEA,Italian,Consumer,None,2019-04-24,2019,RETURNING,True,MDM,2019-04-24,2026-04-17 15:58:45.947062
08efd982-c2ca-40c5-8103-8cd097740ad6,CUST-2020-IT-000145,Nicolò,Curatoli,Nicolò Curatoli,Male,1960-03-30,nicol.curatoli@gmail.com,0774284130,"Contrada Taliercio, 10 Piano 9",Colle Brianza,Lecco,37122,IT,Italy,EMEA,Italian,Consumer,Platinum,2020-02-29,2020,RETURNING,True,MDM,2020-02-29 00:00:00,2026-04-17 15:58:45.947063
9b25cc1b-3958-4125-8f40-d6098fe1f8d7,CUST-2021-IT-000209,Giancarlo,Caracciolo,Giancarlo Caracciolo,Male,1973-05-03,giancarlo.caracciolo@aol.com,+39 338881403,"Canale Paganini, 0",Capitello,Lecco,1019,IT,Italy,EMEA,Italian,Consumer,Silver,2021-06-30,2021,RETURNING,False,MDM,2021-06-30 00:00:00,2026-04-17 15:58:45.947065
d6d0893a-f122-4811-b7be-1750f997ae63,CUST-2020-IT-000041,Mercedes,Galuppi,Mercedes Galuppi,Female,1962-04-27,mercedes.galuppi@hotmail.com,3363109422,"Stretto Fabrizia, 984",Caldaro Sulla Strada Del Vino,Genova,16125,IT,Italy,EMEA,Italian,Business,Silver,2020-11-25,2020,RETURNING,True,MDM,2020-11-25 00:00:00,2026-04-17 15:58:45.947066
958ff184-83a3-4b9a-af7f-855604d5a872,CUST-2019-IT-000331,Martina,Toscanini,Martina Toscanini,Male,1962-11-09,martina.toscanini928@gmx.com,0553392620,"Vicolo Spadafora, 2 Appartamento 2",Faro Superiore,Venezia,28068,IT,Italy,EMEA,Italian,Education,Silver,2019-01-06,2019,RETURNING,True,MDM,2019-01-06,2026-04-17 15:58:45.947070
914e453b-e83f-4f76-8789-e9e2567f24e4,CUST-2019-IT-000839,Gaspare,Pacelli,Gaspare Pacelli,Male,1967-12-02,gaspare.pacelli745@outlook.com,+39 0123268035,"Strada Nugnes, 36",Moniego Di Noale,Aosta,63079,IT,Italy,EMEA,Italian,Consumer,None,2019-07-26,2019,RETURNING,True,MDM,2019-07-26,2026-04-17 15:58:45.947072
ff5e5b68-23c1-45e6-9534-e62cbd2acd5f,CUST-2022-IT-000139,Ezio,Leonetti,Ezio Leonetti,Female,1965-05-12,ezio.leonetti@aol.com,0523707569,"Viale Torquato, 5",Borgo Grappa,Vibo Valentia,88823,IT,Italy,EMEA,Italian,Consumer,Silver,2022-07-22,2022,RETURNING,True,MDM,2022-07-22 00:00:00,2026-04-17 15:58:45.947073
7a8fb322-df38-4b13-8a95-2286670cd50c,CUST-2023-IT-000054,Bruno,Pinamonte,Bruno Pinamonte,Female,1959-05-07,bruno.pinamonte@outlook.com,01232141389,"Piazza Etta, 2",Naz Sciaves,Matera,14026,IT,Italy,EMEA,Italian,Consumer,None,2023-12-08,2023,RETURNING,True,MDM,2023-12-08 00:00:00,2026-04-17 15:58:45.947075
f7e452ca-f7d3-44bd-b7ed-a91a10e03149,CUST-2023-IT-000272,Stella,Gagliano,Stella Gagliano,Male,1961-10-13,stella.gagliano@yahoo.com,+39 056674619,"Vicolo Gelli, 75 Appartamento 71",Torre Chianca,Pisa,92019,IT,Italy,EMEA,Italian,Consumer,None,2023-01-23,2023,RETURNING,True,MDM,2023-01-23 00:00:00,2026-04-17 15:58:45.947077
d05bb215-8ded-4243-b6bb-db502830edfd,CUST-2021-IT-000186,Eleanora,Finetti,Eleanora Finetti,Male,1952-11-07,eleanora.finetti@aol.com,0481217262,"Stretto Tatiana, 80 Appartamento 42",Fantina,Lodi,50129,IT,Italy,EMEA,Italian,Consumer,Silver,2021-05-06,2021,RETURNING,True,MDM,2021-05-06 00:00:00,2026-04-17 15:58:45.947079
82a1c283-ce8a-4ddd-ad76-97c70524db5f,CUST-2022-IT-000254,Martino,Casadei,Martino Casadei,Male,1973-02-27,martino.casadei@aol.com,+39 351253211,"Rotonda Micheletto, 6",Burgos,Parma,13881,IT,Italy,EMEA,Italian,Consumer,None,2022-12-10,2022,RETURNING,False,MDM,2022-12-10 00:00:00,2026-04-17 15:58:45.947080
1f728e28-c9a5-4d74-b3d3-ec89e5fbbbc5,CUST-2023-IT-000012,Lidia,Fischetti,Lidia Fischetti,Female,1969-07-07,lidia.fischetti513@outlook.com,377487402,"Incrocio Antonino, 15",Serramanna,Venezia,87042,IT,Italy,EMEA,Italian,Consumer,Gold,2023-05-09,2023,RETURNING,True,MDM,2023-05-09 00:00:00,2026-04-17 15:58:45.947082
bc533e1e-0e2b-455e-90b3-5e8eadd04f18,CUST-2021-IT-000255,Tonia,Michelangeli,Tonia Michelangeli,Male,2007-06-04,tonia.michelangeli@zoho.com,+39 3515333140,"Vicolo Flavia, 793",Bieno,Chieti,20090,IT,Italy,EMEA,Italian,Consumer,None,2021-11-08,2021,RETURNING,True,MDM,2021-11-08 00:00:00,2026-04-17 15:58:45.947087
2d57b34b-6e7a-4dbf-9d04-37c564f88321,CUST-2020-IT-000074,Paoletta,Niscoromni,Paoletta Niscoromni,Female,1957-11-20,paoletta.niscoromni@zoho.com,3469083678,"Incrocio Giulia, 8",Favarella,Trento,50037,IT,Italy,EMEA,Italian,Consumer,Platinum,2020-08-15,2020,RETURNING,True,MDM,2020-08-15 00:00:00,2026-04-17 15:58:45.947089
5f17c08c-21c9-4fba-bee4-93334321183b,CUST-2023-IT-000318,Telemaco,Almagià,Telemaco Almagià,Male,1994-09-07,telemaco.almagi@gmx.com,+39 3731171798,"Contrada Corrado, 118 Piano 8",Bufalata,Cremona,12088,IT,Italy,EMEA,Italian,Consumer,None,2023-01-17,2023,RETURNING,True,MDM,2023-01-17 00:00:00,2026-04-17 15:58:45.947091
145e68d8-c35f-41c7-9954-2b4eb358f7f1,CUST-2019-IT-000105,Liberto,Gentili,Liberto Gentili,Female,1960-01-04,liberto.gentili640@gmail.com,+39 05729100388,"Incrocio Osvaldo, 432",Vuccolo Di Maiorano,Caltanissetta,90135,IT,Italy,EMEA,Italian,Consumer,Platinum,2019-12-21,2019,RETURNING,True,MDM,2019-12-21,2026-04-17 15:58:45.947092
1fbf7b04-4098-4b5c-9474-04ccb54b331b,CUST-2022-IT-000154,Donato,Gagliardi,Donato Gagliardi,Male,2005-03-05,donato.gagliardi@yahoo.com,0565861847,"Vicolo Trobbiani, 26",Filacciano,Pavia,55100,IT,Italy,EMEA,Italian,Consumer,None,2022-05-09,2022,RETURNING,True,MDM,2022-05-09 00:00:00,2026-04-17 15:58:45.947094
3160a7c9-f651-4b5b-94b2-7bb98af64bc8,CUST-2023-IT-000296,Azeglio,Cerquiglini,Azeglio Cerquiglini,Female,1989-05-31,azeglio.cerquiglini954@icloud.com,+39 0895787877,"Strada Puccio, 80 Appartamento 2",Arsoli,Taranto,46025,IT,Italy,EMEA,Italian,Consumer,Silver,2023-09-03,2023,RETURNING,True,MDM,2023-09-03 00:00:00,2026-04-17 15:58:45.947095
15700449-5cd0-42cd-9e28-12889edbbda3,CUST-2022-IT-000255,Tullio,Micca,Tullio Micca,Female,2007-08-26,tullio.micca@live.com,05770974282,"Rotonda Fabio, 6 Appartamento 56",Badoere,Barletta-Andria-Trani,36062,IT,Italy,EMEA,Italian,Consumer,Gold,2022-03-03,2022,RETURNING,True,MDM,2022-03-03 00:00:00,2026-04-17 15:58:45.947096
cef8b07e-fdd6-4abc-8368-c83b205d8dc6,CUST-2022-IT-000141,Hugo,Galuppi,Hugo Galuppi,Female,1987-04-26,hugo.galuppi@live.com,+39 042483291,"Rotonda Riccati, 9 Piano 2",Bastida De' Dossi,Modena,13854,IT,Italy,EMEA,Italian,Consumer,Gold,2022-09-28,2022,RETURNING,True,MDM,2022-09-28 00:00:00,2026-04-17 15:58:45.947098
60bc57ad-657b-4e8f-abc4-ac661b383993,CUST-2021-IT-000055,Tonino,Bettin,Tonino Bettin,Female,1968-03-14,tonino.bettin@outlook.com,+39 355343547,"Canale Cafarchia, 4",Fara Gera D'Adda,Ragusa,3040,IT,Italy,EMEA,Italian,Consumer,None,2021-03-22,2021,RETURNING,True,MDM,2021-03-22 00:00:00,2026-04-17 15:58:45.947099
7759e723-b053-45ba-bf78-cf25e72ade52,CUST-2021-IT-000167,Panfilo,Ajello,Panfilo Ajello,Male,1965-08-04,panfilo.ajello505@icloud.com,+39 3514227671,"Piazza Luigina, 95 Piano 5",Policastro Bussentino,Gorizia,42011,IT,Italy,EMEA,Italian,Consumer,None,2021-10-17,2021,RETURNING,True,MDM,2021-10-17 00:00:00,2026-04-17 15:58:45.947105
44fee394-73a9-42a8-8513-c1a08eb08b16,CUST-2023-IT-000135,Gioele,Marrone,Gioele Marrone,Female,1973-09-29,gioele.marrone@gmx.com,377657720,"Via Ioppi, 42",Borgo Carillia,Savona,24122,IT,Italy,EMEA,Italian,Consumer,Gold,2023-11-25,2023,RETURNING,True,MDM,2023-11-25 00:00:00,2026-04-17 15:58:45.947106
31ef4c1f-1d7b-41fb-9bef-c8750fd49085,CUST-2021-IT-000005,Marcello,Gagliano,Marcello Gagliano,Male,1996-12-21,marcello.gagliano@mail.com,+39 370383088,"Vicolo Mancini, 9",Sassi,Piacenza,13818,IT,Italy,EMEA,Italian,Consumer,None,2021-09-01,2021,RETURNING,True,MDM,2021-09-01 00:00:00,2026-04-17 15:58:45.947108
63ebd066-e55a-4464-9154-a6696412cb87,CUST-2022-IT-000095,Nicolò,Lussu,Nicolò Lussu,Female,1986-06-04,nicol.lussu@outlook.com,+39 0123481240,"Vicolo Bianca, 580 Appartamento 3",Pizzale,Terni,93012,IT,Italy,EMEA,Italian,Consumer,Platinum,2022-08-06,2022,RETURNING,True,MDM,2022-08-06 00:00:00,2026-04-17 15:58:45.947109
1653e6e7-44aa-4af2-808f-3cffb38fb7f6,CUST-2020-IT-000156,Baldassare,Roth,Baldassare Roth,Male,1997-03-27,baldassare.roth@hotmail.com,3447065721,"Viale Mortati, 2 Appartamento 60",Gais,Asti,3024,IT,Italy,EMEA,Italian,Business,Platinum,2020-04-11,2020,RETURNING,True,MDM,2020-04-11 00:00:00,2026-04-17 15:58:45.947111
4d31fe95-50a4-4048-bd0d-731b474edd01,CUST-2020-IT-000111,Giuseppina,Cattaneo,Giuseppina Cattaneo,Male,1968-10-31,giuseppina.cattaneo673@hotmail.com,+39 092319771,"Strada Contrafatto, 8 Piano 7",Issogne,Varese,17034,IT,Italy,EMEA,Italian,Consumer,Silver,2020-08-19,2020,RETURNING,True,MDM,2020-08-19 00:00:00,2026-04-17 15:58:45.947112
ae32aae1-62f3-4929-8bc6-9561e5ba860f,CUST-2022-IT-000260,Angelina,Angeli,Angelina Angeli,Male,1987-03-02,angelina.angeli@gmail.com,351192455,"Via Martina, 8 Piano 8",Cingoli,Verbano-Cusio-Ossola,70033,IT,Italy,EMEA,Italian,Consumer,None,2022-08-30,2022,RETURNING,True,MDM,2022-08-30 00:00:00,2026-04-17 15:58:45.947114
be236ed9-8c09-4143-b860-b4c0dd8dd1ad,CUST-2021-IT-000179,Morena,Caruso,Morena Caruso,Male,1980-12-02,morena.caruso@gmx.com,3459593857,"Via Pagliaro, 71 Appartamento 5",Opera,Verona,23898,IT,Italy,EMEA,Italian,Business,Platinum,2021-12-30,2021,RETURNING,True,MDM,2021-12-30 00:00:00,2026-04-17 15:58:45.947115
7be65be6-427e-40bb-89d3-aaa8bc52132d,CUST-2019-IT-000825,Ennio,Molesini,Ennio Molesini,Female,1988-09-03,ennio.molesini@gmail.com,03731498476,"Vicolo Gioachino, 77 Appartamento 45",Fiuggi Fonte,Catanzaro,31047,IT,Italy,EMEA,Italian,Consumer,Silver,2019-07-21,2019,RETURNING,True,MDM,2019-07-21,2026-04-17 15:58:45.947117
c0606df1-6d76-408f-b4cb-0f0ac38d8eae,CUST-2020-IT-000244,Gianna,Ricci,Gianna Ricci,Male,1975-04-21,gianna.ricci146@msn.com,+39 057132430,"Vicolo Massimo, 20 Piano 2",Mezzano Scotti,Cuneo,31042,IT,Italy,EMEA,Italian,Consumer,Platinum,2020-12-13,2020,RETURNING,True,MDM,2020-12-13 00:00:00,2026-04-17 15:58:45.947122
238f943c-ea76-4add-afbc-c6f5f8ac2d76,CUST-2023-IT-000114,Emilio,Ferrabosco,Emilio Ferrabosco,Male,1961-10-16,emilio.ferrabosco976@outlook.com,+39 0805108889,"Rotonda Luciano, 5",Vescovana,Piacenza,17040,IT,Italy,EMEA,Italian,Consumer,None,2023-03-27,2023,RETURNING,True,MDM,2023-03-27 00:00:00,2026-04-17 15:58:45.947124
53c2a7dc-186a-4fdb-b136-45233fc54e78,CUST-2019-IT-000536,Ninetta,Tirabassi,Ninetta Tirabassi,Female,1965-12-03,ninetta.tirabassi560@yahoo.com,37736911059,"Viale Annetta, 20",Dovera,Barletta-Andria-Trani,25068,IT,Italy,EMEA,Italian,Consumer,None,2019-11-19,2019,RETURNING,True,MDM,2019-11-19,2026-04-17 15:58:45.947126
a2b4d5c6-b2b0-4b06-8885-266f7656b416,CUST-2021-IT-000009,Severino,Comencini,Severino Comencini,Male,1986-08-09,severino.comencini@yahoo.com,0362878521,"Rotonda Raffaellino, 62 Appartamento 0",Torelli Di Mercogliano,Pesaro e Urbino,97016,IT,Italy,EMEA,Italian,Consumer,None,2021-12-05,2021,RETURNING,False,MDM,2021-12-05 00:00:00,2026-04-17 15:58:45.947127
2f919382-c921-4a5e-ad6c-80cc054e3ec4,CUST-2023-IT-000261,Berenice,Tirabassi,Berenice Tirabassi,Female,2000-06-17,berenice.tirabassi774@live.com,+39 3534646611,"Via Passalacqua, 33",Monte San Giovanni In Sabina,Terni,22019,IT,Italy,EMEA,Italian,Consumer,Silver,2023-05-30,2023,RETURNING,True,MDM,2023-05-30 00:00:00,2026-04-17 15:58:45.947129
92958e45-4db2-49ca-b8ea-8285548f8d9d,CUST-2020-IT-000165,Carmelo,Antelami,Carmelo Antelami,Female,1997-12-04,carmelo.antelami233@hotmail.com,+39 327676296,"Via Antonini, 79",Banzano Di Montoro Superiore,Belluno,38055,IT,Italy,EMEA,Italian,Business,None,2020-08-29,2020,RETURNING,True,MDM,2020-08-29 00:00:00,2026-04-17 15:58:45.947131
0c1161a7-75eb-4289-b873-a6e71be8eded,CUST-2023-IT-000250,Pompeo,Ramazzotti,Pompeo Ramazzotti,Female,1980-06-22,pompeo.ramazzotti@live.com,042445156,"Strada Ronaldo, 574 Appartamento 91",Mezzocammino,Arezzo,9024,IT,Italy,EMEA,Italian,Consumer,Platinum,2023-03-23,2023,RETURNING,True,MDM,2023-03-23 00:00:00,2026-04-17 15:58:45.947132
b9e30622-1586-4f66-aad4-289d7a9f7cd1,CUST-2023-IT-000008,Arnaldo,Caironi,Arnaldo Caironi,Female,1978-10-19,arnaldo.caironi@gmx.com,35130684402,"Borgo Fiorino, 8 Piano 5",San Vendemiano,Benevento,10045,IT,Italy,EMEA,Italian,Consumer,None,2023-02-13,2023,RETURNING,True,MDM,2023-02-13 00:00:00,2026-04-17 15:58:45.947134
a8465cef-0137-4cf6-8085-d2c71145c958,CUST-2019-IT-000024,Pietro,Togliatti,Pietro Togliatti,Male,1994-05-04,pietro.togliatti@mail.com,044501944,"Piazza Malacarne, 0",Teolo,Ferrara,20042,IT,Italy,EMEA,Italian,Consumer,Gold,2019-01-29,2019,RETURNING,True,MDM,2019-01-29,2026-04-17 15:58:45.947135
f9819c9d-fafe-4bea-bae8-465504554dd0,CUST-2019-IT-000716,Rita,Praga,Rita Praga,Male,1972-03-06,rita.praga@protonmail.com,+39 05479396585,"Viale Lisa, 14",Correzzana,Ragusa,86078,IT,Italy,EMEA,Italian,Consumer,None,2019-09-20,2019,RETURNING,True,MDM,2019-09-20,2026-04-17 15:58:45.947141
0ec16f19-b356-4c5e-ad53-201abef86721,CUST-2019-IT-000456,Gioachino,Miniati,Gioachino Miniati,Female,1963-04-21,gioachino.miniati213@mail.com,+39 3835627601,"Contrada Campise, 3",Cepina Valdisotto,Palermo,4020,IT,Italy,EMEA,Italian,Consumer,None,2019-08-10,2019,RETURNING,True,MDM,2019-08-10,2026-04-17 15:58:45.947143
10ebc965-5a94-4e58-a395-e662ddc0d8f6,CUST-2023-IT-000040,Matteo,Emo,Matteo Emo,Male,1975-06-28,matteo.emo526@live.com,+39 35000264915,"Viale Petrucelli, 94 Piano 1",San Rocco Cherasca,Aosta,82037,IT,Italy,EMEA,Italian,Business,None,2023-08-06,2023,RETURNING,False,MDM,2023-08-06 00:00:00,2026-04-17 15:58:45.947144
29b1b091-dd6e-48dc-9caf-1bd6f90e8e5c,CUST-2019-IT-000259,Cassandra,Interminei,Cassandra Interminei,Female,1966-06-26,cassandra.interminei@zoho.com,0899770113,"Vicolo Mascheroni, 4 Appartamento 63",San Giovanni Di Gerace,Reggio Calabria,24127,IT,Italy,EMEA,Italian,Consumer,Gold,2019-08-29,2019,RETURNING,True,MDM,2019-08-29,2026-04-17 15:58:45.947146
724b8248-bd1d-4053-a309-0dfb7ca64179,CUST-2022-IT-000312,Massimiliano,Vattimo,Massimiliano Vattimo,Male,1999-06-06,massimiliano.vattimo@icloud.com,+39 0921623163,"Stretto Chechi, 985",Tredozio,Prato,70024,IT,Italy,EMEA,Italian,Business,None,2022-09-23,2022,RETURNING,True,MDM,2022-09-23 00:00:00,2026-04-17 15:58:45.947148
e30c4fd0-86f7-4905-81f0-2a85ddb23ab3,CUST-2023-IT-000003,Chiara,Foscari,Chiara Foscari,Male,1999-03-22,chiara.foscari193@protonmail.com,+39 0932635968,"Via Pizzo, 65",Recetto,Messina,22032,IT,Italy,EMEA,Italian,Consumer,None,2023-04-11,2023,RETURNING,True,MDM,2023-04-11 00:00:00,2026-04-17 15:58:45.947150
ba5e9728-9e29-4ddb-8932-1e4d09852289,CUST-2020-IT-000216,Marina,Prada,Marina Prada,Male,1960-03-07,marina.prada@aol.com,0523522360,"Stretto Gianinazzi, 66 Piano 3",Villa Botteri,Bari,55061,IT,Italy,EMEA,Italian,Consumer,Silver,2020-06-14,2020,RETURNING,True,MDM,2020-06-14 00:00:00,2026-04-17 15:58:45.947151
d9ce1081-b159-468e-9845-341c83ebba3a,CUST-2023-IT-000247,Edoardo,Pacomio,Edoardo Pacomio,Female,2000-05-09,edoardo.pacomio979@gmx.com,+39 0396935773,"Viale Dario, 270 Piano 3",Aprigliano,Siena,13823,IT,Italy,EMEA,Italian,Business,None,2023-12-08,2023,RETURNING,True,MDM,2023-12-08 00:00:00,2026-04-17 15:58:45.947153
6e26198f-6b68-4aab-8e57-ce7ff41c591c,CUST-2023-IT-000311,Etta,Baracca,Etta Baracca,Male,1991-10-08,etta.baracca@yahoo.com,+39 0431807119,"Rotonda Parmitano, 59",Meleto,Siracusa,43100,IT,Italy,EMEA,Italian,Consumer,None,2023-03-10,2023,RETURNING,True,MDM,2023-03-10 00:00:00,2026-04-17 15:58:45.947159
aa1010f5-34b6-43ed-bcdb-7d29f5870a6f,CUST-2021-IT-000293,Santino,Curiel,Santino Curiel,Female,1966-07-23,santino.curiel@hotmail.com,04386614131,"Strada Danilo, 147 Appartamento 2",Sant'Angelo A Cupolo,Pistoia,40125,IT,Italy,EMEA,Italian,Business,None,2021-06-26,2021,RETURNING,True,MDM,2021-06-26 00:00:00,2026-04-17 15:58:45.947160
c26aba94-4d57-4ea3-99f3-90f197c8f032,CUST-2023-IT-000100,Ruggero,Veltroni,Ruggero Veltroni,Male,1997-11-01,ruggero.veltroni@gmail.com,+39 362071055,"Borgo Luciana, 961",San Daniele Del Friuli,Livorno,39041,IT,Italy,EMEA,Italian,Education,Silver,2023-10-11,2023,RETURNING,True,MDM,2023-10-11 00:00:00,2026-04-17 15:58:45.947162
c5a10e41-1518-4886-90f4-b69912c3562f,CUST-2021-IT-000280,Luigina,Vigorelli,Luigina Vigorelli,Male,1957-09-17,luigina.vigorelli@msn.com,+39 087414472,"Rotonda Spinola, 657 Piano 7",Civitaluparella,Vibo Valentia,46037,IT,Italy,EMEA,Italian,Education,None,2021-08-04,2021,RETURNING,True,MDM,2021-08-04 00:00:00,2026-04-17 15:58:45.947164
cba9dcdc-e37c-44d4-a97a-a93f9927f230,CUST-2023-IT-000107,Renzo,Cagnotto,Renzo Cagnotto,Male,2006-08-14,renzo.cagnotto@gmail.com,0375436783,"Strada Salvi, 8",Madonna Del Pilone,Reggio Emilia,10069,IT,Italy,EMEA,Italian,Consumer,None,2023-07-11,2023,RETURNING,True,MDM,2023-07-11 00:00:00,2026-04-17 15:58:45.947166
5894917b-a115-408a-a5ca-b0f9f9381044,CUST-2020-IT-000091,Alina,Scarfoglio,Alina Scarfoglio,Male,1987-07-07,alina.scarfoglio@live.com,0577409766,"Strada Antonioni, 1",Mira Taglio,Isernia,20053,IT,Italy,EMEA,Italian,Consumer,Gold,2020-06-17,2020,RETURNING,True,MDM,2020-06-17 00:00:00,2026-04-17 15:58:45.947167
6a41edee-ddbf-43fb-a966-508e25c49d65,CUST-2019-IT-000468,Orazio,Gentilini,Orazio Gentilini,Female,2007-09-19,orazio.gentilini@gmx.com,0974086496,"Via Antonio, 1 Appartamento 0",Sant'Antonio Abate,Aosta,51100,IT,Italy,EMEA,Italian,Consumer,None,2019-11-21,2019,RETURNING,False,MDM,2019-11-21,2026-04-17 15:58:45.947169
d0a80b9b-e14d-4599-905f-49f25264c61d,CUST-2023-IT-000298,Arnaldo,Tasso,Arnaldo Tasso,Male,1981-12-27,arnaldo.tasso@outlook.com,3512420647,"Rotonda Fiorenzo, 62",Roghudi Nuovo,Crotone,3043,IT,Italy,EMEA,Italian,Consumer,Gold,2023-04-04,2023,RETURNING,True,MDM,2023-04-04 00:00:00,2026-04-17 15:58:45.947171
c9a17361-680e-4426-8715-6c8d4ad505c7,CUST-2022-IT-000169,Teresa,Nievo,Teresa Nievo,Female,1952-11-27,teresa.nievo849@zoho.com,+39 3294723076,"Stretto Poerio, 875 Appartamento 12",Beura,Como,95013,IT,Italy,EMEA,Italian,Consumer,Gold,2022-03-03,2022,RETURNING,True,MDM,2022-03-03 00:00:00,2026-04-17 15:58:45.947176
bd15cc9e-6a5d-4808-808a-cfa285c94b1b,CUST-2022-IT-000183,Gemma,Conte,Gemma Conte,Female,1962-08-30,gemma.conte@gmx.com,+39 056453945,"Piazza Umberto, 285",Cazzago,Torino,22020,IT,Italy,EMEA,Italian,Consumer,None,2022-06-04,2022,RETURNING,True,MDM,2022-06-04 00:00:00,2026-04-17 15:58:45.947179
caa8421c-5c87-4efc-a52d-68ad2c1586f8,CUST-2023-IT-000187,Leonardo,Barozzi,Leonardo Barozzi,Male,1958-12-13,leonardo.barozzi887@msn.com,+39 0230752473,"Stretto Ignazio, 88 Piano 8",Vicomoscano,Catania,91016,IT,Italy,EMEA,Italian,Consumer,None,2023-09-21,2023,RETURNING,False,MDM,2023-09-21 00:00:00,2026-04-17 15:58:45.947181
7cc1feff-023b-4b12-8f38-4b3ab637d3b9,CUST-2021-IT-000189,Maria,Russo,Maria Russo,Female,1988-11-14,maria.russo@protonmail.com,03751127841,"Strada Sorrentino, 399 Appartamento 6",Misserio,Ravenna,87011,IT,Italy,EMEA,Italian,Consumer,None,2021-10-12,2021,RETURNING,True,MDM,2021-10-12 00:00:00,2026-04-17 15:58:45.947182
76dcac0e-0ab9-489c-afc9-44acf01f6fc6,CUST-2020-IT-000250,Cecilia,Simeoni,Cecilia Simeoni,Male,1958-09-27,cecilia.simeoni@mail.com,+39 328172174,"Piazza Serena, 97 Appartamento 1",Castellina Scalo,Udine,20050,IT,Italy,EMEA,Italian,Consumer,None,2020-05-11,2020,RETURNING,False,MDM,2020-05-11 00:00:00,2026-04-17 15:58:45.947184
cb79a20e-222d-4550-8e41-aeb1346e2150,CUST-2019-IT-000562,Mercedes,Montalti,Mercedes Montalti,Female,2002-08-19,mercedes.montalti@icloud.com,+39 0783601244,"Strada Pasquale, 22 Appartamento 1",Calde',Como,37052,IT,Italy,EMEA,Italian,Consumer,None,2019-01-28,2019,RETURNING,True,MDM,2019-01-28,2026-04-17 15:58:45.947186
ff9279a9-c156-415f-92cd-865ab97a9ec9,CUST-2020-IT-000121,Fabrizia,Barberini,Fabrizia Barberini,Female,2006-03-16,fabrizia.barberini526@aol.com,+39 3379624676,"Contrada Alderano, 90 Appartamento 3",Bedollo,Ragusa,22060,IT,Italy,EMEA,Italian,Consumer,Gold,2020-07-03,2020,RETURNING,True,MDM,2020-07-03 00:00:00,2026-04-17 15:58:45.947187
2a661d77-1241-4fbd-afc1-a1559e0ee928,CUST-2019-IT-000477,Severino,Pacelli,Severino Pacelli,Female,1957-01-04,severino.pacelli@msn.com,0302277181,"Vicolo Traetta, 53",Brenta,Belluno,91023,IT,Italy,EMEA,Italian,Consumer,None,2019-09-29,2019,RETURNING,True,MDM,2019-09-29,2026-04-17 15:58:45.947189
1689581c-2740-4089-8eca-6af72742a68a,CUST-2019-IT-000035,Nino,Giulietti,Nino Giulietti,Male,1958-05-28,nino.giulietti@gmx.com,375739822,"Canale Brambilla, 144",Divieto,Varese,41042,IT,Italy,EMEA,Italian,Consumer,None,2019-06-13,2019,RETURNING,True,MDM,2019-06-13,2026-04-17 15:58:45.947191
100ad6de-7731-4891-8d43-c2b9784118dd,CUST-2019-IT-000104,Fortunata,Fagotto,Fortunata Fagotto,Female,1967-01-31,fortunata.fagotto@aol.com,057839360,"Contrada Giannotti, 620",Volla,Brindisi,16011,IT,Italy,EMEA,Italian,Consumer,Silver,2019-06-22,2019,RETURNING,True,MDM,2019-06-22,2026-04-17 15:58:45.947192
a1c49f54-f599-4210-bf3b-d2990e4e8a5a,CUST-2022-IT-000201,Ronaldo,Trebbi,Ronaldo Trebbi,Male,1963-06-26,ronaldo.trebbi353@yahoo.com,+39 0735990506,"Contrada Raffaellino, 64 Appartamento 43",Prato Carnico,Bolzano,28073,IT,Italy,EMEA,Italian,Consumer,Platinum,2022-01-28,2022,RETURNING,True,MDM,2022-01-28 00:00:00,2026-04-17 15:58:45.947194
23ca362a-ff19-4c53-a41b-4e22fd0803d5,CUST-2023-IT-000315,Guarino,Norbiato,Guarino Norbiato,Male,1981-12-03,guarino.norbiato@live.com,+39 03737462867,"Borgo Pertile, 81",Carapelle Calvisio,Pesaro e Urbino,6063,IT,Italy,EMEA,Italian,Consumer,Gold,2023-12-21,2023,RETURNING,True,MDM,2023-12-21 00:00:00,2026-04-17 15:58:45.947195
26ab0e2b-d8bc-4af6-a2fb-4af0a7a5601d,CUST-2023-IT-000169,Alina,Condoleo,Alina Condoleo,Female,1959-08-07,alina.condoleo@mail.com,+39 350932397,"Stretto Antonina, 5 Appartamento 46",Cardedu,Forlì-Cesena,13043,IT,Italy,EMEA,Italian,Consumer,None,2023-01-11,2023,RETURNING,False,MDM,2023-01-11 00:00:00,2026-04-17 15:58:45.947197
855ba55d-bec7-42e1-bffb-58ab725752ec,CUST-2023-IT-000291,Tatiana,Cusano,Tatiana Cusano,Male,2006-08-16,tatiana.cusano43@live.com,+39 04322579013,"Vicolo Sandi, 34 Piano 8",Collevecchio,Caltanissetta,83034,IT,Italy,EMEA,Italian,Business,None,2023-04-15,2023,RETURNING,True,MDM,2023-04-15 00:00:00,2026-04-17 15:58:45.947199
6a93731d-6486-4f72-b204-f8cd63ac7852,CUST-2019-IT-000362,Benedetto,Guarana,Benedetto Guarana,Male,1991-07-26,benedetto.guarana687@mail.com,+39 01311144817,"Rotonda Gemma, 54 Piano 0",Reana Del Roiale,Vercelli,4015,IT,Italy,EMEA,Italian,Education,Platinum,2019-10-19,2019,RETURNING,True,MDM,2019-10-19,2026-04-17 15:58:45.947200
82cfd745-a3e4-43bd-9f2a-e8722bf39d94,CUST-2021-IT-000201,Bianca,Scarponi,Bianca Scarponi,Male,1972-12-26,bianca.scarponi719@hotmail.com,+39 3513647789,"Vicolo Serraglio, 4 Piano 7",Madone,Cuneo,19013,IT,Italy,EMEA,Italian,Consumer,Silver,2021-07-31,2021,RETURNING,True,MDM,2021-07-31 00:00:00,2026-04-17 15:58:45.947201
abb703fb-9c8f-453e-9964-84caafe33a98,CUST-2023-IT-000186,Germana,Morellato,Germana Morellato,Female,2005-07-13,germana.morellato210@live.com,340586321,"Incrocio Mogherini, 72",Ischitella,Alessandria,40042,IT,Italy,EMEA,Italian,Business,Platinum,2023-05-07,2023,RETURNING,True,MDM,2023-05-07 00:00:00,2026-04-17 15:58:45.947203
eaa82623-aa37-4059-a35c-4583445a645b,CUST-2022-IT-000249,Etta,Giannini,Etta Giannini,Female,1969-07-12,etta.giannini@outlook.com,+39 041035767,"Contrada Susanna, 15 Appartamento 8",Brinzio,Agrigento,57027,IT,Italy,EMEA,Italian,Consumer,None,2022-10-09,2022,RETURNING,True,MDM,2022-10-09 00:00:00,2026-04-17 15:58:45.947205
c24c2aac-a17b-46af-8847-c3c245cd0f41,CUST-2019-IT-000116,Toni,Trentin,Toni Trentin,Female,1980-02-13,toni.trentin@outlook.com,089599808,"Incrocio Iannucci, 895 Appartamento 27",San Gervasio D'Adda,Firenze,15053,IT,Italy,EMEA,Italian,Consumer,Silver,2019-10-30,2019,RETURNING,True,MDM,2019-10-30,2026-04-17 15:58:45.947206
e9a606aa-9ef0-4236-b181-75dbee755400,CUST-2019-IT-000814,Gioacchino,Cantimori,Gioacchino Cantimori,Male,1959-09-02,gioacchino.cantimori636@icloud.com,03435190710,"Strada Riccardo, 2 Appartamento 0",Valstagna,Palermo,27100,IT,Italy,EMEA,Italian,Business,None,2019-05-10,2019,RETURNING,True,MDM,2019-05-10,2026-04-17 15:58:45.947208
7550e5db-a852-46f4-af8b-26efb7cbc471,CUST-2022-IT-000016,Roberta,Martinelli,Roberta Martinelli,Female,1967-04-01,roberta.martinelli@aol.com,+39 05649532459,"Piazza Santino, 7 Piano 8",Imperia,Biella,66033,IT,Italy,EMEA,Italian,Business,Silver,2022-04-25,2022,RETURNING,True,MDM,2022-04-25 00:00:00,2026-04-17 15:58:45.947209
5636cfc7-3921-478d-bca8-da5f26340127,CUST-2023-IT-000113,Gianfrancesco,Basso,Gianfrancesco Basso,Female,2000-04-20,gianfrancesco.basso503@outlook.com,+39 0883895280,"Strada Corcos, 57 Appartamento 8",Perloz,Verbano-Cusio-Ossola,71041,IT,Italy,EMEA,Italian,Consumer,Gold,2023-05-08,2023,RETURNING,True,MDM,2023-05-08 00:00:00,2026-04-17 15:58:45.947211
ab34a104-3853-4ee2-be7b-143ac01aaaea,CUST-2022-IT-000232,Carla,Campise,Carla Campise,Male,1952-06-22,carla.campise@mail.com,+39 0429707964,"Borgo Diana, 915",Cattinara,Brescia,98067,IT,Italy,EMEA,Italian,Business,None,2022-08-10,2022,RETURNING,True,MDM,2022-08-10 00:00:00,2026-04-17 15:58:45.947213
b3722fe8-d994-4df5-a07d-e34d29d58059,CUST-2022-IT-000068,Tiziana,Caccioppoli,Tiziana Caccioppoli,Male,1987-08-30,tiziana.caccioppoli@zoho.com,0884151657,"Via Pisani, 641 Piano 3",Vigo Meano,Lucca,80145,IT,Italy,EMEA,Italian,Consumer,None,2022-11-15,2022,RETURNING,True,MDM,2022-11-15 00:00:00,2026-04-17 15:58:45.947214
a7e882c8-c481-421a-bc53-6fe904b4225e,CUST-2019-IT-000032,Laureano,Leonetti,Laureano Leonetti,Male,1951-03-19,laureano.leonetti599@live.com,3279168582,"Viale Babato, 711",Cavarzano,Lecce,48,IT,Italy,EMEA,Italian,Business,Gold,2019-12-16,2019,RETURNING,True,MDM,2019-12-16,2026-04-17 15:58:45.947216
77772034-cbb3-4dec-b408-3e1998cadecd,CUST-2023-IT-000145,Giacobbe,Montanariello,Giacobbe Montanariello,Female,1988-06-22,giacobbe.montanariello803@gmx.com,+39 3770982299,"Via Amleto, 6",Villaggio Monte Faito,Rimini,12016,IT,Italy,EMEA,Italian,Consumer,None,2023-02-25,2023,RETURNING,True,MDM,2023-02-25 00:00:00,2026-04-17 15:58:45.947217
d5ef1550-f7ee-4646-8b07-5613f042200e,CUST-2020-IT-000048,Anita,Scotto,Anita Scotto,Female,2001-05-26,anita.scotto@zoho.com,+39 0434281661,"Piazza Ioppi, 723 Piano 9",Michellorie,Padova,16045,IT,Italy,EMEA,Italian,Consumer,None,2020-03-15,2020,RETURNING,True,MDM,2020-03-15 00:00:00,2026-04-17 15:58:45.947219
0a50d82d-f994-4719-92fd-7626bee03ee5,CUST-2019-IT-000113,Costantino,Mimun,Costantino Mimun,Female,2000-03-26,costantino.mimun64@icloud.com,083537310,"Borgo Uberto, 128",San Sossio Di Serino,Foggia,64041,IT,Italy,EMEA,Italian,Consumer,None,2019-09-14,2019,RETURNING,True,MDM,2019-09-14,2026-04-17 15:58:45.947221
7b6fa878-65b5-4485-9121-99cd43dcddfe,CUST-2021-IT-000160,Pasquale,Pisacane,Pasquale Pisacane,Male,1954-03-02,pasquale.pisacane@msn.com,+39 35599717371,"Contrada Alina, 61",Breuil,Nuoro,50135,IT,Italy,EMEA,Italian,Consumer,None,2021-04-18,2021,RETURNING,True,MDM,2021-04-18 00:00:00,2026-04-17 15:58:45.947222
136e1dbe-d981-4f20-bf10-d4ad80e78095,CUST-2023-IT-000065,Lara,Gritti,Lara Gritti,Female,1954-02-18,lara.gritti@aol.com,3716242616,"Piazza Liliana, 81",Miseno,Livorno,35018,IT,Italy,EMEA,Italian,Education,None,2023-10-12,2023,RETURNING,True,MDM,2023-10-12 00:00:00,2026-04-17 15:58:45.947224
ded562e8-00a6-4d89-9d24-4ed076900f9c,CUST-2021-IT-000006,Fedele,Rosselli,Fedele Rosselli,Male,1961-04-24,fedele.rosselli@aol.com,+39 0773271894,"Canale Griselda, 48",Gemonio,Pavia,25016,IT,Italy,EMEA,Italian,Consumer,Platinum,2021-07-30,2021,RETURNING,True,MDM,2021-07-30 00:00:00,2026-04-17 15:58:45.947225
e6e922f4-d5f5-479e-933d-11f274855b11,CUST-2022-IT-000263,Lara,Persico,Lara Persico,Male,1995-12-03,lara.persico@outlook.com,+39 350560063,"Vicolo Trombetta, 935",Crevalcore,Brindisi,55061,IT,Italy,EMEA,Italian,Consumer,None,2022-04-01,2022,RETURNING,False,MDM,2022-04-01 00:00:00,2026-04-17 15:58:45.947227
c675841a-d240-49de-9d4e-5f07deb3c7aa,CUST-2023-IT-000259,Liana,Bocelli,Liana Bocelli,Female,1955-03-16,liana.bocelli313@zoho.com,3232517178,"Piazza Visconti, 57",Molicciara,Carbonia-Iglesias,10056,IT,Italy,EMEA,Italian,Consumer,None,2023-07-02,2023,RETURNING,True,MDM,2023-07-02 00:00:00,2026-04-17 15:58:45.947229
bf14e907-4cc1-4fbc-9a26-f5c04acb09b7,CUST-2023-IT-000147,Fernanda,Mercati,Fernanda Mercati,Male,2004-05-19,fernanda.mercati@zoho.com,+39 07502789433,"Via Benedetto, 7 Piano 1",Portobuffole',Varese,89060,IT,Italy,EMEA,Italian,Consumer,None,2023-04-30,2023,RETURNING,True,MDM,2023-04-30 00:00:00,2026-04-17 15:58:45.947230
0bd9edd5-138a-4e69-9456-9b5f213c9473,CUST-2021-IT-000237,Riccardo,Querini,Riccardo Querini,Female,1984-10-06,riccardo.querini@gmail.com,04324790463,"Via Vismara, 10",Buggerru,Savona,15074,IT,Italy,EMEA,Italian,Consumer,Platinum,2021-09-24,2021,RETURNING,True,MDM,2021-09-24 00:00:00,2026-04-17 15:58:45.947232
5c1ec89a-3696-4ebc-93f4-5f2964845518,CUST-2022-IT-000114,Mercedes,Brambilla,Mercedes Brambilla,Male,1971-01-27,mercedes.brambilla@gmail.com,034590533,"Borgo Giosuè, 0",Gorra,Rieti,15022,IT,Italy,EMEA,Italian,Consumer,Gold,2022-07-06,2022,RETURNING,True,MDM,2022-07-06 00:00:00,2026-04-17 15:58:45.947233
94f73cdb-afd5-44d2-886b-c2b05c42780b,CUST-2019-IT-000050,Amadeo,Toldo,Amadeo Toldo,Male,1952-05-23,amadeo.toldo229@live.com,+39 0882267327,"Via Caruso, 7",Ossana,Mantova,38018,IT,Italy,EMEA,Italian,Consumer,None,2019-12-12,2019,RETURNING,True,MDM,2019-12-12,2026-04-17 15:58:45.947235
9a4859d3-e569-41c1-b211-8e41190fcf29,CUST-2022-IT-000064,Gianpaolo,Chechi,Gianpaolo Chechi,Female,1988-04-23,gianpaolo.chechi@live.com,+39 3500603164,"Vicolo Cabrini, 4",Boscoreale,Bergamo,7014,IT,Italy,EMEA,Italian,Consumer,None,2022-09-07,2022,RETURNING,False,MDM,2022-09-07 00:00:00,2026-04-17 15:58:45.947237
f8fb53c0-dc6d-409c-ae8f-33ee5d5b4b53,CUST-2021-IT-000158,Raffaele,Segrè,Raffaele Segrè,Male,1991-02-24,raffaele.segr342@msn.com,+39 3772285730,"Borgo Ida, 749 Piano 9",Comelico Superiore,Lecco,22030,IT,Italy,EMEA,Italian,Consumer,Gold,2021-10-19,2021,RETURNING,True,MDM,2021-10-19 00:00:00,2026-04-17 15:58:45.947238
4ad32bdd-ec74-474e-ae0a-335c168c74aa,CUST-2021-IT-000100,Niccolò,Norbiato,Niccolò Norbiato,Male,1989-01-29,niccol.norbiato6@protonmail.com,+39 073600122,"Via Mazzi, 5 Appartamento 7",Cusio,Verona,86018,IT,Italy,EMEA,Italian,Consumer,None,2021-10-06,2021,RETURNING,True,MDM,2021-10-06 00:00:00,2026-04-17 15:58:45.947240
2b248f88-3b86-4645-a66a-9bffeac3bf51,CUST-2022-IT-000128,Adelmo,Quasimodo,Adelmo Quasimodo,Male,2005-05-02,adelmo.quasimodo@gmx.com,3791821348,"Strada Giacconi, 6 Piano 2",Quart,Fermo,37050,IT,Italy,EMEA,Italian,Consumer,Platinum,2022-10-11,2022,RETURNING,True,MDM,2022-10-11 00:00:00,2026-04-17 15:58:45.947241
39e9b2f4-303f-4192-ab77-f790cb08e11f,CUST-2022-IT-000091,Napoleone,Mondaini,Napoleone Mondaini,Female,1997-02-13,napoleone.mondaini@gmx.com,+39 099192577,"Canale Donatello, 3 Piano 2",Massarosa,Crotone,90018,IT,Italy,EMEA,Italian,Education,None,2022-04-13,2022,RETURNING,True,MDM,2022-04-13 00:00:00,2026-04-17 15:58:45.947243
840620c8-238e-46db-b0be-7fcfd679afe2,CUST-2022-IT-000158,Toni,Martucci,Toni Martucci,Female,1955-08-27,toni.martucci809@live.com,+39 0364412122,"Incrocio Fernanda, 65",San Pietro In Trento,Rimini,89015,IT,Italy,EMEA,Italian,Consumer,Silver,2022-04-11,2022,RETURNING,True,MDM,2022-04-11 00:00:00,2026-04-17 15:58:45.947244
c2bfe081-9bb4-4e3a-a86e-abeda485c035,CUST-2020-IT-000007,Paolo,Orengo,Paolo Orengo,Male,1984-05-05,paolo.orengo@mail.com,3770771788,"Stretto Micheletto, 33 Piano 4",Castel San Lorenzo,Caserta,9073,IT,Italy,EMEA,Italian,Consumer,Platinum,2020-04-17,2020,RETURNING,True,MDM,2020-04-17 00:00:00,2026-04-17 15:58:45.947246
20307edf-bae6-4aed-bf48-d77d5508fe26,CUST-2023-IT-000207,Gustavo,Pagnotto,Gustavo Pagnotto,Female,1995-09-03,gustavo.pagnotto@gmx.com,+39 07363068514,"Viale Staglieno, 46 Piano 0",Prelo,Lecco,2044,IT,Italy,EMEA,Italian,Consumer,Silver,2023-02-21,2023,RETURNING,True,MDM,2023-02-21 00:00:00,2026-04-17 15:58:45.947247
321da55c-8850-429f-84df-6058bff69341,CUST-2023-IT-000215,Fredo,Spadafora,Fredo Spadafora,Female,2008-04-06,fredo.spadafora515@outlook.com,+39 3378533267,"Via Callegari, 17",Tamara,Livorno,2019,IT,Italy,EMEA,Italian,Business,None,2023-08-01,2023,RETURNING,True,MDM,2023-08-01 00:00:00,2026-04-17 15:58:45.947249
288ec261-6467-4f04-800f-3a1e85fdfe9e,CUST-2023-IT-000313,Baldassare,Greco,Baldassare Greco,Female,1989-01-04,baldassare.greco@zoho.com,+39 036577658,"Vicolo Ubaldi, 22",Torre Grande,Torino,95034,IT,Italy,EMEA,Italian,Education,None,2023-12-25,2023,RETURNING,True,MDM,2023-12-25 00:00:00,2026-04-17 15:58:45.947251
f5cfd334-86e7-4e84-93a8-83c29d2aae02,CUST-2022-IT-000041,Filippo,Zamengo,Filippo Zamengo,Female,2000-09-12,filippo.zamengo868@outlook.com,+39 0552705788,"Borgo Carlo, 41",Ausonia,Terni,28846,IT,Italy,EMEA,Italian,Business,None,2022-05-24,2022,RETURNING,True,MDM,2022-05-24 00:00:00,2026-04-17 15:58:45.947252
fe6cbb79-f5cb-465b-8cba-5e88599426b8,CUST-2021-IT-000229,Gioacchino,Garzoni,Gioacchino Garzoni,Female,2006-11-02,gioacchino.garzoni@live.com,05212311207,"Strada Loredana, 81",Caprazzino,Pavia,2049,IT,Italy,EMEA,Italian,Consumer,Gold,2021-06-02,2021,RETURNING,True,MDM,2021-06-02 00:00:00,2026-04-17 15:58:45.947254
04bc4925-c4a4-4d21-853f-f02ffb1ac4cc,CUST-2023-IT-000023,Luisa,Bevilacqua,Luisa Bevilacqua,Male,2001-10-28,luisa.bevilacqua68@icloud.com,+39 324084377,"Borgo Ludovica, 24",Anqua,Imperia,46022,IT,Italy,EMEA,Italian,Consumer,None,2023-05-18,2023,RETURNING,True,MDM,2023-05-18 00:00:00,2026-04-17 15:58:45.947256
9a24b18d-59dd-458d-9c8b-b9828067ed4e,CUST-2023-IT-000252,Eraldo,Garzoni,Eraldo Garzoni,Male,1961-07-21,eraldo.garzoni@outlook.com,+39 3715049075,"Piazza Pompeo, 86 Piano 9",Final Di Rero,Cosenza,10090,IT,Italy,EMEA,Italian,Business,None,2023-10-02,2023,RETURNING,True,MDM,2023-10-02 00:00:00,2026-04-17 15:58:45.947257
95c9a249-9609-41af-82dd-a2f07a9fb0c6,CUST-2019-IT-000604,Lolita,Cerquiglini,Lolita Cerquiglini,Male,1979-03-29,lolita.cerquiglini@aol.com,0532132892,"Vicolo Cavanna, 8 Piano 1",Lapedona,Asti,45010,IT,Italy,EMEA,Italian,Business,None,2019-01-20,2019,RETURNING,True,MDM,2019-01-20,2026-04-17 15:58:45.947259
296f6062-820a-408e-a1d7-f4dfa09a320b,CUST-2019-IT-000141,Paoletta,Castellitto,Paoletta Castellitto,Female,2003-11-24,paoletta.castellitto@mail.com,092352880,"Stretto Michelotto, 9 Appartamento 3",La Bianca,Frosinone,33022,IT,Italy,EMEA,Italian,Consumer,Platinum,2019-01-11,2019,RETURNING,True,MDM,2019-01-11,2026-04-17 15:58:45.947260
35f91ee4-316f-423d-bb31-0ed75cc6d253,CUST-2021-IT-000125,Panfilo,Lerner,Panfilo Lerner,Male,1995-09-07,panfilo.lerner@protonmail.com,0321092602,"Incrocio Eugenia, 0 Piano 0",Vittoria,Aosta,65028,IT,Italy,EMEA,Italian,Consumer,None,2021-03-18,2021,RETURNING,True,MDM,2021-03-18 00:00:00,2026-04-17 15:58:45.947262
43e5ebd9-7f7c-415d-b921-9b404321d204,CUST-2022-IT-000191,Luisa,Palombi,Luisa Palombi,Male,1973-03-29,luisa.palombi@gmail.com,+39 09413898179,"Borgo Napolitano, 4",Vedrana,Ragusa,24038,IT,Italy,EMEA,Italian,Consumer,Platinum,2022-11-22,2022,RETURNING,True,MDM,2022-11-22 00:00:00,2026-04-17 15:58:45.947263
55b50961-21b2-42e6-a55c-edf7b2876b3d,CUST-2022-IT-000065,Isa,Bresciani,Isa Bresciani,Male,1968-03-27,isa.bresciani@protonmail.com,+39 3391976494,"Stretto Ermanno, 5 Appartamento 3",Callianetto,Aosta,41034,IT,Italy,EMEA,Italian,Consumer,None,2022-05-06,2022,RETURNING,True,MDM,2022-05-06 00:00:00,2026-04-17 15:58:45.947265
d5498652-f89e-4f39-95cf-351a76249707,CUST-2019-IT-000312,Beppe,Bodoni,Beppe Bodoni,Male,1993-03-23,beppe.bodoni@protonmail.com,+39 05444761510,"Piazza Spadafora, 23 Piano 8",Cervignano D'Adda,Pistoia,2033,IT,Italy,EMEA,Italian,Consumer,None,2019-03-12,2019,RETURNING,True,MDM,2019-03-12,2026-04-17 15:58:45.947267
f1786edb-bcc2-4c9c-a0d7-83a736f3a595,CUST-2019-IT-000098,Annetta,Carducci,Annetta Carducci,Male,1983-09-26,annetta.carducci@protonmail.com,350979406,"Stretto Giustino, 590",Bonito,Carbonia-Iglesias,46,IT,Italy,EMEA,Italian,Consumer,None,2019-12-11,2019,RETURNING,True,MDM,2019-12-11,2026-04-17 15:58:45.947268
92aff034-4dcd-41e3-93f0-7bc9809b6a66,CUST-2019-IT-000732,Enrico,Rusticucci,Enrico Rusticucci,Female,1972-03-21,enrico.rusticucci@hotmail.com,+39 37913490511,"Piazza Livio, 7",Chieri,Treviso,94011,IT,Italy,EMEA,Italian,Consumer,None,2019-08-09,2019,RETURNING,True,MDM,2019-08-09,2026-04-17 15:58:45.947271
03711766-3a13-4d09-ab22-6db4300cede9,CUST-2019-IT-000596,Martina,Tolentino,Martina Tolentino,Female,1954-11-22,martina.tolentino@mail.com,0373808650,"Viale Carullo, 533",San Castrese,Sondrio,63087,IT,Italy,EMEA,Italian,Consumer,Silver,2019-08-15,2019,RETURNING,True,MDM,2019-08-15,2026-04-17 15:58:45.947272
91acdfba-fe09-4f42-9f4a-3a6de21e32f3,CUST-2022-IT-000212,Nanni,Volta,Nanni Volta,Female,2008-03-16,nanni.volta@mail.com,0577287960,"Stretto Patrizia, 23 Piano 4",Civiglio,Ogliastra,91012,IT,Italy,EMEA,Italian,Business,None,2022-12-19,2022,RETURNING,False,MDM,2022-12-19 00:00:00,2026-04-17 15:58:45.947274
30d93f54-e26a-42d5-a1fc-213b1de9b0f8,CUST-2023-IT-000057,Margherita,Cammarata,Margherita Cammarata,Female,1963-08-31,margherita.cammarata@hotmail.com,+39 353457649,"Stretto Melania, 80",Atri,Ascoli Piceno,32021,IT,Italy,EMEA,Italian,Consumer,Silver,2023-02-18,2023,RETURNING,True,MDM,2023-02-18 00:00:00,2026-04-17 15:58:45.947275
0c38cca5-de69-46a7-b319-3e2acd50d6c1,CUST-2019-IT-000765,Daniele,Pelli,Daniele Pelli,Female,1961-05-14,daniele.pelli@icloud.com,3233620681,"Strada Oscuro, 49",Ponte A Ema,Mantova,21057,IT,Italy,EMEA,Italian,Business,None,2019-08-19,2019,RETURNING,True,MDM,2019-08-19,2026-04-17 15:58:45.947277
9b123704-71c6-4f38-b6ba-09b1d63804a9,CUST-2023-IT-000029,Corrado,Zetticci,Corrado Zetticci,Female,1967-11-23,corrado.zetticci918@hotmail.com,+39 04256909089,"Stretto Ughi, 7",Castelnovo,Grosseto,34147,IT,Italy,EMEA,Italian,Consumer,Silver,2023-07-04,2023,RETURNING,True,MDM,2023-07-04 00:00:00,2026-04-17 15:58:45.947278
a8479175-14e1-4ad1-807d-b985ab45c712,CUST-2019-IT-000513,Romina,Naccari,Romina Naccari,Male,1989-04-05,romina.naccari@mail.com,0734786713,"Rotonda Panfilo, 66",Travagola,Imperia,45019,IT,Italy,EMEA,Italian,Business,Silver,2019-10-10,2019,RETURNING,True,MDM,2019-10-10,2026-04-17 15:58:45.947279
f93bef88-43db-4b88-bbb6-92423d0630b2,CUST-2022-IT-000261,Stefani,Borgia,Stefani Borgia,Male,2005-05-25,stefani.borgia@gmx.com,077590563,"Contrada Girolamo, 8 Piano 7",Morrano Nuovo,Campobasso,2020,IT,Italy,EMEA,Italian,Consumer,None,2022-12-26,2022,RETURNING,True,MDM,2022-12-26 00:00:00,2026-04-17 15:58:45.947281
9970f303-e0b1-4f92-b954-32c54aa695e7,CUST-2023-IT-000064,Antonio,Morandi,Antonio Morandi,Male,2001-03-22,antonio.morandi@msn.com,+39 037657386,"Incrocio Raffaella, 263 Piano 0",Para,Pescara,50067,IT,Italy,EMEA,Italian,Business,None,2023-05-02,2023,RETURNING,True,MDM,2023-05-02 00:00:00,2026-04-17 15:58:45.947283
53979596-59de-4f64-9698-6d931692ed8b,CUST-2019-IT-000169,Fabia,Zoppetto,Fabia Zoppetto,Female,2005-09-28,fabia.zoppetto@aol.com,337280448,"Contrada Bianca, 6",Pellio,Milano,39043,IT,Italy,EMEA,Italian,Consumer,Platinum,2019-09-24,2019,RETURNING,True,MDM,2019-09-24,2026-04-17 15:58:45.947284
51d3ceff-96b0-4b50-a842-da0a5ea9aea7,CUST-2019-IT-000271,Arnulfo,Bompiani,Arnulfo Bompiani,Male,1957-07-21,arnulfo.bompiani658@gmx.com,+39 078336706,"Strada Nordio, 70",Corio,Sondrio,47854,IT,Italy,EMEA,Italian,Consumer,Platinum,2019-11-29,2019,RETURNING,True,MDM,2019-11-29,2026-04-17 15:58:45.947285
4c050107-b335-4efd-9ea4-18b8360d861e,CUST-2022-IT-000097,Federigo,Leonetti,Federigo Leonetti,Male,1975-10-25,federigo.leonetti31@protonmail.com,3220985362,"Via Bosurgi, 115 Piano 1",Licinella,Padova,47834,IT,Italy,EMEA,Italian,Business,Silver,2022-01-01,2022,RETURNING,True,MDM,2022-01-01 00:00:00,2026-04-17 15:58:45.947287
66ccacb6-8be1-4ad4-8a3e-824c21b3fa42,CUST-2019-IT-000396,Gioacchino,Pacetti,Gioacchino Pacetti,Male,1994-08-26,gioacchino.pacetti871@hotmail.com,+39 03453045865,"Rotonda Piergiuseppe, 3",Valdaora Di Mezzo,Belluno,48032,IT,Italy,EMEA,Italian,Consumer,Gold,2019-08-31,2019,RETURNING,True,MDM,2019-08-31,2026-04-17 15:58:45.947288
d7493ec1-6a1b-4a4c-9196-06bf061c4b23,CUST-2023-IT-000021,Costanzo,Moschino,Costanzo Moschino,Male,1969-08-05,costanzo.moschino648@gmx.com,+39 377778816,"Piazza Nosiglia, 3 Piano 4",Pantanelle,Macerata,55035,IT,Italy,EMEA,Italian,Consumer,None,2023-11-05,2023,RETURNING,True,MDM,2023-11-05 00:00:00,2026-04-17 15:58:45.947290
f081fc90-e9d5-4131-b275-39513f7c1c72,CUST-2023-IT-000280,Fabia,Benedetti,Fabia Benedetti,Male,1994-03-12,fabia.benedetti997@outlook.com,+39 0784526490,"Contrada Luchino, 353",Pescolanciano,Ancona,13872,IT,Italy,EMEA,Italian,Consumer,None,2023-11-02,2023,RETURNING,True,MDM,2023-11-02 00:00:00,2026-04-17 15:58:45.947291
abce1835-eb35-4b5e-9e2d-1092ebc905a6,CUST-2020-IT-000093,Goffredo,Bembo,Goffredo Bembo,Male,2002-09-08,goffredo.bembo@gmail.com,+39 353469963,"Rotonda Milo, 61",San Leonardo Di Cutro,Potenza,27044,IT,Italy,EMEA,Italian,Consumer,None,2020-06-11,2020,RETURNING,True,MDM,2020-06-11 00:00:00,2026-04-17 15:58:45.947293
1c88bd8f-9c6f-478d-b8e7-47bcf90e151d,CUST-2022-IT-000075,Piermaria,Ruberto,Piermaria Ruberto,Female,1980-02-11,piermaria.ruberto@hotmail.com,0550200584,"Contrada Lolita, 5 Appartamento 31",Geraci Siculo,Verbano-Cusio-Ossola,52044,IT,Italy,EMEA,Italian,Consumer,Gold,2022-04-26,2022,RETURNING,True,MDM,2022-04-26 00:00:00,2026-04-17 15:58:45.947295
3fd9f36e-ef52-47c7-b16e-0fad534a5599,CUST-2022-IT-000050,Gianni,Montessori,Gianni Montessori,Male,1968-04-13,gianni.montessori948@gmail.com,3778867323,"Incrocio Lucchesi, 49",San Potito Ultra,Sassari,11,IT,Italy,EMEA,Italian,Consumer,None,2022-04-23,2022,RETURNING,True,MDM,2022-04-23 00:00:00,2026-04-17 15:58:45.947296
9fd2d7c4-05a5-4f1a-ace2-54f67ae0b33f,CUST-2023-IT-000149,Sonia,Brichese,Sonia Brichese,Male,2006-11-16,sonia.brichese@gmail.com,+39 0521759967,"Viale Fabrizi, 23 Appartamento 4",Berzano Di San Pietro,Chieti,15062,IT,Italy,EMEA,Italian,Consumer,None,2023-12-22,2023,RETURNING,True,MDM,2023-12-22 00:00:00,2026-04-17 15:58:45.947298
742bf5db-1691-4e6a-862b-ead2f5f24199,CUST-2023-IT-000030,Giorgia,Pagliaro,Giorgia Pagliaro,Female,2005-11-10,giorgia.pagliaro695@outlook.com,3850447021,"Rotonda Eugenia, 253",Monasterolo Di Savigliano,Roma,13881,IT,Italy,EMEA,Italian,Consumer,None,2023-03-09,2023,RETURNING,True,MDM,2023-03-09 00:00:00,2026-04-17 15:58:45.947300
86f79a29-bec8-4d51-9d9e-1dc0bd37ac7e,CUST-2023-IT-000098,Laura,Falier,Laura Falier,Male,1984-06-03,laura.falier@zoho.com,+39 086264812,"Via Giancarlo, 7",Ollastra,Asti,6065,IT,Italy,EMEA,Italian,Consumer,Silver,2023-10-27,2023,RETURNING,True,MDM,2023-10-27 00:00:00,2026-04-17 15:58:45.947301
e4226197-1244-43dd-bea6-a8306d72495a,CUST-2021-IT-000101,Bartolomeo,Civaschi,Bartolomeo Civaschi,Female,1998-04-24,bartolomeo.civaschi23@hotmail.com,+39 043869951,"Incrocio Donatella, 73 Piano 5",Valenza,Cagliari,46026,IT,Italy,EMEA,Italian,Business,None,2021-02-25,2021,RETURNING,True,MDM,2021-02-25 00:00:00,2026-04-17 15:58:45.947303
05ebb247-dbea-48ee-b31f-cb579eebfb49,CUST-2019-IT-000325,Giuseppina,Coppola,Giuseppina Coppola,Male,1959-10-01,giuseppina.coppola@gmx.com,+39 37795874987,"Viale Antonelli, 78 Piano 8",Pedona,Avellino,9131,IT,Italy,EMEA,Italian,Business,None,2019-05-05,2019,RETURNING,True,MDM,2019-05-05,2026-04-17 15:58:45.947305
72ac9f4b-0722-4f74-a954-230634fa7c87,CUST-2023-IT-000209,Arnaldo,Greco,Arnaldo Greco,Female,2004-07-05,arnaldo.greco@live.com,+39 3238755084,"Stretto Mirco, 126",Barazzetto,Carbonia-Iglesias,87018,IT,Italy,EMEA,Italian,Business,Silver,2023-11-25,2023,RETURNING,True,MDM,2023-11-25 00:00:00,2026-04-17 15:58:45.947306
810b3f11-dd1f-4502-bb17-a3784645bc5b,CUST-2023-IT-000010,Ciro,Ferrabosco,Ciro Ferrabosco,Male,1965-11-22,ciro.ferrabosco@mail.com,+39 324286613,"Stretto Priscilla, 638",Innichen,Reggio Emilia,179,IT,Italy,EMEA,Italian,Consumer,None,2023-02-03,2023,RETURNING,True,MDM,2023-02-03 00:00:00,2026-04-17 15:58:45.947308
317daa68-1ece-4ef1-ab7a-0cfe6b3f3922,CUST-2023-IT-000223,Maria,Chiappetta,Maria Chiappetta,Female,1983-04-04,maria.chiappetta565@live.com,073657215,"Stretto Canevascini, 99",Cerrisi,Pavia,90122,IT,Italy,EMEA,Italian,Consumer,None,2023-10-18,2023,RETURNING,True,MDM,2023-10-18 00:00:00,2026-04-17 15:58:45.947310
d69498d6-d432-4092-978e-e90d97824191,CUST-2019-IT-000493,Nina,Carullo,Nina Carullo,Male,1980-12-28,nina.carullo@gmx.com,+39 38983219573,"Strada Rolando, 348 Appartamento 0",Futani,Ascoli Piceno,53100,IT,Italy,EMEA,Italian,Consumer,Platinum,2019-12-31,2019,RETURNING,True,MDM,2019-12-31,2026-04-17 15:58:45.947311
a084cdc2-050b-43ca-9d57-cc5598ef8b72,CUST-2019-IT-000016,Vittoria,Cibin,Vittoria Cibin,Female,1992-06-25,vittoria.cibin@msn.com,+39 0578559569,"Piazza Natta, 693",Frangar,Campobasso,40,IT,Italy,EMEA,Italian,Consumer,Silver,2019-04-19,2019,RETURNING,True,MDM,2019-04-19,2026-04-17 15:58:45.947312
3add9acb-6851-43b9-8f0d-810f0775bf59,CUST-2022-IT-000283,Martina,Fantini,Martina Fantini,Female,1970-10-01,martina.fantini@yahoo.com,049957081,"Incrocio Michelotto, 59 Piano 2",Creda,Rimini,35011,IT,Italy,EMEA,Italian,Consumer,Silver,2022-05-18,2022,RETURNING,True,MDM,2022-05-18 00:00:00,2026-04-17 15:58:45.947314
2bf8085a-9beb-40ff-b51b-9c5411ff229c,CUST-2022-IT-000286,Vincentio,Beccaria,Vincentio Beccaria,Male,1998-03-15,vincentio.beccaria@outlook.com,+39 04238756384,"Viale Girolamo, 46",Fiamenga,Oristano,25133,IT,Italy,EMEA,Italian,Business,Silver,2022-05-25,2022,RETURNING,True,MDM,2022-05-25 00:00:00,2026-04-17 15:58:45.947315
777d3b9a-62da-4b94-9902-a93c16fa5d60,CUST-2019-IT-000323,Renata,Castioni,Renata Castioni,Male,1985-08-23,renata.castioni@live.com,3231785578,"Vicolo Ravaglioli, 55",Passatempo,Catania,10019,IT,Italy,EMEA,Italian,Consumer,None,2019-08-08,2019,RETURNING,True,MDM,2019-08-08,2026-04-17 15:58:45.947317
179ecfdb-0f23-4168-86d7-ebad94b66b59,CUST-2021-IT-000249,Sandro,Palazzo,Sandro Palazzo,Female,2004-12-08,sandro.palazzo@icloud.com,0431853379,"Vicolo Rossini, 3 Appartamento 97",Tor Tre Ponti,Lodi,20159,IT,Italy,EMEA,Italian,Education,Platinum,2021-02-15,2021,RETURNING,True,MDM,2021-02-15 00:00:00,2026-04-17 15:58:45.947318
78c8f458-c31b-434a-8d4c-b1d1ec76c640,CUST-2022-IT-000001,Giulietta,Ficino,Giulietta Ficino,Male,1975-02-28,giulietta.ficino@outlook.com,0316191939,"Canale Isa, 976",Veniano,Pistoia,17020,IT,Italy,EMEA,Italian,Consumer,Silver,2022-10-07,2022,RETURNING,True,MDM,2022-10-07 00:00:00,2026-04-17 15:58:45.947319
e34d8cf3-f66d-4dce-b470-b126c86a72f6,CUST-2023-IT-000004,Mario,Solari,Mario Solari,Male,1959-03-24,mario.solari@live.com,078955242,"Via Annamaria, 85",Lusernetta,Matera,75023,IT,Italy,EMEA,Italian,Consumer,None,2023-04-28,2023,RETURNING,True,MDM,2023-04-28 00:00:00,2026-04-17 15:58:45.947321
b4810d81-5d00-433f-a725-246960f32ce6,CUST-2022-IT-000226,Lucrezia,Nievo,Lucrezia Nievo,Female,1952-07-25,lucrezia.nievo@gmail.com,05444329222,"Borgo Gianetti, 81 Piano 5",Sacile,Olbia-Tempio,16145,IT,Italy,EMEA,Italian,Consumer,Silver,2022-07-23,2022,RETURNING,True,MDM,2022-07-23 00:00:00,2026-04-17 15:58:45.947322
6c0dfd5c-e301-4346-8c97-0c6d1a39cc4b,CUST-2021-IT-000013,Sophia,Foscari,Sophia Foscari,Male,1960-10-29,sophia.foscari782@protonmail.com,+39 353401076,"Vicolo Finetti, 95",Costa Volpino,Pavia,5015,IT,Italy,EMEA,Italian,Business,None,2021-05-06,2021,RETURNING,True,MDM,2021-05-06 00:00:00,2026-04-17 15:58:45.947324
43aea730-36f0-4236-a9d3-b1dd5fcda18e,CUST-2022-IT-000224,Cecilia,Padovano,Cecilia Padovano,Female,1955-01-05,cecilia.padovano@mail.com,331948171,"Strada Daniele, 160 Piano 7",Agognate,Catania,90034,IT,Italy,EMEA,Italian,Consumer,None,2022-10-21,2022,RETURNING,True,MDM,2022-10-21 00:00:00,2026-04-17 15:58:45.947326
68aec6f9-7508-4334-8bff-da8b3e4cdbb2,CUST-2023-IT-000095,Uberto,Tommaseo,Uberto Tommaseo,Female,1950-12-31,uberto.tommaseo@hotmail.com,0422978515,"Canale Simonetta, 6 Appartamento 89",Riglione,Gorizia,37057,IT,Italy,EMEA,Italian,Consumer,None,2023-03-19,2023,RETURNING,True,MDM,2023-03-19 00:00:00,2026-04-17 15:58:45.947327
74ccd300-b0c9-44ec-9ea7-7015324e3d77,CUST-2019-IT-000864,Federico,Boccaccio,Federico Boccaccio,Female,2001-12-14,federico.boccaccio123@zoho.com,0426807755,"Stretto Donatello, 91 Piano 6",Valle Benedetta,Enna,41040,IT,Italy,EMEA,Italian,Consumer,None,2019-11-08,2019,RETURNING,True,MDM,2019-11-08,2026-04-17 15:58:45.947329
d16e8d93-1da8-42e9-95fe-30c5793083bb,CUST-2023-IT-000262,Beatrice,Tartini,Beatrice Tartini,Male,2003-04-09,beatrice.tartini@mail.com,0913503693,"Rotonda Marangoni, 30",Monte Sant'Angelo,Napoli,55062,IT,Italy,EMEA,Italian,Consumer,None,2023-03-11,2023,RETURNING,True,MDM,2023-03-11 00:00:00,2026-04-17 15:58:45.947331
7e7fad92-7eb4-4d20-a6e8-dbbb9f6514a7,CUST-2022-IT-000225,Serafina,Marconi,Serafina Marconi,Male,1987-11-09,serafina.marconi30@outlook.com,0765294853,"Stretto Giovine, 82",Ponte Al Bozzone,Barletta-Andria-Trani,98156,IT,Italy,EMEA,Italian,Business,Silver,2022-06-04,2022,RETURNING,True,MDM,2022-06-04 00:00:00,2026-04-17 15:58:45.947332
c33d6628-b076-4f18-840a-23c998ae5fae,CUST-2023-IT-000336,Dolores,Bragadin,Dolores Bragadin,Female,1960-09-10,dolores.bragadin419@mail.com,+39 0424496889,"Piazza Elisa, 32",Sissa Trecasali,Cosenza,28011,IT,Italy,EMEA,Italian,Consumer,Platinum,2023-06-17,2023,RETURNING,True,MDM,2023-06-17 00:00:00,2026-04-17 15:58:45.947334
f376279f-2251-443e-a1cb-d4e9d2c06365,CUST-2023-IT-000006,Dario,Bartoli,Dario Bartoli,Female,1983-03-01,dario.bartoli@gmx.com,0737437870,"Viale Pasquale, 237 Piano 4",Lunamatrona,Rovigo,88835,IT,Italy,EMEA,Italian,Consumer,Silver,2023-07-03,2023,RETURNING,True,MDM,2023-07-03 00:00:00,2026-04-17 15:58:45.947335
4665ef73-5d7f-47e7-8c03-6a0e40c201ad,CUST-2020-IT-000101,Ippazio,Caffarelli,Ippazio Caffarelli,Male,1958-03-03,ippazio.caffarelli@live.com,0832977999,"Canale Fantini, 853",Perticato,Viterbo,63,IT,Italy,EMEA,Italian,Consumer,None,2020-01-04,2020,RETURNING,True,MDM,2020-01-04 00:00:00,2026-04-17 15:58:45.947337
8b1c7f1e-4c7a-4686-accc-be1f75c3c7e8,CUST-2023-IT-000063,Dina,Tomasini,Dina Tomasini,Male,1986-06-23,dina.tomasini@gmail.com,0131405453,"Contrada Silvio, 34",Rhemes Saint Georges,Fermo,30036,IT,Italy,EMEA,Italian,Business,Platinum,2023-03-21,2023,RETURNING,False,MDM,2023-03-21 00:00:00,2026-04-17 15:58:45.947339
0eddf3fb-f459-4049-9985-e3e04937b395,CUST-2022-IT-000220,Elmo,Ginesio,Elmo Ginesio,Female,1959-08-05,elmo.ginesio@gmail.com,03222699072,"Borgo Antonina, 48 Piano 3",Camurana,Agrigento,94015,IT,Italy,EMEA,Italian,Consumer,None,2022-01-29,2022,RETURNING,True,MDM,2022-01-29 00:00:00,2026-04-17 15:58:45.947340
fe1144e0-f200-4a7f-8925-3cef376ac48d,CUST-2023-IT-000299,Giada,Flaiano,Giada Flaiano,Male,1966-04-29,giada.flaiano@protonmail.com,+39 0718909963,"Via Ruggero, 4",Velva,Pisa,33094,IT,Italy,EMEA,Italian,Consumer,Gold,2023-10-29,2023,RETURNING,True,MDM,2023-10-29 00:00:00,2026-04-17 15:58:45.947342
726eee73-0aff-48f0-9843-fff690c1396c,CUST-2021-IT-000136,Fiorino,Tosi,Fiorino Tosi,Female,1995-06-09,fiorino.tosi@icloud.com,+39 37833203973,"Vicolo Gravina, 5 Appartamento 9",Casalbordino,Lecco,71012,IT,Italy,EMEA,Italian,Education,Silver,2021-06-13,2021,RETURNING,False,MDM,2021-06-13 00:00:00,2026-04-17 15:58:45.947343
868a0b0a-393b-4871-8c8b-7eab0d78a07a,CUST-2022-IT-000207,Tiziana,Morpurgo,Tiziana Morpurgo,Female,1982-11-05,tiziana.morpurgo@hotmail.com,+39 3459833429,"Borgo Marisa, 75",Fluminimaggiore,Caserta,20155,IT,Italy,EMEA,Italian,Consumer,Silver,2022-09-16,2022,RETURNING,True,MDM,2022-09-16 00:00:00,2026-04-17 15:58:45.947344
ce6a7ae2-1db5-4edc-ba35-9b88d7807b6f,CUST-2022-IT-000093,Luciana,Visintini,Luciana Visintini,Male,2006-10-27,luciana.visintini@gmx.com,+39 3366443981,"Vicolo Rossana, 511 Appartamento 44",San Giorgio Di Lomellina,Reggio Emilia,73031,IT,Italy,EMEA,Italian,Consumer,Platinum,2022-05-27,2022,RETURNING,True,MDM,2022-05-27 00:00:00,2026-04-17 15:58:45.947346
076907df-2048-4c85-b178-7ecf478d441f,CUST-2023-IT-000061,Antonietta,Roccabonella,Antonietta Roccabonella,Female,1999-02-10,antonietta.roccabonella@icloud.com,+39 36175351161,"Rotonda Petralli, 17",Corio,Bergamo,12049,IT,Italy,EMEA,Italian,Business,Gold,2023-12-04,2023,RETURNING,True,MDM,2023-12-04 00:00:00,2026-04-17 15:58:45.947347
d9b31f7a-32cd-48cc-830b-15d99758618a,CUST-2019-IT-000525,Pietro,Galeati,Pietro Galeati,Female,2000-11-20,pietro.galeati@icloud.com,3931094430,"Piazza Jolanda, 4 Piano 1",Sant'Angelo Limosano,Trieste,164,IT,Italy,EMEA,Italian,Consumer,None,2019-03-01,2019,RETURNING,True,MDM,2019-03-01,2026-04-17 15:58:45.947349
43d43358-adc2-4c81-ae3e-bb8bc8e7919a,CUST-2023-IT-000019,Ermenegildo,Baracca,Ermenegildo Baracca,Female,1969-01-23,ermenegildo.baracca429@protonmail.com,+39 3929939349,"Piazza Nina, 95 Piano 6",Volpago Del Montello,Trento,44124,IT,Italy,EMEA,Italian,Consumer,Silver,2023-10-08,2023,RETURNING,True,MDM,2023-10-08 00:00:00,2026-04-17 15:58:45.947350
a310dfc4-728d-4773-91e1-da4cb419f6d2,CUST-2020-IT-000251,Rita,Bova,Rita Bova,Female,1954-11-09,rita.bova617@outlook.com,07317552949,"Canale Aurora, 211",Sparone,Vercelli,25034,IT,Italy,EMEA,Italian,Consumer,None,2020-04-22,2020,RETURNING,True,MDM,2020-04-22 00:00:00,2026-04-17 15:58:45.947352
14563407-bef6-4fab-896d-17b92aeabe46,CUST-2020-IT-000186,Elena,Basso,Elena Basso,Male,2003-01-23,elena.basso@gmx.com,+39 3713723349,"Viale Zampa, 850 Piano 0",Serrara Fontana,Pisa,91020,IT,Italy,EMEA,Italian,Consumer,None,2020-06-20,2020,RETURNING,True,MDM,2020-06-20 00:00:00,2026-04-17 15:58:45.947354
3c1b9629-e8a3-4189-b458-ada86248ac90,CUST-2021-IT-000113,Fulvio,Siffredi,Fulvio Siffredi,Female,1984-11-17,fulvio.siffredi962@outlook.com,3311173121,"Canale Babbo, 99 Piano 6",Arcugnano,Messina,16014,IT,Italy,EMEA,Italian,Business,None,2021-01-11,2021,RETURNING,True,MDM,2021-01-11 00:00:00,2026-04-17 15:58:45.947355
356a8fe1-3f7f-4206-9181-9d5fe658c518,CUST-2023-IT-000131,Lara,Tamburello,Lara Tamburello,Male,1987-03-14,lara.tamburello@aol.com,+39 0961258349,"Viale Berengario, 31",Cansano,Sassari,85025,IT,Italy,EMEA,Italian,Consumer,None,2023-08-12,2023,RETURNING,False,MDM,2023-08-12 00:00:00,2026-04-17 15:58:45.947357
abc72361-1af4-4c9a-b718-7ef58d126216,CUST-2021-IT-000268,Fernanda,Boccherini,Fernanda Boccherini,Female,1983-05-30,fernanda.boccherini@live.com,04212304944,"Viale Acerbi, 318",Cascina Costa,Biella,20062,IT,Italy,EMEA,Italian,Education,Silver,2021-10-19,2021,RETURNING,True,MDM,2021-10-19 00:00:00,2026-04-17 15:58:45.947358
7581b35e-b2fb-4950-86e1-e4e5487692e3,CUST-2023-IT-000141,Virgilio,Treves,Virgilio Treves,Female,1989-05-12,virgilio.treves@zoho.com,3516096723,"Stretto Contarini, 43 Appartamento 21",Tarano,Grosseto,51037,IT,Italy,EMEA,Italian,Business,None,2023-03-10,2023,RETURNING,True,MDM,2023-03-10 00:00:00,2026-04-17 15:58:45.947360
4e46b141-a1a5-4926-959c-6f85431c6d66,CUST-2023-IT-000302,Amico,Emanuelli,Amico Emanuelli,Female,1962-04-15,amico.emanuelli@msn.com,3939234584,"Incrocio Michele, 3",Agromonte,Aosta,98056,IT,Italy,EMEA,Italian,Business,Gold,2023-08-10,2023,RETURNING,True,MDM,2023-08-10 00:00:00,2026-04-17 15:58:45.947361
a61fe620-62f6-41b1-a388-e8950136964b,CUST-2021-IT-000110,Calcedonio,Caffarelli,Calcedonio Caffarelli,Male,1950-11-23,calcedonio.caffarelli@yahoo.com,3627580324,"Canale Gabriella, 639 Appartamento 34",Spino D'Adda,Catanzaro,93011,IT,Italy,EMEA,Italian,Consumer,None,2021-04-16,2021,RETURNING,True,MDM,2021-04-16 00:00:00,2026-04-17 15:58:45.947363
bf9dfb4c-971b-45b9-bbe6-87b7ba49c091,CUST-2022-IT-000246,Piero,Balbo,Piero Balbo,Female,2000-01-23,piero.balbo@msn.com,+39 37917980208,"Borgo Gianna, 4 Appartamento 93",Lu Cuponeddi,Savona,16127,IT,Italy,EMEA,Italian,Consumer,None,2022-08-04,2022,RETURNING,True,MDM,2022-08-04 00:00:00,2026-04-17 15:58:45.947365
1a88fef3-00d6-4992-bda5-a0f7cbcbf118,CUST-2019-IT-000349,Silvio,Ovadia,Silvio Ovadia,Male,1999-10-03,silvio.ovadia@aol.com,37138655330,"Canale Sermonti, 34",San Carlo Canavese,Perugia,26027,IT,Italy,EMEA,Italian,Consumer,None,2019-01-15,2019,RETURNING,True,MDM,2019-01-15,2026-04-17 15:58:45.947366
41e54a8f-33ca-4966-8f6b-3e6247d55e43,CUST-2022-IT-000120,Mirko,Garibaldi,Mirko Garibaldi,Female,1951-09-28,mirko.garibaldi249@hotmail.com,+39 3510075116,"Piazza Tarantini, 89 Piano 1",Imperia,Napoli,89135,IT,Italy,EMEA,Italian,Consumer,None,2022-06-19,2022,RETURNING,True,MDM,2022-06-19 00:00:00,2026-04-17 15:58:45.947371
1d8783bc-566d-4b4b-9df9-9e07493a723c,CUST-2022-IT-000130,Ivan,Stoppani,Ivan Stoppani,Female,1955-04-02,ivan.stoppani@gmail.com,+39 3770702476,"Piazza Caterina, 28 Appartamento 86",Concei,Viterbo,63852,IT,Italy,EMEA,Italian,Consumer,Platinum,2022-11-14,2022,RETURNING,True,MDM,2022-11-14 00:00:00,2026-04-17 15:58:45.947373
6f2e12a8-efd6-428c-ac05-a893c64c5bdb,CUST-2022-IT-000162,Ludovica,Camanni,Ludovica Camanni,Female,1958-10-03,ludovica.camanni@zoho.com,393117360,"Stretto Mattia, 0 Appartamento 1",Villaggio Brollo,Bologna,60125,IT,Italy,EMEA,Italian,Education,None,2022-08-15,2022,RETURNING,True,MDM,2022-08-15 00:00:00,2026-04-17 15:58:45.947374
ac40cbb9-91b5-4872-b798-c20df994e819,CUST-2019-IT-000816,Vittoria,Morandi,Vittoria Morandi,Female,1981-03-04,vittoria.morandi@protonmail.com,3510843923,"Viale Oliboni, 53 Appartamento 12",Torre Cerchiar,Medio Campidano,89016,IT,Italy,EMEA,Italian,Business,None,2019-02-26,2019,RETURNING,True,MDM,2019-02-26,2026-04-17 15:58:45.947376
2cc2e087-d68c-456f-80da-8e5799c3415b,CUST-2019-IT-000026,Giada,Priuli,Giada Priuli,Male,1988-09-24,giada.priuli@icloud.com,0422906670,"Strada Vittoria, 76",Chef Lieu,Vicenza,20821,IT,Italy,EMEA,Italian,Consumer,None,2019-04-27,2019,RETURNING,True,MDM,2019-04-27,2026-04-17 15:58:45.947378
c8c06af6-2f81-4847-af39-3d00ff6233bf,CUST-2023-IT-000101,Elvira,Traetta,Elvira Traetta,Female,1952-06-03,elvira.traetta@aol.com,+39 0992957188,"Canale Rembrandt, 547",Cappella Morrone,Rieti,51020,IT,Italy,EMEA,Italian,Consumer,Gold,2023-12-10,2023,RETURNING,True,MDM,2023-12-10 00:00:00,2026-04-17 15:58:45.947379
40630929-61ac-4fcc-b27a-4f0419b5ded8,CUST-2023-IT-000172,Alfredo,Cuda,Alfredo Cuda,Male,2007-11-24,alfredo.cuda422@hotmail.com,0165598596,"Incrocio Trussardi, 35",Sestola,Arezzo,20881,IT,Italy,EMEA,Italian,Business,Silver,2023-03-29,2023,RETURNING,True,MDM,2023-03-29 00:00:00,2026-04-17 15:58:45.947380
e3589155-4afc-4d7f-b738-91f554cd1c87,CUST-2022-IT-000280,Mario,Golgi,Mario Golgi,Male,1959-04-07,mario.golgi@aol.com,0585092126,"Piazza Piccinni, 87",Bagnoli Irpino,Lecce,26100,IT,Italy,EMEA,Italian,Consumer,Gold,2022-11-04,2022,RETURNING,True,MDM,2022-11-04 00:00:00,2026-04-17 15:58:45.947382
289c0cbc-1910-4631-bed8-057f36ce3c1c,CUST-2023-IT-000308,Susanna,Goldoni,Susanna Goldoni,Female,1986-03-03,susanna.goldoni@yahoo.com,+39 0426728721,"Viale Eraldo, 43",Tenerano,Brindisi,70019,IT,Italy,EMEA,Italian,Consumer,None,2023-10-09,2023,RETURNING,False,MDM,2023-10-09 00:00:00,2026-04-17 15:58:45.947383
d386b80d-8487-4289-b3fa-908708533a1f,CUST-2023-IT-000001,Arsenio,Mancini,Arsenio Mancini,Female,1950-09-10,arsenio.mancini@mail.com,091528955,"Contrada Giradello, 76",Sieti,Carbonia-Iglesias,29014,IT,Italy,EMEA,Italian,Consumer,Gold,2023-04-16,2023,RETURNING,True,MDM,2023-04-16 00:00:00,2026-04-17 15:58:45.947385
4e3a58c7-ac8c-4e19-84fc-59a573113e78,CUST-2023-IT-000056,Angelina,Peano,Angelina Peano,Female,1988-05-09,angelina.peano@hotmail.com,+39 37791837758,"Stretto Cattaneo, 649",La Verna,Benevento,45034,IT,Italy,EMEA,Italian,Consumer,None,2023-02-26,2023,RETURNING,True,MDM,2023-02-26 00:00:00,2026-04-17 15:58:45.947387
d8c66d00-c8d6-4da3-8678-7add4f1e4aa9,CUST-2021-IT-000115,Graziella,Gregorio,Graziella Gregorio,Female,1960-08-24,graziella.gregorio@live.com,0112119729,"Viale Folliero, 8",Pancalieri,Monza e della Brianza,88100,IT,Italy,EMEA,Italian,Consumer,Platinum,2021-11-07,2021,RETURNING,True,MDM,2021-11-07 00:00:00,2026-04-17 15:58:45.947388
54daf21f-8e56-4ffe-8307-1274e9a4d97a,CUST-2023-IT-000178,Osvaldo,Piacentini,Osvaldo Piacentini,Female,1970-09-06,osvaldo.piacentini@zoho.com,3505812322,"Borgo Daniele, 6",Castenaso,Pordenone,6131,IT,Italy,EMEA,Italian,Business,None,2023-02-05,2023,RETURNING,True,MDM,2023-02-05 00:00:00,2026-04-17 15:58:45.947390
aeb1f57f-99d0-42a9-aa91-75ef190402d1,CUST-2022-IT-000106,Ugo,Bettin,Ugo Bettin,Female,2002-08-28,ugo.bettin@protonmail.com,334841449,"Strada Fabio, 37",Sa Pala Ruia,Agrigento,9094,IT,Italy,EMEA,Italian,Consumer,None,2022-06-07,2022,RETURNING,True,MDM,2022-06-07 00:00:00,2026-04-17 15:58:45.947391
75133ee0-deb1-4a4a-a44e-090607726b8d,CUST-2019-IT-000531,Fredo,Moretti,Fredo Moretti,Female,1994-01-31,fredo.moretti@hotmail.com,033166675,"Viale Matilda, 188",Serravalle Langhe,Bologna,28897,IT,Italy,EMEA,Italian,Business,Gold,2019-08-11,2019,RETURNING,True,MDM,2019-08-11,2026-04-17 15:58:45.947393
ff62bb05-59d4-4142-ba54-00924f9892e9,CUST-2019-IT-000278,Gianmarco,Gentilini,Gianmarco Gentilini,Female,1967-07-28,gianmarco.gentilini@outlook.com,3715757300,"Canale Marino, 0",Mandrogne,Frosinone,43039,IT,Italy,EMEA,Italian,Business,None,2019-05-25,2019,RETURNING,True,MDM,2019-05-25,2026-04-17 15:58:45.947394
035f1033-46e2-44e5-8257-e676c9889c79,CUST-2020-IT-000211,Benito,Omma,Benito Omma,Male,2002-05-15,benito.omma@mail.com,056514760,"Canale Stein, 89",Boffalora D'Adda,Ascoli Piceno,61026,IT,Italy,EMEA,Italian,Consumer,Platinum,2020-12-31,2020,RETURNING,False,MDM,2020-12-31 00:00:00,2026-04-17 15:58:45.947396
3ef5a771-817b-449c-8183-85e048342c37,CUST-2023-IT-000201,Aurora,Fieramosca,Aurora Fieramosca,Female,1989-06-13,aurora.fieramosca@gmail.com,+39 07361637029,"Viale Rossi, 5 Appartamento 33",Brandizzo,Vercelli,67031,IT,Italy,EMEA,Italian,Consumer,Silver,2023-05-04,2023,RETURNING,True,MDM,2023-05-04 00:00:00,2026-04-17 15:58:45.947397
28d6dff5-7367-428b-9d8a-db69f77b789e,CUST-2022-IT-000123,Carolina,Filippini,Carolina Filippini,Male,1965-10-24,carolina.filippini@icloud.com,037680856,"Borgo Saffi, 69 Appartamento 3",San Martino Di San Prospero,Asti,136,IT,Italy,EMEA,Italian,Consumer,None,2022-02-15,2022,RETURNING,True,MDM,2022-02-15 00:00:00,2026-04-17 15:58:45.947399
d93974c4-587d-4e23-a9f6-7fe6ced772f1,CUST-2023-IT-000104,Luciano,Depero,Luciano Depero,Male,1982-11-12,luciano.depero@protonmail.com,0577772362,"Rotonda Giada, 0 Appartamento 5",Soave Mantovano,Prato,74015,IT,Italy,EMEA,Italian,Consumer,None,2023-09-29,2023,RETURNING,True,MDM,2023-09-29 00:00:00,2026-04-17 15:58:45.947400
f5362777-3f67-4c5b-9f3c-d103e6e4b735,CUST-2023-IT-000025,Ermenegildo,Valentino,Ermenegildo Valentino,Female,1951-09-13,ermenegildo.valentino491@yahoo.com,+39 3935375465,"Incrocio Querini, 43",Calvene,Mantova,10073,IT,Italy,EMEA,Italian,Education,Gold,2023-09-08,2023,RETURNING,True,MDM,2023-09-08 00:00:00,2026-04-17 15:58:45.947402
16f3a4e2-169a-42c7-a1fa-88d6820ae631,CUST-2019-IT-000366,Giustino,Dalla,Giustino Dalla,Female,1992-07-05,giustino.dalla@msn.com,+39 0471157051,"Via Rismondo, 97",Annicco,Prato,40032,IT,Italy,EMEA,Italian,Consumer,None,2019-04-12,2019,RETURNING,True,MDM,2019-04-12,2026-04-17 15:58:45.947407
ea6860af-ffbe-4540-aaff-ef0fa9681a44,CUST-2023-IT-000183,Ermenegildo,Chigi,Ermenegildo Chigi,Male,1954-12-18,ermenegildo.chigi@icloud.com,+39 08749268367,"Canale Severino, 19 Appartamento 3",San Zenone Al Lambro,Como,60048,IT,Italy,EMEA,Italian,Consumer,None,2023-06-18,2023,RETURNING,False,MDM,2023-06-18 00:00:00,2026-04-17 15:58:45.947408
cd86c333-03d4-4c78-8e3d-adcb7d14b64b,CUST-2023-IT-000017,Filippo,Zaguri,Filippo Zaguri,Female,1995-06-28,filippo.zaguri@gmail.com,+39 375641041,"Rotonda Faranda, 12",Pescasseroli,Terni,37038,IT,Italy,EMEA,Italian,Consumer,None,2023-10-11,2023,RETURNING,True,MDM,2023-10-11 00:00:00,2026-04-17 15:58:45.947410
4e0c937f-57ec-49a8-b280-132c4cdeee6f,CUST-2023-IT-000306,Venancio,Leonardi,Venancio Leonardi,Male,1988-03-09,venancio.leonardi@aol.com,+39 33795502363,"Borgo Costantino, 76",Brembilla,Catanzaro,28021,IT,Italy,EMEA,Italian,Consumer,None,2023-11-05,2023,RETURNING,True,MDM,2023-11-05 00:00:00,2026-04-17 15:58:45.947412
00445ef5-972b-4ab9-adf9-8ebab905254b,CUST-2019-IT-000804,Gionata,Saraceno,Gionata Saraceno,Male,1980-11-30,gionata.saraceno620@protonmail.com,+39 0544937275,"Contrada Fattori, 32",Ventoso,Alessandria,50066,IT,Italy,EMEA,Italian,Consumer,None,2019-06-01,2019,RETURNING,True,MDM,2019-06-01,2026-04-17 15:58:45.947413
259a4c7a-853b-47d6-aff7-68e1bf3cb1ec,CUST-2021-IT-000066,Gemma,Chiesa,Gemma Chiesa,Male,1956-05-02,gemma.chiesa@zoho.com,093329831,"Stretto Luciana, 99 Piano 3",Sora,Ravenna,20862,IT,Italy,EMEA,Italian,Consumer,Silver,2021-02-07,2021,RETURNING,True,MDM,2021-02-07 00:00:00,2026-04-17 15:58:45.947415
6e15dbb0-4870-4515-b337-882faa2afa4a,CUST-2021-IT-000052,Eliana,Pacomio,Eliana Pacomio,Female,1998-08-21,eliana.pacomio@aol.com,335014327,"Borgo Giuseppina, 587",San Martino Buon Albergo,Roma,19139,IT,Italy,EMEA,Italian,Consumer,None,2021-02-02,2021,RETURNING,True,MDM,2021-02-02 00:00:00,2026-04-17 15:58:45.947416
36f9a683-553a-4faf-bca3-823b0bf1666f,CUST-2020-IT-000042,Bruno,Panatta,Bruno Panatta,Male,1960-07-12,bruno.panatta@gmail.com,+39 0758400192,"Stretto Rosario, 946",San Giorgio,Perugia,38046,IT,Italy,EMEA,Italian,Education,None,2020-09-02,2020,RETURNING,True,MDM,2020-09-02 00:00:00,2026-04-17 15:58:45.947418
58bc53dc-213b-41d5-a81e-97a736093d05,CUST-2022-IT-000086,Alfredo,Vidoni,Alfredo Vidoni,Female,1970-06-26,alfredo.vidoni@gmx.com,+39 058627047,"Borgo Giosuè, 4 Appartamento 63",Bousson,Pistoia,63847,IT,Italy,EMEA,Italian,Consumer,Platinum,2022-06-11,2022,RETURNING,True,MDM,2022-06-11 00:00:00,2026-04-17 15:58:45.947420
86d77bd8-3f7c-448f-98b7-9f10724e5655,CUST-2021-IT-000178,Vittoria,Malenchini,Vittoria Malenchini,Male,1961-11-18,vittoria.malenchini@gmx.com,0704382467,"Stretto Antonello, 993 Appartamento 9",Chiarone,Milano,86027,IT,Italy,EMEA,Italian,Consumer,Silver,2021-02-22,2021,RETURNING,True,MDM,2021-02-22 00:00:00,2026-04-17 15:58:45.947421
0ca0d43c-0e1d-477e-88a8-3d726175e2d9,CUST-2022-IT-000305,Coluccio,Benussi,Coluccio Benussi,Female,1996-01-27,coluccio.benussi660@aol.com,+39 377073350,"Strada Naccari, 17 Appartamento 4",Lomaso,Modena,65029,IT,Italy,EMEA,Italian,Business,Platinum,2022-04-05,2022,RETURNING,True,MDM,2022-04-05 00:00:00,2026-04-17 15:58:45.947422
88eadc11-1581-4ad9-99e7-e98f9c4320aa,CUST-2019-IT-000834,Rosa,Monti,Rosa Monti,Male,1983-01-21,rosa.monti@mail.com,08354438184,"Vicolo Nibali, 2 Piano 9",Piavon,Cremona,37060,IT,Italy,EMEA,Italian,Consumer,Platinum,2019-06-12,2019,RETURNING,True,MDM,2019-06-12,2026-04-17 15:58:45.947424
397b53dc-85c2-4fd1-8a3c-41891591a1dd,CUST-2023-IT-000258,Santino,Morlacchi,Santino Morlacchi,Female,2004-02-08,santino.morlacchi317@yahoo.com,381808631,"Viale Rossellini, 683 Appartamento 6",Castellana Grotte,Lucca,10067,IT,Italy,EMEA,Italian,Consumer,None,2023-04-17,2023,RETURNING,True,MDM,2023-04-17 00:00:00,2026-04-17 15:58:45.947425
c0bbb637-a8ff-480c-a273-14a0ca025f01,CUST-2023-IT-000301,Paride,Armellini,Paride Armellini,Female,1954-10-05,paride.armellini@hotmail.com,+39 0372806925,"Strada Cavanna, 987 Appartamento 9",Ragogna,Trento,40051,IT,Italy,EMEA,Italian,Consumer,Silver,2023-04-12,2023,RETURNING,True,MDM,2023-04-12 00:00:00,2026-04-17 15:58:45.947427
543df67e-517f-4ad0-9925-32279bf8c042,CUST-2019-IT-000089,Gioele,Infantino,Gioele Infantino,Male,1959-11-16,gioele.infantino@mail.com,0541081107,"Viale Puccio, 944",Lido Di Tarquinia,Livorno,27055,IT,Italy,EMEA,Italian,Consumer,Gold,2019-01-22,2019,RETURNING,True,MDM,2019-01-22,2026-04-17 15:58:45.947428
6397f4c3-bf03-4ff1-bbd3-34cd08b18529,CUST-2019-IT-000150,Lara,Calarco,Lara Calarco,Male,1975-03-26,lara.calarco@outlook.com,0736614944,"Contrada Milo, 38",Rocca Pietore,Asti,64041,IT,Italy,EMEA,Italian,Consumer,Gold,2019-09-20,2019,RETURNING,True,MDM,2019-09-20,2026-04-17 15:58:45.947429
786757aa-c691-48ec-a7c4-eab0b42765a0,CUST-2022-IT-000067,Giovanni,Mondadori,Giovanni Mondadori,Female,1996-04-13,giovanni.mondadori@hotmail.com,+39 3390692765,"Vicolo Riccardo, 25",Vernagt,Fermo,88046,IT,Italy,EMEA,Italian,Consumer,Gold,2022-07-14,2022,RETURNING,True,MDM,2022-07-14 00:00:00,2026-04-17 15:58:45.947431
143b6326-0c0f-4095-8ee2-10e995db2f4a,CUST-2023-IT-000036,Ida,Esposito,Ida Esposito,Male,1965-06-20,ida.esposito563@mail.com,0732551660,"Strada Montalcini, 29",Pelos Di Cadore,Caltanissetta,6132,IT,Italy,EMEA,Italian,Consumer,Silver,2023-08-21,2023,RETURNING,False,MDM,2023-08-21 00:00:00,2026-04-17 15:58:45.947432
acd0b98e-14b5-43ff-a423-c74fed011c76,CUST-2021-IT-000208,Fausto,Abatantuono,Fausto Abatantuono,Female,1981-07-03,fausto.abatantuono@gmx.com,012409017,"Canale Paolo, 78 Appartamento 0",Masate,Piacenza,71010,IT,Italy,EMEA,Italian,Consumer,Platinum,2021-06-23,2021,RETURNING,True,MDM,2021-06-23 00:00:00,2026-04-17 15:58:45.947433
9219ee38-4980-4c3a-8aab-3301780d0a5a,CUST-2023-IT-000152,Lucrezia,Draghi,Lucrezia Draghi,Female,1960-11-27,lucrezia.draghi@outlook.com,0535258766,"Stretto Onisto, 85 Piano 5",Tiarno Di Sopra,Matera,95022,IT,Italy,EMEA,Italian,Consumer,Platinum,2023-10-16,2023,RETURNING,True,MDM,2023-10-16 00:00:00,2026-04-17 15:58:45.947435
64b225fd-e40e-478d-ad37-541603b1df1b,CUST-2023-IT-000198,Gianna,Gravina,Gianna Gravina,Female,1950-09-03,gianna.gravina@icloud.com,0363430140,"Contrada Arturo, 9",Ponte Del Giglio,Caserta,25035,IT,Italy,EMEA,Italian,Education,None,2023-01-07,2023,RETURNING,True,MDM,2023-01-07 00:00:00,2026-04-17 15:58:45.947436
99f8d073-1fb9-4087-995e-ff45ea94824b,CUST-2023-IT-000246,Adelmo,Morandi,Adelmo Morandi,Male,1985-02-25,adelmo.morandi@gmail.com,377299182,"Canale Poerio, 74",S'Iscala,Avellino,95014,IT,Italy,EMEA,Italian,Consumer,Silver,2023-04-04,2023,RETURNING,True,MDM,2023-04-04 00:00:00,2026-04-17 15:58:45.947438
31fc5dca-1165-4f16-b92a-c87b1b965d8d,CUST-2023-IT-000329,Agnolo,Roth,Agnolo Roth,Female,2003-02-12,agnolo.roth@mail.com,+39 018358514,"Piazza Fiorenzo, 5",L'Aquila,Brescia,84078,IT,Italy,EMEA,Italian,Business,None,2023-03-01,2023,RETURNING,True,MDM,2023-03-01 00:00:00,2026-04-17 15:58:45.947440
b5ae3740-9a7d-40b4-b96a-d4408fe8497b,CUST-2023-IT-000087,Roberta,Cesaroni,Roberta Cesaroni,Female,1989-08-19,roberta.cesaroni@hotmail.com,0917142432,"Piazza Bettina, 11",Celedizzo,Vicenza,67019,IT,Italy,EMEA,Italian,Consumer,Gold,2023-05-14,2023,RETURNING,True,MDM,2023-05-14 00:00:00,2026-04-17 15:58:45.947441
62874deb-cfb8-4d05-94da-4be48e02fd5d,CUST-2023-IT-000020,Nadia,Bottaro,Nadia Bottaro,Female,2002-10-18,nadia.bottaro@yahoo.com,351658429,"Via Mirco, 6 Appartamento 8",Cortabbio,Nuoro,38055,IT,Italy,EMEA,Italian,Consumer,Silver,2023-05-26,2023,RETURNING,True,MDM,2023-05-26 00:00:00,2026-04-17 15:58:45.947443
495266a7-65a1-4e40-9bd7-14bc9160d463,CUST-2019-IT-000404,Lando,Pistoletto,Lando Pistoletto,Male,1953-11-09,lando.pistoletto@protonmail.com,0124289775,"Stretto Paulina, 86",Monte Colombo,L'Aquila,3044,IT,Italy,EMEA,Italian,Consumer,None,2019-04-29,2019,RETURNING,True,MDM,2019-04-29,2026-04-17 15:58:45.947444
5d145852-b9e0-46c4-b85d-3b60efbea738,CUST-2022-IT-000025,Claudia,Malenchini,Claudia Malenchini,Female,1983-01-04,claudia.malenchini@gmail.com,+39 0566451586,"Incrocio Interminei, 19",Longano,Verona,20054,IT,Italy,EMEA,Italian,Education,None,2022-05-15,2022,RETURNING,True,MDM,2022-05-15 00:00:00,2026-04-17 15:58:45.947446
e329df75-1b54-4fb0-9284-144cb9a59994,CUST-2019-IT-000440,Paolo,Pagnotto,Paolo Pagnotto,Male,1990-09-15,paolo.pagnotto562@msn.com,03165765309,"Viale Maurizio, 8 Appartamento 22",Carbonara Scrivia,Trapani,21030,IT,Italy,EMEA,Italian,Consumer,Gold,2019-05-13,2019,RETURNING,True,MDM,2019-05-13,2026-04-17 15:58:45.947447
5ab253ea-e560-4140-aa24-bb2937c3d50e,CUST-2019-IT-000657,Jolanda,Bianchi,Jolanda Bianchi,Female,2000-07-13,jolanda.bianchi547@mail.com,+39 0574466034,"Via Giusti, 67 Appartamento 4",Cimadolmo,Trapani,63093,IT,Italy,EMEA,Italian,Consumer,None,2019-05-22,2019,RETURNING,True,MDM,2019-05-22,2026-04-17 15:58:45.947449
d3998985-2267-49b1-9a79-e522726efb18,CUST-2019-IT-000387,Gaspare,Anguissola,Gaspare Anguissola,Male,1975-10-06,gaspare.anguissola@hotmail.com,05870361864,"Via Navone, 81 Appartamento 2",Tribiano,Brindisi,16036,IT,Italy,EMEA,Italian,Consumer,None,2019-12-20,2019,RETURNING,True,MDM,2019-12-20,2026-04-17 15:58:45.947451
767d71ab-1b1c-428d-aa3a-45ab40b033de,CUST-2021-IT-000089,Amadeo,Geraci,Amadeo Geraci,Male,1991-11-13,amadeo.geraci607@zoho.com,+39 3480995681,"Piazza Simone, 10",Lesna,Campobasso,71045,IT,Italy,EMEA,Italian,Consumer,Silver,2021-07-26,2021,RETURNING,True,MDM,2021-07-26 00:00:00,2026-04-17 15:58:45.947452
2ef98b9c-5a7c-4dd5-8ef3-27e97abe7ee4,CUST-2023-IT-000310,Milo,Piovani,Milo Piovani,Male,1961-04-07,milo.piovani@zoho.com,09610403355,"Viale Lucio, 33",Solarussa,Ascoli Piceno,16015,IT,Italy,EMEA,Italian,Consumer,Silver,2023-12-10,2023,RETURNING,True,MDM,2023-12-10 00:00:00,2026-04-17 15:58:45.947453
cfecc728-5528-4b3e-896f-dc913bd478a8,CUST-2019-IT-000300,Caterina,Valentino,Caterina Valentino,Male,2001-01-12,caterina.valentino@mail.com,063531863,"Via Borroni, 71",Sennori,Como,88837,IT,Italy,EMEA,Italian,Consumer,Platinum,2019-12-17,2019,RETURNING,True,MDM,2019-12-17,2026-04-17 15:58:45.947455
10497f86-f65a-404b-9123-d1cb0209ce31,CUST-2020-IT-000081,Vincentio,Trincavelli,Vincentio Trincavelli,Female,1952-09-27,vincentio.trincavelli@gmail.com,+39 0544319400,"Strada Adelmo, 76",Agnana Calabra,Cremona,20040,IT,Italy,EMEA,Italian,Consumer,None,2020-01-03,2020,RETURNING,False,MDM,2020-01-03 00:00:00,2026-04-17 15:58:45.947456
8e01775c-22b1-4b3c-8310-ffd61314cadf,CUST-2023-IT-000102,Alfredo,Gatto,Alfredo Gatto,Male,1981-05-14,alfredo.gatto@zoho.com,059540400,"Vicolo Malpighi, 496 Appartamento 95",Pegola,Forlì-Cesena,96010,IT,Italy,EMEA,Italian,Business,Gold,2023-06-21,2023,RETURNING,True,MDM,2023-06-21 00:00:00,2026-04-17 15:58:45.947458
890f8188-f20c-4eda-bf7e-6e61a14aae8f,CUST-2019-IT-000087,Luchino,Polesel,Luchino Polesel,Female,1999-04-26,luchino.polesel@msn.com,0765556906,"Incrocio Rossana, 75",Terranova Di Pollino,Salerno,62032,IT,Italy,EMEA,Italian,Consumer,Silver,2019-12-20,2019,RETURNING,True,MDM,2019-12-20,2026-04-17 15:58:45.947459
5888f899-b73d-4b2b-9c3d-8dd6e4bb93e3,CUST-2023-IT-000148,Livia,Marconi,Livia Marconi,Male,1977-12-03,livia.marconi686@aol.com,3445331287,"Canale Ninetta, 99 Appartamento 9",Fauglia,Gorizia,18023,IT,Italy,EMEA,Italian,Consumer,Gold,2023-11-30,2023,RETURNING,True,MDM,2023-11-30 00:00:00,2026-04-17 15:58:45.947460
22427ba8-38c3-4c26-beb6-c5d8026e55dc,CUST-2022-IT-000200,Flavia,Raimondi,Flavia Raimondi,Male,1998-03-16,flavia.raimondi917@yahoo.com,+39 0344926496,"Strada Orlando, 6 Piano 2",Budduso',Macerata,19020,IT,Italy,EMEA,Italian,Consumer,Platinum,2022-07-16,2022,RETURNING,True,MDM,2022-07-16 00:00:00,2026-04-17 15:58:45.947462
bcb194a1-40df-4348-99b6-3894a3efe7dc,CUST-2023-IT-000031,Liana,Speri,Liana Speri,Male,1958-08-19,liana.speri@yahoo.com,+39 371094832,"Strada Guicciardini, 1 Piano 6",Pagliara,Cuneo,28861,IT,Italy,EMEA,Italian,Consumer,None,2023-04-20,2023,RETURNING,True,MDM,2023-04-20 00:00:00,2026-04-17 15:58:45.947464
974dd48a-40f6-4d31-afb0-606fda66f964,CUST-2021-IT-000174,Raffaellino,Ferrazzi,Raffaellino Ferrazzi,Male,2002-11-20,raffaellino.ferrazzi998@live.com,0577597896,"Borgo Francesca, 587 Appartamento 22",Kurtatsch,Carbonia-Iglesias,45034,IT,Italy,EMEA,Italian,Consumer,Platinum,2021-08-02,2021,RETURNING,True,MDM,2021-08-02 00:00:00,2026-04-17 15:58:45.947465
00ad498f-79b5-436f-9632-b4809fc122ac,CUST-2023-IT-000314,Paola,Lettiere,Paola Lettiere,Female,1995-06-20,paola.lettiere@mail.com,+39 05883443306,"Contrada Ossani, 86",Borghetto Di Tuoro,Grosseto,95027,IT,Italy,EMEA,Italian,Consumer,None,2023-10-10,2023,RETURNING,True,MDM,2023-10-10 00:00:00,2026-04-17 15:58:45.947467
ffea5124-5bbc-417b-a657-46c7f34181e8,CUST-2022-IT-000277,Alphons,Letta,Alphons Letta,Female,1987-09-21,alphons.letta@zoho.com,331335333,"Canale Elena, 82 Appartamento 78",Lamporo,Reggio Emilia,36032,IT,Italy,EMEA,Italian,Consumer,None,2022-07-17,2022,RETURNING,True,MDM,2022-07-17 00:00:00,2026-04-17 15:58:45.947468
a71848ac-c2e2-40a2-be57-da7a081cd10c,CUST-2019-IT-000539,Lilla,Folliero,Lilla Folliero,Male,1969-12-19,lilla.folliero284@msn.com,37562658133,"Incrocio Pedroni, 41",Sergnano,Bolzano,89866,IT,Italy,EMEA,Italian,Business,Gold,2019-11-21,2019,RETURNING,True,MDM,2019-11-21,2026-04-17 15:58:45.947470
f6ccf657-5f50-48b8-8c49-521826ebe533,CUST-2021-IT-000203,Monica,Florio,Monica Florio,Male,1956-04-18,monica.florio@icloud.com,+39 0532457789,"Stretto Augusto, 11 Appartamento 5",Recetto,Ferrara,123,IT,Italy,EMEA,Italian,Consumer,None,2021-03-27,2021,RETURNING,True,MDM,2021-03-27 00:00:00,2026-04-17 15:58:45.947472
dc82e1fc-c85e-44a6-9618-979d1b497b95,CUST-2022-IT-000134,Nicola,Tarantini,Nicola Tarantini,Female,1981-06-28,nicola.tarantini@outlook.com,016585302,"Canale Foa, 2 Appartamento 60",Fascia,Ragusa,90023,IT,Italy,EMEA,Italian,Consumer,Silver,2022-09-01,2022,RETURNING,True,MDM,2022-09-01 00:00:00,2026-04-17 15:58:45.947473
c78d21c8-4367-46c8-ae60-138d1ae6cccf,CUST-2022-IT-000185,Luigina,Gramsci,Luigina Gramsci,Male,1990-02-23,luigina.gramsci@protonmail.com,0331491203,"Piazza Napolitano, 59",Spinetta,Isernia,6050,IT,Italy,EMEA,Italian,Consumer,None,2022-05-02,2022,RETURNING,False,MDM,2022-05-02 00:00:00,2026-04-17 15:58:45.947475
88c502b1-fc0f-461a-8019-907002ab5fcc,CUST-2021-IT-000223,Salvi,Murialdo,Salvi Murialdo,Male,2002-03-10,salvi.murialdo@gmail.com,+39 05473427542,"Borgo Bernetti, 115 Appartamento 40",Fortunago,Brindisi,33039,IT,Italy,EMEA,Italian,Consumer,Gold,2021-04-23,2021,RETURNING,True,MDM,2021-04-23 00:00:00,2026-04-17 15:58:45.947476
09c3e695-0c26-4521-8840-fec663d6cf41,CUST-2023-IT-000142,Amalia,Napolitano,Amalia Napolitano,Female,1982-12-09,amalia.napolitano371@gmail.com,01630752030,"Viale Vittorio, 93 Piano 8",Lagosanto,Caserta,9047,IT,Italy,EMEA,Italian,Consumer,Gold,2023-05-05,2023,RETURNING,True,MDM,2023-05-05 00:00:00,2026-04-17 15:58:45.947478
9e661850-e8ce-4738-b469-0b90f3b6e39e,CUST-2023-IT-000323,Flavio,Abba,Flavio Abba,Male,1959-06-03,flavio.abba@outlook.com,+39 0776340791,"Stretto Liberto, 55 Appartamento 56",Ascea,Aosta,48024,IT,Italy,EMEA,Italian,Education,None,2023-05-15,2023,RETURNING,True,MDM,2023-05-15 00:00:00,2026-04-17 15:58:45.947479
baf82f91-b367-4043-a835-23cb47ffcfad,CUST-2023-IT-000182,Giuliano,Travia,Giuliano Travia,Female,2003-12-24,giuliano.travia@icloud.com,33118057408,"Piazza Rossini, 93",Lissone,Bolzano,8036,IT,Italy,EMEA,Italian,Consumer,Gold,2023-05-27,2023,RETURNING,True,MDM,2023-05-27 00:00:00,2026-04-17 15:58:45.947481
d7f590cb-3aab-4a9e-87fd-aed952d10f02,CUST-2022-IT-000108,Claudia,Brugnaro,Claudia Brugnaro,Female,1979-03-18,claudia.brugnaro@gmx.com,+39 3231944953,"Viale Zoppetti, 40",Siamanna,Belluno,73012,IT,Italy,EMEA,Italian,Business,None,2022-05-16,2022,RETURNING,False,MDM,2022-05-16 00:00:00,2026-04-17 15:58:45.947482
8741885e-cc16-47b9-a282-0b560e178025,CUST-2023-IT-000251,Eleanora,Serraglio,Eleanora Serraglio,Female,1955-10-14,eleanora.serraglio510@yahoo.com,05725689360,"Contrada Nicolucci, 17",Madonna Della Stella,Napoli,85013,IT,Italy,EMEA,Italian,Consumer,Gold,2023-11-20,2023,RETURNING,True,MDM,2023-11-20 00:00:00,2026-04-17 15:58:45.947484
ce4a73c7-3b3c-4f80-b237-72681691f151,CUST-2019-IT-000690,Marta,Legnante,Marta Legnante,Male,1971-07-22,marta.legnante@aol.com,+39 0774195132,"Rotonda Angeli, 98",Valnegra,Cosenza,65019,IT,Italy,EMEA,Italian,Consumer,None,2019-06-07,2019,RETURNING,True,MDM,2019-06-07,2026-04-17 15:58:45.947486
512b1181-5895-4faf-a608-8b6e3cc1eaa8,CUST-2023-IT-000326,Guarino,Ughi,Guarino Ughi,Female,1985-01-05,guarino.ughi@live.com,+39 024308038,"Rotonda Toni, 217",Malva,Reggio Calabria,19025,IT,Italy,EMEA,Italian,Consumer,None,2023-01-10,2023,RETURNING,True,MDM,2023-01-10 00:00:00,2026-04-17 15:58:45.947487
d457aaab-8911-4e80-b1aa-684d8e1ab534,CUST-2019-IT-000633,Gianni,Bacosi,Gianni Bacosi,Female,1996-09-01,gianni.bacosi64@hotmail.com,+39 01108723458,"Vicolo Ronaldo, 16",Modigliana,Vercelli,88825,IT,Italy,EMEA,Italian,Business,Gold,2019-01-02,2019,RETURNING,True,MDM,2019-01-02,2026-04-17 15:58:45.947489
bba650eb-2f10-40f3-9477-df77563aece8,CUST-2022-IT-000020,Armando,Vasari,Armando Vasari,Female,1986-05-12,armando.vasari@gmx.com,+39 3517201856,"Stretto Camillo, 26 Appartamento 5",Marlengo,Siracusa,95021,IT,Italy,EMEA,Italian,Education,Silver,2022-11-20,2022,RETURNING,True,MDM,2022-11-20 00:00:00,2026-04-17 15:58:45.947490
f67d016b-560d-46c3-820d-54ece9c49cd4,CUST-2023-IT-000265,Iolanda,Trezzini,Iolanda Trezzini,Female,1966-11-14,iolanda.trezzini@gmail.com,+39 0819310028,"Canale Lidia, 91 Appartamento 8",Castellaro De' Giorgi,Pescara,57028,IT,Italy,EMEA,Italian,Consumer,Gold,2023-08-14,2023,RETURNING,True,MDM,2023-08-14 00:00:00,2026-04-17 15:58:45.947491
54b23105-7201-455e-9347-bcef4ca2d5f8,CUST-2022-IT-000311,Claudio,Bova,Claudio Bova,Female,1998-03-17,claudio.bova@zoho.com,092361813,"Borgo Prada, 5 Appartamento 25",Colle Di Val D'Elsa,Foggia,67022,IT,Italy,EMEA,Italian,Consumer,None,2022-01-04,2022,RETURNING,True,MDM,2022-01-04 00:00:00,2026-04-17 15:58:45.947493
5c9f9a3d-ab65-47fc-91ac-294d8630eaec,CUST-2023-IT-000083,Virgilio,Mazzocchi,Virgilio Mazzocchi,Male,1988-11-22,virgilio.mazzocchi@msn.com,0737192681,"Vicolo Patrizia, 91",Monterocchetta,Cremona,163,IT,Italy,EMEA,Italian,Consumer,None,2023-09-14,2023,RETURNING,True,MDM,2023-09-14 00:00:00,2026-04-17 15:58:45.947495
0aadb737-4fc9-43f1-ae86-a2f507c85b4a,CUST-2022-IT-000314,Panfilo,Buonauro,Panfilo Buonauro,Female,1990-11-14,panfilo.buonauro@gmail.com,+39 059396117,"Strada Basadonna, 70",Venzone,Trento,55038,IT,Italy,EMEA,Italian,Education,None,2022-12-12,2022,RETURNING,True,MDM,2022-12-12 00:00:00,2026-04-17 15:58:45.947497
611bd2ae-80c6-4e14-b4d6-eec417c23899,CUST-2022-IT-000181,Francesco,Broschi,Francesco Broschi,Female,1969-05-18,francesco.broschi194@gmx.com,016698000,"Via Paola, 27",Tavodo,Terni,15030,IT,Italy,EMEA,Italian,Consumer,Platinum,2022-04-05,2022,RETURNING,True,MDM,2022-04-05 00:00:00,2026-04-17 15:58:45.947498
a5e3fe2b-69ff-49d3-98b1-30cd06e90e6c,CUST-2022-IT-000297,Leonardo,Druso,Leonardo Druso,Female,1962-01-06,leonardo.druso@mail.com,+39 05719445073,"Strada Pietrangeli, 44 Appartamento 5",Mirabello Monferrato,Lodi,84087,IT,Italy,EMEA,Italian,Consumer,Silver,2022-05-15,2022,RETURNING,True,MDM,2022-05-15 00:00:00,2026-04-17 15:58:45.947499
86a49243-7afc-4eae-9c2a-11e558768753,CUST-2023-IT-000084,Torquato,Canevascini,Torquato Canevascini,Male,1988-04-20,torquato.canevascini@hotmail.com,018567520,"Rotonda Flavio, 76",Lamon,Milano,9095,IT,Italy,EMEA,Italian,Education,Platinum,2023-10-11,2023,RETURNING,True,MDM,2023-10-11 00:00:00,2026-04-17 15:58:45.947501
8abedd06-b389-4b2d-92d6-7c0dbfe6a574,CUST-2019-IT-000052,Cecilia,Ottino,Cecilia Ottino,Female,1994-02-08,cecilia.ottino@gmail.com,016523845,"Stretto Valerio, 1",Capalbio Stazione,Rimini,5026,IT,Italy,EMEA,Italian,Consumer,None,2019-08-04,2019,RETURNING,True,MDM,2019-08-04,2026-04-17 15:58:45.947503
03cfb72e-2be4-4a9f-9d4f-251df6c39187,CUST-2023-IT-000049,Elvira,Trevisani,Elvira Trevisani,Female,1987-08-17,elvira.trevisani@hotmail.com,+39 0825808916,"Vicolo Bellucci, 2",Montecucco,Pisa,20142,IT,Italy,EMEA,Italian,Consumer,Silver,2023-02-08,2023,RETURNING,True,MDM,2023-02-08 00:00:00,2026-04-17 15:58:45.947504
e63a04ac-4763-4f86-94be-d3cd709da542,CUST-2023-IT-000256,Antonello,Grisoni,Antonello Grisoni,Male,2001-04-21,antonello.grisoni@hotmail.com,0705725930,"Canale Ricolfi, 429 Piano 0",Casadio,Cremona,17041,IT,Italy,EMEA,Italian,Consumer,Platinum,2023-05-07,2023,RETURNING,True,MDM,2023-05-07 00:00:00,2026-04-17 15:58:45.947506
9c3bc275-c64e-4188-817c-2ae217668f05,CUST-2023-IT-000189,Fausto,Valier,Fausto Valier,Female,1987-08-11,fausto.valier@hotmail.com,+39 0364396787,"Contrada Lando, 6 Piano 4",Casone Carpinelli,Vibo Valentia,20136,IT,Italy,EMEA,Italian,Consumer,None,2023-10-04,2023,RETURNING,True,MDM,2023-10-04 00:00:00,2026-04-17 15:58:45.947507
83f15eb2-f9f6-47c5-89f5-497fd70cc79e,CUST-2023-IT-000051,Loredana,Rusticucci,Loredana Rusticucci,Male,1952-05-28,loredana.rusticucci@gmx.com,+39 349131839,"Stretto Corcos, 833 Appartamento 56",Molini D'Isola,L'Aquila,23886,IT,Italy,EMEA,Italian,Consumer,Gold,2023-11-06,2023,RETURNING,True,MDM,2023-11-06 00:00:00,2026-04-17 15:58:45.947509
2f71d25b-a3d0-45ac-b633-f2861ada02ae,CUST-2023-IT-000216,Pasqual,Caruso,Pasqual Caruso,Female,1976-09-12,pasqual.caruso@yahoo.com,+39 3918953468,"Rotonda Scaduto, 1",Brindisi Casale,Siena,12046,IT,Italy,EMEA,Italian,Business,None,2023-12-25,2023,RETURNING,True,MDM,2023-12-25 00:00:00,2026-04-17 15:58:45.947510
6f8d139f-9941-45d2-9ee2-54ae82d18508,CUST-2023-IT-000163,Stefano,Grossi,Stefano Grossi,Male,1988-10-27,stefano.grossi@aol.com,0592110046,"Viale Maria, 48 Piano 5",Arta Terme,Grosseto,95028,IT,Italy,EMEA,Italian,Consumer,Platinum,2023-01-08,2023,RETURNING,True,MDM,2023-01-08 00:00:00,2026-04-17 15:58:45.947512
69e4a3e0-9fe5-42ea-a3fe-9b513a5aa018,CUST-2022-IT-000196,Ronaldo,Baracca,Ronaldo Baracca,Female,2006-06-22,ronaldo.baracca961@mail.com,0761718366,"Borgo Amanda, 12",Montebamboli,Caserta,26044,IT,Italy,EMEA,Italian,Business,None,2022-07-11,2022,RETURNING,True,MDM,2022-07-11 00:00:00,2026-04-17 15:58:45.947513
3fe04c7b-3452-4870-837c-76329558bbc2,CUST-2019-IT-000578,Serafina,Comeriato,Serafina Comeriato,Female,1954-07-13,serafina.comeriato@protonmail.com,+39 0592238767,"Contrada Tosi, 74",Marina Romea,Lecce,70126,IT,Italy,EMEA,Italian,Education,None,2019-12-18,2019,RETURNING,True,MDM,2019-12-18,2026-04-17 15:58:45.947515
6ce7275e-8abf-4681-ae39-8a5014d42e51,CUST-2023-IT-000286,Chiara,Eco,Chiara Eco,Male,1977-04-11,chiara.eco@outlook.com,+39 0423183759,"Vicolo Tiepolo, 30",Gualdo Tadino,Enna,25048,IT,Italy,EMEA,Italian,Education,Gold,2023-05-13,2023,RETURNING,True,MDM,2023-05-13 00:00:00,2026-04-17 15:58:45.947516
be6e11e4-1e40-4035-a73a-273eab7906ad,CUST-2023-IT-000242,Fiamma,Druso,Fiamma Druso,Female,1999-08-21,fiamma.druso@hotmail.com,+39 3533298833,"Stretto Cesare, 67",Broccostella,Carbonia-Iglesias,71033,IT,Italy,EMEA,Italian,Consumer,Gold,2023-10-02,2023,RETURNING,True,MDM,2023-10-02 00:00:00,2026-04-17 15:58:45.947518
7408378f-70c5-4fc1-91ad-8684c84db165,CUST-2023-IT-000171,Sandro,Dossetti,Sandro Dossetti,Male,1953-12-11,sandro.dossetti@msn.com,03828936285,"Incrocio Cantimori, 832",Rivalta Scrivia,Ferrara,76015,IT,Italy,EMEA,Italian,Consumer,Silver,2023-11-04,2023,RETURNING,False,MDM,2023-11-04 00:00:00,2026-04-17 15:58:45.947519
e70b8996-9902-4f21-b96b-e694611f383c,CUST-2019-IT-000542,Caterina,Niggli,Caterina Niggli,Male,1990-11-06,caterina.niggli7@outlook.com,3470807614,"Piazza Trupiano, 832 Appartamento 6",Caposotto,Teramo,12024,IT,Italy,EMEA,Italian,Consumer,Silver,2019-07-08,2019,RETURNING,True,MDM,2019-07-08,2026-04-17 15:58:45.947521
cfaa164e-c3d5-414a-b715-62fb627be6ca,CUST-2021-IT-000286,Vincenza,Franzese,Vincenza Franzese,Female,1965-01-25,vincenza.franzese716@live.com,+39 077574229,"Piazza Elvira, 5",Valvori,Grosseto,12018,IT,Italy,EMEA,Italian,Consumer,None,2021-02-15,2021,RETURNING,True,MDM,2021-02-15 00:00:00,2026-04-17 15:58:45.947523
c1f2f3ed-9e0b-4073-a234-59032601bc1d,CUST-2020-IT-000268,Patrizio,Nicolini,Patrizio Nicolini,Male,1957-07-21,patrizio.nicolini@gmx.com,0547096259,"Incrocio Romiti, 768",Portacomaro,Asti,31034,IT,Italy,EMEA,Italian,Consumer,None,2020-09-17,2020,RETURNING,True,MDM,2020-09-17 00:00:00,2026-04-17 15:58:45.947524
e9095bd2-5d38-4087-afd7-b2af1592e285,CUST-2020-IT-000294,Piergiorgio,Giannotti,Piergiorgio Giannotti,Male,2006-10-08,piergiorgio.giannotti897@icloud.com,0649424402,"Vicolo Aria, 45",Barberino Di Mugello,Rieti,21049,IT,Italy,EMEA,Italian,Consumer,Silver,2020-12-30,2020,RETURNING,True,MDM,2020-12-30 00:00:00,2026-04-17 15:58:45.947526
7c7094de-8df9-490c-9a85-5569907759ec,CUST-2022-IT-000146,Giuseppe,Pigafetta,Giuseppe Pigafetta,Female,2001-10-30,giuseppe.pigafetta@yahoo.com,0903520337,"Rotonda Donatello, 37 Appartamento 9",Casafredda,Crotone,64049,IT,Italy,EMEA,Italian,Business,Gold,2022-08-11,2022,RETURNING,True,MDM,2022-08-11 00:00:00,2026-04-17 15:58:45.947527
0ddbe838-cc39-4b1f-b0b7-481f9cffdddb,CUST-2023-IT-000217,Vincenzo,Toscanini,Vincenzo Toscanini,Female,1995-03-30,vincenzo.toscanini@icloud.com,+39 351495457,"Rotonda Cortese, 74",Ranzanico,Gorizia,66017,IT,Italy,EMEA,Italian,Consumer,Silver,2023-01-22,2023,RETURNING,True,MDM,2023-01-22 00:00:00,2026-04-17 15:58:45.947528
7a912304-5058-4161-940c-cde4dd12efcb,CUST-2021-IT-000011,Sabatino,Baggio,Sabatino Baggio,Male,2001-05-09,sabatino.baggio@live.com,0941797123,"Incrocio Agostino, 498",Sirone,Massa-Carrara,16043,IT,Italy,EMEA,Italian,Consumer,Gold,2021-03-26,2021,RETURNING,True,MDM,2021-03-26 00:00:00,2026-04-17 15:58:45.947530
ebda139e-d637-4bba-bf15-a7f58b4200b9,CUST-2023-IT-000279,Berenice,Missoni,Berenice Missoni,Male,1959-08-08,berenice.missoni@protonmail.com,+39 3669950943,"Contrada Camanni, 9 Piano 7",Villabassa,Frosinone,57,IT,Italy,EMEA,Italian,Consumer,Silver,2023-07-03,2023,RETURNING,True,MDM,2023-07-03 00:00:00,2026-04-17 15:58:45.947531
8b699e76-ae3e-418a-af12-d3678728b134,CUST-2022-IT-000156,Giuseppina,Malacarne,Giuseppina Malacarne,Male,1982-02-22,giuseppina.malacarne@mail.com,+39 0584073409,"Viale Falloppio, 8",Selvacava,Mantova,80025,IT,Italy,EMEA,Italian,Consumer,Gold,2022-01-31,2022,RETURNING,True,MDM,2022-01-31 00:00:00,2026-04-17 15:58:45.947532
9da32d77-96a8-4ee3-b2cf-5c40fe8f135f,CUST-2020-IT-000293,Ippazio,Ferretti,Ippazio Ferretti,Female,1956-12-14,ippazio.ferretti@zoho.com,0421072750,"Piazza Grassi, 87",Ambivere,Campobasso,38047,IT,Italy,EMEA,Italian,Consumer,Gold,2020-02-18,2020,RETURNING,True,MDM,2020-02-18 00:00:00,2026-04-17 15:58:45.947534
0b080ccc-3f0a-4af3-bfe1-d6156adb3d12,CUST-2019-IT-000546,Graziano,Bernini,Graziano Bernini,Male,1979-10-10,graziano.bernini@aol.com,+39 342469220,"Via Giradello, 32 Appartamento 27",Serravalle Scrivia,Ogliastra,39048,IT,Italy,EMEA,Italian,Consumer,Gold,2019-11-06,2019,RETURNING,False,MDM,2019-11-06,2026-04-17 15:58:45.947535
cfa11c7d-a549-4c40-8880-2c9c35fe783b,CUST-2023-IT-000039,Roberta,Foscari,Roberta Foscari,Male,1955-02-25,roberta.foscari@live.com,+39 03826678539,"Via Nicolò, 937",Teolo,Bolzano,39056,IT,Italy,EMEA,Italian,Consumer,None,2023-03-09,2023,RETURNING,True,MDM,2023-03-09 00:00:00,2026-04-17 15:58:45.947537
ecc4d3a9-d2dd-4df1-91df-af6de29f3101,CUST-2023-IT-000211,Damiano,Bocelli,Damiano Bocelli,Female,1954-01-05,damiano.bocelli@gmx.com,+39 3410541476,"Incrocio Ida, 7 Piano 7",Cavi,Arezzo,29024,IT,Italy,EMEA,Italian,Education,Silver,2023-07-29,2023,RETURNING,True,MDM,2023-07-29 00:00:00,2026-04-17 15:58:45.947539
5f1595f6-1bbf-46a5-a443-a2505a1b4088,CUST-2021-IT-000096,Eliana,Sraffa,Eliana Sraffa,Female,1953-04-30,eliana.sraffa@msn.com,+39 0883132534,"Incrocio Donatoni, 3 Appartamento 62",Grosotto,Olbia-Tempio,28871,IT,Italy,EMEA,Italian,Consumer,Silver,2021-11-02,2021,RETURNING,True,MDM,2021-11-02 00:00:00,2026-04-17 15:58:45.947540
b3b775a7-ab1a-4287-9617-eb92c3370b0a,CUST-2020-IT-000273,Leonardo,Cossiga,Leonardo Cossiga,Female,1964-07-01,leonardo.cossiga848@outlook.com,+39 32236125115,"Strada Cristina, 743",San Trovaso,Reggio Calabria,95032,IT,Italy,EMEA,Italian,Consumer,None,2020-11-21,2020,RETURNING,True,MDM,2020-11-21 00:00:00,2026-04-17 15:58:45.947542
051999ee-8a84-4e5a-9bac-a2c3bf1d4609,CUST-2019-IT-000549,Alessandra,Baroffio,Alessandra Baroffio,Male,1977-09-24,alessandra.baroffio924@msn.com,041576874,"Borgo Travaglio, 64",Laggio Di Cadore,Belluno,20064,IT,Italy,EMEA,Italian,Consumer,Platinum,2019-09-29,2019,RETURNING,True,MDM,2019-09-29,2026-04-17 15:58:45.947543
3735caa7-f283-46bf-addd-871b956723bd,CUST-2023-IT-000112,Ubaldo,Boito,Ubaldo Boito,Female,1952-01-10,ubaldo.boito@gmx.com,075725363,"Via Casagrande, 4",Tol,Torino,119,IT,Italy,EMEA,Italian,Consumer,Silver,2023-01-25,2023,RETURNING,True,MDM,2023-01-25 00:00:00,2026-04-17 15:58:45.947544
b9a53dba-2ac5-4afb-8b89-097c9d274a84,CUST-2022-IT-000002,Augusto,Peruzzi,Augusto Peruzzi,Female,1970-05-05,augusto.peruzzi@hotmail.com,05052373257,"Rotonda Gianetti, 99 Appartamento 34",Villagrande,Rieti,57124,IT,Italy,EMEA,Italian,Consumer,None,2022-05-18,2022,RETURNING,True,MDM,2022-05-18 00:00:00,2026-04-17 15:58:45.947546
972d15ba-502b-4b85-b151-cfebd8cfb0e4,CUST-2019-IT-000055,Pierluigi,Gioberti,Pierluigi Gioberti,Female,2002-01-05,pierluigi.gioberti393@icloud.com,092369849,"Canale Babati, 40",Senale,Prato,7037,IT,Italy,EMEA,Italian,Education,Platinum,2019-01-20,2019,RETURNING,True,MDM,2019-01-20,2026-04-17 15:58:45.947548
28105728-5104-482a-94a8-49dcbef7dd52,CUST-2023-IT-000282,Aria,Cocci,Aria Cocci,Female,1984-09-06,aria.cocci@aol.com,377829086,"Piazza Cristina, 256 Piano 1",Telgate,Imperia,34018,IT,Italy,EMEA,Italian,Consumer,Gold,2023-01-26,2023,RETURNING,True,MDM,2023-01-26 00:00:00,2026-04-17 15:58:45.947549
0a5247dc-57e5-4415-a2f2-b1b33b8cae8a,CUST-2019-IT-000870,Rosina,Forza,Rosina Forza,Male,1966-02-21,rosina.forza@live.com,3516874884,"Strada Fulvio, 82",Petrazzi,Rimini,33036,IT,Italy,EMEA,Italian,Consumer,None,2019-05-14,2019,RETURNING,True,MDM,2019-05-14,2026-04-17 15:58:45.947551
349eff6d-5631-466e-bb0d-837b55a93729,CUST-2021-IT-000279,Marisa,Foscari,Marisa Foscari,Male,1960-07-27,marisa.foscari@zoho.com,3425397539,"Vicolo Mastandrea, 55 Piano 2",Castelponzone,Genova,34070,IT,Italy,EMEA,Italian,Business,None,2021-05-16,2021,RETURNING,True,MDM,2021-05-16 00:00:00,2026-04-17 15:58:45.947553
77e75cc1-0102-4eed-b563-eb898bc5785b,CUST-2020-IT-000254,Imelda,Nicoletti,Imelda Nicoletti,Female,1976-07-13,imelda.nicoletti@outlook.com,+39 347595572,"Vicolo Bernardo, 3",San Pietro Di Montoro Superiore,Medio Campidano,29022,IT,Italy,EMEA,Italian,Consumer,Silver,2020-07-02,2020,RETURNING,True,MDM,2020-07-02 00:00:00,2026-04-17 15:58:45.947554
7c3e5044-2a09-4e34-87e7-6add12a1490d,CUST-2021-IT-000311,Luciano,Bixio,Luciano Bixio,Male,2004-07-04,luciano.bixio@gmail.com,+39 3711679767,"Stretto Luisa, 97",Marano Principato,Campobasso,10064,IT,Italy,EMEA,Italian,Consumer,None,2021-02-21,2021,RETURNING,True,MDM,2021-02-21 00:00:00,2026-04-17 15:58:45.947556
d9fc52e9-dc93-419a-abf6-f1561341b287,CUST-2021-IT-000259,Antonino,Farinelli,Antonino Farinelli,Female,1989-09-25,antonino.farinelli@outlook.com,0131788470,"Viale Montanariello, 0",Titignano,Matera,30029,IT,Italy,EMEA,Italian,Consumer,None,2021-10-13,2021,RETURNING,True,MDM,2021-10-13 00:00:00,2026-04-17 15:58:45.947558
2b174ad2-fbf5-4055-a0bc-320f2e0205a9,CUST-2021-IT-000247,Osvaldo,Guarato,Osvaldo Guarato,Female,1987-03-12,osvaldo.guarato@msn.com,+39 3286437355,"Canale Panfilo, 1",Vacchereccia,Prato,38019,IT,Italy,EMEA,Italian,Consumer,Silver,2021-02-14,2021,RETURNING,True,MDM,2021-02-14 00:00:00,2026-04-17 15:58:45.947559
7777c2c9-c769-4ee1-ad8f-a9e553cfa02e,CUST-2024-IT-000001,Loretta,Bertoni,Loretta Bertoni,Male,1950-11-12,loretta.bertoni@zoho.com,+39 3247962562,"Piazza Cavanna, 5 Appartamento 3",Sambucheto,Belluno,43021,IT,Italy,EMEA,Italian,Consumer,None,2024-07-25,2024,NEW,True,MDM,2024-07-25 00:00:00,2026-04-17 15:58:45.947881
93624f45-a6ea-4aff-be5a-f4343d9941a8,CUST-2024-IT-000002,Iolanda,Romano,Iolanda Romano,Male,1958-05-25,iolanda.romano@outlook.com,0566058064,"Contrada Pedroni, 22",Schiavi Di Abruzzo,Trento,15059,IT,Italy,EMEA,Italian,Consumer,None,2024-04-21,2024,NEW,True,MDM,2024-04-21 00:00:00,2026-04-17 15:58:45.948081
e2dc1e25-9a6f-4d45-9022-f35b56f3b9d1,CUST-2024-IT-000003,Giulio,Legnante,Giulio Legnante,Female,1982-08-09,giulio.legnante@outlook.com,0965309248,"Piazza Carmelo, 40",Ossana,Padova,62015,IT,Italy,EMEA,Italian,Consumer,Silver,2024-04-10,2024,NEW,True,MDM,2024-04-10 00:00:00,2026-04-17 15:58:45.948271
abf3349b-649f-4586-a6d5-b7efeb118be3,CUST-2024-IT-000004,Adele,Angeli,Adele Angeli,Male,1978-11-30,adele.angeli418@gmail.com,0883361774,"Via Alfio, 93",Concordia Sagittaria,Vercelli,10038,IT,Italy,EMEA,Italian,Consumer,None,2024-06-10,2024,NEW,True,MDM,2024-06-10 00:00:00,2026-04-17 15:58:45.948450
2ea9a5ea-3fd8-4eb6-9289-b63d5068993c,CUST-2024-IT-000005,Enzo,Molesini,Enzo Molesini,Male,2007-03-09,enzo.molesini@aol.com,04055004982,"Borgo Calogero, 4",Castel Viscardo,Milano,13891,IT,Italy,EMEA,Italian,Consumer,Gold,2024-07-05,2024,NEW,True,MDM,2024-07-05 00:00:00,2026-04-17 15:58:45.948630
4a0163a8-b556-48b1-b2de-6febeff5449a,CUST-2024-IT-000006,Lolita,Manzoni,Lolita Manzoni,Female,1952-06-21,lolita.manzoni855@gmx.com,3935571818,"Borgo Giuliana, 243",Mortise,Brescia,46039,IT,Italy,EMEA,Italian,Business,Silver,2024-01-24,2024,NEW,True,MDM,2024-01-24 00:00:00,2026-04-17 15:58:45.948815
61b1b25a-ae1c-4ce3-847d-4c14e6fab1bf,CUST-2024-IT-000007,Sabatino,Boccaccio,Sabatino Boccaccio,Female,1976-09-28,sabatino.boccaccio@yahoo.com,+39 34180559978,"Incrocio Beppe, 2 Appartamento 26",Barrafranca,Ascoli Piceno,00042,IT,Italy,EMEA,Italian,Consumer,Platinum,2024-04-08,2024,NEW,True,MDM,2024-04-08 00:00:00,2026-04-17 15:58:45.948995
a605c469-8057-4a06-86f7-737e0327f695,CUST-2024-IT-000008,Tiziano,Volta,Tiziano Volta,Female,2001-11-02,tiziano.volta969@icloud.com,340220536,"Rotonda Pirelli, 117 Piano 8",Pagliare,Perugia,12031,IT,Italy,EMEA,Italian,Consumer,None,2024-09-19,2024,NEW,True,MDM,2024-09-19 00:00:00,2026-04-17 15:58:45.949178
5cfa1d58-06bf-4842-8543-3eebba400bf2,CUST-2024-IT-000009,Raffaellino,Cossiga,Raffaellino Cossiga,Female,1970-08-04,raffaellino.cossiga@gmx.com,+39 37702477604,"Piazza Mercalli, 14",Caprino Bergamasco,Vicenza,03029,IT,Italy,EMEA,Italian,Business,None,2024-11-21,2024,NEW,True,MDM,2024-11-21 00:00:00,2026-04-17 15:58:45.949350
a2b99ed9-156d-498e-bf40-74806416ffae,CUST-2024-IT-000010,Rocco,Porzio,Rocco Porzio,Male,1969-07-10,rocco.porzio53@yahoo.com,377413569,"Via Lollobrigida, 337 Appartamento 0",Matine,Cosenza,20843,IT,Italy,EMEA,Italian,Consumer,Silver,2024-07-17,2024,NEW,True,MDM,2024-07-17 00:00:00,2026-04-17 15:58:45.949532
c7722c2d-dfe3-4791-bfe7-a056bfc659a4,CUST-2024-IT-000011,Ramona,Dossi,Ramona Dossi,Female,2006-01-17,ramona.dossi@outlook.com,+39 0823345905,"Incrocio Granatelli, 458",Cavedago,La Spezia,13873,IT,Italy,EMEA,Italian,Consumer,Gold,2024-05-07,2024,NEW,True,MDM,2024-05-07 00:00:00,2026-04-17 15:58:45.949857
625e8128-7576-4a86-97ed-3333530ab3a8,CUST-2024-IT-000012,Orlando,Granatelli,Orlando Granatelli,Male,1971-07-20,orlando.granatelli@gmx.com,+39 0925668562,"Stretto Cipolla, 265 Appartamento 20",Menconico,Aosta,25063,IT,Italy,EMEA,Italian,Consumer,None,2024-02-26,2024,NEW,True,MDM,2024-02-26 00:00:00,2026-04-17 15:58:45.950102
5cfa71be-d509-4533-b53b-d02ecee82340,CUST-2024-IT-000013,Giampiero,Giolitti,Giampiero Giolitti,Female,2000-01-17,giampiero.giolitti@mail.com,+39 0122142490,"Incrocio Abate, 7",San Donnino,Grosseto,22030,IT,Italy,EMEA,Italian,Business,Silver,2024-01-04,2024,NEW,True,MDM,2024-01-04 00:00:00,2026-04-17 15:58:45.950300
e0ff2bb7-b1d4-404e-ad86-bb06b4938ffc,CUST-2024-IT-000014,Gioacchino,Parmitano,Gioacchino Parmitano,Male,2003-06-13,gioacchino.parmitano@gmail.com,+39 0187189881,"Rotonda Gustavo, 78",Gosaldo,Aosta,81030,IT,Italy,EMEA,Italian,Business,None,2024-12-10,2024,NEW,True,MDM,2024-12-10 00:00:00,2026-04-17 15:58:45.950502
b023a582-dcbd-4ac2-8fb7-cfa8f60ff342,CUST-2024-IT-000015,Amedeo,Marazzi,Amedeo Marazzi,Female,1982-05-20,amedeo.marazzi468@protonmail.com,0934692543,"Stretto Stefano, 7",Montegrosso Di Cinaglio,Ravenna,35135,IT,Italy,EMEA,Italian,Consumer,None,2024-02-27,2024,NEW,True,MDM,2024-02-27 00:00:00,2026-04-17 15:58:45.950698
0be99ff4-2121-46ee-90c6-7a549797c6a7,CUST-2024-IT-000016,Bettina,Babato,Bettina Babato,Male,1981-08-06,bettina.babato@outlook.com,+39 3756062389,"Piazza Fagotto, 611",Agropoli Stazione,Lucca,15072,IT,Italy,EMEA,Italian,Consumer,None,2024-07-07,2024,NEW,True,MDM,2024-07-07 00:00:00,2026-04-17 15:58:45.950888
81db1db0-37a0-4885-81a4-c471bea0c314,CUST-2024-IT-000017,Fausto,Tognazzi,Fausto Tognazzi,Male,1964-04-13,fausto.tognazzi@protonmail.com,351080644,"Contrada Marino, 4 Piano 9",Monte San Pietro,Ravenna,24129,IT,Italy,EMEA,Italian,Consumer,Platinum,2024-11-04,2024,NEW,True,MDM,2024-11-04 00:00:00,2026-04-17 15:58:45.951081
8ccfb56f-c5e7-42a2-a8c4-464d1120b0f9,CUST-2024-IT-000018,Telemaco,Giannuzzi,Telemaco Giannuzzi,Male,1966-09-25,telemaco.giannuzzi@mail.com,+39 322686226,"Vicolo Ippazio, 48",Mandatoriccio,Grosseto,98127,IT,Italy,EMEA,Italian,Education,None,2024-03-04,2024,NEW,False,MDM,2024-03-04 00:00:00,2026-04-17 15:58:45.951278
80088273-cbe4-48bf-a8af-300bc68d05f7,CUST-2024-IT-000019,Beatrice,Gaggini,Beatrice Gaggini,Female,1991-07-30,beatrice.gaggini@msn.com,0975071889,"Rotonda Offredi, 464 Appartamento 3",St. Peter in Ahrn,Perugia,15033,IT,Italy,EMEA,Italian,Consumer,None,2024-03-27,2024,NEW,True,MDM,2024-03-27 00:00:00,2026-04-17 15:58:45.951474
41b450b5-5933-4f51-86ac-8fe6dcd3e65c,CUST-2024-IT-000020,Mattia,Antonini,Mattia Antonini,Male,1958-10-31,mattia.antonini912@zoho.com,0736273111,"Borgo Renzi, 46",Tiriolo,Roma,15016,IT,Italy,EMEA,Italian,Consumer,Silver,2024-12-23,2024,NEW,True,MDM,2024-12-23 00:00:00,2026-04-17 15:58:45.951653
f5be056b-0546-4146-ab10-80d3636ddcf3,CUST-2024-IT-000021,Nedda,Alfonsi,Nedda Alfonsi,Male,2002-08-30,nedda.alfonsi@aol.com,05495820500,"Vicolo Berenice, 37 Appartamento 92",Sardigliano,Perugia,82015,IT,Italy,EMEA,Italian,Consumer,Gold,2024-01-03,2024,NEW,True,MDM,2024-01-03 00:00:00,2026-04-17 15:58:45.951853
21ca765a-9e91-4352-b7be-70f20876a152,CUST-2024-IT-000022,Ninetta,Rensi,Ninetta Rensi,Male,1998-05-30,ninetta.rensi@msn.com,0575638824,"Vicolo Polesel, 9",San Piero In Campo,Parma,40041,IT,Italy,EMEA,Italian,Education,Platinum,2024-10-04,2024,NEW,True,MDM,2024-10-04 00:00:00,2026-04-17 15:58:45.952036
37893131-5de9-46f4-bf58-e8945c875a78,CUST-2024-IT-000023,Giancarlo,Donatoni,Giancarlo Donatoni,Male,1978-03-27,giancarlo.donatoni791@msn.com,+39 0922365557,"Vicolo Paruta, 493",Strassoldo,Foggia,25038,IT,Italy,EMEA,Italian,Education,Platinum,2024-01-02,2024,NEW,False,MDM,2024-01-02 00:00:00,2026-04-17 15:58:45.952224
e379cb4a-041d-4ac4-b228-5d452c407def,CUST-2024-IT-000024,Giustino,Alfonsi,Giustino Alfonsi,Female,1969-04-22,giustino.alfonsi@aol.com,+39 05213401558,"Vicolo Patrizia, 541",Valperga,Benevento,41018,IT,Italy,EMEA,Italian,Business,None,2024-02-29,2024,NEW,True,MDM,2024-02-29 00:00:00,2026-04-17 15:58:45.952410
7b04ff5d-b192-40fc-ac1e-f635e026bbe8,CUST-2024-IT-000025,Ronaldo,Pizzamano,Ronaldo Pizzamano,Female,1975-04-02,ronaldo.pizzamano@msn.com,093207992,"Rotonda Elena, 40",Montemurro,Carbonia-Iglesias,20075,IT,Italy,EMEA,Italian,Consumer,Silver,2024-12-02,2024,NEW,True,MDM,2024-12-02 00:00:00,2026-04-17 15:58:45.952597
0415bbe0-91c9-4cbb-afe6-02039b41c9fe,CUST-2024-IT-000026,Viridiana,Campanella,Viridiana Campanella,Female,1960-03-20,viridiana.campanella470@yahoo.com,3505688949,"Borgo Giosuè, 613 Piano 3",Roncegno,La Spezia,70056,IT,Italy,EMEA,Italian,Consumer,Platinum,2024-12-30,2024,NEW,True,MDM,2024-12-30 00:00:00,2026-04-17 15:58:45.952785
d1e87f3c-6fee-485f-a074-a9fc8d95d014,CUST-2024-IT-000027,Gioele,Matteotti,Gioele Matteotti,Male,2005-09-17,gioele.matteotti984@hotmail.com,+39 377941353,"Via Bandello, 2 Appartamento 71",Flumignano,Sondrio,48018,IT,Italy,EMEA,Italian,Consumer,None,2024-10-27,2024,NEW,False,MDM,2024-10-27 00:00:00,2026-04-17 15:58:45.952978
44da5f9f-a782-479c-8d82-53d5caa05db0,CUST-2024-IT-000028,Geronimo,Leblanc,Geronimo Leblanc,Male,1976-06-20,geronimo.leblanc361@yahoo.com,+39 089893290,"Stretto Jolanda, 7 Appartamento 3",Iselle,Venezia,13031,IT,Italy,EMEA,Italian,Consumer,None,2024-11-04,2024,NEW,True,MDM,2024-11-04 00:00:00,2026-04-17 15:58:45.953164
c6378341-2bf1-471f-bdea-2839267d8bf2,CUST-2024-IT-000029,Flavio,Lucchesi,Flavio Lucchesi,Female,1972-02-08,flavio.lucchesi@outlook.com,+39 07712276668,"Via Bacosi, 453 Appartamento 6",Roscigno,Treviso,00046,IT,Italy,EMEA,Italian,Consumer,None,2024-10-14,2024,NEW,True,MDM,2024-10-14 00:00:00,2026-04-17 15:58:45.953356
48373e0f-b51c-4b47-a2c4-35ab86f8ca85,CUST-2024-IT-000030,Biagio,Deledda,Biagio Deledda,Male,1997-01-25,biagio.deledda@yahoo.com,+39 08848644346,"Strada Fabbri, 599 Piano 5",Bisceglie,Medio Campidano,33078,IT,Italy,EMEA,Italian,Consumer,None,2024-07-16,2024,NEW,True,MDM,2024-07-16 00:00:00,2026-04-17 15:58:45.953548
570dc68b-d5f9-43bf-a48f-cd434e865794,CUST-2024-IT-000031,Ida,Ferrante,Ida Ferrante,Male,1954-09-26,ida.ferrante985@icloud.com,+39 0962442724,"Contrada Mercadante, 32 Appartamento 5",Roncalceci,Genova,86088,IT,Italy,EMEA,Italian,Consumer,None,2024-07-30,2024,NEW,True,MDM,2024-07-30 00:00:00,2026-04-17 15:58:45.953737
57071547-138f-41fb-8a2c-3bb63e6da034,CUST-2024-IT-000032,Ivan,Pratesi,Ivan Pratesi,Female,1951-11-04,ivan.pratesi@protonmail.com,+39 0882285728,"Contrada Ludovico, 251",Mezzano Rondani,Isernia,71010,IT,Italy,EMEA,Italian,Consumer,None,2024-10-24,2024,NEW,True,MDM,2024-10-24 00:00:00,2026-04-17 15:58:45.953921
05ee7f1c-ad01-436d-8717-91a10beca3f1,CUST-2024-IT-000033,Amalia,Carriera,Amalia Carriera,Male,1988-05-23,amalia.carriera@live.com,+39 05362387637,"Vicolo Iannelli, 439 Piano 9",Barberino Di Mugello,Viterbo,10036,IT,Italy,EMEA,Italian,Consumer,Silver,2024-12-30,2024,NEW,True,MDM,2024-12-30 00:00:00,2026-04-17 15:58:45.954108
7fbab7c1-f48f-40f3-bf61-a63e6cded900,CUST-2024-IT-000034,Fulvio,Rinaldi,Fulvio Rinaldi,Male,1973-03-19,fulvio.rinaldi758@hotmail.com,0445098165,"Borgo Faggiani, 1 Piano 9",Remedello Di Sotto,Latina,30172,IT,Italy,EMEA,Italian,Consumer,None,2024-09-29,2024,NEW,True,MDM,2024-09-29 00:00:00,2026-04-17 15:58:45.954297
adbab38e-3237-4327-a17c-751a4896caf2,CUST-2024-IT-000035,Beatrice,Iannotti,Beatrice Iannotti,Male,1994-04-07,beatrice.iannotti829@yahoo.com,0933732571,"Viale Paolo, 766 Piano 6",Conca Casale,Pordenone,00133,IT,Italy,EMEA,Italian,Education,Silver,2024-03-25,2024,NEW,True,MDM,2024-03-25 00:00:00,2026-04-17 15:58:45.954490
e64dad58-40d1-4992-b531-51e59ab86da0,CUST-2024-IT-000036,Cecilia,Argenti,Cecilia Argenti,Female,1952-07-26,cecilia.argenti@protonmail.com,+39 0161013140,"Incrocio Cuda, 7 Piano 3",Campello Sul Clitunno,Oristano,44022,IT,Italy,EMEA,Italian,Consumer,Silver,2024-04-18,2024,NEW,True,MDM,2024-04-18 00:00:00,2026-04-17 15:58:45.954678
7df351d1-8ae5-44aa-8ae6-57da77196b81,CUST-2024-IT-000037,Francesco,Anguissola,Francesco Anguissola,Male,1975-09-07,francesco.anguissola@yahoo.com,+39 0998202625,"Strada Stefania, 13 Piano 8",Sois,Catanzaro,40059,IT,Italy,EMEA,Italian,Consumer,Silver,2024-12-23,2024,NEW,True,MDM,2024-12-23 00:00:00,2026-04-17 15:58:45.954863
a611a6fc-615d-451d-a149-44ec31c700fc,CUST-2024-IT-000038,Virginia,Murialdo,Virginia Murialdo,Female,1998-07-19,virginia.murialdo@aol.com,0506560554,"Rotonda Moccia, 747",Aritzo,Verbano-Cusio-Ossola,89129,IT,Italy,EMEA,Italian,Consumer,Silver,2024-10-13,2024,NEW,True,MDM,2024-10-13 00:00:00,2026-04-17 15:58:45.955042
6ef97111-43f3-4455-ad2e-47a50c531ca2,CUST-2024-IT-000039,Allegra,Riccati,Allegra Riccati,Male,1957-04-14,allegra.riccati534@msn.com,0932762607,"Piazza Coriolano, 183 Piano 7",Madonna Della Pace,Milano,21020,IT,Italy,EMEA,Italian,Consumer,Platinum,2024-11-10,2024,NEW,True,MDM,2024-11-10 00:00:00,2026-04-17 15:58:45.955230
5e889eff-2c66-4bbb-8cfb-a82904c395c9,CUST-2024-IT-000040,Romana,Ferragamo,Romana Ferragamo,Female,1992-09-19,romana.ferragamo@mail.com,+39 375504209,"Incrocio Pierpaolo, 51",Torriano,Teramo,85053,IT,Italy,EMEA,Italian,Consumer,None,2024-03-15,2024,NEW,True,MDM,2024-03-15 00:00:00,2026-04-17 15:58:45.955410
be959fba-6ab6-4aff-8be9-abb548f18cee,CUST-2024-IT-000041,Gianna,Giammusso,Gianna Giammusso,Male,2000-04-24,gianna.giammusso@mail.com,3713084583,"Via Niccolò, 267",Torrone Di Sulmona,Ferrara,20831,IT,Italy,EMEA,Italian,Business,None,2024-06-04,2024,NEW,True,MDM,2024-06-04 00:00:00,2026-04-17 15:58:45.955603
b9b184a9-0650-4f8c-b912-2d86712a11d7,CUST-2024-IT-000042,Durante,Caruso,Durante Caruso,Female,1981-08-20,durante.caruso605@live.com,+39 3491593951,"Incrocio Marzorati, 18 Appartamento 56",Tana,Salerno,63823,IT,Italy,EMEA,Italian,Consumer,None,2024-12-16,2024,NEW,True,MDM,2024-12-16 00:00:00,2026-04-17 15:58:45.955798
4197a9b1-45ea-4471-9a0a-e75419d05796,CUST-2024-IT-000043,Giuseppina,Luxardo,Giuseppina Luxardo,Male,1952-11-13,giuseppina.luxardo@aol.com,0421145624,"Borgo Raffaellino, 58 Piano 1",Buonvicino,Oristano,87051,IT,Italy,EMEA,Italian,Consumer,Silver,2024-11-11,2024,NEW,True,MDM,2024-11-11 00:00:00,2026-04-17 15:58:45.955985
e812237f-8d43-41ba-9a2a-4c33a072c5f6,CUST-2024-IT-000044,Eliana,Sgalambro,Eliana Sgalambro,Male,1955-09-06,eliana.sgalambro594@gmx.com,05442426697,"Viale Cimini, 90 Appartamento 1",Rimella,Bolzano,59100,IT,Italy,EMEA,Italian,Consumer,Silver,2024-10-14,2024,NEW,True,MDM,2024-10-14 00:00:00,2026-04-17 15:58:45.956174
f624ecf0-6f31-4029-b226-fb8f71ec0e37,CUST-2024-IT-000045,Giuliano,Mercati,Giuliano Mercati,Male,1986-11-06,giuliano.mercati@gmx.com,04346601866,"Viale Faugno, 58 Appartamento 9",Pianola,Medio Campidano,03049,IT,Italy,EMEA,Italian,Consumer,None,2024-10-22,2024,NEW,True,MDM,2024-10-22 00:00:00,2026-04-17 15:58:45.956357
a27f9a16-01ec-43cb-8c18-88d8d976b528,CUST-2024-IT-000046,Nico,Peruzzi,Nico Peruzzi,Female,1981-11-07,nico.peruzzi@icloud.com,+39 351204509,"Borgo Isabella, 1 Appartamento 8",Santa Marinella,Perugia,56024,IT,Italy,EMEA,Italian,Consumer,None,2024-05-19,2024,NEW,True,MDM,2024-05-19 00:00:00,2026-04-17 15:58:45.956544
9258e45a-b041-435f-b308-39f5da3bb063,CUST-2024-IT-000047,Calcedonio,Cicala,Calcedonio Cicala,Female,1973-04-24,calcedonio.cicala@zoho.com,37162111510,"Contrada Burcardo, 97 Piano 1",Piangipane,Siracusa,82034,IT,Italy,EMEA,Italian,Consumer,None,2024-11-05,2024,NEW,True,MDM,2024-11-05 00:00:00,2026-04-17 15:58:45.956733
cafe335d-4016-41ff-91fb-4f63f8aa4af4,CUST-2024-IT-000048,Dante,Berengario,Dante Berengario,Female,2007-08-14,dante.berengario@zoho.com,3351260684,"Contrada Carli, 51 Appartamento 4",Montegaldella,Bari,70014,IT,Italy,EMEA,Italian,Consumer,Silver,2024-09-06,2024,NEW,False,MDM,2024-09-06 00:00:00,2026-04-17 15:58:45.956918
e4a1cc31-0621-4087-8c21-89defa637f5d,CUST-2024-IT-000049,Giancarlo,Eco,Giancarlo Eco,Female,1989-08-16,giancarlo.eco@gmx.com,3791812949,"Rotonda Sinisi, 18 Piano 3",Falconara Marittima,Cosenza,95037,IT,Italy,EMEA,Italian,Consumer,Silver,2024-08-13,2024,NEW,True,MDM,2024-08-13 00:00:00,2026-04-17 15:58:45.957106
bfa51617-ba2e-4f0a-9af2-af5d8c359dba,CUST-2024-IT-000050,Ugolino,Gussoni,Ugolino Gussoni,Male,1955-09-21,ugolino.gussoni@hotmail.com,05495555272,"Canale Mascagni, 6",Borgo Lombardo,L'Aquila,98044,IT,Italy,EMEA,Italian,Consumer,Silver,2024-02-24,2024,NEW,True,MDM,2024-02-24 00:00:00,2026-04-17 15:58:45.957297
d18c428f-86c3-4667-9820-4859ab84ed27,CUST-2024-IT-000051,Michela,Sanguineti,Michela Sanguineti,Male,1986-11-21,michela.sanguineti99@outlook.com,+39 3512262993,"Stretto Bajardi, 399",Nicola,Messina,73059,IT,Italy,EMEA,Italian,Consumer,Gold,2024-04-12,2024,NEW,True,MDM,2024-04-12 00:00:00,2026-04-17 15:58:45.957480
dc593e50-effe-4040-83f2-b25bb4781e2a,CUST-2024-IT-000052,Gionata,Fo,Gionata Fo,Male,1985-09-06,gionata.fo@yahoo.com,3731205481,"Rotonda Umberto, 653 Appartamento 1",Cisternino,Caserta,08045,IT,Italy,EMEA,Italian,Consumer,None,2024-07-12,2024,NEW,True,MDM,2024-07-12 00:00:00,2026-04-17 15:58:45.957668
0ac8b546-2dca-45db-8299-854234451b34,CUST-2024-IT-000053,Lando,Paolini,Lando Paolini,Male,2001-10-22,lando.paolini629@protonmail.com,09255821217,"Contrada Montalti, 66 Piano 9",Lido Di Campomarino,Vercelli,16038,IT,Italy,EMEA,Italian,Consumer,Silver,2024-02-10,2024,NEW,True,MDM,2024-02-10 00:00:00,2026-04-17 15:58:45.957857
99f55d7f-3c01-42a8-a58a-9b6878d7b56e,CUST-2024-IT-000054,Teresa,Conte,Teresa Conte,Male,2005-05-13,teresa.conte@gmail.com,+39 0578504403,"Via Arnaldo, 627",Granitola Torretta,Rieti,28823,IT,Italy,EMEA,Italian,Consumer,Gold,2024-11-19,2024,NEW,True,MDM,2024-11-19 00:00:00,2026-04-17 15:58:45.958038
f1863546-43ce-4529-8747-5d1c349a62ff,CUST-2024-IT-000055,Armando,Chiappetta,Armando Chiappetta,Female,1968-12-12,armando.chiappetta506@gmail.com,+39 0588749164,"Incrocio Zarlino, 21 Appartamento 3",Godiasco,Vicenza,16017,IT,Italy,EMEA,Italian,Consumer,None,2024-11-13,2024,NEW,True,MDM,2024-11-13 00:00:00,2026-04-17 15:58:45.958234
a698c4ea-5a43-46ac-bf86-c9c943c4601c,CUST-2024-IT-000056,Ranieri,Sagese,Ranieri Sagese,Male,1994-12-18,ranieri.sagese641@live.com,0734223206,"Via Nicolò, 23 Piano 1",San Martino Destra,Fermo,31027,IT,Italy,EMEA,Italian,Consumer,Silver,2024-04-06,2024,NEW,False,MDM,2024-04-06 00:00:00,2026-04-17 15:58:45.958420
b3110498-8728-4cd7-867d-3b0b17b3ea8c,CUST-2024-IT-000057,Saverio,Detti,Saverio Detti,Male,1961-12-21,saverio.detti@live.com,+39 0909661742,"Contrada Tonia, 11 Piano 2",Santa Maria Valongo,Lodi,15079,IT,Italy,EMEA,Italian,Consumer,None,2024-10-26,2024,NEW,True,MDM,2024-10-26 00:00:00,2026-04-17 15:58:45.958606
513c5c07-f563-45a3-8262-7965a2b17a80,CUST-2024-IT-000058,Ottavio,Tebaldi,Ottavio Tebaldi,Female,1985-12-25,ottavio.tebaldi@gmx.com,+39 346583231,"Canale Tencalla, 9 Appartamento 70",Stava,Avellino,89011,IT,Italy,EMEA,Italian,Consumer,None,2024-08-31,2024,NEW,True,MDM,2024-08-31 00:00:00,2026-04-17 15:58:45.958790
106a29e9-9707-4e05-9705-3da03667e5c8,CUST-2024-IT-000059,Damiano,Taccola,Damiano Taccola,Male,1975-04-27,damiano.taccola@gmail.com,096294377,"Contrada Paloma, 1 Piano 5",Creta,Milano,58020,IT,Italy,EMEA,Italian,Consumer,Silver,2024-05-14,2024,NEW,True,MDM,2024-05-14 00:00:00,2026-04-17 15:58:45.958971
a9c9cc13-b27d-40cb-86fa-5584f571df4a,CUST-2024-IT-000060,Marcello,Capuana,Marcello Capuana,Female,1981-08-12,marcello.capuana917@yahoo.com,0577898388,"Piazza Boiardo, 5",Villaberza,Lucca,16025,IT,Italy,EMEA,Italian,Consumer,Gold,2024-08-29,2024,NEW,True,MDM,2024-08-29 00:00:00,2026-04-17 15:58:45.959150
e5808c4c-84c1-479c-b72e-d1a09aa61f5e,CUST-2024-IT-000061,Giulia,Silvestri,Giulia Silvestri,Female,1965-10-23,giulia.silvestri221@protonmail.com,3513672656,"Strada Taliercio, 444",Villa Saviola,Ancona,72017,IT,Italy,EMEA,Italian,Consumer,None,2024-09-19,2024,NEW,True,MDM,2024-09-19 00:00:00,2026-04-17 15:58:45.959326
de7de9d6-9a42-4f82-80b6-1505807e7927,CUST-2024-IT-000062,Vittoria,Michelangeli,Vittoria Michelangeli,Male,1968-12-22,vittoria.michelangeli@outlook.com,0438104320,"Borgo Pomponio, 78 Piano 9",Spazzate Sassatelli,Padova,20076,IT,Italy,EMEA,Italian,Business,Platinum,2024-05-13,2024,NEW,True,MDM,2024-05-13 00:00:00,2026-04-17 15:58:45.959507
71110a81-2174-4e11-907d-bea364cbf86c,CUST-2024-IT-000063,Coluccio,Gatto,Coluccio Gatto,Female,1962-09-10,coluccio.gatto@aol.com,+39 3511613188,"Stretto Flora, 41 Piano 8",Barracca,Firenze,02030,IT,Italy,EMEA,Italian,Consumer,None,2024-03-08,2024,NEW,True,MDM,2024-03-08 00:00:00,2026-04-17 15:58:45.959691
ac1d5473-1172-49cc-904d-f4ec38761395,CUST-2024-IT-000064,Alina,Surian,Alina Surian,Female,1983-02-27,alina.surian612@icloud.com,04546595678,"Canale Ermes, 25",Strembo,Vercelli,53024,IT,Italy,EMEA,Italian,Consumer,None,2024-11-05,2024,NEW,True,MDM,2024-11-05 00:00:00,2026-04-17 15:58:45.959868
3efa2387-39c5-4348-be84-1cd9f30db19e,CUST-2024-IT-000065,Stefania,Chindamo,Stefania Chindamo,Male,1987-08-18,stefania.chindamo@yahoo.com,35128399254,"Viale Rosiello, 39",Pulce,Belluno,15054,IT,Italy,EMEA,Italian,Consumer,None,2024-06-24,2024,NEW,True,MDM,2024-06-24 00:00:00,2026-04-17 15:58:45.960045
e57a45d0-7405-4b63-8e15-b22d3544aeaf,CUST-2024-IT-000066,Emilio,Leoncavallo,Emilio Leoncavallo,Female,1957-08-10,emilio.leoncavallo434@zoho.com,34976727583,"Borgo Simonetta, 25 Appartamento 21",Rifreddo Mondovi',Pavia,91015,IT,Italy,EMEA,Italian,Consumer,Silver,2024-05-03,2024,NEW,True,MDM,2024-05-03 00:00:00,2026-04-17 15:58:45.960232
2dbeb177-7edb-4831-958a-6128630c8b6f,CUST-2024-IT-000067,Ermenegildo,Gozzano,Ermenegildo Gozzano,Male,1983-01-01,ermenegildo.gozzano@icloud.com,+39 379360136,"Vicolo Avogadro, 92 Appartamento 6",Rungg,Reggio Calabria,20042,IT,Italy,EMEA,Italian,Consumer,Gold,2024-01-03,2024,NEW,True,MDM,2024-01-03 00:00:00,2026-04-17 15:58:45.960407
c632ee09-9ce9-4ea3-824a-afc732df43c1,CUST-2024-IT-000068,Mariano,Castioni,Mariano Castioni,Female,1970-06-03,mariano.castioni@mail.com,018587322,"Vicolo Pierluigi, 5 Piano 0",Villarbasse,Ravenna,06038,IT,Italy,EMEA,Italian,Consumer,None,2024-12-22,2024,NEW,True,MDM,2024-12-22 00:00:00,2026-04-17 15:58:45.960584
fefa36d0-cce9-4eff-87ad-8a99030e9b6f,CUST-2024-IT-000069,Lucio,Carpaccio,Lucio Carpaccio,Male,1964-01-11,lucio.carpaccio@hotmail.com,+39 0545786971,"Stretto Germano, 3",Lomaso,Sondrio,74026,IT,Italy,EMEA,Italian,Consumer,Gold,2024-11-18,2024,NEW,True,MDM,2024-11-18 00:00:00,2026-04-17 15:58:45.960762
fa5eb41b-4473-46b8-a37e-2d7fee1f1b21,CUST-2024-IT-000070,Alessia,Frescobaldi,Alessia Frescobaldi,Female,1990-03-21,alessia.frescobaldi@live.com,3468701232,"Vicolo Marcella, 949",Aicurzio,Savona,53026,IT,Italy,EMEA,Italian,Consumer,Platinum,2024-06-10,2024,NEW,True,MDM,2024-06-10 00:00:00,2026-04-17 15:58:45.960939
9c149bfd-306b-4342-84e4-c6f99afe4443,CUST-2024-IT-000071,Manuel,Nugnes,Manuel Nugnes,Female,1951-06-25,manuel.nugnes@zoho.com,+39 333568768,"Piazza Caccioppoli, 6 Piano 9",Teora,Napoli,61013,IT,Italy,EMEA,Italian,Consumer,Gold,2024-08-19,2024,NEW,True,MDM,2024-08-19 00:00:00,2026-04-17 15:58:45.961113
a945358d-4239-4174-8183-4b2afea66d5d,CUST-2024-IT-000072,Martino,Anichini,Martino Anichini,Male,1982-09-14,martino.anichini@zoho.com,097456749,"Rotonda Cabrini, 73",Divieto,Genova,89040,IT,Italy,EMEA,Italian,Consumer,Platinum,2024-08-14,2024,NEW,True,MDM,2024-08-14 00:00:00,2026-04-17 15:58:45.961281
e12f6ed8-4648-4b34-a142-3e161c10e4a7,CUST-2024-IT-000073,Susanna,Scarponi,Susanna Scarponi,Female,1993-11-26,susanna.scarponi@protonmail.com,+39 042676641,"Rotonda Giacobbe, 671",Longobardi Marina,Novara,40069,IT,Italy,EMEA,Italian,Business,None,2024-07-18,2024,NEW,True,MDM,2024-07-18 00:00:00,2026-04-17 15:58:45.961454
f432b059-56ab-4080-a89d-6bfab73a42c1,CUST-2024-IT-000074,Amanda,Ferrazzi,Amanda Ferrazzi,Male,1968-05-07,amanda.ferrazzi@gmail.com,+39 328882654,"Via Renzo, 42 Appartamento 19",Iselle,Arezzo,12058,IT,Italy,EMEA,Italian,Consumer,Platinum,2024-11-10,2024,NEW,False,MDM,2024-11-10 00:00:00,2026-04-17 15:58:45.961631
579c0fd9-8e4f-4d00-b12c-f35092481ac5,CUST-2024-IT-000075,Giuliano,Ludovisi,Giuliano Ludovisi,Male,1998-08-04,giuliano.ludovisi@icloud.com,+39 3922418703,"Piazza Concetta, 833",Barazzetto,Prato,73022,IT,Italy,EMEA,Italian,Business,None,2024-04-15,2024,NEW,True,MDM,2024-04-15 00:00:00,2026-04-17 15:58:45.961804
6e152f43-68a1-4d92-a8cc-4a7c121ed78e,CUST-2024-IT-000076,Gabriele,Tamburello,Gabriele Tamburello,Female,1992-02-11,gabriele.tamburello@zoho.com,+39 0774739563,"Piazza Trentini, 9",Borgo Incoronata,Rovigo,35129,IT,Italy,EMEA,Italian,Consumer,None,2024-01-20,2024,NEW,True,MDM,2024-01-20 00:00:00,2026-04-17 15:58:45.961976
a867edd0-4d0d-4f70-854d-35675f014ff3,CUST-2024-IT-000077,Giosuè,Borroni,Giosuè Borroni,Male,1971-11-23,giosu.borroni705@aol.com,07760689761,"Viale Mercadante, 80",Lomazzo,Ogliastra,90015,IT,Italy,EMEA,Italian,Consumer,None,2024-05-16,2024,NEW,True,MDM,2024-05-16 00:00:00,2026-04-17 15:58:45.962149
da70221c-ed21-4eca-8c28-ea61673c2d87,CUST-2024-IT-000078,Dante,Sgalambro,Dante Sgalambro,Male,1977-09-16,dante.sgalambro@gmail.com,+39 0923762191,"Rotonda Flavia, 8",Rosora,Pordenone,38012,IT,Italy,EMEA,Italian,Business,None,2024-04-03,2024,NEW,True,MDM,2024-04-03 00:00:00,2026-04-17 15:58:45.962321
71d68959-98c8-4962-81f9-7044bc633767,CUST-2024-IT-000079,Liliana,Benussi,Liliana Benussi,Male,1962-11-26,liliana.benussi@gmail.com,381486585,"Viale Columbo, 661",Campione,Teramo,37121,IT,Italy,EMEA,Italian,Consumer,None,2024-06-28,2024,NEW,True,MDM,2024-06-28 00:00:00,2026-04-17 15:58:45.962490
83df336c-4753-44bb-b496-56535e86abe8,CUST-2024-IT-000080,Antonietta,Saffi,Antonietta Saffi,Female,1963-11-30,antonietta.saffi412@icloud.com,37780277643,"Via Guarato, 6",Teramo,Treviso,20017,IT,Italy,EMEA,Italian,Consumer,Silver,2024-02-02,2024,NEW,True,MDM,2024-02-02 00:00:00,2026-04-17 15:58:45.962661
35af8d70-df11-4465-91a9-a694241f9352,CUST-2024-IT-000081,Gianpaolo,Fantini,Gianpaolo Fantini,Male,1979-02-08,gianpaolo.fantini@aol.com,+39 09747004894,"Contrada Armani, 17",Musso,Brindisi,38100,IT,Italy,EMEA,Italian,Consumer,None,2024-07-25,2024,NEW,True,MDM,2024-07-25 00:00:00,2026-04-17 15:58:45.962833
d3fad2be-a8ae-443c-a0bd-3721efd8b37c,CUST-2024-IT-000082,Allegra,Petruzzi,Allegra Petruzzi,Male,1984-11-16,allegra.petruzzi503@live.com,0365109024,"Viale Flora, 14",Vals,Parma,27014,IT,Italy,EMEA,Italian,Consumer,Platinum,2024-07-04,2024,NEW,True,MDM,2024-07-04 00:00:00,2026-04-17 15:58:45.963006
9008e1ae-cdf1-4f06-85f4-1ec9493c2e84,CUST-2024-IT-000083,Bruno,Saragat,Bruno Saragat,Male,1987-07-31,bruno.saragat571@icloud.com,+39 38023372713,"Contrada Gioele, 25",Vaccileddi,Trieste,00137,IT,Italy,EMEA,Italian,Consumer,Gold,2024-12-01,2024,NEW,True,MDM,2024-12-01 00:00:00,2026-04-17 15:58:45.963181
2c79f774-aad9-4522-8b89-429e3a65b01f,CUST-2024-IT-000084,Elladio,Mastroianni,Elladio Mastroianni,Male,1984-04-15,elladio.mastroianni432@gmx.com,+39 0861934383,"Strada Briccialdi, 65 Piano 8",Mira,Lecco,84128,IT,Italy,EMEA,Italian,Education,Platinum,2024-11-21,2024,NEW,True,MDM,2024-11-21 00:00:00,2026-04-17 15:58:45.963353
a77fa163-c285-4e2a-b614-46c4ce55e185,CUST-2024-IT-000085,Ermenegildo,Pincherle,Ermenegildo Pincherle,Female,1999-10-30,ermenegildo.pincherle@msn.com,+39 0392506848,"Stretto Costalonga, 16",Monno,Brindisi,80125,IT,Italy,EMEA,Italian,Consumer,None,2024-12-22,2024,NEW,True,MDM,2024-12-22 00:00:00,2026-04-17 15:58:45.963523
cec396f5-49aa-4c1f-89b4-c1073abb7828,CUST-2024-IT-000086,Silvia,Zaccagnini,Silvia Zaccagnini,Male,1990-12-03,silvia.zaccagnini897@hotmail.com,+39 0975851630,"Viale Letizia, 4",Lavone,Sondrio,33036,IT,Italy,EMEA,Italian,Consumer,Silver,2024-12-25,2024,NEW,True,MDM,2024-12-25 00:00:00,2026-04-17 15:58:45.963697
8d833206-9787-4085-a8d0-d6d015924788,CUST-2024-IT-000087,Pietro,Piacentini,Pietro Piacentini,Male,1990-03-06,pietro.piacentini@yahoo.com,340345106,"Strada Jolanda, 18",Levanto,La Spezia,23818,IT,Italy,EMEA,Italian,Business,Gold,2024-03-25,2024,NEW,False,MDM,2024-03-25 00:00:00,2026-04-17 15:58:45.963879
504634d9-3f7f-4f69-b0cb-0da91a7e5d65,CUST-2024-IT-000088,Chiara,Siffredi,Chiara Siffredi,Male,1956-03-04,chiara.siffredi@zoho.com,+39 37114599901,"Via Carlo, 3",Meduna Di Livenza,Ascoli Piceno,89014,IT,Italy,EMEA,Italian,Consumer,None,2024-06-30,2024,NEW,True,MDM,2024-06-30 00:00:00,2026-04-17 15:58:45.964048
da111272-ba8f-421c-b350-95ff283419d7,CUST-2024-IT-000089,Adriano,Tassoni,Adriano Tassoni,Male,1995-12-02,adriano.tassoni477@gmail.com,+39 3534253283,"Canale Antonini, 6",Molara,Latina,40050,IT,Italy,EMEA,Italian,Consumer,Gold,2024-09-18,2024,NEW,True,MDM,2024-09-18 00:00:00,2026-04-17 15:58:45.964217
b9fd9b92-e6d3-4341-902f-4e399fc9c5c5,CUST-2024-IT-000090,Enrico,Turati,Enrico Turati,Female,1952-05-08,enrico.turati@gmx.com,+39 0756032728,"Vicolo Ramazzotti, 85",Prata Sannita,Cagliari,88822,IT,Italy,EMEA,Italian,Consumer,Gold,2024-02-12,2024,NEW,True,MDM,2024-02-12 00:00:00,2026-04-17 15:58:45.964395
dad9d22a-7e24-462d-baa6-75ee99751d1e,CUST-2024-IT-000091,Elena,Pascarella,Elena Pascarella,Male,1993-09-22,elena.pascarella@aol.com,0153104227,"Stretto Cremonesi, 265",Sant'Angelo A Lecore,Catania,55020,IT,Italy,EMEA,Italian,Consumer,None,2024-03-19,2024,NEW,True,MDM,2024-03-19 00:00:00,2026-04-17 15:58:45.964572
bbaea697-336b-47d6-894d-23b46b054a9b,CUST-2024-IT-000092,Dionigi,Giannelli,Dionigi Giannelli,Female,1990-05-27,dionigi.giannelli@mail.com,+39 0933524360,"Piazza Tagliafierro, 60",Costanzana,Catania,34075,IT,Italy,EMEA,Italian,Consumer,Silver,2024-01-02,2024,NEW,True,MDM,2024-01-02 00:00:00,2026-04-17 15:58:45.964744
3e836096-e3c0-45d3-b53e-cf79a214dc90,CUST-2024-IT-000093,Atenulf,Pietrangeli,Atenulf Pietrangeli,Female,2002-01-05,atenulf.pietrangeli@live.com,057557692,"Incrocio Monaco, 313 Appartamento 92",Mores,Viterbo,41039,IT,Italy,EMEA,Italian,Consumer,Silver,2024-09-27,2024,NEW,True,MDM,2024-09-27 00:00:00,2026-04-17 15:58:45.964924
d914a274-a7c4-4890-81d1-738877af2a4b,CUST-2024-IT-000094,Pierina,Santoro,Pierina Santoro,Female,1983-11-14,pierina.santoro@icloud.com,+39 3227340683,"Strada Serao, 4",Campo Nell'Elba,Cuneo,16027,IT,Italy,EMEA,Italian,Education,Silver,2024-05-05,2024,NEW,True,MDM,2024-05-05 00:00:00,2026-04-17 15:58:45.965102
4da5214e-93e1-4295-a805-7ff4e4ff3d53,CUST-2024-IT-000095,Sophia,Emanuelli,Sophia Emanuelli,Male,1996-11-06,sophia.emanuelli@outlook.com,0165035416,"Contrada Virginia, 84 Appartamento 32",Bovalino Marina,Novara,38065,IT,Italy,EMEA,Italian,Consumer,Silver,2024-04-05,2024,NEW,True,MDM,2024-04-05 00:00:00,2026-04-17 15:58:45.965289
7b50903c-9731-4751-96a7-dbd697fa2e57,CUST-2024-IT-000096,Ronaldo,Marsili,Ronaldo Marsili,Female,1962-07-28,ronaldo.marsili571@protonmail.com,35052864819,"Vicolo Gagliano, 4",Poggio San Marcello,Bolzano,33036,IT,Italy,EMEA,Italian,Education,None,2024-06-20,2024,NEW,True,MDM,2024-06-20 00:00:00,2026-04-17 15:58:45.965467
29c7cd4c-4fe8-4544-95bf-fcc17c9ca2a5,CUST-2024-IT-000097,Dino,Maglio,Dino Maglio,Female,1978-08-14,dino.maglio@gmx.com,+39 034597994,"Viale Milanesi, 72 Appartamento 41",Comacchio,Teramo,38034,IT,Italy,EMEA,Italian,Consumer,Silver,2024-05-17,2024,NEW,True,MDM,2024-05-17 00:00:00,2026-04-17 15:58:45.965644
00f4b0ad-3135-4a3e-b56a-94babda120a0,CUST-2024-IT-000098,Manuel,Grisoni,Manuel Grisoni,Male,1991-07-22,manuel.grisoni@mail.com,+39 0902903589,"Vicolo Barbarigo, 3",Vogogna,Rovigo,53016,IT,Italy,EMEA,Italian,Business,None,2024-03-03,2024,NEW,True,MDM,2024-03-03 00:00:00,2026-04-17 15:58:45.965818
9b0042b5-f473-4272-98d9-0cf52eace201,CUST-2024-IT-000099,Annetta,Florio,Annetta Florio,Female,1989-07-16,annetta.florio639@mail.com,+39 0324263219,"Stretto Adelmo, 33",Burgstall,Prato,40034,IT,Italy,EMEA,Italian,Consumer,Silver,2024-05-06,2024,NEW,False,MDM,2024-05-06 00:00:00,2026-04-17 15:58:45.965995
41f4ab55-8b63-49bd-a79f-25c865ffb1a3,CUST-2024-IT-000100,Venancio,Mannoia,Venancio Mannoia,Female,2000-05-29,venancio.mannoia360@outlook.com,+39 016542610,"Viale Nanni, 71 Appartamento 0",Lonate Pozzolo,Firenze,83055,IT,Italy,EMEA,Italian,Consumer,None,2024-08-15,2024,NEW,True,MDM,2024-08-15 00:00:00,2026-04-17 15:58:45.966175
9b59aa9b-8f01-474d-96e4-d6a138f4bf30,CUST-2024-IT-000101,Durante,Forza,Durante Forza,Female,1980-08-04,durante.forza@outlook.com,+39 07128745327,"Contrada Montalti, 34 Piano 2",Prepezzano,Benevento,71022,IT,Italy,EMEA,Italian,Business,None,2024-10-29,2024,NEW,True,MDM,2024-10-29 00:00:00,2026-04-17 15:58:45.966352
80f11d4b-1d56-482a-939b-420fa2ee5771,CUST-2024-IT-000102,Alessandra,Savorgnan,Alessandra Savorgnan,Male,1994-07-09,alessandra.savorgnan203@protonmail.com,+39 0342242524,"Incrocio Luciani, 516",Sagrado,Foggia,33098,IT,Italy,EMEA,Italian,Education,None,2024-07-16,2024,NEW,True,MDM,2024-07-16 00:00:00,2026-04-17 15:58:45.966529
d9dc19d7-5ac4-49d6-b6f6-b72e24eda7fc,CUST-2024-IT-000103,Piergiuseppe,Manzoni,Piergiuseppe Manzoni,Female,1984-02-24,piergiuseppe.manzoni750@live.com,+39 3780748277,"Borgo Fredo, 579",Alessia,Como,32035,IT,Italy,EMEA,Italian,Consumer,Gold,2024-10-12,2024,NEW,True,MDM,2024-10-12 00:00:00,2026-04-17 15:58:45.966793
6885a0d7-eddd-4052-97de-856d5dfd0255,CUST-2024-IT-000104,Eugenia,Gangemi,Eugenia Gangemi,Male,1983-01-02,eugenia.gangemi@gmail.com,361226050,"Borgo Anguillara, 3 Piano 7",Sant'Eufemia Di Lamezia Terme,Grosseto,20006,IT,Italy,EMEA,Italian,Consumer,None,2024-04-28,2024,NEW,True,MDM,2024-04-28 00:00:00,2026-04-17 15:58:45.967009
99bee8f9-738c-4808-b9a6-958c87a859a4,CUST-2024-IT-000105,Tiziano,Bosurgi,Tiziano Bosurgi,Male,1997-07-11,tiziano.bosurgi@protonmail.com,3776894947,"Vicolo Gentilini, 827",Sezze,Carbonia-Iglesias,15052,IT,Italy,EMEA,Italian,Consumer,None,2024-05-17,2024,NEW,True,MDM,2024-05-17 00:00:00,2026-04-17 15:58:45.967180
115a1c45-3876-4979-99e4-24c7cd2567d0,CUST-2024-IT-000106,Milo,Bertoli,Milo Bertoli,Male,2003-03-15,milo.bertoli491@aol.com,04236746463,"Rotonda Veltroni, 0 Piano 2",Pitocco,Ogliastra,02034,IT,Italy,EMEA,Italian,Consumer,None,2024-06-28,2024,NEW,True,MDM,2024-06-28 00:00:00,2026-04-17 15:58:45.967363
be57f9dc-573f-4498-b97b-4f190a11cd50,CUST-2024-IT-000107,Eva,Ferragamo,Eva Ferragamo,Male,2000-06-06,eva.ferragamo@gmail.com,36009661991,"Viale Daria, 78 Piano 1",Iesa,Medio Campidano,15032,IT,Italy,EMEA,Italian,Consumer,Gold,2024-03-28,2024,NEW,True,MDM,2024-03-28 00:00:00,2026-04-17 15:58:45.967537
f9293fff-4ae4-43cb-91a9-53d7a29092d1,CUST-2024-IT-000108,Federico,Marconi,Federico Marconi,Male,1967-02-11,federico.marconi@hotmail.com,37140157061,"Borgo Elmo, 36",Polignano A Mare,Taranto,94012,IT,Italy,EMEA,Italian,Consumer,None,2024-11-10,2024,NEW,True,MDM,2024-11-10 00:00:00,2026-04-17 15:58:45.967716
5daefaef-9fc5-463d-ba4b-e25f400d7f3b,CUST-2024-IT-000109,Vittoria,Nolcini,Vittoria Nolcini,Male,1980-02-18,vittoria.nolcini763@yahoo.com,078900771,"Strada Tonia, 17",Abbadia Cerreto,Lucca,22078,IT,Italy,EMEA,Italian,Consumer,Platinum,2024-10-20,2024,NEW,True,MDM,2024-10-20 00:00:00,2026-04-17 15:58:45.967889
0a014a12-01f0-48e6-8224-e87cfaee83bf,CUST-2024-IT-000110,Sandra,Giunti,Sandra Giunti,Male,1993-11-30,sandra.giunti@mail.com,+39 37356963348,"Rotonda Enzio, 84",Gavi,Ogliastra,67040,IT,Italy,EMEA,Italian,Consumer,Silver,2024-12-21,2024,NEW,True,MDM,2024-12-21 00:00:00,2026-04-17 15:58:45.968066
83dbbd93-85a2-4426-94a6-90aabc859b35,CUST-2024-IT-000111,Lucrezia,Marazzi,Lucrezia Marazzi,Female,1971-04-12,lucrezia.marazzi@zoho.com,0185652626,"Strada Romano, 49",Campolasta,Caserta,35035,IT,Italy,EMEA,Italian,Education,None,2024-02-05,2024,NEW,True,MDM,2024-02-05 00:00:00,2026-04-17 15:58:45.968240
2bddba02-7890-4bcd-8b64-a586e84f8137,CUST-2024-IT-000112,Luigi,Branciforte,Luigi Branciforte,Male,2002-04-08,luigi.branciforte771@icloud.com,0382703047,"Canale Travaglio, 8 Piano 7",Gallignano,Catania,20125,IT,Italy,EMEA,Italian,Consumer,Silver,2024-02-15,2024,NEW,False,MDM,2024-02-15 00:00:00,2026-04-17 15:58:45.968415
16308996-9788-48cb-81b3-f99fb7dbb568,CUST-2024-IT-000113,Liana,Calgari,Liana Calgari,Male,1980-09-05,liana.calgari@gmail.com,03457627501,"Incrocio Rita, 482",Salvatronda,Udine,35025,IT,Italy,EMEA,Italian,Consumer,None,2024-07-05,2024,NEW,True,MDM,2024-07-05 00:00:00,2026-04-17 15:58:45.968585
01340f73-623b-4f3c-9fa1-3b379d649e16,CUST-2024-IT-000114,Annetta,Ricolfi,Annetta Ricolfi,Male,1988-02-14,annetta.ricolfi@msn.com,+39 03822967608,"Stretto Liverotti, 971 Appartamento 9",Serranova,Olbia-Tempio,90020,IT,Italy,EMEA,Italian,Business,Gold,2024-06-01,2024,NEW,False,MDM,2024-06-01 00:00:00,2026-04-17 15:58:45.968771
e4b6e642-c630-4c99-b955-f9faa053f054,CUST-2024-IT-000115,Ninetta,Adinolfi,Ninetta Adinolfi,Female,1978-09-16,ninetta.adinolfi@hotmail.com,043111577,"Rotonda Fiorenzo, 263 Piano 8",Angolo Terme,Catania,35142,IT,Italy,EMEA,Italian,Business,None,2024-09-15,2024,NEW,True,MDM,2024-09-15 00:00:00,2026-04-17 15:58:45.968942
3a9b68f4-5178-4e72-831e-da4d9d83be38,CUST-2024-IT-000116,Alessandro,Sokolov,Alessandro Sokolov,Male,1954-05-28,alessandro.sokolov@live.com,37930417309,"Piazza Jovinelli, 243",Valdottavo,Ancona,83027,IT,Italy,EMEA,Italian,Consumer,None,2024-08-18,2024,NEW,True,MDM,2024-08-18 00:00:00,2026-04-17 15:58:45.969110
b7af96a1-b1d2-4fe5-ae66-7605ba9b2390,CUST-2024-IT-000117,Sergius,Finzi,Sergius Finzi,Male,1950-09-08,sergius.finzi805@icloud.com,362328211,"Rotonda Longhena, 614 Appartamento 38",Padulle,Terni,00044,IT,Italy,EMEA,Italian,Consumer,None,2024-07-17,2024,NEW,True,MDM,2024-07-17 00:00:00,2026-04-17 15:58:45.969284
fa3dc020-3ae2-425c-ab46-fa20756f5fa5,CUST-2024-IT-000118,Ciro,Gatto,Ciro Gatto,Female,1953-02-20,ciro.gatto@gmx.com,+39 0300875251,"Contrada Trillini, 1 Piano 0",Orte Scalo,Napoli,37019,IT,Italy,EMEA,Italian,Business,Gold,2024-02-07,2024,NEW,True,MDM,2024-02-07 00:00:00,2026-04-17 15:58:45.969457
5621b1c3-1000-4de4-8ef4-89a91c7b7947,CUST-2024-IT-000119,Vittorio,Naccari,Vittorio Naccari,Male,1954-06-05,vittorio.naccari7@zoho.com,+39 0832828039,"Rotonda Tiziana, 8 Piano 1",Cibrone,Cremona,51010,IT,Italy,EMEA,Italian,Consumer,None,2024-01-14,2024,NEW,True,MDM,2024-01-14 00:00:00,2026-04-17 15:58:45.969629
f1cf4a9b-7656-4b33-a01d-37f2d5df0c6c,CUST-2024-IT-000120,Lamberto,Schiavo,Lamberto Schiavo,Female,1971-10-31,lamberto.schiavo@zoho.com,+39 0544676179,"Borgo Leopoldo, 6 Piano 6",Attimis,Salerno,82023,IT,Italy,EMEA,Italian,Consumer,None,2024-05-14,2024,NEW,True,MDM,2024-05-14 00:00:00,2026-04-17 15:58:45.969799
c96cb583-700f-48e5-bac1-93685d40c986,CUST-2024-IT-000121,Rossana,Sordi,Rossana Sordi,Male,1996-07-23,rossana.sordi@protonmail.com,3519422117,"Borgo Boldù, 979 Piano 1",Occhieppo Superiore,Imperia,20043,IT,Italy,EMEA,Italian,Business,Silver,2024-02-07,2024,NEW,True,MDM,2024-02-07 00:00:00,2026-04-17 15:58:45.969973
c53a9e1e-aa36-45cc-b393-31ee38e98eec,CUST-2024-IT-000122,Ninetta,Ferragni,Ninetta Ferragni,Male,2000-03-11,ninetta.ferragni@hotmail.com,+39 0566745131,"Canale Fattori, 51",Macello,Bologna,14035,IT,Italy,EMEA,Italian,Consumer,None,2024-11-01,2024,NEW,True,MDM,2024-11-01 00:00:00,2026-04-17 15:58:45.970140
aa576261-e07e-4384-9c8a-bd49c9b19c10,CUST-2024-IT-000123,Patrizio,Maffei,Patrizio Maffei,Male,1995-10-04,patrizio.maffei@yahoo.com,076503776,"Rotonda Calbo, 54 Appartamento 0",Montecatini Alto,Lecce,73021,IT,Italy,EMEA,Italian,Business,None,2024-04-26,2024,NEW,True,MDM,2024-04-26 00:00:00,2026-04-17 15:58:45.970316
4b14974b-6ebc-4208-8d87-39a9577f0782,CUST-2024-IT-000124,Ansaldo,Lanfranchi,Ansaldo Lanfranchi,Female,1972-07-21,ansaldo.lanfranchi@hotmail.com,0517673795,"Contrada Mancini, 20",Zafferia,Sondrio,25132,IT,Italy,EMEA,Italian,Consumer,None,2024-08-20,2024,NEW,False,MDM,2024-08-20 00:00:00,2026-04-17 15:58:45.970484
5e4b0cf8-6005-4014-bf87-839339144b33,CUST-2024-IT-000125,Melania,Borghese,Melania Borghese,Female,1965-07-18,melania.borghese365@hotmail.com,05777561811,"Stretto Gianmarco, 29",Valle Di Maddaloni,Udine,30175,IT,Italy,EMEA,Italian,Business,None,2024-03-25,2024,NEW,True,MDM,2024-03-25 00:00:00,2026-04-17 15:58:45.970652
809ea634-217a-44ee-8987-f8fdd133e1ba,CUST-2024-IT-000126,Vincenza,Sanudo,Vincenza Sanudo,Female,1984-02-05,vincenza.sanudo700@live.com,+39 37012233479,"Piazza Marcella, 341",Brugherio,Macerata,06128,IT,Italy,EMEA,Italian,Business,None,2024-09-25,2024,NEW,False,MDM,2024-09-25 00:00:00,2026-04-17 15:58:45.970820
aa453e21-6651-4a51-8011-68b069947b7e,CUST-2024-IT-000127,Maura,Germano,Maura Germano,Male,1967-05-24,maura.germano142@gmx.com,3505430929,"Canale Tedesco, 74 Appartamento 3",Maglione,Matera,28844,IT,Italy,EMEA,Italian,Consumer,Silver,2024-08-01,2024,NEW,True,MDM,2024-08-01 00:00:00,2026-04-17 15:58:45.970990
892080f1-1f82-4ea3-bbf3-f43a19bcc856,CUST-2024-IT-000128,Mirko,Bonino,Mirko Bonino,Female,1965-08-18,mirko.bonino235@live.com,+39 3413909127,"Contrada Pignatti, 388 Appartamento 66",Aringo,Enna,62015,IT,Italy,EMEA,Italian,Education,None,2024-09-06,2024,NEW,True,MDM,2024-09-06 00:00:00,2026-04-17 15:58:45.971168
b1e5dad6-6220-43ec-ae9a-162c084c1b88,CUST-2024-IT-000129,Ciro,Parri,Ciro Parri,Female,1968-12-25,ciro.parri979@zoho.com,+39 0124521078,"Canale Mauro, 94",Montemerano,Ancona,00121,IT,Italy,EMEA,Italian,Consumer,Silver,2024-08-09,2024,NEW,False,MDM,2024-08-09 00:00:00,2026-04-17 15:58:45.971334
1abfabd5-55f3-4609-875c-560f9cd66981,CUST-2024-IT-000130,Lorenzo,Vianello,Lorenzo Vianello,Female,2004-01-08,lorenzo.vianello@gmx.com,0771620507,"Vicolo Giacobbe, 67 Appartamento 32",Diacceto,Foggia,28854,IT,Italy,EMEA,Italian,Consumer,None,2024-02-04,2024,NEW,True,MDM,2024-02-04 00:00:00,2026-04-17 15:58:45.971509
64bd20a3-79cc-4f23-8b60-e049d67a4730,CUST-2024-IT-000131,Galasso,Gemito,Galasso Gemito,Male,1953-09-17,galasso.gemito@icloud.com,+39 019836208,"Piazza Adriano, 5",Chiasellis,Rimini,63856,IT,Italy,EMEA,Italian,Consumer,None,2024-04-01,2024,NEW,True,MDM,2024-04-01 00:00:00,2026-04-17 15:58:45.971677
bdfbba98-bbd7-43b4-aa05-df27ea021917,CUST-2024-IT-000132,Angelina,Castioni,Angelina Castioni,Female,1976-05-17,angelina.castioni@yahoo.com,3776980549,"Via Barcaccia, 968",St. Veit in Prags,Ravenna,27046,IT,Italy,EMEA,Italian,Consumer,None,2024-06-17,2024,NEW,True,MDM,2024-06-17 00:00:00,2026-04-17 15:58:45.971844
5a36c0b6-eef3-4280-aabe-fb9d65ac80a5,CUST-2024-IT-000133,Danilo,Liverotti,Danilo Liverotti,Male,1998-04-12,danilo.liverotti@icloud.com,0324154159,"Piazza Giustino, 37",Raffadali,Belluno,26831,IT,Italy,EMEA,Italian,Consumer,Gold,2024-03-19,2024,NEW,True,MDM,2024-03-19 00:00:00,2026-04-17 15:58:45.972019
9d58b8d8-7c47-4dee-bf84-122aef278add,CUST-2024-IT-000134,Amleto,Meucci,Amleto Meucci,Female,1997-08-13,amleto.meucci@msn.com,3371153180,"Piazza Costanzi, 95 Appartamento 3",Piumarola,Genova,26011,IT,Italy,EMEA,Italian,Business,None,2024-04-06,2024,NEW,True,MDM,2024-04-06 00:00:00,2026-04-17 15:58:45.972191
d2532ce5-716e-496c-9569-9a9dce08f519,CUST-2024-IT-000135,Rocco,Cicilia,Rocco Cicilia,Male,1992-09-25,rocco.cicilia325@msn.com,0375277502,"Vicolo Vigorelli, 39",Buturo,Foggia,25051,IT,Italy,EMEA,Italian,Consumer,None,2024-07-10,2024,NEW,True,MDM,2024-07-10 00:00:00,2026-04-17 15:58:45.972364
ec375fc1-2bd4-4063-a60f-3946d70f83ed,CUST-2024-IT-000136,Mattia,Gonzaga,Mattia Gonzaga,Male,1995-08-13,mattia.gonzaga@gmx.com,+39 083255810,"Borgo Camilleri, 80 Piano 4",Celesia,Modena,80026,IT,Italy,EMEA,Italian,Consumer,Gold,2024-02-21,2024,NEW,True,MDM,2024-02-21 00:00:00,2026-04-17 15:58:45.972544
159f39f9-91ae-4412-adf6-22ce5d418d22,CUST-2024-IT-000137,Tatiana,Parpinel,Tatiana Parpinel,Female,1956-09-05,tatiana.parpinel@aol.com,+39 0141299007,"Rotonda Montesano, 7",Tezze Val Sugana,Ogliastra,10024,IT,Italy,EMEA,Italian,Business,Silver,2024-11-08,2024,NEW,True,MDM,2024-11-08 00:00:00,2026-04-17 15:58:45.972710
73c82ec1-8bb5-4916-ba67-b3fe7e4ac208,CUST-2024-IT-000138,Gino,Lercari,Gino Lercari,Male,2000-06-11,gino.lercari@zoho.com,377410322,"Vicolo Iacovelli, 529 Piano 5",Bovolenta,Massa-Carrara,87062,IT,Italy,EMEA,Italian,Consumer,None,2024-07-25,2024,NEW,True,MDM,2024-07-25 00:00:00,2026-04-17 15:58:45.972882
6ab23e94-865e-46f2-bc4b-46e56b216886,CUST-2024-IT-000139,Danilo,Brancaccio,Danilo Brancaccio,Female,1997-04-15,danilo.brancaccio21@icloud.com,+39 03955929672,"Strada Torquato, 86 Appartamento 93",Casalgrande,Bari,10073,IT,Italy,EMEA,Italian,Consumer,None,2024-12-27,2024,NEW,False,MDM,2024-12-27 00:00:00,2026-04-17 15:58:45.973053
9e8c06a3-44e7-4cc8-95df-7809757b7d53,CUST-2024-IT-000140,Enzio,Fieramosca,Enzio Fieramosca,Female,1958-05-30,enzio.fieramosca138@gmail.com,3482633237,"Vicolo Romina, 3",Collepepe,Vicenza,06016,IT,Italy,EMEA,Italian,Consumer,None,2024-11-04,2024,NEW,True,MDM,2024-11-04 00:00:00,2026-04-17 15:58:45.973219
1a0d3cde-89d8-4999-b02e-7f6469f95c55,CUST-2024-IT-000141,Gianluigi,Tomaselli,Gianluigi Tomaselli,Female,1977-01-09,gianluigi.tomaselli@aol.com,3517410360,"Stretto Fantini, 83 Piano 9",Racchiuso,Modena,17028,IT,Italy,EMEA,Italian,Business,Gold,2024-05-28,2024,NEW,True,MDM,2024-05-28 00:00:00,2026-04-17 15:58:45.973387
288f1fd3-c6ee-4189-969e-d9192e4d46fb,CUST-2024-IT-000142,Antonina,Gullotta,Antonina Gullotta,Female,1987-01-02,antonina.gullotta320@hotmail.com,0102663632,"Incrocio Daria, 4",Camnago,Crotone,13868,IT,Italy,EMEA,Italian,Education,Silver,2024-06-02,2024,NEW,True,MDM,2024-06-02 00:00:00,2026-04-17 15:58:45.973553
ee4098cb-1bd5-4db6-b0e8-5ef98a548405,CUST-2024-IT-000143,Elvira,Cagnin,Elvira Cagnin,Female,1980-12-15,elvira.cagnin@icloud.com,+39 0111049944,"Via Lopresti, 54",Orvinio,Mantova,08039,IT,Italy,EMEA,Italian,Consumer,Platinum,2024-06-03,2024,NEW,True,MDM,2024-06-03 00:00:00,2026-04-17 15:58:45.973719
28e2266c-2787-4d80-bfdc-84fecf3c988a,CUST-2024-IT-000144,Uberto,Catenazzi,Uberto Catenazzi,Female,1969-12-05,uberto.catenazzi@live.com,3520379581,"Piazza Mariana, 37",Villa Castelnuovo,Nuoro,46019,IT,Italy,EMEA,Italian,Consumer,None,2024-02-29,2024,NEW,True,MDM,2024-02-29 00:00:00,2026-04-17 15:58:45.973885
367d2134-66b1-492a-b398-3512471317c7,CUST-2024-IT-000145,Piergiorgio,Bettoni,Piergiorgio Bettoni,Male,1965-03-18,piergiorgio.bettoni@gmail.com,341671788,"Viale Galiazzo, 4 Appartamento 4",Ponte San Pellegrino,Cosenza,30024,IT,Italy,EMEA,Italian,Consumer,None,2024-05-14,2024,NEW,True,MDM,2024-05-14 00:00:00,2026-04-17 15:58:45.974054
0a9ce9eb-3287-4247-92fb-f7ceb296c10f,CUST-2024-IT-000146,Matilda,Cundari,Matilda Cundari,Male,1997-08-21,matilda.cundari@icloud.com,+39 04096588114,"Via Elena, 24 Appartamento 85",Madrigale,Nuoro,84134,IT,Italy,EMEA,Italian,Consumer,Gold,2024-04-04,2024,NEW,True,MDM,2024-04-04 00:00:00,2026-04-17 15:58:45.974226
6187e3f0-0a50-4e71-8882-7d7e14ab3377,CUST-2024-IT-000147,Giorgio,Nicolini,Giorgio Nicolini,Male,1970-09-30,giorgio.nicolini@msn.com,076578342,"Vicolo Severino, 7 Piano 4",Ariano Nel Polesine,Pistoia,90031,IT,Italy,EMEA,Italian,Consumer,Gold,2024-09-20,2024,NEW,True,MDM,2024-09-20 00:00:00,2026-04-17 15:58:45.974395
8053be40-135f-4671-8267-a4bba8a4bdef,CUST-2024-IT-000148,Ennio,Petruzzi,Ennio Petruzzi,Female,1986-07-06,ennio.petruzzi961@gmx.com,+39 3295696467,"Vicolo Tiziano, 77 Piano 2",Saline,Bari,45010,IT,Italy,EMEA,Italian,Business,None,2024-09-02,2024,NEW,True,MDM,2024-09-02 00:00:00,2026-04-17 15:58:45.974565
c50f306d-57fe-4959-b0c3-2dabdce80f3e,CUST-2024-IT-000149,Bianca,Campano,Bianca Campano,Female,1953-10-03,bianca.campano@outlook.com,08953035694,"Borgo Fedele, 60",Velate,Pescara,96013,IT,Italy,EMEA,Italian,Consumer,Silver,2024-11-08,2024,NEW,True,MDM,2024-11-08 00:00:00,2026-04-17 15:58:45.974733
86c21ad2-d2d3-4649-a3af-847463376146,CUST-2024-IT-000150,Marco,Aldobrandi,Marco Aldobrandi,Male,1960-09-18,marco.aldobrandi728@aol.com,010677655,"Strada Beppe, 42",Abano Terme,Pistoia,90022,IT,Italy,EMEA,Italian,Consumer,Silver,2024-07-12,2024,NEW,True,MDM,2024-07-12 00:00:00,2026-04-17 15:58:45.974900
0e88380b-9125-429c-94ea-a8279fdd35e9,CUST-2024-IT-000151,Coluccio,Natta,Coluccio Natta,Male,1955-06-29,coluccio.natta37@msn.com,+39 0285973889,"Strada Eraldo, 8",Borgo Sacco,Trapani,31029,IT,Italy,EMEA,Italian,Consumer,None,2024-11-10,2024,NEW,True,MDM,2024-11-10 00:00:00,2026-04-17 15:58:45.975068
ab1c890c-881c-4699-862a-a307199dd8c0,CUST-2024-IT-000152,Baccio,Bernetti,Baccio Bernetti,Male,1995-06-09,baccio.bernetti@hotmail.com,+39 0422668949,"Canale Ricolfi, 572",La Runcina,La Spezia,17057,IT,Italy,EMEA,Italian,Consumer,Silver,2024-08-15,2024,NEW,True,MDM,2024-08-15 00:00:00,2026-04-17 15:58:45.975234
9db44764-e3f7-4d7f-9f29-d1aaaefe39fe,CUST-2024-IT-000153,Vincenza,Cainero,Vincenza Cainero,Male,1951-06-17,vincenza.cainero583@live.com,0471882912,"Canale Calvo, 63",Egna,Matera,75010,IT,Italy,EMEA,Italian,Education,None,2024-12-22,2024,NEW,True,MDM,2024-12-22 00:00:00,2026-04-17 15:58:45.975400
6de12de2-02e1-4854-9074-a681fd92603d,CUST-2024-IT-000154,Allegra,Morlacchi,Allegra Morlacchi,Female,1984-04-14,allegra.morlacchi@hotmail.com,+39 0422168622,"Piazza Benito, 66",Lugagnano,Alessandria,20049,IT,Italy,EMEA,Italian,Consumer,Gold,2024-01-02,2024,NEW,True,MDM,2024-01-02 00:00:00,2026-04-17 15:58:45.975569
69142027-6b8d-4c0d-8333-2bff0a43d823,CUST-2024-IT-000155,Allegra,Nolcini,Allegra Nolcini,Male,1968-12-18,allegra.nolcini123@live.com,0941296939,"Canale Piacentini, 93 Piano 3",Ari,Palermo,72024,IT,Italy,EMEA,Italian,Business,None,2024-01-24,2024,NEW,True,MDM,2024-01-24 00:00:00,2026-04-17 15:58:45.975738
7a66636a-9fde-455a-b5a5-3c58f9a8144e,CUST-2024-IT-000156,Mirko,Zanzi,Mirko Zanzi,Male,1996-05-27,mirko.zanzi@gmx.com,040605785,"Incrocio Piermaria, 850 Appartamento 28",Altavilla Milicia,Chieti,31053,IT,Italy,EMEA,Italian,Consumer,None,2024-01-14,2024,NEW,True,MDM,2024-01-14 00:00:00,2026-04-17 15:58:45.975910
4f57a503-ddcd-4616-8875-6a0c5af8adf3,CUST-2024-IT-000157,Loretta,Pistoletto,Loretta Pistoletto,Female,1979-11-25,loretta.pistoletto@aol.com,0314007072,"Borgo Boitani, 933 Appartamento 6",Stazzu Bruciatu,Lecco,87048,IT,Italy,EMEA,Italian,Education,Gold,2024-07-10,2024,NEW,True,MDM,2024-07-10 00:00:00,2026-04-17 15:58:45.976081
26f03218-8702-4191-8da5-710919fc1953,CUST-2024-IT-000158,Carolina,Galeati,Carolina Galeati,Male,1953-05-01,carolina.galeati@zoho.com,+39 3519668960,"Borgo Tatiana, 127 Appartamento 3",Costalissoio,Olbia-Tempio,83041,IT,Italy,EMEA,Italian,Business,Platinum,2024-04-23,2024,NEW,True,MDM,2024-04-23 00:00:00,2026-04-17 15:58:45.976251
168fbe57-5811-4e58-a6c8-acecdcce1977,CUST-2024-IT-000159,Baccio,Maglio,Baccio Maglio,Male,1999-04-16,baccio.maglio@protonmail.com,052342182,"Incrocio Calcedonio, 386 Appartamento 9",Lode',Imperia,56037,IT,Italy,EMEA,Italian,Consumer,None,2024-10-11,2024,NEW,True,MDM,2024-10-11 00:00:00,2026-04-17 15:58:45.976421
abfa1834-4db2-4ea0-ade4-8d87e7b8a40a,CUST-2024-IT-000160,Serena,Monti,Serena Monti,Female,1976-12-25,serena.monti719@hotmail.com,+39 3905291531,"Stretto Jolanda, 599 Appartamento 11",Vicenza,Bologna,46010,IT,Italy,EMEA,Italian,Consumer,Platinum,2024-11-14,2024,NEW,True,MDM,2024-11-14 00:00:00,2026-04-17 15:58:45.976596
ae5bc9cf-4484-4c98-b538-cc0c299406dd,CUST-2024-IT-000161,Ludovico,Sauro,Ludovico Sauro,Female,1954-11-02,ludovico.sauro@gmx.com,0461788170,"Canale Donato, 35",Canistro,Roma,16162,IT,Italy,EMEA,Italian,Consumer,Silver,2024-03-03,2024,NEW,True,MDM,2024-03-03 00:00:00,2026-04-17 15:58:45.976883
066b77de-17ec-4370-9e86-ae6f2fcff4c4,CUST-2024-IT-000162,Costantino,Albertini,Costantino Albertini,Female,2007-09-30,costantino.albertini@zoho.com,3791482450,"Contrada Umberto, 11 Appartamento 8",Ton,Carbonia-Iglesias,18019,IT,Italy,EMEA,Italian,Consumer,None,2024-04-18,2024,NEW,True,MDM,2024-04-18 00:00:00,2026-04-17 15:58:45.977144
d7776972-2caa-4abb-8804-0cfa89858118,CUST-2024-IT-000163,Aurora,Battaglia,Aurora Battaglia,Female,1996-06-18,aurora.battaglia@zoho.com,+39 081882260,"Viale Livio, 1 Appartamento 13",Marina Di Modica,Ogliastra,44023,IT,Italy,EMEA,Italian,Business,Gold,2024-02-13,2024,NEW,True,MDM,2024-02-13 00:00:00,2026-04-17 15:58:45.977357
329ca700-6610-471a-bf90-62b2da713c3f,CUST-2024-IT-000164,Cecilia,Tozzi,Cecilia Tozzi,Male,2000-08-31,cecilia.tozzi701@aol.com,0575518122,"Piazza Zaccagnini, 99",Carpinelli,Reggio Calabria,80011,IT,Italy,EMEA,Italian,Consumer,None,2024-01-24,2024,NEW,True,MDM,2024-01-24 00:00:00,2026-04-17 15:58:45.977561
8ed86bcd-607e-4f4d-b17c-ea0b11b61805,CUST-2024-IT-000165,Pina,Trevisani,Pina Trevisani,Male,1967-04-07,pina.trevisani@icloud.com,3449565887,"Contrada Massimiliano, 54",Fiave',Sondrio,63076,IT,Italy,EMEA,Italian,Consumer,None,2024-12-25,2024,NEW,True,MDM,2024-12-25 00:00:00,2026-04-17 15:58:45.977773
24928ad5-7fd2-4dbf-9ae0-a8873c709dd9,CUST-2024-IT-000166,Ermanno,Pelli,Ermanno Pelli,Male,1991-12-03,ermanno.pelli@aol.com,37939757279,"Piazza Maccanelli, 14",Roana,Rieti,00147,IT,Italy,EMEA,Italian,Consumer,Silver,2024-03-19,2024,NEW,True,MDM,2024-03-19 00:00:00,2026-04-17 15:58:45.977966
73446f9b-6cdd-4315-b1c6-01ce350ad35b,CUST-2024-IT-000167,Luisa,Salata,Luisa Salata,Male,1956-09-19,luisa.salata@gmx.com,+39 3777759315,"Vicolo Giorgio, 2",Etroubles,Benevento,30036,IT,Italy,EMEA,Italian,Consumer,None,2024-01-02,2024,NEW,True,MDM,2024-01-02 00:00:00,2026-04-17 15:58:45.978158
696330b4-2f8a-4669-8719-2785f04a7efc,CUST-2024-IT-000168,Fulvio,Cortese,Fulvio Cortese,Female,1998-09-09,fulvio.cortese@live.com,0166063656,"Rotonda Navone, 8",Bulfons,Mantova,61047,IT,Italy,EMEA,Italian,Consumer,None,2024-07-31,2024,NEW,True,MDM,2024-07-31 00:00:00,2026-04-17 15:58:45.978340
c6ee20fd-10ef-49d6-a0b7-d669e001ee5e,CUST-2024-IT-000169,Guido,Tommaseo,Guido Tommaseo,Female,1999-02-19,guido.tommaseo@aol.com,32260384775,"Canale Adriano, 69",Palizzi,Campobasso,01022,IT,Italy,EMEA,Italian,Consumer,Silver,2024-06-30,2024,NEW,True,MDM,2024-06-30 00:00:00,2026-04-17 15:58:45.978532
6b58fe04-069c-43a1-b1e3-8bd8badd8264,CUST-2024-IT-000170,Ugo,Raimondi,Ugo Raimondi,Male,1986-06-02,ugo.raimondi@aol.com,+39 0891341013,"Contrada Ornella, 5",Bastida Pancarana,Prato,28062,IT,Italy,EMEA,Italian,Business,Silver,2024-03-08,2024,NEW,True,MDM,2024-03-08 00:00:00,2026-04-17 15:58:45.978722
e42174f6-2545-4638-b4d5-501b84cff048,CUST-2024-IT-000171,Giampaolo,Mimun,Giampaolo Mimun,Female,2003-10-24,giampaolo.mimun@live.com,+39 0314715892,"Stretto Montalcini, 634 Piano 1",Cartecchio,Sondrio,38065,IT,Italy,EMEA,Italian,Consumer,None,2024-01-09,2024,NEW,False,MDM,2024-01-09 00:00:00,2026-04-17 15:58:45.978907
36a4eae1-d669-47fd-b4c0-2e59a3e974d2,CUST-2024-IT-000172,Micheletto,Vigliotti,Micheletto Vigliotti,Female,1952-12-16,micheletto.vigliotti@protonmail.com,031890136,"Borgo Gualtieri, 4 Appartamento 7",Gargagnago,Caltanissetta,97016,IT,Italy,EMEA,Italian,Business,Platinum,2024-03-07,2024,NEW,True,MDM,2024-03-07 00:00:00,2026-04-17 15:58:45.979101
5ad6d46d-a6aa-4fe4-99b5-21d7873f092e,CUST-2024-IT-000173,Flavia,Santoro,Flavia Santoro,Female,1973-03-26,flavia.santoro@gmail.com,+39 058605936,"Piazza Ernesto, 115",Assoro,Catania,03025,IT,Italy,EMEA,Italian,Consumer,None,2024-05-27,2024,NEW,True,MDM,2024-05-27 00:00:00,2026-04-17 15:58:45.979272
2580ca3c-ae42-44ab-bffc-2cfe20ee7ed3,CUST-2024-IT-000174,Nedda,Gozzi,Nedda Gozzi,Female,1999-06-28,nedda.gozzi@outlook.com,37926982266,"Stretto Corcos, 139",Borgia,Genova,55022,IT,Italy,EMEA,Italian,Consumer,None,2024-10-22,2024,NEW,True,MDM,2024-10-22 00:00:00,2026-04-17 15:58:45.979451
96ba90c4-2fad-4408-9c9f-143091ddd432,CUST-2024-IT-000175,Nico,Modigliani,Nico Modigliani,Female,1972-03-18,nico.modigliani@msn.com,3451485266,"Via Puccio, 22",Fiesse,Macerata,90036,IT,Italy,EMEA,Italian,Business,None,2024-07-31,2024,NEW,True,MDM,2024-07-31 00:00:00,2026-04-17 15:58:45.979625
1ecca8b6-4e6b-4455-940d-3f1e0b35b8de,CUST-2024-IT-000176,Lodovico,Gucci,Lodovico Gucci,Female,1989-03-23,lodovico.gucci@hotmail.com,337768835,"Strada Giuseppina, 19 Piano 9",Melara,Teramo,15064,IT,Italy,EMEA,Italian,Education,Gold,2024-10-29,2024,NEW,True,MDM,2024-10-29 00:00:00,2026-04-17 15:58:45.979811
19f6252e-c8a7-49bf-8de2-525cd9b2951b,CUST-2024-IT-000177,Flora,Deledda,Flora Deledda,Female,1992-02-03,flora.deledda301@hotmail.com,+39 350021158,"Strada Innocenti, 60 Appartamento 51",Pino Torinese,Salerno,38060,IT,Italy,EMEA,Italian,Education,None,2024-04-09,2024,NEW,True,MDM,2024-04-09 00:00:00,2026-04-17 15:58:45.979998
e95c5c51-9494-44bc-8095-c78c0bdbab9d,CUST-2024-IT-000178,Lilla,Pacelli,Lilla Pacelli,Female,1969-06-07,lilla.pacelli@gmx.com,01243580013,"Rotonda Baroffio, 284",Bossolasco,Belluno,39042,IT,Italy,EMEA,Italian,Business,Gold,2024-03-31,2024,NEW,True,MDM,2024-03-31 00:00:00,2026-04-17 15:58:45.980178
0536c40e-1fd7-474a-bdfa-66d85ea3c187,CUST-2024-IT-000179,Melissa,Roncalli,Melissa Roncalli,Male,1988-05-05,melissa.roncalli@msn.com,+39 344102731,"Borgo Gianfrancesco, 89",Zoagli,Parma,81031,IT,Italy,EMEA,Italian,Business,Silver,2024-02-27,2024,NEW,True,MDM,2024-02-27 00:00:00,2026-04-17 15:58:45.980355
a72a8f30-aff5-460f-b790-71204189d122,CUST-2024-IT-000180,Roberta,Fanucci,Roberta Fanucci,Male,1972-09-27,roberta.fanucci@msn.com,08259341071,"Borgo Martina, 69",Varano,Verona,46019,IT,Italy,EMEA,Italian,Consumer,Gold,2024-03-30,2024,NEW,True,MDM,2024-03-30 00:00:00,2026-04-17 15:58:45.980529
45d7fe48-131d-4828-8f3b-73b657e7ed76,CUST-2024-IT-000181,Laura,Bruscantini,Laura Bruscantini,Male,1979-10-05,laura.bruscantini@gmx.com,+39 0761599481,"Via Leone, 23 Appartamento 8",Fermignano,Rieti,62038,IT,Italy,EMEA,Italian,Consumer,None,2024-05-17,2024,NEW,True,MDM,2024-05-17 00:00:00,2026-04-17 15:58:45.980710
ac8f4995-a64c-4867-98e4-18356ad173af,CUST-2024-IT-000182,Vincentio,Cavanna,Vincentio Cavanna,Female,1968-04-10,vincentio.cavanna381@live.com,3387763408,"Piazza Manzoni, 814 Piano 4",Bersone,Fermo,24033,IT,Italy,EMEA,Italian,Consumer,Gold,2024-12-29,2024,NEW,True,MDM,2024-12-29 00:00:00,2026-04-17 15:58:45.980899
77df2707-b7b9-4731-b1cb-9d0ab40c0c6f,CUST-2024-IT-000183,Amalia,Gualandi,Amalia Gualandi,Male,1979-10-10,amalia.gualandi219@hotmail.com,3791805071,"Via Pier, 94",Moehlen In Taufer,Biella,31031,IT,Italy,EMEA,Italian,Consumer,None,2024-01-08,2024,NEW,True,MDM,2024-01-08 00:00:00,2026-04-17 15:58:45.981069
a9509cdd-7fdb-4623-a4ef-159ae7e07aa4,CUST-2024-IT-000184,Pierpaolo,Costalonga,Pierpaolo Costalonga,Female,2000-02-24,pierpaolo.costalonga@zoho.com,+39 0159888991,"Incrocio Calcedonio, 951 Piano 8",Ulignano,Cagliari,08044,IT,Italy,EMEA,Italian,Consumer,Silver,2024-01-31,2024,NEW,True,MDM,2024-01-31 00:00:00,2026-04-17 15:58:45.981280
165ab956-52c5-4e8d-b5e9-a74bf7cfd3c2,CUST-2024-IT-000185,Antonia,Balbi,Antonia Balbi,Male,1978-11-15,antonia.balbi568@mail.com,+39 3772550721,"Strada Claudia, 980 Appartamento 8",Gonnosfanadiga,Catania,37133,IT,Italy,EMEA,Italian,Consumer,Gold,2024-06-22,2024,NEW,True,MDM,2024-06-22 00:00:00,2026-04-17 15:58:45.981466
b6262442-9462-4caf-9511-0e0395c509d5,CUST-2024-IT-000186,Stefania,Ubaldi,Stefania Ubaldi,Female,1958-09-27,stefania.ubaldi@outlook.com,3415100516,"Rotonda Capuana, 95",Saliano,Rovigo,90031,IT,Italy,EMEA,Italian,Consumer,None,2024-09-18,2024,NEW,False,MDM,2024-09-18 00:00:00,2026-04-17 15:58:45.981646
98613442-3f7b-47a1-997a-2909bc4b7379,CUST-2024-IT-000187,Cirillo,Morpurgo,Cirillo Morpurgo,Female,1987-03-18,cirillo.morpurgo956@protonmail.com,0345665335,"Incrocio Filippo, 16 Appartamento 92",Olmo,Venezia,00175,IT,Italy,EMEA,Italian,Consumer,Silver,2024-02-20,2024,NEW,True,MDM,2024-02-20 00:00:00,2026-04-17 15:58:45.981841
086c8984-edc3-4401-9670-fc4c08e26783,CUST-2024-IT-000188,Adriana,Paltrinieri,Adriana Paltrinieri,Female,2005-03-14,adriana.paltrinieri@protonmail.com,+39 044578196,"Via Pietro, 50 Piano 5",Cornino,Savona,98158,IT,Italy,EMEA,Italian,Consumer,None,2024-08-26,2024,NEW,True,MDM,2024-08-26 00:00:00,2026-04-17 15:58:45.982023
cb539b96-0018-4afa-80a9-640ccfa96a87,CUST-2024-IT-000189,Alphons,Camiscione,Alphons Camiscione,Male,1985-07-12,alphons.camiscione@outlook.com,+39 0797544715,"Vicolo Maria, 6 Appartamento 7",Foiano Della Chiana,Belluno,98061,IT,Italy,EMEA,Italian,Consumer,Silver,2024-09-02,2024,NEW,True,MDM,2024-09-02 00:00:00,2026-04-17 15:58:45.982208
7ce92557-c923-45ff-94de-3173c99ebb1f,CUST-2024-IT-000190,Adriano,Spinola,Adriano Spinola,Female,1963-02-13,adriano.spinola@gmx.com,0564636349,"Viale Giuliano, 95 Piano 3",Bagnara Calabra,Brindisi,12077,IT,Italy,EMEA,Italian,Consumer,Gold,2024-03-06,2024,NEW,True,MDM,2024-03-06 00:00:00,2026-04-17 15:58:45.982393
036796ca-14e4-41dd-82bd-e19aea0de505,CUST-2024-IT-000191,Eleanora,Doria,Eleanora Doria,Male,2000-06-23,eleanora.doria@gmail.com,+39 01836689774,"Rotonda Iannucci, 5",Graffignana,La Spezia,16012,IT,Italy,EMEA,Italian,Education,Gold,2024-09-10,2024,NEW,True,MDM,2024-09-10 00:00:00,2026-04-17 15:58:45.982571
8335d40f-b7f7-4acb-b8ba-08879d068cbe,CUST-2024-IT-000192,Amleto,Samele,Amleto Samele,Female,1983-05-10,amleto.samele@protonmail.com,+39 0571129809,"Viale Deledda, 434 Piano 3",Vendone,Torino,23826,IT,Italy,EMEA,Italian,Consumer,Platinum,2024-12-31,2024,NEW,True,MDM,2024-12-31 00:00:00,2026-04-17 15:58:45.982754
52e58296-2d6b-4487-b5af-02e1cd7f18ba,CUST-2024-IT-000193,Vittorio,Mennea,Vittorio Mennea,Female,1972-11-21,vittorio.mennea@yahoo.com,+39 3312543960,"Stretto Paolini, 1 Piano 1",Fiumefreddo Bruzio,Macerata,27058,IT,Italy,EMEA,Italian,Business,Gold,2024-07-17,2024,NEW,True,MDM,2024-07-17 00:00:00,2026-04-17 15:58:45.982935
74183110-5951-4009-b1c0-57a76d2f9699,CUST-2024-IT-000194,Pellegrino,Vercelloni,Pellegrino Vercelloni,Male,1984-08-11,pellegrino.vercelloni@live.com,+39 0571108775,"Canale Giosuè, 91",Pianezze Del Lago,Asti,12060,IT,Italy,EMEA,Italian,Consumer,Silver,2024-06-25,2024,NEW,True,MDM,2024-06-25 00:00:00,2026-04-17 15:58:45.983231
14536377-acff-405c-af94-c3d3d354d3b4,CUST-2024-IT-000195,Romina,Ferrante,Romina Ferrante,Male,2007-04-28,romina.ferrante710@protonmail.com,+39 036453863,"Canale Serraglio, 39",Giardini Naxos,Milano,41054,IT,Italy,EMEA,Italian,Consumer,None,2024-06-11,2024,NEW,True,MDM,2024-06-11 00:00:00,2026-04-17 15:58:45.983417
0c0b73e6-6987-4143-acad-fcc7f5c5ca8e,CUST-2024-IT-000196,Pietro,Lucarelli,Pietro Lucarelli,Male,2002-02-15,pietro.lucarelli@outlook.com,3711229332,"Borgo Raffaellino, 51 Appartamento 8",Morrovalle,Napoli,60019,IT,Italy,EMEA,Italian,Consumer,Gold,2024-01-09,2024,NEW,True,MDM,2024-01-09 00:00:00,2026-04-17 15:58:45.983589
0167f22d-4c31-4bb5-b6c0-007da63683cd,CUST-2024-IT-000197,Melina,Finzi,Melina Finzi,Male,1968-09-25,melina.finzi@outlook.com,+39 05493984773,"Canale Pedroni, 394 Appartamento 12",Castellarano,Modena,67037,IT,Italy,EMEA,Italian,Consumer,Silver,2024-05-26,2024,NEW,False,MDM,2024-05-26 00:00:00,2026-04-17 15:58:45.983760
03a307aa-d3c8-4296-bbf9-122ace95f583,CUST-2024-IT-000198,Graziella,Papetti,Graziella Papetti,Female,1986-06-16,graziella.papetti987@protonmail.com,+39 09342555124,"Strada Caboto, 2 Piano 0",Varese,Teramo,02025,IT,Italy,EMEA,Italian,Consumer,Gold,2024-06-27,2024,NEW,True,MDM,2024-06-27 00:00:00,2026-04-17 15:58:45.983934
cb7273df-5c2a-4421-8401-d8d5e84b53dc,CUST-2024-IT-000199,Micheletto,Faggiani,Micheletto Faggiani,Male,1953-05-17,micheletto.faggiani@aol.com,0131809887,"Incrocio Monduzzi, 684",San Giuliano Piacentino,Gorizia,88070,IT,Italy,EMEA,Italian,Consumer,None,2024-05-24,2024,NEW,True,MDM,2024-05-24 00:00:00,2026-04-17 15:58:45.984108
2d4ec2b1-2c98-4b70-baab-757c58fe7ade,CUST-2024-IT-000200,Sophia,Fermi,Sophia Fermi,Female,1997-08-20,sophia.fermi3@gmail.com,07314459180,"Vicolo Dino, 33 Piano 4",Ortisei,Mantova,46100,IT,Italy,EMEA,Italian,Consumer,None,2024-06-01,2024,NEW,True,MDM,2024-06-01 00:00:00,2026-04-17 15:58:45.984286
4f576ef5-5919-47a6-ad91-2df4d820f960,CUST-2024-IT-000201,Ilaria,Pirelli,Ilaria Pirelli,Male,1968-02-24,ilaria.pirelli@mail.com,+39 351953325,"Stretto Gioffre, 897 Piano 1",Sternatia,Aosta,85018,IT,Italy,EMEA,Italian,Consumer,Gold,2024-01-18,2024,NEW,True,MDM,2024-01-18 00:00:00,2026-04-17 15:58:45.984459
57204766-15b0-4398-b852-51e4ec901119,CUST-2024-IT-000202,Antonella,Berlusconi,Antonella Berlusconi,Male,2002-07-04,antonella.berlusconi@gmx.com,+39 3485579710,"Vicolo Bresciani, 964",Giusvalla,Lecce,44027,IT,Italy,EMEA,Italian,Education,Gold,2024-06-26,2024,NEW,True,MDM,2024-06-26 00:00:00,2026-04-17 15:58:45.984627
08ac06f2-cb73-4a69-b5bd-a157198ebdc1,CUST-2024-IT-000203,Rosaria,Filangieri,Rosaria Filangieri,Male,1983-06-12,rosaria.filangieri722@protonmail.com,0364715837,"Incrocio Bernetti, 6",Bugnara,L'Aquila,00058,IT,Italy,EMEA,Italian,Consumer,Platinum,2024-03-03,2024,NEW,True,MDM,2024-03-03 00:00:00,2026-04-17 15:58:45.984796
81f280e0-71a3-4830-9e6a-12ee139b43fc,CUST-2024-IT-000204,Griselda,Porcellato,Griselda Porcellato,Male,1964-03-03,griselda.porcellato@aol.com,+39 353360639,"Borgo Zola, 437 Piano 5",Palermo,Trieste,38094,IT,Italy,EMEA,Italian,Consumer,None,2024-11-03,2024,NEW,True,MDM,2024-11-03 00:00:00,2026-04-17 15:58:45.984974
a126b438-9473-420d-bec8-dbe395025930,CUST-2024-IT-000205,Rosina,Cugia,Rosina Cugia,Male,2006-07-26,rosina.cugia@outlook.com,0962848989,"Stretto Romeo, 6",Salzano,Asti,34137,IT,Italy,EMEA,Italian,Business,None,2024-08-15,2024,NEW,True,MDM,2024-08-15 00:00:00,2026-04-17 15:58:45.985139
1ea98790-24ee-4476-962e-f98b40c5f982,CUST-2024-IT-000206,Stefano,Cherubini,Stefano Cherubini,Male,1950-05-31,stefano.cherubini976@gmx.com,3715202187,"Strada Mariana, 70 Appartamento 3",Unsere Frau i. Schnals,Modena,11022,IT,Italy,EMEA,Italian,Consumer,Silver,2024-10-11,2024,NEW,False,MDM,2024-10-11 00:00:00,2026-04-17 15:58:45.985312
241f533d-e7fa-4613-970b-c6317b0861dd,CUST-2024-IT-000207,Fernanda,Antonello,Fernanda Antonello,Female,1973-05-13,fernanda.antonello@gmail.com,35104896040,"Borgo Rapisardi, 68 Appartamento 45",La Fiorana,Olbia-Tempio,00038,IT,Italy,EMEA,Italian,Consumer,Gold,2024-04-21,2024,NEW,True,MDM,2024-04-21 00:00:00,2026-04-17 15:58:45.985485
929adacc-d091-4ae4-9d75-27ae91deaca5,CUST-2024-IT-000208,Alfredo,Maderno,Alfredo Maderno,Male,1974-03-28,alfredo.maderno@zoho.com,0783546795,"Rotonda Monica, 53 Appartamento 85",Giulianova,Pavia,21035,IT,Italy,EMEA,Italian,Consumer,None,2024-10-30,2024,NEW,True,MDM,2024-10-30 00:00:00,2026-04-17 15:58:45.985663
d5720f80-2807-4563-b4f6-4b4197952bfa,CUST-2024-IT-000209,Bernardo,Lombardo,Bernardo Lombardo,Male,1988-10-16,bernardo.lombardo@hotmail.com,3435995102,"Incrocio Belletini, 5 Piano 1",Cima Paganella,Torino,23010,IT,Italy,EMEA,Italian,Consumer,Platinum,2024-08-19,2024,NEW,True,MDM,2024-08-19 00:00:00,2026-04-17 15:58:45.985834
b862d41c-c7a1-4e6a-ba30-f414c7c69ada,CUST-2024-IT-000210,Giuseppe,Berlusconi,Giuseppe Berlusconi,Male,1996-10-22,giuseppe.berlusconi@aol.com,0514415672,"Incrocio Pellegrino, 1 Appartamento 6",Lubrichi,Isernia,43058,IT,Italy,EMEA,Italian,Education,Gold,2024-12-28,2024,NEW,False,MDM,2024-12-28 00:00:00,2026-04-17 15:58:45.986008
c6da07ee-43d3-4fd9-aa54-6132b25faec9,CUST-2024-IT-000211,Tiziano,Marrone,Tiziano Marrone,Male,1986-07-04,tiziano.marrone@aol.com,3558171641,"Contrada Serafina, 10 Piano 2",Castiglione D'Intelvi,Salerno,52018,IT,Italy,EMEA,Italian,Consumer,Silver,2024-10-13,2024,NEW,True,MDM,2024-10-13 00:00:00,2026-04-17 15:58:45.986182
1337ffa4-37e5-4e9c-a602-b936c0010200,CUST-2024-IT-000212,Serafina,Marinetti,Serafina Marinetti,Female,2008-02-21,serafina.marinetti@protonmail.com,07091232883,"Strada Giuseppina, 31 Appartamento 96",Prata Sannita,Treviso,13040,IT,Italy,EMEA,Italian,Consumer,None,2024-02-24,2024,NEW,True,MDM,2024-02-24 00:00:00,2026-04-17 15:58:45.986363
90137559-7ad8-4da9-98bc-d6ab8325867c,CUST-2024-IT-000213,Temistocle,Mascagni,Temistocle Mascagni,Male,1985-07-26,temistocle.mascagni@gmx.com,+39 390274691,"Via Iannucci, 921",Vitriola,Padova,52032,IT,Italy,EMEA,Italian,Consumer,None,2024-09-16,2024,NEW,True,MDM,2024-09-16 00:00:00,2026-04-17 15:58:45.986529
b4baded2-66b4-4030-a68c-63c6d2441e4d,CUST-2024-IT-000214,Guglielmo,Monaco,Guglielmo Monaco,Male,2005-06-21,guglielmo.monaco@live.com,3935731768,"Contrada Laura, 89 Piano 6",Cedegolo,Parma,16122,IT,Italy,EMEA,Italian,Consumer,None,2024-03-21,2024,NEW,True,MDM,2024-03-21 00:00:00,2026-04-17 15:58:45.986705
a18eca7a-512d-4fb7-9f4e-824f1b7fbb16,CUST-2024-IT-000215,Dionigi,Tolentino,Dionigi Tolentino,Male,1953-03-04,dionigi.tolentino@aol.com,37152863554,"Vicolo Graziella, 84",La Secca,Treviso,64044,IT,Italy,EMEA,Italian,Education,Silver,2024-09-23,2024,NEW,True,MDM,2024-09-23 00:00:00,2026-04-17 15:58:45.986990
31256032-d182-4473-890a-63064a8dcdaa,CUST-2024-IT-000216,Emma,Endrizzi,Emma Endrizzi,Male,2003-06-10,emma.endrizzi@protonmail.com,0445345391,"Rotonda Lussu, 31 Appartamento 49",Pastine Di Pontecorvo,Verbano-Cusio-Ossola,28045,IT,Italy,EMEA,Italian,Education,Platinum,2024-03-11,2024,NEW,True,MDM,2024-03-11 00:00:00,2026-04-17 15:58:45.987222
409eccfe-753c-4136-a1c3-da0c75101589,CUST-2024-IT-000217,Simone,Liguori,Simone Liguori,Female,1962-04-28,simone.liguori@gmx.com,+39 379207652,"Borgo Fornaciari, 219",Galgagnano,Trieste,61022,IT,Italy,EMEA,Italian,Consumer,None,2024-09-14,2024,NEW,True,MDM,2024-09-14 00:00:00,2026-04-17 15:58:45.987421
5071bc97-147a-481b-9847-79b1ce2ddbb1,CUST-2024-IT-000218,Gemma,Borromeo,Gemma Borromeo,Female,2002-03-04,gemma.borromeo@gmx.com,+39 35168871057,"Vicolo Camilla, 4 Piano 1",Castel San Pietro Monferrato,La Spezia,23862,IT,Italy,EMEA,Italian,Consumer,Silver,2024-07-18,2024,NEW,False,MDM,2024-07-18 00:00:00,2026-04-17 15:58:45.987621
5eabffbb-a7be-4f22-9616-4dcd52352a70,CUST-2024-IT-000219,Romolo,Monte,Romolo Monte,Male,1967-12-13,romolo.monte72@live.com,078369633,"Strada Battelli, 79",Valle Lomellina,Milano,40021,IT,Italy,EMEA,Italian,Consumer,None,2024-12-23,2024,NEW,True,MDM,2024-12-23 00:00:00,2026-04-17 15:58:45.987814
2d44e61b-b2c1-4280-bbf4-1ddf585031eb,CUST-2024-IT-000220,Lando,Caetani,Lando Caetani,Male,1960-07-16,lando.caetani449@mail.com,+39 324208275,"Piazza Arnulfo, 56 Piano 9",Gabbio Con Monte Ossolano,Cagliari,00128,IT,Italy,EMEA,Italian,Education,Platinum,2024-03-18,2024,NEW,True,MDM,2024-03-18 00:00:00,2026-04-17 15:58:45.988007
e0a5d83f-6df3-425f-8299-98a250360ac1,CUST-2024-IT-000221,Guglielmo,Nicoletti,Guglielmo Nicoletti,Female,1977-10-18,guglielmo.nicoletti@gmx.com,0345636028,"Contrada Guarino, 154",Lunetta,Bergamo,65126,IT,Italy,EMEA,Italian,Consumer,None,2024-08-26,2024,NEW,True,MDM,2024-08-26 00:00:00,2026-04-17 15:58:45.988200
38a0b455-b815-4292-b182-75789a62f7c4,CUST-2024-IT-000222,Nico,Spinola,Nico Spinola,Female,1997-04-10,nico.spinola@icloud.com,3239375536,"Piazza Gionata, 86 Piano 8",Rotella,Macerata,11017,IT,Italy,EMEA,Italian,Consumer,Silver,2024-11-28,2024,NEW,True,MDM,2024-11-28 00:00:00,2026-04-17 15:58:45.988398
463a1386-6097-467c-b59a-7145b0e20645,CUST-2024-IT-000223,Fabrizia,Draghi,Fabrizia Draghi,Male,1964-06-09,fabrizia.draghi216@icloud.com,0773242018,"Contrada Scialpi, 7 Piano 8",Bortigali,Verona,14044,IT,Italy,EMEA,Italian,Consumer,Gold,2024-12-04,2024,NEW,True,MDM,2024-12-04 00:00:00,2026-04-17 15:58:45.988594
f4a5b2d6-2ba3-4897-a082-fda14db34e02,CUST-2024-IT-000224,Fausto,Mennea,Fausto Mennea,Female,1986-05-08,fausto.mennea@protonmail.com,3662321385,"Piazza Nicola, 57",Massenzatico,Perugia,43042,IT,Italy,EMEA,Italian,Consumer,None,2024-07-19,2024,NEW,True,MDM,2024-07-19 00:00:00,2026-04-17 15:58:45.988786
069bba2d-85e8-4ad7-938b-57f8f6334e62,CUST-2024-IT-000225,Sante,Pasqua,Sante Pasqua,Female,1987-08-16,sante.pasqua@outlook.com,+39 0544928687,"Via Erika, 2",Masiano,Enna,34015,IT,Italy,EMEA,Italian,Consumer,None,2024-05-19,2024,NEW,True,MDM,2024-05-19 00:00:00,2026-04-17 15:58:45.988974
7dac633a-fbdd-4f16-b7d2-a609567e8820,CUST-2024-IT-000226,Massimo,Caironi,Massimo Caironi,Female,1964-03-05,massimo.caironi@outlook.com,07835803704,"Piazza Antonello, 64 Piano 1",Ronchis,L'Aquila,44043,IT,Italy,EMEA,Italian,Consumer,Silver,2024-10-14,2024,NEW,True,MDM,2024-10-14 00:00:00,2026-04-17 15:58:45.989169
90dd81e7-69cc-4646-8b03-65c08f5275e8,CUST-2024-IT-000227,Giada,Giannelli,Giada Giannelli,Male,2008-01-17,giada.giannelli@icloud.com,397771636,"Strada Crisafulli, 11 Appartamento 1",Rocca D'Arsie',Cosenza,15026,IT,Italy,EMEA,Italian,Consumer,Platinum,2024-12-02,2024,NEW,True,MDM,2024-12-02 00:00:00,2026-04-17 15:58:45.989365
88bedd0c-98aa-46d1-a362-37e10ed775ec,CUST-2024-IT-000228,Greco,Pepe,Greco Pepe,Male,1960-01-18,greco.pepe718@live.com,0324534059,"Contrada Montalcini, 744 Piano 7",Collemeto,Oristano,25018,IT,Italy,EMEA,Italian,Consumer,Silver,2024-03-30,2024,NEW,True,MDM,2024-03-30 00:00:00,2026-04-17 15:58:45.989609
e64ada75-964c-45e0-adbf-4eeda080cece,CUST-2024-IT-000229,Ornella,Giacconi,Ornella Giacconi,Female,1994-05-21,ornella.giacconi@hotmail.com,+39 09629744011,"Vicolo Benigni, 598",Serino,Udine,90135,IT,Italy,EMEA,Italian,Consumer,Silver,2024-08-02,2024,NEW,True,MDM,2024-08-02 00:00:00,2026-04-17 15:58:45.989804
c3ff6066-2f16-4756-89ab-857c017ae9c9,CUST-2024-IT-000230,Tatiana,Druso,Tatiana Druso,Female,1957-07-29,tatiana.druso@yahoo.com,042624956,"Borgo Pasquale, 91",Sala Baganza,Firenze,63081,IT,Italy,EMEA,Italian,Consumer,None,2024-07-18,2024,NEW,True,MDM,2024-07-18 00:00:00,2026-04-17 15:58:45.989985
31ae6de0-ff0e-47f8-98a0-c86392c82236,CUST-2024-IT-000231,Annunziata,Pedersoli,Annunziata Pedersoli,Male,1970-07-12,annunziata.pedersoli@msn.com,+39 3817531869,"Viale Leonardo, 46",San Matteo Della Decima,Messina,90018,IT,Italy,EMEA,Italian,Education,Silver,2024-04-12,2024,NEW,True,MDM,2024-04-12 00:00:00,2026-04-17 15:58:45.990159
912767e4-9be5-42d0-922a-ae885ba51357,CUST-2024-IT-000232,Claudia,Nolcini,Claudia Nolcini,Female,1984-08-19,claudia.nolcini@outlook.com,+39 341815116,"Piazza Rita, 187 Piano 2",Tardiano,Milano,26031,IT,Italy,EMEA,Italian,Consumer,None,2024-01-31,2024,NEW,True,MDM,2024-01-31 00:00:00,2026-04-17 15:58:45.990333
cdf679f5-6de7-472f-bd33-267a29afbef9,CUST-2024-IT-000233,Arsenio,Borsellino,Arsenio Borsellino,Female,1974-09-30,arsenio.borsellino87@gmail.com,+39 3206567098,"Strada Marini, 693",Limestre,Alessandria,70123,IT,Italy,EMEA,Italian,Business,Silver,2024-06-24,2024,NEW,True,MDM,2024-06-24 00:00:00,2026-04-17 15:58:45.990517
1877efec-132d-4029-bc8b-7b9efeee5bf4,CUST-2024-IT-000234,Piero,Antonetti,Piero Antonetti,Female,1978-02-13,piero.antonetti@mail.com,+39 0344865356,"Contrada Guido, 418 Piano 0",Thiene,Pisa,23034,IT,Italy,EMEA,Italian,Education,Platinum,2024-02-22,2024,NEW,True,MDM,2024-02-22 00:00:00,2026-04-17 15:58:45.990687
9babca57-86cc-493a-ad45-5782c02a8452,CUST-2024-IT-000235,Angelo,Bembo,Angelo Bembo,Female,1980-06-27,angelo.bembo907@outlook.com,081430359,"Viale Crisafulli, 67 Piano 7",Pachino,Carbonia-Iglesias,20851,IT,Italy,EMEA,Italian,Consumer,Silver,2024-09-20,2024,NEW,True,MDM,2024-09-20 00:00:00,2026-04-17 15:58:45.990868
b46b2b61-ac95-4b6c-8a03-637dc976d454,CUST-2024-IT-000236,Leone,Abbagnale,Leone Abbagnale,Male,1986-09-26,leone.abbagnale@live.com,+39 032243396,"Strada Bompiani, 2",Montopoli Di Sabina,Monza e della Brianza,02026,IT,Italy,EMEA,Italian,Consumer,None,2024-06-05,2024,NEW,True,MDM,2024-06-05 00:00:00,2026-04-17 15:58:45.991041
b64f199b-005a-4f1e-98b6-b31c073f19be,CUST-2024-IT-000237,Carla,Cortese,Carla Cortese,Female,1964-08-11,carla.cortese@gmx.com,+39 034595085,"Piazza Endrizzi, 4",Vada,Ravenna,10145,IT,Italy,EMEA,Italian,Business,None,2024-10-11,2024,NEW,True,MDM,2024-10-11 00:00:00,2026-04-17 15:58:45.991212
a4665367-6191-4684-8a6c-7b0b8256ccdd,CUST-2024-IT-000238,Vincentio,Basso,Vincentio Basso,Female,1950-05-17,vincentio.basso@gmail.com,0341326467,"Viale Fabrizia, 679",Poggio Aquilone,Massa-Carrara,25037,IT,Italy,EMEA,Italian,Business,Gold,2024-01-20,2024,NEW,True,MDM,2024-01-20 00:00:00,2026-04-17 15:58:45.991383
21f17477-482a-4c22-a83c-8816949d1672,CUST-2024-IT-000239,Nina,Bellocchio,Nina Bellocchio,Male,1993-07-29,nina.bellocchio446@gmail.com,38512711302,"Contrada Raimondo, 18",Vandoies Di Sotto,Verona,28028,IT,Italy,EMEA,Italian,Consumer,None,2024-01-26,2024,NEW,True,MDM,2024-01-26 00:00:00,2026-04-17 15:58:45.991553
ca9a9057-45de-45c0-afbd-29159d11b28e,CUST-2024-IT-000240,Tatiana,Scarlatti,Tatiana Scarlatti,Female,1951-12-14,tatiana.scarlatti@outlook.com,0432093687,"Contrada Girolamo, 34 Appartamento 2",Sommatino,Varese,41023,IT,Italy,EMEA,Italian,Consumer,None,2024-02-22,2024,NEW,True,MDM,2024-02-22 00:00:00,2026-04-17 15:58:45.991728
8210f40d-c640-4e23-a6d5-4743353db1be,CUST-2024-IT-000241,Gilberto,Adinolfi,Gilberto Adinolfi,Male,1979-09-07,gilberto.adinolfi@msn.com,+39 0984161050,"Viale Serafina, 347 Piano 9",Diso,Ogliastra,59016,IT,Italy,EMEA,Italian,Consumer,None,2024-03-07,2024,NEW,True,MDM,2024-03-07 00:00:00,2026-04-17 15:58:45.991907
2d184c09-63e2-4009-bd96-4db4c2abe965,CUST-2024-IT-000242,Nino,Cilibrasi,Nino Cilibrasi,Male,2008-03-28,nino.cilibrasi713@mail.com,036411871,"Stretto Miniati, 61",Montanaro,Isernia,20024,IT,Italy,EMEA,Italian,Consumer,None,2024-11-18,2024,NEW,True,MDM,2024-11-18 00:00:00,2026-04-17 15:58:45.992076
3a7c6e99-04fd-4337-9f03-9833c35745fd,CUST-2024-IT-000243,Sophia,Comencini,Sophia Comencini,Male,1986-12-29,sophia.comencini@live.com,+39 034325011,"Contrada Alessia, 22 Appartamento 6",Abbatesse,Caserta,20816,IT,Italy,EMEA,Italian,Business,None,2024-03-21,2024,NEW,True,MDM,2024-03-21 00:00:00,2026-04-17 15:58:45.992246
947b179b-b688-49d1-b200-6f9becd26b91,CUST-2024-IT-000244,Ilaria,Gregori,Ilaria Gregori,Female,1964-12-31,ilaria.gregori69@mail.com,3703677870,"Borgo Angiolello, 659",Contrada Val D'Ega,Lecco,24050,IT,Italy,EMEA,Italian,Consumer,Silver,2024-10-31,2024,NEW,True,MDM,2024-10-31 00:00:00,2026-04-17 15:58:45.992421
a184c148-b2b0-43d2-a4cb-b7f824697f9c,CUST-2024-IT-000245,Antonello,Sagese,Antonello Sagese,Female,2005-08-25,antonello.sagese@mail.com,+39 03426406016,"Viale Giorgia, 3",Arre,Pesaro e Urbino,59015,IT,Italy,EMEA,Italian,Education,Gold,2024-05-27,2024,NEW,True,MDM,2024-05-27 00:00:00,2026-04-17 15:58:45.992590
3814bc26-ec47-4469-a7db-b75247bbcf5e,CUST-2024-IT-000246,Corrado,Pignatti,Corrado Pignatti,Female,1969-09-15,corrado.pignatti@msn.com,0974179401,"Strada Nitti, 35 Appartamento 3",San Cassiano Di Controni,Isernia,89852,IT,Italy,EMEA,Italian,Consumer,None,2024-12-23,2024,NEW,True,MDM,2024-12-23 00:00:00,2026-04-17 15:58:45.992763
d6865dff-0179-4e80-b3c5-4fc6f5e1eeca,CUST-2024-IT-000247,Antonino,Baggio,Antonino Baggio,Female,1981-07-05,antonino.baggio@msn.com,+39 05472092031,"Contrada Federico, 1",Camogli,La Spezia,15058,IT,Italy,EMEA,Italian,Consumer,None,2024-08-02,2024,NEW,True,MDM,2024-08-02 00:00:00,2026-04-17 15:58:45.992932
435c3b0e-b96f-4371-b2e2-2b9b299c1e6a,CUST-2024-IT-000248,Lisa,Bassi,Lisa Bassi,Male,1966-04-27,lisa.bassi@protonmail.com,+39 3633557937,"Piazza Leopardi, 56",Bussero,Frosinone,00028,IT,Italy,EMEA,Italian,Consumer,None,2024-06-02,2024,NEW,True,MDM,2024-06-02 00:00:00,2026-04-17 15:58:45.993104
055b6ec7-4ff6-410b-9ee0-fc6c2c41001b,CUST-2024-IT-000249,Coluccio,Altera,Coluccio Altera,Female,1983-03-21,coluccio.altera733@msn.com,+39 0184147323,"Strada Alina, 10",Sicignano Degli Alburni Stazione,Asti,09077,IT,Italy,EMEA,Italian,Consumer,None,2024-01-31,2024,NEW,True,MDM,2024-01-31 00:00:00,2026-04-17 15:58:45.993274
33d7cf00-be39-43a7-bbc6-473d27ee20fd,CUST-2024-IT-000250,Atenulf,Mascheroni,Atenulf Mascheroni,Female,2007-07-15,atenulf.mascheroni@zoho.com,353476501,"Contrada Tomasini, 69",Rebbio,Massa-Carrara,62010,IT,Italy,EMEA,Italian,Consumer,None,2024-12-10,2024,NEW,True,MDM,2024-12-10 00:00:00,2026-04-17 15:58:45.993442
9b8d49cd-8084-4222-8ce5-3a3b8ec21376,CUST-2024-IT-000251,Stefani,Galvani,Stefani Galvani,Female,1975-04-03,stefani.galvani92@gmail.com,+39 3421620183,"Vicolo Marcello, 35",Capodacqua,Perugia,48012,IT,Italy,EMEA,Italian,Consumer,Silver,2024-03-02,2024,NEW,True,MDM,2024-03-02 00:00:00,2026-04-17 15:58:45.993608
adcf263c-fde2-4623-b425-5a7e24834375,CUST-2024-IT-000252,Pierluigi,Bergoglio,Pierluigi Bergoglio,Male,2003-04-05,pierluigi.bergoglio935@mail.com,+39 0422679142,"Stretto Balla, 56 Piano 8",Parrano,Sassari,28041,IT,Italy,EMEA,Italian,Business,None,2024-12-05,2024,NEW,False,MDM,2024-12-05 00:00:00,2026-04-17 15:58:45.993783
42e4674a-d1cc-41a0-8b97-f496263263b1,CUST-2024-IT-000253,Mattia,Mortati,Mattia Mortati,Female,1999-05-30,mattia.mortati133@gmx.com,036426002,"Via Zola, 533",Monticello Di Fara,Campobasso,11029,IT,Italy,EMEA,Italian,Consumer,Gold,2024-06-11,2024,NEW,True,MDM,2024-06-11 00:00:00,2026-04-17 15:58:45.993954
532e75ad-080b-43a0-8ab7-c14a379ca846,CUST-2024-IT-000254,Laura,Aloisio,Laura Aloisio,Female,1991-10-09,laura.aloisio829@protonmail.com,08655203595,"Incrocio Gastone, 28",Maser,Verbano-Cusio-Ossola,90134,IT,Italy,EMEA,Italian,Consumer,Gold,2024-10-31,2024,NEW,True,MDM,2024-10-31 00:00:00,2026-04-17 15:58:45.994121
1f26a08f-9fc9-496d-91a0-8df48abf91c4,CUST-2024-IT-000255,Jolanda,Detti,Jolanda Detti,Female,1993-02-01,jolanda.detti279@gmx.com,39114354134,"Vicolo Cagnin, 289 Piano 3",San Giacomo In Valle Aurina,Trieste,21036,IT,Italy,EMEA,Italian,Consumer,Platinum,2024-10-18,2024,NEW,True,MDM,2024-10-18 00:00:00,2026-04-17 15:58:45.994293
37af7ee5-022e-4fed-adc0-7a4efe96ff4d,CUST-2024-IT-000256,Ansaldo,Barzini,Ansaldo Barzini,Female,1971-06-24,ansaldo.barzini32@icloud.com,093302572,"Contrada Tognazzi, 42 Piano 8",Stegen,Torino,13884,IT,Italy,EMEA,Italian,Consumer,None,2024-06-20,2024,NEW,True,MDM,2024-06-20 00:00:00,2026-04-17 15:58:45.994463
fd1e9bc0-f8d2-40eb-bd4b-61fa672de7db,CUST-2024-IT-000257,Piermaria,Grimani,Piermaria Grimani,Female,1996-10-24,piermaria.grimani@gmx.com,01419200415,"Canale Ricciardi, 53 Appartamento 33",Vernetto,Monza e della Brianza,30031,IT,Italy,EMEA,Italian,Consumer,Gold,2024-03-26,2024,NEW,True,MDM,2024-03-26 00:00:00,2026-04-17 15:58:45.994637
4a4f9982-6854-4808-9faf-992ec3cde6b0,CUST-2024-IT-000258,Natalia,Satta,Natalia Satta,Male,1996-01-26,natalia.satta@icloud.com,+39 35135039505,"Incrocio Finotto, 48 Piano 6",Fara Olivana Con Sola,Crotone,87047,IT,Italy,EMEA,Italian,Consumer,Silver,2024-10-08,2024,NEW,True,MDM,2024-10-08 00:00:00,2026-04-17 15:58:45.994805
dd2ce0ce-826d-4dba-b77e-06507b66dc6c,CUST-2024-IT-000259,Allegra,Puglisi,Allegra Puglisi,Male,1971-02-15,allegra.puglisi@gmail.com,+39 0931568317,"Contrada Rocco, 717",Bosconero,Perugia,43045,IT,Italy,EMEA,Italian,Consumer,Gold,2024-09-03,2024,NEW,True,MDM,2024-09-03 00:00:00,2026-04-17 15:58:45.994971
72bb0ca2-86ad-472a-a881-e4875b103ee9,CUST-2024-IT-000260,Costanzo,Gonzaga,Costanzo Gonzaga,Female,1979-08-14,costanzo.gonzaga@outlook.com,+39 3513544414,"Rotonda Capone, 172 Piano 2",Torrecuso,Macerata,59016,IT,Italy,EMEA,Italian,Consumer,None,2024-07-17,2024,NEW,True,MDM,2024-07-17 00:00:00,2026-04-17 15:58:45.995144
e07180f6-9d00-497c-b671-2f20ef37c739,CUST-2024-IT-000261,Greca,Tamborini,Greca Tamborini,Male,1994-12-18,greca.tamborini827@yahoo.com,+39 029739808,"Vicolo Stefano, 5 Appartamento 21",St. Michael/Kastelr.,Siracusa,13885,IT,Italy,EMEA,Italian,Consumer,None,2024-01-17,2024,NEW,True,MDM,2024-01-17 00:00:00,2026-04-17 15:58:45.995326
e2e8bdbb-f439-4ae3-8902-532c10003e68,CUST-2024-IT-000262,Fiorino,Ceschi,Fiorino Ceschi,Male,1958-12-12,fiorino.ceschi365@icloud.com,+39 0423604617,"Vicolo Iolanda, 9 Piano 9",Piandisetta,Ascoli Piceno,89831,IT,Italy,EMEA,Italian,Consumer,None,2024-09-12,2024,NEW,False,MDM,2024-09-12 00:00:00,2026-04-17 15:58:45.995498
d4731e46-8ef7-4d34-b7e0-f9112db48e1d,CUST-2024-IT-000263,Goffredo,Fo,Goffredo Fo,Female,1976-08-12,goffredo.fo@protonmail.com,+39 360051625,"Viale Carocci, 6 Appartamento 85",Vistarino,Padova,20900,IT,Italy,EMEA,Italian,Consumer,None,2024-08-19,2024,NEW,True,MDM,2024-08-19 00:00:00,2026-04-17 15:58:45.995669
99854ff1-bcc4-4389-87a2-1b8b28ab0719,CUST-2024-IT-000264,Eugenia,Raurica,Eugenia Raurica,Female,2005-04-05,eugenia.raurica360@live.com,+39 08825210663,"Via Ciampi, 462",Stra',Como,57027,IT,Italy,EMEA,Italian,Business,None,2024-11-12,2024,NEW,False,MDM,2024-11-12 00:00:00,2026-04-17 15:58:45.995835
98861ad2-13bc-434c-81bb-45312c539a19,CUST-2024-IT-000265,Giuseppe,Majewski,Giuseppe Majewski,Male,2003-12-05,giuseppe.majewski@hotmail.com,+39 05572906346,"Incrocio Bruno, 40",Valtesse,Macerata,06121,IT,Italy,EMEA,Italian,Consumer,Silver,2024-06-16,2024,NEW,True,MDM,2024-06-16 00:00:00,2026-04-17 15:58:45.996002
81dee07f-2944-47e4-980f-21d478001253,CUST-2024-IT-000266,Romina,Carriera,Romina Carriera,Male,1956-03-29,romina.carriera@protonmail.com,+39 36129967732,"Rotonda Zacchia, 61",Metaponto,Bolzano,26030,IT,Italy,EMEA,Italian,Consumer,Gold,2024-07-18,2024,NEW,True,MDM,2024-07-18 00:00:00,2026-04-17 15:58:45.996167
e2c7f5e5-9757-4574-9139-c166cad68a0c,CUST-2024-IT-000267,Ippazio,Cipolla,Ippazio Cipolla,Male,1986-01-13,ippazio.cipolla185@yahoo.com,3366645558,"Vicolo Gabriele, 390 Appartamento 3",San Paolo Di Noto,Messina,02035,IT,Italy,EMEA,Italian,Consumer,Gold,2024-05-29,2024,NEW,True,MDM,2024-05-29 00:00:00,2026-04-17 15:58:45.996337
f129d3ea-cb29-4d6a-8a08-e5a828e6ac59,CUST-2024-IT-000268,Nicola,Monti,Nicola Monti,Female,1978-09-20,nicola.monti@aol.com,+39 0701683137,"Stretto Erika, 0",Mareit,Ancona,00166,IT,Italy,EMEA,Italian,Business,Silver,2024-04-07,2024,NEW,True,MDM,2024-04-07 00:00:00,2026-04-17 15:58:45.996501
34362b22-8778-4118-9c89-288cf0d8a367,CUST-2024-IT-000269,Nicoletta,Munari,Nicoletta Munari,Female,1984-12-25,nicoletta.munari531@protonmail.com,082579353,"Rotonda Medici, 378",Amblar,Rimini,00050,IT,Italy,EMEA,Italian,Business,Platinum,2024-04-23,2024,NEW,True,MDM,2024-04-23 00:00:00,2026-04-17 15:58:45.996665
d96483d7-81e0-4e30-9264-3f1b004e1a79,CUST-2024-IT-000270,Donatello,Pace,Donatello Pace,Female,1979-06-12,donatello.pace@aol.com,+39 0942446198,"Canale Pierpaolo, 86",Paulilatino,Teramo,80067,IT,Italy,EMEA,Italian,Consumer,None,2024-03-06,2024,NEW,True,MDM,2024-03-06 00:00:00,2026-04-17 15:58:45.996912
8649ab7f-2b89-4f73-ba9e-441566f00279,CUST-2024-IT-000271,Leonardo,Doglioni,Leonardo Doglioni,Female,1950-05-07,leonardo.doglioni@yahoo.com,+39 3777293197,"Stretto Niccolò, 22 Piano 5",Pietra Ligure,Caltanissetta,63062,IT,Italy,EMEA,Italian,Consumer,Gold,2024-03-20,2024,NEW,True,MDM,2024-03-20 00:00:00,2026-04-17 15:58:45.997118
eb05b26d-b68c-465a-8f9a-5d1da2d1a89b,CUST-2024-IT-000272,Silvestro,Tencalla,Silvestro Tencalla,Female,1957-10-15,silvestro.tencalla@live.com,+39 0890624442,"Via Lamberto, 37",Gaiba,Monza e della Brianza,19031,IT,Italy,EMEA,Italian,Consumer,None,2024-06-05,2024,NEW,True,MDM,2024-06-05 00:00:00,2026-04-17 15:58:45.997305
bf7ddd96-5973-4e6f-b040-66091396fad0,CUST-2024-IT-000273,Eugenia,Tutino,Eugenia Tutino,Male,1951-10-04,eugenia.tutino244@icloud.com,+39 0784844830,"Stretto Verga, 88 Appartamento 18",Santa Marina Salina,Brescia,88064,IT,Italy,EMEA,Italian,Consumer,Silver,2024-10-13,2024,NEW,True,MDM,2024-10-13 00:00:00,2026-04-17 15:58:45.997497
da4753fc-bfd6-4ced-a98e-6fa647f21ea2,CUST-2024-IT-000274,Letizia,Soffici,Letizia Soffici,Male,2003-11-02,letizia.soffici@gmail.com,0783071088,"Canale Flora, 164",Novate Mezzola,Treviso,70016,IT,Italy,EMEA,Italian,Consumer,None,2024-09-15,2024,NEW,True,MDM,2024-09-15 00:00:00,2026-04-17 15:58:45.997682
76ebdda5-0157-4f1b-ab11-9f2ec838b48a,CUST-2024-IT-000275,Michele,Bertoli,Michele Bertoli,Male,1996-03-27,michele.bertoli@gmx.com,+39 3421876639,"Piazza Terragni, 18 Appartamento 48",Gramolazzo,Piacenza,90145,IT,Italy,EMEA,Italian,Business,None,2024-07-23,2024,NEW,True,MDM,2024-07-23 00:00:00,2026-04-17 15:58:45.997925
dcea9efb-d754-4bee-978b-e85fe1a788bf,CUST-2024-IT-000276,Napoleone,Gelli,Napoleone Gelli,Male,1973-12-04,napoleone.gelli@live.com,+39 0321612719,"Strada Raimondo, 99",Torriana,Massa-Carrara,37015,IT,Italy,EMEA,Italian,Consumer,Silver,2024-12-23,2024,NEW,True,MDM,2024-12-23 00:00:00,2026-04-17 15:58:45.998106
2358eda6-204a-493d-91fa-75608de820e4,CUST-2024-IT-000277,Milena,Marzorati,Milena Marzorati,Female,1983-04-16,milena.marzorati@protonmail.com,0184159673,"Vicolo Frescobaldi, 82 Piano 8",Sannicola,Catanzaro,70122,IT,Italy,EMEA,Italian,Consumer,Platinum,2024-04-14,2024,NEW,True,MDM,2024-04-14 00:00:00,2026-04-17 15:58:45.998286
605059f8-7af2-4079-8fcb-21bfc9e8218c,CUST-2024-IT-000278,Amleto,Mercadante,Amleto Mercadante,Female,1972-09-25,amleto.mercadante@hotmail.com,052236991,"Vicolo Biagio, 99 Piano 0",Racale,Catanzaro,60035,IT,Italy,EMEA,Italian,Consumer,Gold,2024-08-18,2024,NEW,True,MDM,2024-08-18 00:00:00,2026-04-17 15:58:45.998468
59ec320b-f807-4f92-aaeb-b716b8c61c79,CUST-2024-IT-000279,Giampaolo,Giammusso,Giampaolo Giammusso,Male,1975-10-08,giampaolo.giammusso@gmail.com,+39 39122235218,"Borgo Travia, 81",Vische,Piacenza,12024,IT,Italy,EMEA,Italian,Consumer,Silver,2024-01-07,2024,NEW,True,MDM,2024-01-07 00:00:00,2026-04-17 15:58:45.998639
4feb6cd2-00ee-4a8f-933b-024e2ffa8fa5,CUST-2024-IT-000280,Laureano,Franceschi,Laureano Franceschi,Female,1985-11-27,laureano.franceschi@gmail.com,087420482,"Canale Alighieri, 57",Rezzonico,Taranto,15024,IT,Italy,EMEA,Italian,Consumer,Silver,2024-03-22,2024,NEW,True,MDM,2024-03-22 00:00:00,2026-04-17 15:58:45.998813
db14d9f6-e1c6-4c10-abdb-7667b5826fb8,CUST-2024-IT-000281,Armando,Papafava,Armando Papafava,Male,1985-09-23,armando.papafava@aol.com,+39 04572374887,"Vicolo Melina, 9",Fombio,Gorizia,20062,IT,Italy,EMEA,Italian,Consumer,None,2024-07-12,2024,NEW,True,MDM,2024-07-12 00:00:00,2026-04-17 15:58:45.998980
36000f6a-fceb-42c2-a795-8a738d0a2f48,CUST-2024-IT-000282,Francesca,Juvara,Francesca Juvara,Female,1972-10-07,francesca.juvara941@outlook.com,3500151372,"Via Anguissola, 29",Cimetta,Verona,01018,IT,Italy,EMEA,Italian,Consumer,None,2024-10-05,2024,NEW,True,MDM,2024-10-05 00:00:00,2026-04-17 15:58:45.999157
25621360-7b08-466b-81c6-4f0515cf08f5,CUST-2024-IT-000283,Margherita,Costanzi,Margherita Costanzi,Male,1961-11-24,margherita.costanzi@yahoo.com,+39 3920408445,"Via Tozzo, 534",Silanus,Cagliari,58100,IT,Italy,EMEA,Italian,Consumer,None,2024-02-26,2024,NEW,True,MDM,2024-02-26 00:00:00,2026-04-17 15:58:45.999327
68e259ae-bc4e-4b78-8b4e-8775baec0341,CUST-2024-IT-000284,Flavia,Comolli,Flavia Comolli,Male,1976-07-19,flavia.comolli815@aol.com,3517337413,"Contrada Gabbana, 311",Grottaccia,Rimini,17048,IT,Italy,EMEA,Italian,Consumer,None,2024-09-07,2024,NEW,True,MDM,2024-09-07 00:00:00,2026-04-17 15:58:45.999497
65badf5e-163d-4514-ab50-ef1e83beb067,CUST-2024-IT-000285,Bartolomeo,Zetticci,Bartolomeo Zetticci,Male,2000-12-18,bartolomeo.zetticci871@icloud.com,0171134234,"Stretto Donatello, 96",Terzigno,Brescia,00195,IT,Italy,EMEA,Italian,Consumer,Silver,2024-11-23,2024,NEW,False,MDM,2024-11-23 00:00:00,2026-04-17 15:58:45.999672
304f12f4-b653-4e11-9e64-1e5a5adbcf4c,CUST-2024-IT-000286,Giampiero,Peruzzi,Giampiero Peruzzi,Male,1988-06-19,giampiero.peruzzi@protonmail.com,36355059771,"Vicolo Concetta, 60",Rometta Marea,Palermo,10054,IT,Italy,EMEA,Italian,Consumer,Platinum,2024-10-03,2024,NEW,True,MDM,2024-10-03 00:00:00,2026-04-17 15:58:45.999841
20bb0251-5b53-4741-befc-630faa151a52,CUST-2024-IT-000287,Lina,Pagliaro,Lina Pagliaro,Female,2006-08-31,lina.pagliaro@aol.com,+39 33551081482,"Strada Gioffre, 67",Cagnola,Belluno,12042,IT,Italy,EMEA,Italian,Consumer,Gold,2024-06-10,2024,NEW,True,MDM,2024-06-10 00:00:00,2026-04-17 15:58:46.000015
55342c05-21b1-4f09-82d1-c299dd965f07,CUST-2024-IT-000288,Ida,Nosiglia,Ida Nosiglia,Male,1993-05-19,ida.nosiglia@gmx.com,+39 32972564600,"Stretto Amleto, 619 Appartamento 8",Redagno,Brescia,03037,IT,Italy,EMEA,Italian,Consumer,None,2024-02-25,2024,NEW,True,MDM,2024-02-25 00:00:00,2026-04-17 15:58:46.000192
cd8aca6a-5565-4fdd-aebc-4e425fae98b9,CUST-2024-IT-000289,Calogero,Ginese,Calogero Ginese,Female,1967-05-28,calogero.ginese809@protonmail.com,0372134630,"Strada Silvia, 542 Piano 1",Costa De' Nobili,Alessandria,25026,IT,Italy,EMEA,Italian,Consumer,Silver,2024-04-10,2024,NEW,True,MDM,2024-04-10 00:00:00,2026-04-17 15:58:46.000363
9c60dc39-ea39-43ac-8e9d-f163f03710d6,CUST-2024-IT-000290,Ezio,Cherubini,Ezio Cherubini,Female,2000-09-09,ezio.cherubini@icloud.com,+39 3340122316,"Borgo Adriano, 6 Piano 0",Ghezzano,Gorizia,16134,IT,Italy,EMEA,Italian,Consumer,None,2024-08-22,2024,NEW,True,MDM,2024-08-22 00:00:00,2026-04-17 15:58:46.000539
1e17a800-5428-4816-96c6-964c26aab272,CUST-2024-IT-000291,Rita,Tanzini,Rita Tanzini,Male,1954-11-17,rita.tanzini@live.com,+39 058597487,"Strada Gionata, 34 Appartamento 3",Cavazzana,Reggio Calabria,83046,IT,Italy,EMEA,Italian,Consumer,None,2024-06-04,2024,NEW,True,MDM,2024-06-04 00:00:00,2026-04-17 15:58:46.000714
110e0fb3-b3bc-497e-8b62-70a02f8e5283,CUST-2024-IT-000292,Alessandro,Pizzamano,Alessandro Pizzamano,Female,1957-06-25,alessandro.pizzamano@mail.com,+39 05716431801,"Canale Rosina, 620",Selvapiana,Ragusa,98036,IT,Italy,EMEA,Italian,Consumer,Platinum,2024-07-31,2024,NEW,True,MDM,2024-07-31 00:00:00,2026-04-17 15:58:46.000879
a4c5e968-7331-45e4-ab12-9fbcb4784210,CUST-2024-IT-000293,Claudia,Petrassi,Claudia Petrassi,Male,1975-08-22,claudia.petrassi@zoho.com,0824082948,"Borgo Tiziana, 31",Poggio,Sondrio,41053,IT,Italy,EMEA,Italian,Consumer,None,2024-10-16,2024,NEW,True,MDM,2024-10-16 00:00:00,2026-04-17 15:58:46.001050
5ea1af6b-3668-44d9-905d-48f3ac8f4546,CUST-2024-IT-000294,Vincentio,Nugnes,Vincentio Nugnes,Female,1973-03-27,vincentio.nugnes385@aol.com,05194524355,"Strada Sonia, 0 Piano 7",Campotosto,Ascoli Piceno,27053,IT,Italy,EMEA,Italian,Consumer,None,2024-08-22,2024,NEW,True,MDM,2024-08-22 00:00:00,2026-04-17 15:58:46.001221
408a1cdc-8c02-443f-adbe-fdfbf01105dc,CUST-2024-IT-000295,Nedda,Romagnoli,Nedda Romagnoli,Male,2002-01-28,nedda.romagnoli@aol.com,+39 3410968758,"Vicolo Laura, 24",Vallalta,Cosenza,90041,IT,Italy,EMEA,Italian,Consumer,None,2024-08-02,2024,NEW,True,MDM,2024-08-02 00:00:00,2026-04-17 15:58:46.001392
5d1fedb5-7d79-43c4-91e0-65413f92df77,CUST-2024-IT-000296,Edoardo,Gabba,Edoardo Gabba,Male,1953-05-01,edoardo.gabba@zoho.com,+39 0324919540,"Via Leopoldo, 322 Appartamento 59",Fiumelatte,Messina,35014,IT,Italy,EMEA,Italian,Consumer,None,2024-03-10,2024,NEW,True,MDM,2024-03-10 00:00:00,2026-04-17 15:58:46.001559
0c27a3f6-9e0a-4e30-bc68-32b8cee95d26,CUST-2024-IT-000297,Renata,Mattarella,Renata Mattarella,Female,1987-11-26,renata.mattarella@yahoo.com,+39 075748292,"Incrocio Camilleri, 54",Cleto,Matera,95012,IT,Italy,EMEA,Italian,Education,Gold,2024-10-29,2024,NEW,True,MDM,2024-10-29 00:00:00,2026-04-17 15:58:46.001728
8b38e915-6edb-4b87-a731-8311b4299a7a,CUST-2024-IT-000298,Natalia,Draghi,Natalia Draghi,Female,1995-08-13,natalia.draghi873@protonmail.com,+39 3703929638,"Rotonda Vianello, 2 Appartamento 6",Morro,Reggio Emilia,40066,IT,Italy,EMEA,Italian,Consumer,None,2024-07-31,2024,NEW,True,MDM,2024-07-31 00:00:00,2026-04-17 15:58:46.001905
f876fedd-1749-4d10-b2de-1c144a8f5a11,CUST-2024-IT-000299,Hugo,Dossi,Hugo Dossi,Male,1987-03-03,hugo.dossi@gmx.com,0587873307,"Vicolo Stefano, 515 Piano 8",Vito,Novara,19034,IT,Italy,EMEA,Italian,Consumer,None,2024-01-06,2024,NEW,True,MDM,2024-01-06 00:00:00,2026-04-17 15:58:46.002075
5a2c62d4-6a40-43bd-a5ca-999d2b6d5f98,CUST-2024-IT-000300,Orlando,Pedroni,Orlando Pedroni,Male,1997-06-25,orlando.pedroni@live.com,+39 04520241010,"Incrocio Vianello, 930 Appartamento 36",Noale,Olbia-Tempio,66052,IT,Italy,EMEA,Italian,Business,None,2024-02-14,2024,NEW,True,MDM,2024-02-14 00:00:00,2026-04-17 15:58:46.002249
043c7d81-9a80-45ba-a454-7b033c8264ce,CUST-2024-IT-000301,Piergiuseppe,Gilardoni,Piergiuseppe Gilardoni,Female,1953-11-05,piergiuseppe.gilardoni@gmx.com,+39 34833485788,"Stretto Fedele, 74 Appartamento 4",Piazzolo,Lecco,55051,IT,Italy,EMEA,Italian,Consumer,None,2024-03-11,2024,NEW,True,MDM,2024-03-11 00:00:00,2026-04-17 15:58:46.002425
6f402199-e5fb-4649-85c8-c6c19ad9f5ee,CUST-2024-IT-000302,Luciana,Coardi,Luciana Coardi,Male,1956-10-18,luciana.coardi@icloud.com,06175748886,"Via Montalti, 43",Ariano Scalo,Bergamo,28068,IT,Italy,EMEA,Italian,Consumer,None,2024-05-27,2024,NEW,True,MDM,2024-05-27 00:00:00,2026-04-17 15:58:46.002590
b9b9b1a5-2370-4762-885f-2b32c9fadbce,CUST-2024-IT-000303,Arturo,Ceri,Arturo Ceri,Female,1983-05-08,arturo.ceri856@hotmail.com,+39 0934141273,"Vicolo Ernesto, 8 Appartamento 18",Rosano,Livorno,20004,IT,Italy,EMEA,Italian,Education,None,2024-06-15,2024,NEW,True,MDM,2024-06-15 00:00:00,2026-04-17 15:58:46.002763
528432bb-bfcb-4675-aa64-7f5be989a920,CUST-2024-IT-000304,Angelina,Amato,Angelina Amato,Female,1992-05-01,angelina.amato@outlook.com,+39 0721932515,"Vicolo Casaleggio, 36",Rivarolo Canavese,Caltanissetta,83017,IT,Italy,EMEA,Italian,Consumer,Gold,2024-08-15,2024,NEW,True,MDM,2024-08-15 00:00:00,2026-04-17 15:58:46.002928
a840e0cc-61fa-4323-9f66-974fdce0a914,CUST-2024-IT-000305,Paulina,Finzi,Paulina Finzi,Female,1985-06-24,paulina.finzi441@outlook.com,0123712541,"Via Milo, 27",Grassano,Foggia,89014,IT,Italy,EMEA,Italian,Business,None,2024-12-29,2024,NEW,True,MDM,2024-12-29 00:00:00,2026-04-17 15:58:46.003100
db548eaa-54cf-422f-98ae-c824b6aceb97,CUST-2024-IT-000306,Angelo,Cossiga,Angelo Cossiga,Female,1985-07-08,angelo.cossiga@zoho.com,0884713319,"Stretto Odescalchi, 619",Fara In Sabina,Trapani,00149,IT,Italy,EMEA,Italian,Consumer,None,2024-06-23,2024,NEW,True,MDM,2024-06-23 00:00:00,2026-04-17 15:58:46.003264
af2c29ab-76c0-4bea-8f8b-ef84a31bc4e5,CUST-2024-IT-000307,Alessandro,Barillaro,Alessandro Barillaro,Male,1993-12-11,alessandro.barillaro402@mail.com,3755641429,"Vicolo Nicoletta, 5",Accumoli,Bolzano,83037,IT,Italy,EMEA,Italian,Business,None,2024-07-29,2024,NEW,True,MDM,2024-07-29 00:00:00,2026-04-17 15:58:46.003432
c3ab47de-8c13-4db7-af8a-5a3f7121ad42,CUST-2024-IT-000308,Mauro,Farinelli,Mauro Farinelli,Female,2005-03-08,mauro.farinelli@mail.com,043297722,"Contrada Caccioppoli, 7 Appartamento 80",San Martino D'Agri,Pordenone,84074,IT,Italy,EMEA,Italian,Business,None,2024-09-23,2024,NEW,True,MDM,2024-09-23 00:00:00,2026-04-17 15:58:46.003600
19ecba8b-9fca-4f49-8dd5-1cf68d085f7f,CUST-2024-IT-000309,Ottavio,Malatesta,Ottavio Malatesta,Male,1993-06-03,ottavio.malatesta@live.com,0765069303,"Borgo Fischetti, 66",Riva Di Tures,Biella,01019,IT,Italy,EMEA,Italian,Business,Silver,2024-07-11,2024,NEW,True,MDM,2024-07-11 00:00:00,2026-04-17 15:58:46.003765
42511994-4296-4e04-a952-07c775219ae0,CUST-2024-IT-000310,Tina,Crisafulli,Tina Crisafulli,Male,1979-01-08,tina.crisafulli@gmail.com,08548144852,"Incrocio Pigafetta, 11",Montegioco,Salerno,92024,IT,Italy,EMEA,Italian,Consumer,None,2024-12-29,2024,NEW,True,MDM,2024-12-29 00:00:00,2026-04-17 15:58:46.003931
065dd226-8d2c-4fd9-9ff0-c352596c62a7,CUST-2024-IT-000311,Annamaria,Tozzo,Annamaria Tozzo,Female,1960-10-25,annamaria.tozzo@aol.com,+39 37015115128,"Piazza Tina, 61 Appartamento 6",Salvarosa,Campobasso,20089,IT,Italy,EMEA,Italian,Consumer,None,2024-11-14,2024,NEW,True,MDM,2024-11-14 00:00:00,2026-04-17 15:58:46.004099
fbefe1f5-0d4c-4475-b1af-5c796b3d9282,CUST-2024-IT-000312,Giacinto,Polesel,Giacinto Polesel,Male,1965-05-16,giacinto.polesel@gmx.com,346216685,"Via Ermenegildo, 7",Piediripa,Reggio Calabria,65124,IT,Italy,EMEA,Italian,Consumer,Platinum,2024-11-24,2024,NEW,True,MDM,2024-11-24 00:00:00,2026-04-17 15:58:46.004270
9b9b419e-a0aa-45fd-b69c-2821f5d79dbb,CUST-2024-IT-000313,Luciana,Abatantuono,Luciana Abatantuono,Male,1969-05-18,luciana.abatantuono353@icloud.com,0184065554,"Viale Antonio, 738 Appartamento 2",Zambana,Viterbo,87071,IT,Italy,EMEA,Italian,Consumer,Silver,2024-07-07,2024,NEW,True,MDM,2024-07-07 00:00:00,2026-04-17 15:58:46.004446
04ea973d-3801-4cd5-9692-b02623123e60,CUST-2024-IT-000314,Greco,Panzera,Greco Panzera,Female,1986-01-13,greco.panzera692@icloud.com,35123270683,"Vicolo Brenna, 4 Piano 9",Crosa,Barletta-Andria-Trani,20098,IT,Italy,EMEA,Italian,Consumer,None,2024-12-05,2024,NEW,True,MDM,2024-12-05 00:00:00,2026-04-17 15:58:46.004620
814355bc-246b-4227-a940-6986626d049f,CUST-2024-IT-000315,Vincenza,Fallaci,Vincenza Fallaci,Male,1990-06-17,vincenza.fallaci@icloud.com,0382365865,"Canale Rossana, 213",Cumiana,Torino,63832,IT,Italy,EMEA,Italian,Consumer,Gold,2024-03-22,2024,NEW,True,MDM,2024-03-22 00:00:00,2026-04-17 15:58:46.004791
e7326e96-d67a-4d69-9841-c0e24d37a496,CUST-2024-IT-000316,Lidia,Tomasetti,Lidia Tomasetti,Male,2000-09-06,lidia.tomasetti356@outlook.com,+39 0923475132,"Vicolo Lodovico, 814",Cervia,Isernia,13854,IT,Italy,EMEA,Italian,Consumer,None,2024-01-30,2024,NEW,True,MDM,2024-01-30 00:00:00,2026-04-17 15:58:46.004956
04f4ca93-6f01-4597-b0e3-963456dc7439,CUST-2024-IT-000317,Cecilia,Verdone,Cecilia Verdone,Male,1960-02-25,cecilia.verdone@aol.com,+39 3616358404,"Contrada Elena, 1",Buglio In Monte,Catania,24063,IT,Italy,EMEA,Italian,Consumer,None,2024-10-10,2024,NEW,True,MDM,2024-10-10 00:00:00,2026-04-17 15:58:46.005119
05baef8e-2daf-4b94-8c66-c40c940da024,CUST-2024-IT-000318,Torquato,Bernardini,Torquato Bernardini,Female,1962-02-23,torquato.bernardini65@msn.com,+39 08612380153,"Via Cociarelli, 97",Arquata Del Tronto,Oristano,97019,IT,Italy,EMEA,Italian,Consumer,None,2024-05-10,2024,NEW,True,MDM,2024-05-10 00:00:00,2026-04-17 15:58:46.005289
ed6d979c-b5d4-4a6d-85e2-70dc761971ac,CUST-2024-IT-000319,Pasquale,Pareto,Pasquale Pareto,Male,2006-10-28,pasquale.pareto327@icloud.com,+39 01221104518,"Contrada Ignazio, 6 Piano 9",Vas,Roma,00023,IT,Italy,EMEA,Italian,Consumer,None,2024-10-31,2024,NEW,True,MDM,2024-10-31 00:00:00,2026-04-17 15:58:46.005459
ba563572-5611-4607-b030-4cad1d8dda61,CUST-2024-IT-000320,Rembrandt,Riccardi,Rembrandt Riccardi,Male,2007-10-23,rembrandt.riccardi@hotmail.com,+39 39294692571,"Rotonda Vergassola, 353 Piano 0",Torri Di Quartesolo,Enna,28842,IT,Italy,EMEA,Italian,Consumer,None,2024-10-28,2024,NEW,True,MDM,2024-10-28 00:00:00,2026-04-17 15:58:46.005632
e41f9559-b3ac-441d-93c2-c13abc1fabe6,CUST-2024-IT-000321,Vittorio,Seddio,Vittorio Seddio,Male,2002-01-12,vittorio.seddio@gmx.com,+39 3783437593,"Rotonda Nedda, 52",Tre Croci,Lucca,20128,IT,Italy,EMEA,Italian,Consumer,Silver,2024-07-11,2024,NEW,True,MDM,2024-07-11 00:00:00,2026-04-17 15:58:46.005800
7efef00a-340d-4ca5-9e31-62ec24b2b907,CUST-2024-IT-000322,Roberta,Toldo,Roberta Toldo,Male,1981-05-12,roberta.toldo@yahoo.com,+39 04231577102,"Contrada Franscini, 954",Montecorvino Rovella,Parma,80040,IT,Italy,EMEA,Italian,Consumer,Gold,2024-08-04,2024,NEW,False,MDM,2024-08-04 00:00:00,2026-04-17 15:58:46.005964
c3a657b2-53aa-49f2-ac24-3c87d856847c,CUST-2024-IT-000323,Beppe,Staglieno,Beppe Staglieno,Female,1972-10-09,beppe.staglieno@icloud.com,+39 0771709548,"Incrocio Giustino, 2 Appartamento 41",Abbateggio,Rovigo,26029,IT,Italy,EMEA,Italian,Business,None,2024-04-10,2024,NEW,True,MDM,2024-04-10 00:00:00,2026-04-17 15:58:46.006129
99ee3700-957d-4d19-9e23-5aa14d441d67,CUST-2024-IT-000324,Giovanni,Caironi,Giovanni Caironi,Male,2000-10-16,giovanni.caironi220@zoho.com,+39 3505327092,"Viale Vivaldi, 5",Azzano San Paolo,Ancona,89014,IT,Italy,EMEA,Italian,Consumer,None,2024-07-19,2024,NEW,True,MDM,2024-07-19 00:00:00,2026-04-17 15:58:46.006293
94946dac-5c9a-498e-af33-4ec7e70eb133,CUST-2024-IT-000325,Daniele,Moccia,Daniele Moccia,Female,2007-04-21,daniele.moccia249@icloud.com,35191938748,"Via Piersanti, 432 Piano 1",Vasto Marina,Benevento,06081,IT,Italy,EMEA,Italian,Consumer,None,2024-09-16,2024,NEW,True,MDM,2024-09-16 00:00:00,2026-04-17 15:58:46.006461
71b81791-f892-4e31-b5a9-e796a38eea78,CUST-2024-IT-000326,Sebastiano,Bondumier,Sebastiano Bondumier,Female,1959-10-23,sebastiano.bondumier@yahoo.com,016699986,"Vicolo Pasqual, 84 Appartamento 2",Caorle,Varese,10123,IT,Italy,EMEA,Italian,Education,Gold,2024-08-13,2024,NEW,True,MDM,2024-08-13 00:00:00,2026-04-17 15:58:46.006629
7438136d-bd75-4ce2-9192-4e24020f7074,CUST-2024-IT-000327,Gustavo,Rossini,Gustavo Rossini,Female,1983-10-12,gustavo.rossini@protonmail.com,0409428710,"Vicolo Aloisio, 25 Appartamento 18",Cala Di Volpe,Verbano-Cusio-Ossola,71032,IT,Italy,EMEA,Italian,Consumer,Silver,2024-06-02,2024,NEW,True,MDM,2024-06-02 00:00:00,2026-04-17 15:58:46.006864
657d4190-68ae-41d8-9d1b-83b5075e4e7f,CUST-2024-IT-000328,Ottavio,Ferrazzi,Ottavio Ferrazzi,Female,2001-08-23,ottavio.ferrazzi@hotmail.com,+39 3466797801,"Stretto Alessio, 17 Appartamento 7",Cirignano,Gorizia,84076,IT,Italy,EMEA,Italian,Consumer,None,2024-04-23,2024,NEW,True,MDM,2024-04-23 00:00:00,2026-04-17 15:58:46.007128
d4a045f3-5ff3-4a82-96d3-f386a3842d9d,CUST-2024-IT-000329,Lucrezia,Chigi,Lucrezia Chigi,Female,1953-11-03,lucrezia.chigi@gmail.com,+39 046166114,"Via Sraffa, 8 Appartamento 65",Scaffa,Nuoro,26824,IT,Italy,EMEA,Italian,Business,Gold,2024-02-29,2024,NEW,True,MDM,2024-02-29 00:00:00,2026-04-17 15:58:46.007385
9aeaf03d-5c54-4ce6-b0c8-11336c83cac5,CUST-2024-IT-000330,Simonetta,Peranda,Simonetta Peranda,Male,1958-07-29,simonetta.peranda@mail.com,0906205794,"Strada Allegra, 70 Appartamento 6",Isola Della Scala,Ancona,50068,IT,Italy,EMEA,Italian,Business,None,2024-09-10,2024,NEW,True,MDM,2024-09-10 00:00:00,2026-04-17 15:58:46.007556
d06af7e5-01d4-43f3-a017-a5a107eb09c6,CUST-2024-IT-000331,Augusto,Dellucci,Augusto Dellucci,Male,2004-09-15,augusto.dellucci@gmx.com,07932689269,"Strada Pratesi, 38 Piano 3",Comerio,Foggia,21034,IT,Italy,EMEA,Italian,Consumer,None,2024-05-07,2024,NEW,True,MDM,2024-05-07 00:00:00,2026-04-17 15:58:46.007723
76bb1aed-eeb1-462f-8c2d-df00ef25b7cd,CUST-2024-IT-000332,Lando,Pisacane,Lando Pisacane,Male,1982-05-24,lando.pisacane@gmail.com,3364444141,"Incrocio Gagliardi, 0",Riosecco,Reggio Calabria,28016,IT,Italy,EMEA,Italian,Consumer,Silver,2024-05-07,2024,NEW,True,MDM,2024-05-07 00:00:00,2026-04-17 15:58:46.007886
ad19047c-ba3f-4e82-b2af-46380c95e754,CUST-2024-IT-000333,Giulietta,Trapani,Giulietta Trapani,Male,1950-10-10,giulietta.trapani@outlook.com,+39 043172185,"Incrocio Pacelli, 66",Marcaria,Genova,71040,IT,Italy,EMEA,Italian,Education,None,2024-07-21,2024,NEW,True,MDM,2024-07-21 00:00:00,2026-04-17 15:58:46.008050
264aae9e-a493-4733-b9f0-95b71ecb7b25,CUST-2024-IT-000334,Serena,Capone,Serena Capone,Female,1983-10-24,serena.capone@mail.com,0961334530,"Borgo Fornaciari, 8 Piano 0",Mongrando,Foggia,12013,IT,Italy,EMEA,Italian,Consumer,Platinum,2024-08-18,2024,NEW,True,MDM,2024-08-18 00:00:00,2026-04-17 15:58:46.008217
7da6a3dc-871f-4565-b4fe-7d38cc95ada5,CUST-2024-IT-000335,Chiara,Colletti,Chiara Colletti,Female,1967-03-17,chiara.colletti500@icloud.com,352003797,"Strada Beatrice, 880 Piano 5",Fontana Pradosa,Trieste,72013,IT,Italy,EMEA,Italian,Consumer,None,2024-10-27,2024,NEW,True,MDM,2024-10-27 00:00:00,2026-04-17 15:58:46.008385
b8c3b56f-0d4a-4004-959a-df3f5bda436c,CUST-2024-IT-000336,Ugo,Nievo,Ugo Nievo,Female,1967-11-29,ugo.nievo26@protonmail.com,07754186985,"Incrocio Modiano, 9 Appartamento 4",Colcellalto,Napoli,19034,IT,Italy,EMEA,Italian,Business,None,2024-06-09,2024,NEW,True,MDM,2024-06-09 00:00:00,2026-04-17 15:58:46.008604
6d5201ca-70b1-4ad1-bdc0-7031674be989,CUST-2024-IT-000337,Elladio,Oliboni,Elladio Oliboni,Female,2007-11-18,elladio.oliboni862@gmx.com,+39 04241934170,"Viale Galiazzo, 92 Piano 1",Canetra Di Castel Sant'Angelo,Oristano,40121,IT,Italy,EMEA,Italian,Consumer,Silver,2024-09-25,2024,NEW,True,MDM,2024-09-25 00:00:00,2026-04-17 15:58:46.008811
0d504c67-7d25-4f4c-95df-e7c3df320eda,CUST-2024-IT-000338,Antonietta,Ferragni,Antonietta Ferragni,Female,2005-03-31,antonietta.ferragni@protonmail.com,0376950299,"Incrocio Nadia, 1",Frosinone,Monza e della Brianza,55100,IT,Italy,EMEA,Italian,Consumer,Gold,2024-08-14,2024,NEW,True,MDM,2024-08-14 00:00:00,2026-04-17 15:58:46.008996
1f691a09-61fd-4c36-9d2f-5cc1befc0e81,CUST-2024-IT-000339,Lidia,Bodoni,Lidia Bodoni,Female,1995-12-06,lidia.bodoni@mail.com,+39 01221293902,"Piazza Tonia, 2",Chiavenna,Aosta,37047,IT,Italy,EMEA,Italian,Business,None,2024-08-26,2024,NEW,True,MDM,2024-08-26 00:00:00,2026-04-17 15:58:46.009176
c2f208a4-a644-41c9-8417-ec48477bb754,CUST-2024-IT-000340,Luciana,Ricolfi,Luciana Ricolfi,Female,1968-12-27,luciana.ricolfi@zoho.com,+39 020945653,"Viale Tornatore, 9 Appartamento 12",Campo Ligure,Vibo Valentia,07044,IT,Italy,EMEA,Italian,Education,Silver,2024-09-20,2024,NEW,False,MDM,2024-09-20 00:00:00,2026-04-17 15:58:46.009358
8439fd48-6e78-47f0-a724-1291cde6768a,CUST-2024-IT-000341,Victoria,Ottino,Victoria Ottino,Female,1973-12-02,victoria.ottino@live.com,+39 036551578,"Via Nitti, 41",San Lazzaro Di Savena,Rieti,85010,IT,Italy,EMEA,Italian,Business,None,2024-08-21,2024,NEW,True,MDM,2024-08-21 00:00:00,2026-04-17 15:58:46.009536
5716d9a5-4101-41b3-a7dc-1705d4fe816e,CUST-2024-IT-000342,Coluccio,Matteotti,Coluccio Matteotti,Female,2000-01-01,coluccio.matteotti@aol.com,3757906176,"Incrocio Micca, 54",Scoppito,Cuneo,42019,IT,Italy,EMEA,Italian,Education,Silver,2024-09-15,2024,NEW,True,MDM,2024-09-15 00:00:00,2026-04-17 15:58:46.009714
39325d3d-61da-4f90-9108-97a7ca7fabd3,CUST-2024-IT-000343,Ramona,Legnante,Ramona Legnante,Female,1976-08-26,ramona.legnante@yahoo.com,32837451139,"Piazza Sabatino, 23",Trassilico,Rimini,03024,IT,Italy,EMEA,Italian,Consumer,None,2024-06-15,2024,NEW,True,MDM,2024-06-15 00:00:00,2026-04-17 15:58:46.009887
f4950ede-7bf5-4964-9853-82b0d48b5777,CUST-2024-IT-000344,Fulvio,Zaccagnini,Fulvio Zaccagnini,Male,1965-03-06,fulvio.zaccagnini@live.com,+39 0395220339,"Piazza Fabio, 586",Carzago Riviera,Venezia,34077,IT,Italy,EMEA,Italian,Consumer,Gold,2024-08-30,2024,NEW,True,MDM,2024-08-30 00:00:00,2026-04-17 15:58:46.010062
9176c408-b0b5-418c-b55d-fa59d20e487f,CUST-2024-IT-000345,Nanni,Montesano,Nanni Montesano,Female,1953-09-06,nanni.montesano@aol.com,05711866455,"Via Goffredo, 35",Bassano In Teverina,Campobasso,58034,IT,Italy,EMEA,Italian,Consumer,Silver,2024-03-28,2024,NEW,True,MDM,2024-03-28 00:00:00,2026-04-17 15:58:46.010236
911ebc9a-d51f-4f98-9d0f-3c5a2c98b912,CUST-2024-IT-000346,Elvira,Brenna,Elvira Brenna,Male,1963-05-08,elvira.brenna@outlook.com,+39 37010419574,"Via Donatella, 7 Piano 7",Massama,Trento,12087,IT,Italy,EMEA,Italian,Consumer,None,2024-07-31,2024,NEW,True,MDM,2024-07-31 00:00:00,2026-04-17 15:58:46.010411
ea5dd7b0-9b99-490e-897a-05379335a66e,CUST-2024-IT-000347,Luigi,Rismondo,Luigi Rismondo,Male,1965-03-25,luigi.rismondo@icloud.com,+39 0183431537,"Viale Severino, 1",Corana,Ogliastra,89064,IT,Italy,EMEA,Italian,Consumer,None,2024-11-05,2024,NEW,True,MDM,2024-11-05 00:00:00,2026-04-17 15:58:46.010581
d01e1916-de1b-44d3-be85-a5e56e2725be,CUST-2024-IT-000348,Panfilo,Ferrucci,Panfilo Ferrucci,Female,1995-05-19,panfilo.ferrucci@hotmail.com,+39 3339137480,"Contrada Patrizia, 897",Pimonte,Pisa,13893,IT,Italy,EMEA,Italian,Consumer,None,2024-09-27,2024,NEW,True,MDM,2024-09-27 00:00:00,2026-04-17 15:58:46.010753
cbdf0a50-2007-4bb3-8ac5-40c534d1150e,CUST-2024-IT-000349,Raffaele,Beccaria,Raffaele Beccaria,Female,1975-07-01,raffaele.beccaria@mail.com,0503386855,"Viale Camicione, 6 Appartamento 15",Percha,Massa-Carrara,00055,IT,Italy,EMEA,Italian,Consumer,Silver,2024-05-09,2024,NEW,True,MDM,2024-05-09 00:00:00,2026-04-17 15:58:46.010928
630cc937-b098-4514-aed6-593ce314ade1,CUST-2024-IT-000350,Sebastiano,Guariento,Sebastiano Guariento,Male,1950-05-13,sebastiano.guariento822@mail.com,05181435835,"Contrada Finetti, 0",Forno Di Omegna,Brescia,15043,IT,Italy,EMEA,Italian,Consumer,None,2024-05-13,2024,NEW,True,MDM,2024-05-13 00:00:00,2026-04-17 15:58:46.011100
d26b0590-0ab8-4920-9d71-4c92c596e494,CUST-2024-IT-000351,Victoria,Crespi,Victoria Crespi,Male,1969-06-02,victoria.crespi@icloud.com,3367781975,"Canale Giada, 71",Carmignanello,Reggio Emilia,92013,IT,Italy,EMEA,Italian,Consumer,None,2024-01-21,2024,NEW,True,MDM,2024-01-21 00:00:00,2026-04-17 15:58:46.011270
db7b219e-6a1f-4c99-b1b1-45bafb8fcd51,CUST-2024-IT-000352,Hugo,Virgilio,Hugo Virgilio,Male,1950-10-25,hugo.virgilio@gmail.com,07839943140,"Incrocio Toldo, 8 Appartamento 12",San Pier Niceto,Isernia,07038,IT,Italy,EMEA,Italian,Business,Gold,2024-02-29,2024,NEW,True,MDM,2024-02-29 00:00:00,2026-04-17 15:58:46.011449
2f6505f9-2346-45f8-a67a-9daf0d211863,CUST-2024-IT-000353,Gastone,Solari,Gastone Solari,Female,1971-02-20,gastone.solari@zoho.com,+39 0165811910,"Canale Gaetano, 56",Montefredane,Firenze,63834,IT,Italy,EMEA,Italian,Consumer,Platinum,2024-11-14,2024,NEW,True,MDM,2024-11-14 00:00:00,2026-04-17 15:58:46.011619
6fd803b5-9230-4f84-afdb-5f809964927b,CUST-2024-IT-000354,Atenulf,Piccio,Atenulf Piccio,Male,1984-05-06,atenulf.piccio@protonmail.com,+39 3886141513,"Contrada Tedesco, 3 Piano 5",Sant'Egidio Alla Vibrata,Bologna,20128,IT,Italy,EMEA,Italian,Consumer,Silver,2024-09-14,2024,NEW,True,MDM,2024-09-14 00:00:00,2026-04-17 15:58:46.011798
815b8e74-b45f-479e-a0cb-ea099c7f5242,CUST-2024-IT-000355,Victoria,Amato,Victoria Amato,Male,2003-12-28,victoria.amato248@gmail.com,3505720087,"Stretto Leone, 15",Canischio,Potenza,12081,IT,Italy,EMEA,Italian,Consumer,None,2024-07-05,2024,NEW,True,MDM,2024-07-05 00:00:00,2026-04-17 15:58:46.011968
300567ab-b8c5-4972-b099-91092de4c088,CUST-2024-IT-000356,Coriolano,Draghi,Coriolano Draghi,Female,1990-03-25,coriolano.draghi212@hotmail.com,+39 35119511278,"Piazza Durante, 467 Appartamento 25",Pedona,Pescara,10054,IT,Italy,EMEA,Italian,Consumer,Platinum,2024-02-29,2024,NEW,False,MDM,2024-02-29 00:00:00,2026-04-17 15:58:46.012144
4a60dda3-33dc-4d04-9627-905d45cad0f5,CUST-2024-IT-000357,Tonino,Vianello,Tonino Vianello,Male,1997-10-15,tonino.vianello92@icloud.com,3610504865,"Strada Bonolis, 0",San Vero Milis,Salerno,20051,IT,Italy,EMEA,Italian,Business,Silver,2024-10-11,2024,NEW,False,MDM,2024-10-11 00:00:00,2026-04-17 15:58:46.012313
4ec81b23-2613-4b11-98eb-b31e303cd685,CUST-2024-IT-000358,Giuseppe,Guariento,Giuseppe Guariento,Female,1997-03-27,giuseppe.guariento@live.com,0825108508,"Borgo Eugenia, 3",Cancello Ed Arnone,Catania,27033,IT,Italy,EMEA,Italian,Business,None,2024-07-05,2024,NEW,True,MDM,2024-07-05 00:00:00,2026-04-17 15:58:46.012483
6ce96c7f-0335-48f0-b938-385326ce725c,CUST-2024-IT-000359,Lazzaro,Toscanini,Lazzaro Toscanini,Male,1954-04-19,lazzaro.toscanini@mail.com,351546937,"Piazza Barcella, 42 Appartamento 0",Civate,Piacenza,10132,IT,Italy,EMEA,Italian,Consumer,None,2024-07-05,2024,NEW,False,MDM,2024-07-05 00:00:00,2026-04-17 15:58:46.012657
91a5097c-d01d-44b2-bbd3-7f67aef02a7a,CUST-2024-IT-000360,Rodolfo,Fioravanti,Rodolfo Fioravanti,Female,1997-11-15,rodolfo.fioravanti@yahoo.com,+39 37764053391,"Contrada Rizzoli, 349 Piano 0",Fossamerlo,Ascoli Piceno,84044,IT,Italy,EMEA,Italian,Consumer,None,2024-10-13,2024,NEW,True,MDM,2024-10-13 00:00:00,2026-04-17 15:58:46.012833
7839440e-f781-4d9c-82f7-c0cb06d48626,CUST-2024-IT-000361,Gelsomina,Grifeo,Gelsomina Grifeo,Female,1956-05-31,gelsomina.grifeo@aol.com,0372227067,"Incrocio Rolando, 82",Sassatella,Sassari,37136,IT,Italy,EMEA,Italian,Consumer,None,2024-08-25,2024,NEW,False,MDM,2024-08-25 00:00:00,2026-04-17 15:58:46.013015
